timestamp,cpu_energy_kwh,gpu_energy_kwh,total_energy_kwh,tasks_scheduled,sla_violations,avg_sla_slack,cluster_cpu_util,cluster_gpu_util
0.0,0.000000,0.000000,0.000000,1,0,0.00,0.1875,0.0125
427061.0,151.695626,348.766483,500.462109,2,0,0.00,0.1406,0.0250
1558381.0,570.048334,1357.526817,1927.575151,3,0,0.00,0.1563,0.0375
2690044.0,996.779591,2451.467717,3448.247307,4,0,0.00,0.1406,0.0500
2758084.0,1023.428591,2522.342717,3545.771307,5,0,0.00,0.1875,0.0625
2759674.0,1024.089986,2523.998967,3548.088953,6,0,0.00,0.2125,0.0625
3019330.0,1133.361886,2813.948167,3947.310053,7,0,0.00,0.2250,0.0750
3019932.0,1133.624007,2814.665550,3948.289557,8,0,0.00,0.2625,0.0875
4130198.0,1633.243707,4221.002483,5854.246191,9,0,0.00,0.2500,0.1000
4975773.0,2026.083759,5355.482275,7381.566034,10,0,0.00,0.2813,0.1125
5182092.0,2125.947886,5647.767525,7773.715411,11,0,0.00,0.2768,0.1250
6394537.0,2721.645690,7456.331317,10177.977007,12,0,0.00,0.2902,0.1375
6588193.0,2818.675415,7759.725717,10578.401132,13,0,0.00,0.2695,0.1500
6976821.0,3017.172564,8397.723350,11414.895914,14,0,0.00,0.2852,0.1625
8387257.0,3764.997485,10818.971817,14583.969301,15,0,0.00,0.3164,0.1750
8396307.0,3769.971842,10835.186400,14605.158242,16,0,0.00,0.3477,0.1875
8962274.0,4103.067004,11849.210608,15952.277612,17,0,0.00,0.4102,0.1875
9437497.0,4405.856658,12700.651817,17106.508475,18,0,0.00,0.5820,0.1875
9476974.0,4431.009539,12774.342217,17205.351755,19,0,0.00,0.5938,0.2000
9664050.0,4552.024326,13137.581450,17689.605776,20,0,0.00,0.6094,0.2125
9664123.0,4552.072258,13137.728667,17689.800924,21,0,0.00,0.6250,0.2250
9671707.0,4557.051891,13153.591867,17710.643758,22,0,0.00,0.6406,0.2375
9679175.0,4561.991662,13169.772533,17731.764195,23,0,0.00,0.6484,0.2500
9766837.0,4620.828692,13366.281517,17987.110208,24,0,0.00,0.6719,0.2625
9818766.0,4656.692157,13486.583700,18143.275857,25,0,0.00,0.7031,0.2750
9823530.0,4660.005453,13497.977600,18157.983053,26,0,0.00,0.7109,0.2875
9924220.0,4731.991811,13746.346267,18478.338077,27,0,0.00,0.6597,0.3000
9941376.0,4744.257159,13789.951100,18534.208259,28,0,0.00,0.6615,0.3125
9949982.0,4750.577191,13812.470133,18563.047324,29,0,0.00,0.6892,0.3250
9955274.0,4754.489228,13826.714433,18581.203661,30,0,0.00,0.6266,0.3375
9957349.0,4756.023143,13832.455267,18588.478410,31,0,0.00,0.6516,0.3500
9961302.0,4758.945343,13843.688375,18602.633718,32,0,0.00,0.6766,0.3625
9963454.0,4760.536180,13849.965042,18610.501221,33,0,0.00,0.6859,0.3750
9965463.0,4762.021305,13855.975300,18617.996605,34,0,0.00,0.6906,0.3875
9965619.0,4762.139659,13856.453700,18618.593359,35,0,0.00,0.7156,0.4000
9967058.0,4763.259381,13860.974558,18624.233939,36,0,0.00,0.7406,0.4125
9967204.0,4763.373519,13861.444192,18624.817711,37,0,0.00,0.7453,0.4250
9970479.0,4765.997499,13872.224400,18638.221899,38,0,0.00,0.7703,0.4375
9973579.0,4768.496336,13882.661067,18651.157403,39,0,0.00,0.7766,0.4500
9973948.0,4768.795572,13883.931042,18652.726614,40,0,0.00,0.7828,0.4625
9974338.0,4769.115630,13885.302542,18654.418171,41,0,0.00,0.7953,0.4750
9976185.0,4770.631388,13891.936350,18662.567738,42,0,0.00,0.8000,0.4875
9977555.0,4771.760687,13896.959683,18668.720370,43,0,0.00,0.8047,0.5000
9980855.0,4774.504957,13909.307183,18683.812141,44,0,0.00,0.8141,0.5125
9983856.0,4777.011522,13920.761000,18697.772522,45,0,0.00,0.8188,0.5250
9985207.0,4778.139935,13926.018642,18704.158577,46,0,0.00,0.8234,0.5375
9989432.0,4781.684241,13942.777808,18724.462049,47,0,0.00,0.8281,0.5500
9989615.0,4781.838425,13943.517433,18725.355858,48,0,0.00,0.8328,0.5625
9992086.0,4783.944352,13953.504392,18737.448743,49,0,0.00,0.8453,0.5625
9992086.0,4783.944352,13953.504392,18737.448743,50,0,0.00,0.8578,0.5625
9992104.0,4783.959998,13953.577142,18737.537140,51,0,0.00,0.8703,0.5625
9993395.0,4785.088503,13958.891758,18743.980261,52,0,0.00,0.8766,0.5750
9993396.0,4785.089377,13958.895950,18743.985327,53,0,0.00,0.8828,0.5875
9993753.0,4785.406648,13960.419150,18745.825798,54,0,0.00,0.9016,0.6000
9997763.0,4788.970397,13977.829233,18766.799630,55,0,0.00,0.9078,0.6125
9999611.0,4790.619480,13985.991233,18776.610713,56,0,0.00,0.9125,0.6250
9999740.0,4790.736476,13986.570658,18777.307134,57,0,0.00,0.9313,0.6375
9999867.0,4790.852121,13987.150625,18778.002746,58,0,0.00,0.9359,0.6500
10000483.0,4791.419033,13990.009892,18781.428925,59,0,0.00,0.9484,0.6625
10000836.0,4791.744761,13991.674875,18783.419636,60,0,0.00,0.9656,0.6750
10000884.0,4791.789053,13991.901275,18783.690328,61,0,0.00,0.9781,0.6750
10001573.0,4792.427335,13995.202733,18787.630068,62,0,0.00,0.9828,0.6875
10001854.0,4792.690724,13996.570267,18789.260990,63,0,0.00,1.0016,0.7000
10002519.0,4793.326976,13999.856475,18793.183451,64,0,0.00,1.0266,0.7125
10002813.0,4793.612555,14001.331375,18794.943930,65,0,0.00,1.0453,0.7250
10003114.0,4793.904932,14002.863967,18796.768899,66,0,0.00,1.0641,0.7375
10004799.0,4795.549855,14011.569800,18807.119655,67,0,0.00,1.0703,0.7500
10005625.0,4796.359220,14015.899417,18812.258637,68,0,0.00,1.0750,0.7625
10008375.0,4799.063864,14030.520250,18829.584114,69,0,0.00,1.0797,0.7750
10009087.0,4799.766717,14034.359117,18834.125834,70,0,0.00,1.0844,0.7875
10009222.0,4799.899983,14035.097117,18834.997099,71,0,0.00,1.1125,0.8000
10011081.0,4801.748655,14045.399075,18847.147730,72,0,0.00,1.1406,0.8125
10011177.0,4801.844122,14045.938275,18847.782397,73,0,0.00,1.1453,0.8250
10011398.0,4802.068191,14047.196133,18849.264324,74,0,0.00,1.1703,0.8375
10011759.0,4802.437715,14049.277900,18851.715615,75,0,0.00,1.1828,0.8500
10013436.0,4804.168577,14059.074375,18863.242952,76,0,0.00,1.2078,0.8625
10013677.0,4804.417317,14060.500292,18864.917609,77,0,0.00,1.2125,0.8750
10013797.0,4804.541171,14061.219292,18865.760463,78,0,0.00,1.2375,0.8875
10014736.0,4805.519459,14066.915892,18872.435351,79,0,0.00,1.2500,0.9000
10014814.0,4805.600723,14067.394942,18872.995664,80,0,0.00,1.2594,0.9125
10014946.0,4805.738887,14068.215542,18873.954429,81,0,0.00,1.2656,0.9250
10015701.0,4806.536487,14072.965750,18879.502237,82,0,0.00,1.2781,0.9375
10015833.0,4806.676416,14073.806150,18880.482566,83,0,0.00,1.2844,0.9500
10016935.0,4807.849970,14080.904867,18888.754836,84,0,0.00,1.2906,0.9625
10017162.0,4808.092537,14082.384150,18890.476687,85,0,0.00,1.2953,0.9750
10017643.0,4808.612952,14085.554742,18894.167694,86,0,0.00,1.3125,0.9875
10017811.0,4808.795535,14086.674742,18895.470277,87,0,0.00,1.3188,1.0000
10018219.0,4809.238952,14089.394742,18898.633694,88,0,0.00,1.3234,1.0000
10018378.0,4809.411754,14090.454742,18899.866496,89,0,0.00,1.3281,1.0000
10018598.0,4809.650851,14091.921408,18901.572260,90,0,0.00,1.3406,1.0000
10018784.0,4809.852997,14093.161408,18903.014405,91,0,0.00,1.3453,1.0000
10019718.0,4810.868073,14099.388075,18910.256148,92,0,0.00,1.3734,1.0000
10019860.0,4811.022400,14100.334742,18911.357141,93,0,0.00,1.3797,1.0000
10020315.0,4811.516896,14103.368075,18914.884971,94,0,0.00,1.3922,1.0000
10020698.0,4811.933143,14105.921408,18917.854551,95,0,0.00,1.3969,1.0000
10022793.0,4814.210001,14119.888075,18934.098076,96,0,0.00,1.4156,1.0000
10024695.0,4816.277105,14132.568075,18948.845180,97,0,0.00,1.4281,1.0000
10024890.0,4816.489032,14133.868075,18950.357107,98,0,0.00,1.4328,1.0000
10025530.0,4817.184587,14138.134742,18955.319329,99,0,0.00,1.4375,1.0000
10027236.0,4819.038678,14149.508075,18968.546753,100,0,0.00,1.4438,1.0000
10027236.0,4819.038678,14149.508075,18968.546753,101,0,0.00,1.4500,1.0000
10027446.0,4819.266907,14150.908075,18970.174982,102,0,0.00,1.4688,1.0000
10027539.0,4819.367980,14151.528075,18970.896055,103,0,0.00,1.4813,1.0000
10027911.0,4819.772271,14154.008075,18973.780346,104,0,0.00,1.4875,1.0000
10028213.0,4820.100487,14156.021408,18976.121895,105,0,0.00,1.4922,1.0000
10028677.0,4820.604764,14159.114742,18979.719506,106,0,0.00,1.4969,1.0000
10029041.0,4821.000362,14161.541408,18982.541770,107,0,0.00,1.5016,1.0000
10030787.0,4822.897924,14173.181408,18996.079332,108,0,0.00,1.5063,1.0000
10030840.0,4822.955525,14173.534742,18996.490266,109,0,0.00,1.5109,1.0000
10032059.0,4824.280341,14181.661408,19005.941749,110,0,0.00,1.5250,1.0000
10032623.0,4824.893299,14185.421408,19010.314707,111,0,0.00,1.5297,1.0000
10032792.0,4825.076969,14186.548075,19011.625044,112,0,0.00,1.5344,1.0000
10033656.0,4826.015969,14192.308075,19018.324044,113,0,0.00,1.5531,1.0000
10033713.0,4826.077917,14192.688075,19018.765992,114,0,0.00,1.5625,1.0000
10033926.0,4826.309407,14194.108075,19020.417482,115,0,0.00,1.5750,1.0000
10034479.0,4826.910410,14197.794742,19024.705152,116,0,0.00,1.5797,1.0000
10034615.0,4827.058216,14198.701408,19025.759624,117,0,0.00,1.7172,1.0000
10035396.0,4827.907011,14203.908075,19031.815086,118,0,0.00,1.7359,1.0000
10036115.0,4828.688424,14208.701408,19037.389832,119,0,0.00,1.7547,1.0000
10036187.0,4828.766674,14209.181408,19037.948082,120,0,0.00,1.7594,1.0000
10036552.0,4829.163358,14211.614742,19040.778100,121,0,0.00,1.7656,1.0000
10036751.0,4829.379632,14212.941408,19042.321041,122,0,0.00,1.7703,1.0000
10036875.0,4829.514396,14213.768075,19043.282471,123,0,0.00,1.7750,1.0000
10037662.0,4830.369712,14219.014742,19049.384454,124,0,0.00,1.7797,1.0000
10037976.0,4830.710969,14221.108075,19051.819044,125,0,0.00,1.7984,1.0000
10038341.0,4831.107653,14223.541408,19054.649062,126,0,0.00,1.8047,1.0000
10039366.0,4832.221629,14230.374742,19062.596371,127,0,0.00,1.8172,1.0000
10039428.0,4832.289011,14230.788075,19063.077086,128,0,0.00,1.8297,1.0000
10039573.0,4832.446598,14231.754742,19064.201339,129,0,0.00,1.8359,1.0000
10039634.0,4832.512893,14232.161408,19064.674301,130,0,0.00,1.8641,1.0000
10039873.0,4832.772639,14233.754742,19066.527381,131,0,0.00,1.8766,1.0000
10040570.0,4833.530143,14238.401408,19071.931551,132,0,0.00,1.8891,1.0000
10040740.0,4833.714900,14239.534742,19073.249641,133,0,0.00,1.9016,1.0000
10041157.0,4834.168098,14242.314742,19076.482839,134,0,0.00,1.9141,1.0000
10041292.0,4834.314816,14243.214742,19077.529558,135,0,0.00,1.9188,1.0000
10041344.0,4834.371330,14243.561408,19077.932739,136,0,0.00,1.9234,1.0000
10041954.0,4835.034282,14247.628075,19082.662357,137,0,0.00,1.9281,1.0000
10042650.0,4835.790698,14252.268075,19088.058773,138,0,0.00,1.9406,1.0000
10043265.0,4836.459084,14256.368075,19092.827159,139,0,0.00,1.9688,1.0000
10046254.0,4839.707546,14276.294742,19116.002287,140,0,0.00,1.9875,1.0000
10046254.0,4839.707546,14276.294742,19116.002287,141,0,0.00,1.9969,1.0000
10047020.0,4840.540039,14281.401408,19121.941447,142,0,0.00,2.0016,1.0000
10047038.0,4840.559601,14281.521408,19122.081010,143,0,0.00,2.0063,1.0000
10047603.0,4841.173646,14285.288075,19126.461721,144,0,0.00,2.0109,1.0000
10049677.0,4843.427681,14299.114742,19142.542423,145,0,0.00,2.0297,1.0000
10050573.0,4844.401459,14305.088075,19149.489534,146,0,0.00,2.0359,1.0000
10051156.0,4845.035066,14308.974742,19154.009808,147,0,0.00,2.0406,1.0000
10051357.0,4845.253514,14310.314742,19155.568256,148,0,0.00,2.0656,1.0000
10052128.0,4846.091441,14315.454742,19161.546183,149,0,0.00,2.0703,1.0000
10052438.0,4846.428351,14317.521408,19163.949760,150,0,0.00,2.0953,1.0000
10052820.0,4846.843511,14320.068075,19166.911586,151,0,0.00,2.1234,1.0000
10053065.0,4847.109778,14321.701408,19168.811187,152,0,0.00,2.1359,1.0000
10053622.0,4847.715129,14325.414742,19173.129871,153,0,0.00,2.1406,1.0000
10054239.0,4848.385688,14329.528075,19177.913763,154,0,0.00,2.1656,1.0000
10055123.0,4849.346424,14335.421408,19184.767832,155,0,0.00,2.1703,1.0000
10056973.0,4851.357014,14347.754742,19199.111756,156,0,0.00,2.1797,1.0000
10057657.0,4852.100389,14352.314742,19204.415131,157,0,0.00,2.1844,1.0000
10058979.0,4853.537146,14361.128075,19214.665221,158,0,0.00,2.1891,1.0000
10059143.0,4853.715382,14362.221408,19215.936791,159,0,0.00,2.2016,1.0000
10059169.0,4853.743639,14362.394742,19216.138381,160,0,0.00,2.2063,1.0000
10059451.0,4854.050119,14364.274742,19218.324860,161,0,0.00,2.2125,1.0000
10059776.0,4854.403330,14366.441408,19220.844739,162,0,0.00,2.2172,1.0000
10059888.0,4854.525053,14367.188075,19221.713128,163,0,0.00,2.2219,1.0000
10060370.0,4855.048893,14370.401408,19225.450301,164,0,0.00,2.2281,1.0000
10060714.0,4855.422754,14372.694742,19228.117496,165,0,0.00,2.2375,1.0000
10060718.0,4855.427101,14372.721408,19228.148510,166,0,0.00,2.2500,1.0000
10061136.0,4855.881386,14375.508075,19231.389461,167,0,0.00,2.2688,1.0000
10062602.0,4857.474643,14385.281408,19242.756051,168,0,0.00,2.2750,1.0000
10065188.0,4860.285122,14402.521408,19262.806530,169,0,0.00,2.2797,1.0000
10065461.0,4860.581820,14404.341408,19264.923228,170,0,0.00,2.2844,1.0000
10066995.0,4862.248980,14414.568075,19276.817055,171,0,0.00,2.2891,1.0000
10068089.0,4863.437945,14421.861408,19285.299353,172,0,0.00,2.2938,1.0000
10071515.0,4867.161341,14444.701408,19311.862749,173,0,0.00,2.3063,1.0000
10072956.0,4868.727428,14454.308075,19323.035503,174,0,0.00,2.3250,1.0000
10072977.0,4868.750251,14454.448075,19323.198326,175,0,0.00,2.3500,1.0000
10073827.0,4869.674035,14460.114742,19329.788777,176,0,0.00,2.3547,1.0000
10075751.0,4871.765049,14472.941408,19344.706457,177,0,0.00,2.3594,1.0000
10076540.0,4872.622539,14478.201408,19350.823947,178,0,0.00,2.3641,1.0000
10076597.0,4872.684487,14478.581408,19351.265895,179,0,0.00,2.3688,1.0000
10077065.0,4873.193112,14481.701408,19354.894520,180,0,0.00,2.3750,1.0000
10077174.0,4873.311573,14482.428075,19355.739648,181,0,0.00,2.3797,1.0000
10078477.0,4874.740349,14491.114742,19365.855091,182,0,0.00,2.3922,1.0000
10079174.0,4875.504629,14495.761408,19371.266037,183,0,0.00,2.3969,1.0000
10079912.0,4876.313866,14500.681408,19376.995275,184,0,0.00,2.4016,1.0000
10081543.0,4878.102303,14511.554742,19389.657045,185,0,0.00,2.4141,1.0000
10082034.0,4878.640698,14514.828075,19393.468773,186,0,0.00,2.4188,1.0000
10082398.0,4879.039835,14517.254742,19396.294576,187,0,0.00,2.4250,1.0000
10084139.0,4880.948889,14528.861408,19409.810298,188,0,0.00,2.4313,1.0000
10084399.0,4881.233987,14530.594742,19411.828728,189,0,0.00,2.4438,1.0000
10086450.0,4883.482965,14544.268075,19427.751040,190,0,0.00,2.4484,1.0000
10087455.0,4884.584976,14550.968075,19435.553051,191,0,0.00,2.4531,1.0000
10087711.0,4884.865687,14552.674742,19437.540428,192,0,0.00,2.4703,1.0000
10087754.0,4884.912837,14552.961408,19437.874246,193,0,0.00,2.4750,1.0000
10087849.0,4885.017007,14553.594742,19438.611749,194,0,0.00,2.4922,1.0000
10088207.0,4885.409564,14555.981408,19441.390973,195,0,0.00,2.4984,1.0000
10088963.0,4886.238539,14561.021408,19447.259948,196,0,0.00,2.5172,1.0000
10089624.0,4886.963344,14565.428075,19452.391419,197,0,0.00,2.5219,1.0000
10089802.0,4887.158526,14566.614742,19453.773268,198,0,0.00,2.5500,1.0000
10090200.0,4887.594944,14569.268075,19456.863019,199,0,0.00,2.5563,1.0000
10090303.0,4887.707887,14569.954742,19457.662628,200,0,0.00,2.5609,1.0000
10090557.0,4887.986405,14571.648075,19459.634480,201,0,0.00,2.5781,1.0000
10090801.0,4888.253957,14573.274742,19461.528699,202,0,0.00,2.6063,1.0000
10091052.0,4888.529186,14574.948075,19463.477261,203,0,0.00,2.6125,1.0000
10091074.0,4888.553310,14575.094742,19463.648051,204,0,0.00,2.6172,1.0000
10091866.0,4889.421760,14580.374742,19469.796501,205,0,0.00,2.6344,1.0000
10091963.0,4889.528123,14581.021408,19470.549531,206,0,0.00,2.6469,1.0000
10093366.0,4891.066551,14590.374742,19481.441293,207,0,0.00,2.6531,1.0000
10093458.0,4891.167432,14590.988075,19482.155507,208,0,0.00,2.6578,1.0000
10094677.0,4892.504099,14599.114742,19491.618841,209,0,0.00,2.6703,1.0000
10095374.0,4893.268379,14603.761408,19497.029787,210,0,0.00,2.6750,1.0000
10096044.0,4894.003053,14608.228075,19502.231128,211,0,0.00,2.6813,1.0000
10096319.0,4894.304598,14610.061408,19504.366006,212,0,0.00,2.6859,1.0000
10096985.0,4895.034885,14614.501408,19509.536294,213,0,0.00,2.7031,1.0000
10097319.0,4895.401126,14616.728075,19512.129201,214,0,0.00,2.7281,1.0000
10098174.0,4896.338657,14622.428075,19518.766732,215,0,0.00,2.7531,1.0000
10099853.0,4898.179727,14633.621408,19531.801135,216,0,0.00,2.7813,1.0000
10101508.0,4899.994480,14644.654742,19544.649222,217,0,0.00,2.7859,1.0000
10101656.0,4900.156766,14645.641408,19545.798175,218,0,0.00,2.7906,1.0000
10101831.0,4900.348659,14646.808075,19547.156734,219,0,0.00,2.8078,1.0000
10102468.0,4901.047147,14651.054742,19552.101889,220,0,0.00,2.8125,1.0000
10102699.0,4901.300445,14652.594742,19553.895187,221,0,0.00,2.8172,1.0000
10103062.0,4901.698485,14655.014742,19556.713226,222,0,0.00,2.8297,1.0000
10103067.0,4901.703967,14655.048075,19556.752042,223,0,0.00,2.8422,1.0000
10103070.0,4901.707257,14655.068075,19556.775332,224,0,0.00,2.8547,1.0000
10103080.0,4901.718222,14655.134742,19556.852964,225,0,0.00,2.8672,1.0000
10103554.0,4902.237976,14658.294742,19560.532718,226,0,0.00,2.8859,1.0000
10103657.0,4902.350919,14658.981408,19561.332327,227,0,0.00,2.8922,1.0000
10103830.0,4902.540618,14660.134742,19562.675360,228,0,0.00,2.9047,1.0000
10104296.0,4903.051600,14663.241408,19566.293008,229,0,0.00,2.9234,1.0000
10104920.0,4903.735833,14667.401408,19571.137241,230,0,0.00,2.9359,1.0000
10105081.0,4903.912374,14668.474742,19572.387116,231,0,0.00,2.9531,1.0000
10105616.0,4904.499016,14672.041408,19576.540425,232,0,0.00,2.9578,1.0000
10106099.0,4905.028639,14675.261408,19580.290048,233,0,0.00,2.9625,1.0000
10106214.0,4905.154740,14676.028075,19581.182815,234,0,0.00,2.9672,1.0000
10106404.0,4905.363080,14677.294742,19582.657822,235,0,0.00,2.9719,1.0000
10106593.0,4905.571473,14678.554742,19584.126214,236,0,0.00,2.9844,1.0000
10106755.0,4905.750094,14679.634742,19585.384836,237,0,0.00,2.9891,1.0000
10107108.0,4906.139314,14681.988075,19588.127389,238,0,0.00,2.9938,1.0000
10107156.0,4906.192239,14682.308075,19588.500314,239,0,0.00,2.9984,1.0000
10107360.0,4906.417170,14683.668075,19590.085245,240,0,0.00,3.0047,1.0000
10107678.0,4906.767798,14685.788075,19592.555873,241,0,0.00,3.0094,1.0000
10107700.0,4906.792055,14685.934742,19592.726797,242,0,0.00,3.0156,1.0000
10108119.0,4907.254047,14688.728075,19595.982122,243,0,0.00,3.0281,1.0000
10108195.0,4907.337844,14689.234742,19596.572586,244,0,0.00,3.0563,1.0000
10108262.0,4907.411719,14689.681408,19597.093127,245,0,0.00,3.0609,1.0000
10108896.0,4908.110770,14693.908075,19602.018845,246,0,0.00,3.0734,1.0000
10110007.0,4909.335763,14701.314742,19610.650505,247,0,0.00,3.0922,1.0000
10110007.0,4909.335763,14701.314742,19610.650505,248,0,0.00,3.1063,1.0000
10110042.0,4909.374354,14701.548075,19610.922429,249,0,0.00,3.1203,1.0000
10110515.0,4909.895886,14704.701408,19614.597294,250,0,0.00,3.1391,1.0000
10110888.0,4910.307157,14707.188075,19617.495232,251,0,0.00,3.1453,1.0000
10112199.0,4911.752672,14715.928075,19627.680747,252,0,0.00,3.1703,1.0000
10112326.0,4911.892702,14716.774742,19628.667444,253,0,0.00,3.1750,1.0000
10112685.0,4912.288537,14719.168075,19631.456612,254,0,0.00,3.1813,1.0000
10112996.0,4912.631447,14721.241408,19633.872855,255,0,0.00,3.1859,1.0000
10113134.0,4912.783606,14722.161408,19634.945015,256,0,0.00,3.2047,1.0000
10113347.0,4913.018461,14723.581408,19636.599869,257,0,0.00,3.2234,1.0000
10114193.0,4913.951264,14729.221408,19643.172673,258,0,0.00,3.2359,1.0000
10114274.0,4914.040575,14729.761408,19643.801984,259,0,0.00,3.2406,1.0000
10114302.0,4914.071448,14729.948075,19644.019523,260,0,0.00,3.2594,1.0000
10115077.0,4914.925966,14735.114742,19650.040708,261,0,0.00,3.2719,1.0000
10117363.0,4917.446519,14750.354742,19667.801261,262,0,0.00,3.2969,1.0000
10118303.0,4918.482967,14756.621408,19675.104376,263,0,0.00,3.3141,1.0000
10118657.0,4918.873289,14758.981408,19677.854698,264,0,0.00,3.3391,1.0000
10119177.0,4919.446643,14762.448075,19681.894718,265,0,0.00,3.3672,1.0000
10119674.0,4919.994638,14765.761408,19685.756046,266,0,0.00,3.3859,1.0000
10119716.0,4920.040947,14766.041408,19686.082355,267,0,0.00,3.4047,1.0000
10119805.0,4920.139079,14766.634742,19686.773820,268,0,0.00,3.4234,1.0000
10119881.0,4920.222877,14767.141408,19687.364285,269,0,0.00,3.4359,1.0000
10121149.0,4921.620979,14775.594742,19697.215720,270,0,0.00,3.4422,1.0000
10121200.0,4921.677212,14775.934742,19697.611953,271,0,0.00,3.4547,1.0000
10122873.0,4923.521868,14787.088075,19710.609943,272,0,0.00,3.4641,1.0000
10122912.0,4923.564870,14787.348075,19710.912945,273,0,0.00,3.4813,1.0000
10122958.0,4923.615590,14787.654742,19711.270331,274,0,0.00,3.4859,1.0000
10122966.0,4923.624411,14787.708075,19711.332486,275,0,0.00,3.5031,1.0000
10123048.0,4923.714824,14788.254742,19711.969566,276,0,0.00,3.5203,1.0000
10123058.0,4923.725850,14788.321408,19712.047259,277,0,0.00,3.5375,1.0000
10123064.0,4923.732466,14788.361408,19712.093874,278,0,0.00,3.5547,1.0000
10123510.0,4924.224227,14791.334742,19715.558969,279,0,0.00,3.5563,1.0000
10123536.0,4924.252895,14791.508075,19715.760970,280,0,0.00,3.5609,1.0000
10123839.0,4924.586984,14793.528075,19718.115059,281,0,0.00,3.5734,1.0000
10125159.0,4926.042422,14802.328075,19728.370497,282,0,0.00,3.5859,1.0000
10125279.0,4926.174734,14803.128075,19729.302809,283,0,0.00,3.5906,1.0000
10126505.0,4927.526527,14811.301408,19738.827935,284,0,0.00,3.6078,1.0000
10127058.0,4928.136267,14814.988075,19743.124342,285,0,0.00,3.6125,1.0000
10127814.0,4928.969836,14820.028075,19748.997911,286,0,0.00,3.6172,1.0000
10128880.0,4930.145212,14827.134742,19757.279953,287,0,0.00,3.6422,1.0000
10129654.0,4930.998627,14832.294742,19763.293369,288,0,0.00,3.6609,1.0000
10130831.0,4932.296392,14840.141408,19772.437801,289,0,0.00,3.6656,1.0000
10131649.0,4933.198323,14845.594742,19778.793064,290,0,0.00,3.6703,1.0000
10131993.0,4933.577618,14847.888075,19781.465693,291,0,0.00,3.6750,1.0000
10132682.0,4934.337313,14852.481408,19786.818721,292,0,0.00,3.6797,1.0000
10132818.0,4934.487267,14853.388075,19787.875342,293,0,0.00,3.6844,1.0000
10133439.0,4935.171984,14857.528075,19792.700059,294,0,0.00,3.7094,1.0000
10133558.0,4935.303194,14858.321408,19793.624602,295,0,0.00,3.7219,1.0000
10133995.0,4935.785032,14861.234742,19797.019774,296,0,0.00,3.7266,1.0000
10134129.0,4935.932781,14862.128075,19798.060856,297,0,0.00,3.7313,1.0000
10134157.0,4935.963654,14862.314742,19798.278395,298,0,0.00,3.8688,1.0000
10134400.0,4936.231587,14863.934742,19800.166328,299,0,0.00,3.8938,1.0000
10134541.0,4936.387054,14864.874742,19801.261795,300,0,0.00,3.8984,1.0000
10135536.0,4937.484145,14871.508075,19808.992220,301,0,0.00,3.9172,1.0000
10136146.0,4938.156734,14875.574742,19813.731475,302,0,0.00,3.9219,1.0000
10136410.0,4938.447821,14877.334742,19815.782563,303,0,0.00,3.9266,1.0000
10137416.0,4939.557041,14884.041408,19823.598449,304,0,0.00,3.9328,1.0000
10138838.0,4941.124944,14893.521408,19834.646352,305,0,0.00,3.9578,1.0000
10139183.0,4941.505342,14895.821408,19837.326751,306,0,0.00,3.9625,1.0000
10139527.0,4941.884638,14898.114742,19839.999380,307,0,0.00,3.9906,1.0000
10139540.0,4941.898972,14898.201408,19840.100380,308,0,0.00,4.0188,1.0000
10141076.0,4943.592572,14908.441408,19852.033980,309,0,0.00,4.0234,1.0000
10142678.0,4945.358944,14919.121408,19864.480352,310,0,0.00,4.0359,1.0000
10143373.0,4946.125254,14923.754742,19869.879995,311,0,0.00,4.0453,1.0000
10145120.0,4948.051503,14935.401408,19883.452912,312,0,0.00,4.0500,1.0000
10145223.0,4948.165072,14936.088075,19884.253147,313,0,0.00,4.0547,1.0000
10145321.0,4948.273127,14936.741408,19885.014535,314,0,0.00,4.0734,1.0000
10145662.0,4948.649115,14939.014742,19887.663856,315,0,0.00,4.0859,1.0000
10145872.0,4948.880662,14940.414742,19889.295403,316,0,0.00,4.0906,1.0000
10146322.0,4949.376834,14943.414742,19892.791575,317,0,0.00,4.0953,1.0000
10150141.0,4953.587679,14968.874742,19922.462420,318,0,0.00,4.1000,1.0000
10150356.0,4953.824739,14970.308075,19924.132814,319,0,0.00,4.1094,1.0000
10152278.0,4955.943944,14983.121408,19939.065352,320,0,0.00,4.1219,1.0000
10153572.0,4957.370714,14991.748075,19949.118789,321,0,0.00,4.1281,1.0000
10153654.0,4957.461127,14992.294742,19949.755869,322,0,0.00,4.1469,1.0000
10157405.0,4961.596995,15017.301408,19978.898404,323,0,0.00,4.1516,1.0000
10160855.0,4965.400980,15040.301408,20005.702388,324,0,0.00,4.1563,1.0000
10164141.0,4969.024137,15062.208075,20031.232212,325,0,0.00,4.1688,1.0000
10164277.0,4969.174091,15063.114742,20032.288833,326,0,0.00,4.1750,1.0000
10164565.0,4969.491641,15065.034742,20034.526383,327,0,0.00,4.1875,1.0000
10164623.0,4969.555592,15065.421408,20034.977001,328,0,0.00,4.1922,1.0000
10164722.0,4969.664750,15066.081408,20035.746159,329,0,0.00,4.1984,1.0000
10164859.0,4969.815807,15066.994742,20036.810549,330,0,0.00,4.2109,1.0000
10165064.0,4970.041841,15068.361408,20038.403249,331,0,0.00,4.2156,1.0000
10165173.0,4970.162025,15069.088075,20039.250100,332,0,0.00,4.2250,1.0000
10166412.0,4971.528151,15077.348075,20048.876226,333,0,0.00,4.2297,1.0000
10166484.0,4971.607539,15077.828075,20049.435614,334,0,0.00,4.2344,1.0000
10167716.0,4972.965947,15086.041408,20059.007355,335,0,0.00,4.2391,1.0000
10168027.0,4973.308857,15088.114742,20061.423599,336,0,0.00,4.2453,1.0000
10168347.0,4973.661690,15090.248075,20063.909765,337,0,0.00,4.2500,1.0000
10168366.0,4973.682640,15090.374742,20064.057381,338,0,0.00,4.2750,1.0000
10168713.0,4974.065243,15092.688075,20066.753318,339,0,0.00,4.2844,1.0000
10169200.0,4974.602212,15095.934742,20070.536953,340,0,0.00,4.2969,1.0000
10169375.0,4974.795167,15097.101408,20071.896576,341,0,0.00,4.3016,1.0000
10172374.0,4978.101877,15117.094742,20095.196619,342,0,0.00,4.3188,1.0000
10173573.0,4979.423900,15125.088075,20104.511975,343,0,0.00,4.3422,1.0000
10173649.0,4979.507698,15125.594742,20105.102439,344,0,0.00,4.3469,1.0000
10174699.0,4980.665432,15132.594742,20113.260174,345,0,0.00,4.3594,1.0000
10174703.0,4980.669842,15132.621408,20113.291251,346,0,0.00,4.3828,1.0000
10174773.0,4980.747025,15133.088075,20113.835100,347,0,0.00,4.3922,1.0000
10174834.0,4980.814284,15133.494742,20114.309025,348,0,0.00,4.4016,1.0000
10174996.0,4980.992905,15134.574742,20115.567647,349,0,0.00,4.4078,1.0000
10175575.0,4981.631313,15138.434742,20120.066055,350,0,0.00,4.4141,1.0000
10175763.0,4981.838603,15139.688075,20121.526678,351,0,0.00,4.4188,1.0000
10175948.0,4982.042585,15140.921408,20122.963993,352,0,0.00,4.4375,1.0000
10176577.0,4982.736123,15145.114742,20127.850864,353,0,0.00,4.4625,1.0000
10176964.0,4983.162830,15147.694742,20130.857572,354,0,0.00,4.4688,1.0000
10177954.0,4984.254409,15154.294742,20138.549150,355,0,0.00,4.4781,1.0000
10178628.0,4984.997564,15158.788075,20143.785639,356,0,0.00,4.4953,1.0000
10178651.0,4985.022924,15158.941408,20143.964332,357,0,0.00,4.5000,1.0000
10178696.0,4985.072541,15159.241408,20144.313949,358,0,0.00,4.5125,1.0000
10178857.0,4985.250060,15160.314742,20145.564802,359,0,0.00,4.6500,1.0000
10179719.0,4986.200505,15166.061408,20152.261913,360,0,0.00,4.6547,1.0000
10180259.0,4986.795911,15169.661408,20156.457319,361,0,0.00,4.6609,1.0000
10180270.0,4986.808040,15169.734742,20156.542781,362,0,0.00,4.6781,1.0000
10180454.0,4987.010919,15170.961408,20157.972327,363,0,0.00,4.6844,1.0000
10180841.0,4987.437627,15173.541408,20160.979035,364,0,0.00,4.6891,1.0000
10181257.0,4987.896310,15176.314742,20164.211052,365,0,0.00,4.6984,1.0000
10181304.0,4987.948132,15176.628075,20164.576207,366,0,0.00,4.7156,1.0000
10181710.0,4988.395790,15179.334742,20167.730531,367,0,0.00,4.7203,1.0000
10182641.0,4989.422314,15185.541408,20174.963723,368,0,0.00,4.7328,1.0000
10183836.0,4990.739926,15193.508075,20184.248001,369,0,0.00,4.7375,1.0000
10184106.0,4991.037629,15195.308075,20186.345704,370,0,0.00,4.7609,1.0000
10184155.0,4991.091657,15195.634742,20186.726399,371,0,0.00,4.7844,1.0000
10185253.0,4992.302316,15202.954742,20195.257058,372,0,0.00,4.7891,1.0000
10185984.0,4993.108320,15207.828075,20200.936395,373,0,0.00,4.7938,1.0000
10186713.0,4993.912118,15212.688075,20206.600193,374,0,0.00,4.8063,1.0000
10187075.0,4994.311261,15215.101408,20209.412669,375,0,0.00,4.8188,1.0000
10188200.0,4995.551691,15222.601408,20218.153099,376,0,0.00,4.8234,1.0000
10188246.0,4995.602411,15222.908075,20218.510486,377,0,0.00,4.8516,1.0000
10188685.0,4996.086454,15225.834742,20221.921195,378,0,0.00,4.8766,1.0000
10189447.0,4996.926638,15230.914742,20227.841380,379,0,0.00,4.8938,1.0000
10189534.0,4997.022565,15231.494742,20228.517306,380,0,0.00,4.9031,1.0000
10191093.0,4998.741525,15241.888075,20240.629600,381,0,0.00,4.9219,1.0000
10191770.0,4999.487988,15246.401408,20245.889396,382,0,0.00,4.9344,1.0000
10192232.0,4999.997391,15249.481408,20249.478799,383,0,0.00,4.9469,1.0000
10192336.0,5000.112062,15250.174742,20250.286803,384,0,0.00,4.9594,1.0000
10192477.0,5000.267529,15251.114742,20251.382270,385,0,0.00,4.9641,1.0000
10192642.0,5000.449459,15252.214742,20252.664200,386,0,0.00,4.9828,1.0000
10192889.0,5000.721802,15253.861408,20254.583210,387,0,0.00,5.0000,1.0000
10192901.0,5000.735033,15253.941408,20254.676441,388,0,0.00,5.0172,1.0000
10192962.0,5000.802292,15254.348075,20255.150367,389,0,0.00,5.0297,1.0000
10193027.0,5000.873961,15254.781408,20255.655369,390,0,0.00,5.0359,1.0000
10193066.0,5000.917294,15255.041408,20255.958703,391,0,0.00,5.0547,1.0000
10193568.0,5001.475072,15258.388075,20259.863147,392,0,0.00,5.0828,1.0000
10194497.0,5002.507294,15264.581408,20267.088703,393,0,0.00,5.0891,1.0000
10195056.0,5003.128406,15268.308075,20271.436481,394,0,0.00,5.1078,1.0000
10195438.0,5003.552850,15270.854742,20274.407592,395,0,0.00,5.1344,1.0000
10195440.0,5003.555072,15270.868075,20274.423147,396,0,0.00,5.1531,1.0000
10195608.0,5003.741739,15271.988075,20275.729814,397,0,0.00,5.1719,1.0000
10195689.0,5003.831739,15272.528075,20276.359814,398,0,0.00,5.1906,1.0000
10196373.0,5004.591739,15277.088075,20281.679814,399,0,0.00,5.2094,1.0000
10196386.0,5004.606183,15277.174742,20281.780925,400,0,0.00,5.2266,1.0000
10196392.0,5004.612850,15277.214742,20281.827592,401,0,0.00,5.2438,1.0000
10196397.0,5004.618406,15277.248075,20281.866481,402,0,0.00,5.2609,1.0000
10196546.0,5004.783961,15278.241408,20283.025369,403,0,0.00,5.2781,1.0000
10196555.0,5004.793961,15278.301408,20283.095369,404,0,0.00,5.2969,1.0000
10196738.0,5004.997294,15279.521408,20284.518703,405,0,0.00,5.3156,1.0000
10196789.0,5005.053961,15279.861408,20284.915369,406,0,0.00,5.3203,1.0000
10196808.0,5005.075072,15279.988075,20285.063147,407,0,0.00,5.3344,1.0000
10197068.0,5005.363961,15281.721408,20287.085369,408,0,0.00,5.3516,1.0000
10197275.0,5005.593961,15283.101408,20288.695369,409,0,0.00,5.3703,1.0000
10197421.0,5005.756183,15284.074742,20289.830925,410,0,0.00,5.3891,1.0000
10197607.0,5005.962850,15285.314742,20291.277592,411,0,0.00,5.3938,1.0000
10198109.0,5006.520628,15288.661408,20295.182036,412,0,0.00,5.4063,1.0000
10198200.0,5006.621739,15289.268075,20295.889814,413,0,0.00,5.4125,1.0000
10198508.0,5006.963961,15291.321408,20298.285369,414,0,0.00,5.4297,1.0000
10198596.0,5007.061739,15291.908075,20298.969814,415,0,0.00,5.4344,1.0000
10198648.0,5007.119517,15292.254742,20299.374258,416,0,0.00,5.4406,1.0000
10198800.0,5007.288406,15293.268075,20300.556481,417,0,0.00,5.4578,1.0000
10198987.0,5007.496183,15294.514742,20302.010925,418,0,0.00,5.4641,1.0000
10199241.0,5007.778406,15296.208075,20303.986481,419,0,0.00,5.4688,1.0000
10199343.0,5007.891739,15296.888075,20304.779814,420,0,0.00,5.4750,1.0000
10199889.0,5008.498406,15300.528075,20309.026481,421,0,0.00,5.4797,1.0000
10199909.0,5008.520628,15300.661408,20309.182036,422,0,0.00,5.4859,1.0000
10200098.0,5008.730628,15301.921408,20310.652036,423,0,0.00,5.4953,1.0000
10200592.0,5009.279517,15305.214742,20314.494258,424,0,0.00,5.5234,1.0000
10200734.0,5009.437294,15306.161408,20315.598703,425,0,0.00,5.5422,1.0000
10200798.0,5009.508406,15306.588075,20316.096481,426,0,0.00,5.5484,1.0000
10200882.0,5009.601739,15307.148075,20316.749814,427,0,0.00,5.5609,1.0000
10201063.0,5009.802850,15308.354742,20318.157592,428,0,0.00,5.5656,1.0000
10201360.0,5010.132850,15310.334742,20320.467592,429,0,0.00,5.5703,1.0000
10201724.0,5010.537294,15312.761408,20323.298703,430,0,0.00,5.5828,1.0000
10201799.0,5010.620628,15313.261408,20323.882036,431,0,0.00,5.5875,1.0000
10202555.0,5011.460628,15318.301408,20329.762036,432,0,0.00,5.5969,1.0000
10203067.0,5012.029517,15321.714742,20333.744258,433,0,0.00,5.6250,1.0000
10203558.0,5012.575072,15324.988075,20337.563147,434,0,0.00,5.6375,1.0000
10203567.0,5012.585072,15325.048075,20337.633147,435,0,0.00,5.6500,1.0000
10203650.0,5012.677294,15325.601408,20338.278703,436,0,0.00,5.6547,1.0000
10203864.0,5012.915072,15327.028075,20339.943147,437,0,0.00,5.6609,1.0000
10203963.0,5013.025072,15327.688075,20340.713147,438,0,0.00,5.6781,1.0000
10204220.0,5013.310628,15329.401408,20342.712036,439,0,0.00,5.6844,1.0000
10204481.0,5013.600628,15331.141408,20344.742036,440,0,0.00,5.6906,1.0000
10204608.0,5013.741739,15331.988075,20345.729814,441,0,0.00,5.6969,1.0000
10204958.0,5014.130628,15334.321408,20348.452036,442,0,0.00,5.7219,1.0000
10205784.0,5015.048406,15339.828075,20354.876481,443,0,0.00,5.7344,1.0000
10206323.0,5015.647294,15343.421408,20359.068703,444,0,0.00,5.7406,1.0000
10206679.0,5016.042850,15345.794742,20361.837592,445,0,0.00,5.7594,1.0000
10206725.0,5016.093961,15346.101408,20362.195369,446,0,0.00,5.7766,1.0000
10207027.0,5016.429517,15348.114742,20364.544258,447,0,0.00,5.8016,1.0000
10207773.0,5017.258406,15353.088075,20370.346481,448,0,0.00,5.8141,1.0000
10207852.0,5017.346183,15353.614742,20370.960925,449,0,0.00,5.8188,1.0000
10208156.0,5017.683961,15355.641408,20373.325369,450,0,0.00,5.8234,1.0000
10208723.0,5018.313961,15359.421408,20377.735369,451,0,0.00,5.8406,1.0000
10208961.0,5018.578406,15361.008075,20379.586481,452,0,0.00,5.8578,1.0000
10209700.0,5019.399517,15365.934742,20385.334258,453,0,0.00,5.8641,1.0000
10209742.0,5019.446183,15366.214742,20385.660925,454,0,0.00,5.8828,1.0000
10209881.0,5019.600628,15367.141408,20386.742036,455,0,0.00,5.8953,1.0000
10209881.0,5019.600628,15367.141408,20386.742036,456,0,0.00,5.9078,1.0000
10209987.0,5019.718406,15367.848075,20387.566481,457,0,0.00,5.9125,1.0000
10210514.0,5020.303961,15371.361408,20391.665369,458,0,0.00,5.9172,1.0000
10210900.0,5020.732850,15373.934742,20394.667592,459,0,0.00,5.9219,1.0000
10210977.0,5020.818406,15374.448075,20395.266481,460,0,0.00,5.9266,1.0000
10211166.0,5021.028406,15375.708075,20396.736481,461,0,0.00,5.9313,1.0000
10211442.0,5021.335072,15377.548075,20398.883147,462,0,0.00,5.9484,1.0000
10211861.0,5021.800628,15380.341408,20402.142036,463,0,0.00,5.9625,1.0000
10211972.0,5021.923961,15381.081408,20403.005369,464,0,0.00,5.9688,1.0000
10212039.0,5021.998406,15381.528075,20403.526481,465,0,0.00,5.9734,1.0000
10212048.0,5022.008406,15381.588075,20403.596481,466,0,0.00,5.9781,1.0000
10212372.0,5022.368406,15383.748075,20406.116481,467,0,0.00,5.9828,1.0000
10212413.0,5022.413961,15384.021408,20406.435369,468,0,0.00,5.9875,1.0000
10212621.0,5022.645072,15385.408075,20408.053147,469,0,0.00,5.9938,1.0000
10212626.0,5022.650628,15385.441408,20408.092036,470,0,0.00,5.9984,1.0000
10212828.0,5022.875072,15386.788075,20409.663147,471,0,0.00,6.0219,1.0000
10212954.0,5023.015072,15387.628075,20410.643147,472,0,0.00,6.0266,1.0000
10212968.0,5023.030628,15387.721408,20410.752036,473,0,0.00,6.0313,1.0000
10213190.0,5023.277294,15389.201408,20412.478703,474,0,0.00,6.0547,1.0000
10213497.0,5023.618406,15391.248075,20414.866481,475,0,0.00,6.0594,1.0000
10213546.0,5023.672850,15391.574742,20415.247592,476,0,0.00,6.0766,1.0000
10213708.0,5023.852850,15392.654742,20416.507592,477,0,0.00,6.0813,1.0000
10213806.0,5023.961739,15393.308075,20417.269814,478,0,0.00,6.1094,1.0000
10214358.0,5024.575072,15396.988075,20421.563147,479,0,0.00,6.1266,1.0000
10214440.0,5024.666183,15397.534742,20422.200925,480,0,0.00,6.1438,1.0000
10214507.0,5024.740628,15397.981408,20422.722036,481,0,0.00,6.1484,1.0000
10214575.0,5024.816183,15398.434742,20423.250925,482,0,0.00,6.1531,1.0000
10216472.0,5026.923961,15411.081408,20438.005369,483,0,0.00,6.1781,1.0000
10216775.0,5027.260628,15413.101408,20440.362036,484,0,0.00,6.1828,1.0000
10217437.0,5027.996183,15417.514742,20445.510925,485,0,0.00,6.2203,1.0000
10217925.0,5028.538406,15420.768075,20449.306481,486,0,0.00,6.2344,1.0000
10217925.0,5028.538406,15420.768075,20449.306481,487,0,0.00,6.2484,1.0000
10217931.0,5028.545072,15420.808075,20449.353147,488,0,0.00,6.2625,1.0000
10218490.0,5029.166183,15424.534742,20453.700925,489,0,0.00,6.2672,1.0000
10219969.0,5030.809517,15434.394742,20465.204258,490,0,0.00,6.2797,1.0000
10220673.0,5031.591739,15439.088075,20470.679814,491,0,0.00,6.2891,1.0000
10221884.0,5032.937294,15447.161408,20480.098703,492,0,0.00,6.2938,1.0000
10223133.0,5034.325072,15455.488075,20489.813147,493,0,0.00,6.3125,1.0000
10223139.0,5034.331739,15455.528075,20489.859814,494,0,0.00,6.3188,1.0000
10223622.0,5034.868406,15458.748075,20493.616481,495,0,0.00,6.3250,1.0000
10223679.0,5034.931739,15459.128075,20494.059814,496,0,0.00,6.3313,1.0000
10224392.0,5035.723961,15463.881408,20499.605369,497,0,0.00,6.3375,1.0000
10224738.0,5036.108406,15466.188075,20502.296481,498,0,0.00,6.3422,1.0000
10225414.0,5036.859517,15470.694742,20507.554258,499,0,0.00,6.3547,1.0000
10232587.0,5044.829517,15518.514742,20563.344258,500,0,0.00,6.3594,1.0000
10232803.0,5045.069517,15519.954742,20565.024258,501,0,0.00,6.3656,1.0000
10232974.0,5045.259517,15521.094742,20566.354258,502,0,0.00,6.3750,1.0000
10233819.0,5046.198406,15526.728075,20572.926481,503,0,0.00,6.3797,1.0000
10233991.0,5046.389517,15527.874742,20574.264258,504,0,0.00,6.3844,1.0000
10234226.0,5046.650628,15529.441408,20576.092036,505,0,0.00,6.4016,1.0000
10234994.0,5047.503961,15534.561408,20582.065369,506,0,0.00,6.4391,1.0000
10235081.0,5047.600628,15535.141408,20582.742036,507,0,0.00,6.4516,1.0000
10235553.0,5048.125072,15538.288075,20586.413147,508,0,0.00,6.4641,1.0000
10236016.0,5048.639517,15541.374742,20590.014258,509,0,0.00,6.5016,1.0000
10237589.0,5050.387294,15551.861408,20602.248703,510,0,0.00,6.5141,1.0000
10237776.0,5050.595072,15553.108075,20603.703147,511,0,0.00,6.5328,1.0000
10237776.0,5050.595072,15553.108075,20603.703147,512,0,0.00,6.5516,1.0000
10240480.0,5053.599517,15571.134742,20624.734258,513,0,0.00,6.5766,1.0000
10243457.0,5056.907294,15590.981408,20647.888703,514,0,0.00,6.5813,1.0000
10243762.0,5057.246183,15593.014742,20650.260925,515,0,0.00,6.5859,1.0000
10244313.0,5057.858406,15596.688075,20654.546481,516,0,0.00,6.5953,1.0000
10245093.0,5058.725072,15601.888075,20660.613147,517,0,0.00,6.6047,1.0000
10247114.0,5060.970628,15615.361408,20676.332036,518,0,0.00,6.6094,1.0000
10247202.0,5061.068406,15615.948075,20677.016481,519,0,0.00,6.6156,1.0000
10247867.0,5061.807294,15620.381408,20682.188703,520,0,0.00,6.6281,1.0000
10248468.0,5062.475072,15624.388075,20686.863147,521,0,0.00,6.6406,1.0000
10248939.0,5062.998406,15627.528075,20690.526481,522,0,0.00,6.6531,1.0000
10250349.0,5064.565072,15636.928075,20701.493147,523,0,0.00,6.6594,1.0000
10250498.0,5064.730628,15637.921408,20702.652036,524,0,0.00,6.6703,1.0000
10250736.0,5064.995072,15639.508075,20704.503147,525,0,0.00,6.6766,1.0000
10252397.0,5066.840628,15650.581408,20717.422036,526,0,0.00,6.6813,1.0000
10253468.0,5068.030628,15657.721408,20725.752036,527,0,0.00,6.7000,1.0000
10254758.0,5069.463961,15666.321408,20735.785369,528,0,0.00,6.7047,1.0000
10255346.0,5070.117294,15670.241408,20740.358703,529,0,0.00,6.7219,1.0000
10255420.0,5070.199517,15670.734742,20740.934258,530,0,0.00,6.7344,1.0000
10256013.0,5070.858406,15674.688075,20745.546481,531,0,0.00,6.7531,1.0000
10256133.0,5070.991739,15675.488075,20746.479814,532,0,0.00,6.7719,1.0000
10256855.0,5071.793961,15680.301408,20752.095369,533,0,0.00,6.7906,1.0000
10256862.0,5071.801739,15680.348075,20752.149814,534,0,0.00,6.8031,1.0000
10257764.0,5072.803961,15686.361408,20759.165369,535,0,0.00,6.8156,1.0000
10257967.0,5073.029517,15687.714742,20760.744258,536,0,0.00,6.8203,1.0000
10258602.0,5073.735072,15691.948075,20765.683147,537,0,0.00,6.8250,1.0000
10259147.0,5074.340628,15695.581408,20769.922036,538,0,0.00,6.8422,1.0000
10259693.0,5074.947294,15699.221408,20774.168703,539,0,0.00,6.8469,1.0000
10260104.0,5075.403961,15701.961408,20777.365369,540,0,0.00,6.8516,1.0000
10260162.0,5075.468406,15702.348075,20777.816481,541,0,0.00,6.8688,1.0000
10260165.0,5075.471739,15702.368075,20777.839814,542,0,0.00,6.8734,1.0000
10260217.0,5075.529517,15702.714742,20778.244258,543,0,0.00,6.8781,1.0000
10260412.0,5075.746183,15704.014742,20779.760925,544,0,0.00,6.8844,1.0000
10260448.0,5075.786183,15704.254742,20780.040925,545,0,0.00,6.8969,1.0000
10260477.0,5075.818406,15704.448075,20780.266481,546,0,0.00,6.9016,1.0000
10260513.0,5075.858406,15704.688075,20780.546481,547,0,0.00,6.9109,1.0000
10260574.0,5075.926183,15705.094742,20781.020925,548,0,0.00,6.9484,1.0000
10260773.0,5076.147294,15706.421408,20782.568703,549,0,0.00,6.9547,1.0000
10260845.0,5076.227294,15706.901408,20783.128703,550,0,0.00,6.9688,1.0000
10260976.0,5076.372850,15707.774742,20784.147592,551,0,0.00,6.9750,1.0000
10261103.0,5076.513961,15708.621408,20785.135369,552,0,0.00,6.9891,1.0000
10261187.0,5076.607294,15709.181408,20785.788703,553,0,0.00,7.0031,1.0000
10261340.0,5076.777294,15710.201408,20786.978703,554,0,0.00,7.0094,1.0000
10261372.0,5076.812850,15710.414742,20787.227592,555,0,0.00,7.0156,1.0000
10261514.0,5076.970628,15711.361408,20788.332036,556,0,0.00,7.0203,1.0000
10261661.0,5077.133961,15712.341408,20789.475369,557,0,0.00,7.0250,1.0000
10261763.0,5077.247294,15713.021408,20790.268703,558,0,0.00,7.0422,1.0000
10262406.0,5077.961739,15717.308075,20795.269814,559,0,0.00,7.0484,1.0000
10262527.0,5078.096183,15718.114742,20796.210925,560,0,0.00,7.0547,1.0000
10262679.0,5078.265072,15719.128075,20797.393147,561,0,0.00,7.0797,1.0000
10263507.0,5079.185072,15724.648075,20803.833147,562,0,0.00,7.0859,1.0000
10263618.0,5079.308406,15725.388075,20804.696481,563,0,0.00,7.0906,1.0000
10263824.0,5079.537294,15726.761408,20806.298703,564,0,0.00,7.0953,1.0000
10263869.0,5079.587294,15727.061408,20806.648703,565,0,0.00,7.1000,1.0000
10263993.0,5079.725072,15727.888075,20807.613147,566,0,0.00,7.1047,1.0000
10264830.0,5080.655072,15733.468075,20814.123147,567,0,0.00,7.1094,1.0000
10265011.0,5080.856183,15734.674742,20815.530925,568,0,0.00,7.1266,1.0000
10265140.0,5080.999517,15735.534742,20816.534258,569,0,0.00,7.1391,1.0000
10265185.0,5081.049517,15735.834742,20816.884258,570,0,0.00,7.1766,1.0000
10265558.0,5081.463961,15738.321408,20819.785369,571,0,0.00,7.1953,1.0000
10266148.0,5082.119517,15742.254742,20824.374258,572,0,0.00,7.2016,1.0000
10266395.0,5082.393961,15743.901408,20826.295369,573,0,0.00,7.2078,1.0000
10266690.0,5082.721739,15745.868075,20828.589814,574,0,0.00,7.2453,1.0000
10266884.0,5082.937294,15747.161408,20830.098703,575,0,0.00,7.2516,1.0000
10266902.0,5082.957294,15747.281408,20830.238703,576,0,0.00,7.2797,1.0000
10267235.0,5083.327294,15749.501408,20832.828703,577,0,0.00,7.2922,1.0000
10267517.0,5083.640628,15751.381408,20835.022036,578,0,0.00,7.3047,1.0000
10267882.0,5084.046183,15753.814742,20837.860925,579,0,0.00,7.3219,1.0000
10267984.0,5084.159517,15754.494742,20838.654258,580,0,0.00,7.3266,1.0000
10268036.0,5084.217294,15754.841408,20839.058703,581,0,0.00,7.3313,1.0000
10268198.0,5084.397294,15755.921408,20840.318703,582,0,0.00,7.3328,1.0000
10269999.0,5086.398406,15767.928075,20854.326481,583,0,0.00,7.3391,1.0000
10270109.0,5086.520628,15768.661408,20855.182036,584,0,0.00,7.3453,1.0000
10270559.0,5087.020628,15771.661408,20858.682036,585,0,0.00,7.3500,1.0000
10272218.0,5088.863961,15782.721408,20871.585369,586,0,0.00,7.3563,1.0000
10272751.0,5089.456183,15786.274742,20875.730925,587,0,0.00,7.3625,1.0000
10273015.0,5089.749517,15788.034742,20877.784258,588,0,0.00,7.3688,1.0000
10273175.0,5089.927294,15789.101408,20879.028703,589,0,0.00,7.3750,1.0000
10274502.0,5091.401739,15797.948075,20889.349814,590,0,0.00,7.4000,1.0000
10275038.0,5091.997294,15801.521408,20893.518703,591,0,0.00,7.4047,1.0000
10275406.0,5092.406183,15803.974742,20896.380925,592,0,0.00,7.4094,1.0000
10276050.0,5093.121739,15808.268075,20901.389814,593,0,0.00,7.4266,1.0000
10276746.0,5093.895072,15812.908075,20906.803147,594,0,0.00,7.4313,1.0000
10277009.0,5094.187294,15814.661408,20908.848703,595,0,0.00,7.4375,1.0000
10277188.0,5094.386183,15815.854742,20910.240925,596,0,0.00,7.4422,1.0000
10277517.0,5094.751739,15818.048075,20912.799814,597,0,0.00,7.4609,1.0000
10277525.0,5094.760628,15818.101408,20912.862036,598,0,0.00,7.4797,1.0000
10277534.0,5094.770628,15818.161408,20912.932036,599,0,0.00,7.4984,1.0000
10277694.0,5094.948406,15819.228075,20914.176481,600,0,0.00,7.5172,1.0000
10277875.0,5095.149517,15820.434742,20915.584258,601,0,0.00,7.5359,1.0000
10277915.0,5095.193961,15820.701408,20915.895369,602,0,0.00,7.5406,1.0000
10278278.0,5095.597294,15823.121408,20918.718703,603,0,0.00,7.5531,1.0000
10279220.0,5096.643961,15829.401408,20926.045369,604,0,0.00,7.5578,1.0000
10279624.0,5097.092850,15832.094742,20929.187592,605,0,0.00,7.5641,1.0000
10280071.0,5097.589517,15835.074742,20932.664258,606,0,0.00,7.5688,1.0000
10280529.0,5098.098406,15838.128075,20936.226481,607,0,0.00,7.6000,1.0000
10280778.0,5098.375072,15839.788075,20938.163147,608,0,0.00,7.6047,1.0000
10280815.0,5098.416183,15840.034742,20938.450925,609,0,0.00,7.6328,1.0000
10281084.0,5098.715072,15841.828075,20940.543147,610,0,0.00,7.6375,1.0000
10281304.0,5098.959517,15843.294742,20942.254258,611,0,0.00,7.6547,1.0000
10281564.0,5099.248406,15845.028075,20944.276481,612,0,0.00,7.6719,1.0000
10281591.0,5099.278406,15845.208075,20944.486481,613,0,0.00,7.6766,1.0000
10281731.0,5099.433961,15846.141408,20945.575369,614,0,0.00,7.6813,1.0000
10281756.0,5099.461739,15846.308075,20945.769814,615,0,0.00,7.6938,1.0000
10281935.0,5099.660628,15847.501408,20947.162036,616,0,0.00,7.7031,1.0000
10282240.0,5099.999517,15849.534742,20949.534258,617,0,0.00,7.7156,1.0000
10282253.0,5100.013961,15849.621408,20949.635369,618,0,0.00,7.7203,1.0000
10282268.0,5100.030628,15849.721408,20949.752036,619,0,0.00,7.7250,1.0000
10282330.0,5100.099517,15850.134742,20950.234258,620,0,0.00,7.7297,1.0000
10282361.0,5100.133961,15850.341408,20950.475369,621,0,0.00,7.7469,1.0000
10282412.0,5100.190628,15850.681408,20950.872036,622,0,0.00,7.7531,1.0000
10282878.0,5100.708406,15853.788075,20954.496481,623,0,0.00,7.7703,1.0000
10282886.0,5100.717294,15853.841408,20954.558703,624,0,0.00,7.7750,1.0000
10283250.0,5101.121739,15856.268075,20957.389814,625,0,0.00,7.7922,1.0000
10283282.0,5101.157294,15856.481408,20957.638703,626,0,0.00,7.8063,1.0000
10283554.0,5101.459517,15858.294742,20959.754258,627,0,0.00,7.8203,1.0000
10283834.0,5101.770628,15860.161408,20961.932036,628,0,0.00,7.8375,1.0000
10284010.0,5101.966183,15861.334742,20963.300925,629,0,0.00,7.8422,1.0000
10284572.0,5102.590628,15865.081408,20967.672036,630,0,0.00,7.8594,1.0000
10284612.0,5102.635072,15865.348075,20967.983147,631,0,0.00,7.8766,1.0000
10284914.0,5102.970628,15867.361408,20970.332036,632,0,0.00,7.8813,1.0000
10285049.0,5103.120628,15868.261408,20971.382036,633,0,0.00,7.8859,1.0000
10285062.0,5103.135072,15868.348075,20971.483147,634,0,0.00,7.9109,1.0000
10285584.0,5103.715072,15871.828075,20975.543147,635,0,0.00,7.9359,1.0000
10285684.0,5103.826183,15872.494742,20976.320925,636,0,0.00,7.9406,1.0000
10285696.0,5103.839517,15872.574742,20976.414258,637,0,0.00,7.9453,1.0000
10286148.0,5104.341739,15875.588075,20979.929814,638,0,0.00,7.9625,1.0000
10286237.0,5104.440628,15876.181408,20980.622036,639,0,0.00,7.9750,1.0000
10286458.0,5104.686183,15877.654742,20982.340925,640,0,0.00,7.9797,1.0000
10286759.0,5105.020628,15879.661408,20984.682036,641,0,0.00,8.0047,1.0000
10286819.0,5105.087294,15880.061408,20985.148703,642,0,0.00,8.0094,1.0000
10287519.0,5105.865072,15884.728075,20990.593147,643,0,0.00,8.0344,1.0000
10287566.0,5105.917294,15885.041408,20990.958703,644,0,0.00,8.0578,1.0000
10287684.0,5106.048406,15885.828075,20991.876481,645,0,0.00,8.0828,1.0000
10287821.0,5106.200628,15886.741408,20992.942036,646,0,0.00,8.1078,1.0000
10287906.0,5106.295072,15887.308075,20993.603147,647,0,0.00,8.1359,1.0000
10287971.0,5106.367294,15887.741408,20994.108703,648,0,0.00,8.1484,1.0000
10288025.0,5106.427294,15888.101408,20994.528703,649,0,0.00,8.1547,1.0000
10288056.0,5106.461739,15888.308075,20994.769814,650,0,0.00,8.1594,1.0000
10288251.0,5106.678406,15889.608075,20996.286481,651,0,0.00,8.1875,1.0000
10288632.0,5107.101739,15892.148075,20999.249814,652,0,0.00,8.1922,1.0000
10288768.0,5107.252850,15893.054742,21000.307592,653,0,0.00,8.2109,1.0000
10289332.0,5107.879517,15896.814742,21004.694258,654,0,0.00,8.2156,1.0000
10290217.0,5108.862850,15902.714742,21011.577592,655,0,0.00,8.2344,1.0000
10290217.0,5108.862850,15902.714742,21011.577592,656,0,0.00,8.2531,1.0000
10290268.0,5108.919517,15903.054742,21011.974258,657,0,0.00,8.2703,1.0000
10290883.0,5109.602850,15907.154742,21016.757592,658,0,0.00,8.2953,1.0000
10290997.0,5109.729517,15907.914742,21017.644258,659,0,0.00,8.3141,1.0000
10291056.0,5109.795072,15908.308075,21018.103147,660,0,0.00,8.3391,1.0000
10291241.0,5110.000628,15909.541408,21019.542036,661,0,0.00,8.3563,1.0000
10291568.0,5110.363961,15911.721408,21022.085369,662,0,0.00,8.3625,1.0000
10291594.0,5110.392850,15911.894742,21022.287592,663,0,0.00,8.3672,1.0000
10291860.0,5110.688406,15913.668075,21024.356481,664,0,0.00,8.3844,1.0000
10292589.0,5111.498406,15918.528075,21030.026481,665,0,0.00,8.3938,1.0000
10292824.0,5111.759517,15920.094742,21031.854258,666,0,0.00,8.4000,1.0000
10292995.0,5111.949517,15921.234742,21033.184258,667,0,0.00,8.4047,1.0000
10293013.0,5111.969517,15921.354742,21033.324258,668,0,0.00,8.4219,1.0000
10293874.0,5112.926183,15927.094742,21040.020925,669,0,0.00,8.4406,1.0000
10293926.0,5112.983961,15927.441408,21040.425369,670,0,0.00,8.4469,1.0000
10294021.0,5113.089517,15928.074742,21041.164258,671,0,0.00,8.4531,1.0000
10294984.0,5114.159517,15934.494742,21048.654258,672,0,0.00,8.4703,1.0000
10295521.0,5114.756183,15938.074742,21052.830925,673,0,0.00,8.4750,1.0000
10295551.0,5114.789517,15938.274742,21053.064258,674,0,0.00,8.4797,1.0000
10296005.0,5115.293961,15941.301408,21056.595369,675,0,0.00,8.5031,1.0000
10296154.0,5115.459517,15942.294742,21057.754258,676,0,0.00,8.5078,1.0000
10296182.0,5115.490628,15942.481408,21057.972036,677,0,0.00,8.5250,1.0000
10296641.0,5116.000628,15945.541408,21061.542036,678,0,0.00,8.5297,1.0000
10296892.0,5116.279517,15947.214742,21063.494258,679,0,0.00,8.5531,1.0000
10296892.0,5116.279517,15947.214742,21063.494258,680,0,0.00,8.5766,1.0000
10296894.0,5116.281739,15947.228075,21063.509814,681,0,0.00,8.6000,1.0000
10297478.0,5116.930628,15951.121408,21068.052036,682,0,0.00,8.6172,1.0000
10297481.0,5116.933961,15951.141408,21068.075369,683,0,0.00,8.6219,1.0000
10297562.0,5117.023961,15951.681408,21068.705369,684,0,0.00,8.6391,1.0000
10297584.0,5117.048406,15951.828075,21068.876481,685,0,0.00,8.6563,1.0000
10297724.0,5117.203961,15952.761408,21069.965369,686,0,0.00,8.6609,1.0000
10297734.0,5117.215072,15952.828075,21070.043147,687,0,0.00,8.6781,1.0000
10297773.0,5117.258406,15953.088075,21070.346481,688,0,0.00,8.6828,1.0000
10297877.0,5117.373961,15953.781408,21071.155369,689,0,0.00,8.6875,1.0000
10298377.0,5117.929517,15957.114742,21075.044258,690,0,0.00,8.6938,1.0000
10298794.0,5118.392850,15959.894742,21078.287592,691,0,0.00,8.7125,1.0000
10298876.0,5118.483961,15960.441408,21078.925369,692,0,0.00,8.7188,1.0000
10299155.0,5118.793961,15962.301408,21081.095369,693,0,0.00,8.7281,1.0000
10299397.0,5119.062850,15963.914742,21082.977592,694,0,0.00,8.7328,1.0000
10299470.0,5119.143961,15964.401408,21083.545369,695,0,0.00,8.7500,1.0000
10299478.0,5119.152850,15964.454742,21083.607592,696,0,0.00,8.7672,1.0000
10299568.0,5119.252850,15965.054742,21084.307592,697,0,0.00,8.7844,1.0000
10299841.0,5119.556183,15966.874742,21086.430925,698,0,0.00,8.7906,1.0000
10300035.0,5119.771739,15968.168075,21087.939814,699,0,0.00,8.7953,1.0000
10300246.0,5120.006183,15969.574742,21089.580925,700,0,0.00,8.7969,1.0000
10300654.0,5120.459517,15972.294742,21092.754258,701,0,0.00,8.8016,1.0000
10301249.0,5121.120628,15976.261408,21097.382036,702,0,0.00,8.8063,1.0000
10303030.0,5123.099517,15988.134742,21111.234258,703,0,0.00,8.8109,1.0000
10303910.0,5124.077294,15994.001408,21118.078703,704,0,0.00,8.8391,1.0000
10303910.0,5124.077294,15994.001408,21118.078703,705,0,0.00,8.8563,1.0000
10304054.0,5124.237294,15994.961408,21119.198703,706,0,0.00,8.8609,1.0000
10304304.0,5124.515072,15996.628075,21121.143147,707,0,0.00,8.8656,1.0000
10304349.0,5124.565072,15996.928075,21121.493147,708,0,0.00,8.8703,1.0000
10305348.0,5125.675072,16003.588075,21129.263147,709,0,0.00,8.8750,1.0000
10305589.0,5125.942850,16005.194742,21131.137592,710,0,0.00,8.8875,1.0000
10306030.0,5126.432850,16008.134742,21134.567592,711,0,0.00,8.9000,1.0000
10306555.0,5127.016183,16011.634742,21138.650925,712,0,0.00,8.9047,1.0000
10306710.0,5127.188406,16012.668075,21139.856481,713,0,0.00,8.9219,1.0000
10306993.0,5127.502850,16014.554742,21142.057592,714,0,0.00,8.9391,1.0000
10307276.0,5127.817294,16016.441408,21144.258703,715,0,0.00,8.9563,1.0000
10307415.0,5127.971739,16017.368075,21145.339814,716,0,0.00,8.9750,1.0000
10307447.0,5128.007294,16017.581408,21145.588703,717,0,0.00,8.9938,1.0000
10307455.0,5128.016183,16017.634742,21145.650925,718,0,0.00,9.0125,1.0000
10307522.0,5128.090628,16018.081408,21146.172036,719,0,0.00,9.0313,1.0000
10307762.0,5128.357294,16019.681408,21148.038703,720,0,0.00,9.0359,1.0000
10307826.0,5128.428406,16020.108075,21148.536481,721,0,0.00,9.0547,1.0000
10308033.0,5128.658406,16021.488075,21150.146481,722,0,0.00,9.0734,1.0000
10311803.0,5132.847294,16046.621408,21179.468703,723,0,0.00,9.0859,1.0000
10312991.0,5134.167294,16054.541408,21188.708703,724,0,0.00,9.0906,1.0000
10314009.0,5135.298406,16061.328075,21196.626481,725,0,0.00,9.0953,1.0000
10314591.0,5135.945072,16065.208075,21201.153147,726,0,0.00,9.1000,1.0000
10314949.0,5136.342850,16067.594742,21203.937592,727,0,0.00,9.1047,1.0000
10315182.0,5136.601739,16069.148075,21205.749814,728,0,0.00,9.1297,1.0000
10315828.0,5137.319517,16073.454742,21210.774258,729,0,0.00,9.1344,1.0000
10315953.0,5137.458406,16074.288075,21211.746481,730,0,0.00,9.1531,1.0000
10316091.0,5137.611739,16075.208075,21212.819814,731,0,0.00,9.1625,1.0000
10317757.0,5139.462850,16086.314742,21225.777592,732,0,0.00,9.1875,1.0000
10319606.0,5141.517294,16098.641408,21240.158703,733,0,0.00,9.1938,1.0000
10321771.0,5143.922850,16113.074742,21256.997592,734,0,0.00,9.2000,1.0000
10321913.0,5144.080628,16114.021408,21258.102036,735,0,0.00,9.2125,1.0000
10322676.0,5144.928406,16119.108075,21264.036481,736,0,0.00,9.2172,1.0000
10323648.0,5146.008406,16125.588075,21271.596481,737,0,0.00,9.2422,1.0000
10325258.0,5147.797294,16136.321408,21284.118703,738,0,0.00,9.2672,1.0000
10325800.0,5148.399517,16139.934742,21288.334258,739,0,0.00,9.2797,1.0000
10326430.0,5149.099517,16144.134742,21293.234258,740,0,0.00,9.2859,1.0000
10326485.0,5149.160628,16144.501408,21293.662036,741,0,0.00,9.2922,1.0000
10327751.0,5150.567294,16152.941408,21303.508703,742,0,0.00,9.2984,1.0000
10328513.0,5151.413961,16158.021408,21309.435369,743,0,0.00,9.3047,1.0000
10328589.0,5151.498406,16158.528075,21310.026481,744,0,0.00,9.3094,1.0000
10329249.0,5152.231739,16162.928075,21315.159814,745,0,0.00,9.3141,1.0000
10329323.0,5152.313961,16163.421408,21315.735369,746,0,0.00,9.3188,1.0000
10330595.0,5153.727294,16171.901408,21325.628703,747,0,0.00,9.3375,1.0000
10332019.0,5155.309517,16181.394742,21336.704258,748,0,0.00,9.3422,1.0000
10336967.0,5160.807294,16214.381408,21375.188703,749,0,0.00,9.3484,1.0000
10337134.0,5160.992850,16215.494742,21376.487592,750,0,0.00,9.3578,1.0000
10337702.0,5161.623961,16219.281408,21380.905369,751,0,0.00,9.3703,1.0000
10337703.0,5161.625072,16219.288075,21380.913147,752,0,0.00,9.3828,1.0000
10337704.0,5161.626183,16219.294742,21380.920925,753,0,0.00,9.3953,1.0000
10337720.0,5161.643961,16219.401408,21381.045369,754,0,0.00,9.4078,1.0000
10337723.0,5161.647294,16219.421408,21381.068703,755,0,0.00,9.4203,1.0000
10337728.0,5161.652850,16219.454742,21381.107592,756,0,0.00,9.4328,1.0000
10338528.0,5162.541739,16224.788075,21387.329814,757,0,0.00,9.4375,1.0000
10338801.0,5162.845072,16226.608075,21389.453147,758,0,0.00,9.4625,1.0000
10340196.0,5164.395072,16235.908075,21400.303147,759,0,0.00,9.4797,1.0000
10340427.0,5164.651739,16237.448075,21402.099814,760,0,0.00,9.4844,1.0000
10341278.0,5165.597294,16243.121408,21408.718703,761,0,0.00,9.4938,1.0000
10342138.0,5166.552850,16248.854742,21415.407592,762,0,0.00,9.5109,1.0000
10342211.0,5166.633961,16249.341408,21415.975369,763,0,0.00,9.5156,1.0000
10343681.0,5168.267294,16259.141408,21427.408703,764,0,0.00,9.5219,1.0000
10343714.0,5168.303961,16259.361408,21427.665369,765,0,0.00,9.5391,1.0000
10343715.0,5168.305072,16259.368075,21427.673147,766,0,0.00,9.5563,1.0000
10344030.0,5168.655072,16261.468075,21430.123147,767,0,0.00,9.5609,1.0000
10344375.0,5169.038406,16263.768075,21432.806481,768,0,0.00,9.5797,1.0000
10344402.0,5169.068406,16263.948075,21433.016481,769,0,0.00,9.5984,1.0000
10344404.0,5169.070628,16263.961408,21433.032036,770,0,0.00,9.6156,1.0000
10344444.0,5169.115072,16264.228075,21433.343147,771,0,0.00,9.6328,1.0000
10344553.0,5169.236183,16264.954742,21434.190925,772,0,0.00,9.6516,1.0000
10344582.0,5169.268406,16265.148075,21434.416481,773,0,0.00,9.6703,1.0000
10344620.0,5169.310628,16265.401408,21434.712036,774,0,0.00,9.6766,1.0000
10344645.0,5169.338406,16265.568075,21434.906481,775,0,0.00,9.6828,1.0000
10345184.0,5169.937294,16269.161408,21439.098703,776,0,0.00,9.6875,1.0000
10345822.0,5170.646183,16273.414742,21444.060925,777,0,0.00,9.6938,1.0000
10345859.0,5170.687294,16273.661408,21444.348703,778,0,0.00,9.6984,1.0000
10345885.0,5170.716183,16273.834742,21444.550925,779,0,0.00,9.7109,1.0000
10345975.0,5170.816183,16274.434742,21445.250925,780,0,0.00,9.7281,1.0000
10347405.0,5172.405072,16283.968075,21456.373147,781,0,0.00,9.7531,1.0000
10347728.0,5172.763961,16286.121408,21458.885369,782,0,0.00,9.7578,1.0000
10347817.0,5172.862850,16286.714742,21459.577592,783,0,0.00,9.7641,1.0000
10347973.0,5173.036183,16287.754742,21460.790925,784,0,0.00,9.7828,1.0000
10347977.0,5173.040628,16287.781408,21460.822036,785,0,0.00,9.8016,1.0000
10348022.0,5173.090628,16288.081408,21461.172036,786,0,0.00,9.8203,1.0000
10348057.0,5173.129517,16288.314742,21461.444258,787,0,0.00,9.8484,1.0000
10348094.0,5173.170628,16288.561408,21461.732036,788,0,0.00,9.8531,1.0000
10348096.0,5173.172850,16288.574742,21461.747592,789,0,0.00,9.8719,1.0000
10348132.0,5173.212850,16288.814742,21462.027592,790,0,0.00,9.8906,1.0000
10348477.0,5173.596183,16291.114742,21464.710925,791,0,0.00,9.9094,1.0000
10348594.0,5173.726183,16291.894742,21465.620925,792,0,0.00,9.9281,1.0000
10349004.0,5174.181739,16294.628075,21468.809814,793,0,0.00,9.9563,1.0000
10349014.0,5174.192850,16294.694742,21468.887592,794,0,0.00,9.9750,1.0000
10349068.0,5174.252850,16295.054742,21469.307592,795,0,0.00,9.9938,1.0000
10349201.0,5174.400628,16295.941408,21470.342036,796,0,0.00,10.0188,1.0000
10349365.0,5174.582850,16297.034742,21471.617592,797,0,0.00,10.0359,1.0000
10349476.0,5174.706183,16297.774742,21472.480925,798,0,0.00,10.0484,1.0000
10349496.0,5174.728406,16297.908075,21472.636481,799,0,0.00,10.0547,1.0000
10349561.0,5174.800628,16298.341408,21473.142036,800,0,0.00,10.0797,1.0000
10349678.0,5174.930628,16299.121408,21474.052036,801,0,0.00,10.0859,1.0000
10350125.0,5175.427294,16302.101408,21477.528703,802,0,0.00,10.1047,1.0000
10350130.0,5175.432850,16302.134742,21477.567592,803,0,0.00,10.1234,1.0000
10350591.0,5175.945072,16305.208075,21481.153147,804,0,0.00,10.1422,1.0000
10350733.0,5176.102850,16306.154742,21482.257592,805,0,0.00,10.1609,1.0000
10352281.0,5177.822850,16316.474742,21494.297592,806,0,0.00,10.1672,1.0000
10352735.0,5178.327294,16319.501408,21497.828703,807,0,0.00,10.1719,1.0000
10352776.0,5178.372850,16319.774742,21498.147592,808,0,0.00,10.1969,1.0000
10352901.0,5178.511739,16320.608075,21499.119814,809,0,0.00,10.2156,1.0000
10352949.0,5178.565072,16320.928075,21499.493147,810,0,0.00,10.2344,1.0000
10353010.0,5178.632850,16321.334742,21499.967592,811,0,0.00,10.2531,1.0000
10353158.0,5178.797294,16322.321408,21501.118703,812,0,0.00,10.2766,1.0000
10353265.0,5178.916183,16323.034742,21501.950925,813,0,0.00,10.2813,1.0000
10353271.0,5178.922850,16323.074742,21501.997592,814,0,0.00,10.2859,1.0000
10353550.0,5179.232850,16324.934742,21504.167592,815,0,0.00,10.2922,1.0000
10354340.0,5180.110628,16330.201408,21510.312036,816,0,0.00,10.3047,1.0000
10354524.0,5180.315072,16331.428075,21511.743147,817,0,0.00,10.3094,1.0000
10354755.0,5180.571739,16332.968075,21513.539814,818,0,0.00,10.3328,1.0000
10354939.0,5180.776183,16334.194742,21514.970925,819,0,0.00,10.3500,1.0000
10354953.0,5180.791739,16334.288075,21515.079814,820,0,0.00,10.3594,1.0000
10355046.0,5180.895072,16334.908075,21515.803147,821,0,0.00,10.3641,1.0000
10355210.0,5181.077294,16336.001408,21517.078703,822,0,0.00,10.3688,1.0000
10356350.0,5182.343961,16343.601408,21525.945369,823,0,0.00,10.3734,1.0000
10356972.0,5183.035072,16347.748075,21530.783147,824,0,0.00,10.3781,1.0000
10358451.0,5184.678406,16357.608075,21542.286481,825,0,0.00,10.3844,1.0000
10358521.0,5184.756183,16358.074742,21542.830925,826,0,0.00,10.4094,1.0000
10358810.0,5185.077294,16360.001408,21545.078703,827,0,0.00,10.4141,1.0000
10359007.0,5185.296183,16361.314742,21546.610925,828,0,0.00,10.4313,1.0000
10359031.0,5185.322850,16361.474742,21546.797592,829,0,0.00,10.4375,1.0000
10359296.0,5185.617294,16363.241408,21548.858703,830,0,0.00,10.4547,1.0000
10359591.0,5185.945072,16365.208075,21551.153147,831,0,0.00,10.4594,1.0000
10360992.0,5187.501739,16374.548075,21562.049814,832,0,0.00,10.4828,1.0000
10361018.0,5187.530628,16374.721408,21562.252036,833,0,0.00,10.5063,1.0000
10361057.0,5187.573961,16374.981408,21562.555369,834,0,0.00,10.5234,1.0000
10361087.0,5187.607294,16375.181408,21562.788703,835,0,0.00,10.5281,1.0000
10361148.0,5187.675072,16375.588075,21563.263147,836,0,0.00,10.5406,1.0000
10362004.0,5188.626183,16381.294742,21569.920925,837,0,0.00,10.5641,1.0000
10362009.0,5188.631739,16381.328075,21569.959814,838,0,0.00,10.5828,1.0000
10362192.0,5188.835072,16382.548075,21571.383147,839,0,0.00,10.6000,1.0000
10362242.0,5188.890628,16382.881408,21571.772036,840,0,0.00,10.6047,1.0000
10362464.0,5189.137294,16384.361408,21573.498703,841,0,0.00,10.6234,1.0000
10362608.0,5189.297294,16385.321408,21574.618703,842,0,0.00,10.6422,1.0000
10362627.0,5189.318406,16385.448075,21574.766481,843,0,0.00,10.6484,1.0000
10363056.0,5189.795072,16388.308075,21578.103147,844,0,0.00,10.6547,1.0000
10364477.0,5191.373961,16397.781408,21589.155369,845,0,0.00,10.6797,1.0000
10364499.0,5191.398406,16397.928075,21589.326481,846,0,0.00,10.6969,1.0000
10365106.0,5192.072850,16401.974742,21594.047592,847,0,0.00,10.7016,1.0000
10365188.0,5192.163961,16402.521408,21594.685369,848,0,0.00,10.7063,1.0000
10365764.0,5192.803961,16406.361408,21599.165369,849,0,0.00,10.7313,1.0000
10365812.0,5192.857294,16406.681408,21599.538703,850,0,0.00,10.7563,1.0000
10365815.0,5192.860628,16406.701408,21599.562036,851,0,0.00,10.7813,1.0000
10366402.0,5193.512850,16410.614742,21604.127592,852,0,0.00,10.7859,1.0000
10366634.0,5193.770628,16412.161408,21605.932036,853,0,0.00,10.8047,1.0000
10366655.0,5193.793961,16412.301408,21606.095369,854,0,0.00,10.8172,1.0000
10366655.0,5193.793961,16412.301408,21606.095369,855,0,0.00,10.8297,1.0000
10366673.0,5193.813961,16412.421408,21606.235369,856,0,0.00,10.8484,1.0000
10366675.0,5193.816183,16412.434742,21606.250925,857,0,0.00,10.8672,1.0000
10366864.0,5194.026183,16413.694742,21607.720925,858,0,0.00,10.8859,1.0000
10366923.0,5194.091739,16414.088075,21608.179814,859,0,0.00,10.8906,1.0000
10367089.0,5194.276183,16415.194742,21609.470925,860,0,0.00,10.9078,1.0000
10367276.0,5194.483961,16416.441408,21610.925369,861,0,0.00,10.9266,1.0000
10367461.0,5194.689517,16417.674742,21612.364258,862,0,0.00,10.9453,1.0000
10367581.0,5194.822850,16418.474742,21613.297592,863,0,0.00,10.9703,1.0000
10368044.0,5195.337294,16421.561408,21616.898703,864,0,0.00,10.9875,1.0000
10368051.0,5195.345072,16421.608075,21616.953147,865,0,0.00,11.0047,1.0000
10368169.0,5195.476183,16422.394742,21617.870925,866,0,0.00,11.0234,1.0000
10368553.0,5195.902850,16424.954742,21620.857592,867,0,0.00,11.0484,1.0000
10368935.0,5196.327294,16427.501408,21623.828703,868,0,0.00,11.0766,1.0000
10369049.0,5196.453961,16428.261408,21624.715369,869,0,0.00,11.0813,1.0000
10369221.0,5196.645072,16429.408075,21626.053147,870,0,0.00,11.1047,1.0000
10369226.0,5196.650628,16429.441408,21626.092036,871,0,0.00,11.1281,1.0000
10369226.0,5196.650628,16429.441408,21626.092036,872,0,0.00,11.1516,1.0000
10369368.0,5196.808406,16430.388075,21627.196481,873,0,0.00,11.1688,1.0000
10369381.0,5196.822850,16430.474742,21627.297592,874,0,0.00,11.1734,1.0000
10369594.0,5197.059517,16431.894742,21628.954258,875,0,0.00,11.1781,1.0000
10369742.0,5197.223961,16432.881408,21630.105369,876,0,0.00,11.2031,1.0000
10369814.0,5197.303961,16433.361408,21630.665369,877,0,0.00,11.2078,1.0000
10369891.0,5197.389517,16433.874742,21631.264258,878,0,0.00,11.2094,1.0000
10369903.0,5197.402850,16433.954742,21631.357592,879,0,0.00,11.2344,1.0000
10370121.0,5197.645072,16435.408075,21633.053147,880,0,0.00,11.2594,1.0000
10370192.0,5197.723961,16435.881408,21633.605369,881,0,0.00,11.2688,1.0000
10370195.0,5197.727294,16435.901408,21633.628703,882,0,0.00,11.2734,1.0000
10370418.0,5197.975072,16437.388075,21635.363147,883,0,0.00,11.2781,1.0000
10370444.0,5198.003961,16437.561408,21635.565369,884,0,0.00,11.2844,1.0000
10370779.0,5198.376183,16439.794742,21638.170925,885,0,0.00,11.2891,1.0000
10370813.0,5198.413961,16440.021408,21638.435369,886,0,0.00,11.2938,1.0000
10370815.0,5198.416183,16440.034742,21638.450925,887,0,0.00,11.2984,1.0000
10371165.0,5198.805072,16442.368075,21641.173147,888,0,0.00,11.3234,1.0000
10371552.0,5199.235072,16444.948075,21644.183147,889,0,0.00,11.3281,1.0000
10372302.0,5200.068406,16449.948075,21650.016481,890,0,0.00,11.3328,1.0000
10373128.0,5200.986183,16455.454742,21656.440925,891,0,0.00,11.3391,1.0000
10373910.0,5201.855072,16460.668075,21662.523147,892,0,0.00,11.3438,1.0000
10374150.0,5202.121739,16462.268075,21664.389814,893,0,0.00,11.3484,1.0000
10374297.0,5202.285072,16463.248075,21665.533147,894,0,0.00,11.3656,1.0000
10374731.0,5202.767294,16466.141408,21668.908703,895,0,0.00,11.3703,1.0000
10374738.0,5202.775072,16466.188075,21668.963147,896,0,0.00,11.3875,1.0000
10375197.0,5203.285072,16469.248075,21672.533147,897,0,0.00,11.4250,1.0000
10375570.0,5203.699517,16471.734742,21675.434258,898,0,0.00,11.4297,1.0000
10375735.0,5203.882850,16472.834742,21676.717592,899,0,0.00,11.4469,1.0000
10376533.0,5204.769517,16478.154742,21682.924258,900,0,0.00,11.4516,1.0000
10376672.0,5204.923961,16479.081408,21684.005369,901,0,0.00,11.4563,1.0000
10377381.0,5205.711739,16483.808075,21689.519814,902,0,0.00,11.4609,1.0000
10378015.0,5206.416183,16488.034742,21694.450925,903,0,0.00,11.4984,1.0000
10378118.0,5206.530628,16488.721408,21695.252036,904,0,0.00,11.5031,1.0000
10378476.0,5206.928406,16491.108075,21698.036481,905,0,0.00,11.5094,1.0000
10379019.0,5207.531739,16494.728075,21702.259814,906,0,0.00,11.5344,1.0000
10379145.0,5207.671739,16495.568075,21703.239814,907,0,0.00,11.5391,1.0000
10380337.0,5208.996183,16503.514742,21712.510925,908,0,0.00,11.5578,1.0000
10380823.0,5209.536183,16506.754742,21716.290925,909,0,0.00,11.5750,1.0000
10381421.0,5210.200628,16510.741408,21720.942036,910,0,0.00,11.6000,1.0000
10381988.0,5210.830628,16514.521408,21725.352036,911,0,0.00,11.6250,1.0000
10382067.0,5210.918406,16515.048075,21725.966481,912,0,0.00,11.6297,1.0000
10383004.0,5211.959517,16521.294742,21733.254258,913,0,0.00,11.6547,1.0000
10383430.0,5212.432850,16524.134742,21736.567592,914,0,0.00,11.6672,1.0000
10383479.0,5212.487294,16524.461408,21736.948703,915,0,0.00,11.6719,1.0000
10384096.0,5213.172850,16528.574742,21741.747592,916,0,0.00,11.6781,1.0000
10384599.0,5213.731739,16531.928075,21745.659814,917,0,0.00,11.6844,1.0000
10384661.0,5213.800628,16532.341408,21746.142036,918,0,0.00,11.6969,1.0000
10384668.0,5213.808406,16532.388075,21746.196481,919,0,0.00,11.7094,1.0000
10387214.0,5216.637294,16549.361408,21765.998703,920,0,0.00,11.7266,1.0000
10387343.0,5216.780628,16550.221408,21767.002036,921,0,0.00,11.7313,1.0000
10387422.0,5216.868406,16550.748075,21767.616481,922,0,0.00,11.7484,1.0000
10387797.0,5217.285072,16553.248075,21770.533147,923,0,0.00,11.7547,1.0000
10388808.0,5218.408406,16559.988075,21778.396481,924,0,0.00,11.7594,1.0000
10389446.0,5219.117294,16564.241408,21783.358703,925,0,0.00,11.7719,1.0000
10390019.0,5219.753961,16568.061408,21787.815369,926,0,0.00,11.7844,1.0000
10390460.0,5220.243961,16571.001408,21791.245369,927,0,0.00,11.7906,1.0000
10390495.0,5220.282850,16571.234742,21791.517592,928,0,0.00,11.7969,1.0000
10390956.0,5220.795072,16574.308075,21795.103147,929,0,0.00,11.8094,1.0000
10391797.0,5221.729517,16579.914742,21801.644258,930,0,0.00,11.8156,1.0000
10392044.0,5222.003961,16581.561408,21803.565369,931,0,0.00,11.8281,1.0000
10392058.0,5222.019517,16581.654742,21803.674258,932,0,0.00,11.8422,1.0000
10392193.0,5222.169517,16582.554742,21804.724258,933,0,0.00,11.8469,1.0000
10392464.0,5222.470628,16584.361408,21806.832036,934,0,0.00,11.8844,1.0000
10392524.0,5222.537294,16584.761408,21807.298703,935,0,0.00,11.8906,1.0000
10392696.0,5222.728406,16585.908075,21808.636481,936,0,0.00,11.9094,1.0000
10392972.0,5223.035072,16587.748075,21810.783147,937,0,0.00,11.9234,1.0000
10393119.0,5223.198406,16588.728075,21811.926481,938,0,0.00,11.9422,1.0000
10393303.0,5223.402850,16589.954742,21813.357592,939,0,0.00,11.9672,1.0000
10393371.0,5223.478406,16590.408075,21813.886481,940,0,0.00,11.9922,1.0000
10393490.0,5223.610628,16591.201408,21814.812036,941,0,0.00,11.9984,1.0000
10393737.0,5223.885072,16592.848075,21816.733147,942,0,0.00,12.0047,1.0000
10394338.0,5224.552850,16596.854742,21821.407592,943,0,0.00,12.0219,1.0000
10395111.0,5225.411739,16602.008075,21827.419814,944,0,0.00,12.0594,1.0000
10395459.0,5225.798406,16604.328075,21830.126481,945,0,0.00,12.0844,1.0000
10395753.0,5226.125072,16606.288075,21832.413147,946,0,0.00,12.0906,1.0000
10395756.0,5226.128406,16606.308075,21832.436481,947,0,0.00,12.0953,1.0000
10395807.0,5226.185072,16606.648075,21832.833147,948,0,0.00,12.1000,1.0000
10396804.0,5227.292850,16613.294742,21840.587592,949,0,0.00,12.1047,1.0000
10397715.0,5228.305072,16619.368075,21847.673147,950,0,0.00,12.1094,1.0000
10398156.0,5228.795072,16622.308075,21851.103147,951,0,0.00,12.1344,1.0000
10398158.0,5228.797294,16622.321408,21851.118703,952,0,0.00,12.1594,1.0000
10398305.0,5228.960628,16623.301408,21852.262036,953,0,0.00,12.1641,1.0000
10398509.0,5229.187294,16624.661408,21853.848703,954,0,0.00,12.1781,1.0000
10398781.0,5229.489517,16626.474742,21855.964258,955,0,0.00,12.1922,1.0000
10399394.0,5230.170628,16630.561408,21860.732036,956,0,0.00,12.1969,1.0000
10399531.0,5230.322850,16631.474742,21861.797592,957,0,0.00,12.2016,1.0000
10401633.0,5232.658406,16645.488075,21878.146481,958,0,0.00,12.2203,1.0000
10402311.0,5233.411739,16650.008075,21883.419814,959,0,0.00,12.2328,1.0000
10402526.0,5233.650628,16651.441408,21885.092036,960,0,0.00,12.2375,1.0000
10402709.0,5233.853961,16652.661408,21886.515369,961,0,0.00,12.2422,1.0000
10402870.0,5234.032850,16653.734742,21887.767592,962,0,0.00,12.2469,1.0000
10403370.0,5234.588406,16657.068075,21891.656481,963,0,0.00,12.2844,1.0000
10403581.0,5234.822850,16658.474742,21893.297592,964,0,0.00,12.2891,1.0000
10403901.0,5235.178406,16660.608075,21895.786481,965,0,0.00,12.2938,1.0000
10404065.0,5235.360628,16661.701408,21897.062036,966,0,0.00,12.3000,1.0000
10405496.0,5236.950628,16671.241408,21908.192036,967,0,0.00,12.3063,1.0000
10405820.0,5237.310628,16673.401408,21910.712036,968,0,0.00,12.3203,1.0000
10406065.0,5237.582850,16675.034742,21912.617592,969,0,0.00,12.3266,1.0000
10406217.0,5237.751739,16676.048075,21913.799814,970,0,0.00,12.3328,1.0000
10407411.0,5239.078406,16684.008075,21923.086481,971,0,0.00,12.3391,1.0000
10408533.0,5240.325072,16691.488075,21931.813147,972,0,0.00,12.3438,1.0000
10408945.0,5240.782850,16694.234742,21935.017592,973,0,0.00,12.3484,1.0000
10409135.0,5240.993961,16695.501408,21936.495369,974,0,0.00,12.3672,1.0000
10409788.0,5241.719517,16699.854742,21941.574258,975,0,0.00,12.3734,1.0000
10409812.0,5241.746183,16700.014742,21941.760925,976,0,0.00,12.4016,1.0000
10410605.0,5242.627294,16705.301408,21947.928703,977,0,0.00,12.4063,1.0000
10410767.0,5242.807294,16706.381408,21949.188703,978,0,0.00,12.4188,1.0000
10410937.0,5242.996183,16707.514742,21950.510925,979,0,0.00,12.4438,1.0000
10412019.0,5244.198406,16714.728075,21958.926481,980,0,0.00,12.4688,1.0000
10412233.0,5244.436183,16716.154742,21960.590925,981,0,0.00,12.4734,1.0000
10414545.0,5247.005072,16731.568075,21978.573147,982,0,0.00,12.4781,1.0000
10416283.0,5248.936183,16743.154742,21992.090925,983,0,0.00,12.5016,1.0000
10418049.0,5250.898406,16754.928075,22005.826481,984,0,0.00,12.5250,1.0000
10418677.0,5251.596183,16759.114742,22010.710925,985,0,0.00,12.5375,1.0000
10419148.0,5252.119517,16762.254742,22014.374258,986,0,0.00,12.5422,1.0000
10419857.0,5252.907294,16766.981408,22019.888703,987,0,0.00,12.5672,1.0000
10419916.0,5252.972850,16767.374742,22020.347592,988,0,0.00,12.5719,1.0000
10420053.0,5253.125072,16768.288075,22021.413147,989,0,0.00,12.5906,1.0000
10421819.0,5255.087294,16780.061408,22035.148703,990,0,0.00,12.5953,1.0000
10422335.0,5255.660628,16783.501408,22039.162036,991,0,0.00,12.6047,1.0000
10422609.0,5255.965072,16785.328075,22041.293147,992,0,0.00,12.6281,1.0000
10423053.0,5256.458406,16788.288075,22044.746481,993,0,0.00,12.6375,1.0000
10423312.0,5256.746183,16790.014742,22046.760925,994,0,0.00,12.6422,1.0000
10424039.0,5257.553961,16794.861408,22052.415369,995,0,0.00,12.6547,1.0000
10424040.0,5257.555072,16794.868075,22052.423147,996,0,0.00,12.6672,1.0000
10424046.0,5257.561739,16794.908075,22052.469814,997,0,0.00,12.6797,1.0000
10424050.0,5257.566183,16794.934742,22052.500925,998,0,0.00,12.6922,1.0000
10424998.0,5258.619517,16801.254742,22059.874258,999,0,0.00,12.6969,1.0000
10426697.0,5260.507294,16812.581408,22073.088703,1000,0,0.00,12.7344,1.0000
10426770.0,5260.588406,16813.068075,22073.656481,1001,0,0.00,12.7391,1.0000
10427770.0,5261.699517,16819.734742,22081.434258,1002,0,0.00,12.7641,1.0000
10429667.0,5263.807294,16832.381408,22096.188703,1003,0,0.00,12.7703,1.0000
10429978.0,5264.152850,16834.454742,22098.607592,1004,0,0.00,12.7766,1.0000
10430148.0,5264.341739,16835.588075,22099.929814,1005,0,0.00,12.7813,1.0000
10430353.0,5264.569517,16836.954742,22101.524258,1006,0,0.00,12.7859,1.0000
10430809.0,5265.076183,16839.994742,22105.070925,1007,0,0.00,12.8234,1.0000
10430841.0,5265.111739,16840.208075,22105.319814,1008,0,0.00,12.8297,1.0000
10430899.0,5265.176183,16840.594742,22105.770925,1009,0,0.00,12.8344,1.0000
10431794.0,5266.170628,16846.561408,22112.732036,1010,0,0.00,12.8406,1.0000
10432303.0,5266.736183,16849.954742,22116.690925,1011,0,0.00,12.8453,1.0000
10432317.0,5266.751739,16850.048075,22116.799814,1012,0,0.00,12.8500,1.0000
10432820.0,5267.310628,16853.401408,22120.712036,1013,0,0.00,12.8563,1.0000
10432946.0,5267.450628,16854.241408,22121.692036,1014,0,0.00,12.8734,1.0000
10433225.0,5267.760628,16856.101408,22123.862036,1015,0,0.00,12.8781,1.0000
10433505.0,5268.071739,16857.968075,22126.039814,1016,0,0.00,12.8828,1.0000
10433553.0,5268.125072,16858.288075,22126.413147,1017,0,0.00,12.8891,1.0000
10433611.0,5268.189517,16858.674742,22126.864258,1018,0,0.00,12.8938,1.0000
10433709.0,5268.298406,16859.328075,22127.626481,1019,0,0.00,12.9109,1.0000
10433799.0,5268.398406,16859.928075,22128.326481,1020,0,0.00,12.9281,1.0000
10433959.0,5268.576183,16860.994742,22129.570925,1021,0,0.00,12.9344,1.0000
10434155.0,5268.793961,16862.301408,22131.095369,1022,0,0.00,12.9438,1.0000
10434472.0,5269.146183,16864.414742,22133.560925,1023,0,0.00,12.9484,1.0000
10434545.0,5269.227294,16864.901408,22134.128703,1024,0,0.00,12.9656,1.0000
10434573.0,5269.258406,16865.088075,22134.346481,1025,0,0.00,12.9828,1.0000
10434999.0,5269.731739,16867.928075,22137.659814,1026,0,0.00,12.9875,1.0000
10435326.0,5270.095072,16870.108075,22140.203147,1027,0,0.00,13.0125,1.0000
10435374.0,5270.148406,16870.428075,22140.576481,1028,0,0.00,13.0297,1.0000
10435598.0,5270.397294,16871.921408,22142.318703,1029,0,0.00,13.0422,1.0000
10435669.0,5270.476183,16872.394742,22142.870925,1030,0,0.00,13.0563,1.0000
10436334.0,5271.215072,16876.828075,22148.043147,1031,0,0.00,13.0703,1.0000
10436385.0,5271.271739,16877.168075,22148.439814,1032,0,0.00,13.0875,1.0000
10436392.0,5271.279517,16877.214742,22148.494258,1033,0,0.00,13.0938,1.0000
10436392.0,5271.279517,16877.214742,22148.494258,1034,0,0.00,13.1063,1.0000
10436424.0,5271.315072,16877.428075,22148.743147,1035,0,0.00,13.1234,1.0000
10436454.0,5271.348406,16877.628075,22148.976481,1036,0,0.00,13.1281,1.0000
10436461.0,5271.356183,16877.674742,22149.030925,1037,0,0.00,13.1344,1.0000
10436556.0,5271.461739,16878.308075,22149.769814,1038,0,0.00,13.1406,1.0000
10436721.0,5271.645072,16879.408075,22151.053147,1039,0,0.00,13.1453,1.0000
10437388.0,5272.386183,16883.854742,22156.240925,1040,0,0.00,13.1516,1.0000
10437520.0,5272.532850,16884.734742,22157.267592,1041,0,0.00,13.1563,1.0000
10437771.0,5272.811739,16886.408075,22159.219814,1042,0,0.00,13.1609,1.0000
10437793.0,5272.836183,16886.554742,22159.390925,1043,0,0.00,13.1734,1.0000
10438117.0,5273.196183,16888.714742,22161.910925,1044,0,0.00,13.1922,1.0000
10438120.0,5273.199517,16888.734742,22161.934258,1045,0,0.00,13.1969,1.0000
10438490.0,5273.610628,16891.201408,22164.812036,1046,0,0.00,13.2016,1.0000
10438646.0,5273.783961,16892.241408,22166.025369,1047,0,0.00,13.2188,1.0000
10438828.0,5273.986183,16893.454742,22167.440925,1048,0,0.00,13.2328,1.0000
10438984.0,5274.159517,16894.494742,22168.654258,1049,0,0.00,13.2469,1.0000
10439238.0,5274.441739,16896.188075,22170.629814,1050,0,0.00,13.2516,1.0000
10439500.0,5274.732850,16897.934742,22172.667592,1051,0,0.00,13.2688,1.0000
10439612.0,5274.857294,16898.681408,22173.538703,1052,0,0.00,13.2750,1.0000
10439715.0,5274.971739,16899.368075,22174.339814,1053,0,0.00,13.2797,1.0000
10439780.0,5275.043961,16899.801408,22174.845369,1054,0,0.00,13.2844,1.0000
10440062.0,5275.357294,16901.681408,22177.038703,1055,0,0.00,13.2891,1.0000
10440135.0,5275.438406,16902.168075,22177.606481,1056,0,0.00,13.2938,1.0000
10440474.0,5275.815072,16904.428075,22180.243147,1057,0,0.00,13.2984,1.0000
10441228.0,5276.652850,16909.454742,22186.107592,1058,0,0.00,13.3125,1.0000
10441289.0,5276.720628,16909.861408,22186.582036,1059,0,0.00,13.3188,1.0000
10441620.0,5277.088406,16912.068075,22189.156481,1060,0,0.00,13.3234,1.0000
10442134.0,5277.659517,16915.494742,22193.154258,1061,0,0.00,13.3469,1.0000
10442271.0,5277.811739,16916.408075,22194.219814,1062,0,0.00,13.3719,1.0000
10443884.0,5279.603961,16927.161408,22206.765369,1063,0,0.00,13.3781,1.0000
10444492.0,5280.279517,16931.214742,22211.494258,1064,0,0.00,13.3828,1.0000
10445046.0,5280.895072,16934.908075,22215.803147,1065,0,0.00,13.3891,1.0000
10445431.0,5281.322850,16937.474742,22218.797592,1066,0,0.00,13.3953,1.0000
10445440.0,5281.332850,16937.534742,22218.867592,1067,0,0.00,13.4453,1.0000
10445790.0,5281.721739,16939.868075,22221.589814,1068,0,0.00,13.4578,1.0000
10446016.0,5281.972850,16941.374742,22223.347592,1069,0,0.00,13.5078,1.0000
10446760.0,5282.799517,16946.334742,22229.134258,1070,0,0.00,13.5141,1.0000
10447116.0,5283.195072,16948.708075,22231.903147,1071,0,0.00,13.5266,1.0000
10447525.0,5283.649517,16951.434742,22235.084258,1072,0,0.00,13.5328,1.0000
10448041.0,5284.222850,16954.874742,22239.097592,1073,0,0.00,13.5563,1.0000
10448097.0,5284.285072,16955.248075,22239.533147,1074,0,0.00,13.5938,1.0000
10448391.0,5284.611739,16957.208075,22241.819814,1075,0,0.00,13.6109,1.0000
10448437.0,5284.662850,16957.514742,22242.177592,1076,0,0.00,13.6234,1.0000
10449254.0,5285.570628,16962.961408,22248.532036,1077,0,0.00,13.6375,1.0000
10450158.0,5286.575072,16968.988075,22255.563147,1078,0,0.00,13.6422,1.0000
10450228.0,5286.652850,16969.454742,22256.107592,1079,0,0.00,13.6484,1.0000
10450358.0,5286.797294,16970.321408,22257.118703,1080,0,0.00,13.6609,1.0000
10450512.0,5286.968406,16971.348075,22258.316481,1081,0,0.00,13.6656,1.0000
10450689.0,5287.165072,16972.528075,22259.693147,1082,0,0.00,13.6719,1.0000
10451105.0,5287.627294,16975.301408,22262.928703,1083,0,0.00,13.6969,1.0000
10451338.0,5287.886183,16976.854742,22264.740925,1084,0,0.00,13.7156,1.0000
10451453.0,5288.013961,16977.621408,22265.635369,1085,0,0.00,13.7219,1.0000
10451457.0,5288.018406,16977.648075,22265.666481,1086,0,0.00,13.7406,1.0000
10451465.0,5288.027294,16977.701408,22265.728703,1087,0,0.00,13.7594,1.0000
10451527.0,5288.096183,16978.114742,22266.210925,1088,0,0.00,13.7781,1.0000
10451555.0,5288.127294,16978.301408,22266.428703,1089,0,0.00,13.8063,1.0000
10453342.0,5290.112850,16990.214742,22280.327592,1090,0,0.00,13.8125,1.0000
10453495.0,5290.282850,16991.234742,22281.517592,1091,0,0.00,13.8172,1.0000
10453755.0,5290.571739,16992.968075,22283.539814,1092,0,0.00,13.8297,1.0000
10453760.0,5290.577294,16993.001408,22283.578703,1093,0,0.00,13.8484,1.0000
10453993.0,5290.836183,16994.554742,22285.390925,1094,0,0.00,13.8531,1.0000
10454461.0,5291.356183,16997.674742,22289.030925,1095,0,0.00,13.8578,1.0000
10454537.0,5291.440628,16998.181408,22289.622036,1096,0,0.00,13.8953,1.0000
10454850.0,5291.788406,17000.268075,22292.056481,1097,0,0.00,13.9125,1.0000
10455001.0,5291.956183,17001.274742,22293.230925,1098,0,0.00,13.9297,1.0000
10455086.0,5292.050628,17001.841408,22293.892036,1099,0,0.00,13.9469,1.0000
10456111.0,5293.189517,17008.674742,22301.864258,1100,0,0.00,13.9516,1.0000
10456381.0,5293.489517,17010.474742,22303.964258,1101,0,0.00,13.9578,1.0000
10457497.0,5294.729517,17017.914742,22312.644258,1102,0,0.00,13.9641,1.0000
10458105.0,5295.405072,17021.968075,22317.373147,1103,0,0.00,13.9766,1.0000
10458138.0,5295.441739,17022.188075,22317.629814,1104,0,0.00,13.9813,1.0000
10459348.0,5296.786183,17030.254742,22327.040925,1105,0,0.00,13.9859,1.0000
10459465.0,5296.916183,17031.034742,22327.950925,1106,0,0.00,13.9906,1.0000
10459596.0,5297.061739,17031.908075,22328.969814,1107,0,0.00,14.0031,1.0000
10460075.0,5297.593961,17035.101408,22332.695369,1108,0,0.00,14.0156,1.0000
10460640.0,5298.221739,17038.868075,22337.089814,1109,0,0.00,14.0219,1.0000
10462043.0,5299.780628,17048.221408,22348.002036,1110,0,0.00,14.0359,1.0000
10462484.0,5300.270628,17051.161408,22351.432036,1111,0,0.00,14.0422,1.0000
10462683.0,5300.491739,17052.488075,22352.979814,1112,0,0.00,14.0609,1.0000
10462689.0,5300.498406,17052.528075,22353.026481,1113,0,0.00,14.0797,1.0000
10462806.0,5300.628406,17053.308075,22353.936481,1114,0,0.00,14.0984,1.0000
10463316.0,5301.195072,17056.708075,22357.903147,1115,0,0.00,14.1109,1.0000
10463316.0,5301.195072,17056.708075,22357.903147,1116,0,0.00,14.1234,1.0000
10463437.0,5301.329517,17057.514742,22358.844258,1117,0,0.00,14.1422,1.0000
10463704.0,5301.626183,17059.294742,22360.920925,1118,0,0.00,14.1469,1.0000
10463934.0,5301.881739,17060.828075,22362.709814,1119,0,0.00,14.1844,1.0000
10464624.0,5302.648406,17065.428075,22368.076481,1120,0,0.00,14.1891,1.0000
10464849.0,5302.898406,17066.928075,22369.826481,1121,0,0.00,14.1953,1.0000
10464987.0,5303.051739,17067.848075,22370.899814,1122,0,0.00,14.2016,1.0000
10465750.0,5303.899517,17072.934742,22376.834258,1123,0,0.00,14.2063,1.0000
10465976.0,5304.150628,17074.441408,22378.592036,1124,0,0.00,14.2109,1.0000
10467648.0,5306.008406,17085.588075,22391.596481,1125,0,0.00,14.2172,1.0000
10467853.0,5306.236183,17086.954742,22393.190925,1126,0,0.00,14.2234,1.0000
10468064.0,5306.470628,17088.361408,22394.832036,1127,0,0.00,14.2281,1.0000
10468357.0,5306.796183,17090.314742,22397.110925,1128,0,0.00,14.2781,1.0000
10468877.0,5307.373961,17093.781408,22401.155369,1129,0,0.00,14.2828,1.0000
10468879.0,5307.376183,17093.794742,22401.170925,1130,0,0.00,14.3016,1.0000
10468928.0,5307.430628,17094.121408,22401.552036,1131,0,0.00,14.3516,1.0000
10468928.0,5307.430628,17094.121408,22401.552036,1132,0,0.00,14.4016,1.0000
10468950.0,5307.455072,17094.268075,22401.723147,1133,0,0.00,14.4203,1.0000
10469205.0,5307.738406,17095.968075,22403.706481,1134,0,0.00,14.4250,1.0000
10469867.0,5308.473961,17100.381408,22408.855369,1135,0,0.00,14.4297,1.0000
10470372.0,5309.035072,17103.748075,22412.783147,1136,0,0.00,14.4359,1.0000
10471323.0,5310.091739,17110.088075,22420.179814,1137,0,0.00,14.4422,1.0000
10471828.0,5310.652850,17113.454742,22424.107592,1138,0,0.00,14.4469,1.0000
10472083.0,5310.936183,17115.154742,22426.090925,1139,0,0.00,14.4516,1.0000
10473680.0,5312.710628,17125.801408,22438.512036,1140,0,0.00,14.4563,1.0000
10475310.0,5314.521739,17136.668075,22451.189814,1141,0,0.00,14.4938,1.0000
10476444.0,5315.781739,17144.228075,22460.009814,1142,0,0.00,14.4984,1.0000
10476744.0,5316.115072,17146.228075,22462.343147,1143,0,0.00,14.5219,1.0000
10477956.0,5317.461739,17154.308075,22471.769814,1144,0,0.00,14.5266,1.0000
10478057.0,5317.573961,17154.981408,22472.555369,1145,0,0.00,14.5313,1.0000
10479249.0,5318.898406,17162.928075,22481.826481,1146,0,0.00,14.5359,1.0000
10479784.0,5319.492850,17166.494742,22485.987592,1147,0,0.00,14.5734,1.0000
10481045.0,5320.893961,17174.901408,22495.795369,1148,0,0.00,14.5781,1.0000
10481242.0,5321.112850,17176.214742,22497.327592,1149,0,0.00,14.6156,1.0000
10481454.0,5321.348406,17177.628075,22498.976481,1150,0,0.00,14.6391,1.0000
10484454.0,5324.681739,17197.628075,22522.309814,1151,0,0.00,14.6641,1.0000
10484455.0,5324.682850,17197.634742,22522.317592,1152,0,0.00,14.6891,1.0000
10484476.0,5324.706183,17197.774742,22522.480925,1153,0,0.00,14.7141,1.0000
10484491.0,5324.722850,17197.874742,22522.597592,1154,0,0.00,14.7203,1.0000
10484743.0,5325.002850,17199.554742,22524.557592,1155,0,0.00,14.7250,1.0000
10486042.0,5326.446183,17208.214742,22534.660925,1156,0,0.00,14.7297,1.0000
10486687.0,5327.162850,17212.514742,22539.677592,1157,0,0.00,14.7578,1.0000
10486808.0,5327.297294,17213.321408,22540.618703,1158,0,0.00,14.7625,1.0000
10486962.0,5327.468406,17214.348075,22541.816481,1159,0,0.00,14.7672,1.0000
10487601.0,5328.178406,17218.608075,22546.786481,1160,0,0.00,14.7922,1.0000
10488913.0,5329.636183,17227.354742,22556.990925,1161,0,0.00,14.8016,1.0000
10489639.0,5330.442850,17232.194742,22562.637592,1162,0,0.00,14.8063,1.0000
10490091.0,5330.945072,17235.208075,22566.153147,1163,0,0.00,14.8313,1.0000
10490573.0,5331.480628,17238.421408,22569.902036,1164,0,0.00,14.8563,1.0000
10490608.0,5331.519517,17238.654742,22570.174258,1165,0,0.00,14.8609,1.0000
10491684.0,5332.715072,17245.828075,22578.543147,1166,0,0.00,14.9109,1.0000
10491859.0,5332.909517,17246.994742,22579.904258,1167,0,0.00,14.9172,1.0000
10492028.0,5333.097294,17248.121408,22581.218703,1168,0,0.00,14.9219,1.0000
10492770.0,5333.921739,17253.068075,22586.989814,1169,0,0.00,14.9266,1.0000
10492842.0,5334.001739,17253.548075,22587.549814,1170,0,0.00,14.9766,1.0000
10492842.0,5334.001739,17253.548075,22587.549814,1171,0,0.00,15.0266,1.0000
10493831.0,5335.100628,17260.141408,22595.242036,1172,0,0.00,15.0500,1.0000
10493917.0,5335.196183,17260.714742,22595.910925,1173,0,0.00,15.0750,1.0000
10494652.0,5336.012850,17265.614742,22601.627592,1174,0,0.00,15.0797,1.0000
10494733.0,5336.102850,17266.154742,22602.257592,1175,0,0.00,15.0844,1.0000
10495559.0,5337.020628,17271.661408,22608.682036,1176,0,0.00,15.0891,1.0000
10495656.0,5337.128406,17272.308075,22609.436481,1177,0,0.00,15.1078,1.0000
10495959.0,5337.465072,17274.328075,22611.793147,1178,0,0.00,15.1328,1.0000
10496603.0,5338.180628,17278.621408,22616.802036,1179,0,0.00,15.1375,1.0000
10496760.0,5338.355072,17279.668075,22618.023147,1180,0,0.00,15.1625,1.0000
10496918.0,5338.530628,17280.721408,22619.252036,1181,0,0.00,15.1859,1.0000
10496935.0,5338.549517,17280.834742,22619.384258,1182,0,0.00,15.2094,1.0000
10497137.0,5338.773961,17282.181408,22620.955369,1183,0,0.00,15.2375,1.0000
10497843.0,5339.558406,17286.888075,22626.446481,1184,0,0.00,15.2422,1.0000
10498252.0,5340.012850,17289.614742,22629.627592,1185,0,0.00,15.2703,1.0000
10498879.0,5340.709517,17293.794742,22634.504258,1186,0,0.00,15.2984,1.0000
10498922.0,5340.757294,17294.081408,22634.838703,1187,0,0.00,15.3031,1.0000
10499073.0,5340.925072,17295.088075,22636.013147,1188,0,0.00,15.3219,1.0000
10500430.0,5342.432850,17304.134742,22646.567592,1189,0,0.00,15.3266,1.0000
10501135.0,5343.216183,17308.834742,22652.050925,1190,0,0.00,15.3500,1.0000
10502555.0,5344.793961,17318.301408,22663.095369,1191,0,0.00,15.3594,1.0000
10502722.0,5344.979517,17319.414742,22664.394258,1192,0,0.00,15.3828,1.0000
10503163.0,5345.469517,17322.354742,22667.824258,1193,0,0.00,15.3875,1.0000
10503669.0,5346.031739,17325.728075,22671.759814,1194,0,0.00,15.4125,1.0000
10504051.0,5346.456183,17328.274742,22674.730925,1195,0,0.00,15.4375,1.0000
10505099.0,5347.620628,17335.261408,22682.882036,1196,0,0.00,15.4625,1.0000
10505913.0,5348.525072,17340.688075,22689.213147,1197,0,0.00,15.4672,1.0000
10506246.0,5348.895072,17342.908075,22691.803147,1198,0,0.00,15.4922,1.0000
10506463.0,5349.136183,17344.354742,22693.490925,1199,0,0.00,15.4969,1.0000
10507448.0,5350.230628,17350.921408,22701.152036,1200,0,0.00,15.5031,1.0000
10507735.0,5350.549517,17352.834742,22703.384258,1201,0,0.00,15.5078,1.0000
10510432.0,5353.546183,17370.814742,22724.360925,1202,0,0.00,15.5203,1.0000
10510433.0,5353.547294,17370.821408,22724.368703,1203,0,0.00,15.5328,1.0000
10510443.0,5353.558406,17370.888075,22724.446481,1204,0,0.00,15.5453,1.0000
10512265.0,5355.582850,17383.034742,22738.617592,1205,0,0.00,15.5734,1.0000
10512454.0,5355.792850,17384.294742,22740.087592,1206,0,0.00,15.5969,1.0000
10512819.0,5356.198406,17386.728075,22742.926481,1207,0,0.00,15.6031,1.0000
10513293.0,5356.725072,17389.888075,22746.613147,1208,0,0.00,15.6125,1.0000
10513355.0,5356.793961,17390.301408,22747.095369,1209,0,0.00,15.6250,1.0000
10513654.0,5357.126183,17392.294742,22749.420925,1210,0,0.00,15.6484,1.0000
10513771.0,5357.256183,17393.074742,22750.330925,1211,0,0.00,15.6531,1.0000
10514256.0,5357.795072,17396.308075,22754.103147,1212,0,0.00,15.6719,1.0000
10514908.0,5358.519517,17400.654742,22759.174258,1213,0,0.00,15.6969,1.0000
10515018.0,5358.641739,17401.388075,22760.029814,1214,0,0.00,15.7469,1.0000
10515072.0,5358.701739,17401.748075,22760.449814,1215,0,0.00,15.7719,1.0000
10515810.0,5359.521739,17406.668075,22766.189814,1216,0,0.00,15.7766,1.0000
10516174.0,5359.926183,17409.094742,22769.020925,1217,0,0.00,15.8266,1.0000
10516183.0,5359.936183,17409.154742,22769.090925,1218,0,0.00,15.8313,1.0000
10516262.0,5360.023961,17409.681408,22769.705369,1219,0,0.00,15.8375,1.0000
10516533.0,5360.325072,17411.488075,22771.813147,1220,0,0.00,15.8563,1.0000
10517376.0,5361.261739,17417.108075,22778.369814,1221,0,0.00,15.8750,1.0000
10519357.0,5363.462850,17430.314742,22793.777592,1222,0,0.00,15.8938,1.0000
10519631.0,5363.767294,17432.141408,22795.908703,1223,0,0.00,15.8984,1.0000
10520784.0,5365.048406,17439.828075,22804.876481,1224,0,0.00,15.9156,1.0000
10520922.0,5365.201739,17440.748075,22805.949814,1225,0,0.00,15.9406,1.0000
10521219.0,5365.531739,17442.728075,22808.259814,1226,0,0.00,15.9578,1.0000
10521993.0,5366.391739,17447.888075,22814.279814,1227,0,0.00,15.9672,1.0000
10522531.0,5366.989517,17451.474742,22818.464258,1228,0,0.00,15.9734,1.0000
10522531.0,5366.989517,17451.474742,22818.464258,1229,0,0.00,15.9797,1.0000
10524137.0,5368.773961,17462.181408,22830.955369,1230,0,0.00,16.0078,1.0000
10524173.0,5368.813961,17462.421408,22831.235369,1231,0,0.00,16.0359,1.0000
10524601.0,5369.289517,17465.274742,22834.564258,1232,0,0.00,16.0406,1.0000
10524836.0,5369.550628,17466.841408,22836.392036,1233,0,0.00,16.0453,1.0000
10525900.0,5370.732850,17473.934742,22844.667592,1234,0,0.00,16.0500,1.0000
10527174.0,5372.148406,17482.428075,22854.576481,1235,0,0.00,16.0547,1.0000
10527596.0,5372.617294,17485.241408,22857.858703,1236,0,0.00,16.0594,1.0000
10527655.0,5372.682850,17485.634742,22858.317592,1237,0,0.00,16.0641,1.0000
10527776.0,5372.817294,17486.441408,22859.258703,1238,0,0.00,16.0891,1.0000
10529173.0,5374.369517,17495.754742,22870.124258,1239,0,0.00,16.0938,1.0000
10529225.0,5374.427294,17496.101408,22870.528703,1240,0,0.00,16.0984,1.0000
10529568.0,5374.808406,17498.388075,22873.196481,1241,0,0.00,16.1031,1.0000
10530340.0,5375.666183,17503.534742,22879.200925,1242,0,0.00,16.1313,1.0000
10530341.0,5375.667294,17503.541408,22879.208703,1243,0,0.00,16.1594,1.0000
10530620.0,5375.977294,17505.401408,22881.378703,1244,0,0.00,16.1781,1.0000
10530828.0,5376.208406,17506.788075,22882.996481,1245,0,0.00,16.1828,1.0000
10531182.0,5376.601739,17509.148075,22885.749814,1246,0,0.00,16.1875,1.0000
10531439.0,5376.887294,17510.861408,22887.748703,1247,0,0.00,16.2125,1.0000
10531756.0,5377.239517,17512.974742,22890.214258,1248,0,0.00,16.2188,1.0000
10531868.0,5377.363961,17513.721408,22891.085369,1249,0,0.00,16.2438,1.0000
10531997.0,5377.507294,17514.581408,22892.088703,1250,0,0.00,16.2484,1.0000
10532135.0,5377.660628,17515.501408,22893.162036,1251,0,0.00,16.2531,1.0000
10532219.0,5377.753961,17516.061408,22893.815369,1252,0,0.00,16.2766,1.0000
10532455.0,5378.016183,17517.634742,22895.650925,1253,0,0.00,16.2813,1.0000
10534465.0,5380.249517,17531.034742,22911.284258,1254,0,0.00,16.3000,1.0000
10534494.0,5380.281739,17531.228075,22911.509814,1255,0,0.00,16.3188,1.0000
10534737.0,5380.551739,17532.848075,22913.399814,1256,0,0.00,16.3234,1.0000
10535088.0,5380.941739,17535.188075,22916.129814,1257,0,0.00,16.3469,1.0000
10535139.0,5380.998406,17535.528075,22916.526481,1258,0,0.00,16.3531,1.0000
10535843.0,5381.780628,17540.221408,22922.002036,1259,0,0.00,16.3578,1.0000
10537957.0,5384.129517,17554.314742,22938.444258,1260,0,0.00,16.3828,1.0000
10537958.0,5384.130628,17554.321408,22938.452036,1261,0,0.00,16.3875,1.0000
10538102.0,5384.290628,17555.281408,22939.572036,1262,0,0.00,16.3938,1.0000
10538657.0,5384.907294,17558.981408,22943.888703,1263,0,0.00,16.4438,1.0000
10538657.0,5384.907294,17558.981408,22943.888703,1264,0,0.00,16.4938,1.0000
10538658.0,5384.908406,17558.988075,22943.896481,1265,0,0.00,16.5438,1.0000
10539104.0,5385.403961,17561.961408,22947.365369,1266,0,0.00,16.5484,1.0000
10539516.0,5385.861739,17564.708075,22950.569814,1267,0,0.00,16.5672,1.0000
10539824.0,5386.203961,17566.761408,22952.965369,1268,0,0.00,16.6172,1.0000
10539860.0,5386.243961,17567.001408,22953.245369,1269,0,0.00,16.6406,1.0000
10541309.0,5387.853961,17576.661408,22964.515369,1270,0,0.00,16.6656,1.0000
10541438.0,5387.997294,17577.521408,22965.518703,1271,0,0.00,16.6703,1.0000
10541688.0,5388.275072,17579.188075,22967.463147,1272,0,0.00,16.6875,1.0000
10541891.0,5388.500628,17580.541408,22969.042036,1273,0,0.00,16.6922,1.0000
10542339.0,5388.998406,17583.528075,22972.526481,1274,0,0.00,16.6969,1.0000
10543069.0,5389.809517,17588.394742,22978.204258,1275,0,0.00,16.7203,1.0000
10543654.0,5390.459517,17592.294742,22982.754258,1276,0,0.00,16.7391,1.0000
10543893.0,5390.725072,17593.888075,22984.613147,1277,0,0.00,16.7516,1.0000
10545261.0,5392.245072,17603.008075,22995.253147,1278,0,0.00,16.7563,1.0000
10547435.0,5394.660628,17617.501408,23012.162036,1279,0,0.00,16.7688,1.0000
10547683.0,5394.936183,17619.154742,23014.090925,1280,0,0.00,16.7734,1.0000
10548009.0,5395.298406,17621.328075,23016.626481,1281,0,0.00,16.7781,1.0000
10548436.0,5395.772850,17624.174742,23019.947592,1282,0,0.00,16.7828,1.0000
10548764.0,5396.137294,17626.361408,23022.498703,1283,0,0.00,16.7891,1.0000
10549731.0,5397.211739,17632.808075,23030.019814,1284,0,0.00,16.7938,1.0000
10549799.0,5397.287294,17633.261408,23030.548703,1285,0,0.00,16.7984,1.0000
10550250.0,5397.788406,17636.268075,23034.056481,1286,0,0.00,16.8234,1.0000
10552241.0,5400.000628,17649.541408,23049.542036,1287,0,0.00,16.8359,1.0000
10552544.0,5400.337294,17651.561408,23051.898703,1288,0,0.00,16.8406,1.0000
10554159.0,5402.131739,17662.328075,23064.459814,1289,0,0.00,16.8641,1.0000
10554296.0,5402.283961,17663.241408,23065.525369,1290,0,0.00,16.8688,1.0000
10554770.0,5402.810628,17666.401408,23069.212036,1291,0,0.00,16.8734,1.0000
10554990.0,5403.055072,17667.868075,23070.923147,1292,0,0.00,16.8797,1.0000
10555568.0,5403.697294,17671.721408,23075.418703,1293,0,0.00,16.8844,1.0000
10556382.0,5404.601739,17677.148075,23081.749814,1294,0,0.00,16.8891,1.0000
10556443.0,5404.669517,17677.554742,23082.224258,1295,0,0.00,16.9125,1.0000
10556555.0,5404.793961,17678.301408,23083.095369,1296,0,0.00,16.9219,1.0000
10557308.0,5405.630628,17683.321408,23088.952036,1297,0,0.00,16.9469,1.0000
10557436.0,5405.772850,17684.174742,23089.947592,1298,0,0.00,16.9750,1.0000
10557611.0,5405.967294,17685.341408,23091.308703,1299,0,0.00,16.9797,1.0000
10557885.0,5406.271739,17687.168075,23093.439814,1300,0,0.00,16.9984,1.0000
10559926.0,5408.539517,17700.774742,23109.314258,1301,0,0.00,17.0219,1.0000
10561140.0,5409.888406,17708.868075,23118.756481,1302,0,0.00,17.0266,1.0000
10561410.0,5410.188406,17710.668075,23120.856481,1303,0,0.00,17.0313,1.0000
10561659.0,5410.465072,17712.328075,23122.793147,1304,0,0.00,17.0359,1.0000
10562001.0,5410.845072,17714.608075,23125.453147,1305,0,0.00,17.0859,1.0000
10562078.0,5410.930628,17715.121408,23126.052036,1306,0,0.00,17.0984,1.0000
10562577.0,5411.485072,17718.448075,23129.933147,1307,0,0.00,17.1484,1.0000
10562578.0,5411.486183,17718.454742,23129.940925,1308,0,0.00,17.1984,1.0000
10562578.0,5411.486183,17718.454742,23129.940925,1309,0,0.00,17.2484,1.0000
10563307.0,5412.296183,17723.314742,23135.610925,1310,0,0.00,17.2719,1.0000
10564588.0,5413.719517,17731.854742,23145.574258,1311,0,0.00,17.2766,1.0000
10565349.0,5414.565072,17736.928075,23151.493147,1312,0,0.00,17.2953,1.0000
10565357.0,5414.573961,17736.981408,23151.555369,1313,0,0.00,17.3141,1.0000
10565708.0,5414.963961,17739.321408,23154.285369,1314,0,0.00,17.3375,1.0000
10567150.0,5416.566183,17748.934742,23165.500925,1315,0,0.00,17.3547,1.0000
10567172.0,5416.590628,17749.081408,23165.672036,1316,0,0.00,17.3719,1.0000
10567375.0,5416.816183,17750.434742,23167.250925,1317,0,0.00,17.3969,1.0000
10567505.0,5416.960628,17751.301408,23168.262036,1318,0,0.00,17.4016,1.0000
10567539.0,5416.998406,17751.528075,23168.526481,1319,0,0.00,17.4266,1.0000
10567597.0,5417.062850,17751.914742,23168.977592,1320,0,0.00,17.4453,1.0000
10568396.0,5417.950628,17757.241408,23175.192036,1321,0,0.00,17.4500,1.0000
10569337.0,5418.996183,17763.514742,23182.510925,1322,0,0.00,17.4547,1.0000
10570778.0,5420.597294,17773.121408,23193.718703,1323,0,0.00,17.4734,1.0000
10571117.0,5420.973961,17775.381408,23196.355369,1324,0,0.00,17.4781,1.0000
10576207.0,5426.629517,17809.314742,23235.944258,1325,0,0.00,17.4828,1.0000
10576660.0,5427.132850,17812.334742,23239.467592,1326,0,0.00,17.4875,1.0000
10577946.0,5428.561739,17820.908075,23249.469814,1327,0,0.00,17.4922,1.0000
10579100.0,5429.843961,17828.601408,23258.445369,1328,0,0.00,17.4969,1.0000
10579946.0,5430.783961,17834.241408,23265.025369,1329,0,0.00,17.5016,1.0000
10580436.0,5431.328406,17837.508075,23268.836481,1330,0,0.00,17.5063,1.0000
10582475.0,5433.593961,17851.101408,23284.695369,1331,0,0.00,17.5250,1.0000
10584862.0,5436.246183,17867.014742,23303.260925,1332,0,0.00,17.5297,1.0000
10585655.0,5437.127294,17872.301408,23309.428703,1333,0,0.00,17.5359,1.0000
10586479.0,5438.042850,17877.794742,23315.837592,1334,0,0.00,17.5859,1.0000
10587516.0,5439.195072,17884.708075,23323.903147,1335,0,0.00,17.5906,1.0000
10594554.0,5447.015072,17931.628075,23378.643147,1336,0,0.00,17.5953,1.0000
10594953.0,5447.458406,17934.288075,23381.746481,1337,0,0.00,17.6141,1.0000
10596141.0,5448.778406,17942.208075,23390.986481,1338,0,0.00,17.6188,1.0000
10596156.0,5448.795072,17942.308075,23391.103147,1339,0,0.00,17.6313,1.0000
10597038.0,5449.775072,17948.188075,23397.963147,1340,0,0.00,17.6375,1.0000
10598857.0,5451.796183,17960.314742,23412.110925,1341,0,0.00,17.6422,1.0000
10600199.0,5453.287294,17969.261408,23422.548703,1342,0,0.00,17.6469,1.0000
10600473.0,5453.591739,17971.088075,23424.679814,1343,0,0.00,17.6656,1.0000
10602255.0,5455.571739,17982.968075,23438.539814,1344,0,0.00,17.6906,1.0000
10602456.0,5455.795072,17984.308075,23440.103147,1345,0,0.00,17.7094,1.0000
10602557.0,5455.907294,17984.981408,23440.888703,1346,0,0.00,17.7141,1.0000
10602939.0,5456.331739,17987.528075,23443.859814,1347,0,0.00,17.7250,1.0000
10603141.0,5456.556183,17988.874742,23445.430925,1348,0,0.00,17.7422,1.0000
10603497.0,5456.951739,17991.248075,23448.199814,1349,0,0.00,17.7672,1.0000
10603535.0,5456.993961,17991.501408,23448.495369,1350,0,0.00,17.7953,1.0000
10604208.0,5457.741739,17995.988075,23453.729814,1351,0,0.00,17.8125,1.0000
10604532.0,5458.101739,17998.148075,23456.249814,1352,0,0.00,17.8172,1.0000
10604707.0,5458.296183,17999.314742,23457.610925,1353,0,0.00,17.8344,1.0000
10605236.0,5458.883961,18002.841408,23461.725369,1354,0,0.00,17.8484,1.0000
10605761.0,5459.467294,18006.341408,23465.808703,1355,0,0.00,17.8672,1.0000
10606214.0,5459.970628,18009.361408,23469.332036,1356,0,0.00,17.8844,1.0000
10606251.0,5460.011739,18009.608075,23469.619814,1357,0,0.00,17.9016,1.0000
10606253.0,5460.013961,18009.621408,23469.635369,1358,0,0.00,17.9188,1.0000
10606258.0,5460.019517,18009.654742,23469.674258,1359,0,0.00,17.9359,1.0000
10606419.0,5460.198406,18010.728075,23470.926481,1360,0,0.00,17.9484,1.0000
10606788.0,5460.608406,18013.188075,23473.796481,1361,0,0.00,17.9531,1.0000
10607376.0,5461.261739,18017.108075,23478.369814,1362,0,0.00,17.9594,1.0000
10607398.0,5461.286183,18017.254742,23478.540925,1363,0,0.00,17.9641,1.0000
10607576.0,5461.483961,18018.441408,23479.925369,1364,0,0.00,17.9688,1.0000
10607608.0,5461.519517,18018.654742,23480.174258,1365,0,0.00,17.9859,1.0000
10607623.0,5461.536183,18018.754742,23480.290925,1366,0,0.00,18.0031,1.0000
10607663.0,5461.580628,18019.021408,23480.602036,1367,0,0.00,18.0078,1.0000
10607957.0,5461.907294,18020.981408,23482.888703,1368,0,0.00,18.0125,1.0000
10608029.0,5461.987294,18021.461408,23483.448703,1369,0,0.00,18.0172,1.0000
10608060.0,5462.021739,18021.668075,23483.689814,1370,0,0.00,18.0359,1.0000
10608064.0,5462.026183,18021.694742,23483.720925,1371,0,0.00,18.0641,1.0000
10608152.0,5462.123961,18022.281408,23484.405369,1372,0,0.00,18.0828,1.0000
10608654.0,5462.681739,18025.628075,23488.309814,1373,0,0.00,18.1328,1.0000
10608655.0,5462.682850,18025.634742,23488.317592,1374,0,0.00,18.1828,1.0000
10608731.0,5462.767294,18026.141408,23488.908703,1375,0,0.00,18.1891,1.0000
10608824.0,5462.870628,18026.761408,23489.632036,1376,0,0.00,18.2063,1.0000
10608911.0,5462.967294,18027.341408,23490.308703,1377,0,0.00,18.2234,1.0000
10608922.0,5462.979517,18027.414742,23490.394258,1378,0,0.00,18.2281,1.0000
10609035.0,5463.105072,18028.168075,23491.273147,1379,0,0.00,18.2469,1.0000
10609680.0,5463.821739,18032.468075,23496.289814,1380,0,0.00,18.2641,1.0000
10609831.0,5463.989517,18033.474742,23497.464258,1381,0,0.00,18.3141,1.0000
10609831.0,5463.989517,18033.474742,23497.464258,1382,0,0.00,18.3641,1.0000
10609833.0,5463.991739,18033.488075,23497.479814,1383,0,0.00,18.4141,1.0000
10610123.0,5464.313961,18035.421408,23499.735369,1384,0,0.00,18.4391,1.0000
10610472.0,5464.701739,18037.748075,23502.449814,1385,0,0.00,18.4438,1.0000
10610584.0,5464.826183,18038.494742,23503.320925,1386,0,0.00,18.4484,1.0000
10610643.0,5464.891739,18038.888075,23503.779814,1387,0,0.00,18.4531,1.0000
10610689.0,5464.942850,18039.194742,23504.137592,1388,0,0.00,18.4813,1.0000
10610690.0,5464.943961,18039.201408,23504.145369,1389,0,0.00,18.5094,1.0000
10610791.0,5465.056183,18039.874742,23504.930925,1390,0,0.00,18.5328,1.0000
10610840.0,5465.110628,18040.201408,23505.312036,1391,0,0.00,18.5500,1.0000
10610930.0,5465.210628,18040.801408,23506.012036,1392,0,0.00,18.5516,1.0000
10611007.0,5465.296183,18041.314742,23506.610925,1393,0,0.00,18.5578,1.0000
10611220.0,5465.532850,18042.734742,23508.267592,1394,0,0.00,18.5625,1.0000
10611619.0,5465.976183,18045.394742,23511.370925,1395,0,0.00,18.5672,1.0000
10611842.0,5466.223961,18046.881408,23513.105369,1396,0,0.00,18.5891,1.0000
10613212.0,5467.746183,18056.014742,23523.760925,1397,0,0.00,18.5953,1.0000
10613388.0,5467.941739,18057.188075,23525.129814,1398,0,0.00,18.6125,1.0000
10613616.0,5468.195072,18058.708075,23526.903147,1399,0,0.00,18.6406,1.0000
10613645.0,5468.227294,18058.901408,23527.128703,1400,0,0.00,18.6469,1.0000
10613853.0,5468.458406,18060.288075,23528.746481,1401,0,0.00,18.6516,1.0000
10614075.0,5468.705072,18061.768075,23530.473147,1402,0,0.00,18.6750,1.0000
10614151.0,5468.789517,18062.274742,23531.064258,1403,0,0.00,18.6922,1.0000
10614293.0,5468.947294,18063.221408,23532.168703,1404,0,0.00,18.6969,1.0000
10615260.0,5470.021739,18069.668075,23539.689814,1405,0,0.00,18.7016,1.0000
10615424.0,5470.203961,18070.761408,23540.965369,1406,0,0.00,18.7063,1.0000
10615584.0,5470.381739,18071.828075,23542.209814,1407,0,0.00,18.7109,1.0000
10616233.0,5471.102850,18076.154742,23547.257592,1408,0,0.00,18.7156,1.0000
10616771.0,5471.700628,18079.741408,23551.442036,1409,0,0.00,18.7188,1.0000
10617324.0,5472.315072,18083.428075,23555.743147,1410,0,0.00,18.7250,1.0000
10617651.0,5472.678406,18085.608075,23558.286481,1411,0,0.00,18.7531,1.0000
10617680.0,5472.710628,18085.801408,23558.512036,1412,0,0.00,18.7594,1.0000
10617694.0,5472.726183,18085.894742,23558.620925,1413,0,0.00,18.7656,1.0000
10617708.0,5472.741739,18085.988075,23558.729814,1414,0,0.00,18.7719,1.0000
10618001.0,5473.067294,18087.941408,23561.008703,1415,0,0.00,18.7781,1.0000
10618278.0,5473.375072,18089.788075,23563.163147,1416,0,0.00,18.7828,1.0000
10619240.0,5474.443961,18096.201408,23570.645369,1417,0,0.00,18.7875,1.0000
10619379.0,5474.598406,18097.128075,23571.726481,1418,0,0.00,18.8125,1.0000
10619480.0,5474.710628,18097.801408,23572.512036,1419,0,0.00,18.8297,1.0000
10619521.0,5474.756183,18098.074742,23572.830925,1420,0,0.00,18.8359,1.0000
10619523.0,5474.758406,18098.088075,23572.846481,1421,0,0.00,18.8422,1.0000
10619649.0,5474.898406,18098.928075,23573.826481,1422,0,0.00,18.8594,1.0000
10619925.0,5475.205072,18100.768075,23575.973147,1423,0,0.00,18.8656,1.0000
10620055.0,5475.349517,18101.634742,23576.984258,1424,0,0.00,18.8703,1.0000
10620914.0,5476.303961,18107.361408,23583.665369,1425,0,0.00,18.8938,1.0000
10620936.0,5476.328406,18107.508075,23583.836481,1426,0,0.00,18.9125,1.0000
10620997.0,5476.396183,18107.914742,23584.310925,1427,0,0.00,18.9313,1.0000
10621013.0,5476.413961,18108.021408,23584.435369,1428,0,0.00,18.9359,1.0000
10621070.0,5476.477294,18108.401408,23584.878703,1429,0,0.00,18.9594,1.0000
10621072.0,5476.479517,18108.414742,23584.894258,1430,0,0.00,18.9828,1.0000
10621075.0,5476.482850,18108.434742,23584.917592,1431,0,0.00,18.9875,1.0000
10621079.0,5476.487294,18108.461408,23584.948703,1432,0,0.00,18.9938,1.0000
10621163.0,5476.580628,18109.021408,23585.602036,1433,0,0.00,19.0172,1.0000
10621473.0,5476.925072,18111.088075,23588.013147,1434,0,0.00,19.0266,1.0000
10621534.0,5476.992850,18111.494742,23588.487592,1435,0,0.00,19.0313,1.0000
10621540.0,5476.999517,18111.534742,23588.534258,1436,0,0.00,19.0563,1.0000
10621911.0,5477.411739,18114.008075,23591.419814,1437,0,0.00,19.0797,1.0000
10622088.0,5477.608406,18115.188075,23592.796481,1438,0,0.00,19.0844,1.0000
10622215.0,5477.749517,18116.034742,23593.784258,1439,0,0.00,19.0891,1.0000
10622339.0,5477.887294,18116.861408,23594.748703,1440,0,0.00,19.1031,1.0000
10622381.0,5477.933961,18117.141408,23595.075369,1441,0,0.00,19.1266,1.0000
10622536.0,5478.106183,18118.174742,23596.280925,1442,0,0.00,19.1313,1.0000
10622843.0,5478.447294,18120.221408,23598.668703,1443,0,0.00,19.1375,1.0000
10622994.0,5478.615072,18121.228075,23599.843147,1444,0,0.00,19.1422,1.0000
10623089.0,5478.720628,18121.861408,23600.582036,1445,0,0.00,19.1469,1.0000
10623164.0,5478.803961,18122.361408,23601.165369,1446,0,0.00,19.1594,1.0000
10623875.0,5479.593961,18127.101408,23606.695369,1447,0,0.00,19.1844,1.0000
10623916.0,5479.639517,18127.374742,23607.014258,1448,0,0.00,19.1891,1.0000
10623951.0,5479.678406,18127.608075,23607.286481,1449,0,0.00,19.1938,1.0000
10623981.0,5479.711739,18127.808075,23607.519814,1450,0,0.00,19.1984,1.0000
10623984.0,5479.715072,18127.828075,23607.543147,1451,0,0.00,19.2031,1.0000
10624068.0,5479.808406,18128.388075,23608.196481,1452,0,0.00,19.2266,1.0000
10624182.0,5479.935072,18129.148075,23609.083147,1453,0,0.00,19.2313,1.0000
10624232.0,5479.990628,18129.481408,23609.472036,1454,0,0.00,19.2359,1.0000
10624269.0,5480.031739,18129.728075,23609.759814,1455,0,0.00,19.2406,1.0000
10624621.0,5480.422850,18132.074742,23612.497592,1456,0,0.00,19.2453,1.0000
10624837.0,5480.662850,18133.514742,23614.177592,1457,0,0.00,19.2500,1.0000
10625058.0,5480.908406,18134.988075,23615.896481,1458,0,0.00,19.2547,1.0000
10625248.0,5481.119517,18136.254742,23617.374258,1459,0,0.00,19.2609,1.0000
10625532.0,5481.435072,18138.148075,23619.583147,1460,0,0.00,19.2656,1.0000
10625567.0,5481.473961,18138.381408,23619.855369,1461,0,0.00,19.2703,1.0000
10625608.0,5481.519517,18138.654742,23620.174258,1462,0,0.00,19.2875,1.0000
10625887.0,5481.829517,18140.514742,23622.344258,1463,0,0.00,19.2922,1.0000
10625979.0,5481.931739,18141.128075,23623.059814,1464,0,0.00,19.2969,1.0000
10626014.0,5481.970628,18141.361408,23623.332036,1465,0,0.00,19.3016,1.0000
10626024.0,5481.981739,18141.428075,23623.409814,1466,0,0.00,19.3078,1.0000
10626288.0,5482.275072,18143.188075,23625.463147,1467,0,0.00,19.3125,1.0000
10626406.0,5482.406183,18143.974742,23626.380925,1468,0,0.00,19.3172,1.0000
10626422.0,5482.423961,18144.081408,23626.505369,1469,0,0.00,19.3344,1.0000
10626535.0,5482.549517,18144.834742,23627.384258,1470,0,0.00,19.3469,1.0000
10626709.0,5482.742850,18145.994742,23628.737592,1471,0,0.00,19.3609,1.0000
10626716.0,5482.750628,18146.041408,23628.792036,1472,0,0.00,19.3656,1.0000
10626940.0,5482.999517,18147.534742,23630.534258,1473,0,0.00,19.3781,1.0000
10626997.0,5483.062850,18147.914742,23630.977592,1474,0,0.00,19.3828,1.0000
10627009.0,5483.076183,18147.994742,23631.070925,1475,0,0.00,19.3875,1.0000
10627217.0,5483.307294,18149.381408,23632.688703,1476,0,0.00,19.3922,1.0000
10627477.0,5483.596183,18151.114742,23634.710925,1477,0,0.00,19.4172,1.0000
10627637.0,5483.773961,18152.181408,23635.955369,1478,0,0.00,19.4219,1.0000
10627657.0,5483.796183,18152.314742,23636.110925,1479,0,0.00,19.4406,1.0000
10627857.0,5484.018406,18153.648075,23637.666481,1480,0,0.00,19.4453,1.0000
10628078.0,5484.263961,18155.121408,23639.385369,1481,0,0.00,19.4500,1.0000
10628141.0,5484.333961,18155.541408,23639.875369,1482,0,0.00,19.4547,1.0000
10628171.0,5484.367294,18155.741408,23640.108703,1483,0,0.00,19.4594,1.0000
10628219.0,5484.420628,18156.061408,23640.482036,1484,0,0.00,19.4719,1.0000
10628333.0,5484.547294,18156.821408,23641.368703,1485,0,0.00,19.4766,1.0000
10628449.0,5484.676183,18157.594742,23642.270925,1486,0,0.00,19.4813,1.0000
10628579.0,5484.820628,18158.461408,23643.282036,1487,0,0.00,19.5063,1.0000
10628816.0,5485.083961,18160.041408,23645.125369,1488,0,0.00,19.5109,1.0000
10629037.0,5485.329517,18161.514742,23646.844258,1489,0,0.00,19.5297,1.0000
10629105.0,5485.405072,18161.968075,23647.373147,1490,0,0.00,19.5469,1.0000
10629108.0,5485.408406,18161.988075,23647.396481,1491,0,0.00,19.5531,1.0000
10629109.0,5485.409517,18161.994742,23647.404258,1492,0,0.00,19.5578,1.0000
10629464.0,5485.803961,18164.361408,23650.165369,1493,0,0.00,19.5625,1.0000
10629645.0,5486.005072,18165.568075,23651.573147,1494,0,0.00,19.5750,1.0000
10629692.0,5486.057294,18165.881408,23651.938703,1495,0,0.00,19.5797,1.0000
10630406.0,5486.850628,18170.641408,23657.492036,1496,0,0.00,19.5844,1.0000
10630982.0,5487.490628,18174.481408,23661.972036,1497,0,0.00,19.6078,1.0000
10631099.0,5487.620628,18175.261408,23662.882036,1498,0,0.00,19.6141,1.0000
10631353.0,5487.902850,18176.954742,23664.857592,1499,0,0.00,19.6203,1.0000
10632259.0,5488.909517,18182.994742,23671.904258,1500,0,0.00,19.6703,1.0000
10632371.0,5489.033961,18183.741408,23672.775369,1501,0,0.00,19.6875,1.0000
10632550.0,5489.232850,18184.934742,23674.167592,1502,0,0.00,19.6938,1.0000
10633142.0,5489.890628,18188.881408,23678.772036,1503,0,0.00,19.7109,1.0000
10633184.0,5489.937294,18189.161408,23679.098703,1504,0,0.00,19.7297,1.0000
10633237.0,5489.996183,18189.514742,23679.510925,1505,0,0.00,19.9172,1.0000
10633547.0,5490.340628,18191.581408,23681.922036,1506,0,0.00,19.9453,1.0000
10633621.0,5490.422850,18192.074742,23682.497592,1507,0,0.00,19.9953,1.0000
10633622.0,5490.423961,18192.081408,23682.505369,1508,0,0.00,20.0453,1.0000
10634435.0,5491.327294,18197.501408,23688.828703,1509,0,0.00,20.0625,1.0000
10634499.0,5491.398406,18197.928075,23689.326481,1510,0,0.00,20.0875,1.0000
10634588.0,5491.497294,18198.521408,23690.018703,1511,0,0.00,20.0938,1.0000
10634702.0,5491.623961,18199.281408,23690.905369,1512,0,0.00,20.0984,1.0000
10635133.0,5492.102850,18202.154742,23694.257592,1513,0,0.00,20.1172,1.0000
10635301.0,5492.289517,18203.274742,23695.564258,1514,0,0.00,20.1219,1.0000
10635708.0,5492.741739,18205.988075,23698.729814,1515,0,0.00,20.1281,1.0000
10636450.0,5493.566183,18210.934742,23704.500925,1516,0,0.00,20.1328,1.0000
10636604.0,5493.737294,18211.961408,23705.698703,1517,0,0.00,20.1375,1.0000
10636619.0,5493.753961,18212.061408,23705.815369,1518,0,0.00,20.1422,1.0000
10636821.0,5493.978406,18213.408075,23707.386481,1519,0,0.00,20.1547,1.0000
10636834.0,5493.992850,18213.494742,23707.487592,1520,0,0.00,20.1672,1.0000
10637322.0,5494.535072,18216.748075,23711.283147,1521,0,0.00,20.1719,1.0000
10637407.0,5494.629517,18217.314742,23711.944258,1522,0,0.00,20.1891,1.0000
10637671.0,5494.922850,18219.074742,23713.997592,1523,0,0.00,20.1938,1.0000
10637870.0,5495.143961,18220.401408,23715.545369,1524,0,0.00,20.1984,1.0000
10637935.0,5495.216183,18220.834742,23716.050925,1525,0,0.00,20.2031,1.0000
10638056.0,5495.350628,18221.641408,23716.992036,1526,0,0.00,20.2078,1.0000
10638109.0,5495.409517,18221.994742,23717.404258,1527,0,0.00,20.2250,1.0000
10638114.0,5495.415072,18222.028075,23717.443147,1528,0,0.00,20.2375,1.0000
10638115.0,5495.416183,18222.034742,23717.450925,1529,0,0.00,20.2438,1.0000
10638273.0,5495.591739,18223.088075,23718.679814,1530,0,0.00,20.2484,1.0000
10638595.0,5495.949517,18225.234742,23721.184258,1531,0,0.00,20.2531,1.0000
10638652.0,5496.012850,18225.614742,23721.627592,1532,0,0.00,20.2703,1.0000
10638729.0,5496.098406,18226.128075,23722.226481,1533,0,0.00,20.2750,1.0000
10638744.0,5496.115072,18226.228075,23722.343147,1534,0,0.00,20.2875,1.0000
10638906.0,5496.295072,18227.308075,23723.603147,1535,0,0.00,20.3047,1.0000
10639074.0,5496.481739,18228.428075,23724.909814,1536,0,0.00,20.3094,1.0000
10639297.0,5496.729517,18229.914742,23726.644258,1537,0,0.00,20.3141,1.0000
10639399.0,5496.842850,18230.594742,23727.437592,1538,0,0.00,20.3188,1.0000
10639496.0,5496.950628,18231.241408,23728.192036,1539,0,0.00,20.3234,1.0000
10639679.0,5497.153961,18232.461408,23729.615369,1540,0,0.00,20.3297,1.0000
10639890.0,5497.388406,18233.868075,23731.256481,1541,0,0.00,20.3344,1.0000
10639932.0,5497.435072,18234.148075,23731.583147,1542,0,0.00,20.3391,1.0000
10639998.0,5497.508406,18234.588075,23732.096481,1543,0,0.00,20.3516,1.0000
10640082.0,5497.601739,18235.148075,23732.749814,1544,0,0.00,20.3703,1.0000
10640985.0,5498.605072,18241.168075,23739.773147,1545,0,0.00,20.3750,1.0000
10641008.0,5498.630628,18241.321408,23739.952036,1546,0,0.00,20.3875,1.0000
10641174.0,5498.815072,18242.428075,23741.243147,1547,0,0.00,20.4047,1.0000
10641229.0,5498.876183,18242.794742,23741.670925,1548,0,0.00,20.4219,1.0000
10641293.0,5498.947294,18243.221408,23742.168703,1549,0,0.00,20.4266,1.0000
10641464.0,5499.137294,18244.361408,23743.498703,1550,0,0.00,20.4313,1.0000
10641548.0,5499.230628,18244.921408,23744.152036,1551,0,0.00,20.4359,1.0000
10641879.0,5499.598406,18247.128075,23746.726481,1552,0,0.00,20.4406,1.0000
10641958.0,5499.686183,18247.654742,23747.340925,1553,0,0.00,20.4453,1.0000
10642072.0,5499.812850,18248.414742,23748.227592,1554,0,0.00,20.4500,1.0000
10642124.0,5499.870628,18248.761408,23748.632036,1555,0,0.00,20.4625,1.0000
10642305.0,5500.071739,18249.968075,23750.039814,1556,0,0.00,20.4672,1.0000
10642400.0,5500.177294,18250.601408,23750.778703,1557,0,0.00,20.4797,1.0000
10642530.0,5500.321739,18251.468075,23751.789814,1558,0,0.00,20.4844,1.0000
10642628.0,5500.430628,18252.121408,23752.552036,1559,0,0.00,20.5094,1.0000
10642768.0,5500.586183,18253.054742,23753.640925,1560,0,0.00,20.5141,1.0000
10642876.0,5500.706183,18253.774742,23754.480925,1561,0,0.00,20.5188,1.0000
10642988.0,5500.830628,18254.521408,23755.352036,1562,0,0.00,20.5234,1.0000
10643160.0,5501.021739,18255.668075,23756.689814,1563,0,0.00,20.5359,1.0000
10643184.0,5501.048406,18255.828075,23756.876481,1564,0,0.00,20.5406,1.0000
10643268.0,5501.141739,18256.388075,23757.529814,1565,0,0.00,20.5469,1.0000
10643384.0,5501.270628,18257.161408,23758.432036,1566,0,0.00,20.5531,1.0000
10643423.0,5501.313961,18257.421408,23758.735369,1567,0,0.00,20.5578,1.0000
10643478.0,5501.375072,18257.788075,23759.163147,1568,0,0.00,20.5641,1.0000
10643478.0,5501.375072,18257.788075,23759.163147,1569,0,0.00,20.5703,1.0000
10643599.0,5501.509517,18258.594742,23760.104258,1570,0,0.00,20.5766,1.0000
10643661.0,5501.578406,18259.008075,23760.586481,1571,0,0.00,20.5813,1.0000
10644001.0,5501.956183,18261.274742,23763.230925,1572,0,0.00,20.5859,1.0000
10644275.0,5502.260628,18263.101408,23765.362036,1573,0,0.00,20.5984,1.0000
10644279.0,5502.265072,18263.128075,23765.393147,1574,0,0.00,20.6266,1.0000
10644349.0,5502.342850,18263.594742,23765.937592,1575,0,0.00,20.6453,1.0000
10644350.0,5502.343961,18263.601408,23765.945369,1576,0,0.00,20.6641,1.0000
10644355.0,5502.349517,18263.634742,23765.984258,1577,0,0.00,20.6828,1.0000
10644680.0,5502.710628,18265.801408,23768.512036,1578,0,0.00,20.6875,1.0000
10644683.0,5502.713961,18265.821408,23768.535369,1579,0,0.00,20.7063,1.0000
10645428.0,5503.541739,18270.788075,23774.329814,1580,0,0.00,20.7188,1.0000
10645640.0,5503.777294,18272.201408,23775.978703,1581,0,0.00,20.7234,1.0000
10646016.0,5504.195072,18274.708075,23778.903147,1582,0,0.00,20.7469,1.0000
10646050.0,5504.232850,18274.934742,23779.167592,1583,0,0.00,20.7516,1.0000
10646071.0,5504.256183,18275.074742,23779.330925,1584,0,0.00,20.7563,1.0000
10646471.0,5504.700628,18277.741408,23782.442036,1585,0,0.00,20.7609,1.0000
10646508.0,5504.741739,18277.988075,23782.729814,1586,0,0.00,20.7656,1.0000
10646512.0,5504.746183,18278.014742,23782.760925,1587,0,0.00,20.7703,1.0000
10646562.0,5504.801739,18278.348075,23783.149814,1588,0,0.00,20.7828,1.0000
10646569.0,5504.809517,18278.394742,23783.204258,1589,0,0.00,20.7953,1.0000
10646759.0,5505.020628,18279.661408,23784.682036,1590,0,0.00,20.8078,1.0000
10646777.0,5505.040628,18279.781408,23784.822036,1591,0,0.00,20.8203,1.0000
10647070.0,5505.366183,18281.734742,23787.100925,1592,0,0.00,20.8266,1.0000
10647574.0,5505.926183,18285.094742,23791.020925,1593,0,0.00,20.8313,1.0000
10647629.0,5505.987294,18285.461408,23791.448703,1594,0,0.00,20.8563,1.0000
10647871.0,5506.256183,18287.074742,23793.330925,1595,0,0.00,20.8625,1.0000
10648174.0,5506.592850,18289.094742,23795.687592,1596,0,0.00,20.8672,1.0000
10648541.0,5507.000628,18291.541408,23798.542036,1597,0,0.00,20.8719,1.0000
10648627.0,5507.096183,18292.114742,23799.210925,1598,0,0.00,20.8844,1.0000
10648766.0,5507.250628,18293.041408,23800.292036,1599,0,0.00,20.8891,1.0000
10648822.0,5507.312850,18293.414742,23800.727592,1600,0,0.00,20.8938,1.0000
10648890.0,5507.388406,18293.868075,23801.256481,1601,0,0.00,20.9172,1.0000
10648940.0,5507.443961,18294.201408,23801.645369,1602,0,0.00,20.9297,1.0000
10649133.0,5507.658406,18295.488075,23803.146481,1603,0,0.00,20.9359,1.0000
10649150.0,5507.677294,18295.601408,23803.278703,1604,0,0.00,20.9531,1.0000
10649991.0,5508.611739,18301.208075,23809.819814,1605,0,0.00,20.9578,1.0000
10650038.0,5508.663961,18301.521408,23810.185369,1606,0,0.00,20.9703,1.0000
10650241.0,5508.889517,18302.874742,23811.764258,1607,0,0.00,20.9750,1.0000
10651499.0,5510.287294,18311.261408,23821.548703,1608,0,0.00,20.9891,1.0000
10651698.0,5510.508406,18312.588075,23823.096481,1609,0,0.00,20.9938,1.0000
10651826.0,5510.650628,18313.441408,23824.092036,1610,0,0.00,20.9984,1.0000
10652054.0,5510.903961,18314.961408,23825.865369,1611,0,0.00,21.0047,1.0000
10652600.0,5511.510628,18318.601408,23830.112036,1612,0,0.00,21.0094,1.0000
10652637.0,5511.551739,18318.848075,23830.399814,1613,0,0.00,21.0141,1.0000
10652875.0,5511.816183,18320.434742,23832.250925,1614,0,0.00,21.0188,1.0000
10652941.0,5511.889517,18320.874742,23832.764258,1615,0,0.00,21.0234,1.0000
10653290.0,5512.277294,18323.201408,23835.478703,1616,0,0.00,21.0281,1.0000
10653875.0,5512.927294,18327.101408,23840.028703,1617,0,0.00,21.0469,1.0000
10654717.0,5513.862850,18332.714742,23846.577592,1618,0,0.00,21.0516,1.0000
10655122.0,5514.312850,18335.414742,23849.727592,1619,0,0.00,21.0750,1.0000
10656080.0,5515.377294,18341.801408,23857.178703,1620,0,0.00,21.1250,1.0000
10656273.0,5515.591739,18343.088075,23858.679814,1621,0,0.00,21.1297,1.0000
10656453.0,5515.791739,18344.288075,23860.079814,1622,0,0.00,21.1484,1.0000
10656697.0,5516.062850,18345.914742,23861.977592,1623,0,0.00,21.1547,1.0000
10656856.0,5516.239517,18346.974742,23863.214258,1624,0,0.00,21.2047,1.0000
10657497.0,5516.951739,18351.248075,23868.199814,1625,0,0.00,21.2547,1.0000
10657876.0,5517.372850,18353.774742,23871.147592,1626,0,0.00,21.2672,1.0000
10657877.0,5517.373961,18353.781408,23871.155369,1627,0,0.00,21.2797,1.0000
10657877.0,5517.373961,18353.781408,23871.155369,1628,0,0.00,21.2922,1.0000
10658378.0,5517.930628,18357.121408,23875.052036,1629,0,0.00,21.3094,1.0000
10658479.0,5518.042850,18357.794742,23875.837592,1630,0,0.00,21.3141,1.0000
10659595.0,5519.282850,18365.234742,23884.517592,1631,0,0.00,21.3188,1.0000
10661315.0,5521.193961,18376.701408,23897.895369,1632,0,0.00,21.3375,1.0000
10661745.0,5521.671739,18379.568075,23901.239814,1633,0,0.00,21.3469,1.0000
10662507.0,5522.518406,18384.648075,23907.166481,1634,0,0.00,21.3516,1.0000
10663658.0,5523.797294,18392.321408,23916.118703,1635,0,0.00,21.3563,1.0000
10663820.0,5523.977294,18393.401408,23917.378703,1636,0,0.00,21.3797,1.0000
10665002.0,5525.290628,18401.281408,23926.572036,1637,0,0.00,21.3844,1.0000
10666012.0,5526.412850,18408.014742,23934.427592,1638,0,0.00,21.3891,1.0000
10666224.0,5526.648406,18409.428075,23936.076481,1639,0,0.00,21.3938,1.0000
10667061.0,5527.578406,18415.008075,23942.586481,1640,0,0.00,21.3984,1.0000
10667135.0,5527.660628,18415.501408,23943.162036,1641,0,0.00,21.4172,1.0000
10667435.0,5527.993961,18417.501408,23945.495369,1642,0,0.00,21.4359,1.0000
10667495.0,5528.060628,18417.901408,23945.962036,1643,0,0.00,21.4547,1.0000
10667961.0,5528.578406,18421.008075,23949.586481,1644,0,0.00,21.4594,1.0000
10668061.0,5528.689517,18421.674742,23950.364258,1645,0,0.00,21.4656,1.0000
10668813.0,5529.525072,18426.688075,23956.213147,1646,0,0.00,21.4703,1.0000
10668962.0,5529.690628,18427.681408,23957.372036,1647,0,0.00,21.4750,1.0000
10669358.0,5530.130628,18430.321408,23960.452036,1648,0,0.00,21.4813,1.0000
10670719.0,5531.642850,18439.394742,23971.037592,1649,0,0.00,21.5047,1.0000
10671173.0,5532.147294,18442.421408,23974.568703,1650,0,0.00,21.5297,1.0000
10671956.0,5533.017294,18447.641408,23980.658703,1651,0,0.00,21.5344,1.0000
10672357.0,5533.462850,18450.314742,23983.777592,1652,0,0.00,21.5469,1.0000
10673046.0,5534.228406,18454.908075,23989.136481,1653,0,0.00,21.5516,1.0000
10674417.0,5535.751739,18464.048075,23999.799814,1654,0,0.00,21.5750,1.0000
10674683.0,5536.047294,18465.821408,24001.868703,1655,0,0.00,21.5797,1.0000
10675622.0,5537.090628,18472.081408,24009.172036,1656,0,0.00,21.5859,1.0000
10676175.0,5537.705072,18475.768075,24013.473147,1657,0,0.00,21.6094,1.0000
10676483.0,5538.047294,18477.821408,24015.868703,1658,0,0.00,21.6328,1.0000
10677565.0,5539.249517,18485.034742,24024.284258,1659,0,0.00,21.6375,1.0000
10679143.0,5541.002850,18495.554742,24036.557592,1660,0,0.00,21.6422,1.0000
10679382.0,5541.268406,18497.148075,24038.416481,1661,0,0.00,21.6469,1.0000
10679807.0,5541.740628,18499.981408,24041.722036,1662,0,0.00,21.6703,1.0000
10680336.0,5542.328406,18503.508075,24045.836481,1663,0,0.00,21.6891,1.0000
10680346.0,5542.339517,18503.574742,24045.914258,1664,0,0.00,21.6938,1.0000
10680596.0,5542.617294,18505.241408,24047.858703,1665,0,0.00,21.7438,1.0000
10680596.0,5542.617294,18505.241408,24047.858703,1666,0,0.00,21.7938,1.0000
10680601.0,5542.622850,18505.274742,24047.897592,1667,0,0.00,21.8438,1.0000
10681180.0,5543.266183,18509.134742,24052.400925,1668,0,0.00,21.8938,1.0000
10681180.0,5543.266183,18509.134742,24052.400925,1669,0,0.00,21.9438,1.0000
10683715.0,5546.082850,18526.034742,24072.117592,1670,0,0.00,21.9500,1.0000
10683745.0,5546.116183,18526.234742,24072.350925,1671,0,0.00,21.9625,1.0000
10683747.0,5546.118406,18526.248075,24072.366481,1672,0,0.00,21.9750,1.0000
10684047.0,5546.451739,18528.248075,24074.699814,1673,0,0.00,21.9797,1.0000
10684998.0,5547.508406,18534.588075,24082.096481,1674,0,0.00,21.9844,1.0000
10687169.0,5549.920628,18549.061408,24098.982036,1675,0,0.00,21.9891,1.0000
10687855.0,5550.682850,18553.634742,24104.317592,1676,0,0.00,21.9938,1.0000
10687893.0,5550.725072,18553.888075,24104.613147,1677,0,0.00,22.0125,1.0000
10688894.0,5551.837294,18560.561408,24112.398703,1678,0,0.00,22.0172,1.0000
10689220.0,5552.199517,18562.734742,24114.934258,1679,0,0.00,22.0422,1.0000
10689757.0,5552.796183,18566.314742,24119.110925,1680,0,0.00,22.0594,1.0000
10689883.0,5552.936183,18567.154742,24120.090925,1681,0,0.00,22.0641,1.0000
10689955.0,5553.016183,18567.634742,24120.650925,1682,0,0.00,22.0688,1.0000
10689994.0,5553.059517,18567.894742,24120.954258,1683,0,0.00,22.0813,1.0000
10690004.0,5553.070628,18567.961408,24121.032036,1684,0,0.00,22.0875,1.0000
10690011.0,5553.078406,18568.008075,24121.086481,1685,0,0.00,22.0922,1.0000
10690314.0,5553.415072,18570.028075,24123.443147,1686,0,0.00,22.0969,1.0000
10690695.0,5553.838406,18572.568075,24126.406481,1687,0,0.00,22.1016,1.0000
10691001.0,5554.178406,18574.608075,24128.786481,1688,0,0.00,22.1063,1.0000
10691064.0,5554.248406,18575.028075,24129.276481,1689,0,0.00,22.1109,1.0000
10691284.0,5554.492850,18576.494742,24130.987592,1690,0,0.00,22.1156,1.0000
10691513.0,5554.747294,18578.021408,24132.768703,1691,0,0.00,22.1406,1.0000
10691553.0,5554.791739,18578.288075,24133.079814,1692,0,0.00,22.1656,1.0000
10691557.0,5554.796183,18578.314742,24133.110925,1693,0,0.00,22.1906,1.0000
10691565.0,5554.805072,18578.368075,24133.173147,1694,0,0.00,22.2156,1.0000
10692130.0,5555.432850,18582.134742,24137.567592,1695,0,0.00,22.2203,1.0000
10692277.0,5555.596183,18583.114742,24138.710925,1696,0,0.00,22.3578,1.0000
10692393.0,5555.725072,18583.888075,24139.613147,1697,0,0.00,22.3625,1.0000
10692471.0,5555.811739,18584.408075,24140.219814,1698,0,0.00,22.3797,1.0000
10693137.0,5556.551739,18588.848075,24145.399814,1699,0,0.00,22.3922,1.0000
10693277.0,5556.707294,18589.781408,24146.488703,1700,0,0.00,22.4156,1.0000
10693630.0,5557.099517,18592.134742,24149.234258,1701,0,0.00,22.4203,1.0000
10693799.0,5557.287294,18593.261408,24150.548703,1702,0,0.00,22.4250,1.0000
10693843.0,5557.336183,18593.554742,24150.890925,1703,0,0.00,22.4438,1.0000
10694113.0,5557.636183,18595.354742,24152.990925,1704,0,0.00,22.4500,1.0000
10694362.0,5557.912850,18597.014742,24154.927592,1705,0,0.00,22.4547,1.0000
10694679.0,5558.265072,18599.128075,24157.393147,1706,0,0.00,22.4594,1.0000
10694806.0,5558.406183,18599.974742,24158.380925,1707,0,0.00,22.4641,1.0000
10694906.0,5558.517294,18600.641408,24159.158703,1708,0,0.00,22.4688,1.0000
10695204.0,5558.848406,18602.628075,24161.476481,1709,0,0.00,22.4734,1.0000
10695272.0,5558.923961,18603.081408,24162.005369,1710,0,0.00,22.4781,1.0000
10695393.0,5559.058406,18603.888075,24162.946481,1711,0,0.00,22.5016,1.0000
10695455.0,5559.127294,18604.301408,24163.428703,1712,0,0.00,22.5250,1.0000
10695522.0,5559.201739,18604.748075,24163.949814,1713,0,0.00,22.5297,1.0000
10695666.0,5559.361739,18605.708075,24165.069814,1714,0,0.00,22.5469,1.0000
10695717.0,5559.418406,18606.048075,24165.466481,1715,0,0.00,22.5516,1.0000
10695739.0,5559.442850,18606.194742,24165.637592,1716,0,0.00,22.5563,1.0000
10695900.0,5559.621739,18607.268075,24166.889814,1717,0,0.00,22.5734,1.0000
10695939.0,5559.665072,18607.528075,24167.193147,1718,0,0.00,22.5797,1.0000
10696159.0,5559.909517,18608.994742,24168.904258,1719,0,0.00,22.5922,1.0000
10696189.0,5559.942850,18609.194742,24169.137592,1720,0,0.00,22.5969,1.0000
10696372.0,5560.146183,18610.414742,24170.560925,1721,0,0.00,22.6016,1.0000
10696595.0,5560.393961,18611.901408,24172.295369,1722,0,0.00,22.6250,1.0000
10696678.0,5560.486183,18612.454742,24172.940925,1723,0,0.00,22.6297,1.0000
10696883.0,5560.713961,18613.821408,24174.535369,1724,0,0.00,22.6344,1.0000
10696996.0,5560.839517,18614.574742,24175.414258,1725,0,0.00,22.6391,1.0000
10697207.0,5561.073961,18615.981408,24177.055369,1726,0,0.00,22.6516,1.0000
10697448.0,5561.341739,18617.588075,24178.929814,1727,0,0.00,22.6563,1.0000
10697495.0,5561.393961,18617.901408,24179.295369,1728,0,0.00,22.6688,1.0000
10697537.0,5561.440628,18618.181408,24179.622036,1729,0,0.00,22.6750,1.0000
10697677.0,5561.596183,18619.114742,24180.710925,1730,0,0.00,22.7000,1.0000
10697699.0,5561.620628,18619.261408,24180.882036,1731,0,0.00,22.7125,1.0000
10699813.0,5563.969517,18633.354742,24197.324258,1732,0,0.00,22.7375,1.0000
10701015.0,5565.305072,18641.368075,24206.673147,1733,0,0.00,22.7422,1.0000
10701611.0,5565.967294,18645.341408,24211.308703,1734,0,0.00,22.7484,1.0000
10701674.0,5566.037294,18645.761408,24211.798703,1735,0,0.00,22.7719,1.0000
10701674.0,5566.037294,18645.761408,24211.798703,1736,0,0.00,22.7953,1.0000
10701870.0,5566.255072,18647.068075,24213.323147,1737,0,0.00,22.8000,1.0000
10702087.0,5566.496183,18648.514742,24215.010925,1738,0,0.00,22.8172,1.0000
10702237.0,5566.662850,18649.514742,24216.177592,1739,0,0.00,22.8359,1.0000
10702950.0,5567.455072,18654.268075,24221.723147,1740,0,0.00,22.8594,1.0000
10703308.0,5567.852850,18656.654742,24224.507592,1741,0,0.00,22.8828,1.0000
10703545.0,5568.116183,18658.234742,24226.350925,1742,0,0.00,22.9328,1.0000
10703619.0,5568.198406,18658.728075,24226.926481,1743,0,0.00,22.9516,1.0000
10703820.0,5568.421739,18660.068075,24228.489814,1744,0,0.00,22.9688,1.0000
10703900.0,5568.510628,18660.601408,24229.112036,1745,0,0.00,22.9875,1.0000
10704081.0,5568.711739,18661.808075,24230.519814,1746,0,0.00,23.0063,1.0000
10704127.0,5568.762850,18662.114742,24230.877592,1747,0,0.00,23.0563,1.0000
10704128.0,5568.763961,18662.121408,24230.885369,1748,0,0.00,23.1063,1.0000
10704162.0,5568.801739,18662.348075,24231.149814,1749,0,0.00,23.1250,1.0000
10704395.0,5569.060628,18663.901408,24232.962036,1750,0,0.00,23.1422,1.0000
10704404.0,5569.070628,18663.961408,24233.032036,1751,0,0.00,23.1594,1.0000
10704703.0,5569.402850,18665.954742,24235.357592,1752,0,0.00,23.2094,1.0000
10704811.0,5569.522850,18666.674742,24236.197592,1753,0,0.00,23.2141,1.0000
10704947.0,5569.673961,18667.581408,24237.255369,1754,0,0.00,23.2188,1.0000
10705037.0,5569.773961,18668.181408,24237.955369,1755,0,0.00,23.2234,1.0000
10705216.0,5569.972850,18669.374742,24239.347592,1756,0,0.00,23.2406,1.0000
10705282.0,5570.046183,18669.814742,24239.860925,1757,0,0.00,23.2578,1.0000
10705342.0,5570.112850,18670.214742,24240.327592,1758,0,0.00,23.2625,1.0000
10705525.0,5570.316183,18671.434742,24241.750925,1759,0,0.00,23.2906,1.0000
10705525.0,5570.316183,18671.434742,24241.750925,1760,0,0.00,23.3188,1.0000
10706343.0,5571.225072,18676.888075,24248.113147,1761,0,0.00,23.3250,1.0000
10706467.0,5571.362850,18677.714742,24249.077592,1762,0,0.00,23.3313,1.0000
10707394.0,5572.392850,18683.894742,24256.287592,1763,0,0.00,23.3547,1.0000
10708156.0,5573.239517,18688.974742,24262.214258,1764,0,0.00,23.3672,1.0000
10708284.0,5573.381739,18689.828075,24263.209814,1765,0,0.00,23.3719,1.0000
10708418.0,5573.530628,18690.721408,24264.252036,1766,0,0.00,23.3906,1.0000
10708551.0,5573.678406,18691.608075,24265.286481,1767,0,0.00,23.4078,1.0000
10708596.0,5573.728406,18691.908075,24265.636481,1768,0,0.00,23.4266,1.0000
10708879.0,5574.042850,18693.794742,24267.837592,1769,0,0.00,23.4313,1.0000
10710068.0,5575.363961,18701.721408,24277.085369,1770,0,0.00,23.4484,1.0000
10710115.0,5575.416183,18702.034742,24277.450925,1771,0,0.00,23.4656,1.0000
10710154.0,5575.459517,18702.294742,24277.754258,1772,0,0.00,23.4781,1.0000
10710174.0,5575.481739,18702.428075,24277.909814,1773,0,0.00,23.4828,1.0000
10710260.0,5575.577294,18703.001408,24278.578703,1774,0,0.00,23.4875,1.0000
10710382.0,5575.712850,18703.814742,24279.527592,1775,0,0.00,23.4922,1.0000
10711110.0,5576.521739,18708.668075,24285.189814,1776,0,0.00,23.4969,1.0000
10711209.0,5576.631739,18709.328075,24285.959814,1777,0,0.00,23.5031,1.0000
10711222.0,5576.646183,18709.414742,24286.060925,1778,0,0.00,23.5094,1.0000
10711224.0,5576.648406,18709.428075,24286.076481,1779,0,0.00,23.5156,1.0000
10711265.0,5576.693961,18709.701408,24286.395369,1780,0,0.00,23.5281,1.0000
10711456.0,5576.906183,18710.974742,24287.880925,1781,0,0.00,23.5453,1.0000
10711517.0,5576.973961,18711.381408,24288.355369,1782,0,0.00,23.5625,1.0000
10711520.0,5576.977294,18711.401408,24288.378703,1783,0,0.00,23.5797,1.0000
10711540.0,5576.999517,18711.534742,24288.534258,1784,0,0.00,23.5922,1.0000
10711742.0,5577.223961,18712.881408,24290.105369,1785,0,0.00,23.6203,1.0000
10711854.0,5577.348406,18713.628075,24290.976481,1786,0,0.00,23.6375,1.0000
10712000.0,5577.510628,18714.601408,24292.112036,1787,0,0.00,23.6656,1.0000
10712044.0,5577.559517,18714.894742,24292.454258,1788,0,0.00,23.6828,1.0000
10712251.0,5577.789517,18716.274742,24294.064258,1789,0,0.00,23.6891,1.0000
10712254.0,5577.792850,18716.294742,24294.087592,1790,0,0.00,23.6938,1.0000
10712494.0,5578.059517,18717.894742,24295.954258,1791,0,0.00,23.6984,1.0000
10712579.0,5578.153961,18718.461408,24296.615369,1792,0,0.00,23.7156,1.0000
10712677.0,5578.262850,18719.114742,24297.377592,1793,0,0.00,23.7219,1.0000
10713332.0,5578.990628,18723.481408,24302.472036,1794,0,0.00,23.7391,1.0000
10713333.0,5578.991739,18723.488075,24302.479814,1795,0,0.00,23.7563,1.0000
10713339.0,5578.998406,18723.528075,24302.526481,1796,0,0.00,23.7813,1.0000
10713399.0,5579.065072,18723.928075,24302.993147,1797,0,0.00,23.7875,1.0000
10714998.0,5580.841739,18734.588075,24315.429814,1798,0,0.00,23.8047,1.0000
10715344.0,5581.226183,18736.894742,24318.120925,1799,0,0.00,23.8109,1.0000
10715679.0,5581.598406,18739.128075,24320.726481,1800,0,0.00,23.8359,1.0000
10716310.0,5582.299517,18743.334742,24325.634258,1801,0,0.00,23.8531,1.0000
10716405.0,5582.405072,18743.968075,24326.373147,1802,0,0.00,23.8703,1.0000
10716963.0,5583.025072,18747.688075,24330.713147,1803,0,0.00,23.8891,1.0000
10717093.0,5583.169517,18748.554742,24331.724258,1804,0,0.00,23.9063,1.0000
10717116.0,5583.195072,18748.708075,24331.903147,1805,0,0.00,23.9250,1.0000
10717116.0,5583.195072,18748.708075,24331.903147,1806,0,0.00,23.9438,1.0000
10717191.0,5583.278406,18749.208075,24332.486481,1807,0,0.00,23.9625,1.0000
10717233.0,5583.325072,18749.488075,24332.813147,1808,0,0.00,23.9813,1.0000
10717273.0,5583.369517,18749.754742,24333.124258,1809,0,0.00,24.0094,1.0000
10717382.0,5583.490628,18750.481408,24333.972036,1810,0,0.00,24.0281,1.0000
10717431.0,5583.545072,18750.808075,24334.353147,1811,0,0.00,24.0328,1.0000
10717569.0,5583.698406,18751.728075,24335.426481,1812,0,0.00,24.0453,1.0000
10717746.0,5583.895072,18752.908075,24336.803147,1813,0,0.00,24.0578,1.0000
10717860.0,5584.021739,18753.668075,24337.689814,1814,0,0.00,24.0641,1.0000
10717919.0,5584.087294,18754.061408,24338.148703,1815,0,0.00,24.0828,1.0000
10717964.0,5584.137294,18754.361408,24338.498703,1816,0,0.00,24.1078,1.0000
10718017.0,5584.196183,18754.714742,24338.910925,1817,0,0.00,24.1328,1.0000
10718145.0,5584.338406,18755.568075,24339.906481,1818,0,0.00,24.1469,1.0000
10718152.0,5584.346183,18755.614742,24339.960925,1819,0,0.00,24.1609,1.0000
10718200.0,5584.399517,18755.934742,24340.334258,1820,0,0.00,24.1750,1.0000
10718594.0,5584.837294,18758.561408,24343.398703,1821,0,0.00,24.1813,1.0000
10718885.0,5585.160628,18760.501408,24345.662036,1822,0,0.00,24.2047,1.0000
10719282.0,5585.601739,18763.148075,24348.749814,1823,0,0.00,24.2297,1.0000
10719658.0,5586.019517,18765.654742,24351.674258,1824,0,0.00,24.2359,1.0000
10719693.0,5586.058406,18765.888075,24351.946481,1825,0,0.00,24.2484,1.0000
10720534.0,5586.992850,18771.494742,24358.487592,1826,0,0.00,24.2656,1.0000
10720951.0,5587.456183,18774.274742,24361.730925,1827,0,0.00,24.2719,1.0000
10721537.0,5588.107294,18778.181408,24366.288703,1828,0,0.00,24.2781,1.0000
10722360.0,5589.021739,18783.668075,24372.689814,1829,0,0.00,24.3016,1.0000
10722753.0,5589.458406,18786.288075,24375.746481,1830,0,0.00,24.3078,1.0000
10722758.0,5589.463961,18786.321408,24375.785369,1831,0,0.00,24.3266,1.0000
10723624.0,5590.426183,18792.094742,24382.520925,1832,0,0.00,24.3453,1.0000
10723647.0,5590.451739,18792.248075,24382.699814,1833,0,0.00,24.3641,1.0000
10723647.0,5590.451739,18792.248075,24382.699814,1834,0,0.00,24.3828,1.0000
10723648.0,5590.452850,18792.254742,24382.707592,1835,0,0.00,24.4016,1.0000
10723650.0,5590.455072,18792.268075,24382.723147,1836,0,0.00,24.4203,1.0000
10723894.0,5590.726183,18793.894742,24384.620925,1837,0,0.00,24.4391,1.0000
10724620.0,5591.532850,18798.734742,24390.267592,1838,0,0.00,24.4516,1.0000
10724733.0,5591.658406,18799.488075,24391.146481,1839,0,0.00,24.4703,1.0000
10725317.0,5592.307294,18803.381408,24395.688703,1840,0,0.00,24.4766,1.0000
10725785.0,5592.827294,18806.501408,24399.328703,1841,0,0.00,24.5000,1.0000
10725805.0,5592.849517,18806.634742,24399.484258,1842,0,0.00,24.5063,1.0000
10725805.0,5592.849517,18806.634742,24399.484258,1843,0,0.00,24.5125,1.0000
10725873.0,5592.925072,18807.088075,24400.013147,1844,0,0.00,24.5359,1.0000
10726767.0,5593.918406,18813.048075,24406.966481,1845,0,0.00,24.5406,1.0000
10727104.0,5594.292850,18815.294742,24409.587592,1846,0,0.00,24.5453,1.0000
10727253.0,5594.458406,18816.288075,24410.746481,1847,0,0.00,24.5547,1.0000
10727401.0,5594.622850,18817.274742,24411.897592,1848,0,0.00,24.5719,1.0000
10727819.0,5595.087294,18820.061408,24415.148703,1849,0,0.00,24.5766,1.0000
10727897.0,5595.173961,18820.581408,24415.755369,1850,0,0.00,24.6266,1.0000
10728140.0,5595.443961,18822.201408,24417.645369,1851,0,0.00,24.6313,1.0000
10728374.0,5595.703961,18823.761408,24419.465369,1852,0,0.00,24.6484,1.0000
10728607.0,5595.962850,18825.314742,24421.277592,1853,0,0.00,24.6656,1.0000
10728617.0,5595.973961,18825.381408,24421.355369,1854,0,0.00,24.6938,1.0000
10728855.0,5596.238406,18826.968075,24423.206481,1855,0,0.00,24.7188,1.0000
10729535.0,5596.993961,18831.501408,24428.495369,1856,0,0.00,24.7375,1.0000
10729655.0,5597.127294,18832.301408,24429.428703,1857,0,0.00,24.7547,1.0000
10729842.0,5597.335072,18833.548075,24430.883147,1858,0,0.00,24.7609,1.0000
10730003.0,5597.513961,18834.621408,24432.135369,1859,0,0.00,24.7672,1.0000
10730848.0,5598.452850,18840.254742,24438.707592,1860,0,0.00,24.7859,1.0000
10731531.0,5599.211739,18844.808075,24444.019814,1861,0,0.00,24.7984,1.0000
10731648.0,5599.341739,18845.588075,24444.929814,1862,0,0.00,24.8156,1.0000
10731652.0,5599.346183,18845.614742,24444.960925,1863,0,0.00,24.8328,1.0000
10732382.0,5600.157294,18850.481408,24450.638703,1864,0,0.00,24.8375,1.0000
10732385.0,5600.160628,18850.501408,24450.662036,1865,0,0.00,24.8438,1.0000
10732386.0,5600.161739,18850.508075,24450.669814,1866,0,0.00,24.8688,1.0000
10732440.0,5600.221739,18850.868075,24451.089814,1867,0,0.00,24.8813,1.0000
10732936.0,5600.772850,18854.174742,24454.947592,1868,0,0.00,24.9063,1.0000
10732939.0,5600.776183,18854.194742,24454.970925,1869,0,0.00,24.9234,1.0000
10732982.0,5600.823961,18854.481408,24455.305369,1870,0,0.00,24.9516,1.0000
10733057.0,5600.907294,18854.981408,24455.888703,1871,0,0.00,24.9609,1.0000
10733472.0,5601.368406,18857.748075,24459.116481,1872,0,0.00,24.9844,1.0000
10733527.0,5601.429517,18858.114742,24459.544258,1873,0,0.00,25.0078,1.0000
10733576.0,5601.483961,18858.441408,24459.925369,1874,0,0.00,25.0125,1.0000
10735278.0,5603.375072,18869.788075,24473.163147,1875,0,0.00,25.0172,1.0000
10735391.0,5603.500628,18870.541408,24474.042036,1876,0,0.00,25.0234,1.0000
10735448.0,5603.563961,18870.921408,24474.485369,1877,0,0.00,25.0297,1.0000
10736347.0,5604.562850,18876.914742,24481.477592,1878,0,0.00,25.0359,1.0000
10736760.0,5605.021739,18879.668075,24484.689814,1879,0,0.00,25.0406,1.0000
10737192.0,5605.501739,18882.548075,24488.049814,1880,0,0.00,25.0469,1.0000
10737323.0,5605.647294,18883.421408,24489.068703,1881,0,0.00,25.0641,1.0000
10737567.0,5605.918406,18885.048075,24490.966481,1882,0,0.00,25.0766,1.0000
10737990.0,5606.388406,18887.868075,24494.256481,1883,0,0.00,25.0891,1.0000
10738073.0,5606.480628,18888.421408,24494.902036,1884,0,0.00,25.0953,1.0000
10738644.0,5607.115072,18892.228075,24499.343147,1885,0,0.00,25.1188,1.0000
10740286.0,5608.939517,18903.174742,24512.114258,1886,0,0.00,25.1313,1.0000
10740992.0,5609.723961,18907.881408,24517.605369,1887,0,0.00,25.1438,1.0000
10741000.0,5609.732850,18907.934742,24517.667592,1888,0,0.00,25.1563,1.0000
10741957.0,5610.796183,18914.314742,24525.110925,1889,0,0.00,25.1688,1.0000
10742647.0,5611.562850,18918.914742,24530.477592,1890,0,0.00,25.2688,1.0000
10743014.0,5611.970628,18921.361408,24533.332036,1891,0,0.00,25.2734,1.0000
10744103.0,5613.180628,18928.621408,24541.802036,1892,0,0.00,25.2859,1.0000
10744560.0,5613.688406,18931.668075,24545.356481,1893,0,0.00,25.3031,1.0000
10745373.0,5614.591739,18937.088075,24551.679814,1894,0,0.00,25.3219,1.0000
10746285.0,5615.605072,18943.168075,24558.773147,1895,0,0.00,25.3281,1.0000
10746959.0,5616.353961,18947.661408,24564.015369,1896,0,0.00,25.3406,1.0000
10747329.0,5616.765072,18950.128075,24566.893147,1897,0,0.00,25.3453,1.0000
10748277.0,5617.818406,18956.448075,24574.266481,1898,0,0.00,25.3547,1.0000
10748513.0,5618.080628,18958.021408,24576.102036,1899,0,0.00,25.3719,1.0000
10751096.0,5620.950628,18975.241408,24596.192036,1900,0,0.00,25.3891,1.0000
10751225.0,5621.093961,18976.101408,24597.195369,1901,0,0.00,25.4391,1.0000
10751225.0,5621.093961,18976.101408,24597.195369,1902,0,0.00,25.4891,1.0000
10751226.0,5621.095072,18976.108075,24597.203147,1903,0,0.00,25.5391,1.0000
10751226.0,5621.095072,18976.108075,24597.203147,1904,0,0.00,25.5891,1.0000
10752723.0,5622.758406,18986.088075,24608.846481,1905,0,0.00,25.6063,1.0000
10753718.0,5623.863961,18992.721408,24616.585369,1906,0,0.00,25.6125,1.0000
10753791.0,5623.945072,18993.208075,24617.153147,1907,0,0.00,25.6250,1.0000
10754077.0,5624.262850,18995.114742,24619.377592,1908,0,0.00,25.6438,1.0000
10754324.0,5624.537294,18996.761408,24621.298703,1909,0,0.00,25.6563,1.0000
10755248.0,5625.563961,19002.921408,24628.485369,1910,0,0.00,25.6734,1.0000
10756592.0,5627.057294,19011.881408,24638.938703,1911,0,0.00,25.6859,1.0000
10756895.0,5627.393961,19013.901408,24641.295369,1912,0,0.00,25.7031,1.0000
10758411.0,5629.078406,19024.008075,24653.086481,1913,0,0.00,25.7094,1.0000
10758951.0,5629.678406,19027.608075,24657.286481,1914,0,0.00,25.7156,1.0000
10760324.0,5631.203961,19036.761408,24667.965369,1915,0,0.00,25.7219,1.0000
10761382.0,5632.379517,19043.814742,24676.194258,1916,0,0.00,25.7266,1.0000
10762239.0,5633.331739,19049.528075,24682.859814,1917,0,0.00,25.8266,1.0000
10762275.0,5633.371739,19049.768075,24683.139814,1918,0,0.00,25.8438,1.0000
10763677.0,5634.929517,19059.114742,24694.044258,1919,0,0.00,25.8625,1.0000
10764452.0,5635.790628,19064.281408,24700.072036,1920,0,0.00,25.8719,1.0000
10764473.0,5635.813961,19064.421408,24700.235369,1921,0,0.00,25.8891,1.0000
10767397.0,5639.062850,19083.914742,24722.977592,1922,0,0.00,25.9141,1.0000
10768954.0,5640.792850,19094.294742,24735.087592,1923,0,0.00,25.9391,1.0000
10769663.0,5641.580628,19099.021408,24740.602036,1924,0,0.00,25.9516,1.0000
10769672.0,5641.590628,19099.081408,24740.672036,1925,0,0.00,25.9641,1.0000
10769676.0,5641.595072,19099.108075,24740.703147,1926,0,0.00,25.9766,1.0000
10769679.0,5641.598406,19099.128075,24740.726481,1927,0,0.00,25.9891,1.0000
10771104.0,5643.181739,19108.628075,24751.809814,1928,0,0.00,25.9938,1.0000
10771657.0,5643.796183,19112.314742,24756.110925,1929,0,0.00,26.0125,1.0000
10772752.0,5645.012850,19119.614742,24764.627592,1930,0,0.00,26.0188,1.0000
10772842.0,5645.112850,19120.214742,24765.327592,1931,0,0.00,26.0250,1.0000
10773004.0,5645.292850,19121.294742,24766.587592,1932,0,0.00,26.0297,1.0000
10773256.0,5645.572850,19122.974742,24768.547592,1933,0,0.00,26.0531,1.0000
10774041.0,5646.445072,19128.208075,24774.653147,1934,0,0.00,26.0594,1.0000
10774043.0,5646.447294,19128.221408,24774.668703,1935,0,0.00,26.0719,1.0000
10774081.0,5646.489517,19128.474742,24774.964258,1936,0,0.00,26.0891,1.0000
10774131.0,5646.545072,19128.808075,24775.353147,1937,0,0.00,26.1016,1.0000
10774134.0,5646.548406,19128.828075,24775.376481,1938,0,0.00,26.1141,1.0000
10774745.0,5647.227294,19132.901408,24780.128703,1939,0,0.00,26.1641,1.0000
10775432.0,5647.990628,19137.481408,24785.472036,1940,0,0.00,26.2141,1.0000
10775528.0,5648.097294,19138.121408,24786.218703,1941,0,0.00,26.2203,1.0000
10775596.0,5648.172850,19138.574742,24786.747592,1942,0,0.00,26.2328,1.0000
10775806.0,5648.406183,19139.974742,24788.380925,1943,0,0.00,26.2500,1.0000
10776158.0,5648.797294,19142.321408,24791.118703,1944,0,0.00,26.2688,1.0000
10776230.0,5648.877294,19142.801408,24791.678703,1945,0,0.00,26.3688,1.0000
10776531.0,5649.211739,19144.808075,24794.019814,1946,0,0.00,26.3875,1.0000
10776951.0,5649.678406,19147.608075,24797.286481,1947,0,0.00,26.4047,1.0000
10777147.0,5649.896183,19148.914742,24798.810925,1948,0,0.00,26.4234,1.0000
10777152.0,5649.901739,19148.948075,24798.849814,1949,0,0.00,26.4406,1.0000
10777323.0,5650.091739,19150.088075,24800.179814,1950,0,0.00,26.4516,1.0000
10777509.0,5650.298406,19151.328075,24801.626481,1951,0,0.00,26.4703,1.0000
10777556.0,5650.350628,19151.641408,24801.992036,1952,0,0.00,26.4891,1.0000
10777725.0,5650.538406,19152.768075,24803.306481,1953,0,0.00,26.5016,1.0000
10777825.0,5650.649517,19153.434742,24804.084258,1954,0,0.00,26.5203,1.0000
10777972.0,5650.812850,19154.414742,24805.227592,1955,0,0.00,26.5391,1.0000
10778134.0,5650.992850,19155.494742,24806.487592,1956,0,0.00,26.5484,1.0000
10778134.0,5650.992850,19155.494742,24806.487592,1957,0,0.00,26.5578,1.0000
10779047.0,5652.007294,19161.581408,24813.588703,1958,0,0.00,26.5750,1.0000
10779107.0,5652.073961,19161.981408,24814.055369,1959,0,0.00,26.5813,1.0000
10779198.0,5652.175072,19162.588075,24814.763147,1960,0,0.00,26.5875,1.0000
10779512.0,5652.523961,19164.681408,24817.205369,1961,0,0.00,26.5938,1.0000
10780285.0,5653.382850,19169.834742,24823.217592,1962,0,0.00,26.6000,1.0000
10780570.0,5653.699517,19171.734742,24825.434258,1963,0,0.00,26.6172,1.0000
10780942.0,5654.112850,19174.214742,24828.327592,1964,0,0.00,26.6234,1.0000
10781460.0,5654.688406,19177.668075,24832.356481,1965,0,0.00,26.6375,1.0000
10781899.0,5655.176183,19180.594742,24835.770925,1966,0,0.00,26.6563,1.0000
10782000.0,5655.288406,19181.268075,24836.556481,1967,0,0.00,26.6625,1.0000
10782128.0,5655.430628,19182.121408,24837.552036,1968,0,0.00,26.6688,1.0000
10782482.0,5655.823961,19184.481408,24840.305369,1969,0,0.00,26.6750,1.0000
10782603.0,5655.958406,19185.288075,24841.246481,1970,0,0.00,26.6813,1.0000
10782608.0,5655.963961,19185.321408,24841.285369,1971,0,0.00,26.6875,1.0000
10782720.0,5656.088406,19186.068075,24842.156481,1972,0,0.00,26.7000,1.0000
10782989.0,5656.387294,19187.861408,24844.248703,1973,0,0.00,26.7234,1.0000
10783359.0,5656.798406,19190.328075,24847.126481,1974,0,0.00,26.7484,1.0000
10783498.0,5656.952850,19191.254742,24848.207592,1975,0,0.00,26.7719,1.0000
10783858.0,5657.352850,19193.654742,24851.007592,1976,0,0.00,26.7906,1.0000
10783954.0,5657.459517,19194.294742,24851.754258,1977,0,0.00,26.8000,1.0000
10784738.0,5658.330628,19199.521408,24857.852036,1978,0,0.00,26.9375,1.0000
10785108.0,5658.741739,19201.988075,24860.729814,1979,0,0.00,26.9547,1.0000
10785731.0,5659.433961,19206.141408,24865.575369,1980,0,0.00,26.9719,1.0000
10786024.0,5659.759517,19208.094742,24867.854258,1981,0,0.00,26.9781,1.0000
10786726.0,5660.539517,19212.774742,24873.314258,1982,0,0.00,26.9953,1.0000
10786775.0,5660.593961,19213.101408,24873.695369,1983,0,0.00,27.0000,1.0000
10786929.0,5660.765072,19214.128075,24874.893147,1984,0,0.00,27.0063,1.0000
10786999.0,5660.842850,19214.594742,24875.437592,1985,0,0.00,27.0125,1.0000
10787140.0,5660.999517,19215.534742,24876.534258,1986,0,0.00,27.0141,1.0000
10787314.0,5661.192850,19216.694742,24877.887592,1987,0,0.00,27.0203,1.0000
10787488.0,5661.386183,19217.854742,24879.240925,1988,0,0.00,27.0266,1.0000
10787560.0,5661.466183,19218.334742,24879.800925,1989,0,0.00,27.0328,1.0000
10787579.0,5661.487294,19218.461408,24879.948703,1990,0,0.00,27.0453,1.0000
10788145.0,5662.116183,19222.234742,24884.350925,1991,0,0.00,27.0516,1.0000
10789246.0,5663.339517,19229.574742,24892.914258,1992,0,0.00,27.0703,1.0000
10789248.0,5663.341739,19229.588075,24892.929814,1993,0,0.00,27.0891,1.0000
10789250.0,5663.343961,19229.601408,24892.945369,1994,0,0.00,27.1078,1.0000
10789332.0,5663.435072,19230.148075,24893.583147,1995,0,0.00,27.1266,1.0000
10789370.0,5663.477294,19230.401408,24893.878703,1996,0,0.00,27.1453,1.0000
10789747.0,5663.896183,19232.914742,24896.810925,1997,0,0.00,27.1734,1.0000
10790226.0,5664.428406,19236.108075,24900.536481,1998,0,0.00,27.1797,1.0000
10790555.0,5664.793961,19238.301408,24903.095369,1999,0,0.00,27.1984,1.0000
10790562.0,5664.801739,19238.348075,24903.149814,2000,0,0.00,27.2109,1.0000
10792031.0,5666.433961,19248.141408,24914.575369,2001,0,0.00,27.2172,1.0000
10792329.0,5666.765072,19250.128075,24916.893147,2002,0,0.00,27.2453,1.0000
10792690.0,5667.166183,19252.534742,24919.700925,2003,0,0.00,27.2641,1.0000
10792798.0,5667.286183,19253.254742,24920.540925,2004,0,0.00,27.2688,1.0000
10792875.0,5667.371739,19253.768075,24921.139814,2005,0,0.00,27.2875,1.0000
10792988.0,5667.497294,19254.521408,24922.018703,2006,0,0.00,27.3125,1.0000
10793544.0,5668.115072,19258.228075,24926.343147,2007,0,0.00,27.3172,1.0000
10793680.0,5668.266183,19259.134742,24927.400925,2008,0,0.00,27.3359,1.0000
10793686.0,5668.272850,19259.174742,24927.447592,2009,0,0.00,27.3859,1.0000
10793722.0,5668.312850,19259.414742,24927.727592,2010,0,0.00,27.3906,1.0000
10793732.0,5668.323961,19259.481408,24927.805369,2011,0,0.00,27.3953,1.0000
10793828.0,5668.430628,19260.121408,24928.552036,2012,0,0.00,27.4094,1.0000
10793901.0,5668.511739,19260.608075,24929.119814,2013,0,0.00,27.4281,1.0000
10794273.0,5668.925072,19263.088075,24932.013147,2014,0,0.00,27.4375,1.0000
10794461.0,5669.133961,19264.341408,24933.475369,2015,0,0.00,27.4563,1.0000
10795840.0,5670.666183,19273.534742,24944.200925,2016,0,0.00,27.4625,1.0000
10796146.0,5671.006183,19275.574742,24946.580925,2017,0,0.00,27.4688,1.0000
10796819.0,5671.753961,19280.061408,24951.815369,2018,0,0.00,27.4875,1.0000
10796958.0,5671.908406,19280.988075,24952.896481,2019,0,0.00,27.4938,1.0000
10797519.0,5672.531739,19284.728075,24957.259814,2020,0,0.00,27.5063,1.0000
10797794.0,5672.837294,19286.561408,24959.398703,2021,0,0.00,27.5188,1.0000
10797856.0,5672.906183,19286.974742,24959.880925,2022,0,0.00,27.5688,1.0000
10797856.0,5672.906183,19286.974742,24959.880925,2023,0,0.00,27.6188,1.0000
10797856.0,5672.906183,19286.974742,24959.880925,2024,0,0.00,27.6688,1.0000
10797857.0,5672.907294,19286.981408,24959.888703,2025,0,0.00,27.7188,1.0000
10798052.0,5673.123961,19288.281408,24961.405369,2026,0,0.00,27.7375,1.0000
10798845.0,5674.005072,19293.568075,24967.573147,2027,0,0.00,27.7438,1.0000
10799395.0,5674.616183,19297.234742,24971.850925,2028,0,0.00,27.7719,1.0000
10799683.0,5674.936183,19299.154742,24974.090925,2029,0,0.00,27.7781,1.0000
10799694.0,5674.948406,19299.228075,24974.176481,2030,0,0.00,27.7953,1.0000
10799829.0,5675.098406,19300.128075,24975.226481,2031,0,0.00,27.8000,1.0000
10799883.0,5675.158406,19300.488075,24975.646481,2032,0,0.00,27.8016,1.0000
10800154.0,5675.459517,19302.294742,24977.754258,2033,0,0.00,27.8141,1.0000
10800812.0,5676.190628,19306.681408,24982.872036,2034,0,0.00,27.8203,1.0000
10801277.0,5676.707294,19309.781408,24986.488703,2035,0,0.00,27.8266,1.0000
10801335.0,5676.771739,19310.168075,24986.939814,2036,0,0.00,27.8453,1.0000
10801404.0,5676.848406,19310.628075,24987.476481,2037,0,0.00,27.8625,1.0000
10801449.0,5676.898406,19310.928075,24987.826481,2038,0,0.00,27.8813,1.0000
10801780.0,5677.266183,19313.134742,24990.400925,2039,0,0.00,27.9000,1.0000
10801862.0,5677.357294,19313.681408,24991.038703,2040,0,0.00,27.9172,1.0000
10802404.0,5677.959517,19317.294742,24995.254258,2041,0,0.00,27.9406,1.0000
10802458.0,5678.019517,19317.654742,24995.674258,2042,0,0.00,27.9641,1.0000
10803002.0,5678.623961,19321.281408,24999.905369,2043,0,0.00,27.9813,1.0000
10803121.0,5678.756183,19322.074742,25000.830925,2044,0,0.00,28.0047,1.0000
10803482.0,5679.157294,19324.481408,25003.638703,2045,0,0.00,28.0281,1.0000
10804093.0,5679.836183,19328.554742,25008.390925,2046,0,0.00,28.0469,1.0000
10804113.0,5679.858406,19328.688075,25008.546481,2047,0,0.00,28.0531,1.0000
10804189.0,5679.942850,19329.194742,25009.137592,2048,0,0.00,28.0719,1.0000
10804255.0,5680.016183,19329.634742,25009.650925,2049,0,0.00,28.0906,1.0000
10804257.0,5680.018406,19329.648075,25009.666481,2050,0,0.00,28.1094,1.0000
10804259.0,5680.020628,19329.661408,25009.682036,2051,0,0.00,28.1594,1.0000
10804263.0,5680.025072,19329.688075,25009.713147,2052,0,0.00,28.1641,1.0000
10804591.0,5680.389517,19331.874742,25012.264258,2053,0,0.00,28.1828,1.0000
10805049.0,5680.898406,19334.928075,25015.826481,2054,0,0.00,28.1875,1.0000
10805052.0,5680.901739,19334.948075,25015.849814,2055,0,0.00,28.1938,1.0000
10805077.0,5680.929517,19335.114742,25016.044258,2056,0,0.00,28.2063,1.0000
10805309.0,5681.187294,19336.661408,25017.848703,2057,0,0.00,28.2344,1.0000
10805350.0,5681.232850,19336.934742,25018.167592,2058,0,0.00,28.2531,1.0000
10805404.0,5681.292850,19337.294742,25018.587592,2059,0,0.00,28.2719,1.0000
10806552.0,5682.568406,19344.948075,25027.516481,2060,0,0.00,28.2781,1.0000
10806834.0,5682.881739,19346.828075,25029.709814,2061,0,0.00,28.3016,1.0000
10806836.0,5682.883961,19346.841408,25029.725369,2062,0,0.00,28.3250,1.0000
10806836.0,5682.883961,19346.841408,25029.725369,2063,0,0.00,28.3484,1.0000
10806856.0,5682.906183,19346.974742,25029.880925,2064,0,0.00,28.3547,1.0000
10807151.0,5683.233961,19348.941408,25032.175369,2065,0,0.00,28.3594,1.0000
10807233.0,5683.325072,19349.488075,25032.813147,2066,0,0.00,28.3781,1.0000
10807358.0,5683.463961,19350.321408,25033.785369,2067,0,0.00,28.3969,1.0000
10807359.0,5683.465072,19350.328075,25033.793147,2068,0,0.00,28.4156,1.0000
10807447.0,5683.562850,19350.914742,25034.477592,2069,0,0.00,28.4391,1.0000
10807496.0,5683.617294,19351.241408,25034.858703,2070,0,0.00,28.4625,1.0000
10807499.0,5683.620628,19351.261408,25034.882036,2071,0,0.00,28.4859,1.0000
10807524.0,5683.648406,19351.428075,25035.076481,2072,0,0.00,28.4906,1.0000
10807808.0,5683.963961,19353.321408,25037.285369,2073,0,0.00,28.5906,1.0000
10808475.0,5684.705072,19357.768075,25042.473147,2074,0,0.00,28.5953,1.0000
10809040.0,5685.332850,19361.534742,25046.867592,2075,0,0.00,28.6141,1.0000
10809050.0,5685.343961,19361.601408,25046.945369,2076,0,0.00,28.6328,1.0000
10809054.0,5685.348406,19361.628075,25046.976481,2077,0,0.00,28.6516,1.0000
10810861.0,5687.356183,19373.674742,25061.030925,2078,0,0.00,28.6578,1.0000
10811262.0,5687.801739,19376.348075,25064.149814,2079,0,0.00,28.6703,1.0000
10812574.0,5689.259517,19385.094742,25074.354258,2080,0,0.00,28.6766,1.0000
10812635.0,5689.327294,19385.501408,25074.828703,2081,0,0.00,28.6828,1.0000
10812956.0,5689.683961,19387.641408,25077.325369,2082,0,0.00,28.7063,1.0000
10813535.0,5690.327294,19391.501408,25081.828703,2083,0,0.00,28.7250,1.0000
10813787.0,5690.607294,19393.181408,25083.788703,2084,0,0.00,28.7422,1.0000
10814729.0,5691.653961,19399.461408,25091.115369,2085,0,0.00,28.7922,1.0000
10816788.0,5693.941739,19413.188075,25107.129814,2086,0,0.00,28.8047,1.0000
10816842.0,5694.001739,19413.548075,25107.549814,2087,0,0.00,28.9047,1.0000
10817016.0,5694.195072,19414.708075,25108.903147,2088,0,0.00,28.9109,1.0000
10817078.0,5694.263961,19415.121408,25109.385369,2089,0,0.00,28.9281,1.0000
10817103.0,5694.291739,19415.288075,25109.579814,2090,0,0.00,28.9344,1.0000
10817361.0,5694.578406,19417.008075,25111.586481,2091,0,0.00,28.9406,1.0000
10817365.0,5694.582850,19417.034742,25111.617592,2092,0,0.00,28.9578,1.0000
10817877.0,5695.151739,19420.448075,25115.599814,2093,0,0.00,28.9703,1.0000
10818091.0,5695.389517,19421.874742,25117.264258,2094,0,0.00,28.9875,1.0000
10819538.0,5696.997294,19431.521408,25128.518703,2095,0,0.00,28.9938,1.0000
10820259.0,5697.798406,19436.328075,25134.126481,2096,0,0.00,28.9984,1.0000
10820437.0,5697.996183,19437.514742,25135.510925,2097,0,0.00,29.0031,1.0000
10821001.0,5698.622850,19441.274742,25139.897592,2098,0,0.00,29.0203,1.0000
10821001.0,5698.622850,19441.274742,25139.897592,2099,0,0.00,29.0375,1.0000
10821883.0,5699.602850,19447.154742,25146.757592,2100,0,0.00,29.0875,1.0000
10821883.0,5699.602850,19447.154742,25146.757592,2101,0,0.00,29.1375,1.0000
10822221.0,5699.978406,19449.408075,25149.386481,2102,0,0.00,29.1422,1.0000
10822334.0,5700.103961,19450.161408,25150.265369,2103,0,0.00,29.1469,1.0000
10823176.0,5701.039517,19455.774742,25156.814258,2104,0,0.00,29.1969,1.0000
10823176.0,5701.039517,19455.774742,25156.814258,2105,0,0.00,29.2469,1.0000
10825077.0,5703.151739,19468.448075,25171.599814,2106,0,0.00,29.2516,1.0000
10826296.0,5704.506183,19476.574742,25181.080925,2107,0,0.00,29.2578,1.0000
10827109.0,5705.409517,19481.994742,25187.404258,2108,0,0.00,29.3578,1.0000
10829494.0,5708.059517,19497.894742,25205.954258,2109,0,0.00,29.3859,1.0000
10829496.0,5708.061739,19497.908075,25205.969814,2110,0,0.00,29.4141,1.0000
10831405.0,5710.182850,19510.634742,25220.817592,2111,0,0.00,29.4188,1.0000
10833550.0,5712.566183,19524.934742,25237.500925,2112,0,0.00,29.4234,1.0000
10836082.0,5715.379517,19541.814742,25257.194258,2113,0,0.00,29.4406,1.0000
10836319.0,5715.642850,19543.394742,25259.037592,2114,0,0.00,29.4453,1.0000
10838210.0,5717.743961,19556.001408,25273.745369,2115,0,0.00,29.4516,1.0000
10838504.0,5718.070628,19557.961408,25276.032036,2116,0,0.00,29.4578,1.0000
10838907.0,5718.518406,19560.648075,25279.166481,2117,0,0.00,29.4625,1.0000
10839460.0,5719.132850,19564.334742,25283.467592,2118,0,0.00,29.4719,1.0000
10840179.0,5719.931739,19569.128075,25289.059814,2119,0,0.00,29.4906,1.0000
10840512.0,5720.301739,19571.348075,25291.649814,2120,0,0.00,29.4953,1.0000
10840723.0,5720.536183,19572.754742,25293.290925,2121,0,0.00,29.5016,1.0000
10841132.0,5720.990628,19575.481408,25296.472036,2122,0,0.00,29.5078,1.0000
10841196.0,5721.061739,19575.908075,25296.969814,2123,0,0.00,29.5141,1.0000
10842049.0,5722.009517,19581.594742,25303.604258,2124,0,0.00,29.5328,1.0000
10844679.0,5724.931739,19599.128075,25324.059814,2125,0,0.00,29.5516,1.0000
10845134.0,5725.437294,19602.161408,25327.598703,2126,0,0.00,29.5563,1.0000
10845326.0,5725.650628,19603.441408,25329.092036,2127,0,0.00,29.5734,1.0000
10845353.0,5725.680628,19603.621408,25329.302036,2128,0,0.00,29.6234,1.0000
10845899.0,5726.287294,19607.261408,25333.548703,2129,0,0.00,29.6281,1.0000
10845973.0,5726.369517,19607.754742,25334.124258,2130,0,0.00,29.6328,1.0000
10846033.0,5726.436183,19608.154742,25334.590925,2131,0,0.00,29.6828,1.0000
10846473.0,5726.925072,19611.088075,25338.013147,2132,0,0.00,29.7016,1.0000
10846607.0,5727.073961,19611.981408,25339.055369,2133,0,0.00,29.7516,1.0000
10847060.0,5727.577294,19615.001408,25342.578703,2134,0,0.00,29.7563,1.0000
10851558.0,5732.575072,19644.988075,25377.563147,2135,0,0.00,29.8563,1.0000
10852028.0,5733.097294,19648.121408,25381.218703,2136,0,0.00,29.9563,1.0000
10852100.0,5733.177294,19648.601408,25381.778703,2137,0,0.00,29.9609,1.0000
10854558.0,5735.908406,19664.988075,25400.896481,2138,0,0.00,29.9656,1.0000
10855702.0,5737.179517,19672.614742,25409.794258,2139,0,0.00,29.9750,1.0000
10855802.0,5737.290628,19673.281408,25410.572036,2140,0,0.00,30.0000,1.0000
10856034.0,5737.548406,19674.828075,25412.376481,2141,0,0.00,30.0125,1.0000
10856436.0,5737.995072,19677.508075,25415.503147,2142,0,0.00,30.0297,1.0000
10856564.0,5738.137294,19678.361408,25416.498703,2143,0,0.00,30.0422,1.0000
10857547.0,5739.229517,19684.914742,25424.144258,2144,0,0.00,30.0484,1.0000
10859037.0,5740.885072,19694.848075,25435.733147,2145,0,0.00,30.0531,1.0000
10859127.0,5740.985072,19695.448075,25436.433147,2146,0,0.00,30.0594,1.0000
10859959.0,5741.909517,19700.994742,25442.904258,2147,0,0.00,30.0641,1.0000
10861473.0,5743.591739,19711.088075,25454.679814,2148,0,0.00,30.0828,1.0000
10861572.0,5743.701739,19711.748075,25455.449814,2149,0,0.00,30.1000,1.0000
10862700.0,5744.955072,19719.268075,25464.223147,2150,0,0.00,30.1172,1.0000
10863158.0,5745.463961,19722.321408,25467.785369,2151,0,0.00,30.1359,1.0000
10863334.0,5745.659517,19723.494742,25469.154258,2152,0,0.00,30.1406,1.0000
10863407.0,5745.740628,19723.981408,25469.722036,2153,0,0.00,30.1531,1.0000
10863601.0,5745.956183,19725.274742,25471.230925,2154,0,0.00,30.1578,1.0000
10863665.0,5746.027294,19725.701408,25471.728703,2155,0,0.00,30.2578,1.0000
10864155.0,5746.571739,19728.968075,25475.539814,2156,0,0.00,30.2750,1.0000
10865100.0,5747.621739,19735.268075,25482.889814,2157,0,0.00,30.2797,1.0000
10865134.0,5747.659517,19735.494742,25483.154258,2158,0,0.00,30.2984,1.0000
10865488.0,5748.052850,19737.854742,25485.907592,2159,0,0.00,30.3156,1.0000
10865602.0,5748.179517,19738.614742,25486.794258,2160,0,0.00,30.3328,1.0000
10865701.0,5748.289517,19739.274742,25487.564258,2161,0,0.00,30.3391,1.0000
10866234.0,5748.881739,19742.828075,25491.709814,2162,0,0.00,30.3516,1.0000
10866848.0,5749.563961,19746.921408,25496.485369,2163,0,0.00,30.3578,1.0000
10866881.0,5749.600628,19747.141408,25496.742036,2164,0,0.00,30.3750,1.0000
10866939.0,5749.665072,19747.528075,25497.193147,2165,0,0.00,30.3922,1.0000
10867195.0,5749.949517,19749.234742,25499.184258,2166,0,0.00,30.4094,1.0000
10867336.0,5750.106183,19750.174742,25500.280925,2167,0,0.00,30.4266,1.0000
10867709.0,5750.520628,19752.661408,25503.182036,2168,0,0.00,30.4313,1.0000
10867736.0,5750.550628,19752.841408,25503.392036,2169,0,0.00,30.4484,1.0000
10868104.0,5750.959517,19755.294742,25506.254258,2170,0,0.00,30.4656,1.0000
10868106.0,5750.961739,19755.308075,25506.269814,2171,0,0.00,30.4781,1.0000
10868260.0,5751.132850,19756.334742,25507.467592,2172,0,0.00,30.4969,1.0000
10868293.0,5751.169517,19756.554742,25507.724258,2173,0,0.00,30.5141,1.0000
10868882.0,5751.823961,19760.481408,25512.305369,2174,0,0.00,30.5313,1.0000
10869074.0,5752.037294,19761.761408,25513.798703,2175,0,0.00,30.5813,1.0000
10869398.0,5752.397294,19763.921408,25516.318703,2176,0,0.00,30.6000,1.0000
10869509.0,5752.520628,19764.661408,25517.182036,2177,0,0.00,30.6172,1.0000
10869964.0,5753.026183,19767.694742,25520.720925,2178,0,0.00,30.6672,1.0000
10870018.0,5753.086183,19768.054742,25521.140925,2179,0,0.00,30.6844,1.0000
10870103.0,5753.180628,19768.621408,25521.802036,2180,0,0.00,30.7016,1.0000
10870472.0,5753.590628,19771.081408,25524.672036,2181,0,0.00,30.7203,1.0000
10870567.0,5753.696183,19771.714742,25525.410925,2182,0,0.00,30.7375,1.0000
10870575.0,5753.705072,19771.768075,25525.473147,2183,0,0.00,30.7875,1.0000
10872069.0,5755.365072,19781.728075,25537.093147,2184,0,0.00,30.7922,1.0000
10873060.0,5756.466183,19788.334742,25544.800925,2185,0,0.00,30.7969,1.0000
10874255.0,5757.793961,19796.301408,25554.095369,2186,0,0.00,30.8031,1.0000
10876404.0,5760.181739,19810.628075,25570.809814,2187,0,0.00,30.8094,1.0000
10876605.0,5760.405072,19811.968075,25572.373147,2188,0,0.00,30.8266,1.0000
10876727.0,5760.540628,19812.781408,25573.322036,2189,0,0.00,30.8547,1.0000
10876727.0,5760.540628,19812.781408,25573.322036,2190,0,0.00,30.8828,1.0000
10877065.0,5760.916183,19815.034742,25575.950925,2191,0,0.00,30.9828,1.0000
10877867.0,5761.807294,19820.381408,25582.188703,2192,0,0.00,31.0000,1.0000
10878218.0,5762.197294,19822.721408,25584.918703,2193,0,0.00,31.0250,1.0000
10878281.0,5762.267294,19823.141408,25585.408703,2194,0,0.00,31.0313,1.0000
10878398.0,5762.397294,19823.921408,25586.318703,2195,0,0.00,31.0563,1.0000
10878412.0,5762.412850,19824.014742,25586.427592,2196,0,0.00,31.0734,1.0000
10878513.0,5762.525072,19824.688075,25587.213147,2197,0,0.00,31.0828,1.0000
10879607.0,5763.740628,19831.981408,25595.722036,2198,0,0.00,31.1828,1.0000
10879969.0,5764.142850,19834.394742,25598.537592,2199,0,0.00,31.2828,1.0000
10880395.0,5764.616183,19837.234742,25601.850925,2200,0,0.00,31.2844,1.0000
10880711.0,5764.967294,19839.341408,25604.308703,2201,0,0.00,31.3016,1.0000
10880720.0,5764.977294,19839.401408,25604.378703,2202,0,0.00,31.3188,1.0000
10881133.0,5765.436183,19842.154742,25607.590925,2203,0,0.00,31.3422,1.0000
10881468.0,5765.808406,19844.388075,25610.196481,2204,0,0.00,31.3469,1.0000
10881955.0,5766.349517,19847.634742,25613.984258,2205,0,0.00,31.3531,1.0000
10882270.0,5766.699517,19849.734742,25616.434258,2206,0,0.00,31.3656,1.0000
10883108.0,5767.630628,19855.321408,25622.952036,2207,0,0.00,31.3891,1.0000
10883153.0,5767.680628,19855.621408,25623.302036,2208,0,0.00,31.4125,1.0000
10883841.0,5768.445072,19860.208075,25628.653147,2209,0,0.00,31.4266,1.0000
10883842.0,5768.446183,19860.214742,25628.660925,2210,0,0.00,31.4453,1.0000
10884040.0,5768.666183,19861.534742,25630.200925,2211,0,0.00,31.4641,1.0000
10885653.0,5770.458406,19872.288075,25642.746481,2212,0,0.00,31.4734,1.0000
10886109.0,5770.965072,19875.328075,25646.293147,2213,0,0.00,31.4922,1.0000
10886314.0,5771.192850,19876.694742,25647.887592,2214,0,0.00,31.5156,1.0000
10886379.0,5771.265072,19877.128075,25648.393147,2215,0,0.00,31.5391,1.0000
10886381.0,5771.267294,19877.141408,25648.408703,2216,0,0.00,31.5625,1.0000
10886384.0,5771.270628,19877.161408,25648.432036,2217,0,0.00,31.5859,1.0000
10887923.0,5772.980628,19887.421408,25660.402036,2218,0,0.00,31.6094,1.0000
10887978.0,5773.041739,19887.788075,25660.829814,2219,0,0.00,31.6328,1.0000
10888814.0,5773.970628,19893.361408,25667.332036,2220,0,0.00,31.6500,1.0000
10888922.0,5774.090628,19894.081408,25668.172036,2221,0,0.00,31.6672,1.0000
10889170.0,5774.366183,19895.734742,25670.100925,2222,0,0.00,31.6844,1.0000
10889393.0,5774.613961,19897.221408,25671.835369,2223,0,0.00,31.7078,1.0000
10889462.0,5774.690628,19897.681408,25672.372036,2224,0,0.00,31.7141,1.0000
10889885.0,5775.160628,19900.501408,25675.662036,2225,0,0.00,31.7266,1.0000
10890108.0,5775.408406,19901.988075,25677.396481,2226,0,0.00,31.7438,1.0000
10890160.0,5775.466183,19902.334742,25677.800925,2227,0,0.00,31.7531,1.0000
10890613.0,5775.969517,19905.354742,25681.324258,2228,0,0.00,31.7703,1.0000
10891442.0,5776.890628,19910.881408,25687.772036,2229,0,0.00,31.7719,1.0000
10891859.0,5777.353961,19913.661408,25691.015369,2230,0,0.00,31.7891,1.0000
10892329.0,5777.876183,19916.794742,25694.670925,2231,0,0.00,31.8891,1.0000
10892398.0,5777.952850,19917.254742,25695.207592,2232,0,0.00,31.9063,1.0000
10893151.0,5778.789517,19922.274742,25701.064258,2233,0,0.00,31.9125,1.0000
10893263.0,5778.913961,19923.021408,25701.935369,2234,0,0.00,31.9297,1.0000
10893458.0,5779.130628,19924.321408,25703.452036,2235,0,0.00,31.9391,1.0000
10894153.0,5779.902850,19928.954742,25708.857592,2236,0,0.00,31.9891,1.0000
10894155.0,5779.905072,19928.968075,25708.873147,2237,0,0.00,32.0391,1.0000
10894436.0,5780.217294,19930.841408,25711.058703,2238,0,0.00,32.0563,1.0000
10896325.0,5782.316183,19943.434742,25725.750925,2239,0,0.00,32.0734,1.0000
10896562.0,5782.579517,19945.014742,25727.594258,2240,0,0.00,32.0922,1.0000
10896576.0,5782.595072,19945.108075,25727.703147,2241,0,0.00,32.1109,1.0000
10896664.0,5782.692850,19945.694742,25728.387592,2242,0,0.00,32.1297,1.0000
10896712.0,5782.746183,19946.014742,25728.760925,2243,0,0.00,32.1484,1.0000
10897663.0,5783.802850,19952.354742,25736.157592,2244,0,0.00,32.1656,1.0000
10897703.0,5783.847294,19952.621408,25736.468703,2245,0,0.00,32.1719,1.0000
10900116.0,5786.528406,19968.708075,25755.236481,2246,0,0.00,32.1891,1.0000
10900679.0,5787.153961,19972.461408,25759.615369,2247,0,0.00,32.1953,1.0000
10900995.0,5787.505072,19974.568075,25762.073147,2248,0,0.00,32.2234,1.0000
10901323.0,5787.869517,19976.754742,25764.624258,2249,0,0.00,32.2359,1.0000
10902080.0,5788.710628,19981.801408,25770.512036,2250,0,0.00,32.3359,1.0000
10902158.0,5788.797294,19982.321408,25771.118703,2251,0,0.00,32.3547,1.0000
10903509.0,5790.298406,19991.328075,25781.626481,2252,0,0.00,32.4047,1.0000
10903578.0,5790.375072,19991.788075,25782.163147,2253,0,0.00,32.4063,1.0000
10903819.0,5790.642850,19993.394742,25784.037592,2254,0,0.00,32.4234,1.0000
10904706.0,5791.628406,19999.308075,25790.936481,2255,0,0.00,32.4406,1.0000
10906376.0,5793.483961,20010.441408,25803.925369,2256,0,0.00,32.4578,1.0000
10907668.0,5794.919517,20019.054742,25813.974258,2257,0,0.00,32.4641,1.0000
10908355.0,5795.682850,20023.634742,25819.317592,2258,0,0.00,32.4813,1.0000
10908430.0,5795.766183,20024.134742,25819.900925,2259,0,0.00,32.4984,1.0000
10910025.0,5797.538406,20034.768075,25832.306481,2260,0,0.00,32.5219,1.0000
10910117.0,5797.640628,20035.381408,25833.022036,2261,0,0.00,32.5391,1.0000
10911416.0,5799.083961,20044.041408,25843.125369,2262,0,0.00,32.5563,1.0000
10912355.0,5800.127294,20050.301408,25850.428703,2263,0,0.00,32.5625,1.0000
10912401.0,5800.178406,20050.608075,25850.786481,2264,0,0.00,32.5797,1.0000
10913075.0,5800.927294,20055.101408,25856.028703,2265,0,0.00,32.5984,1.0000
10913269.0,5801.142850,20056.394742,25857.537592,2266,0,0.00,32.6047,1.0000
10913375.0,5801.260628,20057.101408,25858.362036,2267,0,0.00,32.6109,1.0000
10914142.0,5802.112850,20062.214742,25864.327592,2268,0,0.00,32.6281,1.0000
10914308.0,5802.297294,20063.321408,25865.618703,2269,0,0.00,32.6344,1.0000
10914403.0,5802.402850,20063.954742,25866.357592,2270,0,0.00,32.6516,1.0000
10914426.0,5802.428406,20064.108075,25866.536481,2271,0,0.00,32.6688,1.0000
10914450.0,5802.455072,20064.268075,25866.723147,2272,0,0.00,32.6859,1.0000
10914451.0,5802.456183,20064.274742,25866.730925,2273,0,0.00,32.7031,1.0000
10914453.0,5802.458406,20064.288075,25866.746481,2274,0,0.00,32.7203,1.0000
10914513.0,5802.525072,20064.688075,25867.213147,2275,0,0.00,32.7266,1.0000
10914526.0,5802.539517,20064.774742,25867.314258,2276,0,0.00,32.7281,1.0000
10914611.0,5802.633961,20065.341408,25867.975369,2277,0,0.00,32.7453,1.0000
10914905.0,5802.960628,20067.301408,25870.262036,2278,0,0.00,32.7516,1.0000
10915055.0,5803.127294,20068.301408,25871.428703,2279,0,0.00,32.7578,1.0000
10915122.0,5803.201739,20068.748075,25871.949814,2280,0,0.00,32.7703,1.0000
10916574.0,5804.815072,20078.428075,25883.243147,2281,0,0.00,32.8203,1.0000
10917730.0,5806.099517,20086.134742,25892.234258,2282,0,0.00,32.8703,1.0000
10917730.0,5806.099517,20086.134742,25892.234258,2283,0,0.00,32.9203,1.0000
10918348.0,5806.786183,20090.254742,25897.040925,2284,0,0.00,32.9438,1.0000
10918740.0,5807.221739,20092.868075,25900.089814,2285,0,0.00,32.9609,1.0000
10921964.0,5810.803961,20114.361408,25925.165369,2286,0,0.00,32.9734,1.0000
10922289.0,5811.165072,20116.528075,25927.693147,2287,0,0.00,32.9797,1.0000
10923202.0,5812.179517,20122.614742,25934.794258,2288,0,0.00,32.9891,1.0000
10923986.0,5813.050628,20127.841408,25940.892036,2289,0,0.00,32.9953,1.0000
10924437.0,5813.551739,20130.848075,25944.399814,2290,0,0.00,33.0016,1.0000
10924437.0,5813.551739,20130.848075,25944.399814,2291,0,0.00,33.0078,1.0000
10924562.0,5813.690628,20131.681408,25945.372036,2292,0,0.00,33.0313,1.0000
10924690.0,5813.832850,20132.534742,25946.367592,2293,0,0.00,33.0547,1.0000
10925673.0,5814.925072,20139.088075,25954.013147,2294,0,0.00,33.0641,1.0000
10928799.0,5818.398406,20159.928075,25978.326481,2295,0,0.00,33.0766,1.0000
10928848.0,5818.452850,20160.254742,25978.707592,2296,0,0.00,33.1000,1.0000
10929279.0,5818.931739,20163.128075,25982.059814,2297,0,0.00,33.1172,1.0000
10929454.0,5819.126183,20164.294742,25983.420925,2298,0,0.00,33.1359,1.0000
10931322.0,5821.201739,20176.748075,25997.949814,2299,0,0.00,33.1484,1.0000
10931569.0,5821.476183,20178.394742,25999.870925,2300,0,0.00,33.1656,1.0000
10934159.0,5824.353961,20195.661408,26020.015369,2301,0,0.00,33.1891,1.0000
10934210.0,5824.410628,20196.001408,26020.412036,2302,0,0.00,33.1953,1.0000
10935160.0,5825.466183,20202.334742,26027.800925,2303,0,0.00,33.2047,1.0000
10935342.0,5825.668406,20203.548075,26029.216481,2304,0,0.00,33.2281,1.0000
10936358.0,5826.797294,20210.321408,26037.118703,2305,0,0.00,33.2516,1.0000
10936906.0,5827.406183,20213.974742,26041.380925,2306,0,0.00,33.2688,1.0000
10939044.0,5829.781739,20228.228075,26058.009814,2307,0,0.00,33.2922,1.0000
10939089.0,5829.831739,20228.528075,26058.359814,2308,0,0.00,33.3094,1.0000
10939462.0,5830.246183,20231.014742,26061.260925,2309,0,0.00,33.3188,1.0000
10940694.0,5831.615072,20239.228075,26070.843147,2310,0,0.00,33.3422,1.0000
10941267.0,5832.251739,20243.048075,26075.299814,2311,0,0.00,33.3672,1.0000
10942439.0,5833.553961,20250.861408,26084.415369,2312,0,0.00,33.3797,1.0000
10942464.0,5833.581739,20251.028075,26084.609814,2313,0,0.00,33.3922,1.0000
10942465.0,5833.582850,20251.034742,26084.617592,2314,0,0.00,33.4047,1.0000
10943180.0,5834.377294,20255.801408,26090.178703,2315,0,0.00,33.4109,1.0000
10943317.0,5834.529517,20256.714742,26091.244258,2316,0,0.00,33.4172,1.0000
10943973.0,5835.258406,20261.088075,26096.346481,2317,0,0.00,33.4266,1.0000
10944662.0,5836.023961,20265.681408,26101.705369,2318,0,0.00,33.4500,1.0000
10944799.0,5836.176183,20266.594742,26102.770925,2319,0,0.00,33.4672,1.0000
10944920.0,5836.310628,20267.401408,26103.712036,2320,0,0.00,33.4734,1.0000
10945540.0,5836.999517,20271.534742,26108.534258,2321,0,0.00,33.4859,1.0000
10945550.0,5837.010628,20271.601408,26108.612036,2322,0,0.00,33.4922,1.0000
10946239.0,5837.776183,20276.194742,26113.970925,2323,0,0.00,33.4984,1.0000
10946423.0,5837.980628,20277.421408,26115.402036,2324,0,0.00,33.5219,1.0000
10947916.0,5839.639517,20287.374742,26127.014258,2325,0,0.00,33.5281,1.0000
10948395.0,5840.171739,20290.568075,26130.739814,2326,0,0.00,33.5453,1.0000
10948396.0,5840.172850,20290.574742,26130.747592,2327,0,0.00,33.5625,1.0000
10948996.0,5840.839517,20294.574742,26135.414258,2328,0,0.00,33.5688,1.0000
10949260.0,5841.132850,20296.334742,26137.467592,2329,0,0.00,33.5750,1.0000
10949384.0,5841.270628,20297.161408,26138.432036,2330,0,0.00,33.5813,1.0000
10949530.0,5841.432850,20298.134742,26139.567592,2331,0,0.00,33.6047,1.0000
10949730.0,5841.655072,20299.468075,26141.123147,2332,0,0.00,33.6109,1.0000
10949790.0,5841.721739,20299.868075,26141.589814,2333,0,0.00,33.6172,1.0000
10950572.0,5842.590628,20305.081408,26147.672036,2334,0,0.00,33.6266,1.0000
10950677.0,5842.707294,20305.781408,26148.488703,2335,0,0.00,33.6500,1.0000
10950697.0,5842.729517,20305.914742,26148.644258,2336,0,0.00,33.6563,1.0000
10950885.0,5842.938406,20307.168075,26150.106481,2337,0,0.00,33.6625,1.0000
10951083.0,5843.158406,20308.488075,26151.646481,2338,0,0.00,33.6641,1.0000
10951431.0,5843.545072,20310.808075,26154.353147,2339,0,0.00,33.6766,1.0000
10951482.0,5843.601739,20311.148075,26154.749814,2340,0,0.00,33.6938,1.0000
10951537.0,5843.662850,20311.514742,26155.177592,2341,0,0.00,33.7063,1.0000
10952090.0,5844.277294,20315.201408,26159.478703,2342,0,0.00,33.7250,1.0000
10952154.0,5844.348406,20315.628075,26159.976481,2343,0,0.00,33.7422,1.0000
10952219.0,5844.420628,20316.061408,26160.482036,2344,0,0.00,33.7484,1.0000
10952795.0,5845.060628,20319.901408,26164.962036,2345,0,0.00,33.7656,1.0000
10952854.0,5845.126183,20320.294742,26165.420925,2346,0,0.00,33.7844,1.0000
10953547.0,5845.896183,20324.914742,26170.810925,2347,0,0.00,33.7906,1.0000
10953723.0,5846.091739,20326.088075,26172.179814,2348,0,0.00,33.7969,1.0000
10954165.0,5846.582850,20329.034742,26175.617592,2349,0,0.00,33.8031,1.0000
10954475.0,5846.927294,20331.101408,26178.028703,2350,0,0.00,33.8219,1.0000
10955027.0,5847.540628,20334.781408,26182.322036,2351,0,0.00,33.8344,1.0000
10955797.0,5848.396183,20339.914742,26188.310925,2352,0,0.00,33.8406,1.0000
10955799.0,5848.398406,20339.928075,26188.326481,2353,0,0.00,33.8469,1.0000
10955991.0,5848.611739,20341.208075,26189.819814,2354,0,0.00,33.8594,1.0000
10956061.0,5848.689517,20341.674742,26190.364258,2355,0,0.00,33.8656,1.0000
10956115.0,5848.749517,20342.034742,26190.784258,2356,0,0.00,33.8719,1.0000
10956160.0,5848.799517,20342.334742,26191.134258,2357,0,0.00,33.8813,1.0000
10956515.0,5849.193961,20344.701408,26193.895369,2358,0,0.00,33.8875,1.0000
10957062.0,5849.801739,20348.348075,26198.149814,2359,0,0.00,33.8938,1.0000
10958253.0,5851.125072,20356.288075,26207.413147,2360,0,0.00,33.9031,1.0000
10958253.0,5851.125072,20356.288075,26207.413147,2361,0,0.00,33.9125,1.0000
10959807.0,5852.851739,20366.648075,26219.499814,2362,0,0.00,34.0125,1.0000
10960838.0,5853.997294,20373.521408,26227.518703,2363,0,0.00,34.0359,1.0000
10961058.0,5854.241739,20374.988075,26229.229814,2364,0,0.00,34.0484,1.0000
10961240.0,5854.443961,20376.201408,26230.645369,2365,0,0.00,34.0656,1.0000
10961297.0,5854.507294,20376.581408,26231.088703,2366,0,0.00,34.0828,1.0000
10961735.0,5854.993961,20379.501408,26234.495369,2367,0,0.00,34.1828,1.0000
10963022.0,5856.423961,20388.081408,26244.505369,2368,0,0.00,34.2063,1.0000
10963049.0,5856.453961,20388.261408,26244.715369,2369,0,0.00,34.2234,1.0000
10963193.0,5856.613961,20389.221408,26245.835369,2370,0,0.00,34.2469,1.0000
10963412.0,5856.857294,20390.681408,26247.538703,2371,0,0.00,34.2656,1.0000
10963416.0,5856.861739,20390.708075,26247.569814,2372,0,0.00,34.2844,1.0000
10963495.0,5856.949517,20391.234742,26248.184258,2373,0,0.00,34.3344,1.0000
10963811.0,5857.300628,20393.341408,26250.642036,2374,0,0.00,34.3531,1.0000
10963977.0,5857.485072,20394.448075,26251.933147,2375,0,0.00,34.3703,1.0000
10964069.0,5857.587294,20395.061408,26252.648703,2376,0,0.00,34.3766,1.0000
10964788.0,5858.386183,20399.854742,26258.240925,2377,0,0.00,34.3938,1.0000
10965221.0,5858.867294,20402.741408,26261.608703,2378,0,0.00,34.4438,1.0000
10965222.0,5858.868406,20402.748075,26261.616481,2379,0,0.00,34.4938,1.0000
10965222.0,5858.868406,20402.748075,26261.616481,2380,0,0.00,34.5438,1.0000
10965607.0,5859.296183,20405.314742,26264.610925,2381,0,0.00,34.5719,1.0000
10966202.0,5859.957294,20409.281408,26269.238703,2382,0,0.00,34.5906,1.0000
10966490.0,5860.277294,20411.201408,26271.478703,2383,0,0.00,34.5969,1.0000
10967395.0,5861.282850,20417.234742,26278.517592,2384,0,0.00,34.6094,1.0000
10967435.0,5861.327294,20417.501408,26278.828703,2385,0,0.00,34.6328,1.0000
10967881.0,5861.822850,20420.474742,26282.297592,2386,0,0.00,34.6563,1.0000
10967972.0,5861.923961,20421.081408,26283.005369,2387,0,0.00,34.6625,1.0000
10968201.0,5862.178406,20422.608075,26284.786481,2388,0,0.00,34.6688,1.0000
10969033.0,5863.102850,20428.154742,26291.257592,2389,0,0.00,34.6813,1.0000
10969481.0,5863.600628,20431.141408,26294.742036,2390,0,0.00,34.6938,1.0000
10970001.0,5864.178406,20434.608075,26298.786481,2391,0,0.00,34.7219,1.0000
10970041.0,5864.222850,20434.874742,26299.097592,2392,0,0.00,34.7391,1.0000
10970088.0,5864.275072,20435.188075,26299.463147,2393,0,0.00,34.7625,1.0000
10970193.0,5864.391739,20435.888075,26300.279814,2394,0,0.00,34.7797,1.0000
10970875.0,5865.149517,20440.434742,26305.584258,2395,0,0.00,34.7859,1.0000
10971505.0,5865.849517,20444.634742,26310.484258,2396,0,0.00,34.7922,1.0000
10971645.0,5866.005072,20445.568075,26311.573147,2397,0,0.00,34.8094,1.0000
10971827.0,5866.207294,20446.781408,26312.988703,2398,0,0.00,34.8281,1.0000
10973396.0,5867.950628,20457.241408,26325.192036,2399,0,0.00,34.8453,1.0000
10973649.0,5868.231739,20458.928075,26327.159814,2400,0,0.00,34.8516,1.0000
10974358.0,5869.019517,20463.654742,26332.674258,2401,0,0.00,34.8688,1.0000
10974443.0,5869.113961,20464.221408,26333.335369,2402,0,0.00,34.8875,1.0000
10975420.0,5870.199517,20470.734742,26340.934258,2403,0,0.00,34.8938,1.0000
10975921.0,5870.756183,20474.074742,26344.830925,2404,0,0.00,34.9125,1.0000
10975928.0,5870.763961,20474.121408,26344.885369,2405,0,0.00,34.9313,1.0000
10976300.0,5871.177294,20476.601408,26347.778703,2406,0,0.00,34.9328,1.0000
10976616.0,5871.528406,20478.708075,26350.236481,2407,0,0.00,34.9391,1.0000
10976617.0,5871.529517,20478.714742,26350.244258,2408,0,0.00,34.9563,1.0000
10976699.0,5871.620628,20479.261408,26350.882036,2409,0,0.00,34.9734,1.0000
10977275.0,5872.260628,20483.101408,26355.362036,2410,0,0.00,34.9828,1.0000
10977275.0,5872.260628,20483.101408,26355.362036,2411,0,0.00,34.9922,1.0000
10977615.0,5872.638406,20485.368075,26358.006481,2412,0,0.00,34.9984,1.0000
10977627.0,5872.651739,20485.448075,26358.099814,2413,0,0.00,35.0047,1.0000
10977969.0,5873.031739,20487.728075,26360.759814,2414,0,0.00,35.0109,1.0000
10978413.0,5873.525072,20490.688075,26364.213147,2415,0,0.00,35.0281,1.0000
10979122.0,5874.312850,20495.414742,26369.727592,2416,0,0.00,35.0453,1.0000
10979941.0,5875.222850,20500.874742,26376.097592,2417,0,0.00,35.0641,1.0000
10980122.0,5875.423961,20502.081408,26377.505369,2418,0,0.00,35.0828,1.0000
10980988.0,5876.386183,20507.854742,26384.240925,2419,0,0.00,35.0891,1.0000
10981182.0,5876.601739,20509.148075,26385.749814,2420,0,0.00,35.0953,1.0000
10981193.0,5876.613961,20509.221408,26385.835369,2421,0,0.00,35.1016,1.0000
10983359.0,5879.020628,20523.661408,26402.682036,2422,0,0.00,35.1250,1.0000
10983653.0,5879.347294,20525.621408,26404.968703,2423,0,0.00,35.1438,1.0000
10983660.0,5879.355072,20525.668075,26405.023147,2424,0,0.00,35.1625,1.0000
10983827.0,5879.540628,20526.781408,26406.322036,2425,0,0.00,35.1797,1.0000
10984287.0,5880.051739,20529.848075,26409.899814,2426,0,0.00,35.2047,1.0000
10984910.0,5880.743961,20534.001408,26414.745369,2427,0,0.00,35.2234,1.0000
10985397.0,5881.285072,20537.248075,26418.533147,2428,0,0.00,35.2297,1.0000
10985470.0,5881.366183,20537.734742,26419.100925,2429,0,0.00,35.2531,1.0000
10986737.0,5882.773961,20546.181408,26428.955369,2430,0,0.00,35.2813,1.0000
10986953.0,5883.013961,20547.621408,26430.635369,2431,0,0.00,35.3000,1.0000
10987417.0,5883.529517,20550.714742,26434.244258,2432,0,0.00,35.3500,1.0000
10987836.0,5883.995072,20553.508075,26437.503147,2433,0,0.00,35.3672,1.0000
10988062.0,5884.246183,20555.014742,26439.260925,2434,0,0.00,35.4172,1.0000
10988645.0,5884.893961,20558.901408,26443.795369,2435,0,0.00,35.4672,1.0000
10989834.0,5886.215072,20566.828075,26453.043147,2436,0,0.00,35.4688,1.0000
10990959.0,5887.465072,20574.328075,26461.793147,2437,0,0.00,35.4922,1.0000
10991217.0,5887.751739,20576.048075,26463.799814,2438,0,0.00,35.5047,1.0000
10991757.0,5888.351739,20579.648075,26467.999814,2439,0,0.00,35.5219,1.0000
10991934.0,5888.548406,20580.828075,26469.376481,2440,0,0.00,35.5391,1.0000
10993760.0,5890.577294,20593.001408,26483.578703,2441,0,0.00,35.5563,1.0000
10994345.0,5891.227294,20596.901408,26488.128703,2442,0,0.00,35.5734,1.0000
10994480.0,5891.377294,20597.801408,26489.178703,2443,0,0.00,35.5859,1.0000
10996793.0,5893.947294,20613.221408,26507.168703,2444,0,0.00,35.6094,1.0000
10996961.0,5894.133961,20614.341408,26508.475369,2445,0,0.00,35.6266,1.0000
10997465.0,5894.693961,20617.701408,26512.395369,2446,0,0.00,35.6438,1.0000
10997673.0,5894.925072,20619.088075,26514.013147,2447,0,0.00,35.6625,1.0000
10998413.0,5895.747294,20624.021408,26519.768703,2448,0,0.00,35.6688,1.0000
10999205.0,5896.627294,20629.301408,26525.928703,2449,0,0.00,35.6813,1.0000
11000032.0,5897.546183,20634.814742,26532.360925,2450,0,0.00,35.6938,1.0000
11000033.0,5897.547294,20634.821408,26532.368703,2451,0,0.00,35.7063,1.0000
11000039.0,5897.553961,20634.861408,26532.415369,2452,0,0.00,35.7188,1.0000
11001092.0,5898.723961,20641.881408,26540.605369,2453,0,0.00,35.7359,1.0000
11001304.0,5898.959517,20643.294742,26542.254258,2454,0,0.00,35.7531,1.0000
11003239.0,5901.109517,20656.194742,26557.304258,2455,0,0.00,35.7703,1.0000
11005079.0,5903.153961,20668.461408,26571.615369,2456,0,0.00,35.7891,1.0000
11008886.0,5907.383961,20693.841408,26601.225369,2457,0,0.00,35.8063,1.0000
11009015.0,5907.527294,20694.701408,26602.228703,2458,0,0.00,35.8125,1.0000
11009034.0,5907.548406,20694.828075,26602.376481,2459,0,0.00,35.8359,1.0000
11010826.0,5909.539517,20706.774742,26616.314258,2460,0,0.00,35.8859,1.0000
11010827.0,5909.540628,20706.781408,26616.322036,2461,0,0.00,35.9359,1.0000
11010829.0,5909.542850,20706.794742,26616.337592,2462,0,0.00,35.9859,1.0000
11012503.0,5911.402850,20717.954742,26629.357592,2463,0,0.00,36.0094,1.0000
11013256.0,5912.239517,20722.974742,26635.214258,2464,0,0.00,36.0266,1.0000
11013292.0,5912.279517,20723.214742,26635.494258,2465,0,0.00,36.0328,1.0000
11013407.0,5912.407294,20723.981408,26636.388703,2466,0,0.00,36.0500,1.0000
11013445.0,5912.449517,20724.234742,26636.684258,2467,0,0.00,36.0563,1.0000
11017626.0,5917.095072,20752.108075,26669.203147,2468,0,0.00,36.0625,1.0000
11019703.0,5919.402850,20765.954742,26685.357592,2469,0,0.00,36.0875,1.0000
11020594.0,5920.392850,20771.894742,26692.287592,2470,0,0.00,36.0969,1.0000
11020972.0,5920.812850,20774.414742,26695.227592,2471,0,0.00,36.1469,1.0000
11021742.0,5921.668406,20779.548075,26701.216481,2472,0,0.00,36.1594,1.0000
11022513.0,5922.525072,20784.688075,26707.213147,2473,0,0.00,36.1688,1.0000
11022514.0,5922.526183,20784.694742,26707.220925,2474,0,0.00,36.1781,1.0000
11022991.0,5923.056183,20787.874742,26710.930925,2475,0,0.00,36.1953,1.0000
11024333.0,5924.547294,20796.821408,26721.368703,2476,0,0.00,36.2141,1.0000
11026059.0,5926.465072,20808.328075,26734.793147,2477,0,0.00,36.2266,1.0000
11028470.0,5929.143961,20824.401408,26753.545369,2478,0,0.00,36.2328,1.0000
11028837.0,5929.551739,20826.848075,26756.399814,2479,0,0.00,36.2453,1.0000
11029713.0,5930.525072,20832.688075,26763.213147,2480,0,0.00,36.2641,1.0000
11029792.0,5930.612850,20833.214742,26763.827592,2481,0,0.00,36.2703,1.0000
11031391.0,5932.389517,20843.874742,26776.264258,2482,0,0.00,36.2766,1.0000
11032007.0,5933.073961,20847.981408,26781.055369,2483,0,0.00,36.2828,1.0000
11033891.0,5935.167294,20860.541408,26795.708703,2484,0,0.00,36.2891,1.0000
11033925.0,5935.205072,20860.768075,26795.973147,2485,0,0.00,36.2953,1.0000
11034173.0,5935.480628,20862.421408,26797.902036,2486,0,0.00,36.3453,1.0000
11034329.0,5935.653961,20863.461408,26799.115369,2487,0,0.00,36.3516,1.0000
11034416.0,5935.750628,20864.041408,26799.792036,2488,0,0.00,36.3688,1.0000
11034445.0,5935.782850,20864.234742,26800.017592,2489,0,0.00,36.3922,1.0000
11034701.0,5936.067294,20865.941408,26802.008703,2490,0,0.00,36.4156,1.0000
11034704.0,5936.070628,20865.961408,26802.032036,2491,0,0.00,36.4250,1.0000
11034735.0,5936.105072,20866.168075,26802.273147,2492,0,0.00,36.4484,1.0000
11034748.0,5936.119517,20866.254742,26802.374258,2493,0,0.00,36.4984,1.0000
11034748.0,5936.119517,20866.254742,26802.374258,2494,0,0.00,36.5484,1.0000
11034954.0,5936.348406,20867.628075,26803.976481,2495,0,0.00,36.5656,1.0000
11035001.0,5936.400628,20867.941408,26804.342036,2496,0,0.00,36.5781,1.0000
11035112.0,5936.523961,20868.681408,26805.205369,2497,0,0.00,36.5953,1.0000
11035244.0,5936.670628,20869.561408,26806.232036,2498,0,0.00,36.6016,1.0000
11035446.0,5936.895072,20870.908075,26807.803147,2499,0,0.00,36.6188,1.0000
11036090.0,5937.610628,20875.201408,26812.812036,2500,0,0.00,36.6359,1.0000
11036433.0,5937.991739,20877.488075,26815.479814,2501,0,0.00,36.6453,1.0000
11036591.0,5938.167294,20878.541408,26816.708703,2502,0,0.00,36.6578,1.0000
11036816.0,5938.417294,20880.041408,26818.458703,2503,0,0.00,36.6750,1.0000
11037805.0,5939.516183,20886.634742,26826.150925,2504,0,0.00,36.6875,1.0000
11037933.0,5939.658406,20887.488075,26827.146481,2505,0,0.00,36.7063,1.0000
11038086.0,5939.828406,20888.508075,26828.336481,2506,0,0.00,36.7125,1.0000
11038562.0,5940.357294,20891.681408,26832.038703,2507,0,0.00,36.7188,1.0000
11039555.0,5941.460628,20898.301408,26839.762036,2508,0,0.00,36.7375,1.0000
11040178.0,5942.152850,20902.454742,26844.607592,2509,0,0.00,36.7547,1.0000
11040364.0,5942.359517,20903.694742,26846.054258,2510,0,0.00,36.7781,1.0000
11041596.0,5943.728406,20911.908075,26855.636481,2511,0,0.00,36.7953,1.0000
11041737.0,5943.885072,20912.848075,26856.733147,2512,0,0.00,36.8078,1.0000
11041746.0,5943.895072,20912.908075,26856.803147,2513,0,0.00,36.8141,1.0000
11042251.0,5944.456183,20916.274742,26860.730925,2514,0,0.00,36.8422,1.0000
11043221.0,5945.533961,20922.741408,26868.275369,2515,0,0.00,36.8609,1.0000
11043271.0,5945.589517,20923.074742,26868.664258,2516,0,0.00,36.8797,1.0000
11043760.0,5946.132850,20926.334742,26872.467592,2517,0,0.00,36.8891,1.0000
11044069.0,5946.476183,20928.394742,26874.870925,2518,0,0.00,36.8953,1.0000
11044262.0,5946.690628,20929.681408,26876.372036,2519,0,0.00,36.9125,1.0000
11044263.0,5946.691739,20929.688075,26876.379814,2520,0,0.00,36.9297,1.0000
11044754.0,5947.237294,20932.961408,26880.198703,2521,0,0.00,36.9469,1.0000
11047180.0,5949.932850,20949.134742,26899.067592,2522,0,0.00,36.9703,1.0000
11047555.0,5950.349517,20951.634742,26901.984258,2523,0,0.00,36.9875,1.0000
11047627.0,5950.429517,20952.114742,26902.544258,2524,0,0.00,37.0047,1.0000
11047629.0,5950.431739,20952.128075,26902.559814,2525,0,0.00,37.0219,1.0000
11048362.0,5951.246183,20957.014742,26908.260925,2526,0,0.00,37.0281,1.0000
11048514.0,5951.415072,20958.028075,26909.443147,2527,0,0.00,37.0406,1.0000
11049135.0,5952.105072,20962.168075,26914.273147,2528,0,0.00,37.0578,1.0000
11049543.0,5952.558406,20964.888075,26917.446481,2529,0,0.00,37.0750,1.0000
11049607.0,5952.629517,20965.314742,26917.944258,2530,0,0.00,37.0922,1.0000
11049709.0,5952.742850,20965.994742,26918.737592,2531,0,0.00,37.0984,1.0000
11050420.0,5953.532850,20970.734742,26924.267592,2532,0,0.00,37.1047,1.0000
11050941.0,5954.111739,20974.208075,26928.319814,2533,0,0.00,37.1219,1.0000
11051098.0,5954.286183,20975.254742,26929.540925,2534,0,0.00,37.1391,1.0000
11051566.0,5954.806183,20978.374742,26933.180925,2535,0,0.00,37.1516,1.0000
11052205.0,5955.516183,20982.634742,26938.150925,2536,0,0.00,37.1750,1.0000
11052393.0,5955.725072,20983.888075,26939.613147,2537,0,0.00,37.1922,1.0000
11054015.0,5957.527294,20994.701408,26952.228703,2538,0,0.00,37.2109,1.0000
11056803.0,5960.625072,21013.288075,26973.913147,2539,0,0.00,37.2281,1.0000
11057127.0,5960.985072,21015.448075,26976.433147,2540,0,0.00,37.2453,1.0000
11057635.0,5961.549517,21018.834742,26980.384258,2541,0,0.00,37.2625,1.0000
11057904.0,5961.848406,21020.628075,26982.476481,2542,0,0.00,37.2859,1.0000
11058332.0,5962.323961,21023.481408,26985.805369,2543,0,0.00,37.3094,1.0000
11058612.0,5962.635072,21025.348075,26987.983147,2544,0,0.00,37.3594,1.0000
11059271.0,5963.367294,21029.741408,26993.108703,2545,0,0.00,37.3766,1.0000
11059272.0,5963.368406,21029.748075,26993.116481,2546,0,0.00,37.3938,1.0000
11060165.0,5964.360628,21035.701408,27000.062036,2547,0,0.00,37.4172,1.0000
11060653.0,5964.902850,21038.954742,27003.857592,2548,0,0.00,37.4297,1.0000
11060788.0,5965.052850,21039.854742,27004.907592,2549,0,0.00,37.4469,1.0000
11060819.0,5965.087294,21040.061408,27005.148703,2550,0,0.00,37.4641,1.0000
11062124.0,5966.537294,21048.761408,27015.298703,2551,0,0.00,37.4875,1.0000
11062897.0,5967.396183,21053.914742,27021.310925,2552,0,0.00,37.5063,1.0000
11062993.0,5967.502850,21054.554742,27022.057592,2553,0,0.00,37.5125,1.0000
11063597.0,5968.173961,21058.581408,27026.755369,2554,0,0.00,37.5297,1.0000
11064076.0,5968.706183,21061.774742,27030.480925,2555,0,0.00,37.5469,1.0000
11064077.0,5968.707294,21061.781408,27030.488703,2556,0,0.00,37.5641,1.0000
11064333.0,5968.991739,21063.488075,27032.479814,2557,0,0.00,37.5828,1.0000
11064446.0,5969.117294,21064.241408,27033.358703,2558,0,0.00,37.5891,1.0000
11064502.0,5969.179517,21064.614742,27033.794258,2559,0,0.00,37.6063,1.0000
11064663.0,5969.358406,21065.688075,27035.046481,2560,0,0.00,37.6297,1.0000
11064914.0,5969.637294,21067.361408,27036.998703,2561,0,0.00,37.6469,1.0000
11064916.0,5969.639517,21067.374742,27037.014258,2562,0,0.00,37.6641,1.0000
11064955.0,5969.682850,21067.634742,27037.317592,2563,0,0.00,37.6813,1.0000
11065120.0,5969.866183,21068.734742,27038.600925,2564,0,0.00,37.6984,1.0000
11065306.0,5970.072850,21069.974742,27040.047592,2565,0,0.00,37.7156,1.0000
11065308.0,5970.075072,21069.988075,27040.063147,2566,0,0.00,37.7328,1.0000
11065717.0,5970.529517,21072.714742,27043.244258,2567,0,0.00,37.7500,1.0000
11067652.0,5972.679517,21085.614742,27058.294258,2568,0,0.00,37.7734,1.0000
11067759.0,5972.798406,21086.328075,27059.126481,2569,0,0.00,37.7969,1.0000
11067977.0,5973.040628,21087.781408,27060.822036,2570,0,0.00,37.8031,1.0000
11068388.0,5973.497294,21090.521408,27064.018703,2571,0,0.00,37.8203,1.0000
11068421.0,5973.533961,21090.741408,27064.275369,2572,0,0.00,37.8375,1.0000
11070819.0,5976.198406,21106.728075,27082.926481,2573,0,0.00,37.8547,1.0000
11071065.0,5976.471739,21108.368075,27084.839814,2574,0,0.00,37.8781,1.0000
11071356.0,5976.795072,21110.308075,27087.103147,2575,0,0.00,37.8906,1.0000
11072510.0,5978.077294,21118.001408,27096.078703,2576,0,0.00,37.8969,1.0000
11073022.0,5978.646183,21121.414742,27100.060925,2577,0,0.00,37.9203,1.0000
11073754.0,5979.459517,21126.294742,27105.754258,2578,0,0.00,37.9391,1.0000
11075323.0,5981.202850,21136.754742,27117.957592,2579,0,0.00,37.9516,1.0000
11075573.0,5981.480628,21138.421408,27119.902036,2580,0,0.00,37.9641,1.0000
11075801.0,5981.733961,21139.941408,27121.675369,2581,0,0.00,37.9766,1.0000
11077072.0,5983.146183,21148.414742,27131.560925,2582,0,0.00,38.0000,1.0000
11077486.0,5983.606183,21151.174742,27134.780925,2583,0,0.00,38.0234,1.0000
11078696.0,5984.950628,21159.241408,27144.192036,2584,0,0.00,38.0406,1.0000
11078771.0,5985.033961,21159.741408,27144.775369,2585,0,0.00,38.0578,1.0000
11079867.0,5986.251739,21167.048075,27153.299814,2586,0,0.00,38.0703,1.0000
11080313.0,5986.747294,21170.021408,27156.768703,2587,0,0.00,38.0984,1.0000
11080360.0,5986.799517,21170.334742,27157.134258,2588,0,0.00,38.1156,1.0000
11080669.0,5987.142850,21172.394742,27159.537592,2589,0,0.00,38.1328,1.0000
11081253.0,5987.791739,21176.288075,27164.079814,2590,0,0.00,38.1500,1.0000
11081372.0,5987.923961,21177.081408,27165.005369,2591,0,0.00,38.2000,1.0000
11082525.0,5989.205072,21184.768075,27173.973147,2592,0,0.00,38.2500,1.0000
11083044.0,5989.781739,21188.228075,27178.009814,2593,0,0.00,38.2672,1.0000
11083221.0,5989.978406,21189.408075,27179.386481,2594,0,0.00,38.2844,1.0000
11083593.0,5990.391739,21191.888075,27182.279814,2595,0,0.00,38.3016,1.0000
11084688.0,5991.608406,21199.188075,27190.796481,2596,0,0.00,38.3266,1.0000
11085996.0,5993.061739,21207.908075,27200.969814,2597,0,0.00,38.3453,1.0000
11086418.0,5993.530628,21210.721408,27204.252036,2598,0,0.00,38.3641,1.0000
11087021.0,5994.200628,21214.741408,27208.942036,2599,0,0.00,38.3891,1.0000
11087736.0,5994.995072,21219.508075,27214.503147,2600,0,0.00,38.4078,1.0000
11088884.0,5996.270628,21227.161408,27223.432036,2601,0,0.00,38.4328,1.0000
11089355.0,5996.793961,21230.301408,27227.095369,2602,0,0.00,38.4516,1.0000
11089906.0,5997.406183,21233.974742,27231.380925,2603,0,0.00,38.4641,1.0000
11090372.0,5997.923961,21237.081408,27235.005369,2604,0,0.00,38.4766,1.0000
11091165.0,5998.805072,21242.368075,27241.173147,2605,0,0.00,38.5016,1.0000
11095003.0,6003.069517,21267.954742,27271.024258,2606,0,0.00,38.5516,1.0000
11096740.0,6004.999517,21279.534742,27284.534258,2607,0,0.00,38.5578,1.0000
11097240.0,6005.555072,21282.868075,27288.423147,2608,0,0.00,38.5641,1.0000
11100487.0,6009.162850,21304.514742,27313.677592,2609,0,0.00,38.5703,1.0000
11102589.0,6011.498406,21318.528075,27330.026481,2610,0,0.00,38.5766,1.0000
11104707.0,6013.851739,21332.648075,27346.499814,2611,0,0.00,38.6266,1.0000
11105858.0,6015.130628,21340.321408,27355.452036,2612,0,0.00,38.6766,1.0000
11106111.0,6015.411739,21342.008075,27357.419814,2613,0,0.00,38.7000,1.0000
11106744.0,6016.115072,21346.228075,27362.343147,2614,0,0.00,38.7234,1.0000
11111473.0,6021.369517,21377.754742,27399.124258,2615,0,0.00,38.7469,1.0000
11112961.0,6023.022850,21387.674742,27410.697592,2616,0,0.00,38.7703,1.0000
11113955.0,6024.127294,21394.301408,27418.428703,2617,0,0.00,38.7938,1.0000
11113989.0,6024.165072,21394.528075,27418.693147,2618,0,0.00,38.8172,1.0000
11114045.0,6024.227294,21394.901408,27419.128703,2619,0,0.00,38.8297,1.0000
11114048.0,6024.230628,21394.921408,27419.152036,2620,0,0.00,38.8422,1.0000
11114305.0,6024.516183,21396.634742,27421.150925,2621,0,0.00,38.8656,1.0000
11114429.0,6024.653961,21397.461408,27422.115369,2622,0,0.00,38.8719,1.0000
11114601.0,6024.845072,21398.608075,27423.453147,2623,0,0.00,38.8781,1.0000
11114738.0,6024.997294,21399.521408,27424.518703,2624,0,0.00,38.9031,1.0000
11115249.0,6025.565072,21402.928075,27428.493147,2625,0,0.00,38.9156,1.0000
11115261.0,6025.578406,21403.008075,27428.586481,2626,0,0.00,38.9281,1.0000
11115262.0,6025.579517,21403.014742,27428.594258,2627,0,0.00,38.9406,1.0000
11117478.0,6028.041739,21417.788075,27445.829814,2628,0,0.00,38.9469,1.0000
11117493.0,6028.058406,21417.888075,27445.946481,2629,0,0.00,38.9703,1.0000
11117498.0,6028.063961,21417.921408,27445.985369,2630,0,0.00,38.9766,1.0000
11118273.0,6028.925072,21423.088075,27452.013147,2631,0,0.00,38.9953,1.0000
11121541.0,6032.556183,21444.874742,27477.430925,2632,0,0.00,39.0188,1.0000
11121713.0,6032.747294,21446.021408,27478.768703,2633,0,0.00,39.0250,1.0000
11122115.0,6033.193961,21448.701408,27481.895369,2634,0,0.00,39.0313,1.0000
11122173.0,6033.258406,21449.088075,27482.346481,2635,0,0.00,39.0547,1.0000
11123894.0,6035.170628,21460.561408,27495.732036,2636,0,0.00,39.0719,1.0000
11124008.0,6035.297294,21461.321408,27496.618703,2637,0,0.00,39.0844,1.0000
11124021.0,6035.311739,21461.408075,27496.719814,2638,0,0.00,39.1016,1.0000
11124024.0,6035.315072,21461.428075,27496.743147,2639,0,0.00,39.1078,1.0000
11124031.0,6035.322850,21461.474742,27496.797592,2640,0,0.00,39.1141,1.0000
11124176.0,6035.483961,21462.441408,27497.925369,2641,0,0.00,39.1203,1.0000
11124215.0,6035.527294,21462.701408,27498.228703,2642,0,0.00,39.1375,1.0000
11124338.0,6035.663961,21463.521408,27499.185369,2643,0,0.00,39.1438,1.0000
11124346.0,6035.672850,21463.574742,27499.247592,2644,0,0.00,39.1500,1.0000
11124361.0,6035.689517,21463.674742,27499.364258,2645,0,0.00,39.1625,1.0000
11128032.0,6039.768406,21488.148075,27527.916481,2646,0,0.00,39.2125,1.0000
11128034.0,6039.770628,21488.161408,27527.932036,2647,0,0.00,39.2625,1.0000
11128364.0,6040.137294,21490.361408,27530.498703,2648,0,0.00,39.2875,1.0000
11128729.0,6040.542850,21492.794742,27533.337592,2649,0,0.00,39.3375,1.0000
11128729.0,6040.542850,21492.794742,27533.337592,2650,0,0.00,39.3875,1.0000
11128729.0,6040.542850,21492.794742,27533.337592,2651,0,0.00,39.4375,1.0000
11128729.0,6040.542850,21492.794742,27533.337592,2652,0,0.00,39.4875,1.0000
11128730.0,6040.543961,21492.801408,27533.345369,2653,0,0.00,39.5375,1.0000
11129451.0,6041.345072,21497.608075,27538.953147,2654,0,0.00,39.5609,1.0000
11130153.0,6042.125072,21502.288075,27544.413147,2655,0,0.00,39.5844,1.0000
11130757.0,6042.796183,21506.314742,27549.110925,2656,0,0.00,39.6094,1.0000
11131273.0,6043.369517,21509.754742,27553.124258,2657,0,0.00,39.6344,1.0000
11131962.0,6044.135072,21514.348075,27558.483147,2658,0,0.00,39.6594,1.0000
11132134.0,6044.326183,21515.494742,27559.820925,2659,0,0.00,39.6719,1.0000
11132194.0,6044.392850,21515.894742,27560.287592,2660,0,0.00,39.6813,1.0000
11132742.0,6045.001739,21519.548075,27564.549814,2661,0,0.00,39.7047,1.0000
11133678.0,6046.041739,21525.788075,27571.829814,2662,0,0.00,39.7219,1.0000
11133718.0,6046.086183,21526.054742,27572.140925,2663,0,0.00,39.7391,1.0000
11135259.0,6047.798406,21536.328075,27584.126481,2664,0,0.00,39.7578,1.0000
11135676.0,6048.261739,21539.108075,27587.369814,2665,0,0.00,39.7766,1.0000
11136756.0,6049.461739,21546.308075,27595.769814,2666,0,0.00,39.7953,1.0000
11138331.0,6051.211739,21556.808075,27608.019814,2667,0,0.00,39.8125,1.0000
11138377.0,6051.262850,21557.114742,27608.377592,2668,0,0.00,39.8297,1.0000
11138420.0,6051.310628,21557.401408,27608.712036,2669,0,0.00,39.8469,1.0000
11138466.0,6051.361739,21557.708075,27609.069814,2670,0,0.00,39.8641,1.0000
11138880.0,6051.821739,21560.468075,27612.289814,2671,0,0.00,39.8875,1.0000
11139053.0,6052.013961,21561.621408,27613.635369,2672,0,0.00,39.9000,1.0000
11141307.0,6054.518406,21576.648075,27631.166481,2673,0,0.00,39.9125,1.0000
11141665.0,6054.916183,21579.034742,27633.950925,2674,0,0.00,39.9297,1.0000
11141714.0,6054.970628,21579.361408,27634.332036,2675,0,0.00,39.9469,1.0000
11141849.0,6055.120628,21580.261408,27635.382036,2676,0,0.00,39.9641,1.0000
11142125.0,6055.427294,21582.101408,27637.528703,2677,0,0.00,39.9875,1.0000
11143807.0,6057.296183,21593.314742,27650.610925,2678,0,0.00,40.0109,1.0000
11144398.0,6057.952850,21597.254742,27655.207592,2679,0,0.00,40.0344,1.0000
11145930.0,6059.655072,21607.468075,27667.123147,2680,0,0.00,40.0469,1.0000
11146645.0,6060.449517,21612.234742,27672.684258,2681,0,0.00,40.0594,1.0000
11146762.0,6060.579517,21613.014742,27673.594258,2682,0,0.00,40.0719,1.0000
11147345.0,6061.227294,21616.901408,27678.128703,2683,0,0.00,40.0844,1.0000
11148769.0,6062.809517,21626.394742,27689.204258,2684,0,0.00,40.1078,1.0000
11150317.0,6064.529517,21636.714742,27701.244258,2685,0,0.00,40.1313,1.0000
11150664.0,6064.915072,21639.028075,27703.943147,2686,0,0.00,40.1547,1.0000
11151299.0,6065.620628,21643.261408,27708.882036,2687,0,0.00,40.1781,1.0000
11152092.0,6066.501739,21648.548075,27715.049814,2688,0,0.00,40.2281,1.0000
11152546.0,6067.006183,21651.574742,27718.580925,2689,0,0.00,40.2531,1.0000
11152548.0,6067.008406,21651.588075,27718.596481,2690,0,0.00,40.2781,1.0000
11152679.0,6067.153961,21652.461408,27719.615369,2691,0,0.00,40.3281,1.0000
11153047.0,6067.562850,21654.914742,27722.477592,2692,0,0.00,40.3516,1.0000
11155039.0,6069.776183,21668.194742,27737.970925,2693,0,0.00,40.3797,1.0000
11155510.0,6070.299517,21671.334742,27741.634258,2694,0,0.00,40.4078,1.0000
11155512.0,6070.301739,21671.348075,27741.649814,2695,0,0.00,40.4313,1.0000
11157873.0,6072.925072,21687.088075,27760.013147,2696,0,0.00,40.4500,1.0000
11157922.0,6072.979517,21687.414742,27760.394258,2697,0,0.00,40.4750,1.0000
11159112.0,6074.301739,21695.348075,27769.649814,2698,0,0.00,40.4922,1.0000
11159468.0,6074.697294,21697.721408,27772.418703,2699,0,0.00,40.5156,1.0000
11161150.0,6076.566183,21708.934742,27785.500925,2700,0,0.00,40.5391,1.0000
11161803.0,6077.291739,21713.288075,27790.579814,2701,0,0.00,40.5563,1.0000
11161803.0,6077.291739,21713.288075,27790.579814,2702,0,0.00,40.5734,1.0000
11163277.0,6078.929517,21723.114742,27802.044258,2703,0,0.00,40.5859,1.0000
11163323.0,6078.980628,21723.421408,27802.402036,2704,0,0.00,40.6109,1.0000
11163419.0,6079.087294,21724.061408,27803.148703,2705,0,0.00,40.6344,1.0000
11163965.0,6079.693961,21727.701408,27807.395369,2706,0,0.00,40.6469,1.0000
11164677.0,6080.485072,21732.448075,27812.933147,2707,0,0.00,40.6594,1.0000
11165217.0,6081.085072,21736.048075,27817.133147,2708,0,0.00,40.6828,1.0000
11165682.0,6081.601739,21739.148075,27820.749814,2709,0,0.00,40.7078,1.0000
11165787.0,6081.718406,21739.848075,27821.566481,2710,0,0.00,40.7203,1.0000
11167355.0,6083.460628,21750.301408,27833.762036,2711,0,0.00,40.7438,1.0000
11168614.0,6084.859517,21758.694742,27843.554258,2712,0,0.00,40.7500,1.0000
11170473.0,6086.925072,21771.088075,27858.013147,2713,0,0.00,40.7672,1.0000
11170829.0,6087.320628,21773.461408,27860.782036,2714,0,0.00,40.7844,1.0000
11171979.0,6088.598406,21781.128075,27869.726481,2715,0,0.00,40.8094,1.0000
11172394.0,6089.059517,21783.894742,27872.954258,2716,0,0.00,40.8188,1.0000
11172666.0,6089.361739,21785.708075,27875.069814,2717,0,0.00,40.8313,1.0000
11172672.0,6089.368406,21785.748075,27875.116481,2718,0,0.00,40.8438,1.0000
11173665.0,6090.471739,21792.368075,27882.839814,2719,0,0.00,40.8672,1.0000
11174673.0,6091.591739,21799.088075,27890.679814,2720,0,0.00,40.8766,1.0000
11174967.0,6091.918406,21801.048075,27892.966481,2721,0,0.00,40.9266,1.0000
11174967.0,6091.918406,21801.048075,27892.966481,2722,0,0.00,40.9766,1.0000
11175315.0,6092.305072,21803.368075,27895.673147,2723,0,0.00,41.0000,1.0000
11175329.0,6092.320628,21803.461408,27895.782036,2724,0,0.00,41.0250,1.0000
11175351.0,6092.345072,21803.608075,27895.953147,2725,0,0.00,41.0484,1.0000
11175546.0,6092.561739,21804.908075,27897.469814,2726,0,0.00,41.0984,1.0000
11176114.0,6093.192850,21808.694742,27901.887592,2727,0,0.00,41.1484,1.0000
11176115.0,6093.193961,21808.701408,27901.895369,2728,0,0.00,41.1984,1.0000
11176116.0,6093.195072,21808.708075,27901.903147,2729,0,0.00,41.2484,1.0000
11176116.0,6093.195072,21808.708075,27901.903147,2730,0,0.00,41.2984,1.0000
11177374.0,6094.592850,21817.094742,27911.687592,2731,0,0.00,41.3078,1.0000
11177546.0,6094.783961,21818.241408,27913.025369,2732,0,0.00,41.3141,1.0000
11177762.0,6095.023961,21819.681408,27914.705369,2733,0,0.00,41.3375,1.0000
11178997.0,6096.396183,21827.914742,27924.310925,2734,0,0.00,41.3625,1.0000
11180089.0,6097.609517,21835.194742,27932.804258,2735,0,0.00,41.3688,1.0000
11180641.0,6098.222850,21838.874742,27937.097592,2736,0,0.00,41.3938,1.0000
11184313.0,6102.302850,21863.354742,27965.657592,2737,0,0.00,41.4172,1.0000
11184401.0,6102.400628,21863.941408,27966.342036,2738,0,0.00,41.4344,1.0000
11185236.0,6103.328406,21869.508075,27972.836481,2739,0,0.00,41.4531,1.0000
11185332.0,6103.435072,21870.148075,27973.583147,2740,0,0.00,41.4656,1.0000
11185714.0,6103.859517,21872.694742,27976.554258,2741,0,0.00,41.4844,1.0000
11186555.0,6104.793961,21878.301408,27983.095369,2742,0,0.00,41.5031,1.0000
11187370.0,6105.699517,21883.734742,27989.434258,2743,0,0.00,41.5266,1.0000
11189436.0,6107.995072,21897.508075,28005.503147,2744,0,0.00,41.5516,1.0000
11190439.0,6109.109517,21904.194742,28013.304258,2745,0,0.00,41.5750,1.0000
11193216.0,6112.195072,21922.708075,28034.903147,2746,0,0.00,41.5938,1.0000
11196037.0,6115.329517,21941.514742,28056.844258,2747,0,0.00,41.6109,1.0000
11196037.0,6115.329517,21941.514742,28056.844258,2748,0,0.00,41.6281,1.0000
11197473.0,6116.925072,21951.088075,28068.013147,2749,0,0.00,41.6375,1.0000
11198291.0,6117.833961,21956.541408,28074.375369,2750,0,0.00,41.6875,1.0000
11199245.0,6118.893961,21962.901408,28081.795369,2751,0,0.00,41.7047,1.0000
11199319.0,6118.976183,21963.394742,28082.370925,2752,0,0.00,41.7297,1.0000
11199447.0,6119.118406,21964.248075,28083.366481,2753,0,0.00,41.7797,1.0000
11201625.0,6121.538406,21978.768075,28100.306481,2754,0,0.00,41.7922,1.0000
11201627.0,6121.540628,21978.781408,28100.322036,2755,0,0.00,41.8047,1.0000
11201632.0,6121.546183,21978.814742,28100.360925,2756,0,0.00,41.8172,1.0000
11201635.0,6121.549517,21978.834742,28100.384258,2757,0,0.00,41.8297,1.0000
11201707.0,6121.629517,21979.314742,28100.944258,2758,0,0.00,41.8422,1.0000
11202660.0,6122.688406,21985.668075,28108.356481,2759,0,0.00,41.8656,1.0000
11203053.0,6123.125072,21988.288075,28111.413147,2760,0,0.00,41.8844,1.0000
11204073.0,6124.258406,21995.088075,28119.346481,2761,0,0.00,41.9031,1.0000
11204435.0,6124.660628,21997.501408,28122.162036,2762,0,0.00,41.9156,1.0000
11205423.0,6125.758406,22004.088075,28129.846481,2763,0,0.00,41.9328,1.0000
11206866.0,6127.361739,22013.708075,28141.069814,2764,0,0.00,41.9391,1.0000
11207968.0,6128.586183,22021.054742,28149.640925,2765,0,0.00,41.9500,1.0000
11208156.0,6128.795072,22022.308075,28151.103147,2766,0,0.00,41.9734,1.0000
11208724.0,6129.426183,22026.094742,28155.520925,2767,0,0.00,41.9859,1.0000
11209239.0,6129.998406,22029.528075,28159.526481,2768,0,0.00,41.9984,1.0000
11209274.0,6130.037294,22029.761408,28159.798703,2769,0,0.00,42.0266,1.0000
11209495.0,6130.282850,22031.234742,28161.517592,2770,0,0.00,42.0500,1.0000
11209502.0,6130.290628,22031.281408,28161.572036,2771,0,0.00,42.0734,1.0000
11209507.0,6130.296183,22031.314742,28161.610925,2772,0,0.00,42.0969,1.0000
11209955.0,6130.793961,22034.301408,28165.095369,2773,0,0.00,42.1141,1.0000
11210744.0,6131.670628,22039.561408,28171.232036,2774,0,0.00,42.1422,1.0000
11210963.0,6131.913961,22041.021408,28172.935369,2775,0,0.00,42.1594,1.0000
11210969.0,6131.920628,22041.061408,28172.982036,2776,0,0.00,42.1766,1.0000
11211517.0,6132.529517,22044.714742,28177.244258,2777,0,0.00,42.1953,1.0000
11211756.0,6132.795072,22046.308075,28179.103147,2778,0,0.00,42.2125,1.0000
11211823.0,6132.869517,22046.754742,28179.624258,2779,0,0.00,42.2250,1.0000
11212116.0,6133.195072,22048.708075,28181.903147,2780,0,0.00,42.2438,1.0000
11212117.0,6133.196183,22048.714742,28181.910925,2781,0,0.00,42.2625,1.0000
11212205.0,6133.293961,22049.301408,28182.595369,2782,0,0.00,42.2797,1.0000
11212284.0,6133.381739,22049.828075,28183.209814,2783,0,0.00,42.2969,1.0000
11212334.0,6133.437294,22050.161408,28183.598703,2784,0,0.00,42.3141,1.0000
11212335.0,6133.438406,22050.168075,28183.606481,2785,0,0.00,42.3313,1.0000
11212348.0,6133.452850,22050.254742,28183.707592,2786,0,0.00,42.3375,1.0000
11213911.0,6135.189517,22060.674742,28195.864258,2787,0,0.00,42.3609,1.0000
11214444.0,6135.781739,22064.228075,28200.009814,2788,0,0.00,42.3828,1.0000
11215029.0,6136.431739,22068.128075,28204.559814,2789,0,0.00,42.4063,1.0000
11215721.0,6137.200628,22072.741408,28209.942036,2790,0,0.00,42.4297,1.0000
11216088.0,6137.608406,22075.188075,28212.796481,2791,0,0.00,42.4469,1.0000
11216095.0,6137.616183,22075.234742,28212.850925,2792,0,0.00,42.4641,1.0000
11216213.0,6137.747294,22076.021408,28213.768703,2793,0,0.00,42.4813,1.0000
11217934.0,6139.659517,22087.494742,28227.154258,2794,0,0.00,42.4938,1.0000
11218032.0,6139.768406,22088.148075,28227.916481,2795,0,0.00,42.5109,1.0000
11218086.0,6139.828406,22088.508075,28228.336481,2796,0,0.00,42.5281,1.0000
11218660.0,6140.466183,22092.334742,28232.800925,2797,0,0.00,42.5453,1.0000
11218892.0,6140.723961,22093.881408,28234.605369,2798,0,0.00,42.5641,1.0000
11220058.0,6142.019517,22101.654742,28243.674258,2799,0,0.00,42.5813,1.0000
11220260.0,6142.243961,22103.001408,28245.245369,2800,0,0.00,42.5984,1.0000
11220593.0,6142.613961,22105.221408,28247.835369,2801,0,0.00,42.6156,1.0000
11220651.0,6142.678406,22105.608075,28248.286481,2802,0,0.00,42.6328,1.0000
11220963.0,6143.025072,22107.688075,28250.713147,2803,0,0.00,42.6563,1.0000
11221621.0,6143.756183,22112.074742,28255.830925,2804,0,0.00,42.7063,1.0000
11221623.0,6143.758406,22112.088075,28255.846481,2805,0,0.00,42.7563,1.0000
11222207.0,6144.407294,22115.981408,28260.388703,2806,0,0.00,42.8063,1.0000
11222412.0,6144.635072,22117.348075,28261.983147,2807,0,0.00,42.8234,1.0000
11222719.0,6144.976183,22119.394742,28264.370925,2808,0,0.00,42.8516,1.0000
11222916.0,6145.195072,22120.708075,28265.903147,2809,0,0.00,42.8766,1.0000
11223995.0,6146.393961,22127.901408,28274.295369,2810,0,0.00,42.8953,1.0000
11224411.0,6146.856183,22130.674742,28277.530925,2811,0,0.00,42.9125,1.0000
11224413.0,6146.858406,22130.688075,28277.546481,2812,0,0.00,42.9297,1.0000
11224725.0,6147.205072,22132.768075,28279.973147,2813,0,0.00,42.9469,1.0000
11224726.0,6147.206183,22132.774742,28279.980925,2814,0,0.00,42.9641,1.0000
11224727.0,6147.207294,22132.781408,28279.988703,2815,0,0.00,42.9813,1.0000
11224727.0,6147.207294,22132.781408,28279.988703,2816,0,0.00,42.9984,1.0000
11224989.0,6147.498406,22134.528075,28282.026481,2817,0,0.00,43.0219,1.0000
11225606.0,6148.183961,22138.641408,28286.825369,2818,0,0.00,43.0266,1.0000
11225608.0,6148.186183,22138.654742,28286.840925,2819,0,0.00,43.0313,1.0000
11225620.0,6148.199517,22138.734742,28286.934258,2820,0,0.00,43.0438,1.0000
11225650.0,6148.232850,22138.934742,28287.167592,2821,0,0.00,43.0484,1.0000
11226178.0,6148.819517,22142.454742,28291.274258,2822,0,0.00,43.0656,1.0000
11226178.0,6148.819517,22142.454742,28291.274258,2823,0,0.00,43.0828,1.0000
11226273.0,6148.925072,22143.088075,28292.013147,2824,0,0.00,43.0922,1.0000
11226650.0,6149.343961,22145.601408,28294.945369,2825,0,0.00,43.0969,1.0000
11226751.0,6149.456183,22146.274742,28295.730925,2826,0,0.00,43.1016,1.0000
11226847.0,6149.562850,22146.914742,28296.477592,2827,0,0.00,43.1063,1.0000
11227016.0,6149.750628,22148.041408,28297.792036,2828,0,0.00,43.1109,1.0000
11227423.0,6150.202850,22150.754742,28300.957592,2829,0,0.00,43.1156,1.0000
11227651.0,6150.456183,22152.274742,28302.730925,2830,0,0.00,43.1203,1.0000
11227994.0,6150.837294,22154.561408,28305.398703,2831,0,0.00,43.1391,1.0000
11228407.0,6151.296183,22157.314742,28308.610925,2832,0,0.00,43.1438,1.0000
11228456.0,6151.350628,22157.641408,28308.992036,2833,0,0.00,43.1484,1.0000
11228711.0,6151.633961,22159.341408,28310.975369,2834,0,0.00,43.1531,1.0000
11228775.0,6151.705072,22159.768075,28311.473147,2835,0,0.00,43.1703,1.0000
11228853.0,6151.791739,22160.288075,28312.079814,2836,0,0.00,43.1750,1.0000
11229026.0,6151.983961,22161.441408,28313.425369,2837,0,0.00,43.1797,1.0000
11229145.0,6152.116183,22162.234742,28314.350925,2838,0,0.00,43.1844,1.0000
11229185.0,6152.160628,22162.501408,28314.662036,2839,0,0.00,43.1891,1.0000
11229453.0,6152.458406,22164.288075,28316.746481,2840,0,0.00,43.2078,1.0000
11229482.0,6152.490628,22164.481408,28316.972036,2841,0,0.00,43.2125,1.0000
11229741.0,6152.778406,22166.208075,28318.986481,2842,0,0.00,43.2172,1.0000
11229790.0,6152.832850,22166.534742,28319.367592,2843,0,0.00,43.2297,1.0000
11229820.0,6152.866183,22166.734742,28319.600925,2844,0,0.00,43.2344,1.0000
11229972.0,6153.035072,22167.748075,28320.783147,2845,0,0.00,43.2391,1.0000
11230059.0,6153.131739,22168.328075,28321.459814,2846,0,0.00,43.2438,1.0000
11230068.0,6153.141739,22168.388075,28321.529814,2847,0,0.00,43.2484,1.0000
11230140.0,6153.221739,22168.868075,28322.089814,2848,0,0.00,43.2531,1.0000
11230519.0,6153.642850,22171.394742,28325.037592,2849,0,0.00,43.2578,1.0000
11230918.0,6154.086183,22174.054742,28328.140925,2850,0,0.00,43.2828,1.0000
11230919.0,6154.087294,22174.061408,28328.148703,2851,0,0.00,43.2891,1.0000
11231184.0,6154.381739,22175.828075,28330.209814,2852,0,0.00,43.2938,1.0000
11231705.0,6154.960628,22179.301408,28334.262036,2853,0,0.00,43.2984,1.0000
11231874.0,6155.148406,22180.428075,28335.576481,2854,0,0.00,43.3156,1.0000
11232138.0,6155.441739,22182.188075,28337.629814,2855,0,0.00,43.3203,1.0000
11232159.0,6155.465072,22182.328075,28337.793147,2856,0,0.00,43.3375,1.0000
11232245.0,6155.560628,22182.901408,28338.462036,2857,0,0.00,43.3547,1.0000
11232404.0,6155.737294,22183.961408,28339.698703,2858,0,0.00,43.3734,1.0000
11232428.0,6155.763961,22184.121408,28339.885369,2859,0,0.00,43.3781,1.0000
11232640.0,6155.999517,22185.534742,28341.534258,2860,0,0.00,43.3906,1.0000
11232992.0,6156.390628,22187.881408,28344.272036,2861,0,0.00,43.3953,1.0000
11233356.0,6156.795072,22190.308075,28347.103147,2862,0,0.00,43.4078,1.0000
11233358.0,6156.797294,22190.321408,28347.118703,2863,0,0.00,43.5453,1.0000
11233792.0,6157.279517,22193.214742,28350.494258,2864,0,0.00,43.5625,1.0000
11234122.0,6157.646183,22195.414742,28353.060925,2865,0,0.00,43.5688,1.0000
11234217.0,6157.751739,22196.048075,28353.799814,2866,0,0.00,43.5734,1.0000
11234289.0,6157.831739,22196.528075,28354.359814,2867,0,0.00,43.5781,1.0000
11234436.0,6157.995072,22197.508075,28355.503147,2868,0,0.00,43.7156,1.0000
11234621.0,6158.200628,22198.741408,28356.942036,2869,0,0.00,43.7406,1.0000
11235926.0,6159.650628,22207.441408,28367.092036,2870,0,0.00,43.7453,1.0000
11236060.0,6159.799517,22208.334742,28368.134258,2871,0,0.00,43.7516,1.0000
11236062.0,6159.801739,22208.348075,28368.149814,2872,0,0.00,43.7563,1.0000
11236161.0,6159.911739,22209.008075,28368.919814,2873,0,0.00,43.7609,1.0000
11236237.0,6159.996183,22209.514742,28369.510925,2874,0,0.00,43.8984,1.0000
11236263.0,6160.025072,22209.688075,28369.713147,2875,0,0.00,43.9219,1.0000
11237938.0,6161.886183,22220.854742,28382.740925,2876,0,0.00,43.9391,1.0000
11238503.0,6162.513961,22224.621408,28387.135369,2877,0,0.00,43.9438,1.0000
11238519.0,6162.531739,22224.728075,28387.259814,2878,0,0.00,43.9484,1.0000
11238610.0,6162.632850,22225.334742,28387.967592,2879,0,0.00,43.9531,1.0000
11238754.0,6162.792850,22226.294742,28389.087592,2880,0,0.00,43.9625,1.0000
11238918.0,6162.975072,22227.388075,28390.363147,2881,0,0.00,43.9797,1.0000
11238981.0,6163.045072,22227.808075,28390.853147,2882,0,0.00,43.9969,1.0000
11239010.0,6163.077294,22228.001408,28391.078703,2883,0,0.00,44.0016,1.0000
11239443.0,6163.558406,22230.888075,28394.446481,2884,0,0.00,44.0063,1.0000
11239659.0,6163.798406,22232.328075,28396.126481,2885,0,0.00,44.0250,1.0000
11240047.0,6164.229517,22234.914742,28399.144258,2886,0,0.00,44.0422,1.0000
11240134.0,6164.326183,22235.494742,28399.820925,2887,0,0.00,44.0469,1.0000
11241008.0,6165.297294,22241.321408,28406.618703,2888,0,0.00,44.0516,1.0000
11241640.0,6165.999517,22245.534742,28411.534258,2889,0,0.00,44.0641,1.0000
11241843.0,6166.225072,22246.888075,28413.113147,2890,0,0.00,44.0688,1.0000
11241901.0,6166.289517,22247.274742,28413.564258,2891,0,0.00,44.0734,1.0000
11241908.0,6166.297294,22247.321408,28413.618703,2892,0,0.00,44.0781,1.0000
11242076.0,6166.483961,22248.441408,28414.925369,2893,0,0.00,44.0922,1.0000
11242082.0,6166.490628,22248.481408,28414.972036,2894,0,0.00,44.1063,1.0000
11242144.0,6166.559517,22248.894742,28415.454258,2895,0,0.00,44.1203,1.0000
11242177.0,6166.596183,22249.114742,28415.710925,2896,0,0.00,44.1297,1.0000
11242484.0,6166.937294,22251.161408,28418.098703,2897,0,0.00,44.1469,1.0000
11242835.0,6167.327294,22253.501408,28420.828703,2898,0,0.00,44.1656,1.0000
11242948.0,6167.452850,22254.254742,28421.707592,2899,0,0.00,44.1703,1.0000
11243395.0,6167.949517,22257.234742,28425.184258,2900,0,0.00,44.1875,1.0000
11243594.0,6168.170628,22258.561408,28426.732036,2901,0,0.00,44.1922,1.0000
11243610.0,6168.188406,22258.668075,28426.856481,2902,0,0.00,44.2094,1.0000
11243663.0,6168.247294,22259.021408,28427.268703,2903,0,0.00,44.2266,1.0000
11243843.0,6168.447294,22260.221408,28428.668703,2904,0,0.00,44.2313,1.0000
11243846.0,6168.450628,22260.241408,28428.692036,2905,0,0.00,44.2484,1.0000
11244012.0,6168.635072,22261.348075,28429.983147,2906,0,0.00,44.2656,1.0000
11244255.0,6168.905072,22262.968075,28431.873147,2907,0,0.00,44.2703,1.0000
11244274.0,6168.926183,22263.094742,28432.020925,2908,0,0.00,44.2875,1.0000
11244400.0,6169.066183,22263.934742,28433.000925,2909,0,0.00,44.2922,1.0000
11244510.0,6169.188406,22264.668075,28433.856481,2910,0,0.00,44.2969,1.0000
11244611.0,6169.300628,22265.341408,28434.642036,2911,0,0.00,44.3141,1.0000
11244979.0,6169.709517,22267.794742,28437.504258,2912,0,0.00,44.3641,1.0000
11245031.0,6169.767294,22268.141408,28437.908703,2913,0,0.00,44.3891,1.0000
11245219.0,6169.976183,22269.394742,28439.370925,2914,0,0.00,44.4125,1.0000
11245256.0,6170.017294,22269.641408,28439.658703,2915,0,0.00,44.4172,1.0000
11245278.0,6170.041739,22269.788075,28439.829814,2916,0,0.00,44.4406,1.0000
11245337.0,6170.107294,22270.181408,28440.288703,2917,0,0.00,44.4453,1.0000
11245626.0,6170.428406,22272.108075,28442.536481,2918,0,0.00,44.4625,1.0000
11245800.0,6170.621739,22273.268075,28443.889814,2919,0,0.00,44.4672,1.0000
11246156.0,6171.017294,22275.641408,28446.658703,2920,0,0.00,44.5172,1.0000
11246156.0,6171.017294,22275.641408,28446.658703,2921,0,0.00,44.5672,1.0000
11246157.0,6171.018406,22275.648075,28446.666481,2922,0,0.00,44.6172,1.0000
11246296.0,6171.172850,22276.574742,28447.747592,2923,0,0.00,44.6359,1.0000
11246303.0,6171.180628,22276.621408,28447.802036,2924,0,0.00,44.6594,1.0000
11246539.0,6171.442850,22278.194742,28449.637592,2925,0,0.00,44.6828,1.0000
11246898.0,6171.841739,22280.588075,28452.429814,2926,0,0.00,44.6875,1.0000
11246977.0,6171.929517,22281.114742,28453.044258,2927,0,0.00,44.7109,1.0000
11247446.0,6172.450628,22284.241408,28456.692036,2928,0,0.00,44.7297,1.0000
11247810.0,6172.855072,22286.668075,28459.523147,2929,0,0.00,44.8297,1.0000
11248049.0,6173.120628,22288.261408,28461.382036,2930,0,0.00,44.8344,1.0000
11248086.0,6173.161739,22288.508075,28461.669814,2931,0,0.00,44.8391,1.0000
11248334.0,6173.437294,22290.161408,28463.598703,2932,0,0.00,44.8438,1.0000
11248918.0,6174.086183,22294.054742,28468.140925,2933,0,0.00,44.8484,1.0000
11248969.0,6174.142850,22294.394742,28468.537592,2934,0,0.00,44.8531,1.0000
11249336.0,6174.550628,22296.841408,28471.392036,2935,0,0.00,44.8578,1.0000
11249350.0,6174.566183,22296.934742,28471.500925,2936,0,0.00,44.8641,1.0000
11249414.0,6174.637294,22297.361408,28471.998703,2937,0,0.00,44.8688,1.0000
11249789.0,6175.053961,22299.861408,28474.915369,2938,0,0.00,44.8859,1.0000
11250269.0,6175.587294,22303.061408,28478.648703,2939,0,0.00,44.8906,1.0000
11250648.0,6176.008406,22305.588075,28481.596481,2940,0,0.00,44.8953,1.0000
11250676.0,6176.039517,22305.774742,28481.814258,2941,0,0.00,44.9125,1.0000
11250892.0,6176.279517,22307.214742,28483.494258,2942,0,0.00,44.9172,1.0000
11251367.0,6176.807294,22310.381408,28487.188703,2943,0,0.00,44.9219,1.0000
11251441.0,6176.889517,22310.874742,28487.764258,2944,0,0.00,44.9266,1.0000
11251596.0,6177.061739,22311.908075,28488.969814,2945,0,0.00,44.9453,1.0000
11252021.0,6177.533961,22314.741408,28492.275369,2946,0,0.00,44.9500,1.0000
11252062.0,6177.579517,22315.014742,28492.594258,2947,0,0.00,44.9672,1.0000
11252125.0,6177.649517,22315.434742,28493.084258,2948,0,0.00,44.9844,1.0000
11252133.0,6177.658406,22315.488075,28493.146481,2949,0,0.00,45.0016,1.0000
11252136.0,6177.661739,22315.508075,28493.169814,2950,0,0.00,45.0188,1.0000
11252302.0,6177.846183,22316.614742,28494.460925,2951,0,0.00,45.0234,1.0000
11252344.0,6177.892850,22316.894742,28494.787592,2952,0,0.00,45.0281,1.0000
11252570.0,6178.143961,22318.401408,28496.545369,2953,0,0.00,45.0328,1.0000
11252601.0,6178.178406,22318.608075,28496.786481,2954,0,0.00,45.0375,1.0000
11252604.0,6178.181739,22318.628075,28496.809814,2955,0,0.00,45.0422,1.0000
11252819.0,6178.420628,22320.061408,28498.482036,2956,0,0.00,45.0469,1.0000
11253285.0,6178.938406,22323.168075,28502.106481,2957,0,0.00,45.0516,1.0000
11253333.0,6178.991739,22323.488075,28502.479814,2958,0,0.00,45.0563,1.0000
11253544.0,6179.226183,22324.894742,28504.120925,2959,0,0.00,45.0609,1.0000
11253550.0,6179.232850,22324.934742,28504.167592,2960,0,0.00,45.0656,1.0000
11253939.0,6179.665072,22327.528075,28507.193147,2961,0,0.00,45.0703,1.0000
11253964.0,6179.692850,22327.694742,28507.387592,2962,0,0.00,45.0875,1.0000
11254180.0,6179.932850,22329.134742,28509.067592,2963,0,0.00,45.0922,1.0000
11254751.0,6180.567294,22332.941408,28513.508703,2964,0,0.00,45.0969,1.0000
11254965.0,6180.805072,22334.368075,28515.173147,2965,0,0.00,45.1109,1.0000
11255083.0,6180.936183,22335.154742,28516.090925,2966,0,0.00,45.1281,1.0000
11255237.0,6181.107294,22336.181408,28517.288703,2967,0,0.00,45.1516,1.0000
11255263.0,6181.136183,22336.354742,28517.490925,2968,0,0.00,45.1766,1.0000
11255451.0,6181.345072,22337.608075,28518.953147,2969,0,0.00,45.1813,1.0000
11256015.0,6181.971739,22341.368075,28523.339814,2970,0,0.00,45.2047,1.0000
11256165.0,6182.138406,22342.368075,28524.506481,2971,0,0.00,45.2094,1.0000
11256171.0,6182.145072,22342.408075,28524.553147,2972,0,0.00,45.2266,1.0000
11257773.0,6183.925072,22353.088075,28537.013147,2973,0,0.00,45.2313,1.0000
11258025.0,6184.205072,22354.768075,28538.973147,2974,0,0.00,45.2438,1.0000
11258059.0,6184.242850,22354.994742,28539.237592,2975,0,0.00,45.2484,1.0000
11258258.0,6184.463961,22356.321408,28540.785369,2976,0,0.00,45.2531,1.0000
11258461.0,6184.689517,22357.674742,28542.364258,2977,0,0.00,45.2578,1.0000
11258483.0,6184.713961,22357.821408,28542.535369,2978,0,0.00,45.2625,1.0000
11258602.0,6184.846183,22358.614742,28543.460925,2979,0,0.00,45.2672,1.0000
11258674.0,6184.926183,22359.094742,28544.020925,2980,0,0.00,45.2859,1.0000
11258793.0,6185.058406,22359.888075,28544.946481,2981,0,0.00,45.3047,1.0000
11259186.0,6185.495072,22362.508075,28548.003147,2982,0,0.00,45.3234,1.0000
11259274.0,6185.592850,22363.094742,28548.687592,2983,0,0.00,45.3422,1.0000
11259471.0,6185.811739,22364.408075,28550.219814,2984,0,0.00,45.3469,1.0000
11259619.0,6185.976183,22365.394742,28551.370925,2985,0,0.00,45.3641,1.0000
11260464.0,6186.915072,22371.028075,28557.943147,2986,0,0.00,45.3828,1.0000
11260593.0,6187.058406,22371.888075,28558.946481,2987,0,0.00,45.4000,1.0000
11261196.0,6187.728406,22375.908075,28563.636481,2988,0,0.00,45.4188,1.0000
11263939.0,6190.776183,22394.194742,28584.970925,2989,0,0.00,45.4234,1.0000
11263957.0,6190.796183,22394.314742,28585.110925,2990,0,0.00,45.4359,1.0000
11263973.0,6190.813961,22394.421408,28585.235369,2991,0,0.00,45.4406,1.0000
11264778.0,6191.708406,22399.788075,28591.496481,2992,0,0.00,45.4453,1.0000
11264895.0,6191.838406,22400.568075,28592.406481,2993,0,0.00,45.4625,1.0000
11264989.0,6191.942850,22401.194742,28593.137592,2994,0,0.00,45.4859,1.0000
11264989.0,6191.942850,22401.194742,28593.137592,2995,0,0.00,45.5031,1.0000
11265127.0,6192.096183,22402.114742,28594.210925,2996,0,0.00,45.5266,1.0000
11265236.0,6192.217294,22402.841408,28595.058703,2997,0,0.00,45.5391,1.0000
11265674.0,6192.703961,22405.761408,28598.465369,2998,0,0.00,45.5438,1.0000
11265728.0,6192.763961,22406.121408,28598.885369,2999,0,0.00,45.5609,1.0000
11266124.0,6193.203961,22408.761408,28601.965369,3000,0,0.00,45.5656,1.0000
11266917.0,6194.085072,22414.048075,28608.133147,3001,0,0.00,45.5703,1.0000
11268176.0,6195.483961,22422.441408,28617.925369,3002,0,0.00,45.5766,1.0000
11268430.0,6195.766183,22424.134742,28619.900925,3003,0,0.00,45.5813,1.0000
11268450.0,6195.788406,22424.268075,28620.056481,3004,0,0.00,45.5859,1.0000
11269075.0,6196.482850,22428.434742,28624.917592,3005,0,0.00,45.5906,1.0000
11269262.0,6196.690628,22429.681408,28626.372036,3006,0,0.00,45.6031,1.0000
11269709.0,6197.187294,22432.661408,28629.848703,3007,0,0.00,45.6094,1.0000
11269724.0,6197.203961,22432.761408,28629.965369,3008,0,0.00,45.6594,1.0000
11269724.0,6197.203961,22432.761408,28629.965369,3009,0,0.00,45.7094,1.0000
11269724.0,6197.203961,22432.761408,28629.965369,3010,0,0.00,45.7594,1.0000
11270281.0,6197.822850,22436.474742,28634.297592,3011,0,0.00,45.7641,1.0000
11270915.0,6198.527294,22440.701408,28639.228703,3012,0,0.00,45.7766,1.0000
11272444.0,6200.226183,22450.894742,28651.120925,3013,0,0.00,45.7828,1.0000
11272483.0,6200.269517,22451.154742,28651.424258,3014,0,0.00,45.8016,1.0000
11272839.0,6200.665072,22453.528075,28654.193147,3015,0,0.00,45.8188,1.0000
11273014.0,6200.859517,22454.694742,28655.554258,3016,0,0.00,45.8234,1.0000
11273579.0,6201.487294,22458.461408,28659.948703,3017,0,0.00,45.8469,1.0000
11273600.0,6201.510628,22458.601408,28660.112036,3018,0,0.00,45.8516,1.0000
11274177.0,6202.151739,22462.448075,28664.599814,3019,0,0.00,45.8563,1.0000
11274179.0,6202.153961,22462.461408,28664.615369,3020,0,0.00,45.8609,1.0000
11274721.0,6202.756183,22466.074742,28668.830925,3021,0,0.00,45.8656,1.0000
11275614.0,6203.748406,22472.028075,28675.776481,3022,0,0.00,45.8703,1.0000
11275749.0,6203.898406,22472.928075,28676.826481,3023,0,0.00,45.8750,1.0000
11275749.0,6203.898406,22472.928075,28676.826481,3024,0,0.00,45.8797,1.0000
11275889.0,6204.053961,22473.861408,28677.915369,3025,0,0.00,45.8844,1.0000
11276757.0,6205.018406,22479.648075,28684.666481,3026,0,0.00,45.8906,1.0000
11276758.0,6205.019517,22479.654742,28684.674258,3027,0,0.00,45.8969,1.0000
11276758.0,6205.019517,22479.654742,28684.674258,3028,0,0.00,45.9031,1.0000
11276818.0,6205.086183,22480.054742,28685.140925,3029,0,0.00,45.9078,1.0000
11279061.0,6207.578406,22495.008075,28702.586481,3030,0,0.00,45.9125,1.0000
11279086.0,6207.606183,22495.174742,28702.780925,3031,0,0.00,45.9172,1.0000
11279198.0,6207.730628,22495.921408,28703.652036,3032,0,0.00,45.9219,1.0000
11280226.0,6208.872850,22502.774742,28711.647592,3033,0,0.00,45.9266,1.0000
11280514.0,6209.192850,22504.694742,28713.887592,3034,0,0.00,45.9313,1.0000
11280763.0,6209.469517,22506.354742,28715.824258,3035,0,0.00,45.9359,1.0000
11281894.0,6210.726183,22513.894742,28724.620925,3036,0,0.00,45.9531,1.0000
11282133.0,6210.991739,22515.488075,28726.479814,3037,0,0.00,45.9578,1.0000
11282139.0,6210.998406,22515.528075,28726.526481,3038,0,0.00,45.9828,1.0000
11282331.0,6211.211739,22516.808075,28728.019814,3039,0,0.00,45.9875,1.0000
11282513.0,6211.413961,22518.021408,28729.435369,3040,0,0.00,45.9922,1.0000
11282677.0,6211.596183,22519.114742,28730.710925,3041,0,0.00,46.0109,1.0000
11282766.0,6211.695072,22519.708075,28731.403147,3042,0,0.00,46.0156,1.0000
11282776.0,6211.706183,22519.774742,28731.480925,3043,0,0.00,46.0203,1.0000
11282797.0,6211.729517,22519.914742,28731.644258,3044,0,0.00,46.0250,1.0000
11283214.0,6212.192850,22522.694742,28734.887592,3045,0,0.00,46.0313,1.0000
11283214.0,6212.192850,22522.694742,28734.887592,3046,0,0.00,46.0375,1.0000
11283812.0,6212.857294,22526.681408,28739.538703,3047,0,0.00,46.0422,1.0000
11285501.0,6214.733961,22537.941408,28752.675369,3048,0,0.00,46.0469,1.0000
11285787.0,6215.051739,22539.848075,28754.899814,3049,0,0.00,46.0516,1.0000
11287708.0,6217.186183,22552.654742,28769.840925,3050,0,0.00,46.0563,1.0000
11288071.0,6217.589517,22555.074742,28772.664258,3051,0,0.00,46.0688,1.0000
11288620.0,6218.199517,22558.734742,28776.934258,3052,0,0.00,46.0703,1.0000
11288935.0,6218.549517,22560.834742,28779.384258,3053,0,0.00,46.0875,1.0000
11289401.0,6219.067294,22563.941408,28783.008703,3054,0,0.00,46.0922,1.0000
11289543.0,6219.225072,22564.888075,28784.113147,3055,0,0.00,46.1109,1.0000
11289560.0,6219.243961,22565.001408,28784.245369,3056,0,0.00,46.1156,1.0000
11289646.0,6219.339517,22565.574742,28784.914258,3057,0,0.00,46.1203,1.0000
11289692.0,6219.390628,22565.881408,28785.272036,3058,0,0.00,46.1391,1.0000
11289731.0,6219.433961,22566.141408,28785.575369,3059,0,0.00,46.1438,1.0000
11289750.0,6219.455072,22566.268075,28785.723147,3060,0,0.00,46.1625,1.0000
11290753.0,6220.569517,22572.954742,28793.524258,3061,0,0.00,46.1797,1.0000
11290804.0,6220.626183,22573.294742,28793.920925,3062,0,0.00,46.1969,1.0000
11290853.0,6220.680628,22573.621408,28794.302036,3063,0,0.00,46.2141,1.0000
11290907.0,6220.740628,22573.981408,28794.722036,3064,0,0.00,46.2313,1.0000
11291071.0,6220.922850,22575.074742,28795.997592,3065,0,0.00,46.2484,1.0000
11291121.0,6220.978406,22575.408075,28796.386481,3066,0,0.00,46.2656,1.0000
11291824.0,6221.759517,22580.094742,28801.854258,3067,0,0.00,46.2703,1.0000
11292087.0,6222.051739,22581.848075,28803.899814,3068,0,0.00,46.3203,1.0000
11292088.0,6222.052850,22581.854742,28803.907592,3069,0,0.00,46.3703,1.0000
11292364.0,6222.359517,22583.694742,28806.054258,3070,0,0.00,46.3750,1.0000
11292401.0,6222.400628,22583.941408,28806.342036,3071,0,0.00,46.3813,1.0000
11292666.0,6222.695072,22585.708075,28808.403147,3072,0,0.00,46.4313,1.0000
11292686.0,6222.717294,22585.841408,28808.558703,3073,0,0.00,46.4359,1.0000
11292973.0,6223.036183,22587.754742,28810.790925,3074,0,0.00,46.4406,1.0000
11293240.0,6223.332850,22589.534742,28812.867592,3075,0,0.00,46.4906,1.0000
11293876.0,6224.039517,22593.774742,28817.814258,3076,0,0.00,46.4953,1.0000
11294362.0,6224.579517,22597.014742,28821.594258,3077,0,0.00,46.5000,1.0000
11294456.0,6224.683961,22597.641408,28822.325369,3078,0,0.00,46.5047,1.0000
11294979.0,6225.265072,22601.128075,28826.393147,3079,0,0.00,46.5156,1.0000
11295242.0,6225.557294,22602.881408,28828.438703,3080,0,0.00,46.5203,1.0000
11295703.0,6226.069517,22605.954742,28832.024258,3081,0,0.00,46.5375,1.0000
11295705.0,6226.071739,22605.968075,28832.039814,3082,0,0.00,46.5547,1.0000
11295817.0,6226.196183,22606.714742,28832.910925,3083,0,0.00,46.5797,1.0000
11295850.0,6226.232850,22606.934742,28833.167592,3084,0,0.00,46.5969,1.0000
11295892.0,6226.279517,22607.214742,28833.494258,3085,0,0.00,46.6016,1.0000
11295956.0,6226.350628,22607.641408,28833.992036,3086,0,0.00,46.6188,1.0000
11296077.0,6226.485072,22608.448075,28834.933147,3087,0,0.00,46.6313,1.0000
11296145.0,6226.560628,22608.901408,28835.462036,3088,0,0.00,46.6484,1.0000
11296551.0,6227.011739,22611.608075,28838.619814,3089,0,0.00,46.8359,1.0000
11296874.0,6227.370628,22613.761408,28841.132036,3090,0,0.00,46.8406,1.0000
11297523.0,6228.091739,22618.088075,28846.179814,3091,0,0.00,46.8578,1.0000
11297764.0,6228.359517,22619.694742,28848.054258,3092,0,0.00,46.8625,1.0000
11297811.0,6228.411739,22620.008075,28848.419814,3093,0,0.00,46.8797,1.0000
11297812.0,6228.412850,22620.014742,28848.427592,3094,0,0.00,46.8922,1.0000
11298022.0,6228.646183,22621.414742,28850.060925,3095,0,0.00,46.9172,1.0000
11298055.0,6228.682850,22621.634742,28850.317592,3096,0,0.00,46.9219,1.0000
11298176.0,6228.817294,22622.441408,28851.258703,3097,0,0.00,46.9281,1.0000
11298308.0,6228.963961,22623.321408,28852.285369,3098,0,0.00,46.9531,1.0000
11298728.0,6229.430628,22626.121408,28855.552036,3099,0,0.00,46.9578,1.0000
11298875.0,6229.593961,22627.101408,28856.695369,3100,0,0.00,46.9859,1.0000
11299089.0,6229.831739,22628.528075,28858.359814,3101,0,0.00,47.0031,1.0000
11299099.0,6229.842850,22628.594742,28858.437592,3102,0,0.00,47.0156,1.0000
11299124.0,6229.870628,22628.761408,28858.632036,3103,0,0.00,47.0203,1.0000
11299712.0,6230.523961,22632.681408,28863.205369,3104,0,0.00,47.0266,1.0000
11299896.0,6230.728406,22633.908075,28864.636481,3105,0,0.00,47.0328,1.0000
11300486.0,6231.383961,22637.841408,28869.225369,3106,0,0.00,47.0375,1.0000
11300993.0,6231.947294,22641.221408,28873.168703,3107,0,0.00,47.0547,1.0000
11301086.0,6232.050628,22641.841408,28873.892036,3108,0,0.00,47.0719,1.0000
11301240.0,6232.221739,22642.868075,28875.089814,3109,0,0.00,47.0891,1.0000
11301577.0,6232.596183,22645.114742,28877.710925,3110,0,0.00,47.0938,1.0000
11301626.0,6232.650628,22645.441408,28878.092036,3111,0,0.00,47.0984,1.0000
11301682.0,6232.712850,22645.814742,28878.527592,3112,0,0.00,47.1234,1.0000
11301877.0,6232.929517,22647.114742,28880.044258,3113,0,0.00,47.1406,1.0000
11301997.0,6233.062850,22647.914742,28880.977592,3114,0,0.00,47.1453,1.0000
11302044.0,6233.115072,22648.228075,28881.343147,3115,0,0.00,47.1500,1.0000
11302075.0,6233.149517,22648.434742,28881.584258,3116,0,0.00,47.1672,1.0000
11302080.0,6233.155072,22648.468075,28881.623147,3117,0,0.00,47.1719,1.0000
11302151.0,6233.233961,22648.941408,28882.175369,3118,0,0.00,47.1891,1.0000
11302160.0,6233.243961,22649.001408,28882.245369,3119,0,0.00,47.1938,1.0000
11302283.0,6233.380628,22649.821408,28883.202036,3120,0,0.00,47.2063,1.0000
11303041.0,6234.222850,22654.874742,28889.097592,3121,0,0.00,47.2109,1.0000
11303303.0,6234.513961,22656.621408,28891.135369,3122,0,0.00,47.2281,1.0000
11303937.0,6235.218406,22660.848075,28896.066481,3123,0,0.00,47.2453,1.0000
11304159.0,6235.465072,22662.328075,28897.793147,3124,0,0.00,47.2578,1.0000
11304300.0,6235.621739,22663.268075,28898.889814,3125,0,0.00,47.2750,1.0000
11304320.0,6235.643961,22663.401408,28899.045369,3126,0,0.00,47.2797,1.0000
11304374.0,6235.703961,22663.761408,28899.465369,3127,0,0.00,47.2844,1.0000
11304463.0,6235.802850,22664.354742,28900.157592,3128,0,0.00,47.2859,1.0000
11304526.0,6235.872850,22664.774742,28900.647592,3129,0,0.00,47.2906,1.0000
11304608.0,6235.963961,22665.321408,28901.285369,3130,0,0.00,47.2953,1.0000
11305115.0,6236.527294,22668.701408,28905.228703,3131,0,0.00,47.3000,1.0000
11305159.0,6236.576183,22668.994742,28905.570925,3132,0,0.00,47.3047,1.0000
11305285.0,6236.716183,22669.834742,28906.550925,3133,0,0.00,47.3094,1.0000
11305484.0,6236.937294,22671.161408,28908.098703,3134,0,0.00,47.3141,1.0000
11305557.0,6237.018406,22671.648075,28908.666481,3135,0,0.00,47.3313,1.0000
11305559.0,6237.020628,22671.661408,28908.682036,3136,0,0.00,47.3484,1.0000
11305743.0,6237.225072,22672.888075,28910.113147,3137,0,0.00,47.3609,1.0000
11305795.0,6237.282850,22673.234742,28910.517592,3138,0,0.00,47.3703,1.0000
11305955.0,6237.460628,22674.301408,28911.762036,3139,0,0.00,47.3797,1.0000
11306260.0,6237.799517,22676.334742,28914.134258,3140,0,0.00,47.3922,1.0000
11306401.0,6237.956183,22677.274742,28915.230925,3141,0,0.00,47.3969,1.0000
11307339.0,6238.998406,22683.528075,28922.526481,3142,0,0.00,47.4016,1.0000
11307342.0,6239.001739,22683.548075,28922.549814,3143,0,0.00,47.4063,1.0000
11307692.0,6239.390628,22685.881408,28925.272036,3144,0,0.00,47.4234,1.0000
11307831.0,6239.545072,22686.808075,28926.353147,3145,0,0.00,47.4281,1.0000
11307838.0,6239.552850,22686.854742,28926.407592,3146,0,0.00,47.4328,1.0000
11308020.0,6239.755072,22688.068075,28927.823147,3147,0,0.00,47.4500,1.0000
11308024.0,6239.759517,22688.094742,28927.854258,3148,0,0.00,47.4672,1.0000
11308521.0,6240.311739,22691.408075,28931.719814,3149,0,0.00,47.4719,1.0000
11308788.0,6240.608406,22693.188075,28933.796481,3150,0,0.00,47.4891,1.0000
11308789.0,6240.609517,22693.194742,28933.804258,3151,0,0.00,47.5063,1.0000
11308789.0,6240.609517,22693.194742,28933.804258,3152,0,0.00,47.5234,1.0000
11309094.0,6240.948406,22695.228075,28936.176481,3153,0,0.00,47.5281,1.0000
11309611.0,6241.522850,22698.674742,28940.197592,3154,0,0.00,47.5453,1.0000
11310041.0,6242.000628,22701.541408,28943.542036,3155,0,0.00,47.5703,1.0000
11310151.0,6242.122850,22702.274742,28944.397592,3156,0,0.00,47.5875,1.0000
11310354.0,6242.348406,22703.628075,28945.976481,3157,0,0.00,47.6047,1.0000
11310355.0,6242.349517,22703.634742,28945.984258,3158,0,0.00,47.6094,1.0000
11310513.0,6242.525072,22704.688075,28947.213147,3159,0,0.00,47.6266,1.0000
11310674.0,6242.703961,22705.761408,28948.465369,3160,0,0.00,47.6328,1.0000
11310689.0,6242.720628,22705.861408,28948.582036,3161,0,0.00,47.6422,1.0000
11310928.0,6242.986183,22707.454742,28950.440925,3162,0,0.00,47.6547,1.0000
11310944.0,6243.003961,22707.561408,28950.565369,3163,0,0.00,47.6594,1.0000
11311054.0,6243.126183,22708.294742,28951.420925,3164,0,0.00,47.6656,1.0000
11311061.0,6243.133961,22708.341408,28951.475369,3165,0,0.00,47.6703,1.0000
11311657.0,6243.796183,22712.314742,28956.110925,3166,0,0.00,47.6875,1.0000
11311666.0,6243.806183,22712.374742,28956.180925,3167,0,0.00,47.7063,1.0000
11312135.0,6244.327294,22715.501408,28959.828703,3168,0,0.00,47.7109,1.0000
11312135.0,6244.327294,22715.501408,28959.828703,3169,0,0.00,47.7297,1.0000
11312226.0,6244.428406,22716.108075,28960.536481,3170,0,0.00,47.7344,1.0000
11312470.0,6244.699517,22717.734742,28962.434258,3171,0,0.00,47.7516,1.0000
11312471.0,6244.700628,22717.741408,28962.442036,3172,0,0.00,47.7688,1.0000
11312511.0,6244.745072,22718.008075,28962.753147,3173,0,0.00,47.7734,1.0000
11312599.0,6244.842850,22718.594742,28963.437592,3174,0,0.00,47.7781,1.0000
11312619.0,6244.865072,22718.728075,28963.593147,3175,0,0.00,47.7828,1.0000
11312689.0,6244.942850,22719.194742,28964.137592,3176,0,0.00,47.7953,1.0000
11312702.0,6244.957294,22719.281408,28964.238703,3177,0,0.00,47.8078,1.0000
11312714.0,6244.970628,22719.361408,28964.332036,3178,0,0.00,47.8250,1.0000
11313813.0,6246.191739,22726.688075,28972.879814,3179,0,0.00,47.8297,1.0000
11314353.0,6246.791739,22730.288075,28977.079814,3180,0,0.00,47.8391,1.0000
11314975.0,6247.482850,22734.434742,28981.917592,3181,0,0.00,47.8563,1.0000
11314980.0,6247.488406,22734.468075,28981.956481,3182,0,0.00,47.8734,1.0000
11315316.0,6247.861739,22736.708075,28984.569814,3183,0,0.00,47.8906,1.0000
11315325.0,6247.871739,22736.768075,28984.639814,3184,0,0.00,47.8953,1.0000
11315566.0,6248.139517,22738.374742,28986.514258,3185,0,0.00,47.9125,1.0000
11315619.0,6248.198406,22738.728075,28986.926481,3186,0,0.00,47.9625,1.0000
11315620.0,6248.199517,22738.734742,28986.934258,3187,0,0.00,48.0125,1.0000
11315648.0,6248.230628,22738.921408,28987.152036,3188,0,0.00,48.0297,1.0000
11316323.0,6248.980628,22743.421408,28992.402036,3189,0,0.00,48.0797,1.0000
11316417.0,6249.085072,22744.048075,28993.133147,3190,0,0.00,48.1078,1.0000
11316517.0,6249.196183,22744.714742,28993.910925,3191,0,0.00,48.1313,1.0000
11316613.0,6249.302850,22745.354742,28994.657592,3192,0,0.00,48.1359,1.0000
11317139.0,6249.887294,22748.861408,28998.748703,3193,0,0.00,48.1859,1.0000
11317435.0,6250.216183,22750.834742,29001.050925,3194,0,0.00,48.2094,1.0000
11318199.0,6251.065072,22755.928075,29006.993147,3195,0,0.00,48.2266,1.0000
11318984.0,6251.937294,22761.161408,29013.098703,3196,0,0.00,48.2516,1.0000
11319495.0,6252.505072,22764.568075,29017.073147,3197,0,0.00,48.2641,1.0000
11319867.0,6252.918406,22767.048075,29019.966481,3198,0,0.00,48.2781,1.0000
11320289.0,6253.387294,22769.861408,29023.248703,3199,0,0.00,48.2844,1.0000
11320344.0,6253.448406,22770.228075,29023.676481,3200,0,0.00,48.2891,1.0000
11320658.0,6253.797294,22772.321408,29026.118703,3201,0,0.00,48.3078,1.0000
11320663.0,6253.802850,22772.354742,29026.157592,3202,0,0.00,48.3203,1.0000
11321214.0,6254.415072,22776.028075,29030.443147,3203,0,0.00,48.3375,1.0000
11321303.0,6254.513961,22776.621408,29031.135369,3204,0,0.00,48.3547,1.0000
11322795.0,6256.171739,22786.568075,29042.739814,3205,0,0.00,48.3719,1.0000
11322970.0,6256.366183,22787.734742,29044.100925,3206,0,0.00,48.3766,1.0000
11323711.0,6257.189517,22792.674742,29049.864258,3207,0,0.00,48.3938,1.0000
11323712.0,6257.190628,22792.681408,29049.872036,3208,0,0.00,48.3953,1.0000
11324787.0,6258.385072,22799.848075,29058.233147,3209,0,0.00,48.4125,1.0000
11325996.0,6259.728406,22807.908075,29067.636481,3210,0,0.00,48.4188,1.0000
11326552.0,6260.346183,22811.614742,29071.960925,3211,0,0.00,48.4234,1.0000
11326557.0,6260.351739,22811.648075,29071.999814,3212,0,0.00,48.4281,1.0000
11326617.0,6260.418406,22812.048075,29072.466481,3213,0,0.00,48.4328,1.0000
11327321.0,6261.200628,22816.741408,29077.942036,3214,0,0.00,48.4578,1.0000
11327553.0,6261.458406,22818.288075,29079.746481,3215,0,0.00,48.4750,1.0000
11327628.0,6261.541739,22818.788075,29080.329814,3216,0,0.00,48.4797,1.0000
11327808.0,6261.741739,22819.988075,29081.729814,3217,0,0.00,48.4859,1.0000
11327857.0,6261.796183,22820.314742,29082.110925,3218,0,0.00,48.5031,1.0000
11328029.0,6261.987294,22821.461408,29083.448703,3219,0,0.00,48.5203,1.0000
11328518.0,6262.530628,22824.721408,29087.252036,3220,0,0.00,48.5391,1.0000
11328655.0,6262.682850,22825.634742,29088.317592,3221,0,0.00,48.5641,1.0000
11328658.0,6262.686183,22825.654742,29088.340925,3222,0,0.00,48.5703,1.0000
11329249.0,6263.342850,22829.594742,29092.937592,3223,0,0.00,48.5875,1.0000
11329592.0,6263.723961,22831.881408,29095.605369,3224,0,0.00,48.6156,1.0000
11330058.0,6264.241739,22834.988075,29099.229814,3225,0,0.00,48.6328,1.0000
11330066.0,6264.250628,22835.041408,29099.292036,3226,0,0.00,48.6563,1.0000
11330194.0,6264.392850,22835.894742,29100.287592,3227,0,0.00,48.6797,1.0000
11330571.0,6264.811739,22838.408075,29103.219814,3228,0,0.00,48.7047,1.0000
11331587.0,6265.940628,22845.181408,29111.122036,3229,0,0.00,48.7172,1.0000
11332334.0,6266.770628,22850.161408,29116.932036,3230,0,0.00,48.7344,1.0000
11332554.0,6267.015072,22851.628075,29118.643147,3231,0,0.00,48.7469,1.0000
11333050.0,6267.566183,22854.934742,29122.500925,3232,0,0.00,48.7688,1.0000
11333556.0,6268.128406,22858.308075,29126.436481,3233,0,0.00,48.7969,1.0000
11333598.0,6268.175072,22858.588075,29126.763147,3234,0,0.00,48.8250,1.0000
11333777.0,6268.373961,22859.781408,29128.155369,3235,0,0.00,48.8438,1.0000
11333783.0,6268.380628,22859.821408,29128.202036,3236,0,0.00,48.8625,1.0000
11333784.0,6268.381739,22859.828075,29128.209814,3237,0,0.00,48.8875,1.0000
11333794.0,6268.392850,22859.894742,29128.287592,3238,0,0.00,48.8922,1.0000
11333839.0,6268.442850,22860.194742,29128.637592,3239,0,0.00,48.9109,1.0000
11334076.0,6268.706183,22861.774742,29130.480925,3240,0,0.00,48.9172,1.0000
11334457.0,6269.129517,22864.314742,29133.444258,3241,0,0.00,48.9234,1.0000
11334738.0,6269.441739,22866.188075,29135.629814,3242,0,0.00,48.9516,1.0000
11334827.0,6269.540628,22866.781408,29136.322036,3243,0,0.00,48.9688,1.0000
11334837.0,6269.551739,22866.848075,29136.399814,3244,0,0.00,48.9859,1.0000
11335068.0,6269.808406,22868.388075,29138.196481,3245,0,0.00,49.0094,1.0000
11335337.0,6270.107294,22870.181408,29140.288703,3246,0,0.00,49.0266,1.0000
11335740.0,6270.555072,22872.868075,29143.423147,3247,0,0.00,49.0438,1.0000
11335976.0,6270.817294,22874.441408,29145.258703,3248,0,0.00,49.0609,1.0000
11336136.0,6270.995072,22875.508075,29146.503147,3249,0,0.00,49.0781,1.0000
11336520.0,6271.421739,22878.068075,29149.489814,3250,0,0.00,49.0969,1.0000
11336605.0,6271.516183,22878.634742,29150.150925,3251,0,0.00,49.1016,1.0000
11336813.0,6271.747294,22880.021408,29151.768703,3252,0,0.00,49.1063,1.0000
11336858.0,6271.797294,22880.321408,29152.118703,3253,0,0.00,49.1125,1.0000
11337351.0,6272.345072,22883.608075,29155.953147,3254,0,0.00,49.1188,1.0000
11337449.0,6272.453961,22884.261408,29156.715369,3255,0,0.00,49.1359,1.0000
11338310.0,6273.410628,22890.001408,29163.412036,3256,0,0.00,49.1547,1.0000
11338430.0,6273.543961,22890.801408,29164.345369,3257,0,0.00,49.1672,1.0000
11338782.0,6273.935072,22893.148075,29167.083147,3258,0,0.00,49.1906,1.0000
11339265.0,6274.471739,22896.368075,29170.839814,3259,0,0.00,49.2078,1.0000
11340048.0,6275.341739,22901.588075,29176.929814,3260,0,0.00,49.2359,1.0000
11340147.0,6275.451739,22902.248075,29177.699814,3261,0,0.00,49.2547,1.0000
11340203.0,6275.513961,22902.621408,29178.135369,3262,0,0.00,49.2719,1.0000
11340782.0,6276.157294,22906.481408,29182.638703,3263,0,0.00,49.2781,1.0000
11340817.0,6276.196183,22906.714742,29182.910925,3264,0,0.00,49.3281,1.0000
11340817.0,6276.196183,22906.714742,29182.910925,3265,0,0.00,49.3781,1.0000
11342386.0,6277.939517,22917.174742,29195.114258,3266,0,0.00,49.3953,1.0000
11342410.0,6277.966183,22917.334742,29195.300925,3267,0,0.00,49.4125,1.0000
11342436.0,6277.995072,22917.508075,29195.503147,3268,0,0.00,49.4297,1.0000
11342458.0,6278.019517,22917.654742,29195.674258,3269,0,0.00,49.4469,1.0000
11342524.0,6278.092850,22918.094742,29196.187592,3270,0,0.00,49.4656,1.0000
11342609.0,6278.187294,22918.661408,29196.848703,3271,0,0.00,49.4844,1.0000
11342677.0,6278.262850,22919.114742,29197.377592,3272,0,0.00,49.4984,1.0000
11343842.0,6279.557294,22926.881408,29206.438703,3273,0,0.00,49.5031,1.0000
11345006.0,6280.850628,22934.641408,29215.492036,3274,0,0.00,49.5078,1.0000
11345074.0,6280.926183,22935.094742,29216.020925,3275,0,0.00,49.5266,1.0000
11345551.0,6281.456183,22938.274742,29219.730925,3276,0,0.00,49.5391,1.0000
11345812.0,6281.746183,22940.014742,29221.760925,3277,0,0.00,49.5641,1.0000
11345865.0,6281.805072,22940.368075,29222.173147,3278,0,0.00,49.5797,1.0000
11346208.0,6282.186183,22942.654742,29224.840925,3279,0,0.00,49.5969,1.0000
11346233.0,6282.213961,22942.821408,29225.035369,3280,0,0.00,49.6141,1.0000
11346237.0,6282.218406,22942.848075,29225.066481,3281,0,0.00,49.6313,1.0000
11346548.0,6282.563961,22944.921408,29227.485369,3282,0,0.00,49.6484,1.0000
11346552.0,6282.568406,22944.948075,29227.516481,3283,0,0.00,49.6656,1.0000
11346580.0,6282.599517,22945.134742,29227.734258,3284,0,0.00,49.6828,1.0000
11346580.0,6282.599517,22945.134742,29227.734258,3285,0,0.00,49.7078,1.0000
11346627.0,6282.651739,22945.448075,29228.099814,3286,0,0.00,49.7250,1.0000
11346674.0,6282.703961,22945.761408,29228.465369,3287,0,0.00,49.7422,1.0000
11346674.0,6282.703961,22945.761408,29228.465369,3288,0,0.00,49.7594,1.0000
11346677.0,6282.707294,22945.781408,29228.488703,3289,0,0.00,49.7766,1.0000
11346750.0,6282.788406,22946.268075,29229.056481,3290,0,0.00,49.7938,1.0000
11346985.0,6283.049517,22947.834742,29230.884258,3291,0,0.00,49.8063,1.0000
11347713.0,6283.858406,22952.688075,29236.546481,3292,0,0.00,49.8156,1.0000
11347766.0,6283.917294,22953.041408,29236.958703,3293,0,0.00,49.8203,1.0000
11347958.0,6284.130628,22954.321408,29238.452036,3294,0,0.00,49.8297,1.0000
11348318.0,6284.530628,22956.721408,29241.252036,3295,0,0.00,49.8547,1.0000
11349386.0,6285.717294,22963.841408,29249.558703,3296,0,0.00,49.8672,1.0000
11350954.0,6287.459517,22974.294742,29261.754258,3297,0,0.00,49.8797,1.0000
11353053.0,6289.791739,22988.288075,29278.079814,3298,0,0.00,49.8891,1.0000
11355852.0,6292.901739,23006.948075,29299.849814,3299,0,0.00,49.8953,1.0000
11356078.0,6293.152850,23008.454742,29301.607592,3300,0,0.00,49.9016,1.0000
11358612.0,6295.968406,23025.348075,29321.316481,3301,0,0.00,49.9188,1.0000
11358995.0,6296.393961,23027.901408,29324.295369,3302,0,0.00,49.9375,1.0000
11359537.0,6296.996183,23031.514742,29328.510925,3303,0,0.00,49.9563,1.0000
11360750.0,6298.343961,23039.601408,29337.945369,3304,0,0.00,49.9609,1.0000
11360933.0,6298.547294,23040.821408,29339.368703,3305,0,0.00,49.9656,1.0000
11362479.0,6300.265072,23051.128075,29351.393147,3306,0,0.00,49.9906,1.0000
11363194.0,6301.059517,23055.894742,29356.954258,3307,0,0.00,50.0094,1.0000
11363738.0,6301.663961,23059.521408,29361.185369,3308,0,0.00,50.0594,1.0000
11363869.0,6301.809517,23060.394742,29362.204258,3309,0,0.00,50.0828,1.0000
11364551.0,6302.567294,23064.941408,29367.508703,3310,0,0.00,50.1000,1.0000
11364553.0,6302.569517,23064.954742,29367.524258,3311,0,0.00,50.1172,1.0000
11364986.0,6303.050628,23067.841408,29370.892036,3312,0,0.00,50.1672,1.0000
11365118.0,6303.197294,23068.721408,29371.918703,3313,0,0.00,50.1922,1.0000
11365658.0,6303.797294,23072.321408,29376.118703,3314,0,0.00,50.2109,1.0000
11365697.0,6303.840628,23072.581408,29376.422036,3315,0,0.00,50.2281,1.0000
11367081.0,6305.378406,23081.808075,29387.186481,3316,0,0.00,50.2344,1.0000
11367728.0,6306.097294,23086.121408,29392.218703,3317,0,0.00,50.2578,1.0000
11367781.0,6306.156183,23086.474742,29392.630925,3318,0,0.00,50.2625,1.0000
11368784.0,6307.270628,23093.161408,29400.432036,3319,0,0.00,50.2813,1.0000
11368995.0,6307.505072,23094.568075,29402.073147,3320,0,0.00,50.2984,1.0000
11370418.0,6309.086183,23104.054742,29413.140925,3321,0,0.00,50.3156,1.0000
11374453.0,6313.569517,23130.954742,29444.524258,3322,0,0.00,50.3281,1.0000
11374480.0,6313.599517,23131.134742,29444.734258,3323,0,0.00,50.3406,1.0000
11374484.0,6313.603961,23131.161408,29444.765369,3324,0,0.00,50.3531,1.0000
11374538.0,6313.663961,23131.521408,29445.185369,3325,0,0.00,50.3719,1.0000
11375073.0,6314.258406,23135.088075,29449.346481,3326,0,0.00,50.3781,1.0000
11375079.0,6314.265072,23135.128075,29449.393147,3327,0,0.00,50.3844,1.0000
11375088.0,6314.275072,23135.188075,29449.463147,3328,0,0.00,50.3969,1.0000
11375504.0,6314.737294,23137.961408,29452.698703,3329,0,0.00,50.4016,1.0000
11375513.0,6314.747294,23138.021408,29452.768703,3330,0,0.00,50.4203,1.0000
11375734.0,6314.992850,23139.494742,29454.487592,3331,0,0.00,50.4328,1.0000
11375915.0,6315.193961,23140.701408,29455.895369,3332,0,0.00,50.4422,1.0000
11379036.0,6318.661739,23161.508075,29480.169814,3333,0,0.00,50.4656,1.0000
11379213.0,6318.858406,23162.688075,29481.546481,3334,0,0.00,50.4828,1.0000
11379234.0,6318.881739,23162.828075,29481.709814,3335,0,0.00,50.5000,1.0000
11379234.0,6318.881739,23162.828075,29481.709814,3336,0,0.00,50.5172,1.0000
11379238.0,6318.886183,23162.854742,29481.740925,3337,0,0.00,50.5234,1.0000
11379280.0,6318.932850,23163.134742,29482.067592,3338,0,0.00,50.5406,1.0000
11380685.0,6320.493961,23172.501408,29492.995369,3339,0,0.00,50.5469,1.0000
11380757.0,6320.573961,23172.981408,29493.555369,3340,0,0.00,50.5594,1.0000
11380957.0,6320.796183,23174.314742,29495.110925,3341,0,0.00,50.5688,1.0000
11381329.0,6321.209517,23176.794742,29498.004258,3342,0,0.00,50.5922,1.0000
11382577.0,6322.596183,23185.114742,29507.710925,3343,0,0.00,50.6047,1.0000
11382810.0,6322.855072,23186.668075,29509.523147,3344,0,0.00,50.6328,1.0000
11383017.0,6323.085072,23188.048075,29511.133147,3345,0,0.00,50.6609,1.0000
11383105.0,6323.182850,23188.634742,29511.817592,3346,0,0.00,50.6891,1.0000
11383190.0,6323.277294,23189.201408,29512.478703,3347,0,0.00,50.6938,1.0000
11383231.0,6323.322850,23189.474742,29512.797592,3348,0,0.00,50.7000,1.0000
11383655.0,6323.793961,23192.301408,29516.095369,3349,0,0.00,50.7094,1.0000
11383763.0,6323.913961,23193.021408,29516.935369,3350,0,0.00,50.7141,1.0000
11383838.0,6323.997294,23193.521408,29517.518703,3351,0,0.00,50.7281,1.0000
11383847.0,6324.007294,23193.581408,29517.588703,3352,0,0.00,50.7344,1.0000
11383876.0,6324.039517,23193.774742,29517.814258,3353,0,0.00,50.7484,1.0000
11384054.0,6324.237294,23194.961408,29519.198703,3354,0,0.00,50.7547,1.0000
11384169.0,6324.365072,23195.728075,29520.093147,3355,0,0.00,50.7719,1.0000
11384376.0,6324.595072,23197.108075,29521.703147,3356,0,0.00,50.7906,1.0000
11384416.0,6324.639517,23197.374742,29522.014258,3357,0,0.00,50.8078,1.0000
11384554.0,6324.792850,23198.294742,29523.087592,3358,0,0.00,50.8250,1.0000
11384702.0,6324.957294,23199.281408,29524.238703,3359,0,0.00,50.8484,1.0000
11384952.0,6325.235072,23200.948075,29526.183147,3360,0,0.00,50.8656,1.0000
11385093.0,6325.391739,23201.888075,29527.279814,3361,0,0.00,50.8750,1.0000
11385488.0,6325.830628,23204.521408,29530.352036,3362,0,0.00,50.9031,1.0000
11385518.0,6325.863961,23204.721408,29530.585369,3363,0,0.00,50.9313,1.0000
11385654.0,6326.015072,23205.628075,29531.643147,3364,0,0.00,50.9594,1.0000
11385921.0,6326.311739,23207.408075,29533.719814,3365,0,0.00,50.9875,1.0000
11386303.0,6326.736183,23209.954742,29536.690925,3366,0,0.00,50.9922,1.0000
11386521.0,6326.978406,23211.408075,29538.386481,3367,0,0.00,51.0203,1.0000
11386542.0,6327.001739,23211.548075,29538.549814,3368,0,0.00,51.0266,1.0000
11386791.0,6327.278406,23213.208075,29540.486481,3369,0,0.00,51.0313,1.0000
11386927.0,6327.429517,23214.114742,29541.544258,3370,0,0.00,51.0359,1.0000
11386977.0,6327.485072,23214.448075,29541.933147,3371,0,0.00,51.0406,1.0000
11387270.0,6327.810628,23216.401408,29544.212036,3372,0,0.00,51.0578,1.0000
11387394.0,6327.948406,23217.228075,29545.176481,3373,0,0.00,51.0625,1.0000
11387406.0,6327.961739,23217.308075,29545.269814,3374,0,0.00,51.1125,1.0000
11388021.0,6328.645072,23221.408075,29550.053147,3375,0,0.00,51.1172,1.0000
11388228.0,6328.875072,23222.788075,29551.663147,3376,0,0.00,51.1672,1.0000
11389419.0,6330.198406,23230.728075,29560.926481,3377,0,0.00,51.1922,1.0000
11389501.0,6330.289517,23231.274742,29561.564258,3378,0,0.00,51.2094,1.0000
11389775.0,6330.593961,23233.101408,29563.695369,3379,0,0.00,51.2328,1.0000
11391230.0,6332.210628,23242.801408,29575.012036,3380,0,0.00,51.2500,1.0000
11391236.0,6332.217294,23242.841408,29575.058703,3381,0,0.00,51.2672,1.0000
11391260.0,6332.243961,23243.001408,29575.245369,3382,0,0.00,51.2844,1.0000
11391292.0,6332.279517,23243.214742,29575.494258,3383,0,0.00,51.3016,1.0000
11394083.0,6335.380628,23261.821408,29597.202036,3384,0,0.00,51.3141,1.0000
11394461.0,6335.800628,23264.341408,29600.142036,3385,0,0.00,51.3266,1.0000
11395188.0,6336.608406,23269.188075,29605.796481,3386,0,0.00,51.3438,1.0000
11395205.0,6336.627294,23269.301408,29605.928703,3387,0,0.00,51.3609,1.0000
11395230.0,6336.655072,23269.468075,29606.123147,3388,0,0.00,51.3891,1.0000
11395364.0,6336.803961,23270.361408,29607.165369,3389,0,0.00,51.4016,1.0000
11395792.0,6337.279517,23273.214742,29610.494258,3390,0,0.00,51.4281,1.0000
11396113.0,6337.636183,23275.354742,29612.990925,3391,0,0.00,51.4453,1.0000
11396290.0,6337.832850,23276.534742,29614.367592,3392,0,0.00,51.4578,1.0000
11396312.0,6337.857294,23276.681408,29614.538703,3393,0,0.00,51.4766,1.0000
11396799.0,6338.398406,23279.928075,29618.326481,3394,0,0.00,51.4891,1.0000
11397759.0,6339.465072,23286.328075,29625.793147,3395,0,0.00,51.5141,1.0000
11398169.0,6339.920628,23289.061408,29628.982036,3396,0,0.00,51.5313,1.0000
11398239.0,6339.998406,23289.528075,29629.526481,3397,0,0.00,51.5484,1.0000
11398590.0,6340.388406,23291.868075,29632.256481,3398,0,0.00,51.5656,1.0000
11398654.0,6340.459517,23292.294742,29632.754258,3399,0,0.00,51.5703,1.0000
11400759.0,6342.798406,23306.328075,29649.126481,3400,0,0.00,51.5828,1.0000
11400761.0,6342.800628,23306.341408,29649.142036,3401,0,0.00,51.5875,1.0000
11400990.0,6343.055072,23307.868075,29650.923147,3402,0,0.00,51.6156,1.0000
11401102.0,6343.179517,23308.614742,29651.794258,3403,0,0.00,51.6219,1.0000
11401470.0,6343.588406,23311.068075,29654.656481,3404,0,0.00,51.6281,1.0000
11401602.0,6343.735072,23311.948075,29655.683147,3405,0,0.00,51.6516,1.0000
11401708.0,6343.852850,23312.654742,29656.507592,3406,0,0.00,51.6703,1.0000
11401813.0,6343.969517,23313.354742,29657.324258,3407,0,0.00,51.6750,1.0000
11401815.0,6343.971739,23313.368075,29657.339814,3408,0,0.00,51.7031,1.0000
11402540.0,6344.777294,23318.201408,29662.978703,3409,0,0.00,51.7203,1.0000
11402969.0,6345.253961,23321.061408,29666.315369,3410,0,0.00,51.7375,1.0000
11402972.0,6345.257294,23321.081408,29666.338703,3411,0,0.00,51.7547,1.0000
11403719.0,6346.087294,23326.061408,29672.148703,3412,0,0.00,51.7594,1.0000
11403754.0,6346.126183,23326.294742,29672.420925,3413,0,0.00,51.7766,1.0000
11403804.0,6346.181739,23326.628075,29672.809814,3414,0,0.00,51.8047,1.0000
11403954.0,6346.348406,23327.628075,29673.976481,3415,0,0.00,51.8234,1.0000
11404007.0,6346.407294,23327.981408,29674.388703,3416,0,0.00,51.8375,1.0000
11404118.0,6346.530628,23328.721408,29675.252036,3417,0,0.00,51.8422,1.0000
11404187.0,6346.607294,23329.181408,29675.788703,3418,0,0.00,51.8594,1.0000
11404234.0,6346.659517,23329.494742,29676.154258,3419,0,0.00,51.8766,1.0000
11404376.0,6346.817294,23330.441408,29677.258703,3420,0,0.00,51.9000,1.0000
11404788.0,6347.275072,23333.188075,29680.463147,3421,0,0.00,51.9047,1.0000
11405134.0,6347.659517,23335.494742,29683.154258,3422,0,0.00,51.9141,1.0000
11405247.0,6347.785072,23336.248075,29684.033147,3423,0,0.00,51.9313,1.0000
11405809.0,6348.409517,23339.994742,29688.404258,3424,0,0.00,51.9359,1.0000
11405819.0,6348.420628,23340.061408,29688.482036,3425,0,0.00,51.9609,1.0000
11405829.0,6348.431739,23340.128075,29688.559814,3426,0,0.00,51.9656,1.0000
11405860.0,6348.466183,23340.334742,29688.800925,3427,0,0.00,51.9703,1.0000
11406026.0,6348.650628,23341.441408,29690.092036,3428,0,0.00,51.9953,1.0000
11406028.0,6348.652850,23341.454742,29690.107592,3429,0,0.00,52.0203,1.0000
11406210.0,6348.855072,23342.668075,29691.523147,3430,0,0.00,52.0250,1.0000
11406437.0,6349.107294,23344.181408,29693.288703,3431,0,0.00,52.0297,1.0000
11406529.0,6349.209517,23344.794742,29694.004258,3432,0,0.00,52.0344,1.0000
11406672.0,6349.368406,23345.748075,29695.116481,3433,0,0.00,52.0391,1.0000
11407033.0,6349.769517,23348.154742,29697.924258,3434,0,0.00,52.0641,1.0000
11409573.0,6352.591739,23365.088075,29717.679814,3435,0,0.00,52.0813,1.0000
11409971.0,6353.033961,23367.741408,29720.775369,3436,0,0.00,52.0984,1.0000
11410167.0,6353.251739,23369.048075,29722.299814,3437,0,0.00,52.1031,1.0000
11410212.0,6353.301739,23369.348075,29722.649814,3438,0,0.00,52.1266,1.0000
11410216.0,6353.306183,23369.374742,29722.680925,3439,0,0.00,52.1438,1.0000
11410673.0,6353.813961,23372.421408,29726.235369,3440,0,0.00,52.1688,1.0000
11410797.0,6353.951739,23373.248075,29727.199814,3441,0,0.00,52.1859,1.0000
11411490.0,6354.721739,23377.868075,29732.589814,3442,0,0.00,52.2359,1.0000
11411964.0,6355.248406,23381.028075,29736.276481,3443,0,0.00,52.2531,1.0000
11412186.0,6355.495072,23382.508075,29738.003147,3444,0,0.00,52.3031,1.0000
11412186.0,6355.495072,23382.508075,29738.003147,3445,0,0.00,52.3531,1.0000
11412502.0,6355.846183,23384.614742,29740.460925,3446,0,0.00,52.3594,1.0000
11412756.0,6356.128406,23386.308075,29742.436481,3447,0,0.00,52.3781,1.0000
11413320.0,6356.755072,23390.068075,29746.823147,3448,0,0.00,52.3828,1.0000
11413400.0,6356.843961,23390.601408,29747.445369,3449,0,0.00,52.3891,1.0000
11413764.0,6357.248406,23393.028075,29750.276481,3450,0,0.00,52.4109,1.0000
11413796.0,6357.283961,23393.241408,29750.525369,3451,0,0.00,52.4156,1.0000
11414346.0,6357.895072,23396.908075,29754.803147,3452,0,0.00,52.4203,1.0000
11414563.0,6358.136183,23398.354742,29756.490925,3453,0,0.00,52.4250,1.0000
11414652.0,6358.235072,23398.948075,29757.183147,3454,0,0.00,52.4500,1.0000
11414701.0,6358.289517,23399.274742,29757.564258,3455,0,0.00,52.4750,1.0000
11414707.0,6358.296183,23399.314742,29757.610925,3456,0,0.00,52.4797,1.0000
11414835.0,6358.438406,23400.168075,29758.606481,3457,0,0.00,52.5078,1.0000
11415575.0,6359.260628,23405.101408,29764.362036,3458,0,0.00,52.5125,1.0000
11415575.0,6359.260628,23405.101408,29764.362036,3459,0,0.00,52.5172,1.0000
11415617.0,6359.307294,23405.381408,29764.688703,3460,0,0.00,52.5219,1.0000
11415618.0,6359.308406,23405.388075,29764.696481,3461,0,0.00,52.5391,1.0000
11415685.0,6359.382850,23405.834742,29765.217592,3462,0,0.00,52.5453,1.0000
11415707.0,6359.407294,23405.981408,29765.388703,3463,0,0.00,52.5625,1.0000
11415929.0,6359.653961,23407.461408,29767.115369,3464,0,0.00,52.5641,1.0000
11415933.0,6359.658406,23407.488075,29767.146481,3465,0,0.00,52.5828,1.0000
11415950.0,6359.677294,23407.601408,29767.278703,3466,0,0.00,52.5875,1.0000
11416299.0,6360.065072,23409.928075,29769.993147,3467,0,0.00,52.6156,1.0000
11416358.0,6360.130628,23410.321408,29770.452036,3468,0,0.00,52.6438,1.0000
11416364.0,6360.137294,23410.361408,29770.498703,3469,0,0.00,52.6484,1.0000
11416411.0,6360.189517,23410.674742,29770.864258,3470,0,0.00,52.6531,1.0000
11416461.0,6360.245072,23411.008075,29771.253147,3471,0,0.00,52.6719,1.0000
11417306.0,6361.183961,23416.641408,29777.825369,3472,0,0.00,52.6781,1.0000
11417316.0,6361.195072,23416.708075,29777.903147,3473,0,0.00,52.8156,1.0000
11417650.0,6361.566183,23418.934742,29780.500925,3474,0,0.00,52.8203,1.0000
11417959.0,6361.909517,23420.994742,29782.904258,3475,0,0.00,52.8375,1.0000
11418907.0,6362.962850,23427.314742,29790.277592,3476,0,0.00,52.8422,1.0000
11419940.0,6364.110628,23434.201408,29798.312036,3477,0,0.00,52.8594,1.0000
11420025.0,6364.205072,23434.768075,29798.973147,3478,0,0.00,52.8641,1.0000
11420029.0,6364.209517,23434.794742,29799.004258,3479,0,0.00,52.8813,1.0000
11420074.0,6364.259517,23435.094742,29799.354258,3480,0,0.00,52.8984,1.0000
11420949.0,6365.231739,23440.928075,29806.159814,3481,0,0.00,52.9125,1.0000
11421097.0,6365.396183,23441.914742,29807.310925,3482,0,0.00,52.9297,1.0000
11421500.0,6365.843961,23444.601408,29810.445369,3483,0,0.00,52.9344,1.0000
11421651.0,6366.011739,23445.608075,29811.619814,3484,0,0.00,52.9391,1.0000
11422842.0,6367.335072,23453.548075,29820.883147,3485,0,0.00,52.9438,1.0000
11423030.0,6367.543961,23454.801408,29822.345369,3486,0,0.00,52.9609,1.0000
11423089.0,6367.609517,23455.194742,29822.804258,3487,0,0.00,52.9781,1.0000
11423253.0,6367.791739,23456.288075,29824.079814,3488,0,0.00,52.9906,1.0000
11423293.0,6367.836183,23456.554742,29824.390925,3489,0,0.00,53.0078,1.0000
11423525.0,6368.093961,23458.101408,29826.195369,3490,0,0.00,53.0250,1.0000
11423531.0,6368.100628,23458.141408,29826.242036,3491,0,0.00,53.0422,1.0000
11423556.0,6368.128406,23458.308075,29826.436481,3492,0,0.00,53.0594,1.0000
11423558.0,6368.130628,23458.321408,29826.452036,3493,0,0.00,53.0766,1.0000
11424230.0,6368.877294,23462.801408,29831.678703,3494,0,0.00,53.0906,1.0000
11424357.0,6369.018406,23463.648075,29832.666481,3495,0,0.00,53.1047,1.0000
11426456.0,6371.350628,23477.641408,29848.992036,3496,0,0.00,53.1109,1.0000
11427146.0,6372.117294,23482.241408,29854.358703,3497,0,0.00,53.1281,1.0000
11427668.0,6372.697294,23485.721408,29858.418703,3498,0,0.00,53.1453,1.0000
11427721.0,6372.756183,23486.074742,29858.830925,3499,0,0.00,53.1625,1.0000
11427757.0,6372.796183,23486.314742,29859.110925,3500,0,0.00,53.1797,1.0000
11427808.0,6372.852850,23486.654742,29859.507592,3501,0,0.00,53.1969,1.0000
11427849.0,6372.898406,23486.928075,29859.826481,3502,0,0.00,53.2141,1.0000
11428055.0,6373.127294,23488.301408,29861.428703,3503,0,0.00,53.2328,1.0000
11428425.0,6373.538406,23490.768075,29864.306481,3504,0,0.00,53.2375,1.0000
11428646.0,6373.783961,23492.241408,29866.025369,3505,0,0.00,53.2422,1.0000
11428700.0,6373.843961,23492.601408,29866.445369,3506,0,0.00,53.2484,1.0000
11429322.0,6374.535072,23496.748075,29871.283147,3507,0,0.00,53.2625,1.0000
11429482.0,6374.712850,23497.814742,29872.527592,3508,0,0.00,53.2766,1.0000
11429511.0,6374.745072,23498.008075,29872.753147,3509,0,0.00,53.2781,1.0000
11429517.0,6374.751739,23498.048075,29872.799814,3510,0,0.00,53.2922,1.0000
11430033.0,6375.325072,23501.488075,29876.813147,3511,0,0.00,53.3109,1.0000
11430678.0,6376.041739,23505.788075,29881.829814,3512,0,0.00,53.3234,1.0000
11431595.0,6377.060628,23511.901408,29888.962036,3513,0,0.00,53.3328,1.0000
11431909.0,6377.409517,23513.994742,29891.404258,3514,0,0.00,53.3453,1.0000
11432415.0,6377.971739,23517.368075,29895.339814,3515,0,0.00,53.3594,1.0000
11432416.0,6377.972850,23517.374742,29895.347592,3516,0,0.00,53.3734,1.0000
11432451.0,6378.011739,23517.608075,29895.619814,3517,0,0.00,53.3781,1.0000
11432987.0,6378.607294,23521.181408,29899.788703,3518,0,0.00,53.3844,1.0000
11433428.0,6379.097294,23524.121408,29903.218703,3519,0,0.00,53.3891,1.0000
11434056.0,6379.795072,23528.308075,29908.103147,3520,0,0.00,53.4078,1.0000
11434289.0,6380.053961,23529.861408,29909.915369,3521,0,0.00,53.4125,1.0000
11436502.0,6382.512850,23544.614742,29927.127592,3522,0,0.00,53.4625,1.0000
11436557.0,6382.573961,23544.981408,29927.555369,3523,0,0.00,53.4797,1.0000
11436562.0,6382.579517,23545.014742,29927.594258,3524,0,0.00,53.4969,1.0000
11436594.0,6382.615072,23545.228075,29927.843147,3525,0,0.00,53.5141,1.0000
11436858.0,6382.908406,23546.988075,29929.896481,3526,0,0.00,53.5313,1.0000
11438102.0,6384.290628,23555.281408,29939.572036,3527,0,0.00,53.5813,1.0000
11438102.0,6384.290628,23555.281408,29939.572036,3528,0,0.00,53.6313,1.0000
11438226.0,6384.428406,23556.108075,29940.536481,3529,0,0.00,53.6359,1.0000
11439279.0,6385.598406,23563.128075,29948.726481,3530,0,0.00,53.6453,1.0000
11440957.0,6387.462850,23574.314742,29961.777592,3531,0,0.00,53.6578,1.0000
11441923.0,6388.536183,23580.754742,29969.290925,3532,0,0.00,53.6703,1.0000
11442284.0,6388.937294,23583.161408,29972.098703,3533,0,0.00,53.6766,1.0000
11443367.0,6390.140628,23590.381408,29980.522036,3534,0,0.00,53.6938,1.0000
11444931.0,6391.878406,23600.808075,29992.686481,3535,0,0.00,53.7000,1.0000
11445042.0,6392.001739,23601.548075,29993.549814,3536,0,0.00,53.7172,1.0000
11446053.0,6393.125072,23608.288075,30001.413147,3537,0,0.00,53.7219,1.0000
11446056.0,6393.128406,23608.308075,30001.436481,3538,0,0.00,53.7313,1.0000
11447860.0,6395.132850,23620.334742,30015.467592,3539,0,0.00,53.7359,1.0000
11449584.0,6397.048406,23631.828075,30028.876481,3540,0,0.00,53.7484,1.0000
11453030.0,6400.877294,23654.801408,30055.678703,3541,0,0.00,53.7984,1.0000
11455297.0,6403.396183,23669.914742,30073.310925,3542,0,0.00,53.8172,1.0000
11457772.0,6406.146183,23686.414742,30092.560925,3543,0,0.00,53.8234,1.0000
11458098.0,6406.508406,23688.588075,30095.096481,3544,0,0.00,53.8484,1.0000
11458373.0,6406.813961,23690.421408,30097.235369,3545,0,0.00,53.8734,1.0000
11460295.0,6408.949517,23703.234742,30112.184258,3546,0,0.00,53.9234,1.0000
11460295.0,6408.949517,23703.234742,30112.184258,3547,0,0.00,53.9734,1.0000
11460295.0,6408.949517,23703.234742,30112.184258,3548,0,0.00,54.0234,1.0000
11460968.0,6409.697294,23707.721408,30117.418703,3549,0,0.00,54.0359,1.0000
11460976.0,6409.706183,23707.774742,30117.480925,3550,0,0.00,54.0484,1.0000
11460992.0,6409.723961,23707.881408,30117.605369,3551,0,0.00,54.0609,1.0000
11461917.0,6410.751739,23714.048075,30124.799814,3552,0,0.00,54.0734,1.0000
11462288.0,6411.163961,23716.521408,30127.685369,3553,0,0.00,54.0859,1.0000
11462565.0,6411.471739,23718.368075,30129.839814,3554,0,0.00,54.1031,1.0000
11462778.0,6411.708406,23719.788075,30131.496481,3555,0,0.00,54.1156,1.0000
11462990.0,6411.943961,23721.201408,30133.145369,3556,0,0.00,54.1297,1.0000
11463041.0,6412.000628,23721.541408,30133.542036,3557,0,0.00,54.1438,1.0000
11465301.0,6414.511739,23736.608075,30151.119814,3558,0,0.00,54.1672,1.0000
11465776.0,6415.039517,23739.774742,30154.814258,3559,0,0.00,54.1797,1.0000
11466113.0,6415.413961,23742.021408,30157.435369,3560,0,0.00,54.1844,1.0000
11466546.0,6415.895072,23744.908075,30160.803147,3561,0,0.00,54.2016,1.0000
11466580.0,6415.932850,23745.134742,30161.067592,3562,0,0.00,54.2188,1.0000
11466638.0,6415.997294,23745.521408,30161.518703,3563,0,0.00,54.2438,1.0000
11466644.0,6416.003961,23745.561408,30161.565369,3564,0,0.00,54.2563,1.0000
11467291.0,6416.722850,23749.874742,30166.597592,3565,0,0.00,54.2797,1.0000
11467310.0,6416.743961,23750.001408,30166.745369,3566,0,0.00,54.3031,1.0000
11467469.0,6416.920628,23751.061408,30167.982036,3567,0,0.00,54.3141,1.0000
11467714.0,6417.192850,23752.694742,30169.887592,3568,0,0.00,54.3281,1.0000
11467857.0,6417.351739,23753.648075,30170.999814,3569,0,0.00,54.3453,1.0000
11468608.0,6418.186183,23758.654742,30176.840925,3570,0,0.00,54.3516,1.0000
11468893.0,6418.502850,23760.554742,30179.057592,3571,0,0.00,54.3656,1.0000
11468914.0,6418.526183,23760.694742,30179.220925,3572,0,0.00,54.3797,1.0000
11468937.0,6418.551739,23760.848075,30179.399814,3573,0,0.00,54.3938,1.0000
11469533.0,6419.213961,23764.821408,30184.035369,3574,0,0.00,54.4172,1.0000
11470485.0,6420.271739,23771.168075,30191.439814,3575,0,0.00,54.4219,1.0000
11470656.0,6420.461739,23772.308075,30192.769814,3576,0,0.00,54.4406,1.0000
11471032.0,6420.879517,23774.814742,30195.694258,3577,0,0.00,54.4469,1.0000
11471383.0,6421.269517,23777.154742,30198.424258,3578,0,0.00,54.4484,1.0000
11471391.0,6421.278406,23777.208075,30198.486481,3579,0,0.00,54.4656,1.0000
11471506.0,6421.406183,23777.974742,30199.380925,3580,0,0.00,54.4828,1.0000
11471750.0,6421.677294,23779.601408,30201.278703,3581,0,0.00,54.4891,1.0000
11471779.0,6421.709517,23779.794742,30201.504258,3582,0,0.00,54.4953,1.0000
11472181.0,6422.156183,23782.474742,30204.630925,3583,0,0.00,54.5234,1.0000
11472281.0,6422.267294,23783.141408,30205.408703,3584,0,0.00,54.5375,1.0000
11472322.0,6422.312850,23783.414742,30205.727592,3585,0,0.00,54.5516,1.0000
11472325.0,6422.316183,23783.434742,30205.750925,3586,0,0.00,54.5656,1.0000
11472461.0,6422.467294,23784.341408,30206.808703,3587,0,0.00,54.5719,1.0000
11472775.0,6422.816183,23786.434742,30209.250925,3588,0,0.00,54.5781,1.0000
11472828.0,6422.875072,23786.788075,30209.663147,3589,0,0.00,54.5906,1.0000
11473159.0,6423.242850,23788.994742,30212.237592,3590,0,0.00,54.5953,1.0000
11473484.0,6423.603961,23791.161408,30214.765369,3591,0,0.00,54.6234,1.0000
11474212.0,6424.412850,23796.014742,30220.427592,3592,0,0.00,54.6406,1.0000
11474212.0,6424.412850,23796.014742,30220.427592,3593,0,0.00,54.6578,1.0000
11474214.0,6424.415072,23796.028075,30220.443147,3594,0,0.00,54.6750,1.0000
11474218.0,6424.419517,23796.054742,30220.474258,3595,0,0.00,54.6797,1.0000
11475064.0,6425.359517,23801.694742,30227.054258,3596,0,0.00,54.6969,1.0000
11476503.0,6426.958406,23811.288075,30238.246481,3597,0,0.00,54.7250,1.0000
11477328.0,6427.875072,23816.788075,30244.663147,3598,0,0.00,54.7438,1.0000
11477507.0,6428.073961,23817.981408,30246.055369,3599,0,0.00,54.7484,1.0000
11477979.0,6428.598406,23821.128075,30249.726481,3600,0,0.00,54.7625,1.0000
11478307.0,6428.962850,23823.314742,30252.277592,3601,0,0.00,54.7766,1.0000
11480023.0,6430.869517,23834.754742,30265.624258,3602,0,0.00,54.7938,1.0000
11481447.0,6432.451739,23844.248075,30276.699814,3603,0,0.00,54.8109,1.0000
11482464.0,6433.581739,23851.028075,30284.609814,3604,0,0.00,54.8281,1.0000
11482626.0,6433.761739,23852.108075,30285.869814,3605,0,0.00,54.8453,1.0000
11483944.0,6435.226183,23860.894742,30296.120925,3606,0,0.00,54.8734,1.0000
11484478.0,6435.819517,23864.454742,30300.274258,3607,0,0.00,54.8859,1.0000
11484588.0,6435.941739,23865.188075,30301.129814,3608,0,0.00,54.9359,1.0000
11484589.0,6435.942850,23865.194742,30301.137592,3609,0,0.00,54.9859,1.0000
11484602.0,6435.957294,23865.281408,30301.238703,3610,0,0.00,55.0031,1.0000
11485063.0,6436.469517,23868.354742,30304.824258,3611,0,0.00,55.0078,1.0000
11485271.0,6436.700628,23869.741408,30306.442036,3612,0,0.00,55.0578,1.0000
11485432.0,6436.879517,23870.814742,30307.694258,3613,0,0.00,55.0750,1.0000
11487173.0,6438.813961,23882.421408,30321.235369,3614,0,0.00,55.0922,1.0000
11487283.0,6438.936183,23883.154742,30322.090925,3615,0,0.00,55.0969,1.0000
11487312.0,6438.968406,23883.348075,30322.316481,3616,0,0.00,55.1016,1.0000
11487314.0,6438.970628,23883.361408,30322.332036,3617,0,0.00,55.1141,1.0000
11487980.0,6439.710628,23887.801408,30327.512036,3618,0,0.00,55.1313,1.0000
11488058.0,6439.797294,23888.321408,30328.118703,3619,0,0.00,55.1484,1.0000
11488062.0,6439.801739,23888.348075,30328.149814,3620,0,0.00,55.1656,1.0000
11488307.0,6440.073961,23889.981408,30330.055369,3621,0,0.00,55.1703,1.0000
11488598.0,6440.397294,23891.921408,30332.318703,3622,0,0.00,55.1828,1.0000
11488616.0,6440.417294,23892.041408,30332.458703,3623,0,0.00,55.2000,1.0000
11488950.0,6440.788406,23894.268075,30335.056481,3624,0,0.00,55.2047,1.0000
11488954.0,6440.792850,23894.294742,30335.087592,3625,0,0.00,55.2094,1.0000
11489060.0,6440.910628,23895.001408,30335.912036,3626,0,0.00,55.2141,1.0000
11489245.0,6441.116183,23896.234742,30337.350925,3627,0,0.00,55.2313,1.0000
11489326.0,6441.206183,23896.774742,30337.980925,3628,0,0.00,55.2359,1.0000
11489646.0,6441.561739,23898.908075,30340.469814,3629,0,0.00,55.2422,1.0000
11490009.0,6441.965072,23901.328075,30343.293147,3630,0,0.00,55.2484,1.0000
11490091.0,6442.056183,23901.874742,30343.930925,3631,0,0.00,55.2531,1.0000
11490613.0,6442.636183,23905.354742,30347.990925,3632,0,0.00,55.2703,1.0000
11490753.0,6442.791739,23906.288075,30349.079814,3633,0,0.00,55.2750,1.0000
11490755.0,6442.793961,23906.301408,30349.095369,3634,0,0.00,55.2797,1.0000
11490853.0,6442.902850,23906.954742,30349.857592,3635,0,0.00,55.2969,1.0000
11492593.0,6444.836183,23918.554742,30363.390925,3636,0,0.00,55.3250,1.0000
11493898.0,6446.286183,23927.254742,30373.540925,3637,0,0.00,55.3297,1.0000
11494493.0,6446.947294,23931.221408,30378.168703,3638,0,0.00,55.3344,1.0000
11494746.0,6447.228406,23932.908075,30380.136481,3639,0,0.00,55.3359,1.0000
11495369.0,6447.920628,23937.061408,30384.982036,3640,0,0.00,55.3594,1.0000
11495508.0,6448.075072,23937.988075,30386.063147,3641,0,0.00,55.3656,1.0000
11496540.0,6449.221739,23944.868075,30394.089814,3642,0,0.00,55.3703,1.0000
11496638.0,6449.330628,23945.521408,30394.852036,3643,0,0.00,55.3891,1.0000
11497213.0,6449.969517,23949.354742,30399.324258,3644,0,0.00,55.4063,1.0000
11497889.0,6450.720628,23953.861408,30404.582036,3645,0,0.00,55.4109,1.0000
11498143.0,6451.002850,23955.554742,30406.557592,3646,0,0.00,55.4234,1.0000
11498310.0,6451.188406,23956.668075,30407.856481,3647,0,0.00,55.4516,1.0000
11498311.0,6451.189517,23956.674742,30407.864258,3648,0,0.00,55.4703,1.0000
11498319.0,6451.198406,23956.728075,30407.926481,3649,0,0.00,55.4891,1.0000
11498585.0,6451.493961,23958.501408,30409.995369,3650,0,0.00,55.5078,1.0000
11498713.0,6451.636183,23959.354742,30410.990925,3651,0,0.00,55.5141,1.0000
11499011.0,6451.967294,23961.341408,30413.308703,3652,0,0.00,55.5188,1.0000
11499977.0,6453.040628,23967.781408,30420.822036,3653,0,0.00,55.5359,1.0000
11500016.0,6453.083961,23968.041408,30421.125369,3654,0,0.00,55.5406,1.0000
11500401.0,6453.511739,23970.608075,30424.119814,3655,0,0.00,55.5453,1.0000
11500771.0,6453.922850,23973.074742,30426.997592,3656,0,0.00,55.5500,1.0000
11501130.0,6454.321739,23975.468075,30429.789814,3657,0,0.00,55.5547,1.0000
11501560.0,6454.799517,23978.334742,30433.134258,3658,0,0.00,55.5594,1.0000
11501586.0,6454.828406,23978.508075,30433.336481,3659,0,0.00,55.5641,1.0000
11503069.0,6456.476183,23988.394742,30444.870925,3660,0,0.00,55.5688,1.0000
11503595.0,6457.060628,23991.901408,30448.962036,3661,0,0.00,55.5781,1.0000
11503982.0,6457.490628,23994.481408,30451.972036,3662,0,0.00,55.5828,1.0000
11503982.0,6457.490628,23994.481408,30451.972036,3663,0,0.00,55.5875,1.0000
11504044.0,6457.559517,23994.894742,30452.454258,3664,0,0.00,55.5922,1.0000
11504381.0,6457.933961,23997.141408,30455.075369,3665,0,0.00,55.5969,1.0000
11504854.0,6458.459517,24000.294742,30458.754258,3666,0,0.00,55.6219,1.0000
11504858.0,6458.463961,24000.321408,30458.785369,3667,0,0.00,55.6266,1.0000
11504878.0,6458.486183,24000.454742,30458.940925,3668,0,0.00,55.6313,1.0000
11504881.0,6458.489517,24000.474742,30458.964258,3669,0,0.00,55.6359,1.0000
11505173.0,6458.813961,24002.421408,30461.235369,3670,0,0.00,55.6406,1.0000
11505390.0,6459.055072,24003.868075,30462.923147,3671,0,0.00,55.6578,1.0000
11505575.0,6459.260628,24005.101408,30464.362036,3672,0,0.00,55.6750,1.0000
11505720.0,6459.421739,24006.068075,30465.489814,3673,0,0.00,55.6813,1.0000
11505875.0,6459.593961,24007.101408,30466.695369,3674,0,0.00,55.7000,1.0000
11505939.0,6459.665072,24007.528075,30467.193147,3675,0,0.00,55.7125,1.0000
11506047.0,6459.785072,24008.248075,30468.033147,3676,0,0.00,55.7172,1.0000
11506051.0,6459.789517,24008.274742,30468.064258,3677,0,0.00,55.7219,1.0000
11506475.0,6460.260628,24011.101408,30471.362036,3678,0,0.00,55.7266,1.0000
11506476.0,6460.261739,24011.108075,30471.369814,3679,0,0.00,55.7313,1.0000
11506478.0,6460.263961,24011.121408,30471.385369,3680,0,0.00,55.7359,1.0000
11506537.0,6460.329517,24011.514742,30471.844258,3681,0,0.00,55.7406,1.0000
11506606.0,6460.406183,24011.974742,30472.380925,3682,0,0.00,55.7453,1.0000
11507540.0,6461.443961,24018.201408,30479.645369,3683,0,0.00,55.7734,1.0000
11507744.0,6461.670628,24019.561408,30481.232036,3684,0,0.00,55.7859,1.0000
11507881.0,6461.822850,24020.474742,30482.297592,3685,0,0.00,55.7922,1.0000
11508931.0,6462.989517,24027.474742,30490.464258,3686,0,0.00,55.7969,1.0000
11508979.0,6463.042850,24027.794742,30490.837592,3687,0,0.00,55.8016,1.0000
11509078.0,6463.152850,24028.454742,30491.607592,3688,0,0.00,55.8063,1.0000
11509174.0,6463.259517,24029.094742,30492.354258,3689,0,0.00,55.8109,1.0000
11509398.0,6463.508406,24030.588075,30494.096481,3690,0,0.00,55.8234,1.0000
11509769.0,6463.920628,24033.061408,30496.982036,3691,0,0.00,55.8453,1.0000
11509888.0,6464.052850,24033.854742,30497.907592,3692,0,0.00,55.8500,1.0000
11509971.0,6464.145072,24034.408075,30498.553147,3693,0,0.00,55.8719,1.0000
11510007.0,6464.185072,24034.648075,30498.833147,3694,0,0.00,55.8844,1.0000
11510242.0,6464.446183,24036.214742,30500.660925,3695,0,0.00,55.8891,1.0000
11510280.0,6464.488406,24036.468075,30500.956481,3696,0,0.00,55.8953,1.0000
11510324.0,6464.537294,24036.761408,30501.298703,3697,0,0.00,55.9016,1.0000
11510482.0,6464.712850,24037.814742,30502.527592,3698,0,0.00,55.9203,1.0000
11511138.0,6465.441739,24042.188075,30507.629814,3699,0,0.00,55.9266,1.0000
11512225.0,6466.649517,24049.434742,30516.084258,3700,0,0.00,55.9453,1.0000
11513616.0,6468.195072,24058.708075,30526.903147,3701,0,0.00,55.9641,1.0000
11513617.0,6468.196183,24058.714742,30526.910925,3702,0,0.00,55.9828,1.0000
11513625.0,6468.205072,24058.768075,30526.973147,3703,0,0.00,56.0016,1.0000
11514609.0,6469.298406,24065.328075,30534.626481,3704,0,0.00,56.0063,1.0000
11515423.0,6470.202850,24070.754742,30540.957592,3705,0,0.00,56.0313,1.0000
11515475.0,6470.260628,24071.101408,30541.362036,3706,0,0.00,56.0500,1.0000
11515496.0,6470.283961,24071.241408,30541.525369,3707,0,0.00,56.0672,1.0000
11516373.0,6471.258406,24077.088075,30548.346481,3708,0,0.00,56.0859,1.0000
11517319.0,6472.309517,24083.394742,30555.704258,3709,0,0.00,56.0906,1.0000
11519256.0,6474.461739,24096.308075,30570.769814,3710,0,0.00,56.1094,1.0000
11519917.0,6475.196183,24100.714742,30575.910925,3711,0,0.00,56.1188,1.0000
11520863.0,6476.247294,24107.021408,30583.268703,3712,0,0.00,56.1313,1.0000
11520873.0,6476.258406,24107.088075,30583.346481,3713,0,0.00,56.1500,1.0000
11521781.0,6477.267294,24113.141408,30590.408703,3714,0,0.00,56.1625,1.0000
11523771.0,6479.478406,24126.408075,30605.886481,3715,0,0.00,56.1672,1.0000
11524014.0,6479.748406,24128.028075,30607.776481,3716,0,0.00,56.1781,1.0000
11524842.0,6480.668406,24133.548075,30614.216481,3717,0,0.00,56.1953,1.0000
11524843.0,6480.669517,24133.554742,30614.224258,3718,0,0.00,56.2125,1.0000
11525451.0,6481.345072,24137.608075,30618.953147,3719,0,0.00,56.2250,1.0000
11526947.0,6483.007294,24147.581408,30630.588703,3720,0,0.00,56.2297,1.0000
11528194.0,6484.392850,24155.894742,30640.287592,3721,0,0.00,56.2391,1.0000
11528632.0,6484.879517,24158.814742,30643.694258,3722,0,0.00,56.2453,1.0000
11528854.0,6485.126183,24160.294742,30645.420925,3723,0,0.00,56.2516,1.0000
11530837.0,6487.329517,24173.514742,30660.844258,3724,0,0.00,56.2703,1.0000
11530957.0,6487.462850,24174.314742,30661.777592,3725,0,0.00,56.2828,1.0000
11531760.0,6488.355072,24179.668075,30668.023147,3726,0,0.00,56.3000,1.0000
11531930.0,6488.543961,24180.801408,30669.345369,3727,0,0.00,56.3125,1.0000
11532542.0,6489.223961,24184.881408,30674.105369,3728,0,0.00,56.3172,1.0000
11533355.0,6490.127294,24190.301408,30680.428703,3729,0,0.00,56.3219,1.0000
11534377.0,6491.262850,24197.114742,30688.377592,3730,0,0.00,56.3406,1.0000
11534599.0,6491.509517,24198.594742,30690.104258,3731,0,0.00,56.3531,1.0000
11535204.0,6492.181739,24202.628075,30694.809814,3732,0,0.00,56.3594,1.0000
11535981.0,6493.045072,24207.808075,30700.853147,3733,0,0.00,56.3656,1.0000
11537708.0,6494.963961,24219.321408,30714.285369,3734,0,0.00,56.3781,1.0000
11537958.0,6495.241739,24220.988075,30716.229814,3735,0,0.00,56.3828,1.0000
11540133.0,6497.658406,24235.488075,30733.146481,3736,0,0.00,56.3953,1.0000
11543906.0,6501.850628,24260.641408,30762.492036,3737,0,0.00,56.4016,1.0000
11544404.0,6502.403961,24263.961408,30766.365369,3738,0,0.00,56.4266,1.0000
11544404.0,6502.403961,24263.961408,30766.365369,3739,0,0.00,56.4516,1.0000
11546450.0,6504.677294,24277.601408,30782.278703,3740,0,0.00,56.4578,1.0000
11546556.0,6504.795072,24278.308075,30783.103147,3741,0,0.00,56.4703,1.0000
11547052.0,6505.346183,24281.614742,30786.960925,3742,0,0.00,56.4922,1.0000
11547218.0,6505.530628,24282.721408,30788.252036,3743,0,0.00,56.4984,1.0000
11547221.0,6505.533961,24282.741408,30788.275369,3744,0,0.00,56.5109,1.0000
11547226.0,6505.539517,24282.774742,30788.314258,3745,0,0.00,56.5234,1.0000
11547243.0,6505.558406,24282.888075,30788.446481,3746,0,0.00,56.5359,1.0000
11548440.0,6506.888406,24290.868075,30797.756481,3747,0,0.00,56.5594,1.0000
11550172.0,6508.812850,24302.414742,30811.227592,3748,0,0.00,56.5656,1.0000
11550720.0,6509.421739,24306.068075,30815.489814,3749,0,0.00,56.5828,1.0000
11550784.0,6509.492850,24306.494742,30815.987592,3750,0,0.00,56.5875,1.0000
11550889.0,6509.609517,24307.194742,30816.804258,3751,0,0.00,56.5938,1.0000
11550891.0,6509.611739,24307.208075,30816.819814,3752,0,0.00,56.6109,1.0000
11551396.0,6510.172850,24310.574742,30820.747592,3753,0,0.00,56.6234,1.0000
11551465.0,6510.249517,24311.034742,30821.284258,3754,0,0.00,56.6406,1.0000
11551716.0,6510.528406,24312.708075,30823.236481,3755,0,0.00,56.6594,1.0000
11553773.0,6512.813961,24326.421408,30839.235369,3756,0,0.00,56.6719,1.0000
11554319.0,6513.420628,24330.061408,30843.482036,3757,0,0.00,56.6766,1.0000
11554926.0,6514.095072,24334.108075,30848.203147,3758,0,0.00,56.6938,1.0000
11555668.0,6514.919517,24339.054742,30853.974258,3759,0,0.00,56.7219,1.0000
11555688.0,6514.941739,24339.188075,30854.129814,3760,0,0.00,56.7500,1.0000
11555789.0,6515.053961,24339.861408,30854.915369,3761,0,0.00,56.7672,1.0000
11556206.0,6515.517294,24342.641408,30858.158703,3762,0,0.00,56.7734,1.0000
11556813.0,6516.191739,24346.688075,30862.879814,3763,0,0.00,56.7922,1.0000
11556874.0,6516.259517,24347.094742,30863.354258,3764,0,0.00,56.8422,1.0000
11556874.0,6516.259517,24347.094742,30863.354258,3765,0,0.00,56.8922,1.0000
11556993.0,6516.391739,24347.888075,30864.279814,3766,0,0.00,56.8969,1.0000
11557472.0,6516.923961,24351.081408,30868.005369,3767,0,0.00,56.9094,1.0000
11557499.0,6516.953961,24351.261408,30868.215369,3768,0,0.00,56.9266,1.0000
11558568.0,6518.141739,24358.388075,30876.529814,3769,0,0.00,56.9438,1.0000
11558581.0,6518.156183,24358.474742,30876.630925,3770,0,0.00,56.9688,1.0000
11558763.0,6518.358406,24359.688075,30878.046481,3771,0,0.00,56.9734,1.0000
11558920.0,6518.532850,24360.734742,30879.267592,3772,0,0.00,56.9781,1.0000
11558964.0,6518.581739,24361.028075,30879.609814,3773,0,0.00,56.9828,1.0000
11559048.0,6518.675072,24361.588075,30880.263147,3774,0,0.00,57.0063,1.0000
11559350.0,6519.010628,24363.601408,30882.612036,3775,0,0.00,57.0188,1.0000
11559412.0,6519.079517,24364.014742,30883.094258,3776,0,0.00,57.0250,1.0000
11559412.0,6519.079517,24364.014742,30883.094258,3777,0,0.00,57.0297,1.0000
11559496.0,6519.172850,24364.574742,30883.747592,3778,0,0.00,57.0344,1.0000
11560037.0,6519.773961,24368.181408,30887.955369,3779,0,0.00,57.0516,1.0000
11560577.0,6520.373961,24371.781408,30892.155369,3780,0,0.00,57.0563,1.0000
11560766.0,6520.583961,24373.041408,30893.625369,3781,0,0.00,57.0734,1.0000
11561891.0,6521.833961,24380.541408,30902.375369,3782,0,0.00,57.0781,1.0000
11562287.0,6522.273961,24383.181408,30905.455369,3783,0,0.00,57.0953,1.0000
11562370.0,6522.366183,24383.734742,30906.100925,3784,0,0.00,57.1125,1.0000
11562572.0,6522.590628,24385.081408,30907.672036,3785,0,0.00,57.1297,1.0000
11562742.0,6522.779517,24386.214742,30908.994258,3786,0,0.00,57.1344,1.0000
11563035.0,6523.105072,24388.168075,30911.273147,3787,0,0.00,57.1516,1.0000
11563281.0,6523.378406,24389.808075,30913.186481,3788,0,0.00,57.1688,1.0000
11563762.0,6523.912850,24393.014742,30916.927592,3789,0,0.00,57.1734,1.0000
11564421.0,6524.645072,24397.408075,30922.053147,3790,0,0.00,57.1859,1.0000
11564792.0,6525.057294,24399.881408,30924.938703,3791,0,0.00,57.1984,1.0000
11567733.0,6528.325072,24419.488075,30947.813147,3792,0,0.00,57.2125,1.0000
11567960.0,6528.577294,24421.001408,30949.578703,3793,0,0.00,57.2297,1.0000
11567982.0,6528.601739,24421.148075,30949.749814,3794,0,0.00,57.2469,1.0000
11568949.0,6529.676183,24427.594742,30957.270925,3795,0,0.00,57.2531,1.0000
11569221.0,6529.978406,24429.408075,30959.386481,3796,0,0.00,57.2656,1.0000
11569390.0,6530.166183,24430.534742,30960.700925,3797,0,0.00,57.2828,1.0000
11569421.0,6530.200628,24430.741408,30960.942036,3798,0,0.00,57.3000,1.0000
11569444.0,6530.226183,24430.894742,30961.120925,3799,0,0.00,57.3172,1.0000
11569445.0,6530.227294,24430.901408,30961.128703,3800,0,0.00,57.3344,1.0000
11570464.0,6531.359517,24437.694742,30969.054258,3801,0,0.00,57.3625,1.0000
11570708.0,6531.630628,24439.321408,30970.952036,3802,0,0.00,57.3813,1.0000
11570760.0,6531.688406,24439.668075,30971.356481,3803,0,0.00,57.4000,1.0000
11570794.0,6531.726183,24439.894742,30971.620925,3804,0,0.00,57.4047,1.0000
11571073.0,6532.036183,24441.754742,30973.790925,3805,0,0.00,57.4219,1.0000
11572662.0,6533.801739,24452.348075,30986.149814,3806,0,0.00,57.4391,1.0000
11573614.0,6534.859517,24458.694742,30993.554258,3807,0,0.00,57.4563,1.0000
11573840.0,6535.110628,24460.201408,30995.312036,3808,0,0.00,57.4609,1.0000
11574122.0,6535.423961,24462.081408,30997.505369,3809,0,0.00,57.4797,1.0000
11574517.0,6535.862850,24464.714742,31000.577592,3810,0,0.00,57.4984,1.0000
11574750.0,6536.121739,24466.268075,31002.389814,3811,0,0.00,57.5156,1.0000
11574886.0,6536.272850,24467.174742,31003.447592,3812,0,0.00,57.5438,1.0000
11575441.0,6536.889517,24470.874742,31007.764258,3813,0,0.00,57.5609,1.0000
11575447.0,6536.896183,24470.914742,31007.810925,3814,0,0.00,57.5891,1.0000
11575531.0,6536.989517,24471.474742,31008.464258,3815,0,0.00,57.6031,1.0000
11575576.0,6537.039517,24471.774742,31008.814258,3816,0,0.00,57.6203,1.0000
11575661.0,6537.133961,24472.341408,31009.475369,3817,0,0.00,57.6328,1.0000
11575940.0,6537.443961,24474.201408,31011.645369,3818,0,0.00,57.6500,1.0000
11576143.0,6537.669517,24475.554742,31013.224258,3819,0,0.00,57.6641,1.0000
11576525.0,6538.093961,24478.101408,31016.195369,3820,0,0.00,57.6813,1.0000
11576802.0,6538.401739,24479.948075,31018.349814,3821,0,0.00,57.6938,1.0000
11576952.0,6538.568406,24480.948075,31019.516481,3822,0,0.00,57.7109,1.0000
11577112.0,6538.746183,24482.014742,31020.760925,3823,0,0.00,57.7234,1.0000
11578283.0,6540.047294,24489.821408,31029.868703,3824,0,0.00,57.7469,1.0000
11579525.0,6541.427294,24498.101408,31039.528703,3825,0,0.00,57.7641,1.0000
11579641.0,6541.556183,24498.874742,31040.430925,3826,0,0.00,57.8141,1.0000
11579929.0,6541.876183,24500.794742,31042.670925,3827,0,0.00,57.8203,1.0000
11580214.0,6542.192850,24502.694742,31044.887592,3828,0,0.00,57.8703,1.0000
11580214.0,6542.192850,24502.694742,31044.887592,3829,0,0.00,57.9203,1.0000
11580221.0,6542.200628,24502.741408,31044.942036,3830,0,0.00,57.9375,1.0000
11580395.0,6542.393961,24503.901408,31046.295369,3831,0,0.00,57.9438,1.0000
11580578.0,6542.597294,24505.121408,31047.718703,3832,0,0.00,57.9656,1.0000
11580669.0,6542.698406,24505.728075,31048.426481,3833,0,0.00,57.9781,1.0000
11580670.0,6542.699517,24505.734742,31048.434258,3834,0,0.00,57.9906,1.0000
11580671.0,6542.700628,24505.741408,31048.442036,3835,0,0.00,57.9953,1.0000
11580806.0,6542.850628,24506.641408,31049.492036,3836,0,0.00,58.0000,1.0000
11580823.0,6542.869517,24506.754742,31049.624258,3837,0,0.00,58.0125,1.0000
11580823.0,6542.869517,24506.754742,31049.624258,3838,0,0.00,58.0250,1.0000
11581423.0,6543.536183,24510.754742,31054.290925,3839,0,0.00,58.0438,1.0000
11581624.0,6543.759517,24512.094742,31055.854258,3840,0,0.00,58.0609,1.0000
11581661.0,6543.800628,24512.341408,31056.142036,3841,0,0.00,58.0672,1.0000
11581671.0,6543.811739,24512.408075,31056.219814,3842,0,0.00,58.0719,1.0000
11581693.0,6543.836183,24512.554742,31056.390925,3843,0,0.00,58.0766,1.0000
11581896.0,6544.061739,24513.908075,31057.969814,3844,0,0.00,58.0953,1.0000
11582356.0,6544.572850,24516.974742,31061.547592,3845,0,0.00,58.1125,1.0000
11582378.0,6544.597294,24517.121408,31061.718703,3846,0,0.00,58.1250,1.0000
11582470.0,6544.699517,24517.734742,31062.434258,3847,0,0.00,58.1375,1.0000
11582588.0,6544.830628,24518.521408,31063.352036,3848,0,0.00,58.1516,1.0000
11583949.0,6546.342850,24527.594742,31073.937592,3849,0,0.00,58.1563,1.0000
11584444.0,6546.892850,24530.894742,31077.787592,3850,0,0.00,58.1578,1.0000
11584512.0,6546.968406,24531.348075,31078.316481,3851,0,0.00,58.1750,1.0000
11584945.0,6547.449517,24534.234742,31081.684258,3852,0,0.00,58.1797,1.0000
11585631.0,6548.211739,24538.808075,31087.019814,3853,0,0.00,58.2078,1.0000
11585638.0,6548.219517,24538.854742,31087.074258,3854,0,0.00,58.2359,1.0000
11585676.0,6548.261739,24539.108075,31087.369814,3855,0,0.00,58.2406,1.0000
11585862.0,6548.468406,24540.348075,31088.816481,3856,0,0.00,58.2594,1.0000
11586256.0,6548.906183,24542.974742,31091.880925,3857,0,0.00,58.2766,1.0000
11587146.0,6549.895072,24548.908075,31098.803147,3858,0,0.00,58.2938,1.0000
11587560.0,6550.355072,24551.668075,31102.023147,3859,0,0.00,58.2984,1.0000
11587661.0,6550.467294,24552.341408,31102.808703,3860,0,0.00,58.3031,1.0000
11587748.0,6550.563961,24552.921408,31103.485369,3861,0,0.00,58.3203,1.0000
11588595.0,6551.505072,24558.568075,31110.073147,3862,0,0.00,58.3250,1.0000
11588824.0,6551.759517,24560.094742,31111.854258,3863,0,0.00,58.3484,1.0000
11589030.0,6551.988406,24561.468075,31113.456481,3864,0,0.00,58.3656,1.0000
11591093.0,6554.280628,24575.221408,31129.502036,3865,0,0.00,58.3828,1.0000
11592022.0,6555.312850,24581.414742,31136.727592,3866,0,0.00,58.4016,1.0000
11592131.0,6555.433961,24582.141408,31137.575369,3867,0,0.00,58.4063,1.0000
11592180.0,6555.488406,24582.468075,31137.956481,3868,0,0.00,58.4109,1.0000
11592410.0,6555.743961,24584.001408,31139.745369,3869,0,0.00,58.4281,1.0000
11592412.0,6555.746183,24584.014742,31139.760925,3870,0,0.00,58.4453,1.0000
11592750.0,6556.121739,24586.268075,31142.389814,3871,0,0.00,58.4516,1.0000
11592825.0,6556.205072,24586.768075,31142.973147,3872,0,0.00,58.4688,1.0000
11593617.0,6557.085072,24592.048075,31149.133147,3873,0,0.00,58.4859,1.0000
11593673.0,6557.147294,24592.421408,31149.568703,3874,0,0.00,58.5031,1.0000
11593777.0,6557.262850,24593.114742,31150.377592,3875,0,0.00,58.5203,1.0000
11593927.0,6557.429517,24594.114742,31151.544258,3876,0,0.00,58.5375,1.0000
11593930.0,6557.432850,24594.134742,31151.567592,3877,0,0.00,58.5547,1.0000
11593932.0,6557.435072,24594.148075,31151.583147,3878,0,0.00,58.5594,1.0000
11594500.0,6558.066183,24597.934742,31156.000925,3879,0,0.00,58.5641,1.0000
11594915.0,6558.527294,24600.701408,31159.228703,3880,0,0.00,58.5891,1.0000
11594942.0,6558.557294,24600.881408,31159.438703,3881,0,0.00,58.6016,1.0000
11595006.0,6558.628406,24601.308075,31159.936481,3882,0,0.00,58.6141,1.0000
11595069.0,6558.698406,24601.728075,31160.426481,3883,0,0.00,58.6188,1.0000
11596241.0,6560.000628,24609.541408,31169.542036,3884,0,0.00,58.6438,1.0000
11596379.0,6560.153961,24610.461408,31170.615369,3885,0,0.00,58.6609,1.0000
11596412.0,6560.190628,24610.681408,31170.872036,3886,0,0.00,58.6781,1.0000
11596419.0,6560.198406,24610.728075,31170.926481,3887,0,0.00,58.6953,1.0000
11596419.0,6560.198406,24610.728075,31170.926481,3888,0,0.00,58.7125,1.0000
11597748.0,6561.675072,24619.588075,31181.263147,3889,0,0.00,58.7359,1.0000
11598091.0,6562.056183,24621.874742,31183.930925,3890,0,0.00,58.7531,1.0000
11598223.0,6562.202850,24622.754742,31184.957592,3891,0,0.00,58.7578,1.0000
11598224.0,6562.203961,24622.761408,31184.965369,3892,0,0.00,58.7750,1.0000
11599859.0,6564.020628,24633.661408,31197.682036,3893,0,0.00,58.7922,1.0000
11602164.0,6566.581739,24649.028075,31215.609814,3894,0,0.00,58.7969,1.0000
11603094.0,6567.615072,24655.228075,31222.843147,3895,0,0.00,58.8016,1.0000
11603154.0,6567.681739,24655.628075,31223.309814,3896,0,0.00,58.8516,1.0000
11603154.0,6567.681739,24655.628075,31223.309814,3897,0,0.00,58.9016,1.0000
11604093.0,6568.725072,24661.888075,31230.613147,3898,0,0.00,58.9109,1.0000
11604650.0,6569.343961,24665.601408,31234.945369,3899,0,0.00,58.9234,1.0000
11604914.0,6569.637294,24667.361408,31236.998703,3900,0,0.00,58.9281,1.0000
11605411.0,6570.189517,24670.674742,31240.864258,3901,0,0.00,58.9328,1.0000
11606470.0,6571.366183,24677.734742,31249.100925,3902,0,0.00,58.9375,1.0000
11609716.0,6574.972850,24699.374742,31274.347592,3903,0,0.00,58.9422,1.0000
11615334.0,6581.215072,24736.828075,31318.043147,3904,0,0.00,58.9484,1.0000
11615382.0,6581.268406,24737.148075,31318.416481,3905,0,0.00,58.9547,1.0000
11615651.0,6581.567294,24738.941408,31320.508703,3906,0,0.00,58.9609,1.0000
11616999.0,6583.065072,24747.928075,31330.993147,3907,0,0.00,58.9656,1.0000
11618075.0,6584.260628,24755.101408,31339.362036,3908,0,0.00,58.9906,1.0000
11619637.0,6585.996183,24765.514742,31351.510925,3909,0,0.00,59.0094,1.0000
11619864.0,6586.248406,24767.028075,31353.276481,3910,0,0.00,59.0266,1.0000
11619866.0,6586.250628,24767.041408,31353.292036,3911,0,0.00,59.0438,1.0000
11619905.0,6586.293961,24767.301408,31353.595369,3912,0,0.00,59.0563,1.0000
11621825.0,6588.427294,24780.101408,31368.528703,3913,0,0.00,59.0734,1.0000
11621915.0,6588.527294,24780.701408,31369.228703,3914,0,0.00,59.0906,1.0000
11622264.0,6588.915072,24783.028075,31371.943147,3915,0,0.00,59.0953,1.0000
11622270.0,6588.921739,24783.068075,31371.989814,3916,0,0.00,59.1078,1.0000
11622335.0,6588.993961,24783.501408,31372.495369,3917,0,0.00,59.1141,1.0000
11622610.0,6589.299517,24785.334742,31374.634258,3918,0,0.00,59.1313,1.0000
11623956.0,6590.795072,24794.308075,31385.103147,3919,0,0.00,59.1500,1.0000
11623956.0,6590.795072,24794.308075,31385.103147,3920,0,0.00,59.1688,1.0000
11624136.0,6590.995072,24795.508075,31386.503147,3921,0,0.00,59.1859,1.0000
11626480.0,6593.599517,24811.134742,31404.734258,3922,0,0.00,59.2359,1.0000
11626480.0,6593.599517,24811.134742,31404.734258,3923,0,0.00,59.2859,1.0000
11626480.0,6593.599517,24811.134742,31404.734258,3924,0,0.00,59.3359,1.0000
11627052.0,6594.235072,24814.948075,31409.183147,3925,0,0.00,59.3859,1.0000
11627432.0,6594.657294,24817.481408,31412.138703,3926,0,0.00,59.4094,1.0000
11628763.0,6596.136183,24826.354742,31422.490925,3927,0,0.00,59.4266,1.0000
11629799.0,6597.287294,24833.261408,31430.548703,3928,0,0.00,59.4328,1.0000
11630226.0,6597.761739,24836.108075,31433.869814,3929,0,0.00,59.4578,1.0000
11633643.0,6601.558406,24858.888075,31460.446481,3930,0,0.00,59.4703,1.0000
11633650.0,6601.566183,24858.934742,31460.500925,3931,0,0.00,59.4828,1.0000
11633655.0,6601.571739,24858.968075,31460.539814,3932,0,0.00,59.4953,1.0000
11633684.0,6601.603961,24859.161408,31460.765369,3933,0,0.00,59.5078,1.0000
11637007.0,6605.296183,24881.314742,31486.610925,3934,0,0.00,59.5203,1.0000
11638478.0,6606.930628,24891.121408,31498.052036,3935,0,0.00,59.5438,1.0000
11639585.0,6608.160628,24898.501408,31506.662036,3936,0,0.00,59.5688,1.0000
11640415.0,6609.082850,24904.034742,31513.117592,3937,0,0.00,59.5750,1.0000
11641318.0,6610.086183,24910.054742,31520.140925,3938,0,0.00,59.5797,1.0000
11643009.0,6611.965072,24921.328075,31533.293147,3939,0,0.00,59.5859,1.0000
11643864.0,6612.915072,24927.028075,31539.943147,3940,0,0.00,59.6234,1.0000
11644233.0,6613.325072,24929.488075,31542.813147,3941,0,0.00,59.6328,1.0000
11644575.0,6613.705072,24931.768075,31545.473147,3942,0,0.00,59.6453,1.0000
11644576.0,6613.706183,24931.774742,31545.480925,3943,0,0.00,59.6578,1.0000
11645084.0,6614.270628,24935.161408,31549.432036,3944,0,0.00,59.6625,1.0000
11645444.0,6614.670628,24937.561408,31552.232036,3945,0,0.00,59.6688,1.0000
11646188.0,6615.497294,24942.521408,31558.018703,3946,0,0.00,59.6813,1.0000
11646785.0,6616.160628,24946.501408,31562.662036,3947,0,0.00,59.6984,1.0000
11647120.0,6616.532850,24948.734742,31565.267592,3948,0,0.00,59.7359,1.0000
11647721.0,6617.200628,24952.741408,31569.942036,3949,0,0.00,59.7531,1.0000
11648117.0,6617.640628,24955.381408,31573.022036,3950,0,0.00,59.7578,1.0000
11648124.0,6617.648406,24955.428075,31573.076481,3951,0,0.00,59.7625,1.0000
11648657.0,6618.240628,24958.981408,31577.222036,3952,0,0.00,59.7797,1.0000
11649200.0,6618.843961,24962.601408,31581.445369,3953,0,0.00,59.7844,1.0000
11649591.0,6619.278406,24965.208075,31584.486481,3954,0,0.00,59.8016,1.0000
11649914.0,6619.637294,24967.361408,31586.998703,3955,0,0.00,59.8063,1.0000
11650070.0,6619.810628,24968.401408,31588.212036,3956,0,0.00,59.8563,1.0000
11650644.0,6620.448406,24972.228075,31592.676481,3957,0,0.00,59.9063,1.0000
11651622.0,6621.535072,24978.748075,31600.283147,3958,0,0.00,59.9203,1.0000
11652142.0,6622.112850,24982.214742,31604.327592,3959,0,0.00,59.9344,1.0000
11652263.0,6622.247294,24983.021408,31605.268703,3960,0,0.00,59.9484,1.0000
11652296.0,6622.283961,24983.241408,31605.525369,3961,0,0.00,59.9625,1.0000
11652406.0,6622.406183,24983.974742,31606.380925,3962,0,0.00,59.9750,1.0000
11652877.0,6622.929517,24987.114742,31610.044258,3963,0,0.00,59.9766,1.0000
11656270.0,6626.699517,25009.734742,31636.434258,3964,0,0.00,60.0047,1.0000
11656304.0,6626.737294,25009.961408,31636.698703,3965,0,0.00,60.0328,1.0000
11656861.0,6627.356183,25013.674742,31641.030925,3966,0,0.00,60.0516,1.0000
11656971.0,6627.478406,25014.408075,31641.886481,3967,0,0.00,60.0688,1.0000
11657068.0,6627.586183,25015.054742,31642.640925,3968,0,0.00,60.0859,1.0000
11657304.0,6627.848406,25016.628075,31644.476481,3969,0,0.00,60.1141,1.0000
11657440.0,6627.999517,25017.534742,31645.534258,3970,0,0.00,60.1328,1.0000
11659646.0,6630.450628,25032.241408,31662.692036,3971,0,0.00,60.1500,1.0000
11659649.0,6630.453961,25032.261408,31662.715369,3972,0,0.00,60.1625,1.0000
11659677.0,6630.485072,25032.448075,31662.933147,3973,0,0.00,60.1797,1.0000
11659684.0,6630.492850,25032.494742,31662.987592,3974,0,0.00,60.1969,1.0000
11659720.0,6630.532850,25032.734742,31663.267592,3975,0,0.00,60.2141,1.0000
11661253.0,6632.236183,25042.954742,31675.190925,3976,0,0.00,60.2328,1.0000
11661437.0,6632.440628,25044.181408,31676.622036,3977,0,0.00,60.2609,1.0000
11661974.0,6633.037294,25047.761408,31680.798703,3978,0,0.00,60.2781,1.0000
11662122.0,6633.201739,25048.748075,31681.949814,3979,0,0.00,60.2906,1.0000
11663258.0,6634.463961,25056.321408,31690.785369,3980,0,0.00,60.3078,1.0000
11663260.0,6634.466183,25056.334742,31690.800925,3981,0,0.00,60.3250,1.0000
11664670.0,6636.032850,25065.734742,31701.767592,3982,0,0.00,60.3297,1.0000
11664703.0,6636.069517,25065.954742,31702.024258,3983,0,0.00,60.3469,1.0000
11664703.0,6636.069517,25065.954742,31702.024258,3984,0,0.00,60.3641,1.0000
11666053.0,6637.569517,25074.954742,31712.524258,3985,0,0.00,60.3688,1.0000
11669866.0,6641.806183,25100.374742,31742.180925,3986,0,0.00,60.3875,1.0000
11669871.0,6641.811739,25100.408075,31742.219814,3987,0,0.00,60.4156,1.0000
11670024.0,6641.981739,25101.428075,31743.409814,3988,0,0.00,60.4391,1.0000
11670962.0,6643.023961,25107.681408,31750.705369,3989,0,0.00,60.4438,1.0000
11672821.0,6645.089517,25120.074742,31765.164258,3990,0,0.00,60.4938,1.0000
11672821.0,6645.089517,25120.074742,31765.164258,3991,0,0.00,60.5438,1.0000
11672824.0,6645.092850,25120.094742,31765.187592,3992,0,0.00,60.5484,1.0000
11673296.0,6645.617294,25123.241408,31768.858703,3993,0,0.00,60.5609,1.0000
11673395.0,6645.727294,25123.901408,31769.628703,3994,0,0.00,60.6109,1.0000
11673395.0,6645.727294,25123.901408,31769.628703,3995,0,0.00,60.6609,1.0000
11673395.0,6645.727294,25123.901408,31769.628703,3996,0,0.00,60.7109,1.0000
11673485.0,6645.827294,25124.501408,31770.328703,3997,0,0.00,60.7281,1.0000
11673571.0,6645.922850,25125.074742,31770.997592,3998,0,0.00,60.7328,1.0000
11673710.0,6646.077294,25126.001408,31772.078703,3999,0,0.00,60.7453,1.0000
11675132.0,6647.657294,25135.481408,31783.138703,4000,0,0.00,60.7547,1.0000
11676437.0,6649.107294,25144.181408,31793.288703,4001,0,0.00,60.7781,1.0000
11678611.0,6651.522850,25158.674742,31810.197592,4002,0,0.00,60.7906,1.0000
11681565.0,6654.805072,25178.368075,31833.173147,4003,0,0.00,60.8078,1.0000
11683345.0,6656.782850,25190.234742,31847.017592,4004,0,0.00,60.9078,1.0000
11685808.0,6659.519517,25206.654742,31866.174258,4005,0,0.00,60.9250,1.0000
11685832.0,6659.546183,25206.814742,31866.360925,4006,0,0.00,60.9422,1.0000
11687489.0,6661.387294,25217.861408,31879.248703,4007,0,0.00,60.9594,1.0000
11687764.0,6661.692850,25219.694742,31881.387592,4008,0,0.00,60.9719,1.0000
11687901.0,6661.845072,25220.608075,31882.453147,4009,0,0.00,60.9953,1.0000
11689320.0,6663.421739,25230.068075,31893.489814,4010,0,0.00,61.0016,1.0000
11691232.0,6665.546183,25242.814742,31908.360925,4011,0,0.00,61.0141,1.0000
11691232.0,6665.546183,25242.814742,31908.360925,4012,0,0.00,61.0266,1.0000
11694500.0,6669.177294,25264.601408,31933.778703,4013,0,0.00,61.0391,1.0000
11694500.0,6669.177294,25264.601408,31933.778703,4014,0,0.00,61.0516,1.0000
11695714.0,6670.526183,25272.694742,31943.220925,4015,0,0.00,61.0578,1.0000
11696143.0,6671.002850,25275.554742,31946.557592,4016,0,0.00,61.1078,1.0000
11696716.0,6671.639517,25279.374742,31951.014258,4017,0,0.00,61.1578,1.0000
11696716.0,6671.639517,25279.374742,31951.014258,4018,0,0.00,61.2078,1.0000
11696717.0,6671.640628,25279.381408,31951.022036,4019,0,0.00,61.2578,1.0000
11698640.0,6673.777294,25292.201408,31965.978703,4020,0,0.00,61.2672,1.0000
11701714.0,6677.192850,25312.694742,31989.887592,4021,0,0.00,61.2734,1.0000
11701962.0,6677.468406,25314.348075,31991.816481,4022,0,0.00,61.2797,1.0000
11703732.0,6679.435072,25326.148075,32005.583147,4023,0,0.00,61.2922,1.0000
11704131.0,6679.878406,25328.808075,32008.686481,4024,0,0.00,61.2984,1.0000
11704776.0,6680.595072,25333.108075,32013.703147,4025,0,0.00,61.3172,1.0000
11704879.0,6680.709517,25333.794742,32014.504258,4026,0,0.00,61.3234,1.0000
11706745.0,6682.782850,25346.234742,32029.017592,4027,0,0.00,61.3734,1.0000
11707872.0,6684.035072,25353.748075,32037.783147,4028,0,0.00,61.3781,1.0000
11708942.0,6685.223961,25360.881408,32046.105369,4029,0,0.00,61.3844,1.0000
11709034.0,6685.326183,25361.494742,32046.820925,4030,0,0.00,61.3906,1.0000
11709182.0,6685.490628,25362.481408,32047.972036,4031,0,0.00,61.3969,1.0000
11709882.0,6686.268406,25367.148075,32053.416481,4032,0,0.00,61.4031,1.0000
11711802.0,6688.401739,25379.948075,32068.349814,4033,0,0.00,61.4125,1.0000
11712428.0,6689.097294,25384.121408,32073.218703,4034,0,0.00,61.4359,1.0000
11717831.0,6695.100628,25420.141408,32115.242036,4035,0,0.00,61.4594,1.0000
11719416.0,6696.861739,25430.708075,32127.569814,4036,0,0.00,61.4781,1.0000
11720025.0,6697.538406,25434.768075,32132.306481,4037,0,0.00,61.4906,1.0000
11720026.0,6697.539517,25434.774742,32132.314258,4038,0,0.00,61.5031,1.0000
11720034.0,6697.548406,25434.828075,32132.376481,4039,0,0.00,61.5156,1.0000
11720302.0,6697.846183,25436.614742,32134.460925,4040,0,0.00,61.5656,1.0000
11721219.0,6698.865072,25442.728075,32141.593147,4041,0,0.00,61.5781,1.0000
11722832.0,6700.657294,25453.481408,32154.138703,4042,0,0.00,61.5875,1.0000
11724207.0,6702.185072,25462.648075,32164.833147,4043,0,0.00,61.6000,1.0000
11725016.0,6703.083961,25468.041408,32171.125369,4044,0,0.00,61.6500,1.0000
11725414.0,6703.526183,25470.694742,32174.220925,4045,0,0.00,61.6672,1.0000
11725415.0,6703.527294,25470.701408,32174.228703,4046,0,0.00,61.6844,1.0000
11725452.0,6703.568406,25470.948075,32174.516481,4047,0,0.00,61.7016,1.0000
11725531.0,6703.656183,25471.474742,32175.130925,4048,0,0.00,61.7188,1.0000
11725570.0,6703.699517,25471.734742,32175.434258,4049,0,0.00,61.7359,1.0000
11725984.0,6704.159517,25474.494742,32178.654258,4050,0,0.00,61.7531,1.0000
11725984.0,6704.159517,25474.494742,32178.654258,4051,0,0.00,61.7703,1.0000
11726148.0,6704.341739,25475.588075,32179.929814,4052,0,0.00,61.7828,1.0000
11726418.0,6704.641739,25477.388075,32182.029814,4053,0,0.00,61.8000,1.0000
11726585.0,6704.827294,25478.501408,32183.328703,4054,0,0.00,61.9000,1.0000
11729572.0,6708.146183,25498.414742,32206.560925,4055,0,0.00,61.9063,1.0000
11729575.0,6708.149517,25498.434742,32206.584258,4056,0,0.00,61.9125,1.0000
11730157.0,6708.796183,25502.314742,32211.110925,4057,0,0.00,61.9219,1.0000
11731913.0,6710.747294,25514.021408,32224.768703,4058,0,0.00,61.9344,1.0000
11735193.0,6714.391739,25535.888075,32250.279814,4059,0,0.00,61.9438,1.0000
11735265.0,6714.471739,25536.368075,32250.839814,4060,0,0.00,61.9609,1.0000
11735337.0,6714.551739,25536.848075,32251.399814,4061,0,0.00,61.9781,1.0000
11735395.0,6714.616183,25537.234742,32251.850925,4062,0,0.00,61.9953,1.0000
11740986.0,6720.828406,25574.508075,32295.336481,4063,0,0.00,62.0203,1.0000
11741433.0,6721.325072,25577.488075,32298.813147,4064,0,0.00,62.0297,1.0000
11741502.0,6721.401739,25577.948075,32299.349814,4065,0,0.00,62.0547,1.0000
11741762.0,6721.690628,25579.681408,32301.372036,4066,0,0.00,62.0688,1.0000
11743150.0,6723.232850,25588.934742,32312.167592,4067,0,0.00,62.0859,1.0000
11743185.0,6723.271739,25589.168075,32312.439814,4068,0,0.00,62.1031,1.0000
11743185.0,6723.271739,25589.168075,32312.439814,4069,0,0.00,62.1203,1.0000
11743204.0,6723.292850,25589.294742,32312.587592,4070,0,0.00,62.1703,1.0000
11743225.0,6723.316183,25589.434742,32312.750925,4071,0,0.00,62.1875,1.0000
11743553.0,6723.680628,25591.621408,32315.302036,4072,0,0.00,62.2047,1.0000
11743779.0,6723.931739,25593.128075,32317.059814,4073,0,0.00,62.2547,1.0000
11743779.0,6723.931739,25593.128075,32317.059814,4074,0,0.00,62.3047,1.0000
11744696.0,6724.950628,25599.241408,32324.192036,4075,0,0.00,62.3219,1.0000
11744697.0,6724.951739,25599.248075,32324.199814,4076,0,0.00,62.3391,1.0000
11744736.0,6724.995072,25599.508075,32324.503147,4077,0,0.00,62.3563,1.0000
11745793.0,6726.169517,25606.554742,32332.724258,4078,0,0.00,62.3734,1.0000
11745793.0,6726.169517,25606.554742,32332.724258,4079,0,0.00,62.3906,1.0000
11748594.0,6729.281739,25625.228075,32354.509814,4080,0,0.00,62.4031,1.0000
11753681.0,6734.933961,25659.141408,32394.075369,4081,0,0.00,62.4203,1.0000
11753761.0,6735.022850,25659.674742,32394.697592,4082,0,0.00,62.4375,1.0000
11754553.0,6735.902850,25664.954742,32400.857592,4083,0,0.00,62.4547,1.0000
11755356.0,6736.795072,25670.308075,32407.103147,4084,0,0.00,62.4641,1.0000
11756531.0,6738.100628,25678.141408,32416.242036,4085,0,0.00,62.4813,1.0000
11756567.0,6738.140628,25678.381408,32416.522036,4086,0,0.00,62.4984,1.0000
11756568.0,6738.141739,25678.388075,32416.529814,4087,0,0.00,62.5156,1.0000
11756569.0,6738.142850,25678.394742,32416.537592,4088,0,0.00,62.5328,1.0000
11756569.0,6738.142850,25678.394742,32416.537592,4089,0,0.00,62.5500,1.0000
11756570.0,6738.143961,25678.401408,32416.545369,4090,0,0.00,62.5672,1.0000
11756604.0,6738.181739,25678.628075,32416.809814,4091,0,0.00,62.5844,1.0000
11756685.0,6738.271739,25679.168075,32417.439814,4092,0,0.00,62.6016,1.0000
11756733.0,6738.325072,25679.488075,32417.813147,4093,0,0.00,62.6203,1.0000
11761026.0,6743.095072,25708.108075,32451.203147,4094,0,0.00,62.6375,1.0000
11765800.0,6748.399517,25739.934742,32488.334258,4095,0,0.00,62.6500,1.0000
11767107.0,6749.851739,25748.648075,32498.499814,4096,0,0.00,62.7000,1.0000
11767677.0,6750.485072,25752.448075,32502.933147,4097,0,0.00,62.7500,1.0000
11771649.0,6754.898406,25778.928075,32533.826481,4098,0,0.00,62.7672,1.0000
11777194.0,6761.059517,25815.894742,32576.954258,4099,0,0.00,62.7766,1.0000
11777614.0,6761.526183,25818.694742,32580.220925,4100,0,0.00,62.7891,1.0000
11777808.0,6761.741739,25819.988075,32581.729814,4101,0,0.00,62.8016,1.0000
11781025.0,6765.316183,25841.434742,32606.750925,4102,0,0.00,62.8141,1.0000
11781153.0,6765.458406,25842.288075,32607.746481,4103,0,0.00,62.8328,1.0000
11781741.0,6766.111739,25846.208075,32612.319814,4104,0,0.00,62.8563,1.0000
11784348.0,6769.008406,25863.588075,32632.596481,4105,0,0.00,62.8797,1.0000
11785026.0,6769.761739,25868.108075,32637.869814,4106,0,0.00,62.8891,1.0000
11786358.0,6771.241739,25876.988075,32648.229814,4107,0,0.00,62.9016,1.0000
11789851.0,6775.122850,25900.274742,32675.397592,4108,0,0.00,62.9516,1.0000
11789852.0,6775.123961,25900.281408,32675.405369,4109,0,0.00,63.0016,1.0000
11790379.0,6775.709517,25903.794742,32679.504258,4110,0,0.00,63.0078,1.0000
11790434.0,6775.770628,25904.161408,32679.932036,4111,0,0.00,63.0578,1.0000
11798952.0,6785.235072,25960.948075,32746.183147,4112,0,0.00,63.0703,1.0000
11799216.0,6785.528406,25962.708075,32748.236481,4113,0,0.00,63.0891,1.0000
11806295.0,6793.393961,26009.901408,32803.295369,4114,0,0.00,63.1078,1.0000
11806438.0,6793.552850,26010.854742,32804.407592,4115,0,0.00,63.1203,1.0000
11806440.0,6793.555072,26010.868075,32804.423147,4116,0,0.00,63.1328,1.0000
11809453.0,6796.902850,26030.954742,32827.857592,4117,0,0.00,63.1391,1.0000
11809917.0,6797.418406,26034.048075,32831.466481,4118,0,0.00,63.1516,1.0000
11810345.0,6797.893961,26036.901408,32834.795369,4119,0,0.00,63.1688,1.0000
11810942.0,6798.557294,26040.881408,32839.438703,4120,0,0.00,63.1797,1.0000
11811468.0,6799.141739,26044.388075,32843.529814,4121,0,0.00,63.1969,1.0000
11811762.0,6799.468406,26046.348075,32845.816481,4122,0,0.00,63.2094,1.0000
11811816.0,6799.528406,26046.708075,32846.236481,4123,0,0.00,63.2281,1.0000
11812511.0,6800.300628,26051.341408,32851.642036,4124,0,0.00,63.2406,1.0000
11813094.0,6800.948406,26055.228075,32856.176481,4125,0,0.00,63.2578,1.0000
11813182.0,6801.046183,26055.814742,32856.860925,4126,0,0.00,63.3078,1.0000
11813382.0,6801.268406,26057.148075,32858.416481,4127,0,0.00,63.3203,1.0000
11814212.0,6802.190628,26062.681408,32864.872036,4128,0,0.00,63.3328,1.0000
11814247.0,6802.229517,26062.914742,32865.144258,4129,0,0.00,63.3500,1.0000
11814331.0,6802.322850,26063.474742,32865.797592,4130,0,0.00,63.4000,1.0000
11814336.0,6802.328406,26063.508075,32865.836481,4131,0,0.00,63.4188,1.0000
11814525.0,6802.538406,26064.768075,32867.306481,4132,0,0.00,63.4250,1.0000
11814525.0,6802.538406,26064.768075,32867.306481,4133,0,0.00,63.4313,1.0000
11814528.0,6802.541739,26064.788075,32867.329814,4134,0,0.00,63.4375,1.0000
11814531.0,6802.545072,26064.808075,32867.353147,4135,0,0.00,63.4547,1.0000
11814569.0,6802.587294,26065.061408,32867.648703,4136,0,0.00,63.4719,1.0000
11814597.0,6802.618406,26065.248075,32867.866481,4137,0,0.00,63.4891,1.0000
11814683.0,6802.713961,26065.821408,32868.535369,4138,0,0.00,63.4938,1.0000
11815057.0,6803.129517,26068.314742,32871.444258,4139,0,0.00,63.5063,1.0000
11815160.0,6803.243961,26069.001408,32872.245369,4140,0,0.00,63.5234,1.0000
11815527.0,6803.651739,26071.448075,32875.099814,4141,0,0.00,63.5422,1.0000
11815888.0,6804.052850,26073.854742,32877.907592,4142,0,0.00,63.5672,1.0000
11817488.0,6805.830628,26084.521408,32890.352036,4143,0,0.00,63.5844,1.0000
11817489.0,6805.831739,26084.528075,32890.359814,4144,0,0.00,63.6016,1.0000
11817493.0,6805.836183,26084.554742,32890.390925,4145,0,0.00,63.6188,1.0000
11817517.0,6805.862850,26084.714742,32890.577592,4146,0,0.00,63.6438,1.0000
11817565.0,6805.916183,26085.034742,32890.950925,4147,0,0.00,63.6484,1.0000
11817629.0,6805.987294,26085.461408,32891.448703,4148,0,0.00,63.6672,1.0000
11817630.0,6805.988406,26085.468075,32891.456481,4149,0,0.00,63.6844,1.0000
11817632.0,6805.990628,26085.481408,32891.472036,4150,0,0.00,63.7016,1.0000
11817664.0,6806.026183,26085.694742,32891.720925,4151,0,0.00,63.7203,1.0000
11817664.0,6806.026183,26085.694742,32891.720925,4152,0,0.00,63.7391,1.0000
11817727.0,6806.096183,26086.114742,32892.210925,4153,0,0.00,63.7563,1.0000
11817729.0,6806.098406,26086.128075,32892.226481,4154,0,0.00,63.7734,1.0000
11817789.0,6806.165072,26086.528075,32892.693147,4155,0,0.00,63.7906,1.0000
11817790.0,6806.166183,26086.534742,32892.700925,4156,0,0.00,63.8078,1.0000
11817854.0,6806.237294,26086.961408,32893.198703,4157,0,0.00,63.8250,1.0000
11818453.0,6806.902850,26090.954742,32897.857592,4158,0,0.00,63.8313,1.0000
11818455.0,6806.905072,26090.968075,32897.873147,4159,0,0.00,63.8359,1.0000
11818642.0,6807.112850,26092.214742,32899.327592,4160,0,0.00,63.8531,1.0000
11818644.0,6807.115072,26092.228075,32899.343147,4161,0,0.00,63.8703,1.0000
11818675.0,6807.149517,26092.434742,32899.584258,4162,0,0.00,63.8875,1.0000
11819385.0,6807.938406,26097.168075,32905.106481,4163,0,0.00,63.8922,1.0000
11819948.0,6808.563961,26100.921408,32909.485369,4164,0,0.00,63.8938,1.0000
11819979.0,6808.598406,26101.128075,32909.726481,4165,0,0.00,63.9125,1.0000
11820079.0,6808.709517,26101.794742,32910.504258,4166,0,0.00,63.9297,1.0000
11820096.0,6808.728406,26101.908075,32910.636481,4167,0,0.00,63.9484,1.0000
11820181.0,6808.822850,26102.474742,32911.297592,4168,0,0.00,63.9656,1.0000
11820238.0,6808.886183,26102.854742,32911.740925,4169,0,0.00,63.9828,1.0000
11820286.0,6808.939517,26103.174742,32912.114258,4170,0,0.00,64.0000,1.0000
11820326.0,6808.983961,26103.441408,32912.425369,4171,0,0.00,64.0047,1.0000
11820327.0,6808.985072,26103.448075,32912.433147,4172,0,0.00,64.0219,1.0000
11820382.0,6809.046183,26103.814742,32912.860925,4173,0,0.00,64.0391,1.0000
11820433.0,6809.102850,26104.154742,32913.257592,4174,0,0.00,64.0438,1.0000
11820743.0,6809.447294,26106.221408,32915.668703,4175,0,0.00,64.0563,1.0000
11821371.0,6810.145072,26110.408075,32920.553147,4176,0,0.00,64.0750,1.0000
11821457.0,6810.240628,26110.981408,32921.222036,4177,0,0.00,64.1031,1.0000
11821544.0,6810.337294,26111.561408,32921.898703,4178,0,0.00,64.1313,1.0000
11821598.0,6810.397294,26111.921408,32922.318703,4179,0,0.00,64.1359,1.0000
11822436.0,6811.328406,26117.508075,32928.836481,4180,0,0.00,64.1531,1.0000
11822682.0,6811.601739,26119.148075,32930.749814,4181,0,0.00,64.1703,1.0000
11823513.0,6812.525072,26124.688075,32937.213147,4182,0,0.00,64.1938,1.0000
11823937.0,6812.996183,26127.514742,32940.510925,4183,0,0.00,64.2125,1.0000
11826753.0,6816.125072,26146.288075,32962.413147,4184,0,0.00,64.2250,1.0000
11826864.0,6816.248406,26147.028075,32963.276481,4185,0,0.00,64.2375,1.0000
11826872.0,6816.257294,26147.081408,32963.338703,4186,0,0.00,64.2547,1.0000
11826901.0,6816.289517,26147.274742,32963.564258,4187,0,0.00,64.2688,1.0000
11826974.0,6816.370628,26147.761408,32964.132036,4188,0,0.00,64.2734,1.0000
11827690.0,6817.166183,26152.534742,32969.700925,4189,0,0.00,64.2969,1.0000
11828474.0,6818.037294,26157.761408,32975.798703,4190,0,0.00,64.3016,1.0000
11828590.0,6818.166183,26158.534742,32976.700925,4191,0,0.00,64.3188,1.0000
11828682.0,6818.268406,26159.148075,32977.416481,4192,0,0.00,64.3359,1.0000
11828684.0,6818.270628,26159.161408,32977.432036,4193,0,0.00,64.3531,1.0000
11828803.0,6818.402850,26159.954742,32978.357592,4194,0,0.00,64.3656,1.0000
11828869.0,6818.476183,26160.394742,32978.870925,4195,0,0.00,64.3703,1.0000
11828906.0,6818.517294,26160.641408,32979.158703,4196,0,0.00,64.3938,1.0000
11829087.0,6818.718406,26161.848075,32980.566481,4197,0,0.00,64.3984,1.0000
11829145.0,6818.782850,26162.234742,32981.017592,4198,0,0.00,64.4156,1.0000
11829849.0,6819.565072,26166.928075,32986.493147,4199,0,0.00,64.4203,1.0000
11829866.0,6819.583961,26167.041408,32986.625369,4200,0,0.00,64.4328,1.0000
11830306.0,6820.072850,26169.974742,32990.047592,4201,0,0.00,64.4453,1.0000
11830519.0,6820.309517,26171.394742,32991.704258,4202,0,0.00,64.4641,1.0000
11830763.0,6820.580628,26173.021408,32993.602036,4203,0,0.00,64.4781,1.0000
11830867.0,6820.696183,26173.714742,32994.410925,4204,0,0.00,64.4922,1.0000
11831607.0,6821.518406,26178.648075,33000.166481,4205,0,0.00,64.5063,1.0000
11831649.0,6821.565072,26178.928075,33000.493147,4206,0,0.00,64.5203,1.0000
11832538.0,6822.552850,26184.854742,33007.407592,4207,0,0.00,64.5344,1.0000
11832695.0,6822.727294,26185.901408,33008.628703,4208,0,0.00,64.5469,1.0000
11833215.0,6823.305072,26189.368075,33012.673147,4209,0,0.00,64.5641,1.0000
11833283.0,6823.380628,26189.821408,33013.202036,4210,0,0.00,64.5813,1.0000
11833455.0,6823.571739,26190.968075,33014.539814,4211,0,0.00,64.5984,1.0000
11833733.0,6823.880628,26192.821408,33016.702036,4212,0,0.00,64.6156,1.0000
11833907.0,6824.073961,26193.981408,33018.055369,4213,0,0.00,64.6328,1.0000
11834589.0,6824.831739,26198.528075,33023.359814,4214,0,0.00,64.6578,1.0000
11834608.0,6824.852850,26198.654742,33023.507592,4215,0,0.00,64.6750,1.0000
11835099.0,6825.398406,26201.928075,33027.326481,4216,0,0.00,64.6875,1.0000
11835156.0,6825.461739,26202.308075,33027.769814,4217,0,0.00,64.6969,1.0000
11835172.0,6825.479517,26202.414742,33027.894258,4218,0,0.00,64.7141,1.0000
11835308.0,6825.630628,26203.321408,33028.952036,4219,0,0.00,64.7391,1.0000
11835454.0,6825.792850,26204.294742,33030.087592,4220,0,0.00,64.7563,1.0000
11835560.0,6825.910628,26205.001408,33030.912036,4221,0,0.00,64.7609,1.0000
11835682.0,6826.046183,26205.814742,33031.860925,4222,0,0.00,64.7781,1.0000
11835689.0,6826.053961,26205.861408,33031.915369,4223,0,0.00,64.7953,1.0000
11835689.0,6826.053961,26205.861408,33031.915369,4224,0,0.00,64.8125,1.0000
11835731.0,6826.100628,26206.141408,33032.242036,4225,0,0.00,64.8297,1.0000
11835749.0,6826.120628,26206.261408,33032.382036,4226,0,0.00,64.8344,1.0000
11835770.0,6826.143961,26206.401408,33032.545369,4227,0,0.00,64.8516,1.0000
11835851.0,6826.233961,26206.941408,33033.175369,4228,0,0.00,64.8578,1.0000
11835985.0,6826.382850,26207.834742,33034.217592,4229,0,0.00,64.8750,1.0000
11836437.0,6826.885072,26210.848075,33037.733147,4230,0,0.00,64.8922,1.0000
11836505.0,6826.960628,26211.301408,33038.262036,4231,0,0.00,64.9422,1.0000
11836506.0,6826.961739,26211.308075,33038.269814,4232,0,0.00,64.9922,1.0000
11837081.0,6827.600628,26215.141408,33042.742036,4233,0,0.00,65.0422,1.0000
11837262.0,6827.801739,26216.348075,33044.149814,4234,0,0.00,65.0469,1.0000
11837656.0,6828.239517,26218.974742,33047.214258,4235,0,0.00,65.0969,1.0000
11837738.0,6828.330628,26219.521408,33047.852036,4236,0,0.00,65.1016,1.0000
11838043.0,6828.669517,26221.554742,33050.224258,4237,0,0.00,65.1188,1.0000
11838173.0,6828.813961,26222.421408,33051.235369,4238,0,0.00,65.1250,1.0000
11838246.0,6828.895072,26222.908075,33051.803147,4239,0,0.00,65.1313,1.0000
11838713.0,6829.413961,26226.021408,33055.435369,4240,0,0.00,65.1359,1.0000
11838844.0,6829.559517,26226.894742,33056.454258,4241,0,0.00,65.1578,1.0000
11839411.0,6830.189517,26230.674742,33060.864258,4242,0,0.00,65.1859,1.0000
11839585.0,6830.382850,26231.834742,33062.217592,4243,0,0.00,65.2031,1.0000
11839833.0,6830.658406,26233.488075,33064.146481,4244,0,0.00,65.2313,1.0000
11839837.0,6830.662850,26233.514742,33064.177592,4245,0,0.00,65.2484,1.0000
11839991.0,6830.833961,26234.541408,33065.375369,4246,0,0.00,65.2609,1.0000
11840018.0,6830.863961,26234.721408,33065.585369,4247,0,0.00,65.2656,1.0000
11840057.0,6830.907294,26234.981408,33065.888703,4248,0,0.00,65.2828,1.0000
11840187.0,6831.051739,26235.848075,33066.899814,4249,0,0.00,65.2891,1.0000
11840331.0,6831.211739,26236.808075,33068.019814,4250,0,0.00,65.2938,1.0000
11840331.0,6831.211739,26236.808075,33068.019814,4251,0,0.00,65.3109,1.0000
11840675.0,6831.593961,26239.101408,33070.695369,4252,0,0.00,65.3281,1.0000
11840956.0,6831.906183,26240.974742,33072.880925,4253,0,0.00,65.3453,1.0000
11840957.0,6831.907294,26240.981408,33072.888703,4254,0,0.00,65.3625,1.0000
11841027.0,6831.985072,26241.448075,33073.433147,4255,0,0.00,65.3797,1.0000
11841323.0,6832.313961,26243.421408,33075.735369,4256,0,0.00,65.3969,1.0000
11841324.0,6832.315072,26243.428075,33075.743147,4257,0,0.00,65.4141,1.0000
11841600.0,6832.621739,26245.268075,33077.889814,4258,0,0.00,65.4313,1.0000
11841601.0,6832.622850,26245.274742,33077.897592,4259,0,0.00,65.4484,1.0000
11841637.0,6832.662850,26245.514742,33078.177592,4260,0,0.00,65.4656,1.0000
11842456.0,6833.572850,26250.974742,33084.547592,4261,0,0.00,65.4828,1.0000
11842459.0,6833.576183,26250.994742,33084.570925,4262,0,0.00,65.5000,1.0000
11842495.0,6833.616183,26251.234742,33084.850925,4263,0,0.00,65.5172,1.0000
11843059.0,6834.242850,26254.994742,33089.237592,4264,0,0.00,65.5453,1.0000
11843104.0,6834.292850,26255.294742,33089.587592,4265,0,0.00,65.5734,1.0000
11843389.0,6834.609517,26257.194742,33091.804258,4266,0,0.00,65.5922,1.0000
11843509.0,6834.742850,26257.994742,33092.737592,4267,0,0.00,65.6094,1.0000
11843984.0,6835.270628,26261.161408,33096.432036,4268,0,0.00,65.6266,1.0000
11843987.0,6835.273961,26261.181408,33096.455369,4269,0,0.00,65.6438,1.0000
11845115.0,6836.527294,26268.701408,33105.228703,4270,0,0.00,65.6531,1.0000
11845665.0,6837.138406,26272.368075,33109.506481,4271,0,0.00,65.6594,1.0000
11846749.0,6838.342850,26279.594742,33117.937592,4272,0,0.00,65.6641,1.0000
11846917.0,6838.529517,26280.714742,33119.244258,4273,0,0.00,65.6688,1.0000
11846927.0,6838.540628,26280.781408,33119.322036,4274,0,0.00,65.6750,1.0000
11847410.0,6839.077294,26284.001408,33123.078703,4275,0,0.00,65.6922,1.0000
11847454.0,6839.126183,26284.294742,33123.420925,4276,0,0.00,65.7109,1.0000
11847638.0,6839.330628,26285.521408,33124.852036,4277,0,0.00,65.7234,1.0000
11847680.0,6839.377294,26285.801408,33125.178703,4278,0,0.00,65.7469,1.0000
11847733.0,6839.436183,26286.154742,33125.590925,4279,0,0.00,65.7594,1.0000
11847921.0,6839.645072,26287.408075,33127.053147,4280,0,0.00,65.7641,1.0000
11847923.0,6839.647294,26287.421408,33127.068703,4281,0,0.00,65.7688,1.0000
11847952.0,6839.679517,26287.614742,33127.294258,4282,0,0.00,65.7859,1.0000
11847954.0,6839.681739,26287.628075,33127.309814,4283,0,0.00,65.8031,1.0000
11848618.0,6840.419517,26292.054742,33132.474258,4284,0,0.00,65.8203,1.0000
11848623.0,6840.425072,26292.088075,33132.513147,4285,0,0.00,65.8375,1.0000
11848624.0,6840.426183,26292.094742,33132.520925,4286,0,0.00,65.8547,1.0000
11848625.0,6840.427294,26292.101408,33132.528703,4287,0,0.00,65.8719,1.0000
11848656.0,6840.461739,26292.308075,33132.769814,4288,0,0.00,65.8891,1.0000
11848659.0,6840.465072,26292.328075,33132.793147,4289,0,0.00,65.9063,1.0000
11848974.0,6840.815072,26294.428075,33135.243147,4290,0,0.00,65.9109,1.0000
11849937.0,6841.885072,26300.848075,33142.733147,4291,0,0.00,65.9281,1.0000
11849939.0,6841.887294,26300.861408,33142.748703,4292,0,0.00,65.9453,1.0000
11850000.0,6841.955072,26301.268075,33143.223147,4293,0,0.00,65.9625,1.0000
11850514.0,6842.526183,26304.694742,33147.220925,4294,0,0.00,65.9875,1.0000
11851030.0,6843.099517,26308.134742,33151.234258,4295,0,0.00,66.0047,1.0000
11851089.0,6843.165072,26308.528075,33151.693147,4296,0,0.00,66.0219,1.0000
11851176.0,6843.261739,26309.108075,33152.369814,4297,0,0.00,66.0406,1.0000
11852265.0,6844.471739,26316.368075,33160.839814,4298,0,0.00,66.0578,1.0000
11852367.0,6844.585072,26317.048075,33161.633147,4299,0,0.00,66.0828,1.0000
11852367.0,6844.585072,26317.048075,33161.633147,4300,0,0.00,66.1078,1.0000
11852367.0,6844.585072,26317.048075,33161.633147,4301,0,0.00,66.1328,1.0000
11853148.0,6845.452850,26322.254742,33167.707592,4302,0,0.00,66.1516,1.0000
11853154.0,6845.459517,26322.294742,33167.754258,4303,0,0.00,66.1703,1.0000
11853218.0,6845.530628,26322.721408,33168.252036,4304,0,0.00,66.1891,1.0000
11853330.0,6845.655072,26323.468075,33169.123147,4305,0,0.00,66.2063,1.0000
11853790.0,6846.166183,26326.534742,33172.700925,4306,0,0.00,66.3063,1.0000
11853962.0,6846.357294,26327.681408,33174.038703,4307,0,0.00,66.3234,1.0000
11855076.0,6847.595072,26335.108075,33182.703147,4308,0,0.00,66.4609,1.0000
11855311.0,6847.856183,26336.674742,33184.530925,4309,0,0.00,66.4734,1.0000
11855976.0,6848.595072,26341.108075,33189.703147,4310,0,0.00,66.4922,1.0000
11856142.0,6848.779517,26342.214742,33190.994258,4311,0,0.00,66.5094,1.0000
11856143.0,6848.780628,26342.221408,33191.002036,4312,0,0.00,66.5266,1.0000
11856145.0,6848.782850,26342.234742,33191.017592,4313,0,0.00,66.5313,1.0000
11856158.0,6848.797294,26342.321408,33191.118703,4314,0,0.00,66.5500,1.0000
11856170.0,6848.810628,26342.401408,33191.212036,4315,0,0.00,66.5672,1.0000
11856276.0,6848.928406,26343.108075,33192.036481,4316,0,0.00,66.5922,1.0000
11856340.0,6848.999517,26343.534742,33192.534258,4317,0,0.00,66.6109,1.0000
11857149.0,6849.898406,26348.928075,33198.826481,4318,0,0.00,66.6281,1.0000
11857207.0,6849.962850,26349.314742,33199.277592,4319,0,0.00,66.6453,1.0000
11857231.0,6849.989517,26349.474742,33199.464258,4320,0,0.00,66.6625,1.0000
11857383.0,6850.158406,26350.488075,33200.646481,4321,0,0.00,66.6797,1.0000
11857663.0,6850.469517,26352.354742,33202.824258,4322,0,0.00,66.6969,1.0000
11857852.0,6850.679517,26353.614742,33204.294258,4323,0,0.00,66.7016,1.0000
11858477.0,6851.373961,26357.781408,33209.155369,4324,0,0.00,66.7141,1.0000
11859873.0,6852.925072,26367.088075,33220.013147,4325,0,0.00,66.7313,1.0000
11860004.0,6853.070628,26367.961408,33221.032036,4326,0,0.00,66.7359,1.0000
11860314.0,6853.415072,26370.028075,33223.443147,4327,0,0.00,66.7859,1.0000
11860785.0,6853.938406,26373.168075,33227.106481,4328,0,0.00,66.8031,1.0000
11860887.0,6854.051739,26373.848075,33227.899814,4329,0,0.00,66.8531,1.0000
11861727.0,6854.985072,26379.448075,33234.433147,4330,0,0.00,66.8578,1.0000
11863756.0,6857.239517,26392.974742,33250.214258,4331,0,0.00,66.8813,1.0000
11864021.0,6857.533961,26394.741408,33252.275369,4332,0,0.00,66.8938,1.0000
11864027.0,6857.540628,26394.781408,33252.322036,4333,0,0.00,66.9063,1.0000
11864029.0,6857.542850,26394.794742,33252.337592,4334,0,0.00,66.9188,1.0000
11864495.0,6858.060628,26397.901408,33255.962036,4335,0,0.00,66.9375,1.0000
11866897.0,6860.729517,26413.914742,33274.644258,4336,0,0.00,66.9563,1.0000
11867516.0,6861.417294,26418.041408,33279.458703,4337,0,0.00,66.9734,1.0000
11867542.0,6861.446183,26418.214742,33279.660925,4338,0,0.00,66.9906,1.0000
11867568.0,6861.475072,26418.388075,33279.863147,4339,0,0.00,67.0078,1.0000
11867568.0,6861.475072,26418.388075,33279.863147,4340,0,0.00,67.0250,1.0000
11867568.0,6861.475072,26418.388075,33279.863147,4341,0,0.00,67.0422,1.0000
11868457.0,6862.462850,26424.314742,33286.777592,4342,0,0.00,67.0609,1.0000
11869033.0,6863.102850,26428.154742,33291.257592,4343,0,0.00,67.0672,1.0000
11869272.0,6863.368406,26429.748075,33293.116481,4344,0,0.00,67.0750,1.0000
11870187.0,6864.385072,26435.848075,33300.233147,4345,0,0.00,67.0797,1.0000
11872537.0,6866.996183,26451.514742,33318.510925,4346,0,0.00,67.0969,1.0000
11874250.0,6868.899517,26462.934742,33331.834258,4347,0,0.00,67.1031,1.0000
11874937.0,6869.662850,26467.514742,33337.177592,4348,0,0.00,67.1094,1.0000
11878032.0,6873.101739,26488.148075,33361.249814,4349,0,0.00,67.1156,1.0000
11882674.0,6878.259517,26519.094742,33397.354258,4350,0,0.00,67.1203,1.0000
11884039.0,6879.776183,26528.194742,33407.970925,4351,0,0.00,67.1703,1.0000
11884039.0,6879.776183,26528.194742,33407.970925,4352,0,0.00,67.2203,1.0000
11888075.0,6884.260628,26555.101408,33439.362036,4353,0,0.00,67.2250,1.0000
11888766.0,6885.028406,26559.708075,33444.736481,4354,0,0.00,67.2313,1.0000
11889815.0,6886.193961,26566.701408,33452.895369,4355,0,0.00,67.2375,1.0000
11889815.0,6886.193961,26566.701408,33452.895369,4356,0,0.00,67.2438,1.0000
11892119.0,6888.753961,26582.061408,33470.815369,4357,0,0.00,67.2500,1.0000
11892845.0,6889.560628,26586.901408,33476.462036,4358,0,0.00,67.2625,1.0000
11893941.0,6890.778406,26594.208075,33484.986481,4359,0,0.00,67.2672,1.0000
11894420.0,6891.310628,26597.401408,33488.712036,4360,0,0.00,67.2844,1.0000
11894543.0,6891.447294,26598.221408,33489.668703,4361,0,0.00,67.2891,1.0000
11896384.0,6893.492850,26610.494742,33503.987592,4362,0,0.00,67.3016,1.0000
11897695.0,6894.949517,26619.234742,33514.184258,4363,0,0.00,67.3063,1.0000
11897893.0,6895.169517,26620.554742,33515.724258,4364,0,0.00,67.3313,1.0000
11898242.0,6895.557294,26622.881408,33518.438703,4365,0,0.00,67.3484,1.0000
11898246.0,6895.561739,26622.908075,33518.469814,4366,0,0.00,67.3547,1.0000
11898490.0,6895.832850,26624.534742,33520.367592,4367,0,0.00,67.3672,1.0000
11899691.0,6897.167294,26632.541408,33529.708703,4368,0,0.00,67.3719,1.0000
11900666.0,6898.250628,26639.041408,33537.292036,4369,0,0.00,67.3891,1.0000
11901562.0,6899.246183,26645.014742,33544.260925,4370,0,0.00,67.3938,1.0000
11902717.0,6900.529517,26652.714742,33553.244258,4371,0,0.00,67.4063,1.0000
11902742.0,6900.557294,26652.881408,33553.438703,4372,0,0.00,67.4125,1.0000
11902849.0,6900.676183,26653.594742,33554.270925,4373,0,0.00,67.4250,1.0000
11903021.0,6900.867294,26654.741408,33555.608703,4374,0,0.00,67.4375,1.0000
11903040.0,6900.888406,26654.868075,33555.756481,4375,0,0.00,67.4438,1.0000
11903655.0,6901.571739,26658.968075,33560.539814,4376,0,0.00,67.4500,1.0000
11903885.0,6901.827294,26660.501408,33562.328703,4377,0,0.00,67.4672,1.0000
11904064.0,6902.026183,26661.694742,33563.720925,4378,0,0.00,67.4953,1.0000
11904721.0,6902.756183,26666.074742,33568.830925,4379,0,0.00,67.5125,1.0000
11904731.0,6902.767294,26666.141408,33568.908703,4380,0,0.00,67.5172,1.0000
11904769.0,6902.809517,26666.394742,33569.204258,4381,0,0.00,67.5219,1.0000
11904776.0,6902.817294,26666.441408,33569.258703,4382,0,0.00,67.5266,1.0000
11905093.0,6903.169517,26668.554742,33571.724258,4383,0,0.00,67.5313,1.0000
11905202.0,6903.290628,26669.281408,33572.572036,4384,0,0.00,67.5594,1.0000
11905324.0,6903.426183,26670.094742,33573.520925,4385,0,0.00,67.5656,1.0000
11905346.0,6903.450628,26670.241408,33573.692036,4386,0,0.00,67.5703,1.0000
11905484.0,6903.603961,26671.161408,33574.765369,4387,0,0.00,67.5875,1.0000
11905503.0,6903.625072,26671.288075,33574.913147,4388,0,0.00,67.5922,1.0000
11906357.0,6904.573961,26676.981408,33581.555369,4389,0,0.00,67.5969,1.0000
11906372.0,6904.590628,26677.081408,33581.672036,4390,0,0.00,67.6016,1.0000
11906529.0,6904.765072,26678.128075,33582.893147,4391,0,0.00,67.6063,1.0000
11906578.0,6904.819517,26678.454742,33583.274258,4392,0,0.00,67.6109,1.0000
11906648.0,6904.897294,26678.921408,33583.818703,4393,0,0.00,67.6172,1.0000
11906716.0,6904.972850,26679.374742,33584.347592,4394,0,0.00,67.6453,1.0000
11906719.0,6904.976183,26679.394742,33584.370925,4395,0,0.00,67.6641,1.0000
11906809.0,6905.076183,26679.994742,33585.070925,4396,0,0.00,67.6922,1.0000
11906844.0,6905.115072,26680.228075,33585.343147,4397,0,0.00,67.7109,1.0000
11906854.0,6905.126183,26680.294742,33585.420925,4398,0,0.00,67.7172,1.0000
11907151.0,6905.456183,26682.274742,33587.730925,4399,0,0.00,67.7344,1.0000
11907156.0,6905.461739,26682.308075,33587.769814,4400,0,0.00,67.7516,1.0000
11907161.0,6905.467294,26682.341408,33587.808703,4401,0,0.00,67.7563,1.0000
11907181.0,6905.489517,26682.474742,33587.964258,4402,0,0.00,67.7688,1.0000
11907199.0,6905.509517,26682.594742,33588.104258,4403,0,0.00,67.7859,1.0000
11907206.0,6905.517294,26682.641408,33588.158703,4404,0,0.00,67.7906,1.0000
11907219.0,6905.531739,26682.728075,33588.259814,4405,0,0.00,67.7953,1.0000
11907260.0,6905.577294,26683.001408,33588.578703,4406,0,0.00,67.8000,1.0000
11907359.0,6905.687294,26683.661408,33589.348703,4407,0,0.00,67.8172,1.0000
11907577.0,6905.929517,26685.114742,33591.044258,4408,0,0.00,67.8344,1.0000
11907760.0,6906.132850,26686.334742,33592.467592,4409,0,0.00,67.8438,1.0000
11907942.0,6906.335072,26687.548075,33593.883147,4410,0,0.00,67.8938,1.0000
11908647.0,6907.118406,26692.248075,33599.366481,4411,0,0.00,67.9438,1.0000
11908647.0,6907.118406,26692.248075,33599.366481,4412,0,0.00,67.9938,1.0000
11909278.0,6907.819517,26696.454742,33604.274258,4413,0,0.00,67.9984,1.0000
11909435.0,6907.993961,26697.501408,33605.495369,4414,0,0.00,68.0078,1.0000
11909898.0,6908.508406,26700.588075,33609.096481,4415,0,0.00,68.0250,1.0000
11910028.0,6908.652850,26701.454742,33610.107592,4416,0,0.00,68.0422,1.0000
11910031.0,6908.656183,26701.474742,33610.130925,4417,0,0.00,68.0594,1.0000
11910667.0,6909.362850,26705.714742,33615.077592,4418,0,0.00,68.0656,1.0000
11910750.0,6909.455072,26706.268075,33615.723147,4419,0,0.00,68.0875,1.0000
11911103.0,6909.847294,26708.621408,33618.468703,4420,0,0.00,68.1109,1.0000
11911186.0,6909.939517,26709.174742,33619.114258,4421,0,0.00,68.1281,1.0000
11911186.0,6909.939517,26709.174742,33619.114258,4422,0,0.00,68.1453,1.0000
11911261.0,6910.022850,26709.674742,33619.697592,4423,0,0.00,68.1625,1.0000
11912665.0,6911.582850,26719.034742,33630.617592,4424,0,0.00,68.1797,1.0000
11912758.0,6911.686183,26719.654742,33631.340925,4425,0,0.00,68.1969,1.0000
11913177.0,6912.151739,26722.448075,33634.599814,4426,0,0.00,68.2141,1.0000
11913464.0,6912.470628,26724.361408,33636.832036,4427,0,0.00,68.2359,1.0000
11913558.0,6912.575072,26724.988075,33637.563147,4428,0,0.00,68.2578,1.0000
11913583.0,6912.602850,26725.154742,33637.757592,4429,0,0.00,68.2703,1.0000
11913779.0,6912.820628,26726.461408,33639.282036,4430,0,0.00,68.2828,1.0000
11913838.0,6912.886183,26726.854742,33639.740925,4431,0,0.00,68.3078,1.0000
11914032.0,6913.101739,26728.148075,33641.249814,4432,0,0.00,68.3250,1.0000
11914328.0,6913.430628,26730.121408,33643.552036,4433,0,0.00,68.3422,1.0000
11914356.0,6913.461739,26730.308075,33643.769814,4434,0,0.00,68.3469,1.0000
11914361.0,6913.467294,26730.341408,33643.808703,4435,0,0.00,68.3641,1.0000
11914881.0,6914.045072,26733.808075,33647.853147,4436,0,0.00,68.3688,1.0000
11915052.0,6914.235072,26734.948075,33649.183147,4437,0,0.00,68.3859,1.0000
11915459.0,6914.687294,26737.661408,33652.348703,4438,0,0.00,68.3922,1.0000
11916181.0,6915.489517,26742.474742,33657.964258,4439,0,0.00,68.4094,1.0000
11916640.0,6915.999517,26745.534742,33661.534258,4440,0,0.00,68.4266,1.0000
11916641.0,6916.000628,26745.541408,33661.542036,4441,0,0.00,68.4438,1.0000
11917579.0,6917.042850,26751.794742,33668.837592,4442,0,0.00,68.4609,1.0000
11917753.0,6917.236183,26752.954742,33670.190925,4443,0,0.00,68.4797,1.0000
11918210.0,6917.743961,26756.001408,33673.745369,4444,0,0.00,68.4969,1.0000
11918377.0,6917.929517,26757.114742,33675.044258,4445,0,0.00,68.5141,1.0000
11919723.0,6919.425072,26766.088075,33685.513147,4446,0,0.00,68.5266,1.0000
11920139.0,6919.887294,26768.861408,33688.748703,4447,0,0.00,68.5438,1.0000
11920190.0,6919.943961,26769.201408,33689.145369,4448,0,0.00,68.5656,1.0000
11920288.0,6920.052850,26769.854742,33689.907592,4449,0,0.00,68.5828,1.0000
11920397.0,6920.173961,26770.581408,33690.755369,4450,0,0.00,68.6000,1.0000
11920878.0,6920.708406,26773.788075,33694.496481,4451,0,0.00,68.6281,1.0000
11921015.0,6920.860628,26774.701408,33695.562036,4452,0,0.00,68.6453,1.0000
11921106.0,6920.961739,26775.308075,33696.269814,4453,0,0.00,68.6625,1.0000
11921473.0,6921.369517,26777.754742,33699.124258,4454,0,0.00,68.6688,1.0000
11921845.0,6921.782850,26780.234742,33702.017592,4455,0,0.00,68.6734,1.0000
11922047.0,6922.007294,26781.581408,33703.588703,4456,0,0.00,68.6984,1.0000
11922578.0,6922.597294,26785.121408,33707.718703,4457,0,0.00,68.7047,1.0000
11923023.0,6923.091739,26788.088075,33711.179814,4458,0,0.00,68.7109,1.0000
11923169.0,6923.253961,26789.061408,33712.315369,4459,0,0.00,68.7281,1.0000
11923586.0,6923.717294,26791.841408,33715.558703,4460,0,0.00,68.7516,1.0000
11924519.0,6924.753961,26798.061408,33722.815369,4461,0,0.00,68.7641,1.0000
11925554.0,6925.903961,26804.961408,33730.865369,4462,0,0.00,68.7813,1.0000
11925606.0,6925.961739,26805.308075,33731.269814,4463,0,0.00,68.7984,1.0000
11925636.0,6925.995072,26805.508075,33731.503147,4464,0,0.00,68.9359,1.0000
11925653.0,6926.013961,26805.621408,33731.635369,4465,0,0.00,68.9531,1.0000
11925774.0,6926.148406,26806.428075,33732.576481,4466,0,0.00,68.9578,1.0000
11925775.0,6926.149517,26806.434742,33732.584258,4467,0,0.00,68.9750,1.0000
11926464.0,6926.915072,26811.028075,33737.943147,4468,0,0.00,68.9813,1.0000
11926548.0,6927.008406,26811.588075,33738.596481,4469,0,0.00,68.9984,1.0000
11926580.0,6927.043961,26811.801408,33738.845369,4470,0,0.00,69.0047,1.0000
11926951.0,6927.456183,26814.274742,33741.730925,4471,0,0.00,69.0094,1.0000
11927040.0,6927.555072,26814.868075,33742.423147,4472,0,0.00,69.0328,1.0000
11928211.0,6928.856183,26822.674742,33751.530925,4473,0,0.00,69.0500,1.0000
11928527.0,6929.207294,26824.781408,33753.988703,4474,0,0.00,69.0516,1.0000
11928610.0,6929.299517,26825.334742,33754.634258,4475,0,0.00,69.0688,1.0000
11928743.0,6929.447294,26826.221408,33755.668703,4476,0,0.00,69.0859,1.0000
11928792.0,6929.501739,26826.548075,33756.049814,4477,0,0.00,69.1031,1.0000
11928793.0,6929.502850,26826.554742,33756.057592,4478,0,0.00,69.1078,1.0000
11928802.0,6929.512850,26826.614742,33756.127592,4479,0,0.00,69.1125,1.0000
11930080.0,6930.932850,26835.134742,33766.067592,4480,0,0.00,69.1313,1.0000
11930130.0,6930.988406,26835.468075,33766.456481,4481,0,0.00,69.1484,1.0000
11930472.0,6931.368406,26837.748075,33769.116481,4482,0,0.00,69.1656,1.0000
11930517.0,6931.418406,26838.048075,33769.466481,4483,0,0.00,69.1828,1.0000
11930571.0,6931.478406,26838.408075,33769.886481,4484,0,0.00,69.2000,1.0000
11931262.0,6932.246183,26843.014742,33775.260925,4485,0,0.00,69.2500,1.0000
11931262.0,6932.246183,26843.014742,33775.260925,4486,0,0.00,69.3000,1.0000
11931412.0,6932.412850,26844.014742,33776.427592,4487,0,0.00,69.3172,1.0000
11931730.0,6932.766183,26846.134742,33778.900925,4488,0,0.00,69.3297,1.0000
11932199.0,6933.287294,26849.261408,33782.548703,4489,0,0.00,69.3797,1.0000
11932200.0,6933.288406,26849.268075,33782.556481,4490,0,0.00,69.4297,1.0000
11932418.0,6933.530628,26850.721408,33784.252036,4491,0,0.00,69.4422,1.0000
11933176.0,6934.372850,26855.774742,33790.147592,4492,0,0.00,69.4594,1.0000
11933564.0,6934.803961,26858.361408,33793.165369,4493,0,0.00,69.4609,1.0000
11933936.0,6935.217294,26860.841408,33796.058703,4494,0,0.00,69.4797,1.0000
11934144.0,6935.448406,26862.228075,33797.676481,4495,0,0.00,69.4984,1.0000
11934194.0,6935.503961,26862.561408,33798.065369,4496,0,0.00,69.5266,1.0000
11934334.0,6935.659517,26863.494742,33799.154258,4497,0,0.00,69.5438,1.0000
11934397.0,6935.729517,26863.914742,33799.644258,4498,0,0.00,69.5609,1.0000
11934513.0,6935.858406,26864.688075,33800.546481,4499,0,0.00,69.5656,1.0000
11934607.0,6935.962850,26865.314742,33801.277592,4500,0,0.00,69.5781,1.0000
11935364.0,6936.803961,26870.361408,33807.165369,4501,0,0.00,69.5797,1.0000
11935530.0,6936.988406,26871.468075,33808.456481,4502,0,0.00,69.5969,1.0000
11935673.0,6937.147294,26872.421408,33809.568703,4503,0,0.00,69.6250,1.0000
11935768.0,6937.252850,26873.054742,33810.307592,4504,0,0.00,69.6531,1.0000
11936423.0,6937.980628,26877.421408,33815.402036,4505,0,0.00,69.6703,1.0000
11936457.0,6938.018406,26877.648075,33815.666481,4506,0,0.00,69.6891,1.0000
11936563.0,6938.136183,26878.354742,33816.490925,4507,0,0.00,69.7063,1.0000
11936661.0,6938.245072,26879.008075,33817.253147,4508,0,0.00,69.7234,1.0000
11936716.0,6938.306183,26879.374742,33817.680925,4509,0,0.00,69.7406,1.0000
11936811.0,6938.411739,26880.008075,33818.419814,4510,0,0.00,69.7578,1.0000
11937019.0,6938.642850,26881.394742,33820.037592,4511,0,0.00,69.7859,1.0000
11937392.0,6939.057294,26883.881408,33822.938703,4512,0,0.00,69.8047,1.0000
11937972.0,6939.701739,26887.748075,33827.449814,4513,0,0.00,69.8266,1.0000
11938064.0,6939.803961,26888.361408,33828.165369,4514,0,0.00,69.8453,1.0000
11938752.0,6940.568406,26892.948075,33833.516481,4515,0,0.00,69.8625,1.0000
11938796.0,6940.617294,26893.241408,33833.858703,4516,0,0.00,69.8797,1.0000
11938838.0,6940.663961,26893.521408,33834.185369,4517,0,0.00,69.8969,1.0000
11939383.0,6941.269517,26897.154742,33838.424258,4518,0,0.00,69.9016,1.0000
11939384.0,6941.270628,26897.161408,33838.432036,4519,0,0.00,69.9188,1.0000
11939805.0,6941.738406,26899.968075,33841.706481,4520,0,0.00,69.9313,1.0000
11942641.0,6944.889517,26918.874742,33863.764258,4521,0,0.00,69.9484,1.0000
11942699.0,6944.953961,26919.261408,33864.215369,4522,0,0.00,69.9656,1.0000
11942700.0,6944.955072,26919.268075,33864.223147,4523,0,0.00,69.9828,1.0000
11946279.0,6948.931739,26943.128075,33892.059814,4524,0,0.00,69.9953,1.0000
11946455.0,6949.127294,26944.301408,33893.428703,4525,0,0.00,70.0141,1.0000
11946988.0,6949.719517,26947.854742,33897.574258,4526,0,0.00,70.0203,1.0000
11947213.0,6949.969517,26949.354742,33899.324258,4527,0,0.00,70.0375,1.0000
11949334.0,6952.326183,26963.494742,33915.820925,4528,0,0.00,70.0547,1.0000
11949489.0,6952.498406,26964.528075,33917.026481,4529,0,0.00,70.0719,1.0000
11949519.0,6952.531739,26964.728075,33917.259814,4530,0,0.00,70.0906,1.0000
11949690.0,6952.721739,26965.868075,33918.589814,4531,0,0.00,70.0969,1.0000
11950463.0,6953.580628,26971.021408,33924.602036,4532,0,0.00,70.1094,1.0000
11950469.0,6953.587294,26971.061408,33924.648703,4533,0,0.00,70.1219,1.0000
11950649.0,6953.787294,26972.261408,33926.048703,4534,0,0.00,70.1266,1.0000
11950739.0,6953.887294,26972.861408,33926.748703,4535,0,0.00,70.1438,1.0000
11950804.0,6953.959517,26973.294742,33927.254258,4536,0,0.00,70.1563,1.0000
11951613.0,6954.858406,26978.688075,33933.546481,4537,0,0.00,70.1609,1.0000
11951902.0,6955.179517,26980.614742,33935.794258,4538,0,0.00,70.1781,1.0000
11953181.0,6956.600628,26989.141408,33945.742036,4539,0,0.00,70.1953,1.0000
11953360.0,6956.799517,26990.334742,33947.134258,4540,0,0.00,70.2078,1.0000
11955433.0,6959.102850,27004.154742,33963.257592,4541,0,0.00,70.2578,1.0000
11955434.0,6959.103961,27004.161408,33963.265369,4542,0,0.00,70.3078,1.0000
11957093.0,6960.947294,27015.221408,33976.168703,4543,0,0.00,70.3578,1.0000
11959393.0,6963.502850,27030.554742,33994.057592,4544,0,0.00,70.3672,1.0000
11962955.0,6967.460628,27054.301408,34021.762036,4545,0,0.00,70.3797,1.0000
11964340.0,6968.999517,27063.534742,34032.534258,4546,0,0.00,70.4047,1.0000
11964879.0,6969.598406,27067.128075,34036.726481,4547,0,0.00,70.4172,1.0000
11965055.0,6969.793961,27068.301408,34038.095369,4548,0,0.00,70.4266,1.0000
11971714.0,6977.192850,27112.694742,34089.887592,4549,0,0.00,70.4516,1.0000
11977991.0,6984.167294,27154.541408,34138.708703,4550,0,0.00,70.4750,1.0000
11979239.0,6985.553961,27162.861408,34148.415369,4551,0,0.00,70.4875,1.0000
11979258.0,6985.575072,27162.988075,34148.563147,4552,0,0.00,70.5000,1.0000
11979677.0,6986.040628,27165.781408,34151.822036,4553,0,0.00,70.5063,1.0000
11979976.0,6986.372850,27167.774742,34154.147592,4554,0,0.00,70.5563,1.0000
11979977.0,6986.373961,27167.781408,34154.155369,4555,0,0.00,70.6063,1.0000
11980535.0,6986.993961,27171.501408,34158.495369,4556,0,0.00,70.6156,1.0000
11980552.0,6987.012850,27171.614742,34158.627592,4557,0,0.00,70.6656,1.0000
11981652.0,6988.235072,27178.948075,34167.183147,4558,0,0.00,70.6828,1.0000
11981661.0,6988.245072,27179.008075,34167.253147,4559,0,0.00,70.6891,1.0000
11982472.0,6989.146183,27184.414742,34173.560925,4560,0,0.00,70.6953,1.0000
11982474.0,6989.148406,27184.428075,34173.576481,4561,0,0.00,70.7016,1.0000
11982620.0,6989.310628,27185.401408,34174.712036,4562,0,0.00,70.7141,1.0000
11983002.0,6989.735072,27187.948075,34177.683147,4563,0,0.00,70.7313,1.0000
11983025.0,6989.760628,27188.101408,34177.862036,4564,0,0.00,70.7484,1.0000
11983287.0,6990.051739,27189.848075,34179.899814,4565,0,0.00,70.7609,1.0000
11984343.0,6991.225072,27196.888075,34188.113147,4566,0,0.00,70.7781,1.0000
11984376.0,6991.261739,27197.108075,34188.369814,4567,0,0.00,70.7953,1.0000
11984455.0,6991.349517,27197.634742,34188.984258,4568,0,0.00,70.8125,1.0000
11984498.0,6991.397294,27197.921408,34189.318703,4569,0,0.00,70.8297,1.0000
11984555.0,6991.460628,27198.301408,34189.762036,4570,0,0.00,70.8469,1.0000
11985241.0,6992.222850,27202.874742,34195.097592,4571,0,0.00,70.8531,1.0000
11986187.0,6993.273961,27209.181408,34202.455369,4572,0,0.00,70.8656,1.0000
11986558.0,6993.686183,27211.654742,34205.340925,4573,0,0.00,70.8797,1.0000
11986916.0,6994.083961,27214.041408,34208.125369,4574,0,0.00,70.9078,1.0000
11987116.0,6994.306183,27215.374742,34209.680925,4575,0,0.00,70.9250,1.0000
11987505.0,6994.738406,27217.968075,34212.706481,4576,0,0.00,70.9422,1.0000
11987556.0,6994.795072,27218.308075,34213.103147,4577,0,0.00,70.9484,1.0000
11987584.0,6994.826183,27218.494742,34213.320925,4578,0,0.00,70.9547,1.0000
11987613.0,6994.858406,27218.688075,34213.546481,4579,0,0.00,70.9719,1.0000
11987650.0,6994.899517,27218.934742,34213.834258,4580,0,0.00,70.9891,1.0000
11987742.0,6995.001739,27219.548075,34214.549814,4581,0,0.00,71.0063,1.0000
11987836.0,6995.106183,27220.174742,34215.280925,4582,0,0.00,71.0234,1.0000
11989417.0,6996.862850,27230.714742,34227.577592,4583,0,0.00,71.1609,1.0000
11989866.0,6997.361739,27233.708075,34231.069814,4584,0,0.00,71.1891,1.0000
11989920.0,6997.421739,27234.068075,34231.489814,4585,0,0.00,71.2172,1.0000
11990290.0,6997.832850,27236.534742,34234.367592,4586,0,0.00,71.2359,1.0000
11990296.0,6997.839517,27236.574742,34234.414258,4587,0,0.00,71.2578,1.0000
11990406.0,6997.961739,27237.308075,34235.269814,4588,0,0.00,71.2750,1.0000
11990681.0,6998.267294,27239.141408,34237.408703,4589,0,0.00,71.2938,1.0000
11990797.0,6998.396183,27239.914742,34238.310925,4590,0,0.00,71.3188,1.0000
11991997.0,6999.729517,27247.914742,34247.644258,4591,0,0.00,71.3250,1.0000
11992122.0,6999.868406,27248.748075,34248.616481,4592,0,0.00,71.3422,1.0000
11992126.0,6999.872850,27248.774742,34248.647592,4593,0,0.00,71.3594,1.0000
11992210.0,6999.966183,27249.334742,34249.300925,4594,0,0.00,71.3656,1.0000
11992226.0,6999.983961,27249.441408,34249.425369,4595,0,0.00,71.3781,1.0000
11992394.0,7000.170628,27250.561408,34250.732036,4596,0,0.00,71.3828,1.0000
11992397.0,7000.173961,27250.581408,34250.755369,4597,0,0.00,71.3953,1.0000
11992619.0,7000.420628,27252.061408,34252.482036,4598,0,0.00,71.4125,1.0000
11992625.0,7000.427294,27252.101408,34252.528703,4599,0,0.00,71.4297,1.0000
11993199.0,7001.065072,27255.928075,34256.993147,4600,0,0.00,71.4484,1.0000
11993551.0,7001.456183,27258.274742,34259.730925,4601,0,0.00,71.4656,1.0000
11994319.0,7002.309517,27263.394742,34265.704258,4602,0,0.00,71.4828,1.0000
11994419.0,7002.420628,27264.061408,34266.482036,4603,0,0.00,71.5000,1.0000
11994451.0,7002.456183,27264.274742,34266.730925,4604,0,0.00,71.5172,1.0000
11994478.0,7002.486183,27264.454742,34266.940925,4605,0,0.00,71.5266,1.0000
11994843.0,7002.891739,27266.888075,34269.779814,4606,0,0.00,71.5438,1.0000
11995067.0,7003.140628,27268.381408,34271.522036,4607,0,0.00,71.5578,1.0000
11995425.0,7003.538406,27270.768075,34274.306481,4608,0,0.00,71.5641,1.0000
11996641.0,7004.889517,27278.874742,34283.764258,4609,0,0.00,71.5813,1.0000
11996775.0,7005.038406,27279.768075,34284.806481,4610,0,0.00,71.5984,1.0000
11996978.0,7005.263961,27281.121408,34286.385369,4611,0,0.00,71.6156,1.0000
11997128.0,7005.430628,27282.121408,34287.552036,4612,0,0.00,71.6328,1.0000
11997214.0,7005.526183,27282.694742,34288.220925,4613,0,0.00,71.6500,1.0000
11997328.0,7005.652850,27283.454742,34289.107592,4614,0,0.00,71.6516,1.0000
11997635.0,7005.993961,27285.501408,34291.495369,4615,0,0.00,71.6688,1.0000
11998943.0,7007.447294,27294.221408,34301.668703,4616,0,0.00,71.6969,1.0000
11999071.0,7007.589517,27295.074742,34302.664258,4617,0,0.00,71.7141,1.0000
11999101.0,7007.622850,27295.274742,34302.897592,4618,0,0.00,71.7313,1.0000
11999620.0,7008.199517,27298.734742,34306.934258,4619,0,0.00,71.7563,1.0000
12000287.0,7008.940628,27303.181408,34312.122036,4620,0,0.00,71.7844,1.0000
12000332.0,7008.990628,27303.481408,34312.472036,4621,0,0.00,71.8031,1.0000
12000385.0,7009.049517,27303.834742,34312.884258,4622,0,0.00,71.8203,1.0000
12000510.0,7009.188406,27304.668075,34313.856481,4623,0,0.00,71.8375,1.0000
12000511.0,7009.189517,27304.674742,34313.864258,4624,0,0.00,71.8547,1.0000
12000541.0,7009.222850,27304.874742,34314.097592,4625,0,0.00,71.8672,1.0000
12000600.0,7009.288406,27305.268075,34314.556481,4626,0,0.00,71.8844,1.0000
12001087.0,7009.829517,27308.514742,34318.344258,4627,0,0.00,71.9125,1.0000
12001136.0,7009.883961,27308.841408,34318.725369,4628,0,0.00,71.9297,1.0000
12001169.0,7009.920628,27309.061408,34318.982036,4629,0,0.00,71.9531,1.0000
12001774.0,7010.592850,27313.094742,34323.687592,4630,0,0.00,71.9703,1.0000
12001841.0,7010.667294,27313.541408,34324.208703,4631,0,0.00,71.9875,1.0000
12001925.0,7010.760628,27314.101408,34324.862036,4632,0,0.00,72.0047,1.0000
12001951.0,7010.789517,27314.274742,34325.064258,4633,0,0.00,72.0219,1.0000
12001952.0,7010.790628,27314.281408,34325.072036,4634,0,0.00,72.0391,1.0000
12001953.0,7010.791739,27314.288075,34325.079814,4635,0,0.00,72.0563,1.0000
12003298.0,7012.286183,27323.254742,34335.540925,4636,0,0.00,72.1063,1.0000
12003373.0,7012.369517,27323.754742,34336.124258,4637,0,0.00,72.1188,1.0000
12004681.0,7013.822850,27332.474742,34346.297592,4638,0,0.00,72.1375,1.0000
12005315.0,7014.527294,27336.701408,34351.228703,4639,0,0.00,72.1469,1.0000
12005370.0,7014.588406,27337.068075,34351.656481,4640,0,0.00,72.1594,1.0000
12005372.0,7014.590628,27337.081408,34351.672036,4641,0,0.00,72.1719,1.0000
12005676.0,7014.928406,27339.108075,34354.036481,4642,0,0.00,72.1906,1.0000
12005711.0,7014.967294,27339.341408,34354.308703,4643,0,0.00,72.2094,1.0000
12005738.0,7014.997294,27339.521408,34354.518703,4644,0,0.00,72.2281,1.0000
12005738.0,7014.997294,27339.521408,34354.518703,4645,0,0.00,72.2453,1.0000
12005820.0,7015.088406,27340.068075,34355.156481,4646,0,0.00,72.2578,1.0000
12006128.0,7015.430628,27342.121408,34357.552036,4647,0,0.00,72.2750,1.0000
12006175.0,7015.482850,27342.434742,34357.917592,4648,0,0.00,72.2813,1.0000
12006340.0,7015.666183,27343.534742,34359.200925,4649,0,0.00,72.3000,1.0000
12006624.0,7015.981739,27345.428075,34361.409814,4650,0,0.00,72.3125,1.0000
12007860.0,7017.355072,27353.668075,34371.023147,4651,0,0.00,72.3297,1.0000
12007895.0,7017.393961,27353.901408,34371.295369,4652,0,0.00,72.3391,1.0000
12008826.0,7018.428406,27360.108075,34378.536481,4653,0,0.00,72.3453,1.0000
12008853.0,7018.458406,27360.288075,34378.746481,4654,0,0.00,72.3547,1.0000
12008909.0,7018.520628,27360.661408,34379.182036,4655,0,0.00,72.3609,1.0000
12009117.0,7018.751739,27362.048075,34380.799814,4656,0,0.00,72.3781,1.0000
12009283.0,7018.936183,27363.154742,34382.090925,4657,0,0.00,72.3953,1.0000
12009955.0,7019.682850,27367.634742,34387.317592,4658,0,0.00,72.4125,1.0000
12010293.0,7020.058406,27369.888075,34389.946481,4659,0,0.00,72.4250,1.0000
12010439.0,7020.220628,27370.861408,34391.082036,4660,0,0.00,72.4297,1.0000
12010441.0,7020.222850,27370.874742,34391.097592,4661,0,0.00,72.4344,1.0000
12010694.0,7020.503961,27372.561408,34393.065369,4662,0,0.00,72.4516,1.0000
12010740.0,7020.555072,27372.868075,34393.423147,4663,0,0.00,72.4563,1.0000
12010802.0,7020.623961,27373.281408,34393.905369,4664,0,0.00,72.4609,1.0000
12010906.0,7020.739517,27373.974742,34394.714258,4665,0,0.00,72.4656,1.0000
12011032.0,7020.879517,27374.814742,34395.694258,4666,0,0.00,72.4703,1.0000
12011501.0,7021.400628,27377.941408,34399.342036,4667,0,0.00,72.4750,1.0000
12011514.0,7021.415072,27378.028075,34399.443147,4668,0,0.00,72.4813,1.0000
12011591.0,7021.500628,27378.541408,34400.042036,4669,0,0.00,72.4859,1.0000
12011592.0,7021.501739,27378.548075,34400.049814,4670,0,0.00,72.5031,1.0000
12011675.0,7021.593961,27379.101408,34400.695369,4671,0,0.00,72.5219,1.0000
12011768.0,7021.697294,27379.721408,34401.418703,4672,0,0.00,72.5500,1.0000
12011810.0,7021.743961,27380.001408,34401.745369,4673,0,0.00,72.5781,1.0000
12011854.0,7021.792850,27380.294742,34402.087592,4674,0,0.00,72.5828,1.0000
12011922.0,7021.868406,27380.748075,34402.616481,4675,0,0.00,72.6109,1.0000
12012178.0,7022.152850,27382.454742,34404.607592,4676,0,0.00,72.6281,1.0000
12012218.0,7022.197294,27382.721408,34404.918703,4677,0,0.00,72.6453,1.0000
12012253.0,7022.236183,27382.954742,34405.190925,4678,0,0.00,72.6625,1.0000
12012507.0,7022.518406,27384.648075,34407.166481,4679,0,0.00,72.6672,1.0000
12012666.0,7022.695072,27385.708075,34408.403147,4680,0,0.00,72.6719,1.0000
12013240.0,7023.332850,27389.534742,34412.867592,4681,0,0.00,72.6766,1.0000
12013462.0,7023.579517,27391.014742,34414.594258,4682,0,0.00,72.6938,1.0000
12013489.0,7023.609517,27391.194742,34414.804258,4683,0,0.00,72.7109,1.0000
12013497.0,7023.618406,27391.248075,34414.866481,4684,0,0.00,72.7281,1.0000
12014219.0,7024.420628,27396.061408,34420.482036,4685,0,0.00,72.7500,1.0000
12014272.0,7024.479517,27396.414742,34420.894258,4686,0,0.00,72.7547,1.0000
12014383.0,7024.602850,27397.154742,34421.757592,4687,0,0.00,72.7594,1.0000
12014525.0,7024.760628,27398.101408,34422.862036,4688,0,0.00,72.7641,1.0000
12014573.0,7024.813961,27398.421408,34423.235369,4689,0,0.00,72.7688,1.0000
12015317.0,7025.640628,27403.381408,34429.022036,4690,0,0.00,72.7813,1.0000
12015653.0,7026.013961,27405.621408,34431.635369,4691,0,0.00,72.7984,1.0000
12016061.0,7026.467294,27408.341408,34434.808703,4692,0,0.00,72.8266,1.0000
12017295.0,7027.838406,27416.568075,34444.406481,4693,0,0.00,72.8438,1.0000
12017432.0,7027.990628,27417.481408,34445.472036,4694,0,0.00,72.8609,1.0000
12017815.0,7028.416183,27420.034742,34448.450925,4695,0,0.00,72.8781,1.0000
12017822.0,7028.423961,27420.081408,34448.505369,4696,0,0.00,72.8953,1.0000
12019932.0,7030.768406,27434.148075,34464.916481,4697,0,0.00,72.9125,1.0000
12021178.0,7032.152850,27442.454742,34474.607592,4698,0,0.00,72.9375,1.0000
12021268.0,7032.252850,27443.054742,34475.307592,4699,0,0.00,72.9563,1.0000
12021668.0,7032.697294,27445.721408,34478.418703,4700,0,0.00,72.9734,1.0000
12021693.0,7032.725072,27445.888075,34478.613147,4701,0,0.00,72.9906,1.0000
12021766.0,7032.806183,27446.374742,34479.180925,4702,0,0.00,73.0078,1.0000
12021878.0,7032.930628,27447.121408,34480.052036,4703,0,0.00,73.0266,1.0000
12022838.0,7033.997294,27453.521408,34487.518703,4704,0,0.00,73.0438,1.0000
12022866.0,7034.028406,27453.708075,34487.736481,4705,0,0.00,73.0609,1.0000
12022913.0,7034.080628,27454.021408,34488.102036,4706,0,0.00,73.0781,1.0000
12023918.0,7035.197294,27460.721408,34495.918703,4707,0,0.00,73.0844,1.0000
12023920.0,7035.199517,27460.734742,34495.934258,4708,0,0.00,73.1031,1.0000
12024110.0,7035.410628,27462.001408,34497.412036,4709,0,0.00,73.1219,1.0000
12024299.0,7035.620628,27463.261408,34498.882036,4710,0,0.00,73.1500,1.0000
12024302.0,7035.623961,27463.281408,34498.905369,4711,0,0.00,73.1688,1.0000
12024305.0,7035.627294,27463.301408,34498.928703,4712,0,0.00,73.1875,1.0000
12024331.0,7035.656183,27463.474742,34499.130925,4713,0,0.00,73.2063,1.0000
12024333.0,7035.658406,27463.488075,34499.146481,4714,0,0.00,73.2188,1.0000
12024449.0,7035.787294,27464.261408,34500.048703,4715,0,0.00,73.2234,1.0000
12024484.0,7035.826183,27464.494742,34500.320925,4716,0,0.00,73.2406,1.0000
12024526.0,7035.872850,27464.774742,34500.647592,4717,0,0.00,73.2578,1.0000
12024851.0,7036.233961,27466.941408,34503.175369,4718,0,0.00,73.2750,1.0000
12024851.0,7036.233961,27466.941408,34503.175369,4719,0,0.00,73.2922,1.0000
12025325.0,7036.760628,27470.101408,34506.862036,4720,0,0.00,73.3094,1.0000
12026314.0,7037.859517,27476.694742,34514.554258,4721,0,0.00,73.3266,1.0000
12026427.0,7037.985072,27477.448075,34515.433147,4722,0,0.00,73.3766,1.0000
12026564.0,7038.137294,27478.361408,34516.498703,4723,0,0.00,73.3891,1.0000
12026951.0,7038.567294,27480.941408,34519.508703,4724,0,0.00,73.4063,1.0000
12027059.0,7038.687294,27481.661408,34520.348703,4725,0,0.00,73.4234,1.0000
12027059.0,7038.687294,27481.661408,34520.348703,4726,0,0.00,73.4406,1.0000
12027062.0,7038.690628,27481.681408,34520.372036,4727,0,0.00,73.4578,1.0000
12027089.0,7038.720628,27481.861408,34520.582036,4728,0,0.00,73.4750,1.0000
12027526.0,7039.206183,27484.774742,34523.980925,4729,0,0.00,73.4922,1.0000
12027632.0,7039.323961,27485.481408,34524.805369,4730,0,0.00,73.5094,1.0000
12028323.0,7040.091739,27490.088075,34530.179814,4731,0,0.00,73.6969,1.0000
12028917.0,7040.751739,27494.048075,34534.799814,4732,0,0.00,73.7141,1.0000
12029080.0,7040.932850,27495.134742,34536.067592,4733,0,0.00,73.7313,1.0000
12030548.0,7042.563961,27504.921408,34547.485369,4734,0,0.00,73.7484,1.0000
12030556.0,7042.572850,27504.974742,34547.547592,4735,0,0.00,73.7656,1.0000
12030577.0,7042.596183,27505.114742,34547.710925,4736,0,0.00,73.7828,1.0000
12030577.0,7042.596183,27505.114742,34547.710925,4737,0,0.00,73.8000,1.0000
12032696.0,7044.950628,27519.241408,34564.192036,4738,0,0.00,73.8125,1.0000
12034851.0,7047.345072,27533.608075,34580.953147,4739,0,0.00,73.8297,1.0000
12034883.0,7047.380628,27533.821408,34581.202036,4740,0,0.00,73.8469,1.0000
12034993.0,7047.502850,27534.554742,34582.057592,4741,0,0.00,73.8594,1.0000
12035435.0,7047.993961,27537.501408,34585.495369,4742,0,0.00,73.8766,1.0000
12035438.0,7047.997294,27537.521408,34585.518703,4743,0,0.00,73.8891,1.0000
12039705.0,7052.738406,27565.968075,34618.706481,4744,0,0.00,73.9172,1.0000
12039982.0,7053.046183,27567.814742,34620.860925,4745,0,0.00,73.9453,1.0000
12040223.0,7053.313961,27569.421408,34622.735369,4746,0,0.00,73.9578,1.0000
12041540.0,7054.777294,27578.201408,34632.978703,4747,0,0.00,73.9797,1.0000
12041674.0,7054.926183,27579.094742,34634.020925,4748,0,0.00,74.0016,1.0000
12042638.0,7055.997294,27585.521408,34641.518703,4749,0,0.00,74.0266,1.0000
12045340.0,7058.999517,27603.534742,34662.534258,4750,0,0.00,74.0453,1.0000
12047532.0,7061.435072,27618.148075,34679.583147,4751,0,0.00,74.0672,1.0000
12048036.0,7061.995072,27621.508075,34683.503147,4752,0,0.00,74.0719,1.0000
12049085.0,7063.160628,27628.501408,34691.662036,4753,0,0.00,74.0781,1.0000
12050458.0,7064.686183,27637.654742,34702.340925,4754,0,0.00,74.1281,1.0000
12051090.0,7065.388406,27641.868075,34707.256481,4755,0,0.00,74.1781,1.0000
12052675.0,7067.149517,27652.434742,34719.584258,4756,0,0.00,74.2000,1.0000
12054529.0,7069.209517,27664.794742,34734.004258,4757,0,0.00,74.2063,1.0000
12055743.0,7070.558406,27672.888075,34743.446481,4758,0,0.00,74.2281,1.0000
12056588.0,7071.497294,27678.521408,34750.018703,4759,0,0.00,74.2531,1.0000
12057070.0,7072.032850,27681.734742,34753.767592,4760,0,0.00,74.2750,1.0000
12057547.0,7072.562850,27684.914742,34757.477592,4761,0,0.00,74.2969,1.0000
12058047.0,7073.118406,27688.248075,34761.366481,4762,0,0.00,74.3094,1.0000
12058177.0,7073.262850,27689.114742,34762.377592,4763,0,0.00,74.3313,1.0000
12060362.0,7075.690628,27703.681408,34779.372036,4764,0,0.00,74.3375,1.0000
12060668.0,7076.030628,27705.721408,34781.752036,4765,0,0.00,74.3594,1.0000
12061773.0,7077.258406,27713.088075,34790.346481,4766,0,0.00,74.3813,1.0000
12062854.0,7078.459517,27720.294742,34798.754258,4767,0,0.00,74.3906,1.0000
12062862.0,7078.468406,27720.348075,34798.816481,4768,0,0.00,74.4141,1.0000
12065149.0,7081.009517,27735.594742,34816.604258,4769,0,0.00,74.4391,1.0000
12065679.0,7081.598406,27739.128075,34820.726481,4770,0,0.00,74.4516,1.0000
12065693.0,7081.613961,27739.221408,34820.835369,4771,0,0.00,74.4641,1.0000
12065702.0,7081.623961,27739.281408,34820.905369,4772,0,0.00,74.4766,1.0000
12065979.0,7081.931739,27741.128075,34823.059814,4773,0,0.00,74.4828,1.0000
12066335.0,7082.327294,27743.501408,34825.828703,4774,0,0.00,74.5047,1.0000
12066353.0,7082.347294,27743.621408,34825.968703,4775,0,0.00,74.5094,1.0000
12066440.0,7082.443961,27744.201408,34826.645369,4776,0,0.00,74.5156,1.0000
12068275.0,7084.482850,27756.434742,34840.917592,4777,0,0.00,74.5375,1.0000
12068708.0,7084.963961,27759.321408,34844.285369,4778,0,0.00,74.5547,1.0000
12068861.0,7085.133961,27760.341408,34845.475369,4779,0,0.00,74.5672,1.0000
12068874.0,7085.148406,27760.428075,34845.576481,4780,0,0.00,74.5844,1.0000
12069876.0,7086.261739,27767.108075,34853.369814,4781,0,0.00,74.5906,1.0000
12070208.0,7086.630628,27769.321408,34855.952036,4782,0,0.00,74.6125,1.0000
12071312.0,7087.857294,27776.681408,34864.538703,4783,0,0.00,74.6188,1.0000
12071313.0,7087.858406,27776.688075,34864.546481,4784,0,0.00,74.6250,1.0000
12071582.0,7088.157294,27778.481408,34866.638703,4785,0,0.00,74.6313,1.0000
12071993.0,7088.613961,27781.221408,34869.835369,4786,0,0.00,74.6531,1.0000
12072607.0,7089.296183,27785.314742,34874.610925,4787,0,0.00,74.6594,1.0000
12072723.0,7089.425072,27786.088075,34875.513147,4788,0,0.00,74.6766,1.0000
12072726.0,7089.428406,27786.108075,34875.536481,4789,0,0.00,74.6938,1.0000
12072779.0,7089.487294,27786.461408,34875.948703,4790,0,0.00,74.7109,1.0000
12072945.0,7089.671739,27787.568075,34877.239814,4791,0,0.00,74.7328,1.0000
12072965.0,7089.693961,27787.701408,34877.395369,4792,0,0.00,74.7547,1.0000
12073500.0,7090.288406,27791.268075,34881.556481,4793,0,0.00,74.7719,1.0000
12073814.0,7090.637294,27793.361408,34883.998703,4794,0,0.00,74.7938,1.0000
12074061.0,7090.911739,27795.008075,34885.919814,4795,0,0.00,74.8109,1.0000
12074114.0,7090.970628,27795.361408,34886.332036,4796,0,0.00,74.8281,1.0000
12074121.0,7090.978406,27795.408075,34886.386481,4797,0,0.00,74.8406,1.0000
12074222.0,7091.090628,27796.081408,34887.172036,4798,0,0.00,74.8688,1.0000
12074535.0,7091.438406,27798.168075,34889.606481,4799,0,0.00,74.9188,1.0000
12076457.0,7093.573961,27810.981408,34904.555369,4800,0,0.00,74.9406,1.0000
12076484.0,7093.603961,27811.161408,34904.765369,4801,0,0.00,74.9578,1.0000
12077253.0,7094.458406,27816.288075,34910.746481,4802,0,0.00,74.9813,1.0000
12077755.0,7095.016183,27819.634742,34914.650925,4803,0,0.00,74.9984,1.0000
12077950.0,7095.232850,27820.934742,34916.167592,4804,0,0.00,75.0156,1.0000
12078268.0,7095.586183,27823.054742,34918.640925,4805,0,0.00,75.0328,1.0000
12078485.0,7095.827294,27824.501408,34920.328703,4806,0,0.00,75.0547,1.0000
12078620.0,7095.977294,27825.401408,34921.378703,4807,0,0.00,75.0719,1.0000
12078879.0,7096.265072,27827.128075,34923.393147,4808,0,0.00,75.0891,1.0000
12079252.0,7096.679517,27829.614742,34926.294258,4809,0,0.00,75.1063,1.0000
12079488.0,7096.941739,27831.188075,34928.129814,4810,0,0.00,75.1109,1.0000
12079494.0,7096.948406,27831.228075,34928.176481,4811,0,0.00,75.1156,1.0000
12079498.0,7096.952850,27831.254742,34928.207592,4812,0,0.00,75.1203,1.0000
12080460.0,7098.021739,27837.668075,34935.689814,4813,0,0.00,75.1250,1.0000
12080532.0,7098.101739,27838.148075,34936.249814,4814,0,0.00,75.1297,1.0000
12080809.0,7098.409517,27839.994742,34938.404258,4815,0,0.00,75.1516,1.0000
12080811.0,7098.411739,27840.008075,34938.419814,4816,0,0.00,75.1688,1.0000
12080862.0,7098.468406,27840.348075,34938.816481,4817,0,0.00,75.1906,1.0000
12080876.0,7098.483961,27840.441408,34938.925369,4818,0,0.00,75.2125,1.0000
12081008.0,7098.630628,27841.321408,34939.952036,4819,0,0.00,75.2297,1.0000
12081011.0,7098.633961,27841.341408,34939.975369,4820,0,0.00,75.2344,1.0000
12081339.0,7098.998406,27843.528075,34942.526481,4821,0,0.00,75.2469,1.0000
12081866.0,7099.583961,27847.041408,34946.625369,4822,0,0.00,75.2641,1.0000
12081970.0,7099.699517,27847.734742,34947.434258,4823,0,0.00,75.2688,1.0000
12081970.0,7099.699517,27847.734742,34947.434258,4824,0,0.00,75.2734,1.0000
12081973.0,7099.702850,27847.754742,34947.457592,4825,0,0.00,75.2750,1.0000
12082203.0,7099.958406,27849.288075,34949.246481,4826,0,0.00,75.2797,1.0000
12083170.0,7101.032850,27855.734742,34956.767592,4827,0,0.00,75.2891,1.0000
12083261.0,7101.133961,27856.341408,34957.475369,4828,0,0.00,75.3063,1.0000
12083328.0,7101.208406,27856.788075,34957.996481,4829,0,0.00,75.3109,1.0000
12083648.0,7101.563961,27858.921408,34960.485369,4830,0,0.00,75.3281,1.0000
12083686.0,7101.606183,27859.174742,34960.780925,4831,0,0.00,75.3453,1.0000
12083924.0,7101.870628,27860.761408,34962.632036,4832,0,0.00,75.3500,1.0000
12083977.0,7101.929517,27861.114742,34963.044258,4833,0,0.00,75.3547,1.0000
12084045.0,7102.005072,27861.568075,34963.573147,4834,0,0.00,75.3641,1.0000
12086791.0,7105.056183,27879.874742,34984.930925,4835,0,0.00,75.3781,1.0000
12086920.0,7105.199517,27880.734742,34985.934258,4836,0,0.00,75.3953,1.0000
12086971.0,7105.256183,27881.074742,34986.330925,4837,0,0.00,75.4125,1.0000
12088018.0,7106.419517,27888.054742,34994.474258,4838,0,0.00,75.4188,1.0000
12088226.0,7106.650628,27889.441408,34996.092036,4839,0,0.00,75.4234,1.0000
12088954.0,7107.459517,27894.294742,35001.754258,4840,0,0.00,75.4453,1.0000
12089285.0,7107.827294,27896.501408,35004.328703,4841,0,0.00,75.4672,1.0000
12089425.0,7107.982850,27897.434742,35005.417592,4842,0,0.00,75.4813,1.0000
12090050.0,7108.677294,27901.601408,35010.278703,4843,0,0.00,75.4984,1.0000
12090217.0,7108.862850,27902.714742,35011.577592,4844,0,0.00,75.5156,1.0000
12090395.0,7109.060628,27903.901408,35012.962036,4845,0,0.00,75.5328,1.0000
12091107.0,7109.851739,27908.648075,35018.499814,4846,0,0.00,75.5516,1.0000
12091145.0,7109.893961,27908.901408,35018.795369,4847,0,0.00,75.5703,1.0000
12091150.0,7109.899517,27908.934742,35018.834258,4848,0,0.00,75.5891,1.0000
12091151.0,7109.900628,27908.941408,35018.842036,4849,0,0.00,75.6078,1.0000
12091155.0,7109.905072,27908.968075,35018.873147,4850,0,0.00,75.6141,1.0000
12091187.0,7109.940628,27909.181408,35019.122036,4851,0,0.00,75.6172,1.0000
12091189.0,7109.942850,27909.194742,35019.137592,4852,0,0.00,75.6359,1.0000
12091295.0,7110.060628,27909.901408,35019.962036,4853,0,0.00,75.6531,1.0000
12091490.0,7110.277294,27911.201408,35021.478703,4854,0,0.00,75.6703,1.0000
12092289.0,7111.165072,27916.528075,35027.693147,4855,0,0.00,75.6875,1.0000
12092662.0,7111.579517,27919.014742,35030.594258,4856,0,0.00,75.6938,1.0000
12092728.0,7111.652850,27919.454742,35031.107592,4857,0,0.00,75.7109,1.0000
12093377.0,7112.373961,27923.781408,35036.155369,4858,0,0.00,75.7281,1.0000
12093390.0,7112.388406,27923.868075,35036.256481,4859,0,0.00,75.7453,1.0000
12093390.0,7112.388406,27923.868075,35036.256481,4860,0,0.00,75.7641,1.0000
12094001.0,7113.067294,27927.941408,35041.008703,4861,0,0.00,75.7813,1.0000
12094493.0,7113.613961,27931.221408,35044.835369,4862,0,0.00,75.8063,1.0000
12094517.0,7113.640628,27931.381408,35045.022036,4863,0,0.00,75.8250,1.0000
12094702.0,7113.846183,27932.614742,35046.460925,4864,0,0.00,75.8438,1.0000
12094707.0,7113.851739,27932.648075,35046.499814,4865,0,0.00,75.8625,1.0000
12095048.0,7114.230628,27934.921408,35049.152036,4866,0,0.00,75.8813,1.0000
12095145.0,7114.338406,27935.568075,35049.906481,4867,0,0.00,75.9000,1.0000
12095754.0,7115.015072,27939.628075,35054.643147,4868,0,0.00,75.9172,1.0000
12095784.0,7115.048406,27939.828075,35054.876481,4869,0,0.00,75.9344,1.0000
12096091.0,7115.389517,27941.874742,35057.264258,4870,0,0.00,75.9563,1.0000
12096311.0,7115.633961,27943.341408,35058.975369,4871,0,0.00,75.9688,1.0000
12096715.0,7116.082850,27946.034742,35062.117592,4872,0,0.00,76.0188,1.0000
12096740.0,7116.110628,27946.201408,35062.312036,4873,0,0.00,76.0375,1.0000
12096743.0,7116.113961,27946.221408,35062.335369,4874,0,0.00,76.0563,1.0000
12096896.0,7116.283961,27947.241408,35063.525369,4875,0,0.00,76.0750,1.0000
12096962.0,7116.357294,27947.681408,35064.038703,4876,0,0.00,76.0938,1.0000
12096979.0,7116.376183,27947.794742,35064.170925,4877,0,0.00,76.1125,1.0000
12097010.0,7116.410628,27948.001408,35064.412036,4878,0,0.00,76.1313,1.0000
12097294.0,7116.726183,27949.894742,35066.620925,4879,0,0.00,76.1813,1.0000
12097463.0,7116.913961,27951.021408,35067.935369,4880,0,0.00,76.2000,1.0000
12097671.0,7117.145072,27952.408075,35069.553147,4881,0,0.00,76.2219,1.0000
12098154.0,7117.681739,27955.628075,35073.309814,4882,0,0.00,76.2719,1.0000
12098155.0,7117.682850,27955.634742,35073.317592,4883,0,0.00,76.3219,1.0000
12098155.0,7117.682850,27955.634742,35073.317592,4884,0,0.00,76.3719,1.0000
12098422.0,7117.979517,27957.414742,35075.394258,4885,0,0.00,76.3891,1.0000
12098531.0,7118.100628,27958.141408,35076.242036,4886,0,0.00,76.4078,1.0000
12098574.0,7118.148406,27958.428075,35076.576481,4887,0,0.00,76.4266,1.0000
12098802.0,7118.401739,27959.948075,35078.349814,4888,0,0.00,76.4313,1.0000
12098845.0,7118.449517,27960.234742,35078.684258,4889,0,0.00,76.4484,1.0000
12099206.0,7118.850628,27962.641408,35081.492036,4890,0,0.00,76.4672,1.0000
12099746.0,7119.450628,27966.241408,35085.692036,4891,0,0.00,76.4719,1.0000
12099781.0,7119.489517,27966.474742,35085.964258,4892,0,0.00,76.4938,1.0000
12099894.0,7119.615072,27967.228075,35086.843147,4893,0,0.00,76.5109,1.0000
12100134.0,7119.881739,27968.828075,35088.709814,4894,0,0.00,76.5344,1.0000
12100139.0,7119.887294,27968.861408,35088.748703,4895,0,0.00,76.5516,1.0000
12100371.0,7120.145072,27970.408075,35090.553147,4896,0,0.00,76.5688,1.0000
12100429.0,7120.209517,27970.794742,35091.004258,4897,0,0.00,76.5859,1.0000
12100587.0,7120.385072,27971.848075,35092.233147,4898,0,0.00,76.6031,1.0000
12100726.0,7120.539517,27972.774742,35093.314258,4899,0,0.00,76.6203,1.0000
12101234.0,7121.103961,27976.161408,35097.265369,4900,0,0.00,76.6375,1.0000
12101362.0,7121.246183,27977.014742,35098.260925,4901,0,0.00,76.6422,1.0000
12101448.0,7121.341739,27977.588075,35098.929814,4902,0,0.00,76.6469,1.0000
12101515.0,7121.416183,27978.034742,35099.450925,4903,0,0.00,76.6516,1.0000
12101603.0,7121.513961,27978.621408,35100.135369,4904,0,0.00,76.6688,1.0000
12101605.0,7121.516183,27978.634742,35100.150925,4905,0,0.00,76.6734,1.0000
12101620.0,7121.532850,27978.734742,35100.267592,4906,0,0.00,76.6797,1.0000
12101794.0,7121.726183,27979.894742,35101.620925,4907,0,0.00,76.6984,1.0000
12102033.0,7121.991739,27981.488075,35103.479814,4908,0,0.00,76.7031,1.0000
12102036.0,7121.995072,27981.508075,35103.503147,4909,0,0.00,76.7203,1.0000
12102457.0,7122.462850,27984.314742,35106.777592,4910,0,0.00,76.7250,1.0000
12102511.0,7122.522850,27984.674742,35107.197592,4911,0,0.00,76.7422,1.0000
12102618.0,7122.641739,27985.388075,35108.029814,4912,0,0.00,76.7594,1.0000
12102652.0,7122.679517,27985.614742,35108.294258,4913,0,0.00,76.7656,1.0000
12102792.0,7122.835072,27986.548075,35109.383147,4914,0,0.00,76.7719,1.0000
12102925.0,7122.982850,27987.434742,35110.417592,4915,0,0.00,76.7891,1.0000
12103042.0,7123.112850,27988.214742,35111.327592,4916,0,0.00,76.8063,1.0000
12103523.0,7123.647294,27991.421408,35115.068703,4917,0,0.00,76.8109,1.0000
12103548.0,7123.675072,27991.588075,35115.263147,4918,0,0.00,76.8172,1.0000
12104199.0,7124.398406,27995.928075,35120.326481,4919,0,0.00,76.8219,1.0000
12104371.0,7124.589517,27997.074742,35121.664258,4920,0,0.00,76.8281,1.0000
12104430.0,7124.655072,27997.468075,35122.123147,4921,0,0.00,76.8453,1.0000
12104670.0,7124.921739,27999.068075,35123.989814,4922,0,0.00,76.8500,1.0000
12104982.0,7125.268406,28001.148075,35126.416481,4923,0,0.00,76.8625,1.0000
12105057.0,7125.351739,28001.648075,35126.999814,4924,0,0.00,76.8672,1.0000
12105057.0,7125.351739,28001.648075,35126.999814,4925,0,0.00,76.8719,1.0000
12105126.0,7125.428406,28002.108075,35127.536481,4926,0,0.00,76.8766,1.0000
12105403.0,7125.736183,28003.954742,35129.690925,4927,0,0.00,76.8813,1.0000
12105431.0,7125.767294,28004.141408,35129.908703,4928,0,0.00,76.8859,1.0000
12105468.0,7125.808406,28004.388075,35130.196481,4929,0,0.00,76.8922,1.0000
12105582.0,7125.935072,28005.148075,35131.083147,4930,0,0.00,76.9141,1.0000
12105617.0,7125.973961,28005.381408,35131.355369,4931,0,0.00,76.9313,1.0000
12105670.0,7126.032850,28005.734742,35131.767592,4932,0,0.00,76.9484,1.0000
12105834.0,7126.215072,28006.828075,35133.043147,4933,0,0.00,76.9656,1.0000
12105871.0,7126.256183,28007.074742,35133.330925,4934,0,0.00,76.9703,1.0000
12106591.0,7127.056183,28011.874742,35138.930925,4935,0,0.00,76.9750,1.0000
12106853.0,7127.347294,28013.621408,35140.968703,4936,0,0.00,76.9797,1.0000
12106885.0,7127.382850,28013.834742,35141.217592,4937,0,0.00,76.9969,1.0000
12106892.0,7127.390628,28013.881408,35141.272036,4938,0,0.00,77.0141,1.0000
12106898.0,7127.397294,28013.921408,35141.318703,4939,0,0.00,77.0313,1.0000
12106937.0,7127.440628,28014.181408,35141.622036,4940,0,0.00,77.0484,1.0000
12107044.0,7127.559517,28014.894742,35142.454258,4941,0,0.00,77.0531,1.0000
12107092.0,7127.612850,28015.214742,35142.827592,4942,0,0.00,77.0578,1.0000
12107093.0,7127.613961,28015.221408,35142.835369,4943,0,0.00,77.0625,1.0000
12107198.0,7127.730628,28015.921408,35143.652036,4944,0,0.00,77.0797,1.0000
12107538.0,7128.108406,28018.188075,35146.296481,4945,0,0.00,77.0813,1.0000
12107825.0,7128.427294,28020.101408,35148.528703,4946,0,0.00,77.0875,1.0000
12108156.0,7128.795072,28022.308075,35151.103147,4947,0,0.00,77.1063,1.0000
12108335.0,7128.993961,28023.501408,35152.495369,4948,0,0.00,77.1109,1.0000
12108338.0,7128.997294,28023.521408,35152.518703,4949,0,0.00,77.1234,1.0000
12108478.0,7129.152850,28024.454742,35153.607592,4950,0,0.00,77.1297,1.0000
12108768.0,7129.475072,28026.388075,35155.863147,4951,0,0.00,77.1344,1.0000
12109068.0,7129.808406,28028.388075,35158.196481,4952,0,0.00,77.1391,1.0000
12109299.0,7130.065072,28029.928075,35159.993147,4953,0,0.00,77.1563,1.0000
12109666.0,7130.472850,28032.374742,35162.847592,4954,0,0.00,77.1609,1.0000
12109772.0,7130.590628,28033.081408,35163.672036,4955,0,0.00,77.1781,1.0000
12109863.0,7130.691739,28033.688075,35164.379814,4956,0,0.00,77.1828,1.0000
12110103.0,7130.958406,28035.288075,35166.246481,4957,0,0.00,77.2000,1.0000
12110138.0,7130.997294,28035.521408,35166.518703,4958,0,0.00,77.2063,1.0000
12111295.0,7132.282850,28043.234742,35175.517592,4959,0,0.00,77.2234,1.0000
12111538.0,7132.552850,28044.854742,35177.407592,4960,0,0.00,77.2281,1.0000
12111572.0,7132.590628,28045.081408,35177.672036,4961,0,0.00,77.2453,1.0000
12111627.0,7132.651739,28045.448075,35178.099814,4962,0,0.00,77.2594,1.0000
12111967.0,7133.029517,28047.714742,35180.744258,4963,0,0.00,77.2766,1.0000
12112437.0,7133.551739,28050.848075,35184.399814,4964,0,0.00,77.2953,1.0000
12112672.0,7133.812850,28052.414742,35186.227592,4965,0,0.00,77.3141,1.0000
12112974.0,7134.148406,28054.428075,35188.576481,4966,0,0.00,77.3359,1.0000
12113157.0,7134.351739,28055.648075,35189.999814,4967,0,0.00,77.3641,1.0000
12114272.0,7135.590628,28063.081408,35198.672036,4968,0,0.00,77.3813,1.0000
12114462.0,7135.801739,28064.348075,35200.149814,4969,0,0.00,77.3906,1.0000
12114644.0,7136.003961,28065.561408,35201.565369,4970,0,0.00,77.4000,1.0000
12115366.0,7136.806183,28070.374742,35207.180925,4971,0,0.00,77.4172,1.0000
12115480.0,7136.932850,28071.134742,35208.067592,4972,0,0.00,77.4344,1.0000
12116077.0,7137.596183,28075.114742,35212.710925,4973,0,0.00,77.4469,1.0000
12116862.0,7138.468406,28080.348075,35218.816481,4974,0,0.00,77.4641,1.0000
12116907.0,7138.518406,28080.648075,35219.166481,4975,0,0.00,77.4781,1.0000
12117344.0,7139.003961,28083.561408,35222.565369,4976,0,0.00,77.4922,1.0000
12117578.0,7139.263961,28085.121408,35224.385369,4977,0,0.00,77.5141,1.0000
12117838.0,7139.552850,28086.854742,35226.407592,4978,0,0.00,77.5281,1.0000
12118355.0,7140.127294,28090.301408,35230.428703,4979,0,0.00,77.5406,1.0000
12118654.0,7140.459517,28092.294742,35232.754258,4980,0,0.00,77.5547,1.0000
12120437.0,7142.440628,28104.181408,35246.622036,4981,0,0.00,77.5719,1.0000
12120439.0,7142.442850,28104.194742,35246.637592,4982,0,0.00,77.5891,1.0000
12120894.0,7142.948406,28107.228075,35250.176481,4983,0,0.00,77.6391,1.0000
12121599.0,7143.731739,28111.928075,35255.659814,4984,0,0.00,77.6563,1.0000
12121606.0,7143.739517,28111.974742,35255.714258,4985,0,0.00,77.6609,1.0000
12121649.0,7143.787294,28112.261408,35256.048703,4986,0,0.00,77.6781,1.0000
12122381.0,7144.600628,28117.141408,35261.742036,4987,0,0.00,77.6844,1.0000
12123216.0,7145.528406,28122.708075,35268.236481,4988,0,0.00,77.6969,1.0000
12123219.0,7145.531739,28122.728075,35268.259814,4989,0,0.00,77.7094,1.0000
12123575.0,7145.927294,28125.101408,35271.028703,4990,0,0.00,77.7281,1.0000
12126758.0,7149.463961,28146.321408,35295.785369,4991,0,0.00,77.7406,1.0000
12126876.0,7149.595072,28147.108075,35296.703147,4992,0,0.00,77.7656,1.0000
12126952.0,7149.679517,28147.614742,35297.294258,4993,0,0.00,77.8031,1.0000
12127861.0,7150.689517,28153.674742,35304.364258,4994,0,0.00,77.8406,1.0000
12127999.0,7150.842850,28154.594742,35305.437592,4995,0,0.00,77.8531,1.0000
12128039.0,7150.887294,28154.861408,35305.748703,4996,0,0.00,77.8906,1.0000
12128415.0,7151.305072,28157.368075,35308.673147,4997,0,0.00,77.9281,1.0000
12131712.0,7154.968406,28179.348075,35334.316481,4998,0,0.00,77.9453,1.0000
12132150.0,7155.455072,28182.268075,35337.723147,4999,0,0.00,77.9594,1.0000
12132156.0,7155.461739,28182.308075,35337.769814,5000,0,0.00,77.9734,1.0000
12132209.0,7155.520628,28182.661408,35338.182036,5001,0,0.00,77.9875,1.0000
12132578.0,7155.930628,28185.121408,35341.052036,5002,0,0.00,78.0063,1.0000
12134734.0,7158.326183,28199.494742,35357.820925,5003,0,0.00,78.0234,1.0000
12134818.0,7158.419517,28200.054742,35358.474258,5004,0,0.00,78.0297,1.0000
12135516.0,7159.195072,28204.708075,35363.903147,5005,0,0.00,78.0547,1.0000
12135997.0,7159.729517,28207.914742,35367.644258,5006,0,0.00,78.0734,1.0000
12135999.0,7159.731739,28207.928075,35367.659814,5007,0,0.00,78.0859,1.0000
12136247.0,7160.007294,28209.581408,35369.588703,5008,0,0.00,78.1031,1.0000
12136338.0,7160.108406,28210.188075,35370.296481,5009,0,0.00,78.1094,1.0000
12136477.0,7160.262850,28211.114742,35371.377592,5010,0,0.00,78.1281,1.0000
12136776.0,7160.595072,28213.108075,35373.703147,5011,0,0.00,78.1469,1.0000
12137134.0,7160.992850,28215.494742,35376.487592,5012,0,0.00,78.1656,1.0000
12137516.0,7161.417294,28218.041408,35379.458703,5013,0,0.00,78.2031,1.0000
12140141.0,7164.333961,28235.541408,35399.875369,5014,0,0.00,78.2156,1.0000
12140508.0,7164.741739,28237.988075,35402.729814,5015,0,0.00,78.2531,1.0000
12140859.0,7165.131739,28240.328075,35405.459814,5016,0,0.00,78.2625,1.0000
12142332.0,7166.768406,28250.148075,35416.916481,5017,0,0.00,78.2688,1.0000
12142332.0,7166.768406,28250.148075,35416.916481,5018,0,0.00,78.2750,1.0000
12142867.0,7167.362850,28253.714742,35421.077592,5019,0,0.00,78.2813,1.0000
12142867.0,7167.362850,28253.714742,35421.077592,5020,0,0.00,78.2875,1.0000
12143044.0,7167.559517,28254.894742,35422.454258,5021,0,0.00,78.3250,1.0000
12143435.0,7167.993961,28257.501408,35425.495369,5022,0,0.00,78.3438,1.0000
12144577.0,7169.262850,28265.114742,35434.377592,5023,0,0.00,78.3813,1.0000
12144966.0,7169.695072,28267.708075,35437.403147,5024,0,0.00,78.4313,1.0000
12145830.0,7170.655072,28273.468075,35444.123147,5025,0,0.00,78.4688,1.0000
12146366.0,7171.250628,28277.041408,35448.292036,5026,0,0.00,78.5188,1.0000
12147632.0,7172.657294,28285.481408,35458.138703,5027,0,0.00,78.5422,1.0000
12151281.0,7176.711739,28309.808075,35486.519814,5028,0,0.00,78.5594,1.0000
12151553.0,7177.013961,28311.621408,35488.635369,5029,0,0.00,78.5844,1.0000
12151856.0,7177.350628,28313.641408,35490.992036,5030,0,0.00,78.6016,1.0000
12151856.0,7177.350628,28313.641408,35490.992036,5031,0,0.00,78.6188,1.0000
12152041.0,7177.556183,28314.874742,35492.430925,5032,0,0.00,78.6313,1.0000
12152043.0,7177.558406,28314.888075,35492.446481,5033,0,0.00,78.6438,1.0000
12152043.0,7177.558406,28314.888075,35492.446481,5034,0,0.00,78.6563,1.0000
12152044.0,7177.559517,28314.894742,35492.454258,5035,0,0.00,78.6688,1.0000
12152045.0,7177.560628,28314.901408,35492.462036,5036,0,0.00,78.6813,1.0000
12152048.0,7177.563961,28314.921408,35492.485369,5037,0,0.00,78.6938,1.0000
12152150.0,7177.677294,28315.601408,35493.278703,5038,0,0.00,78.7172,1.0000
12152920.0,7178.532850,28320.734742,35499.267592,5039,0,0.00,78.7297,1.0000
12153651.0,7179.345072,28325.608075,35504.953147,5040,0,0.00,78.7531,1.0000
12154260.0,7180.021739,28329.668075,35509.689814,5041,0,0.00,78.7703,1.0000
12154303.0,7180.069517,28329.954742,35510.024258,5042,0,0.00,78.7766,1.0000
12154663.0,7180.469517,28332.354742,35512.824258,5043,0,0.00,78.7938,1.0000
12154679.0,7180.487294,28332.461408,35512.948703,5044,0,0.00,78.8109,1.0000
12154786.0,7180.606183,28333.174742,35513.780925,5045,0,0.00,78.8234,1.0000
12154814.0,7180.637294,28333.361408,35513.998703,5046,0,0.00,78.8406,1.0000
12154819.0,7180.642850,28333.394742,35514.037592,5047,0,0.00,78.8578,1.0000
12154820.0,7180.643961,28333.401408,35514.045369,5048,0,0.00,78.8750,1.0000
12155323.0,7181.202850,28336.754742,35517.957592,5049,0,0.00,78.8859,1.0000
12155901.0,7181.845072,28340.608075,35522.453147,5050,0,0.00,78.9031,1.0000
12155954.0,7181.903961,28340.961408,35522.865369,5051,0,0.00,78.9203,1.0000
12155998.0,7181.952850,28341.254742,35523.207592,5052,0,0.00,78.9328,1.0000
12156035.0,7181.993961,28341.501408,35523.495369,5053,0,0.00,78.9500,1.0000
12156158.0,7182.130628,28342.321408,35524.452036,5054,0,0.00,78.9672,1.0000
12157838.0,7183.997294,28353.521408,35537.518703,5055,0,0.00,79.0672,1.0000
12157881.0,7184.045072,28353.808075,35537.853147,5056,0,0.00,79.0734,1.0000
12158431.0,7184.656183,28357.474742,35542.130925,5057,0,0.00,79.0875,1.0000
12158437.0,7184.662850,28357.514742,35542.177592,5058,0,0.00,79.1016,1.0000
12159404.0,7185.737294,28363.961408,35549.698703,5059,0,0.00,79.1063,1.0000
12159670.0,7186.032850,28365.734742,35551.767592,5060,0,0.00,79.1234,1.0000
12159972.0,7186.368406,28367.748075,35554.116481,5061,0,0.00,79.1406,1.0000
12159998.0,7186.397294,28367.921408,35554.318703,5062,0,0.00,79.1594,1.0000
12160419.0,7186.865072,28370.728075,35557.593147,5063,0,0.00,79.1641,1.0000
12161436.0,7187.995072,28377.508075,35565.503147,5064,0,0.00,79.1828,1.0000
12161618.0,7188.197294,28378.721408,35566.918703,5065,0,0.00,79.2000,1.0000
12161670.0,7188.255072,28379.068075,35567.323147,5066,0,0.00,79.2188,1.0000
12161913.0,7188.525072,28380.688075,35569.213147,5067,0,0.00,79.2375,1.0000
12161974.0,7188.592850,28381.094742,35569.687592,5068,0,0.00,79.2563,1.0000
12161974.0,7188.592850,28381.094742,35569.687592,5069,0,0.00,79.2750,1.0000
12163737.0,7190.551739,28392.848075,35583.399814,5070,0,0.00,79.2875,1.0000
12163796.0,7190.617294,28393.241408,35583.858703,5071,0,0.00,79.3063,1.0000
12164319.0,7191.198406,28396.728075,35587.926481,5072,0,0.00,79.3203,1.0000
12164507.0,7191.407294,28397.981408,35589.388703,5073,0,0.00,79.3344,1.0000
12164510.0,7191.410628,28398.001408,35589.412036,5074,0,0.00,79.3516,1.0000
12165205.0,7192.182850,28402.634742,35594.817592,5075,0,0.00,79.3656,1.0000
12165308.0,7192.297294,28403.321408,35595.618703,5076,0,0.00,79.3828,1.0000
12165312.0,7192.301739,28403.348075,35595.649814,5077,0,0.00,79.4000,1.0000
12166331.0,7193.433961,28410.141408,35603.575369,5078,0,0.00,79.4172,1.0000
12166896.0,7194.061739,28413.908075,35607.969814,5079,0,0.00,79.4359,1.0000
12167111.0,7194.300628,28415.341408,35609.642036,5080,0,0.00,79.4531,1.0000
12168099.0,7195.398406,28421.928075,35617.326481,5081,0,0.00,79.4781,1.0000
12168103.0,7195.402850,28421.954742,35617.357592,5082,0,0.00,79.4906,1.0000
12168289.0,7195.609517,28423.194742,35618.804258,5083,0,0.00,79.5406,1.0000
12168863.0,7196.247294,28427.021408,35623.268703,5084,0,0.00,79.5906,1.0000
12169610.0,7197.077294,28432.001408,35629.078703,5085,0,0.00,79.6078,1.0000
12170009.0,7197.520628,28434.661408,35632.182036,5086,0,0.00,79.6219,1.0000
12170266.0,7197.806183,28436.374742,35634.180925,5087,0,0.00,79.6266,1.0000
12170335.0,7197.882850,28436.834742,35634.717592,5088,0,0.00,79.6391,1.0000
12171662.0,7199.357294,28445.681408,35645.038703,5089,0,0.00,79.6563,1.0000
12171704.0,7199.403961,28445.961408,35645.365369,5090,0,0.00,79.6734,1.0000
12171858.0,7199.575072,28446.988075,35646.563147,5091,0,0.00,79.6906,1.0000
12172506.0,7200.295072,28451.308075,35651.603147,5092,0,0.00,79.7094,1.0000
12172549.0,7200.342850,28451.594742,35651.937592,5093,0,0.00,79.7281,1.0000
12172609.0,7200.409517,28451.994742,35652.404258,5094,0,0.00,79.7469,1.0000
12172645.0,7200.449517,28452.234742,35652.684258,5095,0,0.00,79.7641,1.0000
12172646.0,7200.450628,28452.241408,35652.692036,5096,0,0.00,79.7828,1.0000
12172723.0,7200.536183,28452.754742,35653.290925,5097,0,0.00,79.8016,1.0000
12173162.0,7201.023961,28455.681408,35656.705369,5098,0,0.00,79.8188,1.0000
12173678.0,7201.597294,28459.121408,35660.718703,5099,0,0.00,79.8422,1.0000
12173996.0,7201.950628,28461.241408,35663.192036,5100,0,0.00,79.8656,1.0000
12174003.0,7201.958406,28461.288075,35663.246481,5101,0,0.00,79.8703,1.0000
12174085.0,7202.049517,28461.834742,35663.884258,5102,0,0.00,79.8891,1.0000
12174364.0,7202.359517,28463.694742,35666.054258,5103,0,0.00,79.9078,1.0000
12174371.0,7202.367294,28463.741408,35666.108703,5104,0,0.00,79.9266,1.0000
12174434.0,7202.437294,28464.161408,35666.598703,5105,0,0.00,79.9453,1.0000
12174652.0,7202.679517,28465.614742,35668.294258,5106,0,0.00,79.9625,1.0000
12174951.0,7203.011739,28467.608075,35670.619814,5107,0,0.00,79.9797,1.0000
12174993.0,7203.058406,28467.888075,35670.946481,5108,0,0.00,79.9969,1.0000
12175532.0,7203.657294,28471.481408,35675.138703,5109,0,0.00,80.0016,1.0000
12175696.0,7203.839517,28472.574742,35676.414258,5110,0,0.00,80.0188,1.0000
12175921.0,7204.089517,28474.074742,35678.164258,5111,0,0.00,80.0359,1.0000
12176615.0,7204.860628,28478.701408,35683.562036,5112,0,0.00,80.0531,1.0000
12176741.0,7205.000628,28479.541408,35684.542036,5113,0,0.00,80.0719,1.0000
12177171.0,7205.478406,28482.408075,35687.886481,5114,0,0.00,80.0891,1.0000
12177283.0,7205.602850,28483.154742,35688.757592,5115,0,0.00,80.1063,1.0000
12177374.0,7205.703961,28483.761408,35689.465369,5116,0,0.00,80.1297,1.0000
12177501.0,7205.845072,28484.608075,35690.453147,5117,0,0.00,80.1469,1.0000
12177501.0,7205.845072,28484.608075,35690.453147,5118,0,0.00,80.1641,1.0000
12177905.0,7206.293961,28487.301408,35693.595369,5119,0,0.00,80.1875,1.0000
12178214.0,7206.637294,28489.361408,35695.998703,5120,0,0.00,80.2047,1.0000
12178225.0,7206.649517,28489.434742,35696.084258,5121,0,0.00,80.2297,1.0000
12178306.0,7206.739517,28489.974742,35696.714258,5122,0,0.00,80.2438,1.0000
12178371.0,7206.811739,28490.408075,35697.219814,5123,0,0.00,80.2578,1.0000
12179232.0,7207.768406,28496.148075,35703.916481,5124,0,0.00,80.2641,1.0000
12180321.0,7208.978406,28503.408075,35712.386481,5125,0,0.00,80.2813,1.0000
12180333.0,7208.991739,28503.488075,35712.479814,5126,0,0.00,80.2859,1.0000
12180819.0,7209.531739,28506.728075,35716.259814,5127,0,0.00,80.2906,1.0000
12181366.0,7210.139517,28510.374742,35720.514258,5128,0,0.00,80.2953,1.0000
12181396.0,7210.172850,28510.574742,35720.747592,5129,0,0.00,80.3000,1.0000
12181631.0,7210.433961,28512.141408,35722.575369,5130,0,0.00,80.3172,1.0000
12181759.0,7210.576183,28512.994742,35723.570925,5131,0,0.00,80.3281,1.0000
12181865.0,7210.693961,28513.701408,35724.395369,5132,0,0.00,80.3469,1.0000
12182220.0,7211.088406,28516.068075,35727.156481,5133,0,0.00,80.3516,1.0000
12182295.0,7211.171739,28516.568075,35727.739814,5134,0,0.00,80.3563,1.0000
12182359.0,7211.242850,28516.994742,35728.237592,5135,0,0.00,80.3609,1.0000
12182754.0,7211.681739,28519.628075,35731.309814,5136,0,0.00,80.3797,1.0000
12185390.0,7214.610628,28537.201408,35751.812036,5137,0,0.00,80.4078,1.0000
12185774.0,7215.037294,28539.761408,35754.798703,5138,0,0.00,80.4359,1.0000
12186091.0,7215.389517,28541.874742,35757.264258,5139,0,0.00,80.4531,1.0000
12186136.0,7215.439517,28542.174742,35757.614258,5140,0,0.00,80.4703,1.0000
12186210.0,7215.521739,28542.668075,35758.189814,5141,0,0.00,80.4891,1.0000
12186465.0,7215.805072,28544.368075,35760.173147,5142,0,0.00,80.5016,1.0000
12186777.0,7216.151739,28546.448075,35762.599814,5143,0,0.00,80.5203,1.0000
12187021.0,7216.422850,28548.074742,35764.497592,5144,0,0.00,80.5484,1.0000
12187297.0,7216.729517,28549.914742,35766.644258,5145,0,0.00,80.5656,1.0000
12188787.0,7218.385072,28559.848075,35778.233147,5146,0,0.00,80.5891,1.0000
12189140.0,7218.777294,28562.201408,35780.978703,5147,0,0.00,80.6063,1.0000
12189577.0,7219.262850,28565.114742,35784.377592,5148,0,0.00,80.6250,1.0000
12189736.0,7219.439517,28566.174742,35785.614258,5149,0,0.00,80.6438,1.0000
12189741.0,7219.445072,28566.208075,35785.653147,5150,0,0.00,80.6625,1.0000
12189930.0,7219.655072,28567.468075,35787.123147,5151,0,0.00,80.6672,1.0000
12190644.0,7220.448406,28572.228075,35792.676481,5152,0,0.00,80.6844,1.0000
12190891.0,7220.722850,28573.874742,35794.597592,5153,0,0.00,80.7016,1.0000
12191046.0,7220.895072,28574.908075,35795.803147,5154,0,0.00,80.7188,1.0000
12191800.0,7221.732850,28579.934742,35801.667592,5155,0,0.00,80.7688,1.0000
12191801.0,7221.733961,28579.941408,35801.675369,5156,0,0.00,80.8188,1.0000
12192372.0,7222.368406,28583.748075,35806.116481,5157,0,0.00,80.8313,1.0000
12194720.0,7224.977294,28599.401408,35824.378703,5158,0,0.00,80.8438,1.0000
12194827.0,7225.096183,28600.114742,35825.210925,5159,0,0.00,80.8500,1.0000
12194858.0,7225.130628,28600.321408,35825.452036,5160,0,0.00,80.8594,1.0000
12194866.0,7225.139517,28600.374742,35825.514258,5161,0,0.00,80.8766,1.0000
12194939.0,7225.220628,28600.861408,35826.082036,5162,0,0.00,80.8938,1.0000
12195193.0,7225.502850,28602.554742,35828.057592,5163,0,0.00,80.9109,1.0000
12195640.0,7225.999517,28605.534742,35831.534258,5164,0,0.00,80.9250,1.0000
12195676.0,7226.039517,28605.774742,35831.814258,5165,0,0.00,80.9391,1.0000
12196100.0,7226.510628,28608.601408,35835.112036,5166,0,0.00,80.9531,1.0000
12197581.0,7228.156183,28618.474742,35846.630925,5167,0,0.00,80.9781,1.0000
12199649.0,7230.453961,28632.261408,35862.715369,5168,0,0.00,80.9969,1.0000
12199961.0,7230.800628,28634.341408,35865.142036,5169,0,0.00,81.0109,1.0000
12200037.0,7230.885072,28634.848075,35865.733147,5170,0,0.00,81.0250,1.0000
12200388.0,7231.275072,28637.188075,35868.463147,5171,0,0.00,81.0391,1.0000
12200494.0,7231.392850,28637.894742,35869.287592,5172,0,0.00,81.2266,1.0000
12200557.0,7231.462850,28638.314742,35869.777592,5173,0,0.00,81.2359,1.0000
12201926.0,7232.983961,28647.441408,35880.425369,5174,0,0.00,81.2500,1.0000
12202585.0,7233.716183,28651.834742,35885.550925,5175,0,0.00,81.2625,1.0000
12202897.0,7234.062850,28653.914742,35887.977592,5176,0,0.00,81.2766,1.0000
12203014.0,7234.192850,28654.694742,35888.887592,5177,0,0.00,81.2828,1.0000
12204311.0,7235.633961,28663.341408,35898.975369,5178,0,0.00,81.2969,1.0000
12204373.0,7235.702850,28663.754742,35899.457592,5179,0,0.00,81.3109,1.0000
12204444.0,7235.781739,28664.228075,35900.009814,5180,0,0.00,81.3250,1.0000
12204866.0,7236.250628,28667.041408,35903.292036,5181,0,0.00,81.3375,1.0000
12205059.0,7236.465072,28668.328075,35904.793147,5182,0,0.00,81.3516,1.0000
12205072.0,7236.479517,28668.414742,35904.894258,5183,0,0.00,81.3656,1.0000
12205190.0,7236.610628,28669.201408,35905.812036,5184,0,0.00,81.3703,1.0000
12205878.0,7237.375072,28673.788075,35911.163147,5185,0,0.00,81.3875,1.0000
12206019.0,7237.531739,28674.728075,35912.259814,5186,0,0.00,81.4250,1.0000
12206066.0,7237.583961,28675.041408,35912.625369,5187,0,0.00,81.4422,1.0000
12206655.0,7238.238406,28678.968075,35917.206481,5188,0,0.00,81.4797,1.0000
12207361.0,7239.022850,28683.674742,35922.697592,5189,0,0.00,81.4844,1.0000
12208439.0,7240.220628,28690.861408,35931.082036,5190,0,0.00,81.4984,1.0000
12209144.0,7241.003961,28695.561408,35936.565369,5191,0,0.00,81.5125,1.0000
12209799.0,7241.731739,28699.928075,35941.659814,5192,0,0.00,81.5500,1.0000
12210947.0,7243.007294,28707.581408,35950.588703,5193,0,0.00,81.5641,1.0000
12212039.0,7244.220628,28714.861408,35959.082036,5194,0,0.00,81.5813,1.0000
12212789.0,7245.053961,28719.861408,35964.915369,5195,0,0.00,81.5938,1.0000
12213388.0,7245.719517,28723.854742,35969.574258,5196,0,0.00,81.6156,1.0000
12213388.0,7245.719517,28723.854742,35969.574258,5197,0,0.00,81.6375,1.0000
12213392.0,7245.723961,28723.881408,35969.605369,5198,0,0.00,81.6422,1.0000
12213411.0,7245.745072,28724.008075,35969.753147,5199,0,0.00,81.6641,1.0000
12215373.0,7247.925072,28737.088075,35985.013147,5200,0,0.00,81.6734,1.0000
12216059.0,7248.687294,28741.661408,35990.348703,5201,0,0.00,81.6906,1.0000
12216064.0,7248.692850,28741.694742,35990.387592,5202,0,0.00,81.7078,1.0000
12218672.0,7251.590628,28759.081408,36010.672036,5203,0,0.00,81.7297,1.0000
12220267.0,7253.362850,28769.714742,36023.077592,5204,0,0.00,81.7359,1.0000
12222522.0,7255.868406,28784.748075,36040.616481,5205,0,0.00,81.7734,1.0000
12223225.0,7256.649517,28789.434742,36046.084258,5206,0,0.00,81.7797,1.0000
12224524.0,7258.092850,28798.094742,36056.187592,5207,0,0.00,81.8172,1.0000
12225106.0,7258.739517,28801.974742,36060.714258,5208,0,0.00,81.8547,1.0000
12226207.0,7259.962850,28809.314742,36069.277592,5209,0,0.00,81.8922,1.0000
12227159.0,7261.020628,28815.661408,36076.682036,5210,0,0.00,81.8984,1.0000
12227669.0,7261.587294,28819.061408,36080.648703,5211,0,0.00,81.9109,1.0000
12228040.0,7261.999517,28821.534742,36083.534258,5212,0,0.00,81.9141,1.0000
12228055.0,7262.016183,28821.634742,36083.650925,5213,0,0.00,81.9359,1.0000
12228758.0,7262.797294,28826.321408,36089.118703,5214,0,0.00,81.9547,1.0000
12228760.0,7262.799517,28826.334742,36089.134258,5215,0,0.00,81.9578,1.0000
12228943.0,7263.002850,28827.554742,36090.557592,5216,0,0.00,81.9703,1.0000
12230616.0,7264.861739,28838.708075,36103.569814,5217,0,0.00,81.9891,1.0000
12234598.0,7269.286183,28865.254742,36134.540925,5218,0,0.00,82.0016,1.0000
12236153.0,7271.013961,28875.621408,36146.635369,5219,0,0.00,82.0234,1.0000
12236645.0,7271.560628,28878.901408,36150.462036,5220,0,0.00,82.0297,1.0000
12237368.0,7272.363961,28883.721408,36156.085369,5221,0,0.00,82.0359,1.0000
12238569.0,7273.698406,28891.728075,36165.426481,5222,0,0.00,82.0484,1.0000
12238570.0,7273.699517,28891.734742,36165.434258,5223,0,0.00,82.0609,1.0000
12238576.0,7273.706183,28891.774742,36165.480925,5224,0,0.00,82.0734,1.0000
12239435.0,7274.660628,28897.501408,36172.162036,5225,0,0.00,82.0859,1.0000
12239700.0,7274.955072,28899.268075,36174.223147,5226,0,0.00,82.0984,1.0000
12239944.0,7275.226183,28900.894742,36176.120925,5227,0,0.00,82.1484,1.0000
12240521.0,7275.867294,28904.741408,36180.608703,5228,0,0.00,82.1984,1.0000
12240695.0,7276.060628,28905.901408,36181.962036,5229,0,0.00,82.2219,1.0000
12240698.0,7276.063961,28905.921408,36181.985369,5230,0,0.00,82.2453,1.0000
12240843.0,7276.225072,28906.888075,36183.113147,5231,0,0.00,82.2500,1.0000
12244809.0,7280.631739,28933.328075,36213.959814,5232,0,0.00,82.2719,1.0000
12244917.0,7280.751739,28934.048075,36214.799814,5233,0,0.00,82.2844,1.0000
12244942.0,7280.779517,28934.214742,36214.994258,5234,0,0.00,82.2891,1.0000
12246891.0,7282.945072,28947.208075,36230.153147,5235,0,0.00,82.3063,1.0000
12247492.0,7283.612850,28951.214742,36234.827592,5236,0,0.00,82.3234,1.0000
12247493.0,7283.613961,28951.221408,36234.835369,5237,0,0.00,82.3281,1.0000
12248368.0,7284.586183,28957.054742,36241.640925,5238,0,0.00,82.3500,1.0000
12248563.0,7284.802850,28958.354742,36243.157592,5239,0,0.00,82.3672,1.0000
12248961.0,7285.245072,28961.008075,36246.253147,5240,0,0.00,82.3719,1.0000
12249012.0,7285.301739,28961.348075,36246.649814,5241,0,0.00,82.3891,1.0000
12249124.0,7285.426183,28962.094742,36247.520925,5242,0,0.00,82.3938,1.0000
12249191.0,7285.500628,28962.541408,36248.042036,5243,0,0.00,82.4109,1.0000
12249856.0,7286.239517,28966.974742,36253.214258,5244,0,0.00,82.4328,1.0000
12249953.0,7286.347294,28967.621408,36253.968703,5245,0,0.00,82.4500,1.0000
12250527.0,7286.985072,28971.448075,36258.433147,5246,0,0.00,82.4672,1.0000
12250599.0,7287.065072,28971.928075,36258.993147,5247,0,0.00,82.4891,1.0000
12250817.0,7287.307294,28973.381408,36260.688703,5248,0,0.00,82.5063,1.0000
12250859.0,7287.353961,28973.661408,36261.015369,5249,0,0.00,82.5234,1.0000
12251254.0,7287.792850,28976.294742,36264.087592,5250,0,0.00,82.5281,1.0000
12251264.0,7287.803961,28976.361408,36264.165369,5251,0,0.00,82.5406,1.0000
12251281.0,7287.822850,28976.474742,36264.297592,5252,0,0.00,82.5453,1.0000
12251282.0,7287.823961,28976.481408,36264.305369,5253,0,0.00,82.5578,1.0000
12251282.0,7287.823961,28976.481408,36264.305369,5254,0,0.00,82.5625,1.0000
12251306.0,7287.850628,28976.641408,36264.492036,5255,0,0.00,82.5797,1.0000
12251429.0,7287.987294,28977.461408,36265.448703,5256,0,0.00,82.5969,1.0000
12251814.0,7288.415072,28980.028075,36268.443147,5257,0,0.00,82.6016,1.0000
12251938.0,7288.552850,28980.854742,36269.407592,5258,0,0.00,82.6141,1.0000
12251986.0,7288.606183,28981.174742,36269.780925,5259,0,0.00,82.6313,1.0000
12252028.0,7288.652850,28981.454742,36270.107592,5260,0,0.00,82.6484,1.0000
12252273.0,7288.925072,28983.088075,36272.013147,5261,0,0.00,82.6672,1.0000
12253549.0,7290.342850,28991.594742,36281.937592,5262,0,0.00,82.6844,1.0000
12254263.0,7291.136183,28996.354742,36287.490925,5263,0,0.00,82.7078,1.0000
12254747.0,7291.673961,28999.581408,36291.255369,5264,0,0.00,82.7297,1.0000
12255792.0,7292.835072,29006.548075,36299.383147,5265,0,0.00,82.7422,1.0000
12255947.0,7293.007294,29007.581408,36300.588703,5266,0,0.00,82.7656,1.0000
12256144.0,7293.226183,29008.894742,36302.120925,5267,0,0.00,82.7797,1.0000
12256173.0,7293.258406,29009.088075,36302.346481,5268,0,0.00,82.7984,1.0000
12256226.0,7293.317294,29009.441408,36302.758703,5269,0,0.00,82.8125,1.0000
12256257.0,7293.351739,29009.648075,36302.999814,5270,0,0.00,82.8266,1.0000
12256266.0,7293.361739,29009.708075,36303.069814,5271,0,0.00,82.8406,1.0000
12256292.0,7293.390628,29009.881408,36303.272036,5272,0,0.00,82.8547,1.0000
12256390.0,7293.499517,29010.534742,36304.034258,5273,0,0.00,82.8688,1.0000
12258236.0,7295.550628,29022.841408,36318.392036,5274,0,0.00,82.8906,1.0000
12258379.0,7295.709517,29023.794742,36319.504258,5275,0,0.00,82.8953,1.0000
12258510.0,7295.855072,29024.668075,36320.523147,5276,0,0.00,82.9125,1.0000
12258719.0,7296.087294,29026.061408,36322.148703,5277,0,0.00,82.9266,1.0000
12258884.0,7296.270628,29027.161408,36323.432036,5278,0,0.00,82.9438,1.0000
12259241.0,7296.667294,29029.541408,36326.208703,5279,0,0.00,82.9578,1.0000
12259610.0,7297.077294,29032.001408,36329.078703,5280,0,0.00,82.9719,1.0000
12260049.0,7297.565072,29034.928075,36332.493147,5281,0,0.00,82.9891,1.0000
12260260.0,7297.799517,29036.334742,36334.134258,5282,0,0.00,83.0063,1.0000
12260581.0,7298.156183,29038.474742,36336.630925,5283,0,0.00,83.0234,1.0000
12261017.0,7298.640628,29041.381408,36340.022036,5284,0,0.00,83.0281,1.0000
12261683.0,7299.380628,29045.821408,36345.202036,5285,0,0.00,83.0453,1.0000
12261708.0,7299.408406,29045.988075,36345.396481,5286,0,0.00,83.0625,1.0000
12261801.0,7299.511739,29046.608075,36346.119814,5287,0,0.00,83.0797,1.0000
12261831.0,7299.545072,29046.808075,36346.353147,5288,0,0.00,83.0969,1.0000
12261847.0,7299.562850,29046.914742,36346.477592,5289,0,0.00,83.1141,1.0000
12261886.0,7299.606183,29047.174742,36346.780925,5290,0,0.00,83.1313,1.0000
12261994.0,7299.726183,29047.894742,36347.620925,5291,0,0.00,83.1500,1.0000
12262769.0,7300.587294,29053.061408,36353.648703,5292,0,0.00,83.2000,1.0000
12264934.0,7302.992850,29067.494742,36370.487592,5293,0,0.00,83.2172,1.0000
12266429.0,7304.653961,29077.461408,36382.115369,5294,0,0.00,83.2297,1.0000
12268240.0,7306.666183,29089.534742,36396.200925,5295,0,0.00,83.2469,1.0000
12268438.0,7306.886183,29090.854742,36397.740925,5296,0,0.00,83.2641,1.0000
12268440.0,7306.888406,29090.868075,36397.756481,5297,0,0.00,83.2813,1.0000
12268768.0,7307.252850,29093.054742,36400.307592,5298,0,0.00,83.2984,1.0000
12270987.0,7309.718406,29107.848075,36417.566481,5299,0,0.00,83.3156,1.0000
12271596.0,7310.395072,29111.908075,36422.303147,5300,0,0.00,83.3188,1.0000
12271997.0,7310.840628,29114.581408,36425.422036,5301,0,0.00,83.3359,1.0000
12272194.0,7311.059517,29115.894742,36426.954258,5302,0,0.00,83.3531,1.0000
12272561.0,7311.467294,29118.341408,36429.808703,5303,0,0.00,83.3703,1.0000
12273606.0,7312.628406,29125.308075,36437.936481,5304,0,0.00,83.3875,1.0000
12273645.0,7312.671739,29125.568075,36438.239814,5305,0,0.00,83.4047,1.0000
12274228.0,7313.319517,29129.454742,36442.774258,5306,0,0.00,83.4219,1.0000
12274466.0,7313.583961,29131.041408,36444.625369,5307,0,0.00,83.4391,1.0000
12275259.0,7314.465072,29136.328075,36450.793147,5308,0,0.00,83.4563,1.0000
12275328.0,7314.541739,29136.788075,36451.329814,5309,0,0.00,83.4734,1.0000
12275509.0,7314.742850,29137.994742,36452.737592,5310,0,0.00,83.4906,1.0000
12275513.0,7314.747294,29138.021408,36452.768703,5311,0,0.00,83.5078,1.0000
12276190.0,7315.499517,29142.534742,36458.034258,5312,0,0.00,83.5250,1.0000
12279135.0,7318.771739,29162.168075,36480.939814,5313,0,0.00,83.5422,1.0000
12279525.0,7319.205072,29164.768075,36483.973147,5314,0,0.00,83.5594,1.0000
12279634.0,7319.326183,29165.494742,36484.820925,5315,0,0.00,83.5766,1.0000
12280241.0,7320.000628,29169.541408,36489.542036,5316,0,0.00,83.5938,1.0000
12282038.0,7321.997294,29181.521408,36503.518703,5317,0,0.00,83.6125,1.0000
12283866.0,7324.028406,29193.708075,36517.736481,5318,0,0.00,83.6297,1.0000
12283883.0,7324.047294,29193.821408,36517.868703,5319,0,0.00,83.6469,1.0000
12284077.0,7324.262850,29195.114742,36519.377592,5320,0,0.00,83.6656,1.0000
12284317.0,7324.529517,29196.714742,36521.244258,5321,0,0.00,83.6844,1.0000
12284858.0,7325.130628,29200.321408,36525.452036,5322,0,0.00,83.6969,1.0000
12285042.0,7325.335072,29201.548075,36526.883147,5323,0,0.00,83.7094,1.0000
12287256.0,7327.795072,29216.308075,36544.103147,5324,0,0.00,83.7594,1.0000
12287485.0,7328.049517,29217.834742,36545.884258,5325,0,0.00,83.7969,1.0000
12287731.0,7328.322850,29219.474742,36547.797592,5326,0,0.00,83.8344,1.0000
12287852.0,7328.457294,29220.281408,36548.738703,5327,0,0.00,83.8844,1.0000
12287852.0,7328.457294,29220.281408,36548.738703,5328,0,0.00,83.9344,1.0000
12288160.0,7328.799517,29222.334742,36551.134258,5329,0,0.00,83.9531,1.0000
12289952.0,7330.790628,29234.281408,36565.072036,5330,0,0.00,83.9906,1.0000
12291189.0,7332.165072,29242.528075,36574.693147,5331,0,0.00,84.0281,1.0000
12291449.0,7332.453961,29244.261408,36576.715369,5332,0,0.00,84.0656,1.0000
12293899.0,7335.176183,29260.594742,36595.770925,5333,0,0.00,84.1031,1.0000
12294684.0,7336.048406,29265.828075,36601.876481,5334,0,0.00,84.1094,1.0000
12294686.0,7336.050628,29265.841408,36601.892036,5335,0,0.00,84.1156,1.0000
12295953.0,7337.458406,29274.288075,36611.746481,5336,0,0.00,84.1281,1.0000
12297006.0,7338.628406,29281.308075,36619.936481,5337,0,0.00,84.1656,1.0000
12297664.0,7339.359517,29285.694742,36625.054258,5338,0,0.00,84.2031,1.0000
12299149.0,7341.009517,29295.594742,36636.604258,5339,0,0.00,84.2156,1.0000
12300933.0,7342.991739,29307.488075,36650.479814,5340,0,0.00,84.2250,1.0000
12301268.0,7343.363961,29309.721408,36653.085369,5341,0,0.00,84.2422,1.0000
12302339.0,7344.553961,29316.861408,36661.415369,5342,0,0.00,84.2484,1.0000
12302769.0,7345.031739,29319.728075,36664.759814,5343,0,0.00,84.2859,1.0000
12306236.0,7348.883961,29342.841408,36691.725369,5344,0,0.00,84.2922,1.0000
12306288.0,7348.941739,29343.188075,36692.129814,5345,0,0.00,84.2984,1.0000
12306391.0,7349.056183,29343.874742,36692.930925,5346,0,0.00,84.3047,1.0000
12306661.0,7349.356183,29345.674742,36695.030925,5347,0,0.00,84.3109,1.0000
12307080.0,7349.821739,29348.468075,36698.289814,5348,0,0.00,84.3484,1.0000
12310608.0,7353.741739,29371.988075,36725.729814,5349,0,0.00,84.3984,1.0000
12310609.0,7353.742850,29371.994742,36725.737592,5350,0,0.00,84.4484,1.0000
12311183.0,7354.380628,29375.821408,36730.202036,5351,0,0.00,84.4859,1.0000
12313656.0,7357.128406,29392.308075,36749.436481,5352,0,0.00,84.4953,1.0000
12319522.0,7363.646183,29431.414742,36795.060925,5353,0,0.00,84.5453,1.0000
12320042.0,7364.223961,29434.881408,36799.105369,5354,0,0.00,84.5703,1.0000
12320930.0,7365.210628,29440.801408,36806.012036,5355,0,0.00,84.5766,1.0000
12324831.0,7369.545072,29466.808075,36836.353147,5356,0,0.00,84.5891,1.0000
12324832.0,7369.546183,29466.814742,36836.360925,5357,0,0.00,84.6016,1.0000
12324833.0,7369.547294,29466.821408,36836.368703,5358,0,0.00,84.6141,1.0000
12324837.0,7369.551739,29466.848075,36836.399814,5359,0,0.00,84.6266,1.0000
12324854.0,7369.570628,29466.961408,36836.532036,5360,0,0.00,84.6391,1.0000
12324854.0,7369.570628,29466.961408,36836.532036,5361,0,0.00,84.6516,1.0000
12330385.0,7375.716183,29503.834742,36879.550925,5362,0,0.00,84.6641,1.0000
12330573.0,7375.925072,29505.088075,36881.013147,5363,0,0.00,84.6828,1.0000
12334015.0,7379.749517,29528.034742,36907.784258,5364,0,0.00,84.7000,1.0000
12334969.0,7380.809517,29534.394742,36915.204258,5365,0,0.00,84.7063,1.0000
12335001.0,7380.845072,29534.608075,36915.453147,5366,0,0.00,84.7563,1.0000
12336224.0,7382.203961,29542.761408,36924.965369,5367,0,0.00,84.7625,1.0000
12336270.0,7382.255072,29543.068075,36925.323147,5368,0,0.00,84.7797,1.0000
12336428.0,7382.430628,29544.121408,36926.552036,5369,0,0.00,84.7969,1.0000
12336580.0,7382.599517,29545.134742,36927.734258,5370,0,0.00,84.8156,1.0000
12337807.0,7383.962850,29553.314742,36937.277592,5371,0,0.00,84.8219,1.0000
12337808.0,7383.963961,29553.321408,36937.285369,5372,0,0.00,84.8281,1.0000
12337838.0,7383.997294,29553.521408,36937.518703,5373,0,0.00,84.8406,1.0000
12338674.0,7384.926183,29559.094742,36944.020925,5374,0,0.00,84.8500,1.0000
12338827.0,7385.096183,29560.114742,36945.210925,5375,0,0.00,84.8563,1.0000
12340356.0,7386.795072,29570.308075,36957.103147,5376,0,0.00,84.8688,1.0000
12340366.0,7386.806183,29570.374742,36957.180925,5377,0,0.00,84.8859,1.0000
12340658.0,7387.130628,29572.321408,36959.452036,5378,0,0.00,84.9031,1.0000
12342290.0,7388.943961,29583.201408,36972.145369,5379,0,0.00,84.9203,1.0000
12342443.0,7389.113961,29584.221408,36973.335369,5380,0,0.00,84.9375,1.0000
12344558.0,7391.463961,29598.321408,36989.785369,5381,0,0.00,84.9625,1.0000
12345206.0,7392.183961,29602.641408,36994.825369,5382,0,0.00,84.9797,1.0000
12346873.0,7394.036183,29613.754742,37007.790925,5383,0,0.00,84.9969,1.0000
12347026.0,7394.206183,29614.774742,37008.980925,5384,0,0.00,85.0141,1.0000
12347048.0,7394.230628,29614.921408,37009.152036,5385,0,0.00,85.0313,1.0000
12347122.0,7394.312850,29615.414742,37009.727592,5386,0,0.00,85.0484,1.0000
12347148.0,7394.341739,29615.588075,37009.929814,5387,0,0.00,85.0656,1.0000
12347555.0,7394.793961,29618.301408,37013.095369,5388,0,0.00,85.0844,1.0000
12347558.0,7394.797294,29618.321408,37013.118703,5389,0,0.00,85.1016,1.0000
12349891.0,7397.389517,29633.874742,37031.264258,5390,0,0.00,85.1188,1.0000
12350922.0,7398.535072,29640.748075,37039.283147,5391,0,0.00,85.1250,1.0000
12351453.0,7399.125072,29644.288075,37043.413147,5392,0,0.00,85.1344,1.0000
12352440.0,7400.221739,29650.868075,37051.089814,5393,0,0.00,85.1516,1.0000
12354012.0,7401.968406,29661.348075,37063.316481,5394,0,0.00,85.1688,1.0000
12354223.0,7402.202850,29662.754742,37064.957592,5395,0,0.00,85.1875,1.0000
12354350.0,7402.343961,29663.601408,37065.945369,5396,0,0.00,85.2000,1.0000
12354794.0,7402.837294,29666.561408,37069.398703,5397,0,0.00,85.2172,1.0000
12354992.0,7403.057294,29667.881408,37070.938703,5398,0,0.00,85.2297,1.0000
12355045.0,7403.116183,29668.234742,37071.350925,5399,0,0.00,85.2422,1.0000
12355537.0,7403.662850,29671.514742,37075.177592,5400,0,0.00,85.2547,1.0000
12356440.0,7404.666183,29677.534742,37082.200925,5401,0,0.00,85.2719,1.0000
12356870.0,7405.143961,29680.401408,37085.545369,5402,0,0.00,85.2891,1.0000
12357063.0,7405.358406,29681.688075,37087.046481,5403,0,0.00,85.3141,1.0000
12357179.0,7405.487294,29682.461408,37087.948703,5404,0,0.00,85.3641,1.0000
12357720.0,7406.088406,29686.068075,37092.156481,5405,0,0.00,85.3859,1.0000
12357761.0,7406.133961,29686.341408,37092.475369,5406,0,0.00,85.4359,1.0000
12357768.0,7406.141739,29686.388075,37092.529814,5407,0,0.00,85.4578,1.0000
12357769.0,7406.142850,29686.394742,37092.537592,5408,0,0.00,85.4797,1.0000
12357772.0,7406.146183,29686.414742,37092.560925,5409,0,0.00,85.5016,1.0000
12358043.0,7406.447294,29688.221408,37094.668703,5410,0,0.00,85.5188,1.0000
12358641.0,7407.111739,29692.208075,37099.319814,5411,0,0.00,85.5422,1.0000
12360527.0,7409.207294,29704.781408,37113.988703,5412,0,0.00,85.5641,1.0000
12360576.0,7409.261739,29705.108075,37114.369814,5413,0,0.00,85.5859,1.0000
12362598.0,7411.508406,29718.588075,37130.096481,5414,0,0.00,85.6031,1.0000
12362722.0,7411.646183,29719.414742,37131.060925,5415,0,0.00,85.6250,1.0000
12364786.0,7413.939517,29733.174742,37147.114258,5416,0,0.00,85.6469,1.0000
12365609.0,7414.853961,29738.661408,37153.515369,5417,0,0.00,85.6641,1.0000
12365900.0,7415.177294,29740.601408,37155.778703,5418,0,0.00,85.6813,1.0000
12366007.0,7415.296183,29741.314742,37156.610925,5419,0,0.00,85.6859,1.0000
12366450.0,7415.788406,29744.268075,37160.056481,5420,0,0.00,85.6906,1.0000
12366482.0,7415.823961,29744.481408,37160.305369,5421,0,0.00,85.7078,1.0000
12366487.0,7415.829517,29744.514742,37160.344258,5422,0,0.00,85.7250,1.0000
12366631.0,7415.989517,29745.474742,37161.464258,5423,0,0.00,85.7375,1.0000
12368014.0,7417.526183,29754.694742,37172.220925,5424,0,0.00,85.7750,1.0000
12368306.0,7417.850628,29756.641408,37174.492036,5425,0,0.00,85.7969,1.0000
12368306.0,7417.850628,29756.641408,37174.492036,5426,0,0.00,85.8188,1.0000
12368306.0,7417.850628,29756.641408,37174.492036,5427,0,0.00,85.8406,1.0000
12369034.0,7418.659517,29761.494742,37180.154258,5428,0,0.00,85.8594,1.0000
12369536.0,7419.217294,29764.841408,37184.058703,5429,0,0.00,85.8969,1.0000
12371595.0,7421.505072,29778.568075,37200.073147,5430,0,0.00,85.9141,1.0000
12372191.0,7422.167294,29782.541408,37204.708703,5431,0,0.00,85.9313,1.0000
12372295.0,7422.282850,29783.234742,37205.517592,5432,0,0.00,85.9438,1.0000
12372831.0,7422.878406,29786.808075,37209.686481,5433,0,0.00,85.9563,1.0000
12373319.0,7423.420628,29790.061408,37213.482036,5434,0,0.00,85.9609,1.0000
12374117.0,7424.307294,29795.381408,37219.688703,5435,0,0.00,85.9781,1.0000
12374152.0,7424.346183,29795.614742,37219.960925,5436,0,0.00,85.9953,1.0000
12374176.0,7424.372850,29795.774742,37220.147592,5437,0,0.00,86.0125,1.0000
12374186.0,7424.383961,29795.841408,37220.225369,5438,0,0.00,86.0500,1.0000
12374443.0,7424.669517,29797.554742,37222.224258,5439,0,0.00,86.0672,1.0000
12374784.0,7425.048406,29799.828075,37224.876481,5440,0,0.00,86.0797,1.0000
12375521.0,7425.867294,29804.741408,37230.608703,5441,0,0.00,86.0922,1.0000
12376606.0,7427.072850,29811.974742,37239.047592,5442,0,0.00,86.1141,1.0000
12376887.0,7427.385072,29813.848075,37241.233147,5443,0,0.00,86.1359,1.0000
12377858.0,7428.463961,29820.321408,37248.785369,5444,0,0.00,86.1547,1.0000
12379849.0,7430.676183,29833.594742,37264.270925,5445,0,0.00,86.1766,1.0000
12380535.0,7431.438406,29838.168075,37269.606481,5446,0,0.00,86.1984,1.0000
12381102.0,7432.068406,29841.948075,37274.016481,5447,0,0.00,86.2484,1.0000
12381102.0,7432.068406,29841.948075,37274.016481,5448,0,0.00,86.2984,1.0000
12381675.0,7432.705072,29845.768075,37278.473147,5449,0,0.00,86.3484,1.0000
12382411.0,7433.522850,29850.674742,37284.197592,5450,0,0.00,86.3609,1.0000
12382414.0,7433.526183,29850.694742,37284.220925,5451,0,0.00,86.3734,1.0000
12382417.0,7433.529517,29850.714742,37284.244258,5452,0,0.00,86.3859,1.0000
12384122.0,7435.423961,29862.081408,37297.505369,5453,0,0.00,86.4234,1.0000
12384399.0,7435.731739,29863.928075,37299.659814,5454,0,0.00,86.4453,1.0000
12384449.0,7435.787294,29864.261408,37300.048703,5455,0,0.00,86.4672,1.0000
12384450.0,7435.788406,29864.268075,37300.056481,5456,0,0.00,86.4891,1.0000
12384818.0,7436.197294,29866.721408,37302.918703,5457,0,0.00,86.5266,1.0000
12385325.0,7436.760628,29870.101408,37306.862036,5458,0,0.00,86.5484,1.0000
12385576.0,7437.039517,29871.774742,37308.814258,5459,0,0.00,86.5609,1.0000
12385922.0,7437.423961,29874.081408,37311.505369,5460,0,0.00,86.5734,1.0000
12386100.0,7437.621739,29875.268075,37312.889814,5461,0,0.00,86.5906,1.0000
12386145.0,7437.671739,29875.568075,37313.239814,5462,0,0.00,86.6031,1.0000
12386254.0,7437.792850,29876.294742,37314.087592,5463,0,0.00,86.6219,1.0000
12386526.0,7438.095072,29878.108075,37316.203147,5464,0,0.00,86.6391,1.0000
12387648.0,7439.341739,29885.588075,37324.929814,5465,0,0.00,86.6625,1.0000
12391280.0,7443.377294,29909.801408,37353.178703,5466,0,0.00,86.7000,1.0000
12392315.0,7444.527294,29916.701408,37361.228703,5467,0,0.00,86.7125,1.0000
12393486.0,7445.828406,29924.508075,37370.336481,5468,0,0.00,86.7344,1.0000
12393728.0,7446.097294,29926.121408,37372.218703,5469,0,0.00,86.7406,1.0000
12393976.0,7446.372850,29927.774742,37374.147592,5470,0,0.00,86.7781,1.0000
12393996.0,7446.395072,29927.908075,37374.303147,5471,0,0.00,86.7844,1.0000
12394047.0,7446.451739,29928.248075,37374.699814,5472,0,0.00,86.8063,1.0000
12394085.0,7446.493961,29928.501408,37374.995369,5473,0,0.00,86.8281,1.0000
12394264.0,7446.692850,29929.694742,37376.387592,5474,0,0.00,86.8500,1.0000
12394704.0,7447.181739,29932.628075,37379.809814,5475,0,0.00,86.8719,1.0000
12395790.0,7448.388406,29939.868075,37388.256481,5476,0,0.00,86.8781,1.0000
12395848.0,7448.452850,29940.254742,37388.707592,5477,0,0.00,86.8875,1.0000
12396274.0,7448.926183,29943.094742,37392.020925,5478,0,0.00,86.9063,1.0000
12396588.0,7449.275072,29945.188075,37394.463147,5479,0,0.00,86.9438,1.0000
12397220.0,7449.977294,29949.401408,37399.378703,5480,0,0.00,86.9531,1.0000
12397221.0,7449.978406,29949.408075,37399.386481,5481,0,0.00,86.9625,1.0000
12398373.0,7451.258406,29957.088075,37408.346481,5482,0,0.00,86.9813,1.0000
12398378.0,7451.263961,29957.121408,37408.385369,5483,0,0.00,86.9875,1.0000
12401413.0,7454.636183,29977.354742,37431.990925,5484,0,0.00,87.0250,1.0000
12403853.0,7457.347294,29993.621408,37450.968703,5485,0,0.00,87.0750,1.0000
12403856.0,7457.350628,29993.641408,37450.992036,5486,0,0.00,87.1250,1.0000
12404671.0,7458.256183,29999.074742,37457.330925,5487,0,0.00,87.1750,1.0000
12404671.0,7458.256183,29999.074742,37457.330925,5488,0,0.00,87.2250,1.0000
12404671.0,7458.256183,29999.074742,37457.330925,5489,0,0.00,87.2750,1.0000
12404672.0,7458.257294,29999.081408,37457.338703,5490,0,0.00,87.3250,1.0000
12405366.0,7459.028406,30003.708075,37462.736481,5491,0,0.00,87.3750,1.0000
12407237.0,7461.107294,30016.181408,37477.288703,5492,0,0.00,87.3813,1.0000
12410676.0,7464.928406,30039.108075,37504.036481,5493,0,0.00,87.3938,1.0000
12411255.0,7465.571739,30042.968075,37508.539814,5494,0,0.00,87.4063,1.0000
12411275.0,7465.593961,30043.101408,37508.695369,5495,0,0.00,87.4188,1.0000
12412976.0,7467.483961,30054.441408,37521.925369,5496,0,0.00,87.4313,1.0000
12413439.0,7467.998406,30057.528075,37525.526481,5497,0,0.00,87.4500,1.0000
12414281.0,7468.933961,30063.141408,37532.075369,5498,0,0.00,87.4750,1.0000
12414316.0,7468.972850,30063.374742,37532.347592,5499,0,0.00,87.4813,1.0000
12414428.0,7469.097294,30064.121408,37533.218703,5500,0,0.00,87.5188,1.0000
12414939.0,7469.665072,30067.528075,37537.193147,5501,0,0.00,87.5250,1.0000
12416010.0,7470.855072,30074.668075,37545.523147,5502,0,0.00,87.5625,1.0000
12416266.0,7471.139517,30076.374742,37547.514258,5503,0,0.00,87.5688,1.0000
12416750.0,7471.677294,30079.601408,37551.278703,5504,0,0.00,87.5859,1.0000
12416789.0,7471.720628,30079.861408,37551.582036,5505,0,0.00,87.5922,1.0000
12418236.0,7473.328406,30089.508075,37562.836481,5506,0,0.00,87.6047,1.0000
12418327.0,7473.429517,30090.114742,37563.544258,5507,0,0.00,87.6109,1.0000
12418657.0,7473.796183,30092.314742,37566.110925,5508,0,0.00,87.6297,1.0000
12418913.0,7474.080628,30094.021408,37568.102036,5509,0,0.00,87.6469,1.0000
12419172.0,7474.368406,30095.748075,37570.116481,5510,0,0.00,87.6641,1.0000
12420105.0,7475.405072,30101.968075,37577.373147,5511,0,0.00,87.6703,1.0000
12420544.0,7475.892850,30104.894742,37580.787592,5512,0,0.00,87.6828,1.0000
12421538.0,7476.997294,30111.521408,37588.518703,5513,0,0.00,87.7000,1.0000
12421596.0,7477.061739,30111.908075,37588.969814,5514,0,0.00,87.7250,1.0000
12421701.0,7477.178406,30112.608075,37589.786481,5515,0,0.00,87.7375,1.0000
12421704.0,7477.181739,30112.628075,37589.809814,5516,0,0.00,87.7656,1.0000
12421855.0,7477.349517,30113.634742,37590.984258,5517,0,0.00,87.7781,1.0000
12422412.0,7477.968406,30117.348075,37595.316481,5518,0,0.00,87.7953,1.0000
12422966.0,7478.583961,30121.041408,37599.625369,5519,0,0.00,87.8016,1.0000
12423116.0,7478.750628,30122.041408,37600.792036,5520,0,0.00,87.8297,1.0000
12423801.0,7479.511739,30126.608075,37606.119814,5521,0,0.00,87.8469,1.0000
12423830.0,7479.543961,30126.801408,37606.345369,5522,0,0.00,87.8641,1.0000
12423832.0,7479.546183,30126.814742,37606.360925,5523,0,0.00,87.8813,1.0000
12423859.0,7479.576183,30126.994742,37606.570925,5524,0,0.00,87.8984,1.0000
12423925.0,7479.649517,30127.434742,37607.084258,5525,0,0.00,87.9031,1.0000
12424125.0,7479.871739,30128.768075,37608.639814,5526,0,0.00,87.9156,1.0000
12424232.0,7479.990628,30129.481408,37609.472036,5527,0,0.00,87.9297,1.0000
12424834.0,7480.659517,30133.494742,37614.154258,5528,0,0.00,87.9484,1.0000
12425048.0,7480.897294,30134.921408,37615.818703,5529,0,0.00,87.9766,1.0000
12425391.0,7481.278406,30137.208075,37618.486481,5530,0,0.00,87.9938,1.0000
12426769.0,7482.809517,30146.394742,37629.204258,5531,0,0.00,88.0109,1.0000
12426800.0,7482.843961,30146.601408,37629.445369,5532,0,0.00,88.0281,1.0000
12426800.0,7482.843961,30146.601408,37629.445369,5533,0,0.00,88.0453,1.0000
12426812.0,7482.857294,30146.681408,37629.538703,5534,0,0.00,88.0625,1.0000
12428049.0,7484.231739,30154.928075,37639.159814,5535,0,0.00,88.0797,1.0000
12428236.0,7484.439517,30156.174742,37640.614258,5536,0,0.00,88.1297,1.0000
12428237.0,7484.440628,30156.181408,37640.622036,5537,0,0.00,88.1797,1.0000
12429112.0,7485.412850,30162.014742,37647.427592,5538,0,0.00,88.1969,1.0000
12429144.0,7485.448406,30162.228075,37647.676481,5539,0,0.00,88.2141,1.0000
12429387.0,7485.718406,30163.848075,37649.566481,5540,0,0.00,88.2266,1.0000
12429924.0,7486.315072,30167.428075,37653.743147,5541,0,0.00,88.2438,1.0000
12430044.0,7486.448406,30168.228075,37654.676481,5542,0,0.00,88.2484,1.0000
12430067.0,7486.473961,30168.381408,37654.855369,5543,0,0.00,88.2656,1.0000
12430188.0,7486.608406,30169.188075,37655.796481,5544,0,0.00,88.2828,1.0000
12430296.0,7486.728406,30169.908075,37656.636481,5545,0,0.00,88.3000,1.0000
12430888.0,7487.386183,30173.854742,37661.240925,5546,0,0.00,88.3188,1.0000
12430923.0,7487.425072,30174.088075,37661.513147,5547,0,0.00,88.3375,1.0000
12430926.0,7487.428406,30174.108075,37661.536481,5548,0,0.00,88.3563,1.0000
12430963.0,7487.469517,30174.354742,37661.824258,5549,0,0.00,88.3750,1.0000
12430967.0,7487.473961,30174.381408,37661.855369,5550,0,0.00,88.3938,1.0000
12431121.0,7487.645072,30175.408075,37663.053147,5551,0,0.00,88.4125,1.0000
12431350.0,7487.899517,30176.934742,37664.834258,5552,0,0.00,88.4313,1.0000
12431584.0,7488.159517,30178.494742,37666.654258,5553,0,0.00,88.4453,1.0000
12432162.0,7488.801739,30182.348075,37671.149814,5554,0,0.00,88.4625,1.0000
12432163.0,7488.802850,30182.354742,37671.157592,5555,0,0.00,88.4797,1.0000
12432202.0,7488.846183,30182.614742,37671.460925,5556,0,0.00,88.4969,1.0000
12432206.0,7488.850628,30182.641408,37671.492036,5557,0,0.00,88.5141,1.0000
12432235.0,7488.882850,30182.834742,37671.717592,5558,0,0.00,88.5313,1.0000
12432587.0,7489.273961,30185.181408,37674.455369,5559,0,0.00,88.5484,1.0000
12432589.0,7489.276183,30185.194742,37674.470925,5560,0,0.00,88.5656,1.0000
12432709.0,7489.409517,30185.994742,37675.404258,5561,0,0.00,88.5828,1.0000
12433466.0,7490.250628,30191.041408,37681.292036,5562,0,0.00,88.6000,1.0000
12433797.0,7490.618406,30193.248075,37683.866481,5563,0,0.00,88.6188,1.0000
12433799.0,7490.620628,30193.261408,37683.882036,5564,0,0.00,88.6375,1.0000
12433830.0,7490.655072,30193.468075,37684.123147,5565,0,0.00,88.6563,1.0000
12433884.0,7490.715072,30193.828075,37684.543147,5566,0,0.00,88.6734,1.0000
12434103.0,7490.958406,30195.288075,37686.246481,5567,0,0.00,88.6906,1.0000
12434329.0,7491.209517,30196.794742,37688.004258,5568,0,0.00,88.7078,1.0000
12434379.0,7491.265072,30197.128075,37688.393147,5569,0,0.00,88.7250,1.0000
12434547.0,7491.451739,30198.248075,37689.699814,5570,0,0.00,88.7391,1.0000
12434946.0,7491.895072,30200.908075,37692.803147,5571,0,0.00,88.7563,1.0000
12434948.0,7491.897294,30200.921408,37692.818703,5572,0,0.00,88.7734,1.0000
12435425.0,7492.427294,30204.101408,37696.528703,5573,0,0.00,88.7906,1.0000
12435501.0,7492.511739,30204.608075,37697.119814,5574,0,0.00,88.8078,1.0000
12435939.0,7492.998406,30207.528075,37700.526481,5575,0,0.00,88.8219,1.0000
12435966.0,7493.028406,30207.708075,37700.736481,5576,0,0.00,88.8438,1.0000
12436224.0,7493.315072,30209.428075,37702.743147,5577,0,0.00,88.8609,1.0000
12436492.0,7493.612850,30211.214742,37704.827592,5578,0,0.00,88.8781,1.0000
12436706.0,7493.850628,30212.641408,37706.492036,5579,0,0.00,88.8953,1.0000
12436924.0,7494.092850,30214.094742,37708.187592,5580,0,0.00,88.9141,1.0000
12436991.0,7494.167294,30214.541408,37708.708703,5581,0,0.00,88.9328,1.0000
12437305.0,7494.516183,30216.634742,37711.150925,5582,0,0.00,88.9469,1.0000
12437658.0,7494.908406,30218.988075,37713.896481,5583,0,0.00,88.9641,1.0000
12438546.0,7495.895072,30224.908075,37720.803147,5584,0,0.00,88.9813,1.0000
12438612.0,7495.968406,30225.348075,37721.316481,5585,0,0.00,88.9984,1.0000
12438877.0,7496.262850,30227.114742,37723.377592,5586,0,0.00,89.0109,1.0000
12439296.0,7496.728406,30229.908075,37726.636481,5587,0,0.00,89.0281,1.0000
12439617.0,7497.085072,30232.048075,37729.133147,5588,0,0.00,89.0453,1.0000
12439702.0,7497.179517,30232.614742,37729.794258,5589,0,0.00,89.0625,1.0000
12440242.0,7497.779517,30236.214742,37733.994258,5590,0,0.00,89.0797,1.0000
12440247.0,7497.785072,30236.248075,37734.033147,5591,0,0.00,89.0984,1.0000
12440256.0,7497.795072,30236.308075,37734.103147,5592,0,0.00,89.1078,1.0000
12440287.0,7497.829517,30236.514742,37734.344258,5593,0,0.00,89.1250,1.0000
12440291.0,7497.833961,30236.541408,37734.375369,5594,0,0.00,89.1438,1.0000
12440516.0,7498.083961,30238.041408,37736.125369,5595,0,0.00,89.1609,1.0000
12440646.0,7498.228406,30238.908075,37737.136481,5596,0,0.00,89.1781,1.0000
12440730.0,7498.321739,30239.468075,37737.789814,5597,0,0.00,89.1969,1.0000
12441193.0,7498.836183,30242.554742,37741.390925,5598,0,0.00,89.2141,1.0000
12441822.0,7499.535072,30246.748075,37746.283147,5599,0,0.00,89.2391,1.0000
12441945.0,7499.671739,30247.568075,37747.239814,5600,0,0.00,89.2563,1.0000
12442471.0,7500.256183,30251.074742,37751.330925,5601,0,0.00,89.2734,1.0000
12442957.0,7500.796183,30254.314742,37755.110925,5602,0,0.00,89.2859,1.0000
12445283.0,7503.380628,30269.821408,37773.202036,5603,0,0.00,89.2984,1.0000
12445538.0,7503.663961,30271.521408,37775.185369,5604,0,0.00,89.3203,1.0000
12445539.0,7503.665072,30271.528075,37775.193147,5605,0,0.00,89.3422,1.0000
12446232.0,7504.435072,30276.148075,37780.583147,5606,0,0.00,89.3594,1.0000
12446365.0,7504.582850,30277.034742,37781.617592,5607,0,0.00,89.3766,1.0000
12446408.0,7504.630628,30277.321408,37781.952036,5608,0,0.00,89.3938,1.0000
12447423.0,7505.758406,30284.088075,37789.846481,5609,0,0.00,89.4109,1.0000
12448381.0,7506.822850,30290.474742,37797.297592,5610,0,0.00,89.4297,1.0000
12448622.0,7507.090628,30292.081408,37799.172036,5611,0,0.00,89.4484,1.0000
12449167.0,7507.696183,30295.714742,37803.410925,5612,0,0.00,89.4672,1.0000
12449255.0,7507.793961,30296.301408,37804.095369,5613,0,0.00,89.4844,1.0000
12449430.0,7507.988406,30297.468075,37805.456481,5614,0,0.00,89.5125,1.0000
12449490.0,7508.055072,30297.868075,37805.923147,5615,0,0.00,89.5297,1.0000
12450429.0,7509.098406,30304.128075,37813.226481,5616,0,0.00,89.5469,1.0000
12450477.0,7509.151739,30304.448075,37813.599814,5617,0,0.00,89.5641,1.0000
12450513.0,7509.191739,30304.688075,37813.879814,5618,0,0.00,89.5813,1.0000
12450514.0,7509.192850,30304.694742,37813.887592,5619,0,0.00,89.5984,1.0000
12450793.0,7509.502850,30306.554742,37816.057592,5620,0,0.00,89.6234,1.0000
12451095.0,7509.838406,30308.568075,37818.406481,5621,0,0.00,89.6734,1.0000
12451664.0,7510.470628,30312.361408,37822.832036,5622,0,0.00,89.7234,1.0000
12451664.0,7510.470628,30312.361408,37822.832036,5623,0,0.00,89.7734,1.0000
12451664.0,7510.470628,30312.361408,37822.832036,5624,0,0.00,89.8234,1.0000
12451762.0,7510.579517,30313.014742,37823.594258,5625,0,0.00,89.8484,1.0000
12451970.0,7510.810628,30314.401408,37825.212036,5626,0,0.00,89.8672,1.0000
12452185.0,7511.049517,30315.834742,37826.884258,5627,0,0.00,89.8859,1.0000
12452246.0,7511.117294,30316.241408,37827.358703,5628,0,0.00,89.9359,1.0000
12452273.0,7511.147294,30316.421408,37827.568703,5629,0,0.00,89.9531,1.0000
12452733.0,7511.658406,30319.488075,37831.146481,5630,0,0.00,89.9703,1.0000
12453111.0,7512.078406,30322.008075,37834.086481,5631,0,0.00,89.9875,1.0000
12453483.0,7512.491739,30324.488075,37836.979814,5632,0,0.00,90.0047,1.0000
12453753.0,7512.791739,30326.288075,37839.079814,5633,0,0.00,90.0141,1.0000
12453869.0,7512.920628,30327.061408,37839.982036,5634,0,0.00,90.0313,1.0000
12453874.0,7512.926183,30327.094742,37840.020925,5635,0,0.00,90.0484,1.0000
12454279.0,7513.376183,30329.794742,37843.170925,5636,0,0.00,90.0656,1.0000
12455230.0,7514.432850,30336.134742,37850.567592,5637,0,0.00,90.0719,1.0000
12455241.0,7514.445072,30336.208075,37850.653147,5638,0,0.00,90.0781,1.0000
12455250.0,7514.455072,30336.268075,37850.723147,5639,0,0.00,90.0844,1.0000
12455257.0,7514.462850,30336.314742,37850.777592,5640,0,0.00,90.0906,1.0000
12455415.0,7514.638406,30337.368075,37852.006481,5641,0,0.00,90.1078,1.0000
12455453.0,7514.680628,30337.621408,37852.302036,5642,0,0.00,90.1250,1.0000
12455455.0,7514.682850,30337.634742,37852.317592,5643,0,0.00,90.1422,1.0000
12455488.0,7514.719517,30337.854742,37852.574258,5644,0,0.00,90.1594,1.0000
12455691.0,7514.945072,30339.208075,37854.153147,5645,0,0.00,90.1641,1.0000
12455856.0,7515.128406,30340.308075,37855.436481,5646,0,0.00,90.1828,1.0000
12457958.0,7517.463961,30354.321408,37871.785369,5647,0,0.00,90.2000,1.0000
12458414.0,7517.970628,30357.361408,37875.332036,5648,0,0.00,90.2172,1.0000
12458590.0,7518.166183,30358.534742,37876.700925,5649,0,0.00,90.2422,1.0000
12458798.0,7518.397294,30359.921408,37878.318703,5650,0,0.00,90.2594,1.0000
12458948.0,7518.563961,30360.921408,37879.485369,5651,0,0.00,90.2766,1.0000
12459020.0,7518.643961,30361.401408,37880.045369,5652,0,0.00,90.2938,1.0000
12460244.0,7520.003961,30369.561408,37889.565369,5653,0,0.00,90.3109,1.0000
12460707.0,7520.518406,30372.648075,37893.166481,5654,0,0.00,90.3281,1.0000
12463390.0,7523.499517,30390.534742,37914.034258,5655,0,0.00,90.3453,1.0000
12463415.0,7523.527294,30390.701408,37914.228703,5656,0,0.00,90.3641,1.0000
12463468.0,7523.586183,30391.054742,37914.640925,5657,0,0.00,90.3813,1.0000
12463540.0,7523.666183,30391.534742,37915.200925,5658,0,0.00,90.3984,1.0000
12463638.0,7523.775072,30392.188075,37915.963147,5659,0,0.00,90.4156,1.0000
12465862.0,7526.246183,30407.014742,37933.260925,5660,0,0.00,90.4281,1.0000
12466424.0,7526.870628,30410.761408,37937.632036,5661,0,0.00,90.4469,1.0000
12466485.0,7526.938406,30411.168075,37938.106481,5662,0,0.00,90.4594,1.0000
12466491.0,7526.945072,30411.208075,37938.153147,5663,0,0.00,90.4781,1.0000
12466979.0,7527.487294,30414.461408,37941.948703,5664,0,0.00,90.5063,1.0000
12467470.0,7528.032850,30417.734742,37945.767592,5665,0,0.00,90.5234,1.0000
12467516.0,7528.083961,30418.041408,37946.125369,5666,0,0.00,90.5406,1.0000
12467964.0,7528.581739,30421.028075,37949.609814,5667,0,0.00,90.5578,1.0000
12467967.0,7528.585072,30421.048075,37949.633147,5668,0,0.00,90.5750,1.0000
12469053.0,7529.791739,30428.288075,37958.079814,5669,0,0.00,90.5875,1.0000
12470860.0,7531.799517,30440.334742,37972.134258,5670,0,0.00,90.6047,1.0000
12470868.0,7531.808406,30440.388075,37972.196481,5671,0,0.00,90.6219,1.0000
12471828.0,7532.875072,30446.788075,37979.663147,5672,0,0.00,90.6344,1.0000
12472117.0,7533.196183,30448.714742,37981.910925,5673,0,0.00,90.6469,1.0000
12472929.0,7534.098406,30454.128075,37988.226481,5674,0,0.00,90.6641,1.0000
12473194.0,7534.392850,30455.894742,37990.287592,5675,0,0.00,90.6922,1.0000
12473547.0,7534.785072,30458.248075,37993.033147,5676,0,0.00,90.7203,1.0000
12473800.0,7535.066183,30459.934742,37995.000925,5677,0,0.00,90.7328,1.0000
12473981.0,7535.267294,30461.141408,37996.408703,5678,0,0.00,90.7516,1.0000
12474857.0,7536.240628,30466.981408,38003.222036,5679,0,0.00,90.8016,1.0000
12475755.0,7537.238406,30472.968075,38010.206481,5680,0,0.00,90.8188,1.0000
12475993.0,7537.502850,30474.554742,38012.057592,5681,0,0.00,90.8359,1.0000
12476010.0,7537.521739,30474.668075,38012.189814,5682,0,0.00,90.8859,1.0000
12477489.0,7539.165072,30484.528075,38023.693147,5683,0,0.00,90.8984,1.0000
12478490.0,7540.277294,30491.201408,38031.478703,5684,0,0.00,90.9047,1.0000
12479056.0,7540.906183,30494.974742,38035.880925,5685,0,0.00,90.9109,1.0000
12479196.0,7541.061739,30495.908075,38036.969814,5686,0,0.00,90.9297,1.0000
12479566.0,7541.472850,30498.374742,38039.847592,5687,0,0.00,90.9359,1.0000
12479566.0,7541.472850,30498.374742,38039.847592,5688,0,0.00,90.9422,1.0000
12479805.0,7541.738406,30499.968075,38041.706481,5689,0,0.00,90.9547,1.0000
12480966.0,7543.028406,30507.708075,38050.736481,5690,0,0.00,90.9609,1.0000
12483692.0,7546.057294,30525.881408,38071.938703,5691,0,0.00,90.9734,1.0000
12484445.0,7546.893961,30530.901408,38077.795369,5692,0,0.00,90.9906,1.0000
12485437.0,7547.996183,30537.514742,38085.510925,5693,0,0.00,91.0156,1.0000
12486333.0,7548.991739,30543.488075,38092.479814,5694,0,0.00,91.0281,1.0000
12488104.0,7550.959517,30555.294742,38106.254258,5695,0,0.00,91.0453,1.0000
12490123.0,7553.202850,30568.754742,38121.957592,5696,0,0.00,91.0484,1.0000
12490600.0,7553.732850,30571.934742,38125.667592,5697,0,0.00,91.0609,1.0000
12492698.0,7556.063961,30585.921408,38141.985369,5698,0,0.00,91.0797,1.0000
12496869.0,7560.698406,30613.728075,38174.426481,5699,0,0.00,91.0969,1.0000
12497322.0,7561.201739,30616.748075,38177.949814,5700,0,0.00,91.1094,1.0000
12497343.0,7561.225072,30616.888075,38178.113147,5701,0,0.00,91.1266,1.0000
12497703.0,7561.625072,30619.288075,38180.913147,5702,0,0.00,91.1391,1.0000
12497751.0,7561.678406,30619.608075,38181.286481,5703,0,0.00,91.1453,1.0000
12497766.0,7561.695072,30619.708075,38181.403147,5704,0,0.00,91.1578,1.0000
12498185.0,7562.160628,30622.501408,38184.662036,5705,0,0.00,91.2078,1.0000
12498456.0,7562.461739,30624.308075,38186.769814,5706,0,0.00,91.2266,1.0000
12498516.0,7562.528406,30624.708075,38187.236481,5707,0,0.00,91.2453,1.0000
12498755.0,7562.793961,30626.301408,38189.095369,5708,0,0.00,91.2641,1.0000
12498755.0,7562.793961,30626.301408,38189.095369,5709,0,0.00,91.3141,1.0000
12498756.0,7562.795072,30626.308075,38189.103147,5710,0,0.00,91.3641,1.0000
12499992.0,7564.168406,30634.548075,38198.716481,5711,0,0.00,91.3750,1.0000
12502173.0,7566.591739,30649.088075,38215.679814,5712,0,0.00,91.3938,1.0000
12502173.0,7566.591739,30649.088075,38215.679814,5713,0,0.00,91.4031,1.0000
12502993.0,7567.502850,30654.554742,38222.057592,5714,0,0.00,91.4156,1.0000
12502998.0,7567.508406,30654.588075,38222.096481,5715,0,0.00,91.4328,1.0000
12503029.0,7567.542850,30654.794742,38222.337592,5716,0,0.00,91.4578,1.0000
12503499.0,7568.065072,30657.928075,38225.993147,5717,0,0.00,91.4641,1.0000
12503752.0,7568.346183,30659.614742,38227.960925,5718,0,0.00,91.4688,1.0000
12504107.0,7568.740628,30661.981408,38230.722036,5719,0,0.00,91.4938,1.0000
12504165.0,7568.805072,30662.368075,38231.173147,5720,0,0.00,91.5063,1.0000
12504175.0,7568.816183,30662.434742,38231.250925,5721,0,0.00,91.5125,1.0000
12504377.0,7569.040628,30663.781408,38232.822036,5722,0,0.00,91.5172,1.0000
12504614.0,7569.303961,30665.361408,38234.665369,5723,0,0.00,91.5344,1.0000
12504789.0,7569.498406,30666.528075,38236.026481,5724,0,0.00,91.5469,1.0000
12504933.0,7569.658406,30667.488075,38237.146481,5725,0,0.00,91.5531,1.0000
12505728.0,7570.541739,30672.788075,38243.329814,5726,0,0.00,91.5656,1.0000
12505838.0,7570.663961,30673.521408,38244.185369,5727,0,0.00,91.7031,1.0000
12506673.0,7571.591739,30679.088075,38250.679814,5728,0,0.00,91.7266,1.0000
12506675.0,7571.593961,30679.101408,38250.695369,5729,0,0.00,91.7500,1.0000
12506899.0,7571.842850,30680.594742,38252.437592,5730,0,0.00,91.7734,1.0000
12506978.0,7571.930628,30681.121408,38253.052036,5731,0,0.00,91.7922,1.0000
12507050.0,7572.010628,30681.601408,38253.612036,5732,0,0.00,91.8094,1.0000
12507086.0,7572.050628,30681.841408,38253.892036,5733,0,0.00,91.8281,1.0000
12507399.0,7572.398406,30683.928075,38256.326481,5734,0,0.00,91.8297,1.0000
12507709.0,7572.742850,30685.994742,38258.737592,5735,0,0.00,91.8469,1.0000
12507840.0,7572.888406,30686.868075,38259.756481,5736,0,0.00,91.8531,1.0000
12507875.0,7572.927294,30687.101408,38260.028703,5737,0,0.00,91.8703,1.0000
12508288.0,7573.386183,30689.854742,38263.240925,5738,0,0.00,91.8828,1.0000
12508644.0,7573.781739,30692.228075,38266.009814,5739,0,0.00,91.9000,1.0000
12509097.0,7574.285072,30695.248075,38269.533147,5740,0,0.00,91.9047,1.0000
12509470.0,7574.699517,30697.734742,38272.434258,5741,0,0.00,91.9328,1.0000
12509692.0,7574.946183,30699.214742,38274.160925,5742,0,0.00,91.9516,1.0000
12509891.0,7575.167294,30700.541408,38275.708703,5743,0,0.00,91.9688,1.0000
12509941.0,7575.222850,30700.874742,38276.097592,5744,0,0.00,91.9859,1.0000
12510174.0,7575.481739,30702.428075,38277.909814,5745,0,0.00,92.0031,1.0000
12510428.0,7575.763961,30704.121408,38279.885369,5746,0,0.00,92.0203,1.0000
12510614.0,7575.970628,30705.361408,38281.332036,5747,0,0.00,92.0344,1.0000
12510616.0,7575.972850,30705.374742,38281.347592,5748,0,0.00,92.0516,1.0000
12511091.0,7576.500628,30708.541408,38285.042036,5749,0,0.00,92.0688,1.0000
12511311.0,7576.745072,30710.008075,38286.753147,5750,0,0.00,92.0813,1.0000
12511372.0,7576.812850,30710.414742,38287.227592,5751,0,0.00,92.1063,1.0000
12511475.0,7576.927294,30711.101408,38288.028703,5752,0,0.00,92.2438,1.0000
12511960.0,7577.466183,30714.334742,38291.800925,5753,0,0.00,92.2625,1.0000
12512351.0,7577.900628,30716.941408,38294.842036,5754,0,0.00,92.2797,1.0000
12512577.0,7578.151739,30718.448075,38296.599814,5755,0,0.00,92.2969,1.0000
12512604.0,7578.181739,30718.628075,38296.809814,5756,0,0.00,92.3141,1.0000
12512725.0,7578.316183,30719.434742,38297.750925,5757,0,0.00,92.3281,1.0000
12512802.0,7578.401739,30719.948075,38298.349814,5758,0,0.00,92.3422,1.0000
12512815.0,7578.416183,30720.034742,38298.450925,5759,0,0.00,92.3563,1.0000
12513275.0,7578.927294,30723.101408,38302.028703,5760,0,0.00,92.3844,1.0000
12513818.0,7579.530628,30726.721408,38306.252036,5761,0,0.00,92.3891,1.0000
12514363.0,7580.136183,30730.354742,38310.490925,5762,0,0.00,92.4016,1.0000
12514599.0,7580.398406,30731.928075,38312.326481,5763,0,0.00,92.4141,1.0000
12514713.0,7580.525072,30732.688075,38313.213147,5764,0,0.00,92.4328,1.0000
12515371.0,7581.256183,30737.074742,38318.330925,5765,0,0.00,92.4578,1.0000
12515983.0,7581.936183,30741.154742,38323.090925,5766,0,0.00,92.4750,1.0000
12516370.0,7582.366183,30743.734742,38326.100925,5767,0,0.00,92.5031,1.0000
12516405.0,7582.405072,30743.968075,38326.373147,5768,0,0.00,92.5156,1.0000
12517059.0,7583.131739,30748.328075,38331.459814,5769,0,0.00,92.5406,1.0000
12517231.0,7583.322850,30749.474742,38332.797592,5770,0,0.00,92.5578,1.0000
12517322.0,7583.423961,30750.081408,38333.505369,5771,0,0.00,92.5750,1.0000
12517353.0,7583.458406,30750.288075,38333.746481,5772,0,0.00,92.5797,1.0000
12517395.0,7583.505072,30750.568075,38334.073147,5773,0,0.00,92.5969,1.0000
12517423.0,7583.536183,30750.754742,38334.290925,5774,0,0.00,92.6141,1.0000
12518180.0,7584.377294,30755.801408,38340.178703,5775,0,0.00,92.6422,1.0000
12518310.0,7584.521739,30756.668075,38341.189814,5776,0,0.00,92.6594,1.0000
12518421.0,7584.645072,30757.408075,38342.053147,5777,0,0.00,92.6719,1.0000
12519123.0,7585.425072,30762.088075,38347.513147,5778,0,0.00,92.6891,1.0000
12520167.0,7586.585072,30769.048075,38355.633147,5779,0,0.00,92.7016,1.0000
12520283.0,7586.713961,30769.821408,38356.535369,5780,0,0.00,92.7188,1.0000
12520561.0,7587.022850,30771.674742,38358.697592,5781,0,0.00,92.7563,1.0000
12520990.0,7587.499517,30774.534742,38362.034258,5782,0,0.00,92.7734,1.0000
12521425.0,7587.982850,30777.434742,38365.417592,5783,0,0.00,92.7906,1.0000
12521859.0,7588.465072,30780.328075,38368.793147,5784,0,0.00,92.8094,1.0000
12522199.0,7588.842850,30782.594742,38371.437592,5785,0,0.00,92.8594,1.0000
12522199.0,7588.842850,30782.594742,38371.437592,5786,0,0.00,92.9094,1.0000
12522199.0,7588.842850,30782.594742,38371.437592,5787,0,0.00,92.9594,1.0000
12522200.0,7588.843961,30782.601408,38371.445369,5788,0,0.00,93.0094,1.0000
12522456.0,7589.128406,30784.308075,38373.436481,5789,0,0.00,93.0281,1.0000
12522517.0,7589.196183,30784.714742,38373.910925,5790,0,0.00,93.0453,1.0000
12522876.0,7589.595072,30787.108075,38376.703147,5791,0,0.00,93.1828,1.0000
12523510.0,7590.299517,30791.334742,38381.634258,5792,0,0.00,93.1875,1.0000
12523614.0,7590.415072,30792.028075,38382.443147,5793,0,0.00,93.2047,1.0000
12523844.0,7590.670628,30793.561408,38384.232036,5794,0,0.00,93.2188,1.0000
12524063.0,7590.913961,30795.021408,38385.935369,5795,0,0.00,93.2438,1.0000
12524197.0,7591.062850,30795.914742,38386.977592,5796,0,0.00,93.2625,1.0000
12524322.0,7591.201739,30796.748075,38387.949814,5797,0,0.00,93.2875,1.0000
12524679.0,7591.598406,30799.128075,38390.726481,5798,0,0.00,93.3156,1.0000
12524771.0,7591.700628,30799.741408,38391.442036,5799,0,0.00,93.3391,1.0000
12524948.0,7591.897294,30800.921408,38392.818703,5800,0,0.00,93.3625,1.0000
12525978.0,7593.041739,30807.788075,38400.829814,5801,0,0.00,93.3750,1.0000
12526344.0,7593.448406,30810.228075,38403.676481,5802,0,0.00,93.3969,1.0000
12526571.0,7593.700628,30811.741408,38405.442036,5803,0,0.00,93.4031,1.0000
12526762.0,7593.912850,30813.014742,38406.927592,5804,0,0.00,93.4219,1.0000
12526979.0,7594.153961,30814.461408,38408.615369,5805,0,0.00,93.4391,1.0000
12527183.0,7594.380628,30815.821408,38410.202036,5806,0,0.00,93.4563,1.0000
12527351.0,7594.567294,30816.941408,38411.508703,5807,0,0.00,93.4734,1.0000
12527402.0,7594.623961,30817.281408,38411.905369,5808,0,0.00,93.4906,1.0000
12527845.0,7595.116183,30820.234742,38415.350925,5809,0,0.00,93.5188,1.0000
12527890.0,7595.166183,30820.534742,38415.700925,5810,0,0.00,93.5469,1.0000
12528080.0,7595.377294,30821.801408,38417.178703,5811,0,0.00,93.5531,1.0000
12528330.0,7595.655072,30823.468075,38419.123147,5812,0,0.00,93.5703,1.0000
12528686.0,7596.050628,30825.841408,38421.892036,5813,0,0.00,93.5844,1.0000
12529015.0,7596.416183,30828.034742,38424.450925,5814,0,0.00,93.5984,1.0000
12529028.0,7596.430628,30828.121408,38424.552036,5815,0,0.00,93.6125,1.0000
12529407.0,7596.851739,30830.648075,38427.499814,5816,0,0.00,93.6250,1.0000
12529537.0,7596.996183,30831.514742,38428.510925,5817,0,0.00,93.6313,1.0000
12529592.0,7597.057294,30831.881408,38428.938703,5818,0,0.00,93.6563,1.0000
12529632.0,7597.101739,30832.148075,38429.249814,5819,0,0.00,93.6734,1.0000
12529689.0,7597.165072,30832.528075,38429.693147,5820,0,0.00,93.6922,1.0000
12529733.0,7597.213961,30832.821408,38430.035369,5821,0,0.00,93.7094,1.0000
12530196.0,7597.728406,30835.908075,38433.636481,5822,0,0.00,93.7281,1.0000
12530990.0,7598.610628,30841.201408,38439.812036,5823,0,0.00,93.7469,1.0000
12531273.0,7598.925072,30843.088075,38442.013147,5824,0,0.00,93.7656,1.0000
12531644.0,7599.337294,30845.561408,38444.898703,5825,0,0.00,93.7844,1.0000
12531687.0,7599.385072,30845.848075,38445.233147,5826,0,0.00,93.8031,1.0000
12531691.0,7599.389517,30845.874742,38445.264258,5827,0,0.00,93.8219,1.0000
12531695.0,7599.393961,30845.901408,38445.295369,5828,0,0.00,93.8406,1.0000
12532141.0,7599.889517,30848.874742,38448.764258,5829,0,0.00,93.8531,1.0000
12532859.0,7600.687294,30853.661408,38454.348703,5830,0,0.00,93.8766,1.0000
12532891.0,7600.722850,30853.874742,38454.597592,5831,0,0.00,93.8891,1.0000
12532925.0,7600.760628,30854.101408,38454.862036,5832,0,0.00,93.9172,1.0000
12532927.0,7600.762850,30854.114742,38454.877592,5833,0,0.00,93.9359,1.0000
12533004.0,7600.848406,30854.628075,38455.476481,5834,0,0.00,93.9594,1.0000
12533005.0,7600.849517,30854.634742,38455.484258,5835,0,0.00,93.9828,1.0000
12533558.0,7601.463961,30858.321408,38459.785369,5836,0,0.00,94.0078,1.0000
12533602.0,7601.512850,30858.614742,38460.127592,5837,0,0.00,94.0266,1.0000
12533608.0,7601.519517,30858.654742,38460.174258,5838,0,0.00,94.0453,1.0000
12533689.0,7601.609517,30859.194742,38460.804258,5839,0,0.00,94.0641,1.0000
12534303.0,7602.291739,30863.288075,38465.579814,5840,0,0.00,94.0813,1.0000
12534313.0,7602.302850,30863.354742,38465.657592,5841,0,0.00,94.0984,1.0000
12534544.0,7602.559517,30864.894742,38467.454258,5842,0,0.00,94.1266,1.0000
12534719.0,7602.753961,30866.061408,38468.815369,5843,0,0.00,94.1438,1.0000
12535006.0,7603.072850,30867.974742,38471.047592,5844,0,0.00,94.1625,1.0000
12535322.0,7603.423961,30870.081408,38473.505369,5845,0,0.00,94.1797,1.0000
12538552.0,7607.012850,30891.614742,38498.627592,5846,0,0.00,94.1969,1.0000
12539704.0,7608.292850,30899.294742,38507.587592,5847,0,0.00,94.2141,1.0000
12539765.0,7608.360628,30899.701408,38508.062036,5848,0,0.00,94.2266,1.0000
12540051.0,7608.678406,30901.608075,38510.286481,5849,0,0.00,94.2438,1.0000
12540267.0,7608.918406,30903.048075,38511.966481,5850,0,0.00,94.2609,1.0000
12540683.0,7609.380628,30905.821408,38515.202036,5851,0,0.00,94.2797,1.0000
12540748.0,7609.452850,30906.254742,38515.707592,5852,0,0.00,94.2984,1.0000
12540961.0,7609.689517,30907.674742,38517.364258,5853,0,0.00,94.3266,1.0000
12541122.0,7609.868406,30908.748075,38518.616481,5854,0,0.00,94.3641,1.0000
12542081.0,7610.933961,30915.141408,38526.075369,5855,0,0.00,94.3875,1.0000
12542108.0,7610.963961,30915.321408,38526.285369,5856,0,0.00,94.4109,1.0000
12542762.0,7611.690628,30919.681408,38531.372036,5857,0,0.00,94.4281,1.0000
12543153.0,7612.125072,30922.288075,38534.413147,5858,0,0.00,94.4422,1.0000
12543218.0,7612.197294,30922.721408,38534.918703,5859,0,0.00,94.4594,1.0000
12544282.0,7613.379517,30929.814742,38543.194258,5860,0,0.00,94.4844,1.0000
12545103.0,7614.291739,30935.288075,38549.579814,5861,0,0.00,94.4969,1.0000
12545893.0,7615.169517,30940.554742,38555.724258,5862,0,0.00,94.5250,1.0000
12546528.0,7615.875072,30944.788075,38560.663147,5863,0,0.00,94.5438,1.0000
12546686.0,7616.050628,30945.841408,38561.892036,5864,0,0.00,94.5719,1.0000
12546880.0,7616.266183,30947.134742,38563.400925,5865,0,0.00,94.5969,1.0000
12547221.0,7616.645072,30949.408075,38566.053147,5866,0,0.00,94.6250,1.0000
12547339.0,7616.776183,30950.194742,38566.970925,5867,0,0.00,94.6391,1.0000
12547364.0,7616.803961,30950.361408,38567.165369,5868,0,0.00,94.6672,1.0000
12547511.0,7616.967294,30951.341408,38568.308703,5869,0,0.00,94.6844,1.0000
12547948.0,7617.452850,30954.254742,38571.707592,5870,0,0.00,94.7031,1.0000
12547958.0,7617.463961,30954.321408,38571.785369,5871,0,0.00,94.7219,1.0000
12547981.0,7617.489517,30954.474742,38571.964258,5872,0,0.00,94.7500,1.0000
12548197.0,7617.729517,30955.914742,38573.644258,5873,0,0.00,94.7625,1.0000
12548518.0,7618.086183,30958.054742,38576.140925,5874,0,0.00,94.7672,1.0000
12548778.0,7618.375072,30959.788075,38578.163147,5875,0,0.00,94.7813,1.0000
12549519.0,7619.198406,30964.728075,38583.926481,5876,0,0.00,94.8313,1.0000
12549861.0,7619.578406,30967.008075,38586.586481,5877,0,0.00,94.8594,1.0000
12549974.0,7619.703961,30967.761408,38587.465369,5878,0,0.00,94.8734,1.0000
12550079.0,7619.820628,30968.461408,38588.282036,5879,0,0.00,94.9109,1.0000
12550286.0,7620.050628,30969.841408,38589.892036,5880,0,0.00,94.9250,1.0000
12550323.0,7620.091739,30970.088075,38590.179814,5881,0,0.00,94.9422,1.0000
12550371.0,7620.145072,30970.408075,38590.553147,5882,0,0.00,94.9594,1.0000
12551617.0,7621.529517,30978.714742,38600.244258,5883,0,0.00,94.9734,1.0000
12551655.0,7621.571739,30978.968075,38600.539814,5884,0,0.00,94.9859,1.0000
12551738.0,7621.663961,30979.521408,38601.185369,5885,0,0.00,95.0000,1.0000
12553391.0,7623.500628,30990.541408,38614.042036,5886,0,0.00,95.0188,1.0000
12555175.0,7625.482850,31002.434742,38627.917592,5887,0,0.00,95.0375,1.0000
12555316.0,7625.639517,31003.374742,38629.014258,5888,0,0.00,95.0500,1.0000
12555721.0,7626.089517,31006.074742,38632.164258,5889,0,0.00,95.0688,1.0000
12555824.0,7626.203961,31006.761408,38632.965369,5890,0,0.00,95.0875,1.0000
12556254.0,7626.681739,31009.628075,38636.309814,5891,0,0.00,95.0938,1.0000
12556351.0,7626.789517,31010.274742,38637.064258,5892,0,0.00,95.1172,1.0000
12557219.0,7627.753961,31016.061408,38643.815369,5893,0,0.00,95.1422,1.0000
12558737.0,7629.440628,31026.181408,38655.622036,5894,0,0.00,95.1547,1.0000
12558832.0,7629.546183,31026.814742,38656.360925,5895,0,0.00,95.1828,1.0000
12560114.0,7630.970628,31035.361408,38666.332036,5896,0,0.00,95.2000,1.0000
12563972.0,7635.257294,31061.081408,38696.338703,5897,0,0.00,95.2094,1.0000
12565490.0,7636.943961,31071.201408,38708.145369,5898,0,0.00,95.2156,1.0000
12565581.0,7637.045072,31071.808075,38708.853147,5899,0,0.00,95.2219,1.0000
12566233.0,7637.769517,31076.154742,38713.924258,5900,0,0.00,95.2281,1.0000
12566233.0,7637.769517,31076.154742,38713.924258,5901,0,0.00,95.2344,1.0000
12567017.0,7638.640628,31081.381408,38720.022036,5902,0,0.00,95.2719,1.0000
12568142.0,7639.890628,31088.881408,38728.772036,5903,0,0.00,95.2781,1.0000
12568143.0,7639.891739,31088.888075,38728.779814,5904,0,0.00,95.2844,1.0000
12568188.0,7639.941739,31089.188075,38729.129814,5905,0,0.00,95.2906,1.0000
12568273.0,7640.036183,31089.754742,38729.790925,5906,0,0.00,95.3406,1.0000
12568874.0,7640.703961,31093.761408,38734.465369,5907,0,0.00,95.3906,1.0000
12569916.0,7641.861739,31100.708075,38742.569814,5908,0,0.00,95.4031,1.0000
12572372.0,7644.590628,31117.081408,38761.672036,5909,0,0.00,95.4094,1.0000
12577441.0,7650.222850,31150.874742,38801.097592,5910,0,0.00,95.4469,1.0000
12581496.0,7654.728406,31177.908075,38832.636481,5911,0,0.00,95.4656,1.0000
12581902.0,7655.179517,31180.614742,38835.794258,5912,0,0.00,95.4719,1.0000
12583319.0,7656.753961,31190.061408,38846.815369,5913,0,0.00,95.5094,1.0000
12583580.0,7657.043961,31191.801408,38848.845369,5914,0,0.00,95.5344,1.0000
12583957.0,7657.462850,31194.314742,38851.777592,5915,0,0.00,95.5531,1.0000
12584087.0,7657.607294,31195.181408,38852.788703,5916,0,0.00,95.5656,1.0000
12584105.0,7657.627294,31195.301408,38852.928703,5917,0,0.00,95.5781,1.0000
12584106.0,7657.628406,31195.308075,38852.936481,5918,0,0.00,95.5906,1.0000
12584259.0,7657.798406,31196.328075,38854.126481,5919,0,0.00,95.6031,1.0000
12588034.0,7661.992850,31221.494742,38883.487592,5920,0,0.00,95.6125,1.0000
12588579.0,7662.598406,31225.128075,38887.726481,5921,0,0.00,95.6156,1.0000
12588920.0,7662.977294,31227.401408,38890.378703,5922,0,0.00,95.6531,1.0000
12588921.0,7662.978406,31227.408075,38890.386481,5923,0,0.00,95.6906,1.0000
12590124.0,7664.315072,31235.428075,38899.743147,5924,0,0.00,95.7078,1.0000
12591866.0,7666.250628,31247.041408,38913.292036,5925,0,0.00,95.7578,1.0000
12592683.0,7667.158406,31252.488075,38919.646481,5926,0,0.00,95.8078,1.0000
12592683.0,7667.158406,31252.488075,38919.646481,5927,0,0.00,95.8578,1.0000
12592900.0,7667.399517,31253.934742,38921.334258,5928,0,0.00,95.8625,1.0000
12593136.0,7667.661739,31255.508075,38923.169814,5929,0,0.00,96.0500,1.0000
12593259.0,7667.798406,31256.328075,38924.126481,5930,0,0.00,96.0688,1.0000
12593284.0,7667.826183,31256.494742,38924.320925,5931,0,0.00,96.1063,1.0000
12594188.0,7668.830628,31262.521408,38931.352036,5932,0,0.00,96.1125,1.0000
12595227.0,7669.985072,31269.448075,38939.433147,5933,0,0.00,96.1313,1.0000
12595374.0,7670.148406,31270.428075,38940.576481,5934,0,0.00,96.1375,1.0000
12595791.0,7670.611739,31273.208075,38943.819814,5935,0,0.00,96.1438,1.0000
12595900.0,7670.732850,31273.934742,38944.667592,5936,0,0.00,96.1625,1.0000
12596020.0,7670.866183,31274.734742,38945.600925,5937,0,0.00,96.2000,1.0000
12596082.0,7670.935072,31275.148075,38946.083147,5938,0,0.00,96.2188,1.0000
12596088.0,7670.941739,31275.188075,38946.129814,5939,0,0.00,96.2250,1.0000
12596089.0,7670.942850,31275.194742,38946.137592,5940,0,0.00,96.2438,1.0000
12596917.0,7671.862850,31280.714742,38952.577592,5941,0,0.00,96.2609,1.0000
12596921.0,7671.867294,31280.741408,38952.608703,5942,0,0.00,96.2891,1.0000
12597250.0,7672.232850,31282.934742,38955.167592,5943,0,0.00,96.3078,1.0000
12601104.0,7676.515072,31308.628075,38985.143147,5944,0,0.00,96.3453,1.0000
12602631.0,7678.211739,31318.808075,38997.019814,5945,0,0.00,96.3688,1.0000
12602638.0,7678.219517,31318.854742,38997.074258,5946,0,0.00,96.3922,1.0000
12602801.0,7678.400628,31319.941408,38998.342036,5947,0,0.00,96.4047,1.0000
12602804.0,7678.403961,31319.961408,38998.365369,5948,0,0.00,96.4172,1.0000
12602866.0,7678.472850,31320.374742,38998.847592,5949,0,0.00,96.4453,1.0000
12604051.0,7679.789517,31328.274742,39008.064258,5950,0,0.00,96.4688,1.0000
12604095.0,7679.838406,31328.568075,39008.406481,5951,0,0.00,96.4922,1.0000
12604319.0,7680.087294,31330.061408,39010.148703,5952,0,0.00,96.5094,1.0000
12604682.0,7680.490628,31332.481408,39012.972036,5953,0,0.00,96.5141,1.0000
12604785.0,7680.605072,31333.168075,39013.773147,5954,0,0.00,96.5313,1.0000
12604879.0,7680.709517,31333.794742,39014.504258,5955,0,0.00,96.5359,1.0000
12606019.0,7681.976183,31341.394742,39023.370925,5956,0,0.00,96.5531,1.0000
12606020.0,7681.977294,31341.401408,39023.378703,5957,0,0.00,96.5703,1.0000
12606024.0,7681.981739,31341.428075,39023.409814,5958,0,0.00,96.5875,1.0000
12606084.0,7682.048406,31341.828075,39023.876481,5959,0,0.00,96.6047,1.0000
12606086.0,7682.050628,31341.841408,39023.892036,5960,0,0.00,96.6234,1.0000
12606094.0,7682.059517,31341.894742,39023.954258,5961,0,0.00,96.6406,1.0000
12606235.0,7682.216183,31342.834742,39025.050925,5962,0,0.00,96.6594,1.0000
12606899.0,7682.953961,31347.261408,39030.215369,5963,0,0.00,96.6766,1.0000
12606932.0,7682.990628,31347.481408,39030.472036,5964,0,0.00,96.6813,1.0000
12606951.0,7683.011739,31347.608075,39030.619814,5965,0,0.00,96.6984,1.0000
12606957.0,7683.018406,31347.648075,39030.666481,5966,0,0.00,96.7156,1.0000
12606961.0,7683.022850,31347.674742,39030.697592,5967,0,0.00,96.7328,1.0000
12607559.0,7683.687294,31351.661408,39035.348703,5968,0,0.00,96.7344,1.0000
12607701.0,7683.845072,31352.608075,39036.453147,5969,0,0.00,96.7391,1.0000
12608173.0,7684.369517,31355.754742,39040.124258,5970,0,0.00,96.7438,1.0000
12608330.0,7684.543961,31356.801408,39041.345369,5971,0,0.00,96.7656,1.0000
12608722.0,7684.979517,31359.414742,39044.394258,5972,0,0.00,96.7719,1.0000
12608787.0,7685.051739,31359.848075,39044.899814,5973,0,0.00,96.7891,1.0000
12608903.0,7685.180628,31360.621408,39045.802036,5974,0,0.00,96.7953,1.0000
12609311.0,7685.633961,31363.341408,39048.975369,5975,0,0.00,96.8125,1.0000
12609373.0,7685.702850,31363.754742,39049.457592,5976,0,0.00,96.8172,1.0000
12610139.0,7686.553961,31368.861408,39055.415369,5977,0,0.00,96.8219,1.0000
12610242.0,7686.668406,31369.548075,39056.216481,5978,0,0.00,96.8391,1.0000
12610933.0,7687.436183,31374.154742,39061.590925,5979,0,0.00,96.8563,1.0000
12611093.0,7687.613961,31375.221408,39062.835369,5980,0,0.00,96.8734,1.0000
12611134.0,7687.659517,31375.494742,39063.154258,5981,0,0.00,96.8828,1.0000
12611218.0,7687.752850,31376.054742,39063.807592,5982,0,0.00,96.8875,1.0000
12611427.0,7687.985072,31377.448075,39065.433147,5983,0,0.00,96.8938,1.0000
12611735.0,7688.327294,31379.501408,39067.828703,5984,0,0.00,96.9109,1.0000
12611784.0,7688.381739,31379.828075,39068.209814,5985,0,0.00,96.9281,1.0000
12611794.0,7688.392850,31379.894742,39068.287592,5986,0,0.00,96.9453,1.0000
12611952.0,7688.568406,31380.948075,39069.516481,5987,0,0.00,96.9625,1.0000
12612025.0,7688.649517,31381.434742,39070.084258,5988,0,0.00,96.9797,1.0000
12612128.0,7688.763961,31382.121408,39070.885369,5989,0,0.00,96.9969,1.0000
12612131.0,7688.767294,31382.141408,39070.908703,5990,0,0.00,97.0141,1.0000
12612135.0,7688.771739,31382.168075,39070.939814,5991,0,0.00,97.0313,1.0000
12612137.0,7688.773961,31382.181408,39070.955369,5992,0,0.00,97.0484,1.0000
12612138.0,7688.775072,31382.188075,39070.963147,5993,0,0.00,97.0656,1.0000
12612349.0,7689.009517,31383.594742,39072.604258,5994,0,0.00,97.0719,1.0000
12612572.0,7689.257294,31385.081408,39074.338703,5995,0,0.00,97.0766,1.0000
12612689.0,7689.387294,31385.861408,39075.248703,5996,0,0.00,97.0891,1.0000
12612690.0,7689.388406,31385.868075,39075.256481,5997,0,0.00,97.0938,1.0000
12612954.0,7689.681739,31387.628075,39077.309814,5998,0,0.00,97.1109,1.0000
12613049.0,7689.787294,31388.261408,39078.048703,5999,0,0.00,97.1156,1.0000
12613157.0,7689.907294,31388.981408,39078.888703,6000,0,0.00,97.1203,1.0000
12613264.0,7690.026183,31389.694742,39079.720925,6001,0,0.00,97.1266,1.0000
12613372.0,7690.146183,31390.414742,39080.560925,6002,0,0.00,97.1438,1.0000
12613413.0,7690.191739,31390.688075,39080.879814,6003,0,0.00,97.1609,1.0000
12613455.0,7690.238406,31390.968075,39081.206481,6004,0,0.00,97.1781,1.0000
12613769.0,7690.587294,31393.061408,39083.648703,6005,0,0.00,97.1953,1.0000
12614910.0,7691.855072,31400.668075,39092.523147,6006,0,0.00,97.2016,1.0000
12615097.0,7692.062850,31401.914742,39093.977592,6007,0,0.00,97.2063,1.0000
12615274.0,7692.259517,31403.094742,39095.354258,6008,0,0.00,97.2250,1.0000
12615275.0,7692.260628,31403.101408,39095.362036,6009,0,0.00,97.2375,1.0000
12615296.0,7692.283961,31403.241408,39095.525369,6010,0,0.00,97.2547,1.0000
12615775.0,7692.816183,31406.434742,39099.250925,6011,0,0.00,97.2797,1.0000
12615809.0,7692.853961,31406.661408,39099.515369,6012,0,0.00,97.2844,1.0000
12615848.0,7692.897294,31406.921408,39099.818703,6013,0,0.00,97.2891,1.0000
12615905.0,7692.960628,31407.301408,39100.262036,6014,0,0.00,97.2938,1.0000
12616242.0,7693.335072,31409.548075,39102.883147,6015,0,0.00,97.2984,1.0000
12616288.0,7693.386183,31409.854742,39103.240925,6016,0,0.00,97.3047,1.0000
12616318.0,7693.419517,31410.054742,39103.474258,6017,0,0.00,97.3219,1.0000
12616480.0,7693.599517,31411.134742,39104.734258,6018,0,0.00,97.3688,1.0000
12616481.0,7693.600628,31411.141408,39104.742036,6019,0,0.00,97.3813,1.0000
12616865.0,7694.027294,31413.701408,39107.728703,6020,0,0.00,97.3859,1.0000
12616869.0,7694.031739,31413.728075,39107.759814,6021,0,0.00,97.4094,1.0000
12617433.0,7694.658406,31417.488075,39112.146481,6022,0,0.00,97.4281,1.0000
12617703.0,7694.958406,31419.288075,39114.246481,6023,0,0.00,97.4453,1.0000
12617911.0,7695.189517,31420.674742,39115.864258,6024,0,0.00,97.4641,1.0000
12617917.0,7695.196183,31420.714742,39115.910925,6025,0,0.00,97.4828,1.0000
12617925.0,7695.205072,31420.768075,39115.973147,6026,0,0.00,97.5016,1.0000
12617967.0,7695.251739,31421.048075,39116.299814,6027,0,0.00,97.5250,1.0000
12618018.0,7695.308406,31421.388075,39116.696481,6028,0,0.00,97.5484,1.0000
12618332.0,7695.657294,31423.481408,39119.138703,6029,0,0.00,97.5672,1.0000
12618452.0,7695.790628,31424.281408,39120.072036,6030,0,0.00,97.5906,1.0000
12618823.0,7696.202850,31426.754742,39122.957592,6031,0,0.00,97.6141,1.0000
12618901.0,7696.289517,31427.274742,39123.564258,6032,0,0.00,97.6188,1.0000
12618918.0,7696.308406,31427.388075,39123.696481,6033,0,0.00,97.6469,1.0000
12619115.0,7696.527294,31428.701408,39125.228703,6034,0,0.00,97.6703,1.0000
12619368.0,7696.808406,31430.388075,39127.196481,6035,0,0.00,97.6953,1.0000
12619578.0,7697.041739,31431.788075,39128.829814,6036,0,0.00,97.7141,1.0000
12619657.0,7697.129517,31432.314742,39129.444258,6037,0,0.00,97.7313,1.0000
12619677.0,7697.151739,31432.448075,39129.599814,6038,0,0.00,97.7438,1.0000
12619893.0,7697.391739,31433.888075,39131.279814,6039,0,0.00,97.7625,1.0000
12620209.0,7697.742850,31435.994742,39133.737592,6040,0,0.00,97.7797,1.0000
12620209.0,7697.742850,31435.994742,39133.737592,6041,0,0.00,97.7969,1.0000
12620323.0,7697.869517,31436.754742,39134.624258,6042,0,0.00,97.8156,1.0000
12620906.0,7698.517294,31440.641408,39139.158703,6043,0,0.00,97.8328,1.0000
12620974.0,7698.592850,31441.094742,39139.687592,6044,0,0.00,97.8609,1.0000
12621264.0,7698.915072,31443.028075,39141.943147,6045,0,0.00,97.8797,1.0000
12621266.0,7698.917294,31443.041408,39141.958703,6046,0,0.00,97.8984,1.0000
12621524.0,7699.203961,31444.761408,39143.965369,6047,0,0.00,97.9031,1.0000
12621753.0,7699.458406,31446.288075,39145.746481,6048,0,0.00,97.9047,1.0000
12621795.0,7699.505072,31446.568075,39146.073147,6049,0,0.00,97.9234,1.0000
12621946.0,7699.672850,31447.574742,39147.247592,6050,0,0.00,97.9406,1.0000
12622067.0,7699.807294,31448.381408,39148.188703,6051,0,0.00,97.9531,1.0000
12622153.0,7699.902850,31448.954742,39148.857592,6052,0,0.00,97.9703,1.0000
12622455.0,7700.238406,31450.968075,39151.206481,6053,0,0.00,97.9875,1.0000
12622647.0,7700.451739,31452.248075,39152.699814,6054,0,0.00,98.0047,1.0000
12622795.0,7700.616183,31453.234742,39153.850925,6055,0,0.00,98.0219,1.0000
12622806.0,7700.628406,31453.308075,39153.936481,6056,0,0.00,98.0469,1.0000
12622916.0,7700.750628,31454.041408,39154.792036,6057,0,0.00,98.0516,1.0000
12623240.0,7701.110628,31456.201408,39157.312036,6058,0,0.00,98.0563,1.0000
12623779.0,7701.709517,31459.794742,39161.504258,6059,0,0.00,98.0734,1.0000
12623967.0,7701.918406,31461.048075,39162.966481,6060,0,0.00,98.0984,1.0000
12624025.0,7701.982850,31461.434742,39163.417592,6061,0,0.00,98.1234,1.0000
12624073.0,7702.036183,31461.754742,39163.790925,6062,0,0.00,98.1281,1.0000
12624156.0,7702.128406,31462.308075,39164.436481,6063,0,0.00,98.1469,1.0000
12624821.0,7702.867294,31466.741408,39169.608703,6064,0,0.00,98.1641,1.0000
12624923.0,7702.980628,31467.421408,39170.402036,6065,0,0.00,98.1828,1.0000
12625094.0,7703.170628,31468.561408,39171.732036,6066,0,0.00,98.2000,1.0000
12625134.0,7703.215072,31468.828075,39172.043147,6067,0,0.00,98.2172,1.0000
12625222.0,7703.312850,31469.414742,39172.727592,6068,0,0.00,98.2453,1.0000
12625416.0,7703.528406,31470.708075,39174.236481,6069,0,0.00,98.2641,1.0000
12625627.0,7703.762850,31472.114742,39175.877592,6070,0,0.00,98.2813,1.0000
12627095.0,7705.393961,31481.901408,39187.295369,6071,0,0.00,98.3063,1.0000
12627409.0,7705.742850,31483.994742,39189.737592,6072,0,0.00,98.3313,1.0000
12627670.0,7706.032850,31485.734742,39191.767592,6073,0,0.00,98.3359,1.0000
12628568.0,7707.030628,31491.721408,39198.752036,6074,0,0.00,98.3406,1.0000
12628657.0,7707.129517,31492.314742,39199.444258,6075,0,0.00,98.3578,1.0000
12628809.0,7707.298406,31493.328075,39200.626481,6076,0,0.00,98.3750,1.0000
12629168.0,7707.697294,31495.721408,39203.418703,6077,0,0.00,98.3984,1.0000
12629174.0,7707.703961,31495.761408,39203.465369,6078,0,0.00,98.4219,1.0000
12629223.0,7707.758406,31496.088075,39203.846481,6079,0,0.00,98.4453,1.0000
12629540.0,7708.110628,31498.201408,39206.312036,6080,0,0.00,98.4688,1.0000
12629575.0,7708.149517,31498.434742,39206.584258,6081,0,0.00,98.4859,1.0000
12630111.0,7708.745072,31502.008075,39210.753147,6082,0,0.00,98.5031,1.0000
12630312.0,7708.968406,31503.348075,39212.316481,6083,0,0.00,98.5313,1.0000
12630435.0,7709.105072,31504.168075,39213.273147,6084,0,0.00,98.5547,1.0000
12630522.0,7709.201739,31504.748075,39213.949814,6085,0,0.00,98.5781,1.0000
12630639.0,7709.331739,31505.528075,39214.859814,6086,0,0.00,98.5828,1.0000
12630884.0,7709.603961,31507.161408,39216.765369,6087,0,0.00,98.5875,1.0000
12632184.0,7711.048406,31515.828075,39226.876481,6088,0,0.00,98.6063,1.0000
12632581.0,7711.489517,31518.474742,39229.964258,6089,0,0.00,98.6078,1.0000
12633081.0,7712.045072,31521.808075,39233.853147,6090,0,0.00,98.6203,1.0000
12633833.0,7712.880628,31526.821408,39239.702036,6091,0,0.00,98.6484,1.0000
12633948.0,7713.008406,31527.588075,39240.596481,6092,0,0.00,98.6734,1.0000
12634282.0,7713.379517,31529.814742,39243.194258,6093,0,0.00,98.6906,1.0000
12634532.0,7713.657294,31531.481408,39245.138703,6094,0,0.00,98.7094,1.0000
12634575.0,7713.705072,31531.768075,39245.473147,6095,0,0.00,98.7281,1.0000
12635154.0,7714.348406,31535.628075,39249.976481,6096,0,0.00,98.7453,1.0000
12637817.0,7717.307294,31553.381408,39270.688703,6097,0,0.00,98.7500,1.0000
12638215.0,7717.749517,31556.034742,39273.784258,6098,0,0.00,98.7672,1.0000
12638672.0,7718.257294,31559.081408,39277.338703,6099,0,0.00,98.7844,1.0000
12639343.0,7719.002850,31563.554742,39282.557592,6100,0,0.00,98.8344,1.0000
12639572.0,7719.257294,31565.081408,39284.338703,6101,0,0.00,98.8484,1.0000
12639630.0,7719.321739,31565.468075,39284.789814,6102,0,0.00,98.8625,1.0000
12639852.0,7719.568406,31566.948075,39286.516481,6103,0,0.00,98.8797,1.0000
12639934.0,7719.659517,31567.494742,39287.154258,6104,0,0.00,98.9297,1.0000
12639934.0,7719.659517,31567.494742,39287.154258,6105,0,0.00,98.9797,1.0000
12639934.0,7719.659517,31567.494742,39287.154258,6106,0,0.00,99.0297,1.0000
12639953.0,7719.680628,31567.621408,39287.302036,6107,0,0.00,99.0547,1.0000
12640647.0,7720.451739,31572.248075,39292.699814,6108,0,0.00,99.0719,1.0000
12640926.0,7720.761739,31574.108075,39294.869814,6109,0,0.00,99.0891,1.0000
12641162.0,7721.023961,31575.681408,39296.705369,6110,0,0.00,99.1063,1.0000
12641233.0,7721.102850,31576.154742,39297.257592,6111,0,0.00,99.1109,1.0000
12641427.0,7721.318406,31577.448075,39298.766481,6112,0,0.00,99.1250,1.0000
12641678.0,7721.597294,31579.121408,39300.718703,6113,0,0.00,99.1391,1.0000
12641708.0,7721.630628,31579.321408,39300.952036,6114,0,0.00,99.1438,1.0000
12641717.0,7721.640628,31579.381408,39301.022036,6115,0,0.00,99.1906,1.0000
12641825.0,7721.760628,31580.101408,39301.862036,6116,0,0.00,99.2047,1.0000
12641825.0,7721.760628,31580.101408,39301.862036,6117,0,0.00,99.2188,1.0000
12641896.0,7721.839517,31580.574742,39302.414258,6118,0,0.00,99.2328,1.0000
12642583.0,7722.602850,31585.154742,39307.757592,6119,0,0.00,99.2453,1.0000
12642978.0,7723.041739,31587.788075,39310.829814,6120,0,0.00,99.2500,1.0000
12643193.0,7723.280628,31589.221408,39312.502036,6121,0,0.00,99.2641,1.0000
12643380.0,7723.488406,31590.468075,39313.956481,6122,0,0.00,99.2766,1.0000
12643956.0,7724.128406,31594.308075,39318.436481,6123,0,0.00,99.2953,1.0000
12644570.0,7724.810628,31598.401408,39323.212036,6124,0,0.00,99.3016,1.0000
12644755.0,7725.016183,31599.634742,39324.650925,6125,0,0.00,99.3391,1.0000
12645688.0,7726.052850,31605.854742,39331.907592,6126,0,0.00,99.3531,1.0000
12645749.0,7726.120628,31606.261408,39332.382036,6127,0,0.00,99.3578,1.0000
12646036.0,7726.439517,31608.174742,39334.614258,6128,0,0.00,99.3750,1.0000
12646042.0,7726.446183,31608.214742,39334.660925,6129,0,0.00,99.3797,1.0000
12646257.0,7726.685072,31609.648075,39336.333147,6130,0,0.00,99.3969,1.0000
12647692.0,7728.279517,31619.214742,39347.494258,6131,0,0.00,99.4219,1.0000
12648851.0,7729.567294,31626.941408,39356.508703,6132,0,0.00,99.4391,1.0000
12648964.0,7729.692850,31627.694742,39357.387592,6133,0,0.00,99.4438,1.0000
12650435.0,7731.327294,31637.501408,39368.828703,6134,0,0.00,99.4813,1.0000
12651639.0,7732.665072,31645.528075,39378.193147,6135,0,0.00,99.4859,1.0000
12651748.0,7732.786183,31646.254742,39379.040925,6136,0,0.00,99.4984,1.0000
12651934.0,7732.992850,31647.494742,39380.487592,6137,0,0.00,99.5109,1.0000
12652121.0,7733.200628,31648.741408,39381.942036,6138,0,0.00,99.5172,1.0000
12652908.0,7734.075072,31653.988075,39388.063147,6139,0,0.00,99.5422,1.0000
12653924.0,7735.203961,31660.761408,39395.965369,6140,0,0.00,99.5469,1.0000
12654992.0,7736.390628,31667.881408,39404.272036,6141,0,0.00,99.5594,1.0000
12655702.0,7737.179517,31672.614742,39409.794258,6142,0,0.00,99.5719,1.0000
12656021.0,7737.533961,31674.741408,39412.275369,6143,0,0.00,99.5766,1.0000
12659119.0,7740.976183,31695.394742,39436.370925,6144,0,0.00,99.5828,1.0000
12659319.0,7741.198406,31696.728075,39437.926481,6145,0,0.00,99.5859,1.0000
12660024.0,7741.981739,31701.428075,39443.409814,6146,0,0.00,99.5984,1.0000
12660993.0,7743.058406,31707.888075,39450.946481,6147,0,0.00,99.6172,1.0000
12662111.0,7744.300628,31715.341408,39459.642036,6148,0,0.00,99.6672,1.0000
12662687.0,7744.940628,31719.181408,39464.122036,6149,0,0.00,99.7172,1.0000
12662687.0,7744.940628,31719.181408,39464.122036,6150,0,0.00,99.7672,1.0000
12662887.0,7745.162850,31720.514742,39465.677592,6151,0,0.00,99.7766,1.0000
12663265.0,7745.582850,31723.034742,39468.617592,6152,0,0.00,99.8266,1.0000
12663559.0,7745.909517,31724.994742,39470.904258,6153,0,0.00,99.8313,1.0000
12664318.0,7746.752850,31730.054742,39476.807592,6154,0,0.00,99.8594,1.0000
12664321.0,7746.756183,31730.074742,39476.830925,6155,0,0.00,99.8641,1.0000
12664549.0,7747.009517,31731.594742,39478.604258,6156,0,0.00,99.8688,1.0000
12664961.0,7747.467294,31734.341408,39481.808703,6157,0,0.00,99.8938,1.0000
12666591.0,7749.278406,31745.208075,39494.486481,6158,0,0.00,99.8984,1.0000
12666882.0,7749.601739,31747.148075,39496.749814,6159,0,0.00,99.9031,1.0000
12668221.0,7751.089517,31756.074742,39507.164258,6160,0,0.00,99.9281,1.0000
12668375.0,7751.260628,31757.101408,39508.362036,6161,0,0.00,99.9344,1.0000
12670502.0,7753.623961,31771.281408,39524.905369,6162,0,0.00,99.9469,1.0000
12670521.0,7753.645072,31771.408075,39525.053147,6163,0,0.00,99.9594,1.0000
12673422.0,7756.868406,31790.748075,39547.616481,6164,0,0.00,99.9641,1.0000
12673534.0,7756.992850,31791.494742,39548.487592,6165,0,0.00,99.9703,1.0000
12673575.0,7757.038406,31791.768075,39548.806481,6166,0,0.00,99.9875,1.0000
12674134.0,7757.659517,31795.494742,39553.154258,6167,0,0.00,100.0063,1.0000
12674134.0,7757.659517,31795.494742,39553.154258,6168,0,0.00,100.0250,1.0000
12674977.0,7758.596183,31801.114742,39559.710925,6169,0,0.00,100.0438,1.0000
12675879.0,7759.598406,31807.128075,39566.726481,6170,0,0.00,100.0484,1.0000
12676683.0,7760.491739,31812.488075,39572.979814,6171,0,0.00,100.0531,1.0000
12676920.0,7760.755072,31814.068075,39574.823147,6172,0,0.00,100.0719,1.0000
12676928.0,7760.763961,31814.121408,39574.885369,6173,0,0.00,100.0906,1.0000
12677400.0,7761.288406,31817.268075,39578.556481,6174,0,0.00,100.0953,1.0000
12677434.0,7761.326183,31817.494742,39578.820925,6175,0,0.00,100.1125,1.0000
12677691.0,7761.611739,31819.208075,39580.819814,6176,0,0.00,100.1188,1.0000
12677884.0,7761.826183,31820.494742,39582.320925,6177,0,0.00,100.1359,1.0000
12677886.0,7761.828406,31820.508075,39582.336481,6178,0,0.00,100.1641,1.0000
12678401.0,7762.400628,31823.941408,39586.342036,6179,0,0.00,100.1688,1.0000
12678446.0,7762.450628,31824.241408,39586.692036,6180,0,0.00,100.1859,1.0000
12678603.0,7762.625072,31825.288075,39587.913147,6181,0,0.00,100.2047,1.0000
12678759.0,7762.798406,31826.328075,39589.126481,6182,0,0.00,100.2297,1.0000
12678841.0,7762.889517,31826.874742,39589.764258,6183,0,0.00,100.2484,1.0000
12679590.0,7763.721739,31831.868075,39595.589814,6184,0,0.00,100.2672,1.0000
12680183.0,7764.380628,31835.821408,39600.202036,6185,0,0.00,100.2719,1.0000
12680407.0,7764.629517,31837.314742,39601.944258,6186,0,0.00,100.2906,1.0000
12680426.0,7764.650628,31837.441408,39602.092036,6187,0,0.00,100.2953,1.0000
12680497.0,7764.729517,31837.914742,39602.644258,6188,0,0.00,100.3141,1.0000
12680693.0,7764.947294,31839.221408,39604.168703,6189,0,0.00,100.3188,1.0000
12680746.0,7765.006183,31839.574742,39604.580925,6190,0,0.00,100.3359,1.0000
12680911.0,7765.189517,31840.674742,39605.864258,6191,0,0.00,100.3531,1.0000
12681593.0,7765.947294,31845.221408,39611.168703,6192,0,0.00,100.3578,1.0000
12683039.0,7767.553961,31854.861408,39622.415369,6193,0,0.00,100.3625,1.0000
12683430.0,7767.988406,31857.468075,39625.456481,6194,0,0.00,100.3766,1.0000
12684144.0,7768.781739,31862.228075,39631.009814,6195,0,0.00,100.3938,1.0000
12685014.0,7769.748406,31868.028075,39637.776481,6196,0,0.00,100.4109,1.0000
12685084.0,7769.826183,31868.494742,39638.320925,6197,0,0.00,100.4281,1.0000
12685625.0,7770.427294,31872.101408,39642.528703,6198,0,0.00,100.4453,1.0000
12687365.0,7772.360628,31883.701408,39656.062036,6199,0,0.00,100.4953,1.0000
12687526.0,7772.539517,31884.774742,39657.314258,6200,0,0.00,100.5000,1.0000
12687565.0,7772.582850,31885.034742,39657.617592,6201,0,0.00,100.5047,1.0000
12687911.0,7772.967294,31887.341408,39660.308703,6202,0,0.00,100.5094,1.0000
12688167.0,7773.251739,31889.048075,39662.299814,6203,0,0.00,100.5266,1.0000
12688552.0,7773.679517,31891.614742,39665.294258,6204,0,0.00,100.5313,1.0000
12688701.0,7773.845072,31892.608075,39666.453147,6205,0,0.00,100.5359,1.0000
12689300.0,7774.510628,31896.601408,39671.112036,6206,0,0.00,100.5531,1.0000
12689303.0,7774.513961,31896.621408,39671.135369,6207,0,0.00,100.5578,1.0000
12689485.0,7774.716183,31897.834742,39672.550925,6208,0,0.00,100.5828,1.0000
12689914.0,7775.192850,31900.694742,39675.887592,6209,0,0.00,100.5969,1.0000
12690191.0,7775.500628,31902.541408,39678.042036,6210,0,0.00,100.6141,1.0000
12690231.0,7775.545072,31902.808075,39678.353147,6211,0,0.00,100.6391,1.0000
12690581.0,7775.933961,31905.141408,39681.075369,6212,0,0.00,100.6438,1.0000
12690864.0,7776.248406,31907.028075,39683.276481,6213,0,0.00,100.6484,1.0000
12690960.0,7776.355072,31907.668075,39684.023147,6214,0,0.00,100.6656,1.0000
12691397.0,7776.840628,31910.581408,39687.422036,6215,0,0.00,100.6938,1.0000
12691636.0,7777.106183,31912.174742,39689.280925,6216,0,0.00,100.7109,1.0000
12691741.0,7777.222850,31912.874742,39690.097592,6217,0,0.00,100.7172,1.0000
12692206.0,7777.739517,31915.974742,39693.714258,6218,0,0.00,100.7219,1.0000
12692300.0,7777.843961,31916.601408,39694.445369,6219,0,0.00,100.7266,1.0000
12692613.0,7778.191739,31918.688075,39696.879814,6220,0,0.00,100.7328,1.0000
12692705.0,7778.293961,31919.301408,39697.595369,6221,0,0.00,100.7500,1.0000
12692800.0,7778.399517,31919.934742,39698.334258,6222,0,0.00,100.7594,1.0000
12693008.0,7778.630628,31921.321408,39699.952036,6223,0,0.00,100.7875,1.0000
12693782.0,7779.490628,31926.481408,39705.972036,6224,0,0.00,100.8000,1.0000
12693978.0,7779.708406,31927.788075,39707.496481,6225,0,0.00,100.8172,1.0000
12694520.0,7780.310628,31931.401408,39711.712036,6226,0,0.00,100.8219,1.0000
12694521.0,7780.311739,31931.408075,39711.719814,6227,0,0.00,100.8266,1.0000
12694527.0,7780.318406,31931.448075,39711.766481,6228,0,0.00,100.8391,1.0000
12694805.0,7780.627294,31933.301408,39713.928703,6229,0,0.00,100.8578,1.0000
12694892.0,7780.723961,31933.881408,39714.605369,6230,0,0.00,100.8766,1.0000
12695124.0,7780.981739,31935.428075,39716.409814,6231,0,0.00,100.8938,1.0000
12695496.0,7781.395072,31937.908075,39719.303147,6232,0,0.00,100.9109,1.0000
12695902.0,7781.846183,31940.614742,39722.460925,6233,0,0.00,100.9297,1.0000
12696072.0,7782.035072,31941.748075,39723.783147,6234,0,0.00,100.9469,1.0000
12696455.0,7782.460628,31944.301408,39726.762036,6235,0,0.00,100.9656,1.0000
12696716.0,7782.750628,31946.041408,39728.792036,6236,0,0.00,100.9703,1.0000
12696859.0,7782.909517,31946.994742,39729.904258,6237,0,0.00,100.9891,1.0000
12696934.0,7782.992850,31947.494742,39730.487592,6238,0,0.00,101.0078,1.0000
12696992.0,7783.057294,31947.881408,39730.938703,6239,0,0.00,101.0250,1.0000
12696995.0,7783.060628,31947.901408,39730.962036,6240,0,0.00,101.0422,1.0000
12697224.0,7783.315072,31949.428075,39732.743147,6241,0,0.00,101.0469,1.0000
12697262.0,7783.357294,31949.681408,39733.038703,6242,0,0.00,101.0641,1.0000
12697388.0,7783.497294,31950.521408,39734.018703,6243,0,0.00,101.0688,1.0000
12697409.0,7783.520628,31950.661408,39734.182036,6244,0,0.00,101.0734,1.0000
12697409.0,7783.520628,31950.661408,39734.182036,6245,0,0.00,101.0781,1.0000
12697628.0,7783.763961,31952.121408,39735.885369,6246,0,0.00,101.0953,1.0000
12697699.0,7783.842850,31952.594742,39736.437592,6247,0,0.00,101.1234,1.0000
12698004.0,7784.181739,31954.628075,39738.809814,6248,0,0.00,101.1281,1.0000
12698115.0,7784.305072,31955.368075,39739.673147,6249,0,0.00,101.1453,1.0000
12698247.0,7784.451739,31956.248075,39740.699814,6250,0,0.00,101.1625,1.0000
12698502.0,7784.735072,31957.948075,39742.683147,6251,0,0.00,101.1672,1.0000
12698776.0,7785.039517,31959.774742,39744.814258,6252,0,0.00,101.1844,1.0000
12699423.0,7785.758406,31964.088075,39749.846481,6253,0,0.00,101.2016,1.0000
12699635.0,7785.993961,31965.501408,39751.495369,6254,0,0.00,101.2203,1.0000
12699697.0,7786.062850,31965.914742,39751.977592,6255,0,0.00,101.2391,1.0000
12699766.0,7786.139517,31966.374742,39752.514258,6256,0,0.00,101.2578,1.0000
12699989.0,7786.387294,31967.861408,39754.248703,6257,0,0.00,101.2750,1.0000
12700511.0,7786.967294,31971.341408,39758.308703,6258,0,0.00,101.2797,1.0000
12700534.0,7786.992850,31971.494742,39758.487592,6259,0,0.00,101.2984,1.0000
12700571.0,7787.033961,31971.741408,39758.775369,6260,0,0.00,101.3156,1.0000
12700799.0,7787.287294,31973.261408,39760.548703,6261,0,0.00,101.3328,1.0000
12700973.0,7787.480628,31974.421408,39761.902036,6262,0,0.00,101.3516,1.0000
12700980.0,7787.488406,31974.468075,39761.956481,6263,0,0.00,101.3797,1.0000
12701034.0,7787.548406,31974.828075,39762.376481,6264,0,0.00,101.4297,1.0000
12701035.0,7787.549517,31974.834742,39762.384258,6265,0,0.00,101.4797,1.0000
12701642.0,7788.223961,31978.881408,39767.105369,6266,0,0.00,101.4859,1.0000
12701775.0,7788.371739,31979.768075,39768.139814,6267,0,0.00,101.4984,1.0000
12701982.0,7788.601739,31981.148075,39769.749814,6268,0,0.00,101.5000,1.0000
12702195.0,7788.838406,31982.568075,39771.406481,6269,0,0.00,101.5016,1.0000
12702205.0,7788.849517,31982.634742,39771.484258,6270,0,0.00,101.5188,1.0000
12702258.0,7788.908406,31982.988075,39771.896481,6271,0,0.00,101.5359,1.0000
12702385.0,7789.049517,31983.834742,39772.884258,6272,0,0.00,101.5641,1.0000
12702488.0,7789.163961,31984.521408,39773.685369,6273,0,0.00,101.5828,1.0000
12702491.0,7789.167294,31984.541408,39773.708703,6274,0,0.00,101.5953,1.0000
12702537.0,7789.218406,31984.848075,39774.066481,6275,0,0.00,101.6453,1.0000
12702610.0,7789.299517,31985.334742,39774.634258,6276,0,0.00,101.6641,1.0000
12703486.0,7790.272850,31991.174742,39781.447592,6277,0,0.00,101.6688,1.0000
12703623.0,7790.425072,31992.088075,39782.513147,6278,0,0.00,101.6734,1.0000
12703679.0,7790.487294,31992.461408,39782.948703,6279,0,0.00,101.6906,1.0000
12703999.0,7790.842850,31994.594742,39785.437592,6280,0,0.00,101.7141,1.0000
12704008.0,7790.852850,31994.654742,39785.507592,6281,0,0.00,101.7328,1.0000
12704054.0,7790.903961,31994.961408,39785.865369,6282,0,0.00,101.7516,1.0000
12704434.0,7791.326183,31997.494742,39788.820925,6283,0,0.00,101.7797,1.0000
12704508.0,7791.408406,31997.988075,39789.396481,6284,0,0.00,101.7984,1.0000
12704589.0,7791.498406,31998.528075,39790.026481,6285,0,0.00,101.8172,1.0000
12704782.0,7791.712850,31999.814742,39791.527592,6286,0,0.00,101.8359,1.0000
12704913.0,7791.858406,32000.688075,39792.546481,6287,0,0.00,101.8859,1.0000
12706453.0,7793.569517,32010.954742,39804.524258,6288,0,0.00,101.8906,1.0000
12707286.0,7794.495072,32016.508075,39811.003147,6289,0,0.00,101.9406,1.0000
12707288.0,7794.497294,32016.521408,39811.018703,6290,0,0.00,101.9906,1.0000
12707288.0,7794.497294,32016.521408,39811.018703,6291,0,0.00,102.0406,1.0000
12707288.0,7794.497294,32016.521408,39811.018703,6292,0,0.00,102.0906,1.0000
12707320.0,7794.532850,32016.734742,39811.267592,6293,0,0.00,102.0953,1.0000
12707649.0,7794.898406,32018.928075,39813.826481,6294,0,0.00,102.1141,1.0000
12707651.0,7794.900628,32018.941408,39813.842036,6295,0,0.00,102.1328,1.0000
12707656.0,7794.906183,32018.974742,39813.880925,6296,0,0.00,102.1516,1.0000
12707797.0,7795.062850,32019.914742,39814.977592,6297,0,0.00,102.1688,1.0000
12708393.0,7795.725072,32023.888075,39819.613147,6298,0,0.00,102.1859,1.0000
12708721.0,7796.089517,32026.074742,39822.164258,6299,0,0.00,102.2141,1.0000
12708723.0,7796.091739,32026.088075,39822.179814,6300,0,0.00,102.2313,1.0000
12708807.0,7796.185072,32026.648075,39822.833147,6301,0,0.00,102.2594,1.0000
12708975.0,7796.371739,32027.768075,39824.139814,6302,0,0.00,102.2781,1.0000
12710111.0,7797.633961,32035.341408,39832.975369,6303,0,0.00,102.2906,1.0000
12710280.0,7797.821739,32036.468075,39834.289814,6304,0,0.00,102.3188,1.0000
12710826.0,7798.428406,32040.108075,39838.536481,6305,0,0.00,102.3234,1.0000
12710902.0,7798.512850,32040.614742,39839.127592,6306,0,0.00,102.3281,1.0000
12711818.0,7799.530628,32046.721408,39846.252036,6307,0,0.00,102.3328,1.0000
12711905.0,7799.627294,32047.301408,39846.928703,6308,0,0.00,102.3516,1.0000
12712058.0,7799.797294,32048.321408,39848.118703,6309,0,0.00,102.3688,1.0000
12712414.0,7800.192850,32050.694742,39850.887592,6310,0,0.00,102.3734,1.0000
12712464.0,7800.248406,32051.028075,39851.276481,6311,0,0.00,102.3922,1.0000
12712654.0,7800.459517,32052.294742,39852.754258,6312,0,0.00,102.4109,1.0000
12712654.0,7800.459517,32052.294742,39852.754258,6313,0,0.00,102.4281,1.0000
12712679.0,7800.487294,32052.461408,39852.948703,6314,0,0.00,102.4328,1.0000
12712750.0,7800.566183,32052.934742,39853.500925,6315,0,0.00,102.4609,1.0000
12713034.0,7800.881739,32054.828075,39855.709814,6316,0,0.00,102.4781,1.0000
12713342.0,7801.223961,32056.881408,39858.105369,6317,0,0.00,102.4844,1.0000
12713342.0,7801.223961,32056.881408,39858.105369,6318,0,0.00,102.4906,1.0000
12713682.0,7801.601739,32059.148075,39860.749814,6319,0,0.00,102.5000,1.0000
12713985.0,7801.938406,32061.168075,39863.106481,6320,0,0.00,102.5125,1.0000
12714018.0,7801.975072,32061.388075,39863.363147,6321,0,0.00,102.5297,1.0000
12714775.0,7802.816183,32066.434742,39869.250925,6322,0,0.00,102.5344,1.0000
12715637.0,7803.773961,32072.181408,39875.955369,6323,0,0.00,102.5516,1.0000
12715759.0,7803.909517,32072.994742,39876.904258,6324,0,0.00,102.5688,1.0000
12715831.0,7803.989517,32073.474742,39877.464258,6325,0,0.00,102.5734,1.0000
12715831.0,7803.989517,32073.474742,39877.464258,6326,0,0.00,102.5906,1.0000
12715832.0,7803.990628,32073.481408,39877.472036,6327,0,0.00,102.6078,1.0000
12715890.0,7804.055072,32073.868075,39877.923147,6328,0,0.00,102.6125,1.0000
12715899.0,7804.065072,32073.928075,39877.993147,6329,0,0.00,102.6172,1.0000
12716496.0,7804.728406,32077.908075,39882.636481,6330,0,0.00,102.6359,1.0000
12717032.0,7805.323961,32081.481408,39886.805369,6331,0,0.00,102.6406,1.0000
12717322.0,7805.646183,32083.414742,39889.060925,6332,0,0.00,102.6578,1.0000
12717323.0,7805.647294,32083.421408,39889.068703,6333,0,0.00,102.6750,1.0000
12717374.0,7805.703961,32083.761408,39889.465369,6334,0,0.00,102.6797,1.0000
12717453.0,7805.791739,32084.288075,39890.079814,6335,0,0.00,102.6969,1.0000
12717776.0,7806.150628,32086.441408,39892.592036,6336,0,0.00,102.7016,1.0000
12718008.0,7806.408406,32087.988075,39894.396481,6337,0,0.00,102.7063,1.0000
12718108.0,7806.519517,32088.654742,39895.174258,6338,0,0.00,102.7203,1.0000
12718232.0,7806.657294,32089.481408,39896.138703,6339,0,0.00,102.7391,1.0000
12719070.0,7807.588406,32095.068075,39902.656481,6340,0,0.00,102.7438,1.0000
12719324.0,7807.870628,32096.761408,39904.632036,6341,0,0.00,102.7609,1.0000
12719380.0,7807.932850,32097.134742,39905.067592,6342,0,0.00,102.7672,1.0000
12719475.0,7808.038406,32097.768075,39905.806481,6343,0,0.00,102.7844,1.0000
12719519.0,7808.087294,32098.061408,39906.148703,6344,0,0.00,102.7891,1.0000
12719679.0,7808.265072,32099.128075,39907.393147,6345,0,0.00,102.8172,1.0000
12720223.0,7808.869517,32102.754742,39911.624258,6346,0,0.00,102.8219,1.0000
12720445.0,7809.116183,32104.234742,39913.350925,6347,0,0.00,102.8266,1.0000
12720635.0,7809.327294,32105.501408,39914.828703,6348,0,0.00,102.8453,1.0000
12720779.0,7809.487294,32106.461408,39915.948703,6349,0,0.00,102.8625,1.0000
12720780.0,7809.488406,32106.468075,39915.956481,6350,0,0.00,102.8797,1.0000
12720783.0,7809.491739,32106.488075,39915.979814,6351,0,0.00,102.8969,1.0000
12720822.0,7809.535072,32106.748075,39916.283147,6352,0,0.00,102.9141,1.0000
12720865.0,7809.582850,32107.034742,39916.617592,6353,0,0.00,102.9313,1.0000
12722522.0,7811.423961,32118.081408,39929.505369,6354,0,0.00,102.9438,1.0000
12722727.0,7811.651739,32119.448075,39931.099814,6355,0,0.00,102.9609,1.0000
12722917.0,7811.862850,32120.714742,39932.577592,6356,0,0.00,102.9656,1.0000
12723416.0,7812.417294,32124.041408,39936.458703,6357,0,0.00,102.9938,1.0000
12723521.0,7812.533961,32124.741408,39937.275369,6358,0,0.00,103.0000,1.0000
12724753.0,7813.902850,32132.954742,39946.857592,6359,0,0.00,103.0172,1.0000
12724760.0,7813.910628,32133.001408,39946.912036,6360,0,0.00,103.0344,1.0000
12724827.0,7813.985072,32133.448075,39947.433147,6361,0,0.00,103.0516,1.0000
12724844.0,7814.003961,32133.561408,39947.565369,6362,0,0.00,103.0688,1.0000
12724869.0,7814.031739,32133.728075,39947.759814,6363,0,0.00,103.0859,1.0000
12724908.0,7814.075072,32133.988075,39948.063147,6364,0,0.00,103.1031,1.0000
12724913.0,7814.080628,32134.021408,39948.102036,6365,0,0.00,103.1203,1.0000
12724952.0,7814.123961,32134.281408,39948.405369,6366,0,0.00,103.1375,1.0000
12724988.0,7814.163961,32134.521408,39948.685369,6367,0,0.00,103.1422,1.0000
12725852.0,7815.123961,32140.281408,39955.405369,6368,0,0.00,103.1438,1.0000
12725915.0,7815.193961,32140.701408,39955.895369,6369,0,0.00,103.1563,1.0000
12726300.0,7815.621739,32143.268075,39958.889814,6370,0,0.00,103.1688,1.0000
12726410.0,7815.743961,32144.001408,39959.745369,6371,0,0.00,103.1969,1.0000
12727467.0,7816.918406,32151.048075,39967.966481,6372,0,0.00,103.2141,1.0000
12727637.0,7817.107294,32152.181408,39969.288703,6373,0,0.00,103.2313,1.0000
12727643.0,7817.113961,32152.221408,39969.335369,6374,0,0.00,103.2359,1.0000
12727716.0,7817.195072,32152.708075,39969.903147,6375,0,0.00,103.2406,1.0000
12727744.0,7817.226183,32152.894742,39970.120925,6376,0,0.00,103.2578,1.0000
12727818.0,7817.308406,32153.388075,39970.696481,6377,0,0.00,103.2750,1.0000
12727848.0,7817.341739,32153.588075,39970.929814,6378,0,0.00,103.2875,1.0000
12727848.0,7817.341739,32153.588075,39970.929814,6379,0,0.00,103.3000,1.0000
12727852.0,7817.346183,32153.614742,39970.960925,6380,0,0.00,103.3125,1.0000
12727861.0,7817.356183,32153.674742,39971.030925,6381,0,0.00,103.3297,1.0000
12728219.0,7817.753961,32156.061408,39973.815369,6382,0,0.00,103.3344,1.0000
12728547.0,7818.118406,32158.248075,39976.366481,6383,0,0.00,103.3391,1.0000
12728796.0,7818.395072,32159.908075,39978.303147,6384,0,0.00,103.3578,1.0000
12728810.0,7818.410628,32160.001408,39978.412036,6385,0,0.00,103.3625,1.0000
12728811.0,7818.411739,32160.008075,39978.419814,6386,0,0.00,103.3672,1.0000
12728887.0,7818.496183,32160.514742,39979.010925,6387,0,0.00,103.3844,1.0000
12729473.0,7819.147294,32164.421408,39983.568703,6388,0,0.00,103.3891,1.0000
12729554.0,7819.237294,32164.961408,39984.198703,6389,0,0.00,103.4063,1.0000
12729924.0,7819.648406,32167.428075,39987.076481,6390,0,0.00,103.4109,1.0000
12731230.0,7821.099517,32176.134742,39997.234258,6391,0,0.00,103.4359,1.0000
12731256.0,7821.128406,32176.308075,39997.436481,6392,0,0.00,103.4547,1.0000
12731529.0,7821.431739,32178.128075,39999.559814,6393,0,0.00,103.5047,1.0000
12731530.0,7821.432850,32178.134742,39999.567592,6394,0,0.00,103.5547,1.0000
12733903.0,7824.069517,32193.954742,40018.024258,6395,0,0.00,103.6047,1.0000
12734639.0,7824.887294,32198.861408,40023.748703,6396,0,0.00,103.6422,1.0000
12736276.0,7826.706183,32209.774742,40036.480925,6397,0,0.00,103.6922,1.0000
12736585.0,7827.049517,32211.834742,40038.884258,6398,0,0.00,103.7391,1.0000
12736950.0,7827.455072,32214.268075,40041.723147,6399,0,0.00,103.7438,1.0000
12737285.0,7827.827294,32216.501408,40044.328703,6400,0,0.00,103.7719,1.0000
12737287.0,7827.829517,32216.514742,40044.344258,6401,0,0.00,103.7766,1.0000
12738367.0,7829.029517,32223.714742,40052.744258,6402,0,0.00,103.7828,1.0000
12738518.0,7829.197294,32224.721408,40053.918703,6403,0,0.00,103.8203,1.0000
12739533.0,7830.325072,32231.488075,40061.813147,6404,0,0.00,103.8250,1.0000
12739688.0,7830.497294,32232.521408,40063.018703,6405,0,0.00,103.8297,1.0000
12740922.0,7831.868406,32240.748075,40072.616481,6406,0,0.00,103.8578,1.0000
12740935.0,7831.882850,32240.834742,40072.717592,6407,0,0.00,103.8625,1.0000
12741867.0,7832.918406,32247.048075,40079.966481,6408,0,0.00,103.8750,1.0000
12744585.0,7835.938406,32265.168075,40101.106481,6409,0,0.00,103.9688,1.0000
12745598.0,7837.063961,32271.921408,40108.985369,6410,0,0.00,103.9750,1.0000
12746031.0,7837.545072,32274.808075,40112.353147,6411,0,0.00,104.0688,1.0000
12746451.0,7838.011739,32277.608075,40115.619814,6412,0,0.00,104.0734,1.0000
12747693.0,7839.391739,32285.888075,40125.279814,6413,0,0.00,104.0922,1.0000
12747693.0,7839.391739,32285.888075,40125.279814,6414,0,0.00,104.1109,1.0000
12747923.0,7839.647294,32287.421408,40127.068703,6415,0,0.00,104.1609,1.0000
12750317.0,7842.307294,32303.381408,40145.688703,6416,0,0.00,104.2109,1.0000
12750792.0,7842.835072,32306.548075,40149.383147,6417,0,0.00,104.2344,1.0000
12752009.0,7844.187294,32314.661408,40158.848703,6418,0,0.00,104.2391,1.0000
12753278.0,7845.597294,32323.121408,40168.718703,6419,0,0.00,104.2891,1.0000
12753728.0,7846.097294,32326.121408,40172.218703,6420,0,0.00,104.3266,1.0000
12754163.0,7846.580628,32329.021408,40175.602036,6421,0,0.00,104.3766,1.0000
12754705.0,7847.182850,32332.634742,40179.817592,6422,0,0.00,104.4266,1.0000
12756372.0,7849.035072,32343.748075,40192.783147,6423,0,0.00,104.4328,1.0000
12756587.0,7849.273961,32345.181408,40194.455369,6424,0,0.00,104.4609,1.0000
12756840.0,7849.555072,32346.868075,40196.423147,6425,0,0.00,104.4734,1.0000
12756845.0,7849.560628,32346.901408,40196.462036,6426,0,0.00,104.4859,1.0000
12756851.0,7849.567294,32346.941408,40196.508703,6427,0,0.00,104.4984,1.0000
12756858.0,7849.575072,32346.988075,40196.563147,6428,0,0.00,104.5109,1.0000
12758421.0,7851.311739,32357.408075,40208.719814,6429,0,0.00,104.6047,1.0000
12759287.0,7852.273961,32363.181408,40215.455369,6430,0,0.00,104.6219,1.0000
12759334.0,7852.326183,32363.494742,40215.820925,6431,0,0.00,104.6391,1.0000
12759344.0,7852.337294,32363.561408,40215.898703,6432,0,0.00,104.6516,1.0000
12759426.0,7852.428406,32364.108075,40216.536481,6433,0,0.00,104.6688,1.0000
12759616.0,7852.639517,32365.374742,40218.014258,6434,0,0.00,104.6734,1.0000
12759669.0,7852.698406,32365.728075,40218.426481,6435,0,0.00,104.6922,1.0000
12759742.0,7852.779517,32366.214742,40218.994258,6436,0,0.00,104.6969,1.0000
12760137.0,7853.218406,32368.848075,40222.066481,6437,0,0.00,104.7016,1.0000
12760187.0,7853.273961,32369.181408,40222.455369,6438,0,0.00,104.7063,1.0000
12760208.0,7853.297294,32369.321408,40222.618703,6439,0,0.00,104.7109,1.0000
12760254.0,7853.348406,32369.628075,40222.976481,6440,0,0.00,104.7609,1.0000
12760373.0,7853.480628,32370.421408,40223.902036,6441,0,0.00,104.7656,1.0000
12760407.0,7853.518406,32370.648075,40224.166481,6442,0,0.00,104.7828,1.0000
12760482.0,7853.601739,32371.148075,40224.749814,6443,0,0.00,104.8000,1.0000
12760627.0,7853.762850,32372.114742,40225.877592,6444,0,0.00,104.8172,1.0000
12761181.0,7854.378406,32375.808075,40230.186481,6445,0,0.00,104.8219,1.0000
12761193.0,7854.391739,32375.888075,40230.279814,6446,0,0.00,104.8391,1.0000
12761196.0,7854.395072,32375.908075,40230.303147,6447,0,0.00,104.8516,1.0000
12761231.0,7854.433961,32376.141408,40230.575369,6448,0,0.00,104.8688,1.0000
12762035.0,7855.327294,32381.501408,40236.828703,6449,0,0.00,104.8734,1.0000
12762468.0,7855.808406,32384.388075,40240.196481,6450,0,0.00,104.8797,1.0000
12763127.0,7856.540628,32388.781408,40245.322036,6451,0,0.00,104.8844,1.0000
12763127.0,7856.540628,32388.781408,40245.322036,6452,0,0.00,104.8891,1.0000
12763128.0,7856.541739,32388.788075,40245.329814,6453,0,0.00,104.8938,1.0000
12763536.0,7856.995072,32391.508075,40248.503147,6454,0,0.00,104.9109,1.0000
12763538.0,7856.997294,32391.521408,40248.518703,6455,0,0.00,104.9234,1.0000
12763734.0,7857.215072,32392.828075,40250.043147,6456,0,0.00,104.9484,1.0000
12763803.0,7857.291739,32393.288075,40250.579814,6457,0,0.00,104.9859,1.0000
12763815.0,7857.305072,32393.368075,40250.673147,6458,0,0.00,104.9906,1.0000
12763897.0,7857.396183,32393.914742,40251.310925,6459,0,0.00,105.0078,1.0000
12764618.0,7858.197294,32398.721408,40256.918703,6460,0,0.00,105.0250,1.0000
12764760.0,7858.355072,32399.668075,40258.023147,6461,0,0.00,105.0375,1.0000
12764980.0,7858.599517,32401.134742,40259.734258,6462,0,0.00,105.0438,1.0000
12765409.0,7859.076183,32403.994742,40263.070925,6463,0,0.00,105.0625,1.0000
12765714.0,7859.415072,32406.028075,40265.443147,6464,0,0.00,105.0641,1.0000
12765722.0,7859.423961,32406.081408,40265.505369,6465,0,0.00,105.1141,1.0000
12765748.0,7859.452850,32406.254742,40265.707592,6466,0,0.00,105.1188,1.0000
12765960.0,7859.688406,32407.668075,40267.356481,6467,0,0.00,105.1234,1.0000
12766167.0,7859.918406,32409.048075,40268.966481,6468,0,0.00,105.1406,1.0000
12766168.0,7859.919517,32409.054742,40268.974258,6469,0,0.00,105.1578,1.0000
12766375.0,7860.149517,32410.434742,40270.584258,6470,0,0.00,105.1750,1.0000
12766382.0,7860.157294,32410.481408,40270.638703,6471,0,0.00,105.1922,1.0000
12766386.0,7860.161739,32410.508075,40270.669814,6472,0,0.00,105.2094,1.0000
12766495.0,7860.282850,32411.234742,40271.517592,6473,0,0.00,105.2141,1.0000
12767041.0,7860.889517,32414.874742,40275.764258,6474,0,0.00,105.2313,1.0000
12767308.0,7861.186183,32416.654742,40277.840925,6475,0,0.00,105.2563,1.0000
12767571.0,7861.478406,32418.408075,40279.886481,6476,0,0.00,105.2938,1.0000
12767665.0,7861.582850,32419.034742,40280.617592,6477,0,0.00,105.3219,1.0000
12767730.0,7861.655072,32419.468075,40281.123147,6478,0,0.00,105.3391,1.0000
12767779.0,7861.709517,32419.794742,40281.504258,6479,0,0.00,105.3438,1.0000
12767914.0,7861.859517,32420.694742,40282.554258,6480,0,0.00,105.3609,1.0000
12767918.0,7861.863961,32420.721408,40282.585369,6481,0,0.00,105.3781,1.0000
12767922.0,7861.868406,32420.748075,40282.616481,6482,0,0.00,105.3953,1.0000
12767965.0,7861.916183,32421.034742,40282.950925,6483,0,0.00,105.4125,1.0000
12768034.0,7861.992850,32421.494742,40283.487592,6484,0,0.00,105.4188,1.0000
12768679.0,7862.709517,32425.794742,40288.504258,6485,0,0.00,105.4359,1.0000
12768979.0,7863.042850,32427.794742,40290.837592,6486,0,0.00,105.4406,1.0000
12769053.0,7863.125072,32428.288075,40291.413147,6487,0,0.00,105.4594,1.0000
12769332.0,7863.435072,32430.148075,40293.583147,6488,0,0.00,105.4641,1.0000
12769377.0,7863.485072,32430.448075,40293.933147,6489,0,0.00,105.4813,1.0000
12769693.0,7863.836183,32432.554742,40296.390925,6490,0,0.00,105.4984,1.0000
12769779.0,7863.931739,32433.128075,40297.059814,6491,0,0.00,105.5031,1.0000
12770018.0,7864.197294,32434.721408,40298.918703,6492,0,0.00,105.5219,1.0000
12770216.0,7864.417294,32436.041408,40300.458703,6493,0,0.00,105.5500,1.0000
12770272.0,7864.479517,32436.414742,40300.894258,6494,0,0.00,105.5563,1.0000
12770555.0,7864.793961,32438.301408,40303.095369,6495,0,0.00,105.5750,1.0000
12770958.0,7865.241739,32440.988075,40306.229814,6496,0,0.00,105.5813,1.0000
12771007.0,7865.296183,32441.314742,40306.610925,6497,0,0.00,105.5984,1.0000
12771766.0,7866.139517,32446.374742,40312.514258,6498,0,0.00,105.6031,1.0000
12771767.0,7866.140628,32446.381408,40312.522036,6499,0,0.00,105.6156,1.0000
12771919.0,7866.309517,32447.394742,40313.704258,6500,0,0.00,105.6438,1.0000
12772422.0,7866.868406,32450.748075,40317.616481,6501,0,0.00,105.6688,1.0000
12772608.0,7867.075072,32451.988075,40319.063147,6502,0,0.00,105.6859,1.0000
12772610.0,7867.077294,32452.001408,40319.078703,6503,0,0.00,105.6906,1.0000
12772873.0,7867.369517,32453.754742,40321.124258,6504,0,0.00,105.7078,1.0000
12773104.0,7867.626183,32455.294742,40322.920925,6505,0,0.00,105.7125,1.0000
12773293.0,7867.836183,32456.554742,40324.390925,6506,0,0.00,105.7266,1.0000
12773350.0,7867.899517,32456.934742,40324.834258,6507,0,0.00,105.7313,1.0000
12773483.0,7868.047294,32457.821408,40325.868703,6508,0,0.00,105.7359,1.0000
12773623.0,7868.202850,32458.754742,40326.957592,6509,0,0.00,105.7531,1.0000
12773786.0,7868.383961,32459.841408,40328.225369,6510,0,0.00,105.7703,1.0000
12773787.0,7868.385072,32459.848075,40328.233147,6511,0,0.00,105.7875,1.0000
12773792.0,7868.390628,32459.881408,40328.272036,6512,0,0.00,105.8047,1.0000
12773801.0,7868.400628,32459.941408,40328.342036,6513,0,0.00,105.8219,1.0000
12773840.0,7868.443961,32460.201408,40328.645369,6514,0,0.00,105.8391,1.0000
12773929.0,7868.542850,32460.794742,40329.337592,6515,0,0.00,105.8563,1.0000
12774081.0,7868.711739,32461.808075,40330.519814,6516,0,0.00,105.8734,1.0000
12774083.0,7868.713961,32461.821408,40330.535369,6517,0,0.00,105.8906,1.0000
12774112.0,7868.746183,32462.014742,40330.760925,6518,0,0.00,105.9078,1.0000
12774275.0,7868.927294,32463.101408,40332.028703,6519,0,0.00,105.9203,1.0000
12774816.0,7869.528406,32466.708075,40336.236481,6520,0,0.00,105.9453,1.0000
12775123.0,7869.869517,32468.754742,40338.624258,6521,0,0.00,105.9703,1.0000
12775740.0,7870.555072,32472.868075,40343.423147,6522,0,0.00,105.9750,1.0000
12776091.0,7870.945072,32475.208075,40346.153147,6523,0,0.00,105.9797,1.0000
12776250.0,7871.121739,32476.268075,40347.389814,6524,0,0.00,105.9938,1.0000
12776669.0,7871.587294,32479.061408,40350.648703,6525,0,0.00,106.0109,1.0000
12776671.0,7871.589517,32479.074742,40350.664258,6526,0,0.00,106.0391,1.0000
12776690.0,7871.610628,32479.201408,40350.812036,6527,0,0.00,106.0438,1.0000
12776823.0,7871.758406,32480.088075,40351.846481,6528,0,0.00,106.0609,1.0000
12776835.0,7871.771739,32480.168075,40351.939814,6529,0,0.00,106.0656,1.0000
12777190.0,7872.166183,32482.534742,40354.700925,6530,0,0.00,106.0703,1.0000
12777510.0,7872.521739,32484.668075,40357.189814,6531,0,0.00,106.0875,1.0000
12777558.0,7872.575072,32484.988075,40357.563147,6532,0,0.00,106.0922,1.0000
12777769.0,7872.809517,32486.394742,40359.204258,6533,0,0.00,106.1094,1.0000
12777777.0,7872.818406,32486.448075,40359.266481,6534,0,0.00,106.1141,1.0000
12777824.0,7872.870628,32486.761408,40359.632036,6535,0,0.00,106.1313,1.0000
12778137.0,7873.218406,32488.848075,40362.066481,6536,0,0.00,106.1359,1.0000
12778303.0,7873.402850,32489.954742,40363.357592,6537,0,0.00,106.1406,1.0000
12778362.0,7873.468406,32490.348075,40363.816481,6538,0,0.00,106.1453,1.0000
12778412.0,7873.523961,32490.681408,40364.205369,6539,0,0.00,106.1625,1.0000
12778466.0,7873.583961,32491.041408,40364.625369,6540,0,0.00,106.1672,1.0000
12778720.0,7873.866183,32492.734742,40366.600925,6541,0,0.00,106.1719,1.0000
12779479.0,7874.709517,32497.794742,40372.504258,6542,0,0.00,106.1906,1.0000
12779544.0,7874.781739,32498.228075,40373.009814,6543,0,0.00,106.2156,1.0000
12779593.0,7874.836183,32498.554742,40373.390925,6544,0,0.00,106.2328,1.0000
12779606.0,7874.850628,32498.641408,40373.492036,6545,0,0.00,106.2375,1.0000
12779768.0,7875.030628,32499.721408,40374.752036,6546,0,0.00,106.2547,1.0000
12780526.0,7875.872850,32504.774742,40380.647592,6547,0,0.00,106.2594,1.0000
12780597.0,7875.951739,32505.248075,40381.199814,6548,0,0.00,106.2766,1.0000
12780706.0,7876.072850,32505.974742,40382.047592,6549,0,0.00,106.2813,1.0000
12780965.0,7876.360628,32507.701408,40384.062036,6550,0,0.00,106.2984,1.0000
12781038.0,7876.441739,32508.188075,40384.629814,6551,0,0.00,106.3031,1.0000
12781242.0,7876.668406,32509.548075,40386.216481,6552,0,0.00,106.3156,1.0000
12781461.0,7876.911739,32511.008075,40387.919814,6553,0,0.00,106.3203,1.0000
12781794.0,7877.281739,32513.228075,40390.509814,6554,0,0.00,106.3328,1.0000
12781826.0,7877.317294,32513.441408,40390.758703,6555,0,0.00,106.3375,1.0000
12781958.0,7877.463961,32514.321408,40391.785369,6556,0,0.00,106.3547,1.0000
12782008.0,7877.519517,32514.654742,40392.174258,6557,0,0.00,106.3594,1.0000
12782550.0,7878.121739,32518.268075,40396.389814,6558,0,0.00,106.3875,1.0000
12782868.0,7878.475072,32520.388075,40398.863147,6559,0,0.00,106.4047,1.0000
12782927.0,7878.540628,32520.781408,40399.322036,6560,0,0.00,106.4219,1.0000
12783406.0,7879.072850,32523.974742,40403.047592,6561,0,0.00,106.4391,1.0000
12783712.0,7879.412850,32526.014742,40405.427592,6562,0,0.00,106.4438,1.0000
12783808.0,7879.519517,32526.654742,40406.174258,6563,0,0.00,106.4609,1.0000
12784066.0,7879.806183,32528.374742,40408.180925,6564,0,0.00,106.4656,1.0000
12784361.0,7880.133961,32530.341408,40410.475369,6565,0,0.00,106.4719,1.0000
12784501.0,7880.289517,32531.274742,40411.564258,6566,0,0.00,106.4766,1.0000
12784713.0,7880.525072,32532.688075,40413.213147,6567,0,0.00,106.4938,1.0000
12784783.0,7880.602850,32533.154742,40413.757592,6568,0,0.00,106.4984,1.0000
12784847.0,7880.673961,32533.581408,40414.255369,6569,0,0.00,106.5031,1.0000
12785187.0,7881.051739,32535.848075,40416.899814,6570,0,0.00,106.5203,1.0000
12785192.0,7881.057294,32535.881408,40416.938703,6571,0,0.00,106.5375,1.0000
12785276.0,7881.150628,32536.441408,40417.592036,6572,0,0.00,106.5547,1.0000
12785374.0,7881.259517,32537.094742,40418.354258,6573,0,0.00,106.5609,1.0000
12785377.0,7881.262850,32537.114742,40418.377592,6574,0,0.00,106.5781,1.0000
12785425.0,7881.316183,32537.434742,40418.750925,6575,0,0.00,106.6063,1.0000
12785576.0,7881.483961,32538.441408,40419.925369,6576,0,0.00,106.6109,1.0000
12785635.0,7881.549517,32538.834742,40420.384258,6577,0,0.00,106.6234,1.0000
12785902.0,7881.846183,32540.614742,40422.460925,6578,0,0.00,106.6281,1.0000
12785913.0,7881.858406,32540.688075,40422.546481,6579,0,0.00,106.6328,1.0000
12785918.0,7881.863961,32540.721408,40422.585369,6580,0,0.00,106.6500,1.0000
12785926.0,7881.872850,32540.774742,40422.647592,6581,0,0.00,106.6547,1.0000
12785960.0,7881.910628,32541.001408,40422.912036,6582,0,0.00,106.6594,1.0000
12785961.0,7881.911739,32541.008075,40422.919814,6583,0,0.00,106.6719,1.0000
12786353.0,7882.347294,32543.621408,40425.968703,6584,0,0.00,106.7000,1.0000
12786844.0,7882.892850,32546.894742,40429.787592,6585,0,0.00,106.7125,1.0000
12786902.0,7882.957294,32547.281408,40430.238703,6586,0,0.00,106.7172,1.0000
12786955.0,7883.016183,32547.634742,40430.650925,6587,0,0.00,106.7344,1.0000
12787507.0,7883.629517,32551.314742,40434.944258,6588,0,0.00,106.7484,1.0000
12787667.0,7883.807294,32552.381408,40436.188703,6589,0,0.00,106.7625,1.0000
12787813.0,7883.969517,32553.354742,40437.324258,6590,0,0.00,106.7672,1.0000
12787897.0,7884.062850,32553.914742,40437.977592,6591,0,0.00,106.7719,1.0000
12788031.0,7884.211739,32554.808075,40439.019814,6592,0,0.00,106.7781,1.0000
12788080.0,7884.266183,32555.134742,40439.400925,6593,0,0.00,106.7953,1.0000
12788080.0,7884.266183,32555.134742,40439.400925,6594,0,0.00,106.8094,1.0000
12788157.0,7884.351739,32555.648075,40439.999814,6595,0,0.00,106.8141,1.0000
12788548.0,7884.786183,32558.254742,40443.040925,6596,0,0.00,106.8203,1.0000
12788577.0,7884.818406,32558.448075,40443.266481,6597,0,0.00,106.8250,1.0000
12788598.0,7884.841739,32558.588075,40443.429814,6598,0,0.00,106.8422,1.0000
12788687.0,7884.940628,32559.181408,40444.122036,6599,0,0.00,106.8594,1.0000
12788697.0,7884.951739,32559.248075,40444.199814,6600,0,0.00,106.8766,1.0000
12788759.0,7885.020628,32559.661408,40444.682036,6601,0,0.00,106.8813,1.0000
12789137.0,7885.440628,32562.181408,40447.622036,6602,0,0.00,106.9094,1.0000
12789177.0,7885.485072,32562.448075,40447.933147,6603,0,0.00,106.9266,1.0000
12789272.0,7885.590628,32563.081408,40448.672036,6604,0,0.00,106.9313,1.0000
12789473.0,7885.813961,32564.421408,40450.235369,6605,0,0.00,106.9453,1.0000
12789516.0,7885.861739,32564.708075,40450.569814,6606,0,0.00,106.9594,1.0000
12789561.0,7885.911739,32565.008075,40450.919814,6607,0,0.00,106.9766,1.0000
12789684.0,7886.048406,32565.828075,40451.876481,6608,0,0.00,106.9906,1.0000
12790216.0,7886.639517,32569.374742,40456.014258,6609,0,0.00,106.9953,1.0000
12790302.0,7886.735072,32569.948075,40456.683147,6610,0,0.00,107.0078,1.0000
12790364.0,7886.803961,32570.361408,40457.165369,6611,0,0.00,107.0125,1.0000
12790778.0,7887.263961,32573.121408,40460.385369,6612,0,0.00,107.0172,1.0000
12790861.0,7887.356183,32573.674742,40461.030925,6613,0,0.00,107.0219,1.0000
12790868.0,7887.363961,32573.721408,40461.085369,6614,0,0.00,107.0266,1.0000
12790943.0,7887.447294,32574.221408,40461.668703,6615,0,0.00,107.0547,1.0000
12791053.0,7887.569517,32574.954742,40462.524258,6616,0,0.00,107.0594,1.0000
12791442.0,7888.001739,32577.548075,40465.549814,6617,0,0.00,107.0734,1.0000
12791468.0,7888.030628,32577.721408,40465.752036,6618,0,0.00,107.0781,1.0000
12791932.0,7888.546183,32580.814742,40469.360925,6619,0,0.00,107.0828,1.0000
12791937.0,7888.551739,32580.848075,40469.399814,6620,0,0.00,107.0969,1.0000
12791939.0,7888.553961,32580.861408,40469.415369,6621,0,0.00,107.1188,1.0000
12792815.0,7889.527294,32586.701408,40476.228703,6622,0,0.00,107.1359,1.0000
12792844.0,7889.559517,32586.894742,40476.454258,6623,0,0.00,107.1406,1.0000
12792900.0,7889.621739,32587.268075,40476.889814,6624,0,0.00,107.1578,1.0000
12792904.0,7889.626183,32587.294742,40476.920925,6625,0,0.00,107.1750,1.0000
12792976.0,7889.706183,32587.774742,40477.480925,6626,0,0.00,107.1922,1.0000
12793183.0,7889.936183,32589.154742,40479.090925,6627,0,0.00,107.1969,1.0000
12793415.0,7890.193961,32590.701408,40480.895369,6628,0,0.00,107.2016,1.0000
12793533.0,7890.325072,32591.488075,40481.813147,6629,0,0.00,107.2188,1.0000
12793704.0,7890.515072,32592.628075,40483.143147,6630,0,0.00,107.2234,1.0000
12793744.0,7890.559517,32592.894742,40483.454258,6631,0,0.00,107.2281,1.0000
12793976.0,7890.817294,32594.441408,40485.258703,6632,0,0.00,107.2328,1.0000
12793983.0,7890.825072,32594.488075,40485.313147,6633,0,0.00,107.2375,1.0000
12794058.0,7890.908406,32594.988075,40485.896481,6634,0,0.00,107.2547,1.0000
12794446.0,7891.339517,32597.574742,40488.914258,6635,0,0.00,107.3047,1.0000
12794446.0,7891.339517,32597.574742,40488.914258,6636,0,0.00,107.3547,1.0000
12794736.0,7891.661739,32599.508075,40491.169814,6637,0,0.00,107.3734,1.0000
12794844.0,7891.781739,32600.228075,40492.009814,6638,0,0.00,107.3781,1.0000
12794953.0,7891.902850,32600.954742,40492.857592,6639,0,0.00,107.3844,1.0000
12795482.0,7892.490628,32604.481408,40496.972036,6640,0,0.00,107.3891,1.0000
12796050.0,7893.121739,32608.268075,40501.389814,6641,0,0.00,107.3938,1.0000
12796636.0,7893.772850,32612.174742,40505.947592,6642,0,0.00,107.4000,1.0000
12796756.0,7893.906183,32612.974742,40506.880925,6643,0,0.00,107.4047,1.0000
12797381.0,7894.600628,32617.141408,40511.742036,6644,0,0.00,107.4141,1.0000
12798185.0,7895.493961,32622.501408,40517.995369,6645,0,0.00,107.4156,1.0000
12798397.0,7895.729517,32623.914742,40519.644258,6646,0,0.00,107.4328,1.0000
12798459.0,7895.798406,32624.328075,40520.126481,6647,0,0.00,107.4375,1.0000
12798481.0,7895.822850,32624.474742,40520.297592,6648,0,0.00,107.4547,1.0000
12798640.0,7895.999517,32625.534742,40521.534258,6649,0,0.00,107.4563,1.0000
12798887.0,7896.273961,32627.181408,40523.455369,6650,0,0.00,107.4734,1.0000
12799060.0,7896.466183,32628.334742,40524.800925,6651,0,0.00,107.4906,1.0000
12799101.0,7896.511739,32628.608075,40525.119814,6652,0,0.00,107.4953,1.0000
12799187.0,7896.607294,32629.181408,40525.788703,6653,0,0.00,107.5000,1.0000
12799372.0,7896.812850,32630.414742,40527.227592,6654,0,0.00,107.5047,1.0000
12799404.0,7896.848406,32630.628075,40527.476481,6655,0,0.00,107.5094,1.0000
12799447.0,7896.896183,32630.914742,40527.810925,6656,0,0.00,107.5266,1.0000
12799684.0,7897.159517,32632.494742,40529.654258,6657,0,0.00,107.5313,1.0000
12799684.0,7897.159517,32632.494742,40529.654258,6658,0,0.00,107.5484,1.0000
12799730.0,7897.210628,32632.801408,40530.012036,6659,0,0.00,107.5531,1.0000
12799737.0,7897.218406,32632.848075,40530.066481,6660,0,0.00,107.5578,1.0000
12799943.0,7897.447294,32634.221408,40531.668703,6661,0,0.00,107.5625,1.0000
12799970.0,7897.477294,32634.401408,40531.878703,6662,0,0.00,107.5672,1.0000
12800410.0,7897.966183,32637.334742,40535.300925,6663,0,0.00,107.5719,1.0000
12800682.0,7898.268406,32639.148075,40537.416481,6664,0,0.00,107.5766,1.0000
12801448.0,7899.119517,32644.254742,40543.374258,6665,0,0.00,107.5938,1.0000
12801624.0,7899.315072,32645.428075,40544.743147,6666,0,0.00,107.6313,1.0000
12801676.0,7899.372850,32645.774742,40545.147592,6667,0,0.00,107.6484,1.0000
12801732.0,7899.435072,32646.148075,40545.583147,6668,0,0.00,107.6656,1.0000
12801795.0,7899.505072,32646.568075,40546.073147,6669,0,0.00,107.6703,1.0000
12801886.0,7899.606183,32647.174742,40546.780925,6670,0,0.00,107.6750,1.0000
12802116.0,7899.861739,32648.708075,40548.569814,6671,0,0.00,107.6922,1.0000
12802171.0,7899.922850,32649.074742,40548.997592,6672,0,0.00,107.7094,1.0000
12802242.0,7900.001739,32649.548075,40549.549814,6673,0,0.00,107.7344,1.0000
12802410.0,7900.188406,32650.668075,40550.856481,6674,0,0.00,107.7391,1.0000
12802809.0,7900.631739,32653.328075,40553.959814,6675,0,0.00,107.7563,1.0000
12802810.0,7900.632850,32653.334742,40553.967592,6676,0,0.00,107.7734,1.0000
12803119.0,7900.976183,32655.394742,40556.370925,6677,0,0.00,107.7781,1.0000
12803142.0,7901.001739,32655.548075,40556.549814,6678,0,0.00,107.7828,1.0000
12803440.0,7901.332850,32657.534742,40558.867592,6679,0,0.00,107.7875,1.0000
12803451.0,7901.345072,32657.608075,40558.953147,6680,0,0.00,107.7922,1.0000
12803612.0,7901.523961,32658.681408,40560.205369,6681,0,0.00,107.7969,1.0000
12804016.0,7901.972850,32661.374742,40563.347592,6682,0,0.00,107.8141,1.0000
12804056.0,7902.017294,32661.641408,40563.658703,6683,0,0.00,107.8313,1.0000
12804109.0,7902.076183,32661.994742,40564.070925,6684,0,0.00,107.8359,1.0000
12804134.0,7902.103961,32662.161408,40564.265369,6685,0,0.00,107.8531,1.0000
12804223.0,7902.202850,32662.754742,40564.957592,6686,0,0.00,107.8578,1.0000
12804627.0,7902.651739,32665.448075,40568.099814,6687,0,0.00,107.8953,1.0000
12804873.0,7902.925072,32667.088075,40570.013147,6688,0,0.00,107.9141,1.0000
12805064.0,7903.137294,32668.361408,40571.498703,6689,0,0.00,107.9313,1.0000
12805177.0,7903.262850,32669.114742,40572.377592,6690,0,0.00,107.9484,1.0000
12805603.0,7903.736183,32671.954742,40575.690925,6691,0,0.00,107.9531,1.0000
12805606.0,7903.739517,32671.974742,40575.714258,6692,0,0.00,107.9703,1.0000
12805611.0,7903.745072,32672.008075,40575.753147,6693,0,0.00,107.9750,1.0000
12805889.0,7904.053961,32673.861408,40577.915369,6694,0,0.00,107.9922,1.0000
12806004.0,7904.181739,32674.628075,40578.809814,6695,0,0.00,108.0094,1.0000
12806005.0,7904.182850,32674.634742,40578.817592,6696,0,0.00,108.0266,1.0000
12806045.0,7904.227294,32674.901408,40579.128703,6697,0,0.00,108.0313,1.0000
12807127.0,7905.429517,32682.114742,40587.544258,6698,0,0.00,108.0484,1.0000
12807129.0,7905.431739,32682.128075,40587.559814,6699,0,0.00,108.0531,1.0000
12807839.0,7906.220628,32686.861408,40593.082036,6700,0,0.00,108.0703,1.0000
12807914.0,7906.303961,32687.361408,40593.665369,6701,0,0.00,108.0875,1.0000
12808093.0,7906.502850,32688.554742,40595.057592,6702,0,0.00,108.0922,1.0000
12808099.0,7906.509517,32688.594742,40595.104258,6703,0,0.00,108.1094,1.0000
12808103.0,7906.513961,32688.621408,40595.135369,6704,0,0.00,108.1141,1.0000
12808116.0,7906.528406,32688.708075,40595.236481,6705,0,0.00,108.1188,1.0000
12808404.0,7906.848406,32690.628075,40597.476481,6706,0,0.00,108.1234,1.0000
12809267.0,7907.807294,32696.381408,40604.188703,6707,0,0.00,108.1609,1.0000
12809564.0,7908.137294,32698.361408,40606.498703,6708,0,0.00,108.1781,1.0000
12809566.0,7908.139517,32698.374742,40606.514258,6709,0,0.00,108.1953,1.0000
12809677.0,7908.262850,32699.114742,40607.377592,6710,0,0.00,108.3328,1.0000
12810120.0,7908.755072,32702.068075,40610.823147,6711,0,0.00,108.3375,1.0000
12810405.0,7909.071739,32703.968075,40613.039814,6712,0,0.00,108.3547,1.0000
12810708.0,7909.408406,32705.988075,40615.396481,6713,0,0.00,108.3719,1.0000
12810926.0,7909.650628,32707.441408,40617.092036,6714,0,0.00,108.3766,1.0000
12810995.0,7909.727294,32707.901408,40617.628703,6715,0,0.00,108.3938,1.0000
12810998.0,7909.730628,32707.921408,40617.652036,6716,0,0.00,108.4109,1.0000
12811243.0,7910.002850,32709.554742,40619.557592,6717,0,0.00,108.4156,1.0000
12811487.0,7910.273961,32711.181408,40621.455369,6718,0,0.00,108.4328,1.0000
12811529.0,7910.320628,32711.461408,40621.782036,6719,0,0.00,108.4375,1.0000
12811533.0,7910.325072,32711.488075,40621.813147,6720,0,0.00,108.4547,1.0000
12811565.0,7910.360628,32711.701408,40622.062036,6721,0,0.00,108.4719,1.0000
12812012.0,7910.857294,32714.681408,40625.538703,6722,0,0.00,108.4891,1.0000
12812042.0,7910.890628,32714.881408,40625.772036,6723,0,0.00,108.5063,1.0000
12812264.0,7911.137294,32716.361408,40627.498703,6724,0,0.00,108.5234,1.0000
12812357.0,7911.240628,32716.981408,40628.222036,6725,0,0.00,108.5406,1.0000
12812421.0,7911.311739,32717.408075,40628.719814,6726,0,0.00,108.5578,1.0000
12812517.0,7911.418406,32718.048075,40629.466481,6727,0,0.00,108.5750,1.0000
12812552.0,7911.457294,32718.281408,40629.738703,6728,0,0.00,108.5922,1.0000
12812560.0,7911.466183,32718.334742,40629.800925,6729,0,0.00,108.5969,1.0000
12812914.0,7911.859517,32720.694742,40632.554258,6730,0,0.00,108.6141,1.0000
12813013.0,7911.969517,32721.354742,40633.324258,6731,0,0.00,108.6313,1.0000
12813042.0,7912.001739,32721.548075,40633.549814,6732,0,0.00,108.6484,1.0000
12813043.0,7912.002850,32721.554742,40633.557592,6733,0,0.00,108.6656,1.0000
12813044.0,7912.003961,32721.561408,40633.565369,6734,0,0.00,108.6828,1.0000
12813074.0,7912.037294,32721.761408,40633.798703,6735,0,0.00,108.7000,1.0000
12813369.0,7912.365072,32723.728075,40636.093147,6736,0,0.00,108.7172,1.0000
12813374.0,7912.370628,32723.761408,40636.132036,6737,0,0.00,108.7344,1.0000
12813404.0,7912.403961,32723.961408,40636.365369,6738,0,0.00,108.7516,1.0000
12813468.0,7912.475072,32724.388075,40636.863147,6739,0,0.00,108.7688,1.0000
12813534.0,7912.548406,32724.828075,40637.376481,6740,0,0.00,108.7859,1.0000
12813534.0,7912.548406,32724.828075,40637.376481,6741,0,0.00,108.7906,1.0000
12813570.0,7912.588406,32725.068075,40637.656481,6742,0,0.00,108.8078,1.0000
12813599.0,7912.620628,32725.261408,40637.882036,6743,0,0.00,108.8250,1.0000
12813945.0,7913.005072,32727.568075,40640.573147,6744,0,0.00,108.8422,1.0000
12814120.0,7913.199517,32728.734742,40641.934258,6745,0,0.00,108.8594,1.0000
12814258.0,7913.352850,32729.654742,40643.007592,6746,0,0.00,108.8719,1.0000
12814535.0,7913.660628,32731.501408,40645.162036,6747,0,0.00,108.8906,1.0000
12814546.0,7913.672850,32731.574742,40645.247592,6748,0,0.00,108.9078,1.0000
12814641.0,7913.778406,32732.208075,40645.986481,6749,0,0.00,108.9203,1.0000
12814675.0,7913.816183,32732.434742,40646.250925,6750,0,0.00,108.9375,1.0000
12814678.0,7913.819517,32732.454742,40646.274258,6751,0,0.00,108.9422,1.0000
12814705.0,7913.849517,32732.634742,40646.484258,6752,0,0.00,108.9594,1.0000
12814707.0,7913.851739,32732.648075,40646.499814,6753,0,0.00,108.9766,1.0000
12815155.0,7914.349517,32735.634742,40649.984258,6754,0,0.00,108.9938,1.0000
12815217.0,7914.418406,32736.048075,40650.466481,6755,0,0.00,109.0109,1.0000
12815671.0,7914.922850,32739.074742,40653.997592,6756,0,0.00,109.0172,1.0000
12815793.0,7915.058406,32739.888075,40654.946481,6757,0,0.00,109.0359,1.0000
12816034.0,7915.326183,32741.494742,40656.820925,6758,0,0.00,109.0531,1.0000
12816066.0,7915.361739,32741.708075,40657.069814,6759,0,0.00,109.0703,1.0000
12816094.0,7915.392850,32741.894742,40657.287592,6760,0,0.00,109.0875,1.0000
12816137.0,7915.440628,32742.181408,40657.622036,6761,0,0.00,109.1047,1.0000
12816140.0,7915.443961,32742.201408,40657.645369,6762,0,0.00,109.1219,1.0000
12816174.0,7915.481739,32742.428075,40657.909814,6763,0,0.00,109.1391,1.0000
12816612.0,7915.968406,32745.348075,40661.316481,6764,0,0.00,109.1563,1.0000
12816640.0,7915.999517,32745.534742,40661.534258,6765,0,0.00,109.1734,1.0000
12816642.0,7916.001739,32745.548075,40661.549814,6766,0,0.00,109.1906,1.0000
12816705.0,7916.071739,32745.968075,40662.039814,6767,0,0.00,109.2078,1.0000
12816768.0,7916.141739,32746.388075,40662.529814,6768,0,0.00,109.2250,1.0000
12816772.0,7916.146183,32746.414742,40662.560925,6769,0,0.00,109.2422,1.0000
12817086.0,7916.495072,32748.508075,40665.003147,6770,0,0.00,109.2594,1.0000
12817183.0,7916.602850,32749.154742,40665.757592,6771,0,0.00,109.2766,1.0000
12817186.0,7916.606183,32749.174742,40665.780925,6772,0,0.00,109.2938,1.0000
12817556.0,7917.017294,32751.641408,40668.658703,6773,0,0.00,109.3063,1.0000
12817576.0,7917.039517,32751.774742,40668.814258,6774,0,0.00,109.3234,1.0000
12817577.0,7917.040628,32751.781408,40668.822036,6775,0,0.00,109.3406,1.0000
12817940.0,7917.443961,32754.201408,40671.645369,6776,0,0.00,109.3578,1.0000
12818051.0,7917.567294,32754.941408,40672.508703,6777,0,0.00,109.3750,1.0000
12818134.0,7917.659517,32755.494742,40673.154258,6778,0,0.00,109.3922,1.0000
12818193.0,7917.725072,32755.888075,40673.613147,6779,0,0.00,109.4094,1.0000
12818225.0,7917.760628,32756.101408,40673.862036,6780,0,0.00,109.4266,1.0000
12818261.0,7917.800628,32756.341408,40674.142036,6781,0,0.00,109.4438,1.0000
12818604.0,7918.181739,32758.628075,40676.809814,6782,0,0.00,109.4609,1.0000
12818663.0,7918.247294,32759.021408,40677.268703,6783,0,0.00,109.4781,1.0000
12818723.0,7918.313961,32759.421408,40677.735369,6784,0,0.00,109.4953,1.0000
12819100.0,7918.732850,32761.934742,40680.667592,6785,0,0.00,109.5125,1.0000
12819196.0,7918.839517,32762.574742,40681.414258,6786,0,0.00,109.5297,1.0000
12819580.0,7919.266183,32765.134742,40684.400925,6787,0,0.00,109.5469,1.0000
12819608.0,7919.297294,32765.321408,40684.618703,6788,0,0.00,109.5641,1.0000
12819644.0,7919.337294,32765.561408,40684.898703,6789,0,0.00,109.5813,1.0000
12819711.0,7919.411739,32766.008075,40685.419814,6790,0,0.00,109.5984,1.0000
12819712.0,7919.412850,32766.014742,40685.427592,6791,0,0.00,109.6156,1.0000
12820268.0,7920.030628,32769.721408,40689.752036,6792,0,0.00,109.6328,1.0000
12820318.0,7920.086183,32770.054742,40690.140925,6793,0,0.00,109.6500,1.0000
12820671.0,7920.478406,32772.408075,40692.886481,6794,0,0.00,109.6672,1.0000
12820772.0,7920.590628,32773.081408,40693.672036,6795,0,0.00,109.6844,1.0000
12820777.0,7920.596183,32773.114742,40693.710925,6796,0,0.00,109.6891,1.0000
12820796.0,7920.617294,32773.241408,40693.858703,6797,0,0.00,109.7391,1.0000
12820806.0,7920.628406,32773.308075,40693.936481,6798,0,0.00,109.7563,1.0000
12820843.0,7920.669517,32773.554742,40694.224258,6799,0,0.00,109.7734,1.0000
12821206.0,7921.072850,32775.974742,40697.047592,6800,0,0.00,109.7906,1.0000
12821275.0,7921.149517,32776.434742,40697.584258,6801,0,0.00,109.8078,1.0000
12821458.0,7921.352850,32777.654742,40699.007592,6802,0,0.00,109.8250,1.0000
12821718.0,7921.641739,32779.388075,40701.029814,6803,0,0.00,109.8313,1.0000
12821731.0,7921.656183,32779.474742,40701.130925,6804,0,0.00,109.8484,1.0000
12821773.0,7921.702850,32779.754742,40701.457592,6805,0,0.00,109.8656,1.0000
12821876.0,7921.817294,32780.441408,40702.258703,6806,0,0.00,109.8828,1.0000
12822197.0,7922.173961,32782.581408,40704.755369,6807,0,0.00,109.9000,1.0000
12822302.0,7922.290628,32783.281408,40705.572036,6808,0,0.00,109.9172,1.0000
12822612.0,7922.635072,32785.348075,40707.983147,6809,0,0.00,109.9344,1.0000
12822678.0,7922.708406,32785.788075,40708.496481,6810,0,0.00,109.9516,1.0000
12822850.0,7922.899517,32786.934742,40709.834258,6811,0,0.00,109.9891,1.0000
12822956.0,7923.017294,32787.641408,40710.658703,6812,0,0.00,109.9953,1.0000
12822956.0,7923.017294,32787.641408,40710.658703,6813,0,0.00,110.0016,1.0000
12822999.0,7923.065072,32787.928075,40710.993147,6814,0,0.00,110.0188,1.0000
12823087.0,7923.162850,32788.514742,40711.677592,6815,0,0.00,110.0359,1.0000
12823425.0,7923.538406,32790.768075,40714.306481,6816,0,0.00,110.0406,1.0000
12823439.0,7923.553961,32790.861408,40714.415369,6817,0,0.00,110.0500,1.0000
12823440.0,7923.555072,32790.868075,40714.423147,6818,0,0.00,110.0594,1.0000
12823469.0,7923.587294,32791.061408,40714.648703,6819,0,0.00,110.0766,1.0000
12823481.0,7923.600628,32791.141408,40714.742036,6820,0,0.00,110.0813,1.0000
12823538.0,7923.663961,32791.521408,40715.185369,6821,0,0.00,110.0984,1.0000
12823573.0,7923.702850,32791.754742,40715.457592,6822,0,0.00,110.1156,1.0000
12823867.0,7924.029517,32793.714742,40717.744258,6823,0,0.00,110.1328,1.0000
12823895.0,7924.060628,32793.901408,40717.962036,6824,0,0.00,110.1500,1.0000
12823896.0,7924.061739,32793.908075,40717.969814,6825,0,0.00,110.1672,1.0000
12823979.0,7924.153961,32794.461408,40718.615369,6826,0,0.00,110.1844,1.0000
12824008.0,7924.186183,32794.654742,40718.840925,6827,0,0.00,110.2016,1.0000
12824010.0,7924.188406,32794.668075,40718.856481,6828,0,0.00,110.2188,1.0000
12824041.0,7924.222850,32794.874742,40719.097592,6829,0,0.00,110.2359,1.0000
12824042.0,7924.223961,32794.881408,40719.105369,6830,0,0.00,110.2531,1.0000
12824042.0,7924.223961,32794.881408,40719.105369,6831,0,0.00,110.2703,1.0000
12824070.0,7924.255072,32795.068075,40719.323147,6832,0,0.00,110.2875,1.0000
12824103.0,7924.291739,32795.288075,40719.579814,6833,0,0.00,110.3047,1.0000
12824105.0,7924.293961,32795.301408,40719.595369,6834,0,0.00,110.3219,1.0000
12824543.0,7924.780628,32798.221408,40723.002036,6835,0,0.00,110.3391,1.0000
12824576.0,7924.817294,32798.441408,40723.258703,6836,0,0.00,110.3563,1.0000
12824980.0,7925.266183,32801.134742,40726.400925,6837,0,0.00,110.3734,1.0000
12825395.0,7925.727294,32803.901408,40729.628703,6838,0,0.00,110.3922,1.0000
12825407.0,7925.740628,32803.981408,40729.722036,6839,0,0.00,110.4094,1.0000
12825408.0,7925.741739,32803.988075,40729.729814,6840,0,0.00,110.4266,1.0000
12825469.0,7925.809517,32804.394742,40730.204258,6841,0,0.00,110.4438,1.0000
12825502.0,7925.846183,32804.614742,40730.460925,6842,0,0.00,110.4609,1.0000
12825502.0,7925.846183,32804.614742,40730.460925,6843,0,0.00,110.4781,1.0000
12825533.0,7925.880628,32804.821408,40730.702036,6844,0,0.00,110.4953,1.0000
12825534.0,7925.881739,32804.828075,40730.709814,6845,0,0.00,110.5125,1.0000
12825534.0,7925.881739,32804.828075,40730.709814,6846,0,0.00,110.5297,1.0000
12825565.0,7925.916183,32805.034742,40730.950925,6847,0,0.00,110.5469,1.0000
12825840.0,7926.221739,32806.868075,40733.089814,6848,0,0.00,110.5641,1.0000
12825993.0,7926.391739,32807.888075,40734.279814,6849,0,0.00,110.5813,1.0000
12826021.0,7926.422850,32808.074742,40734.497592,6850,0,0.00,110.5984,1.0000
12826024.0,7926.426183,32808.094742,40734.520925,6851,0,0.00,110.6156,1.0000
12826024.0,7926.426183,32808.094742,40734.520925,6852,0,0.00,110.6328,1.0000
12826218.0,7926.641739,32809.388075,40736.029814,6853,0,0.00,110.6500,1.0000
12826367.0,7926.807294,32810.381408,40737.188703,6854,0,0.00,110.6672,1.0000
12826395.0,7926.838406,32810.568075,40737.406481,6855,0,0.00,110.6844,1.0000
12826453.0,7926.902850,32810.954742,40737.857592,6856,0,0.00,110.7016,1.0000
12826453.0,7926.902850,32810.954742,40737.857592,6857,0,0.00,110.7188,1.0000
12826488.0,7926.941739,32811.188075,40738.129814,6858,0,0.00,110.7359,1.0000
12826489.0,7926.942850,32811.194742,40738.137592,6859,0,0.00,110.7531,1.0000
12826742.0,7927.223961,32812.881408,40740.105369,6860,0,0.00,110.7703,1.0000
12826770.0,7927.255072,32813.068075,40740.323147,6861,0,0.00,110.7875,1.0000
12826803.0,7927.291739,32813.288075,40740.579814,6862,0,0.00,110.7922,1.0000
12826826.0,7927.317294,32813.441408,40740.758703,6863,0,0.00,110.8094,1.0000
12826972.0,7927.479517,32814.414742,40741.894258,6864,0,0.00,110.8141,1.0000
12827096.0,7927.617294,32815.241408,40742.858703,6865,0,0.00,110.8313,1.0000
12827321.0,7927.867294,32816.741408,40744.608703,6866,0,0.00,110.8359,1.0000
12827385.0,7927.938406,32817.168075,40745.106481,6867,0,0.00,110.8531,1.0000
12827418.0,7927.975072,32817.388075,40745.363147,6868,0,0.00,110.8703,1.0000
12827445.0,7928.005072,32817.568075,40745.573147,6869,0,0.00,110.8875,1.0000
12827448.0,7928.008406,32817.588075,40745.596481,6870,0,0.00,110.9047,1.0000
12827448.0,7928.008406,32817.588075,40745.596481,6871,0,0.00,110.9219,1.0000
12827842.0,7928.446183,32820.214742,40748.660925,6872,0,0.00,110.9391,1.0000
12828000.0,7928.621739,32821.268075,40749.889814,6873,0,0.00,110.9563,1.0000
12828317.0,7928.973961,32823.381408,40752.355369,6874,0,0.00,110.9734,1.0000
12828345.0,7929.005072,32823.568075,40752.573147,6875,0,0.00,110.9906,1.0000
12828409.0,7929.076183,32823.994742,40753.070925,6876,0,0.00,111.0078,1.0000
12828441.0,7929.111739,32824.208075,40753.319814,6877,0,0.00,111.0250,1.0000
12828721.0,7929.422850,32826.074742,40755.497592,6878,0,0.00,111.0422,1.0000
12828930.0,7929.655072,32827.468075,40757.123147,6879,0,0.00,111.0594,1.0000
12828945.0,7929.671739,32827.568075,40757.239814,6880,0,0.00,111.0641,1.0000
12828985.0,7929.716183,32827.834742,40757.550925,6881,0,0.00,111.0813,1.0000
12829600.0,7930.399517,32831.934742,40762.334258,6882,0,0.00,111.0984,1.0000
12830185.0,7931.049517,32835.834742,40766.884258,6883,0,0.00,111.1156,1.0000
12830303.0,7931.180628,32836.621408,40767.802036,6884,0,0.00,111.1328,1.0000
12830304.0,7931.181739,32836.628075,40767.809814,6885,0,0.00,111.1500,1.0000
12830304.0,7931.181739,32836.628075,40767.809814,6886,0,0.00,111.1672,1.0000
12830304.0,7931.181739,32836.628075,40767.809814,6887,0,0.00,111.1844,1.0000
12830305.0,7931.182850,32836.634742,40767.817592,6888,0,0.00,111.2016,1.0000
12830305.0,7931.182850,32836.634742,40767.817592,6889,0,0.00,111.2188,1.0000
12830365.0,7931.249517,32837.034742,40768.284258,6890,0,0.00,111.2359,1.0000
12830398.0,7931.286183,32837.254742,40768.540925,6891,0,0.00,111.2531,1.0000
12830399.0,7931.287294,32837.261408,40768.548703,6892,0,0.00,111.2703,1.0000
12830401.0,7931.289517,32837.274742,40768.564258,6893,0,0.00,111.2875,1.0000
12830713.0,7931.636183,32839.354742,40770.990925,6894,0,0.00,111.3047,1.0000
12831438.0,7932.441739,32844.188075,40776.629814,6895,0,0.00,111.3219,1.0000
12831439.0,7932.442850,32844.194742,40776.637592,6896,0,0.00,111.3391,1.0000
12831794.0,7932.837294,32846.561408,40779.398703,6897,0,0.00,111.3563,1.0000
12831795.0,7932.838406,32846.568075,40779.406481,6898,0,0.00,111.3734,1.0000
12831833.0,7932.880628,32846.821408,40779.702036,6899,0,0.00,111.3906,1.0000
12831898.0,7932.952850,32847.254742,40780.207592,6900,0,0.00,111.3969,1.0000
12832165.0,7933.249517,32849.034742,40782.284258,6901,0,0.00,111.4141,1.0000
12832198.0,7933.286183,32849.254742,40782.540925,6902,0,0.00,111.4313,1.0000
12832641.0,7933.778406,32852.208075,40785.986481,6903,0,0.00,111.4484,1.0000
12832672.0,7933.812850,32852.414742,40786.227592,6904,0,0.00,111.4656,1.0000
12832675.0,7933.816183,32852.434742,40786.250925,6905,0,0.00,111.4828,1.0000
12832935.0,7934.105072,32854.168075,40788.273147,6906,0,0.00,111.5063,1.0000
12833057.0,7934.240628,32854.981408,40789.222036,6907,0,0.00,111.5234,1.0000
12833158.0,7934.352850,32855.654742,40790.007592,6908,0,0.00,111.5406,1.0000
12833303.0,7934.513961,32856.621408,40791.135369,6909,0,0.00,111.5641,1.0000
12833309.0,7934.520628,32856.661408,40791.182036,6910,0,0.00,111.5813,1.0000
12833524.0,7934.759517,32858.094742,40792.854258,6911,0,0.00,111.5984,1.0000
12833554.0,7934.792850,32858.294742,40793.087592,6912,0,0.00,111.6156,1.0000
12833588.0,7934.830628,32858.521408,40793.352036,6913,0,0.00,111.6328,1.0000
12833626.0,7934.872850,32858.774742,40793.647592,6914,0,0.00,111.6500,1.0000
12833950.0,7935.232850,32860.934742,40796.167592,6915,0,0.00,111.6672,1.0000
12833950.0,7935.232850,32860.934742,40796.167592,6916,0,0.00,111.6844,1.0000
12833985.0,7935.271739,32861.168075,40796.439814,6917,0,0.00,111.7016,1.0000
12834016.0,7935.306183,32861.374742,40796.680925,6918,0,0.00,111.7188,1.0000
12834046.0,7935.339517,32861.574742,40796.914258,6919,0,0.00,111.7359,1.0000
12834081.0,7935.378406,32861.808075,40797.186481,6920,0,0.00,111.7531,1.0000
12834145.0,7935.449517,32862.234742,40797.684258,6921,0,0.00,111.7703,1.0000
12834457.0,7935.796183,32864.314742,40800.110925,6922,0,0.00,111.7875,1.0000
12834544.0,7935.892850,32864.894742,40800.787592,6923,0,0.00,111.8047,1.0000
12834577.0,7935.929517,32865.114742,40801.044258,6924,0,0.00,111.8219,1.0000
12834955.0,7936.349517,32867.634742,40803.984258,6925,0,0.00,111.8391,1.0000
12835389.0,7936.831739,32870.528075,40807.359814,6926,0,0.00,111.8563,1.0000
12835416.0,7936.861739,32870.708075,40807.569814,6927,0,0.00,111.8734,1.0000
12835445.0,7936.893961,32870.901408,40807.795369,6928,0,0.00,111.8906,1.0000
12835477.0,7936.929517,32871.114742,40808.044258,6929,0,0.00,111.9078,1.0000
12835507.0,7936.962850,32871.314742,40808.277592,6930,0,0.00,111.9250,1.0000
12835540.0,7936.999517,32871.534742,40808.534258,6931,0,0.00,111.9422,1.0000
12835551.0,7937.011739,32871.608075,40808.619814,6932,0,0.00,111.9484,1.0000
12835604.0,7937.070628,32871.961408,40809.032036,6933,0,0.00,111.9656,1.0000
12835903.0,7937.402850,32873.954742,40811.357592,6934,0,0.00,111.9828,1.0000
12835992.0,7937.501739,32874.548075,40812.049814,6935,0,0.00,112.0000,1.0000
12836092.0,7937.612850,32875.214742,40812.827592,6936,0,0.00,112.0172,1.0000
12836234.0,7937.770628,32876.161408,40813.932036,6937,0,0.00,112.0219,1.0000
12836356.0,7937.906183,32876.974742,40814.880925,6938,0,0.00,112.0453,1.0000
12836497.0,7938.062850,32877.914742,40815.977592,6939,0,0.00,112.0625,1.0000
12836497.0,7938.062850,32877.914742,40815.977592,6940,0,0.00,112.0797,1.0000
12836554.0,7938.126183,32878.294742,40816.420925,6941,0,0.00,112.0984,1.0000
12836554.0,7938.126183,32878.294742,40816.420925,6942,0,0.00,112.1156,1.0000
12836647.0,7938.229517,32878.914742,40817.144258,6943,0,0.00,112.1328,1.0000
12836909.0,7938.520628,32880.661408,40819.182036,6944,0,0.00,112.1500,1.0000
12837062.0,7938.690628,32881.681408,40820.372036,6945,0,0.00,112.1672,1.0000
12837063.0,7938.691739,32881.688075,40820.379814,6946,0,0.00,112.1844,1.0000
12837090.0,7938.721739,32881.868075,40820.589814,6947,0,0.00,112.2016,1.0000
12837334.0,7938.992850,32883.494742,40822.487592,6948,0,0.00,112.2203,1.0000
12837465.0,7939.138406,32884.368075,40823.506481,6949,0,0.00,112.2375,1.0000
12837700.0,7939.399517,32885.934742,40825.334258,6950,0,0.00,112.2547,1.0000
12837701.0,7939.400628,32885.941408,40825.342036,6951,0,0.00,112.2719,1.0000
12838533.0,7940.325072,32891.488075,40831.813147,6952,0,0.00,112.2813,1.0000
12838574.0,7940.370628,32891.761408,40832.132036,6953,0,0.00,112.2984,1.0000
12838636.0,7940.439517,32892.174742,40832.614258,6954,0,0.00,112.3156,1.0000
12838671.0,7940.478406,32892.408075,40832.886481,6955,0,0.00,112.3328,1.0000
12838753.0,7940.569517,32892.954742,40833.524258,6956,0,0.00,112.3500,1.0000
12839267.0,7941.140628,32896.381408,40837.522036,6957,0,0.00,112.3547,1.0000
12839491.0,7941.389517,32897.874742,40839.264258,6958,0,0.00,112.3719,1.0000
12839871.0,7941.811739,32900.408075,40842.219814,6959,0,0.00,112.3891,1.0000
12839992.0,7941.946183,32901.214742,40843.160925,6960,0,0.00,112.4063,1.0000
12840257.0,7942.240628,32902.981408,40845.222036,6961,0,0.00,112.4234,1.0000
12840307.0,7942.296183,32903.314742,40845.610925,6962,0,0.00,112.4406,1.0000
12840446.0,7942.450628,32904.241408,40846.692036,6963,0,0.00,112.4578,1.0000
12840546.0,7942.561739,32904.908075,40847.469814,6964,0,0.00,112.4750,1.0000
12840810.0,7942.855072,32906.668075,40849.523147,6965,0,0.00,112.4922,1.0000
12841028.0,7943.097294,32908.121408,40851.218703,6966,0,0.00,112.5016,1.0000
12841112.0,7943.190628,32908.681408,40851.872036,6967,0,0.00,112.5188,1.0000
12841140.0,7943.221739,32908.868075,40852.089814,6968,0,0.00,112.5234,1.0000
12841146.0,7943.228406,32908.908075,40852.136481,6969,0,0.00,112.5297,1.0000
12841360.0,7943.466183,32910.334742,40853.800925,6970,0,0.00,112.5469,1.0000
12841389.0,7943.498406,32910.528075,40854.026481,6971,0,0.00,112.5516,1.0000
12841688.0,7943.830628,32912.521408,40856.352036,6972,0,0.00,112.5563,1.0000
12841689.0,7943.831739,32912.528075,40856.359814,6973,0,0.00,112.5609,1.0000
12841864.0,7944.026183,32913.694742,40857.720925,6974,0,0.00,112.5672,1.0000
12841990.0,7944.166183,32914.534742,40858.700925,6975,0,0.00,112.5844,1.0000
12842112.0,7944.301739,32915.348075,40859.649814,6976,0,0.00,112.6016,1.0000
12842112.0,7944.301739,32915.348075,40859.649814,6977,0,0.00,112.6188,1.0000
12842149.0,7944.342850,32915.594742,40859.937592,6978,0,0.00,112.6359,1.0000
12842410.0,7944.632850,32917.334742,40861.967592,6979,0,0.00,112.6531,1.0000
12842535.0,7944.771739,32918.168075,40862.939814,6980,0,0.00,112.6578,1.0000
12842569.0,7944.809517,32918.394742,40863.204258,6981,0,0.00,112.6750,1.0000
12842592.0,7944.835072,32918.548075,40863.383147,6982,0,0.00,112.6797,1.0000
12842606.0,7944.850628,32918.641408,40863.492036,6983,0,0.00,112.7078,1.0000
12842607.0,7944.851739,32918.648075,40863.499814,6984,0,0.00,112.7250,1.0000
12842827.0,7945.096183,32920.114742,40865.210925,6985,0,0.00,112.7297,1.0000
12842861.0,7945.133961,32920.341408,40865.475369,6986,0,0.00,112.7391,1.0000
12842887.0,7945.162850,32920.514742,40865.677592,6987,0,0.00,112.7438,1.0000
12842980.0,7945.266183,32921.134742,40866.400925,6988,0,0.00,112.7609,1.0000
12843047.0,7945.340628,32921.581408,40866.922036,6989,0,0.00,112.7781,1.0000
12843084.0,7945.381739,32921.828075,40867.209814,6990,0,0.00,112.7953,1.0000
12843126.0,7945.428406,32922.108075,40867.536481,6991,0,0.00,112.8125,1.0000
12843239.0,7945.553961,32922.861408,40868.415369,6992,0,0.00,112.8250,1.0000
12843244.0,7945.559517,32922.894742,40868.454258,6993,0,0.00,112.8375,1.0000
12843244.0,7945.559517,32922.894742,40868.454258,6994,0,0.00,112.8500,1.0000
12843268.0,7945.586183,32923.054742,40868.640925,6995,0,0.00,112.8625,1.0000
12843802.0,7946.179517,32926.614742,40872.794258,6996,0,0.00,112.8797,1.0000
12843945.0,7946.338406,32927.568075,40873.906481,6997,0,0.00,112.8844,1.0000
12844087.0,7946.496183,32928.514742,40875.010925,6998,0,0.00,112.9016,1.0000
12844113.0,7946.525072,32928.688075,40875.213147,6999,0,0.00,112.9188,1.0000
12844144.0,7946.559517,32928.894742,40875.454258,7000,0,0.00,112.9359,1.0000
12844173.0,7946.591739,32929.088075,40875.679814,7001,0,0.00,112.9531,1.0000
12844235.0,7946.660628,32929.501408,40876.162036,7002,0,0.00,112.9703,1.0000
12844265.0,7946.693961,32929.701408,40876.395369,7003,0,0.00,112.9875,1.0000
12844273.0,7946.702850,32929.754742,40876.457592,7004,0,0.00,113.0047,1.0000
12844303.0,7946.736183,32929.954742,40876.690925,7005,0,0.00,113.0219,1.0000
12844337.0,7946.773961,32930.181408,40876.955369,7006,0,0.00,113.0391,1.0000
12844338.0,7946.775072,32930.188075,40876.963147,7007,0,0.00,113.0563,1.0000
12844373.0,7946.813961,32930.421408,40877.235369,7008,0,0.00,113.0734,1.0000
12844484.0,7946.937294,32931.161408,40878.098703,7009,0,0.00,113.0781,1.0000
12844752.0,7947.235072,32932.948075,40880.183147,7010,0,0.00,113.0953,1.0000
12844783.0,7947.269517,32933.154742,40880.424258,7011,0,0.00,113.1125,1.0000
12844787.0,7947.273961,32933.181408,40880.455369,7012,0,0.00,113.1297,1.0000
12844824.0,7947.315072,32933.428075,40880.743147,7013,0,0.00,113.1469,1.0000
12844865.0,7947.360628,32933.701408,40881.062036,7014,0,0.00,113.1516,1.0000
12845015.0,7947.527294,32934.701408,40882.228703,7015,0,0.00,113.1703,1.0000
12845165.0,7947.693961,32935.701408,40883.395369,7016,0,0.00,113.1875,1.0000
12845165.0,7947.693961,32935.701408,40883.395369,7017,0,0.00,113.2047,1.0000
12845282.0,7947.823961,32936.481408,40884.305369,7018,0,0.00,113.2219,1.0000
12845318.0,7947.863961,32936.721408,40884.585369,7019,0,0.00,113.2266,1.0000
12845387.0,7947.940628,32937.181408,40885.122036,7020,0,0.00,113.2438,1.0000
12845388.0,7947.941739,32937.188075,40885.129814,7021,0,0.00,113.2609,1.0000
12845420.0,7947.977294,32937.401408,40885.378703,7022,0,0.00,113.2781,1.0000
12845530.0,7948.099517,32938.134742,40886.234258,7023,0,0.00,113.2844,1.0000
12845623.0,7948.202850,32938.754742,40886.957592,7024,0,0.00,113.2891,1.0000
12845630.0,7948.210628,32938.801408,40887.012036,7025,0,0.00,113.2938,1.0000
12845829.0,7948.431739,32940.128075,40888.559814,7026,0,0.00,113.3109,1.0000
12845883.0,7948.491739,32940.488075,40888.979814,7027,0,0.00,113.3281,1.0000
12845884.0,7948.492850,32940.494742,40888.987592,7028,0,0.00,113.3453,1.0000
12845884.0,7948.492850,32940.494742,40888.987592,7029,0,0.00,113.3625,1.0000
12845918.0,7948.530628,32940.721408,40889.252036,7030,0,0.00,113.3797,1.0000
12845922.0,7948.535072,32940.748075,40889.283147,7031,0,0.00,113.3844,1.0000
12846026.0,7948.650628,32941.441408,40890.092036,7032,0,0.00,113.3891,1.0000
12846027.0,7948.651739,32941.448075,40890.099814,7033,0,0.00,113.3938,1.0000
12846212.0,7948.857294,32942.681408,40891.538703,7034,0,0.00,113.4109,1.0000
12846235.0,7948.882850,32942.834742,40891.717592,7035,0,0.00,113.4172,1.0000
12846351.0,7949.011739,32943.608075,40892.619814,7036,0,0.00,113.4344,1.0000
12846354.0,7949.015072,32943.628075,40892.643147,7037,0,0.00,113.4516,1.0000
12846357.0,7949.018406,32943.648075,40892.666481,7038,0,0.00,113.4563,1.0000
12846395.0,7949.060628,32943.901408,40892.962036,7039,0,0.00,113.4734,1.0000
12846436.0,7949.106183,32944.174742,40893.280925,7040,0,0.00,113.4906,1.0000
12846635.0,7949.327294,32945.501408,40894.828703,7041,0,0.00,113.4953,1.0000
12846972.0,7949.701739,32947.748075,40897.449814,7042,0,0.00,113.5125,1.0000
12847006.0,7949.739517,32947.974742,40897.714258,7043,0,0.00,113.5297,1.0000
12847035.0,7949.771739,32948.168075,40897.939814,7044,0,0.00,113.5469,1.0000
12847067.0,7949.807294,32948.381408,40898.188703,7045,0,0.00,113.5516,1.0000
12847073.0,7949.813961,32948.421408,40898.235369,7046,0,0.00,113.5563,1.0000
12847100.0,7949.843961,32948.601408,40898.445369,7047,0,0.00,113.5734,1.0000
12847104.0,7949.848406,32948.628075,40898.476481,7048,0,0.00,113.5906,1.0000
12847135.0,7949.882850,32948.834742,40898.717592,7049,0,0.00,113.6078,1.0000
12847139.0,7949.887294,32948.861408,40898.748703,7050,0,0.00,113.6250,1.0000
12847141.0,7949.889517,32948.874742,40898.764258,7051,0,0.00,113.6422,1.0000
12847293.0,7950.058406,32949.888075,40899.946481,7052,0,0.00,113.6516,1.0000
12847352.0,7950.123961,32950.281408,40900.405369,7053,0,0.00,113.6578,1.0000
12847386.0,7950.161739,32950.508075,40900.669814,7054,0,0.00,113.7078,1.0000
12847468.0,7950.252850,32951.054742,40901.307592,7055,0,0.00,113.7141,1.0000
12847624.0,7950.426183,32952.094742,40902.520925,7056,0,0.00,113.7422,1.0000
12847656.0,7950.461739,32952.308075,40902.769814,7057,0,0.00,113.7469,1.0000
12847693.0,7950.502850,32952.554742,40903.057592,7058,0,0.00,113.7641,1.0000
12847731.0,7950.545072,32952.808075,40903.353147,7059,0,0.00,113.7703,1.0000
12847946.0,7950.783961,32954.241408,40905.025369,7060,0,0.00,113.7750,1.0000
12848097.0,7950.951739,32955.248075,40906.199814,7061,0,0.00,113.7922,1.0000
12848109.0,7950.965072,32955.328075,40906.293147,7062,0,0.00,113.8094,1.0000
12848139.0,7950.998406,32955.528075,40906.526481,7063,0,0.00,113.8266,1.0000
12848146.0,7951.006183,32955.574742,40906.580925,7064,0,0.00,113.8438,1.0000
12848201.0,7951.067294,32955.941408,40907.008703,7065,0,0.00,113.8484,1.0000
12848244.0,7951.115072,32956.228075,40907.343147,7066,0,0.00,113.8656,1.0000
12848285.0,7951.160628,32956.501408,40907.662036,7067,0,0.00,113.8703,1.0000
12848345.0,7951.227294,32956.901408,40908.128703,7068,0,0.00,113.8766,1.0000
12848530.0,7951.432850,32958.134742,40909.567592,7069,0,0.00,113.8938,1.0000
12848531.0,7951.433961,32958.141408,40909.575369,7070,0,0.00,113.9109,1.0000
12848562.0,7951.468406,32958.348075,40909.816481,7071,0,0.00,113.9156,1.0000
12848594.0,7951.503961,32958.561408,40910.065369,7072,0,0.00,113.9328,1.0000
12848637.0,7951.551739,32958.848075,40910.399814,7073,0,0.00,113.9391,1.0000
12848673.0,7951.591739,32959.088075,40910.679814,7074,0,0.00,113.9563,1.0000
12848687.0,7951.607294,32959.181408,40910.788703,7075,0,0.00,113.9609,1.0000
12848705.0,7951.627294,32959.301408,40910.928703,7076,0,0.00,113.9781,1.0000
12848706.0,7951.628406,32959.308075,40910.936481,7077,0,0.00,113.9953,1.0000
12848710.0,7951.632850,32959.334742,40910.967592,7078,0,0.00,114.0125,1.0000
12848919.0,7951.865072,32960.728075,40912.593147,7079,0,0.00,114.0172,1.0000
12849160.0,7952.132850,32962.334742,40914.467592,7080,0,0.00,114.0219,1.0000
12849193.0,7952.169517,32962.554742,40914.724258,7081,0,0.00,114.0281,1.0000
12849264.0,7952.248406,32963.028075,40915.276481,7082,0,0.00,114.0453,1.0000
12849269.0,7952.253961,32963.061408,40915.315369,7083,0,0.00,114.0625,1.0000
12849338.0,7952.330628,32963.521408,40915.852036,7084,0,0.00,114.0672,1.0000
12849870.0,7952.921739,32967.068075,40919.989814,7085,0,0.00,114.0797,1.0000
12849899.0,7952.953961,32967.261408,40920.215369,7086,0,0.00,114.0844,1.0000
12849910.0,7952.966183,32967.334742,40920.300925,7087,0,0.00,114.0891,1.0000
12849921.0,7952.978406,32967.408075,40920.386481,7088,0,0.00,114.0938,1.0000
12849943.0,7953.002850,32967.554742,40920.557592,7089,0,0.00,114.0984,1.0000
12849998.0,7953.063961,32967.921408,40920.985369,7090,0,0.00,114.1156,1.0000
12850064.0,7953.137294,32968.361408,40921.498703,7091,0,0.00,114.1203,1.0000
12850392.0,7953.501739,32970.548075,40924.049814,7092,0,0.00,114.1375,1.0000
12850425.0,7953.538406,32970.768075,40924.306481,7093,0,0.00,114.1547,1.0000
12850426.0,7953.539517,32970.774742,40924.314258,7094,0,0.00,114.1719,1.0000
12850824.0,7953.981739,32973.428075,40927.409814,7095,0,0.00,114.1891,1.0000
12850824.0,7953.981739,32973.428075,40927.409814,7096,0,0.00,114.1953,1.0000
12850829.0,7953.987294,32973.461408,40927.448703,7097,0,0.00,114.2000,1.0000
12850838.0,7953.997294,32973.521408,40927.518703,7098,0,0.00,114.2047,1.0000
12851163.0,7954.358406,32975.688075,40930.046481,7099,0,0.00,114.2219,1.0000
12851270.0,7954.477294,32976.401408,40930.878703,7100,0,0.00,114.2391,1.0000
12851335.0,7954.549517,32976.834742,40931.384258,7101,0,0.00,114.2453,1.0000
12851410.0,7954.632850,32977.334742,40931.967592,7102,0,0.00,114.2625,1.0000
12851418.0,7954.641739,32977.388075,40932.029814,7103,0,0.00,114.2797,1.0000
12851603.0,7954.847294,32978.621408,40933.468703,7104,0,0.00,114.2859,1.0000
12851898.0,7955.175072,32980.588075,40935.763147,7105,0,0.00,114.2906,1.0000
12851976.0,7955.261739,32981.108075,40936.369814,7106,0,0.00,114.2969,1.0000
12852060.0,7955.355072,32981.668075,40937.023147,7107,0,0.00,114.3016,1.0000
12852087.0,7955.385072,32981.848075,40937.233147,7108,0,0.00,114.3078,1.0000
12852151.0,7955.456183,32982.274742,40937.730925,7109,0,0.00,114.3578,1.0000
12852199.0,7955.509517,32982.594742,40938.104258,7110,0,0.00,114.3625,1.0000
12852478.0,7955.819517,32984.454742,40940.274258,7111,0,0.00,114.3797,1.0000
12852625.0,7955.982850,32985.434742,40941.417592,7112,0,0.00,114.3969,1.0000
12852626.0,7955.983961,32985.441408,40941.425369,7113,0,0.00,114.4141,1.0000
12852627.0,7955.985072,32985.448075,40941.433147,7114,0,0.00,114.4313,1.0000
12852641.0,7956.000628,32985.541408,40941.542036,7115,0,0.00,114.4375,1.0000
12852672.0,7956.035072,32985.748075,40941.783147,7116,0,0.00,114.4547,1.0000
12852939.0,7956.331739,32987.528075,40943.859814,7117,0,0.00,114.4719,1.0000
12852969.0,7956.365072,32987.728075,40944.093147,7118,0,0.00,114.4766,1.0000
12852996.0,7956.395072,32987.908075,40944.303147,7119,0,0.00,114.4891,1.0000
12853159.0,7956.576183,32988.994742,40945.570925,7120,0,0.00,114.5063,1.0000
12854094.0,7957.615072,32995.228075,40952.843147,7121,0,0.00,114.5109,1.0000
12854095.0,7957.616183,32995.234742,40952.850925,7122,0,0.00,114.5156,1.0000
12854236.0,7957.772850,32996.174742,40953.947592,7123,0,0.00,114.5203,1.0000
12854343.0,7957.891739,32996.888075,40954.779814,7124,0,0.00,114.5266,1.0000
12854859.0,7958.465072,33000.328075,40958.793147,7125,0,0.00,114.5328,1.0000
12854978.0,7958.597294,33001.121408,40959.718703,7126,0,0.00,114.5500,1.0000
12855075.0,7958.705072,33001.768075,40960.473147,7127,0,0.00,114.5672,1.0000
12855092.0,7958.723961,33001.881408,40960.605369,7128,0,0.00,114.5734,1.0000
12855243.0,7958.891739,33002.888075,40961.779814,7129,0,0.00,114.5906,1.0000
12855376.0,7959.039517,33003.774742,40962.814258,7130,0,0.00,114.5953,1.0000
12855840.0,7959.555072,33006.868075,40966.423147,7131,0,0.00,114.6000,1.0000
12855974.0,7959.703961,33007.761408,40967.465369,7132,0,0.00,114.6172,1.0000
12856125.0,7959.871739,33008.768075,40968.639814,7133,0,0.00,114.6219,1.0000
12856373.0,7960.147294,33010.421408,40970.568703,7134,0,0.00,114.6391,1.0000
12856436.0,7960.217294,33010.841408,40971.058703,7135,0,0.00,114.6563,1.0000
12856489.0,7960.276183,33011.194742,40971.470925,7136,0,0.00,114.6609,1.0000
12856609.0,7960.409517,33011.994742,40972.404258,7137,0,0.00,114.6672,1.0000
12856703.0,7960.513961,33012.621408,40973.135369,7138,0,0.00,114.6844,1.0000
12857696.0,7961.617294,33019.241408,40980.858703,7139,0,0.00,114.6891,1.0000
12858124.0,7962.092850,33022.094742,40984.187592,7140,0,0.00,114.6938,1.0000
12858131.0,7962.100628,33022.141408,40984.242036,7141,0,0.00,114.6984,1.0000
12858667.0,7962.696183,33025.714742,40988.410925,7142,0,0.00,114.7156,1.0000
12858673.0,7962.702850,33025.754742,40988.457592,7143,0,0.00,114.7203,1.0000
12858787.0,7962.829517,33026.514742,40989.344258,7144,0,0.00,114.7375,1.0000
12858788.0,7962.830628,33026.521408,40989.352036,7145,0,0.00,114.7422,1.0000
12859060.0,7963.132850,33028.334742,40991.467592,7146,0,0.00,114.7547,1.0000
12859090.0,7963.166183,33028.534742,40991.700925,7147,0,0.00,114.7594,1.0000
12859117.0,7963.196183,33028.714742,40991.910925,7148,0,0.00,114.7781,1.0000
12859246.0,7963.339517,33029.574742,40992.914258,7149,0,0.00,114.7844,1.0000
12859304.0,7963.403961,33029.961408,40993.365369,7150,0,0.00,114.8016,1.0000
12859311.0,7963.411739,33030.008075,40993.419814,7151,0,0.00,114.8063,1.0000
12859353.0,7963.458406,33030.288075,40993.746481,7152,0,0.00,114.8156,1.0000
12859450.0,7963.566183,33030.934742,40994.500925,7153,0,0.00,114.8328,1.0000
12859788.0,7963.941739,33033.188075,40997.129814,7154,0,0.00,114.8375,1.0000
12859958.0,7964.130628,33034.321408,40998.452036,7155,0,0.00,114.8625,1.0000
12860014.0,7964.192850,33034.694742,40998.887592,7156,0,0.00,114.8688,1.0000
12860169.0,7964.365072,33035.728075,41000.093147,7157,0,0.00,114.8813,1.0000
12860397.0,7964.618406,33037.248075,41001.866481,7158,0,0.00,114.8984,1.0000
12860814.0,7965.081739,33040.028075,41005.109814,7159,0,0.00,114.9031,1.0000
12861707.0,7966.073961,33045.981408,41012.055369,7160,0,0.00,114.9203,1.0000
12861716.0,7966.083961,33046.041408,41012.125369,7161,0,0.00,114.9375,1.0000
12861785.0,7966.160628,33046.501408,41012.662036,7162,0,0.00,114.9422,1.0000
12861913.0,7966.302850,33047.354742,41013.657592,7163,0,0.00,114.9469,1.0000
12861964.0,7966.359517,33047.694742,41014.054258,7164,0,0.00,114.9516,1.0000
12862107.0,7966.518406,33048.648075,41015.166481,7165,0,0.00,114.9578,1.0000
12862200.0,7966.621739,33049.268075,41015.889814,7166,0,0.00,114.9625,1.0000
12862249.0,7966.676183,33049.594742,41016.270925,7167,0,0.00,114.9797,1.0000
12862328.0,7966.763961,33050.121408,41016.885369,7168,0,0.00,114.9969,1.0000
12862338.0,7966.775072,33050.188075,41016.963147,7169,0,0.00,115.0016,1.0000
12862511.0,7966.967294,33051.341408,41018.308703,7170,0,0.00,115.0188,1.0000
12862618.0,7967.086183,33052.054742,41019.140925,7171,0,0.00,115.0469,1.0000
12863635.0,7968.216183,33058.834742,41027.050925,7172,0,0.00,115.0516,1.0000
12867468.0,7972.475072,33084.388075,41056.863147,7173,0,0.00,115.1891,1.0000
12868853.0,7974.013961,33093.621408,41067.635369,7174,0,0.00,115.2063,1.0000
12872054.0,7977.570628,33114.961408,41092.532036,7175,0,0.00,115.2109,1.0000
12872223.0,7977.758406,33116.088075,41093.846481,7176,0,0.00,115.2484,1.0000
12872489.0,7978.053961,33117.861408,41095.915369,7177,0,0.00,115.2656,1.0000
12872492.0,7978.057294,33117.881408,41095.938703,7178,0,0.00,115.2828,1.0000
12872680.0,7978.266183,33119.134742,41097.400925,7179,0,0.00,115.3000,1.0000
12872680.0,7978.266183,33119.134742,41097.400925,7180,0,0.00,115.3172,1.0000
12872682.0,7978.268406,33119.148075,41097.416481,7181,0,0.00,115.3344,1.0000
12873021.0,7978.645072,33121.408075,41100.053147,7182,0,0.00,115.3516,1.0000
12873027.0,7978.651739,33121.448075,41100.099814,7183,0,0.00,115.3688,1.0000
12873027.0,7978.651739,33121.448075,41100.099814,7184,0,0.00,115.3734,1.0000
12873091.0,7978.722850,33121.874742,41100.597592,7185,0,0.00,115.3906,1.0000
12873188.0,7978.830628,33122.521408,41101.352036,7186,0,0.00,115.3953,1.0000
12873337.0,7978.996183,33123.514742,41102.510925,7187,0,0.00,115.3984,1.0000
12873410.0,7979.077294,33124.001408,41103.078703,7188,0,0.00,115.4031,1.0000
12873462.0,7979.135072,33124.348075,41103.483147,7189,0,0.00,115.4078,1.0000
12873484.0,7979.159517,33124.494742,41103.654258,7190,0,0.00,115.4125,1.0000
12873853.0,7979.569517,33126.954742,41106.524258,7191,0,0.00,115.4297,1.0000
12873863.0,7979.580628,33127.021408,41106.602036,7192,0,0.00,115.4344,1.0000
12873953.0,7979.680628,33127.621408,41107.302036,7193,0,0.00,115.4391,1.0000
12874160.0,7979.910628,33129.001408,41108.912036,7194,0,0.00,115.4438,1.0000
12874205.0,7979.960628,33129.301408,41109.262036,7195,0,0.00,115.4563,1.0000
12874227.0,7979.985072,33129.448075,41109.433147,7196,0,0.00,115.4734,1.0000
12874646.0,7980.450628,33132.241408,41112.692036,7197,0,0.00,115.4781,1.0000
12874788.0,7980.608406,33133.188075,41113.796481,7198,0,0.00,115.4828,1.0000
12874834.0,7980.659517,33133.494742,41114.154258,7199,0,0.00,115.4891,1.0000
12874867.0,7980.696183,33133.714742,41114.410925,7200,0,0.00,115.4938,1.0000
12875021.0,7980.867294,33134.741408,41115.608703,7201,0,0.00,115.4984,1.0000
12875277.0,7981.151739,33136.448075,41117.599814,7202,0,0.00,115.5234,1.0000
12875477.0,7981.373961,33137.781408,41119.155369,7203,0,0.00,115.5281,1.0000
12875486.0,7981.383961,33137.841408,41119.225369,7204,0,0.00,115.5328,1.0000
12875723.0,7981.647294,33139.421408,41121.068703,7205,0,0.00,115.5375,1.0000
12875872.0,7981.812850,33140.414742,41122.227592,7206,0,0.00,115.5547,1.0000
12875878.0,7981.819517,33140.454742,41122.274258,7207,0,0.00,115.5594,1.0000
12876014.0,7981.970628,33141.361408,41123.332036,7208,0,0.00,115.5641,1.0000
12876455.0,7982.460628,33144.301408,41126.762036,7209,0,0.00,115.5813,1.0000
12876741.0,7982.778406,33146.208075,41128.986481,7210,0,0.00,115.5859,1.0000
12876895.0,7982.949517,33147.234742,41130.184258,7211,0,0.00,115.6109,1.0000
12877302.0,7983.401739,33149.948075,41133.349814,7212,0,0.00,115.6156,1.0000
12878815.0,7985.082850,33160.034742,41145.117592,7213,0,0.00,115.6656,1.0000
12878817.0,7985.085072,33160.048075,41145.133147,7214,0,0.00,115.7156,1.0000
12879397.0,7985.729517,33163.914742,41149.644258,7215,0,0.00,115.7328,1.0000
12879738.0,7986.108406,33166.188075,41152.296481,7216,0,0.00,115.7500,1.0000
12879741.0,7986.111739,33166.208075,41152.319814,7217,0,0.00,115.7547,1.0000
12879743.0,7986.113961,33166.221408,41152.335369,7218,0,0.00,115.7594,1.0000
12879840.0,7986.221739,33166.868075,41153.089814,7219,0,0.00,115.7766,1.0000
12881310.0,7987.855072,33176.668075,41164.523147,7220,0,0.00,115.8266,1.0000
12881312.0,7987.857294,33176.681408,41164.538703,7221,0,0.00,115.8766,1.0000
12882384.0,7989.048406,33183.828075,41172.876481,7222,0,0.00,115.8891,1.0000
12883298.0,7990.063961,33189.921408,41179.985369,7223,0,0.00,115.9063,1.0000
12884549.0,7991.453961,33198.261408,41189.715369,7224,0,0.00,115.9109,1.0000
12885455.0,7992.460628,33204.301408,41196.762036,7225,0,0.00,115.9281,1.0000
12885456.0,7992.461739,33204.308075,41196.769814,7226,0,0.00,115.9453,1.0000
12885568.0,7992.586183,33205.054742,41197.640925,7227,0,0.00,115.9578,1.0000
12885600.0,7992.621739,33205.268075,41197.889814,7228,0,0.00,115.9750,1.0000
12885609.0,7992.631739,33205.328075,41197.959814,7229,0,0.00,115.9922,1.0000
12886361.0,7993.467294,33210.341408,41203.808703,7230,0,0.00,116.0094,1.0000
12887317.0,7994.529517,33216.714742,41211.244258,7231,0,0.00,116.0219,1.0000
12887811.0,7995.078406,33220.008075,41215.086481,7232,0,0.00,116.0391,1.0000
12887912.0,7995.190628,33220.681408,41215.872036,7233,0,0.00,116.0563,1.0000
12888038.0,7995.330628,33221.521408,41216.852036,7234,0,0.00,116.0734,1.0000
12888077.0,7995.373961,33221.781408,41217.155369,7235,0,0.00,116.0906,1.0000
12888112.0,7995.412850,33222.014742,41217.427592,7236,0,0.00,116.1078,1.0000
12888177.0,7995.485072,33222.448075,41217.933147,7237,0,0.00,116.1125,1.0000
12888906.0,7996.295072,33227.308075,41223.603147,7238,0,0.00,116.1297,1.0000
12888908.0,7996.297294,33227.321408,41223.618703,7239,0,0.00,116.1469,1.0000
12889131.0,7996.545072,33228.808075,41225.353147,7240,0,0.00,116.1516,1.0000
12889153.0,7996.569517,33228.954742,41225.524258,7241,0,0.00,116.1563,1.0000
12889178.0,7996.597294,33229.121408,41225.718703,7242,0,0.00,116.1813,1.0000
12889778.0,7997.263961,33233.121408,41230.385369,7243,0,0.00,116.2188,1.0000
12891032.0,7998.657294,33241.481408,41240.138703,7244,0,0.00,116.2359,1.0000
12891805.0,7999.516183,33246.634742,41246.150925,7245,0,0.00,116.2531,1.0000
12892294.0,8000.059517,33249.894742,41249.954258,7246,0,0.00,116.2719,1.0000
12895857.0,8004.018406,33273.648075,41277.666481,7247,0,0.00,116.2781,1.0000
12896458.0,8004.686183,33277.654742,41282.340925,7248,0,0.00,116.2953,1.0000
12896459.0,8004.687294,33277.661408,41282.348703,7249,0,0.00,116.3000,1.0000
12896985.0,8005.271739,33281.168075,41286.439814,7250,0,0.00,116.3047,1.0000
12897160.0,8005.466183,33282.334742,41287.800925,7251,0,0.00,116.3297,1.0000
12897659.0,8006.020628,33285.661408,41291.682036,7252,0,0.00,116.3469,1.0000
12898342.0,8006.779517,33290.214742,41296.994258,7253,0,0.00,116.3563,1.0000
12900505.0,8009.182850,33304.634742,41313.817592,7254,0,0.00,116.3609,1.0000
12901761.0,8010.578406,33313.008075,41323.586481,7255,0,0.00,116.3656,1.0000
