timestamp,cpu_energy_kwh,gpu_energy_kwh,total_energy_kwh,tasks_scheduled,sla_violations,avg_sla_slack,cluster_cpu_util,cluster_gpu_util,active_hosts,idle_hosts,suspended_hosts,total_wakeups,wake_energy_kwh,h0_cpu_util,h0_state,h1_cpu_util,h1_state,h2_cpu_util,h2_state,h3_cpu_util,h3_state,h4_cpu_util,h4_state,h5_cpu_util,h5_state,h6_cpu_util,h6_state,h7_cpu_util,h7_state,h8_cpu_util,h8_state,h9_cpu_util,h9_state
10101656.0,280.611222,0.020000,280.631222,1,0,0.00,0.0047,0.0125,1,0,9,1,0.000500,0.0469,2,0.0000,0,0.0000,0,0.0000,0,0.0000,0,0.0000,0,0.0000,0,0.0000,0,0.0000,0,0.0000,0
10101831.0,280.622503,0.043442,280.665945,2,0,0.00,0.0172,0.0125,1,1,8,2,0.001000,0.0000,1,0.1719,2,0.0000,0,0.0000,0,0.0000,0,0.0000,0,0.0000,0,0.0000,0,0.0000,0,0.0000,0
10102468.0,280.669043,0.134483,280.803527,3,0,0.00,0.0219,0.0250,2,0,8,3,0.001500,0.0000,0,0.1719,2,0.0469,2,0.0000,0,0.0000,0,0.0000,0,0.0000,0,0.0000,0,0.0000,0,0.0000,0
10102699.0,280.693970,0.199183,280.893154,4,0,0.00,0.0219,0.0250,2,1,7,4,0.002000,0.0000,0,0.1719,2,0.0000,1,0.0469,2,0.0000,0,0.0000,0,0.0000,0,0.0000,0,0.0000,0,0.0000,0
10103062.0,280.728798,0.281992,281.010789,5,0,0.00,0.0297,0.0250,2,0,8,5,0.002500,0.0000,0,0.1719,2,0.0000,0,0.0000,0,0.1250,2,0.0000,0,0.0000,0,0.0000,0,0.0000,0,0.0000,0
10103067.0,280.729858,0.283408,281.013266,6,0,0.00,0.0422,0.0375,3,0,7,6,0.003000,0.0000,0,0.1719,2,0.0000,0,0.0000,0,0.1250,2,0.1250,2,0.0000,0,0.0000,0,0.0000,0,0.0000,0
10103070.0,280.730814,0.284683,281.015498,7,0,0.00,0.0547,0.0500,4,0,6,7,0.003500,0.0000,0,0.1719,2,0.0000,0,0.0000,0,0.1250,2,0.1250,2,0.1250,2,0.0000,0,0.0000,0,0.0000,0
10103080.0,280.733240,0.290350,281.023590,8,0,0.00,0.0672,0.0625,5,0,5,8,0.004000,0.0000,0,0.1719,2,0.0000,0,0.0000,0,0.1250,2,0.1250,2,0.1250,2,0.1250,2,0.0000,0,0.0000,0
10103554.0,280.844093,0.626100,281.470193,9,0,0.00,0.0859,0.0750,6,0,4,9,0.004500,0.0000,0,0.1719,2,0.0000,0,0.0000,0,0.1250,2,0.1250,2,0.1250,2,0.1250,2,0.1875,2,0.0000,0
10103657.0,280.873222,0.713650,281.586872,10,0,0.00,0.0922,0.0875,7,0,3,10,0.005000,0.0000,0,0.1719,2,0.0000,0,0.0000,0,0.1250,2,0.1250,2,0.1250,2,0.1250,2,0.1875,2,0.0625,2
10103830.0,280.927935,0.885208,281.813143,11,0,0.00,0.1047,0.1000,8,0,2,11,0.005500,0.1250,2,0.1719,2,0.0000,0,0.0000,0,0.1250,2,0.1250,2,0.1250,2,0.1250,2,0.1875,2,0.0625,2
10104296.0,281.050514,1.262233,282.312747,12,1,0.00,0.0859,0.0625,5,0,5,11,0.005500,0.0000,0,0.3594,2,0.0000,0,0.0000,0,0.1250,2,0.1250,2,0.1250,2,0.1250,2,0.0000,0,0.0000,0
10104920.0,281.198899,1.704233,282.903133,13,1,0.00,0.0797,0.0750,6,0,4,12,0.006000,0.0000,0,0.1719,2,0.1250,2,0.0000,0,0.1250,2,0.1250,2,0.1250,2,0.1250,2,0.0000,0,0.0000,0
10105081.0,281.243367,1.841083,283.084450,14,1,0.00,0.0969,0.0875,7,0,3,13,0.006500,0.0000,0,0.1719,2,0.1250,2,0.1719,2,0.1250,2,0.1250,2,0.1250,2,0.1250,2,0.0000,0,0.0000,0
10105616.0,281.392759,2.305483,283.698242,15,1,0.00,0.0844,0.0875,6,0,4,13,0.006500,0.0000,0,0.1719,2,0.1250,2,0.0000,0,0.1719,2,0.1250,2,0.1250,2,0.1250,2,0.0000,0,0.0000,0
10106099.0,281.525445,2.732158,284.257604,16,1,0.00,0.0844,0.0875,6,0,4,13,0.006500,0.0000,0,0.1719,2,0.1250,2,0.0000,0,0.1250,2,0.1719,2,0.1250,2,0.1250,2,0.0000,0,0.0000,0
10106214.0,281.557270,2.838533,284.395803,17,1,0.00,0.0891,0.1000,6,0,4,13,0.006500,0.0000,0,0.1719,2,0.1250,2,0.0000,0,0.1250,2,0.1719,2,0.1719,2,0.1250,2,0.0000,0,0.0000,0
10106404.0,281.610007,3.017508,284.627515,18,1,0.00,0.0844,0.0875,6,0,4,13,0.006500,0.0000,0,0.1719,2,0.1250,2,0.0000,0,0.1250,2,0.1250,2,0.1250,2,0.1719,2,0.0000,0,0.0000,0
10106593.0,281.662781,3.191733,284.854514,19,1,0.00,0.0922,0.0750,7,0,3,14,0.007000,0.0000,0,0.1719,2,0.1250,2,0.0000,0,0.1250,2,0.1250,2,0.1250,2,0.1250,2,0.1250,2,0.0000,0
10106755.0,281.714046,3.340233,285.054280,20,1,0.00,0.0969,0.0875,8,0,2,15,0.007500,0.0000,0,0.1719,2,0.1250,2,0.0000,0,0.1250,2,0.1250,2,0.1250,2,0.1250,2,0.1250,2,0.0469,2
10107108.0,281.832238,3.691317,285.523555,21,1,0.00,0.0969,0.0875,8,0,2,16,0.008000,0.0469,2,0.1719,2,0.1250,2,0.0000,0,0.1250,2,0.1250,2,0.1250,2,0.1250,2,0.1250,2,0.0000,0
10107156.0,281.848921,3.742117,285.591038,22,1,0.00,0.1016,0.1000,8,0,2,16,0.008000,0.0469,2,0.2188,2,0.1250,2,0.0000,0,0.1250,2,0.1250,2,0.1250,2,0.1250,2,0.1250,2,0.0000,0
10107360.0,281.920569,3.973317,285.893886,23,1,0.00,0.1078,0.1125,8,0,2,16,0.008000,0.0469,2,0.2188,2,0.1875,2,0.0000,0,0.1250,2,0.1250,2,0.1250,2,0.1250,2,0.1250,2,0.0000,0
10107678.0,282.017273,4.258825,286.276098,24,1,0.00,0.0797,0.0750,7,0,3,17,0.008500,0.0000,0,0.0000,0,0.1250,2,0.0469,2,0.1250,2,0.1250,2,0.1250,2,0.1250,2,0.1250,2,0.0000,0
10107700.0,282.023953,4.278992,286.302945,25,1,0.00,0.0859,0.0875,7,0,3,17,0.008500,0.0000,0,0.0000,0,0.1250,2,0.0469,2,0.1875,2,0.1250,2,0.1250,2,0.1250,2,0.1250,2,0.0000,0
10108119.0,282.144866,4.658108,286.802974,26,2,0.00,0.0938,0.0875,6,0,4,17,0.008500,0.0000,0,0.0000,0,0.1250,2,0.0000,0,0.1875,2,0.2500,2,0.1250,2,0.1250,2,0.1250,2,0.0000,0
10108195.0,282.166452,4.728408,286.894860,27,3,0.00,0.1219,0.1000,6,0,4,17,0.008500,0.0000,0,0.0000,0,0.1250,2,0.0000,0,0.1875,2,0.2500,2,0.4063,2,0.1250,2,0.1250,2,0.0000,0
10108262.0,282.186948,4.795408,286.982356,28,3,0.00,0.1266,0.1125,6,0,4,17,0.008500,0.0000,0,0.0000,0,0.1250,2,0.0000,0,0.1875,2,0.2500,2,0.4063,2,0.1719,2,0.1250,2,0.0000,0
10119674.0,284.389322,11.076000,295.465322,29,3,0.00,0.0438,0.0250,3,0,7,18,0.009000,0.0000,0,0.0000,0,0.1250,2,0.0000,0,0.0000,0,0.0000,0,0.0000,0,0.1250,2,0.1875,2,0.0000,0
10119716.0,284.396268,11.090700,295.486968,30,3,0.00,0.0625,0.0250,4,0,6,19,0.009500,0.0000,0,0.0000,0,0.1250,2,0.0000,0,0.0000,0,0.0000,0,0.0000,0,0.1250,2,0.1875,2,0.1875,2
10119805.0,284.414445,11.127783,295.542228,31,3,0.00,0.0813,0.0250,5,0,5,20,0.010000,0.1875,2,0.0000,0,0.1250,2,0.0000,0,0.0000,0,0.0000,0,0.0000,0,0.1250,2,0.1875,2,0.1875,2
10119881.0,284.433470,11.164517,295.597986,32,3,0.00,0.0938,0.0375,6,0,4,21,0.010500,0.1875,2,0.1250,2,0.1250,2,0.0000,0,0.0000,0,0.0000,0,0.0000,0,0.1250,2,0.1875,2,0.1875,2
10121149.0,284.658287,11.759083,296.417370,33,3,0.00,0.0438,0.0500,3,0,7,21,0.010500,0.0000,0,0.1250,2,0.1875,2,0.0000,0,0.0000,0,0.0000,0,0.0000,0,0.1250,2,0.0000,0,0.0000,0
10121200.0,284.666614,11.784583,296.451197,34,3,0.00,0.0563,0.0625,4,0,6,22,0.011000,0.0000,0,0.1250,2,0.1875,2,0.1250,2,0.0000,0,0.0000,0,0.0000,0,0.1250,2,0.0000,0,0.0000,0
10122873.0,284.982865,12.782183,297.765048,35,3,0.00,0.0469,0.0500,4,0,6,23,0.011500,0.0000,0,0.1250,2,0.1250,2,0.0000,0,0.0938,2,0.0000,0,0.0000,0,0.1250,2,0.0000,0,0.0000,0
10122912.0,284.990637,12.804283,297.794920,36,3,0.00,0.0641,0.0625,5,0,5,24,0.012000,0.0000,0,0.1250,2,0.1250,2,0.0000,0,0.0938,2,0.1719,2,0.0000,0,0.1250,2,0.0000,0,0.0000,0
10122958.0,285.001734,12.836867,297.838601,37,3,0.00,0.0688,0.0750,6,0,4,25,0.012500,0.0000,0,0.1250,2,0.1250,2,0.0000,0,0.0938,2,0.1719,2,0.0469,2,0.1250,2,0.0000,0,0.0000,0
10122966.0,285.003851,12.843667,297.847518,38,4,0.00,0.0859,0.0875,6,0,4,25,0.012500,0.0000,0,0.1250,2,0.1250,2,0.0000,0,0.0938,2,0.1719,2,0.0469,2,0.2969,2,0.0000,0,0.0000,0
10123048.0,285.027143,12.919517,297.946660,39,4,0.00,0.1031,0.1000,7,0,3,26,0.013000,0.0000,0,0.1250,2,0.1250,2,0.0000,0,0.0938,2,0.1719,2,0.0469,2,0.2969,2,0.1719,2,0.0000,0
10123058.0,285.030862,12.930183,297.961045,40,4,0.00,0.1203,0.1125,8,0,2,27,0.013500,0.0000,0,0.1250,2,0.1250,2,0.0000,0,0.0938,2,0.1719,2,0.0469,2,0.2969,2,0.1719,2,0.1719,2
10123064.0,285.033556,12.937433,297.970990,41,4,0.00,0.1375,0.1250,9,0,1,28,0.014000,0.1719,2,0.1250,2,0.1250,2,0.0000,0,0.0938,2,0.1719,2,0.0469,2,0.2969,2,0.1719,2,0.1719,2
10191770.0,290.401104,26.579283,316.980387,42,4,0.00,0.0172,0.0250,2,0,8,29,0.014500,0.0000,0,0.1250,2,0.0000,0,0.0000,0,0.0000,0,0.0000,0,0.0469,2,0.0000,0,0.0000,0,0.0000,0
10192232.0,290.435263,26.661183,317.096447,43,4,0.00,0.0172,0.0250,2,0,8,30,0.015000,0.0000,0,0.0000,0,0.1250,2,0.0000,0,0.0000,0,0.0000,0,0.0469,2,0.0000,0,0.0000,0,0.0000,0
10192336.0,290.446398,26.690650,317.137048,44,4,0.00,0.0297,0.0375,3,0,7,31,0.015500,0.0000,0,0.0000,0,0.1250,2,0.1250,2,0.0000,0,0.0000,0,0.0469,2,0.0000,0,0.0000,0,0.0000,0
10192477.0,290.466995,26.750575,317.217570,45,4,0.00,0.0344,0.0500,4,0,6,32,0.016000,0.0000,0,0.0000,0,0.1250,2,0.1250,2,0.0469,2,0.0000,0,0.0469,2,0.0000,0,0.0000,0,0.0000,0
10192642.0,290.496657,26.844075,317.340732,46,4,0.00,0.0531,0.0500,5,0,5,33,0.016500,0.0000,0,0.0000,0,0.1250,2,0.1250,2,0.0469,2,0.1875,2,0.0469,2,0.0000,0,0.0000,0,0.0000,0
10192889.0,290.541372,26.957208,317.498580,47,4,0.00,0.0406,0.0250,2,0,8,33,0.016500,0.0000,0,0.0000,0,0.0000,0,0.0000,0,0.0000,0,0.1875,2,0.2188,2,0.0000,0,0.0000,0,0.0000,0
10192901.0,290.543318,26.960608,317.503926,48,4,0.00,0.0578,0.0375,3,0,7,34,0.017000,0.0000,0,0.0000,0,0.0000,0,0.0000,0,0.0000,0,0.1875,2,0.2188,2,0.1719,2,0.0000,0,0.0000,0
10192962.0,290.553847,26.986533,317.540380,49,4,0.00,0.0703,0.0500,4,0,6,35,0.017500,0.0000,0,0.0000,0,0.0000,0,0.0000,0,0.0000,0,0.1875,2,0.2188,2,0.1719,2,0.1250,2,0.0000,0
10193027.0,290.567652,27.023367,317.591018,50,4,0.00,0.0766,0.0625,5,0,5,36,0.018000,0.0000,0,0.0000,0,0.0000,0,0.0000,0,0.0000,0,0.1875,2,0.2188,2,0.1719,2,0.1250,2,0.0625,2
10193066.0,290.577428,27.050992,317.628420,51,4,0.00,0.0766,0.0625,5,1,4,37,0.018500,0.1875,2,0.0000,0,0.0000,0,0.0000,0,0.0000,0,0.0000,1,0.2188,2,0.1719,2,0.1250,2,0.0625,2
10193568.0,290.690806,27.377450,318.068256,52,4,0.00,0.0922,0.0625,5,0,5,38,0.019000,0.1875,2,0.2813,2,0.0000,0,0.0000,0,0.0000,0,0.0000,0,0.2188,2,0.1719,2,0.0000,0,0.0625,2
10194497.0,290.884315,27.935008,318.819323,53,4,0.00,0.0516,0.0625,4,0,6,39,0.019500,0.0000,0,0.0000,0,0.0625,2,0.0000,0,0.0000,0,0.0000,0,0.2188,2,0.1719,2,0.0000,0,0.0625,2
10195056.0,290.991083,28.293700,319.284783,54,4,0.00,0.0703,0.0750,5,0,5,40,0.020000,0.0000,0,0.0000,0,0.0625,2,0.1875,2,0.0000,0,0.0000,0,0.2188,2,0.1719,2,0.0000,0,0.0625,2
10195438.0,291.080523,28.587758,319.668282,55,4,0.00,0.0797,0.0875,6,0,4,41,0.020500,0.0000,0,0.0000,0,0.0625,2,0.1875,2,0.2656,2,0.0000,0,0.0469,2,0.1719,2,0.0000,0,0.0625,2
10195440.0,291.081570,28.589608,319.671178,56,4,0.00,0.0984,0.0875,7,0,3,42,0.021000,0.0000,0,0.0000,0,0.0625,2,0.1875,2,0.2656,2,0.1875,2,0.0469,2,0.1719,2,0.0000,0,0.0625,2
10195608.0,291.134925,28.754558,319.889484,57,4,0.00,0.1109,0.0750,6,1,3,42,0.021000,0.0000,0,0.0000,0,0.0625,2,0.1875,2,0.2656,2,0.1875,2,0.2344,2,0.1719,2,0.0000,0,0.0000,1
10195689.0,291.159259,28.823942,319.983200,58,5,0.00,0.1297,0.0750,6,0,4,42,0.021000,0.0000,0,0.0000,0,0.0625,2,0.1875,2,0.2656,2,0.1875,2,0.2344,2,0.3594,2,0.0000,0,0.0000,0
10196373.0,291.356428,29.391475,320.747903,59,5,0.00,0.0922,0.0750,6,0,4,43,0.021500,0.0000,0,0.0000,0,0.0625,2,0.0000,0,0.2656,2,0.1875,2,0.0469,2,0.1719,2,0.1875,2,0.0000,0
10196386.0,291.360605,29.402525,320.763130,60,5,0.00,0.1094,0.0875,7,0,3,44,0.022000,0.0000,0,0.0000,0,0.0625,2,0.0000,0,0.2656,2,0.1875,2,0.0469,2,0.1719,2,0.1875,2,0.1719,2
10196392.0,291.363065,29.408475,320.771540,61,5,0.00,0.1266,0.1000,8,0,2,45,0.022500,0.1719,2,0.0000,0,0.0625,2,0.0000,0,0.2656,2,0.1875,2,0.0469,2,0.1719,2,0.1875,2,0.1719,2
10196397.0,291.365418,29.414142,320.779560,62,5,0.00,0.1438,0.1125,9,0,1,46,0.023000,0.1719,2,0.1719,2,0.0625,2,0.0000,0,0.2656,2,0.1875,2,0.0469,2,0.1719,2,0.1875,2,0.1719,2
10196546.0,291.427191,29.604117,321.031308,63,5,0.00,0.1609,0.1250,9,0,1,46,0.023000,0.1719,2,0.1719,2,0.2344,2,0.0000,0,0.2656,2,0.1875,2,0.0469,2,0.1719,2,0.1875,2,0.1719,2
10196555.0,291.431543,29.616267,321.047810,64,5,0.00,0.1797,0.1375,10,0,0,47,0.023500,0.1719,2,0.1719,2,0.2344,2,0.1875,2,0.2656,2,0.1875,2,0.0469,2,0.1719,2,0.1875,2,0.1719,2
10196738.0,291.518118,29.889242,321.407360,65,5,0.00,0.1984,0.1500,10,0,0,47,0.023500,0.1719,2,0.1719,2,0.2344,2,0.1875,2,0.4531,2,0.1875,2,0.0469,2,0.1719,2,0.1875,2,0.1719,2
10196789.0,291.542990,29.969142,321.512131,66,5,0.00,0.2031,0.1625,10,0,0,47,0.023500,0.1719,2,0.1719,2,0.2344,2,0.1875,2,0.4531,2,0.2344,2,0.0469,2,0.1719,2,0.1875,2,0.1719,2
10196808.0,291.552325,30.000333,321.552658,67,5,0.00,0.2172,0.1750,10,0,0,47,0.023500,0.1719,2,0.1719,2,0.2344,2,0.1875,2,0.4531,2,0.2344,2,0.1875,2,0.1719,2,0.1875,2,0.1719,2
10197068.0,291.682704,30.442392,322.125095,68,6,0.00,0.2297,0.1750,10,0,0,47,0.023500,0.1719,2,0.1719,2,0.2344,2,0.1875,2,0.4531,2,0.1875,2,0.1875,2,0.3438,2,0.1875,2,0.1719,2
10197275.0,291.783430,30.756767,322.540197,69,7,0.00,0.1984,0.1250,9,0,1,47,0.023500,0.1719,2,0.1719,2,0.2344,2,0.1875,2,0.0000,0,0.1875,2,0.1406,2,0.3438,2,0.3750,2,0.1719,2
10197421.0,291.850169,30.953867,322.804036,70,8,0.00,0.2172,0.1250,9,0,1,47,0.023500,0.1719,2,0.1719,2,0.2344,2,0.1875,2,0.0000,0,0.1875,2,0.1406,2,0.3438,2,0.3750,2,0.3594,2
10197607.0,291.937906,31.204967,323.142873,71,8,0.00,0.2219,0.1375,9,0,1,47,0.023500,0.2188,2,0.1719,2,0.2344,2,0.1875,2,0.0000,0,0.1875,2,0.1406,2,0.3438,2,0.3750,2,0.3594,2
10198109.0,292.166854,31.885642,324.052495,72,8,0.00,0.2016,0.1250,7,0,3,47,0.023500,0.2188,2,0.2969,2,0.2344,2,0.0000,0,0.0000,0,0.1875,2,0.0000,0,0.3438,2,0.3750,2,0.3594,2
10198200.0,292.203111,31.996358,324.199470,73,8,0.00,0.2078,0.1375,7,0,3,47,0.023500,0.2188,2,0.2969,2,0.2969,2,0.0000,0,0.0000,0,0.1875,2,0.0000,0,0.3438,2,0.3750,2,0.3594,2
10198508.0,292.327827,32.394192,324.722019,74,8,0.00,0.2250,0.1500,8,0,2,48,0.024000,0.2188,2,0.2969,2,0.2969,2,0.1719,2,0.0000,0,0.1875,2,0.0000,0,0.3438,2,0.3750,2,0.3594,2
10198596.0,292.366968,32.515675,324.882643,75,8,0.00,0.2016,0.1250,8,1,1,49,0.024500,0.0000,1,0.2969,2,0.2344,2,0.1719,2,0.0469,2,0.1875,2,0.0000,0,0.3438,2,0.3750,2,0.3594,2
10198648.0,292.390033,32.583683,324.973716,76,8,0.00,0.1953,0.1250,8,0,2,49,0.024500,0.0000,0,0.1719,2,0.2344,2,0.1719,2,0.0469,2,0.2500,2,0.0000,0,0.3438,2,0.3750,2,0.3594,2
10198800.0,292.453831,32.778675,325.232506,77,8,0.00,0.1891,0.1250,8,1,1,50,0.025000,0.0000,0,0.1719,2,0.2344,2,0.1719,2,0.0000,1,0.2500,2,0.1719,2,0.3438,2,0.1875,2,0.3594,2
10198987.0,292.533106,33.020367,325.553473,78,8,0.00,0.1891,0.1250,8,0,2,50,0.025000,0.0000,0,0.1719,2,0.2344,2,0.1719,2,0.0000,0,0.1875,2,0.1719,2,0.4063,2,0.1875,2,0.3594,2
10199241.0,292.639601,33.346333,325.985934,79,8,0.00,0.1938,0.1375,8,0,2,50,0.025000,0.0000,0,0.1719,2,0.2344,2,0.1719,2,0.0000,0,0.1875,2,0.1719,2,0.4063,2,0.2344,2,0.3594,2
10199343.0,292.682738,33.484883,326.167622,80,8,0.00,0.2000,0.1500,8,0,2,50,0.025000,0.0000,0,0.1719,2,0.2344,2,0.1719,2,0.0000,0,0.1875,2,0.1719,2,0.4063,2,0.2344,2,0.4219,2
10199889.0,292.912618,34.194058,327.106677,81,8,0.00,0.1938,0.1375,9,0,1,51,0.025500,0.0469,2,0.1719,2,0.2344,2,0.1719,2,0.0000,0,0.1875,2,0.1719,2,0.4063,2,0.1875,2,0.3594,2
10199909.0,292.921688,34.222558,327.144246,82,8,0.00,0.2000,0.1500,9,0,1,51,0.025500,0.0469,2,0.2344,2,0.2344,2,0.1719,2,0.0000,0,0.1875,2,0.1719,2,0.4063,2,0.1875,2,0.3594,2
10200098.0,293.002834,34.481567,327.484400,83,8,0.00,0.2047,0.1500,8,0,2,51,0.025500,0.0000,0,0.2344,2,0.3281,2,0.1719,2,0.0000,0,0.1875,2,0.1719,2,0.4063,2,0.1875,2,0.3594,2
10200592.0,293.211511,35.133833,328.345345,84,9,0.00,0.2172,0.1375,8,0,2,51,0.025500,0.0000,0,0.2344,2,0.1719,2,0.4531,2,0.0000,0,0.1875,2,0.1719,2,0.4063,2,0.1875,2,0.3594,2
10200734.0,293.274606,35.325967,328.600572,85,9,0.00,0.2297,0.1250,9,0,1,52,0.026000,0.0000,0,0.1719,2,0.1719,2,0.4531,2,0.1875,2,0.1875,2,0.1719,2,0.4063,2,0.1875,2,0.3594,2
10200798.0,293.305417,35.412367,328.717783,86,9,0.00,0.2359,0.1375,9,0,1,52,0.026000,0.0000,0,0.1719,2,0.1719,2,0.4531,2,0.1875,2,0.2500,2,0.1719,2,0.4063,2,0.1875,2,0.3594,2
10200882.0,293.346265,35.532067,328.878331,87,9,0.00,0.2484,0.1500,9,0,1,52,0.026000,0.0000,0,0.1719,2,0.1719,2,0.4531,2,0.1875,2,0.2500,2,0.2969,2,0.4063,2,0.1875,2,0.3594,2
10201063.0,293.436042,35.803567,329.239609,88,9,0.00,0.2531,0.1625,9,0,1,52,0.026000,0.0000,0,0.1719,2,0.1719,2,0.4531,2,0.1875,2,0.2500,2,0.2969,2,0.4531,2,0.1875,2,0.3594,2
10201360.0,293.575059,36.217117,329.792176,89,9,0.00,0.2016,0.1250,9,0,1,52,0.026000,0.0000,0,0.1719,2,0.1719,2,0.1719,2,0.1875,2,0.1875,2,0.2969,2,0.4063,2,0.2344,2,0.1875,2
10201724.0,293.738512,36.665617,330.404128,90,9,0.00,0.1969,0.1125,9,0,1,52,0.026000,0.0000,0,0.1719,2,0.1719,2,0.1719,2,0.1875,2,0.1875,2,0.1719,2,0.4063,2,0.1875,2,0.3125,2
10201799.0,293.773204,36.761242,330.534446,91,9,0.00,0.2016,0.1250,10,0,0,53,0.026500,0.0469,2,0.1719,2,0.1719,2,0.1719,2,0.1875,2,0.1875,2,0.1719,2,0.4063,2,0.1875,2,0.3125,2
10209700.0,296.248296,42.445300,338.693596,92,9,0.00,0.0594,0.0375,3,0,7,53,0.026500,0.0000,0,0.2344,2,0.1719,2,0.0000,0,0.0000,0,0.0000,0,0.0000,0,0.0000,0,0.0000,0,0.1875,2
10209742.0,296.255253,42.463150,338.718403,93,10,0.00,0.0781,0.0375,3,0,7,53,0.026500,0.0000,0,0.2344,2,0.3594,2,0.0000,0,0.0000,0,0.0000,0,0.0000,0,0.0000,0,0.0000,0,0.1875,2
10209881.0,296.279855,42.515100,338.794955,94,10,0.00,0.0672,0.0250,4,0,6,54,0.027000,0.0000,0,0.1719,2,0.1875,2,0.1250,2,0.0000,0,0.0000,0,0.0000,0,0.0000,0,0.0000,0,0.1875,2
10209881.0,296.280355,42.515100,338.795455,95,10,0.00,0.0797,0.0375,5,0,5,55,0.027500,0.0000,0,0.1719,2,0.1875,2,0.1250,2,0.1250,2,0.0000,0,0.0000,0,0.0000,0,0.0000,0,0.1875,2
10209987.0,296.306403,42.573383,338.879786,96,10,0.00,0.0672,0.0375,5,1,4,56,0.028000,0.0000,0,0.0000,1,0.1875,2,0.1250,2,0.1250,2,0.0469,2,0.0000,0,0.0000,0,0.0000,0,0.1875,2
10210514.0,296.399298,42.791833,339.191131,97,10,0.00,0.0484,0.0375,4,0,6,57,0.028500,0.0000,0,0.0000,0,0.0000,0,0.1250,2,0.1250,2,0.0000,0,0.0469,2,0.0000,0,0.0000,0,0.1875,2
10210900.0,296.464606,42.948200,339.412806,98,10,0.00,0.0484,0.0375,4,0,6,58,0.029000,0.0000,0,0.0000,0,0.0000,0,0.1250,2,0.1250,2,0.0000,0,0.0000,0,0.0469,2,0.0000,0,0.1875,2
10210977.0,296.479557,42.986058,339.465615,99,10,0.00,0.0531,0.0500,5,0,5,59,0.029500,0.0000,0,0.0000,0,0.0000,0,0.1250,2,0.1250,2,0.0000,0,0.0000,0,0.0469,2,0.0469,2,0.1875,2
10211166.0,296.519980,43.097700,339.617680,100,10,0.00,0.0531,0.0500,4,0,6,59,0.029500,0.0000,0,0.0000,0,0.0000,0,0.1250,2,0.1250,2,0.0000,0,0.0000,0,0.0469,2,0.0000,0,0.2344,2
10211442.0,296.572770,43.243525,339.816295,101,10,0.00,0.0656,0.0500,5,0,5,60,0.030000,0.1719,2,0.0000,0,0.0000,0,0.1250,2,0.1250,2,0.0000,0,0.0000,0,0.0469,2,0.0000,0,0.1875,2
10211861.0,296.656643,43.463858,340.120501,102,10,0.00,0.0438,0.0500,4,1,5,61,0.030500,0.0000,0,0.1406,2,0.0000,0,0.1250,2,0.1250,2,0.0000,0,0.0000,0,0.0469,2,0.0000,0,0.0000,1
10211972.0,296.678487,43.528758,340.207245,103,10,0.00,0.0500,0.0625,5,0,5,62,0.031000,0.0000,0,0.1406,2,0.0625,2,0.1250,2,0.1250,2,0.0000,0,0.0000,0,0.0469,2,0.0000,0,0.0000,0
10212039.0,296.693087,43.574642,340.267729,104,10,0.00,0.0484,0.0625,4,1,5,62,0.031000,0.0000,0,0.1406,2,0.0000,1,0.1719,2,0.1250,2,0.0000,0,0.0000,0,0.0469,2,0.0000,0,0.0000,0
10212048.0,296.695051,43.581017,340.276068,105,10,0.00,0.0531,0.0750,4,0,6,62,0.031000,0.0000,0,0.1406,2,0.0000,0,0.1719,2,0.1719,2,0.0000,0,0.0000,0,0.0469,2,0.0000,0,0.0000,0
10212372.0,296.756230,43.786292,340.542522,106,10,0.00,0.0484,0.0625,5,0,5,63,0.031500,0.0000,0,0.1406,2,0.0000,0,0.1250,2,0.1250,2,0.0469,2,0.0000,0,0.0469,2,0.0000,0,0.0000,0
10212413.0,296.765677,43.815333,340.581011,107,10,0.00,0.0531,0.0750,6,0,4,64,0.032000,0.0000,0,0.1406,2,0.0000,0,0.1250,2,0.1250,2,0.0469,2,0.0469,2,0.0469,2,0.0000,0,0.0000,0
10212621.0,296.808295,43.951525,340.759820,108,10,0.00,0.0359,0.0500,3,0,7,64,0.032000,0.0000,0,0.0000,0,0.0000,0,0.1250,2,0.1250,2,0.0000,0,0.0000,0,0.1094,2,0.0000,0,0.0000,0
10212626.0,296.809532,43.954025,340.763557,109,10,0.00,0.0406,0.0625,4,0,6,65,0.032500,0.0000,0,0.0000,0,0.0000,0,0.1250,2,0.1250,2,0.0000,0,0.0000,0,0.1094,2,0.0469,2,0.0000,0
10212828.0,296.845309,44.070008,340.915317,110,10,0.00,0.0281,0.0250,2,2,6,66,0.033000,0.0000,0,0.0000,0,0.0000,0,0.0000,1,0.0000,1,0.0000,0,0.0000,0,0.0469,2,0.0000,0,0.2344,2
10212954.0,296.861232,44.108908,340.970140,111,10,0.00,0.0328,0.0375,3,0,7,67,0.033500,0.0469,2,0.0000,0,0.0000,0,0.0000,0,0.0000,0,0.0000,0,0.0000,0,0.0469,2,0.0000,0,0.2344,2
10212968.0,296.863761,44.114858,340.978620,112,10,0.00,0.0375,0.0500,4,0,6,68,0.034000,0.0469,2,0.0469,2,0.0000,0,0.0000,0,0.0000,0,0.0000,0,0.0000,0,0.0469,2,0.0000,0,0.2344,2
10213190.0,296.899679,44.219017,341.118696,113,10,0.00,0.0516,0.0375,3,0,7,69,0.034500,0.0000,0,0.0000,0,0.2344,2,0.0000,0,0.0000,0,0.0000,0,0.0000,0,0.0469,2,0.0000,0,0.2344,2
10260104.0,298.513399,45.171775,343.685174,114,10,0.00,0.0047,0.0125,1,0,9,70,0.035000,0.0000,0,0.0000,0,0.0000,0,0.0469,2,0.0000,0,0.0000,0,0.0000,0,0.0000,0,0.0000,0,0.0000,0
10260162.0,298.517494,45.179992,343.697486,115,10,0.00,0.0219,0.0250,2,0,8,71,0.035500,0.0000,0,0.0000,0,0.0000,0,0.0469,2,0.1719,2,0.0000,0,0.0000,0,0.0000,0,0.0000,0,0.0000,0
10260165.0,298.518312,45.180842,343.699153,116,10,0.00,0.0266,0.0375,3,0,7,72,0.036000,0.0000,0,0.0000,0,0.0000,0,0.0469,2,0.1719,2,0.0469,2,0.0000,0,0.0000,0,0.0000,0,0.0000,0
10260217.0,298.526011,45.201967,343.727978,117,10,0.00,0.0094,0.0250,2,2,6,73,0.036500,0.0000,0,0.0000,0,0.0000,0,0.0469,2,0.0000,1,0.0000,1,0.0469,2,0.0000,0,0.0000,0,0.0000,0
10260412.0,298.540977,45.233042,343.774019,118,10,0.00,0.0063,0.0125,1,0,9,74,0.037000,0.0000,0,0.0000,0,0.0000,0,0.0000,0,0.0000,0,0.0000,0,0.0000,0,0.0625,2,0.0000,0,0.0000,0
10260448.0,298.543752,45.238142,343.781894,119,10,0.00,0.0188,0.0250,2,0,8,75,0.037500,0.0000,0,0.0000,0,0.0000,0,0.0000,0,0.0000,0,0.0000,0,0.0000,0,0.0625,2,0.1250,2,0.0000,0
10260477.0,298.547253,45.246358,343.793611,120,10,0.00,0.0234,0.0375,3,0,7,76,0.038000,0.0000,0,0.0000,0,0.0000,0,0.0000,0,0.0000,0,0.0000,0,0.0000,0,0.0625,2,0.1250,2,0.0469,2
10260513.0,298.552680,45.261208,343.813888,121,10,0.00,0.0266,0.0375,3,1,6,77,0.038500,0.0938,2,0.0000,0,0.0000,0,0.0000,0,0.0000,0,0.0000,0,0.0000,0,0.0000,1,0.1250,2,0.0469,2
10260574.0,298.562460,45.288733,343.851193,122,10,0.00,0.0641,0.0500,4,0,6,78,0.039000,0.0938,2,0.3750,2,0.0000,0,0.0000,0,0.0000,0,0.0000,0,0.0000,0,0.0000,0,0.1250,2,0.0469,2
10260773.0,298.599533,45.389050,343.988583,123,10,0.00,0.0578,0.0500,4,0,6,79,0.039500,0.0938,2,0.3750,2,0.0625,2,0.0000,0,0.0000,0,0.0000,0,0.0000,0,0.0000,0,0.0000,0,0.0469,2
10260845.0,298.614071,45.429850,344.043921,124,10,0.00,0.0719,0.0625,5,0,5,80,0.040000,0.0938,2,0.3750,2,0.0625,2,0.1406,2,0.0000,0,0.0000,0,0.0000,0,0.0000,0,0.0000,0,0.0469,2
10260976.0,298.644197,45.515575,344.159772,125,10,0.00,0.0719,0.0625,5,0,5,81,0.040500,0.0938,2,0.3750,2,0.0000,0,0.1406,2,0.0625,2,0.0000,0,0.0000,0,0.0000,0,0.0000,0,0.0469,2
10261103.0,298.674727,45.605533,344.280260,126,10,0.00,0.0859,0.0750,6,0,4,82,0.041000,0.0938,2,0.3750,2,0.0000,0,0.1406,2,0.0625,2,0.1406,2,0.0000,0,0.0000,0,0.0000,0,0.0469,2
10261187.0,298.696656,45.667133,344.363790,127,10,0.00,0.0844,0.0625,5,1,4,83,0.041500,0.0000,1,0.3750,2,0.0000,0,0.1406,2,0.0000,0,0.1406,2,0.1406,2,0.0000,0,0.0000,0,0.0469,2
10261340.0,298.735433,45.776842,344.512275,128,10,0.00,0.0906,0.0750,6,0,4,84,0.042000,0.0000,0,0.3750,2,0.0000,0,0.1406,2,0.0000,0,0.1406,2,0.1406,2,0.0625,2,0.0000,0,0.0469,2
10261372.0,298.744944,45.804042,344.548986,129,10,0.00,0.0969,0.0875,7,0,3,85,0.042500,0.0000,0,0.3750,2,0.0000,0,0.1406,2,0.0000,0,0.1406,2,0.1406,2,0.0625,2,0.0625,2,0.0469,2
10261514.0,298.789154,45.937650,344.726804,130,10,0.00,0.0969,0.0875,7,0,3,86,0.043000,0.0000,0,0.3750,2,0.0000,0,0.1406,2,0.0000,0,0.1406,2,0.1406,2,0.0625,2,0.0625,2,0.0469,2
10261661.0,298.836255,46.083425,344.919680,131,10,0.00,0.1016,0.1000,8,0,2,87,0.043500,0.0469,2,0.3750,2,0.0000,0,0.1406,2,0.0000,0,0.1406,2,0.1406,2,0.0625,2,0.0625,2,0.0469,2
10261763.0,298.867155,46.178642,345.045797,132,11,0.00,0.0859,0.0750,5,1,4,87,0.043500,0.0469,2,0.5469,2,0.0000,0,0.1406,2,0.0000,0,0.0000,0,0.0000,0,0.0625,2,0.0625,2,0.0000,1
10262406.0,298.987531,46.522167,345.509697,133,11,0.00,0.0563,0.0500,4,0,6,88,0.044000,0.0000,0,0.3750,2,0.0625,2,0.0000,0,0.0000,0,0.0000,0,0.0000,0,0.0625,2,0.0625,2,0.0000,0
10262527.0,299.011416,46.589833,345.601249,134,11,0.00,0.0563,0.0500,4,1,5,89,0.044500,0.0000,0,0.3750,2,0.0000,1,0.0625,2,0.0000,0,0.0000,0,0.0000,0,0.0625,2,0.0625,2,0.0000,0
10262679.0,299.041916,46.677167,345.719083,135,11,0.00,0.0813,0.0625,5,0,5,90,0.045000,0.0000,0,0.3750,2,0.0000,0,0.0625,2,0.2500,2,0.0000,0,0.0000,0,0.0625,2,0.0625,2,0.0000,0
10263507.0,299.231508,47.226992,346.458499,136,11,0.00,0.0625,0.0625,5,0,5,91,0.045500,0.0000,0,0.3750,2,0.0000,0,0.0625,2,0.0000,0,0.0625,2,0.0000,0,0.0625,2,0.0625,2,0.0000,0
10263618.0,299.256662,47.300817,346.557479,137,11,0.00,0.0609,0.0625,5,0,5,92,0.046000,0.0000,0,0.3750,2,0.0000,0,0.0625,2,0.0000,0,0.0000,0,0.0469,2,0.0625,2,0.0625,2,0.0000,0
10263824.0,299.302690,47.441083,346.743773,138,11,0.00,0.0609,0.0625,4,0,6,92,0.046000,0.0000,0,0.3750,2,0.0000,0,0.0625,2,0.0000,0,0.0000,0,0.0000,0,0.1094,2,0.0625,2,0.0000,0
10263869.0,299.311573,47.469958,346.781531,139,11,0.00,0.0656,0.0750,4,0,6,92,0.046000,0.0000,0,0.3750,2,0.0000,0,0.0625,2,0.0000,0,0.0000,0,0.0000,0,0.1094,2,0.1094,2,0.0000,0
10263993.0,299.336929,47.557325,346.894254,140,11,0.00,0.0656,0.0750,5,0,5,93,0.046500,0.0000,0,0.3750,2,0.0000,0,0.0625,2,0.0000,0,0.0000,0,0.0000,0,0.0625,2,0.1094,2,0.0469,2
10264830.0,299.508092,48.066450,347.574542,141,11,0.00,0.0609,0.0625,5,0,5,94,0.047000,0.0469,2,0.3750,2,0.0000,0,0.0625,2,0.0000,0,0.0000,0,0.0000,0,0.0625,2,0.0625,2,0.0000,0
10265011.0,299.549351,48.194658,347.744009,142,12,0.00,0.0781,0.0750,5,0,5,94,0.047000,0.0469,2,0.5469,2,0.0000,0,0.0625,2,0.0000,0,0.0000,0,0.0000,0,0.0625,2,0.0625,2,0.0000,0
10265140.0,299.576480,48.278567,347.855047,143,12,0.00,0.0484,0.0625,5,0,5,95,0.047500,0.0000,0,0.1719,2,0.1250,2,0.0625,2,0.0000,0,0.0000,0,0.0000,0,0.0625,2,0.0625,2,0.0000,0
10265185.0,299.586301,48.310442,347.896742,144,12,0.00,0.0859,0.0750,5,0,5,95,0.047500,0.0000,0,0.1719,2,0.1250,2,0.4375,2,0.0000,0,0.0000,0,0.0000,0,0.0625,2,0.0625,2,0.0000,0
10265558.0,299.679079,48.602625,348.281704,145,12,0.00,0.1047,0.0875,6,0,4,96,0.048000,0.0000,0,0.1719,2,0.1250,2,0.4375,2,0.1875,2,0.0000,0,0.0000,0,0.0625,2,0.0625,2,0.0000,0
10266148.0,299.852175,49.148375,349.000550,146,12,0.00,0.1109,0.1000,7,0,3,97,0.048500,0.0000,0,0.1719,2,0.1250,2,0.4375,2,0.1875,2,0.0625,2,0.0000,0,0.0625,2,0.0625,2,0.0000,0
10266395.0,299.928801,49.389775,349.318576,147,12,0.00,0.0984,0.0875,6,0,4,98,0.049000,0.0000,0,0.1719,2,0.0000,0,0.4375,2,0.1875,2,0.0000,0,0.0625,2,0.0625,2,0.0625,2,0.0000,0
10266690.0,300.013665,49.662650,349.676315,148,12,0.00,0.1359,0.1000,6,0,4,98,0.049000,0.0000,0,0.1719,2,0.0000,0,0.4375,2,0.1875,2,0.0000,0,0.0625,2,0.4375,2,0.0625,2,0.0000,0
10266884.0,300.075132,49.856650,349.931782,149,12,0.00,0.1422,0.1125,6,0,4,98,0.049000,0.0000,0,0.1719,2,0.0000,0,0.4375,2,0.1875,2,0.0000,0,0.0625,2,0.4375,2,0.1250,2,0.0000,0
10266902.0,300.081422,49.876000,349.957422,150,12,0.00,0.1703,0.1250,7,0,3,99,0.049500,0.0000,0,0.1719,2,0.0000,0,0.4375,2,0.1875,2,0.0000,0,0.0625,2,0.4375,2,0.1250,2,0.2813,2
10274502.0,301.272834,53.047450,354.320284,151,12,0.00,0.0438,0.0250,2,0,8,100,0.050000,0.2500,2,0.0000,0,0.0000,0,0.0000,0,0.1875,2,0.0000,0,0.0000,0,0.0000,0,0.0000,0,0.0000,0
10275038.0,301.339218,53.199317,354.538534,152,12,0.00,0.0484,0.0375,3,0,7,101,0.050500,0.2500,2,0.0469,2,0.0000,0,0.0000,0,0.1875,2,0.0000,0,0.0000,0,0.0000,0,0.0000,0,0.0000,0
10275406.0,301.397537,53.355717,354.753254,153,12,0.00,0.0531,0.0500,4,0,6,102,0.051000,0.2500,2,0.0469,2,0.0469,2,0.0000,0,0.1875,2,0.0000,0,0.0000,0,0.0000,0,0.0000,0,0.0000,0
10276050.0,301.491116,53.612733,355.103849,154,12,0.00,0.0406,0.0375,3,0,7,103,0.051500,0.0000,0,0.0469,2,0.0000,0,0.1719,2,0.1875,2,0.0000,0,0.0000,0,0.0000,0,0.0000,0,0.0000,0
10276746.0,301.572277,53.822150,355.394427,155,12,0.00,0.0234,0.0250,1,0,9,103,0.051500,0.0000,0,0.0000,0,0.0000,0,0.0000,0,0.2344,2,0.0000,0,0.0000,0,0.0000,0,0.0000,0,0.0000,0
10277009.0,301.592618,53.873058,355.465676,156,12,0.00,0.0250,0.0250,2,0,8,104,0.052000,0.0000,0,0.0000,0,0.0000,0,0.0000,0,0.1875,2,0.0625,2,0.0000,0,0.0000,0,0.0000,0,0.0000,0
10277188.0,301.612510,53.923775,355.536285,157,12,0.00,0.0297,0.0375,3,0,7,105,0.052500,0.0000,0,0.0000,0,0.0000,0,0.0000,0,0.1875,2,0.0625,2,0.0469,2,0.0000,0,0.0000,0,0.0000,0
10277517.0,301.650231,54.023242,355.673472,158,12,0.00,0.0422,0.0250,3,0,7,106,0.053000,0.0000,0,0.0000,0,0.0000,0,0.0000,0,0.1875,2,0.0000,0,0.0469,2,0.1875,2,0.0000,0,0.0000,0
10277525.0,301.651949,54.026042,355.677990,159,12,0.00,0.0609,0.0250,4,0,6,107,0.053500,0.0000,0,0.0000,0,0.0000,0,0.0000,0,0.1875,2,0.0000,0,0.0469,2,0.1875,2,0.1875,2,0.0000,0
10277534.0,301.654225,54.029792,355.684017,160,12,0.00,0.0797,0.0250,5,0,5,108,0.054000,0.0000,0,0.0000,0,0.0000,0,0.0000,0,0.1875,2,0.0000,0,0.0469,2,0.1875,2,0.1875,2,0.1875,2
10277694.0,301.692687,54.106525,355.799212,161,12,0.00,0.0797,0.0250,5,0,5,109,0.054500,0.1875,2,0.0000,0,0.0000,0,0.0000,0,0.1875,2,0.0000,0,0.0469,2,0.1875,2,0.0000,0,0.1875,2
10277875.0,301.737086,54.194008,355.931094,162,12,0.00,0.0984,0.0250,6,0,4,110,0.055000,0.1875,2,0.1875,2,0.0000,0,0.0000,0,0.1875,2,0.0000,0,0.0469,2,0.1875,2,0.0000,0,0.1875,2
10277915.0,301.749093,54.216008,355.965101,163,12,0.00,0.1031,0.0375,7,0,3,111,0.055500,0.1875,2,0.1875,2,0.0469,2,0.0000,0,0.1875,2,0.0000,0,0.0469,2,0.1875,2,0.0000,0,0.1875,2
10281731.0,302.435760,56.057342,358.493102,164,12,0.00,0.0328,0.0500,4,0,6,112,0.056000,0.0000,0,0.0000,0,0.0469,2,0.0469,2,0.1875,2,0.0000,0,0.0469,2,0.0000,0,0.0000,0,0.0000,0
10281756.0,302.440148,56.071508,358.511657,165,13,0.00,0.0453,0.0625,4,0,6,112,0.056000,0.0000,0,0.0000,0,0.0469,2,0.0469,2,0.3125,2,0.0000,0,0.0469,2,0.0000,0,0.0000,0,0.0000,0
10281935.0,302.470748,56.169317,358.640065,166,13,0.00,0.0266,0.0375,3,0,7,113,0.056500,0.0000,0,0.0000,0,0.0469,2,0.0000,0,0.1250,2,0.0938,2,0.0000,0,0.0000,0,0.0000,0,0.0000,0
10282240.0,302.513980,56.298942,358.812922,167,13,0.00,0.0391,0.0500,4,0,6,114,0.057000,0.0000,0,0.0000,0,0.0469,2,0.0000,0,0.1250,2,0.0938,2,0.1250,2,0.0000,0,0.0000,0,0.0000,0
10282253.0,302.516825,56.306308,358.823134,168,13,0.00,0.0438,0.0625,5,0,5,115,0.057500,0.0000,0,0.0000,0,0.0469,2,0.0000,0,0.1250,2,0.0938,2,0.1250,2,0.0469,2,0.0000,0,0.0000,0
10282268.0,302.520544,56.316933,358.837477,169,13,0.00,0.0484,0.0750,6,0,4,116,0.058000,0.0000,0,0.0000,0,0.0469,2,0.0000,0,0.1250,2,0.0938,2,0.1250,2,0.0469,2,0.0469,2,0.0000,0
10282330.0,302.536469,56.369633,358.906102,170,13,0.00,0.0406,0.0750,6,1,3,117,0.058500,0.0000,0,0.0000,0,0.0469,2,0.0000,0,0.1250,2,0.0938,2,0.0000,1,0.0469,2,0.0469,2,0.0469,2
10282361.0,302.545409,56.397983,358.943393,171,13,0.00,0.0578,0.0875,7,0,3,118,0.059000,0.1719,2,0.0000,0,0.0469,2,0.0000,0,0.1250,2,0.0938,2,0.0000,0,0.0469,2,0.0469,2,0.0469,2
10282412.0,302.559822,56.443600,359.003422,172,13,0.00,0.0547,0.0750,6,1,3,119,0.059500,0.1719,2,0.0625,2,0.0469,2,0.0000,0,0.1250,2,0.0938,2,0.0000,0,0.0000,1,0.0469,2,0.0000,0
10282878.0,302.677222,56.830967,359.508189,173,13,0.00,0.0672,0.0750,6,0,4,120,0.060000,0.1719,2,0.0625,2,0.1719,2,0.0000,0,0.1250,2,0.0938,2,0.0000,0,0.0000,0,0.0469,2,0.0000,0
10282886.0,302.679829,56.837767,359.517596,174,13,0.00,0.0719,0.0875,7,0,3,121,0.060500,0.1719,2,0.0625,2,0.1719,2,0.0469,2,0.1250,2,0.0938,2,0.0000,0,0.0000,0,0.0469,2,0.0000,0
10283250.0,302.771728,57.131275,359.903003,175,14,0.00,0.0578,0.0625,4,1,5,121,0.060500,0.0000,1,0.0625,2,0.1719,2,0.0000,0,0.2969,2,0.0000,0,0.0000,0,0.0000,0,0.0469,2,0.0000,0
10283282.0,302.778956,57.152875,359.931831,176,14,0.00,0.0719,0.0750,5,0,5,122,0.061000,0.0000,0,0.0625,2,0.1719,2,0.0000,0,0.2969,2,0.1406,2,0.0000,0,0.0000,0,0.0469,2,0.0000,0
10283554.0,302.841527,57.357742,360.199268,177,14,0.00,0.0688,0.0750,5,0,5,123,0.061500,0.0000,0,0.0625,2,0.0000,0,0.0000,0,0.2969,2,0.1406,2,0.1406,2,0.0000,0,0.0469,2,0.0000,0
10283834.0,302.904373,57.559225,360.463598,178,14,0.00,0.0688,0.0750,6,0,4,124,0.062000,0.0000,0,0.0625,2,0.0000,0,0.0000,0,0.1250,2,0.1406,2,0.1406,2,0.1719,2,0.0469,2,0.0000,0
10284010.0,302.950940,57.708825,360.659765,179,14,0.00,0.0734,0.0875,6,0,4,124,0.062000,0.0000,0,0.0625,2,0.0000,0,0.0000,0,0.1250,2,0.1406,2,0.1406,2,0.1719,2,0.0938,2,0.0000,0
10284572.0,303.102184,58.228675,361.330859,180,14,0.00,0.0906,0.1000,7,0,3,125,0.062500,0.0000,0,0.0625,2,0.0000,0,0.0000,0,0.1250,2,0.1406,2,0.1406,2,0.1719,2,0.0938,2,0.1719,2
10284612.0,303.115170,58.271342,361.386512,181,14,0.00,0.1078,0.1125,8,0,2,126,0.063000,0.1719,2,0.0625,2,0.0000,0,0.0000,0,0.1250,2,0.1406,2,0.1406,2,0.1719,2,0.0938,2,0.1719,2
10284914.0,303.214435,58.590225,361.804660,182,14,0.00,0.0906,0.1000,7,0,3,126,0.063000,0.1719,2,0.1094,2,0.0000,0,0.0000,0,0.1250,2,0.1406,2,0.1406,2,0.0000,0,0.0469,2,0.1719,2
10285049.0,303.257076,58.734225,361.991301,183,14,0.00,0.0953,0.1125,8,0,2,127,0.063500,0.1719,2,0.1094,2,0.0469,2,0.0000,0,0.1250,2,0.1406,2,0.1406,2,0.0000,0,0.0469,2,0.1719,2
10285062.0,303.262079,58.749933,362.012012,184,14,0.00,0.1203,0.1250,9,0,1,128,0.064000,0.1719,2,0.1094,2,0.0469,2,0.2500,2,0.1250,2,0.1406,2,0.1406,2,0.0000,0,0.0469,2,0.1719,2
10285584.0,303.457306,59.404500,362.861806,185,15,0.00,0.1406,0.1250,8,0,2,128,0.064000,0.1719,2,0.1094,2,0.0000,0,0.2500,2,0.3750,2,0.1406,2,0.1406,2,0.0000,0,0.0469,2,0.1719,2
10285684.0,303.495466,59.532833,363.028299,186,15,0.00,0.1453,0.1375,8,0,2,128,0.064000,0.1719,2,0.1094,2,0.0000,0,0.2500,2,0.3750,2,0.1875,2,0.1406,2,0.0000,0,0.0469,2,0.1719,2
10285696.0,303.500089,59.549133,363.049222,187,15,0.00,0.1500,0.1500,8,0,2,128,0.064000,0.1719,2,0.1094,2,0.0000,0,0.2500,2,0.3750,2,0.1875,2,0.1875,2,0.0000,0,0.0469,2,0.1719,2
10286148.0,303.673975,60.147800,363.821775,188,15,0.00,0.1578,0.1375,9,0,1,129,0.064500,0.1719,2,0.0625,2,0.0000,0,0.2500,2,0.3750,2,0.1875,2,0.1406,2,0.1719,2,0.0469,2,0.1719,2
10286237.0,303.711150,60.269750,363.980900,189,15,0.00,0.1516,0.1250,8,1,1,129,0.064500,0.1719,2,0.0625,2,0.0000,0,0.2500,2,0.3750,2,0.0000,1,0.1406,2,0.1719,2,0.1719,2,0.1719,2
10286458.0,303.798218,60.555233,364.353452,190,15,0.00,0.1563,0.1375,8,0,2,129,0.064500,0.1719,2,0.0625,2,0.0000,0,0.2500,2,0.3750,2,0.0000,0,0.1406,2,0.1719,2,0.1719,2,0.2188,2
10286759.0,303.903444,60.905925,364.809369,191,16,0.00,0.1563,0.1000,6,0,4,129,0.064500,0.4219,2,0.0000,0,0.0000,0,0.2500,2,0.3750,2,0.0000,0,0.0000,0,0.1719,2,0.1719,2,0.1719,2
10286819.0,303.923903,60.965925,364.889828,192,16,0.00,0.1609,0.1125,7,0,3,130,0.065000,0.4219,2,0.0469,2,0.0000,0,0.2500,2,0.3750,2,0.0000,0,0.0000,0,0.1719,2,0.1719,2,0.1719,2
10287519.0,304.153609,61.620942,365.774550,193,16,0.00,0.1313,0.0625,6,0,4,131,0.065500,0.4219,2,0.0000,0,0.2500,2,0.0000,0,0.2500,2,0.0000,0,0.0000,0,0.1719,2,0.0469,2,0.1719,2
10287566.0,304.168829,61.657367,365.826195,194,16,0.00,0.1547,0.0750,7,0,3,132,0.066000,0.4219,2,0.0000,0,0.2500,2,0.2344,2,0.2500,2,0.0000,0,0.0000,0,0.1719,2,0.0469,2,0.1719,2
10287684.0,304.209121,61.756767,365.965887,195,17,0.00,0.1625,0.0625,6,0,4,132,0.066000,0.4219,2,0.0000,0,0.2500,2,0.2344,2,0.5000,2,0.0000,0,0.0000,0,0.1719,2,0.0469,2,0.0000,0
10287821.0,304.250563,61.849358,366.099921,196,17,0.00,0.1453,0.0625,6,0,4,133,0.066500,0.4219,2,0.0000,0,0.2500,2,0.2344,2,0.2500,2,0.2500,2,0.0000,0,0.0000,0,0.0469,2,0.0000,0
10287906.0,304.278614,61.915233,366.193847,197,17,0.00,0.1734,0.0750,7,0,3,134,0.067000,0.4219,2,0.0000,0,0.2500,2,0.2344,2,0.2500,2,0.2500,2,0.2813,2,0.0000,0,0.0469,2,0.0000,0
10287971.0,304.303590,61.974817,366.278407,198,17,0.00,0.1859,0.0875,8,0,2,135,0.067500,0.4219,2,0.0000,0,0.2500,2,0.2344,2,0.2500,2,0.2500,2,0.2813,2,0.1250,2,0.0469,2,0.0000,0
10288025.0,304.326100,62.031967,366.358066,199,17,0.00,0.1922,0.1000,8,0,2,135,0.067500,0.4219,2,0.0000,0,0.2500,2,0.2344,2,0.2500,2,0.2500,2,0.2813,2,0.1250,2,0.1094,2,0.0000,0
10288056.0,304.339673,62.067100,366.406773,200,17,0.00,0.1969,0.1125,9,0,1,136,0.068000,0.4219,2,0.0000,0,0.2500,2,0.2344,2,0.2500,2,0.2500,2,0.2813,2,0.1250,2,0.1094,2,0.0469,2
10288251.0,304.427718,62.310925,366.738643,201,18,0.00,0.2078,0.1125,9,0,1,136,0.068000,0.5313,2,0.0000,0,0.2500,2,0.2344,2,0.2500,2,0.2500,2,0.2813,2,0.1250,2,0.1094,2,0.0469,2
10288632.0,304.580478,62.738783,367.319261,202,18,0.00,0.1750,0.1125,8,0,2,137,0.068500,0.5313,2,0.0469,2,0.0000,0,0.2344,2,0.2500,2,0.2500,2,0.2813,2,0.0000,0,0.1094,2,0.0469,2
10288768.0,304.633437,62.890117,367.523554,203,18,0.00,0.1609,0.0875,8,0,2,138,0.069000,0.2500,2,0.0469,2,0.1875,2,0.2344,2,0.2500,2,0.2500,2,0.2813,2,0.0000,0,0.1094,2,0.0000,0
10296005.0,306.059227,66.406525,372.465752,204,18,0.00,0.0531,0.0375,3,0,7,139,0.069500,0.0000,0,0.0000,0,0.0000,0,0.2344,2,0.2500,2,0.0000,0,0.0000,0,0.0000,0,0.0469,2,0.0000,0
10296154.0,306.083181,66.469850,372.553031,205,18,0.00,0.0578,0.0500,3,0,7,139,0.069500,0.0000,0,0.0000,0,0.0000,0,0.2344,2,0.2969,2,0.0000,0,0.0000,0,0.0000,0,0.0469,2,0.0000,0
10296182.0,306.088284,66.483850,372.572134,206,18,0.00,0.0750,0.0625,4,0,6,140,0.070000,0.0000,0,0.0000,0,0.0000,0,0.2344,2,0.2969,2,0.1719,2,0.0000,0,0.0000,0,0.0469,2,0.0000,0
10296641.0,306.183042,66.750250,372.933292,207,18,0.00,0.0750,0.0625,5,0,5,141,0.070500,0.0000,0,0.0000,0,0.0000,0,0.2344,2,0.2500,2,0.1719,2,0.0469,2,0.0000,0,0.0469,2,0.0000,0
10296892.0,306.235016,66.900167,373.135183,208,18,0.00,0.0703,0.0375,4,0,6,142,0.071000,0.0000,0,0.0000,0,0.0000,0,0.0000,0,0.2500,2,0.1719,2,0.0000,0,0.2344,2,0.0469,2,0.0000,0
10296892.0,306.235016,66.900167,373.135183,209,18,0.00,0.0938,0.0375,4,0,6,142,0.071000,0.0000,0,0.0000,0,0.0000,0,0.0000,0,0.2500,2,0.1719,2,0.0000,0,0.2344,2,0.2813,2,0.0000,0
10296894.0,306.235962,66.901150,373.137112,210,18,0.00,0.1172,0.0375,5,0,5,143,0.071500,0.0000,0,0.0000,0,0.0000,0,0.0000,0,0.2500,2,0.1719,2,0.0000,0,0.2344,2,0.2813,2,0.2344,2
10297478.0,306.352832,67.180617,373.533449,211,18,0.00,0.0641,0.0500,4,0,6,144,0.072000,0.1719,2,0.0000,0,0.0000,0,0.0000,0,0.2500,2,0.1719,2,0.0000,0,0.0000,0,0.0469,2,0.0000,0
10297481.0,306.353932,67.182317,373.536248,212,18,0.00,0.0688,0.0625,5,0,5,145,0.072500,0.1719,2,0.0469,2,0.0000,0,0.0000,0,0.2500,2,0.1719,2,0.0000,0,0.0000,0,0.0469,2,0.0000,0
10297562.0,306.373388,67.239692,373.613080,213,18,0.00,0.0859,0.0750,6,0,4,146,0.073000,0.1719,2,0.0469,2,0.1719,2,0.0000,0,0.2500,2,0.1719,2,0.0000,0,0.0000,0,0.0469,2,0.0000,0
10297584.0,306.380003,67.258392,373.638394,214,18,0.00,0.1031,0.0875,7,0,3,147,0.073500,0.1719,2,0.0469,2,0.1719,2,0.1719,2,0.2500,2,0.1719,2,0.0000,0,0.0000,0,0.0469,2,0.0000,0
10297724.0,306.424614,67.393558,373.818172,215,18,0.00,0.1031,0.0875,6,0,4,147,0.073500,0.1719,2,0.0000,0,0.1719,2,0.1719,2,0.2969,2,0.1719,2,0.0000,0,0.0000,0,0.0469,2,0.0000,0
10297734.0,306.427527,67.402808,373.830335,216,19,0.00,0.1203,0.1000,6,0,4,147,0.073500,0.1719,2,0.0000,0,0.1719,2,0.1719,2,0.2969,2,0.3438,2,0.0000,0,0.0000,0,0.0469,2,0.0000,0
10297773.0,306.439910,67.441808,373.881718,217,19,0.00,0.1250,0.1125,7,0,3,148,0.074000,0.1719,2,0.0000,0,0.1719,2,0.1719,2,0.2969,2,0.3438,2,0.0469,2,0.0000,0,0.0469,2,0.0000,0
10297877.0,306.474726,67.556592,374.031318,218,19,0.00,0.1125,0.1125,7,0,3,149,0.074500,0.1719,2,0.0000,0,0.0000,0,0.1719,2,0.2969,2,0.3438,2,0.0469,2,0.0469,2,0.0469,2,0.0000,0
10298377.0,306.608525,67.965117,374.573641,219,19,0.00,0.0531,0.0500,3,0,7,149,0.074500,0.0000,0,0.0000,0,0.0000,0,0.1719,2,0.2500,2,0.0000,0,0.0000,0,0.0000,0,0.1094,2,0.0000,0
10298794.0,306.659454,68.119092,374.778546,220,19,0.00,0.0547,0.0500,3,0,7,150,0.075000,0.0000,0,0.0000,0,0.0000,0,0.0000,0,0.2500,2,0.0000,0,0.0000,0,0.0000,0,0.1094,2,0.1875,2
10298876.0,306.673237,68.160092,374.833328,221,19,0.00,0.0609,0.0625,4,0,6,151,0.075500,0.0625,2,0.0000,0,0.0000,0,0.0000,0,0.2500,2,0.0000,0,0.0000,0,0.0000,0,0.1094,2,0.1875,2
10299155.0,306.728810,68.339117,375.067927,222,19,0.00,0.0703,0.0750,5,0,5,152,0.076000,0.0625,2,0.0938,2,0.0000,0,0.0000,0,0.2500,2,0.0000,0,0.0000,0,0.0000,0,0.1094,2,0.1875,2
10299397.0,306.785631,68.519308,375.304940,223,19,0.00,0.0688,0.0750,6,0,4,153,0.076500,0.0625,2,0.0938,2,0.0469,2,0.0000,0,0.2500,2,0.0000,0,0.0000,0,0.0000,0,0.0469,2,0.1875,2
10299470.0,306.805388,68.580158,375.385546,224,19,0.00,0.0813,0.0750,6,1,3,154,0.077000,0.0625,2,0.0938,2,0.0000,1,0.1719,2,0.2500,2,0.0000,0,0.0000,0,0.0000,0,0.0469,2,0.1875,2
10299478.0,306.807826,68.587492,375.395318,225,20,0.00,0.0984,0.0875,6,1,3,154,0.077000,0.0625,2,0.0938,2,0.0000,1,0.1719,2,0.4219,2,0.0000,0,0.0000,0,0.0000,0,0.0469,2,0.1875,2
10299568.0,306.834400,68.671142,375.505542,226,20,0.00,0.1156,0.1000,7,0,3,155,0.077500,0.0625,2,0.0938,2,0.0000,0,0.1719,2,0.4219,2,0.1719,2,0.0000,0,0.0000,0,0.0469,2,0.1875,2
10343681.0,310.957430,77.250033,388.207463,227,20,0.00,0.0313,0.0250,2,0,8,156,0.078000,0.0000,0,0.0000,0,0.0000,0,0.0000,0,0.2500,2,0.0000,0,0.0625,2,0.0000,0,0.0000,0,0.0000,0
10343714.0,310.961665,77.259383,388.221048,228,20,0.00,0.0484,0.0375,3,0,7,157,0.078500,0.0000,0,0.0000,0,0.0000,0,0.0000,0,0.2500,2,0.0000,0,0.0625,2,0.1719,2,0.0000,0,0.0000,0
10343715.0,310.962322,77.259808,388.222130,229,20,0.00,0.0656,0.0500,4,0,6,158,0.079000,0.0000,0,0.0000,0,0.0000,0,0.0000,0,0.2500,2,0.0000,0,0.0625,2,0.1719,2,0.1719,2,0.0000,0
10344030.0,311.026150,77.438308,388.464459,230,20,0.00,0.0703,0.0625,5,0,5,159,0.079500,0.0000,0,0.0000,0,0.0000,0,0.0000,0,0.2500,2,0.0000,0,0.0625,2,0.1719,2,0.1719,2,0.0469,2
10344375.0,311.103630,77.663575,388.767205,231,20,0.00,0.0844,0.0500,5,0,5,160,0.080000,0.1875,2,0.0000,0,0.0000,0,0.0000,0,0.2500,2,0.0000,0,0.0625,2,0.1719,2,0.1719,2,0.0000,0
10344402.0,311.110777,77.680675,388.791452,232,20,0.00,0.1031,0.0500,6,0,4,161,0.080500,0.1875,2,0.1875,2,0.0000,0,0.0000,0,0.2500,2,0.0000,0,0.0625,2,0.1719,2,0.1719,2,0.0000,0
10344404.0,311.111859,77.682075,388.793934,233,20,0.00,0.1203,0.0625,7,0,3,162,0.081000,0.1875,2,0.1875,2,0.1719,2,0.0000,0,0.2500,2,0.0000,0,0.0625,2,0.1719,2,0.1719,2,0.0000,0
10344444.0,311.125769,77.715742,388.841511,234,20,0.00,0.1375,0.0750,8,0,2,163,0.081500,0.1875,2,0.1875,2,0.1719,2,0.1719,2,0.2500,2,0.0000,0,0.0625,2,0.1719,2,0.1719,2,0.0000,0
10344553.0,311.167098,77.822925,388.990023,235,21,0.00,0.1563,0.0750,8,0,2,163,0.081500,0.1875,2,0.1875,2,0.1719,2,0.1719,2,0.4375,2,0.0000,0,0.0625,2,0.1719,2,0.1719,2,0.0000,0
10344582.0,311.179017,77.851442,389.030459,236,21,0.00,0.1750,0.0750,9,0,1,164,0.082000,0.1875,2,0.1875,2,0.1719,2,0.1719,2,0.4375,2,0.1875,2,0.0625,2,0.1719,2,0.1719,2,0.0000,0
10344620.0,311.195695,77.891342,389.087036,237,21,0.00,0.1813,0.0875,9,0,1,164,0.082000,0.1875,2,0.1875,2,0.1719,2,0.1719,2,0.4375,2,0.1875,2,0.1250,2,0.1719,2,0.1719,2,0.0000,0
10344645.0,311.206788,77.919467,389.126255,238,21,0.00,0.1875,0.1000,9,0,1,164,0.082000,0.1875,2,0.1875,2,0.1719,2,0.1719,2,0.4375,2,0.1875,2,0.1250,2,0.2344,2,0.1719,2,0.0000,0
10345184.0,311.393461,78.488283,389.881744,239,21,0.00,0.1109,0.1000,6,0,4,164,0.082000,0.0000,0,0.0000,0,0.1719,2,0.1719,2,0.2500,2,0.0000,0,0.1250,2,0.1719,2,0.2188,2,0.0000,0
10345822.0,311.581955,79.090433,390.672389,240,21,0.00,0.1063,0.0875,7,0,3,165,0.082500,0.0000,0,0.0000,0,0.1719,2,0.1719,2,0.2500,2,0.0000,0,0.0625,2,0.1719,2,0.1719,2,0.0625,2
10345859.0,311.594455,79.127125,390.721580,241,21,0.00,0.1109,0.1000,8,0,2,166,0.083000,0.0469,2,0.0000,0,0.1719,2,0.1719,2,0.2500,2,0.0000,0,0.0625,2,0.1719,2,0.1719,2,0.0625,2
10345885.0,311.604276,79.156592,390.760867,242,21,0.00,0.1234,0.1000,9,0,1,167,0.083500,0.0469,2,0.1250,2,0.1719,2,0.1719,2,0.2500,2,0.0000,0,0.0625,2,0.1719,2,0.1719,2,0.0625,2
10345975.0,311.640166,79.264592,390.904758,243,22,0.00,0.1406,0.1125,9,0,1,167,0.083500,0.0469,2,0.1250,2,0.3438,2,0.1719,2,0.2500,2,0.0000,0,0.0625,2,0.1719,2,0.1719,2,0.0625,2
10347405.0,312.114145,80.593417,392.707562,244,23,0.00,0.1359,0.0875,7,0,3,167,0.083500,0.0469,2,0.1250,2,0.1719,2,0.4219,2,0.2500,2,0.0000,0,0.0000,0,0.1719,2,0.1719,2,0.0000,0
10347728.0,312.223581,80.903825,393.127406,245,23,0.00,0.1234,0.0875,6,0,4,167,0.083500,0.0469,2,0.1250,2,0.1719,2,0.4219,2,0.2969,2,0.0000,0,0.0000,0,0.0000,0,0.1719,2,0.0000,0
10347817.0,312.251415,80.986150,393.237565,246,23,0.00,0.1297,0.1000,7,0,3,168,0.084000,0.0469,2,0.1250,2,0.1719,2,0.4219,2,0.2969,2,0.0625,2,0.0000,0,0.0000,0,0.1719,2,0.0000,0
10347973.0,312.305241,81.150300,393.455541,247,23,0.00,0.1438,0.0875,8,0,2,169,0.084500,0.0469,2,0.1250,2,0.1719,2,0.4219,2,0.2500,2,0.0625,2,0.1875,2,0.0000,0,0.1719,2,0.0000,0
10347977.0,312.307277,81.154533,393.461810,248,23,0.00,0.1625,0.0875,9,0,1,170,0.085000,0.0469,2,0.1250,2,0.1719,2,0.4219,2,0.2500,2,0.0625,2,0.1875,2,0.1875,2,0.1719,2,0.0000,0
10348022.0,312.326589,81.205158,393.531748,249,24,0.00,0.1813,0.0875,9,0,1,170,0.085000,0.0469,2,0.1250,2,0.1719,2,0.4219,2,0.2500,2,0.0625,2,0.1875,2,0.1875,2,0.3594,2,0.0000,0
10348057.0,312.342620,81.244533,393.587154,250,24,0.00,0.2094,0.1000,10,0,0,171,0.085500,0.0469,2,0.1250,2,0.1719,2,0.4219,2,0.2500,2,0.0625,2,0.1875,2,0.1875,2,0.3594,2,0.2813,2
10348094.0,312.360979,81.291400,393.652379,251,24,0.00,0.2141,0.1125,10,0,0,171,0.085500,0.0938,2,0.1250,2,0.1719,2,0.4219,2,0.2500,2,0.0625,2,0.1875,2,0.1875,2,0.3594,2,0.2813,2
10348096.0,312.361979,81.294083,393.656062,252,25,0.00,0.2328,0.1125,10,0,0,171,0.085500,0.0938,2,0.3125,2,0.1719,2,0.4219,2,0.2500,2,0.0625,2,0.1875,2,0.1875,2,0.3594,2,0.2813,2
10348132.0,312.380498,81.342383,393.722881,253,26,0.00,0.2516,0.1125,10,0,0,171,0.085500,0.0938,2,0.3125,2,0.3594,2,0.4219,2,0.2500,2,0.0625,2,0.1875,2,0.1875,2,0.3594,2,0.2813,2
10348477.0,312.531432,81.719042,394.250473,254,27,0.00,0.1641,0.0875,7,0,3,171,0.085500,0.0469,2,0.3125,2,0.1719,2,0.6094,2,0.2500,2,0.0625,2,0.1875,2,0.0000,0,0.0000,0,0.0000,0
10348594.0,312.572064,81.822617,394.394681,255,28,0.00,0.1781,0.0875,6,0,4,171,0.085500,0.0000,0,0.3125,2,0.1719,2,0.6094,2,0.4375,2,0.0625,2,0.1875,2,0.0000,0,0.0000,0,0.0000,0
10349004.0,312.710500,82.196017,394.906517,256,28,0.00,0.1703,0.0875,6,0,4,171,0.085500,0.0000,0,0.1250,2,0.1719,2,0.4375,2,0.4375,2,0.3438,2,0.1875,2,0.0000,0,0.0000,0,0.0000,0
10349014.0,312.713761,82.204592,394.918353,257,29,0.00,0.1641,0.0750,6,0,4,171,0.085500,0.0000,0,0.1250,2,0.1719,2,0.1875,2,0.4375,2,0.3438,2,0.3750,2,0.0000,0,0.0000,0,0.0000,0
10349068.0,312.732552,82.250492,394.983043,258,29,0.00,0.1828,0.0750,7,0,3,172,0.086000,0.0000,0,0.1250,2,0.1719,2,0.1875,2,0.4375,2,0.3438,2,0.3750,2,0.1875,2,0.0000,0,0.0000,0
10349201.0,312.784104,82.372408,395.156513,259,29,0.00,0.2078,0.0875,8,0,2,173,0.086500,0.0000,0,0.1250,2,0.1719,2,0.1875,2,0.4375,2,0.3438,2,0.3750,2,0.1875,2,0.2500,2,0.0000,0
10349365.0,312.855756,82.545975,395.401731,260,29,0.00,0.2250,0.1000,9,0,1,174,0.087000,0.0000,0,0.1250,2,0.1719,2,0.1875,2,0.4375,2,0.3438,2,0.3750,2,0.1875,2,0.2500,2,0.1719,2
10349476.0,312.907151,82.675225,395.582376,261,29,0.00,0.2016,0.1000,9,0,1,175,0.087500,0.1250,2,0.1250,2,0.0000,0,0.1875,2,0.4375,2,0.3438,2,0.1875,2,0.1875,2,0.2500,2,0.1719,2
10349496.0,312.916342,82.699225,395.615567,262,29,0.00,0.2078,0.1125,9,0,1,175,0.087500,0.1250,2,0.1875,2,0.0000,0,0.1875,2,0.4375,2,0.3438,2,0.1875,2,0.1875,2,0.2500,2,0.1719,2
10349561.0,312.947029,82.782100,395.729129,263,29,0.00,0.2328,0.1250,10,0,0,176,0.088000,0.1250,2,0.1875,2,0.2500,2,0.1875,2,0.4375,2,0.3438,2,0.1875,2,0.1875,2,0.2500,2,0.1719,2
10349678.0,313.005946,82.943500,395.949446,264,29,0.00,0.2109,0.1250,10,0,0,176,0.088000,0.1250,2,0.1875,2,0.2500,2,0.2500,2,0.4375,2,0.0625,2,0.1875,2,0.1875,2,0.2500,2,0.1719,2
10350125.0,313.210680,83.492292,396.702971,265,30,0.00,0.2047,0.0875,8,0,2,176,0.088000,0.0000,0,0.1250,2,0.2500,2,0.2500,2,0.6250,2,0.0000,0,0.1875,2,0.1875,2,0.2500,2,0.1719,2
10350130.0,313.213337,83.497583,396.710920,266,30,0.00,0.2234,0.0875,9,0,1,177,0.088500,0.0000,0,0.1250,2,0.2500,2,0.2500,2,0.6250,2,0.1875,2,0.1875,2,0.1875,2,0.2500,2,0.1719,2
10350591.0,313.416860,83.986933,397.403793,267,31,0.00,0.2172,0.0750,8,0,2,177,0.088500,0.0000,0,0.1250,2,0.2500,2,0.1875,2,0.6250,2,0.1875,2,0.3750,2,0.0000,0,0.2500,2,0.1719,2
10350733.0,313.478842,84.123467,397.602309,268,31,0.00,0.1922,0.0625,7,1,2,178,0.089000,0.0000,0,0.1250,2,0.2500,2,0.1875,2,0.6250,2,0.0000,1,0.3750,2,0.1875,2,0.0000,0,0.1719,2
10352281.0,313.930741,85.117217,399.047957,269,31,0.00,0.1359,0.0625,6,0,4,179,0.089500,0.0000,0,0.1250,2,0.0000,0,0.1875,2,0.6250,2,0.0000,0,0.1875,2,0.0000,0,0.0625,2,0.1719,2
10352735.0,314.049526,85.394033,399.443559,270,31,0.00,0.0969,0.0500,4,0,6,179,0.089500,0.0000,0,0.1250,2,0.0000,0,0.1875,2,0.4375,2,0.0000,0,0.0000,0,0.0000,0,0.0000,0,0.2188,2
10352776.0,314.059265,85.417267,399.476532,271,31,0.00,0.1219,0.0500,5,0,5,180,0.090000,0.2500,2,0.1250,2,0.0000,0,0.1875,2,0.4375,2,0.0000,0,0.0000,0,0.0000,0,0.0000,0,0.2188,2
10352901.0,314.093257,85.487658,399.580915,272,32,0.00,0.1359,0.0375,5,0,5,180,0.090000,0.2500,2,0.3125,2,0.0000,0,0.1875,2,0.4375,2,0.0000,0,0.0000,0,0.0000,0,0.0000,0,0.1719,2
10352949.0,314.107499,85.514458,399.621957,273,32,0.00,0.1547,0.0375,6,0,4,181,0.090500,0.2500,2,0.3125,2,0.1875,2,0.1875,2,0.4375,2,0.0000,0,0.0000,0,0.0000,0,0.0000,0,0.1719,2
10353010.0,314.127715,85.552583,399.680299,274,33,0.00,0.1734,0.0375,6,0,4,181,0.090500,0.2500,2,0.3125,2,0.1875,2,0.3750,2,0.4375,2,0.0000,0,0.0000,0,0.0000,0,0.0000,0,0.1719,2
10353158.0,314.177991,85.640283,399.818274,275,34,0.00,0.1781,0.0375,6,0,4,181,0.090500,0.2500,2,0.3125,2,0.1875,2,0.1875,2,0.6719,2,0.0000,0,0.0000,0,0.0000,0,0.0000,0,0.1719,2
10353265.0,314.215904,85.707158,399.923062,276,34,0.00,0.1828,0.0500,7,0,3,182,0.091000,0.2500,2,0.3125,2,0.1875,2,0.1875,2,0.6719,2,0.0469,2,0.0000,0,0.0000,0,0.0000,0,0.1719,2
10353271.0,314.218707,85.711758,399.930465,277,34,0.00,0.1875,0.0625,8,0,2,183,0.091500,0.2500,2,0.3125,2,0.1875,2,0.1875,2,0.6719,2,0.0469,2,0.0469,2,0.0000,0,0.0000,0,0.1719,2
10353550.0,314.332828,85.950892,400.283720,278,34,0.00,0.1891,0.0625,8,0,2,184,0.092000,0.2500,2,0.3125,2,0.1875,2,0.1875,2,0.6719,2,0.0469,2,0.0000,0,0.0625,2,0.0000,0,0.1719,2
10360992.0,315.597877,88.859292,404.457168,279,34,0.00,0.0609,0.0250,3,0,7,185,0.092500,0.0000,0,0.1250,2,0.0000,0,0.0000,0,0.2500,2,0.0000,0,0.0000,0,0.0000,0,0.2344,2,0.0000,0
10361018.0,315.602714,88.868392,404.471106,280,34,0.00,0.0844,0.0250,4,0,6,186,0.093000,0.0000,0,0.1250,2,0.0000,0,0.0000,0,0.2500,2,0.0000,0,0.0000,0,0.0000,0,0.2344,2,0.2344,2
10361057.0,315.611624,88.884642,404.496265,281,34,0.00,0.1016,0.0375,5,0,5,187,0.093500,0.1719,2,0.1250,2,0.0000,0,0.0000,0,0.2500,2,0.0000,0,0.0000,0,0.0000,0,0.2344,2,0.2344,2
10361087.0,315.619410,88.901392,404.520802,282,34,0.00,0.1063,0.0500,5,0,5,187,0.093500,0.1719,2,0.1719,2,0.0000,0,0.0000,0,0.2500,2,0.0000,0,0.0000,0,0.0000,0,0.2344,2,0.2344,2
10361148.0,315.635965,88.940025,404.575990,283,34,0.00,0.1188,0.0625,6,0,4,188,0.094000,0.1719,2,0.1719,2,0.1250,2,0.0000,0,0.2500,2,0.0000,0,0.0000,0,0.0000,0,0.2344,2,0.2344,2
10362004.0,315.862750,89.437600,405.300350,284,34,0.00,0.1250,0.0375,6,0,4,189,0.094500,0.1719,2,0.1250,2,0.0000,0,0.2344,2,0.2500,2,0.0000,0,0.0000,0,0.0000,0,0.2344,2,0.2344,2
10362009.0,315.864292,89.440725,405.305017,285,35,0.00,0.1438,0.0375,6,0,4,189,0.094500,0.1719,2,0.1250,2,0.0000,0,0.2344,2,0.4375,2,0.0000,0,0.0000,0,0.0000,0,0.2344,2,0.2344,2
10362192.0,315.920802,89.551633,405.472435,286,35,0.00,0.1375,0.0500,6,0,4,190,0.095000,0.1719,2,0.1250,2,0.0000,0,0.0000,0,0.4375,2,0.1719,2,0.0000,0,0.0000,0,0.2344,2,0.2344,2
10362242.0,315.937205,89.586633,405.523838,287,35,0.00,0.1422,0.0625,7,0,3,191,0.095500,0.1719,2,0.1250,2,0.0000,0,0.0000,0,0.4375,2,0.1719,2,0.0469,2,0.0000,0,0.2344,2,0.2344,2
10362464.0,316.012077,89.773283,405.785361,288,35,0.00,0.1188,0.0750,7,0,3,192,0.096000,0.1719,2,0.1250,2,0.0000,0,0.0000,0,0.2500,2,0.1719,2,0.0469,2,0.1875,2,0.2344,2,0.0000,0
10362608.0,316.056374,89.887733,405.944107,289,36,0.00,0.1328,0.0625,6,0,4,192,0.096000,0.1719,2,0.1250,2,0.0000,0,0.0000,0,0.2500,2,0.1719,2,0.0000,0,0.1875,2,0.4219,2,0.0000,0
10362627.0,316.062848,89.902458,405.965306,290,36,0.00,0.1391,0.0750,7,0,3,193,0.096500,0.1719,2,0.1250,2,0.0000,0,0.0000,0,0.2500,2,0.1719,2,0.0000,0,0.1875,2,0.4219,2,0.0625,2
10363056.0,316.212923,90.295708,406.508632,291,36,0.00,0.1453,0.0875,7,0,3,193,0.096500,0.2344,2,0.1250,2,0.0000,0,0.0000,0,0.2500,2,0.1719,2,0.0000,0,0.1875,2,0.4219,2,0.0625,2
10364477.0,316.691386,91.599967,408.291352,292,37,0.00,0.1063,0.0375,5,0,5,193,0.096500,0.0000,0,0.3750,2,0.0000,0,0.0000,0,0.2500,2,0.0000,0,0.0000,0,0.1875,2,0.1875,2,0.0625,2
10364499.0,316.697472,91.612250,408.309722,293,37,0.00,0.1047,0.0500,5,1,4,194,0.097000,0.0000,0,0.3750,2,0.1719,2,0.0000,0,0.2500,2,0.0000,0,0.0000,0,0.1875,2,0.0000,1,0.0625,2
10365106.0,316.853386,91.996217,408.849603,294,37,0.00,0.0719,0.0625,5,0,5,195,0.097500,0.0000,0,0.0000,0,0.1719,2,0.0469,2,0.2500,2,0.0000,0,0.0000,0,0.1875,2,0.0000,0,0.0625,2
10365188.0,316.872776,92.054300,408.927076,295,37,0.00,0.0766,0.0750,5,0,5,195,0.097500,0.0000,0,0.0000,0,0.1719,2,0.0469,2,0.2969,2,0.0000,0,0.0000,0,0.1875,2,0.0000,0,0.0625,2
10365764.0,316.995823,92.415750,409.411573,296,37,0.00,0.0922,0.0500,5,0,5,196,0.098000,0.0000,0,0.0000,0,0.1719,2,0.0000,0,0.2500,2,0.2500,2,0.0000,0,0.1875,2,0.0000,0,0.0625,2
10365812.0,317.008431,92.446150,409.454581,297,37,0.00,0.1172,0.0500,6,0,4,197,0.098500,0.0000,0,0.0000,0,0.1719,2,0.0000,0,0.2500,2,0.2500,2,0.2500,2,0.1875,2,0.0000,0,0.0625,2
10365815.0,317.009338,92.448250,409.457588,298,38,0.00,0.1422,0.0500,6,0,4,197,0.098500,0.0000,0,0.0000,0,0.1719,2,0.0000,0,0.2500,2,0.2500,2,0.2500,2,0.4375,2,0.0000,0,0.0625,2
10366402.0,317.198677,92.859150,410.057827,299,38,0.00,0.1469,0.0625,7,0,3,198,0.099000,0.0000,0,0.0000,0,0.1719,2,0.0000,0,0.2500,2,0.2500,2,0.2500,2,0.4375,2,0.0469,2,0.0625,2
10366634.0,317.277313,93.033200,410.310513,300,38,0.00,0.1547,0.0375,6,0,4,199,0.099500,0.0000,0,0.0000,0,0.1719,2,0.0000,0,0.2500,2,0.2500,2,0.2500,2,0.4375,2,0.0000,0,0.1875,2
10366655.0,317.284773,93.046325,410.331098,301,38,0.00,0.1672,0.0500,7,0,3,200,0.100000,0.1250,2,0.0000,0,0.1719,2,0.0000,0,0.2500,2,0.2500,2,0.2500,2,0.4375,2,0.0000,0,0.1875,2
10366655.0,317.285273,93.046325,410.331598,302,38,0.00,0.1797,0.0625,8,0,2,201,0.100500,0.1250,2,0.1250,2,0.1719,2,0.0000,0,0.2500,2,0.2500,2,0.2500,2,0.4375,2,0.0000,0,0.1875,2
10366673.0,317.292688,93.062675,410.355363,303,39,0.00,0.1984,0.0625,8,0,2,201,0.100500,0.1250,2,0.1250,2,0.3594,2,0.0000,0,0.2500,2,0.2500,2,0.2500,2,0.4375,2,0.0000,0,0.1875,2
10366675.0,317.294041,93.064492,410.358533,304,39,0.00,0.2172,0.0625,9,0,1,202,0.101000,0.1250,2,0.1250,2,0.3594,2,0.1875,2,0.2500,2,0.2500,2,0.2500,2,0.4375,2,0.0000,0,0.1875,2
10366864.0,317.377057,93.243100,410.620157,305,40,0.00,0.1859,0.0625,8,0,2,202,0.101000,0.1250,2,0.1250,2,0.3594,2,0.1875,2,0.4375,2,0.0000,0,0.2500,2,0.1875,2,0.0000,0,0.1875,2
10366923.0,317.401017,93.295958,410.696976,306,40,0.00,0.1656,0.0750,8,0,2,203,0.101500,0.1250,2,0.1250,2,0.3594,2,0.1875,2,0.4375,2,0.0469,2,0.0000,0,0.1875,2,0.0000,0,0.1875,2
10367089.0,317.468090,93.459192,410.927282,307,40,0.00,0.1828,0.0750,9,0,1,204,0.102000,0.1250,2,0.1250,2,0.3594,2,0.1875,2,0.4375,2,0.0469,2,0.1719,2,0.1875,2,0.0000,0,0.1875,2
10367276.0,317.547598,93.638417,411.186015,308,41,0.00,0.1969,0.0625,8,0,2,204,0.102000,0.1250,2,0.1250,2,0.3594,2,0.1875,2,0.4375,2,0.0000,0,0.1719,2,0.3750,2,0.0000,0,0.1875,2
10367461.0,317.626787,93.806458,411.433246,309,41,0.00,0.2156,0.0625,9,0,1,205,0.102500,0.1250,2,0.1250,2,0.3594,2,0.1875,2,0.4375,2,0.0000,0,0.1719,2,0.3750,2,0.1875,2,0.1875,2
10367581.0,317.682852,93.923458,411.606310,310,42,0.00,0.2219,0.0625,8,1,1,205,0.102500,0.1250,2,0.1250,2,0.3594,2,0.1875,2,0.4375,2,0.0000,0,0.1719,2,0.3750,2,0.0000,1,0.4375,2
10368044.0,317.888882,94.344217,412.233099,311,43,0.00,0.2391,0.0750,8,0,2,205,0.102500,0.2969,2,0.1250,2,0.3594,2,0.1875,2,0.4375,2,0.0000,0,0.1719,2,0.3750,2,0.0000,0,0.4375,2
10368051.0,317.892089,94.351100,412.243189,312,44,0.00,0.2563,0.0875,8,0,2,205,0.102500,0.2969,2,0.2969,2,0.3594,2,0.1875,2,0.4375,2,0.0000,0,0.1719,2,0.3750,2,0.0000,0,0.4375,2
10368169.0,317.944447,94.472783,412.417231,313,45,0.00,0.2391,0.0875,7,0,3,205,0.102500,0.2969,2,0.2969,2,0.5469,2,0.1875,2,0.4375,2,0.0000,0,0.0000,0,0.1875,2,0.0000,0,0.4375,2
10368553.0,318.104078,94.853583,412.957661,314,46,0.00,0.2391,0.0875,7,0,3,205,0.102500,0.2969,2,0.2969,2,0.5469,2,0.4375,2,0.4375,2,0.0000,0,0.0000,0,0.1875,2,0.0000,0,0.1875,2
10368935.0,318.259771,95.219275,413.479046,315,47,0.00,0.2297,0.0875,7,0,3,205,0.102500,0.1719,2,0.2969,2,0.5469,2,0.1875,2,0.7188,2,0.0000,0,0.0000,0,0.1875,2,0.0000,0,0.1875,2
10369049.0,318.308187,95.332325,413.640512,316,47,0.00,0.2344,0.1000,8,0,2,206,0.103000,0.1719,2,0.2969,2,0.5469,2,0.1875,2,0.7188,2,0.0469,2,0.0000,0,0.1875,2,0.0000,0,0.1875,2
10369221.0,318.386863,95.527258,413.914122,317,47,0.00,0.2578,0.1000,9,0,1,207,0.103500,0.1719,2,0.2969,2,0.5469,2,0.1875,2,0.7188,2,0.0469,2,0.2344,2,0.1875,2,0.0000,0,0.1875,2
10369226.0,318.389380,95.533258,413.922638,318,48,0.00,0.2813,0.1000,9,0,1,207,0.103500,0.1719,2,0.2969,2,0.5469,2,0.1875,2,0.7188,2,0.0469,2,0.2344,2,0.4219,2,0.0000,0,0.1875,2
10369226.0,318.389880,95.533258,413.923138,319,48,0.00,0.3047,0.1000,10,0,0,208,0.104000,0.1719,2,0.2969,2,0.5469,2,0.1875,2,0.7188,2,0.0469,2,0.2344,2,0.4219,2,0.2344,2,0.1875,2
10369368.0,318.463655,95.692275,414.155930,320,48,0.00,0.2984,0.1000,9,0,1,209,0.104500,0.1719,2,0.2969,2,0.5469,2,0.1875,2,0.7188,2,0.0000,0,0.2344,2,0.4219,2,0.2344,2,0.1719,2
10369381.0,318.470608,95.707875,414.178483,321,48,0.00,0.3031,0.1125,9,0,1,209,0.104500,0.2188,2,0.2969,2,0.5469,2,0.1875,2,0.7188,2,0.0000,0,0.2344,2,0.4219,2,0.2344,2,0.1719,2
10369594.0,318.584957,95.978625,414.563582,322,48,0.00,0.2844,0.1125,9,0,1,209,0.104500,0.1719,2,0.3438,2,0.3594,2,0.1875,2,0.7188,2,0.0000,0,0.2344,2,0.4219,2,0.2344,2,0.1719,2
10369742.0,318.661810,96.166200,414.828010,323,49,0.00,0.2578,0.1000,8,1,1,209,0.104500,0.1719,2,0.3438,2,0.6094,2,0.1875,2,0.4375,2,0.0000,0,0.2344,2,0.4219,2,0.0000,1,0.1719,2
10369814.0,318.696062,96.246592,414.942653,324,49,0.00,0.2578,0.1000,8,0,2,209,0.104500,0.1719,2,0.2969,2,0.6094,2,0.2344,2,0.4375,2,0.0000,0,0.2344,2,0.4219,2,0.0000,0,0.1719,2
10369891.0,318.732463,96.333858,415.066321,325,49,0.00,0.2594,0.1125,8,0,2,209,0.104500,0.1719,2,0.2969,2,0.6094,2,0.2344,2,0.4531,2,0.0000,0,0.2344,2,0.4219,2,0.0000,0,0.1719,2
10369903.0,318.738651,96.348358,415.087009,326,49,0.00,0.2844,0.1250,9,0,1,210,0.105000,0.1719,2,0.2969,2,0.6094,2,0.2344,2,0.4531,2,0.2500,2,0.2344,2,0.4219,2,0.0000,0,0.1719,2
10370121.0,318.839852,96.618450,415.458302,327,49,0.00,0.2391,0.1125,8,0,2,211,0.105500,0.1719,2,0.2969,2,0.6094,2,0.0000,0,0.4531,2,0.2500,2,0.2500,2,0.1875,2,0.0000,0,0.1719,2
10370192.0,318.872381,96.704242,415.576623,328,50,0.00,0.2484,0.1250,8,0,2,211,0.105500,0.1719,2,0.2969,2,0.6094,2,0.0000,0,0.4531,2,0.2500,2,0.2500,2,0.2813,2,0.0000,0,0.1719,2
10370195.0,318.874278,96.708092,415.582369,329,50,0.00,0.2531,0.1375,9,0,1,212,0.106000,0.1719,2,0.2969,2,0.6094,2,0.0000,0,0.4531,2,0.2500,2,0.2500,2,0.2813,2,0.0469,2,0.1719,2
10370418.0,318.983104,97.025867,416.008971,330,50,0.00,0.2391,0.1500,9,0,1,212,0.106000,0.1719,2,0.2969,2,0.6094,2,0.0000,0,0.2656,2,0.2500,2,0.2500,2,0.2813,2,0.0469,2,0.2188,2
10370444.0,318.995811,97.064867,416.060678,331,50,0.00,0.2453,0.1625,9,0,1,212,0.106000,0.2344,2,0.2969,2,0.6094,2,0.0000,0,0.2656,2,0.2500,2,0.2500,2,0.2813,2,0.0469,2,0.2188,2
10370779.0,319.150695,97.546933,416.697629,332,50,0.00,0.2406,0.1500,8,0,2,212,0.106000,0.2344,2,0.3438,2,0.6094,2,0.0000,0,0.2656,2,0.2500,2,0.2500,2,0.2813,2,0.0000,0,0.1719,2
10370813.0,319.166310,97.595592,416.761902,333,50,0.00,0.2406,0.1500,8,0,2,212,0.106000,0.2344,2,0.2969,2,0.6563,2,0.0000,0,0.2656,2,0.2500,2,0.2500,2,0.2813,2,0.0000,0,0.1719,2
10370815.0,319.167729,97.598458,416.766188,334,50,0.00,0.2453,0.1625,9,0,1,213,0.106500,0.2344,2,0.2969,2,0.6563,2,0.0469,2,0.2656,2,0.2500,2,0.2500,2,0.2813,2,0.0000,0,0.1719,2
10371165.0,319.322729,98.032733,417.355462,335,51,0.00,0.2203,0.1125,8,0,2,213,0.106500,0.0000,0,0.1719,2,0.6094,2,0.0469,2,0.5156,2,0.2500,2,0.2500,2,0.1875,2,0.0000,0,0.1719,2
10371552.0,319.494393,98.500358,417.994751,336,51,0.00,0.2250,0.1250,8,0,2,213,0.106500,0.0000,0,0.1719,2,0.6094,2,0.0469,2,0.5156,2,0.2969,2,0.2500,2,0.1875,2,0.0000,0,0.1719,2
10390019.0,322.625102,107.768200,430.393302,337,51,0.00,0.0578,0.0500,3,0,7,214,0.107000,0.0000,0,0.0000,0,0.0000,0,0.0000,0,0.2656,2,0.0000,0,0.1250,2,0.1875,2,0.0000,0,0.0000,0
10390460.0,322.683581,107.938142,430.621722,338,51,0.00,0.0516,0.0500,2,0,8,214,0.107000,0.0000,0,0.0000,0,0.0000,0,0.0000,0,0.2656,2,0.0000,0,0.0000,0,0.2500,2,0.0000,0,0.0000,0
10390495.0,322.688595,107.953308,430.641904,339,51,0.00,0.0578,0.0625,3,0,7,215,0.107500,0.0000,0,0.0000,0,0.0000,0,0.0000,0,0.2656,2,0.0000,0,0.0000,0,0.2500,2,0.0625,2,0.0000,0
10390956.0,322.748545,108.127733,430.876279,340,51,0.00,0.0578,0.0500,3,0,7,216,0.108000,0.0000,0,0.0000,0,0.0000,0,0.0000,0,0.2656,2,0.0000,0,0.0000,0,0.1875,2,0.0000,0,0.1250,2
10391797.0,322.876188,108.507875,431.384063,341,51,0.00,0.0516,0.0500,3,0,7,217,0.108500,0.0625,2,0.0000,0,0.0000,0,0.0000,0,0.2656,2,0.0000,0,0.0000,0,0.1875,2,0.0000,0,0.0000,0
10392044.0,322.909398,108.602917,431.512315,342,51,0.00,0.0578,0.0500,3,0,7,218,0.109000,0.0000,0,0.1250,2,0.0000,0,0.0000,0,0.2656,2,0.0000,0,0.0000,0,0.1875,2,0.0000,0,0.0000,0
10392058.0,322.912200,108.609917,431.522116,343,51,0.00,0.0719,0.0625,4,0,6,219,0.109500,0.0000,0,0.1250,2,0.1406,2,0.0000,0,0.2656,2,0.0000,0,0.0000,0,0.1875,2,0.0000,0,0.0000,0
10392193.0,322.938426,108.688342,431.626768,344,51,0.00,0.0625,0.0625,4,0,6,220,0.110000,0.0000,0,0.1250,2,0.0000,0,0.0469,2,0.2656,2,0.0000,0,0.0000,0,0.1875,2,0.0000,0,0.0000,0
10392464.0,322.988959,108.846808,431.835768,345,52,0.00,0.0953,0.0625,3,0,7,220,0.110000,0.0000,0,0.1250,2,0.0000,0,0.0000,0,0.6406,2,0.0000,0,0.0000,0,0.1875,2,0.0000,0,0.0000,0
10392524.0,323.001074,108.881308,431.882382,346,52,0.00,0.1016,0.0750,4,0,6,221,0.110500,0.0000,0,0.1250,2,0.0000,0,0.0000,0,0.6406,2,0.0625,2,0.0000,0,0.1875,2,0.0000,0,0.0000,0
10392696.0,323.032048,108.974217,432.006265,347,52,0.00,0.0766,0.0500,4,0,6,222,0.111000,0.0000,0,0.1250,2,0.0000,0,0.0000,0,0.2656,2,0.0000,0,0.1875,2,0.1875,2,0.0000,0,0.0000,0
10392972.0,323.089884,109.130617,432.220500,348,53,0.00,0.0906,0.0625,4,0,6,222,0.111000,0.0000,0,0.1250,2,0.0000,0,0.0000,0,0.2656,2,0.0000,0,0.1875,2,0.3281,2,0.0000,0,0.0000,0
10393119.0,323.121734,109.217667,432.339401,349,53,0.00,0.0953,0.0500,5,0,5,223,0.111500,0.0000,0,0.1250,2,0.0000,0,0.0000,0,0.2656,2,0.0000,0,0.1875,2,0.1875,2,0.1875,2,0.0000,0
10432820.0,328.185681,123.865267,452.050947,350,53,0.00,0.0516,0.0500,3,0,7,224,0.112000,0.0000,0,0.0000,0,0.0000,0,0.0000,0,0.2656,2,0.0000,0,0.0000,0,0.1875,2,0.0000,0,0.0625,2
10432946.0,328.206284,123.928267,452.134550,351,53,0.00,0.0688,0.0625,4,0,6,225,0.112500,0.1719,2,0.0000,0,0.0000,0,0.0000,0,0.2656,2,0.0000,0,0.0000,0,0.1875,2,0.0000,0,0.0625,2
10433225.0,328.257350,124.080817,452.338167,352,53,0.00,0.0672,0.0625,4,0,6,226,0.113000,0.1719,2,0.0469,2,0.0000,0,0.0000,0,0.2656,2,0.0000,0,0.0000,0,0.1875,2,0.0000,0,0.0000,0
10433505.0,328.306917,124.227350,452.534267,353,53,0.00,0.0672,0.0625,4,0,6,227,0.113500,0.1719,2,0.0000,0,0.0469,2,0.0000,0,0.2656,2,0.0000,0,0.0000,0,0.1875,2,0.0000,0,0.0000,0
10433553.0,328.317125,124.258150,452.575275,354,53,0.00,0.0734,0.0750,5,0,5,228,0.114000,0.1719,2,0.0000,0,0.0469,2,0.0625,2,0.2656,2,0.0000,0,0.0000,0,0.1875,2,0.0000,0,0.0000,0
10433611.0,328.330901,124.303433,452.634334,355,53,0.00,0.0719,0.0750,4,1,5,228,0.114000,0.1719,2,0.0000,0,0.0469,2,0.0000,1,0.3125,2,0.0000,0,0.0000,0,0.1875,2,0.0000,0,0.0000,0
10433709.0,328.352435,124.375533,452.727968,356,53,0.00,0.0891,0.0875,5,0,5,229,0.114500,0.1719,2,0.0000,0,0.0469,2,0.0000,0,0.3125,2,0.1719,2,0.0000,0,0.1875,2,0.0000,0,0.0000,0
10433799.0,328.375259,124.449483,452.824742,357,53,0.00,0.1016,0.0875,6,0,4,230,0.115000,0.1719,2,0.0000,0,0.0469,2,0.0000,0,0.2656,2,0.1719,2,0.1719,2,0.1875,2,0.0000,0,0.0000,0
10433959.0,328.421675,124.597483,453.019159,358,53,0.00,0.1078,0.1000,6,0,4,230,0.115000,0.1719,2,0.0000,0,0.0469,2,0.0000,0,0.2656,2,0.1719,2,0.1719,2,0.2500,2,0.0000,0,0.0000,0
10434155.0,328.476667,124.777925,453.254592,359,53,0.00,0.0766,0.0750,5,1,4,231,0.115500,0.1719,2,0.0000,0,0.0469,2,0.0000,0,0.2656,2,0.0000,1,0.0000,0,0.1875,2,0.0938,2,0.0000,0
10434472.0,328.542564,124.989800,453.532364,360,53,0.00,0.0641,0.0750,5,0,5,232,0.116000,0.0000,0,0.0000,0,0.0469,2,0.0000,0,0.2656,2,0.0000,0,0.0000,0,0.1875,2,0.0938,2,0.0469,2
10434545.0,328.559882,125.046983,453.606865,361,53,0.00,0.0813,0.0875,6,0,4,233,0.116500,0.1719,2,0.0000,0,0.0469,2,0.0000,0,0.2656,2,0.0000,0,0.0000,0,0.1875,2,0.0938,2,0.0469,2
10434573.0,328.568063,125.072883,453.640946,362,53,0.00,0.0984,0.1000,7,0,3,234,0.117000,0.1719,2,0.1719,2,0.0469,2,0.0000,0,0.2656,2,0.0000,0,0.0000,0,0.1875,2,0.0938,2,0.0469,2
10434999.0,328.679858,125.435958,454.115817,363,53,0.00,0.0641,0.0750,4,0,6,234,0.117000,0.0000,0,0.0000,0,0.0938,2,0.0000,0,0.2656,2,0.0000,0,0.0000,0,0.1875,2,0.0938,2,0.0000,0
10435326.0,328.745702,125.670308,454.416010,364,53,0.00,0.0891,0.0750,5,0,5,235,0.117500,0.0000,0,0.0000,0,0.0938,2,0.2500,2,0.2656,2,0.0000,0,0.0000,0,0.1875,2,0.0938,2,0.0000,0
10435374.0,328.757693,125.707908,454.465602,365,54,0.00,0.1063,0.0875,5,0,5,235,0.117500,0.0000,0,0.0000,0,0.0938,2,0.2500,2,0.4375,2,0.0000,0,0.0000,0,0.1875,2,0.0938,2,0.0000,0
10435598.0,328.817149,125.900175,454.717324,366,54,0.00,0.1188,0.1000,6,0,4,236,0.118000,0.0000,0,0.0000,0,0.0938,2,0.2500,2,0.4375,2,0.1250,2,0.0000,0,0.1875,2,0.0938,2,0.0000,0
10435669.0,328.839195,125.971175,454.810370,367,54,0.00,0.1328,0.1125,7,0,3,237,0.118500,0.0000,0,0.0000,0,0.0938,2,0.2500,2,0.4375,2,0.1250,2,0.1406,2,0.1875,2,0.0938,2,0.0000,0
10436334.0,329.068597,126.730383,455.798981,368,55,0.00,0.1469,0.1250,7,0,3,237,0.118500,0.0000,0,0.0000,0,0.0938,2,0.2500,2,0.4375,2,0.1250,2,0.1406,2,0.3281,2,0.0938,2,0.0000,0
10436385.0,329.086748,126.792433,455.879182,369,55,0.00,0.1641,0.1375,7,0,3,237,0.118500,0.0000,0,0.0000,0,0.0938,2,0.2500,2,0.4375,2,0.1250,2,0.1406,2,0.3281,2,0.2656,2,0.0000,0
10436392.0,329.089833,126.801475,455.891308,370,55,0.00,0.1703,0.1500,8,0,2,238,0.119000,0.0000,0,0.0000,0,0.0938,2,0.2500,2,0.4375,2,0.1250,2,0.1406,2,0.3281,2,0.2656,2,0.0625,2
10436392.0,329.090333,126.801475,455.891808,371,55,0.00,0.1828,0.1500,9,0,1,239,0.119500,0.1250,2,0.0000,0,0.0938,2,0.2500,2,0.4375,2,0.1250,2,0.1406,2,0.3281,2,0.2656,2,0.0625,2
10436424.0,329.105072,126.849475,455.954547,372,55,0.00,0.2000,0.1625,10,0,0,240,0.120000,0.1250,2,0.1719,2,0.0938,2,0.2500,2,0.4375,2,0.1250,2,0.1406,2,0.3281,2,0.2656,2,0.0625,2
10436454.0,329.119640,126.896700,456.016340,373,55,0.00,0.2000,0.1625,10,0,0,240,0.120000,0.1250,2,0.1719,2,0.0938,2,0.2500,2,0.4375,2,0.1250,2,0.1406,2,0.3281,2,0.2656,2,0.0625,2
10436461.0,329.123063,126.908192,456.031254,374,55,0.00,0.2063,0.1750,10,0,0,240,0.120000,0.1250,2,0.1719,2,0.0938,2,0.3125,2,0.4375,2,0.1250,2,0.1406,2,0.3281,2,0.2656,2,0.0625,2
10436556.0,329.166509,127.053342,456.219851,375,55,0.00,0.1906,0.1625,9,0,1,240,0.120000,0.1250,2,0.0000,0,0.0469,2,0.3125,2,0.5000,2,0.1250,2,0.1406,2,0.3281,2,0.2656,2,0.0625,2
10436721.0,329.239674,127.306167,456.545841,376,55,0.00,0.1781,0.1625,9,0,1,240,0.120000,0.1250,2,0.0000,0,0.0469,2,0.3125,2,0.5000,2,0.1719,2,0.1406,2,0.3281,2,0.0938,2,0.0625,2
10437388.0,329.508733,128.237725,457.746458,377,55,0.00,0.1375,0.1375,7,0,3,240,0.120000,0.0000,0,0.0000,0,0.0469,2,0.3125,2,0.3281,2,0.0000,0,0.2031,2,0.3281,2,0.0938,2,0.0625,2
10437520.0,329.554684,128.406875,457.961559,378,55,0.00,0.1375,0.1375,6,1,3,240,0.120000,0.0000,0,0.0000,0,0.0000,1,0.3125,2,0.3281,2,0.0000,0,0.2031,2,0.3750,2,0.0938,2,0.0625,2
10437771.0,329.633512,128.694000,458.327512,379,55,0.00,0.1297,0.1250,6,0,4,240,0.120000,0.0000,0,0.0000,0,0.0000,0,0.2500,2,0.2656,2,0.0000,0,0.2031,2,0.3750,2,0.1406,2,0.0625,2
10437793.0,329.640376,128.719300,458.359676,380,55,0.00,0.1422,0.1375,6,0,4,240,0.120000,0.0000,0,0.0000,0,0.0000,0,0.2500,2,0.2656,2,0.0000,0,0.2031,2,0.3750,2,0.1406,2,0.1875,2
10438117.0,329.733591,129.053275,458.786866,381,55,0.00,0.1375,0.1125,6,0,4,241,0.120500,0.1875,2,0.0000,0,0.0000,0,0.2500,2,0.2656,2,0.0000,0,0.2031,2,0.3750,2,0.0938,2,0.0000,0
10438120.0,329.735046,129.056500,458.791546,382,55,0.00,0.1422,0.1250,7,0,3,242,0.121000,0.1875,2,0.0469,2,0.0000,0,0.2500,2,0.2656,2,0.0000,0,0.2031,2,0.3750,2,0.0938,2,0.0000,0
10438490.0,329.859170,129.477075,459.336245,383,55,0.00,0.1422,0.1250,7,0,3,243,0.121500,0.1875,2,0.0000,0,0.0469,2,0.2500,2,0.2656,2,0.0000,0,0.2031,2,0.3750,2,0.0938,2,0.0000,0
10438646.0,329.912098,129.656692,459.568790,384,55,0.00,0.1547,0.1250,6,0,4,243,0.121500,0.1875,2,0.0000,0,0.0000,0,0.4219,2,0.2656,2,0.0000,0,0.2031,2,0.3750,2,0.0938,2,0.0000,0
10438828.0,329.972417,129.865992,459.838409,385,56,0.00,0.1688,0.1375,6,0,4,243,0.121500,0.1875,2,0.0000,0,0.0000,0,0.4219,2,0.4063,2,0.0000,0,0.2031,2,0.3750,2,0.0938,2,0.0000,0
10438984.0,330.026325,130.057092,460.083417,386,56,0.00,0.1828,0.1500,7,0,3,244,0.122000,0.1875,2,0.0000,0,0.0000,0,0.4219,2,0.4063,2,0.1406,2,0.2031,2,0.3750,2,0.0938,2,0.0000,0
10439238.0,330.123824,130.404225,460.528049,387,56,0.00,0.1875,0.1625,7,0,3,244,0.122000,0.1875,2,0.0000,0,0.0000,0,0.4219,2,0.4063,2,0.1406,2,0.2500,2,0.3750,2,0.0938,2,0.0000,0
10439500.0,330.224627,130.776992,461.001619,388,56,0.00,0.1906,0.1625,7,0,3,244,0.122000,0.1875,2,0.0000,0,0.0000,0,0.4219,2,0.4063,2,0.1406,2,0.1094,2,0.5469,2,0.0938,2,0.0000,0
10439612.0,330.267404,130.933433,461.200837,389,56,0.00,0.1797,0.1625,7,0,3,244,0.122000,0.1875,2,0.0000,0,0.0000,0,0.4219,2,0.4063,2,0.1406,2,0.1094,2,0.3750,2,0.1563,2,0.0000,0
10439715.0,330.306933,131.077950,461.384883,390,56,0.00,0.1781,0.1625,8,0,2,245,0.122500,0.1875,2,0.0000,0,0.0000,0,0.4219,2,0.4063,2,0.1406,2,0.1094,2,0.3750,2,0.0938,2,0.0469,2
10439780.0,330.333633,131.175992,461.509624,391,56,0.00,0.1828,0.1750,8,0,2,245,0.122500,0.2344,2,0.0000,0,0.0000,0,0.4219,2,0.4063,2,0.1406,2,0.1094,2,0.3750,2,0.0938,2,0.0469,2
10462043.0,335.147577,147.032625,482.180202,392,56,0.00,0.0688,0.0625,4,0,6,246,0.123000,0.0000,0,0.1406,2,0.0000,0,0.0000,0,0.2656,2,0.0000,0,0.0000,0,0.1875,2,0.0938,2,0.0000,0
10462484.0,335.227315,147.278642,482.505956,393,56,0.00,0.0609,0.0625,4,0,6,247,0.123500,0.0000,0,0.0000,0,0.0625,2,0.0000,0,0.2656,2,0.0000,0,0.0000,0,0.1875,2,0.0938,2,0.0000,0
10462683.0,335.262842,147.387650,482.650492,394,56,0.00,0.0734,0.0500,4,0,6,248,0.124000,0.0000,0,0.0000,0,0.0000,0,0.1875,2,0.2656,2,0.0000,0,0.0000,0,0.1875,2,0.0938,2,0.0000,0
10462689.0,335.264085,147.391050,482.655135,395,57,0.00,0.0922,0.0500,4,0,6,248,0.124000,0.0000,0,0.0000,0,0.0000,0,0.1875,2,0.4531,2,0.0000,0,0.0000,0,0.1875,2,0.0938,2,0.0000,0
10462806.0,335.289229,147.456083,482.745312,396,57,0.00,0.0922,0.0500,4,0,6,249,0.124500,0.0000,0,0.0000,0,0.0000,0,0.0000,0,0.4531,2,0.1875,2,0.0000,0,0.1875,2,0.0938,2,0.0000,0
10463316.0,335.397190,147.739883,483.137074,397,57,0.00,0.0672,0.0625,4,0,6,250,0.125000,0.0000,0,0.0000,0,0.0000,0,0.0000,0,0.2656,2,0.0000,0,0.1250,2,0.1875,2,0.0938,2,0.0000,0
10463316.0,335.397190,147.739883,483.137074,398,58,0.00,0.0797,0.0750,4,0,6,250,0.125000,0.0000,0,0.0000,0,0.0000,0,0.0000,0,0.2656,2,0.0000,0,0.1250,2,0.3125,2,0.0938,2,0.0000,0
10463437.0,335.422840,147.826600,483.249440,399,58,0.00,0.0984,0.0875,4,0,6,250,0.125000,0.0000,0,0.0000,0,0.0000,0,0.0000,0,0.2656,2,0.0000,0,0.1250,2,0.3125,2,0.2813,2,0.0000,0
10463704.0,335.483832,148.037975,483.521807,400,58,0.00,0.1031,0.1000,5,0,5,251,0.125500,0.0000,0,0.0000,0,0.0000,0,0.0000,0,0.2656,2,0.0000,0,0.1250,2,0.3125,2,0.2813,2,0.0469,2
10463934.0,335.540408,148.234683,483.775092,401,58,0.00,0.1234,0.0875,4,0,6,252,0.126000,0.3750,2,0.0000,0,0.0000,0,0.0000,0,0.2656,2,0.0000,0,0.0000,0,0.3125,2,0.2813,2,0.0000,0
10464624.0,335.669978,148.663083,484.333061,402,58,0.00,0.0781,0.0750,4,0,6,253,0.126500,0.0000,0,0.0469,2,0.0000,0,0.0000,0,0.2656,2,0.0000,0,0.0000,0,0.1875,2,0.2813,2,0.0000,0
10464849.0,335.715465,148.812450,484.527915,403,58,0.00,0.0797,0.0750,4,0,6,254,0.127000,0.0000,0,0.0000,0,0.0625,2,0.0000,0,0.2656,2,0.0000,0,0.0000,0,0.1875,2,0.2813,2,0.0000,0
10464987.0,335.743549,148.903008,484.646558,404,58,0.00,0.0797,0.0750,4,0,6,255,0.127500,0.0000,0,0.0000,0,0.0000,0,0.0625,2,0.2656,2,0.0000,0,0.0000,0,0.1875,2,0.2813,2,0.0000,0
10605761.0,352.563535,196.894158,549.457693,405,58,0.00,0.0391,0.0375,2,0,8,255,0.127500,0.0000,0,0.0000,0,0.0000,0,0.0000,0,0.2031,2,0.0000,0,0.0000,0,0.1875,2,0.0000,0,0.0000,0
10606214.0,352.618064,197.056483,549.674548,406,58,0.00,0.0563,0.0500,3,0,7,256,0.128000,0.0000,0,0.0000,0,0.0000,0,0.0000,0,0.2031,2,0.1719,2,0.0000,0,0.1875,2,0.0000,0,0.0000,0
10606251.0,352.624603,197.074983,549.699586,407,58,0.00,0.0734,0.0625,4,0,6,257,0.128500,0.0000,0,0.0000,0,0.0000,0,0.0000,0,0.2031,2,0.1719,2,0.1719,2,0.1875,2,0.0000,0,0.0000,0
10606253.0,352.625017,197.076267,549.701284,408,59,0.00,0.0906,0.0750,4,0,6,257,0.128500,0.0000,0,0.0000,0,0.0000,0,0.0000,0,0.2031,2,0.1719,2,0.1719,2,0.3594,2,0.0000,0,0.0000,0
10606258.0,352.626619,197.079850,549.706469,409,59,0.00,0.1078,0.0875,5,0,5,258,0.129000,0.0000,0,0.0000,0,0.0000,0,0.0000,0,0.2031,2,0.1719,2,0.1719,2,0.3594,2,0.1719,2,0.0000,0
10606419.0,352.669689,197.218042,549.887731,410,59,0.00,0.1203,0.1000,6,0,4,259,0.129500,0.0000,0,0.0000,0,0.0000,0,0.0000,0,0.2031,2,0.1719,2,0.1719,2,0.3594,2,0.1719,2,0.1250,2
10606788.0,352.782619,197.587042,550.369661,411,59,0.00,0.1250,0.1125,7,0,3,260,0.130000,0.0469,2,0.0000,0,0.0000,0,0.0000,0,0.2031,2,0.1719,2,0.1719,2,0.3594,2,0.1719,2,0.1250,2
10607376.0,352.951404,198.130467,551.081871,412,59,0.00,0.0922,0.0875,6,0,4,261,0.130500,0.0000,0,0.0625,2,0.0000,0,0.0000,0,0.2031,2,0.0000,0,0.1719,2,0.1875,2,0.1719,2,0.1250,2
10607398.0,352.958126,198.150817,551.108943,413,59,0.00,0.0969,0.1000,7,0,3,262,0.131000,0.0000,0,0.0625,2,0.0469,2,0.0000,0,0.2031,2,0.0000,0,0.1719,2,0.1875,2,0.1719,2,0.1250,2
10607576.0,353.011387,198.323500,551.334887,414,59,0.00,0.0906,0.0875,6,1,3,263,0.131500,0.0000,0,0.0000,0,0.0000,1,0.0469,2,0.2031,2,0.0000,0,0.1719,2,0.1875,2,0.1719,2,0.1250,2
10607608.0,353.020887,198.354167,551.375053,415,59,0.00,0.1078,0.1000,6,0,4,263,0.131500,0.0000,0,0.0000,0,0.0000,0,0.0469,2,0.3750,2,0.0000,0,0.1719,2,0.1875,2,0.1719,2,0.1250,2
10607623.0,353.025811,198.369167,551.394978,416,59,0.00,0.1250,0.1125,7,0,3,264,0.132000,0.0000,0,0.0000,0,0.0000,0,0.0469,2,0.3750,2,0.1719,2,0.1719,2,0.1875,2,0.1719,2,0.1250,2
10607663.0,353.039367,198.414833,551.454200,417,59,0.00,0.1297,0.1250,7,0,3,264,0.132000,0.0000,0,0.0000,0,0.0000,0,0.0469,2,0.3750,2,0.1719,2,0.2188,2,0.1875,2,0.1719,2,0.1250,2
10607957.0,353.118554,198.666675,551.785229,418,59,0.00,0.0719,0.0750,5,0,5,264,0.132000,0.0000,0,0.0000,0,0.0000,0,0.0000,0,0.0156,2,0.1719,2,0.1719,2,0.2344,2,0.0000,0,0.1250,2
10608029.0,353.136031,198.722100,551.858131,419,59,0.00,0.0719,0.0750,6,0,4,265,0.132500,0.0000,0,0.0000,0,0.0000,0,0.0000,0,0.0156,2,0.1719,2,0.1719,2,0.1875,2,0.0469,2,0.1250,2
10608060.0,353.144309,198.748450,551.892759,420,60,0.00,0.0906,0.0750,6,0,4,265,0.132500,0.0000,0,0.0000,0,0.0000,0,0.0000,0,0.0156,2,0.1719,2,0.1719,2,0.1875,2,0.0469,2,0.3125,2
10608064.0,353.145935,198.751850,551.897785,421,60,0.00,0.1188,0.0875,7,0,3,266,0.133000,0.2813,2,0.0000,0,0.0000,0,0.0000,0,0.0156,2,0.1719,2,0.1719,2,0.1875,2,0.0469,2,0.3125,2
10608152.0,353.174694,198.832617,552.007311,422,60,0.00,0.1328,0.0750,7,0,3,267,0.133500,0.2813,2,0.1875,2,0.0000,0,0.0000,0,0.0156,2,0.1719,2,0.1719,2,0.1875,2,0.0000,0,0.3125,2
10608654.0,353.338127,199.258800,552.596927,423,60,0.00,0.1656,0.0625,7,0,3,268,0.134000,0.2813,2,0.1875,2,0.5000,2,0.0000,0,0.0156,2,0.0000,0,0.1719,2,0.1875,2,0.0000,0,0.3125,2
10608655.0,353.338997,199.259642,552.598639,424,60,0.00,0.2156,0.0625,8,0,2,269,0.134500,0.2813,2,0.1875,2,0.5000,2,0.5000,2,0.0156,2,0.0000,0,0.1719,2,0.1875,2,0.0000,0,0.3125,2
10608731.0,353.372432,199.328675,552.701107,425,60,0.00,0.2219,0.0750,8,0,2,269,0.134500,0.2813,2,0.1875,2,0.5000,2,0.5000,2,0.0781,2,0.0000,0,0.1719,2,0.1875,2,0.0000,0,0.3125,2
10608824.0,353.413170,199.420125,552.833295,426,60,0.00,0.1391,0.0875,7,2,1,270,0.135000,0.2813,2,0.1875,2,0.0000,1,0.0000,1,0.0781,2,0.1719,2,0.1719,2,0.1875,2,0.0000,0,0.3125,2
10608911.0,353.443925,199.508467,552.952392,427,61,0.00,0.1375,0.1000,7,0,3,270,0.135000,0.2813,2,0.1875,2,0.0000,0,0.0000,0,0.0781,2,0.1719,2,0.3438,2,0.1875,2,0.0000,0,0.1250,2
10608922.0,353.447760,199.520200,552.967960,428,61,0.00,0.1422,0.1125,7,0,3,270,0.135000,0.2813,2,0.1875,2,0.0000,0,0.0000,0,0.0781,2,0.1719,2,0.3438,2,0.2344,2,0.0000,0,0.1250,2
10609035.0,353.486989,199.645825,553.132814,429,61,0.00,0.1328,0.1000,7,0,3,271,0.135500,0.0000,0,0.1875,2,0.0000,0,0.0000,0,0.0781,2,0.1719,2,0.3438,2,0.2344,2,0.1875,2,0.1250,2
10609680.0,353.614675,200.004800,553.619475,430,61,0.00,0.0438,0.0500,3,0,7,272,0.136000,0.0000,0,0.0000,0,0.0000,0,0.0000,0,0.0781,2,0.0000,0,0.0000,0,0.1875,2,0.0000,0,0.1719,2
10609831.0,353.638349,200.080300,553.718649,431,61,0.00,0.0938,0.0500,4,0,6,273,0.136500,0.5000,2,0.0000,0,0.0000,0,0.0000,0,0.0781,2,0.0000,0,0.0000,0,0.1875,2,0.0000,0,0.1719,2
10609831.0,353.638849,200.080300,553.719149,432,61,0.00,0.1438,0.0500,5,0,5,274,0.137000,0.5000,2,0.5000,2,0.0000,0,0.0000,0,0.0781,2,0.0000,0,0.0000,0,0.1875,2,0.0000,0,0.1719,2
10609833.0,353.639934,200.081567,553.721500,433,61,0.00,0.1938,0.0500,6,0,4,275,0.137500,0.5000,2,0.5000,2,0.5000,2,0.0000,0,0.0781,2,0.0000,0,0.0000,0,0.1875,2,0.0000,0,0.1719,2
10610123.0,353.720330,200.263900,553.984230,434,61,0.00,0.0688,0.0500,4,0,6,276,0.138000,0.0000,0,0.0000,0,0.0000,0,0.2500,2,0.0781,2,0.0000,0,0.0000,0,0.1875,2,0.0000,0,0.1719,2
10610472.0,353.791341,200.461667,554.253008,435,61,0.00,0.0734,0.0625,4,0,6,276,0.138000,0.0000,0,0.0000,0,0.0000,0,0.2500,2,0.1250,2,0.0000,0,0.0000,0,0.1875,2,0.0000,0,0.1719,2
10610584.0,353.814929,200.531283,554.346213,436,61,0.00,0.0734,0.0625,5,0,5,277,0.138500,0.0000,0,0.0000,0,0.0000,0,0.2500,2,0.0781,2,0.0469,2,0.0000,0,0.1875,2,0.0000,0,0.1719,2
10610643.0,353.829452,200.573075,554.402527,437,61,0.00,0.0781,0.0750,6,0,4,278,0.139000,0.0000,0,0.0000,0,0.0000,0,0.2500,2,0.0781,2,0.0469,2,0.0469,2,0.1875,2,0.0000,0,0.1719,2
10610689.0,353.841958,200.612175,554.454133,438,62,0.00,0.1063,0.0875,6,0,4,278,0.139000,0.0000,0,0.0000,0,0.0000,0,0.2500,2,0.0781,2,0.0469,2,0.0469,2,0.4688,2,0.0000,0,0.1719,2
10610690.0,353.842752,200.613100,554.455852,439,62,0.00,0.1344,0.1000,7,0,3,279,0.139500,0.0000,0,0.0000,0,0.0000,0,0.2500,2,0.0781,2,0.0469,2,0.0469,2,0.4688,2,0.2813,2,0.1719,2
10610791.0,353.877162,200.716742,554.593904,440,63,0.00,0.1531,0.0875,6,0,4,279,0.139500,0.0000,0,0.0000,0,0.0000,0,0.2500,2,0.0781,2,0.0000,0,0.0469,2,0.4688,2,0.2813,2,0.4063,2
10610840.0,353.893842,200.762067,554.655909,441,63,0.00,0.1703,0.1000,7,0,3,280,0.140000,0.1719,2,0.0000,0,0.0000,0,0.2500,2,0.0781,2,0.0000,0,0.0469,2,0.4688,2,0.2813,2,0.4063,2
10610930.0,353.928014,200.858067,554.786081,442,63,0.00,0.1719,0.1125,8,0,2,281,0.140500,0.1719,2,0.0156,2,0.0000,0,0.2500,2,0.0781,2,0.0000,0,0.0469,2,0.4688,2,0.2813,2,0.4063,2
10611007.0,353.958240,200.942000,554.900240,443,63,0.00,0.1719,0.1000,7,1,2,282,0.141000,0.1719,2,0.0000,1,0.0625,2,0.2500,2,0.0781,2,0.0000,0,0.0000,0,0.4688,2,0.2813,2,0.4063,2
10611220.0,354.038678,201.170267,555.208945,444,63,0.00,0.1766,0.1125,7,0,3,282,0.141000,0.1719,2,0.0000,0,0.0625,2,0.2969,2,0.0781,2,0.0000,0,0.0000,0,0.4688,2,0.2813,2,0.4063,2
10611619.0,354.181248,201.597433,555.778681,445,63,0.00,0.1516,0.1125,6,0,4,282,0.141000,0.1719,2,0.0000,0,0.0625,2,0.0000,0,0.1250,2,0.0000,0,0.0000,0,0.4688,2,0.2813,2,0.4063,2
10611842.0,354.252867,201.816758,556.069626,446,63,0.00,0.1516,0.1000,7,0,3,283,0.141500,0.1719,2,0.0000,0,0.0625,2,0.0000,0,0.0781,2,0.2188,2,0.0000,0,0.4688,2,0.2813,2,0.2344,2
10616771.0,355.250410,205.068483,560.318893,447,63,0.00,0.0297,0.0500,3,0,7,284,0.142000,0.0000,0,0.0000,0,0.0000,0,0.0000,0,0.0781,2,0.0000,0,0.0313,2,0.1875,2,0.0000,0,0.0000,0
10617324.0,355.329232,205.344983,560.674215,448,63,0.00,0.0359,0.0625,3,0,7,284,0.142000,0.0000,0,0.0000,0,0.0000,0,0.0000,0,0.0781,2,0.0000,0,0.0313,2,0.2500,2,0.0000,0,0.0000,0
10617651.0,355.377536,205.526933,560.904470,449,63,0.00,0.0578,0.0625,4,0,6,285,0.142500,0.0000,0,0.0000,0,0.0000,0,0.0000,0,0.0781,2,0.0000,0,0.0313,2,0.1875,2,0.2813,2,0.0000,0
10617680.0,355.383690,205.545542,560.929232,450,63,0.00,0.0641,0.0750,5,0,5,286,0.143000,0.0000,0,0.0000,0,0.0000,0,0.0000,0,0.0781,2,0.0000,0,0.0313,2,0.1875,2,0.2813,2,0.0625,2
10617694.0,355.387416,205.556508,560.943924,451,63,0.00,0.0703,0.0875,6,0,4,287,0.143500,0.0625,2,0.0000,0,0.0000,0,0.0000,0,0.0781,2,0.0000,0,0.0313,2,0.1875,2,0.2813,2,0.0625,2
10617708.0,355.391637,205.569458,560.961095,452,63,0.00,0.0766,0.1000,7,0,3,288,0.144000,0.0625,2,0.0625,2,0.0000,0,0.0000,0,0.0781,2,0.0000,0,0.0313,2,0.1875,2,0.2813,2,0.0625,2
10618001.0,355.469476,205.834992,561.304468,453,63,0.00,0.0703,0.0875,6,0,4,289,0.144500,0.0000,0,0.0625,2,0.0625,2,0.0000,0,0.0781,2,0.0000,0,0.0313,2,0.1875,2,0.2813,2,0.0000,0
10618278.0,355.536025,206.070267,561.606292,454,63,0.00,0.0469,0.0875,6,0,4,290,0.145000,0.0000,0,0.0625,2,0.0625,2,0.0469,2,0.0781,2,0.0000,0,0.0313,2,0.1875,2,0.0000,0,0.0000,0
10619240.0,355.728833,206.771308,562.500141,455,63,0.00,0.0406,0.0750,4,0,6,290,0.145000,0.0000,0,0.0625,2,0.0000,0,0.0000,0,0.1250,2,0.0000,0,0.0313,2,0.1875,2,0.0000,0,0.0000,0
10619379.0,355.754575,206.870925,562.625500,456,63,0.00,0.0656,0.0875,5,0,5,291,0.145500,0.0000,0,0.0625,2,0.0000,0,0.0000,0,0.1250,2,0.2500,2,0.0313,2,0.1875,2,0.0000,0,0.0000,0
10619480.0,355.777627,206.950642,562.728269,457,63,0.00,0.0781,0.0875,5,0,5,291,0.145500,0.0000,0,0.0625,2,0.0000,0,0.0000,0,0.0781,2,0.2500,2,0.2031,2,0.1875,2,0.0000,0,0.0000,0
10619521.0,355.787522,206.985833,562.773355,458,63,0.00,0.0844,0.1000,5,0,5,291,0.145500,0.0000,0,0.0625,2,0.0000,0,0.0000,0,0.0781,2,0.2500,2,0.2031,2,0.2500,2,0.0000,0,0.0000,0
10619523.0,355.788514,206.987700,562.776214,459,63,0.00,0.0906,0.1125,6,0,4,292,0.146000,0.0000,0,0.0625,2,0.0000,0,0.0000,0,0.0781,2,0.2500,2,0.2031,2,0.2500,2,0.0625,2,0.0000,0
10619649.0,355.824024,207.115875,562.939899,460,63,0.00,0.1016,0.1125,7,0,3,293,0.146500,0.0000,0,0.0625,2,0.0000,0,0.0000,0,0.0781,2,0.2500,2,0.2031,2,0.1875,2,0.0625,2,0.1719,2
10619925.0,355.904499,207.402517,563.307015,461,63,0.00,0.0906,0.1125,7,0,3,294,0.147000,0.0625,2,0.0625,2,0.0000,0,0.0000,0,0.0781,2,0.2500,2,0.2031,2,0.1875,2,0.0625,2,0.0000,0
10620055.0,355.942985,207.540892,563.483877,462,63,0.00,0.0891,0.1125,6,0,4,294,0.147000,0.0000,0,0.1094,2,0.0000,0,0.0000,0,0.0781,2,0.2500,2,0.2031,2,0.1875,2,0.0625,2,0.0000,0
10620914.0,356.173302,208.384167,564.557468,463,63,0.00,0.0656,0.0875,6,0,4,295,0.147500,0.0000,0,0.0625,2,0.2344,2,0.0000,0,0.0781,2,0.0000,0,0.0313,2,0.1875,2,0.0625,2,0.0000,0
10620936.0,356.179569,208.404517,564.584086,464,63,0.00,0.0844,0.1000,7,0,3,296,0.148000,0.0000,0,0.0625,2,0.2344,2,0.1875,2,0.0781,2,0.0000,0,0.0313,2,0.1875,2,0.0625,2,0.0000,0
10620997.0,356.198314,208.469583,564.667897,465,63,0.00,0.1031,0.1125,7,0,3,296,0.148000,0.0000,0,0.0625,2,0.2344,2,0.1875,2,0.2656,2,0.0000,0,0.0313,2,0.1875,2,0.0625,2,0.0000,0
10621013.0,356.203964,208.487850,564.691814,466,63,0.00,0.1078,0.1250,8,0,2,297,0.148500,0.0000,0,0.0625,2,0.2344,2,0.1875,2,0.2656,2,0.0469,2,0.0313,2,0.1875,2,0.0625,2,0.0000,0
10621070.0,356.224260,208.561000,564.785260,467,63,0.00,0.1313,0.1250,8,0,2,297,0.148500,0.0000,0,0.0625,2,0.2344,2,0.1875,2,0.2656,2,0.0469,2,0.2656,2,0.1875,2,0.0625,2,0.0000,0
10621072.0,356.225009,208.563567,564.788576,468,64,0.00,0.1547,0.1250,8,0,2,297,0.148500,0.0000,0,0.0625,2,0.2344,2,0.1875,2,0.2656,2,0.0469,2,0.2656,2,0.4219,2,0.0625,2,0.0000,0
10621075.0,356.226186,208.567417,564.793603,469,64,0.00,0.1594,0.1375,8,0,2,297,0.148500,0.0000,0,0.0625,2,0.2344,2,0.1875,2,0.2656,2,0.0469,2,0.2656,2,0.4219,2,0.1094,2,0.0000,0
10621079.0,356.228271,208.572850,564.801121,470,64,0.00,0.1656,0.1500,9,0,1,298,0.149000,0.0000,0,0.0625,2,0.2344,2,0.1875,2,0.2656,2,0.0469,2,0.2656,2,0.4219,2,0.1094,2,0.0625,2
10621163.0,356.263172,208.689375,564.952547,471,64,0.00,0.1844,0.1375,9,0,1,299,0.149500,0.2344,2,0.0625,2,0.2344,2,0.1875,2,0.2656,2,0.0000,0,0.2656,2,0.4219,2,0.1094,2,0.0625,2
10621473.0,356.390776,209.071750,565.462526,472,64,0.00,0.1828,0.1250,8,0,2,299,0.149500,0.2344,2,0.1563,2,0.2344,2,0.1875,2,0.2656,2,0.0000,0,0.2656,2,0.4219,2,0.0625,2,0.0000,0
10621534.0,356.416055,209.150033,565.566089,473,64,0.00,0.1875,0.1375,8,0,2,299,0.149500,0.2344,2,0.1563,2,0.2813,2,0.1875,2,0.2656,2,0.0000,0,0.2656,2,0.4219,2,0.0625,2,0.0000,0
10621540.0,356.418564,209.158183,565.576747,474,65,0.00,0.2125,0.1500,8,0,2,299,0.149500,0.2344,2,0.1563,2,0.2813,2,0.4375,2,0.2656,2,0.0000,0,0.2656,2,0.4219,2,0.0625,2,0.0000,0
10621911.0,356.579313,209.653725,566.233038,475,66,0.00,0.2281,0.1250,8,0,2,299,0.149500,0.2344,2,0.1563,2,0.2344,2,0.4375,2,0.5000,2,0.0000,0,0.2344,2,0.4219,2,0.0625,2,0.0000,0
10622088.0,356.655391,209.870000,566.525391,476,66,0.00,0.1813,0.1125,9,0,1,300,0.150000,0.2344,2,0.0625,2,0.2344,2,0.2500,2,0.2656,2,0.0469,2,0.2344,2,0.4219,2,0.0625,2,0.0000,0
10622215.0,356.711748,210.031925,566.743673,477,66,0.00,0.1859,0.1250,9,0,1,300,0.150000,0.2344,2,0.0625,2,0.2344,2,0.2500,2,0.2656,2,0.0469,2,0.2813,2,0.4219,2,0.0625,2,0.0000,0
10622339.0,356.763088,210.178958,566.942046,478,67,0.00,0.1891,0.1125,7,0,3,300,0.150000,0.2344,2,0.0000,0,0.2344,2,0.2500,2,0.2656,2,0.0000,0,0.2813,2,0.5625,2,0.0625,2,0.0000,0
10622381.0,356.778903,210.226908,567.005812,479,67,0.00,0.1891,0.1125,6,1,3,300,0.150000,0.0000,1,0.0000,0,0.2344,2,0.2500,2,0.2656,2,0.0000,0,0.2813,2,0.5625,2,0.2969,2,0.0000,0
10622536.0,356.834979,210.393667,567.228646,480,67,0.00,0.1938,0.1250,7,0,3,301,0.150500,0.0000,0,0.0000,0,0.2344,2,0.2500,2,0.2656,2,0.0000,0,0.2813,2,0.5625,2,0.2969,2,0.0469,2
10622843.0,356.936888,210.704292,567.641180,481,67,0.00,0.1609,0.1000,6,0,4,302,0.151000,0.0625,2,0.0000,0,0.2344,2,0.2500,2,0.2656,2,0.0000,0,0.2344,2,0.5625,2,0.0000,0,0.0000,0
10622994.0,356.985719,210.843833,567.829552,482,67,0.00,0.1594,0.1000,6,0,4,303,0.151500,0.0000,0,0.0469,2,0.2344,2,0.2500,2,0.2656,2,0.0000,0,0.2344,2,0.5625,2,0.0000,0,0.0000,0
10623089.0,357.017489,210.937558,567.955047,483,67,0.00,0.1594,0.1000,5,1,4,303,0.151500,0.0000,0,0.0000,1,0.2813,2,0.2500,2,0.2656,2,0.0000,0,0.2344,2,0.5625,2,0.0000,0,0.0000,0
10623164.0,357.040724,211.008425,568.049149,484,67,0.00,0.1719,0.1125,5,0,5,303,0.151500,0.0000,0,0.0000,0,0.2813,2,0.3750,2,0.2656,2,0.0000,0,0.2344,2,0.5625,2,0.0000,0,0.0000,0
10623875.0,357.208651,211.554458,568.763109,485,68,0.00,0.1203,0.0875,3,0,7,303,0.151500,0.0000,0,0.0000,0,0.0000,0,0.1250,2,0.5156,2,0.0000,0,0.0000,0,0.5625,2,0.0000,0,0.0000,0
10623916.0,357.217885,211.584183,568.802068,486,68,0.00,0.1250,0.1000,4,0,6,304,0.152000,0.0000,0,0.0000,0,0.0000,0,0.1250,2,0.5156,2,0.0469,2,0.0000,0,0.5625,2,0.0000,0,0.0000,0
10623951.0,357.227038,211.614517,568.841554,487,68,0.00,0.1297,0.1125,5,0,5,305,0.152500,0.0000,0,0.0000,0,0.0000,0,0.1250,2,0.5156,2,0.0469,2,0.0469,2,0.5625,2,0.0000,0,0.0000,0
10623981.0,357.235480,211.644767,568.880247,488,68,0.00,0.1344,0.1250,5,0,5,305,0.152500,0.0000,0,0.0000,0,0.0000,0,0.1250,2,0.5156,2,0.0469,2,0.0469,2,0.6094,2,0.0000,0,0.0000,0
10623984.0,357.236835,211.648017,568.884852,489,68,0.00,0.1391,0.1375,6,0,4,306,0.153000,0.0000,0,0.0000,0,0.0000,0,0.1250,2,0.5156,2,0.0469,2,0.0469,2,0.6094,2,0.0469,2,0.0000,0
10624068.0,357.262296,211.740225,569.002521,490,68,0.00,0.1531,0.1250,5,1,4,307,0.153500,0.0000,0,0.0000,0,0.0000,0,0.1250,2,0.5156,2,0.0000,0,0.0469,2,0.6094,2,0.0000,1,0.2344,2
10624182.0,357.296806,211.855017,569.151823,491,68,0.00,0.1484,0.1125,5,1,4,308,0.154000,0.0469,2,0.0000,0,0.0000,0,0.1250,2,0.5156,2,0.0000,0,0.0000,1,0.5625,2,0.0000,0,0.2344,2
10624232.0,357.312033,211.904358,569.216391,492,68,0.00,0.1406,0.1125,5,1,4,309,0.154500,0.0469,2,0.0469,2,0.0000,0,0.0000,1,0.5156,2,0.0000,0,0.0000,0,0.5625,2,0.0000,0,0.2344,2
10624269.0,357.323658,211.942533,569.266191,493,68,0.00,0.1453,0.1250,6,0,4,310,0.155000,0.0469,2,0.0469,2,0.0469,2,0.0000,0,0.5156,2,0.0000,0,0.0000,0,0.5625,2,0.0000,0,0.2344,2
10624621.0,357.411794,212.232350,569.644144,494,68,0.00,0.1359,0.1000,4,0,6,311,0.155500,0.0000,0,0.0000,0,0.0000,0,0.0469,2,0.5156,2,0.0000,0,0.0000,0,0.5625,2,0.0000,0,0.2344,2
10624837.0,357.462474,212.415033,569.877507,495,68,0.00,0.1125,0.1000,3,0,7,311,0.155500,0.0000,0,0.0000,0,0.0000,0,0.0000,0,0.5625,2,0.0000,0,0.0000,0,0.3281,2,0.0000,0,0.2344,2
10625058.0,357.508453,212.586583,570.095037,496,68,0.00,0.1125,0.1000,4,0,6,312,0.156000,0.0000,0,0.0000,0,0.0000,0,0.0000,0,0.5156,2,0.0469,2,0.0000,0,0.3281,2,0.0000,0,0.2344,2
10625248.0,357.550857,212.736108,570.286965,497,68,0.00,0.1141,0.1000,4,0,6,313,0.156500,0.0000,0,0.0000,0,0.0000,0,0.0000,0,0.5156,2,0.0000,0,0.0625,2,0.3281,2,0.0000,0,0.2344,2
10625532.0,357.618652,212.982242,570.600894,498,68,0.00,0.1188,0.1125,4,0,6,313,0.156500,0.0000,0,0.0000,0,0.0000,0,0.0000,0,0.5156,2,0.0000,0,0.0625,2,0.3750,2,0.0000,0,0.2344,2
10625567.0,357.627498,213.014675,570.642173,499,68,0.00,0.0984,0.1125,5,0,5,314,0.157000,0.0000,0,0.0000,0,0.0000,0,0.0000,0,0.2656,2,0.0000,0,0.0625,2,0.3750,2,0.0469,2,0.2344,2
10625608.0,357.638040,213.056017,570.694057,500,68,0.00,0.1156,0.1250,5,0,5,314,0.157000,0.0000,0,0.0000,0,0.0000,0,0.0000,0,0.2656,2,0.0000,0,0.0625,2,0.3750,2,0.0469,2,0.4063,2
10625887.0,357.711184,213.328308,571.039492,501,68,0.00,0.1109,0.1125,5,0,5,315,0.157500,0.0469,2,0.0000,0,0.0000,0,0.0000,0,0.2656,2,0.0000,0,0.0625,2,0.3281,2,0.0000,0,0.4063,2
10625979.0,357.736233,213.421075,571.157308,502,68,0.00,0.1156,0.1250,6,0,4,316,0.158000,0.0469,2,0.0469,2,0.0000,0,0.0000,0,0.2656,2,0.0000,0,0.0625,2,0.3281,2,0.0000,0,0.4063,2
10626014.0,357.747270,213.461325,571.208595,503,68,0.00,0.1203,0.1375,7,0,3,317,0.158500,0.0469,2,0.0469,2,0.0469,2,0.0000,0,0.2656,2,0.0000,0,0.0625,2,0.3281,2,0.0000,0,0.4063,2
10626024.0,357.751122,213.474242,571.225364,504,68,0.00,0.1266,0.1500,8,0,2,318,0.159000,0.0469,2,0.0469,2,0.0469,2,0.0625,2,0.2656,2,0.0000,0,0.0625,2,0.3281,2,0.0000,0,0.4063,2
10626288.0,357.829148,213.764167,571.593314,505,68,0.00,0.1109,0.1125,4,0,6,318,0.159000,0.0000,0,0.0000,0,0.0000,0,0.0000,0,0.3125,2,0.0000,0,0.0625,2,0.3281,2,0.0000,0,0.4063,2
10626406.0,357.857529,213.875283,571.732813,506,68,0.00,0.1156,0.1250,5,0,5,319,0.159500,0.0000,0,0.0000,0,0.0000,0,0.0000,0,0.3125,2,0.0469,2,0.0625,2,0.3281,2,0.0000,0,0.4063,2
10626422.0,357.861857,213.892617,571.754474,507,68,0.00,0.1328,0.1375,5,0,5,319,0.159500,0.0000,0,0.0000,0,0.0000,0,0.0000,0,0.3125,2,0.0469,2,0.2344,2,0.3281,2,0.0000,0,0.4063,2
10626535.0,357.893634,214.017358,571.910992,508,68,0.00,0.1406,0.1375,5,0,5,319,0.159500,0.0000,0,0.0000,0,0.0000,0,0.0000,0,0.2656,2,0.0469,2,0.2344,2,0.4531,2,0.0000,0,0.4063,2
10626709.0,357.939805,214.194825,572.134630,509,68,0.00,0.1375,0.1250,5,0,5,320,0.160000,0.0000,0,0.0000,0,0.0000,0,0.0000,0,0.2656,2,0.0000,0,0.2344,2,0.3281,2,0.1406,2,0.4063,2
10626716.0,357.941817,214.202408,572.144226,510,68,0.00,0.1422,0.1375,5,0,5,320,0.160000,0.0000,0,0.0000,0,0.0000,0,0.0000,0,0.2656,2,0.0000,0,0.2344,2,0.3281,2,0.1406,2,0.4531,2
10626940.0,358.006199,214.438400,572.444599,511,68,0.00,0.1438,0.1250,6,0,4,321,0.160500,0.1250,2,0.0000,0,0.0000,0,0.0000,0,0.2656,2,0.0000,0,0.1719,2,0.3281,2,0.1406,2,0.4063,2
10626997.0,358.025106,214.503950,572.529056,512,68,0.00,0.1484,0.1375,7,0,3,322,0.161000,0.1250,2,0.0469,2,0.0000,0,0.0000,0,0.2656,2,0.0000,0,0.1719,2,0.3281,2,0.1406,2,0.4063,2
10627009.0,358.029891,214.519450,572.549341,513,68,0.00,0.1531,0.1500,8,0,2,323,0.161500,0.1250,2,0.0469,2,0.0469,2,0.0000,0,0.2656,2,0.0000,0,0.1719,2,0.3281,2,0.1406,2,0.4063,2
10627217.0,358.104487,214.783758,572.888245,514,68,0.00,0.1484,0.1375,7,0,3,324,0.162000,0.1250,2,0.0000,0,0.0000,0,0.0469,2,0.2656,2,0.0000,0,0.1719,2,0.3281,2,0.1406,2,0.4063,2
10627477.0,358.194014,215.104025,573.298039,515,69,0.00,0.1688,0.1375,6,0,4,324,0.162000,0.1250,2,0.0000,0,0.0000,0,0.0000,0,0.5156,2,0.0000,0,0.1719,2,0.3281,2,0.1406,2,0.4063,2
10627637.0,358.247450,215.292450,573.539900,516,69,0.00,0.1500,0.1375,7,0,3,325,0.162500,0.1250,2,0.0000,0,0.0000,0,0.0000,0,0.5156,2,0.0469,2,0.1719,2,0.3281,2,0.1406,2,0.1719,2
10627657.0,358.254617,215.318283,573.572900,517,69,0.00,0.1688,0.1500,7,0,3,325,0.162500,0.1250,2,0.0000,0,0.0000,0,0.0000,0,0.5156,2,0.0469,2,0.3594,2,0.3281,2,0.1406,2,0.1719,2
10627857.0,358.327714,215.582425,573.910139,518,69,0.00,0.1500,0.1375,6,0,4,325,0.162500,0.1250,2,0.0000,0,0.0000,0,0.0000,0,0.5156,2,0.0000,0,0.1719,2,0.3750,2,0.1406,2,0.1719,2
10628078.0,358.399898,215.847900,574.247798,519,69,0.00,0.1500,0.1375,6,0,4,325,0.162500,0.1250,2,0.0000,0,0.0000,0,0.0000,0,0.5156,2,0.0000,0,0.1719,2,0.3281,2,0.1875,2,0.1719,2
10628141.0,358.420548,215.925075,574.345623,520,69,0.00,0.1547,0.1500,6,0,4,325,0.162500,0.1250,2,0.0000,0,0.0000,0,0.0000,0,0.5156,2,0.0000,0,0.1719,2,0.3281,2,0.1875,2,0.2188,2
10628171.0,358.430462,215.963475,574.393937,521,69,0.00,0.1547,0.1500,6,0,4,325,0.162500,0.1719,2,0.0000,0,0.0000,0,0.0000,0,0.5156,2,0.0000,0,0.1719,2,0.3281,2,0.1406,2,0.2188,2
10628219.0,358.446848,216.025425,574.472273,522,69,0.00,0.1625,0.1500,7,0,3,326,0.163000,0.1719,2,0.1250,2,0.0000,0,0.0000,0,0.5156,2,0.0000,0,0.1719,2,0.3281,2,0.1406,2,0.1719,2
10628333.0,358.484910,216.158783,574.643694,523,69,0.00,0.1328,0.1250,6,0,4,327,0.163500,0.1250,2,0.0000,0,0.0469,2,0.0000,0,0.5156,2,0.0000,0,0.0000,0,0.3281,2,0.1406,2,0.1719,2
10628449.0,358.521882,216.292183,574.814065,524,69,0.00,0.1375,0.1375,7,0,3,328,0.164000,0.1250,2,0.0000,0,0.0469,2,0.0469,2,0.5156,2,0.0000,0,0.0000,0,0.3281,2,0.1406,2,0.1719,2
10628579.0,358.566992,216.457550,575.024542,525,70,0.00,0.1453,0.1250,5,2,3,328,0.164000,0.0000,1,0.0000,0,0.0000,1,0.0469,2,0.7656,2,0.0000,0,0.0000,0,0.3281,2,0.1406,2,0.1719,2
10628816.0,358.633856,216.697633,575.331489,526,70,0.00,0.1453,0.1250,5,0,5,329,0.164500,0.0000,0,0.0000,0,0.0000,0,0.0000,0,0.7656,2,0.0469,2,0.0000,0,0.3281,2,0.1406,2,0.1719,2
10629037.0,358.696152,216.922475,575.618627,527,70,0.00,0.1594,0.1250,5,0,5,330,0.165000,0.0000,0,0.0000,0,0.0000,0,0.0000,0,0.7656,2,0.0000,0,0.1875,2,0.3281,2,0.1406,2,0.1719,2
10629105.0,358.716859,216.996142,575.713000,528,71,0.00,0.1766,0.1375,5,0,5,330,0.165000,0.0000,0,0.0000,0,0.0000,0,0.0000,0,0.7656,2,0.0000,0,0.1875,2,0.5000,2,0.1406,2,0.1719,2
10629108.0,358.717812,216.999617,575.717429,529,72,0.00,0.1828,0.1500,5,0,5,330,0.165000,0.0000,0,0.0000,0,0.0000,0,0.0000,0,0.7656,2,0.0000,0,0.1875,2,0.5000,2,0.2031,2,0.1719,2
10629109.0,358.718135,217.000850,575.718985,530,72,0.00,0.1875,0.1625,5,0,5,330,0.165000,0.0000,0,0.0000,0,0.0000,0,0.0000,0,0.7656,2,0.0000,0,0.1875,2,0.5000,2,0.2031,2,0.2188,2
10629464.0,358.833748,217.451358,576.285107,531,72,0.00,0.1688,0.1500,5,1,4,331,0.165500,0.0469,2,0.0000,0,0.0000,0,0.0000,0,0.7656,2,0.0000,0,0.0000,1,0.5000,2,0.2031,2,0.1719,2
10629645.0,358.891377,217.675900,576.567277,532,72,0.00,0.1766,0.1500,5,1,4,332,0.166000,0.0000,1,0.1250,2,0.0000,0,0.0000,0,0.7656,2,0.0000,0,0.0000,0,0.5000,2,0.2031,2,0.1719,2
10629692.0,358.907642,217.735667,576.643309,533,72,0.00,0.1813,0.1625,6,0,4,333,0.166500,0.0000,0,0.1250,2,0.0469,2,0.0000,0,0.7656,2,0.0000,0,0.0000,0,0.5000,2,0.2031,2,0.1719,2
10630406.0,359.113773,218.540592,577.654365,534,72,0.00,0.1516,0.1375,5,0,5,334,0.167000,0.0000,0,0.0000,0,0.0000,0,0.0469,2,0.7656,2,0.0000,0,0.0000,0,0.3281,2,0.2031,2,0.1719,2
10634435.0,359.974520,221.680883,581.655403,535,73,0.00,0.0813,0.0625,2,0,8,334,0.167000,0.0000,0,0.0000,0,0.0000,0,0.0000,0,0.6250,2,0.0000,0,0.0000,0,0.1875,2,0.0000,0,0.0000,0
10634499.0,359.984753,221.713417,581.698170,536,73,0.00,0.1063,0.0750,3,0,7,335,0.167500,0.0000,0,0.0000,0,0.0000,0,0.0000,0,0.6250,2,0.2500,2,0.0000,0,0.1875,2,0.0000,0,0.0000,0
10634588.0,360.003239,221.771267,581.774506,537,73,0.00,0.1125,0.0875,4,0,6,336,0.168000,0.0000,0,0.0000,0,0.0000,0,0.0000,0,0.6250,2,0.2500,2,0.0625,2,0.1875,2,0.0000,0,0.0000,0
10634702.0,360.030314,221.861517,581.891831,538,73,0.00,0.1172,0.1000,4,0,6,336,0.168000,0.0000,0,0.0000,0,0.0000,0,0.0000,0,0.6250,2,0.2500,2,0.0625,2,0.2344,2,0.0000,0,0.0000,0
10635133.0,360.133876,222.217125,582.351001,539,73,0.00,0.1313,0.1000,5,0,5,337,0.168500,0.0000,0,0.0000,0,0.0000,0,0.0000,0,0.6250,2,0.2500,2,0.0625,2,0.1875,2,0.1875,2,0.0000,0
10635301.0,360.181860,222.373925,582.555785,540,73,0.00,0.1359,0.1125,6,0,4,338,0.169000,0.0000,0,0.0000,0,0.0000,0,0.0000,0,0.6250,2,0.2500,2,0.0625,2,0.1875,2,0.1875,2,0.0469,2
10635708.0,360.289668,222.731017,583.020684,541,73,0.00,0.1188,0.1000,5,0,5,339,0.169500,0.0625,2,0.0000,0,0.0000,0,0.0000,0,0.6250,2,0.2500,2,0.0625,2,0.1875,2,0.0000,0,0.0000,0
10636450.0,360.489289,223.413367,583.902655,542,73,0.00,0.0984,0.1000,5,0,5,340,0.170000,0.0625,2,0.0469,2,0.0000,0,0.0000,0,0.6250,2,0.0000,0,0.0625,2,0.1875,2,0.0000,0,0.0000,0
10636604.0,360.527736,223.548475,584.076211,543,73,0.00,0.0984,0.1000,5,0,5,341,0.170500,0.0625,2,0.0000,0,0.0469,2,0.0000,0,0.6250,2,0.0000,0,0.0625,2,0.1875,2,0.0000,0,0.0000,0
10636619.0,360.532093,223.562475,584.094568,544,73,0.00,0.1031,0.1125,6,0,4,342,0.171000,0.0625,2,0.0000,0,0.0469,2,0.0469,2,0.6250,2,0.0000,0,0.0625,2,0.1875,2,0.0000,0,0.0000,0
10636821.0,360.586514,223.757700,584.344214,545,73,0.00,0.1063,0.1000,4,0,6,342,0.171000,0.0625,2,0.0000,0,0.0000,0,0.0000,0,0.7500,2,0.0000,0,0.0625,2,0.1875,2,0.0000,0,0.0000,0
10636834.0,360.590038,223.768967,584.359005,546,73,0.00,0.1188,0.1125,5,0,5,343,0.171500,0.0625,2,0.0000,0,0.0000,0,0.0000,0,0.7500,2,0.1250,2,0.0625,2,0.1875,2,0.0000,0,0.0000,0
10637322.0,360.716244,224.235267,584.951511,547,73,0.00,0.1109,0.1125,4,0,6,343,0.171500,0.0625,2,0.0000,0,0.0000,0,0.0000,0,0.7500,2,0.0000,0,0.1094,2,0.1875,2,0.0000,0,0.0000,0
10637407.0,360.736259,224.313883,585.050142,548,74,0.00,0.1234,0.1125,4,0,6,343,0.171500,0.0625,2,0.0000,0,0.0000,0,0.0000,0,0.7500,2,0.0000,0,0.0625,2,0.3594,2,0.0000,0,0.0000,0
10637671.0,360.801705,224.562483,585.364188,549,74,0.00,0.1281,0.1250,5,0,5,344,0.172000,0.0625,2,0.0000,0,0.0000,0,0.0000,0,0.7500,2,0.0000,0,0.0625,2,0.3594,2,0.0469,2,0.0000,0
10637870.0,360.851858,224.747083,585.598941,550,74,0.00,0.1109,0.1125,5,0,5,345,0.172500,0.0625,2,0.0000,0,0.0000,0,0.0000,0,0.7500,2,0.0000,0,0.0625,2,0.1875,2,0.0000,0,0.0469,2
10637935.0,360.869203,224.812625,585.681828,551,74,0.00,0.1156,0.1250,5,0,5,345,0.172500,0.1094,2,0.0000,0,0.0000,0,0.0000,0,0.7500,2,0.0000,0,0.0625,2,0.1875,2,0.0000,0,0.0469,2
10638056.0,360.900236,224.932817,585.833053,552,74,0.00,0.1156,0.1250,5,0,5,346,0.173000,0.1094,2,0.0469,2,0.0000,0,0.0000,0,0.7500,2,0.0000,0,0.0625,2,0.1875,2,0.0000,0,0.0000,0
10638109.0,360.915072,224.990233,585.905305,553,74,0.00,0.1328,0.1375,6,0,4,347,0.173500,0.1094,2,0.0469,2,0.1719,2,0.0000,0,0.7500,2,0.0000,0,0.0625,2,0.1875,2,0.0000,0,0.0000,0
10638114.0,360.917144,224.996358,585.913502,554,74,0.00,0.1453,0.1500,7,0,3,348,0.174000,0.1094,2,0.0469,2,0.1719,2,0.1250,2,0.7500,2,0.0000,0,0.0625,2,0.1875,2,0.0000,0,0.0000,0
10638115.0,360.917498,224.997725,585.915223,555,74,0.00,0.1516,0.1625,7,0,3,348,0.174000,0.1094,2,0.0469,2,0.1719,2,0.1250,2,0.8125,2,0.0000,0,0.0625,2,0.1875,2,0.0000,0,0.0000,0
10638273.0,360.970016,225.206417,586.176432,556,74,0.00,0.1344,0.1500,6,0,4,349,0.174500,0.1094,2,0.0000,0,0.0000,0,0.1250,2,0.8125,2,0.0469,2,0.0625,2,0.1875,2,0.0000,0,0.0000,0
10638595.0,361.064933,225.589733,586.654666,557,74,0.00,0.1156,0.1250,4,0,6,349,0.174500,0.1094,2,0.0000,0,0.0000,0,0.0000,0,0.7500,2,0.0000,0,0.1094,2,0.1875,2,0.0000,0,0.0000,0
10638652.0,361.078609,225.647683,586.726292,558,75,0.00,0.1328,0.1375,4,0,6,349,0.174500,0.1094,2,0.0000,0,0.0000,0,0.0000,0,0.7500,2,0.0000,0,0.1094,2,0.3594,2,0.0000,0,0.0000,0
10638729.0,361.098076,225.725292,586.823367,559,75,0.00,0.1156,0.1250,5,0,5,350,0.175000,0.1094,2,0.0000,0,0.0000,0,0.0000,0,0.7500,2,0.0000,0,0.0625,2,0.1875,2,0.0469,2,0.0000,0
10638744.0,361.102633,225.741542,586.844174,560,75,0.00,0.1281,0.1375,6,0,4,351,0.175500,0.1094,2,0.0000,0,0.0000,0,0.0000,0,0.7500,2,0.0000,0,0.0625,2,0.1875,2,0.0469,2,0.1250,2
10638906.0,361.150439,225.927683,587.078122,561,76,0.00,0.1406,0.1375,5,0,5,351,0.175500,0.2813,2,0.0000,0,0.0000,0,0.0000,0,0.7500,2,0.0000,0,0.0625,2,0.1875,2,0.0000,0,0.1250,2
10639074.0,361.196214,226.108983,587.305197,562,76,0.00,0.1328,0.1375,5,0,5,352,0.176000,0.2813,2,0.0469,2,0.0000,0,0.0000,0,0.7500,2,0.0000,0,0.0625,2,0.1875,2,0.0000,0,0.0000,0
10639297.0,361.256518,226.351017,587.607535,563,76,0.00,0.1328,0.1375,5,0,5,353,0.176500,0.2813,2,0.0000,0,0.0469,2,0.0000,0,0.7500,2,0.0000,0,0.0625,2,0.1875,2,0.0000,0,0.0000,0
10639399.0,361.285828,226.466775,587.752603,564,76,0.00,0.1328,0.1375,5,0,5,354,0.177000,0.2813,2,0.0000,0,0.0000,0,0.0469,2,0.7500,2,0.0000,0,0.0625,2,0.1875,2,0.0000,0,0.0000,0
10639496.0,361.313256,226.576958,587.890214,565,76,0.00,0.1328,0.1375,4,1,5,354,0.177000,0.2813,2,0.0000,0,0.0000,0,0.0000,1,0.7969,2,0.0000,0,0.0625,2,0.1875,2,0.0000,0,0.0000,0
10639679.0,361.360140,226.776800,588.136940,566,76,0.00,0.1391,0.1500,5,0,5,355,0.177500,0.2813,2,0.0000,0,0.0000,0,0.0000,0,0.7969,2,0.0625,2,0.0625,2,0.1875,2,0.0000,0,0.0000,0
10639890.0,361.420450,227.024508,588.444958,567,76,0.00,0.1391,0.1500,5,0,5,355,0.177500,0.2813,2,0.0000,0,0.0000,0,0.0000,0,0.7500,2,0.0625,2,0.1094,2,0.1875,2,0.0000,0,0.0000,0
10639932.0,361.432576,227.076308,588.508884,568,76,0.00,0.1438,0.1625,5,0,5,355,0.177500,0.2813,2,0.0000,0,0.0000,0,0.0000,0,0.7500,2,0.0625,2,0.1094,2,0.2344,2,0.0000,0,0.0000,0
10639998.0,361.451944,227.161008,588.612952,569,76,0.00,0.1313,0.1625,6,0,4,356,0.178000,0.2813,2,0.0000,0,0.0000,0,0.0000,0,0.5000,2,0.0625,2,0.1094,2,0.2344,2,0.1250,2,0.0000,0
10640082.0,361.478483,227.271783,588.750266,570,76,0.00,0.1391,0.1500,6,0,4,357,0.178500,0.2813,2,0.0000,0,0.0000,0,0.0000,0,0.5000,2,0.0625,2,0.0000,0,0.2344,2,0.1250,2,0.1875,2
10640985.0,361.705519,228.165875,589.871394,571,76,0.00,0.0969,0.1000,3,0,7,357,0.178500,0.2813,2,0.0000,0,0.0000,0,0.0000,0,0.5000,2,0.0000,0,0.0000,0,0.1875,2,0.0000,0,0.0000,0
10641008.0,361.710499,228.184275,589.894774,572,76,0.00,0.1094,0.1125,4,0,6,358,0.179000,0.2813,2,0.1250,2,0.0000,0,0.0000,0,0.5000,2,0.0000,0,0.0000,0,0.1875,2,0.0000,0,0.0000,0
10641174.0,361.748529,228.323042,590.071571,573,76,0.00,0.1094,0.1000,5,0,5,359,0.179500,0.2344,2,0.1250,2,0.1719,2,0.0000,0,0.3750,2,0.0000,0,0.0000,0,0.1875,2,0.0000,0,0.0000,0
10641229.0,361.763639,228.374375,590.138014,574,76,0.00,0.1266,0.1125,6,0,4,360,0.180000,0.2344,2,0.1250,2,0.1719,2,0.1719,2,0.3750,2,0.0000,0,0.0000,0,0.1875,2,0.0000,0,0.0000,0
10641293.0,361.783196,228.441750,590.224946,575,76,0.00,0.1141,0.1125,5,1,4,360,0.180000,0.2344,2,0.1250,2,0.0000,1,0.1719,2,0.4219,2,0.0000,0,0.0000,0,0.1875,2,0.0000,0,0.0000,0
10641464.0,361.823367,228.586492,590.409859,576,76,0.00,0.0969,0.1000,5,0,5,361,0.180500,0.2344,2,0.1250,2,0.0000,0,0.0000,0,0.3750,2,0.0469,2,0.0000,0,0.1875,2,0.0000,0,0.0000,0
10641548.0,361.845363,228.664892,590.510255,577,76,0.00,0.1016,0.1125,6,0,4,362,0.181000,0.2344,2,0.1250,2,0.0000,0,0.0000,0,0.3750,2,0.0469,2,0.0469,2,0.1875,2,0.0000,0,0.0000,0
10641879.0,361.923110,228.941417,590.864527,578,76,0.00,0.0969,0.1000,4,0,6,362,0.181000,0.2344,2,0.1250,2,0.0000,0,0.0000,0,0.3750,2,0.0000,0,0.0000,0,0.2344,2,0.0000,0,0.0000,0
10641958.0,361.941413,229.009883,590.951296,579,76,0.00,0.1016,0.1125,5,0,5,363,0.181500,0.2344,2,0.1250,2,0.0000,0,0.0000,0,0.3750,2,0.0000,0,0.0000,0,0.2344,2,0.0469,2,0.0000,0
10642072.0,361.971181,229.118233,591.089414,580,76,0.00,0.0969,0.1000,5,1,4,364,0.182000,0.2344,2,0.1250,2,0.0000,0,0.0000,0,0.3750,2,0.0000,0,0.0000,0,0.1875,2,0.0000,1,0.0469,2
10642124.0,361.984824,229.167500,591.152324,581,76,0.00,0.1094,0.1125,5,0,5,364,0.182000,0.3594,2,0.1250,2,0.0000,0,0.0000,0,0.3750,2,0.0000,0,0.0000,0,0.1875,2,0.0000,0,0.0469,2
10642305.0,362.029762,229.333067,591.362829,582,76,0.00,0.0922,0.1000,4,0,6,364,0.182000,0.1875,2,0.1719,2,0.0000,0,0.0000,0,0.3750,2,0.0000,0,0.0000,0,0.1875,2,0.0000,0,0.0000,0
10642400.0,362.051276,229.414425,591.465701,583,76,0.00,0.1000,0.1000,5,0,5,365,0.182500,0.1875,2,0.1250,2,0.1250,2,0.0000,0,0.3750,2,0.0000,0,0.0000,0,0.1875,2,0.0000,0,0.0000,0
10642530.0,362.085360,229.535758,591.621118,584,76,0.00,0.1047,0.1125,6,0,4,366,0.183000,0.1875,2,0.1250,2,0.1250,2,0.0469,2,0.3750,2,0.0000,0,0.0000,0,0.1875,2,0.0000,0,0.0000,0
10642628.0,362.113756,229.639008,591.752764,585,77,0.00,0.1172,0.1000,5,1,4,366,0.183000,0.1875,2,0.1250,2,0.0000,1,0.0469,2,0.6250,2,0.0000,0,0.0000,0,0.1875,2,0.0000,0,0.0000,0
10642768.0,362.148689,229.752825,591.901514,586,77,0.00,0.1172,0.1000,5,0,5,367,0.183500,0.1875,2,0.1250,2,0.0000,0,0.0000,0,0.6250,2,0.0469,2,0.0000,0,0.1875,2,0.0000,0,0.0000,0
10642876.0,362.176268,229.842450,592.018718,587,77,0.00,0.1172,0.1000,5,0,5,368,0.184000,0.1875,2,0.1250,2,0.0000,0,0.0000,0,0.6250,2,0.0000,0,0.0469,2,0.1875,2,0.0000,0,0.0000,0
10642988.0,362.205598,229.940625,592.146223,588,77,0.00,0.1172,0.1000,4,0,6,368,0.184000,0.1875,2,0.1250,2,0.0000,0,0.0000,0,0.6250,2,0.0000,0,0.0000,0,0.2344,2,0.0000,0,0.0000,0
10643160.0,362.247218,230.082342,592.329559,589,77,0.00,0.1250,0.1000,5,0,5,369,0.184500,0.1875,2,0.1250,2,0.0000,0,0.0000,0,0.6250,2,0.0000,0,0.0000,0,0.1875,2,0.1250,2,0.0000,0
10643184.0,362.254384,230.104742,592.359126,590,77,0.00,0.1297,0.1125,6,0,4,370,0.185000,0.1875,2,0.1250,2,0.0000,0,0.0000,0,0.6250,2,0.0000,0,0.0000,0,0.1875,2,0.1250,2,0.0469,2
10643268.0,362.280590,230.195042,592.475632,591,77,0.00,0.1359,0.1250,6,0,4,370,0.185000,0.2500,2,0.1250,2,0.0000,0,0.0000,0,0.6250,2,0.0000,0,0.0000,0,0.1875,2,0.1250,2,0.0469,2
10643384.0,362.317344,230.328442,592.645786,592,77,0.00,0.1422,0.1375,6,0,4,370,0.185000,0.2500,2,0.1875,2,0.0000,0,0.0000,0,0.6250,2,0.0000,0,0.0000,0,0.1875,2,0.1250,2,0.0469,2
10643423.0,362.330310,230.374567,592.704877,593,77,0.00,0.1422,0.1375,6,1,3,371,0.185500,0.2500,2,0.1875,2,0.0469,2,0.0000,0,0.6250,2,0.0000,0,0.0000,0,0.1875,2,0.1250,2,0.0000,1
10643478.0,362.348087,230.437375,592.785462,594,77,0.00,0.1234,0.1250,6,1,3,372,0.186000,0.1250,2,0.1875,2,0.0469,2,0.0625,2,0.6250,2,0.0000,0,0.0000,0,0.1875,2,0.0000,1,0.0000,0
10643478.0,362.348087,230.437375,592.785462,595,77,0.00,0.1297,0.1375,6,1,3,372,0.186000,0.1250,2,0.1875,2,0.0469,2,0.0625,2,0.6875,2,0.0000,0,0.0000,0,0.1875,2,0.0000,1,0.0000,0
10643599.0,362.381855,230.555925,592.937780,596,77,0.00,0.1125,0.1000,5,0,5,373,0.186500,0.1250,2,0.1250,2,0.0000,0,0.0000,0,0.6250,2,0.0625,2,0.0000,0,0.1875,2,0.0000,0,0.0000,0
10643661.0,362.398974,230.613792,593.012766,597,77,0.00,0.1172,0.1125,6,0,4,374,0.187000,0.1250,2,0.1250,2,0.0000,0,0.0000,0,0.6250,2,0.0625,2,0.0469,2,0.1875,2,0.0000,0,0.0000,0
10644001.0,362.483370,230.901267,593.384637,598,77,0.00,0.1109,0.1000,4,0,6,374,0.187000,0.1250,2,0.1250,2,0.0000,0,0.0000,0,0.6250,2,0.0000,0,0.0000,0,0.2344,2,0.0000,0,0.0000,0
10644275.0,362.546743,231.105808,593.652552,599,77,0.00,0.1125,0.0875,5,0,5,375,0.187500,0.0625,2,0.1250,2,0.0000,0,0.0000,0,0.6250,2,0.0000,0,0.0000,0,0.1875,2,0.1250,2,0.0000,0
10644279.0,362.548315,231.109242,593.657557,600,77,0.00,0.1406,0.1000,6,0,4,376,0.188000,0.0625,2,0.1250,2,0.0000,0,0.0000,0,0.6250,2,0.0000,0,0.0000,0,0.1875,2,0.1250,2,0.2813,2
10644349.0,362.570749,231.179242,593.749991,601,77,0.00,0.1594,0.1000,6,0,4,376,0.188000,0.2500,2,0.1250,2,0.0000,0,0.0000,0,0.6250,2,0.0000,0,0.0000,0,0.1875,2,0.1250,2,0.2813,2
10644350.0,362.571085,231.180242,593.751326,602,78,0.00,0.1781,0.1000,6,0,4,376,0.188000,0.2500,2,0.3125,2,0.0000,0,0.0000,0,0.6250,2,0.0000,0,0.0000,0,0.1875,2,0.1250,2,0.2813,2
10644355.0,362.573333,231.185242,593.758574,603,78,0.00,0.1969,0.1000,7,0,3,377,0.188500,0.2500,2,0.3125,2,0.1875,2,0.0000,0,0.6250,2,0.0000,0,0.0000,0,0.1875,2,0.1250,2,0.2813,2
10644680.0,362.702140,231.531908,594.234048,604,78,0.00,0.2016,0.1125,8,0,2,378,0.189000,0.2500,2,0.3125,2,0.1875,2,0.0469,2,0.6250,2,0.0000,0,0.0000,0,0.1875,2,0.1250,2,0.2813,2
10644683.0,362.703427,231.535533,594.238960,605,79,0.00,0.2203,0.1125,8,0,2,378,0.189000,0.2500,2,0.3125,2,0.1875,2,0.0469,2,0.8125,2,0.0000,0,0.0000,0,0.1875,2,0.1250,2,0.2813,2
10645428.0,362.933800,232.230875,595.164675,606,79,0.00,0.1156,0.1000,6,0,4,379,0.189500,0.0625,2,0.1250,2,0.0000,0,0.0000,0,0.3750,2,0.1250,2,0.0000,0,0.1875,2,0.0000,0,0.2813,2
10645640.0,362.993721,232.426175,595.419896,607,79,0.00,0.1078,0.1000,6,0,4,380,0.190000,0.0625,2,0.1250,2,0.0000,0,0.0000,0,0.3750,2,0.0000,0,0.0469,2,0.1875,2,0.0000,0,0.2813,2
10646016.0,363.096110,232.763675,595.859785,608,80,0.00,0.1203,0.0875,4,0,6,380,0.190000,0.0000,0,0.1250,2,0.0000,0,0.0000,0,0.3750,2,0.0000,0,0.0000,0,0.4219,2,0.0000,0,0.2813,2
10646050.0,363.104891,232.790592,595.895483,609,80,0.00,0.1250,0.1000,5,0,5,381,0.190500,0.0000,0,0.1250,2,0.0000,0,0.0000,0,0.3750,2,0.0000,0,0.0000,0,0.4219,2,0.0469,2,0.2813,2
10646071.0,363.110725,232.810192,595.920916,610,80,0.00,0.1297,0.1125,5,0,5,381,0.190500,0.0000,0,0.1250,2,0.0000,0,0.0000,0,0.3750,2,0.0000,0,0.0000,0,0.4219,2,0.0469,2,0.3281,2
10646471.0,363.212216,233.148975,596.361191,611,80,0.00,0.1250,0.1000,5,0,5,382,0.191000,0.0469,2,0.1250,2,0.0000,0,0.0000,0,0.3750,2,0.0000,0,0.0000,0,0.4219,2,0.0000,0,0.2813,2
10646508.0,363.222494,233.183508,596.406002,612,80,0.00,0.1297,0.1125,5,0,5,382,0.191000,0.0469,2,0.1719,2,0.0000,0,0.0000,0,0.3750,2,0.0000,0,0.0000,0,0.4219,2,0.0000,0,0.2813,2
10646512.0,363.224120,233.187542,596.411661,613,80,0.00,0.1344,0.1250,6,0,4,383,0.191500,0.0469,2,0.1719,2,0.0469,2,0.0000,0,0.3750,2,0.0000,0,0.0000,0,0.4219,2,0.0000,0,0.2813,2
10646562.0,363.240401,233.245042,596.485443,614,80,0.00,0.1469,0.1375,7,0,3,384,0.192000,0.0469,2,0.1719,2,0.0469,2,0.1250,2,0.3750,2,0.0000,0,0.0000,0,0.4219,2,0.0000,0,0.2813,2
10646569.0,363.242892,233.254083,596.496976,615,80,0.00,0.1594,0.1500,7,0,3,384,0.192000,0.0469,2,0.1719,2,0.0469,2,0.1250,2,0.5000,2,0.0000,0,0.0000,0,0.4219,2,0.0000,0,0.2813,2
10646759.0,363.305224,233.469617,596.774841,616,80,0.00,0.1453,0.1125,6,0,4,385,0.192500,0.0000,0,0.1250,2,0.0000,0,0.1250,2,0.3750,2,0.1250,2,0.0000,0,0.4219,2,0.0000,0,0.2813,2
10646777.0,363.311559,233.488967,596.800525,617,80,0.00,0.1578,0.1125,7,0,3,386,0.193000,0.0000,0,0.1250,2,0.0000,0,0.1250,2,0.3750,2,0.1250,2,0.1250,2,0.4219,2,0.0000,0,0.2813,2
10647070.0,363.418331,233.823475,597.241806,618,80,0.00,0.1641,0.1250,7,0,3,386,0.193000,0.0000,0,0.1250,2,0.0000,0,0.1250,2,0.3750,2,0.1250,2,0.1250,2,0.4844,2,0.0000,0,0.2813,2
10647574.0,363.604943,234.436675,598.041618,619,80,0.00,0.1688,0.1375,8,0,2,387,0.193500,0.0000,0,0.1250,2,0.0000,0,0.1250,2,0.3750,2,0.1250,2,0.1250,2,0.4844,2,0.0469,2,0.2813,2
10647629.0,363.627134,234.511383,598.138518,620,81,0.00,0.1938,0.1375,8,0,2,387,0.193500,0.0000,0,0.1250,2,0.0000,0,0.1250,2,0.3750,2,0.1250,2,0.1250,2,0.4844,2,0.0469,2,0.5313,2
10647871.0,363.722634,234.803575,598.526209,621,81,0.00,0.1781,0.1250,8,0,2,388,0.194000,0.0625,2,0.1250,2,0.0000,0,0.1250,2,0.2031,2,0.1250,2,0.1250,2,0.4844,2,0.0000,0,0.5313,2
10648174.0,363.847095,235.192425,599.039520,622,81,0.00,0.1828,0.1375,8,0,2,388,0.194000,0.0625,2,0.1719,2,0.0000,0,0.1250,2,0.2031,2,0.1250,2,0.1250,2,0.4844,2,0.0000,0,0.5313,2
10648541.0,363.994032,235.656433,599.650466,623,81,0.00,0.1531,0.1125,9,0,1,389,0.194500,0.0625,2,0.1250,2,0.0469,2,0.1250,2,0.2031,2,0.1250,2,0.1250,2,0.1875,2,0.0000,0,0.5313,2
10648627.0,364.030314,235.766083,599.796397,624,81,0.00,0.1609,0.1000,8,1,1,389,0.194500,0.0625,2,0.1250,2,0.0000,1,0.2500,2,0.2031,2,0.1250,2,0.1250,2,0.1875,2,0.0000,0,0.5313,2
10648766.0,364.086468,235.925617,600.012085,625,81,0.00,0.1656,0.1125,8,0,2,389,0.194500,0.0625,2,0.1250,2,0.0000,0,0.2500,2,0.2500,2,0.1250,2,0.1250,2,0.1875,2,0.0000,0,0.5313,2
10688894.0,371.222119,257.687225,628.909344,626,81,0.00,0.0438,0.0500,3,0,7,390,0.195000,0.0000,0,0.0000,0,0.0000,0,0.0000,0,0.2031,2,0.0469,2,0.0000,0,0.1875,2,0.0000,0,0.0000,0
10689220.0,371.267651,257.827717,629.095368,627,81,0.00,0.0641,0.0375,3,0,7,391,0.195500,0.0000,0,0.0000,0,0.0000,0,0.0000,0,0.2031,2,0.0000,0,0.2500,2,0.1875,2,0.0000,0,0.0000,0
10689757.0,371.358549,258.055942,629.414491,628,82,0.00,0.0813,0.0500,3,0,7,391,0.195500,0.0000,0,0.0000,0,0.0000,0,0.0000,0,0.2031,2,0.0000,0,0.2500,2,0.3594,2,0.0000,0,0.0000,0
10689883.0,371.382062,258.118942,629.501004,629,82,0.00,0.0859,0.0625,4,0,6,392,0.196000,0.0000,0,0.0000,0,0.0000,0,0.0000,0,0.2031,2,0.0000,0,0.2500,2,0.3594,2,0.0469,2,0.0000,0
10689955.0,371.398174,258.165142,629.563316,630,82,0.00,0.0906,0.0750,5,0,5,393,0.196500,0.0000,0,0.0000,0,0.0000,0,0.0000,0,0.2031,2,0.0000,0,0.2500,2,0.3594,2,0.0469,2,0.0469,2
10689994.0,371.408465,258.195692,629.604157,631,82,0.00,0.1031,0.0875,6,0,4,394,0.197000,0.1250,2,0.0000,0,0.0000,0,0.0000,0,0.2031,2,0.0000,0,0.2500,2,0.3594,2,0.0469,2,0.0469,2
10690004.0,371.411785,258.204417,629.616201,632,82,0.00,0.0922,0.0875,7,0,3,395,0.197500,0.1250,2,0.0625,2,0.0000,0,0.0000,0,0.2031,2,0.0000,0,0.2500,2,0.1875,2,0.0469,2,0.0469,2
10690011.0,371.414478,258.211358,629.625837,633,82,0.00,0.0969,0.1000,8,0,2,396,0.198000,0.1250,2,0.0625,2,0.0469,2,0.0000,0,0.2031,2,0.0000,0,0.2500,2,0.1875,2,0.0469,2,0.0469,2
10690314.0,371.491024,258.427325,629.918349,634,82,0.00,0.0813,0.0625,5,0,5,397,0.198500,0.1250,2,0.0000,0,0.0000,0,0.0469,2,0.2031,2,0.0000,0,0.2500,2,0.1875,2,0.0000,0,0.0000,0
10690695.0,371.576327,258.664067,630.240394,635,82,0.00,0.0813,0.0625,4,0,6,397,0.198500,0.1250,2,0.0000,0,0.0000,0,0.0000,0,0.2500,2,0.0000,0,0.2500,2,0.1875,2,0.0000,0,0.0000,0
10691001.0,371.641423,258.847217,630.488640,636,82,0.00,0.0813,0.0625,5,0,5,398,0.199000,0.1250,2,0.0000,0,0.0000,0,0.0000,0,0.2031,2,0.0469,2,0.2500,2,0.1875,2,0.0000,0,0.0000,0
10691064.0,371.656779,258.891842,630.548621,637,82,0.00,0.0859,0.0750,5,0,5,398,0.199000,0.1250,2,0.0000,0,0.0000,0,0.0000,0,0.2031,2,0.0469,2,0.2969,2,0.1875,2,0.0000,0,0.0000,0
10691284.0,371.706506,259.037158,630.743664,638,82,0.00,0.0813,0.0625,4,0,6,398,0.199000,0.1250,2,0.0000,0,0.0000,0,0.0000,0,0.2031,2,0.0000,0,0.2500,2,0.2344,2,0.0000,0,0.0000,0
10691513.0,371.755416,259.175625,630.931041,639,82,0.00,0.1016,0.0500,5,0,5,399,0.199500,0.1250,2,0.0000,0,0.0000,0,0.0000,0,0.2031,2,0.0000,0,0.2500,2,0.1875,2,0.2500,2,0.0000,0
10691553.0,371.766298,259.200958,630.967256,640,82,0.00,0.1266,0.0500,6,0,4,400,0.200000,0.1250,2,0.0000,0,0.0000,0,0.0000,0,0.2031,2,0.0000,0,0.2500,2,0.1875,2,0.2500,2,0.2500,2
10691557.0,371.767536,259.203758,630.971294,641,83,0.00,0.1516,0.0500,6,0,4,400,0.200000,0.3750,2,0.0000,0,0.0000,0,0.0000,0,0.2031,2,0.0000,0,0.2500,2,0.1875,2,0.2500,2,0.2500,2
10691565.0,371.770668,259.209358,630.980026,642,83,0.00,0.1766,0.0500,7,0,3,401,0.200500,0.3750,2,0.2500,2,0.0000,0,0.0000,0,0.2031,2,0.0000,0,0.2500,2,0.1875,2,0.2500,2,0.2500,2
10692130.0,371.957527,259.611458,631.568985,643,83,0.00,0.0813,0.0625,5,0,5,402,0.201000,0.1250,2,0.0000,0,0.0469,2,0.0000,0,0.2031,2,0.0000,0,0.2500,2,0.1875,2,0.0000,0,0.0000,0
10692277.0,371.993248,259.713333,631.706582,644,83,0.00,0.0766,0.0500,4,0,6,402,0.201000,0.1250,2,0.0000,0,0.0000,0,0.0000,0,0.2031,2,0.0000,0,0.2500,2,0.1875,2,0.0000,0,0.0000,0
10692393.0,372.018056,259.779067,631.797123,645,83,0.00,0.0813,0.0625,5,0,5,403,0.201500,0.1250,2,0.0000,0,0.0000,0,0.0469,2,0.2031,2,0.0000,0,0.2500,2,0.1875,2,0.0000,0,0.0000,0
10692471.0,372.037069,259.834317,631.871385,646,84,0.00,0.0984,0.0750,5,0,5,403,0.201500,0.1250,2,0.0000,0,0.0000,0,0.0469,2,0.3750,2,0.0000,0,0.2500,2,0.1875,2,0.0000,0,0.0000,0
10693137.0,372.177064,260.231100,632.408164,647,84,0.00,0.0938,0.0625,4,0,6,404,0.202000,0.0000,0,0.0000,0,0.0000,0,0.0000,0,0.3750,2,0.1250,2,0.2500,2,0.1875,2,0.0000,0,0.0000,0
10693277.0,372.208273,260.320933,632.529206,648,85,0.00,0.1172,0.0625,4,0,6,404,0.202000,0.0000,0,0.0000,0,0.0000,0,0.0000,0,0.3750,2,0.1250,2,0.4844,2,0.1875,2,0.0000,0,0.0000,0
10693630.0,372.292632,260.547442,632.840073,649,85,0.00,0.0984,0.0750,4,0,6,404,0.202000,0.0000,0,0.0000,0,0.0000,0,0.0000,0,0.3750,2,0.1250,2,0.2500,2,0.2344,2,0.0000,0,0.0000,0
10693799.0,372.331421,260.668558,632.999979,650,85,0.00,0.1031,0.0875,5,0,5,405,0.202500,0.0000,0,0.0000,0,0.0000,0,0.0000,0,0.3750,2,0.1250,2,0.2500,2,0.2344,2,0.0469,2,0.0000,0
10693843.0,372.343394,260.706325,633.049719,651,85,0.00,0.1219,0.1000,6,0,4,406,0.203000,0.0000,0,0.0000,0,0.0000,0,0.0000,0,0.3750,2,0.1250,2,0.2500,2,0.2344,2,0.0469,2,0.1875,2
10694113.0,372.420521,260.935125,633.355646,652,85,0.00,0.1063,0.0750,5,0,5,407,0.203500,0.0625,2,0.0000,0,0.0000,0,0.0000,0,0.3750,2,0.0000,0,0.2500,2,0.1875,2,0.0000,0,0.1875,2
10694362.0,372.485019,261.121550,633.606569,653,85,0.00,0.0938,0.0750,6,0,4,408,0.204000,0.0625,2,0.0469,2,0.0000,0,0.0000,0,0.2031,2,0.0000,0,0.2500,2,0.1875,2,0.0000,0,0.1875,2
10694679.0,372.564833,261.364617,633.929449,654,85,0.00,0.0688,0.0750,5,0,5,409,0.204500,0.0625,2,0.0000,0,0.0469,2,0.0000,0,0.2031,2,0.0000,0,0.0000,0,0.1875,2,0.0000,0,0.1875,2
10694806.0,372.593269,261.454142,634.047411,655,85,0.00,0.0625,0.0625,4,1,5,410,0.205000,0.0000,1,0.0000,0,0.0000,0,0.0469,2,0.2031,2,0.0000,0,0.0000,0,0.1875,2,0.0000,0,0.1875,2
10694906.0,372.613619,261.519375,634.132994,656,85,0.00,0.0672,0.0750,4,0,6,410,0.205000,0.0000,0,0.0000,0,0.0000,0,0.0469,2,0.2500,2,0.0000,0,0.0000,0,0.1875,2,0.0000,0,0.1875,2
10695204.0,372.665190,261.680750,634.345940,657,85,0.00,0.0625,0.0625,4,0,6,411,0.205500,0.0000,0,0.0000,0,0.0000,0,0.0000,0,0.2031,2,0.0469,2,0.0000,0,0.1875,2,0.0000,0,0.1875,2
10695272.0,372.679196,261.724383,634.403579,658,85,0.00,0.0672,0.0750,5,0,5,412,0.206000,0.0000,0,0.0000,0,0.0000,0,0.0000,0,0.2031,2,0.0469,2,0.0469,2,0.1875,2,0.0000,0,0.1875,2
10695393.0,372.705068,261.807850,634.512918,659,86,0.00,0.0859,0.0750,4,0,6,412,0.206000,0.0000,0,0.0000,0,0.0000,0,0.0000,0,0.2031,2,0.0000,0,0.0469,2,0.4219,2,0.0000,0,0.1875,2
10695455.0,372.717842,261.845642,634.563484,660,86,0.00,0.1047,0.0625,4,0,6,413,0.206500,0.0000,0,0.0000,0,0.0000,0,0.0000,0,0.2031,2,0.0000,0,0.0000,0,0.4219,2,0.2344,2,0.1875,2
10695522.0,372.733348,261.888633,634.621981,661,86,0.00,0.1094,0.0750,4,0,6,413,0.206500,0.0000,0,0.0000,0,0.0000,0,0.0000,0,0.2031,2,0.0000,0,0.0000,0,0.4219,2,0.2344,2,0.2344,2
10695666.0,372.767698,261.991833,634.759531,662,86,0.00,0.1219,0.0750,5,0,5,414,0.207000,0.1719,2,0.0000,0,0.0000,0,0.0000,0,0.2031,2,0.0000,0,0.0000,0,0.4219,2,0.2344,2,0.1875,2
10695717.0,372.782240,262.031783,634.814024,663,86,0.00,0.1266,0.0875,6,0,4,415,0.207500,0.1719,2,0.0469,2,0.0000,0,0.0000,0,0.2031,2,0.0000,0,0.0000,0,0.4219,2,0.2344,2,0.1875,2
10695739.0,372.789550,262.052133,634.841684,664,86,0.00,0.1313,0.1000,7,0,3,416,0.208000,0.1719,2,0.0469,2,0.0469,2,0.0000,0,0.2031,2,0.0000,0,0.0000,0,0.4219,2,0.2344,2,0.1875,2
10695900.0,372.845292,262.221767,635.067059,665,86,0.00,0.1438,0.1000,7,1,2,417,0.208500,0.1719,2,0.0469,2,0.0000,1,0.1719,2,0.2031,2,0.0000,0,0.0000,0,0.4219,2,0.2344,2,0.1875,2
10695939.0,372.859058,262.263050,635.122108,666,86,0.00,0.1328,0.1000,6,1,3,417,0.208500,0.1719,2,0.0469,2,0.0000,0,0.0000,1,0.2656,2,0.0000,0,0.0000,0,0.4219,2,0.2344,2,0.1875,2
10696159.0,372.922456,262.448183,635.370639,667,86,0.00,0.1344,0.0875,6,0,4,418,0.209000,0.1719,2,0.0000,0,0.0000,0,0.0000,0,0.2031,2,0.1250,2,0.0000,0,0.4219,2,0.2344,2,0.1875,2
10696189.0,372.932425,262.475933,635.408358,668,86,0.00,0.1391,0.1000,7,0,3,419,0.209500,0.1719,2,0.0000,0,0.0000,0,0.0000,0,0.2031,2,0.1250,2,0.0469,2,0.4219,2,0.2344,2,0.1875,2
10696372.0,372.995987,262.671133,635.667121,669,86,0.00,0.1203,0.1125,6,1,3,419,0.209500,0.1719,2,0.0000,0,0.0000,0,0.0000,0,0.2031,2,0.1250,2,0.0469,2,0.4688,2,0.0000,1,0.1875,2
10696595.0,373.063170,262.901633,635.964804,670,86,0.00,0.1266,0.0875,6,0,4,420,0.210000,0.1719,2,0.0000,0,0.0000,0,0.0000,0,0.2031,2,0.0000,0,0.0469,2,0.4219,2,0.2344,2,0.1875,2
10696678.0,373.088863,262.978408,636.067271,671,86,0.00,0.1313,0.1000,6,0,4,420,0.210000,0.1719,2,0.0000,0,0.0000,0,0.0000,0,0.2031,2,0.0000,0,0.0469,2,0.4219,2,0.2344,2,0.2344,2
10696883.0,373.152652,263.174858,636.327511,672,86,0.00,0.1313,0.1000,6,0,4,420,0.210000,0.2188,2,0.0000,0,0.0000,0,0.0000,0,0.2031,2,0.0000,0,0.0469,2,0.4219,2,0.2344,2,0.1875,2
10696996.0,373.184134,263.277917,636.462051,673,86,0.00,0.1078,0.1000,5,0,5,421,0.210500,0.2188,2,0.0469,2,0.0000,0,0.0000,0,0.2031,2,0.0000,0,0.0000,0,0.4219,2,0.0000,0,0.1875,2
10697207.0,373.236772,263.449717,636.686488,674,86,0.00,0.1109,0.0875,5,0,5,422,0.211000,0.1719,2,0.0000,0,0.1250,2,0.0000,0,0.2031,2,0.0000,0,0.0000,0,0.4219,2,0.0000,0,0.1875,2
10697448.0,373.299879,263.649367,636.949245,675,86,0.00,0.1031,0.0875,5,0,5,423,0.211500,0.1719,2,0.0000,0,0.0000,0,0.0469,2,0.2031,2,0.0000,0,0.0000,0,0.4219,2,0.0000,0,0.1875,2
10697495.0,373.312135,263.689708,637.001843,676,86,0.00,0.1156,0.1000,5,0,5,423,0.211500,0.1719,2,0.0000,0,0.0000,0,0.0469,2,0.3281,2,0.0000,0,0.0000,0,0.4219,2,0.0000,0,0.1875,2
10697537.0,373.323995,263.728908,637.052903,677,86,0.00,0.1219,0.1125,6,0,4,424,0.212000,0.1719,2,0.0000,0,0.0000,0,0.0469,2,0.3281,2,0.0625,2,0.0000,0,0.4219,2,0.0000,0,0.1875,2
10697677.0,373.365189,263.870633,637.235822,678,86,0.00,0.1234,0.1125,7,0,3,425,0.212500,0.1719,2,0.0000,0,0.0000,0,0.0469,2,0.3281,2,0.0625,2,0.2500,2,0.1875,2,0.0000,0,0.1875,2
10697699.0,373.372618,263.895750,637.268368,679,86,0.00,0.1359,0.1125,7,0,3,425,0.212500,0.1719,2,0.0000,0,0.0000,0,0.0469,2,0.3281,2,0.0625,2,0.2500,2,0.3125,2,0.0000,0,0.1875,2
10702950.0,374.558252,267.826583,642.384836,680,86,0.00,0.0859,0.0750,5,0,5,426,0.213000,0.0000,0,0.0000,0,0.0000,0,0.0469,2,0.2031,2,0.0000,0,0.0000,0,0.1875,2,0.2344,2,0.1875,2
10703308.0,374.646820,268.107017,642.753837,681,87,0.00,0.1094,0.0875,5,0,5,426,0.213000,0.0000,0,0.0000,0,0.0000,0,0.0469,2,0.2031,2,0.0000,0,0.0000,0,0.1875,2,0.2344,2,0.4219,2
10703545.0,374.710273,268.310442,643.020715,682,87,0.00,0.1594,0.0875,6,0,4,427,0.213500,0.5000,2,0.0000,0,0.0000,0,0.0469,2,0.2031,2,0.0000,0,0.0000,0,0.1875,2,0.2344,2,0.4219,2
10703619.0,374.735568,268.378892,643.114460,683,87,0.00,0.1781,0.1000,7,0,3,428,0.214000,0.5000,2,0.1875,2,0.0000,0,0.0469,2,0.2031,2,0.0000,0,0.0000,0,0.1875,2,0.2344,2,0.4219,2
10703820.0,374.799025,268.568642,643.367667,684,87,0.00,0.1266,0.1000,6,0,4,429,0.214500,0.0000,0,0.0000,0,0.1719,2,0.0469,2,0.2031,2,0.0000,0,0.0000,0,0.1875,2,0.2344,2,0.4219,2
10703900.0,374.823789,268.648642,643.472431,685,87,0.00,0.1453,0.1000,6,0,4,429,0.214500,0.0000,0,0.0000,0,0.1719,2,0.2344,2,0.2031,2,0.0000,0,0.0000,0,0.1875,2,0.2344,2,0.4219,2
10704081.0,374.882457,268.829642,643.712098,686,88,0.00,0.1641,0.1000,6,0,4,429,0.214500,0.0000,0,0.0000,0,0.1719,2,0.2344,2,0.3906,2,0.0000,0,0.0000,0,0.1875,2,0.2344,2,0.4219,2
10704127.0,374.898538,268.875642,643.774179,687,88,0.00,0.2141,0.1000,7,0,3,430,0.215000,0.0000,0,0.0000,0,0.1719,2,0.2344,2,0.3906,2,0.5000,2,0.0000,0,0.1875,2,0.2344,2,0.4219,2
10704128.0,374.899446,268.876708,643.776154,688,88,0.00,0.2641,0.1000,8,0,2,431,0.215500,0.0000,0,0.0000,0,0.1719,2,0.2344,2,0.3906,2,0.5000,2,0.5000,2,0.1875,2,0.2344,2,0.4219,2
10704162.0,374.915684,268.915242,643.830926,689,89,0.00,0.2828,0.1000,8,0,2,431,0.215500,0.0000,0,0.0000,0,0.1719,2,0.2344,2,0.3906,2,0.5000,2,0.5000,2,0.3750,2,0.2344,2,0.4219,2
10704395.0,375.012189,269.151583,644.163772,690,90,0.00,0.1453,0.1000,5,0,5,431,0.215500,0.0000,0,0.0000,0,0.0000,0,0.2344,2,0.2031,2,0.0000,0,0.0000,0,0.1875,2,0.4063,2,0.4219,2
10704404.0,375.014831,269.159983,644.174814,691,91,0.00,0.1625,0.1125,5,0,5,431,0.215500,0.0000,0,0.0000,0,0.0000,0,0.2344,2,0.2031,2,0.0000,0,0.0000,0,0.1875,2,0.4063,2,0.5938,2
10704703.0,375.095057,269.413717,644.508774,692,91,0.00,0.1547,0.0750,5,0,5,432,0.216000,0.5000,2,0.0000,0,0.0000,0,0.0000,0,0.2031,2,0.0000,0,0.0000,0,0.1875,2,0.2344,2,0.4219,2
10704811.0,375.128051,269.498317,644.626368,693,91,0.00,0.1594,0.0875,6,0,4,433,0.216500,0.5000,2,0.0469,2,0.0000,0,0.0000,0,0.2031,2,0.0000,0,0.0000,0,0.1875,2,0.2344,2,0.4219,2
10704947.0,375.170870,269.622117,644.792987,694,91,0.00,0.1141,0.1000,6,0,4,434,0.217000,0.0000,0,0.0469,2,0.0469,2,0.0000,0,0.2031,2,0.0000,0,0.0000,0,0.1875,2,0.2344,2,0.4219,2
10705037.0,375.198355,269.712117,644.910472,695,91,0.00,0.1188,0.1125,7,0,3,435,0.217500,0.0000,0,0.0469,2,0.0469,2,0.0469,2,0.2031,2,0.0000,0,0.0000,0,0.1875,2,0.2344,2,0.4219,2
10705216.0,375.249632,269.884808,645.134440,696,92,0.00,0.1031,0.0875,4,1,5,435,0.217500,0.0000,0,0.0469,2,0.0000,0,0.0000,1,0.3750,2,0.0000,0,0.0000,0,0.1875,2,0.0000,0,0.4219,2
10705282.0,375.265967,269.938458,645.204426,697,92,0.00,0.1203,0.1000,5,0,5,436,0.218000,0.0000,0,0.0469,2,0.0000,0,0.0000,0,0.3750,2,0.1719,2,0.0000,0,0.1875,2,0.0000,0,0.4219,2
10705342.0,375.282915,269.994458,645.277374,698,92,0.00,0.1250,0.1125,6,0,4,437,0.218500,0.0000,0,0.0469,2,0.0000,0,0.0000,0,0.3750,2,0.1719,2,0.0469,2,0.1875,2,0.0000,0,0.4219,2
10705525.0,375.331377,270.163717,645.495094,699,93,0.00,0.1125,0.1000,5,0,5,437,0.218500,0.0000,0,0.0469,2,0.0000,0,0.0000,0,0.3750,2,0.0000,0,0.0469,2,0.4688,2,0.0000,0,0.1875,2
10705525.0,375.331877,270.163717,645.495594,700,93,0.00,0.1406,0.1125,6,0,4,438,0.219000,0.0000,0,0.0469,2,0.0000,0,0.0000,0,0.3750,2,0.0000,0,0.0469,2,0.4688,2,0.2813,2,0.1875,2
10706343.0,375.535722,270.843500,646.379222,701,93,0.00,0.0734,0.0875,5,0,5,438,0.219000,0.0000,0,0.0469,2,0.0000,0,0.0000,0,0.2031,2,0.0000,0,0.0469,2,0.1875,2,0.0000,0,0.2500,2
10710068.0,376.403636,273.763817,650.167453,702,93,0.00,0.0797,0.0750,5,1,4,439,0.219500,0.1719,2,0.0469,2,0.0000,0,0.0000,0,0.2031,2,0.0000,0,0.0000,1,0.1875,2,0.0000,0,0.1875,2
10710115.0,376.415157,273.800900,650.216057,703,93,0.00,0.0969,0.0875,5,0,5,439,0.219500,0.1719,2,0.2188,2,0.0000,0,0.0000,0,0.2031,2,0.0000,0,0.0000,0,0.1875,2,0.0000,0,0.1875,2
10710154.0,376.425638,273.834375,650.260013,704,93,0.00,0.1094,0.1000,6,0,4,440,0.220000,0.1719,2,0.2188,2,0.1250,2,0.0000,0,0.2031,2,0.0000,0,0.0000,0,0.1875,2,0.0000,0,0.1875,2
10710174.0,376.432061,273.854375,650.286436,705,93,0.00,0.1141,0.1125,7,0,3,441,0.220500,0.1719,2,0.2188,2,0.1250,2,0.0469,2,0.2031,2,0.0000,0,0.0000,0,0.1875,2,0.0000,0,0.1875,2
10710260.0,376.460474,273.952558,650.413032,706,93,0.00,0.1188,0.1250,7,0,3,441,0.220500,0.1719,2,0.2188,2,0.1250,2,0.0469,2,0.2500,2,0.0000,0,0.0000,0,0.1875,2,0.0000,0,0.1875,2
10710382.0,376.501343,274.093117,650.594459,707,93,0.00,0.1188,0.1250,8,0,2,442,0.221000,0.1719,2,0.2188,2,0.1250,2,0.0469,2,0.2031,2,0.0469,2,0.0000,0,0.1875,2,0.0000,0,0.1875,2
10711110.0,376.749502,274.952033,651.701535,708,93,0.00,0.1188,0.1250,8,0,2,443,0.221500,0.1719,2,0.2188,2,0.1250,2,0.0469,2,0.2031,2,0.0000,0,0.0469,2,0.1875,2,0.0000,0,0.1875,2
10711209.0,376.785596,275.079083,651.864679,709,93,0.00,0.1250,0.1375,8,0,2,443,0.221500,0.1719,2,0.2188,2,0.1250,2,0.0469,2,0.2031,2,0.0000,0,0.0469,2,0.2500,2,0.0000,0,0.1875,2
10711222.0,376.790898,275.096742,651.887640,710,93,0.00,0.1313,0.1500,9,0,1,444,0.222000,0.1719,2,0.2188,2,0.1250,2,0.0469,2,0.2031,2,0.0000,0,0.0469,2,0.2500,2,0.0625,2,0.1875,2
10711224.0,376.791708,275.099742,651.891450,711,93,0.00,0.1375,0.1625,9,0,1,444,0.222000,0.1719,2,0.2188,2,0.1250,2,0.0469,2,0.2031,2,0.0000,0,0.0469,2,0.2500,2,0.0625,2,0.2500,2
10711265.0,376.808507,275.164317,651.972823,712,93,0.00,0.1453,0.1625,8,1,1,444,0.222000,0.2969,2,0.2188,2,0.1250,2,0.0469,2,0.2031,2,0.0000,0,0.0000,1,0.2500,2,0.0625,2,0.2500,2
10711456.0,376.883005,275.454408,652.337413,713,94,0.00,0.1625,0.1625,8,0,2,444,0.222000,0.2969,2,0.3906,2,0.1250,2,0.0469,2,0.2031,2,0.0000,0,0.0000,0,0.2500,2,0.0625,2,0.2500,2
10711517.0,376.907320,275.546417,652.453737,714,95,0.00,0.1797,0.1625,8,0,2,444,0.222000,0.2969,2,0.3906,2,0.2969,2,0.0469,2,0.2031,2,0.0000,0,0.0000,0,0.2500,2,0.0625,2,0.2500,2
10711520.0,376.908556,275.550942,652.459498,715,95,0.00,0.1969,0.1625,8,0,2,444,0.222000,0.2969,2,0.3906,2,0.2969,2,0.2188,2,0.2031,2,0.0000,0,0.0000,0,0.2500,2,0.0625,2,0.2500,2
10711540.0,376.917063,275.581108,652.498171,716,96,0.00,0.2094,0.1750,8,0,2,444,0.222000,0.2969,2,0.3906,2,0.2969,2,0.2188,2,0.3281,2,0.0000,0,0.0000,0,0.2500,2,0.0625,2,0.2500,2
10711742.0,377.004378,275.892692,652.897069,717,96,0.00,0.2250,0.1750,9,0,1,445,0.222500,0.1719,2,0.3906,2,0.2969,2,0.2188,2,0.3281,2,0.2813,2,0.0000,0,0.2500,2,0.0625,2,0.2500,2
10711854.0,377.058389,276.077492,653.135880,718,96,0.00,0.2422,0.1750,10,0,0,446,0.223000,0.1719,2,0.3906,2,0.2969,2,0.2188,2,0.3281,2,0.2813,2,0.1719,2,0.2500,2,0.0625,2,0.2500,2
10712000.0,377.134156,276.325875,653.460031,719,97,0.00,0.2359,0.1625,9,1,0,446,0.223000,0.0000,1,0.2188,2,0.2969,2,0.2188,2,0.3281,2,0.2813,2,0.1719,2,0.5313,2,0.0625,2,0.2500,2
10712044.0,377.156194,276.396575,653.552769,720,97,0.00,0.2531,0.1625,9,0,1,446,0.223000,0.0000,0,0.2188,2,0.2969,2,0.2188,2,0.3281,2,0.2813,2,0.1719,2,0.5313,2,0.2344,2,0.2500,2
10712251.0,377.255712,276.707675,653.963387,721,97,0.00,0.2250,0.1500,9,0,1,446,0.223000,0.0000,0,0.2188,2,0.2969,2,0.2188,2,0.3281,2,0.2813,2,0.1719,2,0.1875,2,0.2344,2,0.3125,2
10712254.0,377.257645,276.712175,653.969820,722,97,0.00,0.2297,0.1625,10,0,0,447,0.223500,0.0469,2,0.2188,2,0.2969,2,0.2188,2,0.3281,2,0.2813,2,0.1719,2,0.1875,2,0.2344,2,0.3125,2
10712494.0,377.370091,277.078642,654.448733,723,97,0.00,0.1891,0.1500,8,1,1,447,0.223500,0.0000,1,0.2656,2,0.2969,2,0.0469,2,0.3281,2,0.2813,2,0.0000,0,0.1875,2,0.2344,2,0.2500,2
10712579.0,377.403310,277.186058,654.589369,724,98,0.00,0.1531,0.1000,7,0,3,447,0.223500,0.0000,0,0.2656,2,0.4688,2,0.0469,2,0.2031,2,0.0000,0,0.0000,0,0.1875,2,0.1719,2,0.1875,2
10712677.0,377.438665,277.290592,654.729257,725,98,0.00,0.1594,0.1125,7,0,3,447,0.223500,0.0000,0,0.2656,2,0.4688,2,0.1094,2,0.2031,2,0.0000,0,0.0000,0,0.1875,2,0.1719,2,0.1875,2
10713332.0,377.661411,277.944258,655.605670,726,99,0.00,0.1313,0.1000,7,0,3,447,0.223500,0.0000,0,0.0469,2,0.2969,2,0.0469,2,0.3750,2,0.0000,0,0.0000,0,0.1875,2,0.1719,2,0.1875,2
10713333.0,377.662255,277.945325,655.607580,727,99,0.00,0.1484,0.1125,8,0,2,448,0.224000,0.0000,0,0.0469,2,0.2969,2,0.0469,2,0.3750,2,0.1719,2,0.0000,0,0.1875,2,0.1719,2,0.1875,2
10713339.0,377.665081,277.952575,655.617656,728,99,0.00,0.1734,0.1250,9,0,1,449,0.224500,0.0000,0,0.0469,2,0.2969,2,0.0469,2,0.3750,2,0.1719,2,0.2500,2,0.1875,2,0.1719,2,0.1875,2
10713399.0,377.691342,278.033575,655.724917,729,99,0.00,0.1797,0.1375,9,0,1,449,0.224500,0.0000,0,0.0469,2,0.2969,2,0.0469,2,0.3750,2,0.1719,2,0.2500,2,0.2500,2,0.1719,2,0.1875,2
10717233.0,378.542592,280.649058,659.191651,730,99,0.00,0.0766,0.0500,4,0,6,450,0.225000,0.0000,0,0.0000,0,0.0000,0,0.0000,0,0.2031,2,0.0000,0,0.0000,0,0.1875,2,0.1875,2,0.1875,2
10717273.0,378.550974,280.671725,659.222699,731,100,0.00,0.1047,0.0625,4,0,6,450,0.225000,0.0000,0,0.0000,0,0.0000,0,0.0000,0,0.2031,2,0.0000,0,0.0000,0,0.1875,2,0.1875,2,0.4688,2
10717382.0,378.576699,280.741667,659.318366,732,100,0.00,0.1234,0.0625,5,0,5,451,0.225500,0.1875,2,0.0000,0,0.0000,0,0.0000,0,0.2031,2,0.0000,0,0.0000,0,0.1875,2,0.1875,2,0.4688,2
10717431.0,378.590751,280.776375,659.367126,733,100,0.00,0.1281,0.0750,6,0,4,452,0.226000,0.1875,2,0.0469,2,0.0000,0,0.0000,0,0.2031,2,0.0000,0,0.0000,0,0.1875,2,0.1875,2,0.4688,2
10717569.0,378.634136,280.893675,659.527811,734,100,0.00,0.1406,0.0875,7,0,3,453,0.226500,0.1875,2,0.0469,2,0.1250,2,0.0000,0,0.2031,2,0.0000,0,0.0000,0,0.1875,2,0.1875,2,0.4688,2
10717746.0,378.683679,281.040500,659.724179,735,100,0.00,0.1109,0.0750,5,0,5,454,0.227000,0.0000,0,0.0000,0,0.1250,2,0.1250,2,0.2031,2,0.0000,0,0.0000,0,0.1875,2,0.0000,0,0.4688,2
10717860.0,378.714099,281.129800,659.843899,736,101,0.00,0.1172,0.0875,5,0,5,454,0.227000,0.0000,0,0.0000,0,0.1250,2,0.1250,2,0.2656,2,0.0000,0,0.0000,0,0.1875,2,0.0000,0,0.4688,2
10717919.0,378.730629,281.180442,659.911071,737,101,0.00,0.1359,0.1000,6,0,4,455,0.227500,0.0000,0,0.0000,0,0.1250,2,0.1250,2,0.2656,2,0.1875,2,0.0000,0,0.1875,2,0.0000,0,0.4688,2
10717964.0,378.744320,281.221942,659.966262,738,101,0.00,0.1359,0.0875,5,0,5,456,0.228000,0.0000,0,0.0000,0,0.0000,0,0.0000,0,0.2656,2,0.1875,2,0.2500,2,0.1875,2,0.0000,0,0.4688,2
10718017.0,378.758379,281.263058,660.021437,739,102,0.00,0.1422,0.0750,4,0,6,456,0.228000,0.0000,0,0.0000,0,0.0000,0,0.0000,0,0.2656,2,0.0000,0,0.2500,2,0.4375,2,0.0000,0,0.4688,2
10718145.0,378.792118,281.354792,660.146910,740,102,0.00,0.1313,0.0875,4,1,5,457,0.228500,0.0000,0,0.0000,0,0.0000,0,0.0000,0,0.2656,2,0.0000,0,0.0000,1,0.4375,2,0.1406,2,0.4688,2
10718152.0,378.794096,281.360800,660.154896,741,103,0.00,0.1453,0.1000,4,1,5,457,0.228500,0.0000,0,0.0000,0,0.0000,0,0.0000,0,0.2656,2,0.0000,0,0.0000,1,0.4375,2,0.1406,2,0.6094,2
10718200.0,378.807741,281.403533,660.211274,742,103,0.00,0.1594,0.1125,5,0,5,458,0.229000,0.1406,2,0.0000,0,0.0000,0,0.0000,0,0.2656,2,0.0000,0,0.0000,0,0.4375,2,0.1406,2,0.6094,2
10718594.0,378.905974,281.737925,660.643899,743,103,0.00,0.0844,0.0875,5,0,5,459,0.229500,0.0000,0,0.0625,2,0.0000,0,0.0000,0,0.2656,2,0.0000,0,0.0000,0,0.1875,2,0.1406,2,0.1875,2
10718885.0,378.969963,281.953433,660.923396,744,103,0.00,0.1016,0.0750,5,0,5,460,0.230000,0.0000,0,0.0000,0,0.2344,2,0.0000,0,0.2656,2,0.0000,0,0.0000,0,0.1875,2,0.1406,2,0.1875,2
10719282.0,379.073503,282.264417,661.337920,745,103,0.00,0.1266,0.0875,6,0,4,461,0.230500,0.0000,0,0.0000,0,0.2344,2,0.2500,2,0.2656,2,0.0000,0,0.0000,0,0.1875,2,0.1406,2,0.1875,2
10719658.0,379.189894,282.612217,661.802110,746,103,0.00,0.1328,0.1000,6,0,4,461,0.230500,0.0000,0,0.0000,0,0.2344,2,0.2500,2,0.3281,2,0.0000,0,0.0000,0,0.1875,2,0.1406,2,0.1875,2
10719693.0,379.201398,282.647217,661.848615,747,103,0.00,0.1453,0.1125,7,0,3,462,0.231000,0.0000,0,0.0000,0,0.2344,2,0.2500,2,0.3281,2,0.1250,2,0.0000,0,0.1875,2,0.1406,2,0.1875,2
10720534.0,379.430427,283.425525,662.855952,748,104,0.00,0.1063,0.0875,5,0,5,463,0.231500,0.0000,0,0.0000,0,0.0000,0,0.2500,2,0.2656,2,0.0000,0,0.1719,2,0.1875,2,0.0000,0,0.1875,2
10724620.0,380.292076,286.083975,666.376051,749,104,0.00,0.0766,0.0625,3,0,7,463,0.231500,0.0000,0,0.0000,0,0.0000,0,0.2500,2,0.2031,2,0.0000,0,0.0000,0,0.3125,2,0.0000,0,0.0000,0
10724733.0,380.312802,286.148950,666.461752,750,104,0.00,0.0953,0.0750,4,0,6,464,0.232000,0.0000,0,0.0000,0,0.0000,0,0.2500,2,0.2031,2,0.0000,0,0.0000,0,0.3125,2,0.1875,2,0.0000,0
10725317.0,380.440327,286.554467,666.994794,751,104,0.00,0.0828,0.0750,4,0,6,465,0.232500,0.0000,0,0.0000,0,0.0000,0,0.2500,2,0.2031,2,0.0000,0,0.0000,0,0.3125,2,0.0000,0,0.0625,2
10725785.0,380.541171,286.889867,667.431038,752,104,0.00,0.1063,0.0750,5,0,5,466,0.233000,0.2344,2,0.0000,0,0.0000,0,0.2500,2,0.2031,2,0.0000,0,0.0000,0,0.3125,2,0.0000,0,0.0625,2
10725805.0,380.546935,286.905533,667.452468,753,104,0.00,0.1125,0.0875,6,0,4,467,0.233500,0.2344,2,0.0625,2,0.0000,0,0.2500,2,0.2031,2,0.0000,0,0.0000,0,0.3125,2,0.0000,0,0.0625,2
10725805.0,380.547435,286.905533,667.452968,754,104,0.00,0.1188,0.1000,7,0,3,468,0.234000,0.2344,2,0.0625,2,0.0625,2,0.2500,2,0.2031,2,0.0000,0,0.0000,0,0.3125,2,0.0000,0,0.0625,2
10725873.0,380.570149,286.978067,667.548215,755,105,0.00,0.1422,0.1000,7,0,3,468,0.234000,0.2344,2,0.0625,2,0.0625,2,0.4844,2,0.2031,2,0.0000,0,0.0000,0,0.3125,2,0.0000,0,0.0625,2
10726767.0,380.824498,287.718992,668.543489,756,105,0.00,0.0984,0.0750,5,0,5,468,0.234000,0.2344,2,0.0625,2,0.0000,0,0.2500,2,0.2500,2,0.0000,0,0.0000,0,0.1875,2,0.0000,0,0.0000,0
10727104.0,380.903460,287.937383,668.840843,757,105,0.00,0.0922,0.0625,5,0,5,469,0.234500,0.2344,2,0.0000,0,0.0000,0,0.2500,2,0.2031,2,0.0469,2,0.0000,0,0.1875,2,0.0000,0,0.0000,0
10727253.0,380.941546,288.042925,668.984471,758,105,0.00,0.1016,0.0750,6,0,4,470,0.235000,0.2344,2,0.0000,0,0.0000,0,0.2500,2,0.2031,2,0.0469,2,0.0938,2,0.1875,2,0.0000,0,0.0000,0
10727401.0,380.982628,288.159250,669.141878,759,106,0.00,0.1141,0.0750,5,0,5,470,0.235000,0.2344,2,0.0000,0,0.0000,0,0.2500,2,0.2031,2,0.0000,0,0.0938,2,0.3594,2,0.0000,0,0.0000,0
10727819.0,381.076354,288.461017,669.537370,760,106,0.00,0.0953,0.0875,5,0,5,471,0.235500,0.0000,0,0.0000,0,0.0000,0,0.2500,2,0.2031,2,0.0000,0,0.0938,2,0.3594,2,0.0469,2,0.0000,0
10727897.0,381.096719,288.527967,669.624686,761,106,0.00,0.1453,0.0875,6,0,4,472,0.236000,0.0000,0,0.0000,0,0.0000,0,0.2500,2,0.2031,2,0.0000,0,0.0938,2,0.3594,2,0.0469,2,0.5000,2
10731648.0,381.816076,290.773125,672.589201,762,106,0.00,0.0984,0.0750,4,0,6,473,0.236500,0.1719,2,0.0000,0,0.0000,0,0.2500,2,0.2031,2,0.0000,0,0.0000,0,0.3594,2,0.0000,0,0.0000,0
10731652.0,381.817482,290.775992,672.593474,763,106,0.00,0.1156,0.0875,5,0,5,474,0.237000,0.1719,2,0.1719,2,0.0000,0,0.2500,2,0.2031,2,0.0000,0,0.0000,0,0.3594,2,0.0000,0,0.0000,0
10732382.0,382.009889,291.371450,673.381339,764,106,0.00,0.1031,0.0875,6,0,4,475,0.237500,0.1719,2,0.1719,2,0.0469,2,0.2500,2,0.2031,2,0.0000,0,0.0000,0,0.1875,2,0.0000,0,0.0000,0
10732385.0,382.010763,291.374225,673.384988,765,106,0.00,0.1094,0.1000,6,0,4,475,0.237500,0.1719,2,0.1719,2,0.0469,2,0.3125,2,0.2031,2,0.0000,0,0.0000,0,0.1875,2,0.0000,0,0.0000,0
10732386.0,382.011060,291.375225,673.386285,766,107,0.00,0.1344,0.1000,6,0,4,475,0.237500,0.1719,2,0.1719,2,0.0469,2,0.3125,2,0.4531,2,0.0000,0,0.0000,0,0.1875,2,0.0000,0,0.0000,0
10732440.0,382.028603,291.429225,673.457828,767,107,0.00,0.1469,0.1125,7,0,3,476,0.238000,0.1719,2,0.1719,2,0.0469,2,0.3125,2,0.4531,2,0.1250,2,0.0000,0,0.1875,2,0.0000,0,0.0000,0
10732936.0,382.177915,291.886583,674.064498,768,107,0.00,0.1547,0.0875,6,0,4,477,0.238500,0.1719,2,0.1719,2,0.0000,0,0.3125,2,0.4531,2,0.0000,0,0.2500,2,0.1875,2,0.0000,0,0.0000,0
10732939.0,382.178909,291.889358,674.068268,769,108,0.00,0.1719,0.1000,6,0,4,477,0.238500,0.1719,2,0.1719,2,0.0000,0,0.3125,2,0.4531,2,0.0000,0,0.2500,2,0.3594,2,0.0000,0,0.0000,0
10732982.0,382.194235,291.932358,674.126594,770,108,0.00,0.2000,0.1125,7,0,3,478,0.239000,0.1719,2,0.1719,2,0.0000,0,0.3125,2,0.4531,2,0.0000,0,0.2500,2,0.3594,2,0.2813,2,0.0000,0
10733057.0,382.224197,292.017983,674.242180,771,108,0.00,0.1844,0.1250,7,1,2,479,0.239500,0.1719,2,0.1719,2,0.0000,0,0.3125,2,0.4531,2,0.0000,0,0.0000,1,0.3594,2,0.2813,2,0.0938,2
10733472.0,382.382998,292.502167,674.885164,772,109,0.00,0.2016,0.1125,7,0,3,479,0.239500,0.4063,2,0.1719,2,0.0000,0,0.2500,2,0.4531,2,0.0000,0,0.0000,0,0.3594,2,0.2813,2,0.0938,2
10733527.0,382.404912,292.564958,674.969870,773,110,0.00,0.2250,0.1125,7,0,3,479,0.239500,0.4063,2,0.4063,2,0.0000,0,0.2500,2,0.4531,2,0.0000,0,0.0000,0,0.3594,2,0.2813,2,0.0938,2
10733576.0,382.425828,292.620900,675.046728,774,110,0.00,0.2297,0.1250,8,0,2,480,0.240000,0.4063,2,0.4063,2,0.0469,2,0.2500,2,0.4531,2,0.0000,0,0.0000,0,0.3594,2,0.2813,2,0.0938,2
10775432.0,388.082034,309.747100,697.829134,775,110,0.00,0.0891,0.0375,3,0,7,481,0.240500,0.0000,0,0.0000,0,0.0000,0,0.5000,2,0.2031,2,0.0000,0,0.0000,0,0.1875,2,0.0000,0,0.0000,0
10775528.0,388.100151,309.787900,697.888051,776,110,0.00,0.0953,0.0500,3,0,7,481,0.240500,0.0000,0,0.0000,0,0.0000,0,0.5000,2,0.2656,2,0.0000,0,0.0000,0,0.1875,2,0.0000,0,0.0000,0
10775596.0,388.113770,309.821225,697.934995,777,110,0.00,0.1016,0.0375,4,0,6,482,0.241000,0.0000,0,0.0000,0,0.0000,0,0.5000,2,0.2031,2,0.1250,2,0.0000,0,0.1875,2,0.0000,0,0.0000,0
10775806.0,388.149942,309.913675,698.063617,778,110,0.00,0.0688,0.0500,4,0,6,483,0.241500,0.0000,0,0.0000,0,0.0000,0,0.0000,0,0.2031,2,0.1250,2,0.1719,2,0.1875,2,0.0000,0,0.0000,0
10776158.0,388.221565,310.113142,698.334706,779,111,0.00,0.0875,0.0625,4,0,6,483,0.241500,0.0000,0,0.0000,0,0.0000,0,0.0000,0,0.2031,2,0.1250,2,0.1719,2,0.3750,2,0.0000,0,0.0000,0
10776230.0,388.237265,310.159342,698.396606,780,111,0.00,0.0875,0.0625,4,0,6,483,0.241500,0.0000,0,0.0000,0,0.0000,0,0.0000,0,0.2031,2,0.1250,2,0.1719,2,0.3750,2,0.0000,0,0.0000,0
10776531.0,388.303399,310.352483,698.655883,781,111,0.00,0.1063,0.0625,5,0,5,484,0.242000,0.0000,0,0.0000,0,0.0000,0,0.0000,0,0.2031,2,0.1250,2,0.1719,2,0.3750,2,0.1875,2,0.0000,0
10776951.0,388.412424,310.647650,699.060074,782,111,0.00,0.1047,0.0750,5,0,5,485,0.242500,0.0000,0,0.0000,0,0.0000,0,0.0000,0,0.2031,2,0.1250,2,0.1719,2,0.3750,2,0.0000,0,0.1719,2
10777147.0,388.464272,310.801183,699.265455,783,111,0.00,0.1234,0.0750,6,0,4,486,0.243000,0.1875,2,0.0000,0,0.0000,0,0.0000,0,0.2031,2,0.1250,2,0.1719,2,0.3750,2,0.0000,0,0.1719,2
10777152.0,388.466307,310.805433,699.271740,784,111,0.00,0.1406,0.0875,7,0,3,487,0.243500,0.1875,2,0.1719,2,0.0000,0,0.0000,0,0.2031,2,0.1250,2,0.1719,2,0.3750,2,0.0000,0,0.1719,2
10777323.0,388.526835,310.975008,699.501844,785,111,0.00,0.1516,0.1000,8,0,2,488,0.244000,0.1875,2,0.1719,2,0.1094,2,0.0000,0,0.2031,2,0.1250,2,0.1719,2,0.3750,2,0.0000,0,0.1719,2
10777509.0,388.594530,311.167550,699.762080,786,111,0.00,0.1531,0.0875,8,0,2,489,0.244500,0.1875,2,0.0000,0,0.1094,2,0.1875,2,0.2031,2,0.1250,2,0.1719,2,0.3750,2,0.0000,0,0.1719,2
10777556.0,388.612922,311.217292,699.830214,787,112,0.00,0.1719,0.0875,8,0,2,489,0.244500,0.1875,2,0.0000,0,0.1094,2,0.1875,2,0.3906,2,0.1250,2,0.1719,2,0.3750,2,0.0000,0,0.1719,2
10777725.0,388.674832,311.388750,700.063582,788,112,0.00,0.1281,0.1000,6,0,4,489,0.244500,0.0000,0,0.0000,0,0.1094,2,0.0000,0,0.2031,2,0.2500,2,0.1719,2,0.3750,2,0.0000,0,0.1719,2
10777825.0,388.705150,311.482900,700.188050,789,113,0.00,0.1344,0.0875,6,0,4,489,0.244500,0.0000,0,0.0000,0,0.1094,2,0.0000,0,0.2031,2,0.1250,2,0.3594,2,0.3750,2,0.0000,0,0.1719,2
10777972.0,388.751547,311.618875,700.370422,790,114,0.00,0.1531,0.0875,6,0,4,489,0.244500,0.0000,0,0.0000,0,0.1094,2,0.0000,0,0.2031,2,0.1250,2,0.3594,2,0.5625,2,0.0000,0,0.1719,2
10778134.0,388.803995,311.768725,700.572720,791,114,0.00,0.1250,0.1000,7,0,3,490,0.245000,0.0000,0,0.0000,0,0.1094,2,0.0000,0,0.2031,2,0.1250,2,0.1719,2,0.3750,2,0.0938,2,0.1719,2
10778134.0,388.803995,311.768725,700.572720,792,115,0.00,0.1344,0.1125,7,0,3,490,0.245000,0.0000,0,0.0000,0,0.1094,2,0.0000,0,0.2031,2,0.1250,2,0.1719,2,0.3750,2,0.0938,2,0.2656,2
10782000.0,389.798140,315.071975,704.870115,793,115,0.00,0.0922,0.0875,5,0,5,491,0.245500,0.0625,2,0.0000,0,0.1094,2,0.0000,0,0.2031,2,0.0000,0,0.0000,0,0.3750,2,0.0000,0,0.1719,2
10782128.0,389.830929,315.181842,705.012770,794,115,0.00,0.0984,0.1000,6,0,4,492,0.246000,0.0625,2,0.0625,2,0.1094,2,0.0000,0,0.2031,2,0.0000,0,0.0000,0,0.3750,2,0.0000,0,0.1719,2
10782482.0,389.924722,315.502000,705.426722,795,115,0.00,0.0984,0.1000,5,0,5,492,0.246000,0.0000,0,0.0625,2,0.1719,2,0.0000,0,0.2031,2,0.0000,0,0.0000,0,0.3750,2,0.0000,0,0.1719,2
10782603.0,389.955988,315.609608,705.565596,796,115,0.00,0.0984,0.1000,6,0,4,493,0.246500,0.0000,0,0.0625,2,0.1094,2,0.0625,2,0.2031,2,0.0000,0,0.0000,0,0.3750,2,0.0000,0,0.1719,2
10782608.0,389.957426,315.614608,705.572034,797,115,0.00,0.1047,0.1125,6,0,4,493,0.246500,0.0000,0,0.0625,2,0.1094,2,0.0625,2,0.2656,2,0.0000,0,0.0000,0,0.3750,2,0.0000,0,0.1719,2
10782720.0,389.990690,315.735008,705.725698,798,115,0.00,0.1172,0.1250,7,0,3,494,0.247000,0.0000,0,0.0625,2,0.1094,2,0.0625,2,0.2656,2,0.1250,2,0.0000,0,0.3750,2,0.0000,0,0.1719,2
10782989.0,390.071464,316.021950,706.093414,799,115,0.00,0.1281,0.1000,6,0,4,495,0.247500,0.0000,0,0.0000,0,0.1094,2,0.0000,0,0.2656,2,0.1250,2,0.2344,2,0.3750,2,0.0000,0,0.1719,2
10783359.0,390.185154,316.372000,706.557154,800,116,0.00,0.1469,0.1000,6,0,4,495,0.247500,0.0000,0,0.0000,0,0.1094,2,0.0000,0,0.2031,2,0.1250,2,0.2344,2,0.6250,2,0.0000,0,0.1719,2
10783498.0,390.230877,316.511000,706.741877,801,116,0.00,0.1703,0.1000,7,0,3,496,0.248000,0.0000,0,0.0000,0,0.1094,2,0.0000,0,0.2031,2,0.1250,2,0.2344,2,0.6250,2,0.2344,2,0.1719,2
10783858.0,390.351760,316.849258,707.201018,802,116,0.00,0.1484,0.0875,6,1,3,497,0.248500,0.0000,0,0.0000,0,0.1094,2,0.0000,0,0.2031,2,0.1250,2,0.0000,1,0.6250,2,0.2344,2,0.1875,2
10783954.0,390.380447,316.934658,707.315106,803,116,0.00,0.1344,0.1000,6,0,4,498,0.249000,0.0938,2,0.0000,0,0.1094,2,0.0000,0,0.2031,2,0.1250,2,0.0000,0,0.6250,2,0.0000,0,0.1875,2
10784738.0,390.627897,317.718658,708.346556,804,116,0.00,0.1344,0.1000,6,0,4,498,0.249000,0.0938,2,0.0000,0,0.1094,2,0.0000,0,0.2031,2,0.1250,2,0.0000,0,0.6250,2,0.0000,0,0.1875,2
10785108.0,390.731716,318.040083,708.771799,805,116,0.00,0.1391,0.1000,6,0,4,499,0.249500,0.0938,2,0.1719,2,0.1094,2,0.0000,0,0.2031,2,0.0000,0,0.0000,0,0.6250,2,0.0000,0,0.1875,2
10789246.0,391.740960,321.267025,713.007985,806,117,0.00,0.1125,0.0750,3,0,7,499,0.249500,0.0000,0,0.0000,0,0.2969,2,0.0000,0,0.2031,2,0.0000,0,0.0000,0,0.6250,2,0.0000,0,0.0000,0
10789248.0,391.741874,321.268325,713.010199,807,117,0.00,0.1313,0.0750,4,0,6,500,0.250000,0.0000,0,0.0000,0,0.2969,2,0.1875,2,0.2031,2,0.0000,0,0.0000,0,0.6250,2,0.0000,0,0.0000,0
10789250.0,391.742378,321.269758,713.012137,808,118,0.00,0.1500,0.0750,4,0,6,500,0.250000,0.0000,0,0.0000,0,0.2969,2,0.1875,2,0.3906,2,0.0000,0,0.0000,0,0.6250,2,0.0000,0,0.0000,0
10789332.0,391.764745,321.328525,713.093270,809,118,0.00,0.1688,0.0750,5,0,5,501,0.250500,0.0000,0,0.0000,0,0.2969,2,0.1875,2,0.3906,2,0.1875,2,0.0000,0,0.6250,2,0.0000,0,0.0000,0
10789370.0,391.777094,321.358292,713.135385,810,118,0.00,0.1875,0.0750,6,0,4,502,0.251000,0.0000,0,0.0000,0,0.2969,2,0.1875,2,0.3906,2,0.1875,2,0.1875,2,0.6250,2,0.0000,0,0.0000,0
10789747.0,391.898910,321.660942,713.559851,811,119,0.00,0.1781,0.0875,4,1,5,502,0.251000,0.0000,0,0.0000,0,0.2969,2,0.0000,1,0.3906,2,0.1875,2,0.0000,0,0.9063,2,0.0000,0,0.0000,0
10790226.0,392.035392,322.040950,714.076342,812,119,0.00,0.1656,0.1000,5,0,5,503,0.251500,0.0000,0,0.0000,0,0.1094,2,0.0000,0,0.3906,2,0.1875,2,0.0000,0,0.9063,2,0.0625,2,0.0000,0
10790555.0,392.121326,322.316275,714.437601,813,119,0.00,0.1375,0.0875,5,0,5,504,0.252000,0.0000,0,0.0000,0,0.1094,2,0.0000,0,0.3906,2,0.0000,0,0.0000,0,0.6250,2,0.0625,2,0.1875,2
10790562.0,392.123839,322.322283,714.446122,814,119,0.00,0.1500,0.1000,6,0,4,505,0.252500,0.1250,2,0.0000,0,0.1094,2,0.0000,0,0.3906,2,0.0000,0,0.0000,0,0.6250,2,0.0625,2,0.1875,2
10792031.0,392.516536,323.554058,716.070594,815,119,0.00,0.1188,0.0875,4,0,6,506,0.253000,0.0000,0,0.0625,2,0.1094,2,0.0000,0,0.3906,2,0.0000,0,0.0000,0,0.6250,2,0.0000,0,0.0000,0
10792329.0,392.588759,323.789975,716.378734,816,120,0.00,0.1469,0.1000,4,0,6,506,0.253000,0.0000,0,0.0625,2,0.3906,2,0.0000,0,0.3906,2,0.0000,0,0.0000,0,0.6250,2,0.0000,0,0.0000,0
10792690.0,392.681382,324.091217,716.772599,817,120,0.00,0.1281,0.0875,5,0,5,507,0.253500,0.0000,0,0.0625,2,0.3906,2,0.1875,2,0.2031,2,0.0000,0,0.0000,0,0.4375,2,0.0000,0,0.0000,0
10792798.0,392.711162,324.183850,716.895012,818,120,0.00,0.1141,0.1000,4,0,6,507,0.253500,0.0000,0,0.0625,2,0.3906,2,0.0000,0,0.2500,2,0.0000,0,0.0000,0,0.4375,2,0.0000,0,0.0000,0
10792875.0,392.728880,324.242092,716.970972,819,120,0.00,0.1219,0.0750,4,0,6,508,0.254000,0.0000,0,0.0000,0,0.3906,2,0.0000,0,0.2031,2,0.1875,2,0.0000,0,0.4375,2,0.0000,0,0.0000,0
10792988.0,392.757042,324.323075,717.080117,820,120,0.00,0.1469,0.0875,5,0,5,509,0.254500,0.0000,0,0.0000,0,0.3906,2,0.0000,0,0.2031,2,0.1875,2,0.2500,2,0.4375,2,0.0000,0,0.0000,0
10793544.0,392.917380,324.788083,717.705464,821,120,0.00,0.1234,0.0875,5,0,5,509,0.254500,0.0000,0,0.0000,0,0.1094,2,0.0000,0,0.2031,2,0.1875,2,0.2500,2,0.4844,2,0.0000,0,0.0000,0
10793680.0,392.955493,324.904817,717.860310,822,120,0.00,0.1422,0.0875,6,0,4,510,0.255000,0.0000,0,0.0000,0,0.1094,2,0.0000,0,0.2031,2,0.1875,2,0.2500,2,0.4844,2,0.1875,2,0.0000,0
10793686.0,392.957923,324.910367,717.868290,823,120,0.00,0.1922,0.1375,7,0,3,511,0.255500,0.0000,0,0.0000,0,0.1094,2,0.0000,0,0.2031,2,0.1875,2,0.2500,2,0.4844,2,0.1875,2,0.5000,2
10793722.0,392.972450,324.955742,717.928191,824,120,0.00,0.1922,0.1375,8,0,2,512,0.256000,0.0469,2,0.0000,0,0.1094,2,0.0000,0,0.2031,2,0.1875,2,0.2500,2,0.4375,2,0.1875,2,0.5000,2
10793732.0,392.977167,324.969325,717.946492,825,120,0.00,0.1969,0.1500,9,0,1,513,0.256500,0.0469,2,0.0469,2,0.1094,2,0.0000,0,0.2031,2,0.1875,2,0.2500,2,0.4375,2,0.1875,2,0.5000,2
10793828.0,393.020933,325.113325,718.134258,826,121,0.00,0.2109,0.1625,9,0,1,513,0.256500,0.0469,2,0.0469,2,0.2500,2,0.0000,0,0.2031,2,0.1875,2,0.2500,2,0.4375,2,0.1875,2,0.5000,2
10793901.0,393.055454,325.227100,718.282554,827,121,0.00,0.2250,0.1500,9,1,0,514,0.257000,0.0469,2,0.0000,1,0.2500,2,0.1875,2,0.2031,2,0.1875,2,0.2500,2,0.4375,2,0.1875,2,0.5000,2
10794273.0,393.208159,325.719100,718.927259,828,122,0.00,0.2109,0.1500,7,0,3,514,0.257000,0.0000,0,0.0000,0,0.2500,2,0.1875,2,0.2969,2,0.0000,0,0.2500,2,0.4375,2,0.1875,2,0.5000,2
10794461.0,393.284936,325.976033,719.260969,829,122,0.00,0.2297,0.1500,8,0,2,515,0.257500,0.0000,0,0.0000,0,0.2500,2,0.1875,2,0.2969,2,0.1875,2,0.2500,2,0.4375,2,0.1875,2,0.5000,2
10795840.0,393.808542,327.761033,721.569575,830,122,0.00,0.1703,0.1500,5,0,5,515,0.257500,0.0000,0,0.0000,0,0.2500,2,0.0000,0,0.2031,2,0.0000,0,0.3125,2,0.4375,2,0.0000,0,0.5000,2
10796146.0,393.900495,328.123658,722.024154,831,122,0.00,0.1516,0.1500,5,0,5,515,0.257500,0.0000,0,0.0000,0,0.2500,2,0.0000,0,0.2031,2,0.0000,0,0.3125,2,0.2500,2,0.0000,0,0.5000,2
10796819.0,394.088956,328.891467,722.980422,832,122,0.00,0.1188,0.1000,5,0,5,516,0.258000,0.0000,0,0.0000,0,0.1094,2,0.0000,0,0.2031,2,0.0000,0,0.0000,0,0.1875,2,0.1875,2,0.5000,2
10796958.0,394.126891,329.021200,723.148091,833,122,0.00,0.1250,0.1125,5,0,5,516,0.258000,0.0000,0,0.0000,0,0.1094,2,0.0000,0,0.2031,2,0.0000,0,0.0000,0,0.1875,2,0.1875,2,0.5625,2
10797519.0,394.283224,329.586875,723.870099,834,122,0.00,0.1375,0.1250,6,0,4,517,0.258500,0.1250,2,0.0000,0,0.1094,2,0.0000,0,0.2031,2,0.0000,0,0.0000,0,0.1875,2,0.1875,2,0.5625,2
10797794.0,394.371190,329.903125,724.274315,835,122,0.00,0.1500,0.1250,7,0,3,518,0.259000,0.1250,2,0.1250,2,0.1094,2,0.0000,0,0.2031,2,0.0000,0,0.0000,0,0.1875,2,0.1875,2,0.5625,2
10797856.0,394.393406,329.978558,724.371965,836,122,0.00,0.2000,0.1250,7,0,3,518,0.259000,0.1250,2,0.1250,2,0.6094,2,0.0000,0,0.2031,2,0.0000,0,0.0000,0,0.1875,2,0.1875,2,0.5625,2
10797856.0,394.393906,329.978558,724.372465,837,122,0.00,0.2500,0.1250,8,0,2,519,0.259500,0.1250,2,0.1250,2,0.6094,2,0.5000,2,0.2031,2,0.0000,0,0.0000,0,0.1875,2,0.1875,2,0.5625,2
10797856.0,394.393906,329.978558,724.372465,838,122,0.00,0.3000,0.1250,8,0,2,519,0.259500,0.1250,2,0.1250,2,0.6094,2,0.5000,2,0.7031,2,0.0000,0,0.0000,0,0.1875,2,0.1875,2,0.5625,2
10797857.0,394.394912,329.979842,724.374753,839,122,0.00,0.3500,0.1250,9,0,1,520,0.260000,0.1250,2,0.1250,2,0.6094,2,0.5000,2,0.7031,2,0.5000,2,0.0000,0,0.1875,2,0.1875,2,0.5625,2
10798052.0,394.496712,330.237292,724.734003,840,122,0.00,0.1563,0.1250,7,0,3,521,0.260500,0.1250,2,0.0000,0,0.1094,2,0.0000,0,0.2031,2,0.0000,0,0.1875,2,0.1875,2,0.1875,2,0.5625,2
10798845.0,394.765735,331.174708,725.940444,841,122,0.00,0.1438,0.1375,6,0,4,521,0.260500,0.1250,2,0.0000,0,0.1094,2,0.0000,0,0.2031,2,0.0000,0,0.0000,0,0.2500,2,0.1875,2,0.5625,2
10799395.0,394.943340,331.848458,726.791798,842,123,0.00,0.1719,0.1500,6,0,4,521,0.260500,0.1250,2,0.0000,0,0.1094,2,0.0000,0,0.2031,2,0.0000,0,0.0000,0,0.2500,2,0.4688,2,0.5625,2
10799683.0,395.042640,332.222858,727.265498,843,123,0.00,0.1781,0.1625,6,0,4,521,0.260500,0.1250,2,0.0000,0,0.1094,2,0.0000,0,0.2031,2,0.0000,0,0.0000,0,0.2500,2,0.4688,2,0.6250,2
10799694.0,395.046486,332.237983,727.284469,844,124,0.00,0.1953,0.1750,6,0,4,521,0.260500,0.2969,2,0.0000,0,0.1094,2,0.0000,0,0.2031,2,0.0000,0,0.0000,0,0.2500,2,0.4688,2,0.6250,2
10799829.0,395.095994,332.433733,727.529727,845,124,0.00,0.2000,0.1875,7,0,3,522,0.261000,0.2969,2,0.0469,2,0.1094,2,0.0000,0,0.2031,2,0.0000,0,0.0000,0,0.2500,2,0.4688,2,0.6250,2
10799883.0,395.117444,332.519683,727.637127,846,124,0.00,0.2016,0.2000,7,0,3,522,0.261000,0.2969,2,0.0469,2,0.1250,2,0.0000,0,0.2031,2,0.0000,0,0.0000,0,0.2500,2,0.4688,2,0.6250,2
10800154.0,395.216447,332.911142,728.127589,847,124,0.00,0.1563,0.1500,7,0,3,523,0.261500,0.1250,2,0.0000,0,0.1094,2,0.1250,2,0.2031,2,0.0000,0,0.0000,0,0.1875,2,0.1875,2,0.6250,2
10800812.0,395.437574,333.658233,729.095807,848,124,0.00,0.1063,0.1000,7,0,3,523,0.261500,0.1250,2,0.0000,0,0.1094,2,0.1250,2,0.2656,2,0.0000,0,0.0000,0,0.1875,2,0.1875,2,0.0625,2
10801277.0,395.588876,334.154233,729.743109,849,124,0.00,0.1125,0.1125,8,0,2,524,0.262000,0.1250,2,0.0000,0,0.1094,2,0.1250,2,0.2656,2,0.0625,2,0.0000,0,0.1875,2,0.1875,2,0.0625,2
10801335.0,395.610240,334.224317,729.834557,850,124,0.00,0.1313,0.1125,9,0,1,525,0.262500,0.1250,2,0.0000,0,0.1094,2,0.1250,2,0.2656,2,0.0625,2,0.1875,2,0.1875,2,0.1875,2,0.0625,2
10801404.0,395.636068,334.309825,729.945893,851,125,0.00,0.1297,0.1250,8,0,2,525,0.262500,0.1250,2,0.0000,0,0.1094,2,0.1250,2,0.2656,2,0.0625,2,0.1875,2,0.3594,2,0.0000,0,0.0625,2
10801449.0,395.653357,334.367575,730.020932,852,125,0.00,0.1484,0.1375,9,0,1,526,0.263000,0.1250,2,0.0000,0,0.1094,2,0.1250,2,0.2656,2,0.0625,2,0.1875,2,0.3594,2,0.1875,2,0.0625,2
10801780.0,395.779381,334.789867,730.569248,853,125,0.00,0.1422,0.1125,8,0,2,526,0.263000,0.1250,2,0.0000,0,0.1094,2,0.1250,2,0.2031,2,0.0625,2,0.1875,2,0.3594,2,0.0000,0,0.2500,2
10801862.0,395.810772,334.888950,730.699722,854,126,0.00,0.1594,0.1250,8,0,2,526,0.263000,0.2969,2,0.0000,0,0.1094,2,0.1250,2,0.2031,2,0.0625,2,0.1875,2,0.3594,2,0.0000,0,0.2500,2
10802404.0,396.005109,335.526517,731.531626,855,126,0.00,0.1406,0.1000,8,0,2,527,0.263500,0.1250,2,0.2344,2,0.1094,2,0.1250,2,0.2031,2,0.0000,0,0.1875,2,0.3594,2,0.0000,0,0.0625,2
10802458.0,396.025007,335.587317,731.612324,856,127,0.00,0.1453,0.1000,7,0,3,527,0.263500,0.1250,2,0.2344,2,0.3438,2,0.1250,2,0.2031,2,0.0000,0,0.0000,0,0.3594,2,0.0000,0,0.0625,2
10803002.0,396.215751,336.167583,732.383335,857,128,0.00,0.1391,0.1125,7,0,3,527,0.263500,0.1250,2,0.2344,2,0.1094,2,0.2969,2,0.2031,2,0.0000,0,0.0000,0,0.3594,2,0.0000,0,0.0625,2
10803121.0,396.257381,336.303442,732.560822,858,129,0.00,0.1625,0.1125,7,0,3,527,0.263500,0.1250,2,0.2344,2,0.1094,2,0.2969,2,0.4375,2,0.0000,0,0.0000,0,0.3594,2,0.0000,0,0.0625,2
10803482.0,396.390749,336.715583,733.106332,859,129,0.00,0.1859,0.1125,8,0,2,528,0.264000,0.1250,2,0.2344,2,0.1094,2,0.2969,2,0.4375,2,0.2344,2,0.0000,0,0.3594,2,0.0000,0,0.0625,2
10804093.0,396.626128,337.434008,734.060136,860,129,0.00,0.1406,0.1000,8,0,2,529,0.264500,0.1250,2,0.0000,0,0.1094,2,0.2969,2,0.2031,2,0.2344,2,0.1875,2,0.1875,2,0.0000,0,0.0625,2
10804113.0,396.633760,337.456675,734.090435,861,129,0.00,0.1469,0.1125,8,0,2,529,0.264500,0.1250,2,0.0000,0,0.1094,2,0.2969,2,0.2031,2,0.2344,2,0.1875,2,0.2500,2,0.0000,0,0.0625,2
10804189.0,396.663630,337.548508,734.212139,862,129,0.00,0.1656,0.1125,9,0,1,530,0.265000,0.1250,2,0.0000,0,0.1094,2,0.2969,2,0.2031,2,0.2344,2,0.1875,2,0.2500,2,0.1875,2,0.0625,2
10804255.0,396.692116,337.632658,734.324774,863,129,0.00,0.1844,0.1125,9,0,1,530,0.265000,0.1250,2,0.0000,0,0.1094,2,0.2969,2,0.2031,2,0.2344,2,0.1875,2,0.2500,2,0.1875,2,0.2500,2
10804257.0,396.693008,337.635208,734.328216,864,130,0.00,0.2031,0.1125,9,0,1,530,0.265000,0.3125,2,0.0000,0,0.1094,2,0.2969,2,0.2031,2,0.2344,2,0.1875,2,0.2500,2,0.1875,2,0.2500,2
10804259.0,396.694430,337.637758,734.332188,865,130,0.00,0.2531,0.1125,10,0,0,531,0.265500,0.3125,2,0.5000,2,0.1094,2,0.2969,2,0.2031,2,0.2344,2,0.1875,2,0.2500,2,0.1875,2,0.2500,2
10804263.0,396.696551,337.643125,734.339676,866,130,0.00,0.2578,0.1250,10,0,0,531,0.265500,0.3125,2,0.5000,2,0.1563,2,0.2969,2,0.2031,2,0.2344,2,0.1875,2,0.2500,2,0.1875,2,0.2500,2
10804591.0,396.871217,338.098792,734.970009,867,131,0.00,0.2719,0.1125,10,0,0,531,0.265500,0.3125,2,0.5000,2,0.1094,2,0.4844,2,0.2031,2,0.2344,2,0.1875,2,0.2500,2,0.1875,2,0.2500,2
10805049.0,397.100200,338.694608,735.794808,868,131,0.00,0.1594,0.1250,7,1,2,531,0.265500,0.1250,2,0.5000,2,0.1094,2,0.2969,2,0.2500,2,0.0000,0,0.0000,0,0.2500,2,0.0000,1,0.0625,2
10805052.0,397.101888,338.698458,735.800347,869,131,0.00,0.1656,0.1375,8,1,1,532,0.266000,0.1250,2,0.5000,2,0.1094,2,0.2969,2,0.2500,2,0.0625,2,0.0000,0,0.2500,2,0.0000,1,0.0625,2
10805077.0,397.112475,338.732550,735.845025,870,131,0.00,0.1781,0.1500,9,0,1,533,0.266500,0.1250,2,0.5000,2,0.1094,2,0.2969,2,0.2500,2,0.0625,2,0.1250,2,0.2500,2,0.0000,0,0.0625,2
10805309.0,397.214592,339.075000,736.289592,871,132,0.00,0.2016,0.1500,9,0,1,533,0.266500,0.1250,2,0.5000,2,0.1094,2,0.2969,2,0.2031,2,0.0625,2,0.1250,2,0.5313,2,0.0000,0,0.0625,2
10805350.0,397.233933,339.136500,736.370433,872,132,0.00,0.2203,0.1500,10,0,0,534,0.267000,0.1250,2,0.5000,2,0.1094,2,0.2969,2,0.2031,2,0.0625,2,0.1250,2,0.5313,2,0.1875,2,0.0625,2
10805404.0,397.261186,339.221100,736.482286,873,132,0.00,0.2391,0.1500,10,0,0,534,0.267000,0.1250,2,0.5000,2,0.1094,2,0.2969,2,0.2031,2,0.0625,2,0.1250,2,0.5313,2,0.1875,2,0.2500,2
10806552.0,397.792739,340.750392,738.543131,874,132,0.00,0.1813,0.1125,8,0,2,534,0.267000,0.1875,2,0.5000,2,0.1094,2,0.1250,2,0.2031,2,0.0000,0,0.0000,0,0.2500,2,0.1875,2,0.2500,2
10806834.0,397.908235,341.075317,738.983551,875,133,0.00,0.1984,0.1000,8,0,2,534,0.267000,0.1250,2,0.7344,2,0.1094,2,0.1250,2,0.2031,2,0.0000,0,0.0000,0,0.2500,2,0.1875,2,0.2500,2
10806836.0,397.909088,341.077583,738.986671,876,133,0.00,0.2219,0.1000,8,0,2,534,0.267000,0.1250,2,0.7344,2,0.3438,2,0.1250,2,0.2031,2,0.0000,0,0.0000,0,0.2500,2,0.1875,2,0.2500,2
10806836.0,397.909088,341.077583,738.986671,877,134,0.00,0.2453,0.1000,8,0,2,534,0.267000,0.1250,2,0.7344,2,0.3438,2,0.3594,2,0.2031,2,0.0000,0,0.0000,0,0.2500,2,0.1875,2,0.2500,2
10806856.0,397.918348,341.100250,739.018598,878,134,0.00,0.2516,0.1125,8,0,2,534,0.267000,0.1250,2,0.7344,2,0.3438,2,0.3594,2,0.2656,2,0.0000,0,0.0000,0,0.2500,2,0.1875,2,0.2500,2
10807151.0,398.035813,341.428567,739.464379,879,134,0.00,0.1609,0.1125,8,0,2,535,0.267500,0.1250,2,0.5000,2,0.1094,2,0.1250,2,0.2031,2,0.0469,2,0.0000,0,0.2500,2,0.0000,0,0.2500,2
10865100.0,408.982113,377.168492,786.150604,880,134,0.00,0.0547,0.0625,4,0,6,536,0.268000,0.0000,0,0.0000,0,0.1094,2,0.0000,0,0.2031,2,0.0000,0,0.0469,2,0.1875,2,0.0000,0,0.0000,0
10865134.0,408.988659,377.190308,786.178967,881,135,0.00,0.0734,0.0625,4,0,6,536,0.268000,0.0000,0,0.0000,0,0.1094,2,0.0000,0,0.2031,2,0.0000,0,0.0469,2,0.3750,2,0.0000,0,0.0000,0
10865488.0,409.056829,377.392258,786.449087,882,135,0.00,0.0859,0.0625,4,0,6,537,0.268500,0.0000,0,0.0000,0,0.1094,2,0.0000,0,0.2031,2,0.0000,0,0.0000,0,0.3750,2,0.1719,2,0.0000,0
10865602.0,409.082048,377.465408,786.547457,883,135,0.00,0.1031,0.0750,5,0,5,538,0.269000,0.0000,0,0.0000,0,0.1094,2,0.0000,0,0.2031,2,0.0000,0,0.0000,0,0.3750,2,0.1719,2,0.1719,2
10865701.0,409.108364,377.542958,786.651322,884,135,0.00,0.1094,0.0875,6,0,4,539,0.269500,0.0625,2,0.0000,0,0.1094,2,0.0000,0,0.2031,2,0.0000,0,0.0000,0,0.3750,2,0.1719,2,0.1719,2
10866234.0,409.245968,377.980325,787.226293,885,135,0.00,0.0969,0.0875,6,0,4,540,0.270000,0.0000,0,0.1250,2,0.1094,2,0.0000,0,0.2031,2,0.0000,0,0.0000,0,0.1875,2,0.1719,2,0.1719,2
10866848.0,409.421853,378.548275,787.970128,886,136,0.00,0.1031,0.1000,6,0,4,540,0.270000,0.0000,0,0.1250,2,0.1719,2,0.0000,0,0.2031,2,0.0000,0,0.0000,0,0.1875,2,0.1719,2,0.1719,2
10866881.0,409.431967,378.581275,788.013242,887,136,0.00,0.1203,0.1125,7,0,3,541,0.270500,0.0000,0,0.1250,2,0.1719,2,0.1719,2,0.2031,2,0.0000,0,0.0000,0,0.1875,2,0.1719,2,0.1719,2
10866939.0,409.451411,378.647492,788.098903,888,137,0.00,0.1375,0.1250,7,0,3,541,0.270500,0.0000,0,0.1250,2,0.1719,2,0.1719,2,0.3750,2,0.0000,0,0.0000,0,0.1875,2,0.1719,2,0.1719,2
10867195.0,409.541155,378.958958,788.500114,889,137,0.00,0.1547,0.1375,8,0,2,542,0.271000,0.0000,0,0.1250,2,0.1719,2,0.1719,2,0.3750,2,0.1719,2,0.0000,0,0.1875,2,0.1719,2,0.1719,2
10867336.0,409.597003,379.150483,788.747486,890,137,0.00,0.1719,0.1500,9,0,1,543,0.271500,0.0000,0,0.1250,2,0.1719,2,0.1719,2,0.3750,2,0.1719,2,0.1719,2,0.1875,2,0.1719,2,0.1719,2
10867709.0,409.759802,379.709983,789.469785,891,137,0.00,0.1766,0.1625,9,0,1,543,0.271500,0.0000,0,0.1250,2,0.1719,2,0.1719,2,0.3750,2,0.1719,2,0.1719,2,0.2344,2,0.1719,2,0.1719,2
10867736.0,409.771685,379.752508,789.524193,892,138,0.00,0.1938,0.1750,9,0,1,543,0.271500,0.0000,0,0.1250,2,0.1719,2,0.1719,2,0.3750,2,0.1719,2,0.1719,2,0.2344,2,0.3438,2,0.1719,2
10868104.0,409.925270,380.290717,790.215987,893,139,0.00,0.1766,0.1500,8,0,2,543,0.271500,0.0000,0,0.0000,0,0.1719,2,0.1719,2,0.3750,2,0.1719,2,0.1719,2,0.1875,2,0.1719,2,0.3438,2
10868106.0,409.926589,380.293583,790.220173,894,139,0.00,0.1891,0.1625,9,0,1,544,0.272000,0.1250,2,0.0000,0,0.1719,2,0.1719,2,0.3750,2,0.1719,2,0.1719,2,0.1875,2,0.1719,2,0.3438,2
10868260.0,409.995225,380.530908,790.526134,895,139,0.00,0.1953,0.1625,9,0,1,545,0.272500,0.0000,0,0.1875,2,0.1719,2,0.1719,2,0.3750,2,0.1719,2,0.1719,2,0.1875,2,0.1719,2,0.3438,2
10868293.0,410.010230,380.582883,790.593113,896,140,0.00,0.2125,0.1750,9,0,1,545,0.272500,0.0000,0,0.1875,2,0.3438,2,0.1719,2,0.3750,2,0.1719,2,0.1719,2,0.1875,2,0.1719,2,0.3438,2
10912355.0,417.720775,404.279017,821.999791,897,140,0.00,0.0547,0.0500,4,0,6,546,0.273000,0.0000,0,0.0000,0,0.1094,2,0.0625,2,0.1875,2,0.0000,0,0.0000,0,0.1875,2,0.0000,0,0.0000,0
10912401.0,417.729631,404.305083,822.034715,898,141,0.00,0.0719,0.0625,4,0,6,546,0.273000,0.0000,0,0.0000,0,0.1094,2,0.0625,2,0.3594,2,0.0000,0,0.0000,0,0.1875,2,0.0000,0,0.0000,0
10913075.0,417.840878,404.614000,822.454878,899,141,0.00,0.0672,0.0500,4,0,6,547,0.273500,0.0000,0,0.0000,0,0.1094,2,0.0000,0,0.1875,2,0.1875,2,0.0000,0,0.1875,2,0.0000,0,0.0000,0
10913269.0,417.880616,404.723933,822.604549,900,141,0.00,0.0734,0.0625,5,0,5,548,0.274000,0.0000,0,0.0000,0,0.1094,2,0.0000,0,0.1875,2,0.1875,2,0.0625,2,0.1875,2,0.0000,0,0.0000,0
10913375.0,417.904637,404.792658,822.697295,901,141,0.00,0.0734,0.0625,4,0,6,548,0.274000,0.0000,0,0.0000,0,0.1094,2,0.0000,0,0.1875,2,0.1875,2,0.0000,0,0.2500,2,0.0000,0,0.0000,0
10914142.0,418.046722,405.229725,823.276447,902,141,0.00,0.0719,0.0625,4,0,6,549,0.274500,0.0000,0,0.0000,0,0.1094,2,0.0000,0,0.1875,2,0.0000,0,0.0000,0,0.2500,2,0.1719,2,0.0000,0
10914308.0,418.081402,405.336242,823.417643,903,141,0.00,0.0781,0.0750,5,0,5,550,0.275000,0.0000,0,0.0000,0,0.1094,2,0.0000,0,0.1875,2,0.0000,0,0.0000,0,0.2500,2,0.1719,2,0.0625,2
10914403.0,418.104827,405.410658,823.515485,904,141,0.00,0.0953,0.0875,6,0,4,551,0.275500,0.1719,2,0.0000,0,0.1094,2,0.0000,0,0.1875,2,0.0000,0,0.0000,0,0.2500,2,0.1719,2,0.0625,2
10914426.0,418.111888,405.431933,823.543821,905,141,0.00,0.1125,0.1000,7,0,3,552,0.276000,0.1719,2,0.1719,2,0.1094,2,0.0000,0,0.1875,2,0.0000,0,0.0000,0,0.2500,2,0.1719,2,0.0625,2
10914450.0,418.119788,405.457533,823.577321,906,142,0.00,0.1297,0.1125,7,0,3,552,0.276000,0.1719,2,0.1719,2,0.2813,2,0.0000,0,0.1875,2,0.0000,0,0.0000,0,0.2500,2,0.1719,2,0.0625,2
10914451.0,418.120630,405.458675,823.579305,907,142,0.00,0.1469,0.1250,8,0,2,553,0.276500,0.1719,2,0.1719,2,0.2813,2,0.1719,2,0.1875,2,0.0000,0,0.0000,0,0.2500,2,0.1719,2,0.0625,2
10914453.0,418.121403,405.461242,823.582645,908,143,0.00,0.1641,0.1375,8,0,2,553,0.276500,0.1719,2,0.1719,2,0.2813,2,0.1719,2,0.3594,2,0.0000,0,0.0000,0,0.2500,2,0.1719,2,0.0625,2
10914513.0,418.145893,405.542742,823.688634,909,143,0.00,0.1703,0.1500,9,0,1,554,0.277000,0.1719,2,0.1719,2,0.2813,2,0.1719,2,0.3594,2,0.0625,2,0.0000,0,0.2500,2,0.1719,2,0.0625,2
10914526.0,418.152051,405.562242,823.714293,910,143,0.00,0.1719,0.1625,10,0,0,555,0.277500,0.1719,2,0.1719,2,0.2813,2,0.1719,2,0.3594,2,0.0625,2,0.0156,2,0.2500,2,0.1719,2,0.0625,2
10914611.0,418.191747,405.701783,823.893530,911,144,0.00,0.1891,0.1750,10,0,0,555,0.277500,0.1719,2,0.1719,2,0.2813,2,0.1719,2,0.3594,2,0.0625,2,0.0156,2,0.4219,2,0.1719,2,0.0625,2
10914905.0,418.331169,406.190908,824.522077,912,144,0.00,0.1813,0.1500,8,0,2,555,0.277500,0.1719,2,0.1719,2,0.2813,2,0.1719,2,0.3594,2,0.0000,0,0.0000,0,0.3594,2,0.2344,2,0.0625,2
10915055.0,418.387784,406.387650,824.775434,913,144,0.00,0.1703,0.1500,7,0,3,555,0.277500,0.1719,2,0.0000,0,0.2813,2,0.1719,2,0.3594,2,0.0000,0,0.0000,0,0.3594,2,0.2344,2,0.1250,2
10915122.0,418.412851,406.479217,824.892067,914,145,0.00,0.1828,0.1625,7,0,3,555,0.277500,0.2969,2,0.0000,0,0.2813,2,0.1719,2,0.3594,2,0.0000,0,0.0000,0,0.3594,2,0.2344,2,0.1250,2
10947916.0,424.614500,424.699283,849.313783,915,145,0.00,0.0500,0.0500,4,0,6,556,0.278000,0.0000,0,0.0625,2,0.0000,0,0.0000,0,0.1875,2,0.0000,0,0.0000,0,0.1875,2,0.0000,0,0.0625,2
10948395.0,424.705478,424.970717,849.676194,916,145,0.00,0.0672,0.0625,5,0,5,557,0.278500,0.0000,0,0.0625,2,0.1719,2,0.0000,0,0.1875,2,0.0000,0,0.0000,0,0.1875,2,0.0000,0,0.0625,2
10948396.0,424.706210,424.971425,849.677635,917,145,0.00,0.0844,0.0750,6,0,4,558,0.279000,0.0000,0,0.0625,2,0.1719,2,0.1719,2,0.1875,2,0.0000,0,0.0000,0,0.1875,2,0.0000,0,0.0625,2
10948996.0,424.868990,425.466708,850.335698,918,145,0.00,0.0844,0.0750,5,0,5,558,0.279000,0.0000,0,0.0000,0,0.1719,2,0.1719,2,0.2500,2,0.0000,0,0.0000,0,0.1875,2,0.0000,0,0.0625,2
10949260.0,424.934481,425.673508,850.607990,919,145,0.00,0.0906,0.0875,6,0,4,559,0.279500,0.0000,0,0.0000,0,0.1719,2,0.1719,2,0.2500,2,0.0625,2,0.0000,0,0.1875,2,0.0000,0,0.0625,2
10949384.0,424.969899,425.788208,850.758108,920,145,0.00,0.0969,0.1000,7,0,3,560,0.280000,0.0000,0,0.0000,0,0.1719,2,0.1719,2,0.2500,2,0.0625,2,0.0625,2,0.1875,2,0.0000,0,0.0625,2
10949530.0,425.013240,425.930500,850.943740,921,146,0.00,0.1141,0.1000,6,0,4,560,0.280000,0.0000,0,0.0000,0,0.1719,2,0.1719,2,0.2500,2,0.0000,0,0.0625,2,0.4219,2,0.0000,0,0.0625,2
10949730.0,425.071391,426.119550,851.190941,922,146,0.00,0.0906,0.0875,6,1,3,561,0.280500,0.0000,0,0.0000,0,0.1719,2,0.1719,2,0.2500,2,0.0000,0,0.0000,1,0.1875,2,0.0625,2,0.0625,2
10949790.0,425.088409,426.175317,851.263726,923,146,0.00,0.0969,0.1000,6,0,4,561,0.280500,0.0000,0,0.0000,0,0.1719,2,0.1719,2,0.2500,2,0.0000,0,0.0000,0,0.1875,2,0.0625,2,0.1250,2
10950572.0,425.284968,426.803733,852.088701,924,146,0.00,0.0875,0.0750,6,0,4,562,0.281000,0.0938,2,0.0000,0,0.1719,2,0.1719,2,0.1875,2,0.0000,0,0.0000,0,0.1875,2,0.0000,0,0.0625,2
10950677.0,425.312545,426.882375,852.194920,925,146,0.00,0.1047,0.0625,6,0,4,563,0.281500,0.0938,2,0.2344,2,0.1719,2,0.1719,2,0.1875,2,0.0000,0,0.0000,0,0.1875,2,0.0000,0,0.0000,0
10950697.0,425.318396,426.897875,852.216271,926,146,0.00,0.1109,0.0750,6,0,4,563,0.281500,0.0938,2,0.2344,2,0.2344,2,0.1719,2,0.1875,2,0.0000,0,0.0000,0,0.1875,2,0.0000,0,0.0000,0
10950885.0,425.372101,427.055408,852.427509,927,146,0.00,0.0938,0.0875,5,0,5,563,0.281500,0.0938,2,0.0000,0,0.2344,2,0.2344,2,0.1875,2,0.0000,0,0.0000,0,0.1875,2,0.0000,0,0.0000,0
10951083.0,425.422288,427.225358,852.647647,928,146,0.00,0.0953,0.1000,5,0,5,563,0.281500,0.0938,2,0.0000,0,0.2344,2,0.2344,2,0.2031,2,0.0000,0,0.0000,0,0.1875,2,0.0000,0,0.0000,0
10963022.0,427.187356,432.062550,859.249906,929,146,0.00,0.0609,0.0375,3,0,7,564,0.282000,0.0000,0,0.0000,0,0.0000,0,0.0000,0,0.1875,2,0.2344,2,0.0000,0,0.1875,2,0.0000,0,0.0000,0
10963049.0,427.192361,432.074025,859.266386,930,146,0.00,0.0781,0.0500,4,0,6,565,0.282500,0.0000,0,0.0000,0,0.0000,0,0.0000,0,0.1875,2,0.2344,2,0.1719,2,0.1875,2,0.0000,0,0.0000,0
10963193.0,427.217676,432.140342,859.358018,931,147,0.00,0.0781,0.0375,3,0,7,565,0.282500,0.0000,0,0.0000,0,0.0000,0,0.0000,0,0.1875,2,0.0000,0,0.1719,2,0.4219,2,0.0000,0,0.0000,0
10963412.0,427.254980,432.233417,859.488397,932,147,0.00,0.0734,0.0375,4,0,6,566,0.283000,0.0000,0,0.0000,0,0.0000,0,0.0000,0,0.1875,2,0.0000,0,0.1719,2,0.1875,2,0.1875,2,0.0000,0
10963416.0,427.256309,432.235383,859.491692,933,147,0.00,0.0922,0.0375,5,0,5,567,0.283500,0.0000,0,0.0000,0,0.0000,0,0.0000,0,0.1875,2,0.0000,0,0.1719,2,0.1875,2,0.1875,2,0.1875,2
10963495.0,427.276737,432.279492,859.556228,934,147,0.00,0.1422,0.0375,6,0,4,568,0.284000,0.5000,2,0.0000,0,0.0000,0,0.0000,0,0.1875,2,0.0000,0,0.1719,2,0.1875,2,0.1875,2,0.1875,2
10963811.0,427.370644,432.470192,859.840836,935,147,0.00,0.1109,0.0375,6,0,4,569,0.284500,0.0000,0,0.1875,2,0.0000,0,0.0000,0,0.1875,2,0.0000,0,0.1719,2,0.1875,2,0.1875,2,0.1875,2
10963977.0,427.420133,432.573942,859.994075,936,147,0.00,0.1094,0.0500,6,1,3,570,0.285000,0.0000,0,0.0000,1,0.1719,2,0.0000,0,0.1875,2,0.0000,0,0.1719,2,0.1875,2,0.1875,2,0.1875,2
10964069.0,427.448004,432.638608,860.086612,937,147,0.00,0.1156,0.0625,7,0,3,571,0.285500,0.0000,0,0.0000,0,0.1719,2,0.0625,2,0.1875,2,0.0000,0,0.1719,2,0.1875,2,0.1875,2,0.1875,2
10964788.0,427.612596,433.100150,860.712746,938,148,0.00,0.0609,0.0500,3,1,6,571,0.285500,0.0000,0,0.0000,0,0.0000,1,0.0625,2,0.3594,2,0.0000,0,0.0000,0,0.1875,2,0.0000,0,0.0000,0
10965221.0,427.685552,433.317117,861.002669,939,148,0.00,0.1109,0.0500,4,0,6,572,0.286000,0.0000,0,0.0000,0,0.0000,0,0.0625,2,0.3594,2,0.5000,2,0.0000,0,0.1875,2,0.0000,0,0.0000,0
10965222.0,427.686288,433.317683,861.003972,940,148,0.00,0.1609,0.0500,5,0,5,573,0.286500,0.0000,0,0.0000,0,0.0000,0,0.0625,2,0.3594,2,0.5000,2,0.5000,2,0.1875,2,0.0000,0,0.0000,0
10965222.0,427.686288,433.317683,861.003972,941,148,0.00,0.2109,0.0500,5,0,5,573,0.286500,0.0000,0,0.0000,0,0.0000,0,0.0625,2,0.3594,2,0.5000,2,0.5000,2,0.6875,2,0.0000,0,0.0000,0
11034173.0,435.907366,453.100175,889.007541,942,148,0.00,0.0875,0.0250,3,0,7,574,0.287000,0.0000,0,0.0000,0,0.0000,0,0.0000,0,0.1875,2,0.0000,0,0.0000,0,0.1875,2,0.5000,2,0.0000,0
11034329.0,435.937116,453.154775,889.091891,943,148,0.00,0.0938,0.0375,4,0,6,575,0.287500,0.0000,0,0.0000,0,0.0000,0,0.0000,0,0.1875,2,0.0000,0,0.0000,0,0.1875,2,0.5000,2,0.0625,2
11034416.0,435.953621,453.195417,889.149038,944,148,0.00,0.0609,0.0500,4,0,6,576,0.288000,0.1719,2,0.0000,0,0.0000,0,0.0000,0,0.1875,2,0.0000,0,0.0000,0,0.1875,2,0.0000,0,0.0625,2
11034445.0,435.959845,453.211850,889.171695,945,148,0.00,0.0844,0.0625,5,0,5,577,0.288500,0.1719,2,0.2344,2,0.0000,0,0.0000,0,0.1875,2,0.0000,0,0.0000,0,0.1875,2,0.0000,0,0.0625,2
11034701.0,436.011130,453.354683,889.365813,946,148,0.00,0.0672,0.0500,4,0,6,578,0.289000,0.0000,0,0.0000,0,0.2344,2,0.0000,0,0.1875,2,0.0000,0,0.0000,0,0.1875,2,0.0000,0,0.0625,2
11034704.0,436.012236,453.356383,889.368620,947,148,0.00,0.0766,0.0625,5,0,5,579,0.289500,0.0000,0,0.0000,0,0.2344,2,0.0938,2,0.1875,2,0.0000,0,0.0000,0,0.1875,2,0.0000,0,0.0625,2
11034735.0,436.019680,453.378342,889.398021,948,149,0.00,0.1000,0.0750,5,0,5,579,0.289500,0.0000,0,0.0000,0,0.2344,2,0.0938,2,0.4219,2,0.0000,0,0.0000,0,0.1875,2,0.0000,0,0.0625,2
11034748.0,436.023538,453.388525,889.412063,949,149,0.00,0.1500,0.0750,6,0,4,580,0.290000,0.0000,0,0.0000,0,0.2344,2,0.0938,2,0.4219,2,0.5000,2,0.0000,0,0.1875,2,0.0000,0,0.0625,2
11034748.0,436.024038,453.388525,889.412563,950,149,0.00,0.2000,0.0750,7,0,3,581,0.290500,0.0000,0,0.0000,0,0.2344,2,0.0938,2,0.4219,2,0.5000,2,0.5000,2,0.1875,2,0.0000,0,0.0625,2
11034954.0,436.100460,453.572158,889.672618,951,150,0.00,0.1078,0.0750,4,0,6,581,0.290500,0.0000,0,0.0000,0,0.2344,2,0.0000,0,0.4219,2,0.0000,0,0.0000,0,0.3594,2,0.0000,0,0.0625,2
11035001.0,436.111951,453.605842,889.717793,952,150,0.00,0.1203,0.0875,5,0,5,582,0.291000,0.0000,0,0.0000,0,0.2344,2,0.0000,0,0.4219,2,0.0000,0,0.0000,0,0.3594,2,0.1250,2,0.0625,2
11035112.0,436.142380,453.701117,889.843497,953,150,0.00,0.1375,0.1000,5,0,5,582,0.291000,0.0000,0,0.0000,0,0.2344,2,0.0000,0,0.4219,2,0.0000,0,0.0000,0,0.3594,2,0.1250,2,0.2344,2
11035244.0,436.180830,453.824317,890.005147,954,150,0.00,0.1438,0.1125,6,0,4,583,0.291500,0.0625,2,0.0000,0,0.2344,2,0.0000,0,0.4219,2,0.0000,0,0.0000,0,0.3594,2,0.1250,2,0.2344,2
11035446.0,436.245248,454.034792,890.280039,955,150,0.00,0.1203,0.1000,7,0,3,584,0.292000,0.0625,2,0.1719,2,0.2344,2,0.0000,0,0.1875,2,0.0000,0,0.0000,0,0.1875,2,0.1250,2,0.2344,2
11036090.0,436.417852,454.556150,890.974002,956,151,0.00,0.1188,0.0875,5,0,5,584,0.292000,0.0000,0,0.1719,2,0.4063,2,0.0000,0,0.1875,2,0.0000,0,0.0000,0,0.1875,2,0.0000,0,0.2344,2
11036433.0,436.511962,454.850558,891.362521,957,151,0.00,0.1281,0.1000,6,0,4,585,0.292500,0.0000,0,0.1719,2,0.4063,2,0.0938,2,0.1875,2,0.0000,0,0.0000,0,0.1875,2,0.0000,0,0.2344,2
11036591.0,436.561063,455.008558,891.569621,958,151,0.00,0.1406,0.1125,6,0,4,585,0.292500,0.0000,0,0.1719,2,0.4063,2,0.0938,2,0.3125,2,0.0000,0,0.0000,0,0.1875,2,0.0000,0,0.2344,2
11036816.0,436.633672,455.250433,891.884106,959,151,0.00,0.1578,0.1250,7,0,3,586,0.293000,0.0000,0,0.1719,2,0.4063,2,0.0938,2,0.3125,2,0.1719,2,0.0000,0,0.1875,2,0.0000,0,0.2344,2
11062897.0,441.115989,467.979200,909.095189,960,151,0.00,0.0625,0.0500,4,0,6,587,0.293500,0.0000,0,0.0000,0,0.0000,0,0.0000,0,0.1875,2,0.0000,0,0.1875,2,0.1875,2,0.0000,0,0.0625,2
11062993.0,441.135056,468.033600,909.168656,961,152,0.00,0.0688,0.0625,4,0,6,587,0.293500,0.0000,0,0.0000,0,0.0000,0,0.0000,0,0.1875,2,0.0000,0,0.1875,2,0.2500,2,0.0000,0,0.0625,2
11063597.0,441.258453,468.421167,909.679620,962,152,0.00,0.0859,0.0750,5,0,5,588,0.294000,0.0000,0,0.0000,0,0.0000,0,0.0000,0,0.1875,2,0.0000,0,0.1875,2,0.2500,2,0.1719,2,0.0625,2
11064076.0,441.362323,468.748233,910.110557,963,152,0.00,0.0859,0.0750,4,0,6,588,0.294000,0.0000,0,0.0000,0,0.0000,0,0.0000,0,0.1875,2,0.0000,0,0.1875,2,0.2500,2,0.0000,0,0.2344,2
11064077.0,441.363040,468.748950,910.111990,964,152,0.00,0.1031,0.0875,5,0,5,589,0.294500,0.1719,2,0.0000,0,0.0000,0,0.0000,0,0.1875,2,0.0000,0,0.1875,2,0.2500,2,0.0000,0,0.2344,2
11064333.0,441.425796,468.947317,910.373113,965,152,0.00,0.0875,0.0750,5,0,5,590,0.295000,0.0000,0,0.1875,2,0.0000,0,0.0000,0,0.1875,2,0.0000,0,0.1875,2,0.2500,2,0.0000,0,0.0625,2
11064446.0,441.454389,469.035833,910.490223,966,152,0.00,0.0938,0.0875,6,0,4,591,0.295500,0.0000,0,0.1875,2,0.0625,2,0.0000,0,0.1875,2,0.0000,0,0.1875,2,0.2500,2,0.0000,0,0.0625,2
11064502.0,441.470795,469.087633,910.558428,967,152,0.00,0.1109,0.1000,7,0,3,592,0.296000,0.0000,0,0.1875,2,0.0625,2,0.1719,2,0.1875,2,0.0000,0,0.1875,2,0.2500,2,0.0000,0,0.0625,2
11064663.0,441.523595,469.259367,910.782962,968,153,0.00,0.1344,0.1125,7,0,3,592,0.296000,0.0000,0,0.1875,2,0.0625,2,0.1719,2,0.4219,2,0.0000,0,0.1875,2,0.2500,2,0.0000,0,0.0625,2
11064914.0,441.608653,469.537725,911.146378,969,153,0.00,0.1328,0.1125,7,0,3,593,0.296500,0.0000,0,0.0000,0,0.0625,2,0.1719,2,0.4219,2,0.1719,2,0.1875,2,0.2500,2,0.0000,0,0.0625,2
11064916.0,441.609343,469.540008,911.149351,970,154,0.00,0.1500,0.1250,7,0,3,593,0.296500,0.0000,0,0.0000,0,0.0625,2,0.1719,2,0.4219,2,0.1719,2,0.3594,2,0.2500,2,0.0000,0,0.0625,2
11064955.0,441.623318,469.587458,911.210776,971,155,0.00,0.1672,0.1375,7,0,3,593,0.296500,0.0000,0,0.0000,0,0.0625,2,0.1719,2,0.4219,2,0.1719,2,0.3594,2,0.4219,2,0.0000,0,0.0625,2
11065120.0,441.685149,469.800583,911.485732,972,155,0.00,0.1844,0.1500,8,0,2,594,0.297000,0.0000,0,0.0000,0,0.0625,2,0.1719,2,0.4219,2,0.1719,2,0.3594,2,0.4219,2,0.1719,2,0.0625,2
11065306.0,441.754830,470.033725,911.788555,973,155,0.00,0.1500,0.1250,7,0,3,594,0.297000,0.0000,0,0.0000,0,0.0625,2,0.1719,2,0.4219,2,0.0000,0,0.1875,2,0.2500,2,0.1719,2,0.2344,2
11065308.0,441.756046,470.036158,911.792205,974,155,0.00,0.1672,0.1375,8,0,2,595,0.297500,0.1719,2,0.0000,0,0.0625,2,0.1719,2,0.4219,2,0.0000,0,0.1875,2,0.2500,2,0.1719,2,0.2344,2
11065717.0,441.921069,470.591717,912.512786,975,155,0.00,0.1844,0.1500,9,0,1,596,0.298000,0.1719,2,0.1719,2,0.0625,2,0.1719,2,0.4219,2,0.0000,0,0.1875,2,0.2500,2,0.1719,2,0.2344,2
11174673.0,458.265082,515.078800,973.343882,976,155,0.00,0.0469,0.0375,3,0,7,597,0.298500,0.0000,0,0.0000,0,0.0938,2,0.0000,0,0.1875,2,0.0000,0,0.0000,0,0.1875,2,0.0000,0,0.0000,0
11174967.0,458.311417,515.203750,973.515167,977,155,0.00,0.0969,0.0375,4,0,6,598,0.299000,0.0000,0,0.0000,0,0.0938,2,0.5000,2,0.1875,2,0.0000,0,0.0000,0,0.1875,2,0.0000,0,0.0000,0
11174967.0,458.311417,515.203750,973.515167,978,155,0.00,0.1469,0.0375,4,0,6,598,0.299000,0.0000,0,0.0000,0,0.0938,2,0.5000,2,0.6875,2,0.0000,0,0.0000,0,0.1875,2,0.0000,0,0.0000,0
11175315.0,458.383252,515.363717,973.746968,979,155,0.00,0.0703,0.0500,4,0,6,599,0.299500,0.0000,0,0.0000,0,0.0938,2,0.0000,0,0.1875,2,0.2344,2,0.0000,0,0.1875,2,0.0000,0,0.0000,0
11175329.0,458.386617,515.371650,973.758267,980,155,0.00,0.0953,0.0625,5,0,5,600,0.300000,0.0000,0,0.0000,0,0.0938,2,0.0000,0,0.1875,2,0.2344,2,0.2500,2,0.1875,2,0.0000,0,0.0000,0
11175351.0,458.392220,515.387233,973.779454,981,156,0.00,0.1188,0.0750,5,0,5,600,0.300000,0.0000,0,0.0000,0,0.0938,2,0.0000,0,0.1875,2,0.2344,2,0.2500,2,0.4219,2,0.0000,0,0.0000,0
11175546.0,458.443121,515.527083,973.970204,982,156,0.00,0.1359,0.0500,5,1,4,601,0.300500,0.0000,0,0.0000,0,0.0000,1,0.0000,0,0.1875,2,0.2344,2,0.2500,2,0.1875,2,0.5000,2,0.0000,0
11176114.0,458.577803,515.860683,974.438486,983,156,0.00,0.1359,0.0500,5,0,5,602,0.301000,0.0000,0,0.0000,0,0.0000,0,0.0000,0,0.1875,2,0.2344,2,0.2500,2,0.1875,2,0.0000,0,0.5000,2
11176115.0,458.578589,515.861317,974.439906,984,156,0.00,0.1859,0.0500,6,0,4,603,0.301500,0.5000,2,0.0000,0,0.0000,0,0.0000,0,0.1875,2,0.2344,2,0.2500,2,0.1875,2,0.0000,0,0.5000,2
11176116.0,458.579445,515.862017,974.441462,985,156,0.00,0.2359,0.0500,7,0,3,604,0.302000,0.5000,2,0.5000,2,0.0000,0,0.0000,0,0.1875,2,0.2344,2,0.2500,2,0.1875,2,0.0000,0,0.5000,2
11176116.0,458.579945,515.862017,974.441962,986,156,0.00,0.2859,0.0500,8,0,2,605,0.302500,0.5000,2,0.5000,2,0.5000,2,0.0000,0,0.1875,2,0.2344,2,0.2500,2,0.1875,2,0.0000,0,0.5000,2
11177374.0,458.897216,516.614933,975.512149,987,156,0.00,0.0719,0.0500,4,0,6,606,0.303000,0.0000,0,0.0000,0,0.0000,0,0.0938,2,0.1875,2,0.0000,0,0.2500,2,0.1875,2,0.0000,0,0.0000,0
11177546.0,458.932631,516.712400,975.645031,988,157,0.00,0.0781,0.0625,4,0,6,606,0.303000,0.0000,0,0.0000,0,0.0000,0,0.0938,2,0.2500,2,0.0000,0,0.2500,2,0.1875,2,0.0000,0,0.0000,0
11177762.0,458.978656,516.851000,975.829656,989,157,0.00,0.1016,0.0750,5,0,5,607,0.303500,0.0000,0,0.0000,0,0.0000,0,0.0938,2,0.2500,2,0.2344,2,0.2500,2,0.1875,2,0.0000,0,0.0000,0
11210744.0,463.257019,527.827550,991.084569,990,157,0.00,0.0656,0.0375,3,0,7,608,0.304000,0.0000,0,0.0000,0,0.0000,0,0.0000,0,0.1875,2,0.0000,0,0.2813,2,0.1875,2,0.0000,0,0.0000,0
11210963.0,463.294356,527.920625,991.214981,991,158,0.00,0.0828,0.0500,3,0,7,608,0.304000,0.0000,0,0.0000,0,0.0000,0,0.0000,0,0.1875,2,0.0000,0,0.2813,2,0.3594,2,0.0000,0,0.0000,0
11210969.0,463.295959,527.923625,991.219584,992,158,0.00,0.1000,0.0625,4,0,6,609,0.304500,0.0000,0,0.0000,0,0.0000,0,0.0000,0,0.1875,2,0.0000,0,0.2813,2,0.3594,2,0.1719,2,0.0000,0
11211517.0,463.386801,528.152967,991.539768,993,158,0.00,0.0563,0.0375,3,0,7,610,0.305000,0.0000,0,0.0000,0,0.0000,0,0.0000,0,0.1875,2,0.0000,0,0.0000,0,0.1875,2,0.0000,0,0.1875,2
11211756.0,463.426305,528.254542,991.680846,994,158,0.00,0.0734,0.0500,4,0,6,611,0.305500,0.1719,2,0.0000,0,0.0000,0,0.0000,0,0.1875,2,0.0000,0,0.0000,0,0.1875,2,0.0000,0,0.1875,2
11211823.0,463.440681,528.292508,991.733190,995,158,0.00,0.0859,0.0625,5,0,5,612,0.306000,0.1719,2,0.1250,2,0.0000,0,0.0000,0,0.1875,2,0.0000,0,0.0000,0,0.1875,2,0.0000,0,0.1875,2
11212116.0,463.513668,528.500050,992.013718,996,158,0.00,0.1047,0.0750,6,0,4,613,0.306500,0.1719,2,0.1250,2,0.1875,2,0.0000,0,0.1875,2,0.0000,0,0.0000,0,0.1875,2,0.0000,0,0.1875,2
11212117.0,463.514461,528.500900,992.015361,997,158,0.00,0.1234,0.0875,7,0,3,614,0.307000,0.1719,2,0.1250,2,0.1875,2,0.1875,2,0.1875,2,0.0000,0,0.0000,0,0.1875,2,0.0000,0,0.1875,2
11212205.0,463.544176,528.588167,992.132343,998,159,0.00,0.1406,0.1000,7,0,3,614,0.307000,0.1719,2,0.1250,2,0.1875,2,0.1875,2,0.3594,2,0.0000,0,0.0000,0,0.1875,2,0.0000,0,0.1875,2
11212284.0,463.572409,528.672433,992.244842,999,159,0.00,0.1578,0.1125,8,0,2,615,0.307500,0.1719,2,0.1250,2,0.1875,2,0.1875,2,0.3594,2,0.1719,2,0.0000,0,0.1875,2,0.0000,0,0.1875,2
11212334.0,463.592657,528.732850,992.325507,1000,159,0.00,0.1750,0.1250,9,0,1,616,0.308000,0.1719,2,0.1250,2,0.1875,2,0.1875,2,0.3594,2,0.1719,2,0.1719,2,0.1875,2,0.0000,0,0.1875,2
11212335.0,463.593096,528.734200,992.327296,1001,160,0.00,0.1922,0.1375,9,0,1,616,0.308000,0.1719,2,0.1250,2,0.1875,2,0.1875,2,0.3594,2,0.1719,2,0.1719,2,0.3594,2,0.0000,0,0.1875,2
11212348.0,463.599475,528.752725,992.352200,1002,160,0.00,0.1984,0.1500,10,0,0,617,0.308500,0.1719,2,0.1250,2,0.1875,2,0.1875,2,0.3594,2,0.1719,2,0.1719,2,0.3594,2,0.0625,2,0.1875,2
11213911.0,464.177015,530.534042,994.711057,1003,161,0.00,0.1172,0.0625,5,0,5,617,0.308500,0.0000,0,0.0000,0,0.1875,2,0.1875,2,0.1875,2,0.0000,0,0.0000,0,0.1875,2,0.0000,0,0.4219,2
11221621.0,465.975438,535.203533,1001.178971,1004,161,0.00,0.1250,0.0500,5,0,5,618,0.309000,0.5000,2,0.0000,0,0.0000,0,0.1875,2,0.1875,2,0.0000,0,0.0000,0,0.1875,2,0.0000,0,0.1875,2
11221623.0,465.976493,535.204800,1001.181293,1005,161,0.00,0.1750,0.0500,6,0,4,619,0.309500,0.5000,2,0.5000,2,0.0000,0,0.1875,2,0.1875,2,0.0000,0,0.0000,0,0.1875,2,0.0000,0,0.1875,2
11222207.0,466.121604,535.560000,1001.681604,1006,161,0.00,0.1250,0.0500,5,0,5,620,0.310000,0.0000,0,0.0000,0,0.5000,2,0.1875,2,0.1875,2,0.0000,0,0.0000,0,0.1875,2,0.0000,0,0.1875,2
11222412.0,466.177382,535.689833,1001.867215,1007,162,0.00,0.0922,0.0625,4,0,6,620,0.310000,0.0000,0,0.0000,0,0.0000,0,0.3594,2,0.1875,2,0.0000,0,0.0000,0,0.1875,2,0.0000,0,0.1875,2
11222719.0,466.245444,535.886825,1002.132269,1008,163,0.00,0.1203,0.0750,4,0,6,620,0.310000,0.0000,0,0.0000,0,0.0000,0,0.3594,2,0.4688,2,0.0000,0,0.0000,0,0.1875,2,0.0000,0,0.1875,2
11222916.0,466.293929,536.028008,1002.321937,1009,163,0.00,0.1453,0.0875,5,0,5,621,0.310500,0.0000,0,0.0000,0,0.0000,0,0.3594,2,0.4688,2,0.2500,2,0.0000,0,0.1875,2,0.0000,0,0.1875,2
11223995.0,466.569052,536.821000,1003.390052,1010,163,0.00,0.1453,0.0875,5,0,5,622,0.311000,0.0000,0,0.0000,0,0.0000,0,0.3594,2,0.4688,2,0.2500,2,0.1875,2,0.1875,2,0.0000,0,0.0000,0
11224411.0,466.690003,537.171467,1003.861470,1011,164,0.00,0.1453,0.0875,5,0,5,622,0.311000,0.0000,0,0.0000,0,0.0000,0,0.1875,2,0.4688,2,0.2500,2,0.1875,2,0.3594,2,0.0000,0,0.0000,0
11224413.0,466.691091,537.173183,1003.864274,1012,164,0.00,0.1625,0.1000,6,0,4,623,0.311500,0.0000,0,0.0000,0,0.0000,0,0.1875,2,0.4688,2,0.2500,2,0.1875,2,0.3594,2,0.1719,2,0.0000,0
11224725.0,466.791307,537.466217,1004.257523,1013,164,0.00,0.1625,0.1000,6,0,4,624,0.312000,0.0000,0,0.0000,0,0.0000,0,0.1875,2,0.4688,2,0.2500,2,0.1875,2,0.3594,2,0.0000,0,0.1719,2
11224726.0,466.792144,537.467217,1004.259361,1014,164,0.00,0.1797,0.1125,7,0,3,625,0.312500,0.1719,2,0.0000,0,0.0000,0,0.1875,2,0.4688,2,0.2500,2,0.1875,2,0.3594,2,0.0000,0,0.1719,2
11224727.0,466.793026,537.468358,1004.261384,1015,164,0.00,0.1969,0.1250,8,0,2,626,0.313000,0.1719,2,0.1719,2,0.0000,0,0.1875,2,0.4688,2,0.2500,2,0.1875,2,0.3594,2,0.0000,0,0.1719,2
11224727.0,466.793526,537.468358,1004.261884,1016,164,0.00,0.2141,0.1375,9,0,1,627,0.313500,0.1719,2,0.1719,2,0.1719,2,0.1875,2,0.4688,2,0.2500,2,0.1875,2,0.3594,2,0.0000,0,0.1719,2
11224989.0,466.915686,537.837283,1004.752969,1017,165,0.00,0.2203,0.1250,9,0,1,627,0.313500,0.1719,2,0.1719,2,0.1719,2,0.4219,2,0.4688,2,0.2500,2,0.1875,2,0.1875,2,0.0000,0,0.1719,2
11225606.0,467.197962,538.670233,1005.868195,1018,165,0.00,0.2016,0.1375,9,0,1,627,0.313500,0.1719,2,0.1719,2,0.1719,2,0.1875,2,0.5156,2,0.2500,2,0.1875,2,0.1875,2,0.0000,0,0.1719,2
11225608.0,467.198881,538.673083,1005.871965,1019,165,0.00,0.2063,0.1500,9,0,1,627,0.313500,0.1719,2,0.1719,2,0.1719,2,0.1875,2,0.5156,2,0.2969,2,0.1875,2,0.1875,2,0.0000,0,0.1719,2
11225620.0,467.204440,538.691083,1005.895523,1020,166,0.00,0.2188,0.1625,9,0,1,627,0.313500,0.1719,2,0.1719,2,0.1719,2,0.1875,2,0.5156,2,0.2969,2,0.3125,2,0.1875,2,0.0000,0,0.1719,2
11225650.0,467.218627,538.738333,1005.956960,1021,166,0.00,0.2234,0.1750,9,0,1,627,0.313500,0.1719,2,0.1719,2,0.1719,2,0.1875,2,0.5156,2,0.2969,2,0.3125,2,0.2344,2,0.0000,0,0.1719,2
11226178.0,467.468492,539.563033,1007.031525,1022,166,0.00,0.2266,0.1500,10,0,0,628,0.314000,0.1719,2,0.1719,2,0.1719,2,0.1875,2,0.4688,2,0.2500,2,0.3125,2,0.1875,2,0.1719,2,0.1719,2
11226178.0,467.468492,539.563033,1007.031525,1023,167,0.00,0.2438,0.1625,10,0,0,628,0.314000,0.1719,2,0.1719,2,0.1719,2,0.1875,2,0.4688,2,0.2500,2,0.3125,2,0.1875,2,0.1719,2,0.3438,2
11226273.0,467.518169,539.718992,1007.237160,1024,168,0.00,0.2531,0.1750,10,0,0,628,0.314000,0.2656,2,0.1719,2,0.1719,2,0.1875,2,0.4688,2,0.2500,2,0.3125,2,0.1875,2,0.1719,2,0.3438,2
11226650.0,467.718057,540.366175,1008.084232,1025,168,0.00,0.2578,0.1875,10,0,0,628,0.314000,0.2656,2,0.2188,2,0.1719,2,0.1875,2,0.4688,2,0.2500,2,0.3125,2,0.1875,2,0.1719,2,0.3438,2
11226751.0,467.771977,540.547133,1008.319110,1026,168,0.00,0.2625,0.2000,10,0,0,628,0.314000,0.2656,2,0.2188,2,0.2188,2,0.1875,2,0.4688,2,0.2500,2,0.3125,2,0.1875,2,0.1719,2,0.3438,2
11226847.0,467.822444,540.716958,1008.539402,1027,168,0.00,0.2453,0.1875,10,0,0,628,0.314000,0.1719,2,0.2188,2,0.2188,2,0.2344,2,0.4688,2,0.2500,2,0.1875,2,0.1875,2,0.1719,2,0.3438,2
11227016.0,467.910840,541.016000,1008.926840,1028,168,0.00,0.2453,0.1875,10,0,0,628,0.314000,0.1719,2,0.1719,2,0.2188,2,0.2344,2,0.5156,2,0.2500,2,0.1875,2,0.1875,2,0.1719,2,0.3438,2
11227423.0,468.121675,541.694058,1009.815734,1029,168,0.00,0.2359,0.1625,10,0,0,628,0.314000,0.1719,2,0.1719,2,0.1719,2,0.1875,2,0.4688,2,0.2969,2,0.1875,2,0.1875,2,0.1719,2,0.3438,2
11227651.0,468.238432,542.053208,1010.291640,1030,168,0.00,0.2078,0.1500,10,0,0,628,0.314000,0.1719,2,0.1719,2,0.1719,2,0.1875,2,0.1875,2,0.2500,2,0.2344,2,0.1875,2,0.1719,2,0.3438,2
11227994.0,468.407749,542.581200,1010.988949,1031,169,0.00,0.2219,0.1375,10,0,0,628,0.314000,0.1719,2,0.1719,2,0.1719,2,0.1875,2,0.1875,2,0.2500,2,0.1875,2,0.3750,2,0.1719,2,0.3438,2
11228407.0,468.616687,543.197258,1011.813945,1032,169,0.00,0.2266,0.1500,10,0,0,628,0.314000,0.1719,2,0.1719,2,0.1719,2,0.1875,2,0.1875,2,0.2500,2,0.1875,2,0.3750,2,0.2188,2,0.3438,2
11228456.0,468.641655,543.274025,1011.915680,1033,169,0.00,0.2313,0.1625,10,0,0,628,0.314000,0.1719,2,0.1719,2,0.1719,2,0.1875,2,0.1875,2,0.2500,2,0.1875,2,0.3750,2,0.2188,2,0.3906,2
11228711.0,468.769297,543.671350,1012.440647,1034,169,0.00,0.2141,0.1500,10,0,0,628,0.314000,0.2188,2,0.1719,2,0.1719,2,0.1875,2,0.1875,2,0.2500,2,0.1875,2,0.3750,2,0.0469,2,0.3438,2
11228775.0,468.801267,543.771242,1012.572509,1035,170,0.00,0.2266,0.1500,10,0,0,628,0.314000,0.1719,2,0.3438,2,0.1719,2,0.1875,2,0.1875,2,0.2500,2,0.1875,2,0.3750,2,0.0469,2,0.3438,2
11228853.0,468.840108,543.893442,1012.733550,1036,170,0.00,0.2125,0.1625,10,0,0,628,0.314000,0.1719,2,0.3438,2,0.2188,2,0.1875,2,0.1875,2,0.2500,2,0.1875,2,0.1875,2,0.0469,2,0.3438,2
11229026.0,468.926368,544.177450,1013.103818,1037,170,0.00,0.2172,0.1750,10,0,0,628,0.314000,0.1719,2,0.3438,2,0.2188,2,0.2344,2,0.1875,2,0.2500,2,0.1875,2,0.1875,2,0.0469,2,0.3438,2
11229145.0,468.985972,544.378358,1013.364331,1038,170,0.00,0.2172,0.1750,10,0,0,628,0.314000,0.1719,2,0.3438,2,0.1719,2,0.2344,2,0.2344,2,0.2500,2,0.1875,2,0.1875,2,0.0469,2,0.3438,2
11229185.0,469.006063,544.447025,1013.453088,1039,170,0.00,0.2219,0.1875,10,0,0,628,0.314000,0.1719,2,0.3438,2,0.1719,2,0.2344,2,0.2344,2,0.2969,2,0.1875,2,0.1875,2,0.0469,2,0.3438,2
11229453.0,469.137313,544.880092,1014.017405,1040,171,0.00,0.2094,0.1500,10,0,0,628,0.314000,0.1719,2,0.1719,2,0.1719,2,0.1875,2,0.1875,2,0.2500,2,0.3750,2,0.1875,2,0.0469,2,0.3438,2
11229482.0,469.151702,544.925525,1014.077227,1041,171,0.00,0.2141,0.1625,10,0,0,628,0.314000,0.1719,2,0.1719,2,0.1719,2,0.1875,2,0.1875,2,0.2500,2,0.3750,2,0.2344,2,0.0469,2,0.3438,2
11229741.0,469.281026,545.348017,1014.629043,1042,171,0.00,0.2141,0.1625,10,0,0,628,0.314000,0.1719,2,0.1719,2,0.1719,2,0.1875,2,0.1875,2,0.2500,2,0.3750,2,0.1875,2,0.0938,2,0.3438,2
11229790.0,469.305518,545.428458,1014.733976,1043,171,0.00,0.2266,0.1625,10,0,0,628,0.314000,0.1719,2,0.1719,2,0.1719,2,0.1875,2,0.1875,2,0.2500,2,0.3750,2,0.1875,2,0.0938,2,0.4688,2
11229820.0,469.320804,545.477708,1014.798512,1044,171,0.00,0.2313,0.1750,10,0,0,628,0.314000,0.2188,2,0.1719,2,0.1719,2,0.1875,2,0.1875,2,0.2500,2,0.3750,2,0.1875,2,0.0938,2,0.4688,2
11229972.0,469.398810,545.738642,1015.137451,1045,171,0.00,0.2359,0.1875,10,0,0,628,0.314000,0.2188,2,0.2188,2,0.1719,2,0.1875,2,0.1875,2,0.2500,2,0.3750,2,0.1875,2,0.0938,2,0.4688,2
11230059.0,469.442783,545.888742,1015.331525,1046,171,0.00,0.2172,0.1750,10,0,0,628,0.314000,0.1719,2,0.2188,2,0.2188,2,0.1875,2,0.1875,2,0.2500,2,0.1875,2,0.1875,2,0.0938,2,0.4688,2
11230068.0,469.447303,545.904192,1015.351495,1047,171,0.00,0.2219,0.1875,10,0,0,628,0.314000,0.1719,2,0.2188,2,0.2188,2,0.2344,2,0.1875,2,0.2500,2,0.1875,2,0.1875,2,0.0938,2,0.4688,2
11230140.0,469.483601,546.032367,1015.515968,1048,171,0.00,0.2047,0.1750,9,1,0,628,0.314000,0.0000,1,0.2188,2,0.2188,2,0.2344,2,0.2344,2,0.2500,2,0.1875,2,0.1875,2,0.0469,2,0.4688,2
11230519.0,469.657437,546.620117,1016.277553,1049,171,0.00,0.1953,0.1500,9,0,1,628,0.314000,0.0000,0,0.2188,2,0.1719,2,0.1875,2,0.1875,2,0.2969,2,0.1875,2,0.1875,2,0.0469,2,0.4688,2
11230918.0,469.834927,547.196567,1017.031494,1050,172,0.00,0.2031,0.1375,9,0,1,628,0.314000,0.0000,0,0.2188,2,0.1719,2,0.1875,2,0.1875,2,0.2969,2,0.4375,2,0.1875,2,0.0469,2,0.2969,2
11230919.0,469.835388,547.197992,1017.033379,1051,173,0.00,0.2094,0.1500,9,0,1,628,0.314000,0.0000,0,0.2188,2,0.1719,2,0.1875,2,0.1875,2,0.2969,2,0.4375,2,0.2500,2,0.0469,2,0.2969,2
11231184.0,469.954475,547.578467,1017.532942,1052,173,0.00,0.1844,0.1375,9,0,1,628,0.314000,0.0000,0,0.1719,2,0.1719,2,0.1875,2,0.1875,2,0.0469,2,0.4375,2,0.2500,2,0.0938,2,0.2969,2
11231705.0,470.154020,548.171358,1018.325378,1053,173,0.00,0.1453,0.1000,7,0,3,628,0.314000,0.0000,0,0.0000,0,0.1719,2,0.1875,2,0.1875,2,0.0000,0,0.4375,2,0.2500,2,0.0469,2,0.1719,2
11231874.0,470.214462,548.351625,1018.566087,1054,173,0.00,0.1625,0.1125,8,0,2,629,0.314500,0.1719,2,0.0000,0,0.1719,2,0.1875,2,0.1875,2,0.0000,0,0.4375,2,0.2500,2,0.0469,2,0.1719,2
11232138.0,470.319324,548.652700,1018.972024,1055,173,0.00,0.1625,0.1125,9,0,1,630,0.315000,0.1719,2,0.0469,2,0.1719,2,0.1875,2,0.1875,2,0.0000,0,0.4375,2,0.2500,2,0.0469,2,0.1250,2
11232159.0,470.328336,548.679475,1019.007811,1056,174,0.00,0.1797,0.1250,9,0,1,630,0.315000,0.1719,2,0.0469,2,0.3438,2,0.1875,2,0.1875,2,0.0000,0,0.4375,2,0.2500,2,0.0469,2,0.1250,2
11232245.0,470.366167,548.794300,1019.160467,1057,175,0.00,0.1797,0.1250,9,0,1,630,0.315000,0.1719,2,0.0469,2,0.1719,2,0.3594,2,0.1875,2,0.0000,0,0.4375,2,0.2500,2,0.0469,2,0.1250,2
11232404.0,470.435020,549.000475,1019.435495,1058,176,0.00,0.1813,0.1250,9,0,1,630,0.315000,0.1719,2,0.0469,2,0.1719,2,0.1875,2,0.3750,2,0.0000,0,0.4375,2,0.2500,2,0.0469,2,0.1250,2
11232428.0,470.446093,549.031300,1019.477393,1059,176,0.00,0.1813,0.1250,9,1,0,631,0.315500,0.1719,2,0.0000,1,0.1719,2,0.1875,2,0.3750,2,0.0469,2,0.4375,2,0.2500,2,0.0469,2,0.1250,2
11232640.0,470.535494,549.305508,1019.841002,1060,177,0.00,0.1516,0.1250,8,0,2,631,0.315500,0.1719,2,0.0000,0,0.0000,0,0.1875,2,0.3750,2,0.0469,2,0.3125,2,0.2500,2,0.0469,2,0.1250,2
11232992.0,470.663809,549.718158,1020.381967,1061,177,0.00,0.1516,0.1250,7,0,3,631,0.315500,0.1719,2,0.0000,0,0.0000,0,0.1875,2,0.3750,2,0.0000,0,0.3125,2,0.2969,2,0.0469,2,0.1250,2
11233356.0,470.794101,550.149025,1020.943126,1062,177,0.00,0.1594,0.1250,7,0,3,631,0.315500,0.1719,2,0.0000,0,0.0000,0,0.1875,2,0.3750,2,0.0000,0,0.3125,2,0.2500,2,0.1719,2,0.1250,2
11233358.0,470.794832,550.151458,1020.946291,1063,177,0.00,0.1594,0.1250,7,0,3,631,0.315500,0.1719,2,0.0000,0,0.0000,0,0.1875,2,0.3750,2,0.0000,0,0.3125,2,0.2500,2,0.1719,2,0.1250,2
11233792.0,470.949197,550.657292,1021.606489,1064,178,0.00,0.1578,0.1250,7,0,3,631,0.315500,0.1719,2,0.0000,0,0.0000,0,0.1875,2,0.1875,2,0.0000,0,0.3125,2,0.2500,2,0.1719,2,0.2969,2
11234122.0,471.069452,551.058792,1022.128244,1065,179,0.00,0.1641,0.1375,7,0,3,631,0.315500,0.2344,2,0.0000,0,0.0000,0,0.1875,2,0.1875,2,0.0000,0,0.3125,2,0.2500,2,0.1719,2,0.2969,2
11234217.0,471.105033,551.181500,1022.286533,1066,179,0.00,0.1688,0.1500,8,0,2,632,0.316000,0.2344,2,0.0469,2,0.0000,0,0.1875,2,0.1875,2,0.0000,0,0.3125,2,0.2500,2,0.1719,2,0.2969,2
11234289.0,471.134583,551.284700,1022.419283,1067,179,0.00,0.1734,0.1625,9,0,1,633,0.316500,0.2344,2,0.0469,2,0.0469,2,0.1875,2,0.1875,2,0.0000,0,0.3125,2,0.2500,2,0.1719,2,0.2969,2
11234436.0,471.198445,551.512550,1022.710995,1068,179,0.00,0.1609,0.1500,9,0,1,633,0.316500,0.2344,2,0.0469,2,0.0469,2,0.1875,2,0.1875,2,0.0000,0,0.3125,2,0.2500,2,0.0469,2,0.2969,2
11234621.0,471.271275,551.760192,1023.031466,1069,180,0.00,0.1766,0.1375,7,0,3,633,0.316500,0.2344,2,0.0000,0,0.0000,0,0.4375,2,0.1875,2,0.0000,0,0.3125,2,0.2500,2,0.0469,2,0.2969,2
11235926.0,471.733152,553.256358,1024.989510,1070,180,0.00,0.1703,0.1250,6,0,4,633,0.316500,0.2344,2,0.0000,0,0.0000,0,0.4375,2,0.2344,2,0.0000,0,0.3125,2,0.1875,2,0.0000,0,0.2969,2
11236060.0,471.779691,553.410458,1025.190149,1071,180,0.00,0.1766,0.1375,7,0,3,634,0.317000,0.2344,2,0.0000,0,0.0000,0,0.4375,2,0.2344,2,0.0625,2,0.3125,2,0.1875,2,0.0000,0,0.2969,2
11236062.0,471.780449,553.413042,1025.193491,1072,180,0.00,0.1813,0.1500,7,0,3,634,0.317000,0.2344,2,0.0000,0,0.0000,0,0.4375,2,0.2344,2,0.0625,2,0.3594,2,0.1875,2,0.0000,0,0.2969,2
11236161.0,471.818330,553.548342,1025.366672,1073,180,0.00,0.1859,0.1625,7,0,3,634,0.317000,0.2344,2,0.0000,0,0.0000,0,0.4375,2,0.2344,2,0.0625,2,0.3594,2,0.2344,2,0.0000,0,0.2969,2
11236237.0,471.847688,553.657908,1025.505596,1074,180,0.00,0.1859,0.1625,7,0,3,634,0.317000,0.2344,2,0.0000,0,0.0000,0,0.4375,2,0.2344,2,0.0625,2,0.3594,2,0.2344,2,0.0000,0,0.2969,2
11236263.0,471.858231,553.695392,1025.553623,1075,180,0.00,0.2094,0.1625,8,0,2,635,0.317500,0.2344,2,0.0000,0,0.0000,0,0.4375,2,0.2344,2,0.0625,2,0.3594,2,0.2344,2,0.2344,2,0.2969,2
11237938.0,472.510375,555.772092,1028.282466,1076,181,0.00,0.1828,0.1250,6,0,4,635,0.317500,0.2344,2,0.0000,0,0.0000,0,0.4375,2,0.1875,2,0.0000,0,0.3125,2,0.1875,2,0.0000,0,0.4688,2
11238503.0,472.708934,556.405567,1029.114500,1077,181,0.00,0.1813,0.1250,6,0,4,635,0.317500,0.2188,2,0.0000,0,0.0000,0,0.4375,2,0.1875,2,0.0000,0,0.3125,2,0.1875,2,0.0000,0,0.4688,2
11238519.0,472.715014,556.423667,1029.138680,1078,181,0.00,0.1688,0.1250,7,0,3,636,0.318000,0.2188,2,0.0469,2,0.0000,0,0.4375,2,0.1875,2,0.0000,0,0.3125,2,0.1875,2,0.0000,0,0.2969,2
11238610.0,472.749449,556.534383,1029.283832,1079,181,0.00,0.1734,0.1375,8,0,2,637,0.318500,0.2188,2,0.0469,2,0.0469,2,0.4375,2,0.1875,2,0.0000,0,0.3125,2,0.1875,2,0.0000,0,0.2969,2
11238754.0,472.807383,556.722508,1029.529891,1080,182,0.00,0.1734,0.1250,7,0,3,637,0.318500,0.1719,2,0.0000,0,0.0469,2,0.5313,2,0.1875,2,0.0000,0,0.3125,2,0.1875,2,0.0000,0,0.2969,2
11238918.0,472.869139,556.922042,1029.791181,1081,183,0.00,0.1906,0.1375,7,0,3,637,0.318500,0.1719,2,0.0000,0,0.0469,2,0.5313,2,0.3594,2,0.0000,0,0.3125,2,0.1875,2,0.0000,0,0.2969,2
11238981.0,472.894124,557.001767,1029.895891,1082,183,0.00,0.2031,0.1375,7,1,2,638,0.319000,0.1719,2,0.0000,0,0.0000,1,0.5313,2,0.3594,2,0.1719,2,0.3125,2,0.1875,2,0.0000,0,0.2969,2
11239010.0,472.905691,557.038258,1029.943950,1083,183,0.00,0.1906,0.1375,7,0,3,638,0.319000,0.1719,2,0.0000,0,0.0000,0,0.5313,2,0.3594,2,0.1719,2,0.3594,2,0.1875,2,0.0000,0,0.1250,2
11239443.0,473.060546,557.573367,1030.633912,1084,183,0.00,0.1781,0.1375,6,0,4,638,0.319000,0.1719,2,0.0000,0,0.0000,0,0.5313,2,0.3594,2,0.1719,2,0.3125,2,0.2344,2,0.0000,0,0.0000,0
11239659.0,473.136571,557.837967,1030.974537,1085,183,0.00,0.1969,0.1375,7,0,3,639,0.319500,0.1719,2,0.0000,0,0.0000,0,0.5313,2,0.3594,2,0.1719,2,0.3125,2,0.2344,2,0.1875,2,0.0000,0
11240047.0,473.277306,558.270300,1031.547606,1086,183,0.00,0.1750,0.1125,7,0,3,640,0.320000,0.0000,0,0.0000,0,0.0000,0,0.5313,2,0.1875,2,0.1719,2,0.3125,2,0.1875,2,0.1875,2,0.1719,2
11240134.0,473.310673,558.369625,1031.680298,1087,183,0.00,0.1797,0.1250,8,0,2,641,0.320500,0.0469,2,0.0000,0,0.0000,0,0.5313,2,0.1875,2,0.1719,2,0.3125,2,0.1875,2,0.1875,2,0.1719,2
11241008.0,473.626041,559.317500,1032.943541,1088,183,0.00,0.1516,0.1125,7,0,3,642,0.321000,0.0000,0,0.0469,2,0.0000,0,0.4375,2,0.1875,2,0.1719,2,0.3125,2,0.1875,2,0.0000,0,0.1719,2
11241640.0,473.844774,559.999950,1033.844724,1089,183,0.00,0.1594,0.1125,7,0,3,643,0.321500,0.0000,0,0.0000,0,0.1250,2,0.4375,2,0.1875,2,0.1719,2,0.3125,2,0.1875,2,0.0000,0,0.1719,2
11241843.0,473.918996,560.231708,1034.150704,1090,183,0.00,0.1641,0.1250,7,0,3,643,0.321500,0.0000,0,0.0000,0,0.1250,2,0.4844,2,0.1875,2,0.1719,2,0.3125,2,0.1875,2,0.0000,0,0.1719,2
11241901.0,473.940413,560.302275,1034.242688,1091,183,0.00,0.1688,0.1375,7,0,3,643,0.321500,0.0000,0,0.0000,0,0.1250,2,0.4844,2,0.2344,2,0.1719,2,0.3125,2,0.1875,2,0.0000,0,0.1719,2
11241908.0,473.943024,560.311317,1034.254340,1092,183,0.00,0.1734,0.1500,7,0,3,643,0.321500,0.0000,0,0.0000,0,0.1250,2,0.4844,2,0.2344,2,0.2188,2,0.3125,2,0.1875,2,0.0000,0,0.1719,2
11242076.0,474.003821,560.532008,1034.535829,1093,184,0.00,0.1703,0.1500,6,0,4,643,0.321500,0.0000,0,0.0000,0,0.1250,2,0.4844,2,0.2344,2,0.2188,2,0.4531,2,0.1875,2,0.0000,0,0.0000,0
11242082.0,474.005882,560.539808,1034.545691,1094,185,0.00,0.1844,0.1625,6,0,4,643,0.321500,0.0000,0,0.0000,0,0.1250,2,0.4844,2,0.2344,2,0.2188,2,0.4531,2,0.3281,2,0.0000,0,0.0000,0
11242144.0,474.027903,560.615608,1034.643511,1095,185,0.00,0.1844,0.1375,7,0,3,644,0.322000,0.0000,0,0.0000,0,0.1250,2,0.4375,2,0.1875,2,0.1719,2,0.4531,2,0.3281,2,0.1406,2,0.0000,0
11242177.0,474.041110,560.658233,1034.699343,1096,185,0.00,0.1938,0.1500,8,0,2,645,0.322500,0.0000,0,0.0000,0,0.1250,2,0.4375,2,0.1875,2,0.1719,2,0.4531,2,0.3281,2,0.1406,2,0.0938,2
11242484.0,474.159800,561.059750,1035.219550,1097,186,0.00,0.1938,0.1500,8,0,2,646,0.323000,0.1719,2,0.0000,0,0.1250,2,0.4375,2,0.1875,2,0.0000,0,0.4531,2,0.3281,2,0.1406,2,0.0938,2
11242835.0,474.285384,561.483408,1035.768793,1098,186,0.00,0.1813,0.1375,7,0,3,647,0.323500,0.0000,0,0.1875,2,0.1250,2,0.4375,2,0.1875,2,0.0000,0,0.4531,2,0.3281,2,0.0000,0,0.0938,2
11242948.0,474.326271,561.613242,1035.939513,1099,186,0.00,0.1578,0.1250,7,0,3,647,0.323500,0.0000,0,0.1875,2,0.1719,2,0.4375,2,0.1875,2,0.0000,0,0.3125,2,0.1875,2,0.0000,0,0.0938,2
11243395.0,474.488458,562.142617,1036.631075,1100,187,0.00,0.1703,0.1250,7,0,3,647,0.323500,0.0000,0,0.1875,2,0.1250,2,0.6094,2,0.1875,2,0.0000,0,0.3125,2,0.1875,2,0.0000,0,0.0938,2
11243594.0,474.560892,562.373408,1036.934300,1101,187,0.00,0.1578,0.1250,7,0,3,647,0.323500,0.0000,0,0.1875,2,0.1250,2,0.4375,2,0.2344,2,0.0000,0,0.3125,2,0.1875,2,0.0000,0,0.0938,2
11243610.0,474.567223,562.392875,1036.960098,1102,187,0.00,0.1750,0.1375,8,0,2,648,0.324000,0.0000,0,0.1875,2,0.1250,2,0.4375,2,0.2344,2,0.1719,2,0.3125,2,0.1875,2,0.0000,0,0.0938,2
11243663.0,474.588864,562.464867,1037.053731,1103,188,0.00,0.1922,0.1500,8,0,2,648,0.324000,0.0000,0,0.1875,2,0.1250,2,0.4375,2,0.2344,2,0.1719,2,0.4844,2,0.1875,2,0.0000,0,0.0938,2
11243843.0,474.664770,562.722867,1037.387637,1104,188,0.00,0.1969,0.1625,8,0,2,648,0.324000,0.0000,0,0.1875,2,0.1250,2,0.4375,2,0.2344,2,0.1719,2,0.4844,2,0.2344,2,0.0000,0,0.0938,2
11243846.0,474.666547,562.727392,1037.393938,1105,188,0.00,0.2141,0.1750,9,0,1,649,0.324500,0.0000,0,0.1875,2,0.1250,2,0.4375,2,0.2344,2,0.1719,2,0.4844,2,0.2344,2,0.1719,2,0.0938,2
11244012.0,474.744445,563.001292,1037.745737,1106,188,0.00,0.2313,0.1875,9,0,1,649,0.324500,0.0000,0,0.1875,2,0.1250,2,0.4375,2,0.2344,2,0.1719,2,0.4844,2,0.2344,2,0.1719,2,0.2656,2
11244255.0,474.861370,563.402842,1038.264212,1107,188,0.00,0.2266,0.1750,10,0,0,650,0.325000,0.0469,2,0.1875,2,0.1250,2,0.4375,2,0.1875,2,0.1719,2,0.4844,2,0.1875,2,0.1719,2,0.2656,2
11244274.0,474.871051,563.435458,1038.306510,1108,189,0.00,0.2438,0.1875,10,0,0,650,0.325000,0.0469,2,0.3594,2,0.1250,2,0.4375,2,0.1875,2,0.1719,2,0.4844,2,0.1875,2,0.1719,2,0.2656,2
11244400.0,474.936164,563.656858,1038.593022,1109,189,0.00,0.2313,0.1875,10,0,0,650,0.325000,0.0469,2,0.3594,2,0.1719,2,0.4375,2,0.1875,2,0.1719,2,0.3125,2,0.1875,2,0.1719,2,0.2656,2
11244510.0,474.992615,563.853942,1038.846557,1110,189,0.00,0.2359,0.2000,10,0,0,650,0.325000,0.0469,2,0.3594,2,0.1719,2,0.4844,2,0.1875,2,0.1719,2,0.3125,2,0.1875,2,0.1719,2,0.2656,2
11244611.0,475.044816,564.042475,1039.087291,1111,190,0.00,0.2531,0.2125,10,0,0,650,0.325000,0.0469,2,0.3594,2,0.1719,2,0.4844,2,0.3594,2,0.1719,2,0.3125,2,0.1875,2,0.1719,2,0.2656,2
11244979.0,475.229353,564.674525,1039.903878,1112,190,0.00,0.2719,0.1625,9,0,1,650,0.325000,0.0000,0,0.1875,2,0.1250,2,0.4375,2,0.3594,2,0.6719,2,0.3125,2,0.1875,2,0.1719,2,0.2656,2
11245031.0,475.255879,564.755225,1040.011104,1113,191,0.00,0.2797,0.1750,9,0,1,650,0.325000,0.0000,0,0.1875,2,0.1250,2,0.4375,2,0.3594,2,0.5000,2,0.5625,2,0.1875,2,0.1719,2,0.2656,2
11245219.0,475.348434,565.061492,1040.409926,1114,192,0.00,0.2531,0.1875,8,0,2,650,0.325000,0.0000,0,0.1875,2,0.1250,2,0.4375,2,0.3594,2,0.0000,0,0.5625,2,0.4219,2,0.1719,2,0.2656,2
11245256.0,475.365791,565.122850,1040.488641,1115,192,0.00,0.2578,0.2000,8,0,2,650,0.325000,0.0000,0,0.1875,2,0.1250,2,0.4375,2,0.3594,2,0.0000,0,0.5625,2,0.4219,2,0.2188,2,0.2656,2
11245278.0,475.376191,565.160983,1040.537174,1116,193,0.00,0.2813,0.2125,8,0,2,650,0.325000,0.0000,0,0.1875,2,0.1250,2,0.4375,2,0.3594,2,0.0000,0,0.5625,2,0.4219,2,0.2188,2,0.5000,2
11245337.0,475.405659,565.267675,1040.673334,1117,193,0.00,0.2859,0.2250,9,0,1,651,0.325500,0.0469,2,0.1875,2,0.1250,2,0.4375,2,0.3594,2,0.0000,0,0.5625,2,0.4219,2,0.2188,2,0.5000,2
11245626.0,475.557251,565.827475,1041.384726,1118,194,0.00,0.2984,0.2250,9,0,1,651,0.325500,0.0469,2,0.3594,2,0.1250,2,0.4375,2,0.3594,2,0.0000,0,0.5625,2,0.4219,2,0.1719,2,0.5000,2
11245800.0,475.648093,566.155742,1041.803835,1119,194,0.00,0.2984,0.2250,8,0,2,651,0.325500,0.0000,0,0.3594,2,0.1719,2,0.4375,2,0.3594,2,0.0000,0,0.5625,2,0.4219,2,0.1719,2,0.5000,2
11246156.0,475.827150,566.816158,1042.643308,1120,194,0.00,0.3438,0.2125,8,0,2,651,0.325500,0.0000,0,0.3594,2,0.1250,2,0.9375,2,0.3594,2,0.0000,0,0.5625,2,0.4219,2,0.1719,2,0.5000,2
11246156.0,475.827150,566.816158,1042.643308,1121,194,0.00,0.3938,0.2125,8,0,2,651,0.325500,0.0000,0,0.3594,2,0.1250,2,0.9375,2,0.8594,2,0.0000,0,0.5625,2,0.4219,2,0.1719,2,0.5000,2
11246157.0,475.828228,566.817967,1042.646195,1122,194,0.00,0.4438,0.2125,9,0,1,652,0.326000,0.0000,0,0.3594,2,0.1250,2,0.9375,2,0.8594,2,0.5000,2,0.5625,2,0.4219,2,0.1719,2,0.5000,2
11246296.0,475.918289,567.078592,1042.996881,1123,195,0.00,0.4625,0.2125,9,0,1,652,0.326000,0.0000,0,0.3594,2,0.1250,2,0.9375,2,0.8594,2,0.5000,2,0.7500,2,0.4219,2,0.1719,2,0.5000,2
11246303.0,475.922926,567.091717,1043.014643,1124,196,0.00,0.4859,0.2125,9,0,1,652,0.326000,0.0000,0,0.3594,2,0.1250,2,0.9375,2,0.8594,2,0.5000,2,0.7500,2,0.6563,2,0.1719,2,0.5000,2
11246539.0,476.052242,567.520642,1043.572884,1125,197,0.00,0.3500,0.2000,8,0,2,652,0.326000,0.0000,0,0.3594,2,0.1250,2,0.4375,2,0.3594,2,0.0000,0,0.7500,2,0.6563,2,0.4063,2,0.4063,2
11246898.0,476.247698,568.142908,1044.390606,1126,197,0.00,0.3547,0.2125,8,0,2,652,0.326000,0.0000,0,0.3594,2,0.1250,2,0.4375,2,0.3594,2,0.0000,0,0.7500,2,0.6563,2,0.4063,2,0.4531,2
11246977.0,476.289922,568.281342,1044.571263,1127,197,0.00,0.3406,0.2125,9,0,1,653,0.326500,0.2344,2,0.3594,2,0.1250,2,0.4375,2,0.3594,2,0.0000,0,0.3750,2,0.6563,2,0.4063,2,0.4531,2
11247446.0,476.549058,569.101467,1045.650524,1128,198,0.00,0.3375,0.1875,9,0,1,653,0.326500,0.2344,2,0.3750,2,0.1250,2,0.4375,2,0.3594,2,0.0000,0,0.3750,2,0.6563,2,0.4063,2,0.4063,2
11247810.0,476.749095,569.729367,1046.478462,1129,198,0.00,0.2906,0.1875,9,0,1,653,0.326500,0.2344,2,0.3750,2,0.1250,2,0.4375,2,0.3594,2,0.0000,0,0.3750,2,0.4219,2,0.1719,2,0.4063,2
11248049.0,476.871132,570.128892,1047.000024,1130,198,0.00,0.2516,0.1750,9,0,1,653,0.326500,0.2344,2,0.1875,2,0.1719,2,0.4375,2,0.3594,2,0.0000,0,0.1250,2,0.4219,2,0.1719,2,0.4063,2
11248086.0,476.889574,570.189942,1047.079516,1131,198,0.00,0.2563,0.1875,9,0,1,653,0.326500,0.2344,2,0.1875,2,0.1719,2,0.4844,2,0.3594,2,0.0000,0,0.1250,2,0.4219,2,0.1719,2,0.4063,2
11248334.0,477.013613,570.607917,1047.621530,1132,198,0.00,0.2516,0.1750,9,0,1,653,0.326500,0.2344,2,0.1875,2,0.1250,2,0.4375,2,0.4063,2,0.0000,0,0.1250,2,0.4219,2,0.1719,2,0.4063,2
11248918.0,477.303812,571.542942,1048.846753,1133,198,0.00,0.2516,0.1750,10,0,0,654,0.327000,0.2344,2,0.1875,2,0.1250,2,0.4375,2,0.3594,2,0.0469,2,0.1250,2,0.4219,2,0.1719,2,0.4063,2
11248969.0,477.330692,571.628467,1048.959159,1134,198,0.00,0.2516,0.1750,9,1,0,654,0.327000,0.2344,2,0.1875,2,0.1250,2,0.4375,2,0.3594,2,0.0000,1,0.1719,2,0.4219,2,0.1719,2,0.4063,2
11249336.0,477.513025,572.220117,1049.733141,1135,198,0.00,0.2516,0.1750,9,0,1,654,0.327000,0.2344,2,0.1875,2,0.1250,2,0.4375,2,0.3594,2,0.0000,0,0.1250,2,0.4688,2,0.1719,2,0.4063,2
11249350.0,477.520003,572.243217,1049.763220,1136,199,0.00,0.2578,0.1875,9,0,1,654,0.327000,0.2344,2,0.1875,2,0.1250,2,0.4375,2,0.3594,2,0.0000,0,0.1250,2,0.4688,2,0.2344,2,0.4063,2
11249414.0,477.552214,572.353617,1049.905831,1137,199,0.00,0.2625,0.2000,9,0,1,654,0.327000,0.2344,2,0.1875,2,0.1250,2,0.4375,2,0.3594,2,0.0000,0,0.1250,2,0.4688,2,0.2344,2,0.4531,2
11249789.0,477.741418,573.010092,1050.751509,1138,200,0.00,0.2703,0.1875,9,0,1,654,0.327000,0.4063,2,0.1875,2,0.1250,2,0.4375,2,0.3594,2,0.0000,0,0.1250,2,0.4219,2,0.2344,2,0.4063,2
11250269.0,477.987668,573.838092,1051.825759,1139,200,0.00,0.2750,0.2000,9,0,1,654,0.327000,0.4063,2,0.2344,2,0.1250,2,0.4375,2,0.3594,2,0.0000,0,0.1250,2,0.4219,2,0.2344,2,0.4063,2
11250648.0,478.178989,574.496517,1052.675506,1140,200,0.00,0.2516,0.1875,9,0,1,654,0.327000,0.4063,2,0.1875,2,0.1719,2,0.4375,2,0.3594,2,0.0000,0,0.1250,2,0.4219,2,0.2344,2,0.1719,2
11250676.0,478.192945,574.544817,1052.737762,1141,201,0.00,0.2688,0.2000,9,0,1,654,0.327000,0.4063,2,0.1875,2,0.1719,2,0.6094,2,0.3594,2,0.0000,0,0.1250,2,0.4219,2,0.2344,2,0.1719,2
11250892.0,478.299160,574.910142,1053.209302,1142,201,0.00,0.2281,0.1750,9,0,1,654,0.327000,0.2344,2,0.1875,2,0.1250,2,0.6094,2,0.4063,2,0.0000,0,0.1250,2,0.1875,2,0.2344,2,0.1719,2
11251367.0,478.512340,575.608208,1054.120548,1143,201,0.00,0.1766,0.1375,9,0,1,655,0.327500,0.2344,2,0.1875,2,0.1250,2,0.4375,2,0.3594,2,0.0469,2,0.1250,2,0.1875,2,0.0625,2,0.0000,0
11251441.0,478.542579,575.704717,1054.247296,1144,201,0.00,0.1406,0.1250,8,0,2,655,0.327500,0.0000,0,0.1875,2,0.1250,2,0.4375,2,0.1875,2,0.0469,2,0.1719,2,0.1875,2,0.0625,2,0.0000,0
11251596.0,478.601727,575.903633,1054.505360,1145,202,0.00,0.1594,0.1375,8,0,2,655,0.327500,0.0000,0,0.1875,2,0.1250,2,0.4375,2,0.1875,2,0.0469,2,0.1719,2,0.3750,2,0.0625,2,0.0000,0
11252021.0,478.758939,576.409700,1055.168639,1146,202,0.00,0.1547,0.1250,7,0,3,655,0.327500,0.0000,0,0.1875,2,0.1250,2,0.4375,2,0.1875,2,0.0000,0,0.1250,2,0.3750,2,0.1094,2,0.0000,0
11252062.0,478.774280,576.459583,1055.233863,1147,202,0.00,0.1719,0.1375,8,0,2,656,0.328000,0.0000,0,0.1875,2,0.1250,2,0.4375,2,0.1875,2,0.0000,0,0.1250,2,0.3750,2,0.1094,2,0.1719,2
11252125.0,478.800352,576.545158,1055.345510,1148,202,0.00,0.1891,0.1500,9,0,1,657,0.328500,0.1719,2,0.1875,2,0.1250,2,0.4375,2,0.1875,2,0.0000,0,0.1250,2,0.3750,2,0.1094,2,0.1719,2
11252133.0,478.803950,576.557158,1055.361109,1149,203,0.00,0.2063,0.1625,9,0,1,657,0.328500,0.1719,2,0.3594,2,0.1250,2,0.4375,2,0.1875,2,0.0000,0,0.1250,2,0.3750,2,0.1094,2,0.1719,2
11252136.0,478.805340,576.561883,1055.367223,1150,204,0.00,0.2234,0.1750,9,0,1,657,0.328500,0.1719,2,0.3594,2,0.2969,2,0.4375,2,0.1875,2,0.0000,0,0.1250,2,0.3750,2,0.1094,2,0.1719,2
11252302.0,478.884449,576.835783,1055.720232,1151,204,0.00,0.2281,0.1875,9,0,1,657,0.328500,0.1719,2,0.3594,2,0.2969,2,0.4844,2,0.1875,2,0.0000,0,0.1250,2,0.3750,2,0.1094,2,0.1719,2
11252344.0,478.904592,576.907708,1055.812301,1152,204,0.00,0.2281,0.1875,9,0,1,657,0.328500,0.1719,2,0.3594,2,0.2969,2,0.4844,2,0.2344,2,0.0000,0,0.1250,2,0.3750,2,0.0625,2,0.1719,2
11252570.0,479.013481,577.294708,1056.308189,1153,204,0.00,0.2281,0.1875,10,0,0,658,0.329000,0.1719,2,0.3594,2,0.2969,2,0.4375,2,0.2344,2,0.0469,2,0.1250,2,0.3750,2,0.0625,2,0.1719,2
11252601.0,479.028940,577.348150,1056.377090,1154,204,0.00,0.2156,0.1875,9,1,0,658,0.329000,0.1719,2,0.3594,2,0.2969,2,0.4375,2,0.2344,2,0.0469,2,0.1719,2,0.3750,2,0.0625,2,0.0000,1
11252604.0,479.030413,577.353458,1056.383871,1155,204,0.00,0.2203,0.2000,9,0,1,658,0.329000,0.1719,2,0.3594,2,0.2969,2,0.4375,2,0.2344,2,0.0469,2,0.1719,2,0.4219,2,0.0625,2,0.0000,0
11252819.0,479.128200,577.712717,1056.840917,1156,204,0.00,0.1859,0.1750,8,0,2,658,0.329000,0.0000,0,0.1875,2,0.2969,2,0.4375,2,0.1875,2,0.0469,2,0.1719,2,0.4219,2,0.1094,2,0.0000,0
11253285.0,479.320658,578.403450,1057.724108,1157,204,0.00,0.1813,0.1625,9,0,1,659,0.329500,0.0000,0,0.1875,2,0.2969,2,0.4375,2,0.1875,2,0.0469,2,0.1250,2,0.4219,2,0.0625,2,0.0469,2
11253333.0,479.342458,578.479050,1057.821508,1158,204,0.00,0.1859,0.1750,10,0,0,660,0.330000,0.0469,2,0.1875,2,0.2969,2,0.4375,2,0.1875,2,0.0469,2,0.1250,2,0.4219,2,0.0625,2,0.0469,2
11253544.0,479.443182,578.838717,1058.281899,1159,204,0.00,0.1813,0.1625,9,0,1,660,0.330000,0.0469,2,0.2344,2,0.2969,2,0.4375,2,0.1875,2,0.0469,2,0.1250,2,0.3750,2,0.0625,2,0.0000,0
11253550.0,479.445845,578.848167,1058.294011,1160,204,0.00,0.1859,0.1750,9,0,1,660,0.330000,0.0469,2,0.2344,2,0.3438,2,0.4375,2,0.1875,2,0.0469,2,0.1250,2,0.3750,2,0.0625,2,0.0000,0
11257773.0,480.990058,583.803633,1064.793691,1161,204,0.00,0.1344,0.1125,7,0,3,660,0.330000,0.0000,0,0.1875,2,0.1250,2,0.4844,2,0.1875,2,0.0469,2,0.1250,2,0.1875,2,0.0000,0,0.0000,0
11258025.0,481.077098,584.087283,1065.164382,1162,205,0.00,0.1422,0.1125,7,0,3,660,0.330000,0.0000,0,0.1875,2,0.1250,2,0.4375,2,0.3125,2,0.0469,2,0.1250,2,0.1875,2,0.0000,0,0.0000,0
11258059.0,481.089075,584.126100,1065.215175,1163,205,0.00,0.1469,0.1250,7,0,3,660,0.330000,0.0000,0,0.1875,2,0.1250,2,0.4375,2,0.3125,2,0.0938,2,0.1250,2,0.1875,2,0.0000,0,0.0000,0
11258258.0,481.159787,584.365892,1065.525678,1164,205,0.00,0.1469,0.1250,7,0,3,660,0.330000,0.0000,0,0.1875,2,0.1250,2,0.4375,2,0.3125,2,0.0469,2,0.1719,2,0.1875,2,0.0000,0,0.0000,0
11258461.0,481.232035,584.612875,1065.844910,1165,205,0.00,0.1516,0.1375,7,0,3,660,0.330000,0.0000,0,0.1875,2,0.1250,2,0.4375,2,0.3125,2,0.0469,2,0.1719,2,0.2344,2,0.0000,0,0.0000,0
11258483.0,481.240423,584.640842,1065.881265,1166,205,0.00,0.1516,0.1375,8,0,2,661,0.330500,0.0000,0,0.1875,2,0.1250,2,0.4375,2,0.3125,2,0.0469,2,0.1250,2,0.2344,2,0.0469,2,0.0000,0
11258602.0,481.287346,584.802483,1066.089829,1167,205,0.00,0.1563,0.1500,9,0,1,662,0.331000,0.0000,0,0.1875,2,0.1250,2,0.4375,2,0.3125,2,0.0469,2,0.1250,2,0.2344,2,0.0469,2,0.0469,2
11258674.0,481.318396,584.910483,1066.228879,1168,205,0.00,0.1750,0.1625,10,0,0,663,0.331500,0.1875,2,0.1875,2,0.1250,2,0.4375,2,0.3125,2,0.0469,2,0.1250,2,0.2344,2,0.0469,2,0.0469,2
11258793.0,481.373808,585.102175,1066.475983,1169,206,0.00,0.1891,0.1625,9,0,1,663,0.331500,0.1875,2,0.3750,2,0.1250,2,0.4375,2,0.3125,2,0.0469,2,0.1250,2,0.2344,2,0.0000,0,0.0469,2
11259186.0,481.542135,585.684333,1067.226469,1170,207,0.00,0.2031,0.1500,8,0,2,663,0.331500,0.1875,2,0.3750,2,0.3125,2,0.4375,2,0.3125,2,0.0469,2,0.1250,2,0.2344,2,0.0000,0,0.0000,0
11259274.0,481.578383,585.804533,1067.382916,1171,208,0.00,0.2031,0.1500,7,0,3,663,0.331500,0.0000,0,0.3750,2,0.3125,2,0.6250,2,0.3125,2,0.0469,2,0.1250,2,0.2344,2,0.0000,0,0.0000,0
11259471.0,481.657023,586.071892,1067.728915,1172,208,0.00,0.2031,0.1500,7,0,3,663,0.331500,0.0000,0,0.3750,2,0.3125,2,0.6250,2,0.3594,2,0.0469,2,0.1250,2,0.1875,2,0.0000,0,0.0000,0
11259619.0,481.716172,586.274158,1067.990330,1173,208,0.00,0.2203,0.1625,7,0,3,663,0.331500,0.0000,0,0.3750,2,0.3125,2,0.6250,2,0.3594,2,0.2188,2,0.1250,2,0.1875,2,0.0000,0,0.0000,0
11260464.0,482.058303,587.453817,1069.512120,1174,209,0.00,0.2219,0.1500,7,0,3,663,0.331500,0.0000,0,0.3750,2,0.3125,2,0.6250,2,0.3594,2,0.0469,2,0.3125,2,0.1875,2,0.0000,0,0.0000,0
11260593.0,482.110033,587.630117,1069.740150,1175,210,0.00,0.2156,0.1500,7,0,3,663,0.331500,0.0000,0,0.3750,2,0.1250,2,0.6250,2,0.3125,2,0.0469,2,0.3125,2,0.3594,2,0.0000,0,0.0000,0
11289646.0,489.306309,610.089417,1099.395726,1176,210,0.00,0.0906,0.0750,5,0,5,664,0.332000,0.0000,0,0.0000,0,0.0000,0,0.4375,2,0.1875,2,0.0469,2,0.0000,0,0.1875,2,0.0469,2,0.0000,0
11289692.0,489.318357,610.125450,1099.443807,1177,210,0.00,0.1094,0.0750,6,0,4,665,0.332500,0.0000,0,0.0000,0,0.0000,0,0.4375,2,0.1875,2,0.0469,2,0.0000,0,0.1875,2,0.0469,2,0.1875,2
11289731.0,489.330408,610.158600,1099.489008,1178,210,0.00,0.1141,0.0875,7,0,3,666,0.333000,0.0469,2,0.0000,0,0.0000,0,0.4375,2,0.1875,2,0.0469,2,0.0000,0,0.1875,2,0.0469,2,0.1875,2
11289750.0,489.337186,610.177442,1099.514627,1179,210,0.00,0.1328,0.0875,8,0,2,667,0.333500,0.0469,2,0.1875,2,0.0000,0,0.4375,2,0.1875,2,0.0469,2,0.0000,0,0.1875,2,0.0469,2,0.1875,2
11290753.0,489.649173,611.056050,1100.705223,1180,210,0.00,0.1219,0.0750,6,0,4,668,0.334000,0.0000,0,0.1875,2,0.1719,2,0.4375,2,0.1875,2,0.0469,2,0.0000,0,0.1875,2,0.0000,0,0.0000,0
11290804.0,489.664774,611.099400,1100.764174,1181,211,0.00,0.1391,0.0875,6,0,4,668,0.334000,0.0000,0,0.1875,2,0.1719,2,0.6094,2,0.1875,2,0.0469,2,0.0000,0,0.1875,2,0.0000,0,0.0000,0
11290853.0,489.680418,611.144725,1100.825143,1182,212,0.00,0.1563,0.1000,6,0,4,668,0.334000,0.0000,0,0.1875,2,0.1719,2,0.6094,2,0.3594,2,0.0469,2,0.0000,0,0.1875,2,0.0000,0,0.0000,0
11290907.0,489.697401,611.197925,1100.895326,1183,212,0.00,0.1547,0.1125,5,0,5,668,0.334000,0.0000,0,0.0000,0,0.1719,2,0.6094,2,0.3594,2,0.2188,2,0.0000,0,0.1875,2,0.0000,0,0.0000,0
11291071.0,489.747244,611.363292,1101.110535,1184,212,0.00,0.1719,0.1250,6,0,4,669,0.334500,0.0000,0,0.0000,0,0.1719,2,0.6094,2,0.3594,2,0.2188,2,0.1719,2,0.1875,2,0.0000,0,0.0000,0
11291121.0,489.764483,611.420792,1101.185275,1185,213,0.00,0.1891,0.1375,6,0,4,669,0.334500,0.0000,0,0.0000,0,0.1719,2,0.6094,2,0.3594,2,0.2188,2,0.1719,2,0.3594,2,0.0000,0,0.0000,0
11291824.0,489.952402,612.011775,1101.964177,1186,213,0.00,0.0906,0.0750,5,0,5,670,0.335000,0.0000,0,0.0000,0,0.0000,0,0.4375,2,0.1875,2,0.0469,2,0.0000,0,0.1875,2,0.0469,2,0.0000,0
11292087.0,490.018783,612.215400,1102.234183,1187,213,0.00,0.1359,0.0625,5,0,5,671,0.335500,0.0000,0,0.0000,0,0.0000,0,0.4375,2,0.1875,2,0.0469,2,0.0000,0,0.1875,2,0.0000,0,0.5000,2
11292088.0,490.019569,612.216108,1102.235677,1188,213,0.00,0.1859,0.0625,6,0,4,672,0.336000,0.5000,2,0.0000,0,0.0000,0,0.4375,2,0.1875,2,0.0469,2,0.0000,0,0.1875,2,0.0000,0,0.5000,2
11292364.0,490.105084,612.419608,1102.524692,1189,213,0.00,0.0906,0.0750,5,0,5,673,0.336500,0.0000,0,0.0469,2,0.0000,0,0.4375,2,0.1875,2,0.0469,2,0.0000,0,0.1875,2,0.0000,0,0.0000,0
11292401.0,490.114872,612.448592,1102.563464,1190,213,0.00,0.0969,0.0875,6,0,4,674,0.337000,0.0000,0,0.0469,2,0.0625,2,0.4375,2,0.1875,2,0.0469,2,0.0000,0,0.1875,2,0.0000,0,0.0000,0
11292666.0,490.190784,612.693717,1102.884500,1191,213,0.00,0.1469,0.0875,6,0,4,674,0.337000,0.0000,0,0.0469,2,0.0625,2,0.9375,2,0.1875,2,0.0469,2,0.0000,0,0.1875,2,0.0000,0,0.0000,0
11292686.0,490.197290,612.712217,1102.909507,1192,213,0.00,0.1516,0.1000,6,0,4,674,0.337000,0.0000,0,0.0469,2,0.0625,2,0.9375,2,0.2344,2,0.0469,2,0.0000,0,0.1875,2,0.0000,0,0.0000,0
11292973.0,490.280762,612.967942,1103.248704,1193,213,0.00,0.0969,0.0875,5,0,5,674,0.337000,0.0000,0,0.0000,0,0.0625,2,0.4375,2,0.1875,2,0.0938,2,0.0000,0,0.1875,2,0.0000,0,0.0000,0
11293240.0,490.349588,613.197117,1103.546705,1194,213,0.00,0.1469,0.0875,6,0,4,675,0.337500,0.0000,0,0.0000,0,0.0625,2,0.4375,2,0.1875,2,0.0938,2,0.5000,2,0.1875,2,0.0000,0,0.0000,0
11293876.0,490.523884,613.755217,1104.279101,1195,213,0.00,0.1016,0.1000,5,0,5,675,0.337500,0.0000,0,0.0000,0,0.0625,2,0.4375,2,0.1875,2,0.0938,2,0.0000,0,0.2344,2,0.0000,0,0.0000,0
11294362.0,490.648209,614.161192,1104.809401,1196,213,0.00,0.0969,0.0875,6,0,4,676,0.338000,0.0000,0,0.0000,0,0.0625,2,0.4375,2,0.1875,2,0.0469,2,0.0000,0,0.1875,2,0.0469,2,0.0000,0
11294456.0,490.675636,614.248142,1104.923778,1197,213,0.00,0.1016,0.1000,7,0,3,677,0.338500,0.0000,0,0.0000,0,0.0625,2,0.4375,2,0.1875,2,0.0469,2,0.0000,0,0.1875,2,0.0469,2,0.0469,2
11294979.0,490.826043,614.728692,1105.554735,1198,213,0.00,0.1031,0.0875,6,0,4,678,0.339000,0.1094,2,0.0000,0,0.0625,2,0.4375,2,0.1875,2,0.0469,2,0.0000,0,0.1875,2,0.0000,0,0.0000,0
11295242.0,490.903160,614.971967,1105.875127,1199,213,0.00,0.1078,0.1000,7,0,3,679,0.339500,0.1094,2,0.0469,2,0.0625,2,0.4375,2,0.1875,2,0.0469,2,0.0000,0,0.1875,2,0.0000,0,0.0000,0
11295703.0,491.045386,615.429433,1106.474820,1200,213,0.00,0.1203,0.1000,6,0,4,679,0.339500,0.1094,2,0.0000,0,0.2344,2,0.4375,2,0.1875,2,0.0469,2,0.0000,0,0.1875,2,0.0000,0,0.0000,0
11295705.0,491.045996,615.431433,1106.477429,1201,214,0.00,0.1375,0.1125,6,0,4,679,0.339500,0.1094,2,0.0000,0,0.2344,2,0.6094,2,0.1875,2,0.0469,2,0.0000,0,0.1875,2,0.0000,0,0.0000,0
11295817.0,491.081618,615.551833,1106.633451,1202,215,0.00,0.1625,0.1250,6,0,4,679,0.339500,0.1094,2,0.0000,0,0.2344,2,0.6094,2,0.4375,2,0.0469,2,0.0000,0,0.1875,2,0.0000,0,0.0000,0
11295850.0,491.092756,615.589783,1106.682539,1203,215,0.00,0.1797,0.1375,6,0,4,679,0.339500,0.1094,2,0.0000,0,0.2344,2,0.6094,2,0.4375,2,0.2188,2,0.0000,0,0.1875,2,0.0000,0,0.0000,0
11295892.0,491.107992,615.641233,1106.749225,1204,215,0.00,0.1844,0.1500,7,0,3,680,0.340000,0.1094,2,0.0000,0,0.2344,2,0.6094,2,0.4375,2,0.2188,2,0.0469,2,0.1875,2,0.0000,0,0.0000,0
11295956.0,491.132636,615.728700,1106.861336,1205,216,0.00,0.2016,0.1625,7,0,3,680,0.340000,0.1094,2,0.0000,0,0.2344,2,0.6094,2,0.4375,2,0.2188,2,0.0469,2,0.3594,2,0.0000,0,0.0000,0
11296077.0,491.181347,615.903142,1107.084489,1206,216,0.00,0.2141,0.1750,8,0,2,681,0.340500,0.1094,2,0.0000,0,0.2344,2,0.6094,2,0.4375,2,0.2188,2,0.0469,2,0.3594,2,0.1250,2,0.0000,0
11296145.0,491.211680,616.010808,1107.222488,1207,216,0.00,0.2313,0.1875,9,0,1,682,0.341000,0.1094,2,0.0000,0,0.2344,2,0.6094,2,0.4375,2,0.2188,2,0.0469,2,0.3594,2,0.1250,2,0.1719,2
11296551.0,491.384605,616.611250,1107.995855,1208,216,0.00,0.1906,0.1375,7,0,3,682,0.341000,0.1094,2,0.0000,0,0.1719,2,0.6094,2,0.4375,2,0.0469,2,0.0000,0,0.3594,2,0.0000,0,0.1719,2
11296874.0,491.510553,617.028458,1108.539011,1209,216,0.00,0.1953,0.1500,7,0,3,682,0.341000,0.1563,2,0.0000,0,0.1719,2,0.6094,2,0.4375,2,0.0469,2,0.0000,0,0.3594,2,0.0000,0,0.1719,2
11297523.0,491.763091,617.893500,1109.656591,1210,216,0.00,0.1781,0.1250,7,0,3,683,0.341500,0.1094,2,0.1719,2,0.1719,2,0.6094,2,0.1875,2,0.0000,0,0.0000,0,0.3594,2,0.0000,0,0.1719,2
11297764.0,491.847512,618.162508,1110.010020,1211,216,0.00,0.1656,0.1250,6,0,4,683,0.341500,0.1094,2,0.0000,0,0.2188,2,0.6094,2,0.1875,2,0.0000,0,0.0000,0,0.3594,2,0.0000,0,0.1719,2
11297811.0,491.863489,618.216558,1110.080047,1212,217,0.00,0.1828,0.1375,6,0,4,683,0.341500,0.1094,2,0.0000,0,0.2188,2,0.7813,2,0.1875,2,0.0000,0,0.0000,0,0.3594,2,0.0000,0,0.1719,2
11297812.0,491.863842,618.217783,1110.081626,1213,217,0.00,0.1953,0.1375,6,0,4,683,0.341500,0.1094,2,0.0000,0,0.2188,2,0.7813,2,0.3125,2,0.0000,0,0.0000,0,0.3594,2,0.0000,0,0.1719,2
11298022.0,491.938812,618.460333,1110.399145,1214,217,0.00,0.1813,0.1000,7,0,3,684,0.342000,0.1094,2,0.0000,0,0.1719,2,0.6094,2,0.3125,2,0.2500,2,0.0000,0,0.1875,2,0.0000,0,0.1719,2
11298055.0,491.951939,618.495533,1110.447472,1215,217,0.00,0.1859,0.1125,8,0,2,685,0.342500,0.1094,2,0.0000,0,0.1719,2,0.6094,2,0.3125,2,0.2500,2,0.0469,2,0.1875,2,0.0000,0,0.1719,2
11298176.0,492.002377,618.641742,1110.644118,1216,218,0.00,0.1922,0.1250,8,0,2,685,0.342500,0.1094,2,0.0000,0,0.1719,2,0.6094,2,0.3125,2,0.2500,2,0.0469,2,0.2500,2,0.0000,0,0.1719,2
11298308.0,492.053807,618.790867,1110.844674,1217,218,0.00,0.1656,0.0875,7,0,3,686,0.343000,0.1094,2,0.0000,0,0.0000,0,0.4375,2,0.3125,2,0.2500,2,0.0469,2,0.2500,2,0.2500,2,0.0000,0
11298728.0,492.198823,619.159642,1111.358465,1218,218,0.00,0.1656,0.0875,7,0,3,687,0.343500,0.1094,2,0.0000,0,0.0000,0,0.4375,2,0.3125,2,0.2500,2,0.0000,0,0.2500,2,0.2500,2,0.0469,2
11298875.0,492.253285,619.305417,1111.558701,1219,219,0.00,0.1938,0.1000,7,0,3,687,0.343500,0.3906,2,0.0000,0,0.0000,0,0.4375,2,0.3125,2,0.2500,2,0.0000,0,0.2500,2,0.2500,2,0.0469,2
11299089.0,492.334117,619.529617,1111.863733,1220,219,0.00,0.1859,0.1125,7,0,3,688,0.344000,0.3906,2,0.1719,2,0.0000,0,0.4375,2,0.3125,2,0.0000,0,0.0000,0,0.2500,2,0.2500,2,0.0469,2
11299099.0,492.338461,619.540658,1111.879120,1221,219,0.00,0.1938,0.1000,7,1,2,689,0.344500,0.3906,2,0.1719,2,0.1250,2,0.4375,2,0.3125,2,0.0000,0,0.0000,0,0.2500,2,0.2500,2,0.0000,1
11299124.0,492.349034,619.568992,1111.918026,1222,219,0.00,0.1984,0.1125,7,0,3,689,0.344500,0.3906,2,0.1719,2,0.1250,2,0.4844,2,0.3125,2,0.0000,0,0.0000,0,0.2500,2,0.2500,2,0.0000,0
11299712.0,492.553513,620.175533,1112.729046,1223,219,0.00,0.1750,0.1125,6,0,4,689,0.344500,0.3906,2,0.1719,2,0.1250,2,0.4375,2,0.3750,2,0.0000,0,0.0000,0,0.2500,2,0.0000,0,0.0000,0
11299896.0,492.614428,620.368067,1112.982495,1224,219,0.00,0.1688,0.1250,6,0,4,690,0.345000,0.3906,2,0.1719,2,0.0000,0,0.4375,2,0.3750,2,0.0625,2,0.0000,0,0.2500,2,0.0000,0,0.0000,0
11300486.0,492.792461,620.962092,1113.754553,1225,219,0.00,0.1219,0.1000,5,0,5,691,0.345500,0.1094,2,0.0000,0,0.0000,0,0.4375,2,0.3750,2,0.0000,0,0.0469,2,0.2500,2,0.0000,0,0.0000,0
11300993.0,492.925694,621.407117,1114.332810,1226,220,0.00,0.1344,0.1000,4,0,6,691,0.345500,0.1094,2,0.0000,0,0.0000,0,0.4375,2,0.3750,2,0.0000,0,0.0000,0,0.4219,2,0.0000,0,0.0000,0
11301086.0,492.949864,621.487717,1114.437580,1227,220,0.00,0.1516,0.1125,5,0,5,692,0.346000,0.1094,2,0.0000,0,0.0000,0,0.4375,2,0.3750,2,0.0000,0,0.0000,0,0.4219,2,0.1719,2,0.0000,0
11301240.0,492.996323,621.643000,1114.639323,1228,220,0.00,0.1688,0.1250,6,0,4,693,0.346500,0.1094,2,0.0000,0,0.0000,0,0.4375,2,0.3750,2,0.0000,0,0.0000,0,0.4219,2,0.1719,2,0.1719,2
11301577.0,493.111699,622.030550,1115.142249,1229,220,0.00,0.1734,0.1375,6,0,4,693,0.346500,0.1563,2,0.0000,0,0.0000,0,0.4375,2,0.3750,2,0.0000,0,0.0000,0,0.4219,2,0.1719,2,0.1719,2
11301626.0,493.129153,622.090575,1115.219728,1230,220,0.00,0.1781,0.1500,7,0,3,694,0.347000,0.1563,2,0.0469,2,0.0000,0,0.4375,2,0.3750,2,0.0000,0,0.0000,0,0.4219,2,0.1719,2,0.1719,2
11301682.0,493.150945,622.167108,1115.318053,1231,220,0.00,0.2031,0.1625,8,0,2,695,0.347500,0.1563,2,0.0469,2,0.2500,2,0.4375,2,0.3750,2,0.0000,0,0.0000,0,0.4219,2,0.1719,2,0.1719,2
11301877.0,493.234660,622.457633,1115.692294,1232,221,0.00,0.2156,0.1625,8,0,2,695,0.347500,0.1094,2,0.0469,2,0.2500,2,0.6094,2,0.3750,2,0.0000,0,0.0000,0,0.4219,2,0.1719,2,0.1719,2
11301997.0,493.284548,622.623317,1115.907865,1233,221,0.00,0.1984,0.1500,7,0,3,695,0.347500,0.1094,2,0.0000,0,0.2500,2,0.4375,2,0.4219,2,0.0000,0,0.0000,0,0.4219,2,0.1719,2,0.1719,2
11302044.0,493.303660,622.687550,1115.991210,1234,221,0.00,0.2031,0.1625,8,0,2,696,0.348000,0.1094,2,0.0000,0,0.2500,2,0.4375,2,0.4219,2,0.0469,2,0.0000,0,0.4219,2,0.1719,2,0.1719,2
11302075.0,493.317497,622.734308,1116.051805,1235,221,0.00,0.2203,0.1750,9,0,1,697,0.348500,0.1094,2,0.0000,0,0.2500,2,0.4375,2,0.4219,2,0.0469,2,0.1719,2,0.4219,2,0.1719,2,0.1719,2
11302080.0,493.319868,622.742558,1116.062426,1236,221,0.00,0.2250,0.1875,9,0,1,697,0.348500,0.1094,2,0.0000,0,0.2500,2,0.4375,2,0.4219,2,0.0469,2,0.1719,2,0.4688,2,0.1719,2,0.1719,2
11302151.0,493.353790,622.865033,1116.218823,1237,222,0.00,0.2422,0.2000,9,0,1,697,0.348500,0.1094,2,0.0000,0,0.2500,2,0.4375,2,0.4219,2,0.0469,2,0.1719,2,0.4688,2,0.3438,2,0.1719,2
11302160.0,493.358210,622.881233,1116.239443,1238,222,0.00,0.2469,0.2125,9,0,1,697,0.348500,0.1094,2,0.0000,0,0.2500,2,0.4375,2,0.4219,2,0.0469,2,0.1719,2,0.4688,2,0.3438,2,0.2188,2
11302283.0,493.418874,623.108033,1116.526907,1239,222,0.00,0.2438,0.1750,9,0,1,697,0.348500,0.2344,2,0.0000,0,0.2500,2,0.4375,2,0.3125,2,0.0469,2,0.1719,2,0.4688,2,0.3438,2,0.1719,2
11303041.0,493.726960,624.034600,1117.761560,1240,222,0.00,0.1625,0.1125,8,0,2,698,0.349000,0.2344,2,0.0469,2,0.2500,2,0.1875,2,0.3125,2,0.0000,0,0.1719,2,0.2500,2,0.1719,2,0.0000,0
11303303.0,493.830767,624.346367,1118.177134,1241,223,0.00,0.1578,0.1000,6,1,3,698,0.349000,0.2344,2,0.0000,0,0.4219,2,0.1875,2,0.3125,2,0.0000,0,0.0000,1,0.2500,2,0.1719,2,0.0000,0
11303937.0,494.034033,624.947517,1118.981550,1242,224,0.00,0.1500,0.1000,6,0,4,698,0.349000,0.2344,2,0.0000,0,0.1719,2,0.3594,2,0.3125,2,0.0000,0,0.0000,0,0.2500,2,0.1719,2,0.0000,0
11304159.0,494.099761,625.144900,1119.244661,1243,225,0.00,0.1281,0.0875,4,0,6,698,0.349000,0.2344,2,0.0000,0,0.0000,0,0.3594,2,0.4375,2,0.0000,0,0.0000,0,0.2500,2,0.0000,0,0.0000,0
11304300.0,494.135462,625.256525,1119.391987,1244,225,0.00,0.1453,0.1000,5,0,5,699,0.349500,0.2344,2,0.0000,0,0.0000,0,0.3594,2,0.4375,2,0.1719,2,0.0000,0,0.2500,2,0.0000,0,0.0000,0
11304320.0,494.141833,625.275192,1119.417025,1245,225,0.00,0.1500,0.1125,6,0,4,700,0.350000,0.2344,2,0.0000,0,0.0000,0,0.3594,2,0.4375,2,0.1719,2,0.0469,2,0.2500,2,0.0000,0,0.0000,0
11304374.0,494.159533,625.333242,1119.492775,1246,225,0.00,0.1547,0.1250,6,0,4,700,0.350000,0.2344,2,0.0000,0,0.0000,0,0.3594,2,0.4375,2,0.1719,2,0.0469,2,0.2969,2,0.0000,0,0.0000,0
11304463.0,494.189530,625.435592,1119.625122,1247,225,0.00,0.1563,0.1375,7,0,3,701,0.350500,0.2344,2,0.0000,0,0.0000,0,0.3594,2,0.4375,2,0.1719,2,0.0469,2,0.2969,2,0.0156,2,0.0000,0
11304526.0,494.212911,625.516967,1119.729878,1248,225,0.00,0.1609,0.1500,8,0,2,702,0.351000,0.2344,2,0.0000,0,0.0000,0,0.3594,2,0.4375,2,0.1719,2,0.0469,2,0.2969,2,0.0156,2,0.0469,2
11304608.0,494.245498,625.634500,1119.879998,1249,225,0.00,0.1656,0.1625,8,0,2,702,0.351000,0.2813,2,0.0000,0,0.0000,0,0.3594,2,0.4375,2,0.1719,2,0.0469,2,0.2969,2,0.0156,2,0.0469,2
11305115.0,494.429727,626.291542,1120.721268,1250,225,0.00,0.1391,0.1250,7,0,3,703,0.351500,0.2344,2,0.0469,2,0.0000,0,0.3594,2,0.4375,2,0.0000,0,0.0469,2,0.2500,2,0.0156,2,0.0000,0
11305159.0,494.445619,626.345075,1120.790694,1251,225,0.00,0.1438,0.1375,8,0,2,704,0.352000,0.2344,2,0.0469,2,0.0469,2,0.3594,2,0.4375,2,0.0000,0,0.0469,2,0.2500,2,0.0156,2,0.0000,0
11305285.0,494.493915,626.514350,1121.008265,1252,225,0.00,0.1438,0.1375,7,1,2,704,0.352000,0.2344,2,0.0469,2,0.0469,2,0.4063,2,0.4375,2,0.0000,0,0.0000,1,0.2500,2,0.0156,2,0.0000,0
11305484.0,494.564409,626.771725,1121.336134,1253,225,0.00,0.1484,0.1500,7,0,3,704,0.352000,0.2344,2,0.0469,2,0.0469,2,0.4063,2,0.4844,2,0.0000,0,0.0000,0,0.2500,2,0.0156,2,0.0000,0
11305557.0,494.590979,626.871492,1121.462470,1254,225,0.00,0.1656,0.1625,8,0,2,705,0.352500,0.2344,2,0.0469,2,0.0469,2,0.4063,2,0.4844,2,0.1719,2,0.0000,0,0.2500,2,0.0156,2,0.0000,0
11305559.0,494.592281,626.874508,1121.466789,1255,225,0.00,0.1828,0.1750,9,0,1,706,0.353000,0.2344,2,0.0469,2,0.0469,2,0.4063,2,0.4844,2,0.1719,2,0.1719,2,0.2500,2,0.0156,2,0.0000,0
11305743.0,494.666045,627.131300,1121.797345,1256,225,0.00,0.1344,0.1250,6,2,2,706,0.353000,0.2344,2,0.0469,2,0.0000,0,0.1875,2,0.4844,2,0.0000,1,0.0000,1,0.3750,2,0.0156,2,0.0000,0
11305795.0,494.682977,627.192233,1121.875211,1257,225,0.00,0.1438,0.1375,6,0,4,706,0.353000,0.2344,2,0.0469,2,0.0000,0,0.1875,2,0.4844,2,0.0000,0,0.0000,0,0.3750,2,0.1094,2,0.0000,0
11305955.0,494.734162,627.380658,1122.114820,1258,225,0.00,0.1406,0.1375,7,0,3,707,0.353500,0.2344,2,0.0469,2,0.0000,0,0.1875,2,0.4844,2,0.0000,0,0.0000,0,0.2500,2,0.1094,2,0.0938,2
11306260.0,494.835340,627.748425,1122.583765,1259,226,0.00,0.1484,0.1375,6,0,4,707,0.353500,0.3594,2,0.0000,0,0.0000,0,0.1875,2,0.4844,2,0.0000,0,0.0000,0,0.2500,2,0.1094,2,0.0938,2
11306401.0,494.881886,627.921150,1122.803036,1260,226,0.00,0.1531,0.1500,7,0,3,708,0.354000,0.3594,2,0.0469,2,0.0000,0,0.1875,2,0.4844,2,0.0000,0,0.0000,0,0.2500,2,0.1094,2,0.0938,2
11307339.0,495.191309,629.017608,1124.208917,1261,226,0.00,0.1234,0.1125,7,0,3,709,0.354500,0.2344,2,0.0000,0,0.0469,2,0.1875,2,0.3125,2,0.0000,0,0.0000,0,0.2500,2,0.1094,2,0.0938,2
11307342.0,495.192322,629.021033,1124.213355,1262,226,0.00,0.1281,0.1250,7,0,3,709,0.354500,0.2344,2,0.0000,0,0.0469,2,0.2344,2,0.3125,2,0.0000,0,0.0000,0,0.2500,2,0.1094,2,0.0938,2
11307692.0,495.310810,629.431942,1124.742752,1263,227,0.00,0.1313,0.1125,7,0,3,709,0.354500,0.2344,2,0.0000,0,0.0469,2,0.1875,2,0.4844,2,0.0000,0,0.0000,0,0.2500,2,0.0156,2,0.0938,2
11307831.0,495.359091,629.590633,1124.949725,1264,227,0.00,0.1359,0.1250,8,0,2,710,0.355000,0.2344,2,0.0000,0,0.0469,2,0.1875,2,0.4844,2,0.0469,2,0.0000,0,0.2500,2,0.0156,2,0.0938,2
11307838.0,495.362237,629.599617,1124.961854,1265,227,0.00,0.1406,0.1375,9,0,1,711,0.355500,0.2344,2,0.0000,0,0.0469,2,0.1875,2,0.4844,2,0.0469,2,0.0469,2,0.2500,2,0.0156,2,0.0938,2
11308020.0,495.437249,629.858967,1125.296216,1266,228,0.00,0.1578,0.1500,9,0,1,711,0.355500,0.2344,2,0.0000,0,0.0469,2,0.1875,2,0.4844,2,0.0469,2,0.0469,2,0.4219,2,0.0156,2,0.0938,2
11308024.0,495.438951,629.864967,1125.303918,1267,228,0.00,0.1750,0.1625,9,0,1,711,0.355500,0.2344,2,0.0000,0,0.0469,2,0.1875,2,0.4844,2,0.0469,2,0.0469,2,0.4219,2,0.1875,2,0.0938,2
11308521.0,495.642570,630.575600,1126.218170,1268,228,0.00,0.1406,0.1375,8,0,2,711,0.355500,0.2344,2,0.0000,0,0.0000,0,0.1875,2,0.4844,2,0.0469,2,0.0469,2,0.2500,2,0.0156,2,0.1406,2
11308788.0,495.741261,630.920350,1126.661611,1269,229,0.00,0.1406,0.1375,8,0,2,711,0.355500,0.4063,2,0.0000,0,0.0000,0,0.1875,2,0.3125,2,0.0469,2,0.0469,2,0.2500,2,0.0156,2,0.1406,2
11308789.0,495.742143,630.921708,1126.663851,1270,229,0.00,0.1578,0.1500,9,0,1,712,0.356000,0.4063,2,0.1719,2,0.0000,0,0.1875,2,0.3125,2,0.0469,2,0.0469,2,0.2500,2,0.0156,2,0.1406,2
11308789.0,495.742643,630.921708,1126.664351,1271,229,0.00,0.1750,0.1625,10,0,0,713,0.356500,0.4063,2,0.1719,2,0.1719,2,0.1875,2,0.3125,2,0.0469,2,0.0469,2,0.2500,2,0.0156,2,0.1406,2
11309094.0,495.872229,631.361967,1127.234196,1272,229,0.00,0.1359,0.1250,7,0,3,713,0.356500,0.2344,2,0.1719,2,0.0000,0,0.2344,2,0.3125,2,0.0000,0,0.0000,0,0.2500,2,0.0156,2,0.1406,2
11309611.0,496.020152,631.900525,1127.920677,1273,230,0.00,0.1063,0.1125,6,0,4,713,0.356500,0.1094,2,0.0000,0,0.0000,0,0.1875,2,0.3594,2,0.0000,0,0.0000,0,0.2500,2,0.0156,2,0.1406,2
11310041.0,496.142790,632.320700,1128.463490,1274,230,0.00,0.1094,0.1000,7,0,3,714,0.357000,0.1094,2,0.0000,0,0.0000,0,0.1875,2,0.1875,2,0.2500,2,0.0000,0,0.2500,2,0.0156,2,0.0938,2
11310151.0,496.179231,632.438033,1128.617264,1275,230,0.00,0.1266,0.1125,8,0,2,715,0.357500,0.1094,2,0.0000,0,0.0000,0,0.1875,2,0.1875,2,0.2500,2,0.1719,2,0.2500,2,0.0156,2,0.0938,2
11310354.0,496.254475,632.683325,1128.937800,1276,231,0.00,0.1438,0.1250,8,0,2,715,0.357500,0.1094,2,0.0000,0,0.0000,0,0.1875,2,0.1875,2,0.2500,2,0.1719,2,0.4219,2,0.0156,2,0.0938,2
11310355.0,496.254859,632.684608,1128.939467,1277,231,0.00,0.1484,0.1375,8,0,2,715,0.357500,0.1094,2,0.0000,0,0.0000,0,0.1875,2,0.1875,2,0.2500,2,0.1719,2,0.4219,2,0.0625,2,0.0938,2
11310513.0,496.316111,632.899225,1129.215336,1278,231,0.00,0.1656,0.1500,8,0,2,715,0.357500,0.1094,2,0.0000,0,0.0000,0,0.1875,2,0.1875,2,0.2500,2,0.1719,2,0.4219,2,0.0625,2,0.2656,2
11310674.0,496.380679,633.129992,1129.510670,1279,231,0.00,0.1719,0.1625,8,0,2,715,0.357500,0.1719,2,0.0000,0,0.0000,0,0.1875,2,0.1875,2,0.2500,2,0.1719,2,0.4219,2,0.0625,2,0.2656,2
11310689.0,496.387267,633.152617,1129.539884,1280,231,0.00,0.1813,0.1750,9,0,1,716,0.358000,0.1719,2,0.0938,2,0.0000,0,0.1875,2,0.1875,2,0.2500,2,0.1719,2,0.4219,2,0.0625,2,0.2656,2
11310928.0,496.493656,633.543517,1130.037173,1281,231,0.00,0.1891,0.1750,10,0,0,717,0.358500,0.1719,2,0.0938,2,0.1250,2,0.1875,2,0.1875,2,0.2500,2,0.1719,2,0.4219,2,0.0156,2,0.2656,2
11310944.0,496.501342,633.570983,1130.072325,1282,231,0.00,0.1938,0.1875,10,0,0,717,0.358500,0.1719,2,0.0938,2,0.1250,2,0.2344,2,0.1875,2,0.2500,2,0.1719,2,0.4219,2,0.0156,2,0.2656,2
11311054.0,496.554585,633.768067,1130.322652,1283,231,0.00,0.2000,0.2000,10,0,0,717,0.358500,0.1719,2,0.0938,2,0.1250,2,0.2344,2,0.2500,2,0.2500,2,0.1719,2,0.4219,2,0.0156,2,0.2656,2
11311061.0,496.557971,633.780758,1130.338729,1284,231,0.00,0.1953,0.2000,9,1,0,717,0.358500,0.1719,2,0.0000,1,0.1250,2,0.2344,2,0.2500,2,0.2969,2,0.1719,2,0.4219,2,0.0156,2,0.2656,2
11311657.0,496.828669,634.838875,1131.667544,1285,232,0.00,0.2063,0.2000,9,0,1,717,0.358500,0.1719,2,0.0000,0,0.1250,2,0.2344,2,0.1875,2,0.2969,2,0.3438,2,0.4219,2,0.0156,2,0.2656,2
11311666.0,496.832838,634.855075,1131.687913,1286,233,0.00,0.2250,0.2000,9,0,1,717,0.358500,0.1719,2,0.0000,0,0.1250,2,0.2344,2,0.1875,2,0.2969,2,0.3438,2,0.6094,2,0.0156,2,0.2656,2
11312135.0,497.049283,635.667558,1132.716841,1287,233,0.00,0.2000,0.1875,8,0,2,717,0.358500,0.1719,2,0.0000,0,0.1250,2,0.2344,2,0.1875,2,0.0000,0,0.3438,2,0.6094,2,0.0625,2,0.2656,2
11312135.0,497.049283,635.667558,1132.716841,1288,234,0.00,0.2188,0.1875,8,0,2,717,0.358500,0.1719,2,0.0000,0,0.1250,2,0.2344,2,0.1875,2,0.0000,0,0.3438,2,0.6094,2,0.0625,2,0.4531,2
11312226.0,497.089328,635.815242,1132.904570,1289,234,0.00,0.2172,0.1875,8,0,2,717,0.358500,0.1563,2,0.0000,0,0.1250,2,0.2344,2,0.1875,2,0.0000,0,0.3438,2,0.6094,2,0.0625,2,0.4531,2
11312470.0,497.196990,636.210050,1133.407040,1290,234,0.00,0.2297,0.1875,9,0,1,718,0.359000,0.1563,2,0.1719,2,0.1250,2,0.2344,2,0.1875,2,0.0000,0,0.3438,2,0.6094,2,0.0156,2,0.4531,2
11312471.0,497.197472,636.211775,1133.409247,1291,235,0.00,0.2469,0.2000,9,0,1,718,0.359000,0.1563,2,0.1719,2,0.2969,2,0.2344,2,0.1875,2,0.0000,0,0.3438,2,0.6094,2,0.0156,2,0.4531,2
11312511.0,497.216863,636.281525,1133.498387,1292,235,0.00,0.2344,0.2000,9,0,1,718,0.359000,0.1563,2,0.1719,2,0.2969,2,0.2813,2,0.1875,2,0.0000,0,0.3438,2,0.4375,2,0.0156,2,0.4531,2
11312599.0,497.259312,636.435050,1133.694362,1293,235,0.00,0.2344,0.2000,9,0,1,718,0.359000,0.1563,2,0.1719,2,0.2969,2,0.2344,2,0.2344,2,0.0000,0,0.3438,2,0.4375,2,0.0156,2,0.4531,2
11312619.0,497.269513,636.471050,1133.740563,1294,235,0.00,0.2391,0.2125,10,0,0,719,0.359500,0.1563,2,0.1719,2,0.2969,2,0.2344,2,0.2344,2,0.0469,2,0.3438,2,0.4375,2,0.0156,2,0.4531,2
11312689.0,497.305247,636.602917,1133.908164,1295,235,0.00,0.2297,0.2000,10,0,0,719,0.359500,0.1563,2,0.1719,2,0.2969,2,0.2344,2,0.1875,2,0.0469,2,0.2969,2,0.4375,2,0.0156,2,0.4531,2
11312702.0,497.311903,636.627183,1133.939086,1296,235,0.00,0.2422,0.2125,10,0,0,719,0.359500,0.1563,2,0.1719,2,0.2969,2,0.2344,2,0.1875,2,0.0469,2,0.2969,2,0.5625,2,0.0156,2,0.4531,2
11312714.0,497.318163,636.650483,1133.968647,1297,235,0.00,0.2594,0.2250,10,0,0,719,0.359500,0.1563,2,0.1719,2,0.2969,2,0.2344,2,0.1875,2,0.0469,2,0.2969,2,0.5625,2,0.1875,2,0.4531,2
11313813.0,497.837130,638.580342,1136.417472,1298,235,0.00,0.1766,0.1750,9,0,1,719,0.359500,0.1094,2,0.1719,2,0.1250,2,0.2344,2,0.1875,2,0.0000,0,0.2969,2,0.3125,2,0.1875,2,0.1406,2
11314353.0,498.074787,639.471342,1137.546128,1299,236,0.00,0.1859,0.1875,9,0,1,719,0.359500,0.2031,2,0.1719,2,0.1250,2,0.2344,2,0.1875,2,0.0000,0,0.2969,2,0.3125,2,0.1875,2,0.1406,2
11314975.0,498.351609,640.529292,1138.880900,1300,237,0.00,0.1938,0.1875,9,0,1,719,0.359500,0.1094,2,0.3438,2,0.1250,2,0.2344,2,0.1875,2,0.0000,0,0.2969,2,0.3125,2,0.1875,2,0.1406,2
11314980.0,498.353876,640.537917,1138.891793,1301,238,0.00,0.2109,0.2000,9,0,1,719,0.359500,0.1094,2,0.3438,2,0.2969,2,0.2344,2,0.1875,2,0.0000,0,0.2969,2,0.3125,2,0.1875,2,0.1406,2
11315316.0,498.510734,641.142717,1139.653451,1302,239,0.00,0.2281,0.2125,9,0,1,719,0.359500,0.1094,2,0.3438,2,0.2969,2,0.4063,2,0.1875,2,0.0000,0,0.2969,2,0.3125,2,0.1875,2,0.1406,2
11315325.0,498.515056,641.159592,1139.674648,1303,239,0.00,0.2328,0.2250,9,0,1,719,0.359500,0.1094,2,0.3438,2,0.2969,2,0.4063,2,0.2344,2,0.0000,0,0.2969,2,0.3125,2,0.1875,2,0.1406,2
11315566.0,498.629023,641.611917,1140.240940,1304,239,0.00,0.2156,0.2125,10,0,0,720,0.360000,0.1094,2,0.3438,2,0.2969,2,0.2344,2,0.2344,2,0.1719,2,0.1250,2,0.3125,2,0.1875,2,0.1406,2
11315619.0,498.655579,641.714825,1140.370404,1305,239,0.00,0.2656,0.2125,10,0,0,720,0.360000,0.1094,2,0.3438,2,0.2969,2,0.2344,2,0.2344,2,0.1719,2,0.6250,2,0.3125,2,0.1875,2,0.1406,2
11315620.0,498.656119,641.716767,1140.372885,1306,239,0.00,0.3156,0.2125,10,0,0,720,0.360000,0.1094,2,0.3438,2,0.2969,2,0.2344,2,0.2344,2,0.1719,2,0.6250,2,0.8125,2,0.1875,2,0.1406,2
11315648.0,498.672326,641.771133,1140.443459,1307,240,0.00,0.3328,0.2250,10,0,0,720,0.360000,0.1094,2,0.3438,2,0.2969,2,0.2344,2,0.2344,2,0.1719,2,0.6250,2,0.8125,2,0.3594,2,0.1406,2
11316323.0,499.018376,643.053783,1142.072159,1308,240,0.00,0.2266,0.1750,10,0,0,720,0.360000,0.1094,2,0.1719,2,0.1250,2,0.2344,2,0.1875,2,0.1719,2,0.1250,2,0.3125,2,0.1875,2,0.6406,2
11316417.0,499.066033,643.213800,1142.279833,1309,240,0.00,0.2375,0.1750,9,1,0,720,0.360000,0.3906,2,0.0000,1,0.1250,2,0.2344,2,0.1875,2,0.1719,2,0.1250,2,0.3125,2,0.1875,2,0.6406,2
11316517.0,499.113314,643.377725,1142.491039,1310,240,0.00,0.1828,0.1625,10,0,0,721,0.360500,0.1094,2,0.2344,2,0.1250,2,0.2344,2,0.1875,2,0.1719,2,0.1250,2,0.3125,2,0.1875,2,0.1406,2
11316613.0,499.158964,643.535325,1142.694289,1311,240,0.00,0.1875,0.1750,10,0,0,721,0.360500,0.1094,2,0.2344,2,0.1719,2,0.2344,2,0.1875,2,0.1719,2,0.1250,2,0.3125,2,0.1875,2,0.1406,2
11317139.0,499.380164,644.381267,1143.761431,1312,240,0.00,0.1797,0.1500,8,0,2,721,0.360500,0.1094,2,0.0000,0,0.1719,2,0.7344,2,0.1875,2,0.0000,0,0.1250,2,0.3125,2,0.0156,2,0.1406,2
11317435.0,499.496355,644.805533,1144.301888,1313,241,0.00,0.1531,0.1500,8,0,2,721,0.360500,0.1094,2,0.0000,0,0.1719,2,0.2344,2,0.4219,2,0.0000,0,0.1250,2,0.3125,2,0.0156,2,0.1406,2
11318199.0,499.795823,645.900600,1145.696423,1314,241,0.00,0.1703,0.1625,9,0,1,722,0.361000,0.1094,2,0.0000,0,0.1719,2,0.2344,2,0.4219,2,0.1719,2,0.1250,2,0.3125,2,0.0156,2,0.1406,2
11325996.0,502.201109,654.322283,1156.523392,1315,241,0.00,0.1047,0.1125,7,0,3,723,0.361500,0.1094,2,0.0000,0,0.1250,2,0.2344,2,0.1875,2,0.0000,0,0.0625,2,0.3125,2,0.0156,2,0.0000,0
11326552.0,502.380747,654.957050,1157.337797,1316,241,0.00,0.1094,0.1250,7,0,3,723,0.361500,0.1094,2,0.0000,0,0.1250,2,0.2344,2,0.1875,2,0.0000,0,0.0625,2,0.3594,2,0.0156,2,0.0000,0
11326557.0,502.382380,654.963133,1157.345514,1317,241,0.00,0.1141,0.1375,7,0,3,723,0.361500,0.1094,2,0.0000,0,0.1250,2,0.2344,2,0.1875,2,0.0000,0,0.0625,2,0.3594,2,0.0625,2,0.0000,0
11326617.0,502.402703,655.040633,1157.443337,1318,241,0.00,0.1188,0.1500,8,0,2,724,0.362000,0.1094,2,0.0000,0,0.1250,2,0.2344,2,0.1875,2,0.0000,0,0.0625,2,0.3594,2,0.0625,2,0.0469,2
11327321.0,502.646973,655.963250,1158.610223,1319,242,0.00,0.1344,0.1375,7,0,3,724,0.362000,0.3594,2,0.0000,0,0.1250,2,0.2344,2,0.1875,2,0.0000,0,0.0625,2,0.3594,2,0.0156,2,0.0000,0
11327553.0,502.727557,656.258192,1158.985749,1320,242,0.00,0.1469,0.1375,8,0,2,725,0.362500,0.3594,2,0.1719,2,0.1250,2,0.2344,2,0.1875,2,0.0000,0,0.0625,2,0.3125,2,0.0156,2,0.0000,0
11327628.0,502.756542,656.360067,1159.116608,1321,242,0.00,0.1516,0.1500,8,0,2,725,0.362500,0.3594,2,0.1719,2,0.1719,2,0.2344,2,0.1875,2,0.0000,0,0.0625,2,0.3125,2,0.0156,2,0.0000,0
11327808.0,502.826101,656.604492,1159.430592,1322,242,0.00,0.1484,0.1375,8,0,2,725,0.362500,0.3594,2,0.1719,2,0.1250,2,0.2500,2,0.1875,2,0.0000,0,0.0625,2,0.3125,2,0.0156,2,0.0000,0
11327857.0,502.845097,656.671050,1159.516147,1323,243,0.00,0.1656,0.1500,8,0,2,725,0.362500,0.3594,2,0.1719,2,0.1250,2,0.2500,2,0.3594,2,0.0000,0,0.0625,2,0.3125,2,0.0156,2,0.0000,0
11328029.0,502.914576,656.917583,1159.832159,1324,243,0.00,0.1828,0.1625,9,0,1,726,0.363000,0.3594,2,0.1719,2,0.1250,2,0.2500,2,0.3594,2,0.1719,2,0.0625,2,0.3125,2,0.0156,2,0.0000,0
11328518.0,503.121718,657.642725,1160.764443,1325,243,0.00,0.1719,0.1375,8,0,2,726,0.363000,0.3594,2,0.0000,0,0.1250,2,0.2500,2,0.3594,2,0.1719,2,0.2500,2,0.1875,2,0.0156,2,0.0000,0
11328655.0,503.177327,657.828817,1161.006144,1326,244,0.00,0.1969,0.1375,8,0,2,726,0.363000,0.3594,2,0.0000,0,0.1250,2,0.2500,2,0.3594,2,0.1719,2,0.2500,2,0.4375,2,0.0156,2,0.0000,0
11328658.0,503.178603,657.832892,1161.011495,1327,244,0.00,0.2031,0.1500,8,0,2,726,0.363000,0.3594,2,0.0000,0,0.1250,2,0.2500,2,0.3594,2,0.1719,2,0.2500,2,0.4375,2,0.0781,2,0.0000,0
11333050.0,504.654421,662.909292,1167.563712,1328,244,0.00,0.1094,0.1000,7,0,3,727,0.363500,0.1094,2,0.0000,0,0.1250,2,0.2500,2,0.1875,2,0.0000,0,0.0000,0,0.1875,2,0.0156,2,0.2188,2
11333556.0,504.819749,663.449025,1168.268774,1329,245,0.00,0.1375,0.1125,7,0,3,727,0.363500,0.3906,2,0.0000,0,0.1250,2,0.2500,2,0.1875,2,0.0000,0,0.0000,0,0.1875,2,0.0156,2,0.2188,2
11333598.0,504.834891,663.496975,1168.331866,1330,245,0.00,0.1656,0.1250,8,0,2,728,0.364000,0.3906,2,0.2813,2,0.1250,2,0.2500,2,0.1875,2,0.0000,0,0.0000,0,0.1875,2,0.0156,2,0.2188,2
11333777.0,504.906677,663.726692,1168.633369,1331,246,0.00,0.1844,0.1250,8,0,2,728,0.364000,0.3906,2,0.2813,2,0.3125,2,0.2500,2,0.1875,2,0.0000,0,0.0000,0,0.1875,2,0.0156,2,0.2188,2
11333783.0,504.909171,663.734392,1168.643563,1332,247,0.00,0.2031,0.1250,8,0,2,728,0.364000,0.3906,2,0.2813,2,0.3125,2,0.4375,2,0.1875,2,0.0000,0,0.0000,0,0.1875,2,0.0156,2,0.2188,2
11333784.0,504.909601,663.735675,1168.645276,1333,248,0.00,0.2281,0.1250,8,0,2,728,0.364000,0.3906,2,0.2813,2,0.3125,2,0.4375,2,0.4375,2,0.0000,0,0.0000,0,0.1875,2,0.0156,2,0.2188,2
11333794.0,504.914598,663.748508,1168.663106,1334,248,0.00,0.2328,0.1375,9,0,1,729,0.364500,0.3906,2,0.2813,2,0.3125,2,0.4375,2,0.4375,2,0.0469,2,0.0000,0,0.1875,2,0.0156,2,0.2188,2
11333839.0,504.936871,663.812633,1168.749505,1335,248,0.00,0.2516,0.1375,10,0,0,730,0.365000,0.3906,2,0.2813,2,0.3125,2,0.4375,2,0.4375,2,0.0469,2,0.1875,2,0.1875,2,0.0156,2,0.2188,2
11334076.0,505.062243,664.166158,1169.228401,1336,248,0.00,0.2578,0.1500,10,0,0,730,0.365000,0.3906,2,0.2813,2,0.3125,2,0.4375,2,0.4375,2,0.0469,2,0.1875,2,0.2500,2,0.0156,2,0.2188,2
11334457.0,505.253741,664.712608,1169.966349,1337,248,0.00,0.2063,0.1250,9,0,1,731,0.365500,0.1094,2,0.0000,0,0.3125,2,0.4375,2,0.4375,2,0.0469,2,0.1875,2,0.2500,2,0.0625,2,0.2188,2
11334738.0,505.374119,665.085958,1170.460077,1338,249,0.00,0.1781,0.1375,8,0,2,731,0.365500,0.1094,2,0.0000,0,0.1250,2,0.2500,2,0.4375,2,0.0469,2,0.0000,0,0.2500,2,0.0625,2,0.5000,2
11334827.0,505.409540,665.201625,1170.611165,1339,250,0.00,0.1828,0.1375,7,0,3,731,0.365500,0.2813,2,0.0000,0,0.0000,0,0.2500,2,0.4375,2,0.0469,2,0.0000,0,0.2500,2,0.0625,2,0.5000,2
11334837.0,505.413878,665.214542,1170.628420,1340,250,0.00,0.2000,0.1500,8,0,2,732,0.366000,0.2813,2,0.1719,2,0.0000,0,0.2500,2,0.4375,2,0.0469,2,0.0000,0,0.2500,2,0.0625,2,0.5000,2
11335068.0,505.511513,665.543392,1171.054905,1341,250,0.00,0.1922,0.1375,9,0,1,733,0.366500,0.2813,2,0.1719,2,0.2344,2,0.2500,2,0.1875,2,0.0469,2,0.0000,0,0.1875,2,0.0625,2,0.5000,2
11335337.0,505.633170,665.926717,1171.559887,1342,251,0.00,0.2094,0.1500,9,0,1,733,0.366500,0.2813,2,0.1719,2,0.2344,2,0.4219,2,0.1875,2,0.0469,2,0.0000,0,0.1875,2,0.0625,2,0.5000,2
11335740.0,505.811903,666.497942,1172.309845,1343,252,0.00,0.1688,0.1375,8,0,2,733,0.366500,0.1094,2,0.1719,2,0.0000,0,0.2500,2,0.3594,2,0.0469,2,0.0000,0,0.1875,2,0.0625,2,0.5000,2
11335976.0,505.897448,666.780150,1172.677598,1344,252,0.00,0.1625,0.1250,6,0,4,733,0.366500,0.1094,2,0.0000,0,0.0000,0,0.2500,2,0.3594,2,0.2188,2,0.0000,0,0.1875,2,0.0000,0,0.5000,2
11336136.0,505.951948,666.964150,1172.916098,1345,252,0.00,0.1797,0.1375,7,0,3,734,0.367000,0.1094,2,0.0000,0,0.0000,0,0.2500,2,0.3594,2,0.2188,2,0.1719,2,0.1875,2,0.0000,0,0.5000,2
11340048.0,507.187226,671.087333,1178.274560,1346,253,0.00,0.1406,0.1125,6,0,4,734,0.367000,0.1094,2,0.0000,0,0.0000,0,0.2500,2,0.3594,2,0.0469,2,0.1719,2,0.4688,2,0.0000,0,0.0000,0
11340147.0,507.219454,671.193758,1178.413213,1347,253,0.00,0.1594,0.1125,7,0,3,735,0.367500,0.1094,2,0.0000,0,0.0000,0,0.2500,2,0.3594,2,0.0469,2,0.1719,2,0.4688,2,0.1875,2,0.0000,0
11340203.0,507.240429,671.257692,1178.498121,1348,253,0.00,0.1766,0.1250,8,0,2,736,0.368000,0.1094,2,0.0000,0,0.0000,0,0.2500,2,0.3594,2,0.0469,2,0.1719,2,0.4688,2,0.1875,2,0.1719,2
11340782.0,507.434298,671.901050,1179.335348,1349,254,0.00,0.1188,0.1125,6,0,4,736,0.368000,0.1719,2,0.0000,0,0.0000,0,0.2500,2,0.3594,2,0.0469,2,0.1719,2,0.1875,2,0.0000,0,0.0000,0
11340817.0,507.445420,671.938675,1179.384095,1350,254,0.00,0.1688,0.1125,7,0,3,737,0.368500,0.1719,2,0.5000,2,0.0000,0,0.2500,2,0.3594,2,0.0469,2,0.1719,2,0.1875,2,0.0000,0,0.0000,0
11340817.0,507.445920,671.938675,1179.384595,1351,254,0.00,0.2188,0.1125,8,0,2,738,0.369000,0.1719,2,0.5000,2,0.5000,2,0.2500,2,0.3594,2,0.0469,2,0.1719,2,0.1875,2,0.0000,0,0.0000,0
11342386.0,507.866342,673.338533,1181.204876,1352,255,0.00,0.1016,0.1000,5,0,5,738,0.369000,0.1719,2,0.0000,0,0.0000,0,0.4219,2,0.1875,2,0.0469,2,0.0000,0,0.1875,2,0.0000,0,0.0000,0
11342410.0,507.872571,673.360933,1181.233505,1353,256,0.00,0.1188,0.1125,5,0,5,738,0.369000,0.1719,2,0.0000,0,0.0000,0,0.4219,2,0.3594,2,0.0469,2,0.0000,0,0.1875,2,0.0000,0,0.0000,0
11342436.0,507.879667,673.387150,1181.266817,1354,256,0.00,0.1359,0.1250,5,0,5,738,0.369000,0.1719,2,0.0000,0,0.0000,0,0.4219,2,0.3594,2,0.2188,2,0.0000,0,0.1875,2,0.0000,0,0.0000,0
11342458.0,507.886465,673.410983,1181.297449,1355,256,0.00,0.1531,0.1375,6,0,4,739,0.369500,0.1719,2,0.0000,0,0.0000,0,0.4219,2,0.3594,2,0.2188,2,0.1719,2,0.1875,2,0.0000,0,0.0000,0
11342524.0,507.908259,673.491833,1181.400093,1356,257,0.00,0.1719,0.1375,6,0,4,739,0.369500,0.1719,2,0.0000,0,0.0000,0,0.4219,2,0.3594,2,0.2188,2,0.1719,2,0.3750,2,0.0000,0,0.0000,0
11342609.0,507.938066,673.595958,1181.534025,1357,257,0.00,0.1906,0.1375,7,0,3,740,0.370000,0.1719,2,0.0000,0,0.0000,0,0.4219,2,0.3594,2,0.2188,2,0.1719,2,0.3750,2,0.1875,2,0.0000,0
11342677.0,507.965082,673.683792,1181.648873,1358,257,0.00,0.2047,0.1500,8,0,2,741,0.370500,0.1719,2,0.0000,0,0.0000,0,0.4219,2,0.3594,2,0.2188,2,0.1719,2,0.3750,2,0.1875,2,0.1406,2
11343842.0,508.387972,675.169367,1183.557339,1359,257,0.00,0.1031,0.1125,6,0,4,741,0.370500,0.2188,2,0.0000,0,0.0000,0,0.2500,2,0.1875,2,0.0469,2,0.0000,0,0.1875,2,0.0000,0,0.1406,2
11345006.0,508.718023,676.374542,1185.092565,1360,257,0.00,0.0828,0.0875,6,0,4,742,0.371000,0.1094,2,0.0469,2,0.0000,0,0.2500,2,0.1875,2,0.0469,2,0.0000,0,0.1875,2,0.0000,0,0.0000,0
11345074.0,508.737259,676.437442,1185.174700,1361,257,0.00,0.1016,0.1000,7,0,3,743,0.371500,0.1094,2,0.0469,2,0.1875,2,0.2500,2,0.1875,2,0.0469,2,0.0000,0,0.1875,2,0.0000,0,0.0000,0
11345551.0,508.890213,676.946242,1185.836455,1362,258,0.00,0.1141,0.1125,7,0,3,743,0.371500,0.1094,2,0.0469,2,0.1875,2,0.3750,2,0.1875,2,0.0469,2,0.0000,0,0.1875,2,0.0000,0,0.0000,0
11345812.0,508.976443,677.244217,1186.220660,1363,259,0.00,0.1391,0.1125,7,0,3,743,0.371500,0.1094,2,0.0469,2,0.1875,2,0.3750,2,0.4375,2,0.0469,2,0.0000,0,0.1875,2,0.0000,0,0.0000,0
11345865.0,508.994984,677.304725,1186.299709,1364,259,0.00,0.1547,0.1125,7,0,3,743,0.371500,0.1094,2,0.0469,2,0.1875,2,0.3750,2,0.4375,2,0.2031,2,0.0000,0,0.1875,2,0.0000,0,0.0000,0
11346208.0,509.108016,677.659500,1186.767516,1365,259,0.00,0.1516,0.1125,7,0,3,744,0.372000,0.1094,2,0.0000,0,0.1875,2,0.3750,2,0.4375,2,0.0469,2,0.1719,2,0.1875,2,0.0000,0,0.0000,0
11346233.0,509.117005,677.688042,1186.805047,1366,260,0.00,0.1688,0.1250,7,0,3,744,0.372000,0.1094,2,0.0000,0,0.1875,2,0.3750,2,0.4375,2,0.0469,2,0.1719,2,0.3594,2,0.0000,0,0.0000,0
11346237.0,509.118997,677.692908,1186.811905,1367,260,0.00,0.1859,0.1375,8,0,2,745,0.372500,0.1094,2,0.0000,0,0.1875,2,0.3750,2,0.4375,2,0.0469,2,0.1719,2,0.3594,2,0.1719,2,0.0000,0
11346548.0,509.238325,678.075450,1187.313775,1368,260,0.00,0.1688,0.1250,8,0,2,746,0.373000,0.1094,2,0.0000,0,0.1875,2,0.3750,2,0.4375,2,0.0469,2,0.1719,2,0.1875,2,0.0000,0,0.1719,2
11346552.0,509.239939,678.080583,1187.320522,1369,261,0.00,0.1859,0.1375,8,0,2,746,0.373000,0.2813,2,0.0000,0,0.1875,2,0.3750,2,0.4375,2,0.0469,2,0.1719,2,0.1875,2,0.0000,0,0.1719,2
11346580.0,509.252110,678.118617,1187.370727,1370,261,0.00,0.2031,0.1500,9,0,1,747,0.373500,0.2813,2,0.1719,2,0.1875,2,0.3750,2,0.4375,2,0.0469,2,0.1719,2,0.1875,2,0.0000,0,0.1719,2
11346580.0,509.252110,678.118617,1187.370727,1371,262,0.00,0.2281,0.1500,9,0,1,747,0.373500,0.2813,2,0.1719,2,0.4375,2,0.3750,2,0.4375,2,0.0469,2,0.1719,2,0.1875,2,0.0000,0,0.1719,2
11346627.0,509.274680,678.189117,1187.463797,1372,263,0.00,0.2453,0.1625,9,0,1,747,0.373500,0.2813,2,0.1719,2,0.4375,2,0.5469,2,0.4375,2,0.0469,2,0.1719,2,0.1875,2,0.0000,0,0.1719,2
11346674.0,509.297878,678.263142,1187.561020,1373,264,0.00,0.2625,0.1750,9,0,1,747,0.373500,0.2813,2,0.1719,2,0.4375,2,0.5469,2,0.6094,2,0.0469,2,0.1719,2,0.1875,2,0.0000,0,0.1719,2
11346674.0,509.297878,678.263142,1187.561020,1374,264,0.00,0.2797,0.1875,9,0,1,747,0.373500,0.2813,2,0.1719,2,0.4375,2,0.5469,2,0.6094,2,0.2188,2,0.1719,2,0.1875,2,0.0000,0,0.1719,2
11346677.0,509.299439,678.268317,1187.567756,1375,265,0.00,0.2969,0.2000,9,0,1,747,0.373500,0.2813,2,0.1719,2,0.4375,2,0.5469,2,0.6094,2,0.2188,2,0.3438,2,0.1875,2,0.0000,0,0.1719,2
11346750.0,509.338398,678.399717,1187.738114,1376,266,0.00,0.3141,0.2125,9,0,1,747,0.373500,0.2813,2,0.1719,2,0.4375,2,0.5469,2,0.6094,2,0.2188,2,0.3438,2,0.3594,2,0.0000,0,0.1719,2
11346985.0,509.467454,678.840342,1188.307796,1377,266,0.00,0.3266,0.2250,10,0,0,748,0.374000,0.2813,2,0.1719,2,0.4375,2,0.5469,2,0.6094,2,0.2188,2,0.3438,2,0.3594,2,0.1250,2,0.1719,2
11383231.0,517.706420,704.927033,1222.633453,1378,266,0.00,0.0688,0.0625,4,0,6,749,0.374500,0.0000,0,0.0000,0,0.0000,0,0.2500,2,0.1875,2,0.0000,0,0.0000,0,0.1875,2,0.0000,0,0.0625,2
11383655.0,517.793192,705.199100,1222.992292,1379,266,0.00,0.0781,0.0750,5,0,5,750,0.375000,0.0938,2,0.0000,0,0.0000,0,0.2500,2,0.1875,2,0.0000,0,0.0000,0,0.1875,2,0.0000,0,0.0625,2
11383763.0,517.819755,705.283700,1223.103455,1380,266,0.00,0.0828,0.0875,6,0,4,751,0.375500,0.0938,2,0.0469,2,0.0000,0,0.2500,2,0.1875,2,0.0000,0,0.0000,0,0.1875,2,0.0000,0,0.0625,2
11383838.0,517.840882,705.352325,1223.193207,1381,266,0.00,0.0922,0.0875,6,1,3,752,0.376000,0.0938,2,0.0000,1,0.1406,2,0.2500,2,0.1875,2,0.0000,0,0.0000,0,0.1875,2,0.0000,0,0.0625,2
11383847.0,517.843702,705.361250,1223.204952,1382,266,0.00,0.0984,0.1000,6,1,3,752,0.376000,0.0938,2,0.0000,1,0.1406,2,0.3125,2,0.1875,2,0.0000,0,0.0000,0,0.1875,2,0.0000,0,0.0625,2
11383876.0,517.852381,705.390983,1223.243364,1383,267,0.00,0.1125,0.1125,6,0,4,752,0.376000,0.0938,2,0.0000,0,0.1406,2,0.3125,2,0.3281,2,0.0000,0,0.0000,0,0.1875,2,0.0000,0,0.0625,2
11384054.0,517.905093,705.575883,1223.480977,1384,267,0.00,0.1047,0.1125,7,0,3,753,0.376500,0.0938,2,0.0000,0,0.1406,2,0.3125,2,0.1875,2,0.0625,2,0.0000,0,0.1875,2,0.0000,0,0.0625,2
11384169.0,517.942519,705.705600,1223.648119,1385,267,0.00,0.1078,0.1125,7,1,2,754,0.377000,0.0938,2,0.0000,0,0.0000,1,0.3125,2,0.1875,2,0.0625,2,0.1719,2,0.1875,2,0.0000,0,0.0625,2
11384376.0,518.006893,705.926892,1223.933784,1386,268,0.00,0.0969,0.0875,5,0,5,754,0.377000,0.0938,2,0.0000,0,0.0000,0,0.2500,2,0.1875,2,0.0625,2,0.0000,0,0.3750,2,0.0000,0,0.0000,0
11384416.0,518.017629,705.961225,1223.978854,1387,268,0.00,0.1141,0.1000,6,0,4,755,0.377500,0.0938,2,0.0000,0,0.0000,0,0.2500,2,0.1875,2,0.0625,2,0.0000,0,0.3750,2,0.1719,2,0.0000,0
11384554.0,518.059505,706.099225,1224.158730,1388,268,0.00,0.1313,0.1125,7,0,3,756,0.378000,0.0938,2,0.0000,0,0.0000,0,0.2500,2,0.1875,2,0.0625,2,0.0000,0,0.3750,2,0.1719,2,0.1719,2
11384702.0,518.110380,706.268192,1224.378571,1389,268,0.00,0.1547,0.1250,7,0,3,756,0.378000,0.3281,2,0.0000,0,0.0000,0,0.2500,2,0.1875,2,0.0625,2,0.0000,0,0.3750,2,0.1719,2,0.1719,2
11384952.0,518.196713,706.556367,1224.753080,1390,268,0.00,0.1547,0.1250,7,0,3,757,0.378500,0.3281,2,0.1719,2,0.0000,0,0.2500,2,0.1875,2,0.0625,2,0.0000,0,0.3750,2,0.0000,0,0.1719,2
11385093.0,518.245060,706.713483,1224.958544,1391,268,0.00,0.1578,0.1250,7,0,3,758,0.379000,0.3281,2,0.1719,2,0.0938,2,0.2500,2,0.1875,2,0.0000,0,0.0000,0,0.3750,2,0.0000,0,0.1719,2
11385488.0,518.388331,707.187167,1225.575498,1392,269,0.00,0.1766,0.1250,7,0,3,758,0.379000,0.2344,2,0.1719,2,0.0938,2,0.5313,2,0.1875,2,0.0000,0,0.0000,0,0.3750,2,0.0000,0,0.1719,2
11385518.0,518.399701,707.223667,1225.623368,1393,270,0.00,0.2047,0.1375,7,0,3,758,0.379000,0.2344,2,0.1719,2,0.0938,2,0.5313,2,0.4688,2,0.0000,0,0.0000,0,0.3750,2,0.0000,0,0.1719,2
11385654.0,518.449722,707.381450,1225.831172,1394,270,0.00,0.1828,0.1125,5,1,4,759,0.379500,0.0000,0,0.1719,2,0.0000,1,0.5313,2,0.4688,2,0.2813,2,0.0000,0,0.3750,2,0.0000,0,0.0000,0
11385921.0,518.528734,707.624567,1226.153301,1395,270,0.00,0.1938,0.1125,5,0,5,760,0.380000,0.0000,0,0.0000,0,0.0000,0,0.5313,2,0.4688,2,0.2813,2,0.2813,2,0.3750,2,0.0000,0,0.0000,0
11386303.0,518.655272,708.009750,1226.665022,1396,270,0.00,0.1984,0.1250,5,0,5,760,0.380000,0.0000,0,0.0000,0,0.0000,0,0.5313,2,0.4688,2,0.2813,2,0.2813,2,0.4219,2,0.0000,0,0.0000,0
11386521.0,518.728779,708.245917,1226.974695,1397,270,0.00,0.2266,0.1375,6,0,4,761,0.380500,0.0000,0,0.0000,0,0.0000,0,0.5313,2,0.4688,2,0.2813,2,0.2813,2,0.4219,2,0.2813,2,0.0000,0
11386542.0,518.737413,708.271642,1227.009054,1398,270,0.00,0.2328,0.1500,7,0,3,762,0.381000,0.0000,0,0.0000,0,0.0000,0,0.5313,2,0.4688,2,0.2813,2,0.2813,2,0.4219,2,0.2813,2,0.0625,2
11386791.0,518.843176,708.611942,1227.455117,1399,270,0.00,0.2375,0.1625,8,0,2,763,0.381500,0.0469,2,0.0000,0,0.0000,0,0.5313,2,0.4688,2,0.2813,2,0.2813,2,0.4219,2,0.2813,2,0.0625,2
11401470.0,522.273825,719.427725,1241.701550,1400,270,0.00,0.0625,0.0500,4,0,6,764,0.382000,0.0000,0,0.0625,2,0.0000,0,0.1875,2,0.1875,2,0.0000,0,0.0000,0,0.1875,2,0.0000,0,0.0000,0
11401602.0,522.300542,719.502525,1241.803067,1401,270,0.00,0.0859,0.0500,5,0,5,765,0.382500,0.0000,0,0.0625,2,0.2344,2,0.1875,2,0.1875,2,0.0000,0,0.0000,0,0.1875,2,0.0000,0,0.0000,0
11401708.0,522.326766,719.569658,1241.896424,1402,271,0.00,0.1047,0.0500,5,0,5,765,0.382500,0.0000,0,0.0625,2,0.2344,2,0.3750,2,0.1875,2,0.0000,0,0.0000,0,0.1875,2,0.0000,0,0.0000,0
11401813.0,522.354273,719.636158,1241.990432,1403,271,0.00,0.1094,0.0625,5,0,5,765,0.382500,0.0000,0,0.0625,2,0.2344,2,0.3750,2,0.2344,2,0.0000,0,0.0000,0,0.1875,2,0.0000,0,0.0000,0
11401815.0,522.355305,719.637575,1241.992880,1404,271,0.00,0.1375,0.0750,6,0,4,766,0.383000,0.0000,0,0.0625,2,0.2344,2,0.3750,2,0.2344,2,0.2813,2,0.0000,0,0.1875,2,0.0000,0,0.0000,0
11402540.0,522.583493,720.253825,1242.837318,1405,271,0.00,0.1359,0.0875,7,0,3,767,0.383500,0.0000,0,0.0625,2,0.2344,2,0.1875,2,0.2344,2,0.2813,2,0.1719,2,0.1875,2,0.0000,0,0.0000,0
11402969.0,522.732526,720.679250,1243.411776,1406,272,0.00,0.1531,0.1000,7,0,3,767,0.383500,0.0000,0,0.0625,2,0.2344,2,0.1875,2,0.2344,2,0.2813,2,0.1719,2,0.3594,2,0.0000,0,0.0000,0
11402972.0,522.734108,720.682450,1243.416558,1407,272,0.00,0.1703,0.1125,8,0,2,768,0.384000,0.0000,0,0.0625,2,0.2344,2,0.1875,2,0.2344,2,0.2813,2,0.1719,2,0.3594,2,0.1719,2,0.0000,0
11403719.0,522.997679,721.441225,1244.438904,1408,272,0.00,0.0906,0.0625,6,0,4,769,0.384500,0.0000,0,0.0625,2,0.2344,2,0.1875,2,0.1875,2,0.0000,0,0.0000,0,0.1875,2,0.0000,0,0.0469,2
11403754.0,523.008035,721.468350,1244.476385,1409,272,0.00,0.1078,0.0750,7,0,3,770,0.385000,0.1719,2,0.0625,2,0.2344,2,0.1875,2,0.1875,2,0.0000,0,0.0000,0,0.1875,2,0.0000,0,0.0469,2
11403804.0,523.024311,721.514183,1244.538495,1410,272,0.00,0.1359,0.0875,7,0,3,770,0.385000,0.1719,2,0.3438,2,0.2344,2,0.1875,2,0.1875,2,0.0000,0,0.0000,0,0.1875,2,0.0000,0,0.0469,2
11403954.0,523.072066,721.647933,1244.720000,1411,273,0.00,0.1375,0.0750,6,0,4,770,0.385000,0.0000,0,0.3438,2,0.4219,2,0.1875,2,0.1875,2,0.0000,0,0.0000,0,0.1875,2,0.0000,0,0.0469,2
11404007.0,523.088923,721.692983,1244.781907,1412,274,0.00,0.1516,0.0875,6,0,4,770,0.385000,0.0000,0,0.3438,2,0.4219,2,0.3281,2,0.1875,2,0.0000,0,0.0000,0,0.1875,2,0.0000,0,0.0469,2
11404118.0,523.125442,721.795658,1244.921100,1413,274,0.00,0.1563,0.1000,6,0,4,770,0.385000,0.0000,0,0.3438,2,0.4219,2,0.3281,2,0.2344,2,0.0000,0,0.0000,0,0.1875,2,0.0000,0,0.0469,2
11404187.0,523.148894,721.864658,1245.013552,1414,274,0.00,0.1734,0.1125,7,0,3,771,0.385500,0.0000,0,0.3438,2,0.4219,2,0.3281,2,0.2344,2,0.1719,2,0.0000,0,0.1875,2,0.0000,0,0.0469,2
11404234.0,523.167092,721.918317,1245.085409,1415,274,0.00,0.1906,0.1250,8,0,2,772,0.386000,0.0000,0,0.3438,2,0.4219,2,0.3281,2,0.2344,2,0.1719,2,0.1719,2,0.1875,2,0.0000,0,0.0469,2
11404376.0,523.223633,722.089375,1245.313008,1416,275,0.00,0.1969,0.1125,7,0,3,772,0.386000,0.0000,0,0.3438,2,0.4219,2,0.3281,2,0.2344,2,0.1719,2,0.0000,0,0.4219,2,0.0000,0,0.0469,2
11404788.0,523.375172,722.514475,1245.889647,1417,275,0.00,0.1641,0.1000,7,0,3,773,0.386500,0.0000,0,0.3438,2,0.2344,2,0.1875,2,0.2344,2,0.1719,2,0.0000,0,0.4219,2,0.0469,2,0.0000,0
11405134.0,523.497844,722.860667,1246.358510,1418,275,0.00,0.1406,0.0875,8,0,2,774,0.387000,0.0000,0,0.0625,2,0.2344,2,0.1875,2,0.1875,2,0.1719,2,0.0000,0,0.4219,2,0.0469,2,0.0938,2
11405247.0,523.541464,722.980258,1246.521722,1419,275,0.00,0.1578,0.1000,9,0,1,775,0.387500,0.1719,2,0.0625,2,0.2344,2,0.1875,2,0.1875,2,0.1719,2,0.0000,0,0.4219,2,0.0469,2,0.0938,2
11405809.0,523.778787,723.645325,1247.424112,1420,275,0.00,0.1578,0.1000,8,0,2,775,0.387500,0.1719,2,0.1094,2,0.2344,2,0.1875,2,0.1875,2,0.1719,2,0.0000,0,0.4219,2,0.0000,0,0.0938,2
11405819.0,523.782737,723.656658,1247.439395,1421,276,0.00,0.1828,0.1000,8,0,2,775,0.387500,0.1719,2,0.1094,2,0.4844,2,0.1875,2,0.1875,2,0.1719,2,0.0000,0,0.4219,2,0.0000,0,0.0938,2
11405829.0,523.786866,723.667692,1247.454558,1422,276,0.00,0.1828,0.1000,8,0,2,775,0.387500,0.1719,2,0.0625,2,0.4844,2,0.2344,2,0.1875,2,0.1719,2,0.0000,0,0.4219,2,0.0000,0,0.0938,2
11405860.0,523.799713,723.702825,1247.502538,1423,276,0.00,0.1875,0.1125,8,0,2,775,0.387500,0.1719,2,0.0625,2,0.4844,2,0.2344,2,0.2344,2,0.1719,2,0.0000,0,0.4219,2,0.0000,0,0.0938,2
11406026.0,523.865449,723.898608,1247.764058,1424,277,0.00,0.1781,0.1000,7,0,3,775,0.387500,0.1719,2,0.0625,2,0.2344,2,0.2344,2,0.2344,2,0.4219,2,0.0000,0,0.4219,2,0.0000,0,0.0000,0
11406028.0,523.866710,723.900742,1247.767451,1425,277,0.00,0.2031,0.1000,8,0,2,776,0.388000,0.1719,2,0.0625,2,0.2344,2,0.2344,2,0.2344,2,0.4219,2,0.2500,2,0.4219,2,0.0000,0,0.0000,0
11406210.0,523.945008,724.107008,1248.052016,1426,277,0.00,0.2078,0.1125,8,0,2,776,0.388000,0.1719,2,0.0625,2,0.2344,2,0.2344,2,0.2344,2,0.4219,2,0.2500,2,0.4688,2,0.0000,0,0.0000,0
11406437.0,524.043070,724.362325,1248.405395,1427,277,0.00,0.2031,0.1000,9,0,1,777,0.388500,0.1719,2,0.0625,2,0.2344,2,0.2344,2,0.1875,2,0.4219,2,0.2500,2,0.4219,2,0.0469,2,0.0000,0
11406529.0,524.085960,724.472725,1248.558685,1428,277,0.00,0.2078,0.1125,10,0,0,778,0.389000,0.1719,2,0.0625,2,0.2344,2,0.2344,2,0.1875,2,0.4219,2,0.2500,2,0.4219,2,0.0469,2,0.0469,2
11406672.0,524.156740,724.664583,1248.821324,1429,277,0.00,0.2125,0.1250,10,0,0,778,0.389000,0.2188,2,0.0625,2,0.2344,2,0.2344,2,0.1875,2,0.4219,2,0.2500,2,0.4219,2,0.0469,2,0.0469,2
11407033.0,524.318214,725.108483,1249.426698,1430,277,0.00,0.2031,0.1000,7,0,3,778,0.389000,0.2188,2,0.3125,2,0.2344,2,0.2344,2,0.1875,2,0.4219,2,0.0000,0,0.4219,2,0.0000,0,0.0000,0
11412186.0,525.959976,730.131742,1256.091718,1431,277,0.00,0.1391,0.0875,7,0,3,779,0.389500,0.0469,2,0.0625,2,0.5000,2,0.2344,2,0.1875,2,0.1719,2,0.0000,0,0.1875,2,0.0000,0,0.0000,0
11412186.0,525.959976,730.131742,1256.091718,1432,277,0.00,0.1891,0.0875,7,0,3,779,0.389500,0.0469,2,0.0625,2,0.5000,2,0.7344,2,0.1875,2,0.1719,2,0.0000,0,0.1875,2,0.0000,0,0.0000,0
11412502.0,526.065046,730.435708,1256.500755,1433,278,0.00,0.0953,0.1000,6,0,4,779,0.389500,0.0469,2,0.0625,2,0.0000,0,0.2344,2,0.2500,2,0.1719,2,0.0000,0,0.1875,2,0.0000,0,0.0000,0
11412756.0,526.137498,730.689708,1256.827206,1434,279,0.00,0.1141,0.1125,6,0,4,779,0.389500,0.0469,2,0.0625,2,0.0000,0,0.2344,2,0.2500,2,0.3594,2,0.0000,0,0.1875,2,0.0000,0,0.0000,0
11413320.0,526.305641,731.286675,1257.592316,1435,279,0.00,0.0953,0.1000,6,0,4,780,0.390000,0.0469,2,0.0000,0,0.0000,0,0.2344,2,0.2500,2,0.1875,2,0.0469,2,0.1875,2,0.0000,0,0.0000,0
11413400.0,526.327496,731.360883,1257.688379,1436,280,0.00,0.0969,0.1000,5,0,5,780,0.390000,0.0469,2,0.0000,0,0.0000,0,0.2344,2,0.2500,2,0.1875,2,0.0000,0,0.2500,2,0.0000,0,0.0000,0
11413764.0,526.420897,731.695517,1258.116413,1437,280,0.00,0.1141,0.1000,6,0,4,781,0.390500,0.0469,2,0.0000,0,0.0000,0,0.1875,2,0.2500,2,0.1875,2,0.0000,0,0.2500,2,0.2188,2,0.0000,0
11413796.0,526.430991,731.727517,1258.158508,1438,280,0.00,0.1188,0.1125,7,0,3,782,0.391000,0.0469,2,0.0000,0,0.0000,0,0.1875,2,0.2500,2,0.1875,2,0.0000,0,0.2500,2,0.2188,2,0.0469,2
11414346.0,526.614357,732.352192,1258.966549,1439,280,0.00,0.1188,0.1125,6,0,4,782,0.391000,0.0938,2,0.0000,0,0.0000,0,0.1875,2,0.2500,2,0.1875,2,0.0000,0,0.2500,2,0.2188,2,0.0000,0
11414563.0,526.679744,732.570542,1259.250285,1440,280,0.00,0.1172,0.1125,7,0,3,783,0.391500,0.0938,2,0.0469,2,0.0000,0,0.1875,2,0.2500,2,0.1875,2,0.0000,0,0.1875,2,0.2188,2,0.0000,0
11414652.0,526.709864,732.672150,1259.382014,1441,280,0.00,0.1422,0.1125,8,0,2,784,0.392000,0.0938,2,0.0469,2,0.2500,2,0.1875,2,0.2500,2,0.1875,2,0.0000,0,0.1875,2,0.2188,2,0.0000,0
11414701.0,526.728622,732.731358,1259.459980,1442,281,0.00,0.1672,0.1125,8,0,2,784,0.392000,0.0938,2,0.0469,2,0.2500,2,0.4375,2,0.2500,2,0.1875,2,0.0000,0,0.1875,2,0.2188,2,0.0000,0
11414707.0,526.731035,732.738608,1259.469644,1443,281,0.00,0.1719,0.1250,8,0,2,784,0.392000,0.0938,2,0.0469,2,0.2500,2,0.4375,2,0.2969,2,0.1875,2,0.0000,0,0.1875,2,0.2188,2,0.0000,0
11414835.0,526.781805,732.902875,1259.684680,1444,282,0.00,0.1750,0.1375,8,0,2,784,0.392000,0.0938,2,0.0469,2,0.2500,2,0.1875,2,0.2969,2,0.4688,2,0.0000,0,0.1875,2,0.2188,2,0.0000,0
11415575.0,527.084417,733.906917,1260.991333,1445,282,0.00,0.1750,0.1375,9,0,1,785,0.392500,0.0938,2,0.0469,2,0.2500,2,0.1875,2,0.2500,2,0.4688,2,0.0469,2,0.1875,2,0.2188,2,0.0000,0
11415575.0,527.084417,733.906917,1260.991333,1446,282,0.00,0.1797,0.1500,9,0,1,785,0.392500,0.0938,2,0.0469,2,0.2500,2,0.1875,2,0.2500,2,0.4688,2,0.0469,2,0.2344,2,0.2188,2,0.0000,0
11415617.0,527.103003,733.969917,1261.072920,1447,282,0.00,0.1844,0.1625,9,0,1,785,0.392500,0.0938,2,0.0469,2,0.2500,2,0.1875,2,0.2500,2,0.4688,2,0.0469,2,0.2344,2,0.2656,2,0.0000,0
11415618.0,527.103949,733.971492,1261.075441,1448,282,0.00,0.2016,0.1750,10,0,0,786,0.393000,0.0938,2,0.0469,2,0.2500,2,0.1875,2,0.2500,2,0.4688,2,0.0469,2,0.2344,2,0.2656,2,0.1719,2
11415685.0,527.136761,734.085983,1261.222744,1449,282,0.00,0.1984,0.1625,8,2,0,786,0.393000,0.1563,2,0.0000,1,0.2500,2,0.1875,2,0.2500,2,0.4688,2,0.0000,1,0.2344,2,0.2656,2,0.1719,2
11415707.0,527.147471,734.121725,1261.269196,1450,282,0.00,0.2109,0.1625,9,1,0,786,0.393000,0.1563,2,0.1719,2,0.2500,2,0.1875,2,0.2500,2,0.4688,2,0.0000,1,0.2344,2,0.2188,2,0.1719,2
11415929.0,527.247095,734.443733,1261.690829,1451,282,0.00,0.1797,0.1500,9,0,1,786,0.393000,0.1563,2,0.1719,2,0.2656,2,0.1875,2,0.2500,2,0.1875,2,0.0000,0,0.1875,2,0.2188,2,0.1719,2
11415933.0,527.248866,734.449733,1261.698599,1452,283,0.00,0.1984,0.1625,9,0,1,786,0.393000,0.1563,2,0.1719,2,0.2656,2,0.3750,2,0.2500,2,0.1875,2,0.0000,0,0.1875,2,0.2188,2,0.1719,2
11415950.0,527.256637,734.476508,1261.733145,1453,283,0.00,0.2031,0.1750,9,0,1,786,0.393000,0.1563,2,0.1719,2,0.2656,2,0.3750,2,0.2969,2,0.1875,2,0.0000,0,0.1875,2,0.2188,2,0.1719,2
11416299.0,527.417042,735.044108,1262.461151,1454,284,0.00,0.2266,0.1750,9,0,1,786,0.393000,0.1563,2,0.1719,2,0.2656,2,0.3750,2,0.2500,2,0.4688,2,0.0000,0,0.1875,2,0.2188,2,0.1719,2
11416358.0,527.445803,735.141458,1262.587261,1455,284,0.00,0.2547,0.1875,10,0,0,787,0.393500,0.1563,2,0.1719,2,0.2656,2,0.3750,2,0.2500,2,0.4688,2,0.2813,2,0.1875,2,0.2188,2,0.1719,2
11416364.0,527.448991,735.152208,1262.601200,1456,284,0.00,0.2594,0.2000,10,0,0,787,0.393500,0.1563,2,0.1719,2,0.2656,2,0.3750,2,0.2500,2,0.4688,2,0.2813,2,0.2344,2,0.2188,2,0.1719,2
11416411.0,527.474140,735.239942,1262.714081,1457,284,0.00,0.2641,0.2125,10,0,0,787,0.393500,0.1563,2,0.1719,2,0.2656,2,0.3750,2,0.2500,2,0.4688,2,0.2813,2,0.2344,2,0.2656,2,0.1719,2
11416461.0,527.500995,735.336575,1262.837570,1458,285,0.00,0.2656,0.2000,9,1,0,787,0.393500,0.1563,2,0.0000,1,0.2656,2,0.3750,2,0.2500,2,0.4688,2,0.2813,2,0.2344,2,0.2656,2,0.3594,2
11417306.0,527.917640,736.605750,1264.523390,1459,286,0.00,0.2219,0.1375,9,0,1,787,0.393500,0.1719,2,0.0000,0,0.2500,2,0.3750,2,0.1875,2,0.1875,2,0.2813,2,0.1875,2,0.2188,2,0.3594,2
11417316.0,527.922393,736.620000,1264.542393,1460,286,0.00,0.2219,0.1375,9,0,1,787,0.393500,0.1719,2,0.0000,0,0.2500,2,0.3750,2,0.1875,2,0.1875,2,0.2813,2,0.1875,2,0.2188,2,0.3594,2
11417650.0,528.077518,737.095950,1265.173468,1461,286,0.00,0.2078,0.1500,10,0,0,788,0.394000,0.1719,2,0.0469,2,0.2500,2,0.3750,2,0.1875,2,0.1875,2,0.2813,2,0.1875,2,0.2188,2,0.1719,2
11417959.0,528.226284,737.565617,1265.791900,1462,287,0.00,0.2078,0.1500,9,0,1,788,0.394000,0.1719,2,0.0469,2,0.4219,2,0.3750,2,0.1875,2,0.1875,2,0.2813,2,0.1875,2,0.2188,2,0.0000,0
11418907.0,528.642534,738.915383,1267.557918,1463,287,0.00,0.1906,0.1500,8,0,2,788,0.394000,0.1719,2,0.0469,2,0.4219,2,0.4219,2,0.1875,2,0.1875,2,0.2813,2,0.1875,2,0.0000,0,0.0000,0
11426456.0,530.646845,744.796492,1275.443337,1464,288,0.00,0.0672,0.0625,4,0,6,788,0.394000,0.0469,2,0.0000,0,0.0000,0,0.1875,2,0.2500,2,0.0000,0,0.0000,0,0.1875,2,0.0000,0,0.0000,0
11427146.0,530.786032,745.225817,1276.011849,1465,288,0.00,0.0781,0.0625,5,0,5,789,0.394500,0.0469,2,0.0000,0,0.0000,0,0.1875,2,0.1875,2,0.1719,2,0.0000,0,0.1875,2,0.0000,0,0.0000,0
11427668.0,530.912501,745.595567,1276.508068,1466,288,0.00,0.0953,0.0750,6,0,4,790,0.395000,0.0469,2,0.0000,0,0.0000,0,0.1875,2,0.1875,2,0.1719,2,0.1719,2,0.1875,2,0.0000,0,0.0000,0
11427721.0,530.927619,745.640617,1276.568236,1467,289,0.00,0.1125,0.0875,6,0,4,790,0.395000,0.0469,2,0.0000,0,0.0000,0,0.1875,2,0.1875,2,0.1719,2,0.1719,2,0.3594,2,0.0000,0,0.0000,0
11427757.0,530.938869,745.673917,1276.612786,1468,289,0.00,0.1297,0.1000,7,0,3,791,0.395500,0.0469,2,0.0000,0,0.0000,0,0.1875,2,0.1875,2,0.1719,2,0.1719,2,0.3594,2,0.1719,2,0.0000,0
11427808.0,530.956838,745.728317,1276.685155,1469,289,0.00,0.1469,0.1125,8,0,2,792,0.396000,0.0469,2,0.0000,0,0.0000,0,0.1875,2,0.1875,2,0.1719,2,0.1719,2,0.3594,2,0.1719,2,0.1719,2
11427849.0,530.972683,745.777858,1276.750541,1470,289,0.00,0.1641,0.1250,8,0,2,792,0.396000,0.2188,2,0.0000,0,0.0000,0,0.1875,2,0.1875,2,0.1719,2,0.1719,2,0.3594,2,0.1719,2,0.1719,2
11428055.0,531.055547,746.042225,1277.097772,1471,289,0.00,0.1828,0.1375,9,0,1,793,0.396500,0.2188,2,0.1875,2,0.0000,0,0.1875,2,0.1875,2,0.1719,2,0.1719,2,0.3594,2,0.1719,2,0.1719,2
11428425.0,531.207382,746.526850,1277.734232,1472,289,0.00,0.1688,0.1375,9,0,1,794,0.397000,0.2188,2,0.0000,0,0.0469,2,0.1875,2,0.1875,2,0.1719,2,0.1719,2,0.3594,2,0.1719,2,0.1719,2
11428646.0,531.298644,746.820683,1278.119328,1473,289,0.00,0.1688,0.1375,8,0,2,794,0.397000,0.2188,2,0.0000,0,0.0000,0,0.2344,2,0.1875,2,0.1719,2,0.1719,2,0.3594,2,0.1719,2,0.1719,2
11428700.0,531.320432,746.894033,1278.214465,1474,289,0.00,0.1750,0.1500,8,0,2,794,0.397000,0.2188,2,0.0000,0,0.0000,0,0.2344,2,0.2500,2,0.1719,2,0.1719,2,0.3594,2,0.1719,2,0.1719,2
11429322.0,531.574415,747.785567,1279.359982,1475,290,0.00,0.1891,0.1625,8,0,2,794,0.397000,0.2188,2,0.0000,0,0.0000,0,0.2344,2,0.2500,2,0.3125,2,0.1719,2,0.3594,2,0.1719,2,0.1719,2
11429482.0,531.641265,748.022100,1279.663365,1476,291,0.00,0.1984,0.1625,8,0,2,794,0.397000,0.2188,2,0.0000,0,0.0000,0,0.1875,2,0.2500,2,0.3125,2,0.3125,2,0.3594,2,0.1719,2,0.1719,2
11429511.0,531.653636,748.065842,1279.719477,1477,291,0.00,0.2000,0.1750,8,0,2,794,0.397000,0.2188,2,0.0000,0,0.0000,0,0.1875,2,0.2500,2,0.3125,2,0.3125,2,0.3750,2,0.1719,2,0.1719,2
11429517.0,531.656202,748.075342,1279.731544,1478,292,0.00,0.2141,0.1875,8,0,2,794,0.397000,0.2188,2,0.0000,0,0.0000,0,0.1875,2,0.2500,2,0.3125,2,0.3125,2,0.3750,2,0.3125,2,0.1719,2
11466113.0,540.365635,776.177925,1316.543560,1479,292,0.00,0.0719,0.0750,5,0,5,795,0.397500,0.0469,2,0.0000,0,0.0000,0,0.1875,2,0.2500,2,0.0000,0,0.0000,0,0.1875,2,0.0000,0,0.0469,2
11466546.0,540.468021,776.517108,1316.985130,1480,292,0.00,0.0891,0.0875,5,0,5,795,0.397500,0.2188,2,0.0000,0,0.0000,0,0.1875,2,0.2500,2,0.0000,0,0.0000,0,0.1875,2,0.0000,0,0.0469,2
11466580.0,540.477015,776.546292,1317.023307,1481,292,0.00,0.1063,0.1000,6,0,4,796,0.398000,0.2188,2,0.1719,2,0.0000,0,0.1875,2,0.2500,2,0.0000,0,0.0000,0,0.1875,2,0.0000,0,0.0469,2
11466638.0,540.494553,776.604292,1317.098845,1482,292,0.00,0.1313,0.1125,7,0,3,797,0.398500,0.2188,2,0.1719,2,0.2500,2,0.1875,2,0.2500,2,0.0000,0,0.0000,0,0.1875,2,0.0000,0,0.0469,2
11466644.0,540.496615,776.611142,1317.107757,1483,292,0.00,0.1438,0.1250,7,0,3,797,0.398500,0.2188,2,0.1719,2,0.2500,2,0.3125,2,0.2500,2,0.0000,0,0.0000,0,0.1875,2,0.0000,0,0.0469,2
11467291.0,540.675319,777.180250,1317.855569,1484,293,0.00,0.1156,0.0875,5,0,5,797,0.398500,0.0469,2,0.0000,0,0.2500,2,0.1875,2,0.4844,2,0.0000,0,0.0000,0,0.1875,2,0.0000,0,0.0000,0
11467310.0,540.680959,777.196558,1317.877517,1485,293,0.00,0.1391,0.1000,6,0,4,798,0.399000,0.0469,2,0.0000,0,0.2500,2,0.1875,2,0.4844,2,0.2344,2,0.0000,0,0.1875,2,0.0000,0,0.0000,0
11467469.0,540.732223,777.355558,1318.087781,1486,293,0.00,0.1500,0.1125,7,0,3,799,0.399500,0.0469,2,0.0000,0,0.2500,2,0.1875,2,0.4844,2,0.2344,2,0.1094,2,0.1875,2,0.0000,0,0.0000,0
11467714.0,540.820014,777.635267,1318.455281,1487,294,0.00,0.1641,0.1250,7,0,3,799,0.399500,0.0469,2,0.0000,0,0.2500,2,0.1875,2,0.4844,2,0.2344,2,0.1094,2,0.3281,2,0.0000,0,0.0000,0
11467857.0,540.873320,777.809250,1318.682570,1488,294,0.00,0.1813,0.1375,8,0,2,800,0.400000,0.0469,2,0.0000,0,0.2500,2,0.1875,2,0.4844,2,0.2344,2,0.1094,2,0.3281,2,0.1719,2,0.0000,0
11468608.0,541.165807,778.769308,1319.935116,1489,294,0.00,0.1703,0.1375,8,0,2,801,0.400500,0.0469,2,0.0000,0,0.2500,2,0.1875,2,0.4844,2,0.2344,2,0.1094,2,0.3281,2,0.0000,0,0.0625,2
11468893.0,541.278857,779.140758,1320.419616,1490,294,0.00,0.1703,0.1375,8,0,2,801,0.400500,0.1875,2,0.0000,0,0.2500,2,0.1875,2,0.4844,2,0.2344,2,0.1094,2,0.1875,2,0.0000,0,0.0625,2
11468914.0,541.287491,779.167783,1320.455274,1491,294,0.00,0.1609,0.1375,8,1,1,802,0.401000,0.1875,2,0.1406,2,0.2500,2,0.1875,2,0.4844,2,0.0000,1,0.1094,2,0.1875,2,0.0000,0,0.0625,2
11468937.0,541.296773,779.199017,1320.495789,1492,295,0.00,0.1516,0.1375,8,0,2,802,0.401000,0.1875,2,0.1406,2,0.3906,2,0.1875,2,0.2500,2,0.0000,0,0.1094,2,0.1875,2,0.0000,0,0.0625,2
11469533.0,541.519710,779.967750,1321.487460,1493,296,0.00,0.1547,0.1125,7,0,3,802,0.401000,0.1875,2,0.1406,2,0.2500,2,0.4219,2,0.2500,2,0.0000,0,0.1094,2,0.1875,2,0.0000,0,0.0000,0
11470485.0,541.800492,780.853983,1322.654476,1494,296,0.00,0.1078,0.1000,6,0,4,802,0.401000,0.0469,2,0.0000,0,0.2500,2,0.1875,2,0.2969,2,0.0000,0,0.1094,2,0.1875,2,0.0000,0,0.0000,0
11470656.0,541.851191,781.020033,1322.871224,1495,296,0.00,0.1219,0.1000,7,0,3,803,0.401500,0.0469,2,0.0000,0,0.2500,2,0.1875,2,0.2500,2,0.1875,2,0.1094,2,0.1875,2,0.0000,0,0.0000,0
11471032.0,541.977699,781.421100,1323.398799,1496,296,0.00,0.1281,0.1125,7,0,3,803,0.401500,0.0469,2,0.0000,0,0.2500,2,0.1875,2,0.2500,2,0.1875,2,0.1719,2,0.1875,2,0.0000,0,0.0000,0
11471383.0,542.097502,781.821825,1323.919327,1497,296,0.00,0.1297,0.1250,7,0,3,803,0.401500,0.0469,2,0.0000,0,0.2500,2,0.1875,2,0.2500,2,0.1875,2,0.1719,2,0.2031,2,0.0000,0,0.0000,0
11471391.0,542.100743,781.831558,1323.932301,1498,296,0.00,0.1469,0.1375,8,0,2,804,0.402000,0.0469,2,0.0000,0,0.2500,2,0.1875,2,0.2500,2,0.1875,2,0.1719,2,0.2031,2,0.1719,2,0.0000,0
11471506.0,542.143615,781.980133,1324.123748,1499,296,0.00,0.1469,0.1375,8,0,2,805,0.402500,0.0469,2,0.0000,0,0.2500,2,0.1875,2,0.2500,2,0.1875,2,0.1719,2,0.2031,2,0.0000,0,0.1719,2
11471750.0,542.226326,782.275825,1324.502151,1500,296,0.00,0.1094,0.1125,6,0,4,805,0.402500,0.1094,2,0.0000,0,0.0000,0,0.1875,2,0.2500,2,0.1875,2,0.1719,2,0.1875,2,0.0000,0,0.0000,0
11471779.0,542.235386,782.306550,1324.541936,1501,296,0.00,0.1094,0.1125,7,0,3,806,0.403000,0.1094,2,0.0625,2,0.0000,0,0.1875,2,0.2500,2,0.1875,2,0.1094,2,0.1875,2,0.0000,0,0.0000,0
11472181.0,542.367234,782.765500,1325.132734,1502,296,0.00,0.1375,0.1250,8,0,2,807,0.403500,0.1094,2,0.0625,2,0.2813,2,0.1875,2,0.2500,2,0.1875,2,0.1094,2,0.1875,2,0.0000,0,0.0000,0
11472281.0,542.402453,782.881700,1325.284153,1503,297,0.00,0.1172,0.1125,6,1,3,807,0.403500,0.1094,2,0.0000,0,0.0000,1,0.3281,2,0.2500,2,0.1875,2,0.1094,2,0.1875,2,0.0000,0,0.0000,0
11472322.0,542.414968,782.926042,1325.341010,1504,298,0.00,0.1313,0.1250,6,0,4,807,0.403500,0.1094,2,0.0000,0,0.0000,0,0.3281,2,0.3906,2,0.1875,2,0.1094,2,0.1875,2,0.0000,0,0.0000,0
11472325.0,542.415907,782.929492,1325.345399,1505,299,0.00,0.1453,0.1375,6,0,4,807,0.403500,0.1094,2,0.0000,0,0.0000,0,0.3281,2,0.3906,2,0.3281,2,0.1094,2,0.1875,2,0.0000,0,0.0000,0
11472461.0,542.459989,783.096092,1325.556081,1506,299,0.00,0.1516,0.1500,6,0,4,807,0.403500,0.1094,2,0.0000,0,0.0000,0,0.3281,2,0.3906,2,0.3281,2,0.1719,2,0.1875,2,0.0000,0,0.0000,0
11472775.0,542.563293,783.504292,1326.067585,1507,299,0.00,0.1578,0.1625,6,0,4,807,0.403500,0.1094,2,0.0000,0,0.0000,0,0.3281,2,0.3906,2,0.3281,2,0.1719,2,0.2500,2,0.0000,0,0.0000,0
11472828.0,542.581488,783.577167,1326.158654,1508,299,0.00,0.1703,0.1625,7,0,3,808,0.404000,0.1094,2,0.0000,0,0.0000,0,0.3281,2,0.3906,2,0.3281,2,0.1719,2,0.2500,2,0.1250,2,0.0000,0
11473159.0,542.701063,784.046958,1326.748021,1509,299,0.00,0.1625,0.1750,7,0,3,809,0.404500,0.1094,2,0.0000,0,0.0000,0,0.3281,2,0.3906,2,0.3281,2,0.1719,2,0.2500,2,0.0000,0,0.0469,2
11487980.0,546.717673,797.709308,1344.426981,1510,299,0.00,0.0891,0.0750,5,0,5,809,0.404500,0.2188,2,0.0000,0,0.0000,0,0.1875,2,0.1875,2,0.0000,0,0.1094,2,0.1875,2,0.0000,0,0.0000,0
11488058.0,546.737659,797.770408,1344.508067,1511,299,0.00,0.1063,0.0875,6,0,4,810,0.405000,0.2188,2,0.1719,2,0.0000,0,0.1875,2,0.1875,2,0.0000,0,0.1094,2,0.1875,2,0.0000,0,0.0000,0
11488062.0,546.739334,797.774108,1344.513442,1512,299,0.00,0.1234,0.1000,7,0,3,811,0.405500,0.2188,2,0.1719,2,0.1719,2,0.1875,2,0.1875,2,0.0000,0,0.1094,2,0.1875,2,0.0000,0,0.0000,0
11488307.0,546.821770,798.033792,1344.855562,1513,299,0.00,0.1109,0.1000,6,1,3,811,0.405500,0.2188,2,0.1719,2,0.0000,1,0.2344,2,0.1875,2,0.0000,0,0.1094,2,0.1875,2,0.0000,0,0.0000,0
11488598.0,546.908557,798.325325,1345.233882,1514,300,0.00,0.1234,0.1125,6,0,4,811,0.405500,0.2188,2,0.1719,2,0.0000,0,0.2344,2,0.3125,2,0.0000,0,0.1094,2,0.1875,2,0.0000,0,0.0000,0
11488616.0,546.914585,798.344675,1345.259260,1515,300,0.00,0.1406,0.1250,7,0,3,812,0.406000,0.2188,2,0.1719,2,0.0000,0,0.2344,2,0.3125,2,0.1719,2,0.1094,2,0.1875,2,0.0000,0,0.0000,0
11488950.0,547.017181,798.681067,1345.698248,1516,300,0.00,0.1063,0.1000,5,0,5,812,0.406000,0.2188,2,0.0000,0,0.0000,0,0.1875,2,0.3125,2,0.0000,0,0.1563,2,0.1875,2,0.0000,0,0.0000,0
11488954.0,547.018234,798.684800,1345.703034,1517,300,0.00,0.1109,0.1125,5,0,5,812,0.406000,0.2188,2,0.0000,0,0.0000,0,0.1875,2,0.3125,2,0.0000,0,0.1563,2,0.2344,2,0.0000,0,0.0000,0
11489060.0,547.046778,798.786733,1345.833512,1518,300,0.00,0.1109,0.1125,6,0,4,813,0.406500,0.2188,2,0.0000,0,0.0000,0,0.1875,2,0.3125,2,0.0000,0,0.1563,2,0.1875,2,0.0469,2,0.0000,0
11489245.0,547.101662,798.972558,1346.074220,1519,300,0.00,0.1234,0.1125,7,0,3,814,0.407000,0.2188,2,0.0000,0,0.0000,0,0.1875,2,0.3125,2,0.0000,0,0.1094,2,0.1875,2,0.0469,2,0.1719,2
11489326.0,547.129014,799.065033,1346.194047,1520,300,0.00,0.1281,0.1250,7,0,3,814,0.407000,0.2656,2,0.0000,0,0.0000,0,0.1875,2,0.3125,2,0.0000,0,0.1094,2,0.1875,2,0.0469,2,0.1719,2
11489646.0,547.227935,799.390642,1346.618577,1521,300,0.00,0.1250,0.1125,7,0,3,815,0.407500,0.2188,2,0.0625,2,0.0000,0,0.1875,2,0.3125,2,0.0000,0,0.1094,2,0.1875,2,0.0000,0,0.1719,2
11490009.0,547.351452,799.805067,1347.156519,1522,300,0.00,0.1313,0.1250,8,0,2,816,0.408000,0.2188,2,0.0625,2,0.0625,2,0.1875,2,0.3125,2,0.0000,0,0.1094,2,0.1875,2,0.0000,0,0.1719,2
11490091.0,547.382145,799.910300,1347.292445,1523,300,0.00,0.1359,0.1375,8,0,2,816,0.408000,0.2188,2,0.0625,2,0.0625,2,0.2344,2,0.3125,2,0.0000,0,0.1094,2,0.1875,2,0.0000,0,0.1719,2
11490613.0,547.560047,800.548975,1348.109022,1524,301,0.00,0.1297,0.1250,6,0,4,816,0.408000,0.2188,2,0.0000,0,0.0625,2,0.2344,2,0.4844,2,0.0000,0,0.1094,2,0.1875,2,0.0000,0,0.0000,0
11490753.0,547.603368,800.705175,1348.308543,1525,301,0.00,0.1172,0.1250,7,0,3,817,0.408500,0.2188,2,0.0000,0,0.0625,2,0.2344,2,0.3125,2,0.0469,2,0.1094,2,0.1875,2,0.0000,0,0.0000,0
11490755.0,547.604034,800.707608,1348.311642,1526,301,0.00,0.1219,0.1375,7,0,3,817,0.408500,0.2188,2,0.0000,0,0.0625,2,0.2344,2,0.3125,2,0.0469,2,0.1563,2,0.1875,2,0.0000,0,0.0000,0
11490853.0,547.636872,800.831417,1348.468289,1527,302,0.00,0.1344,0.1375,7,0,3,817,0.408500,0.2188,2,0.0000,0,0.0625,2,0.2344,2,0.3125,2,0.0469,2,0.1094,2,0.3594,2,0.0000,0,0.0000,0
11503069.0,550.747555,810.772258,1361.519813,1528,302,0.00,0.0766,0.0750,6,0,4,818,0.409000,0.0469,2,0.0000,0,0.0000,0,0.1875,2,0.1875,2,0.0000,0,0.1094,2,0.1875,2,0.0469,2,0.0000,0
11503595.0,550.887235,811.204358,1362.091593,1529,302,0.00,0.0813,0.0750,6,0,4,819,0.409500,0.0469,2,0.0000,0,0.0000,0,0.1875,2,0.1875,2,0.0000,0,0.1094,2,0.1875,2,0.0000,0,0.0938,2
11503982.0,550.993391,811.533308,1362.526699,1530,302,0.00,0.0859,0.0875,6,0,4,819,0.409500,0.0938,2,0.0000,0,0.0000,0,0.1875,2,0.1875,2,0.0000,0,0.1094,2,0.1875,2,0.0000,0,0.0938,2
11503982.0,550.993891,811.533308,1362.527199,1531,302,0.00,0.0906,0.1000,7,0,3,820,0.410000,0.0938,2,0.0469,2,0.0000,0,0.1875,2,0.1875,2,0.0000,0,0.1094,2,0.1875,2,0.0000,0,0.0938,2
11504044.0,551.013744,811.599442,1362.613186,1532,302,0.00,0.0953,0.1125,8,0,2,821,0.410500,0.0938,2,0.0469,2,0.0469,2,0.1875,2,0.1875,2,0.0000,0,0.1094,2,0.1875,2,0.0000,0,0.0938,2
11504381.0,551.130466,812.006650,1363.137116,1533,302,0.00,0.1000,0.1250,8,0,2,821,0.410500,0.0938,2,0.0469,2,0.0469,2,0.2344,2,0.1875,2,0.0000,0,0.1094,2,0.1875,2,0.0000,0,0.0938,2
11504854.0,551.287144,812.552542,1363.839686,1534,303,0.00,0.1156,0.1125,7,0,3,821,0.410500,0.0938,2,0.0469,2,0.0000,0,0.1875,2,0.4375,2,0.0000,0,0.1094,2,0.1875,2,0.0000,0,0.0938,2
11504858.0,551.288971,812.557108,1363.846079,1535,303,0.00,0.1203,0.1250,8,0,2,822,0.411000,0.0938,2,0.0469,2,0.0000,0,0.1875,2,0.4375,2,0.0469,2,0.1094,2,0.1875,2,0.0000,0,0.0938,2
11504878.0,551.296265,812.582325,1363.878590,1536,303,0.00,0.1203,0.1250,7,1,2,822,0.411000,0.0938,2,0.0000,1,0.0000,0,0.1875,2,0.4375,2,0.0469,2,0.1563,2,0.1875,2,0.0000,0,0.0938,2
11504881.0,551.297362,812.586175,1363.883537,1537,303,0.00,0.1250,0.1375,7,1,2,822,0.411000,0.0938,2,0.0000,1,0.0000,0,0.1875,2,0.4375,2,0.0469,2,0.1563,2,0.2344,2,0.0000,0,0.0938,2
11505173.0,551.396600,812.958867,1364.355467,1538,303,0.00,0.1156,0.1250,7,0,3,823,0.411500,0.0469,2,0.0000,0,0.0000,0,0.1875,2,0.4375,2,0.0469,2,0.1563,2,0.2344,2,0.0469,2,0.0000,0
11505390.0,551.463967,813.181675,1364.645642,1539,303,0.00,0.1188,0.1000,7,0,3,824,0.412000,0.0469,2,0.0000,0,0.0000,0,0.1875,2,0.4375,2,0.0000,0,0.1094,2,0.1875,2,0.0469,2,0.1719,2
11505575.0,551.525762,813.379008,1364.904770,1540,303,0.00,0.1359,0.1125,7,0,3,824,0.412000,0.2188,2,0.0000,0,0.0000,0,0.1875,2,0.4375,2,0.0000,0,0.1094,2,0.1875,2,0.0469,2,0.1719,2
11505720.0,551.576634,813.544550,1365.121184,1541,303,0.00,0.1422,0.1250,8,0,2,825,0.412500,0.2188,2,0.0625,2,0.0000,0,0.1875,2,0.4375,2,0.0000,0,0.1094,2,0.1875,2,0.0469,2,0.1719,2
11505875.0,551.631282,813.725775,1365.357057,1542,303,0.00,0.1438,0.1250,8,0,2,826,0.413000,0.2188,2,0.0625,2,0.1875,2,0.1875,2,0.4375,2,0.0000,0,0.1094,2,0.1875,2,0.0469,2,0.0000,0
11505939.0,551.655859,813.807908,1365.463768,1543,304,0.00,0.1563,0.1375,8,0,2,826,0.413000,0.2188,2,0.0625,2,0.1875,2,0.3125,2,0.4375,2,0.0000,0,0.1094,2,0.1875,2,0.0469,2,0.0000,0
11506047.0,551.698384,813.954608,1365.652993,1544,304,0.00,0.1609,0.1500,8,0,2,826,0.413000,0.2188,2,0.0625,2,0.1875,2,0.3125,2,0.4844,2,0.0000,0,0.1094,2,0.1875,2,0.0469,2,0.0000,0
11506051.0,551.700474,813.960342,1365.660816,1545,304,0.00,0.1656,0.1625,9,0,1,827,0.413500,0.2188,2,0.0625,2,0.1875,2,0.3125,2,0.4844,2,0.0469,2,0.1094,2,0.1875,2,0.0469,2,0.0000,0
11506475.0,551.872072,814.577392,1366.449464,1546,304,0.00,0.1609,0.1500,8,0,2,827,0.413500,0.2188,2,0.0625,2,0.1875,2,0.3125,2,0.4375,2,0.0469,2,0.1563,2,0.1875,2,0.0000,0,0.0000,0
11506476.0,551.872470,814.578825,1366.451295,1547,304,0.00,0.1656,0.1625,8,0,2,827,0.413500,0.2188,2,0.0625,2,0.1875,2,0.3125,2,0.4375,2,0.0469,2,0.1563,2,0.2344,2,0.0000,0,0.0000,0
11506478.0,551.873772,814.581842,1366.455613,1548,304,0.00,0.1703,0.1750,9,0,1,828,0.414000,0.2188,2,0.0625,2,0.1875,2,0.3125,2,0.4375,2,0.0469,2,0.1563,2,0.2344,2,0.0469,2,0.0000,0
11506537.0,551.899951,814.679192,1366.579143,1549,304,0.00,0.1750,0.1875,10,0,0,829,0.414500,0.2188,2,0.0625,2,0.1875,2,0.3125,2,0.4375,2,0.0469,2,0.1563,2,0.2344,2,0.0469,2,0.0469,2
11506606.0,551.932343,814.802817,1366.735159,1550,304,0.00,0.1797,0.2000,10,0,0,829,0.414500,0.2656,2,0.0625,2,0.1875,2,0.3125,2,0.4375,2,0.0469,2,0.1563,2,0.2344,2,0.0469,2,0.0469,2
11507540.0,552.311972,816.194367,1368.506339,1551,304,0.00,0.1516,0.1375,8,0,2,829,0.414500,0.2656,2,0.3438,2,0.1875,2,0.1875,2,0.1875,2,0.0000,0,0.1094,2,0.1875,2,0.0469,2,0.0000,0
11507744.0,552.391553,816.471467,1368.863020,1552,304,0.00,0.1641,0.1375,8,0,2,829,0.414500,0.2656,2,0.3438,2,0.3125,2,0.1875,2,0.1875,2,0.0000,0,0.1094,2,0.1875,2,0.0469,2,0.0000,0
11507881.0,552.445776,816.653467,1369.099242,1553,304,0.00,0.1656,0.1375,7,0,3,829,0.414500,0.2656,2,0.3438,2,0.3125,2,0.2500,2,0.1875,2,0.0000,0,0.1094,2,0.1875,2,0.0000,0,0.0000,0
11508931.0,552.821763,817.942742,1370.764505,1554,304,0.00,0.1516,0.1375,7,0,3,829,0.414500,0.2656,2,0.3438,2,0.1250,2,0.2500,2,0.2344,2,0.0000,0,0.1094,2,0.1875,2,0.0000,0,0.0000,0
11508979.0,552.839522,818.004742,1370.844263,1555,304,0.00,0.1563,0.1500,8,0,2,830,0.415000,0.2656,2,0.3438,2,0.1250,2,0.2500,2,0.2344,2,0.0469,2,0.1094,2,0.1875,2,0.0000,0,0.0000,0
11509078.0,552.877377,818.139908,1371.017286,1556,304,0.00,0.1500,0.1375,7,0,3,830,0.415000,0.2656,2,0.3438,2,0.1250,2,0.1875,2,0.2344,2,0.0000,0,0.1563,2,0.1875,2,0.0000,0,0.0000,0
11509174.0,552.911777,818.263908,1371.175686,1557,304,0.00,0.1547,0.1500,7,0,3,830,0.415000,0.2656,2,0.3438,2,0.1250,2,0.1875,2,0.2344,2,0.0000,0,0.1563,2,0.2344,2,0.0000,0,0.0000,0
11556206.0,563.064679,848.010683,1411.075363,1558,304,0.00,0.0625,0.0500,4,0,6,831,0.415500,0.0000,0,0.0000,0,0.0000,0,0.1875,2,0.1875,2,0.0000,0,0.0000,0,0.1875,2,0.0625,2,0.0000,0
11556813.0,563.185736,848.354650,1411.540386,1559,304,0.00,0.0813,0.0500,5,0,5,832,0.416000,0.0000,0,0.0000,0,0.0000,0,0.1875,2,0.1875,2,0.0000,0,0.0000,0,0.1875,2,0.0625,2,0.1875,2
11556874.0,563.201105,848.393283,1411.594388,1560,304,0.00,0.1313,0.0500,6,0,4,833,0.416500,0.5000,2,0.0000,0,0.0000,0,0.1875,2,0.1875,2,0.0000,0,0.0000,0,0.1875,2,0.0625,2,0.1875,2
11556874.0,563.201605,848.393283,1411.594888,1561,304,0.00,0.1813,0.0500,7,0,3,834,0.417000,0.5000,2,0.5000,2,0.0000,0,0.1875,2,0.1875,2,0.0000,0,0.0000,0,0.1875,2,0.0625,2,0.1875,2
11556993.0,563.247639,848.484517,1411.732156,1562,304,0.00,0.1859,0.0625,8,0,2,835,0.417500,0.5000,2,0.5000,2,0.0469,2,0.1875,2,0.1875,2,0.0000,0,0.0000,0,0.1875,2,0.0625,2,0.1875,2
11557472.0,563.380656,848.854808,1412.235464,1563,304,0.00,0.0797,0.0750,5,0,5,835,0.417500,0.0000,0,0.0000,0,0.0469,2,0.3125,2,0.1875,2,0.0000,0,0.0000,0,0.1875,2,0.0625,2,0.0000,0
11557499.0,563.387205,848.875958,1412.263163,1564,305,0.00,0.0969,0.0875,5,0,5,835,0.417500,0.0000,0,0.0000,0,0.0469,2,0.3125,2,0.3594,2,0.0000,0,0.0000,0,0.1875,2,0.0625,2,0.0000,0
11558568.0,563.641569,849.713067,1413.354635,1565,305,0.00,0.1078,0.0875,5,0,5,836,0.418000,0.0000,0,0.0000,0,0.0469,2,0.3125,2,0.3594,2,0.1719,2,0.0000,0,0.1875,2,0.0000,0,0.0000,0
11558581.0,563.645506,849.724225,1413.369731,1566,306,0.00,0.1328,0.1000,6,0,4,837,0.418500,0.0000,0,0.0000,0,0.0469,2,0.3125,2,0.3594,2,0.1719,2,0.2500,2,0.1875,2,0.0000,0,0.0000,0
11558763.0,563.696745,849.888675,1413.585420,1567,306,0.00,0.1125,0.1000,5,0,5,837,0.418500,0.0000,0,0.0000,0,0.0469,2,0.3125,2,0.3594,2,0.1719,2,0.0000,0,0.2344,2,0.0000,0,0.0000,0
11558920.0,563.737555,850.023883,1413.761438,1568,306,0.00,0.0953,0.0875,6,0,4,838,0.419000,0.0000,0,0.0000,0,0.0469,2,0.3125,2,0.1875,2,0.1719,2,0.0000,0,0.1875,2,0.0469,2,0.0000,0
11558964.0,563.750605,850.064583,1413.815189,1569,306,0.00,0.1000,0.1000,7,0,3,839,0.419500,0.0000,0,0.0000,0,0.0469,2,0.3125,2,0.1875,2,0.1719,2,0.0000,0,0.1875,2,0.0469,2,0.0469,2
11559048.0,563.777939,850.154183,1413.932122,1570,306,0.00,0.1234,0.1125,8,0,2,840,0.420000,0.2344,2,0.0000,0,0.0469,2,0.3125,2,0.1875,2,0.1719,2,0.0000,0,0.1875,2,0.0469,2,0.0469,2
11559350.0,563.877646,850.457883,1414.335530,1571,306,0.00,0.1188,0.1000,8,0,2,841,0.420500,0.2344,2,0.1250,2,0.0469,2,0.1875,2,0.1875,2,0.1719,2,0.0000,0,0.1875,2,0.0469,2,0.0000,0
11559412.0,563.900225,850.527625,1414.427850,1572,306,0.00,0.1203,0.1000,7,1,2,841,0.420500,0.2344,2,0.1250,2,0.1094,2,0.1875,2,0.1875,2,0.1719,2,0.0000,0,0.1875,2,0.0000,1,0.0000,0
11559412.0,563.900225,850.527625,1414.427850,1573,306,0.00,0.1250,0.1125,7,1,2,841,0.420500,0.2344,2,0.1250,2,0.1094,2,0.2344,2,0.1875,2,0.1719,2,0.0000,0,0.1875,2,0.0000,1,0.0000,0
11559496.0,563.929394,850.625058,1414.554453,1574,306,0.00,0.1297,0.1250,7,0,3,841,0.420500,0.2344,2,0.1250,2,0.1094,2,0.2344,2,0.2344,2,0.1719,2,0.0000,0,0.1875,2,0.0000,0,0.0000,0
11574122.0,567.390682,861.606683,1428.997365,1575,306,0.00,0.0859,0.0750,5,0,5,842,0.421000,0.0000,0,0.0000,0,0.1094,2,0.1875,2,0.1875,2,0.1875,2,0.0000,0,0.1875,2,0.0000,0,0.0000,0
11574517.0,567.474743,861.870783,1429.345527,1576,306,0.00,0.0859,0.0750,5,0,5,843,0.421500,0.0000,0,0.0000,0,0.1094,2,0.1875,2,0.1875,2,0.0000,0,0.1875,2,0.1875,2,0.0000,0,0.0000,0
11574750.0,567.532386,862.053300,1429.585686,1577,306,0.00,0.1031,0.0875,5,0,5,843,0.421500,0.0000,0,0.0000,0,0.1094,2,0.1875,2,0.1875,2,0.0000,0,0.1875,2,0.3594,2,0.0000,0,0.0000,0
11574886.0,567.568350,862.170033,1429.738384,1578,306,0.00,0.1313,0.1000,6,0,4,844,0.422000,0.0000,0,0.0000,0,0.1094,2,0.1875,2,0.1875,2,0.0000,0,0.1875,2,0.3594,2,0.2813,2,0.0000,0
11575441.0,567.738137,862.712300,1430.450437,1579,306,0.00,0.1203,0.1000,6,0,4,845,0.422500,0.0000,0,0.0000,0,0.1094,2,0.1875,2,0.1875,2,0.0000,0,0.1875,2,0.3594,2,0.0000,0,0.1719,2
11575447.0,567.740465,862.718300,1430.458765,1580,306,0.00,0.1484,0.1125,7,0,3,846,0.423000,0.2813,2,0.0000,0,0.1094,2,0.1875,2,0.1875,2,0.0000,0,0.1875,2,0.3594,2,0.0000,0,0.1719,2
11575531.0,567.770602,862.812175,1430.582777,1581,306,0.00,0.1453,0.1125,8,0,2,847,0.423500,0.2813,2,0.1406,2,0.1094,2,0.1875,2,0.1875,2,0.0000,0,0.1875,2,0.1875,2,0.0000,0,0.1719,2
11575576.0,567.787938,862.866550,1430.654488,1582,307,0.00,0.1625,0.1250,8,0,2,847,0.423500,0.2813,2,0.1406,2,0.2813,2,0.1875,2,0.1875,2,0.0000,0,0.1875,2,0.1875,2,0.0000,0,0.1719,2
11575661.0,567.821820,862.975633,1430.797453,1583,307,0.00,0.1750,0.1375,8,0,2,847,0.423500,0.2813,2,0.1406,2,0.2813,2,0.3125,2,0.1875,2,0.0000,0,0.1875,2,0.1875,2,0.0000,0,0.1719,2
11575940.0,567.925720,863.314633,1431.240354,1584,308,0.00,0.1344,0.1125,7,0,3,847,0.423500,0.0000,0,0.1406,2,0.1094,2,0.1875,2,0.3594,2,0.0000,0,0.1875,2,0.1875,2,0.0000,0,0.1719,2
11576143.0,567.996495,863.546392,1431.542887,1585,308,0.00,0.1484,0.1250,8,0,2,848,0.424000,0.0000,0,0.1406,2,0.1094,2,0.1875,2,0.3594,2,0.1406,2,0.1875,2,0.1875,2,0.0000,0,0.1719,2
11576525.0,568.131873,863.973400,1432.105273,1586,309,0.00,0.1453,0.1125,7,0,3,848,0.424000,0.0000,0,0.1406,2,0.0469,2,0.1875,2,0.3594,2,0.0000,0,0.3594,2,0.1875,2,0.0000,0,0.1719,2
11576802.0,568.230121,864.289642,1432.519763,1587,309,0.00,0.1578,0.1250,7,0,3,848,0.424000,0.0000,0,0.1406,2,0.0469,2,0.1875,2,0.3594,2,0.0000,0,0.3594,2,0.3125,2,0.0000,0,0.1719,2
11576952.0,568.285283,864.472142,1432.757424,1588,309,0.00,0.1750,0.1375,8,0,2,849,0.424500,0.0000,0,0.1406,2,0.0469,2,0.1875,2,0.3594,2,0.0000,0,0.3594,2,0.3125,2,0.1719,2,0.1719,2
11577112.0,568.350386,864.687900,1433.038286,1589,309,0.00,0.1734,0.1375,7,1,2,849,0.424500,0.0000,0,0.0000,1,0.0469,2,0.1875,2,0.3594,2,0.0000,0,0.3594,2,0.3125,2,0.1719,2,0.2969,2
11578283.0,568.768802,866.024342,1434.793144,1590,309,0.00,0.1531,0.1000,8,0,2,850,0.425000,0.2344,2,0.0000,0,0.0469,2,0.1875,2,0.3594,2,0.0000,0,0.1719,2,0.1875,2,0.1719,2,0.1719,2
11579525.0,569.253570,867.422117,1436.675686,1591,309,0.00,0.1531,0.1000,9,0,1,851,0.425500,0.2344,2,0.1719,2,0.0469,2,0.1875,2,0.1875,2,0.0000,0,0.1719,2,0.1875,2,0.1719,2,0.1719,2
11579641.0,569.302507,867.561317,1436.863824,1592,309,0.00,0.2031,0.1000,9,0,1,851,0.425500,0.2344,2,0.1719,2,0.5469,2,0.1875,2,0.1875,2,0.0000,0,0.1719,2,0.1875,2,0.1719,2,0.1719,2
11579929.0,569.418777,867.892917,1437.311693,1593,309,0.00,0.1359,0.1125,8,0,2,851,0.425500,0.0000,0,0.1719,2,0.0469,2,0.2500,2,0.1875,2,0.0000,0,0.1719,2,0.1875,2,0.1719,2,0.1719,2
11580214.0,569.526493,868.237292,1437.763785,1594,309,0.00,0.1859,0.1125,8,0,2,851,0.425500,0.0000,0,0.1719,2,0.0469,2,0.2500,2,0.6875,2,0.0000,0,0.1719,2,0.1875,2,0.1719,2,0.1719,2
11580214.0,569.526993,868.237292,1437.764285,1595,309,0.00,0.2359,0.1125,9,0,1,852,0.426000,0.0000,0,0.1719,2,0.0469,2,0.2500,2,0.6875,2,0.5000,2,0.1719,2,0.1875,2,0.1719,2,0.1719,2
11580221.0,569.530397,868.246217,1437.776614,1596,310,0.00,0.2531,0.1250,9,0,1,852,0.426000,0.0000,0,0.1719,2,0.0469,2,0.2500,2,0.6875,2,0.5000,2,0.3438,2,0.1875,2,0.1719,2,0.1719,2
11580395.0,569.611930,868.463850,1438.075780,1597,310,0.00,0.1422,0.1250,7,1,2,852,0.426000,0.0000,0,0.1719,2,0.0469,2,0.2500,2,0.1875,2,0.0000,1,0.3438,2,0.2500,2,0.1719,2,0.0000,0
11580578.0,569.677187,868.688233,1438.365420,1598,311,0.00,0.1641,0.1375,7,0,3,852,0.426000,0.0000,0,0.1719,2,0.0469,2,0.2500,2,0.1875,2,0.0000,0,0.3438,2,0.2500,2,0.3906,2,0.0000,0
11580669.0,569.711291,868.805775,1438.517066,1599,311,0.00,0.1766,0.1500,8,0,2,853,0.426500,0.0000,0,0.1719,2,0.0469,2,0.2500,2,0.1875,2,0.0000,0,0.3438,2,0.2500,2,0.3906,2,0.1250,2
11580670.0,569.712200,868.807208,1438.519409,1600,311,0.00,0.1891,0.1625,9,0,1,854,0.427000,0.1250,2,0.1719,2,0.0469,2,0.2500,2,0.1875,2,0.0000,0,0.3438,2,0.2500,2,0.3906,2,0.1250,2
11580671.0,569.712650,868.808783,1438.521433,1601,311,0.00,0.1938,0.1750,9,0,1,854,0.427000,0.1250,2,0.2188,2,0.0469,2,0.2500,2,0.1875,2,0.0000,0,0.3438,2,0.2500,2,0.3906,2,0.1250,2
11580806.0,569.773606,869.029508,1438.803115,1602,311,0.00,0.1859,0.1750,8,1,1,854,0.427000,0.0000,1,0.2188,2,0.0938,2,0.2500,2,0.1875,2,0.0000,0,0.3438,2,0.2500,2,0.3906,2,0.1250,2
11580823.0,569.780784,869.056625,1438.837409,1603,311,0.00,0.1984,0.1750,8,0,2,854,0.427000,0.0000,0,0.2188,2,0.0938,2,0.3750,2,0.1875,2,0.0000,0,0.3438,2,0.2500,2,0.3906,2,0.1250,2
11580823.0,569.780784,869.056625,1438.837409,1604,311,0.00,0.2109,0.1750,8,0,2,854,0.427000,0.0000,0,0.2188,2,0.0938,2,0.3750,2,0.3125,2,0.0000,0,0.3438,2,0.2500,2,0.3906,2,0.1250,2
11581423.0,570.040536,869.962600,1440.003136,1605,311,0.00,0.2078,0.1500,9,0,1,855,0.427500,0.0000,0,0.2188,2,0.0469,2,0.3750,2,0.3125,2,0.1875,2,0.3438,2,0.2500,2,0.2188,2,0.1250,2
11581624.0,570.133882,870.264100,1440.397982,1606,311,0.00,0.2250,0.1625,9,0,1,855,0.427500,0.0000,0,0.2188,2,0.0469,2,0.3750,2,0.3125,2,0.1875,2,0.5156,2,0.2500,2,0.2188,2,0.1250,2
11581661.0,570.151560,870.322375,1440.473935,1607,311,0.00,0.2313,0.1750,9,0,1,855,0.427500,0.0000,0,0.2188,2,0.0469,2,0.3750,2,0.3125,2,0.1875,2,0.5156,2,0.3125,2,0.2188,2,0.1250,2
11581671.0,570.156386,870.338875,1440.495261,1608,311,0.00,0.2359,0.1875,9,0,1,855,0.427500,0.0000,0,0.2188,2,0.0469,2,0.3750,2,0.3125,2,0.1875,2,0.5156,2,0.3125,2,0.2656,2,0.1250,2
11581693.0,570.167085,870.376825,1440.543910,1609,311,0.00,0.2406,0.2000,9,0,1,855,0.427500,0.0000,0,0.2188,2,0.0469,2,0.3750,2,0.3125,2,0.1875,2,0.5156,2,0.3125,2,0.2656,2,0.1719,2
11581896.0,570.266885,870.741025,1441.007910,1610,311,0.00,0.2469,0.2000,10,0,0,856,0.428000,0.1875,2,0.2188,2,0.0469,2,0.3750,2,0.3125,2,0.1875,2,0.5156,2,0.3125,2,0.2656,2,0.0469,2
11582356.0,570.472977,871.464608,1441.937585,1611,312,0.00,0.1828,0.1625,8,0,2,856,0.428000,0.0000,0,0.3438,2,0.0469,2,0.3750,2,0.3125,2,0.0000,0,0.3438,2,0.3125,2,0.0469,2,0.0469,2
11582378.0,570.482094,871.497792,1441.979886,1612,312,0.00,0.1953,0.1750,8,0,2,856,0.428000,0.0000,0,0.3438,2,0.1719,2,0.3750,2,0.3125,2,0.0000,0,0.3438,2,0.3125,2,0.0469,2,0.0469,2
11582470.0,570.521114,871.643458,1442.164573,1613,313,0.00,0.2078,0.1875,8,0,2,856,0.428000,0.0000,0,0.3438,2,0.1719,2,0.5000,2,0.3125,2,0.0000,0,0.3438,2,0.3125,2,0.0469,2,0.0469,2
11582588.0,570.571814,871.836367,1442.408181,1614,314,0.00,0.2047,0.1875,8,0,2,856,0.428000,0.0000,0,0.3438,2,0.1719,2,0.5000,2,0.4531,2,0.0000,0,0.1719,2,0.3125,2,0.0469,2,0.0469,2
11583949.0,571.060576,873.611667,1444.672242,1615,314,0.00,0.1750,0.1500,7,0,3,857,0.428500,0.0000,0,0.3438,2,0.1719,2,0.4375,2,0.4531,2,0.0469,2,0.0000,0,0.2500,2,0.0000,0,0.0469,2
11584444.0,571.244138,874.257792,1445.501930,1616,314,0.00,0.1641,0.1500,8,0,2,858,0.429000,0.0000,0,0.3438,2,0.1719,2,0.3125,2,0.4531,2,0.0469,2,0.0156,2,0.2500,2,0.0000,0,0.0469,2
11584512.0,571.271326,874.355258,1445.626585,1617,314,0.00,0.1813,0.1625,8,0,2,858,0.429000,0.0000,0,0.3438,2,0.1719,2,0.3125,2,0.4531,2,0.0469,2,0.0156,2,0.4219,2,0.0000,0,0.0469,2
11592022.0,573.425490,881.330892,1454.756381,1618,314,0.00,0.0875,0.0625,5,0,5,859,0.429500,0.0000,0,0.0000,0,0.1250,2,0.1875,2,0.1875,2,0.0000,0,0.0000,0,0.1875,2,0.1875,2,0.0000,0
11592131.0,573.449852,881.397067,1454.846919,1619,314,0.00,0.0734,0.0625,5,0,5,860,0.430000,0.0000,0,0.0000,0,0.1250,2,0.1875,2,0.1875,2,0.0000,0,0.0000,0,0.1875,2,0.0000,0,0.0469,2
11592180.0,573.461998,881.431775,1454.893773,1620,314,0.00,0.0781,0.0750,6,0,4,861,0.430500,0.0469,2,0.0000,0,0.1250,2,0.1875,2,0.1875,2,0.0000,0,0.0000,0,0.1875,2,0.0000,0,0.0469,2
11592410.0,573.525030,881.627275,1455.152305,1621,314,0.00,0.0953,0.0875,7,0,3,862,0.431000,0.0469,2,0.1719,2,0.1250,2,0.1875,2,0.1875,2,0.0000,0,0.0000,0,0.1875,2,0.0000,0,0.0469,2
11592412.0,573.525661,881.629258,1455.154919,1622,315,0.00,0.1125,0.1000,7,0,3,862,0.431000,0.0469,2,0.1719,2,0.2969,2,0.1875,2,0.1875,2,0.0000,0,0.0000,0,0.1875,2,0.0000,0,0.0469,2
11592750.0,573.633190,881.968867,1455.602056,1623,315,0.00,0.1016,0.1000,7,0,3,862,0.431000,0.0469,2,0.1719,2,0.1250,2,0.2500,2,0.1875,2,0.0000,0,0.0000,0,0.1875,2,0.0000,0,0.0469,2
11592825.0,573.657239,882.048867,1455.706106,1624,316,0.00,0.1188,0.1125,7,0,3,862,0.431000,0.0469,2,0.1719,2,0.1250,2,0.2500,2,0.3594,2,0.0000,0,0.0000,0,0.1875,2,0.0000,0,0.0469,2
11593617.0,573.921273,882.947367,1456.868640,1625,316,0.00,0.1188,0.1125,8,0,2,863,0.431500,0.0469,2,0.1719,2,0.1250,2,0.2500,2,0.1875,2,0.1719,2,0.0000,0,0.1875,2,0.0000,0,0.0469,2
11593673.0,573.942190,883.015033,1456.957223,1626,316,0.00,0.1359,0.1250,9,0,1,864,0.432000,0.0469,2,0.1719,2,0.1250,2,0.2500,2,0.1875,2,0.1719,2,0.1719,2,0.1875,2,0.0000,0,0.0469,2
11593777.0,573.983026,883.146808,1457.129835,1627,317,0.00,0.1484,0.1250,8,0,2,864,0.432000,0.0469,2,0.1719,2,0.1250,2,0.2500,2,0.1875,2,0.1719,2,0.1719,2,0.3594,2,0.0000,0,0.0000,0
11593927.0,574.041677,883.339308,1457.380986,1628,317,0.00,0.1656,0.1375,9,0,1,865,0.432500,0.0469,2,0.1719,2,0.1250,2,0.2500,2,0.1875,2,0.1719,2,0.1719,2,0.3594,2,0.1719,2,0.0000,0
11593930.0,574.043472,883.343583,1457.387055,1629,317,0.00,0.1828,0.1500,10,0,0,866,0.433000,0.0469,2,0.1719,2,0.1250,2,0.2500,2,0.1875,2,0.1719,2,0.1719,2,0.3594,2,0.1719,2,0.1719,2
11593932.0,574.044423,883.346717,1457.391140,1630,317,0.00,0.1875,0.1625,10,0,0,866,0.433000,0.0938,2,0.1719,2,0.1250,2,0.2500,2,0.1875,2,0.1719,2,0.1719,2,0.3594,2,0.1719,2,0.1719,2
11594500.0,574.293717,884.202842,1458.496558,1631,317,0.00,0.1750,0.1625,10,0,0,867,0.433500,0.0938,2,0.0469,2,0.1250,2,0.2500,2,0.1875,2,0.1719,2,0.1719,2,0.3594,2,0.1719,2,0.1719,2
11594915.0,574.488383,884.880983,1459.369366,1632,318,0.00,0.1953,0.1625,10,0,0,867,0.433500,0.0469,2,0.0469,2,0.3750,2,0.2500,2,0.1875,2,0.1719,2,0.1719,2,0.3594,2,0.1719,2,0.1719,2
11594942.0,574.501485,884.925308,1459.426793,1633,319,0.00,0.2078,0.1750,10,0,0,867,0.433500,0.0469,2,0.0469,2,0.3750,2,0.3750,2,0.1875,2,0.1719,2,0.1719,2,0.3594,2,0.1719,2,0.1719,2
11595006.0,574.533162,885.035175,1459.568337,1634,319,0.00,0.2203,0.1875,10,0,0,867,0.433500,0.0469,2,0.0469,2,0.3750,2,0.3750,2,0.3125,2,0.1719,2,0.1719,2,0.3594,2,0.1719,2,0.1719,2
11595069.0,574.564763,885.146550,1459.711313,1635,319,0.00,0.2125,0.1875,10,0,0,867,0.433500,0.0469,2,0.0469,2,0.3750,2,0.3750,2,0.1875,2,0.2188,2,0.1719,2,0.3594,2,0.1719,2,0.1719,2
11811762.0,621.299624,1019.220717,1640.520341,1636,319,0.00,0.0813,0.0500,5,0,5,868,0.434000,0.0000,0,0.0000,0,0.1250,2,0.1875,2,0.1875,2,0.0000,0,0.1250,2,0.1875,2,0.0000,0,0.0000,0
11811816.0,621.312787,1019.254917,1640.567703,1637,320,0.00,0.1000,0.0625,5,0,5,868,0.434000,0.0000,0,0.0000,0,0.1250,2,0.1875,2,0.1875,2,0.0000,0,0.1250,2,0.3750,2,0.0000,0,0.0000,0
11812511.0,621.492828,1019.747208,1641.240037,1638,320,0.00,0.1125,0.0750,6,0,4,869,0.434500,0.0000,0,0.0000,0,0.1250,2,0.1875,2,0.1875,2,0.0000,0,0.1250,2,0.3750,2,0.1250,2,0.0000,0
11813094.0,621.667419,1020.242758,1641.910177,1639,320,0.00,0.1297,0.0875,7,0,3,870,0.435000,0.0000,0,0.0000,0,0.1250,2,0.1875,2,0.1875,2,0.0000,0,0.1250,2,0.3750,2,0.1250,2,0.1719,2
11813182.0,621.698062,1020.330025,1642.028087,1640,320,0.00,0.1797,0.0875,8,0,2,871,0.435500,0.5000,2,0.0000,0,0.1250,2,0.1875,2,0.1875,2,0.0000,0,0.1250,2,0.3750,2,0.1250,2,0.1719,2
11813382.0,621.770918,1020.514792,1642.285710,1641,320,0.00,0.1250,0.0875,7,0,3,872,0.436000,0.0000,0,0.1250,2,0.1250,2,0.1875,2,0.1875,2,0.0000,0,0.1250,2,0.3750,2,0.1250,2,0.0000,0
11814212.0,622.052196,1021.337875,1643.390071,1642,320,0.00,0.1375,0.1000,7,0,3,872,0.436000,0.0000,0,0.1250,2,0.2500,2,0.1875,2,0.1875,2,0.0000,0,0.1250,2,0.3750,2,0.1250,2,0.0000,0
11814247.0,622.064397,1021.375208,1643.439605,1643,321,0.00,0.1547,0.1125,7,0,3,872,0.436000,0.0000,0,0.1250,2,0.2500,2,0.3594,2,0.1875,2,0.0000,0,0.1250,2,0.3750,2,0.1250,2,0.0000,0
11814331.0,622.094405,1021.468033,1643.562438,1644,321,0.00,0.1922,0.1000,7,0,3,872,0.436000,0.0000,0,0.1250,2,0.1250,2,0.3594,2,0.6875,2,0.0000,0,0.1250,2,0.3750,2,0.1250,2,0.0000,0
11814336.0,622.096860,1021.473367,1643.570227,1645,321,0.00,0.2109,0.1125,8,0,2,873,0.436500,0.0000,0,0.1250,2,0.1250,2,0.3594,2,0.6875,2,0.1875,2,0.1250,2,0.3750,2,0.1250,2,0.0000,0
11814525.0,622.176196,1021.691767,1643.867962,1646,321,0.00,0.1375,0.1000,7,0,3,873,0.436500,0.0000,0,0.0000,0,0.1250,2,0.1875,2,0.1875,2,0.1875,2,0.1875,2,0.3750,2,0.1250,2,0.0000,0
11814525.0,622.176196,1021.691767,1643.867962,1647,321,0.00,0.1438,0.1125,7,0,3,873,0.436500,0.0000,0,0.0000,0,0.1250,2,0.1875,2,0.1875,2,0.1875,2,0.1875,2,0.4375,2,0.1250,2,0.0000,0
11814528.0,622.177256,1021.695192,1643.872448,1648,321,0.00,0.1500,0.1250,7,0,3,873,0.436500,0.0000,0,0.0000,0,0.1250,2,0.1875,2,0.1875,2,0.1875,2,0.1875,2,0.4375,2,0.1875,2,0.0000,0
11814531.0,622.178831,1021.698842,1643.877673,1649,321,0.00,0.1672,0.1375,8,0,2,874,0.437000,0.0000,0,0.0000,0,0.1250,2,0.1875,2,0.1875,2,0.1875,2,0.1875,2,0.4375,2,0.1875,2,0.1719,2
11814569.0,622.194617,1021.750458,1643.945075,1650,321,0.00,0.1844,0.1500,9,0,1,875,0.437500,0.1719,2,0.0000,0,0.1250,2,0.1875,2,0.1875,2,0.1875,2,0.1875,2,0.4375,2,0.1875,2,0.1719,2
11814597.0,622.207610,1021.792458,1644.000068,1651,321,0.00,0.2016,0.1625,10,0,0,876,0.438000,0.1719,2,0.1719,2,0.1250,2,0.1875,2,0.1875,2,0.1875,2,0.1875,2,0.4375,2,0.1875,2,0.1719,2
11814683.0,622.249161,1021.924417,1644.173578,1652,321,0.00,0.1875,0.1375,10,0,0,876,0.438000,0.1719,2,0.1719,2,0.1719,2,0.1875,2,0.1875,2,0.1875,2,0.1250,2,0.3750,2,0.1250,2,0.1719,2
11815057.0,622.428369,1022.482300,1644.910669,1653,322,0.00,0.2000,0.1500,10,0,0,876,0.438000,0.1719,2,0.1719,2,0.1719,2,0.3125,2,0.1875,2,0.1875,2,0.1250,2,0.3750,2,0.1250,2,0.1719,2
11815160.0,622.478725,1022.643667,1645.122391,1654,323,0.00,0.2172,0.1625,10,0,0,876,0.438000,0.1719,2,0.1719,2,0.1719,2,0.3125,2,0.3594,2,0.1875,2,0.1250,2,0.3750,2,0.1250,2,0.1719,2
11815527.0,622.663053,1023.246158,1645.909211,1655,324,0.00,0.2359,0.1625,10,0,0,876,0.438000,0.1719,2,0.1719,2,0.1719,2,0.3125,2,0.3594,2,0.3750,2,0.1250,2,0.3750,2,0.1250,2,0.1719,2
11815888.0,622.844811,1023.835725,1646.680536,1656,325,0.00,0.2250,0.1625,10,0,0,876,0.438000,0.1719,2,0.1719,2,0.1719,2,0.3125,2,0.1875,2,0.1875,2,0.3750,2,0.3750,2,0.1250,2,0.1719,2
11817488.0,623.477074,1025.875517,1649.352591,1657,326,0.00,0.1906,0.1375,7,0,3,876,0.438000,0.0000,0,0.0000,0,0.1719,2,0.3125,2,0.1875,2,0.1875,2,0.3750,2,0.5469,2,0.1250,2,0.0000,0
11817489.0,623.477464,1025.876808,1649.354273,1658,327,0.00,0.2078,0.1500,7,0,3,876,0.438000,0.0000,0,0.0000,0,0.1719,2,0.3125,2,0.1875,2,0.1875,2,0.3750,2,0.5469,2,0.2969,2,0.0000,0
11817493.0,623.479578,1025.882275,1649.361853,1659,327,0.00,0.2250,0.1625,8,0,2,877,0.438500,0.0000,0,0.0000,0,0.1719,2,0.3125,2,0.1875,2,0.1875,2,0.3750,2,0.5469,2,0.2969,2,0.1719,2
11817517.0,623.490811,1025.918475,1649.409286,1660,327,0.00,0.2500,0.1750,9,0,1,878,0.439000,0.2500,2,0.0000,0,0.1719,2,0.3125,2,0.1875,2,0.1875,2,0.3750,2,0.5469,2,0.2969,2,0.1719,2
11817565.0,623.515178,1025.997675,1649.512853,1661,327,0.00,0.2547,0.1875,10,0,0,879,0.439500,0.2500,2,0.0469,2,0.1719,2,0.3125,2,0.1875,2,0.1875,2,0.3750,2,0.5469,2,0.2969,2,0.1719,2
11817629.0,623.549189,1026.112342,1649.661530,1662,328,0.00,0.2734,0.1875,10,0,0,879,0.439500,0.2500,2,0.0469,2,0.3594,2,0.3125,2,0.1875,2,0.1875,2,0.3750,2,0.5469,2,0.2969,2,0.1719,2
11817630.0,623.549735,1026.114133,1649.663868,1663,329,0.00,0.2906,0.2000,10,0,0,879,0.439500,0.2500,2,0.0469,2,0.3594,2,0.4844,2,0.1875,2,0.1875,2,0.3750,2,0.5469,2,0.2969,2,0.1719,2
11817632.0,623.550853,1026.117867,1649.668720,1664,330,0.00,0.3078,0.2125,10,0,0,879,0.439500,0.2500,2,0.0469,2,0.3594,2,0.4844,2,0.3594,2,0.1875,2,0.3750,2,0.5469,2,0.2969,2,0.1719,2
11817664.0,623.568780,1026.177750,1649.746530,1665,331,0.00,0.2922,0.1875,9,1,0,879,0.439500,0.2500,2,0.0469,2,0.3594,2,0.4844,2,0.3594,2,0.3750,2,0.3750,2,0.3750,2,0.2969,2,0.0000,1
11817664.0,623.568780,1026.177750,1649.746530,1666,332,0.00,0.3109,0.1875,9,1,0,879,0.439500,0.2500,2,0.0469,2,0.3594,2,0.4844,2,0.3594,2,0.3750,2,0.5625,2,0.3750,2,0.2969,2,0.0000,1
11817727.0,623.602765,1026.282917,1649.885681,1667,333,0.00,0.3109,0.1875,9,0,1,879,0.439500,0.2500,2,0.0469,2,0.3594,2,0.4844,2,0.3594,2,0.3750,2,0.5625,2,0.5469,2,0.1250,2,0.0000,0
11817729.0,623.603854,1026.286367,1649.890220,1668,334,0.00,0.3281,0.2000,9,0,1,879,0.439500,0.2500,2,0.0469,2,0.3594,2,0.4844,2,0.3594,2,0.3750,2,0.5625,2,0.5469,2,0.2969,2,0.0000,0
11817789.0,623.637753,1026.392717,1650.030469,1669,334,0.00,0.3406,0.2000,9,1,0,880,0.440000,0.2500,2,0.0000,1,0.3594,2,0.4844,2,0.3594,2,0.3750,2,0.5625,2,0.5469,2,0.2969,2,0.1719,2
11817790.0,623.638351,1026.394583,1650.032934,1670,335,0.00,0.3578,0.2125,9,1,0,880,0.440000,0.4219,2,0.0000,1,0.3594,2,0.4844,2,0.3594,2,0.3750,2,0.5625,2,0.5469,2,0.2969,2,0.1719,2
11817854.0,623.675933,1026.513250,1650.189183,1671,335,0.00,0.3578,0.2125,10,0,0,881,0.440500,0.4219,2,0.1719,2,0.3594,2,0.4844,2,0.3594,2,0.3750,2,0.5625,2,0.3750,2,0.2969,2,0.1719,2
11818453.0,624.014218,1027.634608,1651.648826,1672,335,0.00,0.2734,0.2000,10,0,0,881,0.440500,0.4219,2,0.1719,2,0.2344,2,0.3125,2,0.3594,2,0.1875,2,0.3750,2,0.3750,2,0.1250,2,0.1719,2
11818455.0,624.015310,1027.638342,1651.653652,1673,335,0.00,0.2781,0.2125,10,0,0,881,0.440500,0.4219,2,0.1719,2,0.2344,2,0.3594,2,0.3594,2,0.1875,2,0.3750,2,0.3750,2,0.1250,2,0.1719,2
11818642.0,624.114371,1027.988083,1652.102454,1674,336,0.00,0.2609,0.2000,8,1,1,881,0.440500,0.4219,2,0.0000,0,0.2344,2,0.3594,2,0.5313,2,0.1875,2,0.3750,2,0.3750,2,0.1250,2,0.0000,1
11818644.0,624.115382,1027.991683,1652.107066,1675,337,0.00,0.2781,0.2125,8,1,1,881,0.440500,0.4219,2,0.0000,0,0.2344,2,0.3594,2,0.5313,2,0.3594,2,0.3750,2,0.3750,2,0.1250,2,0.0000,1
11818675.0,624.131016,1028.048808,1652.179824,1676,338,0.00,0.2953,0.2250,8,0,2,881,0.440500,0.4219,2,0.0000,0,0.2344,2,0.3594,2,0.5313,2,0.3594,2,0.5469,2,0.3750,2,0.1250,2,0.0000,0
11819385.0,624.443765,1029.141325,1653.585090,1677,338,0.00,0.2141,0.1750,8,0,2,881,0.440500,0.2500,2,0.0000,0,0.2344,2,0.3594,2,0.1875,2,0.1875,2,0.3750,2,0.4219,2,0.1250,2,0.0000,0
11819948.0,624.688731,1029.990967,1654.679698,1678,339,0.00,0.2109,0.1750,8,0,2,881,0.440500,0.2500,2,0.0000,0,0.2344,2,0.3125,2,0.1875,2,0.1875,2,0.3750,2,0.4219,2,0.1406,2,0.0000,0
11819979.0,624.702756,1030.040050,1654.742806,1679,339,0.00,0.2297,0.1750,9,0,1,882,0.441000,0.2500,2,0.0000,0,0.2344,2,0.3125,2,0.1875,2,0.1875,2,0.3750,2,0.4219,2,0.1406,2,0.1875,2
11820079.0,624.750899,1030.205050,1654.955949,1680,340,0.00,0.2469,0.1875,9,0,1,882,0.441000,0.4219,2,0.0000,0,0.2344,2,0.3125,2,0.1875,2,0.1875,2,0.3750,2,0.4219,2,0.1406,2,0.1875,2
11820096.0,624.759810,1030.234375,1654.994185,1681,340,0.00,0.2656,0.2000,10,0,0,883,0.441500,0.4219,2,0.1875,2,0.2344,2,0.3125,2,0.1875,2,0.1875,2,0.3750,2,0.4219,2,0.1406,2,0.1875,2
11820181.0,624.805704,1030.393042,1655.198746,1682,341,0.00,0.2828,0.2125,10,0,0,883,0.441500,0.4219,2,0.1875,2,0.4063,2,0.3125,2,0.1875,2,0.1875,2,0.3750,2,0.4219,2,0.1406,2,0.1875,2
11820238.0,624.837242,1030.503717,1655.340959,1683,342,0.00,0.3000,0.2250,10,0,0,883,0.441500,0.4219,2,0.1875,2,0.4063,2,0.4844,2,0.1875,2,0.1875,2,0.3750,2,0.4219,2,0.1406,2,0.1875,2
11820286.0,624.864442,1030.600517,1655.464959,1684,343,0.00,0.3172,0.2375,10,0,0,883,0.441500,0.4219,2,0.1875,2,0.4063,2,0.4844,2,0.3594,2,0.1875,2,0.3750,2,0.4219,2,0.1406,2,0.1875,2
11820326.0,624.887504,1030.682908,1655.570412,1685,343,0.00,0.3000,0.2250,10,0,0,883,0.441500,0.4219,2,0.1875,2,0.4063,2,0.3125,2,0.3594,2,0.2344,2,0.3750,2,0.3750,2,0.1406,2,0.1875,2
11820327.0,624.888070,1030.684925,1655.572995,1686,344,0.00,0.3172,0.2375,10,0,0,883,0.441500,0.4219,2,0.1875,2,0.4063,2,0.3125,2,0.3594,2,0.2344,2,0.5469,2,0.3750,2,0.1406,2,0.1875,2
11820382.0,624.919972,1030.799967,1655.719939,1687,345,0.00,0.3344,0.2500,10,0,0,883,0.441500,0.4219,2,0.1875,2,0.4063,2,0.3125,2,0.3594,2,0.2344,2,0.5469,2,0.5469,2,0.1406,2,0.1875,2
11820433.0,624.949661,1030.907242,1655.856903,1688,345,0.00,0.3219,0.2500,10,0,0,883,0.441500,0.4219,2,0.1875,2,0.4063,2,0.3125,2,0.1875,2,0.2344,2,0.5469,2,0.5469,2,0.1875,2,0.1875,2
11820743.0,625.121167,1031.559467,1656.680634,1689,345,0.00,0.2906,0.2500,10,0,0,884,0.442000,0.4219,2,0.1875,2,0.4063,2,0.3125,2,0.1875,2,0.2344,2,0.2969,2,0.5469,2,0.1875,2,0.1250,2
11821371.0,625.472025,1032.911283,1658.383308,1690,346,0.00,0.3047,0.2375,10,0,0,884,0.442000,0.6094,2,0.1875,2,0.4063,2,0.3125,2,0.1875,2,0.1875,2,0.2969,2,0.5469,2,0.1875,2,0.1250,2
11821457.0,625.521072,1033.091167,1658.612238,1691,347,0.00,0.3328,0.2500,10,0,0,884,0.442000,0.6094,2,0.4688,2,0.4063,2,0.3125,2,0.1875,2,0.1875,2,0.2969,2,0.5469,2,0.1875,2,0.1250,2
11821544.0,625.572592,1033.279667,1658.852259,1692,348,0.00,0.3609,0.2625,10,0,0,884,0.442000,0.6094,2,0.4688,2,0.6875,2,0.3125,2,0.1875,2,0.1875,2,0.2969,2,0.5469,2,0.1875,2,0.1250,2
11821598.0,625.605751,1033.400717,1659.006468,1693,348,0.00,0.3656,0.2750,10,0,0,884,0.442000,0.6094,2,0.4688,2,0.6875,2,0.3594,2,0.1875,2,0.1875,2,0.2969,2,0.5469,2,0.1875,2,0.1250,2
11826753.0,628.173695,1042.735400,1670.909095,1694,349,0.00,0.2141,0.1875,9,0,1,884,0.442000,0.1719,2,0.1875,2,0.3438,2,0.3125,2,0.3125,2,0.0000,0,0.1250,2,0.3750,2,0.1875,2,0.1250,2
11826864.0,628.226284,1042.926875,1671.153159,1695,349,0.00,0.2266,0.2000,10,0,0,885,0.442500,0.1719,2,0.1875,2,0.3438,2,0.3125,2,0.3125,2,0.1250,2,0.1250,2,0.3750,2,0.1875,2,0.1250,2
11826872.0,628.230361,1042.941808,1671.172169,1696,350,0.00,0.2438,0.2125,10,0,0,885,0.442500,0.1719,2,0.1875,2,0.3438,2,0.3125,2,0.3125,2,0.1250,2,0.2969,2,0.3750,2,0.1875,2,0.1250,2
11826901.0,628.245525,1042.998117,1671.243642,1697,351,0.00,0.2578,0.2250,10,0,0,885,0.442500,0.1719,2,0.1875,2,0.3438,2,0.3125,2,0.3125,2,0.1250,2,0.2969,2,0.5156,2,0.1875,2,0.1250,2
11826974.0,628.282591,1043.137783,1671.420374,1698,351,0.00,0.2281,0.2125,9,0,1,885,0.442500,0.0000,0,0.1875,2,0.3438,2,0.3125,2,0.3125,2,0.1250,2,0.1250,2,0.5156,2,0.2344,2,0.1250,2
11827690.0,628.590174,1044.356683,1672.946857,1699,352,0.00,0.2094,0.2000,7,0,3,885,0.442500,0.0000,0,0.1875,2,0.1719,2,0.3125,2,0.3125,2,0.0000,0,0.0000,0,0.5156,2,0.2344,2,0.3594,2
11828474.0,628.898106,1045.592325,1674.490431,1700,352,0.00,0.1875,0.1875,8,0,2,886,0.443000,0.0469,2,0.1875,2,0.1719,2,0.3125,2,0.1875,2,0.0000,0,0.0000,0,0.3750,2,0.2344,2,0.3594,2
11828590.0,628.946601,1045.784692,1674.731292,1701,353,0.00,0.2047,0.2000,8,0,2,886,0.443000,0.0469,2,0.3594,2,0.1719,2,0.3125,2,0.1875,2,0.0000,0,0.0000,0,0.3750,2,0.2344,2,0.3594,2
11828682.0,628.986266,1045.942583,1674.928849,1702,354,0.00,0.2203,0.2000,8,0,2,886,0.443000,0.0469,2,0.3594,2,0.3438,2,0.3125,2,0.1875,2,0.0000,0,0.0000,0,0.3750,2,0.2188,2,0.3594,2
11828684.0,628.987153,1045.946050,1674.933203,1703,355,0.00,0.2375,0.2125,8,0,2,886,0.443000,0.0469,2,0.3594,2,0.3438,2,0.4844,2,0.1875,2,0.0000,0,0.0000,0,0.3750,2,0.2188,2,0.3594,2
11828803.0,629.041530,1046.161242,1675.202771,1704,355,0.00,0.2500,0.2250,8,0,2,886,0.443000,0.0469,2,0.3594,2,0.3438,2,0.4844,2,0.3125,2,0.0000,0,0.0000,0,0.3750,2,0.2188,2,0.3594,2
11828869.0,629.072586,1046.283667,1675.356253,1705,355,0.00,0.2422,0.2250,9,0,1,887,0.443500,0.0469,2,0.3594,2,0.3438,2,0.4844,2,0.1875,2,0.0469,2,0.0000,0,0.3750,2,0.2188,2,0.3594,2
11828906.0,629.091259,1046.355817,1675.447076,1706,355,0.00,0.2656,0.2375,10,0,0,888,0.444000,0.0469,2,0.3594,2,0.3438,2,0.4844,2,0.1875,2,0.0469,2,0.2344,2,0.3750,2,0.2188,2,0.3594,2
11829087.0,629.184829,1046.721675,1675.906504,1707,355,0.00,0.2469,0.2375,9,0,1,888,0.444000,0.0469,2,0.3594,2,0.3438,2,0.4844,2,0.1875,2,0.0469,2,0.0000,0,0.4219,2,0.2188,2,0.3594,2
11829145.0,629.213527,1046.839125,1676.052652,1708,356,0.00,0.2641,0.2500,9,0,1,888,0.444000,0.0469,2,0.3594,2,0.3438,2,0.4844,2,0.1875,2,0.0469,2,0.0000,0,0.4219,2,0.3906,2,0.3594,2
11833215.0,630.800616,1052.899342,1683.699958,1709,357,0.00,0.1750,0.1625,7,0,3,888,0.444000,0.0000,0,0.1875,2,0.1719,2,0.3125,2,0.1875,2,0.0000,0,0.0000,0,0.3750,2,0.2188,2,0.2969,2
11833283.0,630.826805,1052.997375,1683.824180,1710,357,0.00,0.1922,0.1750,8,0,2,889,0.444500,0.1719,2,0.1875,2,0.1719,2,0.3125,2,0.1875,2,0.0000,0,0.0000,0,0.3750,2,0.2188,2,0.2969,2
11833455.0,630.899338,1053.269708,1684.169046,1711,358,0.00,0.2094,0.1875,8,0,2,889,0.444500,0.1719,2,0.3594,2,0.1719,2,0.3125,2,0.1875,2,0.0000,0,0.0000,0,0.3750,2,0.2188,2,0.2969,2
11833733.0,631.019292,1053.710250,1684.729542,1712,359,0.00,0.2219,0.1875,8,0,2,889,0.444500,0.1719,2,0.3594,2,0.3438,2,0.3125,2,0.1875,2,0.0000,0,0.0000,0,0.3750,2,0.1719,2,0.2969,2
11833907.0,631.096672,1053.998725,1685.095397,1713,360,0.00,0.2219,0.1875,8,0,2,889,0.444500,0.1719,2,0.1875,2,0.3438,2,0.4844,2,0.1875,2,0.0000,0,0.0000,0,0.3750,2,0.1719,2,0.2969,2
11834589.0,631.397982,1055.087783,1686.485765,1714,361,0.00,0.2422,0.1875,8,0,2,889,0.444500,0.1719,2,0.1875,2,0.2969,2,0.4844,2,0.4375,2,0.0000,0,0.0000,0,0.3750,2,0.1719,2,0.2969,2
11834608.0,631.407233,1055.119292,1686.526525,1715,361,0.00,0.2594,0.2000,9,0,1,890,0.445000,0.1719,2,0.1875,2,0.2969,2,0.4844,2,0.4375,2,0.1719,2,0.0000,0,0.3750,2,0.1719,2,0.2969,2
11835099.0,631.655035,1056.000767,1687.655802,1716,361,0.00,0.2547,0.2000,10,0,0,891,0.445500,0.1719,2,0.1875,2,0.2969,2,0.3125,2,0.4375,2,0.1719,2,0.1250,2,0.3750,2,0.1719,2,0.2969,2
11835156.0,631.685326,1056.107167,1687.792493,1717,362,0.00,0.2641,0.2125,10,0,0,891,0.445500,0.1719,2,0.1875,2,0.2969,2,0.3125,2,0.4375,2,0.1719,2,0.1250,2,0.4688,2,0.1719,2,0.2969,2
11835172.0,631.693946,1056.138233,1687.832179,1718,363,0.00,0.2813,0.2250,10,0,0,891,0.445500,0.1719,2,0.1875,2,0.2969,2,0.3125,2,0.4375,2,0.1719,2,0.1250,2,0.4688,2,0.3438,2,0.2969,2
11835308.0,631.756855,1056.363392,1688.120246,1719,364,0.00,0.2250,0.1750,7,0,3,891,0.445500,0.0000,0,0.1875,2,0.1250,2,0.3125,2,0.4375,2,0.0000,0,0.0000,0,0.4688,2,0.3438,2,0.3750,2
11835454.0,631.816185,1056.577100,1688.393285,1720,364,0.00,0.2172,0.1750,8,0,2,892,0.446000,0.1719,2,0.1875,2,0.1250,2,0.3125,2,0.4375,2,0.0000,0,0.0000,0,0.4688,2,0.3438,2,0.1250,2
11835560.0,631.861979,1056.738642,1688.600620,1721,364,0.00,0.2000,0.1625,7,0,3,892,0.446000,0.0000,0,0.2344,2,0.1250,2,0.3125,2,0.4375,2,0.0000,0,0.0000,0,0.4688,2,0.2969,2,0.1250,2
11835682.0,631.910440,1056.914525,1688.824965,1722,365,0.00,0.2172,0.1750,7,0,3,892,0.446000,0.0000,0,0.2344,2,0.2969,2,0.3125,2,0.4375,2,0.0000,0,0.0000,0,0.4688,2,0.2969,2,0.1250,2
11835689.0,631.913314,1056.925142,1688.838456,1723,366,0.00,0.2344,0.1875,7,0,3,892,0.446000,0.0000,0,0.2344,2,0.2969,2,0.4844,2,0.4375,2,0.0000,0,0.0000,0,0.4688,2,0.2969,2,0.1250,2
11835689.0,631.913314,1056.925142,1688.838456,1724,367,0.00,0.2516,0.2000,7,0,3,892,0.446000,0.0000,0,0.2344,2,0.2969,2,0.4844,2,0.6094,2,0.0000,0,0.0000,0,0.4688,2,0.2969,2,0.1250,2
11835731.0,631.932054,1056.992517,1688.924571,1725,367,0.00,0.2641,0.2000,8,0,2,893,0.446500,0.0000,0,0.1875,2,0.2969,2,0.4844,2,0.6094,2,0.1719,2,0.0000,0,0.4688,2,0.2969,2,0.1250,2
11835749.0,631.941151,1057.023717,1688.964868,1726,367,0.00,0.2688,0.2125,9,0,1,894,0.447000,0.0000,0,0.1875,2,0.2969,2,0.4844,2,0.6094,2,0.1719,2,0.0469,2,0.4688,2,0.2969,2,0.1250,2
11835770.0,631.951899,1057.063092,1689.014990,1727,368,0.00,0.2859,0.2250,9,0,1,894,0.447000,0.0000,0,0.1875,2,0.2969,2,0.4844,2,0.6094,2,0.1719,2,0.0469,2,0.6406,2,0.2969,2,0.1250,2
11835851.0,631.992200,1057.211067,1689.203267,1728,368,0.00,0.2656,0.2125,8,0,2,894,0.447000,0.0000,0,0.1875,2,0.2969,2,0.4844,2,0.6094,2,0.0000,0,0.0469,2,0.5469,2,0.3594,2,0.1250,2
11835985.0,632.054468,1057.439508,1689.493976,1729,369,0.00,0.2594,0.2000,8,0,2,894,0.447000,0.0000,0,0.1875,2,0.2969,2,0.4844,2,0.4375,2,0.0000,0,0.0469,2,0.5469,2,0.2969,2,0.2969,2
11836437.0,632.258582,1058.163425,1690.422007,1730,369,0.00,0.2422,0.1875,9,0,1,895,0.447500,0.1719,2,0.1875,2,0.2969,2,0.3125,2,0.4375,2,0.0000,0,0.0469,2,0.5469,2,0.1250,2,0.2969,2
11836505.0,632.291980,1058.280725,1690.572705,1731,369,0.00,0.2922,0.1875,9,0,1,895,0.447500,0.1719,2,0.6875,2,0.2969,2,0.3125,2,0.4375,2,0.0000,0,0.0469,2,0.5469,2,0.1250,2,0.2969,2
11836506.0,632.292510,1058.282450,1690.574960,1732,369,0.00,0.3422,0.1875,9,0,1,895,0.447500,0.1719,2,0.6875,2,0.7969,2,0.3125,2,0.4375,2,0.0000,0,0.0469,2,0.5469,2,0.1250,2,0.2969,2
11837081.0,632.586430,1059.274325,1691.860755,1733,369,0.00,0.2922,0.1875,9,0,1,895,0.447500,0.1719,2,0.1875,2,0.2969,2,0.8125,2,0.4375,2,0.0000,0,0.0469,2,0.5469,2,0.1250,2,0.2969,2
11837262.0,632.681161,1059.586550,1692.267711,1734,369,0.00,0.2469,0.2000,9,0,1,895,0.447500,0.1719,2,0.1875,2,0.2969,2,0.3125,2,0.4844,2,0.0000,0,0.0469,2,0.5469,2,0.1250,2,0.2969,2
11837656.0,632.871770,1060.268600,1693.140370,1735,369,0.00,0.2797,0.1875,10,0,0,896,0.448000,0.1719,2,0.1875,2,0.2969,2,0.3125,2,0.4844,2,0.5000,2,0.0469,2,0.5469,2,0.1250,2,0.1250,2
11837738.0,632.916941,1060.415517,1693.332458,1736,369,0.00,0.2844,0.2000,10,0,0,896,0.448000,0.1719,2,0.1875,2,0.2969,2,0.3125,2,0.4844,2,0.5000,2,0.0938,2,0.5469,2,0.1250,2,0.1250,2
11838043.0,633.071801,1060.946892,1694.018693,1737,370,0.00,0.2422,0.1875,9,0,1,896,0.448000,0.1719,2,0.1875,2,0.2969,2,0.3125,2,0.4375,2,0.0000,0,0.0469,2,0.7188,2,0.1250,2,0.1250,2
11838173.0,633.135650,1061.171142,1694.306792,1738,370,0.00,0.2484,0.2000,9,0,1,896,0.448000,0.1719,2,0.1875,2,0.2969,2,0.3125,2,0.4375,2,0.0000,0,0.0469,2,0.7188,2,0.1875,2,0.1250,2
11838246.0,633.171195,1061.299467,1694.470662,1739,370,0.00,0.2125,0.1875,9,0,1,896,0.448000,0.1719,2,0.1875,2,0.2969,2,0.3125,2,0.1875,2,0.0000,0,0.0469,2,0.5469,2,0.1875,2,0.1875,2
11838713.0,633.389777,1062.105042,1695.494819,1740,370,0.00,0.2172,0.2000,9,0,1,896,0.448000,0.2188,2,0.1875,2,0.2969,2,0.3125,2,0.1875,2,0.0000,0,0.0469,2,0.5469,2,0.1875,2,0.1875,2
11838844.0,633.450166,1062.332967,1695.783133,1741,371,0.00,0.2219,0.2000,9,0,1,896,0.448000,0.2188,2,0.4063,2,0.2969,2,0.3125,2,0.1875,2,0.0000,0,0.0469,2,0.3750,2,0.1875,2,0.1875,2
11839411.0,633.704756,1063.269792,1696.974548,1742,372,0.00,0.2156,0.1875,9,0,1,896,0.448000,0.0469,2,0.4063,2,0.4063,2,0.3125,2,0.1875,2,0.0000,0,0.0469,2,0.3750,2,0.1875,2,0.1875,2
11839585.0,633.785821,1063.566417,1697.352238,1743,373,0.00,0.2109,0.1875,9,0,1,896,0.448000,0.0469,2,0.1875,2,0.4063,2,0.4844,2,0.1875,2,0.0000,0,0.0469,2,0.3750,2,0.1875,2,0.1875,2
11839833.0,633.892919,1063.958658,1697.851577,1744,374,0.00,0.2063,0.1750,8,0,2,896,0.448000,0.0000,0,0.1875,2,0.1250,2,0.4844,2,0.4688,2,0.0000,0,0.0469,2,0.3750,2,0.1875,2,0.1875,2
11839837.0,633.895150,1063.964992,1697.860141,1745,374,0.00,0.2234,0.1875,9,0,1,897,0.448500,0.0000,0,0.1875,2,0.1250,2,0.4844,2,0.4688,2,0.1719,2,0.0469,2,0.3750,2,0.1875,2,0.1875,2
11839991.0,633.968540,1064.230642,1698.199182,1746,374,0.00,0.2359,0.2000,9,0,1,897,0.448500,0.0000,0,0.1875,2,0.1250,2,0.4844,2,0.4688,2,0.1719,2,0.1719,2,0.3750,2,0.1875,2,0.1875,2
11840018.0,633.981670,1064.279242,1698.260912,1747,374,0.00,0.2406,0.2125,9,0,1,897,0.448500,0.0000,0,0.1875,2,0.1250,2,0.4844,2,0.4688,2,0.1719,2,0.1719,2,0.4219,2,0.1875,2,0.1875,2
11840057.0,634.000777,1064.352367,1698.353144,1748,375,0.00,0.2578,0.2250,9,0,1,897,0.448500,0.0000,0,0.1875,2,0.1250,2,0.4844,2,0.4688,2,0.1719,2,0.1719,2,0.4219,2,0.3594,2,0.1875,2
11840187.0,634.065834,1064.604592,1698.670426,1749,375,0.00,0.2359,0.2250,9,0,1,897,0.448500,0.0000,0,0.1875,2,0.1250,2,0.4844,2,0.1875,2,0.1719,2,0.1719,2,0.4219,2,0.3594,2,0.2500,2
11840331.0,634.133475,1064.864542,1698.998017,1750,375,0.00,0.2063,0.2000,10,0,0,898,0.449000,0.0469,2,0.1875,2,0.1250,2,0.3125,2,0.1875,2,0.1719,2,0.0469,2,0.3750,2,0.3594,2,0.2500,2
11840331.0,634.133475,1064.864542,1698.998017,1751,376,0.00,0.2234,0.2125,10,0,0,898,0.449000,0.0469,2,0.3594,2,0.1250,2,0.3125,2,0.1875,2,0.1719,2,0.0469,2,0.3750,2,0.3594,2,0.2500,2
11840675.0,634.304907,1065.518183,1699.823091,1752,377,0.00,0.2359,0.2125,9,0,1,898,0.449000,0.0000,0,0.3594,2,0.2969,2,0.3125,2,0.1875,2,0.1719,2,0.0469,2,0.3750,2,0.3594,2,0.2500,2
11840956.0,634.432939,1066.016317,1700.449255,1753,378,0.00,0.2359,0.2125,8,0,2,898,0.449000,0.0000,0,0.3594,2,0.2969,2,0.4844,2,0.1875,2,0.0000,0,0.0469,2,0.3750,2,0.3594,2,0.2500,2
11840957.0,634.433394,1066.018125,1700.451519,1754,379,0.00,0.2531,0.2250,8,0,2,898,0.449000,0.0000,0,0.3594,2,0.2969,2,0.4844,2,0.3594,2,0.0000,0,0.0469,2,0.3750,2,0.3594,2,0.2500,2
11841027.0,634.466731,1066.149958,1700.616690,1755,379,0.00,0.2703,0.2375,9,0,1,899,0.449500,0.0000,0,0.3594,2,0.2969,2,0.4844,2,0.3594,2,0.1719,2,0.0469,2,0.3750,2,0.3594,2,0.2500,2
11841323.0,634.612316,1066.714183,1701.326499,1756,379,0.00,0.2531,0.2250,9,0,1,899,0.449500,0.0000,0,0.3594,2,0.2969,2,0.3125,2,0.3594,2,0.1719,2,0.2188,2,0.3750,2,0.1875,2,0.2500,2
11841324.0,634.612815,1066.716133,1701.328949,1757,380,0.00,0.2703,0.2375,9,0,1,899,0.449500,0.0000,0,0.3594,2,0.2969,2,0.3125,2,0.3594,2,0.1719,2,0.2188,2,0.5469,2,0.1875,2,0.2500,2
11841600.0,634.753032,1067.267308,1702.020341,1758,381,0.00,0.2703,0.2375,9,0,1,899,0.449500,0.0000,0,0.3594,2,0.2969,2,0.3125,2,0.3594,2,0.1719,2,0.0469,2,0.5469,2,0.3594,2,0.2500,2
11841601.0,634.753545,1067.269333,1702.022879,1759,382,0.00,0.2875,0.2500,9,0,1,899,0.449500,0.0000,0,0.3594,2,0.2969,2,0.3125,2,0.3594,2,0.1719,2,0.0469,2,0.5469,2,0.3594,2,0.4219,2
11841637.0,634.772995,1067.344933,1702.117929,1760,382,0.00,0.3047,0.2625,10,0,0,900,0.450000,0.1719,2,0.3594,2,0.2969,2,0.3125,2,0.3594,2,0.1719,2,0.0469,2,0.5469,2,0.3594,2,0.4219,2
11842456.0,635.199456,1068.959533,1704.158989,1761,383,0.00,0.2359,0.2125,9,0,1,900,0.450000,0.1719,2,0.3594,2,0.1250,2,0.3125,2,0.1875,2,0.0000,0,0.0469,2,0.3750,2,0.3594,2,0.4219,2
11842459.0,635.200915,1068.965158,1704.166073,1762,384,0.00,0.2531,0.2250,9,0,1,900,0.450000,0.1719,2,0.3594,2,0.2969,2,0.3125,2,0.1875,2,0.0000,0,0.0469,2,0.3750,2,0.3594,2,0.4219,2
11842495.0,635.218902,1069.035358,1704.254260,1763,385,0.00,0.2703,0.2375,9,0,1,900,0.450000,0.1719,2,0.3594,2,0.2969,2,0.4844,2,0.1875,2,0.0000,0,0.0469,2,0.3750,2,0.3594,2,0.4219,2
11843059.0,635.473712,1070.018283,1705.491996,1764,386,0.00,0.1953,0.1750,8,0,2,900,0.450000,0.0000,0,0.1875,2,0.1250,2,0.3125,2,0.4688,2,0.0000,0,0.0469,2,0.3750,2,0.1875,2,0.2500,2
11843104.0,635.493298,1070.089533,1705.582832,1765,386,0.00,0.2234,0.1875,9,0,1,901,0.450500,0.0000,0,0.1875,2,0.1250,2,0.3125,2,0.4688,2,0.2813,2,0.0469,2,0.3750,2,0.1875,2,0.2500,2
11843389.0,635.623361,1070.558242,1706.181603,1766,386,0.00,0.1828,0.1500,8,0,2,901,0.450500,0.0000,0,0.0000,0,0.1250,2,0.3125,2,0.1875,2,0.2813,2,0.2344,2,0.3750,2,0.1875,2,0.1250,2
11843509.0,635.673090,1070.730242,1706.403332,1767,387,0.00,0.2000,0.1625,8,0,2,901,0.450500,0.0000,0,0.0000,0,0.1250,2,0.3125,2,0.1875,2,0.2813,2,0.2344,2,0.5469,2,0.1875,2,0.1250,2
11843984.0,635.849859,1071.377283,1707.227143,1768,388,0.00,0.1531,0.1500,7,0,3,901,0.450500,0.0000,0,0.0000,0,0.1250,2,0.3125,2,0.1875,2,0.0000,0,0.0469,2,0.3750,2,0.3594,2,0.1250,2
11843987.0,635.850941,1071.381383,1707.232325,1769,389,0.00,0.1703,0.1625,7,0,3,901,0.450500,0.0000,0,0.0000,0,0.1250,2,0.3125,2,0.1875,2,0.0000,0,0.0469,2,0.3750,2,0.3594,2,0.2969,2
11847638.0,637.041039,1075.587450,1712.628489,1770,389,0.00,0.1313,0.1125,7,0,3,902,0.451000,0.1250,2,0.0000,0,0.1250,2,0.3125,2,0.1875,2,0.0000,0,0.0000,0,0.3750,2,0.1250,2,0.0625,2
11847680.0,637.055976,1075.635400,1712.691376,1771,389,0.00,0.1547,0.1250,8,0,2,903,0.451500,0.1250,2,0.2344,2,0.1250,2,0.3125,2,0.1875,2,0.0000,0,0.0000,0,0.3750,2,0.1250,2,0.0625,2
11847733.0,637.076781,1075.703417,1712.780197,1772,389,0.00,0.1672,0.1375,8,0,2,903,0.451500,0.1250,2,0.2344,2,0.2500,2,0.3125,2,0.1875,2,0.0000,0,0.0000,0,0.3750,2,0.1250,2,0.0625,2
11847921.0,637.152405,1075.958783,1713.111188,1773,389,0.00,0.1719,0.1500,8,0,2,903,0.451500,0.1250,2,0.2344,2,0.2500,2,0.3594,2,0.1875,2,0.0000,0,0.0000,0,0.3750,2,0.1250,2,0.0625,2
11847923.0,637.153217,1075.961650,1713.114867,1774,389,0.00,0.1766,0.1625,8,0,2,903,0.451500,0.1250,2,0.2344,2,0.2500,2,0.3594,2,0.2344,2,0.0000,0,0.0000,0,0.3750,2,0.1250,2,0.0625,2
11847952.0,637.165594,1076.005392,1713.170985,1775,389,0.00,0.1938,0.1750,9,0,1,904,0.452000,0.1250,2,0.2344,2,0.2500,2,0.3594,2,0.2344,2,0.1719,2,0.0000,0,0.3750,2,0.1250,2,0.0625,2
11847954.0,637.167001,1076.008692,1713.175692,1776,389,0.00,0.2109,0.1875,10,0,0,905,0.452500,0.1250,2,0.2344,2,0.2500,2,0.3594,2,0.2344,2,0.1719,2,0.1719,2,0.3750,2,0.1250,2,0.0625,2
11848618.0,637.457982,1076.992483,1714.450466,1777,390,0.00,0.1641,0.1375,8,0,2,905,0.452500,0.1250,2,0.2344,2,0.1250,2,0.1875,2,0.2344,2,0.0000,0,0.0000,0,0.5469,2,0.1250,2,0.0625,2
11848623.0,637.459982,1076.999275,1714.459257,1778,391,0.00,0.1813,0.1500,8,0,2,905,0.452500,0.1250,2,0.2344,2,0.1250,2,0.1875,2,0.2344,2,0.0000,0,0.0000,0,0.5469,2,0.2969,2,0.0625,2
11848624.0,637.460395,1077.000708,1714.461103,1779,391,0.00,0.1984,0.1625,8,0,2,905,0.452500,0.1250,2,0.2344,2,0.1250,2,0.1875,2,0.2344,2,0.0000,0,0.0000,0,0.5469,2,0.2969,2,0.2344,2
11848625.0,637.460821,1077.002217,1714.463038,1780,392,0.00,0.2156,0.1750,8,0,2,905,0.452500,0.2969,2,0.2344,2,0.1250,2,0.1875,2,0.2344,2,0.0000,0,0.0000,0,0.5469,2,0.2969,2,0.2344,2
11848656.0,637.474459,1077.051300,1714.525759,1781,393,0.00,0.2328,0.1875,8,0,2,905,0.452500,0.2969,2,0.4063,2,0.1250,2,0.1875,2,0.2344,2,0.0000,0,0.0000,0,0.5469,2,0.2969,2,0.2344,2
11848659.0,637.475819,1077.056275,1714.532094,1782,394,0.00,0.2500,0.2000,8,0,2,905,0.452500,0.2969,2,0.4063,2,0.2969,2,0.1875,2,0.2344,2,0.0000,0,0.0000,0,0.5469,2,0.2969,2,0.2344,2
11848974.0,637.621306,1077.596050,1715.217356,1783,394,0.00,0.2313,0.2000,8,0,2,905,0.452500,0.2969,2,0.1719,2,0.2969,2,0.2344,2,0.2344,2,0.0000,0,0.0000,0,0.5469,2,0.2969,2,0.2344,2
11849937.0,637.991909,1078.958008,1716.949918,1784,395,0.00,0.1453,0.1375,7,0,3,905,0.452500,0.1250,2,0.0000,0,0.1250,2,0.2344,2,0.4063,2,0.0000,0,0.0000,0,0.3750,2,0.1250,2,0.0625,2
11849939.0,637.993119,1078.960592,1716.953710,1785,395,0.00,0.1625,0.1500,8,0,2,906,0.453000,0.1250,2,0.0000,0,0.1250,2,0.2344,2,0.4063,2,0.1719,2,0.0000,0,0.3750,2,0.1250,2,0.0625,2
11850000.0,638.017748,1079.044200,1717.061948,1786,395,0.00,0.1750,0.1500,9,0,1,907,0.453500,0.1250,2,0.0000,0,0.1250,2,0.1875,2,0.4063,2,0.1719,2,0.1719,2,0.3750,2,0.1250,2,0.0625,2
11850514.0,638.224266,1079.751683,1717.975950,1787,396,0.00,0.1484,0.1250,7,0,3,907,0.453500,0.1250,2,0.0000,0,0.1250,2,0.1875,2,0.2344,2,0.0000,0,0.0000,0,0.6250,2,0.1250,2,0.0625,2
11851030.0,638.408539,1080.379483,1718.788023,1788,397,0.00,0.1656,0.1375,7,0,3,907,0.453500,0.1250,2,0.0000,0,0.1250,2,0.1875,2,0.2344,2,0.0000,0,0.0000,0,0.6250,2,0.2969,2,0.0625,2
11851089.0,638.430398,1080.455692,1718.886090,1789,397,0.00,0.1828,0.1500,7,0,3,907,0.453500,0.1250,2,0.0000,0,0.1250,2,0.1875,2,0.2344,2,0.0000,0,0.0000,0,0.6250,2,0.2969,2,0.2344,2
11851176.0,638.463392,1080.572342,1719.035734,1790,397,0.00,0.1844,0.1500,7,0,3,907,0.453500,0.3125,2,0.0000,0,0.1250,2,0.1875,2,0.2344,2,0.0000,0,0.0000,0,0.6250,2,0.2969,2,0.0625,2
11855076.0,639.885106,1085.467117,1725.352222,1791,397,0.00,0.1484,0.1250,7,0,3,907,0.453500,0.1250,2,0.0000,0,0.1250,2,0.1875,2,0.2344,2,0.0000,0,0.0000,0,0.6250,2,0.1250,2,0.0625,2
11855311.0,639.969528,1085.753033,1725.722562,1792,397,0.00,0.1609,0.1375,8,0,2,908,0.454000,0.1250,2,0.1250,2,0.1250,2,0.1875,2,0.2344,2,0.0000,0,0.0000,0,0.6250,2,0.1250,2,0.0625,2
11855976.0,640.233777,1086.656250,1726.890027,1793,398,0.00,0.1547,0.1375,8,0,2,908,0.454000,0.1250,2,0.1250,2,0.3125,2,0.1875,2,0.2344,2,0.0000,0,0.0000,0,0.3750,2,0.1250,2,0.0625,2
11856142.0,640.298938,1086.881733,1727.180671,1794,399,0.00,0.1719,0.1500,8,0,2,908,0.454000,0.1250,2,0.1250,2,0.3125,2,0.3594,2,0.2344,2,0.0000,0,0.0000,0,0.3750,2,0.1250,2,0.0625,2
11856143.0,640.299344,1086.883167,1727.182510,1795,400,0.00,0.1891,0.1625,8,0,2,908,0.454000,0.1250,2,0.1250,2,0.3125,2,0.3594,2,0.4063,2,0.0000,0,0.0000,0,0.3750,2,0.1250,2,0.0625,2
11856145.0,640.300682,1086.886183,1727.186866,1796,400,0.00,0.1938,0.1750,9,0,1,909,0.454500,0.1250,2,0.1250,2,0.3125,2,0.3594,2,0.4063,2,0.0469,2,0.0000,0,0.3750,2,0.1250,2,0.0625,2
11856158.0,640.307077,1086.907633,1727.214711,1797,400,0.00,0.2125,0.1875,10,0,0,910,0.455000,0.1250,2,0.1250,2,0.3125,2,0.3594,2,0.4063,2,0.0469,2,0.1875,2,0.3750,2,0.1250,2,0.0625,2
11856170.0,640.313061,1086.929133,1727.242194,1798,401,0.00,0.2297,0.2000,10,0,0,910,0.455000,0.1250,2,0.1250,2,0.3125,2,0.3594,2,0.4063,2,0.0469,2,0.1875,2,0.5469,2,0.1250,2,0.0625,2
11856276.0,640.364793,1087.114692,1727.479485,1799,402,0.00,0.2500,0.2000,9,0,1,910,0.455000,0.1250,2,0.1250,2,0.3125,2,0.3594,2,0.4063,2,0.0000,0,0.1875,2,0.5469,2,0.3750,2,0.0625,2
11856340.0,640.396615,1087.229892,1727.626507,1800,402,0.00,0.2688,0.2125,9,0,1,910,0.455000,0.1250,2,0.1250,2,0.3125,2,0.3594,2,0.4063,2,0.0000,0,0.1875,2,0.5469,2,0.3750,2,0.2500,2
11857149.0,640.794568,1088.661717,1729.456285,1801,403,0.00,0.2156,0.1750,9,0,1,910,0.455000,0.2969,2,0.1250,2,0.3125,2,0.1875,2,0.2344,2,0.0000,0,0.1875,2,0.3750,2,0.3750,2,0.0625,2
11857207.0,640.821856,1088.757417,1729.579273,1802,404,0.00,0.2328,0.1875,9,0,1,910,0.455000,0.2969,2,0.2969,2,0.3125,2,0.1875,2,0.2344,2,0.0000,0,0.1875,2,0.3750,2,0.3750,2,0.0625,2
11857231.0,640.833469,1088.798817,1729.632286,1803,405,0.00,0.2500,0.2000,9,0,1,910,0.455000,0.2969,2,0.2969,2,0.4844,2,0.1875,2,0.2344,2,0.0000,0,0.1875,2,0.3750,2,0.3750,2,0.0625,2
11857383.0,640.909047,1089.072417,1729.981463,1804,406,0.00,0.2672,0.2125,9,0,1,910,0.455000,0.2969,2,0.2969,2,0.4844,2,0.3594,2,0.2344,2,0.0000,0,0.1875,2,0.3750,2,0.3750,2,0.0625,2
11857663.0,641.050461,1089.588717,1730.639178,1805,407,0.00,0.2672,0.2125,9,0,1,910,0.455000,0.2969,2,0.2969,2,0.4844,2,0.1875,2,0.4063,2,0.0000,0,0.1875,2,0.3750,2,0.3750,2,0.0625,2
11857852.0,641.147463,1089.943092,1731.090555,1806,407,0.00,0.2719,0.2250,10,0,0,911,0.455500,0.2969,2,0.2969,2,0.4844,2,0.1875,2,0.4063,2,0.0469,2,0.1875,2,0.3750,2,0.3750,2,0.0625,2
11902717.0,654.904914,1136.105092,1791.010006,1807,407,0.00,0.1172,0.1000,6,0,4,912,0.456000,0.0000,0,0.0000,0,0.1250,2,0.1875,2,0.2344,2,0.0000,0,0.1250,2,0.3750,2,0.1250,2,0.0000,0
11902742.0,654.912471,1136.130092,1791.042563,1808,407,0.00,0.1234,0.1125,6,0,4,912,0.456000,0.0000,0,0.0000,0,0.1250,2,0.1875,2,0.2344,2,0.0000,0,0.1250,2,0.4375,2,0.1250,2,0.0000,0
11902849.0,654.945075,1136.241142,1791.186216,1809,407,0.00,0.1297,0.1125,6,0,4,912,0.456000,0.0000,0,0.0000,0,0.1250,2,0.1875,2,0.2344,2,0.0000,0,0.1250,2,0.3750,2,0.2500,2,0.0000,0
11903021.0,654.999235,1136.426042,1791.425277,1810,407,0.00,0.1422,0.1250,7,0,3,913,0.456500,0.0000,0,0.0000,0,0.1250,2,0.1875,2,0.2344,2,0.0000,0,0.1250,2,0.3750,2,0.2500,2,0.1250,2
11903040.0,655.006302,1136.448183,1791.454485,1811,407,0.00,0.1359,0.1250,7,1,2,914,0.457000,0.0625,2,0.0000,0,0.1250,2,0.1875,2,0.2344,2,0.0000,0,0.0000,1,0.3750,2,0.2500,2,0.1250,2
11903655.0,655.215234,1137.153317,1792.368550,1812,407,0.00,0.1297,0.1250,8,0,2,915,0.457500,0.0625,2,0.0625,2,0.1250,2,0.1875,2,0.2344,2,0.0000,0,0.0000,0,0.3750,2,0.1250,2,0.1250,2
11903885.0,655.301044,1137.448483,1792.749528,1813,408,0.00,0.1469,0.1375,8,0,2,915,0.457500,0.0625,2,0.0625,2,0.2969,2,0.1875,2,0.2344,2,0.0000,0,0.0000,0,0.3750,2,0.1250,2,0.1250,2
11904064.0,655.370220,1137.691625,1793.061845,1814,409,0.00,0.1750,0.1500,8,0,2,915,0.457500,0.0625,2,0.0625,2,0.2969,2,0.4688,2,0.2344,2,0.0000,0,0.0000,0,0.3750,2,0.1250,2,0.1250,2
11904721.0,655.631357,1138.593275,1794.224632,1815,410,0.00,0.1750,0.1500,8,0,2,915,0.457500,0.0625,2,0.0625,2,0.1250,2,0.4688,2,0.4063,2,0.0000,0,0.0000,0,0.3750,2,0.1250,2,0.1250,2
11904731.0,655.635940,1138.607608,1794.243548,1816,410,0.00,0.1797,0.1625,9,0,1,916,0.458000,0.0625,2,0.0625,2,0.1250,2,0.4688,2,0.4063,2,0.0469,2,0.0000,0,0.3750,2,0.1250,2,0.1250,2
11904769.0,655.653256,1138.667458,1794.320715,1817,410,0.00,0.1844,0.1750,10,0,0,917,0.458500,0.0625,2,0.0625,2,0.1250,2,0.4688,2,0.4063,2,0.0469,2,0.0469,2,0.3750,2,0.1250,2,0.1250,2
11904776.0,655.656594,1138.679475,1794.336069,1818,410,0.00,0.1891,0.1875,10,0,0,917,0.458500,0.0625,2,0.0625,2,0.1250,2,0.4688,2,0.4063,2,0.0469,2,0.0469,2,0.4219,2,0.1250,2,0.1250,2
11905093.0,655.798851,1139.192708,1794.991559,1819,410,0.00,0.1625,0.1500,8,0,2,917,0.458500,0.0625,2,0.0625,2,0.1250,2,0.4688,2,0.2344,2,0.0000,0,0.0000,0,0.3750,2,0.1719,2,0.1250,2
11905202.0,655.841460,1139.343008,1795.184469,1820,410,0.00,0.1781,0.1500,8,0,2,918,0.459000,0.0625,2,0.0625,2,0.1250,2,0.4688,2,0.2344,2,0.0000,0,0.0000,0,0.3750,2,0.1719,2,0.2813,2
11905324.0,655.890873,1139.515475,1795.406348,1821,410,0.00,0.1563,0.1500,8,0,2,918,0.459000,0.1250,2,0.0625,2,0.1250,2,0.1875,2,0.2344,2,0.0000,0,0.0000,0,0.3750,2,0.1719,2,0.2813,2
11905346.0,655.899536,1139.547008,1795.446544,1822,410,0.00,0.1609,0.1625,8,0,2,918,0.459000,0.1250,2,0.1094,2,0.1250,2,0.1875,2,0.2344,2,0.0000,0,0.0000,0,0.3750,2,0.1719,2,0.2813,2
11905484.0,655.954377,1139.755158,1795.709535,1823,411,0.00,0.1781,0.1750,8,0,2,918,0.459000,0.1250,2,0.1094,2,0.2969,2,0.1875,2,0.2344,2,0.0000,0,0.0000,0,0.3750,2,0.1719,2,0.2813,2
11905503.0,655.962181,1139.785242,1795.747423,1824,411,0.00,0.1828,0.1875,8,0,2,918,0.459000,0.1250,2,0.1094,2,0.2969,2,0.2344,2,0.2344,2,0.0000,0,0.0000,0,0.3750,2,0.1719,2,0.2813,2
11906357.0,656.284326,1140.931842,1797.216167,1825,411,0.00,0.1344,0.1250,7,0,3,918,0.459000,0.0625,2,0.0625,2,0.2969,2,0.1875,2,0.2344,2,0.0000,0,0.0000,0,0.3750,2,0.1250,2,0.0000,0
11906372.0,656.290018,1140.950092,1797.240110,1826,411,0.00,0.1391,0.1375,8,0,2,919,0.459500,0.0625,2,0.0625,2,0.2969,2,0.1875,2,0.2344,2,0.0469,2,0.0000,0,0.3750,2,0.1250,2,0.0000,0
11906529.0,656.349155,1141.157275,1797.506430,1827,411,0.00,0.1266,0.1375,9,0,1,920,0.460000,0.0625,2,0.0625,2,0.1250,2,0.1875,2,0.2344,2,0.0469,2,0.0469,2,0.3750,2,0.1250,2,0.0000,0
11906578.0,656.368815,1141.227100,1797.595915,1828,411,0.00,0.1313,0.1500,9,0,1,920,0.460000,0.0625,2,0.0625,2,0.1250,2,0.1875,2,0.2344,2,0.0469,2,0.0469,2,0.4219,2,0.1250,2,0.0000,0
11906648.0,656.397155,1141.332100,1797.729255,1829,411,0.00,0.1375,0.1625,9,0,1,920,0.460000,0.0625,2,0.0625,2,0.1250,2,0.1875,2,0.2344,2,0.0469,2,0.0469,2,0.4219,2,0.1875,2,0.0000,0
11906716.0,656.425516,1141.439200,1797.864716,1830,411,0.00,0.1656,0.1750,10,0,0,921,0.460500,0.0625,2,0.0625,2,0.1250,2,0.1875,2,0.2344,2,0.0469,2,0.0469,2,0.4219,2,0.1875,2,0.2813,2
11906719.0,656.426903,1141.444350,1797.871253,1831,411,0.00,0.1844,0.1750,10,0,0,921,0.460500,0.2500,2,0.0625,2,0.1250,2,0.1875,2,0.2344,2,0.0469,2,0.0469,2,0.4219,2,0.1875,2,0.2813,2
11906809.0,656.469809,1141.598850,1798.068659,1832,411,0.00,0.2125,0.1875,10,0,0,921,0.460500,0.2500,2,0.3438,2,0.1250,2,0.1875,2,0.2344,2,0.0469,2,0.0469,2,0.4219,2,0.1875,2,0.2813,2
11906844.0,656.487260,1141.661558,1798.148819,1833,412,0.00,0.2313,0.1875,10,0,0,921,0.460500,0.2500,2,0.3438,2,0.3125,2,0.1875,2,0.2344,2,0.0469,2,0.0469,2,0.4219,2,0.1875,2,0.2813,2
11906854.0,656.492392,1141.679475,1798.171867,1834,412,0.00,0.2375,0.2000,10,0,0,921,0.460500,0.2500,2,0.3438,2,0.3125,2,0.2500,2,0.2344,2,0.0469,2,0.0469,2,0.4219,2,0.1875,2,0.2813,2
11907151.0,656.640649,1142.230725,1798.871374,1835,413,0.00,0.2063,0.1875,10,0,0,921,0.460500,0.0625,2,0.2813,2,0.1250,2,0.2500,2,0.4063,2,0.0469,2,0.0469,2,0.3750,2,0.1875,2,0.2813,2
11907156.0,656.643118,1142.239683,1798.882801,1836,413,0.00,0.2234,0.2000,10,0,0,921,0.460500,0.0625,2,0.2813,2,0.1250,2,0.2500,2,0.4063,2,0.2188,2,0.0469,2,0.3750,2,0.1875,2,0.2813,2
11907161.0,656.645653,1142.249017,1798.894670,1837,413,0.00,0.2281,0.2125,10,0,0,921,0.460500,0.0625,2,0.2813,2,0.1250,2,0.2500,2,0.4063,2,0.2188,2,0.0938,2,0.3750,2,0.1875,2,0.2813,2
11907181.0,656.655774,1142.285900,1798.941674,1838,413,0.00,0.2313,0.1875,10,0,0,921,0.460500,0.0625,2,0.2813,2,0.1250,2,0.2500,2,0.3594,2,0.2188,2,0.0469,2,0.5000,2,0.1875,2,0.2813,2
11907199.0,656.665011,1142.318150,1798.983161,1839,414,0.00,0.2484,0.2000,10,0,0,921,0.460500,0.0625,2,0.2813,2,0.1250,2,0.2500,2,0.3594,2,0.2188,2,0.0469,2,0.5000,2,0.3594,2,0.2813,2
11907206.0,656.668697,1142.331217,1798.999914,1840,414,0.00,0.2531,0.2125,10,0,0,921,0.460500,0.0625,2,0.2813,2,0.1250,2,0.2500,2,0.3594,2,0.2188,2,0.0469,2,0.5000,2,0.3594,2,0.3281,2
11907219.0,656.675590,1142.356458,1799.032048,1841,414,0.00,0.2578,0.2250,10,0,0,921,0.460500,0.1094,2,0.2813,2,0.1250,2,0.2500,2,0.3594,2,0.2188,2,0.0469,2,0.5000,2,0.3594,2,0.3281,2
11907260.0,656.697226,1142.436967,1799.134193,1842,414,0.00,0.2297,0.2125,10,0,0,921,0.460500,0.0625,2,0.3281,2,0.1250,2,0.2500,2,0.3594,2,0.2188,2,0.0469,2,0.5000,2,0.3594,2,0.0469,2
11907359.0,656.745260,1142.617175,1799.362435,1843,415,0.00,0.2141,0.2000,9,0,1,921,0.460500,0.0625,2,0.0469,2,0.2969,2,0.2500,2,0.3594,2,0.2188,2,0.0000,0,0.5000,2,0.3594,2,0.0469,2
11907577.0,656.847046,1143.001625,1799.848671,1844,416,0.00,0.2250,0.2000,9,0,1,921,0.460500,0.0625,2,0.0469,2,0.2969,2,0.3594,2,0.3594,2,0.2188,2,0.0000,0,0.5000,2,0.3594,2,0.0469,2
11907760.0,656.930454,1143.309650,1800.240104,1845,417,0.00,0.1984,0.1875,9,0,1,921,0.460500,0.0625,2,0.0469,2,0.2969,2,0.1875,2,0.4531,2,0.2188,2,0.0000,0,0.3125,2,0.3594,2,0.0469,2
11907942.0,657.013650,1143.623600,1800.637250,1846,417,0.00,0.2484,0.1875,9,0,1,921,0.460500,0.0625,2,0.0469,2,0.2969,2,0.1875,2,0.4531,2,0.7188,2,0.0000,0,0.3125,2,0.3594,2,0.0469,2
11908647.0,657.316957,1144.718708,1802.035665,1847,417,0.00,0.2219,0.1500,8,0,2,922,0.461000,0.0625,2,0.0000,0,0.2969,2,0.1875,2,0.4531,2,0.0469,2,0.5000,2,0.3125,2,0.3594,2,0.0000,0
11908647.0,657.316957,1144.718708,1802.035665,1848,417,0.00,0.2719,0.1500,8,0,2,922,0.461000,0.0625,2,0.0000,0,0.2969,2,0.1875,2,0.4531,2,0.0469,2,0.5000,2,0.8125,2,0.3594,2,0.0000,0
11912665.0,658.607104,1148.958683,1807.565787,1849,418,0.00,0.1125,0.1000,6,0,4,922,0.461000,0.0000,0,0.0000,0,0.1250,2,0.1875,2,0.2813,2,0.0469,2,0.0000,0,0.1875,2,0.2969,2,0.0000,0
11912758.0,658.635375,1149.051683,1807.687058,1850,418,0.00,0.1297,0.1125,7,0,3,923,0.461500,0.0000,0,0.0000,0,0.1250,2,0.1875,2,0.2813,2,0.0469,2,0.0000,0,0.1875,2,0.2969,2,0.1719,2
11913177.0,658.779397,1149.530042,1808.309438,1851,418,0.00,0.1469,0.1250,8,0,2,924,0.462000,0.1719,2,0.0000,0,0.1250,2,0.1875,2,0.2813,2,0.0469,2,0.0000,0,0.1875,2,0.2969,2,0.1719,2
11913464.0,658.885490,1149.880242,1808.765731,1852,418,0.00,0.1516,0.1250,8,0,2,925,0.462500,0.1719,2,0.2188,2,0.1250,2,0.1875,2,0.2813,2,0.0469,2,0.0000,0,0.1875,2,0.2969,2,0.0000,0
11913558.0,658.920691,1149.991275,1808.911966,1853,419,0.00,0.1297,0.1000,7,1,2,925,0.462500,0.0000,1,0.2188,2,0.3438,2,0.1875,2,0.1875,2,0.0469,2,0.0000,0,0.1875,2,0.1250,2,0.0000,0
11913583.0,658.929377,1150.018208,1808.947585,1854,419,0.00,0.1422,0.1125,7,0,3,925,0.462500,0.0000,0,0.2188,2,0.3438,2,0.3125,2,0.1875,2,0.0469,2,0.0000,0,0.1875,2,0.1250,2,0.0000,0
11913779.0,658.997010,1150.231100,1809.228110,1855,419,0.00,0.1422,0.1125,7,0,3,925,0.462500,0.0000,0,0.2188,2,0.3438,2,0.1875,2,0.3125,2,0.0469,2,0.0000,0,0.1875,2,0.1250,2,0.0000,0
11913838.0,659.017793,1150.298458,1809.316251,1856,419,0.00,0.1672,0.1250,7,0,3,925,0.462500,0.0000,0,0.2188,2,0.3438,2,0.1875,2,0.3125,2,0.2969,2,0.0000,0,0.1875,2,0.1250,2,0.0000,0
11914032.0,659.089013,1150.523767,1809.612779,1857,419,0.00,0.1719,0.1250,8,0,2,926,0.463000,0.0000,0,0.2188,2,0.3438,2,0.1875,2,0.1875,2,0.2969,2,0.1719,2,0.1875,2,0.1250,2,0.0000,0
11914328.0,659.209160,1150.903633,1810.112793,1858,420,0.00,0.1891,0.1375,8,0,2,926,0.463000,0.0000,0,0.2188,2,0.3438,2,0.1875,2,0.1875,2,0.2969,2,0.1719,2,0.3594,2,0.1250,2,0.0000,0
11914356.0,659.220899,1150.941667,1810.162566,1859,420,0.00,0.1938,0.1500,8,0,2,926,0.463000,0.0000,0,0.2188,2,0.3438,2,0.1875,2,0.1875,2,0.2969,2,0.1719,2,0.3594,2,0.1719,2,0.0000,0
11914361.0,659.223514,1150.948833,1810.172347,1860,420,0.00,0.2109,0.1625,9,0,1,927,0.463500,0.0000,0,0.2188,2,0.3438,2,0.1875,2,0.1875,2,0.2969,2,0.1719,2,0.3594,2,0.1719,2,0.1719,2
11914881.0,659.428414,1151.642208,1811.070623,1861,420,0.00,0.1813,0.1500,8,0,2,928,0.464000,0.0469,2,0.2188,2,0.3438,2,0.1875,2,0.1875,2,0.2969,2,0.0000,0,0.3594,2,0.1719,2,0.0000,0
11915052.0,659.499070,1151.887308,1811.386379,1862,421,0.00,0.1984,0.1625,8,0,2,928,0.464000,0.0469,2,0.3906,2,0.3438,2,0.1875,2,0.1875,2,0.2969,2,0.0000,0,0.3594,2,0.1719,2,0.0000,0
11915459.0,659.651631,1152.405750,1812.057381,1863,421,0.00,0.1609,0.1375,7,0,3,928,0.464000,0.0000,0,0.3906,2,0.1875,2,0.1875,2,0.1875,2,0.2969,2,0.0000,0,0.1875,2,0.1719,2,0.0000,0
11919723.0,660.809202,1156.042600,1816.851802,1864,421,0.00,0.1000,0.0875,5,0,5,928,0.464000,0.0000,0,0.0000,0,0.1875,2,0.3125,2,0.1875,2,0.0000,0,0.0000,0,0.1875,2,0.1250,2,0.0000,0
11920139.0,660.914121,1156.380017,1817.294138,1865,422,0.00,0.1047,0.0875,5,0,5,928,0.464000,0.0000,0,0.0000,0,0.1875,2,0.1875,2,0.3594,2,0.0000,0,0.0000,0,0.1875,2,0.1250,2,0.0000,0
11920190.0,660.927982,1156.423792,1817.351774,1866,422,0.00,0.1266,0.1000,6,0,4,929,0.464500,0.0000,0,0.0000,0,0.1875,2,0.1875,2,0.3594,2,0.2188,2,0.0000,0,0.1875,2,0.1250,2,0.0000,0
11920288.0,660.958818,1156.521792,1817.480610,1867,422,0.00,0.1438,0.1125,7,0,3,930,0.465000,0.0000,0,0.0000,0,0.1875,2,0.1875,2,0.3594,2,0.2188,2,0.1719,2,0.1875,2,0.1250,2,0.0000,0
11920397.0,660.997347,1156.646233,1817.643580,1868,423,0.00,0.1609,0.1250,7,0,3,930,0.465000,0.0000,0,0.0000,0,0.1875,2,0.1875,2,0.3594,2,0.2188,2,0.1719,2,0.3594,2,0.1250,2,0.0000,0
11920878.0,661.173115,1157.227625,1818.400740,1869,424,0.00,0.1719,0.1250,7,0,3,930,0.465000,0.0000,0,0.0000,0,0.1875,2,0.1875,2,0.1875,2,0.2188,2,0.1719,2,0.3594,2,0.4063,2,0.0000,0
11921015.0,661.223353,1157.388533,1818.611886,1870,424,0.00,0.1609,0.1250,8,0,2,931,0.465500,0.0000,0,0.0000,0,0.1875,2,0.1875,2,0.1875,2,0.2188,2,0.1719,2,0.3594,2,0.1250,2,0.1719,2
11921106.0,661.260016,1157.505317,1818.765333,1871,424,0.00,0.1781,0.1375,9,0,1,932,0.466000,0.1719,2,0.0000,0,0.1875,2,0.1875,2,0.1875,2,0.2188,2,0.1719,2,0.3594,2,0.1250,2,0.1719,2
11921473.0,661.409605,1157.985808,1819.395413,1872,424,0.00,0.1672,0.1375,9,0,1,933,0.466500,0.0000,0,0.0625,2,0.1875,2,0.1875,2,0.1875,2,0.2188,2,0.1719,2,0.3594,2,0.1250,2,0.1719,2
11921845.0,661.555402,1158.469883,1820.025285,1873,424,0.00,0.1500,0.1375,8,0,2,933,0.466500,0.0000,0,0.0625,2,0.2344,2,0.1875,2,0.1875,2,0.0000,0,0.1719,2,0.3594,2,0.1250,2,0.1719,2
11922047.0,661.631941,1158.724992,1820.356933,1874,425,0.00,0.1531,0.1125,8,0,2,933,0.466500,0.0000,0,0.0625,2,0.1875,2,0.4375,2,0.1875,2,0.0000,0,0.1719,2,0.1875,2,0.1250,2,0.1719,2
11922578.0,661.820926,1159.308267,1821.129193,1875,426,0.00,0.1172,0.1125,7,0,3,933,0.466500,0.0000,0,0.0625,2,0.1875,2,0.1875,2,0.2500,2,0.0000,0,0.0000,0,0.1875,2,0.1250,2,0.1719,2
11923023.0,661.969528,1159.816308,1821.785836,1876,426,0.00,0.1234,0.1250,8,0,2,934,0.467000,0.0000,0,0.0625,2,0.1875,2,0.1875,2,0.2500,2,0.0625,2,0.0000,0,0.1875,2,0.1250,2,0.1719,2
11923169.0,662.023789,1160.003675,1822.027464,1877,426,0.00,0.1406,0.1375,9,0,1,935,0.467500,0.0000,0,0.0625,2,0.1875,2,0.1875,2,0.2500,2,0.0625,2,0.1719,2,0.1875,2,0.1250,2,0.1719,2
11930472.0,664.263637,1167.363108,1831.626745,1878,427,0.00,0.1109,0.1000,6,0,4,935,0.467500,0.0000,0,0.0625,2,0.1250,2,0.1875,2,0.2500,2,0.0000,0,0.0000,0,0.3594,2,0.1250,2,0.0000,0
11930517.0,664.277019,1167.408108,1831.685128,1879,428,0.00,0.1281,0.1125,6,0,4,935,0.467500,0.0000,0,0.0625,2,0.1250,2,0.1875,2,0.2500,2,0.0000,0,0.0000,0,0.3594,2,0.2969,2,0.0000,0
11930571.0,664.293766,1167.463158,1831.756924,1880,428,0.00,0.1281,0.1125,7,0,3,936,0.468000,0.0000,0,0.0625,2,0.1250,2,0.1875,2,0.2500,2,0.0000,0,0.0000,0,0.1875,2,0.2969,2,0.1719,2
11931262.0,664.515829,1168.183200,1832.699029,1881,428,0.00,0.1438,0.0875,7,0,3,937,0.468500,0.5000,2,0.0625,2,0.1250,2,0.1875,2,0.2500,2,0.0000,0,0.0000,0,0.1875,2,0.1250,2,0.0000,0
11931262.0,664.515829,1168.183200,1832.699029,1882,428,0.00,0.1938,0.0875,7,0,3,937,0.468500,0.5000,2,0.5625,2,0.1250,2,0.1875,2,0.2500,2,0.0000,0,0.0000,0,0.1875,2,0.1250,2,0.0000,0
11931412.0,664.574683,1168.331950,1832.906633,1883,429,0.00,0.2109,0.1000,7,0,3,937,0.468500,0.5000,2,0.5625,2,0.2969,2,0.1875,2,0.2500,2,0.0000,0,0.0000,0,0.1875,2,0.1250,2,0.0000,0
11931730.0,664.671764,1168.652283,1833.324047,1884,429,0.00,0.1234,0.1125,6,0,4,937,0.468500,0.0000,0,0.0625,2,0.2969,2,0.3125,2,0.2500,2,0.0000,0,0.0000,0,0.1875,2,0.1250,2,0.0000,0
11932199.0,664.807681,1169.104333,1833.912015,1885,429,0.00,0.1438,0.0875,6,0,4,937,0.468500,0.0000,0,0.0625,2,0.1250,2,0.1875,2,0.7500,2,0.0000,0,0.0000,0,0.1875,2,0.1250,2,0.0000,0
11932200.0,664.808504,1169.105258,1833.913763,1886,429,0.00,0.1938,0.0875,7,0,3,938,0.469000,0.0000,0,0.0625,2,0.1250,2,0.1875,2,0.7500,2,0.5000,2,0.0000,0,0.1875,2,0.1250,2,0.0000,0
11932418.0,664.889209,1169.318975,1834.208184,1887,429,0.00,0.1063,0.1000,7,0,3,939,0.469500,0.0000,0,0.0625,2,0.1250,2,0.1875,2,0.2500,2,0.0000,0,0.1250,2,0.1875,2,0.1250,2,0.0000,0
11933176.0,665.112265,1170.046208,1835.158474,1888,430,0.00,0.1109,0.1000,6,0,4,939,0.469500,0.0000,0,0.0625,2,0.1250,2,0.1875,2,0.2500,2,0.0000,0,0.0000,0,0.3594,2,0.1250,2,0.0000,0
11933564.0,665.227655,1170.434208,1835.661863,1889,431,0.00,0.1125,0.1125,6,0,4,939,0.469500,0.0000,0,0.0625,2,0.1250,2,0.1875,2,0.2500,2,0.0000,0,0.0000,0,0.3594,2,0.1406,2,0.0000,0
11933936.0,665.339238,1170.834108,1836.173347,1890,431,0.00,0.1313,0.1125,7,0,3,940,0.470000,0.0000,0,0.0625,2,0.1250,2,0.1875,2,0.2500,2,0.0000,0,0.0000,0,0.3594,2,0.1406,2,0.1875,2
11934144.0,665.408538,1171.056425,1836.464963,1891,431,0.00,0.1328,0.1000,8,0,2,941,0.470500,0.1875,2,0.0625,2,0.1250,2,0.1875,2,0.2500,2,0.0000,0,0.0000,0,0.1875,2,0.1406,2,0.1875,2
11934194.0,665.427314,1171.113092,1836.540406,1892,431,0.00,0.1609,0.1125,8,0,2,941,0.470500,0.1875,2,0.3438,2,0.1250,2,0.1875,2,0.2500,2,0.0000,0,0.0000,0,0.1875,2,0.1406,2,0.1875,2
11934334.0,665.480210,1171.278858,1836.759068,1893,432,0.00,0.1594,0.1250,7,0,3,941,0.470500,0.0000,0,0.3438,2,0.2969,2,0.1875,2,0.2500,2,0.0000,0,0.0000,0,0.1875,2,0.1406,2,0.1875,2
11934397.0,665.503244,1171.355508,1836.858753,1894,433,0.00,0.1766,0.1375,7,0,3,941,0.470500,0.0000,0,0.3438,2,0.2969,2,0.3594,2,0.2500,2,0.0000,0,0.0000,0,0.1875,2,0.1406,2,0.1875,2
11934513.0,665.546960,1171.505342,1837.052301,1895,433,0.00,0.1625,0.1500,6,1,3,941,0.470500,0.0000,0,0.3438,2,0.2969,2,0.3594,2,0.2969,2,0.0000,0,0.0000,0,0.1875,2,0.1406,2,0.0000,1
11934607.0,665.579582,1171.628408,1837.207990,1896,433,0.00,0.1750,0.1625,7,0,3,942,0.471000,0.0000,0,0.3438,2,0.2969,2,0.3594,2,0.2969,2,0.1250,2,0.0000,0,0.1875,2,0.1406,2,0.0000,0
11935364.0,665.838339,1172.544325,1838.382664,1897,433,0.00,0.1125,0.1250,8,0,2,943,0.471500,0.0000,0,0.0625,2,0.1250,2,0.1875,2,0.2969,2,0.1250,2,0.0156,2,0.1875,2,0.1250,2,0.0000,0
11935530.0,665.898053,1172.757358,1838.655411,1898,434,0.00,0.1297,0.1375,8,0,2,943,0.471500,0.0000,0,0.0625,2,0.1250,2,0.1875,2,0.2969,2,0.1250,2,0.0156,2,0.3594,2,0.1250,2,0.0000,0
11935673.0,665.951405,1172.951600,1838.903005,1899,435,0.00,0.1578,0.1500,8,0,2,943,0.471500,0.0000,0,0.0625,2,0.1250,2,0.1875,2,0.2969,2,0.1250,2,0.0156,2,0.3594,2,0.4063,2,0.0000,0
11935768.0,665.989164,1173.086867,1839.076031,1900,435,0.00,0.1578,0.1500,9,0,1,944,0.472000,0.0000,0,0.0625,2,0.1250,2,0.1875,2,0.2969,2,0.1250,2,0.0156,2,0.3594,2,0.1250,2,0.2813,2
11936423.0,666.259020,1174.043600,1840.302620,1901,435,0.00,0.1469,0.1500,9,0,1,945,0.472500,0.1719,2,0.0625,2,0.1250,2,0.1875,2,0.2969,2,0.1250,2,0.0156,2,0.3594,2,0.1250,2,0.0000,0
11936457.0,666.273199,1174.094600,1840.367799,1902,435,0.00,0.1656,0.1500,9,0,1,945,0.472500,0.1719,2,0.2500,2,0.1250,2,0.1875,2,0.2969,2,0.1250,2,0.0156,2,0.3594,2,0.1250,2,0.0000,0
11936563.0,666.318948,1174.253600,1840.572548,1903,436,0.00,0.1828,0.1625,9,0,1,945,0.472500,0.1719,2,0.2500,2,0.2969,2,0.1875,2,0.2969,2,0.1250,2,0.0156,2,0.3594,2,0.1250,2,0.0000,0
11936661.0,666.362105,1174.403858,1840.765964,1904,437,0.00,0.1984,0.1625,8,0,2,945,0.472500,0.1719,2,0.2500,2,0.2969,2,0.3594,2,0.2969,2,0.1250,2,0.0000,0,0.3594,2,0.1250,2,0.0000,0
11936716.0,666.385566,1174.486817,1840.872383,1905,438,0.00,0.2156,0.1750,8,0,2,945,0.472500,0.1719,2,0.2500,2,0.2969,2,0.3594,2,0.4688,2,0.1250,2,0.0000,0,0.3594,2,0.1250,2,0.0000,0
11936811.0,666.427360,1174.637233,1841.064593,1906,439,0.00,0.2328,0.1875,8,0,2,945,0.472500,0.1719,2,0.2500,2,0.2969,2,0.3594,2,0.4688,2,0.2969,2,0.0000,0,0.3594,2,0.1250,2,0.0000,0
11937019.0,666.519390,1174.982167,1841.501556,1907,439,0.00,0.2422,0.2000,9,0,1,946,0.473000,0.1719,2,0.0625,2,0.2969,2,0.3594,2,0.4688,2,0.2969,2,0.2813,2,0.3594,2,0.1250,2,0.0000,0
11937392.0,666.688241,1175.586100,1842.274341,1908,440,0.00,0.1813,0.1625,8,0,2,946,0.473000,0.1719,2,0.0625,2,0.1250,2,0.3594,2,0.2969,2,0.1250,2,0.0000,0,0.5469,2,0.1250,2,0.0000,0
11984455.0,680.117977,1218.734875,1898.852852,1909,441,0.00,0.1047,0.0875,6,0,4,946,0.473000,0.0000,0,0.0625,2,0.1250,2,0.1875,2,0.1875,2,0.0000,0,0.0000,0,0.1875,2,0.2969,2,0.0000,0
11984498.0,680.131056,1218.774650,1898.905706,1910,441,0.00,0.1219,0.1000,7,0,3,947,0.473500,0.0000,0,0.0625,2,0.1250,2,0.1875,2,0.1875,2,0.0000,0,0.0000,0,0.1875,2,0.2969,2,0.1719,2
11984555.0,680.150734,1218.835450,1898.986184,1911,441,0.00,0.1391,0.1125,8,0,2,948,0.474000,0.1719,2,0.0625,2,0.1250,2,0.1875,2,0.1875,2,0.0000,0,0.0000,0,0.1875,2,0.2969,2,0.1719,2
11985241.0,680.385448,1219.578817,1899.964265,1912,441,0.00,0.1281,0.1125,7,0,3,948,0.474000,0.0000,0,0.1250,2,0.1250,2,0.1875,2,0.1875,2,0.0000,0,0.0000,0,0.1875,2,0.2969,2,0.1719,2
11986187.0,680.683684,1220.566408,1901.250092,1913,442,0.00,0.1063,0.1000,6,0,4,948,0.474000,0.0000,0,0.1250,2,0.2500,2,0.1875,2,0.1875,2,0.0000,0,0.0000,0,0.1875,2,0.1250,2,0.0000,0
11986558.0,680.792665,1220.937408,1901.730073,1914,443,0.00,0.1203,0.1125,6,0,4,948,0.474000,0.0000,0,0.1250,2,0.2500,2,0.3281,2,0.1875,2,0.0000,0,0.0000,0,0.1875,2,0.1250,2,0.0000,0
11986916.0,680.901743,1221.322258,1902.224001,1915,444,0.00,0.1484,0.1250,6,0,4,948,0.474000,0.0000,0,0.1250,2,0.2500,2,0.3281,2,0.4688,2,0.0000,0,0.0000,0,0.1875,2,0.1250,2,0.0000,0
11987116.0,680.966462,1221.548508,1902.514970,1916,444,0.00,0.1375,0.1250,7,0,3,949,0.474500,0.0000,0,0.1250,2,0.2500,2,0.3281,2,0.1875,2,0.1719,2,0.0000,0,0.1875,2,0.1250,2,0.0000,0
11987505.0,681.087120,1221.960600,1903.047720,1917,444,0.00,0.1109,0.1000,7,0,3,950,0.475000,0.0000,0,0.1250,2,0.1250,2,0.1875,2,0.1875,2,0.0000,0,0.1719,2,0.1875,2,0.1250,2,0.0000,0
11987556.0,681.103846,1222.015000,1903.118846,1918,444,0.00,0.1172,0.1125,7,0,3,950,0.475000,0.0000,0,0.1250,2,0.1250,2,0.1875,2,0.1875,2,0.0000,0,0.1719,2,0.2500,2,0.1250,2,0.0000,0
11987584.0,681.113165,1222.046967,1903.160131,1919,445,0.00,0.1234,0.1250,7,0,3,950,0.475000,0.0000,0,0.1250,2,0.1250,2,0.1875,2,0.1875,2,0.0000,0,0.1719,2,0.2500,2,0.1875,2,0.0000,0
11987613.0,681.123457,1222.082250,1903.205707,1920,445,0.00,0.1406,0.1375,8,0,2,951,0.475500,0.0000,0,0.1250,2,0.1250,2,0.1875,2,0.1875,2,0.0000,0,0.1719,2,0.2500,2,0.1875,2,0.1719,2
11987650.0,681.138076,1222.132508,1903.270585,1921,445,0.00,0.1578,0.1500,9,0,1,952,0.476000,0.1719,2,0.1250,2,0.1250,2,0.1875,2,0.1875,2,0.0000,0,0.1719,2,0.2500,2,0.1875,2,0.1719,2
11987742.0,681.177127,1222.269008,1903.446135,1922,446,0.00,0.1688,0.1500,9,0,1,952,0.476000,0.1719,2,0.2969,2,0.1250,2,0.1875,2,0.1875,2,0.0000,0,0.1719,2,0.2500,2,0.1250,2,0.1719,2
11987836.0,681.217926,1222.410008,1903.627934,1923,447,0.00,0.1859,0.1625,9,0,1,952,0.476000,0.1719,2,0.2969,2,0.2969,2,0.1875,2,0.1875,2,0.0000,0,0.1719,2,0.2500,2,0.1250,2,0.1719,2
11991997.0,682.653826,1227.350733,1910.004559,1924,447,0.00,0.1000,0.1000,6,0,4,952,0.476000,0.0000,0,0.1250,2,0.1250,2,0.2500,2,0.1875,2,0.0000,0,0.0000,0,0.1875,2,0.1250,2,0.0000,0
11992122.0,682.689937,1227.475733,1910.165670,1925,448,0.00,0.1172,0.1125,6,0,4,952,0.476000,0.0000,0,0.1250,2,0.1250,2,0.2500,2,0.3594,2,0.0000,0,0.0000,0,0.1875,2,0.1250,2,0.0000,0
11992126.0,682.691646,1227.480033,1910.171679,1926,448,0.00,0.1344,0.1250,7,0,3,953,0.476500,0.0000,0,0.1250,2,0.1250,2,0.2500,2,0.3594,2,0.1719,2,0.0000,0,0.1875,2,0.1250,2,0.0000,0
11992210.0,682.721225,1227.582233,1910.303458,1927,448,0.00,0.1406,0.1375,8,0,2,954,0.477000,0.0000,0,0.1250,2,0.1250,2,0.2500,2,0.3594,2,0.1719,2,0.0625,2,0.1875,2,0.1250,2,0.0000,0
11992226.0,682.727330,1227.603967,1910.331297,1928,448,0.00,0.1531,0.1500,8,0,2,954,0.477000,0.0000,0,0.1250,2,0.1250,2,0.2500,2,0.3594,2,0.1719,2,0.0625,2,0.3125,2,0.1250,2,0.0000,0
11992394.0,682.793072,1227.844767,1910.637839,1929,448,0.00,0.1578,0.1625,8,0,2,954,0.477000,0.0000,0,0.1250,2,0.1250,2,0.2500,2,0.3594,2,0.1719,2,0.0625,2,0.3125,2,0.1719,2,0.0000,0
11992397.0,682.794757,1227.849292,1910.644049,1930,448,0.00,0.1703,0.1750,9,0,1,955,0.477500,0.0000,0,0.1250,2,0.1250,2,0.2500,2,0.3594,2,0.1719,2,0.0625,2,0.3125,2,0.1719,2,0.1250,2
11992619.0,682.891881,1228.215592,1911.107473,1931,448,0.00,0.1875,0.1875,10,0,0,956,0.478000,0.1719,2,0.1250,2,0.1250,2,0.2500,2,0.3594,2,0.1719,2,0.0625,2,0.3125,2,0.1719,2,0.1250,2
11992625.0,682.894756,1228.226342,1911.121098,1932,449,0.00,0.2047,0.2000,10,0,0,956,0.478000,0.1719,2,0.2969,2,0.1250,2,0.2500,2,0.3594,2,0.1719,2,0.0625,2,0.3125,2,0.1719,2,0.1250,2
11993199.0,683.177281,1229.293908,1912.471190,1933,450,0.00,0.2188,0.2000,10,0,0,956,0.478000,0.1719,2,0.2969,2,0.3125,2,0.2500,2,0.3594,2,0.1719,2,0.0625,2,0.3125,2,0.1250,2,0.1250,2
11993551.0,683.354503,1229.950975,1913.305478,1934,451,0.00,0.2359,0.2125,10,0,0,956,0.478000,0.1719,2,0.2969,2,0.3125,2,0.4219,2,0.3594,2,0.1719,2,0.0625,2,0.3125,2,0.1250,2,0.1250,2
11994319.0,683.684115,1231.186942,1914.871057,1935,452,0.00,0.1844,0.1750,8,0,2,956,0.478000,0.0000,0,0.1250,2,0.3125,2,0.4219,2,0.3594,2,0.0000,0,0.0625,2,0.3125,2,0.1250,2,0.1250,2
11994419.0,683.726178,1231.345275,1915.071453,1936,452,0.00,0.2016,0.1875,9,0,1,957,0.478500,0.0000,0,0.1250,2,0.3125,2,0.4219,2,0.3594,2,0.1719,2,0.0625,2,0.3125,2,0.1250,2,0.1250,2
11994451.0,683.740883,1231.400475,1915.141358,1937,452,0.00,0.2188,0.2000,9,0,1,957,0.478500,0.0000,0,0.1250,2,0.3125,2,0.4219,2,0.3594,2,0.1719,2,0.2344,2,0.3125,2,0.1250,2,0.1250,2
11994478.0,683.753652,1231.449075,1915.202727,1938,452,0.00,0.2281,0.2125,9,0,1,957,0.478500,0.0000,0,0.1250,2,0.3125,2,0.4219,2,0.3594,2,0.1719,2,0.2344,2,0.4063,2,0.1250,2,0.1250,2
11994843.0,683.919864,1232.078833,1915.998697,1939,453,0.00,0.1984,0.1875,8,0,2,957,0.478500,0.0000,0,0.1250,2,0.3125,2,0.4219,2,0.3594,2,0.0000,0,0.0625,2,0.2813,2,0.2969,2,0.1250,2
11995067.0,684.006435,1232.409100,1916.415535,1940,454,0.00,0.1891,0.1750,7,0,3,957,0.478500,0.0000,0,0.1250,2,0.3125,2,0.4219,2,0.1875,2,0.0000,0,0.0000,0,0.2813,2,0.2969,2,0.2656,2
11998943.0,685.165445,1236.331675,1921.497120,1941,454,0.00,0.1281,0.0875,6,0,4,958,0.479000,0.2813,2,0.0000,0,0.3125,2,0.1875,2,0.1875,2,0.0000,0,0.0000,0,0.1875,2,0.1250,2,0.0000,0
11999071.0,685.205723,1236.450075,1921.655798,1942,454,0.00,0.1453,0.1000,7,0,3,959,0.479500,0.2813,2,0.1719,2,0.3125,2,0.1875,2,0.1875,2,0.0000,0,0.0000,0,0.1875,2,0.1250,2,0.0000,0
11999101.0,685.216364,1236.482075,1921.698439,1943,455,0.00,0.1625,0.1125,7,0,3,959,0.479500,0.2813,2,0.1719,2,0.4844,2,0.1875,2,0.1875,2,0.0000,0,0.0000,0,0.1875,2,0.1250,2,0.0000,0
11999620.0,685.400970,1237.048458,1922.449428,1944,456,0.00,0.1531,0.1000,6,0,4,959,0.479500,0.2813,2,0.0000,0,0.3125,2,0.4375,2,0.1875,2,0.0000,0,0.0000,0,0.1875,2,0.1250,2,0.0000,0
12000287.0,685.602159,1237.663483,1923.265643,1945,457,0.00,0.1531,0.1000,5,0,5,959,0.479500,0.0000,0,0.0000,0,0.3125,2,0.4375,2,0.4688,2,0.0000,0,0.0000,0,0.1875,2,0.1250,2,0.0000,0
12000332.0,685.616144,1237.705483,1923.321627,1946,458,0.00,0.1719,0.1125,6,0,4,960,0.480000,0.0000,0,0.0000,0,0.3125,2,0.4375,2,0.4688,2,0.1875,2,0.0000,0,0.1875,2,0.1250,2,0.0000,0
12000385.0,685.634553,1237.760583,1923.395136,1947,458,0.00,0.1703,0.1125,6,1,3,961,0.480500,0.0000,0,0.0000,0,0.3125,2,0.4375,2,0.4688,2,0.0000,1,0.1719,2,0.1875,2,0.1250,2,0.0000,0
12000510.0,685.677653,1237.895292,1923.572945,1948,459,0.00,0.1875,0.1250,6,0,4,961,0.480500,0.0000,0,0.0000,0,0.3125,2,0.4375,2,0.4688,2,0.0000,0,0.1719,2,0.3594,2,0.1250,2,0.0000,0
12000511.0,685.678010,1237.896442,1923.574452,1949,460,0.00,0.2047,0.1375,6,0,4,961,0.480500,0.0000,0,0.0000,0,0.3125,2,0.4375,2,0.4688,2,0.0000,0,0.1719,2,0.3594,2,0.2969,2,0.0000,0
12000541.0,685.689619,1237.933192,1923.622811,1950,460,0.00,0.2172,0.1500,7,0,3,962,0.481000,0.0000,0,0.0000,0,0.3125,2,0.4375,2,0.4688,2,0.0000,0,0.1719,2,0.3594,2,0.2969,2,0.1250,2
12000600.0,685.714344,1238.013825,1923.728169,1951,460,0.00,0.2344,0.1625,8,0,2,963,0.481500,0.1719,2,0.0000,0,0.3125,2,0.4375,2,0.4688,2,0.0000,0,0.1719,2,0.3594,2,0.2969,2,0.1250,2
12001087.0,685.928624,1238.722433,1924.651057,1952,460,0.00,0.2344,0.1625,9,0,1,964,0.482000,0.1719,2,0.2813,2,0.3125,2,0.4375,2,0.1875,2,0.0000,0,0.1719,2,0.3594,2,0.2969,2,0.1250,2
12001136.0,685.952392,1238.799608,1924.752000,1953,461,0.00,0.2516,0.1750,9,0,1,964,0.482000,0.1719,2,0.2813,2,0.4844,2,0.4375,2,0.1875,2,0.0000,0,0.1719,2,0.3594,2,0.2969,2,0.1250,2
12001169.0,685.968337,1238.852333,1924.820671,1954,462,0.00,0.2469,0.1625,8,1,1,964,0.482000,0.1719,2,0.0000,1,0.4844,2,0.6719,2,0.1875,2,0.0000,0,0.1719,2,0.3594,2,0.2969,2,0.1250,2
12001774.0,686.185972,1239.555392,1925.741364,1955,463,0.00,0.1547,0.1125,6,0,4,964,0.482000,0.0000,0,0.0000,0,0.3125,2,0.4375,2,0.3594,2,0.0000,0,0.0000,0,0.1875,2,0.1250,2,0.1250,2
12001841.0,686.208678,1239.627417,1925.836094,1956,463,0.00,0.1719,0.1250,7,0,3,965,0.482500,0.0000,0,0.0000,0,0.3125,2,0.4375,2,0.3594,2,0.1719,2,0.0000,0,0.1875,2,0.1250,2,0.1250,2
12001925.0,686.240707,1239.729617,1925.970323,1957,463,0.00,0.1891,0.1375,8,0,2,966,0.483000,0.0000,0,0.0000,0,0.3125,2,0.4375,2,0.3594,2,0.1719,2,0.1719,2,0.1875,2,0.1250,2,0.1250,2
12001951.0,686.251608,1239.764933,1926.016541,1958,464,0.00,0.2063,0.1500,8,0,2,966,0.483000,0.0000,0,0.0000,0,0.3125,2,0.4375,2,0.3594,2,0.1719,2,0.1719,2,0.3594,2,0.1250,2,0.1250,2
12001952.0,686.252040,1239.766367,1926.018407,1959,465,0.00,0.2234,0.1625,8,0,2,966,0.483000,0.0000,0,0.0000,0,0.3125,2,0.4375,2,0.3594,2,0.1719,2,0.1719,2,0.3594,2,0.2969,2,0.1250,2
12001953.0,686.252486,1239.767875,1926.020361,1960,466,0.00,0.2406,0.1750,8,0,2,966,0.483000,0.0000,0,0.0000,0,0.3125,2,0.4375,2,0.3594,2,0.1719,2,0.1719,2,0.3594,2,0.2969,2,0.2969,2
12009955.0,688.680473,1247.411092,1936.091564,1961,466,0.00,0.1172,0.0875,6,0,4,967,0.483500,0.1719,2,0.0000,0,0.1250,2,0.4375,2,0.1875,2,0.0000,0,0.0000,0,0.0000,0,0.1250,2,0.1250,2
12010293.0,688.771490,1247.685225,1936.456715,1962,466,0.00,0.1125,0.0875,6,0,4,968,0.484000,0.0000,0,0.1250,2,0.1250,2,0.4375,2,0.1875,2,0.0000,0,0.0000,0,0.0000,0,0.1250,2,0.1250,2
12010439.0,688.815087,1247.820275,1936.635362,1963,466,0.00,0.1172,0.1000,6,0,4,968,0.484000,0.0000,0,0.1250,2,0.1719,2,0.4375,2,0.1875,2,0.0000,0,0.0000,0,0.0000,0,0.1250,2,0.1250,2
12010441.0,688.815692,1247.822275,1936.637967,1964,466,0.00,0.1219,0.1125,6,0,4,968,0.484000,0.0000,0,0.1250,2,0.1719,2,0.4844,2,0.1875,2,0.0000,0,0.0000,0,0.0000,0,0.1250,2,0.1250,2
12010694.0,688.889571,1248.080667,1936.970238,1965,467,0.00,0.1266,0.1125,5,0,5,968,0.484000,0.0000,0,0.0000,0,0.1719,2,0.4844,2,0.3594,2,0.0000,0,0.0000,0,0.0000,0,0.1250,2,0.1250,2
12010740.0,688.902905,1248.127050,1937.029955,1966,467,0.00,0.1313,0.1250,6,0,4,969,0.484500,0.0000,0,0.0000,0,0.1719,2,0.4844,2,0.3594,2,0.0469,2,0.0000,0,0.0000,0,0.1250,2,0.1250,2
12010802.0,688.922823,1248.198350,1937.121173,1967,467,0.00,0.1359,0.1375,7,0,3,970,0.485000,0.0000,0,0.0000,0,0.1719,2,0.4844,2,0.3594,2,0.0469,2,0.0469,2,0.0000,0,0.1250,2,0.1250,2
12010906.0,688.959244,1248.328408,1937.287653,1968,467,0.00,0.1313,0.1250,8,0,2,971,0.485500,0.0000,0,0.0000,0,0.1250,2,0.4375,2,0.3594,2,0.0469,2,0.0469,2,0.0469,2,0.1250,2,0.1250,2
12011032.0,689.006407,1248.490108,1937.496515,1969,467,0.00,0.1359,0.1375,8,0,2,971,0.485500,0.0000,0,0.0000,0,0.1250,2,0.4375,2,0.3594,2,0.0469,2,0.0469,2,0.0469,2,0.1719,2,0.1250,2
12011501.0,689.154754,1248.989583,1938.144337,1970,467,0.00,0.1047,0.0875,5,0,5,971,0.485500,0.0000,0,0.0000,0,0.1250,2,0.4375,2,0.1875,2,0.0000,0,0.0000,0,0.0000,0,0.1250,2,0.1719,2
12011514.0,689.158660,1249.000742,1938.159401,1971,467,0.00,0.1109,0.1000,6,0,4,972,0.486000,0.0625,2,0.0000,0,0.1250,2,0.4375,2,0.1875,2,0.0000,0,0.0000,0,0.0000,0,0.1250,2,0.1719,2
12011591.0,689.181943,1249.077292,1938.259234,1972,467,0.00,0.0906,0.1000,7,0,3,973,0.486500,0.0625,2,0.0469,2,0.1250,2,0.1875,2,0.1875,2,0.0000,0,0.0000,0,0.0000,0,0.1250,2,0.1719,2
12011592.0,689.182255,1249.078358,1938.260613,1973,468,0.00,0.1078,0.1125,7,0,3,973,0.486500,0.0625,2,0.0469,2,0.2969,2,0.1875,2,0.1875,2,0.0000,0,0.0000,0,0.0000,0,0.1250,2,0.1719,2
12011675.0,689.209273,1249.173117,1938.382390,1974,468,0.00,0.1266,0.1250,7,0,3,973,0.486500,0.0625,2,0.0469,2,0.2969,2,0.3750,2,0.1875,2,0.0000,0,0.0000,0,0.0000,0,0.1250,2,0.1719,2
12011768.0,689.239615,1249.277758,1938.517373,1975,469,0.00,0.1453,0.1125,6,0,4,973,0.486500,0.0625,2,0.0000,0,0.2969,2,0.3750,2,0.4688,2,0.0000,0,0.0000,0,0.0000,0,0.1250,2,0.1250,2
12011810.0,689.253728,1249.322908,1938.576637,1976,469,0.00,0.1734,0.1250,7,0,3,974,0.487000,0.0625,2,0.0000,0,0.2969,2,0.3750,2,0.4688,2,0.2813,2,0.0000,0,0.0000,0,0.1250,2,0.1250,2
12011854.0,689.270797,1249.376442,1938.647239,1977,469,0.00,0.1781,0.1375,8,0,2,975,0.487500,0.0625,2,0.0000,0,0.2969,2,0.3750,2,0.4688,2,0.2813,2,0.0469,2,0.0000,0,0.1250,2,0.1250,2
12011922.0,689.298975,1249.467383,1938.766359,1978,469,0.00,0.1891,0.1375,9,0,1,976,0.488000,0.0625,2,0.0000,0,0.1250,2,0.3750,2,0.4688,2,0.2813,2,0.0469,2,0.2813,2,0.1250,2,0.1250,2
12012178.0,689.407094,1249.800483,1939.207577,1979,470,0.00,0.1953,0.1250,7,0,3,976,0.488000,0.0000,0,0.0000,0,0.1250,2,0.3750,2,0.4688,2,0.2813,2,0.0000,0,0.2813,2,0.2969,2,0.1250,2
12012218.0,689.422837,1249.849150,1939.271987,1980,471,0.00,0.2125,0.1375,7,0,3,976,0.488000,0.0000,0,0.0000,0,0.1250,2,0.3750,2,0.4688,2,0.2813,2,0.0000,0,0.2813,2,0.2969,2,0.2969,2
12012253.0,689.437580,1249.894358,1939.331938,1981,471,0.00,0.2297,0.1500,8,0,2,977,0.488500,0.1719,2,0.0000,0,0.1250,2,0.3750,2,0.4688,2,0.2813,2,0.0000,0,0.2813,2,0.2969,2,0.2969,2
12012507.0,689.552600,1250.258425,1939.811025,1982,471,0.00,0.2344,0.1625,9,0,1,978,0.489000,0.1719,2,0.0469,2,0.1250,2,0.3750,2,0.4688,2,0.2813,2,0.0000,0,0.2813,2,0.2969,2,0.2969,2
12012666.0,689.626553,1250.499800,1940.126353,1983,471,0.00,0.2109,0.1625,8,0,2,978,0.489000,0.1719,2,0.0469,2,0.1719,2,0.3750,2,0.4688,2,0.2813,2,0.0000,0,0.0000,0,0.2969,2,0.2969,2
12024110.0,692.596666,1259.759442,1952.356108,1984,472,0.00,0.1125,0.0875,5,0,5,978,0.489000,0.0000,0,0.0000,0,0.1250,2,0.5625,2,0.1875,2,0.0000,0,0.0000,0,0.0000,0,0.1250,2,0.1250,2
12024299.0,692.647329,1259.921667,1952.568995,1985,473,0.00,0.1406,0.1000,5,0,5,978,0.489000,0.0000,0,0.0000,0,0.1250,2,0.5625,2,0.4688,2,0.0000,0,0.0000,0,0.0000,0,0.1250,2,0.1250,2
12024302.0,692.648699,1259.924467,1952.573165,1986,473,0.00,0.1594,0.1000,6,0,4,979,0.489500,0.0000,0,0.0000,0,0.1250,2,0.5625,2,0.4688,2,0.1875,2,0.0000,0,0.0000,0,0.1250,2,0.1250,2
12024305.0,692.650204,1259.927467,1952.577670,1987,473,0.00,0.1781,0.1000,7,0,3,980,0.490000,0.0000,0,0.0000,0,0.1250,2,0.5625,2,0.4688,2,0.1875,2,0.1875,2,0.0000,0,0.1250,2,0.1250,2
12024331.0,692.660589,1259.955200,1952.615789,1988,473,0.00,0.1969,0.1000,8,0,2,981,0.490500,0.0000,0,0.0000,0,0.1250,2,0.5625,2,0.4688,2,0.1875,2,0.1875,2,0.1875,2,0.1250,2,0.1250,2
12024333.0,692.661440,1259.957467,1952.618907,1989,473,0.00,0.2094,0.1125,8,0,2,981,0.490500,0.0000,0,0.0000,0,0.1250,2,0.5625,2,0.4688,2,0.1875,2,0.1875,2,0.1875,2,0.2500,2,0.1250,2
12024449.0,692.709480,1260.089308,1952.798788,1990,473,0.00,0.1859,0.1125,8,0,2,981,0.490500,0.0000,0,0.0000,0,0.1250,2,0.5625,2,0.1875,2,0.1875,2,0.1875,2,0.1875,2,0.2500,2,0.1719,2
12024484.0,692.724569,1260.131600,1952.856169,1991,473,0.00,0.2031,0.1250,9,0,1,982,0.491000,0.1719,2,0.0000,0,0.1250,2,0.5625,2,0.1875,2,0.1875,2,0.1875,2,0.1875,2,0.2500,2,0.1719,2
12024526.0,692.744032,1260.185300,1952.929332,1992,473,0.00,0.2078,0.1250,10,0,0,983,0.491500,0.1719,2,0.1719,2,0.1250,2,0.5625,2,0.1875,2,0.1875,2,0.1875,2,0.1875,2,0.1250,2,0.1719,2
12024851.0,692.872493,1260.579217,1953.451709,1993,474,0.00,0.1703,0.1250,7,0,3,983,0.491500,0.1719,2,0.0000,0,0.2969,2,0.5625,2,0.1875,2,0.0000,0,0.1875,2,0.0000,0,0.1250,2,0.1719,2
12024851.0,692.872493,1260.579217,1953.451709,1994,475,0.00,0.1875,0.1375,7,0,3,983,0.491500,0.1719,2,0.0000,0,0.2969,2,0.7344,2,0.1875,2,0.0000,0,0.1875,2,0.0000,0,0.1250,2,0.1719,2
12025325.0,693.018003,1261.086958,1954.104961,1995,476,0.00,0.1344,0.1125,5,0,5,983,0.491500,0.0000,0,0.0000,0,0.1250,2,0.5625,2,0.3594,2,0.0000,0,0.0000,0,0.0000,0,0.1250,2,0.1719,2
12026314.0,693.297075,1262.015050,1955.312125,1996,476,0.00,0.1469,0.1125,6,0,4,984,0.492000,0.0000,0,0.0000,0,0.1250,2,0.5625,2,0.3594,2,0.1719,2,0.0000,0,0.0000,0,0.1250,2,0.1250,2
12026427.0,693.334339,1262.136525,1955.470864,1997,476,0.00,0.1969,0.1125,7,0,3,985,0.492500,0.0000,0,0.0000,0,0.1250,2,0.5625,2,0.3594,2,0.1719,2,0.5000,2,0.0000,0,0.1250,2,0.1250,2
12026564.0,693.388926,1262.292933,1955.681859,1998,476,0.00,0.2094,0.1250,8,0,2,986,0.493000,0.0000,0,0.0000,0,0.1250,2,0.5625,2,0.3594,2,0.1719,2,0.5000,2,0.1250,2,0.1250,2,0.1250,2
12026951.0,693.527103,1262.747875,1956.274978,1999,477,0.00,0.1422,0.1125,6,0,4,986,0.493000,0.0000,0,0.0000,0,0.1250,2,0.5625,2,0.1875,2,0.0000,0,0.0000,0,0.1250,2,0.2969,2,0.1250,2
12027059.0,693.561847,1262.863975,1956.425822,2000,478,0.00,0.1594,0.1250,6,0,4,986,0.493000,0.0000,0,0.0000,0,0.1250,2,0.5625,2,0.1875,2,0.0000,0,0.0000,0,0.1250,2,0.2969,2,0.2969,2
12027059.0,693.562347,1262.863975,1956.426322,2001,478,0.00,0.1766,0.1375,7,0,3,987,0.493500,0.1719,2,0.0000,0,0.1250,2,0.5625,2,0.1875,2,0.0000,0,0.0000,0,0.1250,2,0.2969,2,0.2969,2
12027062.0,693.563984,1262.867850,1956.431834,2002,478,0.00,0.1938,0.1500,8,0,2,988,0.494000,0.1719,2,0.1719,2,0.1250,2,0.5625,2,0.1875,2,0.0000,0,0.0000,0,0.1250,2,0.2969,2,0.2969,2
12027089.0,693.575403,1262.906550,1956.481953,2003,479,0.00,0.2109,0.1625,8,0,2,988,0.494000,0.1719,2,0.1719,2,0.2969,2,0.5625,2,0.1875,2,0.0000,0,0.0000,0,0.1250,2,0.2969,2,0.2969,2
12027526.0,693.748627,1263.505292,1957.253919,2004,480,0.00,0.1766,0.1375,6,0,4,988,0.494000,0.0000,0,0.0000,0,0.2969,2,0.7344,2,0.1875,2,0.0000,0,0.0000,0,0.1250,2,0.2969,2,0.1250,2
12071312.0,704.384871,1297.304158,2001.689029,2005,480,0.00,0.1063,0.0875,4,0,6,988,0.494000,0.0000,0,0.0000,0,0.0000,0,0.5625,2,0.2500,2,0.0000,0,0.0000,0,0.1250,2,0.1250,2,0.0000,0
12071313.0,704.385604,1297.304950,2001.690554,2006,480,0.00,0.1125,0.1000,5,0,5,989,0.494500,0.0000,0,0.0000,0,0.0000,0,0.5625,2,0.2500,2,0.0625,2,0.0000,0,0.1250,2,0.1250,2,0.0000,0
12071582.0,704.458211,1297.556017,2002.014227,2007,480,0.00,0.1188,0.1125,6,0,4,990,0.495000,0.0000,0,0.0000,0,0.0000,0,0.5625,2,0.2500,2,0.0625,2,0.0625,2,0.1250,2,0.1250,2,0.0000,0
12071993.0,704.581912,1297.982017,2002.563929,2008,481,0.00,0.1344,0.1125,6,0,4,990,0.495000,0.0000,0,0.0000,0,0.0000,0,0.5625,2,0.1875,2,0.0625,2,0.0625,2,0.3438,2,0.1250,2,0.0000,0
12072607.0,704.766331,1298.600742,2003.367073,2009,481,0.00,0.1188,0.1125,6,0,4,990,0.495000,0.0000,0,0.0000,0,0.0000,0,0.5625,2,0.1875,2,0.0625,2,0.0625,2,0.1250,2,0.1875,2,0.0000,0
12072723.0,704.802034,1298.725442,2003.527476,2010,481,0.00,0.1359,0.1250,7,0,3,991,0.495500,0.0000,0,0.0000,0,0.0000,0,0.5625,2,0.1875,2,0.0625,2,0.0625,2,0.1250,2,0.1875,2,0.1719,2
12072726.0,704.803576,1298.729092,2003.532668,2011,481,0.00,0.1531,0.1375,8,0,2,992,0.496000,0.1719,2,0.0000,0,0.0000,0,0.5625,2,0.1875,2,0.0625,2,0.0625,2,0.1250,2,0.1875,2,0.1719,2
12072779.0,704.824816,1298.801083,2003.625899,2012,481,0.00,0.1703,0.1500,9,0,1,993,0.496500,0.1719,2,0.1719,2,0.0000,0,0.5625,2,0.1875,2,0.0625,2,0.0625,2,0.1250,2,0.1875,2,0.1719,2
12072945.0,704.891543,1299.029700,2003.921243,2013,481,0.00,0.1750,0.1500,9,0,1,994,0.497000,0.1719,2,0.1719,2,0.2188,2,0.5625,2,0.1875,2,0.0625,2,0.0625,2,0.1250,2,0.1875,2,0.0000,0
12072965.0,704.900241,1299.059250,2003.959491,2014,482,0.00,0.1797,0.1500,8,1,1,994,0.497000,0.0000,1,0.1719,2,0.2188,2,0.7813,2,0.1875,2,0.0625,2,0.0625,2,0.1250,2,0.1875,2,0.0000,0
12073500.0,705.078919,1299.694692,2004.773611,2015,483,0.00,0.1578,0.1375,6,0,4,994,0.497000,0.0000,0,0.0000,0,0.0000,0,0.7813,2,0.3594,2,0.0625,2,0.0625,2,0.1250,2,0.1875,2,0.0000,0
12073814.0,705.180073,1300.058717,2005.238790,2016,483,0.00,0.1625,0.1375,6,0,4,994,0.497000,0.0000,0,0.0000,0,0.0000,0,0.7813,2,0.1875,2,0.2813,2,0.0625,2,0.1250,2,0.1875,2,0.0000,0
12074061.0,705.259880,1300.345617,2005.605496,2017,483,0.00,0.1578,0.1375,6,0,4,994,0.497000,0.0000,0,0.0000,0,0.0000,0,0.7813,2,0.1875,2,0.0625,2,0.2344,2,0.1250,2,0.1875,2,0.0000,0
12074114.0,705.277574,1300.410542,2005.688116,2018,484,0.00,0.1750,0.1500,6,0,4,994,0.497000,0.0000,0,0.0000,0,0.0000,0,0.7813,2,0.1875,2,0.0625,2,0.2344,2,0.2969,2,0.1875,2,0.0000,0
12074121.0,705.280005,1300.419642,2005.699646,2019,485,0.00,0.1875,0.1500,6,0,4,994,0.497000,0.0000,0,0.0000,0,0.0000,0,0.7813,2,0.1875,2,0.0625,2,0.2344,2,0.2969,2,0.3125,2,0.0000,0
12074222.0,705.315382,1300.545767,2005.861149,2020,485,0.00,0.1938,0.1500,7,0,3,995,0.497500,0.0000,0,0.0000,0,0.0000,0,0.5625,2,0.1875,2,0.0625,2,0.2344,2,0.2969,2,0.3125,2,0.2813,2
12078268.0,706.671575,1305.046083,2011.717658,2021,485,0.00,0.1516,0.1125,7,0,3,996,0.498000,0.1719,2,0.0000,0,0.0000,0,0.5625,2,0.1875,2,0.0625,2,0.0000,0,0.1250,2,0.1250,2,0.2813,2
12078485.0,706.744293,1305.274150,2012.018443,2022,485,0.00,0.1563,0.1125,7,0,3,997,0.498500,0.0000,0,0.2188,2,0.0000,0,0.5625,2,0.1875,2,0.0625,2,0.0000,0,0.1250,2,0.1250,2,0.2813,2
12078620.0,706.793824,1305.428275,2012.222099,2023,485,0.00,0.1734,0.1250,8,0,2,998,0.499000,0.0000,0,0.2188,2,0.1719,2,0.5625,2,0.1875,2,0.0625,2,0.0000,0,0.1250,2,0.1250,2,0.2813,2
12078879.0,706.899268,1305.760658,2012.659926,2024,486,0.00,0.1906,0.1375,8,0,2,998,0.499000,0.0000,0,0.2188,2,0.1719,2,0.7344,2,0.1875,2,0.0625,2,0.0000,0,0.1250,2,0.1250,2,0.2813,2
12079252.0,707.051738,1306.242792,2013.294530,2025,487,0.00,0.1906,0.1375,8,0,2,998,0.499000,0.0000,0,0.2188,2,0.1719,2,0.5625,2,0.3594,2,0.0625,2,0.0000,0,0.1250,2,0.1250,2,0.2813,2
12079488.0,707.150973,1306.563358,2013.714331,2026,487,0.00,0.1953,0.1500,8,0,2,998,0.499000,0.0000,0,0.2188,2,0.1719,2,0.5625,2,0.3594,2,0.1094,2,0.0000,0,0.1250,2,0.1250,2,0.2813,2
12079494.0,707.154018,1306.571958,2013.725976,2027,487,0.00,0.2000,0.1625,9,0,1,999,0.499500,0.0000,0,0.2188,2,0.1719,2,0.5625,2,0.3594,2,0.1094,2,0.0469,2,0.1250,2,0.1250,2,0.2813,2
12079498.0,707.155851,1306.578258,2013.734109,2028,487,0.00,0.2047,0.1750,9,0,1,999,0.499500,0.0000,0,0.2188,2,0.1719,2,0.5625,2,0.3594,2,0.1094,2,0.0469,2,0.1719,2,0.1250,2,0.2813,2
12080460.0,707.473182,1307.749775,2015.222957,2029,487,0.00,0.1359,0.1375,6,0,4,999,0.499500,0.0000,0,0.0000,0,0.0000,0,0.5625,2,0.3594,2,0.0469,2,0.0469,2,0.1719,2,0.1719,2,0.0000,0
12080532.0,707.495995,1307.832192,2015.328186,2030,487,0.00,0.1266,0.1125,5,1,4,1000,0.500000,0.0000,0,0.0000,0,0.0000,0,0.5625,2,0.3594,2,0.0000,1,0.0000,0,0.1250,2,0.1719,2,0.0469,2
12080809.0,707.571627,1308.099342,2015.670969,2031,487,0.00,0.1313,0.1125,6,0,4,1001,0.500500,0.2188,2,0.0000,0,0.0000,0,0.5625,2,0.1875,2,0.0000,0,0.0000,0,0.1250,2,0.1719,2,0.0469,2
12080811.0,707.572754,1308.101492,2015.674245,2032,487,0.00,0.1484,0.1250,7,0,3,1002,0.501000,0.2188,2,0.1719,2,0.0000,0,0.5625,2,0.1875,2,0.0000,0,0.0000,0,0.1250,2,0.1719,2,0.0469,2
12080862.0,707.591467,1308.163542,2015.755008,2033,487,0.00,0.1703,0.1375,8,0,2,1003,0.501500,0.2188,2,0.1719,2,0.2188,2,0.5625,2,0.1875,2,0.0000,0,0.0000,0,0.1250,2,0.1719,2,0.0469,2
12080876.0,707.597132,1308.182558,2015.779691,2034,488,0.00,0.1922,0.1500,8,0,2,1003,0.501500,0.2188,2,0.1719,2,0.2188,2,0.7813,2,0.1875,2,0.0000,0,0.0000,0,0.1250,2,0.1719,2,0.0469,2
12081008.0,707.652797,1308.371758,2016.024555,2035,488,0.00,0.2094,0.1625,8,0,2,1003,0.501500,0.2188,2,0.1719,2,0.2188,2,0.7813,2,0.3594,2,0.0000,0,0.0000,0,0.1250,2,0.1719,2,0.0469,2
12081011.0,707.654602,1308.376283,2016.030885,2036,488,0.00,0.2141,0.1750,9,0,1,1004,0.502000,0.2188,2,0.1719,2,0.2188,2,0.7813,2,0.3594,2,0.0469,2,0.0000,0,0.1250,2,0.1719,2,0.0469,2
12081339.0,707.804892,1308.894308,2016.699201,2037,488,0.00,0.2094,0.1750,10,0,0,1005,0.502500,0.2188,2,0.1719,2,0.2188,2,0.7813,2,0.1875,2,0.0469,2,0.1250,2,0.1250,2,0.1719,2,0.0469,2
12081866.0,708.043646,1309.687258,2017.730904,2038,489,0.00,0.1734,0.1375,8,0,2,1005,0.502500,0.2188,2,0.1719,2,0.0000,0,0.5625,2,0.1875,2,0.0000,0,0.1250,2,0.2969,2,0.1250,2,0.0469,2
12081970.0,708.085986,1309.828525,2017.914511,2039,489,0.00,0.1781,0.1500,8,0,2,1005,0.502500,0.2188,2,0.1719,2,0.0000,0,0.5625,2,0.1875,2,0.0000,0,0.1250,2,0.2969,2,0.1719,2,0.0469,2
12081970.0,708.085986,1309.828525,2017.914511,2040,489,0.00,0.1828,0.1625,8,0,2,1005,0.502500,0.2188,2,0.1719,2,0.0000,0,0.5625,2,0.1875,2,0.0000,0,0.1250,2,0.2969,2,0.1719,2,0.0938,2
12081973.0,708.087229,1309.833050,2017.920279,2041,489,0.00,0.1844,0.1750,8,0,2,1005,0.502500,0.2344,2,0.1719,2,0.0000,0,0.5625,2,0.1875,2,0.0000,0,0.1250,2,0.2969,2,0.1719,2,0.0938,2
12082203.0,708.179807,1310.182742,2018.362548,2042,489,0.00,0.1625,0.1625,8,0,2,1005,0.502500,0.0156,2,0.2188,2,0.0000,0,0.5625,2,0.1875,2,0.0000,0,0.1250,2,0.2969,2,0.1719,2,0.0469,2
12083170.0,708.561084,1311.566225,2020.127309,2043,489,0.00,0.1500,0.1500,9,0,1,1006,0.503000,0.0156,2,0.1719,2,0.0938,2,0.5625,2,0.1875,2,0.0000,0,0.1250,2,0.1250,2,0.1719,2,0.0469,2
12083261.0,708.599253,1311.702725,2020.301978,2044,489,0.00,0.1672,0.1625,9,0,1,1006,0.503000,0.0156,2,0.1719,2,0.0938,2,0.7344,2,0.1875,2,0.0000,0,0.1250,2,0.1250,2,0.1719,2,0.0469,2
12083328.0,708.628251,1311.808250,2020.436501,2045,489,0.00,0.1719,0.1750,9,0,1,1006,0.503000,0.0156,2,0.1719,2,0.0938,2,0.7344,2,0.2344,2,0.0000,0,0.1250,2,0.1250,2,0.1719,2,0.0469,2
12083648.0,708.768418,1312.336250,2021.104668,2046,489,0.00,0.1891,0.1875,10,0,0,1007,0.503500,0.0156,2,0.1719,2,0.0938,2,0.7344,2,0.2344,2,0.1719,2,0.1250,2,0.1250,2,0.1719,2,0.0469,2
12083686.0,708.786673,1312.404333,2021.191006,2047,490,0.00,0.2063,0.2000,10,0,0,1007,0.503500,0.0156,2,0.1719,2,0.0938,2,0.7344,2,0.2344,2,0.1719,2,0.2969,2,0.1250,2,0.1719,2,0.0469,2
12083924.0,708.892612,1312.804833,2021.697445,2048,490,0.00,0.1766,0.1875,9,0,1,1007,0.503500,0.0156,2,0.1719,2,0.0938,2,0.7344,2,0.2344,2,0.0000,0,0.1250,2,0.1719,2,0.1719,2,0.0469,2
12083977.0,708.915938,1312.896258,2021.812196,2049,490,0.00,0.1813,0.2000,9,0,1,1007,0.503500,0.0156,2,0.1719,2,0.0938,2,0.7344,2,0.2344,2,0.0000,0,0.1250,2,0.1719,2,0.2188,2,0.0469,2
12084045.0,708.946113,1313.018658,2021.964771,2050,490,0.00,0.1906,0.2125,9,0,1,1007,0.503500,0.0156,2,0.1719,2,0.0938,2,0.7344,2,0.2344,2,0.0000,0,0.1250,2,0.1719,2,0.2188,2,0.1406,2
12088954.0,710.758697,1320.267092,2031.025788,2051,490,0.00,0.1188,0.1250,6,0,4,1007,0.503500,0.2344,2,0.0000,0,0.0000,0,0.3750,2,0.1875,2,0.0000,0,0.0000,0,0.1719,2,0.1719,2,0.0469,2
12089285.0,710.859646,1320.647742,2031.507387,2052,490,0.00,0.1406,0.1375,7,0,3,1008,0.504000,0.2344,2,0.2188,2,0.0000,0,0.3750,2,0.1875,2,0.0000,0,0.0000,0,0.1719,2,0.1719,2,0.0469,2
12089425.0,710.909292,1320.828575,2031.737867,2053,490,0.00,0.1547,0.1500,8,0,2,1009,0.504500,0.2344,2,0.2188,2,0.1406,2,0.3750,2,0.1875,2,0.0000,0,0.0000,0,0.1719,2,0.1719,2,0.0469,2
12090050.0,711.126514,1321.635192,2032.761705,2054,491,0.00,0.1359,0.1375,6,0,4,1009,0.504500,0.2344,2,0.0000,0,0.0000,0,0.5469,2,0.1875,2,0.0000,0,0.0000,0,0.1719,2,0.1719,2,0.0469,2
12090217.0,711.177639,1321.831892,2033.009531,2055,492,0.00,0.1313,0.1375,6,0,4,1009,0.504500,0.0156,2,0.0000,0,0.0000,0,0.5469,2,0.3594,2,0.0000,0,0.0000,0,0.1719,2,0.1719,2,0.0469,2
12090395.0,711.232498,1322.042142,2033.274639,2056,492,0.00,0.1313,0.1375,7,0,3,1010,0.505000,0.0156,2,0.0000,0,0.0000,0,0.5469,2,0.1875,2,0.1719,2,0.0000,0,0.1719,2,0.1719,2,0.0469,2
12091107.0,711.449807,1322.870733,2034.320540,2057,492,0.00,0.1328,0.1250,7,0,3,1011,0.505500,0.0156,2,0.0000,0,0.0000,0,0.5469,2,0.1875,2,0.0000,0,0.1875,2,0.1719,2,0.1719,2,0.0469,2
12091145.0,711.462915,1322.916967,2034.379882,2058,493,0.00,0.1516,0.1250,7,0,3,1011,0.505500,0.0156,2,0.0000,0,0.0000,0,0.5469,2,0.1875,2,0.0000,0,0.1875,2,0.3594,2,0.1719,2,0.0469,2
12091150.0,711.464713,1322.923050,2034.387763,2059,494,0.00,0.1703,0.1250,7,0,3,1011,0.505500,0.0156,2,0.0000,0,0.0000,0,0.5469,2,0.1875,2,0.0000,0,0.1875,2,0.3594,2,0.3594,2,0.0469,2
12091151.0,711.465087,1322.924267,2034.389354,2060,494,0.00,0.1891,0.1250,7,0,3,1011,0.505500,0.0156,2,0.0000,0,0.0000,0,0.5469,2,0.1875,2,0.0000,0,0.1875,2,0.3594,2,0.3594,2,0.2344,2
12091155.0,711.466642,1322.929133,2034.395775,2061,494,0.00,0.1953,0.1375,7,0,3,1011,0.505500,0.0781,2,0.0000,0,0.0000,0,0.5469,2,0.1875,2,0.0000,0,0.1875,2,0.3594,2,0.3594,2,0.2344,2
12091187.0,711.479736,1322.970467,2034.450203,2062,494,0.00,0.1984,0.1500,8,0,2,1012,0.506000,0.0781,2,0.0313,2,0.0000,0,0.5469,2,0.1875,2,0.0000,0,0.1875,2,0.3594,2,0.3594,2,0.2344,2
12091189.0,711.481090,1322.973333,2034.454423,2063,494,0.00,0.2172,0.1500,9,0,1,1013,0.506500,0.0781,2,0.0313,2,0.1875,2,0.5469,2,0.1875,2,0.0000,0,0.1875,2,0.3594,2,0.3594,2,0.2344,2
12091295.0,711.528582,1323.132333,2034.660915,2064,495,0.00,0.1781,0.1625,9,0,1,1013,0.506500,0.0781,2,0.0313,2,0.1875,2,0.7188,2,0.1875,2,0.0000,0,0.1875,2,0.1719,2,0.1719,2,0.0469,2
12091490.0,711.604375,1323.425592,2035.029967,2065,496,0.00,0.1578,0.1750,7,0,3,1013,0.506500,0.0781,2,0.0313,2,0.0000,0,0.7188,2,0.3594,2,0.0000,0,0.0000,0,0.1719,2,0.1719,2,0.0469,2
12092289.0,711.881908,1324.558133,2036.440042,2066,496,0.00,0.1234,0.1500,8,0,2,1014,0.507000,0.0781,2,0.0313,2,0.0000,0,0.3750,2,0.1875,2,0.1719,2,0.0000,0,0.1719,2,0.1719,2,0.0469,2
12092662.0,712.019758,1325.092767,2037.112524,2067,496,0.00,0.1297,0.1625,9,0,1,1015,0.507500,0.0781,2,0.0313,2,0.0000,0,0.3750,2,0.1875,2,0.1719,2,0.0625,2,0.1719,2,0.1719,2,0.0469,2
12092728.0,712.046398,1325.196717,2037.243115,2068,497,0.00,0.1469,0.1750,9,0,1,1015,0.507500,0.0781,2,0.0313,2,0.0000,0,0.3750,2,0.1875,2,0.1719,2,0.0625,2,0.3438,2,0.1719,2,0.0469,2
12093377.0,712.287083,1326.153758,2038.440841,2069,498,0.00,0.1297,0.1625,8,0,2,1015,0.507500,0.0781,2,0.0313,2,0.0000,0,0.3750,2,0.1875,2,0.0000,0,0.0625,2,0.1719,2,0.3438,2,0.0469,2
12093390.0,712.291933,1326.173367,2038.465299,2070,498,0.00,0.1469,0.1750,8,0,2,1015,0.507500,0.0781,2,0.0313,2,0.0000,0,0.3750,2,0.1875,2,0.0000,0,0.0625,2,0.1719,2,0.3438,2,0.2188,2
12093390.0,712.291933,1326.173367,2038.465299,2071,498,0.00,0.1656,0.1750,8,0,2,1015,0.507500,0.2656,2,0.0313,2,0.0000,0,0.3750,2,0.1875,2,0.0000,0,0.0625,2,0.1719,2,0.3438,2,0.2188,2
12094001.0,712.513500,1327.033825,2039.547325,2072,498,0.00,0.1531,0.1625,7,0,3,1015,0.507500,0.0781,2,0.2031,2,0.0000,0,0.3750,2,0.1875,2,0.0000,0,0.0000,0,0.1250,2,0.3438,2,0.2188,2
12094493.0,712.685780,1327.703150,2040.388930,2073,498,0.00,0.1563,0.1375,8,0,2,1016,0.508000,0.0781,2,0.0313,2,0.2500,2,0.3750,2,0.1875,2,0.0000,0,0.0000,0,0.1250,2,0.3438,2,0.1719,2
12094517.0,712.695230,1327.735750,2040.430980,2074,499,0.00,0.1750,0.1500,8,0,2,1016,0.508000,0.0781,2,0.0313,2,0.2500,2,0.5625,2,0.1875,2,0.0000,0,0.0000,0,0.1250,2,0.3438,2,0.1719,2
12094702.0,712.770772,1328.000917,2040.771689,2075,500,0.00,0.1938,0.1500,8,0,2,1016,0.508000,0.0781,2,0.0313,2,0.2500,2,0.5625,2,0.3750,2,0.0000,0,0.0000,0,0.1250,2,0.3438,2,0.1719,2
12094707.0,712.773387,1328.008083,2040.781470,2076,500,0.00,0.2125,0.1500,9,0,1,1017,0.508500,0.0781,2,0.0313,2,0.2500,2,0.5625,2,0.3750,2,0.1875,2,0.0000,0,0.1250,2,0.3438,2,0.1719,2
12095048.0,712.922467,1328.476367,2041.398834,2077,500,0.00,0.1969,0.1250,9,0,1,1018,0.509000,0.0781,2,0.0313,2,0.2500,2,0.5625,2,0.3750,2,0.1875,2,0.1875,2,0.1250,2,0.1719,2,0.0000,0
12095145.0,712.966631,1328.607317,2041.573948,2078,501,0.00,0.1906,0.1250,8,1,1,1018,0.509000,0.0781,2,0.0313,2,0.0000,1,0.5625,2,0.3750,2,0.1875,2,0.1875,2,0.3125,2,0.1719,2,0.0000,0
12095754.0,713.216095,1329.390667,2042.606761,2079,502,0.00,0.1891,0.1375,8,0,2,1018,0.509000,0.0781,2,0.0313,2,0.0000,0,0.5625,2,0.3750,2,0.1875,2,0.1875,2,0.1250,2,0.3438,2,0.0000,0
12095784.0,713.229173,1329.431417,2042.660589,2080,502,0.00,0.2063,0.1500,9,0,1,1019,0.509500,0.0781,2,0.0313,2,0.0000,0,0.5625,2,0.3750,2,0.1875,2,0.1875,2,0.1250,2,0.3438,2,0.1719,2
12096091.0,713.363022,1329.864025,2043.227047,2081,502,0.00,0.2109,0.1500,8,0,2,1019,0.509500,0.2969,2,0.0313,2,0.0000,0,0.5625,2,0.3750,2,0.1875,2,0.1875,2,0.1250,2,0.3438,2,0.0000,0
12096311.0,713.458163,1330.174633,2043.632796,2082,502,0.00,0.2063,0.1500,8,0,2,1019,0.509500,0.2969,2,0.1563,2,0.0000,0,0.5625,2,0.3750,2,0.1875,2,0.1875,2,0.1250,2,0.1719,2,0.0000,0
12096715.0,713.633449,1330.753700,2044.387149,2083,502,0.00,0.2563,0.1500,9,0,1,1020,0.510000,0.2969,2,0.1563,2,0.5000,2,0.5625,2,0.3750,2,0.1875,2,0.1875,2,0.1250,2,0.1719,2,0.0000,0
12096740.0,713.646001,1330.791200,2044.437201,2084,503,0.00,0.2750,0.1500,9,0,1,1020,0.510000,0.2969,2,0.1563,2,0.5000,2,0.7500,2,0.3750,2,0.1875,2,0.1875,2,0.1250,2,0.1719,2,0.0000,0
12096743.0,713.647551,1330.795700,2044.443251,2085,504,0.00,0.2938,0.1500,9,0,1,1020,0.510000,0.2969,2,0.1563,2,0.5000,2,0.7500,2,0.5625,2,0.1875,2,0.1875,2,0.1250,2,0.1719,2,0.0000,0
12096896.0,713.727704,1331.025200,2044.752904,2086,505,0.00,0.2625,0.1500,8,1,1,1020,0.510000,0.2969,2,0.1563,2,0.0000,1,0.7500,2,0.5625,2,0.3750,2,0.1875,2,0.1250,2,0.1719,2,0.0000,0
12096962.0,713.759177,1331.119867,2044.879043,2087,506,0.00,0.2813,0.1500,8,0,2,1020,0.510000,0.2969,2,0.1563,2,0.0000,0,0.7500,2,0.5625,2,0.3750,2,0.3750,2,0.1250,2,0.1719,2,0.0000,0
12096979.0,713.767523,1331.144233,2044.911756,2088,507,0.00,0.3000,0.1500,8,0,2,1020,0.510000,0.2969,2,0.1563,2,0.0000,0,0.7500,2,0.5625,2,0.3750,2,0.3750,2,0.3125,2,0.1719,2,0.0000,0
12097010.0,713.783195,1331.188667,2044.971862,2089,508,0.00,0.3188,0.1500,8,0,2,1020,0.510000,0.2969,2,0.1563,2,0.0000,0,0.7500,2,0.5625,2,0.3750,2,0.3750,2,0.3125,2,0.3594,2,0.0000,0
12097294.0,713.929971,1331.595733,2045.525704,2090,508,0.00,0.3125,0.1500,9,0,1,1021,0.510500,0.2969,2,0.1563,2,0.0000,0,0.7500,2,0.3750,2,0.1875,2,0.1875,2,0.3125,2,0.3594,2,0.5000,2
12097463.0,714.021634,1331.849233,2045.870867,2091,508,0.00,0.2813,0.1625,8,1,1,1021,0.510500,0.4844,2,0.1563,2,0.0000,0,0.7500,2,0.3750,2,0.1875,2,0.1875,2,0.3125,2,0.3594,2,0.0000,1
12097671.0,714.124214,1332.163967,2046.288181,2092,509,0.00,0.3031,0.1750,8,0,2,1021,0.510500,0.4844,2,0.3750,2,0.0000,0,0.7500,2,0.3750,2,0.1875,2,0.1875,2,0.3125,2,0.3594,2,0.0000,0
12098154.0,714.367388,1332.908017,2047.275405,2093,509,0.00,0.3406,0.1625,9,0,1,1022,0.511000,0.4844,2,0.2500,2,0.5000,2,0.7500,2,0.3750,2,0.1875,2,0.1875,2,0.3125,2,0.3594,2,0.0000,0
12098155.0,714.367956,1332.909592,2047.277547,2094,509,0.00,0.3906,0.1625,9,0,1,1022,0.511000,0.4844,2,0.2500,2,0.5000,2,0.7500,2,0.8750,2,0.1875,2,0.1875,2,0.3125,2,0.3594,2,0.0000,0
12098155.0,714.367956,1332.909592,2047.277547,2095,509,0.00,0.4406,0.1625,9,0,1,1022,0.511000,0.4844,2,0.2500,2,0.5000,2,0.7500,2,0.8750,2,0.6875,2,0.1875,2,0.3125,2,0.3594,2,0.0000,0
12098422.0,714.519035,1333.313233,2047.832269,2096,510,0.00,0.2672,0.1625,7,0,3,1022,0.511000,0.4844,2,0.0313,2,0.0000,0,0.7500,2,0.3750,2,0.0000,0,0.3594,2,0.3125,2,0.3594,2,0.0000,0
12098531.0,714.567139,1333.470375,2048.037514,2097,511,0.00,0.2672,0.1625,7,0,3,1022,0.511000,0.4844,2,0.0313,2,0.0000,0,0.7500,2,0.1875,2,0.0000,0,0.3594,2,0.5000,2,0.3594,2,0.0000,0
12098574.0,714.586131,1333.532367,2048.118498,2098,512,0.00,0.2672,0.1625,7,0,3,1022,0.511000,0.4844,2,0.0313,2,0.0000,0,0.5625,2,0.1875,2,0.0000,0,0.3594,2,0.5000,2,0.5469,2,0.0000,0
12098802.0,714.680746,1333.844117,2048.524863,2099,512,0.00,0.1938,0.1625,8,0,2,1023,0.511500,0.2656,2,0.0313,2,0.0000,0,0.5625,2,0.1875,2,0.0000,0,0.1719,2,0.3125,2,0.3594,2,0.0469,2
12098845.0,714.698932,1333.908975,2048.607907,2100,513,0.00,0.2109,0.1750,8,0,2,1023,0.511500,0.4375,2,0.0313,2,0.0000,0,0.5625,2,0.1875,2,0.0000,0,0.1719,2,0.3125,2,0.3594,2,0.0469,2
12099206.0,714.854680,1334.471508,2049.326188,2101,513,0.00,0.2250,0.1625,7,0,3,1023,0.511500,0.4375,2,0.2188,2,0.0000,0,0.5625,2,0.1875,2,0.0000,0,0.1719,2,0.3125,2,0.3594,2,0.0000,0
12099746.0,715.068506,1335.221658,2050.290164,2102,513,0.00,0.1750,0.1625,8,0,2,1024,0.512000,0.2656,2,0.2188,2,0.0469,2,0.5625,2,0.1875,2,0.0000,0,0.1719,2,0.1250,2,0.1719,2,0.0000,0
12099781.0,715.082301,1335.274450,2050.356751,2103,514,0.00,0.1781,0.1750,8,0,2,1024,0.512000,0.2656,2,0.0313,2,0.0469,2,0.7813,2,0.1875,2,0.0000,0,0.1719,2,0.1250,2,0.1719,2,0.0000,0
12099894.0,715.128718,1335.453367,2050.582084,2104,515,0.00,0.1953,0.1875,8,0,2,1024,0.512000,0.2656,2,0.0313,2,0.0469,2,0.7813,2,0.3594,2,0.0000,0,0.1719,2,0.1250,2,0.1719,2,0.0000,0
12100134.0,715.226110,1335.832917,2051.059027,2105,515,0.00,0.1625,0.1625,8,0,2,1025,0.512500,0.2656,2,0.0313,2,0.0469,2,0.5625,2,0.1875,2,0.2344,2,0.0000,0,0.1250,2,0.1719,2,0.0000,0
12100139.0,715.228603,1335.840458,2051.069062,2106,515,0.00,0.1797,0.1750,9,0,1,1026,0.513000,0.2656,2,0.0313,2,0.0469,2,0.5625,2,0.1875,2,0.2344,2,0.1719,2,0.1250,2,0.1719,2,0.0000,0
12100371.0,715.326822,1336.209675,2051.536497,2107,516,0.00,0.1734,0.1750,8,0,2,1026,0.513000,0.2656,2,0.0313,2,0.0469,2,0.5625,2,0.1875,2,0.0000,0,0.1719,2,0.2969,2,0.1719,2,0.0000,0
12100429.0,715.349846,1336.297275,2051.647121,2108,517,0.00,0.1859,0.1750,7,0,3,1026,0.513000,0.2656,2,0.0313,2,0.0000,0,0.5625,2,0.1875,2,0.0000,0,0.1719,2,0.2969,2,0.3438,2,0.0000,0
12100587.0,715.409665,1336.516583,2051.926248,2109,517,0.00,0.1672,0.1500,8,0,2,1027,0.513500,0.2500,2,0.0313,2,0.0000,0,0.5625,2,0.1875,2,0.0000,0,0.1719,2,0.1250,2,0.1719,2,0.1719,2
12100726.0,715.465578,1336.715817,2052.181395,2110,518,0.00,0.1844,0.1625,8,0,2,1027,0.513500,0.4219,2,0.0313,2,0.0000,0,0.5625,2,0.1875,2,0.0000,0,0.1719,2,0.1250,2,0.1719,2,0.1719,2
12101234.0,715.655631,1337.394117,2053.049748,2111,518,0.00,0.1797,0.1500,7,0,3,1027,0.513500,0.4219,2,0.2031,2,0.0000,0,0.5625,2,0.1875,2,0.0000,0,0.1719,2,0.1250,2,0.1250,2,0.0000,0
12101362.0,715.704953,1337.569050,2053.274003,2112,518,0.00,0.1844,0.1625,8,0,2,1028,0.514000,0.4219,2,0.2031,2,0.0469,2,0.5625,2,0.1875,2,0.0000,0,0.1719,2,0.1250,2,0.1250,2,0.0000,0
12101448.0,715.740697,1337.698767,2053.439464,2113,518,0.00,0.1891,0.1750,8,0,2,1028,0.514000,0.4219,2,0.2031,2,0.0469,2,0.6094,2,0.1875,2,0.0000,0,0.1719,2,0.1250,2,0.1250,2,0.0000,0
12101515.0,715.767653,1337.798350,2053.566003,2114,518,0.00,0.1891,0.1750,7,0,3,1028,0.514000,0.4219,2,0.2031,2,0.0000,0,0.6094,2,0.2344,2,0.0000,0,0.1719,2,0.1250,2,0.1250,2,0.0000,0
12101603.0,715.802170,1337.927542,2053.729712,2115,518,0.00,0.1984,0.1625,8,0,2,1029,0.514500,0.4219,2,0.1719,2,0.0000,0,0.6094,2,0.1875,2,0.1719,2,0.1719,2,0.1250,2,0.1250,2,0.0000,0
12101605.0,715.803023,1337.930558,2053.733582,2116,518,0.00,0.2031,0.1750,8,0,2,1029,0.514500,0.4219,2,0.1719,2,0.0000,0,0.6094,2,0.1875,2,0.1719,2,0.2188,2,0.1250,2,0.1250,2,0.0000,0
12101620.0,715.809447,1337.953708,2053.763156,2117,518,0.00,0.2047,0.1750,8,0,2,1029,0.514500,0.4219,2,0.1719,2,0.0000,0,0.5625,2,0.1875,2,0.1719,2,0.2188,2,0.1875,2,0.1250,2,0.0000,0
12101794.0,715.883922,1338.220058,2054.103980,2118,519,0.00,0.2172,0.1625,8,0,2,1029,0.514500,0.4219,2,0.1719,2,0.0000,0,0.5625,2,0.1875,2,0.1719,2,0.2188,2,0.1250,2,0.3125,2,0.0000,0
12102033.0,715.989856,1338.580550,2054.570406,2119,519,0.00,0.2219,0.1750,9,0,1,1030,0.515000,0.4219,2,0.1719,2,0.0000,0,0.5625,2,0.1875,2,0.1719,2,0.2188,2,0.1250,2,0.3125,2,0.0469,2
12102036.0,715.991282,1338.585500,2054.576782,2120,520,0.00,0.2391,0.1875,9,0,1,1030,0.515000,0.5938,2,0.1719,2,0.0000,0,0.5625,2,0.1875,2,0.1719,2,0.2188,2,0.1250,2,0.3125,2,0.0469,2
12102457.0,716.186629,1339.277642,2055.464271,2121,520,0.00,0.1984,0.1625,8,0,2,1031,0.515500,0.5938,2,0.0469,2,0.0000,0,0.5625,2,0.1875,2,0.1719,2,0.1719,2,0.1250,2,0.1250,2,0.0000,0
12102511.0,716.210164,1339.359092,2055.569255,2122,520,0.00,0.2156,0.1750,9,0,1,1032,0.516000,0.5938,2,0.0469,2,0.1719,2,0.5625,2,0.1875,2,0.1719,2,0.1719,2,0.1250,2,0.1250,2,0.0000,0
12102618.0,716.259199,1339.528433,2055.787632,2123,521,0.00,0.2281,0.1750,8,0,2,1032,0.516000,0.5938,2,0.0000,0,0.1719,2,0.7344,2,0.1875,2,0.1719,2,0.1719,2,0.1250,2,0.1250,2,0.0000,0
12102652.0,716.274193,1339.580617,2055.854810,2124,521,0.00,0.2172,0.1750,8,0,2,1032,0.516000,0.4219,2,0.0000,0,0.1719,2,0.7344,2,0.2500,2,0.1719,2,0.1719,2,0.1250,2,0.1250,2,0.0000,0
12102792.0,716.335954,1339.802283,2056.138237,2125,521,0.00,0.2234,0.1875,8,0,2,1032,0.516000,0.4219,2,0.0000,0,0.1719,2,0.7344,2,0.2500,2,0.2344,2,0.1719,2,0.1250,2,0.1250,2,0.0000,0
12102925.0,716.395192,1340.022392,2056.417584,2126,522,0.00,0.2234,0.1875,8,0,2,1032,0.516000,0.4219,2,0.0000,0,0.1719,2,0.7344,2,0.2500,2,0.0625,2,0.3438,2,0.1250,2,0.1250,2,0.0000,0
12103042.0,716.446640,1340.212292,2056.658932,2127,523,0.00,0.2234,0.1875,8,0,2,1032,0.516000,0.4219,2,0.0000,0,0.1719,2,0.7344,2,0.2500,2,0.0625,2,0.1719,2,0.2969,2,0.1250,2,0.0000,0
12103523.0,716.655341,1340.977250,2057.632591,2128,523,0.00,0.2109,0.1875,8,0,2,1032,0.516000,0.4219,2,0.0000,0,0.1719,2,0.7344,2,0.2500,2,0.0625,2,0.1719,2,0.1250,2,0.1719,2,0.0000,0
12103548.0,716.666748,1341.018708,2057.685456,2129,523,0.00,0.2172,0.2000,9,0,1,1033,0.516500,0.4219,2,0.0000,0,0.1719,2,0.7344,2,0.2500,2,0.0625,2,0.1719,2,0.1250,2,0.1719,2,0.0625,2
12104199.0,716.908577,1341.869933,2058.778510,2130,523,0.00,0.1641,0.1375,6,0,4,1033,0.516500,0.4688,2,0.0000,0,0.0000,0,0.5625,2,0.1875,2,0.0000,0,0.1719,2,0.1250,2,0.1250,2,0.0000,0
12104371.0,716.965465,1342.070133,2059.035598,2131,523,0.00,0.1531,0.1375,7,0,3,1034,0.517000,0.2969,2,0.0625,2,0.0000,0,0.5625,2,0.1875,2,0.0000,0,0.1719,2,0.1250,2,0.1250,2,0.0000,0
12104430.0,716.987250,1342.146342,2059.133591,2132,523,0.00,0.1703,0.1500,8,0,2,1035,0.517500,0.2969,2,0.0625,2,0.1719,2,0.5625,2,0.1875,2,0.0000,0,0.1719,2,0.1250,2,0.1250,2,0.0000,0
12104670.0,717.076770,1342.464858,2059.541628,2133,523,0.00,0.1578,0.1500,7,0,3,1035,0.517500,0.2969,2,0.0625,2,0.0000,0,0.6094,2,0.1875,2,0.0000,0,0.1719,2,0.1250,2,0.1250,2,0.0000,0
12104982.0,717.190466,1342.891258,2060.081724,2134,523,0.00,0.1703,0.1625,7,0,3,1035,0.517500,0.2969,2,0.0625,2,0.0000,0,0.6094,2,0.3125,2,0.0000,0,0.1719,2,0.1250,2,0.1250,2,0.0000,0
12105057.0,717.218763,1342.997358,2060.216122,2135,523,0.00,0.1625,0.1625,8,0,2,1036,0.518000,0.2969,2,0.0625,2,0.0000,0,0.6094,2,0.1875,2,0.0469,2,0.1719,2,0.1250,2,0.1250,2,0.0000,0
12105057.0,717.218763,1342.997358,2060.216122,2136,523,0.00,0.1672,0.1750,8,0,2,1036,0.518000,0.2969,2,0.0625,2,0.0000,0,0.6094,2,0.1875,2,0.0469,2,0.2188,2,0.1250,2,0.1250,2,0.0000,0
12105126.0,717.246519,1343.106608,2060.353127,2137,523,0.00,0.1719,0.1875,8,0,2,1036,0.518000,0.2969,2,0.0625,2,0.0000,0,0.6094,2,0.1875,2,0.0469,2,0.2188,2,0.1719,2,0.1250,2,0.0000,0
12105403.0,717.358247,1343.551417,2060.909664,2138,523,0.00,0.1625,0.1625,8,0,2,1036,0.518000,0.2500,2,0.0625,2,0.0000,0,0.5625,2,0.1875,2,0.0469,2,0.1719,2,0.1719,2,0.1719,2,0.0000,0
12105431.0,717.369908,1343.593650,2060.963558,2139,523,0.00,0.1672,0.1750,9,0,1,1037,0.518500,0.2500,2,0.0625,2,0.0000,0,0.5625,2,0.1875,2,0.0469,2,0.1719,2,0.1719,2,0.1719,2,0.0469,2
12105468.0,717.385816,1343.652525,2061.038341,2140,523,0.00,0.1688,0.1750,9,0,1,1037,0.518500,0.3125,2,0.0625,2,0.0000,0,0.5625,2,0.1875,2,0.0469,2,0.1719,2,0.1719,2,0.1250,2,0.0469,2
12105582.0,717.434905,1343.832600,2061.267505,2141,523,0.00,0.1859,0.1750,9,0,1,1037,0.518500,0.3125,2,0.2813,2,0.0000,0,0.5625,2,0.1875,2,0.0469,2,0.1719,2,0.1250,2,0.1250,2,0.0469,2
12105617.0,717.451064,1343.890350,2061.341414,2142,523,0.00,0.2031,0.1875,10,0,0,1038,0.519000,0.3125,2,0.2813,2,0.1719,2,0.5625,2,0.1875,2,0.0469,2,0.1719,2,0.1250,2,0.1250,2,0.0469,2
12105670.0,717.476781,1343.983883,2061.460664,2143,524,0.00,0.1984,0.1875,10,0,0,1038,0.519000,0.3125,2,0.0625,2,0.1719,2,0.7344,2,0.1875,2,0.0469,2,0.1719,2,0.1250,2,0.1250,2,0.0469,2
12105834.0,717.556137,1344.273342,2061.829479,2144,525,0.00,0.2109,0.1875,9,0,1,1038,0.519000,0.3125,2,0.0625,2,0.1719,2,0.7344,2,0.3594,2,0.0000,0,0.1719,2,0.1250,2,0.1250,2,0.0469,2
12105871.0,717.573910,1344.337167,2061.911077,2145,525,0.00,0.2156,0.2000,10,0,0,1039,0.519500,0.3125,2,0.0625,2,0.1719,2,0.7344,2,0.3594,2,0.0469,2,0.1719,2,0.1250,2,0.1250,2,0.0469,2
12106591.0,717.902156,1345.521425,2063.423581,2146,525,0.00,0.2031,0.1750,8,0,2,1039,0.519500,0.2500,2,0.0000,0,0.1719,2,0.7344,2,0.3594,2,0.0000,0,0.2188,2,0.1250,2,0.1250,2,0.0469,2
12106853.0,718.014870,1345.936258,2063.951128,2147,525,0.00,0.2078,0.1875,8,0,2,1039,0.519500,0.2500,2,0.0000,0,0.1719,2,0.7344,2,0.3594,2,0.0000,0,0.2188,2,0.1719,2,0.1250,2,0.0469,2
12106885.0,718.028753,1345.989325,2064.018078,2148,526,0.00,0.2250,0.2000,8,0,2,1039,0.519500,0.2500,2,0.0000,0,0.1719,2,0.7344,2,0.3594,2,0.0000,0,0.2188,2,0.1719,2,0.2969,2,0.0469,2
12106892.0,718.031884,1346.001458,2064.033342,2149,526,0.00,0.2422,0.2125,8,0,2,1039,0.519500,0.2500,2,0.0000,0,0.1719,2,0.7344,2,0.3594,2,0.0000,0,0.2188,2,0.1719,2,0.2969,2,0.2188,2
12106898.0,718.034648,1346.012308,2064.046956,2150,527,0.00,0.2594,0.2250,8,0,2,1039,0.519500,0.4219,2,0.0000,0,0.1719,2,0.7344,2,0.3594,2,0.0000,0,0.2188,2,0.1719,2,0.2969,2,0.2188,2
12106937.0,718.053544,1346.083958,2064.137503,2151,527,0.00,0.2719,0.2250,9,0,1,1040,0.520000,0.4219,2,0.1719,2,0.1719,2,0.7344,2,0.3594,2,0.0000,0,0.1719,2,0.1719,2,0.2969,2,0.2188,2
12107044.0,718.108568,1346.292608,2064.401176,2152,527,0.00,0.2766,0.2375,9,0,1,1040,0.520000,0.4219,2,0.1719,2,0.2188,2,0.7344,2,0.3594,2,0.0000,0,0.1719,2,0.1719,2,0.2969,2,0.2188,2
12107092.0,718.133287,1346.386958,2064.520246,2153,527,0.00,0.2766,0.2375,9,0,1,1040,0.520000,0.4219,2,0.1719,2,0.2188,2,0.7813,2,0.3594,2,0.0000,0,0.1719,2,0.1250,2,0.2969,2,0.2188,2
12107093.0,718.133805,1346.388983,2064.522789,2154,527,0.00,0.2813,0.2500,9,0,1,1040,0.520000,0.4219,2,0.1719,2,0.2188,2,0.7813,2,0.4063,2,0.0000,0,0.1719,2,0.1250,2,0.2969,2,0.2188,2
12107198.0,718.188971,1346.607533,2064.796504,2155,527,0.00,0.2938,0.2500,10,0,0,1041,0.520500,0.4219,2,0.1719,2,0.1719,2,0.7813,2,0.4063,2,0.1719,2,0.1719,2,0.1250,2,0.2969,2,0.2188,2
12107538.0,718.373394,1347.278425,2065.651819,2156,527,0.00,0.2469,0.2000,10,0,0,1041,0.520500,0.2500,2,0.1719,2,0.1719,2,0.5625,2,0.3594,2,0.1719,2,0.1875,2,0.1250,2,0.2969,2,0.1719,2
12107825.0,718.524117,1347.810933,2066.335050,2157,527,0.00,0.2516,0.2000,10,0,0,1041,0.520500,0.2500,2,0.1719,2,0.1719,2,0.5625,2,0.3594,2,0.1719,2,0.1719,2,0.1875,2,0.2969,2,0.1719,2
12108156.0,718.699214,1348.428800,2067.128014,2158,528,0.00,0.2703,0.2125,10,0,0,1041,0.520500,0.2500,2,0.1719,2,0.1719,2,0.5625,2,0.3594,2,0.1719,2,0.1719,2,0.1875,2,0.4844,2,0.1719,2
12108335.0,718.796514,1348.776358,2067.572872,2159,528,0.00,0.2750,0.2250,10,0,0,1041,0.520500,0.2500,2,0.1719,2,0.1719,2,0.5625,2,0.3594,2,0.1719,2,0.1719,2,0.1875,2,0.4844,2,0.2188,2
12108338.0,718.798155,1348.782408,2067.580564,2160,528,0.00,0.2875,0.2375,10,0,0,1041,0.520500,0.3750,2,0.1719,2,0.1719,2,0.5625,2,0.3594,2,0.1719,2,0.1719,2,0.1875,2,0.4844,2,0.2188,2
12108478.0,718.875676,1349.068267,2067.943942,2161,528,0.00,0.2875,0.2375,10,0,0,1041,0.520500,0.3750,2,0.2344,2,0.1719,2,0.5625,2,0.3594,2,0.1719,2,0.1719,2,0.1250,2,0.4844,2,0.2188,2
12108768.0,719.037189,1349.674850,2068.712039,2162,528,0.00,0.2922,0.2500,10,0,0,1041,0.520500,0.3750,2,0.2344,2,0.2188,2,0.5625,2,0.3594,2,0.1719,2,0.1719,2,0.1250,2,0.4844,2,0.2188,2
12109068.0,719.201450,1350.302875,2069.504325,2163,528,0.00,0.2797,0.2500,10,0,0,1041,0.520500,0.3750,2,0.2344,2,0.0469,2,0.6094,2,0.3594,2,0.1719,2,0.1719,2,0.1250,2,0.4844,2,0.2188,2
12109299.0,719.321447,1350.779025,2070.100472,2164,529,0.00,0.2797,0.2500,9,0,1,1041,0.520500,0.3750,2,0.2344,2,0.0469,2,0.6094,2,0.5313,2,0.0000,0,0.1719,2,0.1250,2,0.4844,2,0.2188,2
12109666.0,719.500217,1351.465550,2070.965767,2165,529,0.00,0.2563,0.2125,9,0,1,1042,0.521000,0.1875,2,0.2344,2,0.0000,0,0.6094,2,0.5313,2,0.0469,2,0.1719,2,0.1250,2,0.4844,2,0.1719,2
12109772.0,719.553438,1351.664300,2071.217738,2166,530,0.00,0.2734,0.2250,9,0,1,1042,0.521000,0.1875,2,0.2344,2,0.0000,0,0.6094,2,0.5313,2,0.0469,2,0.3438,2,0.1250,2,0.4844,2,0.1719,2
12109863.0,719.598405,1351.834542,2071.432947,2167,530,0.00,0.2609,0.2250,8,0,2,1042,0.521000,0.1875,2,0.2344,2,0.0000,0,0.6094,2,0.5313,2,0.0469,2,0.3438,2,0.1719,2,0.4844,2,0.0000,0
12110103.0,719.710093,1352.271092,2071.981185,2168,531,0.00,0.2547,0.2125,8,0,2,1042,0.521000,0.1875,2,0.1719,2,0.0000,0,0.6094,2,0.3594,2,0.0469,2,0.3438,2,0.1719,2,0.6563,2,0.0000,0
12110138.0,719.727054,1352.334383,2072.061437,2169,531,0.00,0.2609,0.2250,9,0,1,1043,0.521500,0.1875,2,0.1719,2,0.0000,0,0.6094,2,0.3594,2,0.0469,2,0.3438,2,0.1719,2,0.6563,2,0.0625,2
12153651.0,731.280048,1391.538033,2122.818081,2170,531,0.00,0.1047,0.0750,5,0,5,1044,0.522000,0.2344,2,0.0000,0,0.0000,0,0.3750,2,0.1875,2,0.0000,0,0.0000,0,0.1250,2,0.1250,2,0.0000,0
12154260.0,731.440093,1392.015083,2123.455177,2171,531,0.00,0.1219,0.0875,6,0,4,1045,0.522500,0.2344,2,0.1719,2,0.0000,0,0.3750,2,0.1875,2,0.0000,0,0.0000,0,0.1250,2,0.1250,2,0.0000,0
12154303.0,731.453747,1392.054858,2123.508606,2172,531,0.00,0.1281,0.1000,7,0,3,1046,0.523000,0.2344,2,0.1719,2,0.0625,2,0.3750,2,0.1875,2,0.0000,0,0.0000,0,0.1250,2,0.1250,2,0.0000,0
12154663.0,731.576622,1392.438858,2124.015481,2173,532,0.00,0.1453,0.1125,7,0,3,1046,0.523000,0.2344,2,0.1719,2,0.0625,2,0.5469,2,0.1875,2,0.0000,0,0.0000,0,0.1250,2,0.1250,2,0.0000,0
12154679.0,731.582297,1392.457125,2124.039422,2174,533,0.00,0.1625,0.1250,7,0,3,1046,0.523000,0.2344,2,0.1719,2,0.0625,2,0.5469,2,0.3594,2,0.0000,0,0.0000,0,0.1250,2,0.1250,2,0.0000,0
12154786.0,731.622179,1392.587308,2124.209488,2175,533,0.00,0.1750,0.1250,8,0,2,1047,0.523500,0.2344,2,0.1719,2,0.0625,2,0.5469,2,0.3594,2,0.1250,2,0.0000,0,0.1250,2,0.1250,2,0.0000,0
12154814.0,731.634113,1392.623242,2124.257354,2176,533,0.00,0.1922,0.1375,9,0,1,1048,0.524000,0.2344,2,0.1719,2,0.0625,2,0.5469,2,0.3594,2,0.1250,2,0.1719,2,0.1250,2,0.1250,2,0.0000,0
12154819.0,731.636374,1392.630367,2124.266740,2177,534,0.00,0.2094,0.1500,9,0,1,1048,0.524000,0.2344,2,0.1719,2,0.0625,2,0.5469,2,0.3594,2,0.1250,2,0.1719,2,0.2969,2,0.1250,2,0.0000,0
12154820.0,731.636839,1392.631867,2124.268706,2178,535,0.00,0.2266,0.1625,9,0,1,1048,0.524000,0.2344,2,0.1719,2,0.0625,2,0.5469,2,0.3594,2,0.1250,2,0.1719,2,0.2969,2,0.2969,2,0.0000,0
12155323.0,731.855352,1393.344842,2125.200194,2179,535,0.00,0.2031,0.1500,9,0,1,1049,0.524500,0.2344,2,0.0000,0,0.0625,2,0.5469,2,0.3594,2,0.1250,2,0.1719,2,0.1250,2,0.2969,2,0.1094,2
12155901.0,732.084432,1394.047950,2126.132382,2180,536,0.00,0.1516,0.1125,8,0,2,1049,0.524500,0.4063,2,0.0000,0,0.0625,2,0.3750,2,0.1875,2,0.1250,2,0.0000,0,0.1250,2,0.1250,2,0.1094,2
12155954.0,732.105608,1394.111992,2126.217600,2181,536,0.00,0.1688,0.1250,9,0,1,1050,0.525000,0.4063,2,0.1719,2,0.0625,2,0.3750,2,0.1875,2,0.1250,2,0.0000,0,0.1250,2,0.1250,2,0.1094,2
12155998.0,732.124705,1394.171392,2126.296097,2182,536,0.00,0.1813,0.1375,9,0,1,1050,0.525000,0.4063,2,0.1719,2,0.1875,2,0.3750,2,0.1875,2,0.1250,2,0.0000,0,0.1250,2,0.1250,2,0.1094,2
12156035.0,732.141124,1394.224117,2126.365241,2183,537,0.00,0.1984,0.1500,9,0,1,1050,0.525000,0.4063,2,0.1719,2,0.1875,2,0.5469,2,0.1875,2,0.1250,2,0.0000,0,0.1250,2,0.1250,2,0.1094,2
12156158.0,732.197349,1394.408617,2126.605966,2184,538,0.00,0.2156,0.1625,9,0,1,1050,0.525000,0.4063,2,0.1719,2,0.1875,2,0.5469,2,0.3594,2,0.1250,2,0.0000,0,0.1250,2,0.1250,2,0.1094,2
12171662.0,736.886881,1408.431008,2145.317890,2185,538,0.00,0.1094,0.0875,6,0,4,1051,0.525500,0.0000,0,0.0000,0,0.0000,0,0.3750,2,0.1875,2,0.1719,2,0.0000,0,0.1250,2,0.1250,2,0.1094,2
12171704.0,736.899821,1408.469858,2145.369679,2186,538,0.00,0.1266,0.1000,7,0,3,1052,0.526000,0.0000,0,0.0000,0,0.0000,0,0.3750,2,0.1875,2,0.1719,2,0.1719,2,0.1250,2,0.1250,2,0.1094,2
12171858.0,736.952197,1408.634125,2145.586322,2187,539,0.00,0.1438,0.1125,7,0,3,1052,0.526000,0.0000,0,0.0000,0,0.0000,0,0.3750,2,0.1875,2,0.1719,2,0.1719,2,0.2969,2,0.1250,2,0.1094,2
12172506.0,737.181247,1409.373925,2146.555172,2188,540,0.00,0.1625,0.1125,7,0,3,1052,0.526000,0.0000,0,0.0000,0,0.0000,0,0.3750,2,0.1875,2,0.1719,2,0.1719,2,0.2969,2,0.3125,2,0.1094,2
12172549.0,737.197073,1409.423017,2146.620090,2189,541,0.00,0.1813,0.1125,7,0,3,1052,0.526000,0.0000,0,0.0000,0,0.0000,0,0.3750,2,0.1875,2,0.1719,2,0.1719,2,0.2969,2,0.3125,2,0.2969,2
12172609.0,737.220532,1409.491517,2146.712048,2190,541,0.00,0.2000,0.1125,8,0,2,1053,0.526500,0.1875,2,0.0000,0,0.0000,0,0.3750,2,0.1875,2,0.1719,2,0.1719,2,0.2969,2,0.3125,2,0.2969,2
12172645.0,737.236432,1409.535017,2146.771448,2191,541,0.00,0.2172,0.1250,9,0,1,1054,0.527000,0.1875,2,0.1719,2,0.0000,0,0.3750,2,0.1875,2,0.1719,2,0.1719,2,0.2969,2,0.3125,2,0.2969,2
12172646.0,737.237403,1409.536367,2146.773770,2192,541,0.00,0.2359,0.1250,10,0,0,1055,0.527500,0.1875,2,0.1719,2,0.1875,2,0.3750,2,0.1875,2,0.1719,2,0.1719,2,0.2969,2,0.3125,2,0.2969,2
12172723.0,737.277200,1409.645450,2146.922650,2193,542,0.00,0.2547,0.1250,10,0,0,1055,0.527500,0.1875,2,0.1719,2,0.1875,2,0.5625,2,0.1875,2,0.1719,2,0.1719,2,0.2969,2,0.3125,2,0.2969,2
12173162.0,737.489346,1410.244100,2147.733446,2194,543,0.00,0.2344,0.1375,9,0,1,1055,0.527500,0.1875,2,0.1719,2,0.0000,0,0.3750,2,0.3594,2,0.1719,2,0.1719,2,0.2969,2,0.3125,2,0.2969,2
12173678.0,737.691651,1410.867650,2148.559301,2195,544,0.00,0.1672,0.1125,7,0,3,1055,0.527500,0.0000,0,0.0000,0,0.0000,0,0.3750,2,0.1875,2,0.4063,2,0.1719,2,0.2969,2,0.1250,2,0.1094,2
12173996.0,737.798614,1411.201567,2149.000181,2196,545,0.00,0.1500,0.1000,6,0,4,1055,0.527500,0.0000,0,0.0000,0,0.0000,0,0.3750,2,0.1875,2,0.0000,0,0.4063,2,0.2969,2,0.1250,2,0.1094,2
12174003.0,737.800909,1411.208567,2149.009475,2197,545,0.00,0.1547,0.1125,6,0,4,1055,0.527500,0.0000,0,0.0000,0,0.0000,0,0.3750,2,0.1875,2,0.0000,0,0.4063,2,0.3438,2,0.1250,2,0.1094,2
12174085.0,737.828085,1411.296717,2149.124802,2198,546,0.00,0.1734,0.1125,6,0,4,1055,0.527500,0.0000,0,0.0000,0,0.0000,0,0.3750,2,0.1875,2,0.0000,0,0.4063,2,0.3438,2,0.3125,2,0.1094,2
12174364.0,737.921211,1411.592892,2149.514103,2199,547,0.00,0.1563,0.1000,6,0,4,1055,0.527500,0.0000,0,0.0000,0,0.0000,0,0.3750,2,0.1875,2,0.0000,0,0.4063,2,0.1719,2,0.1250,2,0.2969,2
12174371.0,737.924040,1411.599892,2149.523931,2200,547,0.00,0.1750,0.1000,7,0,3,1056,0.528000,0.1875,2,0.0000,0,0.0000,0,0.3750,2,0.1875,2,0.0000,0,0.4063,2,0.1719,2,0.1250,2,0.2969,2
12174434.0,737.947631,1411.663117,2149.610748,2201,547,0.00,0.1766,0.0875,8,0,2,1057,0.528500,0.1875,2,0.1875,2,0.0000,0,0.3750,2,0.1875,2,0.0000,0,0.2344,2,0.1719,2,0.1250,2,0.2969,2
12174652.0,738.035937,1411.892300,2149.928237,2202,547,0.00,0.1750,0.1000,8,0,2,1058,0.529000,0.1875,2,0.0000,0,0.1719,2,0.3750,2,0.1875,2,0.0000,0,0.2344,2,0.1719,2,0.1250,2,0.2969,2
12174951.0,738.142802,1412.216367,2150.359168,2203,548,0.00,0.1453,0.1000,7,0,3,1058,0.529000,0.1875,2,0.0000,0,0.1719,2,0.5469,2,0.1875,2,0.0000,0,0.0000,0,0.1250,2,0.1250,2,0.1094,2
12174993.0,738.157480,1412.261167,2150.418646,2204,549,0.00,0.1438,0.1125,6,1,3,1058,0.529000,0.0000,1,0.0000,0,0.1719,2,0.5469,2,0.3594,2,0.0000,0,0.0000,0,0.1250,2,0.1250,2,0.1094,2
12175532.0,738.311735,1412.756158,2151.067894,2205,549,0.00,0.0969,0.0875,6,0,4,1059,0.529500,0.0000,0,0.0000,0,0.0000,0,0.3750,2,0.1875,2,0.0469,2,0.0000,0,0.1250,2,0.1250,2,0.1094,2
12175696.0,738.359149,1412.906508,2151.265657,2206,549,0.00,0.1094,0.0875,6,1,3,1060,0.530000,0.0000,0,0.0000,0,0.0000,0,0.3750,2,0.1875,2,0.0000,1,0.1719,2,0.1250,2,0.1250,2,0.1094,2
12175921.0,738.426156,1413.115433,2151.541589,2207,550,0.00,0.1266,0.1000,6,0,4,1060,0.530000,0.0000,0,0.0000,0,0.0000,0,0.3750,2,0.1875,2,0.0000,0,0.1719,2,0.2969,2,0.1250,2,0.1094,2
12176615.0,738.640983,1413.809433,2152.450416,2208,551,0.00,0.1438,0.1125,6,0,4,1060,0.530000,0.0000,0,0.0000,0,0.0000,0,0.3750,2,0.1875,2,0.0000,0,0.1719,2,0.2969,2,0.2969,2,0.1094,2
12176741.0,738.680735,1413.939633,2152.620368,2209,552,0.00,0.1453,0.1125,6,0,4,1060,0.530000,0.0000,0,0.0000,0,0.0000,0,0.3750,2,0.1875,2,0.0000,0,0.1719,2,0.2969,2,0.1250,2,0.2969,2
12177171.0,738.803479,1414.335308,2153.138788,2210,552,0.00,0.1281,0.1000,6,0,4,1061,0.530500,0.1719,2,0.0000,0,0.0000,0,0.3750,2,0.1875,2,0.0000,0,0.0000,0,0.1250,2,0.1250,2,0.2969,2
12177283.0,738.838785,1414.447308,2153.286093,2211,552,0.00,0.1453,0.1125,7,0,3,1062,0.531000,0.1719,2,0.1719,2,0.0000,0,0.3750,2,0.1875,2,0.0000,0,0.0000,0,0.1250,2,0.1250,2,0.2969,2
12177374.0,738.871174,1414.549025,2153.420199,2212,552,0.00,0.1516,0.1125,7,1,2,1063,0.531500,0.1719,2,0.0000,1,0.2344,2,0.3750,2,0.1875,2,0.0000,0,0.0000,0,0.1250,2,0.1250,2,0.2969,2
12177501.0,738.916867,1414.694083,2153.610950,2213,553,0.00,0.1688,0.1250,7,0,3,1063,0.531500,0.1719,2,0.0000,0,0.2344,2,0.5469,2,0.1875,2,0.0000,0,0.0000,0,0.1250,2,0.1250,2,0.2969,2
12177501.0,738.916867,1414.694083,2153.610950,2214,554,0.00,0.1859,0.1375,7,0,3,1063,0.531500,0.1719,2,0.0000,0,0.2344,2,0.5469,2,0.3594,2,0.0000,0,0.0000,0,0.1250,2,0.1250,2,0.2969,2
12177905.0,739.047984,1415.125892,2154.173875,2215,554,0.00,0.1516,0.1125,6,0,4,1064,0.532000,0.0000,0,0.0000,0,0.0000,0,0.5469,2,0.1875,2,0.2344,2,0.0000,0,0.1250,2,0.1250,2,0.2969,2
12178214.0,739.147910,1415.445542,2154.593452,2216,555,0.00,0.1516,0.1125,7,0,3,1065,0.532500,0.0000,0,0.0000,0,0.0000,0,0.3750,2,0.1875,2,0.2344,2,0.1719,2,0.1250,2,0.1250,2,0.2969,2
12178225.0,739.151865,1415.458100,2154.609965,2217,556,0.00,0.1766,0.1125,7,0,3,1065,0.532500,0.0000,0,0.0000,0,0.0000,0,0.3750,2,0.1875,2,0.2344,2,0.1719,2,0.3750,2,0.1250,2,0.2969,2
12178306.0,739.181372,1415.545775,2154.727147,2218,557,0.00,0.1734,0.1125,6,0,4,1065,0.532500,0.0000,0,0.0000,0,0.0000,0,0.3750,2,0.1875,2,0.2344,2,0.0000,0,0.3750,2,0.2656,2,0.2969,2
12178371.0,739.203862,1415.615650,2154.819512,2219,558,0.00,0.1875,0.1250,6,0,4,1065,0.532500,0.0000,0,0.0000,0,0.0000,0,0.3750,2,0.1875,2,0.2344,2,0.0000,0,0.3750,2,0.2656,2,0.4375,2
12250817.0,756.099657,1467.440717,2223.540374,2220,558,0.00,0.0984,0.0750,5,0,5,1066,0.533000,0.1719,2,0.0000,0,0.0000,0,0.3750,2,0.1875,2,0.0000,0,0.0000,0,0.1250,2,0.1250,2,0.0000,0
12250859.0,756.110956,1467.473617,2223.584573,2221,558,0.00,0.1156,0.0875,6,0,4,1067,0.533500,0.1719,2,0.1719,2,0.0000,0,0.3750,2,0.1875,2,0.0000,0,0.0000,0,0.1250,2,0.1250,2,0.0000,0
12251254.0,756.230368,1467.838992,2224.069360,2222,558,0.00,0.1203,0.1000,7,0,3,1068,0.534000,0.1719,2,0.1719,2,0.0469,2,0.3750,2,0.1875,2,0.0000,0,0.0000,0,0.1250,2,0.1250,2,0.0000,0
12251264.0,756.233720,1467.849658,2224.083379,2223,558,0.00,0.1328,0.1125,7,0,3,1068,0.534000,0.1719,2,0.1719,2,0.0469,2,0.5000,2,0.1875,2,0.0000,0,0.0000,0,0.1250,2,0.1250,2,0.0000,0
12251281.0,756.239585,1467.869067,2224.108651,2224,558,0.00,0.1375,0.1250,7,0,3,1068,0.534000,0.1719,2,0.1719,2,0.0469,2,0.5000,2,0.2344,2,0.0000,0,0.0000,0,0.1250,2,0.1250,2,0.0000,0
12251282.0,756.240433,1467.870283,2224.110717,2225,558,0.00,0.1500,0.1250,8,0,2,1069,0.534500,0.1719,2,0.1719,2,0.0469,2,0.5000,2,0.2344,2,0.1250,2,0.0000,0,0.1250,2,0.1250,2,0.0000,0
12251282.0,756.240933,1467.870283,2224.111217,2226,558,0.00,0.1547,0.1375,9,0,1,1070,0.535000,0.1719,2,0.1719,2,0.0469,2,0.5000,2,0.2344,2,0.1250,2,0.0469,2,0.1250,2,0.1250,2,0.0000,0
12251306.0,756.251087,1467.904483,2224.155571,2227,559,0.00,0.1719,0.1500,9,0,1,1070,0.535000,0.1719,2,0.1719,2,0.0469,2,0.5000,2,0.2344,2,0.1250,2,0.0469,2,0.2969,2,0.1250,2,0.0000,0
12251429.0,756.304772,1468.088983,2224.393755,2228,560,0.00,0.1891,0.1625,9,0,1,1070,0.535000,0.1719,2,0.1719,2,0.0469,2,0.5000,2,0.2344,2,0.1250,2,0.0469,2,0.2969,2,0.2969,2,0.0000,0
12251814.0,756.476121,1468.686875,2225.162996,2229,560,0.00,0.1766,0.1625,9,0,1,1071,0.535500,0.1719,2,0.0000,0,0.0469,2,0.5000,2,0.2344,2,0.1250,2,0.0469,2,0.2969,2,0.2969,2,0.0469,2
12251938.0,756.530694,1468.882175,2225.412869,2230,561,0.00,0.1891,0.1625,9,0,1,1071,0.535500,0.2969,2,0.0000,0,0.0469,2,0.5000,2,0.2344,2,0.1250,2,0.0469,2,0.2969,2,0.2969,2,0.0469,2
12251986.0,756.552732,1468.957475,2225.510207,2231,561,0.00,0.1891,0.1625,10,0,0,1072,0.536000,0.1250,2,0.1719,2,0.0469,2,0.5000,2,0.2344,2,0.1250,2,0.0469,2,0.2969,2,0.2969,2,0.0469,2
12252028.0,756.572909,1469.026425,2225.599334,2232,561,0.00,0.2063,0.1750,10,0,0,1072,0.536000,0.1250,2,0.1719,2,0.2188,2,0.5000,2,0.2344,2,0.1250,2,0.0469,2,0.2969,2,0.2969,2,0.0469,2
12252273.0,756.690885,1469.427658,2226.118544,2233,562,0.00,0.1813,0.1375,9,1,0,1072,0.536000,0.1250,2,0.1719,2,0.2188,2,0.6875,2,0.1875,2,0.1250,2,0.0469,2,0.1250,2,0.1250,2,0.0000,1
12253549.0,757.208701,1471.166492,2228.375192,2234,563,0.00,0.1859,0.1500,8,0,2,1072,0.536000,0.0000,0,0.1719,2,0.2188,2,0.6875,2,0.3594,2,0.1250,2,0.0469,2,0.1250,2,0.1250,2,0.0000,0
12254263.0,757.497443,1472.144217,2229.641660,2235,564,0.00,0.1906,0.1500,8,0,2,1072,0.536000,0.0000,0,0.1719,2,0.2188,2,0.5000,2,0.3594,2,0.3594,2,0.0469,2,0.1250,2,0.1250,2,0.0000,0
12423801.0,797.915058,1598.600467,2396.515525,2236,564,0.00,0.0984,0.0750,5,0,5,1073,0.536500,0.0000,0,0.0000,0,0.0000,0,0.3750,2,0.1875,2,0.0000,0,0.1719,2,0.1250,2,0.1250,2,0.0000,0
12423830.0,797.922514,1598.623183,2396.545698,2237,565,0.00,0.1156,0.0875,5,0,5,1073,0.536500,0.0000,0,0.0000,0,0.0000,0,0.3750,2,0.1875,2,0.0000,0,0.1719,2,0.2969,2,0.1250,2,0.0000,0
12423832.0,797.923055,1598.624900,2396.547955,2238,566,0.00,0.1328,0.1000,5,0,5,1073,0.536500,0.0000,0,0.0000,0,0.0000,0,0.3750,2,0.1875,2,0.0000,0,0.1719,2,0.2969,2,0.2969,2,0.0000,0
12423859.0,797.931219,1598.650100,2396.581319,2239,566,0.00,0.1500,0.1125,6,0,4,1074,0.537000,0.0000,0,0.0000,0,0.0000,0,0.3750,2,0.1875,2,0.0000,0,0.1719,2,0.2969,2,0.2969,2,0.1719,2
12423925.0,797.953353,1598.721050,2396.674403,2240,566,0.00,0.1547,0.1250,7,0,3,1075,0.537500,0.0469,2,0.0000,0,0.0000,0,0.3750,2,0.1875,2,0.0000,0,0.1719,2,0.2969,2,0.2969,2,0.1719,2
12424125.0,798.021037,1598.938392,2396.959429,2241,566,0.00,0.1156,0.1000,7,0,3,1076,0.538000,0.0469,2,0.1250,2,0.0000,0,0.3750,2,0.1875,2,0.0000,0,0.0000,0,0.1250,2,0.1250,2,0.1719,2
12424232.0,798.055378,1599.045058,2397.100437,2242,566,0.00,0.1000,0.0875,6,1,3,1077,0.538500,0.0469,2,0.0000,1,0.1406,2,0.3750,2,0.1875,2,0.0000,0,0.0000,0,0.1250,2,0.1250,2,0.0000,0
12424834.0,798.229351,1599.602042,2397.831392,2243,566,0.00,0.1188,0.1000,6,0,4,1077,0.538500,0.0469,2,0.0000,0,0.1406,2,0.5625,2,0.1875,2,0.0000,0,0.0000,0,0.1250,2,0.1250,2,0.0000,0
12425048.0,798.294294,1599.816042,2398.110335,2244,567,0.00,0.1469,0.1125,6,0,4,1077,0.538500,0.0469,2,0.0000,0,0.1406,2,0.5625,2,0.4688,2,0.0000,0,0.0000,0,0.1250,2,0.1250,2,0.0000,0
12425391.0,798.406388,1600.184767,2398.591154,2245,567,0.00,0.1641,0.1250,7,0,3,1078,0.539000,0.0469,2,0.0000,0,0.1406,2,0.5625,2,0.4688,2,0.1719,2,0.0000,0,0.1250,2,0.1250,2,0.0000,0
12426769.0,798.816830,1601.524425,2400.341255,2246,567,0.00,0.1172,0.0875,5,0,5,1079,0.539500,0.0000,0,0.0000,0,0.0000,0,0.5625,2,0.1875,2,0.0000,0,0.1719,2,0.1250,2,0.1250,2,0.0000,0
12426800.0,798.825252,1601.551033,2400.376286,2247,568,0.00,0.1344,0.1000,5,0,5,1079,0.539500,0.0000,0,0.0000,0,0.0000,0,0.5625,2,0.1875,2,0.0000,0,0.1719,2,0.2969,2,0.1250,2,0.0000,0
12426800.0,798.825252,1601.551033,2400.376286,2248,569,0.00,0.1516,0.1125,5,0,5,1079,0.539500,0.0000,0,0.0000,0,0.0000,0,0.5625,2,0.1875,2,0.0000,0,0.1719,2,0.2969,2,0.2969,2,0.0000,0
12426812.0,798.829334,1601.563133,2400.392467,2249,569,0.00,0.1688,0.1250,6,0,4,1080,0.540000,0.0000,0,0.0000,0,0.0000,0,0.5625,2,0.1875,2,0.0000,0,0.1719,2,0.2969,2,0.2969,2,0.1719,2
12430888.0,799.758959,1604.434325,2404.193284,2250,569,0.00,0.1000,0.0625,5,0,5,1081,0.540500,0.1875,2,0.0000,0,0.0000,0,0.3750,2,0.1875,2,0.0000,0,0.0000,0,0.1250,2,0.1250,2,0.0000,0
12430923.0,799.768500,1604.459117,2404.227617,2251,569,0.00,0.1188,0.0625,6,0,4,1082,0.541000,0.1875,2,0.1875,2,0.0000,0,0.3750,2,0.1875,2,0.0000,0,0.0000,0,0.1250,2,0.1250,2,0.0000,0
12430926.0,799.769911,1604.461442,2404.231352,2252,569,0.00,0.1375,0.0625,7,0,3,1083,0.541500,0.1875,2,0.1875,2,0.1875,2,0.3750,2,0.1875,2,0.0000,0,0.0000,0,0.1250,2,0.1250,2,0.0000,0
12430963.0,799.782809,1604.492583,2404.275393,2253,570,0.00,0.1563,0.0625,7,0,3,1083,0.541500,0.1875,2,0.1875,2,0.1875,2,0.5625,2,0.1875,2,0.0000,0,0.0000,0,0.1250,2,0.1250,2,0.0000,0
12430967.0,799.784262,1604.495950,2404.280212,2254,571,0.00,0.1750,0.0625,7,0,3,1083,0.541500,0.1875,2,0.1875,2,0.1875,2,0.5625,2,0.3750,2,0.0000,0,0.0000,0,0.1250,2,0.1250,2,0.0000,0
12431121.0,799.842940,1604.625567,2404.468507,2255,571,0.00,0.1938,0.0625,8,0,2,1084,0.542000,0.1875,2,0.1875,2,0.1875,2,0.5625,2,0.3750,2,0.1875,2,0.0000,0,0.1250,2,0.1250,2,0.0000,0
12431350.0,799.940288,1604.833575,2404.773863,2256,571,0.00,0.2125,0.0625,9,0,1,1085,0.542500,0.1875,2,0.1875,2,0.1875,2,0.5625,2,0.3750,2,0.1875,2,0.1875,2,0.1250,2,0.1250,2,0.0000,0
12431584.0,800.044636,1605.054725,2405.099361,2257,572,0.00,0.2078,0.0750,8,0,2,1085,0.542500,0.1875,2,0.1875,2,0.1875,2,0.5625,2,0.3750,2,0.1875,2,0.0000,0,0.2656,2,0.1250,2,0.0000,0
12432162.0,800.207806,1605.510067,2405.717873,2258,573,0.00,0.0984,0.0750,4,0,6,1085,0.542500,0.0000,0,0.0000,0,0.0000,0,0.3750,2,0.1875,2,0.0000,0,0.0000,0,0.1250,2,0.2969,2,0.0000,0
12432163.0,800.208533,1605.510783,2405.719316,2259,573,0.00,0.1156,0.0875,5,0,5,1086,0.543000,0.0000,0,0.0000,0,0.0000,0,0.3750,2,0.1875,2,0.0000,0,0.0000,0,0.1250,2,0.2969,2,0.1719,2
12432202.0,800.219582,1605.544258,2405.763840,2260,573,0.00,0.1328,0.1000,6,0,4,1087,0.543500,0.1719,2,0.0000,0,0.0000,0,0.3750,2,0.1875,2,0.0000,0,0.0000,0,0.1250,2,0.2969,2,0.1719,2
12432206.0,800.221339,1605.548258,2405.769598,2261,573,0.00,0.1500,0.1125,7,0,3,1088,0.544000,0.1719,2,0.1719,2,0.0000,0,0.3750,2,0.1875,2,0.0000,0,0.0000,0,0.1250,2,0.2969,2,0.1719,2
12432235.0,800.232231,1605.581367,2405.813598,2262,573,0.00,0.1672,0.1250,8,0,2,1089,0.544500,0.1719,2,0.1719,2,0.1719,2,0.3750,2,0.1875,2,0.0000,0,0.0000,0,0.1250,2,0.2969,2,0.1719,2
12432587.0,800.354722,1605.964792,2406.319514,2263,574,0.00,0.1156,0.0875,5,1,4,1089,0.544500,0.0000,0,0.1719,2,0.0000,0,0.5469,2,0.1875,2,0.0000,0,0.0000,0,0.1250,2,0.1250,2,0.0000,1
12432589.0,800.355324,1605.966642,2406.321966,2264,575,0.00,0.1328,0.1000,5,1,4,1089,0.544500,0.0000,0,0.1719,2,0.0000,0,0.5469,2,0.3594,2,0.0000,0,0.0000,0,0.1250,2,0.1250,2,0.0000,1
12432709.0,800.390193,1606.079308,2406.469501,2265,575,0.00,0.1500,0.1125,6,0,4,1090,0.545000,0.0000,0,0.1719,2,0.0000,0,0.5469,2,0.3594,2,0.1719,2,0.0000,0,0.1250,2,0.1250,2,0.0000,0
12433466.0,800.607058,1606.789683,2407.396741,2266,575,0.00,0.1500,0.1125,6,0,4,1091,0.545500,0.0000,0,0.0000,0,0.0000,0,0.5469,2,0.3594,2,0.1719,2,0.1719,2,0.1250,2,0.1250,2,0.0000,0
12433797.0,800.715205,1607.143558,2407.858763,2267,576,0.00,0.1516,0.1000,5,1,4,1091,0.545500,0.0000,0,0.0000,0,0.0000,0,0.5469,2,0.3594,2,0.0000,1,0.1719,2,0.3125,2,0.1250,2,0.0000,0
12433799.0,800.715863,1607.145558,2407.861421,2268,577,0.00,0.1703,0.1000,5,1,4,1091,0.545500,0.0000,0,0.0000,0,0.0000,0,0.5469,2,0.3594,2,0.0000,1,0.1719,2,0.3125,2,0.3125,2,0.0000,0
12433830.0,800.726127,1607.174625,2407.900752,2269,577,0.00,0.1891,0.1000,6,0,4,1092,0.546000,0.0000,0,0.0000,0,0.0000,0,0.5469,2,0.3594,2,0.0000,0,0.1719,2,0.3125,2,0.3125,2,0.1875,2
12433884.0,800.745968,1607.228625,2407.974593,2270,577,0.00,0.2063,0.1125,7,0,3,1093,0.546500,0.1719,2,0.0000,0,0.0000,0,0.5469,2,0.3594,2,0.0000,0,0.1719,2,0.3125,2,0.3125,2,0.1875,2
12434103.0,800.832626,1607.468000,2408.300626,2271,577,0.00,0.1891,0.1000,8,0,2,1094,0.547000,0.1719,2,0.1719,2,0.0000,0,0.3750,2,0.1875,2,0.0000,0,0.1719,2,0.3125,2,0.3125,2,0.1875,2
12434329.0,800.925459,1607.716933,2408.642392,2272,577,0.00,0.1703,0.1000,7,0,3,1095,0.547500,0.1719,2,0.0000,0,0.1719,2,0.3750,2,0.1875,2,0.0000,0,0.1719,2,0.3125,2,0.3125,2,0.0000,0
12434379.0,800.944166,1607.770267,2408.714432,2273,578,0.00,0.1875,0.1125,7,0,3,1095,0.547500,0.1719,2,0.0000,0,0.1719,2,0.5469,2,0.1875,2,0.0000,0,0.1719,2,0.3125,2,0.3125,2,0.0000,0
12434547.0,800.995932,1607.912717,2408.908649,2274,579,0.00,0.1328,0.0750,4,1,5,1095,0.547500,0.0000,0,0.0000,0,0.0000,0,0.3750,2,0.3281,2,0.0000,0,0.0000,1,0.3125,2,0.3125,2,0.0000,0
12434946.0,801.085425,1608.184492,2409.269916,2275,579,0.00,0.0984,0.0750,5,0,5,1096,0.548000,0.0000,0,0.0000,0,0.0000,0,0.3750,2,0.1875,2,0.1719,2,0.0000,0,0.1250,2,0.1250,2,0.0000,0
12434948.0,801.086439,1608.186058,2409.272497,2276,579,0.00,0.1156,0.0875,6,0,4,1097,0.548500,0.0000,0,0.0000,0,0.0000,0,0.3750,2,0.1875,2,0.1719,2,0.1719,2,0.1250,2,0.1250,2,0.0000,0
12435425.0,801.208941,1608.557333,2409.766274,2277,580,0.00,0.0984,0.0750,4,0,6,1097,0.548500,0.0000,0,0.0000,0,0.0000,0,0.3750,2,0.1875,2,0.0000,0,0.0000,0,0.2969,2,0.1250,2,0.0000,0
12435501.0,801.226160,1608.611800,2409.837960,2278,581,0.00,0.1156,0.0875,4,0,6,1097,0.548500,0.0000,0,0.0000,0,0.0000,0,0.3750,2,0.1875,2,0.0000,0,0.0000,0,0.2969,2,0.2969,2,0.0000,0
12435939.0,801.331749,1608.958550,2410.290299,2279,581,0.00,0.1297,0.1000,5,0,5,1098,0.549000,0.0000,0,0.0000,0,0.0000,0,0.3750,2,0.1875,2,0.0000,0,0.0000,0,0.2969,2,0.2969,2,0.1406,2
12435966.0,801.339848,1608.983750,2410.323598,2280,581,0.00,0.1516,0.1125,6,0,4,1099,0.549500,0.2188,2,0.0000,0,0.0000,0,0.3750,2,0.1875,2,0.0000,0,0.0000,0,0.2969,2,0.2969,2,0.1406,2
12436224.0,801.408930,1609.207158,2410.616088,2281,581,0.00,0.1328,0.1000,5,0,5,1100,0.550000,0.0000,0,0.1719,2,0.0000,0,0.3750,2,0.1875,2,0.0000,0,0.0000,0,0.2969,2,0.2969,2,0.0000,0
12436492.0,801.476800,1609.428267,2410.905067,2282,581,0.00,0.1328,0.1000,5,0,5,1101,0.550500,0.0000,0,0.0000,0,0.1719,2,0.3750,2,0.1875,2,0.0000,0,0.0000,0,0.2969,2,0.2969,2,0.0000,0
12436706.0,801.534738,1609.612250,2411.146988,2283,582,0.00,0.1328,0.1000,5,0,5,1101,0.550500,0.0000,0,0.0000,0,0.1719,2,0.5469,2,0.1875,2,0.0000,0,0.0000,0,0.2969,2,0.1250,2,0.0000,0
12436924.0,801.594025,1609.801167,2411.395191,2284,583,0.00,0.1344,0.0875,5,0,5,1101,0.550500,0.0000,0,0.0000,0,0.1719,2,0.5469,2,0.3750,2,0.0000,0,0.0000,0,0.1250,2,0.1250,2,0.0000,0
12436991.0,801.613624,1609.858675,2411.472299,2285,583,0.00,0.1531,0.0875,6,0,4,1102,0.551000,0.0000,0,0.0000,0,0.1719,2,0.5469,2,0.3750,2,0.1875,2,0.0000,0,0.1250,2,0.1250,2,0.0000,0
12437305.0,801.717810,1610.149125,2411.866935,2286,583,0.00,0.1672,0.1000,7,0,3,1103,0.551500,0.0000,0,0.0000,0,0.1719,2,0.5469,2,0.3750,2,0.1875,2,0.1406,2,0.1250,2,0.1250,2,0.0000,0
12437658.0,801.831967,1610.505792,2412.337759,2287,584,0.00,0.1469,0.1125,6,0,4,1103,0.551500,0.0000,0,0.0000,0,0.1719,2,0.5469,2,0.1875,2,0.0000,0,0.1406,2,0.2969,2,0.1250,2,0.0000,0
12438546.0,802.118375,1611.446367,2413.564742,2288,585,0.00,0.1469,0.1125,6,0,4,1103,0.551500,0.0000,0,0.0000,0,0.1719,2,0.5469,2,0.1875,2,0.0000,0,0.1406,2,0.1250,2,0.2969,2,0.0000,0
12438612.0,802.140348,1611.517317,2413.657665,2289,585,0.00,0.1641,0.1250,7,0,3,1104,0.552000,0.0000,0,0.0000,0,0.1719,2,0.5469,2,0.1875,2,0.0000,0,0.1406,2,0.1250,2,0.2969,2,0.1719,2
12438877.0,802.229708,1611.807592,2414.037300,2290,585,0.00,0.1422,0.1125,7,0,3,1105,0.552500,0.1250,2,0.0000,0,0.1719,2,0.5469,2,0.1875,2,0.0000,0,0.1406,2,0.1250,2,0.1250,2,0.0000,0
12439296.0,802.364905,1612.239358,2414.604264,2291,585,0.00,0.1469,0.1125,7,0,3,1106,0.553000,0.0000,0,0.1719,2,0.1719,2,0.5469,2,0.1875,2,0.0000,0,0.1406,2,0.1250,2,0.1250,2,0.0000,0
12439617.0,802.470399,1612.574825,2415.045224,2292,586,0.00,0.1500,0.1125,6,0,4,1106,0.553000,0.0000,0,0.1719,2,0.3438,2,0.5469,2,0.1875,2,0.0000,0,0.0000,0,0.1250,2,0.1250,2,0.0000,0
12439702.0,802.498260,1612.666200,2415.164460,2293,587,0.00,0.1672,0.1250,6,0,4,1106,0.553000,0.0000,0,0.1719,2,0.3438,2,0.7188,2,0.1875,2,0.0000,0,0.0000,0,0.1250,2,0.1250,2,0.0000,0
12440242.0,802.657131,1613.182808,2415.839939,2294,588,0.00,0.1328,0.1000,5,0,5,1106,0.553000,0.0000,0,0.0000,0,0.1719,2,0.5469,2,0.3594,2,0.0000,0,0.0000,0,0.1250,2,0.1250,2,0.0000,0
12440247.0,802.659050,1613.187475,2415.846525,2295,588,0.00,0.1516,0.1000,6,0,4,1107,0.553500,0.0000,0,0.0000,0,0.1719,2,0.5469,2,0.3594,2,0.1875,2,0.0000,0,0.1250,2,0.1250,2,0.0000,0
12440256.0,802.662511,1613.196475,2415.858986,2296,588,0.00,0.1609,0.1125,7,0,3,1108,0.554000,0.0000,0,0.0000,0,0.1719,2,0.5469,2,0.3594,2,0.1875,2,0.0938,2,0.1250,2,0.1250,2,0.0000,0
12440287.0,802.673883,1613.231867,2415.905750,2297,589,0.00,0.1781,0.1250,7,0,3,1108,0.554000,0.0000,0,0.0000,0,0.1719,2,0.5469,2,0.3594,2,0.1875,2,0.0938,2,0.2969,2,0.1250,2,0.0000,0
12440291.0,802.675404,1613.236733,2415.912138,2298,590,0.00,0.1969,0.1250,7,0,3,1108,0.554000,0.0000,0,0.0000,0,0.1719,2,0.5469,2,0.3594,2,0.1875,2,0.0938,2,0.2969,2,0.3125,2,0.0000,0
12440516.0,802.762530,1613.510483,2416.273014,2299,590,0.00,0.1953,0.1375,8,0,2,1109,0.554500,0.0000,0,0.0000,0,0.1719,2,0.5469,2,0.3594,2,0.1875,2,0.0938,2,0.2969,2,0.1250,2,0.1719,2
12440646.0,802.818167,1613.687067,2416.505234,2300,590,0.00,0.2125,0.1500,9,0,1,1110,0.555000,0.1719,2,0.0000,0,0.1719,2,0.5469,2,0.3594,2,0.1875,2,0.0938,2,0.2969,2,0.1250,2,0.1719,2
12440730.0,802.857411,1613.812867,2416.670278,2301,590,0.00,0.2125,0.1500,9,0,1,1111,0.555500,0.1719,2,0.1875,2,0.1719,2,0.5469,2,0.3594,2,0.0000,0,0.0938,2,0.2969,2,0.1250,2,0.1719,2
12441193.0,803.040771,1614.397892,2417.438663,2302,591,0.00,0.1953,0.1375,7,0,3,1111,0.555500,0.0000,0,0.1875,2,0.3438,2,0.5469,2,0.3594,2,0.0000,0,0.0938,2,0.2969,2,0.1250,2,0.0000,0
12449167.0,805.278830,1621.734433,2427.013264,2303,592,0.00,0.1172,0.0750,4,0,6,1111,0.555500,0.0000,0,0.0000,0,0.0000,0,0.7344,2,0.1875,2,0.0000,0,0.0000,0,0.1250,2,0.1250,2,0.0000,0
12449255.0,805.300051,1621.797500,2427.097551,2304,593,0.00,0.1344,0.0875,4,0,6,1111,0.555500,0.0000,0,0.0000,0,0.0000,0,0.7344,2,0.3594,2,0.0000,0,0.0000,0,0.1250,2,0.1250,2,0.0000,0
12449430.0,805.345091,1621.936042,2427.281133,2305,593,0.00,0.1625,0.1000,5,0,5,1112,0.556000,0.0000,0,0.0000,0,0.0000,0,0.7344,2,0.3594,2,0.2813,2,0.0000,0,0.1250,2,0.1250,2,0.0000,0
12449490.0,805.364008,1621.992042,2427.356049,2306,593,0.00,0.1797,0.1125,6,0,4,1113,0.556500,0.0000,0,0.0000,0,0.0000,0,0.7344,2,0.3594,2,0.2813,2,0.1719,2,0.1250,2,0.1250,2,0.0000,0
12450429.0,805.640761,1622.895092,2428.535853,2307,594,0.00,0.1500,0.1125,5,0,5,1113,0.556500,0.0000,0,0.0000,0,0.0000,0,0.5469,2,0.3594,2,0.0000,0,0.1719,2,0.2969,2,0.1250,2,0.0000,0
12450477.0,805.655028,1622.943492,2428.598520,2308,595,0.00,0.1672,0.1250,5,0,5,1113,0.556500,0.0000,0,0.0000,0,0.0000,0,0.5469,2,0.3594,2,0.0000,0,0.1719,2,0.2969,2,0.2969,2,0.0000,0
12450513.0,805.666709,1622.982492,2428.649201,2309,595,0.00,0.1844,0.1375,6,0,4,1114,0.557000,0.0000,0,0.0000,0,0.0000,0,0.5469,2,0.3594,2,0.0000,0,0.1719,2,0.2969,2,0.2969,2,0.1719,2
12450514.0,805.667564,1622.983717,2428.651280,2310,595,0.00,0.2016,0.1500,7,0,3,1115,0.557500,0.1719,2,0.0000,0,0.0000,0,0.5469,2,0.3594,2,0.0000,0,0.1719,2,0.2969,2,0.2969,2,0.1719,2
12450793.0,805.770701,1623.336558,2429.107259,2311,595,0.00,0.2094,0.1500,7,0,3,1116,0.558000,0.0000,0,0.2500,2,0.0000,0,0.5469,2,0.3594,2,0.0000,0,0.1719,2,0.2969,2,0.2969,2,0.1719,2
12451095.0,805.885189,1623.721967,2429.607155,2312,595,0.00,0.2422,0.1375,7,0,3,1117,0.558500,0.0000,0,0.2500,2,0.5000,2,0.5469,2,0.3594,2,0.0000,0,0.0000,0,0.2969,2,0.2969,2,0.1719,2
12451664.0,806.096049,1624.400267,2430.496315,2313,595,0.00,0.2250,0.1250,6,0,4,1117,0.558500,0.0000,0,0.2500,2,0.0000,0,0.3750,2,0.8594,2,0.0000,0,0.0000,0,0.2969,2,0.2969,2,0.1719,2
12451664.0,806.096549,1624.400267,2430.496815,2314,595,0.00,0.2750,0.1250,7,0,3,1118,0.559000,0.0000,0,0.2500,2,0.0000,0,0.3750,2,0.8594,2,0.5000,2,0.0000,0,0.2969,2,0.2969,2,0.1719,2
12451664.0,806.097049,1624.400267,2430.497315,2315,595,0.00,0.3250,0.1250,8,0,2,1119,0.559500,0.0000,0,0.2500,2,0.0000,0,0.3750,2,0.8594,2,0.5000,2,0.5000,2,0.2969,2,0.2969,2,0.1719,2
12451762.0,806.148499,1624.526033,2430.674532,2316,596,0.00,0.3500,0.1250,8,0,2,1119,0.559500,0.0000,0,0.2500,2,0.0000,0,0.3750,2,0.8594,2,0.5000,2,0.5000,2,0.5469,2,0.2969,2,0.1719,2
12451970.0,806.239107,1624.778367,2431.017474,2317,597,0.00,0.2188,0.1250,6,0,4,1119,0.559500,0.0000,0,0.2500,2,0.0000,0,0.3750,2,0.3594,2,0.0000,0,0.0000,0,0.5469,2,0.4844,2,0.1719,2
12452185.0,806.320621,1625.023067,2431.343688,2318,598,0.00,0.2203,0.1125,6,0,4,1119,0.559500,0.0000,0,0.2500,2,0.0000,0,0.3750,2,0.3594,2,0.0000,0,0.0000,0,0.5469,2,0.3125,2,0.3594,2
12452246.0,806.343783,1625.084892,2431.428675,2319,598,0.00,0.2531,0.1000,7,0,3,1120,0.560000,0.5000,2,0.2500,2,0.0000,0,0.3750,2,0.3594,2,0.0000,0,0.0000,0,0.5469,2,0.3125,2,0.1875,2
12452273.0,806.355624,1625.113692,2431.469315,2320,599,0.00,0.2703,0.1125,7,0,3,1120,0.560000,0.5000,2,0.4219,2,0.0000,0,0.3750,2,0.3594,2,0.0000,0,0.0000,0,0.5469,2,0.3125,2,0.1875,2
12452733.0,806.535727,1625.614592,2432.150319,2321,599,0.00,0.1766,0.1125,6,0,4,1121,0.560500,0.0000,0,0.4219,2,0.1719,2,0.3750,2,0.3594,2,0.0000,0,0.0000,0,0.1250,2,0.3125,2,0.0000,0
12453111.0,806.654210,1625.977325,2432.631535,2322,600,0.00,0.1766,0.1125,5,0,5,1121,0.560500,0.0000,0,0.4219,2,0.0000,0,0.5469,2,0.3594,2,0.0000,0,0.0000,0,0.1250,2,0.3125,2,0.0000,0
12453483.0,806.769628,1626.336525,2433.106153,2323,601,0.00,0.1766,0.1125,5,0,5,1121,0.560500,0.0000,0,0.4219,2,0.0000,0,0.3750,2,0.5313,2,0.0000,0,0.0000,0,0.1250,2,0.3125,2,0.0000,0
12453753.0,806.855956,1626.608775,2433.464731,2324,601,0.00,0.1859,0.1250,6,0,4,1122,0.561000,0.0000,0,0.4219,2,0.0000,0,0.3750,2,0.5313,2,0.0938,2,0.0000,0,0.1250,2,0.3125,2,0.0000,0
12453869.0,806.897721,1626.742175,2433.639896,2325,601,0.00,0.2031,0.1375,7,0,3,1123,0.561500,0.0000,0,0.4219,2,0.0000,0,0.3750,2,0.5313,2,0.0938,2,0.1719,2,0.1250,2,0.3125,2,0.0000,0
12453874.0,806.899719,1626.748633,2433.648352,2326,602,0.00,0.2203,0.1500,7,0,3,1123,0.561500,0.0000,0,0.4219,2,0.0000,0,0.3750,2,0.5313,2,0.0938,2,0.1719,2,0.2969,2,0.3125,2,0.0000,0
12454279.0,807.062474,1627.276783,2434.339257,2327,603,0.00,0.2203,0.1500,7,0,3,1123,0.561500,0.0000,0,0.4219,2,0.0000,0,0.3750,2,0.5313,2,0.0938,2,0.1719,2,0.1250,2,0.4844,2,0.0000,0
12455230.0,807.361248,1628.237817,2435.599065,2328,603,0.00,0.1219,0.1000,6,0,4,1124,0.562000,0.0000,0,0.1719,2,0.0000,0,0.3750,2,0.3594,2,0.0000,0,0.0000,0,0.1250,2,0.1250,2,0.0625,2
12455241.0,807.365113,1628.248817,2435.613930,2329,603,0.00,0.1281,0.1125,7,0,3,1125,0.562500,0.0625,2,0.1719,2,0.0000,0,0.3750,2,0.3594,2,0.0000,0,0.0000,0,0.1250,2,0.1250,2,0.0625,2
12455250.0,807.368185,1628.259092,2435.627277,2330,603,0.00,0.1344,0.1250,7,0,3,1125,0.562500,0.0625,2,0.2344,2,0.0000,0,0.3750,2,0.3594,2,0.0000,0,0.0000,0,0.1250,2,0.1250,2,0.0625,2
12455257.0,807.371108,1628.267608,2435.638716,2331,603,0.00,0.1406,0.1375,8,0,2,1126,0.563000,0.0625,2,0.2344,2,0.0625,2,0.3750,2,0.3594,2,0.0000,0,0.0000,0,0.1250,2,0.1250,2,0.0625,2
12455415.0,807.431401,1628.482225,2435.913626,2332,604,0.00,0.1578,0.1500,8,0,2,1126,0.563000,0.0625,2,0.2344,2,0.0625,2,0.5469,2,0.3594,2,0.0000,0,0.0000,0,0.1250,2,0.1250,2,0.0625,2
12455453.0,807.446409,1628.536692,2435.983101,2333,605,0.00,0.1750,0.1625,8,0,2,1126,0.563000,0.0625,2,0.2344,2,0.0625,2,0.5469,2,0.5313,2,0.0000,0,0.0000,0,0.1250,2,0.1250,2,0.0625,2
12455455.0,807.447726,1628.539708,2435.987434,2334,605,0.00,0.1922,0.1750,9,0,1,1127,0.563500,0.0625,2,0.2344,2,0.0625,2,0.5469,2,0.5313,2,0.1719,2,0.0000,0,0.1250,2,0.1250,2,0.0625,2
12455488.0,807.463150,1628.594158,2436.057309,2335,605,0.00,0.2094,0.1875,10,0,0,1128,0.564000,0.0625,2,0.2344,2,0.0625,2,0.5469,2,0.5313,2,0.1719,2,0.1719,2,0.1250,2,0.1250,2,0.0625,2
12455691.0,807.563875,1628.957867,2436.521742,2336,605,0.00,0.2141,0.2000,10,0,0,1128,0.564000,0.0625,2,0.2344,2,0.0625,2,0.5469,2,0.5313,2,0.1719,2,0.1719,2,0.1719,2,0.1250,2,0.0625,2
12455856.0,807.646346,1629.265867,2436.912213,2337,605,0.00,0.2328,0.2125,10,0,0,1128,0.564000,0.0625,2,0.2344,2,0.0625,2,0.5469,2,0.5313,2,0.1719,2,0.1719,2,0.1719,2,0.3125,2,0.0625,2
12502993.0,818.101035,1664.119092,2482.220126,2338,605,0.00,0.0984,0.0875,5,0,5,1129,0.564500,0.0000,0,0.0000,0,0.0000,0,0.3750,2,0.1875,2,0.0000,0,0.0000,0,0.1719,2,0.1250,2,0.1250,2
12502998.0,818.102820,1664.123383,2482.226204,2339,605,0.00,0.1156,0.1000,6,0,4,1130,0.565000,0.1719,2,0.0000,0,0.0000,0,0.3750,2,0.1875,2,0.0000,0,0.0000,0,0.1719,2,0.1250,2,0.1250,2
12503029.0,818.112653,1664.154383,2482.267036,2340,605,0.00,0.1406,0.1125,7,0,3,1131,0.565500,0.1719,2,0.2500,2,0.0000,0,0.3750,2,0.1875,2,0.0000,0,0.0000,0,0.1719,2,0.1250,2,0.1250,2
12503499.0,818.278142,1664.690967,2482.969109,2341,605,0.00,0.1469,0.1250,8,0,2,1132,0.566000,0.1719,2,0.2500,2,0.0625,2,0.3750,2,0.1875,2,0.0000,0,0.0000,0,0.1719,2,0.1250,2,0.1250,2
12503752.0,818.364039,1664.972192,2483.336231,2342,605,0.00,0.1281,0.1125,6,0,4,1132,0.566000,0.0000,0,0.2500,2,0.0000,0,0.4219,2,0.1875,2,0.0000,0,0.0000,0,0.1719,2,0.1250,2,0.1250,2
12504107.0,818.474360,1665.353817,2483.828177,2343,606,0.00,0.1531,0.1250,6,0,4,1132,0.566000,0.0000,0,0.2500,2,0.0000,0,0.4219,2,0.4375,2,0.0000,0,0.0000,0,0.1719,2,0.1250,2,0.1250,2
12504165.0,818.494012,1665.420517,2483.914529,2344,606,0.00,0.1656,0.1250,7,0,3,1133,0.566500,0.0000,0,0.2500,2,0.0000,0,0.4219,2,0.4375,2,0.1250,2,0.0000,0,0.1719,2,0.1250,2,0.1250,2
12504175.0,818.498217,1665.432683,2483.930900,2345,606,0.00,0.1719,0.1375,8,0,2,1134,0.567000,0.0000,0,0.2500,2,0.0000,0,0.4219,2,0.4375,2,0.1250,2,0.0625,2,0.1719,2,0.1250,2,0.1250,2
12504377.0,818.580209,1665.707067,2484.287276,2346,606,0.00,0.1766,0.1500,8,0,2,1134,0.567000,0.0000,0,0.2500,2,0.0000,0,0.4219,2,0.4375,2,0.1250,2,0.0625,2,0.2188,2,0.1250,2,0.1250,2
12504614.0,818.677272,1666.046767,2484.724039,2347,607,0.00,0.1938,0.1625,8,0,2,1134,0.567000,0.0000,0,0.2500,2,0.0000,0,0.4219,2,0.4375,2,0.1250,2,0.0625,2,0.2188,2,0.2969,2,0.1250,2
12504789.0,818.751283,1666.310725,2485.062008,2348,607,0.00,0.2063,0.1625,8,0,2,1134,0.567000,0.0000,0,0.2500,2,0.0000,0,0.4219,2,0.4375,2,0.1250,2,0.0625,2,0.2188,2,0.2969,2,0.2500,2
12504933.0,818.814083,1666.527925,2485.342008,2349,607,0.00,0.2125,0.1750,9,0,1,1135,0.567500,0.0625,2,0.2500,2,0.0000,0,0.4219,2,0.4375,2,0.1250,2,0.0625,2,0.2188,2,0.2969,2,0.2500,2
12505728.0,819.186187,1667.839675,2487.025862,2350,608,0.00,0.2250,0.1875,9,0,1,1135,0.567500,0.0625,2,0.3750,2,0.0000,0,0.4219,2,0.4375,2,0.1250,2,0.0625,2,0.2188,2,0.2969,2,0.2500,2
12505838.0,819.238743,1668.029425,2487.268168,2351,608,0.00,0.2250,0.1875,9,0,1,1135,0.567500,0.0625,2,0.3750,2,0.0000,0,0.4219,2,0.4375,2,0.1250,2,0.0625,2,0.2188,2,0.2969,2,0.2500,2
12506673.0,819.632990,1669.449100,2489.082090,2352,608,0.00,0.2063,0.1625,10,0,0,1136,0.568000,0.0625,2,0.1250,2,0.2344,2,0.4219,2,0.4375,2,0.1250,2,0.0625,2,0.2188,2,0.1250,2,0.2500,2
12506675.0,819.633978,1669.452383,2489.086361,2353,609,0.00,0.2297,0.1625,10,0,0,1136,0.568000,0.0625,2,0.1250,2,0.2344,2,0.6563,2,0.4375,2,0.1250,2,0.0625,2,0.2188,2,0.1250,2,0.2500,2
12506899.0,819.738679,1669.811383,2489.550063,2354,610,0.00,0.2063,0.1625,9,0,1,1136,0.568000,0.0625,2,0.1250,2,0.0000,0,0.4219,2,0.6719,2,0.1250,2,0.0625,2,0.2188,2,0.1250,2,0.2500,2
12506978.0,819.774163,1669.931533,2489.705697,2355,611,0.00,0.2000,0.1500,9,0,1,1136,0.568000,0.0625,2,0.1250,2,0.0000,0,0.4219,2,0.4219,2,0.3125,2,0.0625,2,0.2188,2,0.1250,2,0.2500,2
12507050.0,819.807018,1670.038408,2489.845426,2356,611,0.00,0.2047,0.1500,8,1,1,1136,0.568000,0.0625,2,0.0000,1,0.0000,0,0.4219,2,0.4219,2,0.3125,2,0.2344,2,0.2188,2,0.1250,2,0.2500,2
12507086.0,819.823007,1670.091008,2489.914015,2357,612,0.00,0.2234,0.1500,8,0,2,1136,0.568000,0.0625,2,0.0000,0,0.0000,0,0.4219,2,0.4219,2,0.3125,2,0.2344,2,0.4063,2,0.1250,2,0.2500,2
12507399.0,819.958575,1670.539642,2490.498217,2358,613,0.00,0.1641,0.1625,8,0,2,1136,0.568000,0.0625,2,0.0000,0,0.0000,0,0.4219,2,0.1875,2,0.1250,2,0.2344,2,0.2188,2,0.1406,2,0.2500,2
12507709.0,820.082521,1671.007225,2491.089746,2359,614,0.00,0.1813,0.1750,8,0,2,1136,0.568000,0.0625,2,0.0000,0,0.0000,0,0.4219,2,0.1875,2,0.1250,2,0.2344,2,0.2188,2,0.1406,2,0.4219,2
12507840.0,820.135687,1671.209242,2491.344929,2360,614,0.00,0.1703,0.1750,8,0,2,1136,0.568000,0.1250,2,0.0000,0,0.0000,0,0.4219,2,0.1875,2,0.1250,2,0.2344,2,0.2188,2,0.1406,2,0.2500,2
12507875.0,820.150351,1671.264658,2491.415010,2361,614,0.00,0.1875,0.1875,9,0,1,1137,0.568500,0.1250,2,0.1719,2,0.0000,0,0.4219,2,0.1875,2,0.1250,2,0.2344,2,0.2188,2,0.1406,2,0.2500,2
12508288.0,820.331556,1671.951433,2492.282989,2362,614,0.00,0.1828,0.1875,10,0,0,1138,0.569000,0.1250,2,0.1719,2,0.1250,2,0.4219,2,0.1875,2,0.1250,2,0.0625,2,0.2188,2,0.1406,2,0.2500,2
12508644.0,820.494510,1672.567892,2493.062402,2363,615,0.00,0.1828,0.1875,9,0,1,1138,0.569000,0.1250,2,0.0000,0,0.1250,2,0.5938,2,0.1875,2,0.1250,2,0.0625,2,0.2188,2,0.1406,2,0.2500,2
12509097.0,820.682961,1673.288175,2493.971136,2364,615,0.00,0.1750,0.1750,8,0,2,1138,0.569000,0.0625,2,0.0000,0,0.1250,2,0.5938,2,0.2344,2,0.1250,2,0.0000,0,0.2188,2,0.1406,2,0.2500,2
12509470.0,820.833799,1673.870508,2494.704307,2365,616,0.00,0.1859,0.1750,8,0,2,1138,0.569000,0.0625,2,0.0000,0,0.1250,2,0.4219,2,0.2344,2,0.4063,2,0.0000,0,0.2188,2,0.1406,2,0.2500,2
12509692.0,820.926440,1674.213833,2495.140273,2366,616,0.00,0.2000,0.1750,9,0,1,1139,0.569500,0.0625,2,0.0000,0,0.1250,2,0.4219,2,0.1875,2,0.4063,2,0.1875,2,0.2188,2,0.1406,2,0.2500,2
12509891.0,821.011704,1674.522650,2495.534354,2367,617,0.00,0.1984,0.1750,8,0,2,1139,0.569500,0.0625,2,0.0000,0,0.1250,2,0.4219,2,0.1875,2,0.4063,2,0.0000,0,0.3906,2,0.1406,2,0.2500,2
12509941.0,821.033032,1674.601817,2495.634849,2368,618,0.00,0.2156,0.1875,8,0,2,1139,0.569500,0.0625,2,0.0000,0,0.1250,2,0.4219,2,0.1875,2,0.4063,2,0.0000,0,0.3906,2,0.3125,2,0.2500,2
12510174.0,821.131624,1674.972308,2496.103932,2369,619,0.00,0.1844,0.1500,6,2,2,1139,0.569500,0.0000,1,0.0000,0,0.0000,1,0.4219,2,0.1875,2,0.1250,2,0.0000,0,0.3906,2,0.2969,2,0.4219,2
12510428.0,821.221937,1675.298792,2496.520729,2370,619,0.00,0.1844,0.1500,7,0,3,1140,0.570000,0.1719,2,0.0000,0,0.0000,0,0.4219,2,0.1875,2,0.1250,2,0.0000,0,0.3906,2,0.1250,2,0.4219,2
12510614.0,821.294060,1675.552992,2496.847052,2371,619,0.00,0.1984,0.1625,8,0,2,1141,0.570500,0.1719,2,0.1406,2,0.0000,0,0.4219,2,0.1875,2,0.1250,2,0.0000,0,0.3906,2,0.1250,2,0.4219,2
12510616.0,821.295413,1675.556008,2496.851422,2372,619,0.00,0.2156,0.1750,9,0,1,1142,0.571000,0.1719,2,0.1406,2,0.1719,2,0.4219,2,0.1875,2,0.1250,2,0.0000,0,0.3906,2,0.1250,2,0.4219,2
12511091.0,821.489462,1676.222192,2497.711653,2373,620,0.00,0.1641,0.1375,7,0,3,1142,0.571000,0.0000,0,0.1406,2,0.0000,0,0.5938,2,0.1875,2,0.1250,2,0.0000,0,0.2188,2,0.1250,2,0.2500,2
12511311.0,821.567344,1676.493767,2498.061111,2374,620,0.00,0.1625,0.1375,6,0,4,1142,0.571000,0.0000,0,0.0000,0,0.0000,0,0.5938,2,0.3125,2,0.1250,2,0.0000,0,0.2188,2,0.1250,2,0.2500,2
12511372.0,821.587932,1676.568492,2498.156423,2375,621,0.00,0.1875,0.1375,6,0,4,1142,0.571000,0.0000,0,0.0000,0,0.0000,0,0.5938,2,0.3125,2,0.3750,2,0.0000,0,0.2188,2,0.1250,2,0.2500,2
12511475.0,821.624697,1676.694667,2498.319364,2376,621,0.00,0.1875,0.1375,6,0,4,1142,0.571000,0.0000,0,0.0000,0,0.0000,0,0.5938,2,0.3125,2,0.3750,2,0.0000,0,0.2188,2,0.1250,2,0.2500,2
12511960.0,821.792192,1677.254442,2499.046634,2377,621,0.00,0.1891,0.1375,7,0,3,1143,0.571500,0.0000,0,0.0000,0,0.0000,0,0.4219,2,0.3125,2,0.3750,2,0.1875,2,0.2188,2,0.1250,2,0.2500,2
12512351.0,821.944180,1677.759483,2499.703663,2378,622,0.00,0.2063,0.1500,7,0,3,1143,0.571500,0.0000,0,0.0000,0,0.0000,0,0.4219,2,0.3125,2,0.3750,2,0.1875,2,0.3906,2,0.1250,2,0.2500,2
12512577.0,822.032471,1678.053875,2500.086346,2379,623,0.00,0.2063,0.1500,7,0,3,1143,0.571500,0.0000,0,0.0000,0,0.0000,0,0.4219,2,0.3125,2,0.3750,2,0.1875,2,0.2188,2,0.2969,2,0.2500,2
12512604.0,822.043327,1678.090775,2500.134102,2380,624,0.00,0.2234,0.1625,7,0,3,1143,0.571500,0.0000,0,0.0000,0,0.0000,0,0.4219,2,0.3125,2,0.3750,2,0.1875,2,0.2188,2,0.2969,2,0.4219,2
12512725.0,822.094097,1678.265217,2500.359313,2381,624,0.00,0.2375,0.1750,8,0,2,1144,0.572000,0.1406,2,0.0000,0,0.0000,0,0.4219,2,0.3125,2,0.3750,2,0.1875,2,0.2188,2,0.2969,2,0.4219,2
12512802.0,822.129781,1678.387133,2500.516915,2382,624,0.00,0.2516,0.1875,9,0,1,1145,0.572500,0.1406,2,0.1406,2,0.0000,0,0.4219,2,0.3125,2,0.3750,2,0.1875,2,0.2188,2,0.2969,2,0.4219,2
12512815.0,822.136761,1678.409558,2500.546319,2383,624,0.00,0.2656,0.2000,10,0,0,1146,0.573000,0.1406,2,0.1406,2,0.1406,2,0.4219,2,0.3125,2,0.3750,2,0.1875,2,0.2188,2,0.2969,2,0.4219,2
12513275.0,822.352353,1679.163033,2501.515386,2384,625,0.00,0.1672,0.1500,6,0,4,1146,0.573000,0.0000,0,0.0000,0,0.0000,0,0.7031,2,0.3125,2,0.0000,0,0.1875,2,0.2188,2,0.1250,2,0.1250,2
12520990.0,824.374523,1687.120567,2511.495090,2385,626,0.00,0.1250,0.1250,4,0,6,1146,0.573000,0.0000,0,0.0000,0,0.0000,0,0.4219,2,0.4844,2,0.0000,0,0.0000,0,0.2188,2,0.1250,2,0.0000,0
12521425.0,824.477512,1687.534467,2512.011978,2386,626,0.00,0.1250,0.1250,5,0,5,1147,0.573500,0.0000,0,0.0000,0,0.0000,0,0.4219,2,0.3125,2,0.1719,2,0.0000,0,0.2188,2,0.1250,2,0.0000,0
12521859.0,824.582925,1687.953225,2512.536150,2387,626,0.00,0.1266,0.1250,5,0,5,1148,0.574000,0.0000,0,0.0000,0,0.0000,0,0.4219,2,0.3125,2,0.0000,0,0.1875,2,0.2188,2,0.1250,2,0.0000,0
12522199.0,824.677782,1688.321558,2512.999341,2388,626,0.00,0.1766,0.1250,5,0,5,1148,0.574000,0.0000,0,0.0000,0,0.0000,0,0.4219,2,0.3125,2,0.0000,0,0.1875,2,0.7188,2,0.1250,2,0.0000,0
12522199.0,824.677782,1688.321558,2512.999341,2389,626,0.00,0.2266,0.1250,5,0,5,1148,0.574000,0.0000,0,0.0000,0,0.0000,0,0.4219,2,0.3125,2,0.0000,0,0.1875,2,0.7188,2,0.6250,2,0.0000,0
12522199.0,824.678282,1688.321558,2512.999841,2390,626,0.00,0.2766,0.1250,6,0,4,1149,0.574500,0.0000,0,0.0000,0,0.0000,0,0.4219,2,0.3125,2,0.0000,0,0.1875,2,0.7188,2,0.6250,2,0.5000,2
12522200.0,824.679209,1688.322708,2513.001917,2391,626,0.00,0.3266,0.1250,7,0,3,1150,0.575000,0.5000,2,0.0000,0,0.0000,0,0.4219,2,0.3125,2,0.0000,0,0.1875,2,0.7188,2,0.6250,2,0.5000,2
12522456.0,824.784503,1688.623642,2513.408145,2392,626,0.00,0.1453,0.1375,6,0,4,1151,0.575500,0.0000,0,0.1875,2,0.0000,0,0.4219,2,0.3125,2,0.0000,0,0.1875,2,0.2188,2,0.1250,2,0.0000,0
12522517.0,824.804498,1688.696942,2513.501440,2393,626,0.00,0.1438,0.1375,6,1,3,1152,0.576000,0.0000,0,0.0000,1,0.1719,2,0.4219,2,0.3125,2,0.0000,0,0.1875,2,0.2188,2,0.1250,2,0.0000,0
12522876.0,824.920761,1689.137450,2514.058211,2394,626,0.00,0.1438,0.1375,6,0,4,1152,0.576000,0.0000,0,0.0000,0,0.1719,2,0.4219,2,0.3125,2,0.0000,0,0.1875,2,0.2188,2,0.1250,2,0.0000,0
12523510.0,825.125490,1689.914100,2515.039590,2395,626,0.00,0.1484,0.1500,6,0,4,1152,0.576000,0.0000,0,0.0000,0,0.1719,2,0.4688,2,0.3125,2,0.0000,0,0.1875,2,0.2188,2,0.1250,2,0.0000,0
12523614.0,825.159453,1690.049300,2515.208753,2396,627,0.00,0.1656,0.1625,6,0,4,1152,0.576000,0.0000,0,0.0000,0,0.1719,2,0.4688,2,0.4844,2,0.0000,0,0.1875,2,0.2188,2,0.1250,2,0.0000,0
12523844.0,825.237293,1690.362025,2515.599318,2397,627,0.00,0.1609,0.1625,6,0,4,1153,0.576500,0.0000,0,0.0000,0,0.1719,2,0.4688,2,0.4844,2,0.1406,2,0.0000,0,0.2188,2,0.1250,2,0.0000,0
12524063.0,825.311440,1690.663150,2515.974590,2398,627,0.00,0.1859,0.1625,7,0,3,1154,0.577000,0.0000,0,0.0000,0,0.1719,2,0.4688,2,0.4844,2,0.1406,2,0.2500,2,0.2188,2,0.1250,2,0.0000,0
12524197.0,825.360085,1690.845133,2516.205218,2399,628,0.00,0.1703,0.1375,6,0,4,1154,0.577000,0.0000,0,0.0000,0,0.0000,0,0.4688,2,0.3125,2,0.1406,2,0.2500,2,0.4063,2,0.1250,2,0.0000,0
12524322.0,825.403032,1690.998258,2516.401290,2400,629,0.00,0.1953,0.1500,6,0,4,1154,0.577000,0.0000,0,0.0000,0,0.0000,0,0.4688,2,0.3125,2,0.1406,2,0.2500,2,0.4063,2,0.3750,2,0.0000,0
12524679.0,825.520396,1691.417750,2516.938146,2401,629,0.00,0.2094,0.1500,6,0,4,1155,0.577500,0.0000,0,0.0000,0,0.0000,0,0.4688,2,0.3125,2,0.0000,0,0.2500,2,0.4063,2,0.3750,2,0.2813,2
12524771.0,825.555300,1691.537350,2517.092650,2402,629,0.00,0.2328,0.1500,7,0,3,1156,0.578000,0.2344,2,0.0000,0,0.0000,0,0.4688,2,0.3125,2,0.0000,0,0.2500,2,0.4063,2,0.3750,2,0.2813,2
12524948.0,825.624486,1691.774583,2517.399069,2403,629,0.00,0.2125,0.1500,7,0,3,1157,0.578500,0.2344,2,0.2344,2,0.0000,0,0.4688,2,0.3125,2,0.0000,0,0.0000,0,0.2188,2,0.3750,2,0.2813,2
12525978.0,825.949022,1692.981833,2518.930855,2404,629,0.00,0.1125,0.1250,5,0,5,1158,0.579000,0.0000,0,0.0000,0,0.1250,2,0.4688,2,0.1875,2,0.0000,0,0.0000,0,0.2188,2,0.1250,2,0.0000,0
12526344.0,826.043294,1693.363617,2519.406911,2405,630,0.00,0.1219,0.1250,4,0,6,1158,0.579000,0.0000,0,0.0000,0,0.0000,0,0.6875,2,0.1875,2,0.0000,0,0.0000,0,0.2188,2,0.1250,2,0.0000,0
12526571.0,826.098862,1693.594400,2519.693262,2406,631,0.00,0.1281,0.1375,4,0,6,1158,0.579000,0.0000,0,0.0000,0,0.0000,0,0.6875,2,0.2500,2,0.0000,0,0.0000,0,0.2188,2,0.1250,2,0.0000,0
12526762.0,826.147045,1693.802908,2519.949954,2407,631,0.00,0.1469,0.1375,5,0,5,1159,0.579500,0.0000,0,0.0000,0,0.0000,0,0.6875,2,0.2500,2,0.1875,2,0.0000,0,0.2188,2,0.1250,2,0.0000,0
12526979.0,826.207376,1694.048800,2520.256176,2408,631,0.00,0.1453,0.1500,5,0,5,1160,0.580000,0.0000,0,0.0000,0,0.0000,0,0.6875,2,0.2500,2,0.0000,0,0.1719,2,0.2188,2,0.1250,2,0.0000,0
12527183.0,826.267266,1694.300400,2520.567666,2409,632,0.00,0.1625,0.1625,5,0,5,1160,0.580000,0.0000,0,0.0000,0,0.0000,0,0.6875,2,0.2500,2,0.0000,0,0.1719,2,0.3906,2,0.1250,2,0.0000,0
12527351.0,826.318833,1694.520200,2520.839033,2410,633,0.00,0.1797,0.1750,5,0,5,1160,0.580000,0.0000,0,0.0000,0,0.0000,0,0.6875,2,0.2500,2,0.0000,0,0.1719,2,0.3906,2,0.2969,2,0.0000,0
12527402.0,826.335669,1694.590750,2520.926419,2411,633,0.00,0.1969,0.1875,6,0,4,1161,0.580500,0.0000,0,0.0000,0,0.0000,0,0.6875,2,0.2500,2,0.0000,0,0.1719,2,0.3906,2,0.2969,2,0.1719,2
12527845.0,826.493340,1695.247875,2521.741215,2412,633,0.00,0.2031,0.1875,7,0,3,1162,0.581000,0.2813,2,0.0000,0,0.0000,0,0.4688,2,0.2500,2,0.0000,0,0.1719,2,0.3906,2,0.2969,2,0.1719,2
12527890.0,826.511824,1695.319500,2521.831324,2413,633,0.00,0.2313,0.2000,8,0,2,1163,0.581500,0.2813,2,0.2813,2,0.0000,0,0.4688,2,0.2500,2,0.0000,0,0.1719,2,0.3906,2,0.2969,2,0.1719,2
12528080.0,826.592426,1695.632700,2522.225126,2414,633,0.00,0.2094,0.2000,8,0,2,1164,0.582000,0.2813,2,0.0000,0,0.0625,2,0.4688,2,0.2500,2,0.0000,0,0.1719,2,0.3906,2,0.2969,2,0.1719,2
12528330.0,826.695009,1696.041083,2522.736093,2415,634,0.00,0.1922,0.1875,7,0,3,1164,0.582000,0.2813,2,0.0000,0,0.0625,2,0.6406,2,0.2500,2,0.0000,0,0.0000,0,0.2188,2,0.2969,2,0.1719,2
12528686.0,826.817243,1696.561267,2523.378509,2416,635,0.00,0.1781,0.1875,6,0,4,1164,0.582000,0.0000,0,0.0000,0,0.0625,2,0.6406,2,0.3906,2,0.0000,0,0.0000,0,0.2188,2,0.2969,2,0.1719,2
12529015.0,826.931984,1697.046642,2523.978625,2417,635,0.00,0.1875,0.1875,7,0,3,1165,0.582500,0.0000,0,0.0000,0,0.0625,2,0.5938,2,0.3906,2,0.1406,2,0.0000,0,0.2188,2,0.2969,2,0.1719,2
12529028.0,826.937521,1697.067333,2524.004854,2418,635,0.00,0.2016,0.2000,8,0,2,1166,0.583000,0.0000,0,0.0000,0,0.0625,2,0.5938,2,0.3906,2,0.1406,2,0.1406,2,0.2188,2,0.2969,2,0.1719,2
12529407.0,827.083774,1697.646308,2524.730083,2419,635,0.00,0.1547,0.1625,6,0,4,1166,0.583000,0.0000,0,0.0000,0,0.0625,2,0.4219,2,0.2500,2,0.0000,0,0.0000,0,0.3438,2,0.2969,2,0.1719,2
12529537.0,827.126860,1697.825058,2524.951918,2420,636,0.00,0.1609,0.1750,6,0,4,1166,0.583000,0.0000,0,0.0000,0,0.0625,2,0.4219,2,0.2500,2,0.0000,0,0.0000,0,0.3438,2,0.3594,2,0.1719,2
12529592.0,827.145355,1697.904808,2525.050164,2421,637,0.00,0.1859,0.1750,6,0,4,1166,0.583000,0.0000,0,0.0000,0,0.0625,2,0.4219,2,0.2500,2,0.0000,0,0.0000,0,0.3438,2,0.3594,2,0.4219,2
12529632.0,827.160084,1697.962808,2525.122893,2422,637,0.00,0.2031,0.1875,7,0,3,1167,0.583500,0.1719,2,0.0000,0,0.0625,2,0.4219,2,0.2500,2,0.0000,0,0.0000,0,0.3438,2,0.3594,2,0.4219,2
12529689.0,827.183365,1698.053533,2525.236898,2423,637,0.00,0.2219,0.1875,8,0,2,1168,0.584000,0.1719,2,0.1875,2,0.0625,2,0.4219,2,0.2500,2,0.0000,0,0.0000,0,0.3438,2,0.3594,2,0.4219,2
12529733.0,827.202695,1698.125150,2525.327845,2424,637,0.00,0.2219,0.1875,8,0,2,1168,0.584000,0.1719,2,0.1875,2,0.2344,2,0.4219,2,0.2500,2,0.0000,0,0.0000,0,0.3438,2,0.1875,2,0.4219,2
12530196.0,827.390653,1698.807483,2526.198137,2425,637,0.00,0.1891,0.1625,7,0,3,1168,0.584000,0.0000,0,0.1875,2,0.0625,2,0.6094,2,0.2500,2,0.0000,0,0.0000,0,0.3438,2,0.1875,2,0.2500,2
12530990.0,827.695497,1699.919167,2527.614663,2426,638,0.00,0.1641,0.1500,6,1,3,1168,0.584000,0.0000,0,0.0000,1,0.0625,2,0.4219,2,0.3750,2,0.0000,0,0.0000,0,0.3438,2,0.1875,2,0.2500,2
12531273.0,827.792067,1700.287533,2528.079600,2427,638,0.00,0.1828,0.1625,7,0,3,1169,0.584500,0.0000,0,0.0000,0,0.0625,2,0.4219,2,0.3750,2,0.1875,2,0.0000,0,0.3438,2,0.1875,2,0.2500,2
12531644.0,827.932751,1700.805217,2528.737967,2428,638,0.00,0.1891,0.1500,8,0,2,1170,0.585000,0.0000,0,0.0000,0,0.0625,2,0.4219,2,0.3750,2,0.1875,2,0.1875,2,0.2188,2,0.1875,2,0.2500,2
12531687.0,827.950779,1700.866850,2528.817629,2429,639,0.00,0.2078,0.1500,8,0,2,1170,0.585000,0.0000,0,0.0000,0,0.0625,2,0.4219,2,0.3750,2,0.1875,2,0.1875,2,0.4063,2,0.1875,2,0.2500,2
12531691.0,827.952515,1700.872583,2528.825098,2430,640,0.00,0.2266,0.1625,8,0,2,1170,0.585000,0.0000,0,0.0000,0,0.0625,2,0.4219,2,0.3750,2,0.1875,2,0.1875,2,0.4063,2,0.3750,2,0.2500,2
12531695.0,827.954308,1700.878617,2528.832925,2431,641,0.00,0.2453,0.1625,8,0,2,1170,0.585000,0.0000,0,0.0000,0,0.0625,2,0.4219,2,0.3750,2,0.1875,2,0.1875,2,0.4063,2,0.3750,2,0.4375,2
12532141.0,828.149007,1701.511825,2529.660832,2432,641,0.00,0.2391,0.1625,8,0,2,1171,0.585500,0.1250,2,0.0000,0,0.0625,2,0.4219,2,0.3750,2,0.0000,0,0.1875,2,0.4063,2,0.3750,2,0.4375,2
12532859.0,828.415793,1702.405575,2530.821368,2433,641,0.00,0.2000,0.1500,7,0,3,1172,0.586000,0.0000,0,0.2344,2,0.0000,0,0.4219,2,0.3750,2,0.0000,0,0.1875,2,0.2188,2,0.3750,2,0.1875,2
12532891.0,828.429004,1702.449308,2530.878313,2434,641,0.00,0.2125,0.1625,8,0,2,1173,0.586500,0.0000,0,0.2344,2,0.1250,2,0.4219,2,0.3750,2,0.0000,0,0.1875,2,0.2188,2,0.3750,2,0.1875,2
12532925.0,828.443879,1702.500592,2530.944471,2435,642,0.00,0.2406,0.1750,8,0,2,1173,0.586500,0.0000,0,0.2344,2,0.1250,2,0.7031,2,0.3750,2,0.0000,0,0.1875,2,0.2188,2,0.3750,2,0.1875,2
12532927.0,828.444798,1702.503758,2530.948556,2436,643,0.00,0.2594,0.1875,8,0,2,1173,0.586500,0.0000,0,0.2344,2,0.1250,2,0.7031,2,0.5625,2,0.0000,0,0.1875,2,0.2188,2,0.3750,2,0.1875,2
12533004.0,828.481039,1702.630983,2531.112023,2437,643,0.00,0.2641,0.2000,8,0,2,1174,0.587000,0.0000,0,0.2344,2,0.1250,2,0.7031,2,0.5625,2,0.2344,2,0.1875,2,0.2188,2,0.3750,2,0.0000,0
12533005.0,828.481517,1702.632717,2531.114234,2438,644,0.00,0.2875,0.2125,8,0,2,1174,0.587000,0.0000,0,0.2344,2,0.1250,2,0.7031,2,0.5625,2,0.2344,2,0.4219,2,0.2188,2,0.3750,2,0.0000,0
12533558.0,828.731491,1703.564958,2532.296449,2439,645,0.00,0.2531,0.2000,7,0,3,1174,0.587000,0.0000,0,0.2344,2,0.0000,0,0.4219,2,0.5625,2,0.2344,2,0.2344,2,0.4688,2,0.3750,2,0.0000,0
12533602.0,828.750281,1703.636342,2532.386623,2440,646,0.00,0.2469,0.1875,7,0,3,1174,0.587000,0.0000,0,0.2344,2,0.0000,0,0.4219,2,0.5625,2,0.2344,2,0.2344,2,0.2188,2,0.5625,2,0.0000,0
12533608.0,828.753384,1703.645892,2532.399275,2441,646,0.00,0.2656,0.1875,8,0,2,1175,0.587500,0.0000,0,0.2344,2,0.0000,0,0.4219,2,0.5625,2,0.2344,2,0.2344,2,0.2188,2,0.5625,2,0.1875,2
12533689.0,828.792668,1703.780217,2532.572885,2442,646,0.00,0.2844,0.1875,9,0,1,1176,0.588000,0.1875,2,0.2344,2,0.0000,0,0.4219,2,0.5625,2,0.2344,2,0.2344,2,0.2188,2,0.5625,2,0.1875,2
12534303.0,829.109241,1704.816942,2533.926183,2443,647,0.00,0.2250,0.1500,7,1,2,1177,0.588500,0.1875,2,0.1719,2,0.0000,0,0.4219,2,0.5625,2,0.0000,1,0.0000,0,0.2188,2,0.5000,2,0.1875,2
12534313.0,829.114213,1704.831275,2533.945488,2444,647,0.00,0.2422,0.1625,8,1,1,1178,0.589000,0.1875,2,0.1719,2,0.1719,2,0.4219,2,0.5625,2,0.0000,1,0.0000,0,0.2188,2,0.5000,2,0.1875,2
12534544.0,829.212999,1705.153975,2534.366974,2445,648,0.00,0.2531,0.1625,7,0,3,1178,0.589000,0.1875,2,0.0000,0,0.1719,2,0.7031,2,0.5625,2,0.0000,0,0.0000,0,0.2188,2,0.5000,2,0.1875,2
12534719.0,829.284916,1705.397283,2534.682200,2446,649,0.00,0.2047,0.1625,6,0,4,1178,0.589000,0.1875,2,0.0000,0,0.1719,2,0.4219,2,0.7344,2,0.0000,0,0.0000,0,0.2188,2,0.3125,2,0.0000,0
12535006.0,829.383566,1705.768983,2535.152550,2447,649,0.00,0.1875,0.1500,5,0,5,1179,0.589500,0.0000,0,0.0000,0,0.0000,0,0.4219,2,0.7344,2,0.1875,2,0.0000,0,0.2188,2,0.3125,2,0.0000,0
12546528.0,832.377042,1717.840258,2550.217300,2448,649,0.00,0.1328,0.1125,5,0,5,1180,0.590000,0.0000,0,0.0000,0,0.0000,0,0.2344,2,0.5625,2,0.0000,0,0.1875,2,0.2188,2,0.1250,2,0.0000,0
12546686.0,832.421891,1717.999575,2550.421466,2449,650,0.00,0.1609,0.1250,5,0,5,1180,0.590000,0.0000,0,0.0000,0,0.0000,0,0.2344,2,0.5625,2,0.0000,0,0.1875,2,0.5000,2,0.1250,2,0.0000,0
12546880.0,832.478147,1718.205875,2550.684022,2450,651,0.00,0.1672,0.1250,4,0,6,1180,0.590000,0.0000,0,0.0000,0,0.0000,0,0.2344,2,0.5625,2,0.0000,0,0.0000,0,0.5000,2,0.3750,2,0.0000,0
12547221.0,832.572343,1718.547533,2551.119876,2451,651,0.00,0.1422,0.1250,5,0,5,1181,0.590500,0.0000,0,0.0000,0,0.0000,0,0.2344,2,0.5625,2,0.0000,0,0.0000,0,0.2188,2,0.1250,2,0.2813,2
12547339.0,832.604602,1718.667875,2551.272477,2452,651,0.00,0.1281,0.1250,5,0,5,1182,0.591000,0.1406,2,0.0000,0,0.0000,0,0.2344,2,0.5625,2,0.0000,0,0.0000,0,0.2188,2,0.1250,2,0.0000,0
12547364.0,832.612107,1718.694958,2551.307065,2453,651,0.00,0.1563,0.1375,6,0,4,1183,0.591500,0.1406,2,0.2813,2,0.0000,0,0.2344,2,0.5625,2,0.0000,0,0.0000,0,0.2188,2,0.1250,2,0.0000,0
12547511.0,832.661505,1718.875033,2551.536538,2454,651,0.00,0.1734,0.1500,7,0,3,1184,0.592000,0.1406,2,0.2813,2,0.1719,2,0.2344,2,0.5625,2,0.0000,0,0.0000,0,0.2188,2,0.1250,2,0.0000,0
12547948.0,832.810673,1719.430208,2552.240882,2455,652,0.00,0.1641,0.1375,6,0,4,1184,0.592000,0.1406,2,0.0000,0,0.1719,2,0.4219,2,0.5625,2,0.0000,0,0.0000,0,0.2188,2,0.1250,2,0.0000,0
12547958.0,832.814060,1719.442458,2552.256519,2456,653,0.00,0.1828,0.1375,6,0,4,1184,0.592000,0.1406,2,0.0000,0,0.1719,2,0.4219,2,0.7500,2,0.0000,0,0.0000,0,0.2188,2,0.1250,2,0.0000,0
12547981.0,832.822686,1719.470633,2552.293320,2457,653,0.00,0.2109,0.1500,7,0,3,1185,0.592500,0.1406,2,0.0000,0,0.1719,2,0.4219,2,0.7500,2,0.2813,2,0.0000,0,0.2188,2,0.1250,2,0.0000,0
12548197.0,832.906638,1719.765833,2552.672472,2458,653,0.00,0.1859,0.1625,8,0,2,1186,0.593000,0.1406,2,0.0000,0,0.1719,2,0.2344,2,0.5625,2,0.2813,2,0.1250,2,0.2188,2,0.1250,2,0.0000,0
12548518.0,833.016717,1720.176375,2553.193092,2459,653,0.00,0.1500,0.1500,6,0,4,1186,0.593000,0.1406,2,0.0000,0,0.1719,2,0.2344,2,0.5625,2,0.0000,0,0.0000,0,0.2656,2,0.1250,2,0.0000,0
12548778.0,833.101779,1720.513475,2553.615254,2460,654,0.00,0.1469,0.1500,5,1,4,1186,0.593000,0.1406,2,0.0000,0,0.0000,1,0.2344,2,0.5625,2,0.0000,0,0.0000,0,0.2656,2,0.2656,2,0.0000,0
12549519.0,833.321270,1721.428575,2554.749845,2461,654,0.00,0.1969,0.2000,6,0,4,1187,0.593500,0.1406,2,0.0000,0,0.0000,0,0.2344,2,0.5625,2,0.0000,0,0.0000,0,0.2656,2,0.2656,2,0.5000,2
12592900.0,846.925561,1775.892225,2622.817786,2462,654,0.00,0.1469,0.1375,5,0,5,1188,0.594000,0.0469,2,0.0000,0,0.0000,0,0.2344,2,0.5625,2,0.0000,0,0.0000,0,0.1250,2,0.0000,0,0.5000,2
12593136.0,846.995132,1776.165592,2623.160723,2463,654,0.00,0.1469,0.1375,5,0,5,1188,0.594000,0.0469,2,0.0000,0,0.0000,0,0.2344,2,0.5625,2,0.0000,0,0.0000,0,0.1250,2,0.0000,0,0.5000,2
12593259.0,847.031891,1776.308067,2623.339958,2464,654,0.00,0.1656,0.1500,6,0,4,1189,0.594500,0.0469,2,0.1875,2,0.0000,0,0.2344,2,0.5625,2,0.0000,0,0.0000,0,0.1250,2,0.0000,0,0.5000,2
12593284.0,847.040889,1776.340567,2623.381456,2465,654,0.00,0.2031,0.1625,7,0,3,1190,0.595000,0.0469,2,0.1875,2,0.3750,2,0.2344,2,0.5625,2,0.0000,0,0.0000,0,0.1250,2,0.0000,0,0.5000,2
12594188.0,847.374967,1777.497333,2624.872301,2466,654,0.00,0.1594,0.1250,6,0,4,1190,0.595000,0.0469,2,0.1875,2,0.3750,2,0.2969,2,0.5625,2,0.0000,0,0.0000,0,0.1250,2,0.0000,0,0.0000,0
12595227.0,847.723104,1778.692183,2626.415288,2467,655,0.00,0.1781,0.1250,6,0,4,1190,0.595000,0.0469,2,0.1875,2,0.3750,2,0.2969,2,0.7500,2,0.0000,0,0.0000,0,0.1250,2,0.0000,0,0.0000,0
12595374.0,847.775003,1778.861233,2626.636237,2468,655,0.00,0.1844,0.1375,7,0,3,1191,0.595500,0.0469,2,0.1875,2,0.3750,2,0.2969,2,0.7500,2,0.0625,2,0.0000,0,0.1250,2,0.0000,0,0.0000,0
12595791.0,847.936019,1779.399858,2627.335877,2469,655,0.00,0.1719,0.1500,8,0,2,1192,0.596000,0.0469,2,0.1875,2,0.3750,2,0.2969,2,0.5625,2,0.0625,2,0.0625,2,0.1250,2,0.0000,0,0.0000,0
12595900.0,847.980262,1779.556092,2627.536354,2470,656,0.00,0.1906,0.1625,8,0,2,1192,0.596000,0.0469,2,0.1875,2,0.3750,2,0.2969,2,0.5625,2,0.0625,2,0.0625,2,0.3125,2,0.0000,0,0.0000,0
12596020.0,848.031221,1779.737092,2627.768312,2471,656,0.00,0.2281,0.1750,9,0,1,1193,0.596500,0.0469,2,0.1875,2,0.3750,2,0.2969,2,0.5625,2,0.0625,2,0.0625,2,0.3125,2,0.3750,2,0.0000,0
12596082.0,848.061494,1779.839392,2627.900885,2472,656,0.00,0.2469,0.1750,10,0,0,1194,0.597000,0.0469,2,0.1875,2,0.3750,2,0.2969,2,0.5625,2,0.0625,2,0.0625,2,0.3125,2,0.3750,2,0.1875,2
12596088.0,848.064646,1779.849692,2627.914337,2473,656,0.00,0.2531,0.1875,10,0,0,1194,0.597000,0.1094,2,0.1875,2,0.3750,2,0.2969,2,0.5625,2,0.0625,2,0.0625,2,0.3125,2,0.3750,2,0.1875,2
12596089.0,848.065176,1779.851483,2627.916659,2474,657,0.00,0.2719,0.1875,10,0,0,1194,0.597000,0.1094,2,0.3750,2,0.3750,2,0.2969,2,0.5625,2,0.0625,2,0.0625,2,0.3125,2,0.3750,2,0.1875,2
12604051.0,851.013728,1790.031042,2641.044769,2475,657,0.00,0.1344,0.0875,4,0,6,1195,0.597500,0.0000,0,0.0000,0,0.2344,2,0.2344,2,0.5625,2,0.0000,0,0.0000,0,0.3125,2,0.0000,0,0.0000,0
12604095.0,851.024926,1790.065875,2641.090801,2476,658,0.00,0.1578,0.0875,4,0,6,1195,0.597500,0.0000,0,0.0000,0,0.2344,2,0.4688,2,0.5625,2,0.0000,0,0.0000,0,0.3125,2,0.0000,0,0.0000,0
12604319.0,851.086021,1790.243208,2641.329229,2477,659,0.00,0.1750,0.1000,4,0,6,1195,0.597500,0.0000,0,0.0000,0,0.2344,2,0.4688,2,0.7344,2,0.0000,0,0.0000,0,0.3125,2,0.0000,0,0.0000,0
12604682.0,851.190379,1790.557808,2641.748188,2478,659,0.00,0.1797,0.1125,5,0,5,1196,0.598000,0.0000,0,0.0000,0,0.2344,2,0.4688,2,0.7344,2,0.0469,2,0.0000,0,0.3125,2,0.0000,0,0.0000,0
12604785.0,851.221573,1790.650350,2641.871923,2479,659,0.00,0.1922,0.1125,5,0,5,1197,0.598500,0.0000,0,0.0000,0,0.2344,2,0.4688,2,0.7344,2,0.0000,0,0.1719,2,0.3125,2,0.0000,0,0.0000,0
12604879.0,851.250053,1790.743800,2641.993853,2480,659,0.00,0.1500,0.1250,4,0,6,1197,0.598500,0.0000,0,0.0000,0,0.0000,0,0.2344,2,0.7344,2,0.0000,0,0.1719,2,0.3594,2,0.0000,0,0.0000,0
12606019.0,851.508779,1791.754208,2643.262987,2481,659,0.00,0.1500,0.1250,4,0,6,1198,0.599000,0.0000,0,0.0000,0,0.0000,0,0.2344,2,0.7344,2,0.0000,0,0.0000,0,0.3594,2,0.1719,2,0.0000,0
12606020.0,851.509545,1791.755225,2643.264770,2482,659,0.00,0.1672,0.1375,5,0,5,1199,0.599500,0.0000,0,0.0000,0,0.0000,0,0.2344,2,0.7344,2,0.0000,0,0.0000,0,0.3594,2,0.1719,2,0.1719,2
12606024.0,851.511288,1791.759858,2643.271146,2483,659,0.00,0.1844,0.1500,6,0,4,1200,0.600000,0.1719,2,0.0000,0,0.0000,0,0.2344,2,0.7344,2,0.0000,0,0.0000,0,0.3594,2,0.1719,2,0.1719,2
12606084.0,851.532938,1791.835383,2643.368322,2484,659,0.00,0.1969,0.1500,7,0,3,1201,0.600500,0.1719,2,0.1719,2,0.0000,0,0.2344,2,0.7344,2,0.0000,0,0.0000,0,0.3125,2,0.1719,2,0.1719,2
12606086.0,851.534228,1791.838117,2643.372345,2485,659,0.00,0.2156,0.1500,8,0,2,1202,0.601000,0.1719,2,0.1719,2,0.1875,2,0.2344,2,0.7344,2,0.0000,0,0.0000,0,0.3125,2,0.1719,2,0.1719,2
12606094.0,851.537747,1791.849583,2643.387331,2486,660,0.00,0.2328,0.1625,8,0,2,1202,0.601000,0.1719,2,0.1719,2,0.1875,2,0.4063,2,0.7344,2,0.0000,0,0.0000,0,0.3125,2,0.1719,2,0.1719,2
12606235.0,851.600286,1792.054533,2643.654819,2487,661,0.00,0.2344,0.1500,8,0,2,1202,0.601000,0.1719,2,0.1719,2,0.1875,2,0.4063,2,0.7500,2,0.0000,0,0.0000,0,0.3125,2,0.1719,2,0.1719,2
12606899.0,851.858384,1792.861800,2644.720184,2488,661,0.00,0.2172,0.1375,7,0,3,1203,0.601500,0.1719,2,0.0000,0,0.1875,2,0.4063,2,0.7500,2,0.1719,2,0.0000,0,0.3125,2,0.0000,0,0.1719,2
12606932.0,851.872434,1792.904425,2644.776859,2489,661,0.00,0.2219,0.1500,8,0,2,1204,0.602000,0.1719,2,0.0000,0,0.1875,2,0.4063,2,0.7500,2,0.1719,2,0.0469,2,0.3125,2,0.0000,0,0.1719,2
12606951.0,851.880885,1792.931658,2644.812543,2490,662,0.00,0.2391,0.1625,8,0,2,1204,0.602000,0.1719,2,0.0000,0,0.1875,2,0.4063,2,0.7500,2,0.1719,2,0.0469,2,0.4844,2,0.0000,0,0.1719,2
12606957.0,851.884134,1792.940708,2644.824842,2491,662,0.00,0.2563,0.1750,9,0,1,1205,0.602500,0.1719,2,0.0000,0,0.1875,2,0.4063,2,0.7500,2,0.1719,2,0.0469,2,0.4844,2,0.1719,2,0.1719,2
12606961.0,851.886142,1792.947308,2644.833450,2492,663,0.00,0.2734,0.1875,9,0,1,1205,0.602500,0.1719,2,0.0000,0,0.1875,2,0.4063,2,0.7500,2,0.1719,2,0.0469,2,0.4844,2,0.1719,2,0.3438,2
12610933.0,853.271470,1797.203433,2650.474904,2493,663,0.00,0.1656,0.1000,5,0,5,1206,0.603000,0.1719,2,0.0000,0,0.1875,2,0.2344,2,0.7500,2,0.0000,0,0.0000,0,0.3125,2,0.0000,0,0.0000,0
12611093.0,853.321470,1797.352767,2650.674237,2494,663,0.00,0.1828,0.1125,6,0,4,1207,0.603500,0.1719,2,0.1719,2,0.1875,2,0.2344,2,0.7500,2,0.0000,0,0.0000,0,0.3125,2,0.0000,0,0.0000,0
12611134.0,853.335956,1797.396842,2650.732797,2495,664,0.00,0.1922,0.1250,6,0,4,1207,0.603500,0.1719,2,0.1719,2,0.2813,2,0.2344,2,0.7500,2,0.0000,0,0.0000,0,0.3125,2,0.0000,0,0.0000,0
12611218.0,853.366245,1797.493442,2650.859687,2496,664,0.00,0.1969,0.1375,6,0,4,1207,0.603500,0.1719,2,0.1719,2,0.2813,2,0.2813,2,0.7500,2,0.0000,0,0.0000,0,0.3125,2,0.0000,0,0.0000,0
12611427.0,853.442370,1797.749467,2651.191837,2497,665,0.00,0.2031,0.1500,6,0,4,1207,0.603500,0.1719,2,0.1719,2,0.2813,2,0.2813,2,0.8125,2,0.0000,0,0.0000,0,0.3125,2,0.0000,0,0.0000,0
12611735.0,853.555135,1798.143383,2651.698519,2498,665,0.00,0.1859,0.1375,5,0,5,1208,0.604000,0.0000,0,0.0000,0,0.2813,2,0.2813,2,0.8125,2,0.1719,2,0.0000,0,0.3125,2,0.0000,0,0.0000,0
12611784.0,853.571569,1798.200142,2651.771711,2499,665,0.00,0.2031,0.1500,6,0,4,1209,0.604500,0.0000,0,0.0000,0,0.2813,2,0.2813,2,0.8125,2,0.1719,2,0.1719,2,0.3125,2,0.0000,0,0.0000,0
12611794.0,853.575260,1798.213142,2651.788402,2500,666,0.00,0.2203,0.1625,6,0,4,1209,0.604500,0.0000,0,0.0000,0,0.2813,2,0.2813,2,0.8125,2,0.1719,2,0.1719,2,0.4844,2,0.0000,0,0.0000,0
12611952.0,853.636189,1798.430392,2652.066581,2501,666,0.00,0.2375,0.1750,7,0,3,1210,0.605000,0.0000,0,0.0000,0,0.2813,2,0.2813,2,0.8125,2,0.1719,2,0.1719,2,0.4844,2,0.1719,2,0.0000,0
12612025.0,853.667816,1798.541108,2652.208924,2502,666,0.00,0.2547,0.1875,8,0,2,1211,0.605500,0.0000,0,0.0000,0,0.2813,2,0.2813,2,0.8125,2,0.1719,2,0.1719,2,0.4844,2,0.1719,2,0.1719,2
12612128.0,853.716758,1798.711917,2652.428675,2503,666,0.00,0.2719,0.2000,9,0,1,1212,0.606000,0.1719,2,0.0000,0,0.2813,2,0.2813,2,0.8125,2,0.1719,2,0.1719,2,0.4844,2,0.1719,2,0.1719,2
12612131.0,853.718801,1798.717317,2652.436117,2504,666,0.00,0.2891,0.2125,10,0,0,1213,0.606500,0.1719,2,0.1719,2,0.2813,2,0.2813,2,0.8125,2,0.1719,2,0.1719,2,0.4844,2,0.1719,2,0.1719,2
12612135.0,853.721033,1798.725083,2652.446117,2505,667,0.00,0.3063,0.2250,10,0,0,1213,0.606500,0.1719,2,0.1719,2,0.4531,2,0.2813,2,0.8125,2,0.1719,2,0.1719,2,0.4844,2,0.1719,2,0.1719,2
12612137.0,853.722176,1798.729117,2652.451293,2506,668,0.00,0.3234,0.2375,10,0,0,1213,0.606500,0.1719,2,0.1719,2,0.4531,2,0.4531,2,0.8125,2,0.1719,2,0.1719,2,0.4844,2,0.1719,2,0.1719,2
12612138.0,853.722761,1798.731208,2652.453970,2507,669,0.00,0.3406,0.2500,10,0,0,1213,0.606500,0.1719,2,0.1719,2,0.4531,2,0.4531,2,0.9844,2,0.1719,2,0.1719,2,0.4844,2,0.1719,2,0.1719,2
12612349.0,853.848995,1799.188375,2653.037370,2508,670,0.00,0.3469,0.2625,10,0,0,1213,0.606500,0.1719,2,0.1719,2,0.4531,2,0.4531,2,0.9844,2,0.2344,2,0.1719,2,0.4844,2,0.1719,2,0.1719,2
12612572.0,853.979453,1799.671892,2653.651344,2509,670,0.00,0.3172,0.2500,9,0,1,1213,0.606500,0.1719,2,0.0000,0,0.4531,2,0.4531,2,0.8125,2,0.2344,2,0.2188,2,0.4844,2,0.1719,2,0.1719,2
12612689.0,854.042945,1799.914067,2653.957012,2510,670,0.00,0.3125,0.2500,8,0,2,1213,0.606500,0.1719,2,0.0000,0,0.4531,2,0.4531,2,0.8125,2,0.2344,2,0.2188,2,0.6094,2,0.1719,2,0.0000,0
12612690.0,854.043461,1799.916100,2653.959561,2511,670,0.00,0.3172,0.2625,8,0,2,1213,0.606500,0.1719,2,0.0000,0,0.4531,2,0.4531,2,0.8125,2,0.2344,2,0.2188,2,0.6094,2,0.2188,2,0.0000,0
12612954.0,854.175684,1800.436433,2654.612118,2512,670,0.00,0.2953,0.2375,8,0,2,1214,0.607000,0.1719,2,0.0000,0,0.4531,2,0.2813,2,0.8125,2,0.2344,2,0.2188,2,0.6094,2,0.0000,0,0.1719,2
12613049.0,854.223366,1800.622475,2654.845841,2513,670,0.00,0.3000,0.2500,8,0,2,1214,0.607000,0.2188,2,0.0000,0,0.4531,2,0.2813,2,0.8125,2,0.2344,2,0.2188,2,0.6094,2,0.0000,0,0.1719,2
12613157.0,854.274206,1800.819767,2655.093973,2514,670,0.00,0.2766,0.2250,8,0,2,1215,0.607500,0.2188,2,0.0469,2,0.4531,2,0.2813,2,0.8125,2,0.1719,2,0.1719,2,0.6094,2,0.0000,0,0.0000,0
12613264.0,854.325087,1801.009600,2655.334687,2515,671,0.00,0.2609,0.2000,7,0,3,1215,0.607500,0.1719,2,0.0000,0,0.5156,2,0.2813,2,0.8125,2,0.1719,2,0.1719,2,0.4844,2,0.0000,0,0.0000,0
12613372.0,854.371809,1801.182325,2655.554134,2516,672,0.00,0.2609,0.2000,7,0,3,1215,0.607500,0.1719,2,0.0000,0,0.3438,2,0.4531,2,0.8125,2,0.1719,2,0.1719,2,0.4844,2,0.0000,0,0.0000,0
12613413.0,854.390038,1801.250658,2655.640697,2517,673,0.00,0.2781,0.2125,7,0,3,1215,0.607500,0.1719,2,0.0000,0,0.3438,2,0.4531,2,0.9844,2,0.1719,2,0.1719,2,0.4844,2,0.0000,0,0.0000,0
12613455.0,854.409274,1801.323808,2655.733082,2518,674,0.00,0.2953,0.2250,7,0,3,1215,0.607500,0.1719,2,0.0000,0,0.3438,2,0.4531,2,0.9844,2,0.3438,2,0.1719,2,0.4844,2,0.0000,0,0.0000,0
12613769.0,854.552178,1801.876833,2656.429011,2519,675,0.00,0.2953,0.2250,6,0,4,1215,0.607500,0.0000,0,0.0000,0,0.3438,2,0.4531,2,0.9844,2,0.3438,2,0.3438,2,0.4844,2,0.0000,0,0.0000,0
12614910.0,855.035598,1803.764008,2658.799607,2520,676,0.00,0.2500,0.2000,6,0,4,1215,0.607500,0.0000,0,0.0000,0,0.3438,2,0.2813,2,0.8125,2,0.3438,2,0.1719,2,0.5469,2,0.0000,0,0.0000,0
12615097.0,855.111937,1804.063208,2659.175146,2521,676,0.00,0.2547,0.2125,7,0,3,1216,0.608000,0.0000,0,0.0000,0,0.3438,2,0.2813,2,0.8125,2,0.3438,2,0.1719,2,0.5469,2,0.0469,2,0.0000,0
12615274.0,855.185856,1804.351383,2659.537239,2522,676,0.00,0.2688,0.2125,7,0,3,1217,0.608500,0.0000,0,0.0000,0,0.3438,2,0.2813,2,0.8125,2,0.3438,2,0.1719,2,0.5469,2,0.0000,0,0.1875,2
12615275.0,855.186806,1804.353125,2659.539931,2523,676,0.00,0.2813,0.2250,8,0,2,1218,0.609000,0.1250,2,0.0000,0,0.3438,2,0.2813,2,0.8125,2,0.3438,2,0.1719,2,0.5469,2,0.0000,0,0.1875,2
12615296.0,855.197617,1804.392675,2659.590292,2524,676,0.00,0.2984,0.2375,9,0,1,1219,0.609500,0.1250,2,0.1719,2,0.3438,2,0.2813,2,0.8125,2,0.3438,2,0.1719,2,0.5469,2,0.0000,0,0.1875,2
12615775.0,855.428763,1805.264092,2660.692855,2525,677,0.00,0.2656,0.2000,7,0,3,1219,0.609500,0.1250,2,0.0000,0,0.5938,2,0.2813,2,0.7500,2,0.1719,2,0.0000,0,0.5469,2,0.0000,0,0.1875,2
12615809.0,855.444004,1805.320758,2660.764762,2526,677,0.00,0.2703,0.2125,7,0,3,1219,0.609500,0.1250,2,0.0000,0,0.5938,2,0.3281,2,0.7500,2,0.1719,2,0.0000,0,0.5469,2,0.0000,0,0.1875,2
12615848.0,855.461164,1805.385308,2660.846473,2527,677,0.00,0.2453,0.2000,7,0,3,1219,0.609500,0.1250,2,0.0000,0,0.3438,2,0.2813,2,0.7969,2,0.1719,2,0.0000,0,0.5469,2,0.0000,0,0.1875,2
12615905.0,855.485815,1805.480308,2660.966123,2528,677,0.00,0.2500,0.2125,7,0,3,1219,0.609500,0.1250,2,0.0000,0,0.3438,2,0.2813,2,0.7969,2,0.2188,2,0.0000,0,0.5469,2,0.0000,0,0.1875,2
12616242.0,855.620740,1806.007175,2661.627915,2529,677,0.00,0.2266,0.1875,7,0,3,1220,0.610000,0.1250,2,0.0000,0,0.3438,2,0.2813,2,0.7500,2,0.1719,2,0.0469,2,0.5469,2,0.0000,0,0.0000,0
12616288.0,855.639963,1806.080392,2661.720355,2530,678,0.00,0.2328,0.2000,7,0,3,1220,0.610000,0.1250,2,0.0000,0,0.3438,2,0.2813,2,0.7500,2,0.1719,2,0.0469,2,0.6094,2,0.0000,0,0.0000,0
12616318.0,855.653145,1806.130392,2661.783537,2531,678,0.00,0.2500,0.2125,8,0,2,1221,0.610500,0.1250,2,0.0000,0,0.3438,2,0.2813,2,0.7500,2,0.1719,2,0.0469,2,0.6094,2,0.1719,2,0.0000,0
12616480.0,855.729245,1806.423342,2662.152587,2532,678,0.00,0.2969,0.2375,9,0,1,1222,0.611000,0.1250,2,0.0000,0,0.3438,2,0.2813,2,0.7500,2,0.1719,2,0.0469,2,0.6094,2,0.1719,2,0.4688,2
12616481.0,855.729779,1806.425367,2662.155146,2533,678,0.00,0.3094,0.2500,9,0,1,1222,0.611000,0.2500,2,0.0000,0,0.3438,2,0.2813,2,0.7500,2,0.1719,2,0.0469,2,0.6094,2,0.1719,2,0.4688,2
12616865.0,855.933520,1807.199917,2663.133437,2534,678,0.00,0.2906,0.2250,9,0,1,1223,0.611500,0.1250,2,0.0469,2,0.3438,2,0.2813,2,0.7500,2,0.1719,2,0.0000,0,0.5469,2,0.1719,2,0.4688,2
12616869.0,855.935635,1807.207717,2663.143352,2535,679,0.00,0.3141,0.2250,9,0,1,1223,0.611500,0.1250,2,0.0469,2,0.5781,2,0.2813,2,0.7500,2,0.1719,2,0.0000,0,0.5469,2,0.1719,2,0.4688,2
12617433.0,856.220962,1808.242958,2664.463921,2536,680,0.00,0.2984,0.2125,8,0,2,1223,0.611500,0.1250,2,0.0000,0,0.2813,2,0.4688,2,0.7500,2,0.1719,2,0.0000,0,0.5469,2,0.1719,2,0.4688,2
12617703.0,856.357134,1808.731208,2665.088343,2537,681,0.00,0.3156,0.2250,8,0,2,1223,0.611500,0.1250,2,0.0000,0,0.2813,2,0.4688,2,0.9219,2,0.1719,2,0.0000,0,0.5469,2,0.1719,2,0.4688,2
12617911.0,856.464818,1809.122942,2665.587759,2538,682,0.00,0.3344,0.2250,8,0,2,1223,0.611500,0.1250,2,0.0000,0,0.2813,2,0.4688,2,0.9219,2,0.3594,2,0.0000,0,0.5469,2,0.1719,2,0.4688,2
12617917.0,856.468511,1809.134242,2665.602753,2539,682,0.00,0.3531,0.2250,9,0,1,1224,0.612000,0.1250,2,0.0000,0,0.2813,2,0.4688,2,0.9219,2,0.3594,2,0.1875,2,0.5469,2,0.1719,2,0.4688,2
12617925.0,856.473131,1809.149842,2665.622972,2540,683,0.00,0.3719,0.2250,9,0,1,1224,0.612000,0.1250,2,0.0000,0,0.2813,2,0.4688,2,0.9219,2,0.3594,2,0.1875,2,0.7344,2,0.1719,2,0.4688,2
12617967.0,856.497995,1809.231742,2665.729737,2541,684,0.00,0.3953,0.2250,9,0,1,1224,0.612000,0.1250,2,0.0000,0,0.2813,2,0.4688,2,0.9219,2,0.3594,2,0.1875,2,0.7344,2,0.4063,2,0.4688,2
12618018.0,856.528257,1809.331192,2665.859449,2542,685,0.00,0.3813,0.2250,8,1,1,1224,0.612000,0.1250,2,0.0000,0,0.2813,2,0.4688,2,0.9219,2,0.1719,2,0.0000,1,0.7344,2,0.4063,2,0.7031,2
12618332.0,856.703286,1809.911900,2666.615186,2543,686,0.00,0.3625,0.2125,8,0,2,1224,0.612000,0.3125,2,0.0000,0,0.2813,2,0.2813,2,0.9219,2,0.1719,2,0.0000,0,0.5469,2,0.4063,2,0.7031,2
12618452.0,856.768492,1810.128900,2666.897392,2544,686,0.00,0.3484,0.2125,9,0,1,1225,0.612500,0.1250,2,0.2344,2,0.2813,2,0.2813,2,0.7344,2,0.1719,2,0.0000,0,0.5469,2,0.4063,2,0.7031,2
12618823.0,856.976743,1810.816425,2667.793168,2545,686,0.00,0.3188,0.1875,9,0,1,1225,0.612500,0.1250,2,0.2344,2,0.3281,2,0.2813,2,0.5625,2,0.1719,2,0.0000,0,0.3750,2,0.4063,2,0.7031,2
12618901.0,857.019697,1810.950975,2667.970672,2546,686,0.00,0.3234,0.2000,9,0,1,1225,0.612500,0.1250,2,0.2344,2,0.3281,2,0.3281,2,0.5625,2,0.1719,2,0.0000,0,0.3750,2,0.4063,2,0.7031,2
12618918.0,857.029121,1810.981575,2668.010696,2547,687,0.00,0.3516,0.2125,9,0,1,1225,0.612500,0.1250,2,0.2344,2,0.3281,2,0.3281,2,0.8438,2,0.1719,2,0.0000,0,0.3750,2,0.4063,2,0.7031,2
12619115.0,857.140273,1811.340225,2668.480498,2548,688,0.00,0.3422,0.1875,9,0,1,1225,0.612500,0.1250,2,0.2344,2,0.3281,2,0.2813,2,0.5625,2,0.4063,2,0.0000,0,0.3750,2,0.4063,2,0.7031,2
12619368.0,857.274065,1811.750700,2669.024765,2549,688,0.00,0.2734,0.1750,10,0,0,1226,0.613000,0.1250,2,0.2344,2,0.0938,2,0.2813,2,0.5625,2,0.1719,2,0.2500,2,0.3750,2,0.4063,2,0.2344,2
12619578.0,857.388726,1812.111200,2669.499926,2550,689,0.00,0.2922,0.1750,10,0,0,1226,0.613000,0.1250,2,0.2344,2,0.0938,2,0.2813,2,0.5625,2,0.1719,2,0.2500,2,0.5625,2,0.4063,2,0.2344,2
12619657.0,857.433013,1812.246817,2669.679830,2551,690,0.00,0.3094,0.1875,10,0,0,1226,0.613000,0.1250,2,0.2344,2,0.0938,2,0.2813,2,0.5625,2,0.1719,2,0.2500,2,0.5625,2,0.5781,2,0.2344,2
12619677.0,857.444492,1812.282650,2669.727142,2552,690,0.00,0.3219,0.2000,10,0,0,1226,0.613000,0.1250,2,0.2344,2,0.0938,2,0.2813,2,0.5625,2,0.1719,2,0.2500,2,0.5625,2,0.5781,2,0.3594,2
12619893.0,857.565645,1812.685850,2670.251495,2553,690,0.00,0.2703,0.2125,9,1,0,1226,0.613000,0.3125,2,0.0000,1,0.0938,2,0.2813,2,0.5625,2,0.1719,2,0.2500,2,0.5625,2,0.3438,2,0.1250,2
12620209.0,857.723282,1813.258883,2670.982165,2554,690,0.00,0.2750,0.2125,9,0,1,1227,0.613500,0.3125,2,0.1719,2,0.0938,2,0.2813,2,0.5625,2,0.1719,2,0.2500,2,0.5625,2,0.3438,2,0.0000,0
12620209.0,857.723282,1813.258883,2670.982165,2555,690,0.00,0.2922,0.2250,9,0,1,1227,0.613500,0.3125,2,0.1719,2,0.2656,2,0.2813,2,0.5625,2,0.1719,2,0.2500,2,0.5625,2,0.3438,2,0.0000,0
12620323.0,857.782733,1813.475783,2671.258516,2556,691,0.00,0.2750,0.2000,9,0,1,1227,0.613500,0.1250,2,0.1719,2,0.0938,2,0.4688,2,0.5625,2,0.1719,2,0.2500,2,0.5625,2,0.3438,2,0.0000,0
12620906.0,858.081209,1814.509808,2672.591017,2557,692,0.00,0.2750,0.2000,9,0,1,1227,0.613500,0.1250,2,0.1719,2,0.0938,2,0.4688,2,0.7344,2,0.1719,2,0.2500,2,0.5625,2,0.1719,2,0.0000,0
12620974.0,858.116342,1814.632208,2672.748551,2558,693,0.00,0.3031,0.2125,9,0,1,1227,0.613500,0.1250,2,0.1719,2,0.0938,2,0.4688,2,0.7344,2,0.4531,2,0.2500,2,0.5625,2,0.1719,2,0.0000,0
12621264.0,858.256878,1815.137867,2673.394745,2559,694,0.00,0.2859,0.2000,8,0,2,1227,0.613500,0.1250,2,0.0000,0,0.0938,2,0.2813,2,0.7344,2,0.4531,2,0.4375,2,0.5625,2,0.1719,2,0.0000,0
12621266.0,858.257868,1815.141333,2673.399201,2560,695,0.00,0.3047,0.2000,8,0,2,1227,0.613500,0.1250,2,0.0000,0,0.0938,2,0.2813,2,0.7344,2,0.4531,2,0.4375,2,0.7500,2,0.1719,2,0.0000,0
12621524.0,858.389242,1815.588533,2673.977775,2561,695,0.00,0.3094,0.2125,8,0,2,1227,0.613500,0.1250,2,0.0000,0,0.0938,2,0.2813,2,0.7344,2,0.4531,2,0.4375,2,0.7500,2,0.2188,2,0.0000,0
12621753.0,858.499717,1815.996192,2674.495909,2562,695,0.00,0.2453,0.2125,9,0,1,1228,0.614000,0.1250,2,0.0000,0,0.0938,2,0.2813,2,0.7344,2,0.1719,2,0.2500,2,0.5625,2,0.2188,2,0.0156,2
12621795.0,858.520447,1816.074942,2674.595389,2563,696,0.00,0.2641,0.2125,9,0,1,1228,0.614000,0.3125,2,0.0000,0,0.0938,2,0.2813,2,0.7344,2,0.1719,2,0.2500,2,0.5625,2,0.2188,2,0.0156,2
12621946.0,858.596221,1816.358067,2674.954288,2564,696,0.00,0.2438,0.2250,10,0,0,1229,0.614500,0.1250,2,0.1719,2,0.0938,2,0.2813,2,0.7344,2,0.1719,2,0.2500,2,0.3750,2,0.2188,2,0.0156,2
12622067.0,858.659494,1816.602083,2675.261577,2565,696,0.00,0.2563,0.2375,10,0,0,1229,0.614500,0.1250,2,0.1719,2,0.2188,2,0.2813,2,0.7344,2,0.1719,2,0.2500,2,0.3750,2,0.2188,2,0.0156,2
12622153.0,858.705301,1816.781967,2675.487268,2566,697,0.00,0.2734,0.2500,10,0,0,1229,0.614500,0.1250,2,0.1719,2,0.2188,2,0.4531,2,0.7344,2,0.1719,2,0.2500,2,0.3750,2,0.2188,2,0.0156,2
12622455.0,858.860316,1817.383642,2676.243958,2567,698,0.00,0.2672,0.2250,9,0,1,1229,0.614500,0.1250,2,0.1719,2,0.2188,2,0.2344,2,0.9063,2,0.1719,2,0.2500,2,0.3750,2,0.2188,2,0.0000,0
12622647.0,858.958350,1817.758042,2676.716391,2568,699,0.00,0.2844,0.2375,9,0,1,1229,0.614500,0.1250,2,0.1719,2,0.2188,2,0.2344,2,0.9063,2,0.3438,2,0.2500,2,0.3750,2,0.2188,2,0.0000,0
12622795.0,859.035895,1818.057742,2677.093637,2569,700,0.00,0.3016,0.2500,9,0,1,1229,0.614500,0.1250,2,0.1719,2,0.2188,2,0.2344,2,0.9063,2,0.3438,2,0.4219,2,0.3750,2,0.2188,2,0.0000,0
12622806.0,859.041806,1818.080842,2677.122648,2570,701,0.00,0.3266,0.2625,9,0,1,1229,0.614500,0.1250,2,0.1719,2,0.2188,2,0.2344,2,0.9063,2,0.3438,2,0.4219,2,0.6250,2,0.2188,2,0.0000,0
12622916.0,859.101741,1818.312742,2677.414482,2571,701,0.00,0.3141,0.2625,9,0,1,1229,0.614500,0.1250,2,0.1719,2,0.2188,2,0.2344,2,0.7344,2,0.3438,2,0.4219,2,0.6250,2,0.2656,2,0.0000,0
12623240.0,859.272251,1818.981742,2678.253993,2572,701,0.00,0.2641,0.2375,10,0,0,1230,0.615000,0.1250,2,0.1719,2,0.2188,2,0.2344,2,0.7344,2,0.3438,2,0.1719,2,0.3750,2,0.2188,2,0.0469,2
12623779.0,859.507169,1819.907650,2679.414819,2573,702,0.00,0.2250,0.2000,7,0,3,1230,0.615000,0.2969,2,0.0000,0,0.2188,2,0.2344,2,0.7344,2,0.1719,2,0.0000,0,0.3750,2,0.2188,2,0.0000,0
12623967.0,859.586003,1820.220983,2679.806986,2574,702,0.00,0.2500,0.2000,8,0,2,1231,0.615500,0.2969,2,0.2500,2,0.2188,2,0.2344,2,0.7344,2,0.1719,2,0.0000,0,0.3750,2,0.2188,2,0.0000,0
12624025.0,859.613069,1820.321517,2679.934586,2575,703,0.00,0.2750,0.2125,8,0,2,1231,0.615500,0.2969,2,0.2500,2,0.4688,2,0.2344,2,0.7344,2,0.1719,2,0.0000,0,0.3750,2,0.2188,2,0.0000,0
12624073.0,859.636403,1820.408317,2680.044719,2576,703,0.00,0.2797,0.2250,8,0,2,1231,0.615500,0.2969,2,0.2500,2,0.4688,2,0.2813,2,0.7344,2,0.1719,2,0.0000,0,0.3750,2,0.2188,2,0.0000,0
12624156.0,859.675880,1820.558708,2680.234588,2577,704,0.00,0.2688,0.2125,8,0,2,1231,0.615500,0.2969,2,0.2500,2,0.2188,2,0.2344,2,0.9219,2,0.1719,2,0.0000,0,0.3750,2,0.2188,2,0.0000,0
12624821.0,859.988815,1821.715158,2681.703974,2578,705,0.00,0.2484,0.2125,7,0,3,1231,0.615500,0.1719,2,0.0000,0,0.2188,2,0.2344,2,0.9219,2,0.3438,2,0.0000,0,0.3750,2,0.2188,2,0.0000,0
12624923.0,860.031385,1821.884467,2681.915852,2579,705,0.00,0.2500,0.2125,7,0,3,1232,0.616000,0.0000,0,0.0000,0,0.2188,2,0.2344,2,0.9219,2,0.3438,2,0.1875,2,0.3750,2,0.2188,2,0.0000,0
12625094.0,860.102228,1822.167025,2682.269253,2580,706,0.00,0.2313,0.2000,6,0,4,1232,0.616000,0.0000,0,0.0000,0,0.2188,2,0.2344,2,0.9219,2,0.1719,2,0.0000,0,0.5469,2,0.2188,2,0.0000,0
12625134.0,860.117867,1822.231025,2682.348892,2581,707,0.00,0.2484,0.2125,6,0,4,1232,0.616000,0.0000,0,0.0000,0,0.2188,2,0.2344,2,0.9219,2,0.1719,2,0.0000,0,0.5469,2,0.3906,2,0.0000,0
12628809.0,861.537279,1827.957950,2689.495229,2582,707,0.00,0.2172,0.1875,7,0,3,1233,0.616500,0.0000,0,0.0000,0,0.0938,2,0.2344,2,0.7344,2,0.1719,2,0.0000,0,0.5469,2,0.2188,2,0.1719,2
12629168.0,861.672462,1828.484192,2690.156654,2583,707,0.00,0.2063,0.1625,7,0,3,1234,0.617000,0.2344,2,0.0000,0,0.0938,2,0.2344,2,0.7344,2,0.1719,2,0.0000,0,0.3750,2,0.2188,2,0.0000,0
12629174.0,861.675374,1828.492842,2690.168216,2584,707,0.00,0.2297,0.1625,8,0,2,1235,0.617500,0.2344,2,0.2344,2,0.0938,2,0.2344,2,0.7344,2,0.1719,2,0.0000,0,0.3750,2,0.2188,2,0.0000,0
12629223.0,861.697467,1828.566750,2690.264217,2585,707,0.00,0.2531,0.1625,8,0,2,1235,0.617500,0.2344,2,0.2344,2,0.3281,2,0.2344,2,0.7344,2,0.1719,2,0.0000,0,0.3750,2,0.2188,2,0.0000,0
12629540.0,861.846171,1829.044892,2690.891063,2586,708,0.00,0.2766,0.1625,8,0,2,1235,0.617500,0.2344,2,0.2344,2,0.3281,2,0.4688,2,0.7344,2,0.1719,2,0.0000,0,0.3750,2,0.2188,2,0.0000,0
12629575.0,861.863227,1829.097683,2690.960911,2587,709,0.00,0.2938,0.1750,8,0,2,1235,0.617500,0.2344,2,0.2344,2,0.3281,2,0.4688,2,0.9063,2,0.1719,2,0.0000,0,0.3750,2,0.2188,2,0.0000,0
12630111.0,862.127020,1829.931500,2692.058520,2588,710,0.00,0.2703,0.1750,8,0,2,1235,0.617500,0.2344,2,0.2344,2,0.0938,2,0.4688,2,0.7344,2,0.3438,2,0.0000,0,0.3750,2,0.2188,2,0.0000,0
12630312.0,862.218914,1830.243617,2692.462531,2589,710,0.00,0.2516,0.1875,7,0,3,1236,0.618000,0.0000,0,0.0000,0,0.0938,2,0.4688,2,0.7344,2,0.3438,2,0.2813,2,0.3750,2,0.2188,2,0.0000,0
12630435.0,862.272231,1830.439392,2692.711623,2590,711,0.00,0.2516,0.1875,7,0,3,1236,0.618000,0.0000,0,0.0000,0,0.0938,2,0.2344,2,0.7344,2,0.3438,2,0.2813,2,0.6094,2,0.2188,2,0.0000,0
12630522.0,862.310278,1830.577867,2692.888145,2591,712,0.00,0.2750,0.1875,7,0,3,1236,0.618000,0.0000,0,0.0000,0,0.0938,2,0.2344,2,0.7344,2,0.3438,2,0.2813,2,0.6094,2,0.4531,2,0.0000,0
12630639.0,862.364078,1830.764092,2693.128170,2592,712,0.00,0.2797,0.2000,8,0,2,1237,0.618500,0.0000,0,0.0000,0,0.0938,2,0.2344,2,0.7344,2,0.3438,2,0.2813,2,0.6094,2,0.4531,2,0.0469,2
12630884.0,862.479582,1831.178008,2693.657590,2593,712,0.00,0.2328,0.2000,8,0,2,1238,0.619000,0.0469,2,0.0000,0,0.0938,2,0.2344,2,0.7344,2,0.3438,2,0.0000,0,0.3750,2,0.4531,2,0.0469,2
12632184.0,863.023111,1833.315033,2696.338145,2594,712,0.00,0.2063,0.1875,8,0,2,1239,0.619500,0.0469,2,0.1875,2,0.0938,2,0.2344,2,0.5625,2,0.3438,2,0.0000,0,0.3750,2,0.2188,2,0.0000,0
12639630.0,865.715448,1843.245400,2708.960848,2595,712,0.00,0.1859,0.1500,6,0,4,1239,0.619500,0.0000,0,0.0000,0,0.2344,2,0.1875,2,0.5625,2,0.3438,2,0.0000,0,0.3125,2,0.2188,2,0.0000,0
12639852.0,865.794419,1843.534000,2709.328419,2596,713,0.00,0.2031,0.1625,6,0,4,1239,0.619500,0.0000,0,0.0000,0,0.2344,2,0.3594,2,0.5625,2,0.3438,2,0.0000,0,0.3125,2,0.2188,2,0.0000,0
12639934.0,865.824685,1843.646750,2709.471435,2597,713,0.00,0.2531,0.1625,6,0,4,1239,0.619500,0.0000,0,0.0000,0,0.2344,2,0.3594,2,0.5625,2,0.8438,2,0.0000,0,0.3125,2,0.2188,2,0.0000,0
12639934.0,865.825185,1843.646750,2709.471935,2598,713,0.00,0.3031,0.1625,7,0,3,1240,0.620000,0.0000,0,0.0000,0,0.2344,2,0.3594,2,0.5625,2,0.8438,2,0.5000,2,0.3125,2,0.2188,2,0.0000,0
12639934.0,865.825185,1843.646750,2709.471935,2599,713,0.00,0.3531,0.1625,7,0,3,1240,0.620000,0.0000,0,0.0000,0,0.2344,2,0.3594,2,0.5625,2,0.8438,2,0.5000,2,0.8125,2,0.2188,2,0.0000,0
12639953.0,865.834995,1843.674142,2709.509137,2600,714,0.00,0.3781,0.1750,7,0,3,1240,0.620000,0.0000,0,0.0000,0,0.2344,2,0.3594,2,0.5625,2,0.8438,2,0.5000,2,0.8125,2,0.4688,2,0.0000,0
12640647.0,866.110243,1844.606292,2710.716534,2601,714,0.00,0.2063,0.1625,7,0,3,1241,0.620500,0.0000,0,0.0000,0,0.0938,2,0.3594,2,0.5625,2,0.3438,2,0.0000,0,0.3125,2,0.2188,2,0.1719,2
12640926.0,866.215715,1844.984308,2711.200023,2602,714,0.00,0.2063,0.1625,7,0,3,1242,0.621000,0.1719,2,0.0000,0,0.0938,2,0.3594,2,0.5625,2,0.3438,2,0.0000,0,0.3125,2,0.2188,2,0.0000,0
12641162.0,866.310237,1845.319667,2711.629904,2603,714,0.00,0.2063,0.1625,8,0,2,1243,0.621500,0.1719,2,0.1719,2,0.0938,2,0.3594,2,0.5625,2,0.1719,2,0.0000,0,0.3125,2,0.2188,2,0.0000,0
12641233.0,866.340955,1845.426758,2711.767713,2604,714,0.00,0.2109,0.1750,8,0,2,1243,0.621500,0.1719,2,0.1719,2,0.1406,2,0.3594,2,0.5625,2,0.1719,2,0.0000,0,0.3125,2,0.2188,2,0.0000,0
12641427.0,866.424404,1845.727250,2712.151654,2605,715,0.00,0.2078,0.1750,8,0,2,1243,0.621500,0.1719,2,0.1719,2,0.1406,2,0.3281,2,0.5625,2,0.1719,2,0.0000,0,0.3125,2,0.2188,2,0.0000,0
12641678.0,866.531978,1846.119442,2712.651420,2606,716,0.00,0.2047,0.1750,7,0,3,1243,0.621500,0.0000,0,0.1719,2,0.1406,2,0.3281,2,0.7031,2,0.1719,2,0.0000,0,0.3125,2,0.2188,2,0.0000,0
12641708.0,866.544004,1846.164942,2712.708946,2607,716,0.00,0.2094,0.1875,7,0,3,1243,0.621500,0.0000,0,0.1719,2,0.1406,2,0.3281,2,0.7031,2,0.2188,2,0.0000,0,0.3125,2,0.2188,2,0.0000,0
12641717.0,866.548145,1846.179267,2712.727411,2608,716,0.00,0.2563,0.2125,8,0,2,1244,0.622000,0.0000,0,0.1719,2,0.1406,2,0.3281,2,0.7031,2,0.2188,2,0.4688,2,0.3125,2,0.2188,2,0.0000,0
12641825.0,866.596888,1846.364458,2712.961346,2609,717,0.00,0.2016,0.1750,6,1,3,1244,0.622000,0.0000,0,0.0000,1,0.1406,2,0.3281,2,0.7031,2,0.1719,2,0.0000,0,0.4531,2,0.2188,2,0.0000,0
12641825.0,866.596888,1846.364458,2712.961346,2610,718,0.00,0.2156,0.1875,6,1,3,1244,0.622000,0.0000,0,0.0000,1,0.1406,2,0.3281,2,0.7031,2,0.1719,2,0.0000,0,0.4531,2,0.3594,2,0.0000,0
12641896.0,866.624589,1846.473400,2713.097989,2611,718,0.00,0.2297,0.2000,7,0,3,1245,0.622500,0.0000,0,0.0000,0,0.1406,2,0.3281,2,0.7031,2,0.1719,2,0.0000,0,0.4531,2,0.3594,2,0.1406,2
12642583.0,866.888667,1847.492967,2714.381634,2612,718,0.00,0.2234,0.1875,7,0,3,1246,0.623000,0.1250,2,0.0000,0,0.0938,2,0.3281,2,0.7031,2,0.1719,2,0.0000,0,0.4531,2,0.3594,2,0.0000,0
12642978.0,867.053271,1848.121675,2715.174946,2613,718,0.00,0.2281,0.2000,8,0,2,1247,0.623500,0.1250,2,0.0469,2,0.0938,2,0.3281,2,0.7031,2,0.1719,2,0.0000,0,0.4531,2,0.3594,2,0.0000,0
12643193.0,867.149946,1848.494342,2715.644288,2614,718,0.00,0.2422,0.2125,8,0,2,1247,0.623500,0.1250,2,0.0469,2,0.2344,2,0.3281,2,0.7031,2,0.1719,2,0.0000,0,0.4531,2,0.3594,2,0.0000,0
12675879.0,877.447792,1883.362817,2760.810609,2615,718,0.00,0.1234,0.1125,6,0,4,1247,0.623500,0.0000,0,0.0000,0,0.0938,2,0.2344,2,0.3750,2,0.1719,2,0.0000,0,0.3125,2,0.0469,2,0.0000,0
12676683.0,877.694715,1884.227117,2761.921832,2616,718,0.00,0.1281,0.1250,6,0,4,1247,0.623500,0.0000,0,0.0000,0,0.0938,2,0.2344,2,0.4219,2,0.1719,2,0.0000,0,0.3125,2,0.0469,2,0.0000,0
12676920.0,877.767961,1884.491342,2762.259303,2617,719,0.00,0.1422,0.1125,6,0,4,1247,0.623500,0.0000,0,0.0000,0,0.0938,2,0.1875,2,0.4219,2,0.3594,2,0.0000,0,0.3125,2,0.0469,2,0.0000,0
12676928.0,877.771035,1884.499942,2762.270977,2618,719,0.00,0.1609,0.1125,7,0,3,1248,0.624000,0.0000,0,0.0000,0,0.0938,2,0.1875,2,0.4219,2,0.3594,2,0.1875,2,0.3125,2,0.0469,2,0.0000,0
12677400.0,877.944184,1885.038808,2762.982992,2619,719,0.00,0.1656,0.1250,7,0,3,1248,0.624000,0.0000,0,0.0000,0,0.0938,2,0.1875,2,0.4219,2,0.3594,2,0.1875,2,0.3594,2,0.0469,2,0.0000,0
12677434.0,877.956780,1885.080175,2763.036955,2620,719,0.00,0.1828,0.1375,7,0,3,1248,0.624000,0.0000,0,0.0000,0,0.0938,2,0.1875,2,0.4219,2,0.3594,2,0.1875,2,0.3594,2,0.2188,2,0.0000,0
12677691.0,878.050829,1885.378600,2763.429429,2621,719,0.00,0.1484,0.1250,7,0,3,1249,0.624500,0.0000,0,0.0000,0,0.0938,2,0.1875,2,0.4219,2,0.3594,2,0.0000,0,0.3125,2,0.0469,2,0.0625,2
12677884.0,878.120253,1885.613417,2763.733670,2622,719,0.00,0.1656,0.1375,8,0,2,1250,0.625000,0.1719,2,0.0000,0,0.0938,2,0.1875,2,0.4219,2,0.3594,2,0.0000,0,0.3125,2,0.0469,2,0.0625,2
12677886.0,878.121555,1885.616133,2763.737688,2623,719,0.00,0.1938,0.1500,9,0,1,1251,0.625500,0.1719,2,0.2813,2,0.0938,2,0.1875,2,0.4219,2,0.3594,2,0.0000,0,0.3125,2,0.0469,2,0.0625,2
12678401.0,878.309455,1886.221775,2764.531230,2624,719,0.00,0.1109,0.1125,7,0,3,1251,0.625500,0.0000,0,0.0000,0,0.1406,2,0.1875,2,0.3750,2,0.1719,2,0.0000,0,0.1250,2,0.0469,2,0.0625,2
12678446.0,878.324213,1886.273150,2764.597363,2625,720,0.00,0.1281,0.1250,7,0,3,1251,0.625500,0.0000,0,0.0000,0,0.1406,2,0.3594,2,0.3750,2,0.1719,2,0.0000,0,0.1250,2,0.0469,2,0.0625,2
12678603.0,878.377800,1886.464167,2764.841966,2626,721,0.00,0.1469,0.1250,7,0,3,1251,0.625500,0.0000,0,0.0000,0,0.1406,2,0.3594,2,0.5625,2,0.1719,2,0.0000,0,0.1250,2,0.0469,2,0.0625,2
12678759.0,878.433321,1886.653967,2765.087287,2627,722,0.00,0.1719,0.1375,7,0,3,1251,0.625500,0.0000,0,0.0000,0,0.1406,2,0.3594,2,0.5625,2,0.4219,2,0.0000,0,0.1250,2,0.0469,2,0.0625,2
12678841.0,878.463770,1886.755233,2765.219004,2628,722,0.00,0.1734,0.1250,8,0,2,1252,0.626000,0.0000,0,0.0000,0,0.1406,2,0.1875,2,0.5625,2,0.4219,2,0.1875,2,0.1250,2,0.0469,2,0.0625,2
12690191.0,881.973826,1898.063900,2780.037726,2629,723,0.00,0.1000,0.0875,5,0,5,1252,0.626000,0.0000,0,0.0000,0,0.0938,2,0.1875,2,0.3750,2,0.0000,0,0.0000,0,0.2969,2,0.0469,2,0.0000,0
12690231.0,881.984159,1898.098233,2780.082393,2630,723,0.00,0.1250,0.1000,5,0,5,1252,0.626000,0.0000,0,0.0000,0,0.0938,2,0.1875,2,0.3750,2,0.0000,0,0.0000,0,0.2969,2,0.2969,2,0.0000,0
12690581.0,882.077965,1898.402925,2780.480890,2631,723,0.00,0.1125,0.1000,6,0,4,1253,0.626500,0.0000,0,0.0000,0,0.0938,2,0.1875,2,0.3750,2,0.0000,0,0.0000,0,0.1250,2,0.2969,2,0.0469,2
12690864.0,882.159271,1898.668800,2780.828071,2632,723,0.00,0.1125,0.1000,6,0,4,1254,0.627000,0.0469,2,0.0000,0,0.0938,2,0.1875,2,0.3750,2,0.0000,0,0.0000,0,0.1250,2,0.2969,2,0.0000,0
12690960.0,882.188438,1898.764800,2780.953238,2633,723,0.00,0.1297,0.1125,7,0,3,1255,0.627500,0.0469,2,0.1719,2,0.0938,2,0.1875,2,0.3750,2,0.0000,0,0.0000,0,0.1250,2,0.2969,2,0.0000,0
12691397.0,882.325943,1899.211450,2781.537393,2634,723,0.00,0.1531,0.1125,6,0,4,1255,0.627500,0.0000,0,0.1719,2,0.3750,2,0.1875,2,0.3750,2,0.0000,0,0.0000,0,0.1250,2,0.2969,2,0.0000,0
12691636.0,882.395993,1899.438367,2781.834360,2635,724,0.00,0.1250,0.1000,5,0,5,1255,0.627500,0.0000,0,0.0000,0,0.0938,2,0.3594,2,0.3750,2,0.0000,0,0.0000,0,0.1250,2,0.2969,2,0.0000,0
12691741.0,882.425160,1899.536367,2781.961526,2636,724,0.00,0.1313,0.1125,5,0,5,1255,0.627500,0.0000,0,0.0000,0,0.0938,2,0.3594,2,0.4375,2,0.0000,0,0.0000,0,0.1250,2,0.2969,2,0.0000,0
12692206.0,882.552051,1899.985817,2782.537867,2637,724,0.00,0.1109,0.1125,6,0,4,1256,0.628000,0.0000,0,0.0000,0,0.0938,2,0.3594,2,0.4375,2,0.0469,2,0.0000,0,0.1250,2,0.0469,2,0.0000,0
12692300.0,882.578515,1900.076825,2782.655340,2638,724,0.00,0.1109,0.1125,6,0,4,1257,0.628500,0.0000,0,0.0000,0,0.0938,2,0.3594,2,0.4375,2,0.0000,0,0.0469,2,0.1250,2,0.0469,2,0.0000,0
12692613.0,882.666711,1900.382858,2783.049570,2639,725,0.00,0.1063,0.1000,5,0,5,1257,0.628500,0.0000,0,0.0000,0,0.0938,2,0.3594,2,0.3750,2,0.0000,0,0.0000,0,0.1875,2,0.0469,2,0.0000,0
12692705.0,882.690925,1900.468725,2783.159650,2640,725,0.00,0.1234,0.1125,5,0,5,1257,0.628500,0.0000,0,0.0000,0,0.0938,2,0.3594,2,0.3750,2,0.0000,0,0.0000,0,0.1875,2,0.2188,2,0.0000,0
12692800.0,882.717699,1900.564517,2783.282215,2641,725,0.00,0.1328,0.1250,6,0,4,1258,0.629000,0.0000,0,0.0000,0,0.0938,2,0.3594,2,0.3750,2,0.0000,0,0.0000,0,0.1875,2,0.2188,2,0.0938,2
12693008.0,882.783596,1900.803717,2783.587313,2642,725,0.00,0.1609,0.1375,7,0,3,1259,0.629500,0.2813,2,0.0000,0,0.0938,2,0.3594,2,0.3750,2,0.0000,0,0.0000,0,0.1875,2,0.2188,2,0.0938,2
12693782.0,883.023107,1901.644017,2784.667124,2643,725,0.00,0.1219,0.1125,7,0,3,1260,0.630000,0.0000,0,0.1250,2,0.0938,2,0.3594,2,0.3750,2,0.0000,0,0.0000,0,0.1250,2,0.0469,2,0.0938,2
12693978.0,883.088117,1901.863267,2784.951384,2644,725,0.00,0.1266,0.1125,6,0,4,1260,0.630000,0.0000,0,0.0000,0,0.2656,2,0.3594,2,0.3750,2,0.0000,0,0.0000,0,0.1250,2,0.0469,2,0.0938,2
12694520.0,883.249623,1902.410742,2785.660365,2645,725,0.00,0.1141,0.1125,6,0,4,1260,0.630000,0.0000,0,0.0000,0,0.0938,2,0.4063,2,0.3750,2,0.0000,0,0.0000,0,0.1250,2,0.0469,2,0.0938,2
12694521.0,883.249923,1902.411817,2785.661739,2646,725,0.00,0.1188,0.1250,6,0,4,1260,0.630000,0.0000,0,0.0000,0,0.0938,2,0.4063,2,0.4219,2,0.0000,0,0.0000,0,0.1250,2,0.0469,2,0.0938,2
12694527.0,883.252244,1902.418717,2785.670960,2647,725,0.00,0.1313,0.1375,7,0,3,1261,0.630500,0.0000,0,0.0000,0,0.0938,2,0.4063,2,0.4219,2,0.1250,2,0.0000,0,0.1250,2,0.0469,2,0.0938,2
12694805.0,883.348306,1902.777800,2786.126106,2648,725,0.00,0.1500,0.1375,8,0,2,1262,0.631000,0.0000,0,0.0000,0,0.0938,2,0.4063,2,0.4219,2,0.1250,2,0.1875,2,0.1250,2,0.0469,2,0.0938,2
12694892.0,883.382139,1902.895975,2786.278114,2649,726,0.00,0.1688,0.1375,8,0,2,1262,0.631000,0.0000,0,0.0000,0,0.0938,2,0.4063,2,0.4219,2,0.1250,2,0.1875,2,0.3125,2,0.0469,2,0.0938,2
12695124.0,883.469008,1903.194825,2786.663833,2650,726,0.00,0.1438,0.1375,7,0,3,1262,0.631000,0.0000,0,0.0000,0,0.0938,2,0.4063,2,0.3750,2,0.1250,2,0.0000,0,0.1250,2,0.2188,2,0.0938,2
12695496.0,883.597198,1903.656800,2787.253998,2651,726,0.00,0.1438,0.1375,7,0,3,1262,0.631000,0.0000,0,0.0000,0,0.0938,2,0.4063,2,0.3750,2,0.1250,2,0.0000,0,0.1250,2,0.0469,2,0.2656,2
12695902.0,883.724788,1904.104417,2787.829204,2652,726,0.00,0.1156,0.1000,7,0,3,1263,0.631500,0.1875,2,0.0000,0,0.0938,2,0.2344,2,0.3750,2,0.0000,0,0.0000,0,0.1250,2,0.0469,2,0.0938,2
12696072.0,883.781659,1904.285750,2788.067409,2653,726,0.00,0.1328,0.1125,8,0,2,1264,0.632000,0.1875,2,0.1719,2,0.0938,2,0.2344,2,0.3750,2,0.0000,0,0.0000,0,0.1250,2,0.0469,2,0.0938,2
12696455.0,883.925484,1904.748542,2788.674025,2654,726,0.00,0.1516,0.1125,8,0,2,1264,0.632000,0.1875,2,0.1719,2,0.2813,2,0.2344,2,0.3750,2,0.0000,0,0.0000,0,0.1250,2,0.0469,2,0.0938,2
12696716.0,884.027301,1905.063917,2789.091218,2655,726,0.00,0.1563,0.1250,8,0,2,1264,0.632000,0.1875,2,0.1719,2,0.2813,2,0.2813,2,0.3750,2,0.0000,0,0.0000,0,0.1250,2,0.0469,2,0.0938,2
12696859.0,884.083607,1905.247433,2789.331040,2656,727,0.00,0.1750,0.1250,8,0,2,1264,0.632000,0.1875,2,0.1719,2,0.2813,2,0.2813,2,0.5625,2,0.0000,0,0.0000,0,0.1250,2,0.0469,2,0.0938,2
12696934.0,884.114465,1905.342183,2789.456648,2657,727,0.00,0.1766,0.1125,8,1,1,1265,0.632500,0.1875,2,0.0000,1,0.2813,2,0.2813,2,0.5625,2,0.1875,2,0.0000,0,0.1250,2,0.0469,2,0.0938,2
12696992.0,884.138926,1905.410908,2789.549834,2658,727,0.00,0.1891,0.1125,9,0,1,1266,0.633000,0.1875,2,0.0000,0,0.2813,2,0.2344,2,0.5625,2,0.1875,2,0.1719,2,0.1250,2,0.0469,2,0.0938,2
12696995.0,884.140275,1905.414733,2789.555009,2659,728,0.00,0.2063,0.1250,9,0,1,1266,0.633000,0.1875,2,0.0000,0,0.2813,2,0.2344,2,0.5625,2,0.1875,2,0.1719,2,0.2969,2,0.0469,2,0.0938,2
12697224.0,884.232502,1905.693050,2789.925552,2660,728,0.00,0.1688,0.1250,8,0,2,1267,0.633500,0.1875,2,0.0000,0,0.2813,2,0.2344,2,0.3750,2,0.0000,0,0.1719,2,0.2969,2,0.0469,2,0.0938,2
12697262.0,884.247834,1905.741817,2789.989651,2661,728,0.00,0.1859,0.1375,8,0,2,1267,0.633500,0.1875,2,0.0000,0,0.2813,2,0.2344,2,0.3750,2,0.0000,0,0.1719,2,0.2969,2,0.0469,2,0.2656,2
12697388.0,884.299900,1905.903592,2790.203492,2662,728,0.00,0.1859,0.1375,8,0,2,1267,0.633500,0.2344,2,0.0000,0,0.2813,2,0.1875,2,0.3750,2,0.0000,0,0.1719,2,0.2969,2,0.0469,2,0.2656,2
12697409.0,884.309154,1905.932117,2790.241271,2663,728,0.00,0.1906,0.1500,9,0,1,1268,0.634000,0.2344,2,0.0469,2,0.2813,2,0.1875,2,0.3750,2,0.0000,0,0.1719,2,0.2969,2,0.0469,2,0.2656,2
12697409.0,884.309154,1905.932117,2790.241271,2664,728,0.00,0.1953,0.1625,9,0,1,1268,0.634000,0.2344,2,0.0469,2,0.3281,2,0.1875,2,0.3750,2,0.0000,0,0.1719,2,0.2969,2,0.0469,2,0.2656,2
12697628.0,884.403907,1906.248092,2790.651999,2665,729,0.00,0.1797,0.1500,9,0,1,1268,0.634000,0.1875,2,0.0469,2,0.1406,2,0.3594,2,0.3750,2,0.0000,0,0.1719,2,0.2969,2,0.0469,2,0.1719,2
12697699.0,884.435327,1906.354592,2790.789919,2666,730,0.00,0.2078,0.1625,9,0,1,1268,0.634000,0.1875,2,0.0469,2,0.1406,2,0.3594,2,0.6563,2,0.0000,0,0.1719,2,0.2969,2,0.0469,2,0.1719,2
12698004.0,884.570790,1906.812458,2791.383248,2667,730,0.00,0.1953,0.1625,9,0,1,1269,0.634500,0.1875,2,0.0469,2,0.1406,2,0.3594,2,0.6563,2,0.0469,2,0.1719,2,0.2969,2,0.0469,2,0.0000,0
12698115.0,884.621260,1906.987283,2791.608544,2668,731,0.00,0.2125,0.1750,9,0,1,1269,0.634500,0.1875,2,0.0469,2,0.1406,2,0.3594,2,0.6563,2,0.0469,2,0.3438,2,0.2969,2,0.0469,2,0.0000,0
12698247.0,884.683044,1907.205083,2791.888127,2669,732,0.00,0.2297,0.1875,9,0,1,1269,0.634500,0.1875,2,0.0469,2,0.1406,2,0.3594,2,0.6563,2,0.0469,2,0.3438,2,0.4688,2,0.0469,2,0.0000,0
12698502.0,884.796819,1907.606950,2792.403769,2670,732,0.00,0.2016,0.1750,8,0,2,1269,0.634500,0.1875,2,0.0469,2,0.1406,2,0.3594,2,0.3750,2,0.0000,0,0.3438,2,0.4688,2,0.0938,2,0.0000,0
12698776.0,884.910093,1908.034383,2792.944476,2671,732,0.00,0.2000,0.1875,8,0,2,1270,0.635000,0.0000,0,0.0469,2,0.1406,2,0.3594,2,0.3750,2,0.0000,0,0.3438,2,0.4688,2,0.0938,2,0.1719,2
12699423.0,885.176269,1909.045075,2794.221344,2672,732,0.00,0.1828,0.1750,9,0,1,1271,0.635500,0.1719,2,0.0469,2,0.1406,2,0.1875,2,0.3750,2,0.0000,0,0.3438,2,0.2969,2,0.0938,2,0.1719,2
12699635.0,885.270602,1909.394875,2794.665477,2673,732,0.00,0.2016,0.1750,9,0,1,1271,0.635500,0.1719,2,0.2344,2,0.1406,2,0.1875,2,0.3750,2,0.0000,0,0.3438,2,0.2969,2,0.0938,2,0.1719,2
12699697.0,885.299094,1909.497175,2794.796269,2674,733,0.00,0.2203,0.1750,9,0,1,1271,0.635500,0.1719,2,0.2344,2,0.3281,2,0.1875,2,0.3750,2,0.0000,0,0.3438,2,0.2969,2,0.0938,2,0.1719,2
12699766.0,885.331809,1909.611025,2794.942834,2675,734,0.00,0.2391,0.1750,9,0,1,1271,0.635500,0.1719,2,0.2344,2,0.3281,2,0.3750,2,0.3750,2,0.0000,0,0.3438,2,0.2969,2,0.0938,2,0.1719,2
12699989.0,885.437295,1909.972900,2795.410195,2676,735,0.00,0.2203,0.1750,8,0,2,1271,0.635500,0.1719,2,0.2344,2,0.3281,2,0.1875,2,0.5469,2,0.0000,0,0.3438,2,0.2969,2,0.0938,2,0.0000,0
12700511.0,885.650052,1910.740575,2796.390627,2677,735,0.00,0.1531,0.1625,8,0,2,1272,0.636000,0.0000,0,0.0469,2,0.1406,2,0.1875,2,0.3750,2,0.0469,2,0.3438,2,0.2969,2,0.0938,2,0.0000,0
12700534.0,885.659052,1910.775267,2796.434319,2678,735,0.00,0.1719,0.1750,8,0,2,1272,0.636000,0.0000,0,0.0469,2,0.1406,2,0.1875,2,0.3750,2,0.0469,2,0.5313,2,0.2969,2,0.0938,2,0.0000,0
12700571.0,885.674071,1910.833850,2796.507921,2679,736,0.00,0.1891,0.1875,8,0,2,1272,0.636000,0.0000,0,0.0469,2,0.1406,2,0.1875,2,0.3750,2,0.0469,2,0.5313,2,0.4688,2,0.0938,2,0.0000,0
12700799.0,885.763165,1911.180325,2796.943490,2680,736,0.00,0.1844,0.1750,7,0,3,1272,0.636000,0.0000,0,0.0469,2,0.1406,2,0.1875,2,0.3750,2,0.0000,0,0.5313,2,0.2969,2,0.2656,2,0.0000,0
12700973.0,885.830667,1911.444225,2797.274892,2681,736,0.00,0.2031,0.1750,8,0,2,1273,0.636500,0.0000,0,0.0469,2,0.1406,2,0.1875,2,0.3750,2,0.0000,0,0.5313,2,0.2969,2,0.2656,2,0.1875,2
12700980.0,885.834178,1911.455308,2797.289487,2682,736,0.00,0.2313,0.1875,9,0,1,1274,0.637000,0.2813,2,0.0469,2,0.1406,2,0.1875,2,0.3750,2,0.0000,0,0.5313,2,0.2969,2,0.2656,2,0.1875,2
12701034.0,885.860241,1911.548458,2797.408699,2683,736,0.00,0.2813,0.1875,9,0,1,1274,0.637000,0.2813,2,0.5469,2,0.1406,2,0.1875,2,0.3750,2,0.0000,0,0.5313,2,0.2969,2,0.2656,2,0.1875,2
12701035.0,885.860762,1911.550183,2797.410946,2684,736,0.00,0.3313,0.1875,9,0,1,1274,0.637000,0.2813,2,0.5469,2,0.6406,2,0.1875,2,0.3750,2,0.0000,0,0.5313,2,0.2969,2,0.2656,2,0.1875,2
12701642.0,886.126886,1912.462767,2798.589653,2685,736,0.00,0.1578,0.1500,8,0,2,1274,0.637000,0.0000,0,0.0469,2,0.1406,2,0.2500,2,0.3750,2,0.0000,0,0.1875,2,0.1250,2,0.2656,2,0.1875,2
12701775.0,886.179227,1912.653400,2798.832627,2686,736,0.00,0.1516,0.1625,7,1,2,1274,0.637000,0.0000,0,0.0469,2,0.1406,2,0.2500,2,0.5000,2,0.0000,0,0.1875,2,0.1250,2,0.2656,2,0.0000,1
12701982.0,886.254196,1912.949283,2799.203480,2687,736,0.00,0.1406,0.1625,8,0,2,1275,0.637500,0.0000,0,0.0469,2,0.1406,2,0.2500,2,0.3750,2,0.0156,2,0.1875,2,0.1250,2,0.2656,2,0.0000,0
12702195.0,886.335062,1913.268233,2799.603295,2688,736,0.00,0.1250,0.1625,8,0,2,1275,0.637500,0.0000,0,0.0469,2,0.1406,2,0.2500,2,0.3750,2,0.0156,2,0.2031,2,0.1250,2,0.0938,2,0.0000,0
12702205.0,886.338757,1913.283317,2799.622073,2689,737,0.00,0.1422,0.1750,8,0,2,1275,0.637500,0.0000,0,0.0469,2,0.1406,2,0.2500,2,0.3750,2,0.0156,2,0.2031,2,0.2969,2,0.0938,2,0.0000,0
12702258.0,886.359046,1913.367233,2799.726279,2690,737,0.00,0.1594,0.1875,8,0,2,1275,0.637500,0.0000,0,0.0469,2,0.1406,2,0.2500,2,0.3750,2,0.0156,2,0.2031,2,0.2969,2,0.2656,2,0.0000,0
12702385.0,886.409861,1913.577842,2799.987702,2691,737,0.00,0.1875,0.2000,9,0,1,1276,0.638000,0.0000,0,0.0469,2,0.1406,2,0.2500,2,0.3750,2,0.0156,2,0.2031,2,0.2969,2,0.2656,2,0.2813,2
12702488.0,886.456568,1913.763242,2800.219809,2692,737,0.00,0.2063,0.2000,10,0,0,1277,0.638500,0.1875,2,0.0469,2,0.1406,2,0.2500,2,0.3750,2,0.0156,2,0.2031,2,0.2969,2,0.2656,2,0.2813,2
12702491.0,886.458049,1913.768842,2800.226890,2693,737,0.00,0.2188,0.2125,10,0,0,1277,0.638500,0.1875,2,0.1719,2,0.1406,2,0.2500,2,0.3750,2,0.0156,2,0.2031,2,0.2969,2,0.2656,2,0.2813,2
12702537.0,886.481209,1913.858158,2800.339367,2694,737,0.00,0.2688,0.2125,10,0,0,1277,0.638500,0.1875,2,0.1719,2,0.6406,2,0.2500,2,0.3750,2,0.0156,2,0.2031,2,0.2969,2,0.2656,2,0.2813,2
12702610.0,886.520407,1913.998550,2800.518957,2695,738,0.00,0.2594,0.2000,9,1,0,1277,0.638500,0.1875,2,0.1719,2,0.6406,2,0.4375,2,0.3750,2,0.0156,2,0.2031,2,0.2969,2,0.2656,2,0.0000,1
12703486.0,886.938806,1915.496192,2802.434997,2696,738,0.00,0.2250,0.2000,8,0,2,1277,0.638500,0.0000,0,0.1719,2,0.6406,2,0.2500,2,0.4219,2,0.0156,2,0.1875,2,0.2969,2,0.2656,2,0.0000,0
12703623.0,887.000031,1915.732758,2802.732790,2697,738,0.00,0.2250,0.2000,8,0,2,1277,0.638500,0.0000,0,0.1719,2,0.6406,2,0.2500,2,0.3750,2,0.0625,2,0.1875,2,0.2969,2,0.2656,2,0.0000,0
12703679.0,887.024901,1915.826225,2802.851126,2698,739,0.00,0.2375,0.2000,8,0,2,1277,0.638500,0.0000,0,0.1719,2,0.6406,2,0.2500,2,0.3750,2,0.0156,2,0.3594,2,0.2969,2,0.2656,2,0.0000,0
12703999.0,887.170040,1916.374817,2803.544857,2699,740,0.00,0.2438,0.1875,8,0,2,1277,0.638500,0.0000,0,0.1719,2,0.6406,2,0.2500,2,0.3750,2,0.0156,2,0.3594,2,0.3594,2,0.2656,2,0.0000,0
12704008.0,887.174196,1916.389742,2803.563938,2700,741,0.00,0.2625,0.1875,8,0,2,1277,0.638500,0.0000,0,0.1719,2,0.6406,2,0.2500,2,0.3750,2,0.0156,2,0.3594,2,0.3594,2,0.4531,2,0.0000,0
12704054.0,887.196610,1916.466025,2803.662635,2701,741,0.00,0.2813,0.1875,9,0,1,1278,0.639000,0.0000,0,0.1719,2,0.6406,2,0.2500,2,0.3750,2,0.0156,2,0.3594,2,0.3594,2,0.4531,2,0.1875,2
12704434.0,887.391791,1917.121525,2804.513316,2702,741,0.00,0.2906,0.2000,10,0,0,1279,0.639500,0.2813,2,0.1719,2,0.6406,2,0.2500,2,0.3750,2,0.0156,2,0.3594,2,0.3594,2,0.2656,2,0.1875,2
12704508.0,887.432329,1917.259658,2804.691987,2703,742,0.00,0.2594,0.2000,10,0,0,1279,0.639500,0.2813,2,0.3594,2,0.1406,2,0.2500,2,0.3750,2,0.0156,2,0.3594,2,0.3594,2,0.2656,2,0.1875,2
12704589.0,887.474332,1917.406767,2804.881098,2704,743,0.00,0.2500,0.1875,9,0,1,1279,0.639500,0.0000,0,0.3594,2,0.3281,2,0.2500,2,0.3750,2,0.0156,2,0.3594,2,0.3594,2,0.2656,2,0.1875,2
12704782.0,887.558691,1917.711867,2805.270558,2705,744,0.00,0.2250,0.1750,7,0,3,1279,0.639500,0.0000,0,0.3594,2,0.3281,2,0.4375,2,0.3750,2,0.0000,0,0.3594,2,0.1250,2,0.2656,2,0.0000,0
12704913.0,887.611991,1917.910550,2805.522541,2706,744,0.00,0.2563,0.1750,7,0,3,1279,0.639500,0.0000,0,0.1719,2,0.3281,2,0.4375,2,0.8750,2,0.0000,0,0.3594,2,0.1250,2,0.2656,2,0.0000,0
12706453.0,888.246638,1920.137842,2808.384479,2707,744,0.00,0.2109,0.1750,8,0,2,1280,0.640000,0.0000,0,0.0469,2,0.1406,2,0.2500,2,0.8750,2,0.0469,2,0.3594,2,0.1250,2,0.2656,2,0.0000,0
12707286.0,888.580770,1921.397417,2809.978187,2708,744,0.00,0.2063,0.1625,7,0,3,1280,0.640000,0.0000,0,0.0469,2,0.1406,2,0.2500,2,0.3750,2,0.0000,0,0.8594,2,0.1250,2,0.2656,2,0.0000,0
12707288.0,888.581574,1921.400300,2809.981874,2709,744,0.00,0.2563,0.1625,7,0,3,1280,0.640000,0.0000,0,0.0469,2,0.1406,2,0.2500,2,0.3750,2,0.0000,0,0.8594,2,0.6250,2,0.2656,2,0.0000,0
12707288.0,888.581574,1921.400300,2809.981874,2710,744,0.00,0.3063,0.1625,7,0,3,1280,0.640000,0.0000,0,0.0469,2,0.1406,2,0.2500,2,0.3750,2,0.0000,0,0.8594,2,0.6250,2,0.7656,2,0.0000,0
12707288.0,888.582074,1921.400300,2809.982374,2711,744,0.00,0.3563,0.1625,8,0,2,1281,0.640500,0.0000,0,0.0469,2,0.1406,2,0.2500,2,0.3750,2,0.0000,0,0.8594,2,0.6250,2,0.7656,2,0.5000,2
12707320.0,888.600152,1921.448567,2810.048719,2712,744,0.00,0.3609,0.1750,9,0,1,1282,0.641000,0.0469,2,0.0469,2,0.1406,2,0.2500,2,0.3750,2,0.0000,0,0.8594,2,0.6250,2,0.7656,2,0.5000,2
12707649.0,888.785108,1921.960550,2810.745658,2713,744,0.00,0.3750,0.1625,8,0,2,1282,0.641000,0.0000,0,0.2344,2,0.1406,2,0.2500,2,0.3750,2,0.0000,0,0.8594,2,0.6250,2,0.7656,2,0.5000,2
12707651.0,888.786236,1921.963567,2810.749802,2714,745,0.00,0.3938,0.1625,8,0,2,1282,0.641000,0.0000,0,0.2344,2,0.3281,2,0.2500,2,0.3750,2,0.0000,0,0.8594,2,0.6250,2,0.7656,2,0.5000,2
12707656.0,888.789128,1921.971108,2810.760236,2715,746,0.00,0.4125,0.1625,8,0,2,1282,0.641000,0.0000,0,0.2344,2,0.3281,2,0.4375,2,0.3750,2,0.0000,0,0.8594,2,0.6250,2,0.7656,2,0.5000,2
12707797.0,888.872326,1922.183783,2811.056109,2716,747,0.00,0.4109,0.1750,8,0,2,1282,0.641000,0.0000,0,0.2344,2,0.1406,2,0.4375,2,0.5469,2,0.0000,0,0.8594,2,0.6250,2,0.7656,2,0.5000,2
12711818.0,890.485500,1927.464767,2817.950266,2717,747,0.00,0.1391,0.1500,7,0,3,1283,0.641500,0.0000,0,0.0000,0,0.1406,2,0.2500,2,0.3750,2,0.0469,2,0.1875,2,0.1250,2,0.2656,2,0.0000,0
12711905.0,890.515935,1927.583667,2818.099601,2718,748,0.00,0.1578,0.1500,7,0,3,1283,0.641500,0.0000,0,0.0000,0,0.1406,2,0.2500,2,0.3750,2,0.0469,2,0.3750,2,0.1250,2,0.2656,2,0.0000,0
12712058.0,890.571689,1927.792767,2818.364456,2719,749,0.00,0.1750,0.1625,7,0,3,1283,0.641500,0.0000,0,0.0000,0,0.1406,2,0.2500,2,0.3750,2,0.0469,2,0.3750,2,0.2969,2,0.2656,2,0.0000,0
12712414.0,890.697904,1928.269425,2818.967329,2720,749,0.00,0.1516,0.1500,6,0,4,1283,0.641500,0.0000,0,0.0000,0,0.0938,2,0.2500,2,0.3750,2,0.0000,0,0.1875,2,0.2969,2,0.3125,2,0.0000,0
12712464.0,890.714853,1928.334425,2819.049278,2721,749,0.00,0.1703,0.1500,7,0,3,1284,0.642000,0.0000,0,0.0000,0,0.0938,2,0.2500,2,0.3750,2,0.0000,0,0.1875,2,0.2969,2,0.3125,2,0.1875,2
12712654.0,890.786439,1928.594092,2819.380530,2722,749,0.00,0.1891,0.1500,8,0,2,1285,0.642500,0.1875,2,0.0000,0,0.0938,2,0.2500,2,0.3750,2,0.0000,0,0.1875,2,0.2969,2,0.3125,2,0.1875,2
12712654.0,890.786939,1928.594092,2819.381030,2723,749,0.00,0.2063,0.1625,9,0,1,1286,0.643000,0.1875,2,0.1719,2,0.0938,2,0.2500,2,0.3750,2,0.0000,0,0.1875,2,0.2969,2,0.3125,2,0.1875,2
12712679.0,890.798475,1928.632567,2819.431041,2724,749,0.00,0.2063,0.1625,9,0,1,1286,0.643000,0.1875,2,0.1719,2,0.1406,2,0.2500,2,0.3750,2,0.0000,0,0.1875,2,0.2969,2,0.2656,2,0.1875,2
12712750.0,890.831026,1928.744392,2819.575418,2725,750,0.00,0.2156,0.1750,8,1,1,1286,0.643000,0.0000,1,0.1719,2,0.1406,2,0.5313,2,0.3750,2,0.0000,0,0.1875,2,0.2969,2,0.2656,2,0.1875,2
12713034.0,890.951160,1929.179517,2820.130676,2726,751,0.00,0.1859,0.1750,7,0,3,1286,0.643000,0.0000,0,0.1719,2,0.1406,2,0.2500,2,0.5469,2,0.0000,0,0.1875,2,0.2969,2,0.2656,2,0.0000,0
12713342.0,891.069980,1929.642975,2820.712955,2727,751,0.00,0.1750,0.1750,8,0,2,1287,0.643500,0.0000,0,0.1719,2,0.1406,2,0.2500,2,0.5469,2,0.0625,2,0.1875,2,0.2969,2,0.0938,2,0.0000,0
12713342.0,891.069980,1929.642975,2820.712955,2728,752,0.00,0.1813,0.1875,8,0,2,1287,0.643500,0.0000,0,0.1719,2,0.1406,2,0.2500,2,0.5469,2,0.0625,2,0.2500,2,0.2969,2,0.0938,2,0.0000,0
12713682.0,891.209679,1930.190608,2821.400287,2729,753,0.00,0.1859,0.2000,8,0,2,1287,0.643500,0.0000,0,0.1719,2,0.0938,2,0.2500,2,0.5469,2,0.0625,2,0.2500,2,0.3906,2,0.0938,2,0.0000,0
12713985.0,891.329767,1930.684283,2822.014050,2730,753,0.00,0.1859,0.1875,7,0,3,1287,0.643500,0.0000,0,0.1719,2,0.0938,2,0.2500,2,0.5469,2,0.0000,0,0.1875,2,0.3906,2,0.2188,2,0.0000,0
12714018.0,891.343014,1930.736808,2822.079823,2731,753,0.00,0.2031,0.2000,8,0,2,1288,0.644000,0.0000,0,0.1719,2,0.0938,2,0.2500,2,0.5469,2,0.0000,0,0.1875,2,0.3906,2,0.2188,2,0.1719,2
12714775.0,891.669182,1932.048942,2823.718124,2732,753,0.00,0.2078,0.2125,9,0,1,1289,0.644500,0.0469,2,0.1719,2,0.0938,2,0.2500,2,0.5469,2,0.0000,0,0.1875,2,0.3906,2,0.2188,2,0.1719,2
12715637.0,892.033095,1933.471458,2825.504553,2733,753,0.00,0.1391,0.1500,7,0,3,1290,0.645000,0.0000,0,0.1719,2,0.0938,2,0.2500,2,0.3750,2,0.0000,0,0.1875,2,0.2188,2,0.0938,2,0.0000,0
12715759.0,892.075774,1933.638192,2825.713966,2734,753,0.00,0.1563,0.1625,7,0,3,1290,0.645000,0.0000,0,0.1719,2,0.2656,2,0.2500,2,0.3750,2,0.0000,0,0.1875,2,0.2188,2,0.0938,2,0.0000,0
12715831.0,892.101924,1933.741992,2825.843916,2735,753,0.00,0.1609,0.1750,7,0,3,1290,0.645000,0.0000,0,0.1719,2,0.2656,2,0.2969,2,0.3750,2,0.0000,0,0.1875,2,0.2188,2,0.0938,2,0.0000,0
12715831.0,892.101924,1933.741992,2825.843916,2736,754,0.00,0.1781,0.1875,7,0,3,1290,0.645000,0.0000,0,0.1719,2,0.2656,2,0.2969,2,0.5469,2,0.0000,0,0.1875,2,0.2188,2,0.0938,2,0.0000,0
12715832.0,892.102804,1933.743583,2825.846388,2737,754,0.00,0.1953,0.2000,8,0,2,1291,0.645500,0.0000,0,0.1719,2,0.2656,2,0.2969,2,0.5469,2,0.1719,2,0.1875,2,0.2188,2,0.0938,2,0.0000,0
12715890.0,892.127404,1933.844117,2825.971520,2738,754,0.00,0.2000,0.2125,8,0,2,1291,0.645500,0.0000,0,0.1719,2,0.2656,2,0.2969,2,0.5469,2,0.1719,2,0.2344,2,0.2188,2,0.0938,2,0.0000,0
12715899.0,892.131254,1933.860392,2825.991645,2739,754,0.00,0.2047,0.2250,8,0,2,1291,0.645500,0.0000,0,0.1719,2,0.2656,2,0.2969,2,0.5469,2,0.1719,2,0.2344,2,0.2656,2,0.0938,2,0.0000,0
12716496.0,892.386356,1934.934192,2827.320548,2740,754,0.00,0.2141,0.2125,8,0,2,1291,0.645500,0.0000,0,0.1719,2,0.2656,2,0.2500,2,0.5469,2,0.1719,2,0.1875,2,0.2656,2,0.2813,2,0.0000,0
12717032.0,892.621016,1935.883058,2828.504074,2741,754,0.00,0.2094,0.2000,9,0,1,1292,0.646000,0.0000,0,0.1719,2,0.2656,2,0.2500,2,0.5469,2,0.1719,2,0.1875,2,0.2188,2,0.2344,2,0.0469,2
12717322.0,892.750348,1936.384108,2829.134457,2742,754,0.00,0.2094,0.2000,9,0,1,1293,0.646500,0.1719,2,0.0000,0,0.2656,2,0.2500,2,0.5469,2,0.1719,2,0.1875,2,0.2188,2,0.2344,2,0.0469,2
12717323.0,892.751314,1936.385908,2829.137222,2743,754,0.00,0.2266,0.2125,10,0,0,1294,0.647000,0.1719,2,0.1719,2,0.2656,2,0.2500,2,0.5469,2,0.1719,2,0.1875,2,0.2188,2,0.2344,2,0.0469,2
12717374.0,892.777301,1936.484933,2829.262234,2744,754,0.00,0.2313,0.2250,10,0,0,1294,0.647000,0.1719,2,0.1719,2,0.3125,2,0.2500,2,0.5469,2,0.1719,2,0.1875,2,0.2188,2,0.2344,2,0.0469,2
12717453.0,892.817843,1936.644250,2829.462093,2745,755,0.00,0.2484,0.2375,10,0,0,1294,0.647000,0.1719,2,0.1719,2,0.3125,2,0.4219,2,0.5469,2,0.1719,2,0.1875,2,0.2188,2,0.2344,2,0.0469,2
12717776.0,892.974484,1937.257133,2830.231617,2746,755,0.00,0.2313,0.2250,9,0,1,1294,0.647000,0.1719,2,0.1719,2,0.3125,2,0.2500,2,0.5938,2,0.1719,2,0.1875,2,0.2188,2,0.2344,2,0.0000,0
12718008.0,893.085909,1937.698283,2830.784192,2747,755,0.00,0.2219,0.2000,9,0,1,1294,0.647000,0.1719,2,0.1719,2,0.3125,2,0.2500,2,0.5469,2,0.2188,2,0.1875,2,0.1250,2,0.2344,2,0.0000,0
12718108.0,893.133178,1937.872808,2831.005986,2748,756,0.00,0.2313,0.2000,9,0,1,1294,0.647000,0.1719,2,0.1719,2,0.3125,2,0.2500,2,0.5469,2,0.1719,2,0.3281,2,0.1250,2,0.2344,2,0.0000,0
12718232.0,893.193025,1938.096008,2831.289033,2749,757,0.00,0.2500,0.2125,9,0,1,1294,0.647000,0.1719,2,0.1719,2,0.3125,2,0.2500,2,0.5469,2,0.1719,2,0.3281,2,0.3125,2,0.2344,2,0.0000,0
12719070.0,893.606157,1939.611683,2833.217840,2750,757,0.00,0.2359,0.2000,9,0,1,1294,0.647000,0.1719,2,0.1719,2,0.2656,2,0.2500,2,0.5469,2,0.1719,2,0.1875,2,0.3125,2,0.2813,2,0.0000,0
12719324.0,893.729852,1940.062283,2833.792136,2751,757,0.00,0.2484,0.2000,10,0,0,1295,0.647500,0.1719,2,0.1719,2,0.2656,2,0.2500,2,0.5469,2,0.1719,2,0.1875,2,0.3125,2,0.2344,2,0.1719,2
12719380.0,893.759340,1940.166817,2833.926157,2752,758,0.00,0.2547,0.2125,10,0,0,1295,0.647500,0.2344,2,0.1719,2,0.2656,2,0.2500,2,0.5469,2,0.1719,2,0.1875,2,0.3125,2,0.2344,2,0.1719,2
12719475.0,893.809825,1940.351275,2834.161100,2753,759,0.00,0.2719,0.2250,10,0,0,1295,0.647500,0.2344,2,0.3438,2,0.2656,2,0.2500,2,0.5469,2,0.1719,2,0.1875,2,0.3125,2,0.2344,2,0.1719,2
12719519.0,893.833796,1940.440008,2834.273804,2754,759,0.00,0.2766,0.2375,10,0,0,1295,0.647500,0.2344,2,0.3438,2,0.3125,2,0.2500,2,0.5469,2,0.1719,2,0.1875,2,0.3125,2,0.2344,2,0.1719,2
12719679.0,893.917244,1940.742575,2834.659819,2755,760,0.00,0.2656,0.2125,10,0,0,1295,0.647500,0.2344,2,0.1719,2,0.2656,2,0.5313,2,0.3750,2,0.1719,2,0.1875,2,0.3125,2,0.2344,2,0.1719,2
12720223.0,894.169585,1941.649267,2835.818851,2756,760,0.00,0.1734,0.1625,7,0,3,1295,0.647500,0.2344,2,0.0000,0,0.0938,2,0.2500,2,0.4219,2,0.0000,0,0.1875,2,0.3125,2,0.2344,2,0.0000,0
12720445.0,894.250555,1941.940592,2836.191146,2757,760,0.00,0.1563,0.1500,8,0,2,1296,0.648000,0.0625,2,0.0000,0,0.0938,2,0.2500,2,0.3750,2,0.0469,2,0.1875,2,0.3125,2,0.2344,2,0.0000,0
12720635.0,894.320504,1942.190983,2836.511487,2758,760,0.00,0.1703,0.1500,7,0,3,1296,0.648000,0.0625,2,0.0000,0,0.0938,2,0.2500,2,0.3750,2,0.0000,0,0.3750,2,0.3125,2,0.2344,2,0.0000,0
12720779.0,894.374379,1942.387783,2836.762162,2759,761,0.00,0.1875,0.1625,7,0,3,1296,0.648000,0.0625,2,0.0000,0,0.0938,2,0.2500,2,0.3750,2,0.0000,0,0.3750,2,0.4844,2,0.2344,2,0.0000,0
12720780.0,894.374766,1942.389225,2836.763991,2760,762,0.00,0.2047,0.1750,7,0,3,1296,0.648000,0.0625,2,0.0000,0,0.0938,2,0.2500,2,0.3750,2,0.0000,0,0.3750,2,0.4844,2,0.4063,2,0.0000,0
12720783.0,894.376469,1942.393775,2836.770244,2761,762,0.00,0.2219,0.1875,8,0,2,1297,0.648500,0.0625,2,0.0000,0,0.0938,2,0.2500,2,0.3750,2,0.0000,0,0.3750,2,0.4844,2,0.4063,2,0.1719,2
12720822.0,894.393816,1942.458450,2836.852266,2762,762,0.00,0.2391,0.2000,8,0,2,1297,0.648500,0.2344,2,0.0000,0,0.0938,2,0.2500,2,0.3750,2,0.0000,0,0.3750,2,0.4844,2,0.4063,2,0.1719,2
12720865.0,894.414016,1942.532983,2836.947000,2763,762,0.00,0.2563,0.2125,9,0,1,1298,0.649000,0.2344,2,0.1719,2,0.0938,2,0.2500,2,0.3750,2,0.0000,0,0.3750,2,0.4844,2,0.4063,2,0.1719,2
12722522.0,895.084202,1945.017308,2840.101510,2764,762,0.00,0.1641,0.1500,7,0,3,1298,0.649000,0.0625,2,0.0000,0,0.2188,2,0.2500,2,0.3750,2,0.0000,0,0.1875,2,0.3125,2,0.2344,2,0.0000,0
12722727.0,895.159902,1945.297475,2840.457377,2765,763,0.00,0.1813,0.1625,7,0,3,1298,0.649000,0.0625,2,0.0000,0,0.2188,2,0.4219,2,0.3750,2,0.0000,0,0.1875,2,0.3125,2,0.2344,2,0.0000,0
12722917.0,895.232603,1945.571392,2840.803995,2766,763,0.00,0.1859,0.1750,7,0,3,1298,0.649000,0.0625,2,0.0000,0,0.2188,2,0.4219,2,0.4219,2,0.0000,0,0.1875,2,0.3125,2,0.2344,2,0.0000,0
12723416.0,895.419873,1946.259658,2841.679531,2767,763,0.00,0.1906,0.1500,7,1,2,1299,0.649500,0.0000,1,0.0000,0,0.0938,2,0.4219,2,0.3750,2,0.2813,2,0.1875,2,0.3125,2,0.2344,2,0.0000,0
12723521.0,895.460823,1946.402383,2841.863206,2768,764,0.00,0.1688,0.1500,6,1,3,1299,0.649500,0.0000,0,0.0000,0,0.0938,2,0.4219,2,0.3750,2,0.0000,1,0.2500,2,0.3125,2,0.2344,2,0.0000,0
12724753.0,895.875963,1947.969700,2843.845663,2769,765,0.00,0.1672,0.1500,6,0,4,1299,0.649500,0.0000,0,0.0000,0,0.0938,2,0.4219,2,0.3750,2,0.0000,0,0.0625,2,0.4844,2,0.2344,2,0.0000,0
12724760.0,895.878351,1947.978800,2843.857151,2770,766,0.00,0.1844,0.1625,6,0,4,1299,0.649500,0.0000,0,0.0000,0,0.0938,2,0.4219,2,0.3750,2,0.0000,0,0.0625,2,0.4844,2,0.4063,2,0.0000,0
12724827.0,895.902604,1948.070925,2843.973529,2771,766,0.00,0.2016,0.1750,7,0,3,1300,0.650000,0.0000,0,0.0000,0,0.0938,2,0.4219,2,0.3750,2,0.0000,0,0.0625,2,0.4844,2,0.4063,2,0.1719,2
12724844.0,895.909877,1948.096708,2844.006586,2772,766,0.00,0.2188,0.1875,8,0,2,1301,0.650500,0.1719,2,0.0000,0,0.0938,2,0.4219,2,0.3750,2,0.0000,0,0.0625,2,0.4844,2,0.4063,2,0.1719,2
12724869.0,895.921436,1948.138167,2844.059603,2773,766,0.00,0.2359,0.2000,9,0,1,1302,0.651000,0.1719,2,0.1719,2,0.0938,2,0.4219,2,0.3750,2,0.0000,0,0.0625,2,0.4844,2,0.4063,2,0.1719,2
12724908.0,895.940314,1948.206567,2844.146881,2774,766,0.00,0.2484,0.2000,9,0,1,1302,0.651000,0.1719,2,0.1719,2,0.2656,2,0.4219,2,0.3750,2,0.0000,0,0.0625,2,0.4844,2,0.3594,2,0.1719,2
12724913.0,895.942794,1948.215567,2844.158361,2775,767,0.00,0.2656,0.2125,9,0,1,1302,0.651000,0.1719,2,0.1719,2,0.2656,2,0.5938,2,0.3750,2,0.0000,0,0.0625,2,0.4844,2,0.3594,2,0.1719,2
12724952.0,895.962660,1948.288692,2844.251351,2776,767,0.00,0.2828,0.2250,9,0,1,1302,0.651000,0.1719,2,0.1719,2,0.2656,2,0.5938,2,0.5469,2,0.0000,0,0.0625,2,0.4844,2,0.3594,2,0.1719,2
12724988.0,895.981978,1948.358892,2844.340870,2777,767,0.00,0.2875,0.2375,10,0,0,1303,0.651500,0.1719,2,0.1719,2,0.2656,2,0.5938,2,0.5469,2,0.0469,2,0.0625,2,0.4844,2,0.3594,2,0.1719,2
12725852.0,896.438274,1950.054208,2846.492482,2778,767,0.00,0.2328,0.2000,9,0,1,1303,0.651500,0.1719,2,0.1719,2,0.0938,2,0.4219,2,0.5469,2,0.0000,0,0.0781,2,0.3125,2,0.3594,2,0.1719,2
12725915.0,896.468757,1950.167608,2846.636365,2779,767,0.00,0.2453,0.2125,9,0,1,1303,0.651500,0.1719,2,0.1719,2,0.0938,2,0.4219,2,0.5469,2,0.0000,0,0.0781,2,0.4375,2,0.3594,2,0.1719,2
12726300.0,896.658385,1950.864883,2847.523268,2780,767,0.00,0.2563,0.2125,9,0,1,1303,0.651500,0.1719,2,0.1719,2,0.0938,2,0.4219,2,0.5469,2,0.0000,0,0.0625,2,0.4375,2,0.4844,2,0.1719,2
12726410.0,896.707065,1951.040733,2847.747798,2781,768,0.00,0.2234,0.1750,8,0,2,1303,0.651500,0.0000,0,0.1719,2,0.0938,2,0.4219,2,0.5469,2,0.0000,0,0.0625,2,0.1250,2,0.3594,2,0.4531,2
12727467.0,897.146983,1952.545933,2849.692917,2782,768,0.00,0.1719,0.1375,8,0,2,1304,0.652000,0.1719,2,0.0000,0,0.0938,2,0.4219,2,0.3750,2,0.0000,0,0.0625,2,0.1250,2,0.1875,2,0.2813,2
12727637.0,897.216487,1952.776850,2849.993337,2783,768,0.00,0.1891,0.1500,9,0,1,1305,0.652500,0.1719,2,0.1719,2,0.0938,2,0.4219,2,0.3750,2,0.0000,0,0.0625,2,0.1250,2,0.1875,2,0.2813,2
12727643.0,897.219186,1952.785850,2850.005036,2784,768,0.00,0.1938,0.1625,9,0,1,1305,0.652500,0.1719,2,0.1719,2,0.1406,2,0.4219,2,0.3750,2,0.0000,0,0.0625,2,0.1250,2,0.1875,2,0.2813,2
12727716.0,897.252289,1952.900825,2850.153114,2785,768,0.00,0.1984,0.1750,9,0,1,1305,0.652500,0.1719,2,0.1719,2,0.1406,2,0.4688,2,0.3750,2,0.0000,0,0.0625,2,0.1250,2,0.1875,2,0.2813,2
12727744.0,897.265089,1952.947025,2850.212114,2786,769,0.00,0.2156,0.1875,9,0,1,1305,0.652500,0.1719,2,0.1719,2,0.1406,2,0.4688,2,0.5469,2,0.0000,0,0.0625,2,0.1250,2,0.1875,2,0.2813,2
12727818.0,897.300405,1953.074675,2850.375080,2787,769,0.00,0.2328,0.2000,10,0,0,1306,0.653000,0.1719,2,0.1719,2,0.1406,2,0.4688,2,0.5469,2,0.1719,2,0.0625,2,0.1250,2,0.1875,2,0.2813,2
12727848.0,897.315837,1953.130675,2850.446512,2788,769,0.00,0.2453,0.2000,10,0,0,1306,0.653000,0.1719,2,0.1719,2,0.1406,2,0.4688,2,0.5469,2,0.1719,2,0.1875,2,0.1250,2,0.1875,2,0.2813,2
12727848.0,897.315837,1953.130675,2850.446512,2789,769,0.00,0.2578,0.2000,10,0,0,1306,0.653000,0.1719,2,0.1719,2,0.1406,2,0.4688,2,0.5469,2,0.1719,2,0.1875,2,0.2500,2,0.1875,2,0.2813,2
12727852.0,897.317972,1953.138142,2850.456114,2790,769,0.00,0.2703,0.2000,10,0,0,1306,0.653000,0.1719,2,0.1719,2,0.1406,2,0.4688,2,0.5469,2,0.1719,2,0.1875,2,0.2500,2,0.3125,2,0.2813,2
12727861.0,897.322864,1953.154942,2850.477806,2791,770,0.00,0.2875,0.2125,10,0,0,1306,0.653000,0.1719,2,0.1719,2,0.1406,2,0.4688,2,0.5469,2,0.1719,2,0.1875,2,0.2500,2,0.3125,2,0.4531,2
12728219.0,897.501909,1953.741583,2851.243493,2792,770,0.00,0.2484,0.1750,9,0,1,1306,0.653000,0.2188,2,0.1719,2,0.0938,2,0.4219,2,0.5469,2,0.0000,0,0.1875,2,0.2500,2,0.3125,2,0.2813,2
12728547.0,897.664461,1954.279933,2851.944394,2793,770,0.00,0.2484,0.1750,9,0,1,1306,0.653000,0.1719,2,0.2188,2,0.0938,2,0.4219,2,0.5469,2,0.0000,0,0.1875,2,0.2500,2,0.3125,2,0.2813,2
12728796.0,897.787967,1954.690783,2852.478750,2794,770,0.00,0.2672,0.1875,9,0,1,1306,0.653000,0.1719,2,0.2188,2,0.2813,2,0.4219,2,0.5469,2,0.0000,0,0.1875,2,0.2500,2,0.3125,2,0.2813,2
12728810.0,897.795115,1954.714933,2852.510048,2795,770,0.00,0.2719,0.2000,9,0,1,1306,0.653000,0.1719,2,0.2188,2,0.2813,2,0.4688,2,0.5469,2,0.0000,0,0.1875,2,0.2500,2,0.3125,2,0.2813,2
12728811.0,897.795629,1954.716733,2852.512363,2796,770,0.00,0.2766,0.2125,9,0,1,1306,0.653000,0.1719,2,0.2188,2,0.2813,2,0.4688,2,0.5938,2,0.0000,0,0.1875,2,0.2500,2,0.3125,2,0.2813,2
12728887.0,897.835281,1954.854958,2852.690239,2797,770,0.00,0.2719,0.2000,10,0,0,1307,0.653500,0.1719,2,0.0469,2,0.2813,2,0.4688,2,0.5469,2,0.1719,2,0.1875,2,0.2500,2,0.3125,2,0.2813,2
12729473.0,898.114930,1955.810275,2853.925205,2798,770,0.00,0.1828,0.1625,8,0,2,1307,0.653500,0.0000,0,0.0469,2,0.2813,2,0.4219,2,0.3750,2,0.0000,0,0.1094,2,0.1250,2,0.1875,2,0.2813,2
12729554.0,898.148497,1955.932450,2854.080947,2799,770,0.00,0.2000,0.1750,8,0,2,1307,0.653500,0.0000,0,0.0469,2,0.2813,2,0.4219,2,0.3750,2,0.0000,0,0.1094,2,0.2969,2,0.1875,2,0.2813,2
12758421.0,906.521825,1984.447975,2890.969800,2800,770,0.00,0.0750,0.0875,6,0,4,1307,0.653500,0.0000,0,0.0469,2,0.0938,2,0.1875,2,0.1875,2,0.0000,0,0.1094,2,0.1250,2,0.0000,0,0.0000,0
12759287.0,906.755230,1985.240100,2891.995330,2801,770,0.00,0.0875,0.0875,7,0,3,1308,0.654000,0.0000,0,0.0469,2,0.0938,2,0.1875,2,0.1875,2,0.0000,0,0.0625,2,0.1250,2,0.1719,2,0.0000,0
12759334.0,906.770287,1985.286708,2892.056996,2802,770,0.00,0.1047,0.1000,8,0,2,1309,0.654500,0.0000,0,0.0469,2,0.0938,2,0.1875,2,0.1875,2,0.0000,0,0.0625,2,0.1250,2,0.1719,2,0.1719,2
12759344.0,906.774324,1985.298042,2892.072365,2803,770,0.00,0.1172,0.1000,9,0,1,1310,0.655000,0.1250,2,0.0469,2,0.0938,2,0.1875,2,0.1875,2,0.0000,0,0.0625,2,0.1250,2,0.1719,2,0.1719,2
12759426.0,906.806626,1985.396442,2892.203067,2804,770,0.00,0.1344,0.1125,9,0,1,1310,0.655000,0.1250,2,0.2188,2,0.0938,2,0.1875,2,0.1875,2,0.0000,0,0.0625,2,0.1250,2,0.1719,2,0.1719,2
12759616.0,906.882353,1985.629392,2892.511745,2805,770,0.00,0.1219,0.1125,9,0,1,1310,0.655000,0.1250,2,0.0469,2,0.1406,2,0.1875,2,0.1875,2,0.0000,0,0.0625,2,0.1250,2,0.1719,2,0.1719,2
12759669.0,906.903424,1985.696967,2892.600391,2806,770,0.00,0.1406,0.1250,9,0,1,1310,0.655000,0.1250,2,0.0469,2,0.1406,2,0.3750,2,0.1875,2,0.0000,0,0.0625,2,0.1250,2,0.1719,2,0.1719,2
12759742.0,906.933512,1985.795517,2892.729028,2807,770,0.00,0.1453,0.1375,9,0,1,1310,0.655000,0.1250,2,0.0469,2,0.1406,2,0.3750,2,0.2344,2,0.0000,0,0.0625,2,0.1250,2,0.1719,2,0.1719,2
12760137.0,907.096432,1986.348817,2893.445249,2808,770,0.00,0.1094,0.1125,9,0,1,1311,0.655500,0.1250,2,0.0469,2,0.1406,2,0.1875,2,0.1875,2,0.0469,2,0.0625,2,0.1250,2,0.1719,2,0.0000,0
12760187.0,907.115755,1986.411142,2893.526897,2809,770,0.00,0.1094,0.1125,9,0,1,1311,0.655500,0.1250,2,0.0469,2,0.0938,2,0.1875,2,0.1875,2,0.0469,2,0.1094,2,0.1250,2,0.1719,2,0.0000,0
12760208.0,907.123900,1986.437917,2893.561817,2810,770,0.00,0.1141,0.1250,9,0,1,1311,0.655500,0.1250,2,0.0469,2,0.0938,2,0.1875,2,0.1875,2,0.0469,2,0.1094,2,0.1719,2,0.1719,2,0.0000,0
12760254.0,907.141847,1986.498742,2893.640589,2811,770,0.00,0.1594,0.1125,9,0,1,1311,0.655500,0.1250,2,0.0469,2,0.0938,2,0.1875,2,0.1875,2,0.0469,2,0.0625,2,0.1719,2,0.6719,2,0.0000,0
12760373.0,907.192788,1986.648067,2893.840855,2812,770,0.00,0.1422,0.1000,9,1,0,1312,0.656000,0.1250,2,0.0000,1,0.0938,2,0.1875,2,0.1875,2,0.0469,2,0.0625,2,0.1719,2,0.5000,2,0.0469,2
12760407.0,907.207415,1986.688842,2893.896257,2813,771,0.00,0.1547,0.1000,9,0,1,1312,0.656000,0.2969,2,0.0000,0,0.0938,2,0.1875,2,0.1875,2,0.0469,2,0.0625,2,0.1250,2,0.5000,2,0.0469,2
12760482.0,907.239647,1986.778842,2894.018489,2814,771,0.00,0.1719,0.1125,10,0,0,1313,0.656500,0.2969,2,0.1719,2,0.0938,2,0.1875,2,0.1875,2,0.0469,2,0.0625,2,0.1250,2,0.5000,2,0.0469,2
12760627.0,907.300500,1986.945225,2894.245725,2815,771,0.00,0.1672,0.1000,8,0,2,1313,0.656500,0.2969,2,0.0000,0,0.2656,2,0.1875,2,0.1875,2,0.0469,2,0.0625,2,0.1250,2,0.5000,2,0.0000,0
12761181.0,907.505831,1987.489383,2894.995214,2816,771,0.00,0.1500,0.0875,7,0,3,1313,0.656500,0.2969,2,0.0000,0,0.0938,2,0.2344,2,0.1875,2,0.0000,0,0.0625,2,0.1250,2,0.5000,2,0.0000,0
12761193.0,907.510131,1987.501283,2895.011414,2817,772,0.00,0.1672,0.1000,7,0,3,1313,0.656500,0.2969,2,0.0000,0,0.0938,2,0.2344,2,0.3594,2,0.0000,0,0.0625,2,0.1250,2,0.5000,2,0.0000,0
12761196.0,907.511746,1987.504483,2895.016229,2818,772,0.00,0.1797,0.1125,8,0,2,1314,0.657000,0.2969,2,0.0000,0,0.0938,2,0.2344,2,0.3594,2,0.1250,2,0.0625,2,0.1250,2,0.5000,2,0.0000,0
12761231.0,907.526165,1987.546775,2895.072940,2819,772,0.00,0.1969,0.1250,8,0,2,1314,0.657000,0.2969,2,0.0000,0,0.0938,2,0.2344,2,0.3594,2,0.1250,2,0.2344,2,0.1250,2,0.5000,2,0.0000,0
12762035.0,907.846114,1988.454975,2896.301089,2820,772,0.00,0.1500,0.1000,8,0,2,1314,0.657000,0.1250,2,0.0000,0,0.0938,2,0.2344,2,0.1875,2,0.1250,2,0.0625,2,0.1719,2,0.5000,2,0.0000,0
12762468.0,907.994515,1988.873750,2896.868265,2821,772,0.00,0.0969,0.0875,8,0,2,1315,0.657500,0.1250,2,0.0000,0,0.0938,2,0.1875,2,0.1875,2,0.1250,2,0.0625,2,0.1250,2,0.0625,2,0.0000,0
12763127.0,908.224064,1989.571192,2897.795255,2822,772,0.00,0.1016,0.1000,9,0,1,1316,0.658000,0.1250,2,0.0000,0,0.0938,2,0.1875,2,0.1875,2,0.1250,2,0.0625,2,0.1250,2,0.0625,2,0.0469,2
12763127.0,908.224064,1989.571192,2897.795255,2823,772,0.00,0.1063,0.1125,9,0,1,1316,0.658000,0.1719,2,0.0000,0,0.0938,2,0.1875,2,0.1875,2,0.1250,2,0.0625,2,0.1250,2,0.0625,2,0.0469,2
12763128.0,908.224949,1989.572467,2897.797416,2824,772,0.00,0.1109,0.1250,10,0,0,1317,0.658500,0.1719,2,0.0469,2,0.0938,2,0.1875,2,0.1875,2,0.1250,2,0.0625,2,0.1250,2,0.0625,2,0.0469,2
12763536.0,908.383398,1990.079125,2898.462523,2825,772,0.00,0.1188,0.1125,9,0,1,1317,0.658500,0.1250,2,0.0469,2,0.2656,2,0.1875,2,0.1875,2,0.1250,2,0.0625,2,0.1250,2,0.0625,2,0.0000,0
12763538.0,908.384189,1990.081675,2898.465864,2826,772,0.00,0.1313,0.1250,9,0,1,1317,0.658500,0.1250,2,0.0469,2,0.2656,2,0.3125,2,0.1875,2,0.1250,2,0.0625,2,0.1250,2,0.0625,2,0.0000,0
12763734.0,908.463220,1990.343800,2898.807020,2827,773,0.00,0.1438,0.1250,9,0,1,1317,0.658500,0.1250,2,0.0469,2,0.2656,2,0.1875,2,0.4375,2,0.1250,2,0.0625,2,0.1250,2,0.0625,2,0.0000,0
12763803.0,908.491418,1990.435375,2898.926793,2828,774,0.00,0.1563,0.1250,9,0,1,1317,0.658500,0.1250,2,0.0469,2,0.2656,2,0.1875,2,0.1875,2,0.5000,2,0.0625,2,0.1250,2,0.0625,2,0.0000,0
12763815.0,908.496510,1990.451575,2898.948085,2829,774,0.00,0.1609,0.1375,9,0,1,1317,0.658500,0.1250,2,0.0469,2,0.2656,2,0.1875,2,0.1875,2,0.5000,2,0.1094,2,0.1250,2,0.0625,2,0.0000,0
12763897.0,908.531354,1990.563325,2899.094679,2830,775,0.00,0.1734,0.1375,9,0,1,1317,0.658500,0.1250,2,0.0469,2,0.2656,2,0.1875,2,0.1875,2,0.5000,2,0.0625,2,0.2969,2,0.0625,2,0.0000,0
12764618.0,908.843989,1991.574325,2900.418314,2831,775,0.00,0.1734,0.1375,9,0,1,1317,0.658500,0.1250,2,0.0469,2,0.2656,2,0.1875,2,0.1875,2,0.5000,2,0.0625,2,0.1250,2,0.2344,2,0.0000,0
12764760.0,908.905529,1991.770450,2900.675979,2832,775,0.00,0.1688,0.1375,10,0,0,1318,0.659000,0.1250,2,0.0469,2,0.2656,2,0.1875,2,0.1875,2,0.5000,2,0.0625,2,0.1250,2,0.0625,2,0.1250,2
12764980.0,908.999080,1992.061150,2901.060230,2833,776,0.00,0.1453,0.1250,9,0,1,1318,0.659000,0.1875,2,0.0469,2,0.0938,2,0.1875,2,0.1875,2,0.5000,2,0.0625,2,0.1250,2,0.0625,2,0.0000,0
12765409.0,909.177458,1992.640300,2901.817758,2834,776,0.00,0.1641,0.1250,9,0,1,1318,0.659000,0.1875,2,0.2344,2,0.0938,2,0.1875,2,0.1875,2,0.5000,2,0.0625,2,0.1250,2,0.0625,2,0.0000,0
12765714.0,909.308724,1993.052050,2902.360774,2835,776,0.00,0.1656,0.1375,9,0,1,1318,0.659000,0.1875,2,0.2344,2,0.1094,2,0.1875,2,0.1875,2,0.5000,2,0.0625,2,0.1250,2,0.0625,2,0.0000,0
12765722.0,909.312177,1993.063450,2902.375627,2836,776,0.00,0.2156,0.1375,9,0,1,1318,0.659000,0.1875,2,0.2344,2,0.1094,2,0.6875,2,0.1875,2,0.5000,2,0.0625,2,0.1250,2,0.0625,2,0.0000,0
12765748.0,909.324410,1993.100500,2902.424910,2837,776,0.00,0.2203,0.1500,9,0,1,1318,0.659000,0.1875,2,0.2344,2,0.1094,2,0.6875,2,0.2344,2,0.5000,2,0.0625,2,0.1250,2,0.0625,2,0.0000,0
12765960.0,909.424760,1993.408300,2902.833060,2838,776,0.00,0.2234,0.1500,9,0,1,1318,0.659000,0.1875,2,0.2344,2,0.0938,2,0.6875,2,0.2344,2,0.5469,2,0.0625,2,0.1250,2,0.0625,2,0.0000,0
12766167.0,909.523409,1993.718800,2903.242209,2839,776,0.00,0.2406,0.1625,9,0,1,1318,0.659000,0.1875,2,0.2344,2,0.0938,2,0.6875,2,0.2344,2,0.5469,2,0.2344,2,0.1250,2,0.0625,2,0.0000,0
12766168.0,909.523899,1993.720375,2903.244274,2840,777,0.00,0.2578,0.1750,9,0,1,1318,0.659000,0.1875,2,0.2344,2,0.0938,2,0.6875,2,0.2344,2,0.5469,2,0.2344,2,0.2969,2,0.0625,2,0.0000,0
12766375.0,909.620470,1994.039275,2903.659745,2841,777,0.00,0.2016,0.1625,9,0,1,1318,0.659000,0.1875,2,0.0469,2,0.0938,2,0.6875,2,0.2344,2,0.1719,2,0.0625,2,0.2969,2,0.2344,2,0.0000,0
12766382.0,909.624187,1994.050300,2903.674487,2842,777,0.00,0.2188,0.1750,10,0,0,1319,0.659500,0.1875,2,0.0469,2,0.0938,2,0.6875,2,0.2344,2,0.1719,2,0.0625,2,0.2969,2,0.2344,2,0.1719,2
12766386.0,909.626201,1994.057167,2903.683368,2843,778,0.00,0.2359,0.1875,10,0,0,1319,0.659500,0.3594,2,0.0469,2,0.0938,2,0.6875,2,0.2344,2,0.1719,2,0.0625,2,0.2969,2,0.2344,2,0.1719,2
12766495.0,909.682120,1994.246683,2903.928803,2844,778,0.00,0.2188,0.1750,10,0,0,1319,0.659500,0.3594,2,0.0938,2,0.0938,2,0.6875,2,0.1875,2,0.1719,2,0.0625,2,0.1250,2,0.2344,2,0.1719,2
12767041.0,909.942471,1995.116317,2905.058788,2845,778,0.00,0.1844,0.1500,9,0,1,1319,0.659500,0.1875,2,0.0938,2,0.2656,2,0.6875,2,0.1875,2,0.1719,2,0.0625,2,0.1250,2,0.0625,2,0.0000,0
12767308.0,910.058888,1995.501592,2905.560479,2846,779,0.00,0.1922,0.1500,9,0,1,1319,0.659500,0.1875,2,0.0938,2,0.0938,2,0.9375,2,0.1875,2,0.1719,2,0.0625,2,0.1250,2,0.0625,2,0.0000,0
12767571.0,910.177831,1995.896092,2906.073923,2847,780,0.00,0.2297,0.1625,9,0,1,1319,0.659500,0.1875,2,0.0938,2,0.0938,2,0.9375,2,0.5625,2,0.1719,2,0.0625,2,0.1250,2,0.0625,2,0.0000,0
12767665.0,910.223085,1996.044142,2906.267227,2848,781,0.00,0.2578,0.1750,9,0,1,1319,0.659500,0.1875,2,0.0938,2,0.0938,2,0.9375,2,0.5625,2,0.4531,2,0.0625,2,0.1250,2,0.0625,2,0.0000,0
12767730.0,910.253311,1996.151392,2906.404702,2849,781,0.00,0.2250,0.1875,9,0,1,1319,0.659500,0.1875,2,0.0938,2,0.0938,2,0.4375,2,0.5625,2,0.4531,2,0.2344,2,0.1250,2,0.0625,2,0.0000,0
12767779.0,910.275485,1996.228792,2906.504276,2850,781,0.00,0.1719,0.1625,9,0,1,1319,0.659500,0.1875,2,0.0938,2,0.0938,2,0.1875,2,0.5625,2,0.1250,2,0.2344,2,0.1719,2,0.0625,2,0.0000,0
12767914.0,910.333922,1996.431442,2906.765363,2851,781,0.00,0.1844,0.1625,9,0,1,1319,0.659500,0.1875,2,0.0469,2,0.0938,2,0.1875,2,0.5625,2,0.1250,2,0.2344,2,0.1719,2,0.2344,2,0.0000,0
12767918.0,910.336206,1996.437742,2906.773948,2852,781,0.00,0.2016,0.1750,10,0,0,1320,0.660000,0.1875,2,0.0469,2,0.0938,2,0.1875,2,0.5625,2,0.1250,2,0.2344,2,0.1719,2,0.2344,2,0.1719,2
12767922.0,910.338167,1996.444608,2906.782775,2853,782,0.00,0.2188,0.1875,10,0,0,1320,0.660000,0.3594,2,0.0469,2,0.0938,2,0.1875,2,0.5625,2,0.1250,2,0.2344,2,0.1719,2,0.2344,2,0.1719,2
12767965.0,910.359776,1996.521425,2906.881201,2854,782,0.00,0.2188,0.1875,10,0,0,1320,0.660000,0.3594,2,0.2188,2,0.0938,2,0.1875,2,0.5625,2,0.1250,2,0.2344,2,0.1719,2,0.0625,2,0.1719,2
12768034.0,910.393429,1996.635617,2907.029045,2855,782,0.00,0.1688,0.1500,8,1,1,1320,0.660000,0.1875,2,0.0000,1,0.1563,2,0.1875,2,0.5625,2,0.1250,2,0.2344,2,0.1719,2,0.0625,2,0.0000,0
12768679.0,910.624971,1997.379675,2908.004646,2856,783,0.00,0.1516,0.1125,7,0,3,1320,0.660000,0.1875,2,0.0000,0,0.0938,2,0.3594,2,0.5625,2,0.1250,2,0.0625,2,0.1250,2,0.0000,0,0.0000,0
12768979.0,910.722781,1997.680408,2908.403189,2857,783,0.00,0.1266,0.1000,6,0,4,1320,0.660000,0.1875,2,0.0000,0,0.0938,2,0.1875,2,0.6094,2,0.0000,0,0.0625,2,0.1250,2,0.0000,0,0.0000,0
12769053.0,910.746187,1997.754408,2908.500596,2858,783,0.00,0.1453,0.1125,7,0,3,1321,0.660500,0.1875,2,0.0000,0,0.0938,2,0.1875,2,0.6094,2,0.1875,2,0.0625,2,0.1250,2,0.0000,0,0.0000,0
12769332.0,910.844413,1998.057858,2908.902271,2859,783,0.00,0.1453,0.1125,7,0,3,1321,0.660500,0.1875,2,0.0000,0,0.0938,2,0.1875,2,0.5625,2,0.1875,2,0.1094,2,0.1250,2,0.0000,0,0.0000,0
12769377.0,910.860373,1998.109233,2908.969607,2860,784,0.00,0.1625,0.1250,7,0,3,1321,0.660500,0.1875,2,0.0000,0,0.0938,2,0.1875,2,0.5625,2,0.1875,2,0.1094,2,0.2969,2,0.0000,0,0.0000,0
12769693.0,910.970353,1998.462975,2909.433328,2861,784,0.00,0.1438,0.1125,7,0,3,1322,0.661000,0.1875,2,0.0000,0,0.0938,2,0.1875,2,0.5625,2,0.0000,0,0.1094,2,0.1250,2,0.1719,2,0.0000,0
12769779.0,911.001252,1998.561158,2909.562410,2862,784,0.00,0.1484,0.1250,8,0,2,1323,0.661500,0.1875,2,0.0000,0,0.0938,2,0.1875,2,0.5625,2,0.0000,0,0.1094,2,0.1250,2,0.1719,2,0.0469,2
12770018.0,911.093906,1998.867875,2909.961781,2863,785,0.00,0.1672,0.1250,8,0,2,1323,0.661500,0.3750,2,0.0000,0,0.0938,2,0.1875,2,0.5625,2,0.0000,0,0.1094,2,0.1250,2,0.1719,2,0.0469,2
12770216.0,911.174053,1999.121975,2910.296028,2864,785,0.00,0.1953,0.1375,9,0,1,1324,0.662000,0.3750,2,0.2813,2,0.0938,2,0.1875,2,0.5625,2,0.0000,0,0.1094,2,0.1250,2,0.1719,2,0.0469,2
12770272.0,911.199515,1999.201775,2910.401290,2865,785,0.00,0.2016,0.1500,9,0,1,1324,0.662000,0.3750,2,0.2813,2,0.1563,2,0.1875,2,0.5625,2,0.0000,0,0.1094,2,0.1250,2,0.1719,2,0.0469,2
12770555.0,911.316878,1999.592292,2910.909169,2866,786,0.00,0.1844,0.1500,8,0,2,1324,0.662000,0.1875,2,0.2813,2,0.1563,2,0.3750,2,0.5625,2,0.0000,0,0.1094,2,0.1250,2,0.0000,0,0.0469,2
12770958.0,911.483492,2000.151775,2911.635267,2867,786,0.00,0.1859,0.1500,8,0,2,1324,0.662000,0.1875,2,0.2813,2,0.1563,2,0.3750,2,0.6250,2,0.0000,0,0.0625,2,0.1250,2,0.0000,0,0.0469,2
12771007.0,911.503897,2000.219758,2911.723656,2868,786,0.00,0.1688,0.1375,8,1,1,1325,0.662500,0.1875,2,0.0000,1,0.0938,2,0.3750,2,0.6250,2,0.1719,2,0.0625,2,0.1250,2,0.0000,0,0.0469,2
12771766.0,911.781306,2001.092683,2912.873989,2869,786,0.00,0.1438,0.1125,7,0,3,1325,0.662500,0.1875,2,0.0000,0,0.0938,2,0.1875,2,0.5625,2,0.1719,2,0.1094,2,0.1250,2,0.0000,0,0.0000,0
12771767.0,911.781659,2001.093825,2912.875484,2870,786,0.00,0.1563,0.1250,7,0,3,1325,0.662500,0.1875,2,0.0000,0,0.0938,2,0.1875,2,0.5625,2,0.1719,2,0.1094,2,0.2500,2,0.0000,0,0.0000,0
12771919.0,911.837365,2001.278758,2913.116123,2871,786,0.00,0.1844,0.1375,8,0,2,1326,0.663000,0.1875,2,0.0000,0,0.0938,2,0.1875,2,0.5625,2,0.1719,2,0.1094,2,0.2500,2,0.2813,2,0.0000,0
12772422.0,912.001724,2001.791375,2913.793099,2872,786,0.00,0.1469,0.1125,7,0,3,1327,0.663500,0.1875,2,0.0000,0,0.0938,2,0.1875,2,0.5625,2,0.0000,0,0.0625,2,0.1250,2,0.0000,0,0.2500,2
12772608.0,912.061789,2001.975175,2914.036964,2873,786,0.00,0.1391,0.1000,6,0,4,1327,0.663500,0.3594,2,0.0000,0,0.0938,2,0.1875,2,0.5625,2,0.0000,0,0.0625,2,0.1250,2,0.0000,0,0.0000,0
12772610.0,912.062927,2001.977175,2914.040102,2874,786,0.00,0.1438,0.1125,7,0,3,1328,0.664000,0.3594,2,0.0469,2,0.0938,2,0.1875,2,0.5625,2,0.0000,0,0.0625,2,0.1250,2,0.0000,0,0.0000,0
12772873.0,912.152987,2002.259958,2914.412945,2875,786,0.00,0.1391,0.1000,6,0,4,1328,0.664000,0.1875,2,0.0000,0,0.2656,2,0.1875,2,0.5625,2,0.0000,0,0.0625,2,0.1250,2,0.0000,0,0.0000,0
12773104.0,912.226738,2002.490958,2914.717697,2876,786,0.00,0.1438,0.1125,6,0,4,1328,0.664000,0.1875,2,0.0000,0,0.2656,2,0.2344,2,0.5625,2,0.0000,0,0.0625,2,0.1250,2,0.0000,0,0.0000,0
12773293.0,912.287769,2002.694133,2914.981903,2877,787,0.00,0.1578,0.1250,6,0,4,1328,0.664000,0.1875,2,0.0000,0,0.2656,2,0.2344,2,0.7031,2,0.0000,0,0.0625,2,0.1250,2,0.0000,0,0.0000,0
12773350.0,912.307299,2002.759683,2915.066982,2878,787,0.00,0.1625,0.1375,7,0,3,1329,0.664500,0.1875,2,0.0000,0,0.2656,2,0.2344,2,0.7031,2,0.0469,2,0.0625,2,0.1250,2,0.0000,0,0.0000,0
12773483.0,912.355999,2002.926300,2915.282299,2879,787,0.00,0.1625,0.1375,7,0,3,1329,0.664500,0.1875,2,0.0000,0,0.2656,2,0.1875,2,0.7031,2,0.0469,2,0.1094,2,0.1250,2,0.0000,0,0.0000,0
12773623.0,912.407151,2003.099408,2915.506560,2880,788,0.00,0.1750,0.1375,7,0,3,1329,0.664500,0.1875,2,0.0000,0,0.2656,2,0.1875,2,0.7031,2,0.0469,2,0.0625,2,0.2969,2,0.0000,0,0.0000,0
12773786.0,912.468649,2003.305975,2915.774624,2881,788,0.00,0.1781,0.1375,8,0,2,1330,0.665000,0.1875,2,0.0000,0,0.2656,2,0.1875,2,0.5625,2,0.0469,2,0.0625,2,0.2969,2,0.1719,2,0.0000,0
12773787.0,912.469560,2003.307333,2915.776893,2882,788,0.00,0.1953,0.1500,9,0,1,1331,0.665500,0.1875,2,0.0000,0,0.2656,2,0.1875,2,0.5625,2,0.0469,2,0.0625,2,0.2969,2,0.1719,2,0.1719,2
12773792.0,912.471834,2003.314833,2915.786667,2883,789,0.00,0.2125,0.1625,9,0,1,1331,0.665500,0.3594,2,0.0000,0,0.2656,2,0.1875,2,0.5625,2,0.0469,2,0.0625,2,0.2969,2,0.1719,2,0.1719,2
12773801.0,912.476546,2003.329008,2915.805554,2884,789,0.00,0.2297,0.1750,10,0,0,1332,0.666000,0.3594,2,0.1719,2,0.2656,2,0.1875,2,0.5625,2,0.0469,2,0.0625,2,0.2969,2,0.1719,2,0.1719,2
12773840.0,912.496348,2003.395958,2915.892306,2885,790,0.00,0.2344,0.1875,10,0,0,1332,0.666000,0.2344,2,0.1719,2,0.4375,2,0.1875,2,0.5625,2,0.0469,2,0.0625,2,0.2969,2,0.1719,2,0.1719,2
12773929.0,912.541918,2003.553617,2916.095534,2886,791,0.00,0.2344,0.1875,9,1,0,1332,0.666000,0.2344,2,0.1719,2,0.4375,2,0.3594,2,0.5625,2,0.0469,2,0.0625,2,0.2969,2,0.1719,2,0.0000,1
12774081.0,912.611915,2003.794242,2916.406156,2887,792,0.00,0.2000,0.1625,9,0,1,1332,0.666000,0.0625,2,0.1719,2,0.2656,2,0.1875,2,0.7344,2,0.0469,2,0.0625,2,0.2969,2,0.1719,2,0.0000,0
12774083.0,912.612831,2003.797392,2916.410223,2888,792,0.00,0.2172,0.1750,9,0,1,1332,0.666000,0.0625,2,0.1719,2,0.2656,2,0.1875,2,0.7344,2,0.2188,2,0.0625,2,0.2969,2,0.1719,2,0.0000,0
12774112.0,912.626511,2003.845242,2916.471752,2889,792,0.00,0.2344,0.1875,9,0,1,1332,0.666000,0.0625,2,0.1719,2,0.2656,2,0.1875,2,0.7344,2,0.2188,2,0.2344,2,0.2969,2,0.1719,2,0.0000,0
12774275.0,912.691260,2004.059292,2916.750552,2890,792,0.00,0.1266,0.1125,7,0,3,1332,0.666000,0.0625,2,0.0000,0,0.0938,2,0.1875,2,0.5625,2,0.0469,2,0.0625,2,0.2500,2,0.0000,0,0.0000,0
12774816.0,912.873160,2004.656908,2917.530069,2891,792,0.00,0.1391,0.1125,8,0,2,1333,0.666500,0.0625,2,0.0000,0,0.0938,2,0.1875,2,0.5625,2,0.0469,2,0.0625,2,0.1250,2,0.2500,2,0.0000,0
12775123.0,912.990224,2005.027042,2918.017265,2892,792,0.00,0.1391,0.1125,8,1,1,1334,0.667000,0.0625,2,0.0000,0,0.0938,2,0.1875,2,0.5625,2,0.0469,2,0.0625,2,0.1250,2,0.0000,1,0.2500,2
12775740.0,913.194696,2005.689908,2918.884604,2893,792,0.00,0.0813,0.1000,7,0,3,1334,0.667000,0.1094,2,0.0000,0,0.0938,2,0.1875,2,0.1875,2,0.0469,2,0.0625,2,0.1250,2,0.0000,0,0.0000,0
12776091.0,913.301247,2006.044658,2919.345905,2894,792,0.00,0.0813,0.1000,8,0,2,1335,0.667500,0.0625,2,0.0469,2,0.0938,2,0.1875,2,0.1875,2,0.0469,2,0.0625,2,0.1250,2,0.0000,0,0.0000,0
12776250.0,913.354578,2006.224858,2919.579436,2895,792,0.00,0.0953,0.1125,8,0,2,1335,0.667500,0.0625,2,0.0469,2,0.2344,2,0.1875,2,0.1875,2,0.0469,2,0.0625,2,0.1250,2,0.0000,0,0.0000,0
12776669.0,913.492272,2006.698583,2920.190855,2896,793,0.00,0.1078,0.1125,7,0,3,1335,0.667500,0.0625,2,0.0000,0,0.2344,2,0.3594,2,0.1875,2,0.0469,2,0.0625,2,0.1250,2,0.0000,0,0.0000,0
12776671.0,913.492923,2006.700867,2920.193790,2897,794,0.00,0.1359,0.1250,7,0,3,1335,0.667500,0.0625,2,0.0000,0,0.2344,2,0.3594,2,0.4688,2,0.0469,2,0.0625,2,0.1250,2,0.0000,0,0.0000,0
12776690.0,913.499524,2006.723983,2920.223507,2898,794,0.00,0.1406,0.1375,7,0,3,1335,0.667500,0.0625,2,0.0000,0,0.2344,2,0.3594,2,0.4688,2,0.0938,2,0.0625,2,0.1250,2,0.0000,0,0.0000,0
12776823.0,913.546212,2006.895775,2920.441987,2899,794,0.00,0.1578,0.1500,7,0,3,1335,0.667500,0.0625,2,0.0000,0,0.2344,2,0.3594,2,0.4688,2,0.0938,2,0.2344,2,0.1250,2,0.0000,0,0.0000,0
12776835.0,913.550585,2006.912175,2920.462760,2900,794,0.00,0.1625,0.1625,7,0,3,1335,0.667500,0.0625,2,0.0000,0,0.2344,2,0.3594,2,0.4688,2,0.0938,2,0.2344,2,0.1719,2,0.0000,0,0.0000,0
12777190.0,913.675482,2007.352342,2921.027824,2901,794,0.00,0.1406,0.1375,8,0,2,1336,0.668000,0.0625,2,0.0000,0,0.2344,2,0.3594,2,0.4688,2,0.0469,2,0.0625,2,0.1250,2,0.0469,2,0.0000,0
12777510.0,913.791739,2007.758200,2921.549939,2902,794,0.00,0.1203,0.1125,7,0,3,1337,0.668500,0.0625,2,0.0000,0,0.2344,2,0.3594,2,0.1875,2,0.0000,0,0.0625,2,0.1250,2,0.0000,0,0.1719,2
12777558.0,913.807644,2007.811725,2921.619369,2903,794,0.00,0.1109,0.1125,7,0,3,1337,0.668500,0.1094,2,0.0000,0,0.0938,2,0.3594,2,0.1875,2,0.0000,0,0.0625,2,0.1250,2,0.0000,0,0.1719,2
12777769.0,913.876999,2008.045567,2921.922566,2904,794,0.00,0.1234,0.1125,8,0,2,1338,0.669000,0.0625,2,0.1719,2,0.0938,2,0.3594,2,0.1875,2,0.0000,0,0.0625,2,0.1250,2,0.0000,0,0.1719,2
12777777.0,913.879945,2008.055233,2921.935179,2905,794,0.00,0.1281,0.1250,8,0,2,1338,0.669000,0.0625,2,0.1719,2,0.1406,2,0.3594,2,0.1875,2,0.0000,0,0.0625,2,0.1250,2,0.0000,0,0.1719,2
12777824.0,913.897423,2008.115550,2922.012973,2906,795,0.00,0.1453,0.1375,8,0,2,1338,0.669000,0.0625,2,0.1719,2,0.1406,2,0.5313,2,0.1875,2,0.0000,0,0.0625,2,0.1250,2,0.0000,0,0.1719,2
12778137.0,914.006182,2008.490175,2922.496357,2907,795,0.00,0.1281,0.1250,7,0,3,1338,0.669000,0.0625,2,0.0000,0,0.0938,2,0.5313,2,0.2344,2,0.0000,0,0.0625,2,0.1250,2,0.0000,0,0.1719,2
12778303.0,914.062907,2008.683217,2922.746124,2908,795,0.00,0.1281,0.1250,8,0,2,1339,0.669500,0.0625,2,0.0000,0,0.0938,2,0.5313,2,0.1875,2,0.0469,2,0.0625,2,0.1250,2,0.0000,0,0.1719,2
12778362.0,914.084848,2008.758933,2922.843781,2909,795,0.00,0.1328,0.1375,8,0,2,1339,0.669500,0.0625,2,0.0000,0,0.0938,2,0.5313,2,0.1875,2,0.0469,2,0.1094,2,0.1250,2,0.0000,0,0.1719,2
12778412.0,914.103588,2008.826100,2922.929688,2910,796,0.00,0.1453,0.1375,7,1,2,1339,0.669500,0.0625,2,0.0000,0,0.0938,2,0.5313,2,0.1875,2,0.0000,1,0.1094,2,0.2969,2,0.0000,0,0.1719,2
12778466.0,914.123852,2008.897183,2923.021035,2911,796,0.00,0.1500,0.1500,8,0,2,1340,0.670000,0.0625,2,0.0000,0,0.0938,2,0.5313,2,0.1875,2,0.0000,0,0.1094,2,0.2969,2,0.0469,2,0.1719,2
12778720.0,914.214372,2009.216617,2923.430989,2912,796,0.00,0.1281,0.1250,7,1,2,1341,0.670500,0.0625,2,0.0000,0,0.0938,2,0.5313,2,0.1875,2,0.0000,0,0.0625,2,0.2969,2,0.0000,1,0.0469,2
12779479.0,914.447181,2010.017883,2924.465064,2913,796,0.00,0.1250,0.1000,6,0,4,1341,0.670500,0.2500,2,0.0000,0,0.0938,2,0.5313,2,0.1875,2,0.0000,0,0.0625,2,0.1250,2,0.0000,0,0.0000,0
12779544.0,914.467723,2010.082883,2924.550606,2914,796,0.00,0.1500,0.1250,7,0,3,1342,0.671000,0.2500,2,0.2500,2,0.0938,2,0.5313,2,0.1875,2,0.0000,0,0.0625,2,0.1250,2,0.0000,0,0.0000,0
12779593.0,914.485281,2010.142500,2924.627781,2915,796,0.00,0.1672,0.1375,7,0,3,1342,0.671000,0.2500,2,0.2500,2,0.2656,2,0.5313,2,0.1875,2,0.0000,0,0.0625,2,0.1250,2,0.0000,0,0.0000,0
12779606.0,914.490113,2010.159292,2924.649405,2916,796,0.00,0.1719,0.1500,7,0,3,1342,0.671000,0.2500,2,0.2500,2,0.2656,2,0.5781,2,0.1875,2,0.0000,0,0.0625,2,0.1250,2,0.0000,0,0.0000,0
12779768.0,914.547886,2010.365575,2924.913461,2917,797,0.00,0.1641,0.1375,6,0,4,1342,0.671000,0.2500,2,0.0000,0,0.2656,2,0.5781,2,0.3594,2,0.0000,0,0.0625,2,0.1250,2,0.0000,0,0.0000,0
12780526.0,914.785021,2011.188300,2925.973321,2918,797,0.00,0.0938,0.1000,7,0,3,1343,0.671500,0.0625,2,0.0000,0,0.0938,2,0.1875,2,0.3594,2,0.0469,2,0.0625,2,0.1250,2,0.0000,0,0.0000,0
12780597.0,914.807356,2011.264033,2926.071389,2919,797,0.00,0.1109,0.1125,7,0,3,1343,0.671500,0.0625,2,0.0000,0,0.0938,2,0.1875,2,0.3594,2,0.0469,2,0.2344,2,0.1250,2,0.0000,0,0.0000,0
12780706.0,914.843052,2011.387425,2926.230477,2920,797,0.00,0.1109,0.1125,6,1,3,1343,0.671500,0.0625,2,0.0000,0,0.0938,2,0.1875,2,0.3594,2,0.0000,1,0.2344,2,0.1719,2,0.0000,0,0.0000,0
12780965.0,914.917465,2011.640442,2926.557907,2921,797,0.00,0.1063,0.1000,7,0,3,1344,0.672000,0.0625,2,0.0000,0,0.0938,2,0.1875,2,0.3594,2,0.0000,0,0.0625,2,0.1250,2,0.1719,2,0.0000,0
12781038.0,914.941640,2011.718308,2926.659948,2922,797,0.00,0.1109,0.1125,8,0,2,1345,0.672500,0.0625,2,0.0000,0,0.0938,2,0.1875,2,0.3594,2,0.0000,0,0.0625,2,0.1250,2,0.1719,2,0.0469,2
12781242.0,915.014775,2011.964808,2926.979583,2923,797,0.00,0.1234,0.1250,8,0,2,1345,0.672500,0.1875,2,0.0000,0,0.0938,2,0.1875,2,0.3594,2,0.0000,0,0.0625,2,0.1250,2,0.1719,2,0.0469,2
12781461.0,915.087566,2012.217967,2927.305533,2924,797,0.00,0.1109,0.1250,8,0,2,1346,0.673000,0.1875,2,0.0469,2,0.0938,2,0.1875,2,0.3594,2,0.0000,0,0.0625,2,0.1250,2,0.0000,0,0.0469,2
12781794.0,915.191510,2012.577775,2927.769285,2925,797,0.00,0.1141,0.1125,6,0,4,1346,0.673000,0.1875,2,0.0000,0,0.2188,2,0.1875,2,0.3594,2,0.0000,0,0.0625,2,0.1250,2,0.0000,0,0.0000,0
12781826.0,915.201105,2012.612175,2927.813280,2926,797,0.00,0.1188,0.1250,6,0,4,1346,0.673000,0.1875,2,0.0000,0,0.2188,2,0.2344,2,0.3594,2,0.0000,0,0.0625,2,0.1250,2,0.0000,0,0.0000,0
12781958.0,915.240937,2012.759325,2928.000262,2927,798,0.00,0.1313,0.1250,6,0,4,1346,0.673000,0.1875,2,0.0000,0,0.2188,2,0.1875,2,0.5313,2,0.0000,0,0.0625,2,0.1250,2,0.0000,0,0.0000,0
12782008.0,915.257019,2012.816225,2928.073244,2928,798,0.00,0.1234,0.1250,7,0,3,1347,0.673500,0.1875,2,0.0000,0,0.0938,2,0.1875,2,0.5313,2,0.0469,2,0.0625,2,0.1250,2,0.0000,0,0.0000,0
12782550.0,915.424162,2013.408100,2928.832262,2929,798,0.00,0.1469,0.1250,6,0,4,1347,0.673500,0.1875,2,0.0000,0,0.0938,2,0.1875,2,0.5313,2,0.0000,0,0.3438,2,0.1250,2,0.0000,0,0.0000,0
12782868.0,915.527622,2013.773800,2929.301422,2930,799,0.00,0.1641,0.1375,6,0,4,1347,0.673500,0.1875,2,0.0000,0,0.0938,2,0.1875,2,0.5313,2,0.0000,0,0.3438,2,0.2969,2,0.0000,0,0.0000,0
12782927.0,915.548107,2013.846075,2929.394182,2931,799,0.00,0.1813,0.1500,7,0,3,1348,0.674000,0.1875,2,0.0000,0,0.0938,2,0.1875,2,0.5313,2,0.0000,0,0.3438,2,0.2969,2,0.1719,2,0.0000,0
12783406.0,915.708136,2014.414900,2930.123036,2932,799,0.00,0.1359,0.1250,7,0,3,1349,0.674500,0.1875,2,0.0000,0,0.0938,2,0.1875,2,0.3594,2,0.0000,0,0.0625,2,0.2969,2,0.0000,0,0.1719,2
12783712.0,915.814439,2014.787200,2930.601639,2933,799,0.00,0.1406,0.1375,7,0,3,1349,0.674500,0.2344,2,0.0000,0,0.0938,2,0.1875,2,0.3594,2,0.0000,0,0.0625,2,0.2969,2,0.0000,0,0.1719,2
12783808.0,915.848639,2014.911200,2930.759839,2934,799,0.00,0.1578,0.1500,8,0,2,1350,0.675000,0.2344,2,0.1719,2,0.0938,2,0.1875,2,0.3594,2,0.0000,0,0.0625,2,0.2969,2,0.0000,0,0.1719,2
12784066.0,915.949836,2015.266525,2931.216361,2935,799,0.00,0.1578,0.1500,8,0,2,1350,0.675000,0.1875,2,0.1719,2,0.1406,2,0.1875,2,0.3594,2,0.0000,0,0.0625,2,0.2969,2,0.0000,0,0.1719,2
12784361.0,916.052032,2015.631725,2931.683757,2936,800,0.00,0.0906,0.1000,6,0,4,1350,0.675000,0.1875,2,0.0000,0,0.0938,2,0.2500,2,0.1875,2,0.0000,0,0.0625,2,0.1250,2,0.0000,0,0.0000,0
12784501.0,916.091456,2015.771725,2931.863181,2937,800,0.00,0.0953,0.1125,6,0,4,1350,0.675000,0.1875,2,0.0000,0,0.0938,2,0.2500,2,0.2344,2,0.0000,0,0.0625,2,0.1250,2,0.0000,0,0.0000,0
12784713.0,916.151782,2015.986350,2932.138132,2938,800,0.00,0.1078,0.1125,7,0,3,1351,0.675500,0.1875,2,0.0000,0,0.0938,2,0.2500,2,0.1875,2,0.1719,2,0.0625,2,0.1250,2,0.0000,0,0.0000,0
12784783.0,916.174569,2016.066267,2932.240835,2939,800,0.00,0.1125,0.1250,7,0,3,1351,0.675500,0.1875,2,0.0000,0,0.0938,2,0.2500,2,0.1875,2,0.1719,2,0.1094,2,0.1250,2,0.0000,0,0.0000,0
12784847.0,916.195635,2016.144133,2932.339769,2940,800,0.00,0.1172,0.1375,7,0,3,1351,0.675500,0.1875,2,0.0000,0,0.0938,2,0.2500,2,0.1875,2,0.1719,2,0.1094,2,0.1719,2,0.0000,0,0.0000,0
12785187.0,916.307706,2016.550675,2932.858381,2941,800,0.00,0.1250,0.1250,8,0,2,1352,0.676000,0.1875,2,0.0000,0,0.0938,2,0.2500,2,0.1875,2,0.1719,2,0.0625,2,0.1250,2,0.1719,2,0.0000,0
12785192.0,916.310053,2016.557092,2932.867144,2942,800,0.00,0.1422,0.1375,9,0,1,1353,0.676500,0.1875,2,0.0000,0,0.0938,2,0.2500,2,0.1875,2,0.1719,2,0.0625,2,0.1250,2,0.1719,2,0.1719,2
12785276.0,916.344709,2016.676417,2933.021126,2943,801,0.00,0.1422,0.1375,8,1,1,1353,0.676500,0.3594,2,0.0000,0,0.0938,2,0.2500,2,0.1875,2,0.1719,2,0.0625,2,0.1250,2,0.0000,1,0.1719,2
12785374.0,916.381857,2016.804983,2933.186841,2944,801,0.00,0.1313,0.1375,8,0,2,1354,0.677000,0.3594,2,0.0625,2,0.0938,2,0.2500,2,0.1875,2,0.1719,2,0.0625,2,0.1250,2,0.0000,0,0.0000,0
12785377.0,916.382980,2016.809058,2933.192039,2945,801,0.00,0.1484,0.1500,8,0,2,1354,0.677000,0.3594,2,0.0625,2,0.2656,2,0.2500,2,0.1875,2,0.1719,2,0.0625,2,0.1250,2,0.0000,0,0.0000,0
12785425.0,916.401415,2016.876883,2933.278298,2946,802,0.00,0.1594,0.1500,7,1,2,1354,0.677000,0.3594,2,0.0625,2,0.2656,2,0.5313,2,0.1875,2,0.0000,1,0.0625,2,0.1250,2,0.0000,0,0.0000,0
12785576.0,916.457144,2017.084383,2933.541527,2947,802,0.00,0.1641,0.1625,7,0,3,1354,0.677000,0.3594,2,0.0625,2,0.2656,2,0.5313,2,0.2344,2,0.0000,0,0.0625,2,0.1250,2,0.0000,0,0.0000,0
12785635.0,916.479431,2017.169442,2933.648872,2948,802,0.00,0.1766,0.1750,8,0,2,1355,0.677500,0.3594,2,0.0625,2,0.2656,2,0.5313,2,0.2344,2,0.1250,2,0.0625,2,0.1250,2,0.0000,0,0.0000,0
12785902.0,916.581716,2017.553492,2934.135207,2949,802,0.00,0.1313,0.1500,8,0,2,1355,0.677500,0.1875,2,0.0625,2,0.2656,2,0.2500,2,0.1875,2,0.1250,2,0.1094,2,0.1250,2,0.0000,0,0.0000,0
12785913.0,916.585833,2017.569258,2934.155091,2950,802,0.00,0.1313,0.1500,8,0,2,1355,0.677500,0.1875,2,0.0625,2,0.2656,2,0.2500,2,0.1875,2,0.1250,2,0.0625,2,0.1719,2,0.0000,0,0.0000,0
12785918.0,916.588205,2017.576425,2934.164630,2951,802,0.00,0.1484,0.1625,9,0,1,1356,0.678000,0.1875,2,0.0625,2,0.2656,2,0.2500,2,0.1875,2,0.1250,2,0.0625,2,0.1719,2,0.1719,2,0.0000,0
12785926.0,916.592051,2017.589025,2934.181076,2952,802,0.00,0.1531,0.1750,10,0,0,1357,0.678500,0.1875,2,0.0625,2,0.2656,2,0.2500,2,0.1875,2,0.1250,2,0.0625,2,0.1719,2,0.1719,2,0.0469,2
12785960.0,916.607386,2017.646417,2934.253802,2953,802,0.00,0.1531,0.1750,9,1,0,1357,0.678500,0.2344,2,0.0625,2,0.2656,2,0.2500,2,0.1875,2,0.1250,2,0.0625,2,0.1719,2,0.1719,2,0.0000,1
12785961.0,916.607838,2017.648133,2934.255972,2954,802,0.00,0.1656,0.1875,9,1,0,1357,0.678500,0.2344,2,0.1875,2,0.2656,2,0.2500,2,0.1875,2,0.1250,2,0.0625,2,0.1719,2,0.1719,2,0.0000,1
12786353.0,916.759304,2018.223592,2934.982895,2955,803,0.00,0.1594,0.1500,8,0,2,1357,0.678500,0.1875,2,0.0625,2,0.5469,2,0.2500,2,0.1875,2,0.0000,0,0.0625,2,0.1250,2,0.1719,2,0.0000,0
12786844.0,916.942565,2018.888508,2935.831073,2956,803,0.00,0.1266,0.1375,7,0,3,1357,0.678500,0.1875,2,0.0625,2,0.2656,2,0.3750,2,0.1875,2,0.0000,0,0.0625,2,0.1250,2,0.0000,0,0.0000,0
12786902.0,916.962291,2018.963425,2935.925716,2957,803,0.00,0.1313,0.1500,7,0,3,1357,0.678500,0.1875,2,0.0625,2,0.2656,2,0.3750,2,0.2344,2,0.0000,0,0.0625,2,0.1250,2,0.0000,0,0.0000,0
12786955.0,916.981010,2019.035858,2936.016868,2958,803,0.00,0.1484,0.1625,8,0,2,1358,0.679000,0.1875,2,0.0625,2,0.2656,2,0.3750,2,0.2344,2,0.1719,2,0.0625,2,0.1250,2,0.0000,0,0.0000,0
12787507.0,917.182408,2019.799125,2936.981533,2959,803,0.00,0.1156,0.1375,7,0,3,1358,0.679000,0.1875,2,0.0625,2,0.0938,2,0.2500,2,0.2344,2,0.0000,0,0.2031,2,0.1250,2,0.0000,0,0.0000,0
12787667.0,917.235464,2020.005792,2937.241256,2960,804,0.00,0.1297,0.1500,7,0,3,1358,0.679000,0.1875,2,0.0625,2,0.0938,2,0.2500,2,0.2344,2,0.0000,0,0.2031,2,0.2656,2,0.0000,0,0.0000,0
12787813.0,917.285307,2020.200750,2937.486057,2961,804,0.00,0.1203,0.1500,8,0,2,1359,0.679500,0.1875,2,0.0625,2,0.0938,2,0.2500,2,0.2344,2,0.0000,0,0.2031,2,0.1250,2,0.0469,2,0.0000,0
12787897.0,917.316322,2020.316800,2937.633122,2962,804,0.00,0.1203,0.1500,9,0,1,1360,0.680000,0.1875,2,0.0625,2,0.0938,2,0.2500,2,0.1875,2,0.0000,0,0.2031,2,0.1250,2,0.0469,2,0.0469,2
12788031.0,917.368875,2020.512492,2937.881367,2963,804,0.00,0.1172,0.1375,7,1,2,1360,0.680000,0.2500,2,0.0625,2,0.0938,2,0.2500,2,0.1875,2,0.0000,0,0.2031,2,0.1250,2,0.0000,0,0.0000,1
12788080.0,917.385336,2020.575400,2937.960736,2964,804,0.00,0.1203,0.1375,7,0,3,1360,0.680000,0.2500,2,0.2344,2,0.0938,2,0.2500,2,0.1875,2,0.0000,0,0.0625,2,0.1250,2,0.0000,0,0.0000,0
12788080.0,917.385336,2020.575400,2937.960736,2965,804,0.00,0.1344,0.1500,7,0,3,1360,0.680000,0.2500,2,0.2344,2,0.2344,2,0.2500,2,0.1875,2,0.0000,0,0.0625,2,0.1250,2,0.0000,0,0.0000,0
12788157.0,917.411991,2020.680633,2938.092625,2966,804,0.00,0.1391,0.1625,7,0,3,1360,0.680000,0.2500,2,0.2344,2,0.2344,2,0.2969,2,0.1875,2,0.0000,0,0.0625,2,0.1250,2,0.0000,0,0.0000,0
12788548.0,917.536855,2021.137075,2938.673930,2967,804,0.00,0.1031,0.1250,7,0,3,1360,0.680000,0.1875,2,0.0625,2,0.0938,2,0.2500,2,0.2500,2,0.0000,0,0.0625,2,0.1250,2,0.0000,0,0.0000,0
12788577.0,917.546690,2021.172358,2938.719048,2968,804,0.00,0.1078,0.1375,8,0,2,1361,0.680500,0.1875,2,0.0625,2,0.0938,2,0.2500,2,0.2500,2,0.0469,2,0.0625,2,0.1250,2,0.0000,0,0.0000,0
12788598.0,917.554167,2021.200883,2938.755051,2969,804,0.00,0.1250,0.1500,8,0,2,1361,0.680500,0.1875,2,0.0625,2,0.0938,2,0.2500,2,0.2500,2,0.0469,2,0.2344,2,0.1250,2,0.0000,0,0.0000,0
12788687.0,917.585981,2021.322233,2938.908214,2970,805,0.00,0.1375,0.1500,7,0,3,1361,0.680500,0.1875,2,0.0625,2,0.0938,2,0.2500,2,0.2500,2,0.0000,0,0.2344,2,0.2969,2,0.0000,0,0.0000,0
12788697.0,917.589967,2021.335900,2938.925867,2971,805,0.00,0.1547,0.1625,8,0,2,1362,0.681000,0.1875,2,0.0625,2,0.0938,2,0.2500,2,0.2500,2,0.0000,0,0.2344,2,0.2969,2,0.1719,2,0.0000,0
12788759.0,917.614804,2021.429417,2939.044221,2972,805,0.00,0.1594,0.1750,9,0,1,1363,0.681500,0.1875,2,0.0625,2,0.0938,2,0.2500,2,0.2500,2,0.0000,0,0.2344,2,0.2969,2,0.1719,2,0.0469,2
12789137.0,917.750135,2021.945850,2939.695985,2973,806,0.00,0.1313,0.1375,7,0,3,1363,0.681500,0.4688,2,0.0625,2,0.0938,2,0.2500,2,0.2500,2,0.0000,0,0.0625,2,0.1250,2,0.0000,0,0.0000,0
12789177.0,917.763885,2021.997517,2939.761402,2974,806,0.00,0.1484,0.1500,7,0,3,1363,0.681500,0.4688,2,0.2344,2,0.0938,2,0.2500,2,0.2500,2,0.0000,0,0.0625,2,0.1250,2,0.0000,0,0.0000,0
12789272.0,917.796390,2022.122475,2939.918865,2975,806,0.00,0.1078,0.1375,7,0,3,1363,0.681500,0.1875,2,0.0625,2,0.1406,2,0.2500,2,0.2500,2,0.0000,0,0.0625,2,0.1250,2,0.0000,0,0.0000,0
12789473.0,917.861269,2022.370775,2940.232044,2976,807,0.00,0.1172,0.1375,7,0,3,1363,0.681500,0.1875,2,0.0625,2,0.0938,2,0.3906,2,0.2500,2,0.0000,0,0.0625,2,0.1250,2,0.0000,0,0.0000,0
12789516.0,917.875580,2022.426317,2940.301897,2977,808,0.00,0.1313,0.1500,7,0,3,1363,0.681500,0.1875,2,0.0625,2,0.0938,2,0.3906,2,0.3906,2,0.0000,0,0.0625,2,0.1250,2,0.0000,0,0.0000,0
12789561.0,917.891049,2022.484150,2940.375199,2978,808,0.00,0.1422,0.1500,7,0,3,1364,0.682000,0.1875,2,0.0000,0,0.0938,2,0.3906,2,0.3906,2,0.1719,2,0.0625,2,0.1250,2,0.0000,0,0.0000,0
12789684.0,917.934376,2022.652250,2940.586626,2979,808,0.00,0.1563,0.1625,7,0,3,1364,0.682000,0.1875,2,0.0000,0,0.0938,2,0.3906,2,0.3906,2,0.1719,2,0.2031,2,0.1250,2,0.0000,0,0.0000,0
12790216.0,918.107175,2023.313508,2941.420683,2980,808,0.00,0.1156,0.1375,6,0,4,1364,0.682000,0.1875,2,0.0000,0,0.0938,2,0.2500,2,0.3906,2,0.0000,0,0.0625,2,0.1719,2,0.0000,0,0.0000,0
12790302.0,918.133506,2023.417658,2941.551165,2981,808,0.00,0.1234,0.1375,7,0,3,1365,0.682500,0.1875,2,0.0000,0,0.0938,2,0.2500,2,0.3906,2,0.0000,0,0.0625,2,0.1250,2,0.1250,2,0.0000,0
12790364.0,918.154942,2023.497742,2941.652684,2982,808,0.00,0.1281,0.1500,8,0,2,1366,0.683000,0.1875,2,0.0000,0,0.0938,2,0.2500,2,0.3906,2,0.0000,0,0.0625,2,0.1250,2,0.1250,2,0.0469,2
12790778.0,918.281078,2023.974550,2942.255628,2983,808,0.00,0.1016,0.1250,6,0,4,1366,0.683000,0.2344,2,0.0000,0,0.0938,2,0.2500,2,0.2500,2,0.0000,0,0.0625,2,0.1250,2,0.0000,0,0.0000,0
12790861.0,918.305657,2024.070000,2942.375657,2984,808,0.00,0.1063,0.1375,7,0,3,1367,0.683500,0.2344,2,0.0469,2,0.0938,2,0.2500,2,0.2500,2,0.0000,0,0.0625,2,0.1250,2,0.0000,0,0.0000,0
12790868.0,918.307927,2024.079042,2942.386969,2985,808,0.00,0.1109,0.1500,7,0,3,1367,0.683500,0.2344,2,0.0469,2,0.1406,2,0.2500,2,0.2500,2,0.0000,0,0.0625,2,0.1250,2,0.0000,0,0.0000,0
12790943.0,918.332513,2024.181317,2942.513829,2986,809,0.00,0.1344,0.1500,6,1,3,1367,0.683500,0.2344,2,0.0000,1,0.1406,2,0.5313,2,0.2500,2,0.0000,0,0.0625,2,0.1250,2,0.0000,0,0.0000,0
12791053.0,918.367666,2024.321467,2942.689133,2987,809,0.00,0.1063,0.1375,6,0,4,1367,0.683500,0.2344,2,0.0000,0,0.0938,2,0.2500,2,0.2969,2,0.0000,0,0.0625,2,0.1250,2,0.0000,0,0.0000,0
12791442.0,918.480835,2024.765067,2943.245901,2988,809,0.00,0.1109,0.1250,7,0,3,1368,0.684000,0.1875,2,0.0000,0,0.0938,2,0.2500,2,0.2500,2,0.1406,2,0.0625,2,0.1250,2,0.0000,0,0.0000,0
12791468.0,918.489361,2024.796700,2943.286061,2989,809,0.00,0.1156,0.1375,7,0,3,1368,0.684000,0.1875,2,0.0000,0,0.0938,2,0.2500,2,0.2500,2,0.1406,2,0.1094,2,0.1250,2,0.0000,0,0.0000,0
12791932.0,918.626478,2025.330167,2943.956645,2990,809,0.00,0.1016,0.1250,6,0,4,1368,0.684000,0.1875,2,0.0000,0,0.0938,2,0.2500,2,0.2500,2,0.0000,0,0.0625,2,0.1719,2,0.0000,0,0.0000,0
12791937.0,918.628429,2025.335917,2943.964345,2991,809,0.00,0.1156,0.1375,7,0,3,1369,0.684500,0.1875,2,0.0000,0,0.0938,2,0.2500,2,0.2500,2,0.0000,0,0.0625,2,0.1719,2,0.1406,2,0.0000,0
12791939.0,918.629592,2025.338500,2943.968092,2992,809,0.00,0.1375,0.1500,8,0,2,1370,0.685000,0.1875,2,0.0000,0,0.0938,2,0.2500,2,0.2500,2,0.0000,0,0.0625,2,0.1719,2,0.1406,2,0.2188,2
12792815.0,918.887742,2026.302175,2945.189917,2993,810,0.00,0.1141,0.1250,6,0,4,1370,0.685000,0.3594,2,0.0000,0,0.0938,2,0.2500,2,0.2500,2,0.0000,0,0.0625,2,0.1250,2,0.0000,0,0.0000,0
12792844.0,918.896937,2026.335525,2945.232462,2994,810,0.00,0.1188,0.1375,7,0,3,1371,0.685500,0.3594,2,0.0469,2,0.0938,2,0.2500,2,0.2500,2,0.0000,0,0.0625,2,0.1250,2,0.0000,0,0.0000,0
12792900.0,918.915642,2026.407858,2945.323501,2995,810,0.00,0.1359,0.1500,7,0,3,1371,0.685500,0.3594,2,0.0469,2,0.2656,2,0.2500,2,0.2500,2,0.0000,0,0.0625,2,0.1250,2,0.0000,0,0.0000,0
12792904.0,918.917032,2026.413325,2945.330357,2996,811,0.00,0.1531,0.1625,7,0,3,1371,0.685500,0.3594,2,0.0469,2,0.2656,2,0.4219,2,0.2500,2,0.0000,0,0.0625,2,0.1250,2,0.0000,0,0.0000,0
12792976.0,918.942339,2026.513375,2945.455714,2997,812,0.00,0.1531,0.1625,7,0,3,1371,0.685500,0.1875,2,0.0469,2,0.2656,2,0.4219,2,0.4219,2,0.0000,0,0.0625,2,0.1250,2,0.0000,0,0.0000,0
12793183.0,919.013480,2026.789150,2945.802630,2998,812,0.00,0.1234,0.1500,8,0,2,1372,0.686000,0.1875,2,0.0469,2,0.0938,2,0.2500,2,0.4219,2,0.0469,2,0.0625,2,0.1250,2,0.0000,0,0.0000,0
12793415.0,919.086309,2027.065900,2946.152209,2999,812,0.00,0.1188,0.1375,6,0,4,1372,0.686000,0.1875,2,0.0000,0,0.0938,2,0.2500,2,0.4219,2,0.0000,0,0.1094,2,0.1250,2,0.0000,0,0.0000,0
12793533.0,919.121599,2027.203550,2946.325149,3000,813,0.00,0.1172,0.1250,6,0,4,1372,0.686000,0.0625,2,0.0000,0,0.0938,2,0.1875,2,0.4219,2,0.0000,0,0.1094,2,0.2969,2,0.0000,0,0.0000,0
12793704.0,919.168592,2027.365383,2946.533976,3001,813,0.00,0.0938,0.1000,6,0,4,1373,0.686500,0.0625,2,0.0000,0,0.0938,2,0.1875,2,0.4219,2,0.0000,0,0.0000,0,0.1250,2,0.0469,2,0.0000,0
12793744.0,919.180453,2027.405383,2946.585837,3002,813,0.00,0.0984,0.1125,7,0,3,1374,0.687000,0.0625,2,0.0000,0,0.0938,2,0.1875,2,0.4219,2,0.0000,0,0.0000,0,0.1250,2,0.0469,2,0.0469,2
12793976.0,919.247942,2027.640392,2946.888333,3003,813,0.00,0.0938,0.1000,5,0,5,1374,0.687000,0.1094,2,0.0000,0,0.0938,2,0.1875,2,0.4219,2,0.0000,0,0.0000,0,0.1250,2,0.0000,0,0.0000,0
12793983.0,919.250216,2027.646925,2946.897141,3004,813,0.00,0.0984,0.1125,6,0,4,1375,0.687500,0.1094,2,0.0469,2,0.0938,2,0.1875,2,0.4219,2,0.0000,0,0.0000,0,0.1250,2,0.0000,0,0.0000,0
12794058.0,919.271791,2027.727550,2946.999341,3005,813,0.00,0.1156,0.1250,6,0,4,1375,0.687500,0.1094,2,0.0469,2,0.2656,2,0.1875,2,0.4219,2,0.0000,0,0.0000,0,0.1250,2,0.0000,0,0.0000,0
12798185.0,920.361882,2031.606000,2951.967882,3006,813,0.00,0.1078,0.1125,5,0,5,1375,0.687500,0.0625,2,0.0000,0,0.2656,2,0.2031,2,0.4219,2,0.0000,0,0.0000,0,0.1250,2,0.0000,0,0.0000,0
12798397.0,920.417735,2031.807317,2952.225052,3007,814,0.00,0.1234,0.1125,5,0,5,1375,0.687500,0.0625,2,0.0000,0,0.2656,2,0.1875,2,0.5938,2,0.0000,0,0.0000,0,0.1250,2,0.0000,0,0.0000,0
12798459.0,920.435382,2031.869833,2952.305215,3008,814,0.00,0.1281,0.1250,6,0,4,1376,0.688000,0.0625,2,0.0000,0,0.2656,2,0.1875,2,0.5938,2,0.0469,2,0.0000,0,0.1250,2,0.0000,0,0.0000,0
12798481.0,920.442719,2031.895133,2952.337852,3009,814,0.00,0.1453,0.1375,7,0,3,1377,0.688500,0.0625,2,0.0000,0,0.2656,2,0.1875,2,0.5938,2,0.0469,2,0.1719,2,0.1250,2,0.0000,0,0.0000,0
12798640.0,920.499114,2032.100508,2952.599623,3010,814,0.00,0.1469,0.1500,7,0,3,1377,0.688500,0.0625,2,0.0000,0,0.2656,2,0.1875,2,0.5938,2,0.0469,2,0.1719,2,0.1406,2,0.0000,0,0.0000,0
12798887.0,920.587522,2032.438075,2953.025597,3011,814,0.00,0.1641,0.1625,8,0,2,1378,0.689000,0.0625,2,0.0000,0,0.2656,2,0.1875,2,0.5938,2,0.0469,2,0.1719,2,0.1406,2,0.1719,2,0.0000,0
12799060.0,920.653637,2032.679933,2953.333570,3012,814,0.00,0.1578,0.1375,7,1,2,1379,0.689500,0.0625,2,0.0000,0,0.2656,2,0.1875,2,0.5938,2,0.0000,1,0.1719,2,0.1250,2,0.0000,0,0.1719,2
12799101.0,920.668852,2032.733492,2953.402344,3013,814,0.00,0.1625,0.1500,7,0,3,1379,0.689500,0.1094,2,0.0000,0,0.2656,2,0.1875,2,0.5938,2,0.0000,0,0.1719,2,0.1250,2,0.0000,0,0.1719,2
12799187.0,920.700830,2032.847425,2953.548255,3014,814,0.00,0.1625,0.1500,8,0,2,1380,0.690000,0.0625,2,0.0469,2,0.2656,2,0.1875,2,0.5938,2,0.0000,0,0.1719,2,0.1250,2,0.0000,0,0.1719,2
12799372.0,920.770257,2033.092917,2953.863174,3015,814,0.00,0.1625,0.1500,7,0,3,1380,0.690000,0.0625,2,0.0000,0,0.3125,2,0.1875,2,0.5938,2,0.0000,0,0.1719,2,0.1250,2,0.0000,0,0.1719,2
12799404.0,920.782035,2033.136650,2953.918685,3016,814,0.00,0.1672,0.1625,7,0,3,1380,0.690000,0.0625,2,0.0000,0,0.3125,2,0.2344,2,0.5938,2,0.0000,0,0.1719,2,0.1250,2,0.0000,0,0.1719,2
12799447.0,920.798018,2033.198642,2953.996660,3017,815,0.00,0.1844,0.1750,7,0,3,1380,0.690000,0.0625,2,0.0000,0,0.3125,2,0.2344,2,0.7656,2,0.0000,0,0.1719,2,0.1250,2,0.0000,0,0.1719,2
12799684.0,920.889032,2033.542717,2954.431749,3018,815,0.00,0.1844,0.1750,8,0,2,1381,0.690500,0.0625,2,0.0000,0,0.3125,2,0.1875,2,0.7656,2,0.0469,2,0.1719,2,0.1250,2,0.0000,0,0.1719,2
12799684.0,920.889032,2033.542717,2954.431749,3019,816,0.00,0.2016,0.1875,8,0,2,1381,0.690500,0.0625,2,0.0000,0,0.3125,2,0.1875,2,0.7656,2,0.0469,2,0.3438,2,0.1250,2,0.0000,0,0.1719,2
12799730.0,920.908766,2033.619000,2954.527766,3020,816,0.00,0.2063,0.2000,8,0,2,1381,0.690500,0.0625,2,0.0000,0,0.3125,2,0.1875,2,0.7656,2,0.0469,2,0.3438,2,0.1719,2,0.0000,0,0.1719,2
12799737.0,920.912294,2033.631133,2954.543428,3021,816,0.00,0.2109,0.2125,9,0,1,1382,0.691000,0.0625,2,0.0000,0,0.3125,2,0.1875,2,0.7656,2,0.0469,2,0.3438,2,0.1719,2,0.0469,2,0.1719,2
12799943.0,921.004366,2033.988733,2954.993100,3022,816,0.00,0.2063,0.2000,8,0,2,1382,0.691000,0.0625,2,0.0000,0,0.3125,2,0.1875,2,0.7656,2,0.0469,2,0.3438,2,0.1250,2,0.0000,0,0.2188,2
12799970.0,921.016048,2034.035533,2955.051581,3023,816,0.00,0.2109,0.2125,8,0,2,1382,0.691000,0.1094,2,0.0000,0,0.3125,2,0.1875,2,0.7656,2,0.0469,2,0.3438,2,0.1250,2,0.0000,0,0.2188,2
12800410.0,921.194436,2034.724792,2955.919227,3024,816,0.00,0.1969,0.1750,8,0,2,1383,0.691500,0.0625,2,0.0469,2,0.2656,2,0.1875,2,0.7656,2,0.0000,0,0.3438,2,0.1250,2,0.0000,0,0.1719,2
12800682.0,921.308448,2035.146692,2956.455139,3025,816,0.00,0.1969,0.1750,7,0,3,1383,0.691500,0.0625,2,0.0000,0,0.3125,2,0.1875,2,0.7656,2,0.0000,0,0.3438,2,0.1250,2,0.0000,0,0.1719,2
12801448.0,921.574693,2036.104633,2957.679327,3026,817,0.00,0.1516,0.1250,6,0,4,1383,0.691500,0.0000,0,0.0000,0,0.0938,2,0.3594,2,0.5938,2,0.0000,0,0.1719,2,0.1250,2,0.0000,0,0.1719,2
12801624.0,921.632596,2036.307033,2957.939630,3027,818,0.00,0.1891,0.1375,6,0,4,1383,0.691500,0.0000,0,0.0000,0,0.0938,2,0.3594,2,0.9688,2,0.0000,0,0.1719,2,0.1250,2,0.0000,0,0.1719,2
12801676.0,921.650792,2036.366783,2958.017576,3028,818,0.00,0.1891,0.1375,6,0,4,1384,0.692000,0.0000,0,0.0000,0,0.0938,2,0.3594,2,0.9688,2,0.1719,2,0.0000,0,0.1250,2,0.0000,0,0.1719,2
12801732.0,921.671349,2036.435383,2958.106733,3029,818,0.00,0.2063,0.1500,7,0,3,1385,0.692500,0.0000,0,0.0000,0,0.0938,2,0.3594,2,0.9688,2,0.1719,2,0.1719,2,0.1250,2,0.0000,0,0.1719,2
12801795.0,921.696681,2036.521483,2958.218164,3030,818,0.00,0.2109,0.1625,7,0,3,1385,0.692500,0.0000,0,0.0000,0,0.0938,2,0.3594,2,0.9688,2,0.1719,2,0.1719,2,0.1719,2,0.0000,0,0.1719,2
12801886.0,921.733876,2036.648025,2958.381901,3031,818,0.00,0.2109,0.1625,8,0,2,1386,0.693000,0.0000,0,0.0000,0,0.0938,2,0.3594,2,0.9688,2,0.1719,2,0.1719,2,0.1250,2,0.0469,2,0.1719,2
12802116.0,921.818515,2036.925392,2958.743907,3032,818,0.00,0.1422,0.1125,7,0,3,1387,0.693500,0.0000,0,0.0000,0,0.0938,2,0.1875,2,0.6250,2,0.1719,2,0.0000,0,0.1250,2,0.0469,2,0.1719,2
12802171.0,921.838390,2036.988183,2958.826573,3033,818,0.00,0.1594,0.1250,8,0,2,1388,0.694000,0.1719,2,0.0000,0,0.0938,2,0.1875,2,0.6250,2,0.1719,2,0.0000,0,0.1250,2,0.0469,2,0.1719,2
12802242.0,921.867018,2037.079300,2958.946318,3034,818,0.00,0.1844,0.1375,9,0,1,1389,0.694500,0.1719,2,0.2500,2,0.0938,2,0.1875,2,0.6250,2,0.1719,2,0.0000,0,0.1250,2,0.0469,2,0.1719,2
12802410.0,921.941977,2037.318700,2959.260677,3035,818,0.00,0.1891,0.1500,9,0,1,1389,0.694500,0.1719,2,0.2500,2,0.1406,2,0.1875,2,0.6250,2,0.1719,2,0.0000,0,0.1250,2,0.0469,2,0.1719,2
12802809.0,922.112958,2037.863725,2959.976683,3036,819,0.00,0.1969,0.1375,8,0,2,1389,0.694500,0.1719,2,0.2500,2,0.0938,2,0.3594,2,0.6250,2,0.1719,2,0.0000,0,0.1250,2,0.0000,0,0.1719,2
12802810.0,922.113383,2037.865083,2959.978467,3037,820,0.00,0.2141,0.1500,8,0,2,1389,0.694500,0.1719,2,0.2500,2,0.0938,2,0.3594,2,0.7969,2,0.1719,2,0.0000,0,0.1250,2,0.0000,0,0.1719,2
12803119.0,922.248946,2038.307983,2960.556930,3038,820,0.00,0.2188,0.1625,8,0,2,1389,0.694500,0.1719,2,0.2500,2,0.0938,2,0.3594,2,0.7969,2,0.2188,2,0.0000,0,0.1250,2,0.0000,0,0.1719,2
12803142.0,922.259595,2038.342150,2960.601745,3039,820,0.00,0.2188,0.1625,9,0,1,1390,0.695000,0.1719,2,0.2500,2,0.0938,2,0.3594,2,0.7969,2,0.1719,2,0.0469,2,0.1250,2,0.0000,0,0.1719,2
12803440.0,922.394088,2038.783042,2961.177129,3040,820,0.00,0.2188,0.1625,8,0,2,1390,0.695000,0.1719,2,0.2500,2,0.0938,2,0.3594,2,0.7969,2,0.1719,2,0.0000,0,0.1719,2,0.0000,0,0.1719,2
12803451.0,922.399454,2038.799633,2961.199087,3041,820,0.00,0.2234,0.1750,9,0,1,1391,0.695500,0.1719,2,0.2500,2,0.0938,2,0.3594,2,0.7969,2,0.1719,2,0.0000,0,0.1719,2,0.0469,2,0.1719,2
12803612.0,922.470281,2039.032042,2961.502323,3042,820,0.00,0.1844,0.1375,8,0,2,1391,0.695500,0.1719,2,0.2500,2,0.0938,2,0.1875,2,0.7969,2,0.1719,2,0.0000,0,0.1250,2,0.0000,0,0.0469,2
12804016.0,922.638194,2039.580808,2962.219002,3043,820,0.00,0.2016,0.1500,8,0,2,1391,0.695500,0.3438,2,0.2500,2,0.0938,2,0.1875,2,0.7969,2,0.1719,2,0.0000,0,0.1250,2,0.0000,0,0.0469,2
12804056.0,922.655354,2039.638142,2962.293495,3044,820,0.00,0.2188,0.1625,8,0,2,1391,0.695500,0.3438,2,0.4219,2,0.0938,2,0.1875,2,0.7969,2,0.1719,2,0.0000,0,0.1250,2,0.0000,0,0.0469,2
12804109.0,922.678450,2039.714708,2962.393158,3045,820,0.00,0.2016,0.1500,7,1,2,1391,0.695500,0.3438,2,0.4219,2,0.1406,2,0.1875,2,0.6250,2,0.1719,2,0.0000,0,0.1250,2,0.0000,0,0.0000,1
12804134.0,922.688252,2039.747567,2962.435819,3046,821,0.00,0.2016,0.1500,7,0,3,1391,0.695500,0.3438,2,0.2500,2,0.1406,2,0.3594,2,0.6250,2,0.1719,2,0.0000,0,0.1250,2,0.0000,0,0.0000,0
12804223.0,922.723566,2039.868375,2962.591941,3047,821,0.00,0.1891,0.1500,7,0,3,1391,0.695500,0.3438,2,0.2500,2,0.1406,2,0.1875,2,0.6719,2,0.1719,2,0.0000,0,0.1250,2,0.0000,0,0.0000,0
12804627.0,922.879510,2040.397933,2963.277443,3048,822,0.00,0.2219,0.1500,7,0,3,1391,0.695500,0.3438,2,0.2500,2,0.0938,2,0.1875,2,0.6719,2,0.5469,2,0.0000,0,0.1250,2,0.0000,0,0.0000,0
12804873.0,922.977679,2040.721542,2963.699220,3049,822,0.00,0.2156,0.1500,7,0,3,1392,0.696000,0.3438,2,0.0000,0,0.0938,2,0.1875,2,0.6719,2,0.5469,2,0.1875,2,0.1250,2,0.0000,0,0.0000,0
12805064.0,923.055869,2040.982575,2964.038444,3050,823,0.00,0.2328,0.1625,7,0,3,1392,0.696000,0.3438,2,0.0000,0,0.0938,2,0.1875,2,0.6719,2,0.5469,2,0.1875,2,0.2969,2,0.0000,0,0.0000,0
12805177.0,923.103257,2041.140533,2964.243790,3051,823,0.00,0.2328,0.1625,8,0,2,1393,0.696500,0.3438,2,0.0000,0,0.0938,2,0.1875,2,0.6719,2,0.5469,2,0.1875,2,0.1250,2,0.1719,2,0.0000,0
12805603.0,923.281294,2041.727867,2965.009160,3052,823,0.00,0.2156,0.1500,8,0,2,1394,0.697000,0.3438,2,0.0000,0,0.0938,2,0.1875,2,0.6250,2,0.5469,2,0.1875,2,0.1250,2,0.0000,0,0.0469,2
12805606.0,923.282614,2041.732167,2965.014780,3053,823,0.00,0.2328,0.1625,8,0,2,1394,0.697000,0.5156,2,0.0000,0,0.0938,2,0.1875,2,0.6250,2,0.5469,2,0.1875,2,0.1250,2,0.0000,0,0.0469,2
12805611.0,923.285380,2041.739708,2965.025088,3054,823,0.00,0.2375,0.1750,9,0,1,1395,0.697500,0.5156,2,0.0469,2,0.0938,2,0.1875,2,0.6250,2,0.5469,2,0.1875,2,0.1250,2,0.0000,0,0.0469,2
12805889.0,923.400278,2042.115392,2965.515670,3055,823,0.00,0.2141,0.1500,7,0,3,1395,0.697500,0.3438,2,0.0469,2,0.2656,2,0.1875,2,0.6250,2,0.5469,2,0.0000,0,0.1250,2,0.0000,0,0.0000,0
12806004.0,923.447107,2042.270308,2965.717416,3056,824,0.00,0.2266,0.1500,6,0,4,1395,0.697500,0.3438,2,0.0000,0,0.2656,2,0.3594,2,0.6250,2,0.5469,2,0.0000,0,0.1250,2,0.0000,0,0.0000,0
12806005.0,923.447495,2042.271608,2965.719103,3057,825,0.00,0.2438,0.1625,6,0,4,1395,0.697500,0.3438,2,0.0000,0,0.2656,2,0.3594,2,0.7969,2,0.5469,2,0.0000,0,0.1250,2,0.0000,0,0.0000,0
12806045.0,923.463522,2042.326608,2965.790131,3058,825,0.00,0.2484,0.1750,6,0,4,1395,0.697500,0.3438,2,0.0000,0,0.2656,2,0.3594,2,0.7969,2,0.5938,2,0.0000,0,0.1250,2,0.0000,0,0.0000,0
12807127.0,923.857653,2043.601133,2967.458786,3059,825,0.00,0.2094,0.1375,7,0,3,1396,0.698000,0.3438,2,0.0000,0,0.2656,2,0.1875,2,0.6250,2,0.3750,2,0.1719,2,0.1250,2,0.0000,0,0.0000,0
12807129.0,923.858462,2043.603717,2967.462179,3060,825,0.00,0.2141,0.1500,7,0,3,1396,0.698000,0.3438,2,0.0000,0,0.2656,2,0.1875,2,0.6250,2,0.3750,2,0.1719,2,0.1719,2,0.0000,0,0.0000,0
12807839.0,924.128270,2044.492300,2968.620570,3061,825,0.00,0.1891,0.1375,8,0,2,1397,0.698500,0.3438,2,0.0000,0,0.2656,2,0.1875,2,0.2500,2,0.3750,2,0.1719,2,0.1250,2,0.1719,2,0.0000,0
12807914.0,924.160215,2044.594175,2968.754390,3062,825,0.00,0.2063,0.1500,9,0,1,1398,0.699000,0.3438,2,0.0000,0,0.2656,2,0.1875,2,0.2500,2,0.3750,2,0.1719,2,0.1250,2,0.1719,2,0.1719,2
12808093.0,924.243127,2044.862675,2969.105802,3063,825,0.00,0.2109,0.1625,9,0,1,1398,0.699000,0.3906,2,0.0000,0,0.2656,2,0.1875,2,0.2500,2,0.3750,2,0.1719,2,0.1250,2,0.1719,2,0.1719,2
12808099.0,924.246428,2044.872125,2969.118553,3064,825,0.00,0.2281,0.1750,10,0,0,1399,0.699500,0.3906,2,0.1719,2,0.2656,2,0.1875,2,0.2500,2,0.3750,2,0.1719,2,0.1250,2,0.1719,2,0.1719,2
12808103.0,924.248471,2044.878992,2969.127463,3065,825,0.00,0.2328,0.1875,10,0,0,1399,0.699500,0.3906,2,0.1719,2,0.3125,2,0.1875,2,0.2500,2,0.3750,2,0.1719,2,0.1250,2,0.1719,2,0.1719,2
12808116.0,924.255158,2044.902283,2969.157441,3066,825,0.00,0.2375,0.2000,10,0,0,1399,0.699500,0.3906,2,0.1719,2,0.3125,2,0.2344,2,0.2500,2,0.3750,2,0.1719,2,0.1250,2,0.1719,2,0.1719,2
12808404.0,924.391829,2045.355767,2969.747596,3067,825,0.00,0.2109,0.1625,9,0,1,1399,0.699500,0.3438,2,0.0000,0,0.2656,2,0.1875,2,0.2969,2,0.3750,2,0.1719,2,0.1250,2,0.1719,2,0.1719,2
12809267.0,924.794713,2046.714992,2971.509704,3068,826,0.00,0.2484,0.1750,9,0,1,1399,0.699500,0.3438,2,0.0000,0,0.2656,2,0.1875,2,0.2969,2,0.7500,2,0.1719,2,0.1250,2,0.1719,2,0.1719,2
12809564.0,924.940352,2047.198683,2972.139035,3069,827,0.00,0.2484,0.1750,8,0,2,1399,0.699500,0.3438,2,0.0000,0,0.2656,2,0.1875,2,0.2969,2,0.7500,2,0.3438,2,0.1250,2,0.0000,0,0.1719,2
12809566.0,924.941283,2047.201850,2972.143133,3070,828,0.00,0.2656,0.1875,8,0,2,1399,0.699500,0.3438,2,0.0000,0,0.2656,2,0.1875,2,0.2969,2,0.7500,2,0.3438,2,0.2969,2,0.0000,0,0.1719,2
12809677.0,924.994432,2047.385925,2972.380357,3071,828,0.00,0.2656,0.1875,8,0,2,1399,0.699500,0.3438,2,0.0000,0,0.2656,2,0.1875,2,0.2969,2,0.7500,2,0.3438,2,0.2969,2,0.0000,0,0.1719,2
12810120.0,925.203279,2048.099417,2973.302695,3072,828,0.00,0.2359,0.1750,9,0,1,1400,0.700000,0.3438,2,0.0000,0,0.2656,2,0.1875,2,0.2969,2,0.7500,2,0.1719,2,0.1250,2,0.0469,2,0.1719,2
12810405.0,925.336435,2048.549567,2973.886001,3073,829,0.00,0.2359,0.1750,9,0,1,1401,0.700500,0.3438,2,0.0000,0,0.2656,2,0.1875,2,0.2969,2,0.7500,2,0.1719,2,0.1250,2,0.0469,2,0.1719,2
12810708.0,925.470447,2048.999758,2974.470205,3074,830,0.00,0.2188,0.1625,8,0,2,1401,0.700500,0.3438,2,0.0000,0,0.2656,2,0.1875,2,0.2969,2,0.7500,2,0.1719,2,0.1250,2,0.0469,2,0.0000,0
12810926.0,925.565256,2049.316650,2974.881906,3075,830,0.00,0.2063,0.1625,9,0,1,1402,0.701000,0.1719,2,0.0469,2,0.2656,2,0.1875,2,0.2969,2,0.7500,2,0.1719,2,0.1250,2,0.0469,2,0.0000,0
12810995.0,925.596663,2049.421233,2975.017896,3076,831,0.00,0.2188,0.1625,8,0,2,1402,0.701000,0.1719,2,0.0000,0,0.4375,2,0.1875,2,0.2969,2,0.7500,2,0.1719,2,0.1250,2,0.0469,2,0.0000,0
12810998.0,925.597990,2049.425758,2975.023748,3077,832,0.00,0.2359,0.1750,8,0,2,1402,0.701000,0.1719,2,0.0000,0,0.4375,2,0.3594,2,0.2969,2,0.7500,2,0.1719,2,0.1250,2,0.0469,2,0.0000,0
12811243.0,925.698003,2049.757125,2975.455128,3078,832,0.00,0.2016,0.1500,7,0,3,1402,0.701000,0.1719,2,0.0000,0,0.2656,2,0.1875,2,0.3438,2,0.7500,2,0.1719,2,0.1250,2,0.0000,0,0.0000,0
12811487.0,925.786782,2050.062417,2975.849199,3079,833,0.00,0.2016,0.1500,6,0,4,1402,0.701000,0.1719,2,0.0000,0,0.2656,2,0.1875,2,0.3438,2,0.9219,2,0.0000,0,0.1250,2,0.0000,0,0.0000,0
12811529.0,925.802664,2050.115592,2975.918256,3080,833,0.00,0.2016,0.1500,7,0,3,1403,0.701500,0.1719,2,0.0000,0,0.2656,2,0.1875,2,0.2969,2,0.9219,2,0.0469,2,0.1250,2,0.0000,0,0.0000,0
12811533.0,925.804258,2050.121058,2975.925316,3081,834,0.00,0.2188,0.1625,7,0,3,1403,0.701500,0.1719,2,0.0000,0,0.2656,2,0.1875,2,0.2969,2,0.9219,2,0.0469,2,0.2969,2,0.0000,0,0.0000,0
12811565.0,925.817936,2050.167192,2975.985127,3082,834,0.00,0.2359,0.1750,8,0,2,1404,0.702000,0.1719,2,0.0000,0,0.2656,2,0.1875,2,0.2969,2,0.9219,2,0.0469,2,0.2969,2,0.1719,2,0.0000,0
12812012.0,926.003150,2050.798425,2976.801575,3083,834,0.00,0.1969,0.1375,7,0,3,1405,0.702500,0.1719,2,0.0000,0,0.0938,2,0.1875,2,0.2969,2,0.7500,2,0.0000,0,0.2969,2,0.0000,0,0.1719,2
12812042.0,926.014994,2050.837175,2976.852169,3084,835,0.00,0.2141,0.1500,7,0,3,1405,0.702500,0.3438,2,0.0000,0,0.0938,2,0.1875,2,0.2969,2,0.7500,2,0.0000,0,0.2969,2,0.0000,0,0.1719,2
12812264.0,926.105196,2051.135475,2977.240671,3085,835,0.00,0.2141,0.1500,8,0,2,1406,0.703000,0.1719,2,0.1719,2,0.0938,2,0.1875,2,0.2969,2,0.7500,2,0.0000,0,0.2969,2,0.0000,0,0.1719,2
12812357.0,926.145997,2051.268775,2977.414772,3086,835,0.00,0.2313,0.1625,8,0,2,1406,0.703000,0.1719,2,0.1719,2,0.2656,2,0.1875,2,0.2969,2,0.7500,2,0.0000,0,0.2969,2,0.0000,0,0.1719,2
12812421.0,926.174930,2051.365308,2977.540238,3087,836,0.00,0.2484,0.1750,8,0,2,1406,0.703000,0.1719,2,0.1719,2,0.2656,2,0.3594,2,0.2969,2,0.7500,2,0.0000,0,0.2969,2,0.0000,0,0.1719,2
12812517.0,926.219613,2051.517308,2977.736922,3088,837,0.00,0.2656,0.1875,8,0,2,1406,0.703000,0.1719,2,0.1719,2,0.2656,2,0.3594,2,0.4688,2,0.7500,2,0.0000,0,0.2969,2,0.0000,0,0.1719,2
12812552.0,926.236872,2051.575350,2977.812222,3089,837,0.00,0.2828,0.2000,9,0,1,1407,0.703500,0.1719,2,0.1719,2,0.2656,2,0.3594,2,0.4688,2,0.7500,2,0.1719,2,0.2969,2,0.0000,0,0.1719,2
12812560.0,926.241054,2051.589750,2977.830804,3090,837,0.00,0.2875,0.2125,9,0,1,1407,0.703500,0.1719,2,0.1719,2,0.2656,2,0.3594,2,0.4688,2,0.7500,2,0.1719,2,0.3438,2,0.0000,0,0.1719,2
12812914.0,926.397686,2052.137592,2978.535277,3091,837,0.00,0.1813,0.1500,8,0,2,1408,0.704000,0.1719,2,0.0000,0,0.0938,2,0.1875,2,0.2969,2,0.3750,2,0.0000,0,0.3438,2,0.1719,2,0.1719,2
12813013.0,926.438592,2052.279492,2978.718084,3092,838,0.00,0.1984,0.1625,8,0,2,1408,0.704000,0.1719,2,0.0000,0,0.0938,2,0.1875,2,0.2969,2,0.3750,2,0.0000,0,0.3438,2,0.1719,2,0.3438,2
12813042.0,926.450962,2052.323233,2978.774195,3093,839,0.00,0.2156,0.1750,8,0,2,1408,0.704000,0.3438,2,0.0000,0,0.0938,2,0.1875,2,0.2969,2,0.3750,2,0.0000,0,0.3438,2,0.1719,2,0.3438,2
12813043.0,926.451902,2052.324817,2978.776719,3094,839,0.00,0.2328,0.1875,9,0,1,1409,0.704500,0.3438,2,0.1719,2,0.0938,2,0.1875,2,0.2969,2,0.3750,2,0.0000,0,0.3438,2,0.1719,2,0.3438,2
12813044.0,926.452386,2052.326542,2978.778928,3095,839,0.00,0.2500,0.2000,9,0,1,1409,0.704500,0.3438,2,0.1719,2,0.2656,2,0.1875,2,0.2969,2,0.3750,2,0.0000,0,0.3438,2,0.1719,2,0.3438,2
12813074.0,926.467276,2052.380392,2978.847668,3096,840,0.00,0.2500,0.2000,9,0,1,1409,0.704500,0.3438,2,0.1719,2,0.2656,2,0.3594,2,0.2969,2,0.3750,2,0.0000,0,0.3438,2,0.1719,2,0.1719,2
12813369.0,926.595824,2052.831450,2979.427274,3097,841,0.00,0.1813,0.1500,7,0,3,1409,0.704500,0.1719,2,0.0000,0,0.0938,2,0.1875,2,0.4688,2,0.3750,2,0.0000,0,0.3438,2,0.0000,0,0.1719,2
12813374.0,926.597737,2052.838283,2979.436020,3098,842,0.00,0.1984,0.1625,7,0,3,1409,0.704500,0.1719,2,0.0000,0,0.0938,2,0.1875,2,0.4688,2,0.5469,2,0.0000,0,0.3438,2,0.0000,0,0.1719,2
12813404.0,926.610117,2052.881533,2979.491650,3099,842,0.00,0.2156,0.1750,8,0,2,1410,0.705000,0.1719,2,0.0000,0,0.0938,2,0.1875,2,0.4688,2,0.5469,2,0.1719,2,0.3438,2,0.0000,0,0.1719,2
12813468.0,926.638273,2052.982867,2979.621139,3100,843,0.00,0.2328,0.1875,8,0,2,1410,0.705000,0.1719,2,0.0000,0,0.0938,2,0.1875,2,0.4688,2,0.5469,2,0.1719,2,0.5156,2,0.0000,0,0.1719,2
12813534.0,926.668690,2053.092317,2979.761007,3101,843,0.00,0.2500,0.2000,9,0,1,1411,0.705500,0.1719,2,0.0000,0,0.0938,2,0.1875,2,0.4688,2,0.5469,2,0.1719,2,0.5156,2,0.1719,2,0.1719,2
12813534.0,926.668690,2053.092317,2979.761007,3102,843,0.00,0.2547,0.2125,9,0,1,1411,0.705500,0.1719,2,0.0000,0,0.0938,2,0.1875,2,0.4688,2,0.5469,2,0.1719,2,0.5156,2,0.1719,2,0.2188,2
12813570.0,926.686722,2053.159817,2979.846538,3103,844,0.00,0.2719,0.2250,9,0,1,1411,0.705500,0.3438,2,0.0000,0,0.0938,2,0.1875,2,0.4688,2,0.5469,2,0.1719,2,0.5156,2,0.1719,2,0.2188,2
12813599.0,926.702134,2053.216367,2979.918501,3104,844,0.00,0.2891,0.2375,10,0,0,1412,0.706000,0.3438,2,0.1719,2,0.0938,2,0.1875,2,0.4688,2,0.5469,2,0.1719,2,0.5156,2,0.1719,2,0.2188,2
12813945.0,926.838505,2053.696842,2980.535346,3105,844,0.00,0.1438,0.1375,6,0,4,1412,0.706000,0.1719,2,0.0000,0,0.2656,2,0.1875,2,0.2969,2,0.0000,0,0.0000,0,0.3438,2,0.0000,0,0.1719,2
12814120.0,926.890445,2053.893225,2980.783670,3106,845,0.00,0.1266,0.1250,5,0,5,1412,0.706000,0.0000,0,0.0000,0,0.2656,2,0.3594,2,0.2969,2,0.0000,0,0.0000,0,0.1719,2,0.0000,0,0.1719,2
12814258.0,926.924240,2054.026592,2980.950832,3107,845,0.00,0.1047,0.1000,4,0,6,1412,0.706000,0.0000,0,0.0000,0,0.2656,2,0.1875,2,0.4219,2,0.0000,0,0.0000,0,0.1719,2,0.0000,0,0.0000,0
12814535.0,926.985663,2054.248808,2981.234472,3108,845,0.00,0.1063,0.1000,5,0,5,1413,0.706500,0.0000,0,0.0000,0,0.0938,2,0.1875,2,0.4219,2,0.1875,2,0.0000,0,0.1719,2,0.0000,0,0.0000,0
12814546.0,926.989058,2054.259075,2981.248133,3109,845,0.00,0.1234,0.1125,6,0,4,1414,0.707000,0.0000,0,0.0000,0,0.0938,2,0.1875,2,0.4219,2,0.1875,2,0.1719,2,0.1719,2,0.0000,0,0.0000,0
12814641.0,927.017976,2054.355875,2981.373851,3110,846,0.00,0.1313,0.1125,6,0,4,1414,0.707000,0.0000,0,0.0000,0,0.0938,2,0.1875,2,0.4219,2,0.1875,2,0.1719,2,0.2500,2,0.0000,0,0.0000,0
12814675.0,927.029124,2054.392425,2981.421549,3111,846,0.00,0.1484,0.1250,7,0,3,1415,0.707500,0.0000,0,0.0000,0,0.0938,2,0.1875,2,0.4219,2,0.1875,2,0.1719,2,0.2500,2,0.1719,2,0.0000,0
12814678.0,927.030696,2054.396075,2981.426771,3112,846,0.00,0.1531,0.1375,8,0,2,1416,0.708000,0.0000,0,0.0000,0,0.0938,2,0.1875,2,0.4219,2,0.1875,2,0.1719,2,0.2500,2,0.1719,2,0.0469,2
12814705.0,927.041664,2054.432000,2981.473664,3113,846,0.00,0.1578,0.1375,9,0,1,1417,0.708500,0.1719,2,0.0000,0,0.0938,2,0.1875,2,0.4219,2,0.1875,2,0.1719,2,0.1250,2,0.1719,2,0.0469,2
12814707.0,927.043015,2054.434850,2981.477865,3114,846,0.00,0.1750,0.1500,10,0,0,1418,0.709000,0.1719,2,0.1719,2,0.0938,2,0.1875,2,0.4219,2,0.1875,2,0.1719,2,0.1250,2,0.1719,2,0.0469,2
12815155.0,927.188875,2054.914808,2982.103683,3115,846,0.00,0.1188,0.1000,5,0,5,1418,0.709000,0.0000,0,0.0000,0,0.2656,2,0.1875,2,0.4219,2,0.1875,2,0.0000,0,0.1250,2,0.0000,0,0.0000,0
12815217.0,927.205795,2054.972675,2982.178470,3116,847,0.00,0.1359,0.1125,5,0,5,1418,0.709000,0.0000,0,0.0000,0,0.2656,2,0.3594,2,0.4219,2,0.1875,2,0.0000,0,0.1250,2,0.0000,0,0.0000,0
12815671.0,927.324459,2055.367008,2982.691468,3117,847,0.00,0.1078,0.1000,5,0,5,1418,0.709000,0.0000,0,0.0000,0,0.0938,2,0.1875,2,0.4844,2,0.1875,2,0.0000,0,0.1250,2,0.0000,0,0.0000,0
12815793.0,927.356717,2055.480875,2982.837592,3118,848,0.00,0.1266,0.1125,5,0,5,1418,0.709000,0.0000,0,0.0000,0,0.0938,2,0.1875,2,0.4844,2,0.3750,2,0.0000,0,0.1250,2,0.0000,0,0.0000,0
12816034.0,927.423006,2055.723883,2983.146889,3119,848,0.00,0.1313,0.1250,6,0,4,1419,0.709500,0.0000,0,0.0000,0,0.0938,2,0.1875,2,0.3594,2,0.3750,2,0.1719,2,0.1250,2,0.0000,0,0.0000,0
12816066.0,927.433028,2055.760683,2983.193712,3120,849,0.00,0.1484,0.1375,6,0,4,1419,0.709500,0.0000,0,0.0000,0,0.0938,2,0.1875,2,0.3594,2,0.3750,2,0.1719,2,0.2969,2,0.0000,0,0.0000,0
12816094.0,927.442672,2055.794983,2983.237655,3121,849,0.00,0.1656,0.1500,7,0,3,1420,0.710000,0.0000,0,0.0000,0,0.0938,2,0.1875,2,0.3594,2,0.3750,2,0.1719,2,0.2969,2,0.1719,2,0.0000,0
12816137.0,927.459103,2055.853750,2983.312853,3122,849,0.00,0.1828,0.1625,8,0,2,1421,0.710500,0.0000,0,0.0000,0,0.0938,2,0.1875,2,0.3594,2,0.3750,2,0.1719,2,0.2969,2,0.1719,2,0.1719,2
12816140.0,927.460846,2055.858275,2983.319121,3123,849,0.00,0.2000,0.1750,9,0,1,1422,0.711000,0.1719,2,0.0000,0,0.0938,2,0.1875,2,0.3594,2,0.3750,2,0.1719,2,0.2969,2,0.1719,2,0.1719,2
12816174.0,927.476930,2055.914375,2983.391305,3124,849,0.00,0.2172,0.1875,10,0,0,1423,0.711500,0.1719,2,0.1719,2,0.0938,2,0.1875,2,0.3594,2,0.3750,2,0.1719,2,0.2969,2,0.1719,2,0.1719,2
12816612.0,927.642728,2056.513792,2984.156519,3125,849,0.00,0.1484,0.1375,6,0,4,1423,0.711500,0.0000,0,0.1719,2,0.2656,2,0.1875,2,0.3594,2,0.3750,2,0.0000,0,0.1250,2,0.0000,0,0.0000,0
12816640.0,927.651872,2056.548092,2984.199963,3126,850,0.00,0.1656,0.1500,6,0,4,1423,0.711500,0.0000,0,0.1719,2,0.2656,2,0.3594,2,0.3594,2,0.3750,2,0.0000,0,0.1250,2,0.0000,0,0.0000,0
12816642.0,927.652551,2056.550692,2984.203243,3127,851,0.00,0.1828,0.1625,6,0,4,1423,0.711500,0.0000,0,0.1719,2,0.2656,2,0.3594,2,0.5313,2,0.3750,2,0.0000,0,0.1250,2,0.0000,0,0.0000,0
12816705.0,927.674809,2056.637317,2984.312126,3128,852,0.00,0.2000,0.1750,6,0,4,1423,0.711500,0.0000,0,0.1719,2,0.2656,2,0.3594,2,0.5313,2,0.5469,2,0.0000,0,0.1250,2,0.0000,0,0.0000,0
12816768.0,927.697753,2056.725292,2984.423045,3129,852,0.00,0.1984,0.1750,7,0,3,1424,0.712000,0.0000,0,0.1719,2,0.2656,2,0.3594,2,0.5313,2,0.3594,2,0.1719,2,0.1250,2,0.0000,0,0.0000,0
12816772.0,927.699337,2056.731358,2984.430695,3130,853,0.00,0.2156,0.1875,7,0,3,1424,0.712000,0.0000,0,0.1719,2,0.2656,2,0.3594,2,0.5313,2,0.3594,2,0.1719,2,0.2969,2,0.0000,0,0.0000,0
12817086.0,927.798108,2057.094575,2984.892683,3131,853,0.00,0.1234,0.1125,6,0,4,1425,0.712500,0.0000,0,0.0000,0,0.0938,2,0.1875,2,0.2969,2,0.3594,2,0.0000,0,0.1250,2,0.1719,2,0.0000,0
12817183.0,927.828399,2057.198850,2985.027249,3132,853,0.00,0.1406,0.1250,7,0,3,1426,0.713000,0.0000,0,0.0000,0,0.0938,2,0.1875,2,0.2969,2,0.3594,2,0.0000,0,0.1250,2,0.1719,2,0.1719,2
12817186.0,927.829952,2057.202500,2985.032452,3133,853,0.00,0.1578,0.1375,8,0,2,1427,0.713500,0.1719,2,0.0000,0,0.0938,2,0.1875,2,0.2969,2,0.3594,2,0.0000,0,0.1250,2,0.1719,2,0.1719,2
12817556.0,927.944057,2057.586575,2985.530632,3134,853,0.00,0.1016,0.1000,6,0,4,1428,0.714000,0.0000,0,0.1250,2,0.0938,2,0.1875,2,0.2969,2,0.1875,2,0.0000,0,0.1250,2,0.0000,0,0.0000,0
12817576.0,927.949859,2057.606575,2985.556434,3135,853,0.00,0.1188,0.1125,6,0,4,1428,0.714000,0.0000,0,0.1250,2,0.2656,2,0.1875,2,0.2969,2,0.1875,2,0.0000,0,0.1250,2,0.0000,0,0.0000,0
12817577.0,927.950162,2057.607650,2985.557812,3136,854,0.00,0.1359,0.1250,6,0,4,1428,0.714000,0.0000,0,0.1250,2,0.2656,2,0.3594,2,0.2969,2,0.1875,2,0.0000,0,0.1250,2,0.0000,0,0.0000,0
12817940.0,928.062515,2058.010175,2986.072690,3137,855,0.00,0.1188,0.1125,6,0,4,1428,0.714000,0.0000,0,0.1250,2,0.0938,2,0.1875,2,0.4688,2,0.1875,2,0.0000,0,0.1250,2,0.0000,0,0.0000,0
12818051.0,928.096201,2058.129500,2986.225701,3138,856,0.00,0.1359,0.1250,6,0,4,1428,0.714000,0.0000,0,0.1250,2,0.0938,2,0.1875,2,0.4688,2,0.3594,2,0.0000,0,0.1250,2,0.0000,0,0.0000,0
12818134.0,928.122998,2058.224950,2986.347948,3139,856,0.00,0.1531,0.1375,7,0,3,1429,0.714500,0.0000,0,0.1250,2,0.0938,2,0.1875,2,0.4688,2,0.3594,2,0.1719,2,0.1250,2,0.0000,0,0.0000,0
12818193.0,928.144283,2058.301158,2986.445442,3140,857,0.00,0.1703,0.1500,7,0,3,1429,0.714500,0.0000,0,0.1250,2,0.0938,2,0.1875,2,0.4688,2,0.3594,2,0.1719,2,0.2969,2,0.0000,0,0.0000,0
12818225.0,928.156756,2058.344892,2986.501647,3141,857,0.00,0.1875,0.1625,8,0,2,1430,0.715000,0.0000,0,0.1250,2,0.0938,2,0.1875,2,0.4688,2,0.3594,2,0.1719,2,0.2969,2,0.1719,2,0.0000,0
12818261.0,928.172306,2058.399192,2986.571497,3142,857,0.00,0.2047,0.1750,9,0,1,1431,0.715500,0.0000,0,0.1250,2,0.0938,2,0.1875,2,0.4688,2,0.3594,2,0.1719,2,0.2969,2,0.1719,2,0.1719,2
12818604.0,928.314358,2058.891450,2987.205808,3143,857,0.00,0.1359,0.1250,8,0,2,1432,0.716000,0.1719,2,0.1250,2,0.0938,2,0.1875,2,0.2969,2,0.1875,2,0.0000,0,0.1250,2,0.0000,0,0.1719,2
12818663.0,928.336657,2058.967167,2987.303823,3144,858,0.00,0.1531,0.1375,8,0,2,1432,0.716000,0.1719,2,0.2969,2,0.0938,2,0.1875,2,0.2969,2,0.1875,2,0.0000,0,0.1250,2,0.0000,0,0.1719,2
12818723.0,928.359120,2059.044433,2987.403553,3145,858,0.00,0.1531,0.1375,7,0,3,1432,0.716000,0.1719,2,0.2969,2,0.2656,2,0.1875,2,0.2969,2,0.1875,2,0.0000,0,0.1250,2,0.0000,0,0.0000,0
12819100.0,928.482268,2059.483442,2987.965710,3146,859,0.00,0.1359,0.1250,6,0,4,1432,0.716000,0.0000,0,0.1250,2,0.2656,2,0.3594,2,0.2969,2,0.1875,2,0.0000,0,0.1250,2,0.0000,0,0.0000,0
12819196.0,928.512685,2059.593842,2988.106526,3147,860,0.00,0.1531,0.1375,6,0,4,1432,0.716000,0.0000,0,0.1250,2,0.2656,2,0.3594,2,0.4688,2,0.1875,2,0.0000,0,0.1250,2,0.0000,0,0.0000,0
12819580.0,928.631548,2060.019167,2988.650714,3148,861,0.00,0.1313,0.1125,6,0,4,1432,0.716000,0.0000,0,0.1250,2,0.2656,2,0.1875,2,0.2500,2,0.3594,2,0.0000,0,0.1250,2,0.0000,0,0.0000,0
12819608.0,928.640817,2060.049267,2988.690084,3149,861,0.00,0.1484,0.1250,7,0,3,1433,0.716500,0.0000,0,0.1250,2,0.2656,2,0.1875,2,0.2500,2,0.3594,2,0.1719,2,0.1250,2,0.0000,0,0.0000,0
12819644.0,928.653673,2060.093067,2988.746740,3150,862,0.00,0.1656,0.1375,7,0,3,1433,0.716500,0.0000,0,0.1250,2,0.2656,2,0.1875,2,0.2500,2,0.3594,2,0.1719,2,0.2969,2,0.0000,0,0.0000,0
12819711.0,928.678996,2060.179608,2988.858604,3151,862,0.00,0.1828,0.1500,8,0,2,1434,0.717000,0.0000,0,0.1250,2,0.2656,2,0.1875,2,0.2500,2,0.3594,2,0.1719,2,0.2969,2,0.1719,2,0.0000,0
12819712.0,928.679910,2060.181042,2988.860952,3152,862,0.00,0.2000,0.1625,9,0,1,1435,0.717500,0.0000,0,0.1250,2,0.2656,2,0.1875,2,0.2500,2,0.3594,2,0.1719,2,0.2969,2,0.1719,2,0.1719,2
12820268.0,928.906082,2060.932250,2989.838332,3153,862,0.00,0.1359,0.1125,7,1,2,1436,0.718000,0.1719,2,0.0000,0,0.2656,2,0.1875,2,0.2500,2,0.1875,2,0.0000,0,0.1250,2,0.1719,2,0.0000,1
12820318.0,928.924563,2060.990667,2989.915230,3154,862,0.00,0.1531,0.1250,8,0,2,1437,0.718500,0.1719,2,0.1719,2,0.2656,2,0.1875,2,0.2500,2,0.1875,2,0.0000,0,0.1250,2,0.1719,2,0.0000,0
12820671.0,929.033385,2061.346267,2990.379651,3155,863,0.00,0.1188,0.1000,5,0,5,1437,0.718500,0.0000,0,0.0000,0,0.4375,2,0.1875,2,0.2500,2,0.1875,2,0.0000,0,0.1250,2,0.0000,0,0.0000,0
12820772.0,929.060949,2061.440533,2990.501482,3156,864,0.00,0.1359,0.1125,5,0,5,1437,0.718500,0.0000,0,0.0000,0,0.4375,2,0.3594,2,0.2500,2,0.1875,2,0.0000,0,0.1250,2,0.0000,0,0.0000,0
12820777.0,929.062381,2061.445575,2990.507956,3157,864,0.00,0.1406,0.1250,5,0,5,1437,0.718500,0.0000,0,0.0000,0,0.4375,2,0.3594,2,0.2969,2,0.1875,2,0.0000,0,0.1250,2,0.0000,0,0.0000,0
12820796.0,929.067889,2061.466158,2990.534048,3158,864,0.00,0.1906,0.1250,5,0,5,1437,0.718500,0.0000,0,0.0000,0,0.4375,2,0.3594,2,0.2969,2,0.6875,2,0.0000,0,0.1250,2,0.0000,0,0.0000,0
12820806.0,929.071677,2061.476992,2990.548669,3159,864,0.00,0.2078,0.1375,6,0,4,1438,0.719000,0.0000,0,0.0000,0,0.4375,2,0.3594,2,0.2969,2,0.6875,2,0.1719,2,0.1250,2,0.0000,0,0.0000,0
12820843.0,929.085469,2061.522317,2990.607786,3160,865,0.00,0.2250,0.1500,6,0,4,1438,0.719000,0.0000,0,0.0000,0,0.4375,2,0.3594,2,0.2969,2,0.6875,2,0.1719,2,0.2969,2,0.0000,0,0.0000,0
12821206.0,929.203808,2061.900008,2991.103817,3161,865,0.00,0.1734,0.1125,6,0,4,1439,0.719500,0.0000,0,0.0000,0,0.2656,2,0.1875,2,0.2969,2,0.6875,2,0.0000,0,0.1250,2,0.1719,2,0.0000,0
12821275.0,929.228183,2061.974183,2991.202366,3162,865,0.00,0.1906,0.1250,7,0,3,1440,0.720000,0.0000,0,0.0000,0,0.2656,2,0.1875,2,0.2969,2,0.6875,2,0.0000,0,0.1250,2,0.1719,2,0.1719,2
12821458.0,929.293051,2062.173333,2991.466384,3163,865,0.00,0.1906,0.1250,7,0,3,1441,0.720500,0.1719,2,0.0000,0,0.2656,2,0.1875,2,0.2969,2,0.6875,2,0.0000,0,0.1250,2,0.0000,0,0.1719,2
12821718.0,929.394932,2062.489667,2991.884599,3164,865,0.00,0.1969,0.1375,8,0,2,1442,0.721000,0.1719,2,0.0625,2,0.2656,2,0.1875,2,0.2969,2,0.6875,2,0.0000,0,0.1250,2,0.0000,0,0.1719,2
12821731.0,929.400462,2062.507325,2991.907787,3165,866,0.00,0.2141,0.1500,8,0,2,1442,0.721000,0.1719,2,0.0625,2,0.4375,2,0.1875,2,0.2969,2,0.6875,2,0.0000,0,0.1250,2,0.0000,0,0.1719,2
12821773.0,929.418888,2062.567525,2991.986413,3166,867,0.00,0.2313,0.1625,8,0,2,1442,0.721000,0.1719,2,0.0625,2,0.4375,2,0.3594,2,0.2969,2,0.6875,2,0.0000,0,0.1250,2,0.0000,0,0.1719,2
12821876.0,929.465394,2062.721683,2992.187078,3167,868,0.00,0.2438,0.1625,8,0,2,1442,0.721000,0.1719,2,0.0625,2,0.4375,2,0.3594,2,0.4219,2,0.6875,2,0.0000,0,0.1250,2,0.0000,0,0.1719,2
12822197.0,929.608808,2063.178783,2992.787591,3168,869,0.00,0.2266,0.1500,8,0,2,1442,0.721000,0.1719,2,0.0625,2,0.4375,2,0.1875,2,0.2500,2,0.8594,2,0.0000,0,0.1250,2,0.0000,0,0.1719,2
12822302.0,929.656394,2063.329283,2992.985677,3169,869,0.00,0.2438,0.1625,9,0,1,1443,0.721500,0.1719,2,0.0625,2,0.4375,2,0.1875,2,0.2500,2,0.8594,2,0.1719,2,0.1250,2,0.0000,0,0.1719,2
12822612.0,929.784012,2063.726750,2993.510762,3170,870,0.00,0.2094,0.1375,7,0,3,1443,0.721500,0.1719,2,0.0625,2,0.2656,2,0.1875,2,0.2500,2,0.8594,2,0.0000,0,0.2969,2,0.0000,0,0.0000,0
12822678.0,929.811210,2063.812000,2993.623210,3171,870,0.00,0.2266,0.1500,8,0,2,1444,0.722000,0.1719,2,0.0625,2,0.2656,2,0.1875,2,0.2500,2,0.8594,2,0.0000,0,0.2969,2,0.1719,2,0.0000,0
12822850.0,929.879698,2064.037075,2993.916773,3172,870,0.00,0.1797,0.1375,8,0,2,1445,0.722500,0.1719,2,0.0625,2,0.2656,2,0.1875,2,0.2500,2,0.1875,2,0.0000,0,0.2969,2,0.0000,0,0.3750,2
12822956.0,929.921914,2064.172283,2994.094198,3173,870,0.00,0.1625,0.1250,7,1,2,1445,0.722500,0.2344,2,0.0000,1,0.0938,2,0.1875,2,0.2500,2,0.1875,2,0.0000,0,0.2969,2,0.0000,0,0.3750,2
12822956.0,929.921914,2064.172283,2994.094198,3174,870,0.00,0.1688,0.1375,8,0,2,1445,0.722500,0.2344,2,0.0625,2,0.0938,2,0.1875,2,0.2500,2,0.1875,2,0.0000,0,0.2969,2,0.0000,0,0.3750,2
12822999.0,929.939264,2064.230692,2994.169955,3175,870,0.00,0.1859,0.1500,8,0,2,1445,0.722500,0.2344,2,0.0625,2,0.2656,2,0.1875,2,0.2500,2,0.1875,2,0.0000,0,0.2969,2,0.0000,0,0.3750,2
12823087.0,929.975945,2064.356825,2994.332770,3176,871,0.00,0.2031,0.1625,8,0,2,1445,0.722500,0.2344,2,0.0625,2,0.2656,2,0.3594,2,0.2500,2,0.1875,2,0.0000,0,0.2969,2,0.0000,0,0.3750,2
12823425.0,930.111517,2064.811442,2994.922959,3177,871,0.00,0.1563,0.1375,8,0,2,1445,0.722500,0.2344,2,0.0625,2,0.0938,2,0.1875,2,0.2969,2,0.1875,2,0.0000,0,0.1250,2,0.0000,0,0.3750,2
12823439.0,930.117030,2064.830458,2994.947488,3178,871,0.00,0.1609,0.1375,8,0,2,1445,0.722500,0.2344,2,0.0625,2,0.0938,2,0.1875,2,0.2500,2,0.2813,2,0.0000,0,0.1250,2,0.0000,0,0.3750,2
12823440.0,930.117927,2064.831817,2994.949744,3179,871,0.00,0.1703,0.1500,9,0,1,1446,0.723000,0.2344,2,0.0625,2,0.0938,2,0.1875,2,0.2500,2,0.2813,2,0.0938,2,0.1250,2,0.0000,0,0.3750,2
12823469.0,930.130549,2064.875317,2995.005866,3180,872,0.00,0.1875,0.1625,9,0,1,1446,0.723000,0.2344,2,0.0625,2,0.0938,2,0.1875,2,0.2500,2,0.2813,2,0.0938,2,0.2969,2,0.0000,0,0.3750,2
12823481.0,930.136432,2064.894217,2995.030649,3181,872,0.00,0.1922,0.1750,10,0,0,1447,0.723500,0.2344,2,0.0625,2,0.0938,2,0.1875,2,0.2500,2,0.2813,2,0.0938,2,0.2969,2,0.0469,2,0.3750,2
12823538.0,930.163706,2064.989250,2995.152956,3182,873,0.00,0.2047,0.1750,9,0,1,1447,0.723500,0.2344,2,0.0625,2,0.0938,2,0.1875,2,0.2500,2,0.2813,2,0.0938,2,0.2969,2,0.0000,0,0.5469,2
12823573.0,930.179876,2065.047000,2995.226876,3183,874,0.00,0.2219,0.1875,9,0,1,1447,0.723500,0.4063,2,0.0625,2,0.0938,2,0.1875,2,0.2500,2,0.2813,2,0.0938,2,0.2969,2,0.0000,0,0.5469,2
12823867.0,930.314334,2065.524450,2995.838784,3184,874,0.00,0.2047,0.1750,9,0,1,1447,0.723500,0.4063,2,0.2344,2,0.0938,2,0.1875,2,0.2500,2,0.2813,2,0.0938,2,0.1250,2,0.0000,0,0.3750,2
12823895.0,930.327269,2065.570650,2995.897919,3185,874,0.00,0.2219,0.1875,9,0,1,1447,0.723500,0.4063,2,0.2344,2,0.2656,2,0.1875,2,0.2500,2,0.2813,2,0.0938,2,0.1250,2,0.0000,0,0.3750,2
12823896.0,930.327745,2065.572375,2995.900120,3186,875,0.00,0.2391,0.2000,9,0,1,1447,0.723500,0.4063,2,0.2344,2,0.2656,2,0.3594,2,0.2500,2,0.2813,2,0.0938,2,0.1250,2,0.0000,0,0.3750,2
12823979.0,930.368068,2065.720425,2996.088493,3187,876,0.00,0.2391,0.2000,9,0,1,1447,0.723500,0.2344,2,0.2344,2,0.2656,2,0.3594,2,0.4219,2,0.2813,2,0.0938,2,0.1250,2,0.0000,0,0.3750,2
12824008.0,930.382240,2065.772625,2996.154865,3188,877,0.00,0.2563,0.2125,9,0,1,1447,0.723500,0.2344,2,0.2344,2,0.2656,2,0.3594,2,0.4219,2,0.4531,2,0.0938,2,0.1250,2,0.0000,0,0.3750,2
12824010.0,930.383244,2065.776375,2996.159619,3189,877,0.00,0.2734,0.2250,9,0,1,1447,0.723500,0.2344,2,0.2344,2,0.2656,2,0.3594,2,0.4219,2,0.4531,2,0.2656,2,0.1250,2,0.0000,0,0.3750,2
12824041.0,930.399223,2065.836825,2996.236048,3190,878,0.00,0.2906,0.2375,9,0,1,1447,0.723500,0.2344,2,0.2344,2,0.2656,2,0.3594,2,0.4219,2,0.4531,2,0.2656,2,0.2969,2,0.0000,0,0.3750,2
12824042.0,930.400252,2065.838850,2996.239102,3191,878,0.00,0.3078,0.2500,10,0,0,1448,0.724000,0.2344,2,0.2344,2,0.2656,2,0.3594,2,0.4219,2,0.4531,2,0.2656,2,0.2969,2,0.1719,2,0.3750,2
12824042.0,930.400252,2065.838850,2996.239102,3192,879,0.00,0.3250,0.2625,10,0,0,1448,0.724000,0.2344,2,0.2344,2,0.2656,2,0.3594,2,0.4219,2,0.4531,2,0.2656,2,0.2969,2,0.1719,2,0.5469,2
12824070.0,930.416663,2065.901617,2996.318280,3193,880,0.00,0.3422,0.2750,10,0,0,1448,0.724000,0.4063,2,0.2344,2,0.2656,2,0.3594,2,0.4219,2,0.4531,2,0.2656,2,0.2969,2,0.1719,2,0.5469,2
12824103.0,930.436406,2065.977842,2996.414248,3194,880,0.00,0.3422,0.2750,10,0,0,1448,0.724000,0.4063,2,0.2344,2,0.2656,2,0.3594,2,0.4219,2,0.4531,2,0.2656,2,0.2969,2,0.1719,2,0.5469,2
12824105.0,930.437605,2065.982475,2996.420080,3195,881,0.00,0.3422,0.2750,10,0,0,1448,0.724000,0.4063,2,0.2344,2,0.4375,2,0.3594,2,0.4219,2,0.4531,2,0.2656,2,0.2969,2,0.1719,2,0.3750,2
12824543.0,930.663420,2066.805833,2997.469254,3196,882,0.00,0.2219,0.1875,9,0,1,1448,0.724000,0.2344,2,0.0625,2,0.2656,2,0.3594,2,0.2500,2,0.4531,2,0.0938,2,0.1250,2,0.0000,0,0.3750,2
12824576.0,930.679107,2066.862758,2997.541865,3197,883,0.00,0.2391,0.2000,9,0,1,1448,0.724000,0.2344,2,0.0625,2,0.2656,2,0.3594,2,0.4219,2,0.4531,2,0.0938,2,0.1250,2,0.0000,0,0.3750,2
12824980.0,930.859584,2067.494783,2998.354367,3198,884,0.00,0.1875,0.1625,9,0,1,1448,0.724000,0.0625,2,0.0625,2,0.0938,2,0.1875,2,0.2500,2,0.6250,2,0.0938,2,0.1250,2,0.0000,0,0.3750,2
12825395.0,931.041039,2068.121933,2999.162972,3199,884,0.00,0.1891,0.1625,9,0,1,1448,0.724000,0.0625,2,0.0625,2,0.0938,2,0.1875,2,0.2500,2,0.4531,2,0.2813,2,0.1250,2,0.0000,0,0.3750,2
12825407.0,931.046436,2068.140833,2999.187270,3200,885,0.00,0.2063,0.1750,9,0,1,1448,0.724000,0.0625,2,0.0625,2,0.0938,2,0.1875,2,0.2500,2,0.4531,2,0.2813,2,0.2969,2,0.0000,0,0.3750,2
12825408.0,931.047400,2068.142483,2999.189883,3201,885,0.00,0.2234,0.1875,10,0,0,1449,0.724500,0.0625,2,0.0625,2,0.0938,2,0.1875,2,0.2500,2,0.4531,2,0.2813,2,0.2969,2,0.1719,2,0.3750,2
12825469.0,931.078334,2068.251775,2999.330109,3202,886,0.00,0.2406,0.2000,10,0,0,1449,0.724500,0.0625,2,0.0625,2,0.0938,2,0.1875,2,0.2500,2,0.4531,2,0.2813,2,0.2969,2,0.1719,2,0.5469,2
12825502.0,931.095510,2068.313375,2999.408885,3203,886,0.00,0.2578,0.2125,10,0,0,1449,0.724500,0.2344,2,0.0625,2,0.0938,2,0.1875,2,0.2500,2,0.4531,2,0.2813,2,0.2969,2,0.1719,2,0.5469,2
12825502.0,931.095510,2068.313375,2999.408885,3204,886,0.00,0.2750,0.2250,10,0,0,1449,0.724500,0.2344,2,0.2344,2,0.0938,2,0.1875,2,0.2500,2,0.4531,2,0.2813,2,0.2969,2,0.1719,2,0.5469,2
12825533.0,931.112474,2068.375892,2999.488365,3205,886,0.00,0.2922,0.2375,10,0,0,1449,0.724500,0.2344,2,0.2344,2,0.2656,2,0.1875,2,0.2500,2,0.4531,2,0.2813,2,0.2969,2,0.1719,2,0.5469,2
12825534.0,931.113034,2068.377983,2999.491018,3206,887,0.00,0.3094,0.2500,10,0,0,1449,0.724500,0.2344,2,0.2344,2,0.2656,2,0.3594,2,0.2500,2,0.4531,2,0.2813,2,0.2969,2,0.1719,2,0.5469,2
12825534.0,931.113034,2068.377983,2999.491018,3207,888,0.00,0.3266,0.2625,10,0,0,1449,0.724500,0.2344,2,0.2344,2,0.2656,2,0.3594,2,0.4219,2,0.4531,2,0.2813,2,0.2969,2,0.1719,2,0.5469,2
12825565.0,931.131094,2068.446650,2999.577744,3208,889,0.00,0.3266,0.2625,10,0,0,1449,0.724500,0.2344,2,0.0625,2,0.2656,2,0.3594,2,0.4219,2,0.6250,2,0.2813,2,0.2969,2,0.1719,2,0.5469,2
12825840.0,931.275481,2068.980317,3000.255798,3209,890,0.00,0.2578,0.2125,9,0,1,1449,0.724500,0.2344,2,0.0625,2,0.0938,2,0.1875,2,0.2500,2,0.4531,2,0.4531,2,0.2969,2,0.0000,0,0.5469,2
12825993.0,931.350480,2069.255942,3000.606422,3210,891,0.00,0.2578,0.2125,9,0,1,1449,0.724500,0.0625,2,0.0625,2,0.0938,2,0.1875,2,0.2500,2,0.4531,2,0.4531,2,0.4688,2,0.0000,0,0.5469,2
12826021.0,931.365073,2069.308442,3000.673514,3211,891,0.00,0.2750,0.2250,10,0,0,1450,0.725000,0.0625,2,0.0625,2,0.0938,2,0.1875,2,0.2500,2,0.4531,2,0.4531,2,0.4688,2,0.1719,2,0.5469,2
12826024.0,931.366714,2069.314492,3000.681206,3212,892,0.00,0.2922,0.2375,10,0,0,1450,0.725000,0.0625,2,0.0625,2,0.0938,2,0.1875,2,0.2500,2,0.4531,2,0.4531,2,0.4688,2,0.1719,2,0.7188,2
12826024.0,931.366714,2069.314492,3000.681206,3213,892,0.00,0.3094,0.2500,10,0,0,1450,0.725000,0.2344,2,0.0625,2,0.0938,2,0.1875,2,0.2500,2,0.4531,2,0.4531,2,0.4688,2,0.1719,2,0.7188,2
12826218.0,931.467647,2069.682675,3001.150322,3214,892,0.00,0.2406,0.2000,9,0,1,1450,0.725000,0.2344,2,0.2344,2,0.0938,2,0.1875,2,0.2500,2,0.4531,2,0.2813,2,0.1250,2,0.0000,0,0.5469,2
12826367.0,931.540646,2069.950875,3001.491521,3215,892,0.00,0.2578,0.2125,9,0,1,1450,0.725000,0.2344,2,0.2344,2,0.2656,2,0.1875,2,0.2500,2,0.4531,2,0.2813,2,0.1250,2,0.0000,0,0.5469,2
12826395.0,931.554659,2070.002925,3001.557584,3216,893,0.00,0.2578,0.2125,9,0,1,1450,0.725000,0.2344,2,0.2344,2,0.2656,2,0.3594,2,0.2500,2,0.2813,2,0.2813,2,0.1250,2,0.0000,0,0.5469,2
12826453.0,931.582526,2070.104250,3001.686776,3217,894,0.00,0.2234,0.1875,9,0,1,1450,0.725000,0.0625,2,0.2344,2,0.0938,2,0.3594,2,0.4219,2,0.2813,2,0.2813,2,0.1250,2,0.0000,0,0.3750,2
12826453.0,931.582526,2070.104250,3001.686776,3218,895,0.00,0.2406,0.2000,9,0,1,1450,0.725000,0.0625,2,0.2344,2,0.0938,2,0.3594,2,0.4219,2,0.4531,2,0.2813,2,0.1250,2,0.0000,0,0.3750,2
12826488.0,931.599674,2070.167250,3001.766924,3219,896,0.00,0.2578,0.2125,9,0,1,1450,0.725000,0.0625,2,0.2344,2,0.0938,2,0.3594,2,0.4219,2,0.4531,2,0.4531,2,0.1250,2,0.0000,0,0.3750,2
12826489.0,931.600177,2070.169125,3001.769302,3220,897,0.00,0.2750,0.2250,9,0,1,1450,0.725000,0.0625,2,0.2344,2,0.0938,2,0.3594,2,0.4219,2,0.4531,2,0.4531,2,0.2969,2,0.0000,0,0.3750,2
12826742.0,931.723159,2070.616275,3002.339434,3221,897,0.00,0.2406,0.2000,10,0,0,1451,0.725500,0.0625,2,0.2344,2,0.0938,2,0.3594,2,0.2500,2,0.2813,2,0.4531,2,0.1250,2,0.1719,2,0.3750,2
12826770.0,931.737733,2070.668542,3002.406274,3222,898,0.00,0.2578,0.2125,10,0,0,1451,0.725500,0.0625,2,0.2344,2,0.0938,2,0.3594,2,0.2500,2,0.2813,2,0.4531,2,0.1250,2,0.1719,2,0.5469,2
12826803.0,931.755350,2070.732617,3002.487967,3223,898,0.00,0.2625,0.2250,10,0,0,1451,0.725500,0.1094,2,0.2344,2,0.0938,2,0.3594,2,0.2500,2,0.2813,2,0.4531,2,0.1250,2,0.1719,2,0.5469,2
12826826.0,931.767669,2070.778100,3002.545769,3224,899,0.00,0.2750,0.2250,10,0,0,1451,0.725500,0.0625,2,0.4063,2,0.0938,2,0.3594,2,0.2500,2,0.2813,2,0.4531,2,0.1250,2,0.1719,2,0.5469,2
12826972.0,931.845879,2071.063083,3002.908962,3225,899,0.00,0.2625,0.2250,10,0,0,1451,0.725500,0.0625,2,0.4063,2,0.1406,2,0.3594,2,0.2500,2,0.2813,2,0.2813,2,0.1250,2,0.1719,2,0.5469,2
12827096.0,931.905201,2071.274392,3003.179593,3226,900,0.00,0.2063,0.1750,9,0,1,1451,0.725500,0.0625,2,0.2344,2,0.0938,2,0.3594,2,0.2500,2,0.2813,2,0.2813,2,0.1250,2,0.0000,0,0.3750,2
12827321.0,932.006452,2071.628992,3003.635444,3227,900,0.00,0.1938,0.1750,9,0,1,1451,0.725500,0.0625,2,0.0625,2,0.0938,2,0.3594,2,0.2969,2,0.2813,2,0.2813,2,0.1250,2,0.0000,0,0.3750,2
12827385.0,932.035285,2071.730692,3003.765977,3228,901,0.00,0.2063,0.1750,9,0,1,1451,0.725500,0.0625,2,0.0625,2,0.0938,2,0.3594,2,0.2500,2,0.4531,2,0.2813,2,0.1250,2,0.0000,0,0.3750,2
12827418.0,932.050570,2071.785142,3003.835712,3229,902,0.00,0.2234,0.1875,9,0,1,1451,0.725500,0.0625,2,0.0625,2,0.0938,2,0.3594,2,0.2500,2,0.4531,2,0.4531,2,0.1250,2,0.0000,0,0.3750,2
12827445.0,932.063438,2071.831717,3003.895154,3230,903,0.00,0.2406,0.2000,9,0,1,1451,0.725500,0.0625,2,0.0625,2,0.0938,2,0.3594,2,0.2500,2,0.4531,2,0.4531,2,0.2969,2,0.0000,0,0.3750,2
12827448.0,932.065407,2071.837117,3003.902524,3231,903,0.00,0.2578,0.2125,10,0,0,1452,0.726000,0.0625,2,0.0625,2,0.0938,2,0.3594,2,0.2500,2,0.4531,2,0.4531,2,0.2969,2,0.1719,2,0.3750,2
12827448.0,932.065407,2071.837117,3003.902524,3232,904,0.00,0.2750,0.2250,10,0,0,1452,0.726000,0.0625,2,0.0625,2,0.0938,2,0.3594,2,0.2500,2,0.4531,2,0.4531,2,0.2969,2,0.1719,2,0.5469,2
12827842.0,932.270863,2072.577775,3004.848638,3233,904,0.00,0.2234,0.1875,9,0,1,1452,0.726000,0.2344,2,0.0625,2,0.0938,2,0.3594,2,0.2500,2,0.2813,2,0.4531,2,0.1250,2,0.0000,0,0.3750,2
12828000.0,932.346160,2072.850325,3005.196485,3234,904,0.00,0.2406,0.2000,9,0,1,1452,0.726000,0.2344,2,0.2344,2,0.0938,2,0.3594,2,0.2500,2,0.2813,2,0.4531,2,0.1250,2,0.0000,0,0.3750,2
12828317.0,932.491575,2073.365425,3005.857000,3235,904,0.00,0.2063,0.1750,9,0,1,1452,0.726000,0.0625,2,0.0625,2,0.2656,2,0.3594,2,0.2500,2,0.2813,2,0.2813,2,0.1250,2,0.0000,0,0.3750,2
12828345.0,932.504545,2073.411625,3005.916170,3236,905,0.00,0.2234,0.1875,9,0,1,1452,0.726000,0.0625,2,0.0625,2,0.2656,2,0.5313,2,0.2500,2,0.2813,2,0.2813,2,0.1250,2,0.0000,0,0.3750,2
12828409.0,932.535045,2073.522025,3006.057070,3237,906,0.00,0.2406,0.2000,9,0,1,1452,0.726000,0.0625,2,0.0625,2,0.2656,2,0.5313,2,0.4219,2,0.2813,2,0.2813,2,0.1250,2,0.0000,0,0.3750,2
12828441.0,932.550722,2073.579625,3006.130347,3238,907,0.00,0.2578,0.2125,9,0,1,1452,0.726000,0.0625,2,0.0625,2,0.2656,2,0.5313,2,0.4219,2,0.4531,2,0.2813,2,0.1250,2,0.0000,0,0.3750,2
12828721.0,932.684481,2074.064425,3006.748906,3239,908,0.00,0.2234,0.1875,9,0,1,1452,0.726000,0.0625,2,0.0625,2,0.0938,2,0.3594,2,0.2500,2,0.4531,2,0.4531,2,0.1250,2,0.0000,0,0.3750,2
12828930.0,932.783548,2074.421950,3007.205498,3240,909,0.00,0.2234,0.1875,9,0,1,1452,0.726000,0.0625,2,0.0625,2,0.0938,2,0.3594,2,0.2500,2,0.2813,2,0.4531,2,0.2969,2,0.0000,0,0.3750,2
12828945.0,932.791196,2074.447825,3007.239021,3241,909,0.00,0.2281,0.2000,10,0,0,1453,0.726500,0.0625,2,0.0625,2,0.0938,2,0.3594,2,0.2500,2,0.2813,2,0.4531,2,0.2969,2,0.0469,2,0.3750,2
12828985.0,932.811627,2074.522492,3007.334118,3242,910,0.00,0.2453,0.2125,10,0,0,1453,0.726500,0.0625,2,0.0625,2,0.0938,2,0.3594,2,0.2500,2,0.2813,2,0.4531,2,0.2969,2,0.0469,2,0.5469,2
12829600.0,933.088649,2075.538900,3008.627549,3243,910,0.00,0.1734,0.1750,9,0,1,1453,0.726500,0.2344,2,0.0625,2,0.0938,2,0.3594,2,0.2500,2,0.2813,2,0.2813,2,0.1250,2,0.0469,2,0.0000,0
12830185.0,933.340838,2076.482550,3009.823388,3244,910,0.00,0.1734,0.1750,9,0,1,1453,0.726500,0.0625,2,0.2344,2,0.0938,2,0.3594,2,0.2500,2,0.2813,2,0.2813,2,0.1250,2,0.0469,2,0.0000,0
12830303.0,933.392484,2076.677250,3010.069734,3245,910,0.00,0.1906,0.1875,9,0,1,1453,0.726500,0.0625,2,0.2344,2,0.2656,2,0.3594,2,0.2500,2,0.2813,2,0.2813,2,0.1250,2,0.0469,2,0.0000,0
12830304.0,933.392935,2076.678975,3010.071910,3246,911,0.00,0.2078,0.2000,9,0,1,1453,0.726500,0.0625,2,0.2344,2,0.2656,2,0.5313,2,0.2500,2,0.2813,2,0.2813,2,0.1250,2,0.0469,2,0.0000,0
12830304.0,933.392935,2076.678975,3010.071910,3247,912,0.00,0.2250,0.2125,9,0,1,1453,0.726500,0.0625,2,0.2344,2,0.2656,2,0.5313,2,0.4219,2,0.2813,2,0.2813,2,0.1250,2,0.0469,2,0.0000,0
12830304.0,933.392935,2076.678975,3010.071910,3248,913,0.00,0.2422,0.2250,9,0,1,1453,0.726500,0.0625,2,0.2344,2,0.2656,2,0.5313,2,0.4219,2,0.4531,2,0.2813,2,0.1250,2,0.0469,2,0.0000,0
12830305.0,933.393426,2076.680925,3010.074351,3249,914,0.00,0.2594,0.2375,9,0,1,1453,0.726500,0.0625,2,0.2344,2,0.2656,2,0.5313,2,0.4219,2,0.4531,2,0.4531,2,0.1250,2,0.0469,2,0.0000,0
12830305.0,933.393426,2076.680925,3010.074351,3250,915,0.00,0.2766,0.2500,9,0,1,1453,0.726500,0.0625,2,0.2344,2,0.2656,2,0.5313,2,0.4219,2,0.4531,2,0.4531,2,0.2969,2,0.0469,2,0.0000,0
12830365.0,933.424499,2076.806925,3010.231424,3251,915,0.00,0.2938,0.2625,9,0,1,1453,0.726500,0.0625,2,0.2344,2,0.2656,2,0.5313,2,0.4219,2,0.4531,2,0.4531,2,0.2969,2,0.2188,2,0.0000,0
12830398.0,933.442437,2076.878175,3010.320612,3252,915,0.00,0.2766,0.2500,10,0,0,1454,0.727000,0.0625,2,0.2344,2,0.0938,2,0.3594,2,0.4219,2,0.4531,2,0.4531,2,0.2969,2,0.2188,2,0.1719,2
12830399.0,933.442985,2076.880342,3010.323327,3253,915,0.00,0.2938,0.2625,10,0,0,1454,0.727000,0.2344,2,0.2344,2,0.0938,2,0.3594,2,0.4219,2,0.4531,2,0.4531,2,0.2969,2,0.2188,2,0.1719,2
12830401.0,933.444109,2076.884825,3010.328934,3254,916,0.00,0.3109,0.2750,10,0,0,1454,0.727000,0.2344,2,0.4063,2,0.0938,2,0.3594,2,0.4219,2,0.4531,2,0.4531,2,0.2969,2,0.2188,2,0.1719,2
12830713.0,933.594579,2077.466075,3011.060654,3255,916,0.00,0.1719,0.1750,9,0,1,1454,0.727000,0.0625,2,0.0625,2,0.2656,2,0.3594,2,0.4219,2,0.0938,2,0.2813,2,0.1250,2,0.0469,2,0.0000,0
12831438.0,933.893793,2078.565725,3012.459518,3256,917,0.00,0.1375,0.1500,9,0,1,1454,0.727000,0.0625,2,0.0625,2,0.0938,2,0.3594,2,0.2500,2,0.0938,2,0.2813,2,0.1250,2,0.0469,2,0.0000,0
12831439.0,933.894203,2078.567225,3012.461428,3257,918,0.00,0.1547,0.1625,9,0,1,1454,0.727000,0.0625,2,0.0625,2,0.0938,2,0.3594,2,0.4219,2,0.0938,2,0.2813,2,0.1250,2,0.0469,2,0.0000,0
12831794.0,934.040322,2079.103475,3013.143797,3258,918,0.00,0.1375,0.1500,9,0,1,1454,0.727000,0.0625,2,0.0625,2,0.0938,2,0.1875,2,0.2500,2,0.2656,2,0.2813,2,0.1250,2,0.0469,2,0.0000,0
12831795.0,934.040732,2079.104975,3013.145707,3259,919,0.00,0.1547,0.1625,9,0,1,1454,0.727000,0.0625,2,0.0625,2,0.0938,2,0.1875,2,0.2500,2,0.2656,2,0.4531,2,0.1250,2,0.0469,2,0.0000,0
12831833.0,934.056810,2079.164825,3013.221635,3260,920,0.00,0.1719,0.1750,9,0,1,1454,0.727000,0.0625,2,0.0625,2,0.0938,2,0.1875,2,0.2500,2,0.2656,2,0.4531,2,0.2969,2,0.0469,2,0.0000,0
12831898.0,934.084471,2079.268100,3013.352571,3261,920,0.00,0.1609,0.1750,9,0,1,1454,0.727000,0.0625,2,0.0625,2,0.0938,2,0.1875,2,0.2500,2,0.2656,2,0.2813,2,0.2969,2,0.1094,2,0.0000,0
12832165.0,934.195905,2079.689975,3013.885880,3262,920,0.00,0.1609,0.1750,10,0,0,1455,0.727500,0.0625,2,0.0625,2,0.0938,2,0.1875,2,0.2500,2,0.2656,2,0.2813,2,0.1250,2,0.1094,2,0.1719,2
12832198.0,934.211036,2079.746625,3013.957661,3263,920,0.00,0.1781,0.1875,10,0,0,1455,0.727500,0.2344,2,0.0625,2,0.0938,2,0.1875,2,0.2500,2,0.2656,2,0.2813,2,0.1250,2,0.1094,2,0.1719,2
12832641.0,934.406307,2080.471150,3014.877457,3264,920,0.00,0.1438,0.1625,9,0,1,1455,0.727500,0.0625,2,0.2344,2,0.0938,2,0.1875,2,0.2500,2,0.0938,2,0.2813,2,0.1250,2,0.1094,2,0.0000,0
12832672.0,934.419160,2080.519975,3014.939135,3265,920,0.00,0.1609,0.1750,9,0,1,1455,0.727500,0.0625,2,0.2344,2,0.2656,2,0.1875,2,0.2500,2,0.0938,2,0.2813,2,0.1250,2,0.1094,2,0.0000,0
12832675.0,934.420443,2080.524925,3014.945368,3266,921,0.00,0.1781,0.1875,9,0,1,1455,0.727500,0.0625,2,0.2344,2,0.2656,2,0.3594,2,0.2500,2,0.0938,2,0.2813,2,0.1250,2,0.1094,2,0.0000,0
12832935.0,934.532887,2080.960525,3015.493412,3267,922,0.00,0.1844,0.1750,9,0,1,1455,0.727500,0.0625,2,0.2344,2,0.0938,2,0.3594,2,0.4844,2,0.0938,2,0.2813,2,0.1250,2,0.1094,2,0.0000,0
12833057.0,934.587321,2081.161825,3015.749146,3268,922,0.00,0.2016,0.1875,9,0,1,1455,0.727500,0.0625,2,0.2344,2,0.0938,2,0.3594,2,0.4844,2,0.2656,2,0.2813,2,0.1250,2,0.1094,2,0.0000,0
12833158.0,934.633589,2081.335225,3015.968814,3269,923,0.00,0.2016,0.1875,9,0,1,1455,0.727500,0.0625,2,0.2344,2,0.0938,2,0.1875,2,0.4844,2,0.2656,2,0.4531,2,0.1250,2,0.1094,2,0.0000,0
12833303.0,934.700223,2081.585350,3016.285573,3270,924,0.00,0.2250,0.1875,9,0,1,1455,0.727500,0.0625,2,0.2344,2,0.0938,2,0.1875,2,0.4844,2,0.2656,2,0.4531,2,0.3594,2,0.1094,2,0.0000,0
12833309.0,934.703090,2081.595700,3016.298790,3271,924,0.00,0.2422,0.2000,9,0,1,1455,0.727500,0.0625,2,0.2344,2,0.0938,2,0.1875,2,0.4844,2,0.2656,2,0.4531,2,0.3594,2,0.2813,2,0.0000,0
12833524.0,934.804521,2081.956525,3016.761046,3272,924,0.00,0.2078,0.1750,10,0,0,1456,0.728000,0.0625,2,0.2344,2,0.0938,2,0.1875,2,0.4844,2,0.0938,2,0.2813,2,0.3594,2,0.1094,2,0.1719,2
12833554.0,934.819116,2082.006600,3016.825716,3273,924,0.00,0.2078,0.1750,10,0,0,1456,0.728000,0.2344,2,0.0625,2,0.0938,2,0.1875,2,0.4844,2,0.0938,2,0.2813,2,0.3594,2,0.1094,2,0.1719,2
12833588.0,934.835944,2082.064967,3016.900911,3274,924,0.00,0.2250,0.1875,10,0,0,1456,0.728000,0.2344,2,0.2344,2,0.0938,2,0.1875,2,0.4844,2,0.0938,2,0.2813,2,0.3594,2,0.1094,2,0.1719,2
12833626.0,934.855261,2082.133050,3016.988311,3275,924,0.00,0.2422,0.2000,10,0,0,1456,0.728000,0.2344,2,0.2344,2,0.2656,2,0.1875,2,0.4844,2,0.0938,2,0.2813,2,0.3594,2,0.1094,2,0.1719,2
12833950.0,935.008652,2082.687950,3017.696602,3276,925,0.00,0.1844,0.1750,9,0,1,1456,0.728000,0.0625,2,0.0625,2,0.2656,2,0.3594,2,0.4844,2,0.0938,2,0.2813,2,0.1250,2,0.1094,2,0.0000,0
12833950.0,935.008652,2082.687950,3017.696602,3277,926,0.00,0.2016,0.1875,9,0,1,1456,0.728000,0.0625,2,0.0625,2,0.2656,2,0.3594,2,0.6563,2,0.0938,2,0.2813,2,0.1250,2,0.1094,2,0.0000,0
12833985.0,935.024736,2082.748325,3017.773061,3278,926,0.00,0.2188,0.2000,9,0,1,1456,0.728000,0.0625,2,0.0625,2,0.2656,2,0.3594,2,0.6563,2,0.2656,2,0.2813,2,0.1250,2,0.1094,2,0.0000,0
12834016.0,935.039396,2082.804125,3017.843521,3279,927,0.00,0.2359,0.2125,9,0,1,1456,0.728000,0.0625,2,0.0625,2,0.2656,2,0.3594,2,0.6563,2,0.2656,2,0.4531,2,0.1250,2,0.1094,2,0.0000,0
12834046.0,935.053985,2082.860375,3017.914360,3280,928,0.00,0.2531,0.2250,9,0,1,1456,0.728000,0.0625,2,0.0625,2,0.2656,2,0.3594,2,0.6563,2,0.2656,2,0.4531,2,0.2969,2,0.1094,2,0.0000,0
12834081.0,935.071299,2082.927650,3017.998949,3281,928,0.00,0.2531,0.2250,9,0,1,1456,0.728000,0.0625,2,0.0625,2,0.2656,2,0.3594,2,0.6563,2,0.2656,2,0.2813,2,0.2969,2,0.2813,2,0.0000,0
12834145.0,935.102665,2083.052450,3018.155115,3282,928,0.00,0.2469,0.2375,10,0,0,1457,0.728500,0.0625,2,0.0625,2,0.2656,2,0.3594,2,0.4219,2,0.2656,2,0.2813,2,0.2969,2,0.2813,2,0.1719,2
12834457.0,935.241514,2083.588133,3018.829647,3283,928,0.00,0.1609,0.1750,9,0,1,1457,0.728500,0.2344,2,0.0625,2,0.2656,2,0.1875,2,0.2500,2,0.0938,2,0.2813,2,0.1250,2,0.1094,2,0.0000,0
12834544.0,935.278745,2083.731683,3019.010429,3284,928,0.00,0.1781,0.1875,9,0,1,1457,0.728500,0.2344,2,0.2344,2,0.2656,2,0.1875,2,0.2500,2,0.0938,2,0.2813,2,0.1250,2,0.1094,2,0.0000,0
12834577.0,935.293309,2083.788608,3019.081917,3285,929,0.00,0.1953,0.2000,9,0,1,1457,0.728500,0.2344,2,0.2344,2,0.4375,2,0.1875,2,0.2500,2,0.0938,2,0.2813,2,0.1250,2,0.1094,2,0.0000,0
12834955.0,935.458470,2084.431358,3019.889828,3286,930,0.00,0.1781,0.1875,9,0,1,1457,0.728500,0.0625,2,0.2344,2,0.2656,2,0.3594,2,0.2500,2,0.0938,2,0.2813,2,0.1250,2,0.1094,2,0.0000,0
12835389.0,935.647276,2085.164708,3020.811984,3287,931,0.00,0.1609,0.1750,9,0,1,1457,0.728500,0.0625,2,0.0625,2,0.2656,2,0.1875,2,0.4219,2,0.0938,2,0.2813,2,0.1250,2,0.1094,2,0.0000,0
12835416.0,935.658830,2085.209258,3020.868089,3288,931,0.00,0.1781,0.1875,9,0,1,1457,0.728500,0.0625,2,0.0625,2,0.2656,2,0.1875,2,0.4219,2,0.2656,2,0.2813,2,0.1250,2,0.1094,2,0.0000,0
12835445.0,935.671629,2085.259283,3020.930912,3289,932,0.00,0.1953,0.2000,9,0,1,1457,0.728500,0.0625,2,0.0625,2,0.2656,2,0.1875,2,0.4219,2,0.2656,2,0.4531,2,0.1250,2,0.1094,2,0.0000,0
12835477.0,935.686179,2085.316883,3021.003062,3290,933,0.00,0.2125,0.2125,9,0,1,1457,0.728500,0.0625,2,0.0625,2,0.2656,2,0.1875,2,0.4219,2,0.2656,2,0.4531,2,0.2969,2,0.1094,2,0.0000,0
12835507.0,935.700220,2085.373133,3021.073354,3291,934,0.00,0.2297,0.2250,9,0,1,1457,0.728500,0.0625,2,0.0625,2,0.2656,2,0.1875,2,0.4219,2,0.2656,2,0.4531,2,0.2969,2,0.2813,2,0.0000,0
12835540.0,935.716607,2085.437483,3021.154091,3292,934,0.00,0.2469,0.2375,10,0,0,1458,0.729000,0.0625,2,0.0625,2,0.2656,2,0.1875,2,0.4219,2,0.2656,2,0.4531,2,0.2969,2,0.2813,2,0.1719,2
12835551.0,935.722386,2085.460492,3021.182878,3293,934,0.00,0.2531,0.2500,10,0,0,1458,0.729000,0.1250,2,0.0625,2,0.2656,2,0.1875,2,0.4219,2,0.2656,2,0.4531,2,0.2969,2,0.2813,2,0.1719,2
12835604.0,935.750487,2085.575325,3021.325812,3294,934,0.00,0.2703,0.2625,10,0,0,1458,0.729000,0.1250,2,0.2344,2,0.2656,2,0.1875,2,0.4219,2,0.2656,2,0.4531,2,0.2969,2,0.2813,2,0.1719,2
12835903.0,935.901881,2086.183108,3022.084989,3295,935,0.00,0.2016,0.2125,10,0,0,1458,0.729000,0.1250,2,0.0625,2,0.4375,2,0.1875,2,0.2500,2,0.2656,2,0.2813,2,0.1250,2,0.1094,2,0.1719,2
12835992.0,935.945500,2086.355917,3022.301417,3296,936,0.00,0.2188,0.2250,10,0,0,1458,0.729000,0.1250,2,0.0625,2,0.4375,2,0.3594,2,0.2500,2,0.2656,2,0.2813,2,0.1250,2,0.1094,2,0.1719,2
12836092.0,935.995493,2086.552108,3022.547601,3297,937,0.00,0.2297,0.2250,10,0,0,1458,0.729000,0.0625,2,0.0625,2,0.4375,2,0.3594,2,0.4219,2,0.2656,2,0.2813,2,0.1250,2,0.1094,2,0.1719,2
12836234.0,936.066750,2086.830375,3022.897125,3298,937,0.00,0.2000,0.2125,10,0,0,1458,0.729000,0.0625,2,0.0625,2,0.2656,2,0.3594,2,0.2500,2,0.3125,2,0.2813,2,0.1250,2,0.1094,2,0.1719,2
12836356.0,936.123497,2087.045058,3023.168555,3299,938,0.00,0.1844,0.1750,10,0,0,1458,0.729000,0.0625,2,0.0625,2,0.2656,2,0.1875,2,0.2500,2,0.0938,2,0.5156,2,0.1250,2,0.1094,2,0.1719,2
12836497.0,936.190717,2087.287108,3023.477825,3300,939,0.00,0.2016,0.1875,10,0,0,1458,0.729000,0.0625,2,0.0625,2,0.2656,2,0.1875,2,0.2500,2,0.0938,2,0.5156,2,0.2969,2,0.1094,2,0.1719,2
12836497.0,936.190717,2087.287108,3023.477825,3301,940,0.00,0.2188,0.2000,10,0,0,1458,0.729000,0.0625,2,0.0625,2,0.2656,2,0.1875,2,0.2500,2,0.0938,2,0.5156,2,0.2969,2,0.2813,2,0.1719,2
12836554.0,936.219415,2087.393508,3023.612923,3302,941,0.00,0.2375,0.2125,10,0,0,1458,0.729000,0.0625,2,0.0625,2,0.2656,2,0.1875,2,0.2500,2,0.0938,2,0.5156,2,0.2969,2,0.2813,2,0.3594,2
12836554.0,936.219415,2087.393508,3023.612923,3303,941,0.00,0.2547,0.2250,10,0,0,1458,0.729000,0.2344,2,0.0625,2,0.2656,2,0.1875,2,0.2500,2,0.0938,2,0.5156,2,0.2969,2,0.2813,2,0.3594,2
12836647.0,936.268837,2087.581058,3023.849895,3304,941,0.00,0.2719,0.2375,10,0,0,1458,0.729000,0.2344,2,0.2344,2,0.2656,2,0.1875,2,0.2500,2,0.0938,2,0.5156,2,0.2969,2,0.2813,2,0.3594,2
12836909.0,936.400263,2088.065625,3024.465888,3305,941,0.00,0.2031,0.1875,10,0,0,1458,0.729000,0.0625,2,0.0625,2,0.2656,2,0.1875,2,0.2500,2,0.0938,2,0.5156,2,0.1250,2,0.1094,2,0.3594,2
12837062.0,936.475435,2088.339750,3024.815185,3306,942,0.00,0.2203,0.2000,10,0,0,1458,0.729000,0.0625,2,0.0625,2,0.2656,2,0.3594,2,0.2500,2,0.0938,2,0.5156,2,0.1250,2,0.1094,2,0.3594,2
12837063.0,936.475940,2088.341617,3024.817556,3307,943,0.00,0.2375,0.2125,10,0,0,1458,0.729000,0.0625,2,0.0625,2,0.2656,2,0.3594,2,0.4219,2,0.0938,2,0.5156,2,0.1250,2,0.1094,2,0.3594,2
12837090.0,936.489927,2088.394042,3024.883969,3308,943,0.00,0.2547,0.2250,10,0,0,1458,0.729000,0.0625,2,0.0625,2,0.2656,2,0.3594,2,0.4219,2,0.2656,2,0.5156,2,0.1250,2,0.1094,2,0.3594,2
12837334.0,936.612750,2088.847708,3025.460459,3309,944,0.00,0.2219,0.2000,10,0,0,1458,0.729000,0.0625,2,0.0625,2,0.0938,2,0.3594,2,0.2500,2,0.0938,2,0.7031,2,0.1250,2,0.1094,2,0.3594,2
12837465.0,936.679023,2089.092242,3025.771265,3310,945,0.00,0.2391,0.2125,10,0,0,1458,0.729000,0.0625,2,0.0625,2,0.0938,2,0.3594,2,0.2500,2,0.0938,2,0.7031,2,0.2969,2,0.1094,2,0.3594,2
12837700.0,936.801052,2089.548533,3026.349585,3311,945,0.00,0.2563,0.2250,10,0,0,1458,0.729000,0.0625,2,0.0625,2,0.0938,2,0.3594,2,0.2500,2,0.0938,2,0.7031,2,0.2969,2,0.2813,2,0.3594,2
12837701.0,936.801585,2089.550550,3026.352135,3312,946,0.00,0.2734,0.2375,10,0,0,1458,0.729000,0.0625,2,0.0625,2,0.0938,2,0.3594,2,0.2500,2,0.0938,2,0.7031,2,0.2969,2,0.2813,2,0.5313,2
12838533.0,937.197973,2090.953842,3028.151814,3313,946,0.00,0.1672,0.1750,10,0,0,1458,0.729000,0.1563,2,0.0625,2,0.0938,2,0.1875,2,0.2500,2,0.0938,2,0.2813,2,0.1250,2,0.0625,2,0.3594,2
12838574.0,937.216971,2091.024225,3028.241196,3314,946,0.00,0.1844,0.1875,10,0,0,1458,0.729000,0.1563,2,0.2344,2,0.0938,2,0.1875,2,0.2500,2,0.0938,2,0.2813,2,0.1250,2,0.0625,2,0.3594,2
12838636.0,937.246528,2091.135308,3028.381837,3315,946,0.00,0.2016,0.2000,10,0,0,1458,0.729000,0.1563,2,0.2344,2,0.2656,2,0.1875,2,0.2500,2,0.0938,2,0.2813,2,0.1250,2,0.0625,2,0.3594,2
12838671.0,937.263682,2091.200642,3028.464324,3316,947,0.00,0.2188,0.2125,10,0,0,1458,0.729000,0.1563,2,0.2344,2,0.2656,2,0.3594,2,0.2500,2,0.0938,2,0.2813,2,0.1250,2,0.0625,2,0.3594,2
12838753.0,937.304780,2091.358808,3028.663588,3317,948,0.00,0.2188,0.2125,10,0,0,1458,0.729000,0.1563,2,0.2344,2,0.0938,2,0.3594,2,0.4219,2,0.0938,2,0.2813,2,0.1250,2,0.0625,2,0.3594,2
12839267.0,937.551779,2092.290225,3029.842004,3318,948,0.00,0.1797,0.1875,10,0,0,1458,0.729000,0.0625,2,0.0625,2,0.0938,2,0.1875,2,0.4219,2,0.1406,2,0.2813,2,0.1250,2,0.0625,2,0.3594,2
12839491.0,937.657065,2092.677458,3030.334524,3319,949,0.00,0.1922,0.1875,10,0,0,1458,0.729000,0.0625,2,0.0625,2,0.0938,2,0.1875,2,0.4219,2,0.0938,2,0.4531,2,0.1250,2,0.0625,2,0.3594,2
12839871.0,937.840534,2093.358292,3031.198826,3320,950,0.00,0.2094,0.2000,10,0,0,1458,0.729000,0.0625,2,0.0625,2,0.0938,2,0.1875,2,0.4219,2,0.0938,2,0.4531,2,0.2969,2,0.0625,2,0.3594,2
12839992.0,937.900572,2093.584158,3031.484730,3321,950,0.00,0.2266,0.2125,10,0,0,1458,0.729000,0.0625,2,0.0625,2,0.0938,2,0.1875,2,0.4219,2,0.0938,2,0.4531,2,0.2969,2,0.2344,2,0.3594,2
12840257.0,938.030603,2094.070650,3032.101253,3322,951,0.00,0.1922,0.1875,10,0,0,1458,0.729000,0.0625,2,0.0625,2,0.0938,2,0.1875,2,0.4219,2,0.0938,2,0.2813,2,0.1250,2,0.0625,2,0.5313,2
12840307.0,938.054743,2094.160233,3032.214977,3323,951,0.00,0.2094,0.2000,10,0,0,1458,0.729000,0.2344,2,0.0625,2,0.0938,2,0.1875,2,0.4219,2,0.0938,2,0.2813,2,0.1250,2,0.0625,2,0.5313,2
12840446.0,938.123713,2094.419700,3032.543412,3324,951,0.00,0.2266,0.2125,10,0,0,1458,0.729000,0.2344,2,0.2344,2,0.0938,2,0.1875,2,0.4219,2,0.0938,2,0.2813,2,0.1250,2,0.0625,2,0.5313,2
12840546.0,938.174667,2094.613867,3032.788534,3325,951,0.00,0.2438,0.2250,10,0,0,1458,0.729000,0.2344,2,0.2344,2,0.2656,2,0.1875,2,0.4219,2,0.0938,2,0.2813,2,0.1250,2,0.0625,2,0.5313,2
12840810.0,938.300765,2095.074508,3033.375274,3326,952,0.00,0.1969,0.1750,9,0,1,1458,0.729000,0.0000,0,0.1719,2,0.0938,2,0.3594,2,0.4219,2,0.0938,2,0.2813,2,0.1250,2,0.0625,2,0.3594,2
12841028.0,938.397467,2095.424592,3033.822059,3327,952,0.00,0.1891,0.1750,8,0,2,1458,0.729000,0.0000,0,0.0000,0,0.0938,2,0.3594,2,0.5156,2,0.0938,2,0.2813,2,0.1250,2,0.0625,2,0.3594,2
12841112.0,938.431750,2095.552342,3033.984092,3328,952,0.00,0.1891,0.1750,8,0,2,1458,0.729000,0.0000,0,0.0000,0,0.0938,2,0.3594,2,0.3438,2,0.2656,2,0.2813,2,0.1250,2,0.0625,2,0.3594,2
12841140.0,938.443490,2095.596675,3034.040165,3329,952,0.00,0.1938,0.1875,8,0,2,1458,0.729000,0.0000,0,0.0000,0,0.0938,2,0.3594,2,0.3438,2,0.2656,2,0.3281,2,0.1250,2,0.0625,2,0.3594,2
12841146.0,938.446027,2095.606625,3034.052652,3330,952,0.00,0.2000,0.2000,8,0,2,1458,0.729000,0.0000,0,0.0000,0,0.0938,2,0.3594,2,0.3438,2,0.2656,2,0.3281,2,0.1875,2,0.0625,2,0.3594,2
12841360.0,938.535074,2095.963308,3034.498383,3331,952,0.00,0.1938,0.1875,8,0,2,1458,0.729000,0.0000,0,0.0000,0,0.0938,2,0.1875,2,0.3438,2,0.2656,2,0.3281,2,0.1250,2,0.2344,2,0.3594,2
12841389.0,938.547240,2096.009375,3034.556615,3332,952,0.00,0.1938,0.1875,8,0,2,1458,0.729000,0.0000,0,0.0000,0,0.0938,2,0.1875,2,0.3438,2,0.2656,2,0.2813,2,0.1250,2,0.2344,2,0.4063,2
12841688.0,938.670730,2096.485792,3035.156522,3333,952,0.00,0.1641,0.1750,9,0,1,1459,0.729500,0.0469,2,0.0000,0,0.0938,2,0.1875,2,0.3438,2,0.0938,2,0.2813,2,0.1250,2,0.2344,2,0.2344,2
12841689.0,938.671661,2096.487442,3035.159102,3334,952,0.00,0.1688,0.1875,10,0,0,1460,0.730000,0.0469,2,0.0469,2,0.0938,2,0.1875,2,0.3438,2,0.0938,2,0.2813,2,0.1250,2,0.2344,2,0.2344,2
12841864.0,938.749809,2096.786125,3035.535934,3335,952,0.00,0.1703,0.1875,9,0,1,1460,0.730000,0.0000,0,0.0469,2,0.1563,2,0.1875,2,0.3438,2,0.0938,2,0.2813,2,0.1250,2,0.2344,2,0.2344,2
12841990.0,938.804650,2097.003475,3035.808125,3336,953,0.00,0.1875,0.2000,9,0,1,1460,0.730000,0.0000,0,0.0469,2,0.1563,2,0.3594,2,0.3438,2,0.0938,2,0.2813,2,0.1250,2,0.2344,2,0.2344,2
12842112.0,938.859381,2097.223075,3036.082456,3337,954,0.00,0.2047,0.2125,9,0,1,1460,0.730000,0.0000,0,0.0469,2,0.1563,2,0.3594,2,0.5156,2,0.0938,2,0.2813,2,0.1250,2,0.2344,2,0.2344,2
12842112.0,938.859381,2097.223075,3036.082456,3338,954,0.00,0.2219,0.2250,9,0,1,1460,0.730000,0.0000,0,0.0469,2,0.1563,2,0.3594,2,0.5156,2,0.2656,2,0.2813,2,0.1250,2,0.2344,2,0.2344,2
12842149.0,938.876968,2097.295225,3036.172193,3339,955,0.00,0.2391,0.2375,9,0,1,1460,0.730000,0.0000,0,0.0469,2,0.1563,2,0.3594,2,0.5156,2,0.2656,2,0.4531,2,0.1250,2,0.2344,2,0.2344,2
12842410.0,938.995112,2097.770950,3036.766062,3340,956,0.00,0.1875,0.2000,9,0,1,1460,0.730000,0.0000,0,0.0469,2,0.1563,2,0.1875,2,0.3438,2,0.0938,2,0.2813,2,0.2969,2,0.2344,2,0.2344,2
12842535.0,939.051188,2097.995950,3037.047138,3341,956,0.00,0.1922,0.2125,9,0,1,1460,0.730000,0.0000,0,0.0469,2,0.1563,2,0.1875,2,0.3438,2,0.0938,2,0.2813,2,0.2969,2,0.2813,2,0.2344,2
12842569.0,939.066565,2098.059700,3037.126265,3342,957,0.00,0.2094,0.2250,9,0,1,1460,0.730000,0.0000,0,0.0469,2,0.1563,2,0.1875,2,0.3438,2,0.0938,2,0.2813,2,0.2969,2,0.2813,2,0.4063,2
12842592.0,939.077774,2098.104550,3037.182324,3343,957,0.00,0.2141,0.2375,10,0,0,1461,0.730500,0.0469,2,0.0469,2,0.1563,2,0.1875,2,0.3438,2,0.0938,2,0.2813,2,0.2969,2,0.2813,2,0.4063,2
12842606.0,939.084772,2098.133833,3037.218605,3344,957,0.00,0.2422,0.2500,10,0,0,1461,0.730500,0.0469,2,0.3281,2,0.1563,2,0.1875,2,0.3438,2,0.0938,2,0.2813,2,0.2969,2,0.2813,2,0.4063,2
12842607.0,939.085294,2098.136000,3037.221294,3345,958,0.00,0.2594,0.2625,10,0,0,1461,0.730500,0.0469,2,0.3281,2,0.3281,2,0.1875,2,0.3438,2,0.0938,2,0.2813,2,0.2969,2,0.2813,2,0.4063,2
12842827.0,939.191963,2098.559742,3037.751705,3346,958,0.00,0.1703,0.1875,8,0,2,1461,0.730500,0.0000,0,0.0000,0,0.1563,2,0.2344,2,0.3438,2,0.0938,2,0.2813,2,0.1250,2,0.2344,2,0.2344,2
12842861.0,939.205722,2098.616125,3037.821847,3347,958,0.00,0.1797,0.2000,8,0,2,1461,0.730500,0.0000,0,0.0000,0,0.1563,2,0.2344,2,0.4375,2,0.0938,2,0.2813,2,0.1250,2,0.2344,2,0.2344,2
12842887.0,939.216434,2098.661192,3037.877625,3348,958,0.00,0.1844,0.2125,8,0,2,1461,0.730500,0.0000,0,0.0000,0,0.1563,2,0.2344,2,0.4375,2,0.1406,2,0.2813,2,0.1250,2,0.2344,2,0.2344,2
12842980.0,939.255087,2098.829367,3038.084453,3349,959,0.00,0.2016,0.2250,8,0,2,1461,0.730500,0.0000,0,0.0000,0,0.1563,2,0.2344,2,0.4375,2,0.1406,2,0.4531,2,0.1250,2,0.2344,2,0.2344,2
12843047.0,939.283596,2098.951950,3038.235546,3350,960,0.00,0.2125,0.2250,8,0,2,1461,0.730500,0.0000,0,0.0000,0,0.0938,2,0.2344,2,0.4375,2,0.1406,2,0.4531,2,0.2969,2,0.2344,2,0.2344,2
12843084.0,939.299784,2099.021633,3038.321417,3351,961,0.00,0.2297,0.2375,8,0,2,1461,0.730500,0.0000,0,0.0000,0,0.0938,2,0.2344,2,0.4375,2,0.1406,2,0.4531,2,0.2969,2,0.4063,2,0.2344,2
12843126.0,939.318538,2099.100133,3038.418671,3352,962,0.00,0.2375,0.2250,8,0,2,1461,0.730500,0.0000,0,0.0000,0,0.0938,2,0.1875,2,0.4375,2,0.0938,2,0.4531,2,0.2969,2,0.4063,2,0.4063,2
12843239.0,939.368750,2099.298925,3038.667675,3353,962,0.00,0.2063,0.1875,9,0,1,1462,0.731000,0.1250,2,0.0000,0,0.0938,2,0.1875,2,0.3438,2,0.0938,2,0.4531,2,0.2969,2,0.2344,2,0.2344,2
12843244.0,939.371566,2099.307550,3038.679116,3354,962,0.00,0.2188,0.1875,10,0,0,1463,0.731500,0.1250,2,0.1250,2,0.0938,2,0.1875,2,0.3438,2,0.0938,2,0.4531,2,0.2969,2,0.2344,2,0.2344,2
12843244.0,939.371566,2099.307550,3038.679116,3355,962,0.00,0.2313,0.1875,10,0,0,1463,0.731500,0.1250,2,0.1250,2,0.2188,2,0.1875,2,0.3438,2,0.0938,2,0.4531,2,0.2969,2,0.2344,2,0.2344,2
12843268.0,939.383776,2099.349950,3038.733726,3356,962,0.00,0.2266,0.1750,10,0,0,1463,0.731500,0.1250,2,0.1250,2,0.2188,2,0.3125,2,0.3438,2,0.0938,2,0.2813,2,0.2969,2,0.2344,2,0.2344,2
12843802.0,939.642560,2100.191950,3039.834510,3357,963,0.00,0.2094,0.1625,10,0,0,1463,0.731500,0.1250,2,0.1250,2,0.2188,2,0.3125,2,0.5156,2,0.0938,2,0.2813,2,0.1250,2,0.0625,2,0.2344,2
12843945.0,939.713514,2100.426708,3040.140222,3358,963,0.00,0.2141,0.1750,10,0,0,1463,0.731500,0.1250,2,0.1250,2,0.2188,2,0.3125,2,0.5156,2,0.1406,2,0.2813,2,0.1250,2,0.0625,2,0.2344,2
12844087.0,939.782978,2100.662000,3040.444978,3359,964,0.00,0.2141,0.1750,10,0,0,1463,0.731500,0.1250,2,0.1250,2,0.2188,2,0.3125,2,0.3438,2,0.1406,2,0.4531,2,0.1250,2,0.0625,2,0.2344,2
12844113.0,939.795905,2100.705283,3040.501188,3360,965,0.00,0.2203,0.1625,10,0,0,1463,0.731500,0.1250,2,0.1250,2,0.2188,2,0.3125,2,0.2813,2,0.0938,2,0.4531,2,0.2969,2,0.0625,2,0.2344,2
12844144.0,939.811550,2100.756175,3040.567725,3361,965,0.00,0.2375,0.1750,10,0,0,1463,0.731500,0.1250,2,0.1250,2,0.2188,2,0.3125,2,0.2813,2,0.0938,2,0.4531,2,0.2969,2,0.2344,2,0.2344,2
12844173.0,939.826574,2100.805958,3040.632532,3362,966,0.00,0.2547,0.1875,10,0,0,1463,0.731500,0.1250,2,0.1250,2,0.2188,2,0.3125,2,0.2813,2,0.0938,2,0.4531,2,0.2969,2,0.2344,2,0.4063,2
12844235.0,939.859522,2100.917042,3040.776564,3363,967,0.00,0.2719,0.2000,10,0,0,1463,0.731500,0.2969,2,0.1250,2,0.2188,2,0.3125,2,0.2813,2,0.0938,2,0.4531,2,0.2969,2,0.2344,2,0.4063,2
12844265.0,939.875866,2100.973042,3040.848907,3364,968,0.00,0.2891,0.2125,10,0,0,1463,0.731500,0.2969,2,0.2969,2,0.2188,2,0.3125,2,0.2813,2,0.0938,2,0.4531,2,0.2969,2,0.2344,2,0.4063,2
12844273.0,939.880331,2100.988575,3040.868906,3365,969,0.00,0.3063,0.2250,10,0,0,1463,0.731500,0.2969,2,0.2969,2,0.3906,2,0.3125,2,0.2813,2,0.0938,2,0.4531,2,0.2969,2,0.2344,2,0.4063,2
12844303.0,939.897477,2101.049075,3040.946552,3366,970,0.00,0.3234,0.2375,10,0,0,1463,0.731500,0.2969,2,0.2969,2,0.3906,2,0.4844,2,0.2813,2,0.0938,2,0.4531,2,0.2969,2,0.2344,2,0.4063,2
12844337.0,939.917096,2101.118692,3041.035788,3367,971,0.00,0.3234,0.2375,10,0,0,1463,0.731500,0.2969,2,0.2969,2,0.2188,2,0.4844,2,0.4531,2,0.0938,2,0.4531,2,0.2969,2,0.2344,2,0.4063,2
12844338.0,939.917681,2101.120783,3041.038464,3368,971,0.00,0.3406,0.2500,10,0,0,1463,0.731500,0.2969,2,0.2969,2,0.2188,2,0.4844,2,0.4531,2,0.2656,2,0.4531,2,0.2969,2,0.2344,2,0.4063,2
12844373.0,939.938620,2101.196617,3041.135237,3369,972,0.00,0.3578,0.2625,10,0,0,1463,0.731500,0.2969,2,0.2969,2,0.2188,2,0.4844,2,0.4531,2,0.2656,2,0.6250,2,0.2969,2,0.2344,2,0.4063,2
12844484.0,940.001953,2101.419867,3041.421819,3370,972,0.00,0.2375,0.1750,10,0,0,1463,0.731500,0.1250,2,0.2969,2,0.2188,2,0.3125,2,0.2813,2,0.0938,2,0.6250,2,0.1719,2,0.0625,2,0.1875,2
12844752.0,940.135270,2101.848958,3041.984229,3371,972,0.00,0.2203,0.1625,10,0,0,1463,0.731500,0.1250,2,0.1250,2,0.2188,2,0.3125,2,0.2813,2,0.0938,2,0.4531,2,0.1719,2,0.2344,2,0.1875,2
12844783.0,940.150916,2101.899850,3042.050766,3372,973,0.00,0.2375,0.1750,10,0,0,1463,0.731500,0.1250,2,0.1250,2,0.2188,2,0.3125,2,0.2813,2,0.0938,2,0.4531,2,0.1719,2,0.2344,2,0.3594,2
12844787.0,940.152988,2101.906717,3042.059705,3373,974,0.00,0.2547,0.1875,10,0,0,1463,0.731500,0.2969,2,0.1250,2,0.2188,2,0.3125,2,0.2813,2,0.0938,2,0.4531,2,0.1719,2,0.2344,2,0.3594,2
12844824.0,940.172545,2101.970833,3042.143378,3374,975,0.00,0.2672,0.1875,10,0,0,1463,0.731500,0.2969,2,0.2969,2,0.2188,2,0.3125,2,0.2813,2,0.0938,2,0.4531,2,0.1250,2,0.2344,2,0.3594,2
12844865.0,940.194732,2102.044292,3042.239024,3375,975,0.00,0.2719,0.2000,10,0,0,1463,0.731500,0.2969,2,0.2969,2,0.2656,2,0.3125,2,0.2813,2,0.0938,2,0.4531,2,0.1250,2,0.2344,2,0.3594,2
12845015.0,940.272119,2102.299992,3042.572111,3376,976,0.00,0.2391,0.1750,10,0,0,1463,0.731500,0.1250,2,0.1250,2,0.2656,2,0.5000,2,0.2813,2,0.0938,2,0.4531,2,0.1250,2,0.2344,2,0.1875,2
12845165.0,940.348981,2102.551717,3042.900697,3377,977,0.00,0.2391,0.1750,10,0,0,1463,0.731500,0.1250,2,0.1250,2,0.2656,2,0.5000,2,0.4531,2,0.0938,2,0.4531,2,0.1250,2,0.0625,2,0.1875,2
12845165.0,940.348981,2102.551717,3042.900697,3378,977,0.00,0.2563,0.1875,10,0,0,1463,0.731500,0.1250,2,0.1250,2,0.2656,2,0.5000,2,0.4531,2,0.2656,2,0.4531,2,0.1250,2,0.0625,2,0.1875,2
12845282.0,940.411299,2102.761342,3043.172641,3379,978,0.00,0.2734,0.2000,10,0,0,1463,0.731500,0.1250,2,0.1250,2,0.2656,2,0.5000,2,0.4531,2,0.2656,2,0.6250,2,0.1250,2,0.0625,2,0.1875,2
12845318.0,940.430956,2102.828542,3043.259497,3380,978,0.00,0.2781,0.2125,10,0,0,1463,0.731500,0.1250,2,0.1250,2,0.2656,2,0.5000,2,0.4531,2,0.2656,2,0.6250,2,0.1719,2,0.0625,2,0.1875,2
12845387.0,940.468758,2102.959967,3043.428724,3381,978,0.00,0.2906,0.2125,10,0,0,1463,0.731500,0.1250,2,0.1250,2,0.2656,2,0.5000,2,0.4531,2,0.2656,2,0.6250,2,0.1250,2,0.2344,2,0.1875,2
12845388.0,940.469317,2102.961908,3043.431226,3382,979,0.00,0.3078,0.2250,10,0,0,1463,0.731500,0.1250,2,0.1250,2,0.2656,2,0.5000,2,0.4531,2,0.2656,2,0.6250,2,0.1250,2,0.2344,2,0.3594,2
12845420.0,940.487645,2103.026442,3043.514087,3383,980,0.00,0.3250,0.2375,10,0,0,1463,0.731500,0.2969,2,0.1250,2,0.2656,2,0.5000,2,0.4531,2,0.2656,2,0.6250,2,0.1250,2,0.2344,2,0.3594,2
12845530.0,940.548294,2103.235075,3043.783369,3384,980,0.00,0.2453,0.1875,10,0,0,1463,0.731500,0.1250,2,0.1875,2,0.2656,2,0.5000,2,0.4531,2,0.2656,2,0.2813,2,0.1250,2,0.0625,2,0.1875,2
12845623.0,940.596236,2103.397200,3043.993436,3385,980,0.00,0.2156,0.1750,10,0,0,1463,0.731500,0.1250,2,0.1875,2,0.3125,2,0.5000,2,0.2813,2,0.0938,2,0.2813,2,0.1250,2,0.0625,2,0.1875,2
12845630.0,940.599743,2103.409217,3044.008960,3386,980,0.00,0.2203,0.1875,10,0,0,1463,0.731500,0.1250,2,0.1875,2,0.3125,2,0.5469,2,0.2813,2,0.0938,2,0.2813,2,0.1250,2,0.0625,2,0.1875,2
12845829.0,940.699746,2103.756908,3044.456654,3387,981,0.00,0.2328,0.1875,10,0,0,1463,0.731500,0.1250,2,0.1875,2,0.2656,2,0.5469,2,0.4531,2,0.0938,2,0.2813,2,0.1250,2,0.0625,2,0.1875,2
12845883.0,940.727524,2103.853658,3044.581182,3388,981,0.00,0.2500,0.2000,10,0,0,1463,0.731500,0.1250,2,0.1875,2,0.2656,2,0.5469,2,0.4531,2,0.2656,2,0.2813,2,0.1250,2,0.0625,2,0.1875,2
12845884.0,940.728052,2103.855525,3044.583577,3389,982,0.00,0.2672,0.2125,10,0,0,1463,0.731500,0.1250,2,0.1875,2,0.2656,2,0.5469,2,0.4531,2,0.2656,2,0.4531,2,0.1250,2,0.0625,2,0.1875,2
12845884.0,940.728052,2103.855525,3044.583577,3390,983,0.00,0.2844,0.2250,10,0,0,1463,0.731500,0.1250,2,0.1875,2,0.2656,2,0.5469,2,0.4531,2,0.2656,2,0.4531,2,0.2969,2,0.0625,2,0.1875,2
12845918.0,940.746698,2103.919817,3044.666514,3391,983,0.00,0.2922,0.2125,10,0,0,1463,0.731500,0.1250,2,0.1875,2,0.2188,2,0.5000,2,0.4531,2,0.2656,2,0.4531,2,0.2969,2,0.2344,2,0.1875,2
12845922.0,940.748940,2103.927583,3044.676523,3392,983,0.00,0.2969,0.2250,10,0,0,1463,0.731500,0.1250,2,0.1875,2,0.2188,2,0.5000,2,0.4531,2,0.2656,2,0.4531,2,0.2969,2,0.2344,2,0.2344,2
12846026.0,940.806404,2104.130492,3044.936896,3393,983,0.00,0.2672,0.2125,10,0,0,1463,0.731500,0.1719,2,0.1875,2,0.2188,2,0.5000,2,0.2813,2,0.2656,2,0.2813,2,0.2969,2,0.2344,2,0.2344,2
12846027.0,940.806945,2104.132433,3044.939378,3394,983,0.00,0.2719,0.2250,10,0,0,1463,0.731500,0.1719,2,0.2344,2,0.2188,2,0.5000,2,0.2813,2,0.2656,2,0.2813,2,0.2969,2,0.2344,2,0.2344,2
12846212.0,940.903010,2104.477392,3045.380402,3395,984,0.00,0.2500,0.2000,10,0,0,1463,0.731500,0.1719,2,0.2344,2,0.3906,2,0.5000,2,0.2813,2,0.0938,2,0.2813,2,0.1250,2,0.2344,2,0.1875,2
12846235.0,940.915144,2104.520250,3045.435394,3396,984,0.00,0.2500,0.2000,10,0,0,1463,0.731500,0.1719,2,0.1719,2,0.3906,2,0.5625,2,0.2813,2,0.0938,2,0.2813,2,0.1250,2,0.2344,2,0.1875,2
12846351.0,940.976155,2104.732433,3045.708588,3397,985,0.00,0.2625,0.2000,10,0,0,1463,0.731500,0.1250,2,0.1719,2,0.3906,2,0.5625,2,0.4531,2,0.0938,2,0.2813,2,0.1250,2,0.2344,2,0.1875,2
12846354.0,940.977768,2104.738033,3045.715801,3398,985,0.00,0.2797,0.2125,10,0,0,1463,0.731500,0.1250,2,0.1719,2,0.3906,2,0.5625,2,0.4531,2,0.2656,2,0.2813,2,0.1250,2,0.2344,2,0.1875,2
12846357.0,940.979420,2104.743858,3045.723278,3399,985,0.00,0.2844,0.2250,10,0,0,1463,0.731500,0.1250,2,0.1719,2,0.3906,2,0.5625,2,0.4531,2,0.2656,2,0.3281,2,0.1250,2,0.2344,2,0.1875,2
12846395.0,941.000364,2104.817867,3045.818231,3400,986,0.00,0.2969,0.2250,10,0,0,1463,0.731500,0.1250,2,0.1250,2,0.3906,2,0.5625,2,0.4531,2,0.2656,2,0.3281,2,0.2969,2,0.2344,2,0.1875,2
12846436.0,941.023498,2104.900550,3045.924048,3401,987,0.00,0.3141,0.2375,10,0,0,1463,0.731500,0.1250,2,0.1250,2,0.3906,2,0.5625,2,0.4531,2,0.2656,2,0.3281,2,0.2969,2,0.4063,2,0.1875,2
12846635.0,941.129388,2105.257317,3046.386705,3402,987,0.00,0.2094,0.1625,10,0,0,1463,0.731500,0.1250,2,0.1250,2,0.2188,2,0.5000,2,0.2813,2,0.0938,2,0.3281,2,0.1250,2,0.0625,2,0.2344,2
12846972.0,941.294268,2105.762558,3047.056826,3403,988,0.00,0.2172,0.1500,10,0,0,1463,0.731500,0.2969,2,0.1250,2,0.2188,2,0.5000,2,0.2813,2,0.0938,2,0.2813,2,0.1250,2,0.0625,2,0.1875,2
12847006.0,941.311345,2105.815825,3047.127170,3404,989,0.00,0.2344,0.1625,10,0,0,1463,0.731500,0.2969,2,0.2969,2,0.2188,2,0.5000,2,0.2813,2,0.0938,2,0.2813,2,0.1250,2,0.0625,2,0.1875,2
12847035.0,941.326298,2105.863433,3047.189731,3405,990,0.00,0.2516,0.1750,10,0,0,1463,0.731500,0.2969,2,0.2969,2,0.3906,2,0.5000,2,0.2813,2,0.0938,2,0.2813,2,0.1250,2,0.0625,2,0.1875,2
12847067.0,941.343226,2105.918367,3047.261592,3406,990,0.00,0.2563,0.1875,10,0,0,1463,0.731500,0.2969,2,0.2969,2,0.3906,2,0.5469,2,0.2813,2,0.0938,2,0.2813,2,0.1250,2,0.0625,2,0.1875,2
12847073.0,941.346421,2105.929117,3047.275538,3407,990,0.00,0.2609,0.2000,10,0,0,1463,0.731500,0.2969,2,0.2969,2,0.3906,2,0.5469,2,0.3281,2,0.0938,2,0.2813,2,0.1250,2,0.0625,2,0.1875,2
12847100.0,941.360901,2105.979517,3047.340418,3408,990,0.00,0.2781,0.2125,10,0,0,1463,0.731500,0.2969,2,0.2969,2,0.3906,2,0.5469,2,0.3281,2,0.2656,2,0.2813,2,0.1250,2,0.0625,2,0.1875,2
12847104.0,941.363100,2105.987283,3047.350383,3409,991,0.00,0.2953,0.2250,10,0,0,1463,0.731500,0.2969,2,0.2969,2,0.3906,2,0.5469,2,0.3281,2,0.2656,2,0.4531,2,0.1250,2,0.0625,2,0.1875,2
12847135.0,941.380553,2106.049800,3047.430353,3410,992,0.00,0.3125,0.2375,10,0,0,1463,0.731500,0.2969,2,0.2969,2,0.3906,2,0.5469,2,0.3281,2,0.2656,2,0.4531,2,0.2969,2,0.0625,2,0.1875,2
12847139.0,941.382859,2106.058167,3047.441026,3411,992,0.00,0.3297,0.2500,10,0,0,1463,0.731500,0.2969,2,0.2969,2,0.3906,2,0.5469,2,0.3281,2,0.2656,2,0.4531,2,0.2969,2,0.2344,2,0.1875,2
12847141.0,941.384038,2106.062500,3047.446538,3412,993,0.00,0.3469,0.2625,10,0,0,1463,0.731500,0.2969,2,0.2969,2,0.3906,2,0.5469,2,0.3281,2,0.2656,2,0.4531,2,0.2969,2,0.2344,2,0.3594,2
12847293.0,941.466565,2106.345633,3047.812198,3413,994,0.00,0.2313,0.1750,10,0,0,1463,0.731500,0.2188,2,0.1250,2,0.2188,2,0.5469,2,0.2813,2,0.0938,2,0.2813,2,0.1250,2,0.0625,2,0.3594,2
12847352.0,941.496496,2106.444967,3047.941462,3414,994,0.00,0.2203,0.1750,10,0,0,1463,0.731500,0.2188,2,0.1875,2,0.2188,2,0.5469,2,0.2813,2,0.0938,2,0.2813,2,0.1250,2,0.0625,2,0.1875,2
12847386.0,941.513655,2106.503333,3048.016988,3415,994,0.00,0.2703,0.1750,10,0,0,1463,0.731500,0.2188,2,0.1875,2,0.7188,2,0.5469,2,0.2813,2,0.0938,2,0.2813,2,0.1250,2,0.0625,2,0.1875,2
12847468.0,941.558061,2106.642375,3048.200436,3416,994,0.00,0.2578,0.1625,9,1,0,1463,0.731500,0.2188,2,0.1875,2,0.7188,2,0.6094,2,0.2813,2,0.0000,1,0.1875,2,0.1250,2,0.0625,2,0.1875,2
12847624.0,941.635759,2106.870542,3048.506301,3417,995,0.00,0.2719,0.1500,9,0,1,1463,0.731500,0.2188,2,0.1875,2,0.7188,2,0.5625,2,0.4688,2,0.0000,0,0.1875,2,0.1250,2,0.0625,2,0.1875,2
12847656.0,941.652714,2106.918542,3048.571256,3418,995,0.00,0.2766,0.1625,10,0,0,1464,0.732000,0.2188,2,0.1875,2,0.7188,2,0.5625,2,0.4688,2,0.0469,2,0.1875,2,0.1250,2,0.0625,2,0.1875,2
12847693.0,941.673007,2106.979283,3048.652290,3419,996,0.00,0.2938,0.1750,10,0,0,1464,0.732000,0.2188,2,0.1875,2,0.7188,2,0.5625,2,0.4688,2,0.0469,2,0.3594,2,0.1250,2,0.0625,2,0.1875,2
12847731.0,941.693677,2107.042192,3048.735869,3420,996,0.00,0.2719,0.1750,10,0,0,1464,0.732000,0.2188,2,0.1875,2,0.7188,2,0.5625,2,0.1875,2,0.0469,2,0.3594,2,0.1875,2,0.0625,2,0.1875,2
12847946.0,941.801143,2107.364950,3049.166093,3421,996,0.00,0.2359,0.1500,9,0,1,1464,0.732000,0.2188,2,0.1875,2,0.7188,2,0.3750,2,0.1875,2,0.0000,0,0.1875,2,0.1875,2,0.1094,2,0.1875,2
12848097.0,941.874087,2107.581475,3049.455562,3422,997,0.00,0.2484,0.1500,9,0,1,1464,0.732000,0.2188,2,0.1875,2,0.7188,2,0.3750,2,0.1875,2,0.0000,0,0.1875,2,0.1875,2,0.0625,2,0.3594,2
12848109.0,941.880039,2107.599475,3049.479514,3423,998,0.00,0.2656,0.1625,9,0,1,1464,0.732000,0.3906,2,0.1875,2,0.7188,2,0.3750,2,0.1875,2,0.0000,0,0.1875,2,0.1875,2,0.0625,2,0.3594,2
12848139.0,941.895321,2107.646725,3049.542046,3424,999,0.00,0.2828,0.1750,9,0,1,1464,0.732000,0.3906,2,0.3594,2,0.7188,2,0.3750,2,0.1875,2,0.0000,0,0.1875,2,0.1875,2,0.0625,2,0.3594,2
12848146.0,941.898980,2107.658275,3049.557255,3425,1000,0.00,0.3000,0.1875,9,0,1,1464,0.732000,0.3906,2,0.3594,2,0.8906,2,0.3750,2,0.1875,2,0.0000,0,0.1875,2,0.1875,2,0.0625,2,0.3594,2
12848201.0,941.928466,2107.753150,3049.681616,3426,1000,0.00,0.3047,0.2000,9,0,1,1464,0.732000,0.3906,2,0.3594,2,0.8906,2,0.4219,2,0.1875,2,0.0000,0,0.1875,2,0.1875,2,0.0625,2,0.3594,2
12848244.0,941.951646,2107.829950,3049.781596,3427,1001,0.00,0.3172,0.2000,9,0,1,1464,0.732000,0.3906,2,0.3594,2,0.8906,2,0.3750,2,0.3594,2,0.0000,0,0.1875,2,0.1875,2,0.0625,2,0.3594,2
12848285.0,941.974675,2107.903750,3049.878425,3428,1001,0.00,0.3219,0.2125,10,0,0,1465,0.732500,0.3906,2,0.3594,2,0.8906,2,0.3750,2,0.3594,2,0.0469,2,0.1875,2,0.1875,2,0.0625,2,0.3594,2
12848345.0,942.009522,2108.019275,3050.028797,3429,1001,0.00,0.2938,0.2000,10,0,0,1465,0.732500,0.3906,2,0.1875,2,0.7188,2,0.3750,2,0.3594,2,0.0469,2,0.2500,2,0.1875,2,0.0625,2,0.3594,2
12848530.0,942.109741,2108.342333,3050.452074,3430,1002,0.00,0.2703,0.1750,10,0,0,1465,0.732500,0.2188,2,0.1250,2,0.7188,2,0.3750,2,0.3594,2,0.0469,2,0.2500,2,0.3594,2,0.0625,2,0.1875,2
12848531.0,942.110285,2108.344050,3050.454335,3431,1002,0.00,0.2875,0.1875,10,0,0,1465,0.732500,0.2188,2,0.1250,2,0.7188,2,0.3750,2,0.3594,2,0.0469,2,0.2500,2,0.3594,2,0.2344,2,0.1875,2
12848562.0,942.127550,2108.399592,3050.527141,3432,1002,0.00,0.2922,0.2000,10,0,0,1465,0.732500,0.2188,2,0.1250,2,0.7188,2,0.3750,2,0.3594,2,0.0469,2,0.2500,2,0.3594,2,0.2344,2,0.2344,2
12848594.0,942.145362,2108.457375,3050.602737,3433,1003,0.00,0.3031,0.2000,10,0,0,1465,0.732500,0.3906,2,0.1250,2,0.7188,2,0.3750,2,0.3594,2,0.0469,2,0.1875,2,0.3594,2,0.2344,2,0.2344,2
12848637.0,942.169834,2108.537642,3050.707475,3434,1003,0.00,0.3094,0.2125,10,0,0,1465,0.732500,0.3906,2,0.1875,2,0.7188,2,0.3750,2,0.3594,2,0.0469,2,0.1875,2,0.3594,2,0.2344,2,0.2344,2
12848673.0,942.190277,2108.605292,3050.795569,3435,1004,0.00,0.3172,0.2125,10,0,0,1465,0.732500,0.2969,2,0.1875,2,0.8906,2,0.3750,2,0.3594,2,0.0469,2,0.1875,2,0.3594,2,0.2344,2,0.2344,2
12848687.0,942.198398,2108.632475,3050.830873,3436,1004,0.00,0.3219,0.2250,10,0,0,1465,0.732500,0.2969,2,0.1875,2,0.8906,2,0.4219,2,0.3594,2,0.0469,2,0.1875,2,0.3594,2,0.2344,2,0.2344,2
12848705.0,942.208900,2108.668700,3050.877600,3437,1005,0.00,0.3344,0.2250,10,0,0,1465,0.732500,0.2969,2,0.1875,2,0.8906,2,0.3750,2,0.5313,2,0.0469,2,0.1875,2,0.3594,2,0.2344,2,0.2344,2
12848706.0,942.209494,2108.670717,3050.880210,3438,1005,0.00,0.3516,0.2375,10,0,0,1465,0.732500,0.2969,2,0.1875,2,0.8906,2,0.3750,2,0.5313,2,0.2188,2,0.1875,2,0.3594,2,0.2344,2,0.2344,2
12848710.0,942.211921,2108.679083,3050.891004,3439,1006,0.00,0.3688,0.2500,10,0,0,1465,0.732500,0.2969,2,0.1875,2,0.8906,2,0.3750,2,0.5313,2,0.2188,2,0.3594,2,0.3594,2,0.2344,2,0.2344,2
12848919.0,942.325019,2109.029167,3051.354186,3440,1006,0.00,0.2422,0.1500,10,0,0,1465,0.732500,0.2969,2,0.1250,2,0.7188,2,0.3750,2,0.1875,2,0.0469,2,0.1875,2,0.2344,2,0.0625,2,0.1875,2
12849160.0,942.447982,2109.391208,3051.839190,3441,1006,0.00,0.2297,0.1500,10,0,0,1465,0.732500,0.1250,2,0.1250,2,0.7188,2,0.3750,2,0.1875,2,0.0469,2,0.1875,2,0.2344,2,0.1094,2,0.1875,2
12849193.0,942.464877,2109.442908,3051.907786,3442,1006,0.00,0.2359,0.1625,10,0,0,1465,0.732500,0.1250,2,0.1250,2,0.7188,2,0.3750,2,0.1875,2,0.0469,2,0.1875,2,0.2344,2,0.1094,2,0.2500,2
12849264.0,942.501343,2109.554742,3052.056085,3443,1007,0.00,0.2484,0.1625,10,0,0,1465,0.732500,0.2969,2,0.1250,2,0.7188,2,0.3750,2,0.1875,2,0.0469,2,0.1875,2,0.1875,2,0.1094,2,0.2500,2
12849269.0,942.503976,2109.562950,3052.066926,3444,1008,0.00,0.2656,0.1750,10,0,0,1465,0.732500,0.2969,2,0.2969,2,0.7188,2,0.3750,2,0.1875,2,0.0469,2,0.1875,2,0.1875,2,0.1094,2,0.2500,2
12849338.0,942.540902,2109.681025,3052.221927,3445,1008,0.00,0.2156,0.1750,10,0,0,1465,0.732500,0.2969,2,0.2969,2,0.2656,2,0.3750,2,0.1875,2,0.0469,2,0.1875,2,0.1875,2,0.0625,2,0.2500,2
12849870.0,942.793232,2110.509092,3053.302324,3446,1009,0.00,0.1891,0.1375,10,0,0,1465,0.732500,0.1250,2,0.1250,2,0.2188,2,0.5000,2,0.1875,2,0.0469,2,0.1875,2,0.1875,2,0.0625,2,0.2500,2
12849899.0,942.807164,2110.552350,3053.359514,3447,1009,0.00,0.1938,0.1500,10,0,0,1465,0.732500,0.1250,2,0.1250,2,0.2188,2,0.5000,2,0.2344,2,0.0469,2,0.1875,2,0.1875,2,0.0625,2,0.2500,2
12849910.0,942.812488,2110.569583,3053.382071,3448,1009,0.00,0.1984,0.1625,10,0,0,1465,0.732500,0.1250,2,0.1250,2,0.2188,2,0.5000,2,0.2344,2,0.0938,2,0.1875,2,0.1875,2,0.0625,2,0.2500,2
12849921.0,942.817852,2110.587642,3053.405494,3449,1009,0.00,0.2031,0.1750,10,0,0,1465,0.732500,0.1250,2,0.1250,2,0.2188,2,0.5000,2,0.2344,2,0.0938,2,0.2344,2,0.1875,2,0.0625,2,0.2500,2
12849943.0,942.828661,2110.625408,3053.454070,3450,1009,0.00,0.2078,0.1875,10,0,0,1465,0.732500,0.1250,2,0.1250,2,0.2188,2,0.5000,2,0.2344,2,0.0938,2,0.2344,2,0.2344,2,0.0625,2,0.2500,2
12849998.0,942.855870,2110.723650,3053.579520,3451,1009,0.00,0.2203,0.1875,10,0,0,1465,0.732500,0.1250,2,0.1250,2,0.2188,2,0.5000,2,0.2344,2,0.0938,2,0.1875,2,0.2344,2,0.2344,2,0.2500,2
12850064.0,942.889179,2110.841900,3053.731079,3452,1009,0.00,0.2078,0.1875,10,0,0,1465,0.732500,0.1250,2,0.1250,2,0.2188,2,0.5000,2,0.2344,2,0.0938,2,0.1875,2,0.2344,2,0.0625,2,0.2969,2
12850392.0,943.046504,2111.387417,3054.433920,3453,1010,0.00,0.1984,0.1625,10,0,0,1465,0.732500,0.2969,2,0.1250,2,0.2188,2,0.3750,2,0.1875,2,0.0938,2,0.1875,2,0.1875,2,0.0625,2,0.2500,2
12850425.0,943.062597,2111.441592,3054.504189,3454,1011,0.00,0.2156,0.1750,10,0,0,1465,0.732500,0.2969,2,0.2969,2,0.2188,2,0.3750,2,0.1875,2,0.0938,2,0.1875,2,0.1875,2,0.0625,2,0.2500,2
12850426.0,943.063098,2111.443308,3054.506406,3455,1012,0.00,0.2328,0.1875,10,0,0,1465,0.732500,0.2969,2,0.2969,2,0.3906,2,0.3750,2,0.1875,2,0.0938,2,0.1875,2,0.1875,2,0.0625,2,0.2500,2
12850824.0,943.256557,2112.063900,3055.320457,3456,1013,0.00,0.1875,0.1125,9,0,1,1465,0.732500,0.2969,2,0.1250,2,0.2188,2,0.4844,2,0.1875,2,0.0000,0,0.1875,2,0.1250,2,0.0625,2,0.1875,2
12850824.0,943.256557,2112.063900,3055.320457,3457,1013,0.00,0.1938,0.1250,9,0,1,1465,0.732500,0.2969,2,0.1250,2,0.2188,2,0.4844,2,0.2500,2,0.0000,0,0.1875,2,0.1250,2,0.0625,2,0.1875,2
12850829.0,943.259324,2112.070650,3055.329974,3458,1013,0.00,0.1984,0.1375,10,0,0,1466,0.733000,0.2969,2,0.1250,2,0.2188,2,0.4844,2,0.2500,2,0.0469,2,0.1875,2,0.1250,2,0.0625,2,0.1875,2
12850838.0,943.263713,2112.084075,3055.347788,3459,1013,0.00,0.2031,0.1500,10,0,0,1466,0.733000,0.2969,2,0.1250,2,0.2188,2,0.4844,2,0.2500,2,0.0469,2,0.2344,2,0.1250,2,0.0625,2,0.1875,2
12851163.0,943.419565,2112.557917,3055.977482,3460,1014,0.00,0.1984,0.1375,10,0,0,1466,0.733000,0.1250,2,0.1250,2,0.2188,2,0.4844,2,0.2500,2,0.0469,2,0.1875,2,0.2969,2,0.0625,2,0.1875,2
12851270.0,943.471684,2112.716250,3056.187934,3461,1014,0.00,0.2109,0.1375,9,1,0,1466,0.733000,0.1250,2,0.1250,2,0.2188,2,0.4844,2,0.2500,2,0.0000,1,0.1875,2,0.2969,2,0.2344,2,0.1875,2
12851335.0,943.502426,2112.809742,3056.312168,3462,1014,0.00,0.2172,0.1500,9,0,1,1466,0.733000,0.1250,2,0.1250,2,0.2188,2,0.4844,2,0.2500,2,0.0000,0,0.1875,2,0.2969,2,0.2344,2,0.2500,2
12851410.0,943.537682,2112.920367,3056.458049,3463,1015,0.00,0.2281,0.1500,9,0,1,1466,0.733000,0.2969,2,0.1250,2,0.2188,2,0.4844,2,0.1875,2,0.0000,0,0.1875,2,0.2969,2,0.2344,2,0.2500,2
12851418.0,943.541524,2112.932367,3056.473891,3464,1016,0.00,0.2453,0.1625,9,0,1,1466,0.733000,0.2969,2,0.2969,2,0.2188,2,0.4844,2,0.1875,2,0.0000,0,0.1875,2,0.2969,2,0.2344,2,0.2500,2
12851603.0,943.631622,2113.216692,3056.848313,3465,1016,0.00,0.2109,0.1375,9,0,1,1466,0.733000,0.1250,2,0.2969,2,0.2813,2,0.4844,2,0.1875,2,0.0000,0,0.1875,2,0.1250,2,0.2344,2,0.1875,2
12851898.0,943.768479,2113.632192,3057.400671,3466,1016,0.00,0.1922,0.1250,9,0,1,1466,0.733000,0.1250,2,0.1250,2,0.2188,2,0.5313,2,0.1875,2,0.0000,0,0.1875,2,0.1250,2,0.2344,2,0.1875,2
12851976.0,943.803686,2113.736067,3057.539752,3467,1016,0.00,0.1938,0.1250,9,0,1,1466,0.733000,0.1250,2,0.1250,2,0.2188,2,0.4844,2,0.2500,2,0.0000,0,0.1875,2,0.1250,2,0.2344,2,0.1875,2
12852060.0,943.842234,2113.848792,3057.691025,3468,1016,0.00,0.1922,0.1250,10,0,0,1467,0.733500,0.1250,2,0.1250,2,0.2188,2,0.4844,2,0.2500,2,0.0469,2,0.1875,2,0.1250,2,0.1719,2,0.1875,2
12852087.0,943.855270,2113.887042,3057.742311,3469,1016,0.00,0.1984,0.1375,10,0,0,1467,0.733500,0.1250,2,0.1250,2,0.2188,2,0.4844,2,0.2500,2,0.0469,2,0.2500,2,0.1250,2,0.1719,2,0.1875,2
12852151.0,943.886481,2113.982508,3057.868989,3470,1016,0.00,0.2484,0.1375,10,0,0,1467,0.733500,0.1250,2,0.1250,2,0.2188,2,0.4844,2,0.2500,2,0.0469,2,0.2500,2,0.6250,2,0.1719,2,0.1875,2
12852199.0,943.911756,2114.054108,3057.965864,3471,1016,0.00,0.2531,0.1500,10,0,0,1467,0.733500,0.1250,2,0.1250,2,0.2188,2,0.4844,2,0.2500,2,0.0469,2,0.2500,2,0.6250,2,0.2188,2,0.1875,2
12852478.0,944.052563,2114.459917,3058.512480,3472,1017,0.00,0.2656,0.1500,9,0,1,1467,0.733500,0.1250,2,0.1250,2,0.2188,2,0.4844,2,0.2500,2,0.0000,0,0.2500,2,0.6250,2,0.2188,2,0.3594,2
12852625.0,944.125114,2114.652817,3058.777931,3473,1018,0.00,0.2484,0.1125,9,0,1,1467,0.733500,0.2969,2,0.1250,2,0.2188,2,0.4844,2,0.1875,2,0.0000,0,0.1875,2,0.6250,2,0.1719,2,0.1875,2
12852626.0,944.125610,2114.654092,3058.779702,3474,1019,0.00,0.2656,0.1250,9,0,1,1467,0.733500,0.2969,2,0.2969,2,0.2188,2,0.4844,2,0.1875,2,0.0000,0,0.1875,2,0.6250,2,0.1719,2,0.1875,2
12852627.0,944.126119,2114.655442,3058.781561,3475,1020,0.00,0.2828,0.1375,9,0,1,1467,0.733500,0.2969,2,0.2969,2,0.3906,2,0.4844,2,0.1875,2,0.0000,0,0.1875,2,0.6250,2,0.1719,2,0.1875,2
12852641.0,944.133438,2114.675392,3058.808830,3476,1020,0.00,0.2891,0.1500,9,0,1,1467,0.733500,0.2969,2,0.2969,2,0.3906,2,0.5469,2,0.1875,2,0.0000,0,0.1875,2,0.6250,2,0.1719,2,0.1875,2
12852672.0,944.149794,2114.721892,3058.871685,3477,1021,0.00,0.3063,0.1625,9,0,1,1467,0.733500,0.2969,2,0.2969,2,0.3906,2,0.5469,2,0.3594,2,0.0000,0,0.1875,2,0.6250,2,0.1719,2,0.1875,2
12852939.0,944.287541,2115.102067,3059.389608,3478,1021,0.00,0.2719,0.1375,10,0,0,1468,0.734000,0.1250,2,0.2969,2,0.2188,2,0.5469,2,0.1875,2,0.1719,2,0.1875,2,0.6250,2,0.1719,2,0.1875,2
12852969.0,944.303885,2115.146817,3059.450702,3479,1021,0.00,0.2766,0.1500,10,0,0,1468,0.734000,0.1250,2,0.2969,2,0.2188,2,0.5469,2,0.1875,2,0.1719,2,0.2344,2,0.6250,2,0.1719,2,0.1875,2
12852996.0,944.318693,2115.189117,3059.507809,3480,1021,0.00,0.2891,0.1500,10,0,0,1468,0.734000,0.1250,2,0.2969,2,0.2188,2,0.5469,2,0.1875,2,0.1719,2,0.2344,2,0.7500,2,0.1719,2,0.1875,2
12853159.0,944.409305,2115.436908,3059.846213,3481,1022,0.00,0.3016,0.1500,10,0,0,1468,0.734000,0.1250,2,0.2969,2,0.2188,2,0.5469,2,0.1875,2,0.1719,2,0.1875,2,0.7500,2,0.3438,2,0.1875,2
12854094.0,944.925999,2116.815042,3061.741041,3482,1022,0.00,0.2203,0.1375,10,0,0,1468,0.734000,0.1250,2,0.2969,2,0.2188,2,0.3125,2,0.1875,2,0.1719,2,0.1875,2,0.1250,2,0.3438,2,0.2344,2
12854095.0,944.926504,2116.816533,3061.743038,3483,1022,0.00,0.2250,0.1500,10,0,0,1468,0.734000,0.1719,2,0.2969,2,0.2188,2,0.3125,2,0.1875,2,0.1719,2,0.1875,2,0.1250,2,0.3438,2,0.2344,2
12854236.0,944.997417,2117.021758,3062.019176,3484,1022,0.00,0.2203,0.1375,10,0,0,1468,0.734000,0.1250,2,0.3438,2,0.2188,2,0.3125,2,0.1875,2,0.1719,2,0.1875,2,0.1250,2,0.3438,2,0.1875,2
12854343.0,945.051419,2117.181367,3062.232785,3485,1022,0.00,0.2266,0.1500,10,0,0,1468,0.734000,0.1250,2,0.3438,2,0.2813,2,0.3125,2,0.1875,2,0.1719,2,0.1875,2,0.1250,2,0.3438,2,0.1875,2
12854859.0,945.305459,2117.916342,3063.221800,3486,1022,0.00,0.2047,0.1250,10,0,0,1468,0.734000,0.1250,2,0.1250,2,0.2188,2,0.3750,2,0.1875,2,0.1719,2,0.1875,2,0.1250,2,0.3438,2,0.1875,2
12854978.0,945.364070,2118.084925,3063.448995,3487,1023,0.00,0.2219,0.1375,10,0,0,1468,0.734000,0.1250,2,0.1250,2,0.2188,2,0.3750,2,0.3594,2,0.1719,2,0.1875,2,0.1250,2,0.3438,2,0.1875,2
12855075.0,945.412715,2118.227217,3063.639932,3488,1023,0.00,0.2219,0.1375,10,0,0,1468,0.734000,0.1250,2,0.1250,2,0.2188,2,0.3750,2,0.1875,2,0.3438,2,0.1875,2,0.1250,2,0.3438,2,0.1875,2
12855092.0,945.421315,2118.252575,3063.673890,3489,1023,0.00,0.2281,0.1500,10,0,0,1468,0.734000,0.1250,2,0.1250,2,0.2188,2,0.3750,2,0.1875,2,0.3438,2,0.2500,2,0.1250,2,0.3438,2,0.1875,2
12855243.0,945.497211,2118.480667,3063.977877,3490,1024,0.00,0.2219,0.1375,10,0,0,1468,0.734000,0.1250,2,0.1250,2,0.2188,2,0.3750,2,0.1875,2,0.1719,2,0.1875,2,0.2969,2,0.3438,2,0.1875,2
12855376.0,945.563085,2118.673550,3064.236635,3491,1024,0.00,0.2094,0.1375,9,0,1,1468,0.734000,0.1250,2,0.1250,2,0.2188,2,0.3750,2,0.1875,2,0.0000,0,0.1875,2,0.2969,2,0.3906,2,0.1875,2
12855840.0,945.776432,2119.288325,3065.064757,3492,1024,0.00,0.2031,0.1250,9,0,1,1468,0.734000,0.1250,2,0.1250,2,0.2188,2,0.3125,2,0.1875,2,0.0000,0,0.1875,2,0.2969,2,0.3438,2,0.2344,2
12855974.0,945.837879,2119.463150,3065.301029,3493,1025,0.00,0.2156,0.1250,9,0,1,1468,0.734000,0.2969,2,0.1250,2,0.2188,2,0.3125,2,0.1875,2,0.0000,0,0.1875,2,0.2969,2,0.3438,2,0.1875,2
12856125.0,945.908922,2119.667000,3065.575922,3494,1025,0.00,0.2203,0.1375,9,0,1,1468,0.734000,0.2969,2,0.1719,2,0.2188,2,0.3125,2,0.1875,2,0.0000,0,0.1875,2,0.2969,2,0.3438,2,0.1875,2
12856373.0,946.025148,2120.007650,3066.032798,3495,1026,0.00,0.2156,0.1250,9,0,1,1468,0.734000,0.2969,2,0.1250,2,0.3906,2,0.3125,2,0.1875,2,0.0000,0,0.1875,2,0.2969,2,0.1719,2,0.1875,2
12856436.0,946.054789,2120.092700,3066.147489,3496,1027,0.00,0.2328,0.1375,9,0,1,1468,0.734000,0.2969,2,0.1250,2,0.3906,2,0.4844,2,0.1875,2,0.0000,0,0.1875,2,0.2969,2,0.1719,2,0.1875,2
12856489.0,946.080206,2120.166950,3066.247156,3497,1027,0.00,0.2203,0.1375,9,0,1,1468,0.734000,0.1250,2,0.1250,2,0.3906,2,0.4844,2,0.2344,2,0.0000,0,0.1875,2,0.2969,2,0.1719,2,0.1875,2
12856609.0,946.135650,2120.327000,3066.462650,3498,1027,0.00,0.1922,0.1250,10,0,0,1469,0.734500,0.1250,2,0.1250,2,0.3906,2,0.3125,2,0.2344,2,0.0625,2,0.1875,2,0.1250,2,0.1719,2,0.1875,2
12856703.0,946.181034,2120.460167,3066.641201,3499,1027,0.00,0.2094,0.1375,10,0,0,1469,0.734500,0.1250,2,0.1250,2,0.3906,2,0.3125,2,0.2344,2,0.0625,2,0.3594,2,0.1250,2,0.1719,2,0.1875,2
12857696.0,946.641105,2121.749667,3068.390771,3500,1027,0.00,0.2031,0.1250,9,0,1,1469,0.734500,0.1250,2,0.1250,2,0.3906,2,0.3125,2,0.1875,2,0.0000,0,0.3594,2,0.1719,2,0.1719,2,0.1875,2
12858124.0,946.837021,2122.300917,3069.137938,3501,1027,0.00,0.2031,0.1250,9,0,1,1469,0.734500,0.1250,2,0.1250,2,0.3906,2,0.3125,2,0.1875,2,0.0000,0,0.3594,2,0.1250,2,0.2188,2,0.1875,2
12858131.0,946.840246,2122.310367,3069.150613,3502,1027,0.00,0.2078,0.1375,9,0,1,1469,0.734500,0.1250,2,0.1250,2,0.3906,2,0.3125,2,0.1875,2,0.0000,0,0.3594,2,0.1250,2,0.2188,2,0.2344,2
12858667.0,947.080486,2122.998117,3070.078602,3503,1028,0.00,0.2031,0.1250,9,0,1,1469,0.734500,0.2969,2,0.1250,2,0.2188,2,0.3125,2,0.1875,2,0.0000,0,0.3594,2,0.1250,2,0.2188,2,0.1875,2
12858673.0,947.083250,2123.006217,3070.089467,3504,1028,0.00,0.2078,0.1375,9,0,1,1469,0.734500,0.2969,2,0.1719,2,0.2188,2,0.3125,2,0.1875,2,0.0000,0,0.3594,2,0.1250,2,0.2188,2,0.1875,2
12858787.0,947.136178,2123.168367,3070.304545,3505,1029,0.00,0.2203,0.1375,9,0,1,1469,0.734500,0.2969,2,0.1250,2,0.3906,2,0.3125,2,0.1875,2,0.0000,0,0.3594,2,0.1250,2,0.2188,2,0.1875,2
12858788.0,947.136652,2123.169792,3070.306444,3506,1029,0.00,0.2250,0.1500,9,0,1,1469,0.734500,0.2969,2,0.1250,2,0.3906,2,0.3594,2,0.1875,2,0.0000,0,0.3594,2,0.1250,2,0.2188,2,0.1875,2
12859060.0,947.257101,2123.516142,3070.773243,3507,1029,0.00,0.1797,0.1125,9,0,1,1469,0.734500,0.1250,2,0.1250,2,0.2188,2,0.3125,2,0.3125,2,0.0000,0,0.1719,2,0.1250,2,0.2188,2,0.1875,2
12859090.0,947.270804,2123.552892,3070.823696,3508,1029,0.00,0.1797,0.1125,10,0,0,1470,0.735000,0.1250,2,0.1250,2,0.2188,2,0.3125,2,0.3125,2,0.0469,2,0.1719,2,0.1250,2,0.1719,2,0.1875,2
12859117.0,947.283577,2123.589117,3070.872694,3509,1030,0.00,0.1984,0.1250,10,0,0,1470,0.735000,0.1250,2,0.1250,2,0.2188,2,0.3125,2,0.3125,2,0.0469,2,0.3594,2,0.1250,2,0.1719,2,0.1875,2
12859246.0,947.346414,2123.770367,3071.116781,3510,1030,0.00,0.2000,0.1250,9,1,0,1470,0.735000,0.1250,2,0.1250,2,0.2188,2,0.3125,2,0.3125,2,0.0000,1,0.3594,2,0.1875,2,0.1719,2,0.1875,2
12859304.0,947.373303,2123.849333,3071.222637,3511,1031,0.00,0.2172,0.1375,9,0,1,1470,0.735000,0.1250,2,0.1250,2,0.2188,2,0.3125,2,0.3125,2,0.0000,0,0.3594,2,0.1875,2,0.3438,2,0.1875,2
12859311.0,947.376605,2123.859308,3071.235914,3512,1031,0.00,0.2219,0.1500,9,0,1,1470,0.735000,0.1250,2,0.1250,2,0.2188,2,0.3125,2,0.3125,2,0.0000,0,0.3594,2,0.1875,2,0.3438,2,0.2344,2
12859353.0,947.396570,2123.922308,3071.318878,3513,1032,0.00,0.2313,0.1625,9,0,1,1470,0.735000,0.2188,2,0.1250,2,0.2188,2,0.3125,2,0.3125,2,0.0000,0,0.3594,2,0.1875,2,0.3438,2,0.2344,2
12859450.0,947.443038,2124.073133,3071.516172,3514,1033,0.00,0.2313,0.1625,9,0,1,1470,0.735000,0.2188,2,0.2969,2,0.2188,2,0.3125,2,0.3125,2,0.0000,0,0.3594,2,0.1875,2,0.1719,2,0.2344,2
12859788.0,947.602767,2124.589283,3072.192051,3515,1033,0.00,0.2063,0.1625,9,0,1,1470,0.735000,0.2188,2,0.2969,2,0.2656,2,0.1875,2,0.3125,2,0.0000,0,0.1875,2,0.1875,2,0.1719,2,0.2344,2
12859958.0,947.675794,2124.843575,3072.519369,3516,1034,0.00,0.1781,0.1500,8,0,2,1470,0.735000,0.0000,0,0.1719,2,0.1406,2,0.4375,2,0.3125,2,0.0000,0,0.1875,2,0.1250,2,0.1719,2,0.2344,2
12860014.0,947.698797,2124.923842,3072.622639,3517,1034,0.00,0.1844,0.1625,8,0,2,1470,0.735000,0.0000,0,0.1719,2,0.1406,2,0.4375,2,0.3750,2,0.0000,0,0.1875,2,0.1250,2,0.1719,2,0.2344,2
12860169.0,947.763719,2125.157633,3072.921352,3518,1034,0.00,0.1969,0.1750,9,0,1,1471,0.735500,0.0000,0,0.1719,2,0.1406,2,0.4375,2,0.3750,2,0.1250,2,0.1875,2,0.1250,2,0.1719,2,0.2344,2
12860397.0,947.864729,2125.509475,3073.374204,3519,1034,0.00,0.1969,0.1625,8,0,2,1471,0.735500,0.0000,0,0.1719,2,0.1406,2,0.4375,2,0.3750,2,0.0000,0,0.3594,2,0.1250,2,0.1719,2,0.1875,2
12860814.0,948.033589,2126.097517,3074.131106,3520,1034,0.00,0.1500,0.1375,6,0,4,1471,0.735500,0.0000,0,0.0000,0,0.1406,2,0.4375,2,0.3750,2,0.0000,0,0.1875,2,0.1719,2,0.0000,0,0.1875,2
12861707.0,948.322191,2127.131217,3075.453408,3521,1034,0.00,0.1359,0.1250,7,0,3,1472,0.736000,0.0000,0,0.0000,0,0.1406,2,0.1875,2,0.3125,2,0.0000,0,0.1875,2,0.1719,2,0.1719,2,0.1875,2
12861716.0,948.325318,2127.142167,3075.467484,3522,1035,0.00,0.1531,0.1375,7,0,3,1472,0.736000,0.0000,0,0.0000,0,0.1406,2,0.1875,2,0.3125,2,0.0000,0,0.1875,2,0.1719,2,0.1719,2,0.3594,2
12861785.0,948.350710,2127.231292,3075.582002,3523,1035,0.00,0.1578,0.1500,8,0,2,1473,0.736500,0.0469,2,0.0000,0,0.1406,2,0.1875,2,0.3125,2,0.0000,0,0.1875,2,0.1719,2,0.1719,2,0.3594,2
12861913.0,948.400760,2127.408675,3075.809435,3524,1035,0.00,0.1531,0.1375,8,0,2,1474,0.737000,0.0000,0,0.0469,2,0.0938,2,0.1875,2,0.3125,2,0.0000,0,0.1875,2,0.1719,2,0.1719,2,0.3594,2
12861964.0,948.420619,2127.477050,3075.897669,3525,1035,0.00,0.1406,0.1250,7,1,2,1474,0.737000,0.0000,0,0.0000,1,0.1406,2,0.1875,2,0.1875,2,0.0000,0,0.1875,2,0.1719,2,0.1719,2,0.3594,2
12862107.0,948.471289,2127.645558,3076.116847,3526,1035,0.00,0.1422,0.1250,7,0,3,1474,0.737000,0.0000,0,0.0000,0,0.0938,2,0.2500,2,0.1875,2,0.0000,0,0.1875,2,0.1719,2,0.1719,2,0.3594,2
12862200.0,948.504049,2127.758708,3076.262757,3527,1035,0.00,0.1469,0.1375,7,0,3,1474,0.737000,0.0000,0,0.0000,0,0.0938,2,0.2500,2,0.2344,2,0.0000,0,0.1875,2,0.1719,2,0.1719,2,0.3594,2
12862249.0,948.521988,2127.822000,3076.343988,3528,1035,0.00,0.1641,0.1500,8,0,2,1475,0.737500,0.0000,0,0.0000,0,0.0938,2,0.2500,2,0.2344,2,0.1719,2,0.1875,2,0.1719,2,0.1719,2,0.3594,2
12862328.0,948.553356,2127.930733,3076.484089,3529,1036,0.00,0.1766,0.1500,8,0,2,1475,0.737500,0.0000,0,0.0000,0,0.0938,2,0.2500,2,0.1875,2,0.1719,2,0.3594,2,0.1719,2,0.1719,2,0.3594,2
12862338.0,948.557411,2127.944842,3076.502253,3530,1036,0.00,0.1641,0.1500,7,1,2,1475,0.737500,0.0000,0,0.0000,0,0.0938,2,0.2500,2,0.1875,2,0.0000,1,0.3594,2,0.2188,2,0.1719,2,0.3594,2
12862511.0,948.621812,2128.181350,3076.803163,3531,1037,0.00,0.1641,0.1500,7,0,3,1475,0.737500,0.0000,0,0.0000,0,0.0938,2,0.2500,2,0.1875,2,0.0000,0,0.3594,2,0.2188,2,0.3438,2,0.1875,2
12862618.0,948.659651,2128.313408,3076.973059,3532,1038,0.00,0.1641,0.1250,7,0,3,1475,0.737500,0.0000,0,0.0000,0,0.0938,2,0.1875,2,0.1875,2,0.0000,0,0.3594,2,0.1719,2,0.1719,2,0.4688,2
12872054.0,951.250885,2136.596125,3087.847010,3533,1038,0.00,0.0875,0.0875,6,0,4,1476,0.738000,0.0469,2,0.0000,0,0.0938,2,0.1875,2,0.1875,2,0.0000,0,0.0000,0,0.1719,2,0.0000,0,0.1875,2
12872223.0,951.294659,2136.734475,3088.029134,3534,1038,0.00,0.1203,0.0875,6,0,4,1477,0.738500,0.0000,0,0.3750,2,0.0938,2,0.1875,2,0.1875,2,0.0000,0,0.0000,0,0.1719,2,0.0000,0,0.1875,2
12872489.0,951.375706,2136.980525,3088.356231,3535,1038,0.00,0.1375,0.1000,6,0,4,1477,0.738500,0.0000,0,0.3750,2,0.2656,2,0.1875,2,0.1875,2,0.0000,0,0.0000,0,0.1719,2,0.0000,0,0.1875,2
12872492.0,951.376660,2136.983525,3088.360185,3536,1039,0.00,0.1547,0.1125,6,0,4,1477,0.738500,0.0000,0,0.3750,2,0.2656,2,0.3594,2,0.1875,2,0.0000,0,0.0000,0,0.1719,2,0.0000,0,0.1875,2
12872680.0,951.438967,2137.185625,3088.624592,3537,1040,0.00,0.1719,0.1250,6,0,4,1477,0.738500,0.0000,0,0.3750,2,0.2656,2,0.3594,2,0.3594,2,0.0000,0,0.0000,0,0.1719,2,0.0000,0,0.1875,2
12872680.0,951.439467,2137.185625,3088.625092,3538,1040,0.00,0.1891,0.1375,7,0,3,1478,0.739000,0.0000,0,0.3750,2,0.2656,2,0.3594,2,0.3594,2,0.1719,2,0.0000,0,0.1719,2,0.0000,0,0.1875,2
12872682.0,951.440745,2137.188208,3088.628953,3539,1040,0.00,0.2063,0.1500,8,0,2,1479,0.739500,0.0000,0,0.3750,2,0.2656,2,0.3594,2,0.3594,2,0.1719,2,0.1719,2,0.1719,2,0.0000,0,0.1875,2
12873021.0,951.587409,2137.674108,3089.261518,3540,1041,0.00,0.2234,0.1625,8,0,2,1479,0.739500,0.0000,0,0.3750,2,0.2656,2,0.3594,2,0.3594,2,0.1719,2,0.1719,2,0.3438,2,0.0000,0,0.1875,2
12873027.0,951.590585,2137.683158,3089.273744,3541,1041,0.00,0.2406,0.1750,9,0,1,1480,0.740000,0.0000,0,0.3750,2,0.2656,2,0.3594,2,0.3594,2,0.1719,2,0.1719,2,0.3438,2,0.1719,2,0.1875,2
12873027.0,951.590585,2137.683158,3089.273744,3542,1041,0.00,0.2453,0.1875,9,0,1,1480,0.740000,0.0000,0,0.3750,2,0.2656,2,0.3594,2,0.3594,2,0.1719,2,0.1719,2,0.3438,2,0.1719,2,0.2344,2
12873091.0,951.621912,2137.789283,3089.411196,3543,1041,0.00,0.2453,0.1875,10,0,0,1481,0.740500,0.1719,2,0.3750,2,0.0938,2,0.3594,2,0.3594,2,0.1719,2,0.1719,2,0.3438,2,0.1719,2,0.2344,2
12873188.0,951.672753,2137.963075,3089.635828,3544,1041,0.00,0.2500,0.2000,10,0,0,1481,0.740500,0.1719,2,0.4219,2,0.0938,2,0.3594,2,0.3594,2,0.1719,2,0.1719,2,0.3438,2,0.1719,2,0.2344,2
12873337.0,951.751392,2138.241208,3089.992600,3545,1041,0.00,0.2531,0.2125,10,0,0,1481,0.740500,0.1719,2,0.4219,2,0.1250,2,0.3594,2,0.3594,2,0.1719,2,0.1719,2,0.3438,2,0.1719,2,0.2344,2
12873410.0,951.790097,2138.382950,3090.173047,3546,1041,0.00,0.2578,0.2250,10,0,0,1481,0.740500,0.1719,2,0.4219,2,0.1250,2,0.4063,2,0.3594,2,0.1719,2,0.1719,2,0.3438,2,0.1719,2,0.2344,2
12873462.0,951.817858,2138.487817,3090.305674,3547,1041,0.00,0.2625,0.2375,10,0,0,1481,0.740500,0.1719,2,0.4219,2,0.1250,2,0.4063,2,0.4063,2,0.1719,2,0.1719,2,0.3438,2,0.1719,2,0.2344,2
12873484.0,951.829559,2138.531283,3090.360842,3548,1041,0.00,0.2578,0.2250,10,0,0,1481,0.740500,0.1719,2,0.4219,2,0.1250,2,0.3594,2,0.4063,2,0.2188,2,0.1719,2,0.2969,2,0.1719,2,0.2344,2
12873853.0,952.011314,2139.204200,3091.215514,3549,1042,0.00,0.2313,0.1875,9,0,1,1481,0.740500,0.1719,2,0.3750,2,0.1250,2,0.3594,2,0.1875,2,0.2188,2,0.3438,2,0.2969,2,0.0000,0,0.2344,2
12873863.0,952.016140,2139.221450,3091.237590,3550,1042,0.00,0.2359,0.2000,9,0,1,1481,0.740500,0.1719,2,0.3750,2,0.1250,2,0.3594,2,0.1875,2,0.2188,2,0.3438,2,0.3438,2,0.0000,0,0.2344,2
12873953.0,952.060278,2139.380825,3091.441103,3551,1042,0.00,0.2359,0.2000,10,0,0,1482,0.741000,0.1719,2,0.3750,2,0.1250,2,0.3594,2,0.1875,2,0.1719,2,0.3438,2,0.3438,2,0.0469,2,0.2344,2
12874160.0,952.167264,2139.767225,3091.934489,3552,1042,0.00,0.2406,0.2125,10,0,0,1482,0.741000,0.1719,2,0.3750,2,0.1250,2,0.3594,2,0.1875,2,0.1719,2,0.3438,2,0.3438,2,0.0469,2,0.2813,2
12874205.0,952.190372,2139.851500,3092.041872,3553,1042,0.00,0.2484,0.2125,9,0,1,1482,0.741000,0.2969,2,0.3750,2,0.1250,2,0.3594,2,0.1875,2,0.1719,2,0.3438,2,0.3438,2,0.0000,0,0.2813,2
12874227.0,952.201284,2139.892750,3092.094034,3554,1043,0.00,0.2656,0.2250,9,0,1,1482,0.741000,0.2969,2,0.5469,2,0.1250,2,0.3594,2,0.1875,2,0.1719,2,0.3438,2,0.3438,2,0.0000,0,0.2813,2
12874646.0,952.409276,2140.624525,3093.033801,3555,1043,0.00,0.2453,0.1875,9,0,1,1482,0.741000,0.1719,2,0.5469,2,0.1406,2,0.3594,2,0.1875,2,0.1719,2,0.3438,2,0.2969,2,0.0000,0,0.2344,2
12874788.0,952.476334,2140.858600,3093.334934,3556,1043,0.00,0.2078,0.1750,9,0,1,1482,0.741000,0.1719,2,0.1719,2,0.0938,2,0.4063,2,0.1875,2,0.1719,2,0.3438,2,0.2969,2,0.0000,0,0.2344,2
12874834.0,952.497697,2140.934500,3093.432197,3557,1044,0.00,0.2141,0.1875,9,0,1,1482,0.741000,0.1719,2,0.1719,2,0.0938,2,0.4063,2,0.2500,2,0.1719,2,0.3438,2,0.2969,2,0.0000,0,0.2344,2
12874867.0,952.513183,2140.991425,3093.504608,3558,1044,0.00,0.2188,0.2000,9,0,1,1482,0.741000,0.1719,2,0.1719,2,0.0938,2,0.4063,2,0.2500,2,0.2188,2,0.3438,2,0.2969,2,0.0000,0,0.2344,2
12875021.0,952.585405,2141.259250,3093.844655,3559,1044,0.00,0.2172,0.2000,9,0,1,1482,0.741000,0.1719,2,0.1719,2,0.0938,2,0.4063,2,0.1875,2,0.2188,2,0.3906,2,0.2969,2,0.0000,0,0.2344,2
12875277.0,952.704479,2141.685475,3094.389954,3560,1045,0.00,0.2281,0.1750,9,0,1,1482,0.741000,0.1719,2,0.1719,2,0.0938,2,0.3594,2,0.1875,2,0.1719,2,0.3438,2,0.5469,2,0.0000,0,0.2344,2
12875477.0,952.800727,2142.013825,3094.814552,3561,1045,0.00,0.2156,0.1750,10,0,0,1483,0.741500,0.1719,2,0.1719,2,0.0938,2,0.3594,2,0.1875,2,0.1719,2,0.3438,2,0.3750,2,0.0469,2,0.2344,2
12875486.0,952.805236,2142.029275,3094.834511,3562,1045,0.00,0.2203,0.1875,10,0,0,1483,0.741500,0.1719,2,0.1719,2,0.0938,2,0.3594,2,0.1875,2,0.1719,2,0.3438,2,0.3750,2,0.0469,2,0.2813,2
12875723.0,952.924847,2142.453900,3095.378747,3563,1045,0.00,0.2250,0.2000,10,0,0,1483,0.741500,0.2188,2,0.1719,2,0.0938,2,0.3594,2,0.1875,2,0.1719,2,0.3438,2,0.3750,2,0.0469,2,0.2813,2
12875872.0,952.998154,2142.720150,3095.718304,3564,1046,0.00,0.2375,0.2000,9,0,1,1483,0.741500,0.2188,2,0.3438,2,0.0938,2,0.3594,2,0.1875,2,0.1719,2,0.3438,2,0.3750,2,0.0000,0,0.2813,2
12875878.0,953.001079,2142.730950,3095.732029,3565,1046,0.00,0.2422,0.2125,9,0,1,1483,0.741500,0.2188,2,0.3438,2,0.1406,2,0.3594,2,0.1875,2,0.1719,2,0.3438,2,0.3750,2,0.0000,0,0.2813,2
12876014.0,953.067412,2142.976425,3096.043837,3566,1046,0.00,0.2375,0.2000,9,0,1,1483,0.741500,0.1719,2,0.3438,2,0.1406,2,0.4063,2,0.1875,2,0.1719,2,0.3438,2,0.3750,2,0.0000,0,0.2344,2
12876455.0,953.279606,2143.712775,3096.992381,3567,1046,0.00,0.2453,0.1875,9,0,1,1483,0.741500,0.1719,2,0.3438,2,0.0938,2,0.3594,2,0.3594,2,0.1719,2,0.3438,2,0.3750,2,0.0000,0,0.2344,2
12876741.0,953.417681,2144.188800,3097.606481,3568,1046,0.00,0.2328,0.1875,9,0,1,1483,0.741500,0.1719,2,0.3438,2,0.0938,2,0.3594,2,0.1875,2,0.2188,2,0.3438,2,0.3750,2,0.0000,0,0.2344,2
12902965.0,960.900264,2168.330908,3129.231172,3569,1047,0.00,0.0000,0.0000,0,3,7,1483,0.741500,0.0000,0,0.0000,0,0.0000,1,0.0000,1,0.0000,1,0.0000,0,0.0000,0,0.0000,0,0.0000,0,0.0000,0
