timestamp,cpu_energy_kwh,gpu_energy_kwh,total_energy_kwh,tasks_scheduled,sla_violations,avg_sla_slack,cluster_cpu_util,cluster_gpu_util
0.0,0.000000,0.000000,0.000000,1,0,0.00,0.1875,0.0125
427061.0,151.695626,348.766483,500.462109,2,0,0.00,0.1406,0.0250
1558381.0,570.048334,1357.526817,1927.575151,3,0,0.00,0.1563,0.0375
2690044.0,996.779591,2451.467717,3448.247307,4,0,0.00,0.1406,0.0500
2758084.0,1023.428591,2522.342717,3545.771307,5,0,0.00,0.1875,0.0625
2759674.0,1024.089986,2523.998967,3548.088953,6,0,0.00,0.2125,0.0625
3019330.0,1133.361886,2813.948167,3947.310053,7,0,0.00,0.2250,0.0750
3019932.0,1133.624007,2814.665550,3948.289557,8,0,0.00,0.2625,0.0875
4130198.0,1633.243707,4221.002483,5854.246191,9,0,0.00,0.2500,0.1000
4975773.0,2026.083759,5355.482275,7381.566034,10,0,0.00,0.2813,0.1125
5182092.0,2125.947886,5647.767525,7773.715411,11,0,0.00,0.2768,0.1250
6394537.0,2721.645690,7456.331317,10177.977007,12,0,0.00,0.2902,0.1375
6588193.0,2818.675415,7759.725717,10578.401132,13,0,0.00,0.2695,0.1500
6976821.0,3017.172564,8397.723350,11414.895914,14,0,0.00,0.2852,0.1625
8387257.0,3764.997485,10818.971817,14583.969301,15,0,0.00,0.3164,0.1750
8396307.0,3769.971842,10835.186400,14605.158242,16,0,0.00,0.3477,0.1875
8962274.0,4103.067004,11849.210608,15952.277612,17,0,0.00,0.4102,0.1875
9437497.0,4405.856658,12700.651817,17106.508475,18,0,0.00,0.5820,0.1875
9476974.0,4431.009539,12774.342217,17205.351755,19,0,0.00,0.5938,0.2000
9664050.0,4552.024326,13137.581450,17689.605776,20,0,0.00,0.6094,0.2125
9664123.0,4552.072258,13137.728667,17689.800924,21,0,0.00,0.6250,0.2250
9671707.0,4557.051891,13153.591867,17710.643758,22,0,0.00,0.6406,0.2375
9679175.0,4561.991662,13169.772533,17731.764195,23,0,0.00,0.6484,0.2500
9766837.0,4620.828692,13366.281517,17987.110208,24,0,0.00,0.6719,0.2625
9818766.0,4656.692157,13486.583700,18143.275857,25,0,0.00,0.7031,0.2750
9823530.0,4660.005453,13497.977600,18157.983053,26,0,0.00,0.7109,0.2875
9924220.0,4731.991811,13746.346267,18478.338077,27,0,0.00,0.6597,0.3000
9941376.0,4744.257159,13789.951100,18534.208259,28,0,0.00,0.6615,0.3125
9949982.0,4750.577191,13812.470133,18563.047324,29,0,0.00,0.6892,0.3250
9955274.0,4754.489228,13826.714433,18581.203661,30,0,0.00,0.6266,0.3375
9957349.0,4756.023143,13832.455267,18588.478410,31,0,0.00,0.6516,0.3500
9961302.0,4758.945343,13843.688375,18602.633718,32,0,0.00,0.6766,0.3625
9963454.0,4760.536180,13849.965042,18610.501221,33,0,0.00,0.6859,0.3750
9965463.0,4762.021305,13855.975300,18617.996605,34,0,0.00,0.6906,0.3875
9965619.0,4762.139659,13856.453700,18618.593359,35,0,0.00,0.7156,0.4000
9967058.0,4763.259381,13860.974558,18624.233939,36,0,0.00,0.7406,0.4125
9967204.0,4763.373519,13861.444192,18624.817711,37,0,0.00,0.7453,0.4250
9970479.0,4765.997499,13872.224400,18638.221899,38,0,0.00,0.7703,0.4375
9973579.0,4768.496336,13882.661067,18651.157403,39,0,0.00,0.7766,0.4500
9973948.0,4768.795572,13883.931042,18652.726614,40,0,0.00,0.7828,0.4625
9974338.0,4769.115630,13885.302542,18654.418171,41,0,0.00,0.7953,0.4750
9976185.0,4770.631388,13891.936350,18662.567738,42,0,0.00,0.8000,0.4875
9977555.0,4771.760687,13896.959683,18668.720370,43,0,0.00,0.8047,0.5000
9980855.0,4774.504957,13909.307183,18683.812141,44,0,0.00,0.8141,0.5125
9983856.0,4777.011522,13920.761000,18697.772522,45,0,0.00,0.8188,0.5250
9985207.0,4778.139935,13926.018642,18704.158577,46,0,0.00,0.8234,0.5375
9989432.0,4781.684241,13942.777808,18724.462049,47,0,0.00,0.8281,0.5500
9989615.0,4781.838425,13943.517433,18725.355858,48,0,0.00,0.8328,0.5625
9992086.0,4783.944352,13953.504392,18737.448743,49,0,0.00,0.8453,0.5625
9992086.0,4783.944352,13953.504392,18737.448743,50,0,0.00,0.8578,0.5625
9992104.0,4783.959998,13953.577142,18737.537140,51,0,0.00,0.8703,0.5625
9993395.0,4785.088503,13958.891758,18743.980261,52,0,0.00,0.8766,0.5750
9993396.0,4785.089377,13958.895950,18743.985327,53,0,0.00,0.8828,0.5875
9993753.0,4785.406648,13960.419150,18745.825798,54,0,0.00,0.9016,0.6000
9997763.0,4788.970397,13977.829233,18766.799630,55,0,0.00,0.9078,0.6125
9999611.0,4790.619480,13985.991233,18776.610713,56,0,0.00,0.9125,0.6250
9999740.0,4790.736476,13986.570658,18777.307134,57,0,0.00,0.9313,0.6375
9999867.0,4790.852121,13987.150625,18778.002746,58,0,0.00,0.9359,0.6500
10000483.0,4791.419033,13990.009892,18781.428925,59,0,0.00,0.9484,0.6625
10000836.0,4791.744761,13991.674875,18783.419636,60,0,0.00,0.9656,0.6750
10000884.0,4791.789053,13991.901275,18783.690328,61,0,0.00,0.9781,0.6750
10001573.0,4792.427335,13995.202733,18787.630068,62,0,0.00,0.9828,0.6875
10001854.0,4792.690724,13996.570267,18789.260990,63,0,0.00,1.0016,0.7000
10002519.0,4793.326976,13999.856475,18793.183451,64,0,0.00,1.0266,0.7125
10002813.0,4793.612555,14001.331375,18794.943930,65,0,0.00,1.0453,0.7250
10003114.0,4793.904932,14002.863967,18796.768899,66,0,0.00,1.0641,0.7375
10004799.0,4795.549855,14011.569800,18807.119655,67,0,0.00,1.0703,0.7500
10005625.0,4796.359220,14015.899417,18812.258637,68,0,0.00,1.0750,0.7625
10008375.0,4799.063864,14030.520250,18829.584114,69,0,0.00,1.0797,0.7750
10009087.0,4799.766717,14034.359117,18834.125834,70,0,0.00,1.0844,0.7875
10009222.0,4799.899983,14035.097117,18834.997099,71,0,0.00,1.1125,0.8000
10011081.0,4801.748655,14045.399075,18847.147730,72,0,0.00,1.1406,0.8125
10011177.0,4801.844122,14045.938275,18847.782397,73,0,0.00,1.1453,0.8250
10011398.0,4802.068191,14047.196133,18849.264324,74,0,0.00,1.1703,0.8375
10011759.0,4802.437715,14049.277900,18851.715615,75,0,0.00,1.1828,0.8500
10013436.0,4804.168577,14059.074375,18863.242952,76,0,0.00,1.2078,0.8625
10013677.0,4804.417317,14060.500292,18864.917609,77,0,0.00,1.2125,0.8750
10013797.0,4804.541171,14061.219292,18865.760463,78,0,0.00,1.2375,0.8875
10014736.0,4805.519459,14066.915892,18872.435351,79,0,0.00,1.2500,0.9000
10014814.0,4805.600723,14067.394942,18872.995664,80,0,0.00,1.2594,0.9125
10014946.0,4805.738887,14068.215542,18873.954429,81,0,0.00,1.2656,0.9250
10015701.0,4806.536487,14072.965750,18879.502237,82,0,0.00,1.2781,0.9375
10015833.0,4806.676416,14073.806150,18880.482566,83,0,0.00,1.2844,0.9500
10016935.0,4807.849970,14080.904867,18888.754836,84,0,0.00,1.2906,0.9625
10017162.0,4808.092537,14082.384150,18890.476687,85,0,0.00,1.2953,0.9750
10017643.0,4808.612952,14085.554742,18894.167694,86,0,0.00,1.3125,0.9875
10017811.0,4808.795535,14086.674742,18895.470277,87,0,0.00,1.3188,1.0000
10018219.0,4809.238952,14089.394742,18898.633694,88,0,0.00,1.3234,1.0000
10018378.0,4809.411754,14090.454742,18899.866496,89,0,0.00,1.3281,1.0000
10018598.0,4809.650851,14091.921408,18901.572260,90,0,0.00,1.3406,1.0000
10018784.0,4809.852997,14093.161408,18903.014405,91,0,0.00,1.3453,1.0000
10019718.0,4810.868073,14099.388075,18910.256148,92,0,0.00,1.3734,1.0000
10019860.0,4811.022400,14100.334742,18911.357141,93,0,0.00,1.3797,1.0000
10020315.0,4811.516896,14103.368075,18914.884971,94,0,0.00,1.3922,1.0000
10020698.0,4811.933143,14105.921408,18917.854551,95,0,0.00,1.3969,1.0000
10022793.0,4814.210001,14119.888075,18934.098076,96,0,0.00,1.4156,1.0000
10024695.0,4816.277105,14132.568075,18948.845180,97,0,0.00,1.4281,1.0000
10024890.0,4816.489032,14133.868075,18950.357107,98,0,0.00,1.4328,1.0000
10025530.0,4817.184587,14138.134742,18955.319329,99,0,0.00,1.4375,1.0000
10027236.0,4819.038678,14149.508075,18968.546753,100,0,0.00,1.4438,1.0000
10027236.0,4819.038678,14149.508075,18968.546753,101,0,0.00,1.4500,1.0000
10027446.0,4819.266907,14150.908075,18970.174982,102,0,0.00,1.4688,1.0000
10027539.0,4819.367980,14151.528075,18970.896055,103,0,0.00,1.4813,1.0000
10027911.0,4819.772271,14154.008075,18973.780346,104,0,0.00,1.4875,1.0000
10028213.0,4820.100487,14156.021408,18976.121895,105,0,0.00,1.4922,1.0000
10028677.0,4820.604764,14159.114742,18979.719506,106,0,0.00,1.4969,1.0000
10029041.0,4821.000362,14161.541408,18982.541770,107,0,0.00,1.5016,1.0000
10030787.0,4822.897924,14173.181408,18996.079332,108,0,0.00,1.5063,1.0000
10030840.0,4822.955525,14173.534742,18996.490266,109,0,0.00,1.5109,1.0000
10032059.0,4824.280341,14181.661408,19005.941749,110,0,0.00,1.5250,1.0000
10032623.0,4824.893299,14185.421408,19010.314707,111,0,0.00,1.5297,1.0000
10032792.0,4825.076969,14186.548075,19011.625044,112,0,0.00,1.5344,1.0000
10033656.0,4826.015969,14192.308075,19018.324044,113,0,0.00,1.5531,1.0000
10033713.0,4826.077917,14192.688075,19018.765992,114,0,0.00,1.5625,1.0000
10033926.0,4826.309407,14194.108075,19020.417482,115,0,0.00,1.5750,1.0000
10034479.0,4826.910410,14197.794742,19024.705152,116,0,0.00,1.5797,1.0000
10034615.0,4827.058216,14198.701408,19025.759624,117,0,0.00,1.7172,1.0000
10035396.0,4827.907011,14203.908075,19031.815086,118,0,0.00,1.7359,1.0000
10036115.0,4828.688424,14208.701408,19037.389832,119,0,0.00,1.7547,1.0000
10036187.0,4828.766674,14209.181408,19037.948082,120,0,0.00,1.7594,1.0000
10036552.0,4829.163358,14211.614742,19040.778100,121,0,0.00,1.7656,1.0000
10036751.0,4829.379632,14212.941408,19042.321041,122,0,0.00,1.7703,1.0000
10036875.0,4829.514396,14213.768075,19043.282471,123,0,0.00,1.7750,1.0000
10037662.0,4830.369712,14219.014742,19049.384454,124,0,0.00,1.7797,1.0000
10037976.0,4830.710969,14221.108075,19051.819044,125,0,0.00,1.7984,1.0000
10038341.0,4831.107653,14223.541408,19054.649062,126,0,0.00,1.8047,1.0000
10039366.0,4832.221629,14230.374742,19062.596371,127,0,0.00,1.8172,1.0000
10039428.0,4832.289011,14230.788075,19063.077086,128,0,0.00,1.8297,1.0000
10039573.0,4832.446598,14231.754742,19064.201339,129,0,0.00,1.8359,1.0000
10039634.0,4832.512893,14232.161408,19064.674301,130,0,0.00,1.8641,1.0000
10039873.0,4832.772639,14233.754742,19066.527381,131,0,0.00,1.8766,1.0000
10040570.0,4833.530143,14238.401408,19071.931551,132,0,0.00,1.8891,1.0000
10040740.0,4833.714900,14239.534742,19073.249641,133,0,0.00,1.9016,1.0000
10041157.0,4834.168098,14242.314742,19076.482839,134,0,0.00,1.9141,1.0000
10041292.0,4834.314816,14243.214742,19077.529558,135,0,0.00,1.9188,1.0000
10041344.0,4834.371330,14243.561408,19077.932739,136,0,0.00,1.9234,1.0000
10041954.0,4835.034282,14247.628075,19082.662357,137,0,0.00,1.9281,1.0000
10042650.0,4835.790698,14252.268075,19088.058773,138,0,0.00,1.9406,1.0000
10043265.0,4836.459084,14256.368075,19092.827159,139,0,0.00,1.9688,1.0000
10046254.0,4839.707546,14276.294742,19116.002287,140,0,0.00,1.9875,1.0000
10046254.0,4839.707546,14276.294742,19116.002287,141,0,0.00,1.9969,1.0000
10047020.0,4840.540039,14281.401408,19121.941447,142,0,0.00,2.0016,1.0000
10047038.0,4840.559601,14281.521408,19122.081010,143,0,0.00,2.0063,1.0000
10047603.0,4841.173646,14285.288075,19126.461721,144,0,0.00,2.0109,1.0000
10049677.0,4843.427681,14299.114742,19142.542423,145,0,0.00,2.0297,1.0000
10050573.0,4844.401459,14305.088075,19149.489534,146,0,0.00,2.0359,1.0000
10051156.0,4845.035066,14308.974742,19154.009808,147,0,0.00,2.0406,1.0000
10051357.0,4845.253514,14310.314742,19155.568256,148,0,0.00,2.0656,1.0000
10052128.0,4846.091441,14315.454742,19161.546183,149,0,0.00,2.0703,1.0000
10052438.0,4846.428351,14317.521408,19163.949760,150,0,0.00,2.0953,1.0000
10052820.0,4846.843511,14320.068075,19166.911586,151,0,0.00,2.1234,1.0000
10053065.0,4847.109778,14321.701408,19168.811187,152,0,0.00,2.1359,1.0000
10053622.0,4847.715129,14325.414742,19173.129871,153,0,0.00,2.1406,1.0000
10054239.0,4848.385688,14329.528075,19177.913763,154,0,0.00,2.1656,1.0000
10055123.0,4849.346424,14335.421408,19184.767832,155,0,0.00,2.1703,1.0000
10056973.0,4851.357014,14347.754742,19199.111756,156,0,0.00,2.1797,1.0000
10057657.0,4852.100389,14352.314742,19204.415131,157,0,0.00,2.1844,1.0000
10058979.0,4853.537146,14361.128075,19214.665221,158,0,0.00,2.1891,1.0000
10059143.0,4853.715382,14362.221408,19215.936791,159,0,0.00,2.2016,1.0000
10059169.0,4853.743639,14362.394742,19216.138381,160,0,0.00,2.2063,1.0000
10059451.0,4854.050119,14364.274742,19218.324860,161,0,0.00,2.2125,1.0000
10059776.0,4854.403330,14366.441408,19220.844739,162,0,0.00,2.2172,1.0000
10059888.0,4854.525053,14367.188075,19221.713128,163,0,0.00,2.2219,1.0000
10060370.0,4855.048893,14370.401408,19225.450301,164,0,0.00,2.2281,1.0000
10060714.0,4855.422754,14372.694742,19228.117496,165,0,0.00,2.2375,1.0000
10060718.0,4855.427101,14372.721408,19228.148510,166,0,0.00,2.2500,1.0000
10061136.0,4855.881386,14375.508075,19231.389461,167,0,0.00,2.2688,1.0000
10062602.0,4857.474643,14385.281408,19242.756051,168,0,0.00,2.2750,1.0000
10065188.0,4860.285122,14402.521408,19262.806530,169,0,0.00,2.2797,1.0000
10065461.0,4860.581820,14404.341408,19264.923228,170,0,0.00,2.2844,1.0000
10066995.0,4862.248980,14414.568075,19276.817055,171,0,0.00,2.2891,1.0000
10068089.0,4863.437945,14421.861408,19285.299353,172,0,0.00,2.2938,1.0000
10071515.0,4867.161341,14444.701408,19311.862749,173,0,0.00,2.3063,1.0000
10072956.0,4868.727428,14454.308075,19323.035503,174,0,0.00,2.3250,1.0000
10072977.0,4868.750251,14454.448075,19323.198326,175,0,0.00,2.3500,1.0000
10073827.0,4869.674035,14460.114742,19329.788777,176,0,0.00,2.3547,1.0000
10075751.0,4871.765049,14472.941408,19344.706457,177,0,0.00,2.3594,1.0000
10076540.0,4872.622539,14478.201408,19350.823947,178,0,0.00,2.3641,1.0000
10076597.0,4872.684487,14478.581408,19351.265895,179,0,0.00,2.3688,1.0000
10077065.0,4873.193112,14481.701408,19354.894520,180,0,0.00,2.3750,1.0000
10077174.0,4873.311573,14482.428075,19355.739648,181,0,0.00,2.3797,1.0000
10078477.0,4874.740349,14491.114742,19365.855091,182,0,0.00,2.3922,1.0000
10079174.0,4875.504629,14495.761408,19371.266037,183,0,0.00,2.3969,1.0000
10079912.0,4876.313866,14500.681408,19376.995275,184,0,0.00,2.4016,1.0000
10081543.0,4878.102303,14511.554742,19389.657045,185,0,0.00,2.4141,1.0000
10082034.0,4878.640698,14514.828075,19393.468773,186,0,0.00,2.4188,1.0000
10082398.0,4879.039835,14517.254742,19396.294576,187,0,0.00,2.4250,1.0000
10084139.0,4880.948889,14528.861408,19409.810298,188,0,0.00,2.4313,1.0000
10084399.0,4881.233987,14530.594742,19411.828728,189,0,0.00,2.4438,1.0000
10086450.0,4883.482965,14544.268075,19427.751040,190,0,0.00,2.4484,1.0000
10087455.0,4884.584976,14550.968075,19435.553051,191,0,0.00,2.4531,1.0000
10087711.0,4884.865687,14552.674742,19437.540428,192,0,0.00,2.4703,1.0000
10087754.0,4884.912837,14552.961408,19437.874246,193,0,0.00,2.4750,1.0000
10087849.0,4885.017007,14553.594742,19438.611749,194,0,0.00,2.4922,1.0000
10088207.0,4885.409564,14555.981408,19441.390973,195,0,0.00,2.4984,1.0000
10088963.0,4886.238539,14561.021408,19447.259948,196,0,0.00,2.5172,1.0000
10089624.0,4886.963344,14565.428075,19452.391419,197,0,0.00,2.5219,1.0000
10089802.0,4887.158526,14566.614742,19453.773268,198,0,0.00,2.5500,1.0000
10090200.0,4887.594944,14569.268075,19456.863019,199,0,0.00,2.5563,1.0000
10090303.0,4887.707887,14569.954742,19457.662628,200,0,0.00,2.5609,1.0000
10090557.0,4887.986405,14571.648075,19459.634480,201,0,0.00,2.5781,1.0000
10090801.0,4888.253957,14573.274742,19461.528699,202,0,0.00,2.6063,1.0000
10091052.0,4888.529186,14574.948075,19463.477261,203,0,0.00,2.6125,1.0000
10091074.0,4888.553310,14575.094742,19463.648051,204,0,0.00,2.6172,1.0000
10091866.0,4889.421760,14580.374742,19469.796501,205,0,0.00,2.6344,1.0000
10091963.0,4889.528123,14581.021408,19470.549531,206,0,0.00,2.6469,1.0000
10093366.0,4891.066551,14590.374742,19481.441293,207,0,0.00,2.6531,1.0000
10093458.0,4891.167432,14590.988075,19482.155507,208,0,0.00,2.6578,1.0000
10094677.0,4892.504099,14599.114742,19491.618841,209,0,0.00,2.6703,1.0000
10095374.0,4893.268379,14603.761408,19497.029787,210,0,0.00,2.6750,1.0000
10096044.0,4894.003053,14608.228075,19502.231128,211,0,0.00,2.6813,1.0000
10096319.0,4894.304598,14610.061408,19504.366006,212,0,0.00,2.6859,1.0000
10096985.0,4895.034885,14614.501408,19509.536294,213,0,0.00,2.7031,1.0000
10097319.0,4895.401126,14616.728075,19512.129201,214,0,0.00,2.7281,1.0000
10098174.0,4896.338657,14622.428075,19518.766732,215,0,0.00,2.7531,1.0000
10099853.0,4898.179727,14633.621408,19531.801135,216,0,0.00,2.7813,1.0000
10101508.0,4899.994480,14644.654742,19544.649222,217,0,0.00,2.7859,1.0000
10101656.0,4900.156766,14645.641408,19545.798175,218,0,0.00,2.7906,1.0000
10101831.0,4900.348659,14646.808075,19547.156734,219,0,0.00,2.8078,1.0000
10102468.0,4901.047147,14651.054742,19552.101889,220,0,0.00,2.8125,1.0000
10102699.0,4901.300445,14652.594742,19553.895187,221,0,0.00,2.8172,1.0000
10103062.0,4901.698485,14655.014742,19556.713226,222,0,0.00,2.8297,1.0000
10103067.0,4901.703967,14655.048075,19556.752042,223,0,0.00,2.8422,1.0000
10103070.0,4901.707257,14655.068075,19556.775332,224,0,0.00,2.8547,1.0000
10103080.0,4901.718222,14655.134742,19556.852964,225,0,0.00,2.8672,1.0000
10103554.0,4902.237976,14658.294742,19560.532718,226,0,0.00,2.8859,1.0000
10103657.0,4902.350919,14658.981408,19561.332327,227,0,0.00,2.8922,1.0000
10103830.0,4902.540618,14660.134742,19562.675360,228,0,0.00,2.9047,1.0000
10104296.0,4903.051600,14663.241408,19566.293008,229,0,0.00,2.9234,1.0000
10104920.0,4903.735833,14667.401408,19571.137241,230,0,0.00,2.9359,1.0000
10105081.0,4903.912374,14668.474742,19572.387116,231,0,0.00,2.9531,1.0000
10105616.0,4904.499016,14672.041408,19576.540425,232,0,0.00,2.9578,1.0000
10106099.0,4905.028639,14675.261408,19580.290048,233,0,0.00,2.9625,1.0000
10106214.0,4905.154740,14676.028075,19581.182815,234,0,0.00,2.9672,1.0000
10106404.0,4905.363080,14677.294742,19582.657822,235,0,0.00,2.9719,1.0000
10106593.0,4905.571473,14678.554742,19584.126214,236,0,0.00,2.9844,1.0000
10106755.0,4905.750094,14679.634742,19585.384836,237,0,0.00,2.9891,1.0000
10107108.0,4906.139314,14681.988075,19588.127389,238,0,0.00,2.9938,1.0000
10107156.0,4906.192239,14682.308075,19588.500314,239,0,0.00,2.9984,1.0000
10107360.0,4906.417170,14683.668075,19590.085245,240,0,0.00,3.0047,1.0000
10107678.0,4906.767798,14685.788075,19592.555873,241,0,0.00,3.0094,1.0000
10107700.0,4906.792055,14685.934742,19592.726797,242,0,0.00,3.0156,1.0000
10108119.0,4907.254047,14688.728075,19595.982122,243,0,0.00,3.0281,1.0000
10108195.0,4907.337844,14689.234742,19596.572586,244,0,0.00,3.0563,1.0000
10108262.0,4907.411719,14689.681408,19597.093127,245,0,0.00,3.0609,1.0000
10108896.0,4908.110770,14693.908075,19602.018845,246,0,0.00,3.0734,1.0000
10110007.0,4909.335763,14701.314742,19610.650505,247,0,0.00,3.0922,1.0000
10110007.0,4909.335763,14701.314742,19610.650505,248,0,0.00,3.1063,1.0000
10110042.0,4909.374354,14701.548075,19610.922429,249,0,0.00,3.1203,1.0000
10110515.0,4909.895886,14704.701408,19614.597294,250,0,0.00,3.1391,1.0000
10110888.0,4910.307157,14707.188075,19617.495232,251,0,0.00,3.1453,1.0000
10112199.0,4911.752672,14715.928075,19627.680747,252,0,0.00,3.1703,1.0000
10112326.0,4911.892702,14716.774742,19628.667444,253,0,0.00,3.1750,1.0000
10112685.0,4912.288537,14719.168075,19631.456612,254,0,0.00,3.1813,1.0000
10112996.0,4912.631447,14721.241408,19633.872855,255,0,0.00,3.1859,1.0000
10113134.0,4912.783606,14722.161408,19634.945015,256,0,0.00,3.2047,1.0000
10113347.0,4913.018461,14723.581408,19636.599869,257,0,0.00,3.2234,1.0000
10114193.0,4913.951264,14729.221408,19643.172673,258,0,0.00,3.2359,1.0000
10114274.0,4914.040575,14729.761408,19643.801984,259,0,0.00,3.2406,1.0000
10114302.0,4914.071448,14729.948075,19644.019523,260,0,0.00,3.2594,1.0000
10115077.0,4914.925966,14735.114742,19650.040708,261,0,0.00,3.2719,1.0000
10117363.0,4917.446519,14750.354742,19667.801261,262,0,0.00,3.2969,1.0000
10118303.0,4918.482967,14756.621408,19675.104376,263,0,0.00,3.3141,1.0000
10118657.0,4918.873289,14758.981408,19677.854698,264,0,0.00,3.3391,1.0000
10119177.0,4919.446643,14762.448075,19681.894718,265,0,0.00,3.3672,1.0000
10119674.0,4919.994638,14765.761408,19685.756046,266,0,0.00,3.3859,1.0000
10119716.0,4920.040947,14766.041408,19686.082355,267,0,0.00,3.4047,1.0000
10119805.0,4920.139079,14766.634742,19686.773820,268,0,0.00,3.4234,1.0000
10119881.0,4920.222877,14767.141408,19687.364285,269,0,0.00,3.4359,1.0000
10121149.0,4921.620979,14775.594742,19697.215720,270,0,0.00,3.4422,1.0000
10121200.0,4921.677212,14775.934742,19697.611953,271,0,0.00,3.4547,1.0000
10122873.0,4923.521868,14787.088075,19710.609943,272,0,0.00,3.4641,1.0000
10122912.0,4923.564870,14787.348075,19710.912945,273,0,0.00,3.4813,1.0000
10122958.0,4923.615590,14787.654742,19711.270331,274,0,0.00,3.4859,1.0000
10122966.0,4923.624411,14787.708075,19711.332486,275,0,0.00,3.5031,1.0000
10123048.0,4923.714824,14788.254742,19711.969566,276,0,0.00,3.5203,1.0000
10123058.0,4923.725850,14788.321408,19712.047259,277,0,0.00,3.5375,1.0000
10123064.0,4923.732466,14788.361408,19712.093874,278,0,0.00,3.5547,1.0000
10123510.0,4924.224227,14791.334742,19715.558969,279,0,0.00,3.5563,1.0000
10123536.0,4924.252895,14791.508075,19715.760970,280,0,0.00,3.5609,1.0000
10123839.0,4924.586984,14793.528075,19718.115059,281,0,0.00,3.5734,1.0000
10125159.0,4926.042422,14802.328075,19728.370497,282,0,0.00,3.5859,1.0000
10125279.0,4926.174734,14803.128075,19729.302809,283,0,0.00,3.5906,1.0000
10126505.0,4927.526527,14811.301408,19738.827935,284,0,0.00,3.6078,1.0000
10127058.0,4928.136267,14814.988075,19743.124342,285,0,0.00,3.6125,1.0000
10127814.0,4928.969836,14820.028075,19748.997911,286,0,0.00,3.6172,1.0000
10128880.0,4930.145212,14827.134742,19757.279953,287,0,0.00,3.6422,1.0000
10129654.0,4930.998627,14832.294742,19763.293369,288,0,0.00,3.6609,1.0000
10130831.0,4932.296392,14840.141408,19772.437801,289,0,0.00,3.6656,1.0000
10131649.0,4933.198323,14845.594742,19778.793064,290,0,0.00,3.6703,1.0000
10131993.0,4933.577618,14847.888075,19781.465693,291,0,0.00,3.6750,1.0000
10132682.0,4934.337313,14852.481408,19786.818721,292,0,0.00,3.6797,1.0000
10132818.0,4934.487267,14853.388075,19787.875342,293,0,0.00,3.6844,1.0000
10133439.0,4935.171984,14857.528075,19792.700059,294,0,0.00,3.7094,1.0000
10133558.0,4935.303194,14858.321408,19793.624602,295,0,0.00,3.7219,1.0000
10133995.0,4935.785032,14861.234742,19797.019774,296,0,0.00,3.7266,1.0000
10134129.0,4935.932781,14862.128075,19798.060856,297,0,0.00,3.7313,1.0000
10134157.0,4935.963654,14862.314742,19798.278395,298,0,0.00,3.8688,1.0000
10134400.0,4936.231587,14863.934742,19800.166328,299,0,0.00,3.8938,1.0000
10134541.0,4936.387054,14864.874742,19801.261795,300,0,0.00,3.8984,1.0000
10135536.0,4937.484145,14871.508075,19808.992220,301,0,0.00,3.9172,1.0000
10136146.0,4938.156734,14875.574742,19813.731475,302,0,0.00,3.9219,1.0000
10136410.0,4938.447821,14877.334742,19815.782563,303,0,0.00,3.9266,1.0000
10137416.0,4939.557041,14884.041408,19823.598449,304,0,0.00,3.9328,1.0000
10138838.0,4941.124944,14893.521408,19834.646352,305,0,0.00,3.9578,1.0000
10139183.0,4941.505342,14895.821408,19837.326751,306,0,0.00,3.9625,1.0000
10139527.0,4941.884638,14898.114742,19839.999380,307,0,0.00,3.9906,1.0000
10139540.0,4941.898972,14898.201408,19840.100380,308,0,0.00,4.0188,1.0000
10141076.0,4943.592572,14908.441408,19852.033980,309,0,0.00,4.0234,1.0000
10142678.0,4945.358944,14919.121408,19864.480352,310,0,0.00,4.0359,1.0000
10143373.0,4946.125254,14923.754742,19869.879995,311,0,0.00,4.0453,1.0000
10145120.0,4948.051503,14935.401408,19883.452912,312,0,0.00,4.0500,1.0000
10145223.0,4948.165072,14936.088075,19884.253147,313,0,0.00,4.0547,1.0000
10145321.0,4948.273127,14936.741408,19885.014535,314,0,0.00,4.0734,1.0000
10145662.0,4948.649115,14939.014742,19887.663856,315,0,0.00,4.0859,1.0000
10145872.0,4948.880662,14940.414742,19889.295403,316,0,0.00,4.0906,1.0000
10146322.0,4949.376834,14943.414742,19892.791575,317,0,0.00,4.0953,1.0000
10150141.0,4953.587679,14968.874742,19922.462420,318,0,0.00,4.1000,1.0000
10150356.0,4953.824739,14970.308075,19924.132814,319,0,0.00,4.1094,1.0000
10152278.0,4955.943944,14983.121408,19939.065352,320,0,0.00,4.1219,1.0000
10153572.0,4957.370714,14991.748075,19949.118789,321,0,0.00,4.1281,1.0000
10153654.0,4957.461127,14992.294742,19949.755869,322,0,0.00,4.1469,1.0000
10157405.0,4961.596995,15017.301408,19978.898404,323,0,0.00,4.1516,1.0000
10160855.0,4965.400980,15040.301408,20005.702388,324,0,0.00,4.1563,1.0000
10164141.0,4969.024137,15062.208075,20031.232212,325,0,0.00,4.1688,1.0000
10164277.0,4969.174091,15063.114742,20032.288833,326,0,0.00,4.1750,1.0000
10164565.0,4969.491641,15065.034742,20034.526383,327,0,0.00,4.1875,1.0000
10164623.0,4969.555592,15065.421408,20034.977001,328,0,0.00,4.1922,1.0000
10164722.0,4969.664750,15066.081408,20035.746159,329,0,0.00,4.1984,1.0000
10164859.0,4969.815807,15066.994742,20036.810549,330,0,0.00,4.2109,1.0000
10165064.0,4970.041841,15068.361408,20038.403249,331,0,0.00,4.2156,1.0000
10165173.0,4970.162025,15069.088075,20039.250100,332,0,0.00,4.2250,1.0000
10166412.0,4971.528151,15077.348075,20048.876226,333,0,0.00,4.2297,1.0000
10166484.0,4971.607539,15077.828075,20049.435614,334,0,0.00,4.2344,1.0000
10167716.0,4972.965947,15086.041408,20059.007355,335,0,0.00,4.2391,1.0000
10168027.0,4973.308857,15088.114742,20061.423599,336,0,0.00,4.2453,1.0000
10168347.0,4973.661690,15090.248075,20063.909765,337,0,0.00,4.2500,1.0000
10168366.0,4973.682640,15090.374742,20064.057381,338,0,0.00,4.2750,1.0000
10168713.0,4974.065243,15092.688075,20066.753318,339,0,0.00,4.2844,1.0000
10169200.0,4974.602212,15095.934742,20070.536953,340,0,0.00,4.2969,1.0000
10169375.0,4974.795167,15097.101408,20071.896576,341,0,0.00,4.3016,1.0000
10172374.0,4978.101877,15117.094742,20095.196619,342,0,0.00,4.3188,1.0000
10173573.0,4979.423900,15125.088075,20104.511975,343,0,0.00,4.3422,1.0000
10173649.0,4979.507698,15125.594742,20105.102439,344,0,0.00,4.3469,1.0000
10174699.0,4980.665432,15132.594742,20113.260174,345,0,0.00,4.3594,1.0000
10174703.0,4980.669842,15132.621408,20113.291251,346,0,0.00,4.3828,1.0000
10174773.0,4980.747025,15133.088075,20113.835100,347,0,0.00,4.3922,1.0000
10174834.0,4980.814284,15133.494742,20114.309025,348,0,0.00,4.4016,1.0000
10174996.0,4980.992905,15134.574742,20115.567647,349,0,0.00,4.4078,1.0000
10175575.0,4981.631313,15138.434742,20120.066055,350,0,0.00,4.4141,1.0000
10175763.0,4981.838603,15139.688075,20121.526678,351,0,0.00,4.4188,1.0000
10175948.0,4982.042585,15140.921408,20122.963993,352,0,0.00,4.4375,1.0000
10176577.0,4982.736123,15145.114742,20127.850864,353,0,0.00,4.4625,1.0000
10176964.0,4983.162830,15147.694742,20130.857572,354,0,0.00,4.4688,1.0000
10177954.0,4984.254409,15154.294742,20138.549150,355,0,0.00,4.4781,1.0000
10178628.0,4984.997564,15158.788075,20143.785639,356,0,0.00,4.4953,1.0000
10178651.0,4985.022924,15158.941408,20143.964332,357,0,0.00,4.5000,1.0000
10178696.0,4985.072541,15159.241408,20144.313949,358,0,0.00,4.5125,1.0000
10178857.0,4985.250060,15160.314742,20145.564802,359,0,0.00,4.6500,1.0000
10179719.0,4986.200505,15166.061408,20152.261913,360,0,0.00,4.6547,1.0000
10180259.0,4986.795911,15169.661408,20156.457319,361,0,0.00,4.6609,1.0000
10180270.0,4986.808040,15169.734742,20156.542781,362,0,0.00,4.6781,1.0000
10180454.0,4987.010919,15170.961408,20157.972327,363,0,0.00,4.6844,1.0000
10180841.0,4987.437627,15173.541408,20160.979035,364,0,0.00,4.6891,1.0000
10181257.0,4987.896310,15176.314742,20164.211052,365,0,0.00,4.6984,1.0000
10181304.0,4987.948132,15176.628075,20164.576207,366,0,0.00,4.7156,1.0000
10181710.0,4988.395790,15179.334742,20167.730531,367,0,0.00,4.7203,1.0000
10182641.0,4989.422314,15185.541408,20174.963723,368,0,0.00,4.7328,1.0000
10183836.0,4990.739926,15193.508075,20184.248001,369,0,0.00,4.7375,1.0000
10184106.0,4991.037629,15195.308075,20186.345704,370,0,0.00,4.7609,1.0000
10184155.0,4991.091657,15195.634742,20186.726399,371,0,0.00,4.7844,1.0000
10185253.0,4992.302316,15202.954742,20195.257058,372,0,0.00,4.7891,1.0000
10185984.0,4993.108320,15207.828075,20200.936395,373,0,0.00,4.7938,1.0000
10186713.0,4993.912118,15212.688075,20206.600193,374,0,0.00,4.8063,1.0000
10187075.0,4994.311261,15215.101408,20209.412669,375,0,0.00,4.8188,1.0000
10188200.0,4995.551691,15222.601408,20218.153099,376,0,0.00,4.8234,1.0000
10188246.0,4995.602411,15222.908075,20218.510486,377,0,0.00,4.8516,1.0000
10188685.0,4996.086454,15225.834742,20221.921195,378,0,0.00,4.8766,1.0000
10189447.0,4996.926638,15230.914742,20227.841380,379,0,0.00,4.8938,1.0000
10189534.0,4997.022565,15231.494742,20228.517306,380,0,0.00,4.9031,1.0000
10191093.0,4998.741525,15241.888075,20240.629600,381,0,0.00,4.9219,1.0000
10191770.0,4999.487988,15246.401408,20245.889396,382,0,0.00,4.9344,1.0000
10192232.0,4999.997391,15249.481408,20249.478799,383,0,0.00,4.9469,1.0000
10192336.0,5000.112062,15250.174742,20250.286803,384,0,0.00,4.9594,1.0000
10192477.0,5000.267529,15251.114742,20251.382270,385,0,0.00,4.9641,1.0000
10192642.0,5000.449459,15252.214742,20252.664200,386,0,0.00,4.9828,1.0000
10192889.0,5000.721802,15253.861408,20254.583210,387,0,0.00,5.0000,1.0000
10192901.0,5000.735033,15253.941408,20254.676441,388,0,0.00,5.0172,1.0000
10192962.0,5000.802292,15254.348075,20255.150367,389,0,0.00,5.0297,1.0000
10193027.0,5000.873961,15254.781408,20255.655369,390,0,0.00,5.0359,1.0000
10193066.0,5000.917294,15255.041408,20255.958703,391,0,0.00,5.0547,1.0000
10193568.0,5001.475072,15258.388075,20259.863147,392,0,0.00,5.0828,1.0000
10194497.0,5002.507294,15264.581408,20267.088703,393,0,0.00,5.0891,1.0000
10195056.0,5003.128406,15268.308075,20271.436481,394,0,0.00,5.1078,1.0000
10195438.0,5003.552850,15270.854742,20274.407592,395,0,0.00,5.1344,1.0000
10195440.0,5003.555072,15270.868075,20274.423147,396,0,0.00,5.1531,1.0000
10195608.0,5003.741739,15271.988075,20275.729814,397,0,0.00,5.1719,1.0000
10195689.0,5003.831739,15272.528075,20276.359814,398,0,0.00,5.1906,1.0000
10196373.0,5004.591739,15277.088075,20281.679814,399,0,0.00,5.2094,1.0000
10196386.0,5004.606183,15277.174742,20281.780925,400,0,0.00,5.2266,1.0000
10196392.0,5004.612850,15277.214742,20281.827592,401,0,0.00,5.2438,1.0000
10196397.0,5004.618406,15277.248075,20281.866481,402,0,0.00,5.2609,1.0000
10196546.0,5004.783961,15278.241408,20283.025369,403,0,0.00,5.2781,1.0000
10196555.0,5004.793961,15278.301408,20283.095369,404,0,0.00,5.2969,1.0000
10196738.0,5004.997294,15279.521408,20284.518703,405,0,0.00,5.3156,1.0000
10196789.0,5005.053961,15279.861408,20284.915369,406,0,0.00,5.3203,1.0000
10196808.0,5005.075072,15279.988075,20285.063147,407,0,0.00,5.3344,1.0000
10197068.0,5005.363961,15281.721408,20287.085369,408,0,0.00,5.3516,1.0000
10197275.0,5005.593961,15283.101408,20288.695369,409,0,0.00,5.3703,1.0000
10197421.0,5005.756183,15284.074742,20289.830925,410,0,0.00,5.3891,1.0000
10197607.0,5005.962850,15285.314742,20291.277592,411,0,0.00,5.3938,1.0000
10198109.0,5006.520628,15288.661408,20295.182036,412,0,0.00,5.4063,1.0000
10198200.0,5006.621739,15289.268075,20295.889814,413,0,0.00,5.4125,1.0000
10198508.0,5006.963961,15291.321408,20298.285369,414,0,0.00,5.4297,1.0000
10198596.0,5007.061739,15291.908075,20298.969814,415,0,0.00,5.4344,1.0000
10198648.0,5007.119517,15292.254742,20299.374258,416,0,0.00,5.4406,1.0000
10198800.0,5007.288406,15293.268075,20300.556481,417,0,0.00,5.4578,1.0000
10198987.0,5007.496183,15294.514742,20302.010925,418,0,0.00,5.4641,1.0000
10199241.0,5007.778406,15296.208075,20303.986481,419,0,0.00,5.4688,1.0000
10199343.0,5007.891739,15296.888075,20304.779814,420,0,0.00,5.4750,1.0000
10199889.0,5008.498406,15300.528075,20309.026481,421,0,0.00,5.4797,1.0000
10199909.0,5008.520628,15300.661408,20309.182036,422,0,0.00,5.4859,1.0000
10200098.0,5008.730628,15301.921408,20310.652036,423,0,0.00,5.4953,1.0000
10200592.0,5009.279517,15305.214742,20314.494258,424,0,0.00,5.5234,1.0000
10200734.0,5009.437294,15306.161408,20315.598703,425,0,0.00,5.5422,1.0000
10200798.0,5009.508406,15306.588075,20316.096481,426,0,0.00,5.5484,1.0000
10200882.0,5009.601739,15307.148075,20316.749814,427,0,0.00,5.5609,1.0000
10201063.0,5009.802850,15308.354742,20318.157592,428,0,0.00,5.5656,1.0000
10201360.0,5010.132850,15310.334742,20320.467592,429,0,0.00,5.5703,1.0000
10201724.0,5010.537294,15312.761408,20323.298703,430,0,0.00,5.5828,1.0000
10201799.0,5010.620628,15313.261408,20323.882036,431,0,0.00,5.5875,1.0000
10202555.0,5011.460628,15318.301408,20329.762036,432,0,0.00,5.5969,1.0000
10203067.0,5012.029517,15321.714742,20333.744258,433,0,0.00,5.6250,1.0000
10203558.0,5012.575072,15324.988075,20337.563147,434,0,0.00,5.6375,1.0000
10203567.0,5012.585072,15325.048075,20337.633147,435,0,0.00,5.6500,1.0000
10203650.0,5012.677294,15325.601408,20338.278703,436,0,0.00,5.6547,1.0000
10203864.0,5012.915072,15327.028075,20339.943147,437,0,0.00,5.6609,1.0000
10203963.0,5013.025072,15327.688075,20340.713147,438,0,0.00,5.6781,1.0000
10204220.0,5013.310628,15329.401408,20342.712036,439,0,0.00,5.6844,1.0000
10204481.0,5013.600628,15331.141408,20344.742036,440,0,0.00,5.6906,1.0000
10204608.0,5013.741739,15331.988075,20345.729814,441,0,0.00,5.6969,1.0000
10204958.0,5014.130628,15334.321408,20348.452036,442,0,0.00,5.7219,1.0000
10205784.0,5015.048406,15339.828075,20354.876481,443,0,0.00,5.7344,1.0000
10206323.0,5015.647294,15343.421408,20359.068703,444,0,0.00,5.7406,1.0000
10206679.0,5016.042850,15345.794742,20361.837592,445,0,0.00,5.7594,1.0000
10206725.0,5016.093961,15346.101408,20362.195369,446,0,0.00,5.7766,1.0000
10207027.0,5016.429517,15348.114742,20364.544258,447,0,0.00,5.8016,1.0000
10207773.0,5017.258406,15353.088075,20370.346481,448,0,0.00,5.8141,1.0000
10207852.0,5017.346183,15353.614742,20370.960925,449,0,0.00,5.8188,1.0000
10208156.0,5017.683961,15355.641408,20373.325369,450,0,0.00,5.8234,1.0000
10208723.0,5018.313961,15359.421408,20377.735369,451,0,0.00,5.8406,1.0000
10208961.0,5018.578406,15361.008075,20379.586481,452,0,0.00,5.8578,1.0000
10209700.0,5019.399517,15365.934742,20385.334258,453,0,0.00,5.8641,1.0000
10209742.0,5019.446183,15366.214742,20385.660925,454,0,0.00,5.8828,1.0000
10209881.0,5019.600628,15367.141408,20386.742036,455,0,0.00,5.8953,1.0000
10209881.0,5019.600628,15367.141408,20386.742036,456,0,0.00,5.9078,1.0000
10209987.0,5019.718406,15367.848075,20387.566481,457,0,0.00,5.9125,1.0000
10210514.0,5020.303961,15371.361408,20391.665369,458,0,0.00,5.9172,1.0000
10210900.0,5020.732850,15373.934742,20394.667592,459,0,0.00,5.9219,1.0000
10210977.0,5020.818406,15374.448075,20395.266481,460,0,0.00,5.9266,1.0000
10211166.0,5021.028406,15375.708075,20396.736481,461,0,0.00,5.9313,1.0000
10211442.0,5021.335072,15377.548075,20398.883147,462,0,0.00,5.9484,1.0000
10211861.0,5021.800628,15380.341408,20402.142036,463,0,0.00,5.9625,1.0000
10211972.0,5021.923961,15381.081408,20403.005369,464,0,0.00,5.9688,1.0000
10212039.0,5021.998406,15381.528075,20403.526481,465,0,0.00,5.9734,1.0000
10212048.0,5022.008406,15381.588075,20403.596481,466,0,0.00,5.9781,1.0000
10212372.0,5022.368406,15383.748075,20406.116481,467,0,0.00,5.9828,1.0000
10212413.0,5022.413961,15384.021408,20406.435369,468,0,0.00,5.9875,1.0000
10212621.0,5022.645072,15385.408075,20408.053147,469,0,0.00,5.9938,1.0000
10212626.0,5022.650628,15385.441408,20408.092036,470,0,0.00,5.9984,1.0000
10212828.0,5022.875072,15386.788075,20409.663147,471,0,0.00,6.0219,1.0000
10212954.0,5023.015072,15387.628075,20410.643147,472,0,0.00,6.0266,1.0000
10212968.0,5023.030628,15387.721408,20410.752036,473,0,0.00,6.0313,1.0000
10213190.0,5023.277294,15389.201408,20412.478703,474,0,0.00,6.0547,1.0000
10213497.0,5023.618406,15391.248075,20414.866481,475,0,0.00,6.0594,1.0000
10213546.0,5023.672850,15391.574742,20415.247592,476,0,0.00,6.0766,1.0000
10213708.0,5023.852850,15392.654742,20416.507592,477,0,0.00,6.0813,1.0000
10213806.0,5023.961739,15393.308075,20417.269814,478,0,0.00,6.1094,1.0000
10214358.0,5024.575072,15396.988075,20421.563147,479,0,0.00,6.1266,1.0000
10214440.0,5024.666183,15397.534742,20422.200925,480,0,0.00,6.1438,1.0000
10214507.0,5024.740628,15397.981408,20422.722036,481,0,0.00,6.1484,1.0000
10214575.0,5024.816183,15398.434742,20423.250925,482,0,0.00,6.1531,1.0000
10216472.0,5026.923961,15411.081408,20438.005369,483,0,0.00,6.1781,1.0000
10216775.0,5027.260628,15413.101408,20440.362036,484,0,0.00,6.1828,1.0000
10217437.0,5027.996183,15417.514742,20445.510925,485,0,0.00,6.2203,1.0000
10217925.0,5028.538406,15420.768075,20449.306481,486,0,0.00,6.2344,1.0000
10217925.0,5028.538406,15420.768075,20449.306481,487,0,0.00,6.2484,1.0000
10217931.0,5028.545072,15420.808075,20449.353147,488,0,0.00,6.2625,1.0000
10218490.0,5029.166183,15424.534742,20453.700925,489,0,0.00,6.2672,1.0000
10219969.0,5030.809517,15434.394742,20465.204258,490,0,0.00,6.2797,1.0000
10220673.0,5031.591739,15439.088075,20470.679814,491,0,0.00,6.2891,1.0000
10221884.0,5032.937294,15447.161408,20480.098703,492,0,0.00,6.2938,1.0000
10223133.0,5034.325072,15455.488075,20489.813147,493,0,0.00,6.3125,1.0000
10223139.0,5034.331739,15455.528075,20489.859814,494,0,0.00,6.3188,1.0000
10223622.0,5034.868406,15458.748075,20493.616481,495,0,0.00,6.3250,1.0000
10223679.0,5034.931739,15459.128075,20494.059814,496,0,0.00,6.3313,1.0000
10224392.0,5035.723961,15463.881408,20499.605369,497,0,0.00,6.3375,1.0000
10224738.0,5036.108406,15466.188075,20502.296481,498,0,0.00,6.3422,1.0000
10225414.0,5036.859517,15470.694742,20507.554258,499,0,0.00,6.3547,1.0000
10232587.0,5044.829517,15518.514742,20563.344258,500,0,0.00,6.3594,1.0000
10232803.0,5045.069517,15519.954742,20565.024258,501,0,0.00,6.3656,1.0000
10232974.0,5045.259517,15521.094742,20566.354258,502,0,0.00,6.3750,1.0000
10233819.0,5046.198406,15526.728075,20572.926481,503,0,0.00,6.3797,1.0000
10233991.0,5046.389517,15527.874742,20574.264258,504,0,0.00,6.3844,1.0000
10234226.0,5046.650628,15529.441408,20576.092036,505,0,0.00,6.4016,1.0000
10234994.0,5047.503961,15534.561408,20582.065369,506,0,0.00,6.4391,1.0000
10235081.0,5047.600628,15535.141408,20582.742036,507,0,0.00,6.4516,1.0000
10235553.0,5048.125072,15538.288075,20586.413147,508,0,0.00,6.4641,1.0000
10236016.0,5048.639517,15541.374742,20590.014258,509,0,0.00,6.5016,1.0000
10237589.0,5050.387294,15551.861408,20602.248703,510,0,0.00,6.5141,1.0000
10237776.0,5050.595072,15553.108075,20603.703147,511,0,0.00,6.5328,1.0000
10237776.0,5050.595072,15553.108075,20603.703147,512,0,0.00,6.5516,1.0000
10240480.0,5053.599517,15571.134742,20624.734258,513,0,0.00,6.5766,1.0000
10243457.0,5056.907294,15590.981408,20647.888703,514,0,0.00,6.5813,1.0000
10243762.0,5057.246183,15593.014742,20650.260925,515,0,0.00,6.5859,1.0000
10244313.0,5057.858406,15596.688075,20654.546481,516,0,0.00,6.5953,1.0000
10245093.0,5058.725072,15601.888075,20660.613147,517,0,0.00,6.6047,1.0000
10247114.0,5060.970628,15615.361408,20676.332036,518,0,0.00,6.6094,1.0000
10247202.0,5061.068406,15615.948075,20677.016481,519,0,0.00,6.6156,1.0000
10247867.0,5061.807294,15620.381408,20682.188703,520,0,0.00,6.6281,1.0000
10248468.0,5062.475072,15624.388075,20686.863147,521,0,0.00,6.6406,1.0000
10248939.0,5062.998406,15627.528075,20690.526481,522,0,0.00,6.6531,1.0000
10250349.0,5064.565072,15636.928075,20701.493147,523,0,0.00,6.6594,1.0000
10250498.0,5064.730628,15637.921408,20702.652036,524,0,0.00,6.6703,1.0000
10250736.0,5064.995072,15639.508075,20704.503147,525,0,0.00,6.6766,1.0000
10252397.0,5066.840628,15650.581408,20717.422036,526,0,0.00,6.6813,1.0000
10253468.0,5068.030628,15657.721408,20725.752036,527,0,0.00,6.7000,1.0000
10254758.0,5069.463961,15666.321408,20735.785369,528,0,0.00,6.7047,1.0000
10255346.0,5070.117294,15670.241408,20740.358703,529,0,0.00,6.7219,1.0000
10255420.0,5070.199517,15670.734742,20740.934258,530,0,0.00,6.7344,1.0000
10256013.0,5070.858406,15674.688075,20745.546481,531,0,0.00,6.7531,1.0000
10256133.0,5070.991739,15675.488075,20746.479814,532,0,0.00,6.7719,1.0000
10256855.0,5071.793961,15680.301408,20752.095369,533,0,0.00,6.7906,1.0000
10256862.0,5071.801739,15680.348075,20752.149814,534,0,0.00,6.8031,1.0000
10257764.0,5072.803961,15686.361408,20759.165369,535,0,0.00,6.8156,1.0000
10257967.0,5073.029517,15687.714742,20760.744258,536,0,0.00,6.8203,1.0000
10258602.0,5073.735072,15691.948075,20765.683147,537,0,0.00,6.8250,1.0000
10259147.0,5074.340628,15695.581408,20769.922036,538,0,0.00,6.8422,1.0000
10259693.0,5074.947294,15699.221408,20774.168703,539,0,0.00,6.8469,1.0000
10260104.0,5075.403961,15701.961408,20777.365369,540,0,0.00,6.8516,1.0000
10260162.0,5075.468406,15702.348075,20777.816481,541,0,0.00,6.8688,1.0000
10260165.0,5075.471739,15702.368075,20777.839814,542,0,0.00,6.8734,1.0000
10260217.0,5075.529517,15702.714742,20778.244258,543,0,0.00,6.8781,1.0000
10260412.0,5075.746183,15704.014742,20779.760925,544,0,0.00,6.8844,1.0000
10260448.0,5075.786183,15704.254742,20780.040925,545,0,0.00,6.8969,1.0000
10260477.0,5075.818406,15704.448075,20780.266481,546,0,0.00,6.9016,1.0000
10260513.0,5075.858406,15704.688075,20780.546481,547,0,0.00,6.9109,1.0000
10260574.0,5075.926183,15705.094742,20781.020925,548,0,0.00,6.9484,1.0000
10260773.0,5076.147294,15706.421408,20782.568703,549,0,0.00,6.9547,1.0000
10260845.0,5076.227294,15706.901408,20783.128703,550,0,0.00,6.9688,1.0000
10260976.0,5076.372850,15707.774742,20784.147592,551,0,0.00,6.9750,1.0000
10261103.0,5076.513961,15708.621408,20785.135369,552,0,0.00,6.9891,1.0000
10261187.0,5076.607294,15709.181408,20785.788703,553,0,0.00,7.0031,1.0000
10261340.0,5076.777294,15710.201408,20786.978703,554,0,0.00,7.0094,1.0000
10261372.0,5076.812850,15710.414742,20787.227592,555,0,0.00,7.0156,1.0000
10261514.0,5076.970628,15711.361408,20788.332036,556,0,0.00,7.0203,1.0000
10261661.0,5077.133961,15712.341408,20789.475369,557,0,0.00,7.0250,1.0000
10261763.0,5077.247294,15713.021408,20790.268703,558,0,0.00,7.0422,1.0000
10262406.0,5077.961739,15717.308075,20795.269814,559,0,0.00,7.0484,1.0000
10262527.0,5078.096183,15718.114742,20796.210925,560,0,0.00,7.0547,1.0000
10262679.0,5078.265072,15719.128075,20797.393147,561,0,0.00,7.0797,1.0000
10263507.0,5079.185072,15724.648075,20803.833147,562,0,0.00,7.0859,1.0000
10263618.0,5079.308406,15725.388075,20804.696481,563,0,0.00,7.0906,1.0000
10263824.0,5079.537294,15726.761408,20806.298703,564,0,0.00,7.0953,1.0000
10263869.0,5079.587294,15727.061408,20806.648703,565,0,0.00,7.1000,1.0000
10263993.0,5079.725072,15727.888075,20807.613147,566,0,0.00,7.1047,1.0000
10264830.0,5080.655072,15733.468075,20814.123147,567,0,0.00,7.1094,1.0000
10265011.0,5080.856183,15734.674742,20815.530925,568,0,0.00,7.1266,1.0000
10265140.0,5080.999517,15735.534742,20816.534258,569,0,0.00,7.1391,1.0000
10265185.0,5081.049517,15735.834742,20816.884258,570,0,0.00,7.1766,1.0000
10265558.0,5081.463961,15738.321408,20819.785369,571,0,0.00,7.1953,1.0000
10266148.0,5082.119517,15742.254742,20824.374258,572,0,0.00,7.2016,1.0000
10266395.0,5082.393961,15743.901408,20826.295369,573,0,0.00,7.2078,1.0000
10266690.0,5082.721739,15745.868075,20828.589814,574,0,0.00,7.2453,1.0000
10266884.0,5082.937294,15747.161408,20830.098703,575,0,0.00,7.2516,1.0000
10266902.0,5082.957294,15747.281408,20830.238703,576,0,0.00,7.2797,1.0000
10267235.0,5083.327294,15749.501408,20832.828703,577,0,0.00,7.2922,1.0000
10267517.0,5083.640628,15751.381408,20835.022036,578,0,0.00,7.3047,1.0000
10267882.0,5084.046183,15753.814742,20837.860925,579,0,0.00,7.3219,1.0000
10267984.0,5084.159517,15754.494742,20838.654258,580,0,0.00,7.3266,1.0000
10268036.0,5084.217294,15754.841408,20839.058703,581,0,0.00,7.3313,1.0000
10268198.0,5084.397294,15755.921408,20840.318703,582,0,0.00,7.3328,1.0000
10269999.0,5086.398406,15767.928075,20854.326481,583,0,0.00,7.3391,1.0000
10270109.0,5086.520628,15768.661408,20855.182036,584,0,0.00,7.3453,1.0000
10270559.0,5087.020628,15771.661408,20858.682036,585,0,0.00,7.3500,1.0000
10272218.0,5088.863961,15782.721408,20871.585369,586,0,0.00,7.3563,1.0000
10272751.0,5089.456183,15786.274742,20875.730925,587,0,0.00,7.3625,1.0000
10273015.0,5089.749517,15788.034742,20877.784258,588,0,0.00,7.3688,1.0000
10273175.0,5089.927294,15789.101408,20879.028703,589,0,0.00,7.3750,1.0000
10274502.0,5091.401739,15797.948075,20889.349814,590,0,0.00,7.4000,1.0000
10275038.0,5091.997294,15801.521408,20893.518703,591,0,0.00,7.4047,1.0000
10275406.0,5092.406183,15803.974742,20896.380925,592,0,0.00,7.4094,1.0000
10276050.0,5093.121739,15808.268075,20901.389814,593,0,0.00,7.4266,1.0000
10276746.0,5093.895072,15812.908075,20906.803147,594,0,0.00,7.4313,1.0000
10277009.0,5094.187294,15814.661408,20908.848703,595,0,0.00,7.4375,1.0000
10277188.0,5094.386183,15815.854742,20910.240925,596,0,0.00,7.4422,1.0000
10277517.0,5094.751739,15818.048075,20912.799814,597,0,0.00,7.4609,1.0000
10277525.0,5094.760628,15818.101408,20912.862036,598,0,0.00,7.4797,1.0000
10277534.0,5094.770628,15818.161408,20912.932036,599,0,0.00,7.4984,1.0000
10277694.0,5094.948406,15819.228075,20914.176481,600,0,0.00,7.5172,1.0000
10277875.0,5095.149517,15820.434742,20915.584258,601,0,0.00,7.5359,1.0000
10277915.0,5095.193961,15820.701408,20915.895369,602,0,0.00,7.5406,1.0000
10278278.0,5095.597294,15823.121408,20918.718703,603,0,0.00,7.5531,1.0000
10279220.0,5096.643961,15829.401408,20926.045369,604,0,0.00,7.5578,1.0000
10279624.0,5097.092850,15832.094742,20929.187592,605,0,0.00,7.5641,1.0000
10280071.0,5097.589517,15835.074742,20932.664258,606,0,0.00,7.5688,1.0000
10280529.0,5098.098406,15838.128075,20936.226481,607,0,0.00,7.6000,1.0000
10280778.0,5098.375072,15839.788075,20938.163147,608,0,0.00,7.6047,1.0000
10280815.0,5098.416183,15840.034742,20938.450925,609,0,0.00,7.6328,1.0000
10281084.0,5098.715072,15841.828075,20940.543147,610,0,0.00,7.6375,1.0000
10281304.0,5098.959517,15843.294742,20942.254258,611,0,0.00,7.6547,1.0000
10281564.0,5099.248406,15845.028075,20944.276481,612,0,0.00,7.6719,1.0000
10281591.0,5099.278406,15845.208075,20944.486481,613,0,0.00,7.6766,1.0000
10281731.0,5099.433961,15846.141408,20945.575369,614,0,0.00,7.6813,1.0000
10281756.0,5099.461739,15846.308075,20945.769814,615,0,0.00,7.6938,1.0000
10281935.0,5099.660628,15847.501408,20947.162036,616,0,0.00,7.7031,1.0000
10282240.0,5099.999517,15849.534742,20949.534258,617,0,0.00,7.7156,1.0000
10282253.0,5100.013961,15849.621408,20949.635369,618,0,0.00,7.7203,1.0000
10282268.0,5100.030628,15849.721408,20949.752036,619,0,0.00,7.7250,1.0000
10282330.0,5100.099517,15850.134742,20950.234258,620,0,0.00,7.7297,1.0000
10282361.0,5100.133961,15850.341408,20950.475369,621,0,0.00,7.7469,1.0000
10282412.0,5100.190628,15850.681408,20950.872036,622,0,0.00,7.7531,1.0000
10282878.0,5100.708406,15853.788075,20954.496481,623,0,0.00,7.7703,1.0000
10282886.0,5100.717294,15853.841408,20954.558703,624,0,0.00,7.7750,1.0000
10283250.0,5101.121739,15856.268075,20957.389814,625,0,0.00,7.7922,1.0000
10283282.0,5101.157294,15856.481408,20957.638703,626,0,0.00,7.8063,1.0000
10283554.0,5101.459517,15858.294742,20959.754258,627,0,0.00,7.8203,1.0000
10283834.0,5101.770628,15860.161408,20961.932036,628,0,0.00,7.8375,1.0000
10284010.0,5101.966183,15861.334742,20963.300925,629,0,0.00,7.8422,1.0000
10284572.0,5102.590628,15865.081408,20967.672036,630,0,0.00,7.8594,1.0000
10284612.0,5102.635072,15865.348075,20967.983147,631,0,0.00,7.8766,1.0000
10284914.0,5102.970628,15867.361408,20970.332036,632,0,0.00,7.8813,1.0000
10285049.0,5103.120628,15868.261408,20971.382036,633,0,0.00,7.8859,1.0000
10285062.0,5103.135072,15868.348075,20971.483147,634,0,0.00,7.9109,1.0000
10285584.0,5103.715072,15871.828075,20975.543147,635,0,0.00,7.9359,1.0000
10285684.0,5103.826183,15872.494742,20976.320925,636,0,0.00,7.9406,1.0000
10285696.0,5103.839517,15872.574742,20976.414258,637,0,0.00,7.9453,1.0000
10286148.0,5104.341739,15875.588075,20979.929814,638,0,0.00,7.9625,1.0000
10286237.0,5104.440628,15876.181408,20980.622036,639,0,0.00,7.9750,1.0000
10286458.0,5104.686183,15877.654742,20982.340925,640,0,0.00,7.9797,1.0000
10286759.0,5105.020628,15879.661408,20984.682036,641,0,0.00,8.0047,1.0000
10286819.0,5105.087294,15880.061408,20985.148703,642,0,0.00,8.0094,1.0000
10287519.0,5105.865072,15884.728075,20990.593147,643,0,0.00,8.0344,1.0000
10287566.0,5105.917294,15885.041408,20990.958703,644,0,0.00,8.0578,1.0000
10287684.0,5106.048406,15885.828075,20991.876481,645,0,0.00,8.0828,1.0000
10287821.0,5106.200628,15886.741408,20992.942036,646,0,0.00,8.1078,1.0000
10287906.0,5106.295072,15887.308075,20993.603147,647,0,0.00,8.1359,1.0000
10287971.0,5106.367294,15887.741408,20994.108703,648,0,0.00,8.1484,1.0000
10288025.0,5106.427294,15888.101408,20994.528703,649,0,0.00,8.1547,1.0000
10288056.0,5106.461739,15888.308075,20994.769814,650,0,0.00,8.1594,1.0000
10288251.0,5106.678406,15889.608075,20996.286481,651,0,0.00,8.1875,1.0000
10288632.0,5107.101739,15892.148075,20999.249814,652,0,0.00,8.1922,1.0000
10288768.0,5107.252850,15893.054742,21000.307592,653,0,0.00,8.2109,1.0000
10289332.0,5107.879517,15896.814742,21004.694258,654,0,0.00,8.2156,1.0000
10290217.0,5108.862850,15902.714742,21011.577592,655,0,0.00,8.2344,1.0000
10290217.0,5108.862850,15902.714742,21011.577592,656,0,0.00,8.2531,1.0000
10290268.0,5108.919517,15903.054742,21011.974258,657,0,0.00,8.2703,1.0000
10290883.0,5109.602850,15907.154742,21016.757592,658,0,0.00,8.2953,1.0000
10290997.0,5109.729517,15907.914742,21017.644258,659,0,0.00,8.3141,1.0000
10291056.0,5109.795072,15908.308075,21018.103147,660,0,0.00,8.3391,1.0000
10291241.0,5110.000628,15909.541408,21019.542036,661,0,0.00,8.3563,1.0000
10291568.0,5110.363961,15911.721408,21022.085369,662,0,0.00,8.3625,1.0000
10291594.0,5110.392850,15911.894742,21022.287592,663,0,0.00,8.3672,1.0000
10291860.0,5110.688406,15913.668075,21024.356481,664,0,0.00,8.3844,1.0000
10292589.0,5111.498406,15918.528075,21030.026481,665,0,0.00,8.3938,1.0000
10292824.0,5111.759517,15920.094742,21031.854258,666,0,0.00,8.4000,1.0000
10292995.0,5111.949517,15921.234742,21033.184258,667,0,0.00,8.4047,1.0000
10293013.0,5111.969517,15921.354742,21033.324258,668,0,0.00,8.4219,1.0000
10293874.0,5112.926183,15927.094742,21040.020925,669,0,0.00,8.4406,1.0000
10293926.0,5112.983961,15927.441408,21040.425369,670,0,0.00,8.4469,1.0000
10294021.0,5113.089517,15928.074742,21041.164258,671,0,0.00,8.4531,1.0000
10294984.0,5114.159517,15934.494742,21048.654258,672,0,0.00,8.4703,1.0000
10295521.0,5114.756183,15938.074742,21052.830925,673,0,0.00,8.4750,1.0000
10295551.0,5114.789517,15938.274742,21053.064258,674,0,0.00,8.4797,1.0000
10296005.0,5115.293961,15941.301408,21056.595369,675,0,0.00,8.5031,1.0000
10296154.0,5115.459517,15942.294742,21057.754258,676,0,0.00,8.5078,1.0000
10296182.0,5115.490628,15942.481408,21057.972036,677,0,0.00,8.5250,1.0000
10296641.0,5116.000628,15945.541408,21061.542036,678,0,0.00,8.5297,1.0000
10296892.0,5116.279517,15947.214742,21063.494258,679,0,0.00,8.5531,1.0000
10296892.0,5116.279517,15947.214742,21063.494258,680,0,0.00,8.5766,1.0000
10296894.0,5116.281739,15947.228075,21063.509814,681,0,0.00,8.6000,1.0000
10297478.0,5116.930628,15951.121408,21068.052036,682,0,0.00,8.6172,1.0000
10297481.0,5116.933961,15951.141408,21068.075369,683,0,0.00,8.6219,1.0000
10297562.0,5117.023961,15951.681408,21068.705369,684,0,0.00,8.6391,1.0000
10297584.0,5117.048406,15951.828075,21068.876481,685,0,0.00,8.6563,1.0000
10297724.0,5117.203961,15952.761408,21069.965369,686,0,0.00,8.6609,1.0000
10297734.0,5117.215072,15952.828075,21070.043147,687,0,0.00,8.6781,1.0000
10297773.0,5117.258406,15953.088075,21070.346481,688,0,0.00,8.6828,1.0000
10297877.0,5117.373961,15953.781408,21071.155369,689,0,0.00,8.6875,1.0000
10298377.0,5117.929517,15957.114742,21075.044258,690,0,0.00,8.6938,1.0000
10298794.0,5118.392850,15959.894742,21078.287592,691,0,0.00,8.7125,1.0000
10298876.0,5118.483961,15960.441408,21078.925369,692,0,0.00,8.7188,1.0000
10299155.0,5118.793961,15962.301408,21081.095369,693,0,0.00,8.7281,1.0000
10299397.0,5119.062850,15963.914742,21082.977592,694,0,0.00,8.7328,1.0000
10299470.0,5119.143961,15964.401408,21083.545369,695,0,0.00,8.7500,1.0000
10299478.0,5119.152850,15964.454742,21083.607592,696,0,0.00,8.7672,1.0000
10299568.0,5119.252850,15965.054742,21084.307592,697,0,0.00,8.7844,1.0000
10299841.0,5119.556183,15966.874742,21086.430925,698,0,0.00,8.7906,1.0000
10300035.0,5119.771739,15968.168075,21087.939814,699,0,0.00,8.7953,1.0000
10300246.0,5120.006183,15969.574742,21089.580925,700,0,0.00,8.7969,1.0000
10300654.0,5120.459517,15972.294742,21092.754258,701,0,0.00,8.8016,1.0000
10301249.0,5121.120628,15976.261408,21097.382036,702,0,0.00,8.8063,1.0000
10303030.0,5123.099517,15988.134742,21111.234258,703,0,0.00,8.8109,1.0000
10303910.0,5124.077294,15994.001408,21118.078703,704,0,0.00,8.8391,1.0000
10303910.0,5124.077294,15994.001408,21118.078703,705,0,0.00,8.8563,1.0000
10304054.0,5124.237294,15994.961408,21119.198703,706,0,0.00,8.8609,1.0000
10304304.0,5124.515072,15996.628075,21121.143147,707,0,0.00,8.8656,1.0000
10304349.0,5124.565072,15996.928075,21121.493147,708,0,0.00,8.8703,1.0000
10305348.0,5125.675072,16003.588075,21129.263147,709,0,0.00,8.8750,1.0000
10305589.0,5125.942850,16005.194742,21131.137592,710,0,0.00,8.8875,1.0000
10306030.0,5126.432850,16008.134742,21134.567592,711,0,0.00,8.9000,1.0000
10306555.0,5127.016183,16011.634742,21138.650925,712,0,0.00,8.9047,1.0000
10306710.0,5127.188406,16012.668075,21139.856481,713,0,0.00,8.9219,1.0000
10306993.0,5127.502850,16014.554742,21142.057592,714,0,0.00,8.9391,1.0000
10307276.0,5127.817294,16016.441408,21144.258703,715,0,0.00,8.9563,1.0000
10307415.0,5127.971739,16017.368075,21145.339814,716,0,0.00,8.9750,1.0000
10307447.0,5128.007294,16017.581408,21145.588703,717,0,0.00,8.9938,1.0000
10307455.0,5128.016183,16017.634742,21145.650925,718,0,0.00,9.0125,1.0000
10307522.0,5128.090628,16018.081408,21146.172036,719,0,0.00,9.0313,1.0000
10307762.0,5128.357294,16019.681408,21148.038703,720,0,0.00,9.0359,1.0000
10307826.0,5128.428406,16020.108075,21148.536481,721,0,0.00,9.0547,1.0000
10308033.0,5128.658406,16021.488075,21150.146481,722,0,0.00,9.0734,1.0000
10311803.0,5132.847294,16046.621408,21179.468703,723,0,0.00,9.0859,1.0000
10312991.0,5134.167294,16054.541408,21188.708703,724,0,0.00,9.0906,1.0000
10314009.0,5135.298406,16061.328075,21196.626481,725,0,0.00,9.0953,1.0000
10314591.0,5135.945072,16065.208075,21201.153147,726,0,0.00,9.1000,1.0000
10314949.0,5136.342850,16067.594742,21203.937592,727,0,0.00,9.1047,1.0000
10315182.0,5136.601739,16069.148075,21205.749814,728,0,0.00,9.1297,1.0000
10315828.0,5137.319517,16073.454742,21210.774258,729,0,0.00,9.1344,1.0000
10315953.0,5137.458406,16074.288075,21211.746481,730,0,0.00,9.1531,1.0000
10316091.0,5137.611739,16075.208075,21212.819814,731,0,0.00,9.1625,1.0000
10317757.0,5139.462850,16086.314742,21225.777592,732,0,0.00,9.1875,1.0000
10319606.0,5141.517294,16098.641408,21240.158703,733,0,0.00,9.1938,1.0000
10321771.0,5143.922850,16113.074742,21256.997592,734,0,0.00,9.2000,1.0000
10321913.0,5144.080628,16114.021408,21258.102036,735,0,0.00,9.2125,1.0000
10322676.0,5144.928406,16119.108075,21264.036481,736,0,0.00,9.2172,1.0000
10323648.0,5146.008406,16125.588075,21271.596481,737,0,0.00,9.2422,1.0000
10325258.0,5147.797294,16136.321408,21284.118703,738,0,0.00,9.2672,1.0000
10325800.0,5148.399517,16139.934742,21288.334258,739,0,0.00,9.2797,1.0000
10326430.0,5149.099517,16144.134742,21293.234258,740,0,0.00,9.2859,1.0000
10326485.0,5149.160628,16144.501408,21293.662036,741,0,0.00,9.2922,1.0000
10327751.0,5150.567294,16152.941408,21303.508703,742,0,0.00,9.2984,1.0000
10328513.0,5151.413961,16158.021408,21309.435369,743,0,0.00,9.3047,1.0000
10328589.0,5151.498406,16158.528075,21310.026481,744,0,0.00,9.3094,1.0000
10329249.0,5152.231739,16162.928075,21315.159814,745,0,0.00,9.3141,1.0000
10329323.0,5152.313961,16163.421408,21315.735369,746,0,0.00,9.3188,1.0000
10330595.0,5153.727294,16171.901408,21325.628703,747,0,0.00,9.3375,1.0000
10332019.0,5155.309517,16181.394742,21336.704258,748,0,0.00,9.3422,1.0000
10336967.0,5160.807294,16214.381408,21375.188703,749,0,0.00,9.3484,1.0000
10337134.0,5160.992850,16215.494742,21376.487592,750,0,0.00,9.3578,1.0000
10337702.0,5161.623961,16219.281408,21380.905369,751,0,0.00,9.3703,1.0000
10337703.0,5161.625072,16219.288075,21380.913147,752,0,0.00,9.3828,1.0000
10337704.0,5161.626183,16219.294742,21380.920925,753,0,0.00,9.3953,1.0000
10337720.0,5161.643961,16219.401408,21381.045369,754,0,0.00,9.4078,1.0000
10337723.0,5161.647294,16219.421408,21381.068703,755,0,0.00,9.4203,1.0000
10337728.0,5161.652850,16219.454742,21381.107592,756,0,0.00,9.4328,1.0000
10338528.0,5162.541739,16224.788075,21387.329814,757,0,0.00,9.4375,1.0000
10338801.0,5162.845072,16226.608075,21389.453147,758,0,0.00,9.4625,1.0000
10340196.0,5164.395072,16235.908075,21400.303147,759,0,0.00,9.4797,1.0000
10340427.0,5164.651739,16237.448075,21402.099814,760,0,0.00,9.4844,1.0000
10341278.0,5165.597294,16243.121408,21408.718703,761,0,0.00,9.4938,1.0000
10342138.0,5166.552850,16248.854742,21415.407592,762,0,0.00,9.5109,1.0000
10342211.0,5166.633961,16249.341408,21415.975369,763,0,0.00,9.5156,1.0000
10343681.0,5168.267294,16259.141408,21427.408703,764,0,0.00,9.5219,1.0000
10343714.0,5168.303961,16259.361408,21427.665369,765,0,0.00,9.5391,1.0000
10343715.0,5168.305072,16259.368075,21427.673147,766,0,0.00,9.5563,1.0000
10344030.0,5168.655072,16261.468075,21430.123147,767,0,0.00,9.5609,1.0000
10344375.0,5169.038406,16263.768075,21432.806481,768,0,0.00,9.5797,1.0000
10344402.0,5169.068406,16263.948075,21433.016481,769,0,0.00,9.5984,1.0000
10344404.0,5169.070628,16263.961408,21433.032036,770,0,0.00,9.6156,1.0000
10344444.0,5169.115072,16264.228075,21433.343147,771,0,0.00,9.6328,1.0000
10344553.0,5169.236183,16264.954742,21434.190925,772,0,0.00,9.6516,1.0000
10344582.0,5169.268406,16265.148075,21434.416481,773,0,0.00,9.6703,1.0000
10344620.0,5169.310628,16265.401408,21434.712036,774,0,0.00,9.6766,1.0000
10344645.0,5169.338406,16265.568075,21434.906481,775,0,0.00,9.6828,1.0000
10345184.0,5169.937294,16269.161408,21439.098703,776,0,0.00,9.6875,1.0000
10345822.0,5170.646183,16273.414742,21444.060925,777,0,0.00,9.6938,1.0000
10345859.0,5170.687294,16273.661408,21444.348703,778,0,0.00,9.6984,1.0000
10345885.0,5170.716183,16273.834742,21444.550925,779,0,0.00,9.7109,1.0000
10345975.0,5170.816183,16274.434742,21445.250925,780,0,0.00,9.7281,1.0000
10347405.0,5172.405072,16283.968075,21456.373147,781,0,0.00,9.7531,1.0000
10347728.0,5172.763961,16286.121408,21458.885369,782,0,0.00,9.7578,1.0000
10347817.0,5172.862850,16286.714742,21459.577592,783,0,0.00,9.7641,1.0000
10347973.0,5173.036183,16287.754742,21460.790925,784,0,0.00,9.7828,1.0000
10347977.0,5173.040628,16287.781408,21460.822036,785,0,0.00,9.8016,1.0000
10348022.0,5173.090628,16288.081408,21461.172036,786,0,0.00,9.8203,1.0000
10348057.0,5173.129517,16288.314742,21461.444258,787,0,0.00,9.8484,1.0000
10348094.0,5173.170628,16288.561408,21461.732036,788,0,0.00,9.8531,1.0000
10348096.0,5173.172850,16288.574742,21461.747592,789,0,0.00,9.8719,1.0000
10348132.0,5173.212850,16288.814742,21462.027592,790,0,0.00,9.8906,1.0000
10348477.0,5173.596183,16291.114742,21464.710925,791,0,0.00,9.9094,1.0000
10348594.0,5173.726183,16291.894742,21465.620925,792,0,0.00,9.9281,1.0000
10349004.0,5174.181739,16294.628075,21468.809814,793,0,0.00,9.9563,1.0000
10349014.0,5174.192850,16294.694742,21468.887592,794,0,0.00,9.9750,1.0000
10349068.0,5174.252850,16295.054742,21469.307592,795,0,0.00,9.9938,1.0000
10349201.0,5174.400628,16295.941408,21470.342036,796,0,0.00,10.0188,1.0000
10349365.0,5174.582850,16297.034742,21471.617592,797,0,0.00,10.0359,1.0000
10349476.0,5174.706183,16297.774742,21472.480925,798,0,0.00,10.0484,1.0000
10349496.0,5174.728406,16297.908075,21472.636481,799,0,0.00,10.0547,1.0000
10349561.0,5174.800628,16298.341408,21473.142036,800,0,0.00,10.0797,1.0000
10349678.0,5174.930628,16299.121408,21474.052036,801,0,0.00,10.0859,1.0000
10350125.0,5175.427294,16302.101408,21477.528703,802,0,0.00,10.1047,1.0000
10350130.0,5175.432850,16302.134742,21477.567592,803,0,0.00,10.1234,1.0000
10350591.0,5175.945072,16305.208075,21481.153147,804,0,0.00,10.1422,1.0000
10350733.0,5176.102850,16306.154742,21482.257592,805,0,0.00,10.1609,1.0000
10352281.0,5177.822850,16316.474742,21494.297592,806,0,0.00,10.1672,1.0000
10352735.0,5178.327294,16319.501408,21497.828703,807,0,0.00,10.1719,1.0000
10352776.0,5178.372850,16319.774742,21498.147592,808,0,0.00,10.1969,1.0000
10352901.0,5178.511739,16320.608075,21499.119814,809,0,0.00,10.2156,1.0000
10352949.0,5178.565072,16320.928075,21499.493147,810,0,0.00,10.2344,1.0000
10353010.0,5178.632850,16321.334742,21499.967592,811,0,0.00,10.2531,1.0000
10353158.0,5178.797294,16322.321408,21501.118703,812,0,0.00,10.2766,1.0000
10353265.0,5178.916183,16323.034742,21501.950925,813,0,0.00,10.2813,1.0000
10353271.0,5178.922850,16323.074742,21501.997592,814,0,0.00,10.2859,1.0000
10353550.0,5179.232850,16324.934742,21504.167592,815,0,0.00,10.2922,1.0000
10354340.0,5180.110628,16330.201408,21510.312036,816,0,0.00,10.3047,1.0000
10354524.0,5180.315072,16331.428075,21511.743147,817,0,0.00,10.3094,1.0000
10354755.0,5180.571739,16332.968075,21513.539814,818,0,0.00,10.3328,1.0000
10354939.0,5180.776183,16334.194742,21514.970925,819,0,0.00,10.3500,1.0000
10354953.0,5180.791739,16334.288075,21515.079814,820,0,0.00,10.3594,1.0000
10355046.0,5180.895072,16334.908075,21515.803147,821,0,0.00,10.3641,1.0000
10355210.0,5181.077294,16336.001408,21517.078703,822,0,0.00,10.3688,1.0000
10356350.0,5182.343961,16343.601408,21525.945369,823,0,0.00,10.3734,1.0000
10356972.0,5183.035072,16347.748075,21530.783147,824,0,0.00,10.3781,1.0000
10358451.0,5184.678406,16357.608075,21542.286481,825,0,0.00,10.3844,1.0000
10358521.0,5184.756183,16358.074742,21542.830925,826,0,0.00,10.4094,1.0000
10358810.0,5185.077294,16360.001408,21545.078703,827,0,0.00,10.4141,1.0000
10359007.0,5185.296183,16361.314742,21546.610925,828,0,0.00,10.4313,1.0000
10359031.0,5185.322850,16361.474742,21546.797592,829,0,0.00,10.4375,1.0000
10359296.0,5185.617294,16363.241408,21548.858703,830,0,0.00,10.4547,1.0000
10359591.0,5185.945072,16365.208075,21551.153147,831,0,0.00,10.4594,1.0000
10360992.0,5187.501739,16374.548075,21562.049814,832,0,0.00,10.4828,1.0000
10361018.0,5187.530628,16374.721408,21562.252036,833,0,0.00,10.5063,1.0000
10361057.0,5187.573961,16374.981408,21562.555369,834,0,0.00,10.5234,1.0000
10361087.0,5187.607294,16375.181408,21562.788703,835,0,0.00,10.5281,1.0000
10361148.0,5187.675072,16375.588075,21563.263147,836,0,0.00,10.5406,1.0000
10362004.0,5188.626183,16381.294742,21569.920925,837,0,0.00,10.5641,1.0000
10362009.0,5188.631739,16381.328075,21569.959814,838,0,0.00,10.5828,1.0000
10362192.0,5188.835072,16382.548075,21571.383147,839,0,0.00,10.6000,1.0000
10362242.0,5188.890628,16382.881408,21571.772036,840,0,0.00,10.6047,1.0000
10362464.0,5189.137294,16384.361408,21573.498703,841,0,0.00,10.6234,1.0000
10362608.0,5189.297294,16385.321408,21574.618703,842,0,0.00,10.6422,1.0000
10362627.0,5189.318406,16385.448075,21574.766481,843,0,0.00,10.6484,1.0000
10363056.0,5189.795072,16388.308075,21578.103147,844,0,0.00,10.6547,1.0000
10364477.0,5191.373961,16397.781408,21589.155369,845,0,0.00,10.6797,1.0000
10364499.0,5191.398406,16397.928075,21589.326481,846,0,0.00,10.6969,1.0000
10365106.0,5192.072850,16401.974742,21594.047592,847,0,0.00,10.7016,1.0000
10365188.0,5192.163961,16402.521408,21594.685369,848,0,0.00,10.7063,1.0000
10365764.0,5192.803961,16406.361408,21599.165369,849,0,0.00,10.7313,1.0000
10365812.0,5192.857294,16406.681408,21599.538703,850,0,0.00,10.7563,1.0000
10365815.0,5192.860628,16406.701408,21599.562036,851,0,0.00,10.7813,1.0000
10366402.0,5193.512850,16410.614742,21604.127592,852,0,0.00,10.7859,1.0000
10366634.0,5193.770628,16412.161408,21605.932036,853,0,0.00,10.8047,1.0000
10366655.0,5193.793961,16412.301408,21606.095369,854,0,0.00,10.8172,1.0000
10366655.0,5193.793961,16412.301408,21606.095369,855,0,0.00,10.8297,1.0000
10366673.0,5193.813961,16412.421408,21606.235369,856,0,0.00,10.8484,1.0000
10366675.0,5193.816183,16412.434742,21606.250925,857,0,0.00,10.8672,1.0000
10366864.0,5194.026183,16413.694742,21607.720925,858,0,0.00,10.8859,1.0000
10366923.0,5194.091739,16414.088075,21608.179814,859,0,0.00,10.8906,1.0000
10367089.0,5194.276183,16415.194742,21609.470925,860,0,0.00,10.9078,1.0000
10367276.0,5194.483961,16416.441408,21610.925369,861,0,0.00,10.9266,1.0000
10367461.0,5194.689517,16417.674742,21612.364258,862,0,0.00,10.9453,1.0000
10367581.0,5194.822850,16418.474742,21613.297592,863,0,0.00,10.9703,1.0000
10368044.0,5195.337294,16421.561408,21616.898703,864,0,0.00,10.9875,1.0000
10368051.0,5195.345072,16421.608075,21616.953147,865,0,0.00,11.0047,1.0000
10368169.0,5195.476183,16422.394742,21617.870925,866,0,0.00,11.0234,1.0000
10368553.0,5195.902850,16424.954742,21620.857592,867,0,0.00,11.0484,1.0000
10368935.0,5196.327294,16427.501408,21623.828703,868,0,0.00,11.0766,1.0000
10369049.0,5196.453961,16428.261408,21624.715369,869,0,0.00,11.0813,1.0000
10369221.0,5196.645072,16429.408075,21626.053147,870,0,0.00,11.1047,1.0000
10369226.0,5196.650628,16429.441408,21626.092036,871,0,0.00,11.1281,1.0000
10369226.0,5196.650628,16429.441408,21626.092036,872,0,0.00,11.1516,1.0000
10369368.0,5196.808406,16430.388075,21627.196481,873,0,0.00,11.1688,1.0000
10369381.0,5196.822850,16430.474742,21627.297592,874,0,0.00,11.1734,1.0000
10369594.0,5197.059517,16431.894742,21628.954258,875,0,0.00,11.1781,1.0000
10369742.0,5197.223961,16432.881408,21630.105369,876,0,0.00,11.2031,1.0000
10369814.0,5197.303961,16433.361408,21630.665369,877,0,0.00,11.2078,1.0000
10369891.0,5197.389517,16433.874742,21631.264258,878,0,0.00,11.2094,1.0000
10369903.0,5197.402850,16433.954742,21631.357592,879,0,0.00,11.2344,1.0000
10370121.0,5197.645072,16435.408075,21633.053147,880,0,0.00,11.2594,1.0000
10370192.0,5197.723961,16435.881408,21633.605369,881,0,0.00,11.2688,1.0000
10370195.0,5197.727294,16435.901408,21633.628703,882,0,0.00,11.2734,1.0000
10370418.0,5197.975072,16437.388075,21635.363147,883,0,0.00,11.2781,1.0000
10370444.0,5198.003961,16437.561408,21635.565369,884,0,0.00,11.2844,1.0000
10370779.0,5198.376183,16439.794742,21638.170925,885,0,0.00,11.2891,1.0000
10370813.0,5198.413961,16440.021408,21638.435369,886,0,0.00,11.2938,1.0000
10370815.0,5198.416183,16440.034742,21638.450925,887,0,0.00,11.2984,1.0000
10371165.0,5198.805072,16442.368075,21641.173147,888,0,0.00,11.3234,1.0000
10371552.0,5199.235072,16444.948075,21644.183147,889,0,0.00,11.3281,1.0000
10372302.0,5200.068406,16449.948075,21650.016481,890,0,0.00,11.3328,1.0000
10373128.0,5200.986183,16455.454742,21656.440925,891,0,0.00,11.3391,1.0000
10373910.0,5201.855072,16460.668075,21662.523147,892,0,0.00,11.3438,1.0000
10374150.0,5202.121739,16462.268075,21664.389814,893,0,0.00,11.3484,1.0000
10374297.0,5202.285072,16463.248075,21665.533147,894,0,0.00,11.3656,1.0000
10374731.0,5202.767294,16466.141408,21668.908703,895,0,0.00,11.3703,1.0000
10374738.0,5202.775072,16466.188075,21668.963147,896,0,0.00,11.3875,1.0000
10375197.0,5203.285072,16469.248075,21672.533147,897,0,0.00,11.4250,1.0000
10375570.0,5203.699517,16471.734742,21675.434258,898,0,0.00,11.4297,1.0000
10375735.0,5203.882850,16472.834742,21676.717592,899,0,0.00,11.4469,1.0000
10376533.0,5204.769517,16478.154742,21682.924258,900,0,0.00,11.4516,1.0000
10376672.0,5204.923961,16479.081408,21684.005369,901,0,0.00,11.4563,1.0000
10377381.0,5205.711739,16483.808075,21689.519814,902,0,0.00,11.4609,1.0000
10378015.0,5206.416183,16488.034742,21694.450925,903,0,0.00,11.4984,1.0000
10378118.0,5206.530628,16488.721408,21695.252036,904,0,0.00,11.5031,1.0000
10378476.0,5206.928406,16491.108075,21698.036481,905,0,0.00,11.5094,1.0000
10379019.0,5207.531739,16494.728075,21702.259814,906,0,0.00,11.5344,1.0000
10379145.0,5207.671739,16495.568075,21703.239814,907,0,0.00,11.5391,1.0000
10380337.0,5208.996183,16503.514742,21712.510925,908,0,0.00,11.5578,1.0000
10380823.0,5209.536183,16506.754742,21716.290925,909,0,0.00,11.5750,1.0000
10381421.0,5210.200628,16510.741408,21720.942036,910,0,0.00,11.6000,1.0000
10381988.0,5210.830628,16514.521408,21725.352036,911,0,0.00,11.6250,1.0000
10382067.0,5210.918406,16515.048075,21725.966481,912,0,0.00,11.6297,1.0000
10383004.0,5211.959517,16521.294742,21733.254258,913,0,0.00,11.6547,1.0000
10383430.0,5212.432850,16524.134742,21736.567592,914,0,0.00,11.6672,1.0000
10383479.0,5212.487294,16524.461408,21736.948703,915,0,0.00,11.6719,1.0000
10384096.0,5213.172850,16528.574742,21741.747592,916,0,0.00,11.6781,1.0000
10384599.0,5213.731739,16531.928075,21745.659814,917,0,0.00,11.6844,1.0000
10384661.0,5213.800628,16532.341408,21746.142036,918,0,0.00,11.6969,1.0000
10384668.0,5213.808406,16532.388075,21746.196481,919,0,0.00,11.7094,1.0000
10387214.0,5216.637294,16549.361408,21765.998703,920,0,0.00,11.7266,1.0000
10387343.0,5216.780628,16550.221408,21767.002036,921,0,0.00,11.7313,1.0000
10387422.0,5216.868406,16550.748075,21767.616481,922,0,0.00,11.7484,1.0000
10387797.0,5217.285072,16553.248075,21770.533147,923,0,0.00,11.7547,1.0000
10388808.0,5218.408406,16559.988075,21778.396481,924,0,0.00,11.7594,1.0000
10389446.0,5219.117294,16564.241408,21783.358703,925,0,0.00,11.7719,1.0000
10390019.0,5219.753961,16568.061408,21787.815369,926,0,0.00,11.7844,1.0000
10390460.0,5220.243961,16571.001408,21791.245369,927,0,0.00,11.7906,1.0000
10390495.0,5220.282850,16571.234742,21791.517592,928,0,0.00,11.7969,1.0000
10390956.0,5220.795072,16574.308075,21795.103147,929,0,0.00,11.8094,1.0000
10391797.0,5221.729517,16579.914742,21801.644258,930,0,0.00,11.8156,1.0000
10392044.0,5222.003961,16581.561408,21803.565369,931,0,0.00,11.8281,1.0000
10392058.0,5222.019517,16581.654742,21803.674258,932,0,0.00,11.8422,1.0000
10392193.0,5222.169517,16582.554742,21804.724258,933,0,0.00,11.8469,1.0000
10392464.0,5222.470628,16584.361408,21806.832036,934,0,0.00,11.8844,1.0000
10392524.0,5222.537294,16584.761408,21807.298703,935,0,0.00,11.8906,1.0000
10392696.0,5222.728406,16585.908075,21808.636481,936,0,0.00,11.9094,1.0000
10392972.0,5223.035072,16587.748075,21810.783147,937,0,0.00,11.9234,1.0000
10393119.0,5223.198406,16588.728075,21811.926481,938,0,0.00,11.9422,1.0000
10393303.0,5223.402850,16589.954742,21813.357592,939,0,0.00,11.9672,1.0000
10393371.0,5223.478406,16590.408075,21813.886481,940,0,0.00,11.9922,1.0000
10393490.0,5223.610628,16591.201408,21814.812036,941,0,0.00,11.9984,1.0000
10393737.0,5223.885072,16592.848075,21816.733147,942,0,0.00,12.0047,1.0000
10394338.0,5224.552850,16596.854742,21821.407592,943,0,0.00,12.0219,1.0000
10395111.0,5225.411739,16602.008075,21827.419814,944,0,0.00,12.0594,1.0000
10395459.0,5225.798406,16604.328075,21830.126481,945,0,0.00,12.0844,1.0000
10395753.0,5226.125072,16606.288075,21832.413147,946,0,0.00,12.0906,1.0000
10395756.0,5226.128406,16606.308075,21832.436481,947,0,0.00,12.0953,1.0000
10395807.0,5226.185072,16606.648075,21832.833147,948,0,0.00,12.1000,1.0000
10396804.0,5227.292850,16613.294742,21840.587592,949,0,0.00,12.1047,1.0000
10397715.0,5228.305072,16619.368075,21847.673147,950,0,0.00,12.1094,1.0000
10398156.0,5228.795072,16622.308075,21851.103147,951,0,0.00,12.1344,1.0000
10398158.0,5228.797294,16622.321408,21851.118703,952,0,0.00,12.1594,1.0000
10398305.0,5228.960628,16623.301408,21852.262036,953,0,0.00,12.1641,1.0000
10398509.0,5229.187294,16624.661408,21853.848703,954,0,0.00,12.1781,1.0000
10398781.0,5229.489517,16626.474742,21855.964258,955,0,0.00,12.1922,1.0000
10399394.0,5230.170628,16630.561408,21860.732036,956,0,0.00,12.1969,1.0000
10399531.0,5230.322850,16631.474742,21861.797592,957,0,0.00,12.2016,1.0000
10401633.0,5232.658406,16645.488075,21878.146481,958,0,0.00,12.2203,1.0000
10402311.0,5233.411739,16650.008075,21883.419814,959,0,0.00,12.2328,1.0000
10402526.0,5233.650628,16651.441408,21885.092036,960,0,0.00,12.2375,1.0000
10402709.0,5233.853961,16652.661408,21886.515369,961,0,0.00,12.2422,1.0000
10402870.0,5234.032850,16653.734742,21887.767592,962,0,0.00,12.2469,1.0000
10403370.0,5234.588406,16657.068075,21891.656481,963,0,0.00,12.2844,1.0000
10403581.0,5234.822850,16658.474742,21893.297592,964,0,0.00,12.2891,1.0000
10403901.0,5235.178406,16660.608075,21895.786481,965,0,0.00,12.2938,1.0000
10404065.0,5235.360628,16661.701408,21897.062036,966,0,0.00,12.3000,1.0000
10405496.0,5236.950628,16671.241408,21908.192036,967,0,0.00,12.3063,1.0000
10405820.0,5237.310628,16673.401408,21910.712036,968,0,0.00,12.3203,1.0000
10406065.0,5237.582850,16675.034742,21912.617592,969,0,0.00,12.3266,1.0000
10406217.0,5237.751739,16676.048075,21913.799814,970,0,0.00,12.3328,1.0000
10407411.0,5239.078406,16684.008075,21923.086481,971,0,0.00,12.3391,1.0000
10408533.0,5240.325072,16691.488075,21931.813147,972,0,0.00,12.3438,1.0000
10408945.0,5240.782850,16694.234742,21935.017592,973,0,0.00,12.3484,1.0000
10409135.0,5240.993961,16695.501408,21936.495369,974,0,0.00,12.3672,1.0000
10409788.0,5241.719517,16699.854742,21941.574258,975,0,0.00,12.3734,1.0000
10409812.0,5241.746183,16700.014742,21941.760925,976,0,0.00,12.4016,1.0000
10410605.0,5242.627294,16705.301408,21947.928703,977,0,0.00,12.4063,1.0000
10410767.0,5242.807294,16706.381408,21949.188703,978,0,0.00,12.4188,1.0000
10410937.0,5242.996183,16707.514742,21950.510925,979,0,0.00,12.4438,1.0000
10412019.0,5244.198406,16714.728075,21958.926481,980,0,0.00,12.4688,1.0000
10412233.0,5244.436183,16716.154742,21960.590925,981,0,0.00,12.4734,1.0000
10414545.0,5247.005072,16731.568075,21978.573147,982,0,0.00,12.4781,1.0000
10416283.0,5248.936183,16743.154742,21992.090925,983,0,0.00,12.5016,1.0000
10418049.0,5250.898406,16754.928075,22005.826481,984,0,0.00,12.5250,1.0000
10418677.0,5251.596183,16759.114742,22010.710925,985,0,0.00,12.5375,1.0000
10419148.0,5252.119517,16762.254742,22014.374258,986,0,0.00,12.5422,1.0000
10419857.0,5252.907294,16766.981408,22019.888703,987,0,0.00,12.5672,1.0000
10419916.0,5252.972850,16767.374742,22020.347592,988,0,0.00,12.5719,1.0000
10420053.0,5253.125072,16768.288075,22021.413147,989,0,0.00,12.5906,1.0000
10421819.0,5255.087294,16780.061408,22035.148703,990,0,0.00,12.5953,1.0000
10422335.0,5255.660628,16783.501408,22039.162036,991,0,0.00,12.6047,1.0000
10422609.0,5255.965072,16785.328075,22041.293147,992,0,0.00,12.6281,1.0000
10423053.0,5256.458406,16788.288075,22044.746481,993,0,0.00,12.6375,1.0000
10423312.0,5256.746183,16790.014742,22046.760925,994,0,0.00,12.6422,1.0000
10424039.0,5257.553961,16794.861408,22052.415369,995,0,0.00,12.6547,1.0000
10424040.0,5257.555072,16794.868075,22052.423147,996,0,0.00,12.6672,1.0000
10424046.0,5257.561739,16794.908075,22052.469814,997,0,0.00,12.6797,1.0000
10424050.0,5257.566183,16794.934742,22052.500925,998,0,0.00,12.6922,1.0000
10424998.0,5258.619517,16801.254742,22059.874258,999,0,0.00,12.6969,1.0000
10426697.0,5260.507294,16812.581408,22073.088703,1000,0,0.00,12.7344,1.0000
10426770.0,5260.588406,16813.068075,22073.656481,1001,0,0.00,12.7391,1.0000
10427770.0,5261.699517,16819.734742,22081.434258,1002,0,0.00,12.7641,1.0000
10429667.0,5263.807294,16832.381408,22096.188703,1003,0,0.00,12.7703,1.0000
10429978.0,5264.152850,16834.454742,22098.607592,1004,0,0.00,12.7766,1.0000
10430148.0,5264.341739,16835.588075,22099.929814,1005,0,0.00,12.7813,1.0000
10430353.0,5264.569517,16836.954742,22101.524258,1006,0,0.00,12.7859,1.0000
10430809.0,5265.076183,16839.994742,22105.070925,1007,0,0.00,12.8234,1.0000
10430841.0,5265.111739,16840.208075,22105.319814,1008,0,0.00,12.8297,1.0000
10430899.0,5265.176183,16840.594742,22105.770925,1009,0,0.00,12.8344,1.0000
10431794.0,5266.170628,16846.561408,22112.732036,1010,0,0.00,12.8406,1.0000
10432303.0,5266.736183,16849.954742,22116.690925,1011,0,0.00,12.8453,1.0000
10432317.0,5266.751739,16850.048075,22116.799814,1012,0,0.00,12.8500,1.0000
10432820.0,5267.310628,16853.401408,22120.712036,1013,0,0.00,12.8563,1.0000
10432946.0,5267.450628,16854.241408,22121.692036,1014,0,0.00,12.8734,1.0000
10433225.0,5267.760628,16856.101408,22123.862036,1015,0,0.00,12.8781,1.0000
10433505.0,5268.071739,16857.968075,22126.039814,1016,0,0.00,12.8828,1.0000
10433553.0,5268.125072,16858.288075,22126.413147,1017,0,0.00,12.8891,1.0000
10433611.0,5268.189517,16858.674742,22126.864258,1018,0,0.00,12.8938,1.0000
10433709.0,5268.298406,16859.328075,22127.626481,1019,0,0.00,12.9109,1.0000
10433799.0,5268.398406,16859.928075,22128.326481,1020,0,0.00,12.9281,1.0000
10433959.0,5268.576183,16860.994742,22129.570925,1021,0,0.00,12.9344,1.0000
10434155.0,5268.793961,16862.301408,22131.095369,1022,0,0.00,12.9438,1.0000
10434472.0,5269.146183,16864.414742,22133.560925,1023,0,0.00,12.9484,1.0000
10434545.0,5269.227294,16864.901408,22134.128703,1024,0,0.00,12.9656,1.0000
10434573.0,5269.258406,16865.088075,22134.346481,1025,0,0.00,12.9828,1.0000
10434999.0,5269.731739,16867.928075,22137.659814,1026,0,0.00,12.9875,1.0000
10435326.0,5270.095072,16870.108075,22140.203147,1027,0,0.00,13.0125,1.0000
10435374.0,5270.148406,16870.428075,22140.576481,1028,0,0.00,13.0297,1.0000
10435598.0,5270.397294,16871.921408,22142.318703,1029,0,0.00,13.0422,1.0000
10435669.0,5270.476183,16872.394742,22142.870925,1030,0,0.00,13.0563,1.0000
10436334.0,5271.215072,16876.828075,22148.043147,1031,0,0.00,13.0703,1.0000
10436385.0,5271.271739,16877.168075,22148.439814,1032,0,0.00,13.0875,1.0000
10436392.0,5271.279517,16877.214742,22148.494258,1033,0,0.00,13.0938,1.0000
10436392.0,5271.279517,16877.214742,22148.494258,1034,0,0.00,13.1063,1.0000
10436424.0,5271.315072,16877.428075,22148.743147,1035,0,0.00,13.1234,1.0000
10436454.0,5271.348406,16877.628075,22148.976481,1036,0,0.00,13.1281,1.0000
10436461.0,5271.356183,16877.674742,22149.030925,1037,0,0.00,13.1344,1.0000
10436556.0,5271.461739,16878.308075,22149.769814,1038,0,0.00,13.1406,1.0000
10436721.0,5271.645072,16879.408075,22151.053147,1039,0,0.00,13.1453,1.0000
10437388.0,5272.386183,16883.854742,22156.240925,1040,0,0.00,13.1516,1.0000
10437520.0,5272.532850,16884.734742,22157.267592,1041,0,0.00,13.1563,1.0000
10437771.0,5272.811739,16886.408075,22159.219814,1042,0,0.00,13.1609,1.0000
10437793.0,5272.836183,16886.554742,22159.390925,1043,0,0.00,13.1734,1.0000
10438117.0,5273.196183,16888.714742,22161.910925,1044,0,0.00,13.1922,1.0000
10438120.0,5273.199517,16888.734742,22161.934258,1045,0,0.00,13.1969,1.0000
10438490.0,5273.610628,16891.201408,22164.812036,1046,0,0.00,13.2016,1.0000
10438646.0,5273.783961,16892.241408,22166.025369,1047,0,0.00,13.2188,1.0000
10438828.0,5273.986183,16893.454742,22167.440925,1048,0,0.00,13.2328,1.0000
10438984.0,5274.159517,16894.494742,22168.654258,1049,0,0.00,13.2469,1.0000
10439238.0,5274.441739,16896.188075,22170.629814,1050,0,0.00,13.2516,1.0000
10439500.0,5274.732850,16897.934742,22172.667592,1051,0,0.00,13.2688,1.0000
10439612.0,5274.857294,16898.681408,22173.538703,1052,0,0.00,13.2750,1.0000
10439715.0,5274.971739,16899.368075,22174.339814,1053,0,0.00,13.2797,1.0000
10439780.0,5275.043961,16899.801408,22174.845369,1054,0,0.00,13.2844,1.0000
10440062.0,5275.357294,16901.681408,22177.038703,1055,0,0.00,13.2891,1.0000
10440135.0,5275.438406,16902.168075,22177.606481,1056,0,0.00,13.2938,1.0000
10440474.0,5275.815072,16904.428075,22180.243147,1057,0,0.00,13.2984,1.0000
10441228.0,5276.652850,16909.454742,22186.107592,1058,0,0.00,13.3125,1.0000
10441289.0,5276.720628,16909.861408,22186.582036,1059,0,0.00,13.3188,1.0000
10441620.0,5277.088406,16912.068075,22189.156481,1060,0,0.00,13.3234,1.0000
10442134.0,5277.659517,16915.494742,22193.154258,1061,0,0.00,13.3469,1.0000
10442271.0,5277.811739,16916.408075,22194.219814,1062,0,0.00,13.3719,1.0000
10443884.0,5279.603961,16927.161408,22206.765369,1063,0,0.00,13.3781,1.0000
10444492.0,5280.279517,16931.214742,22211.494258,1064,0,0.00,13.3828,1.0000
10445046.0,5280.895072,16934.908075,22215.803147,1065,0,0.00,13.3891,1.0000
10445431.0,5281.322850,16937.474742,22218.797592,1066,0,0.00,13.3953,1.0000
10445440.0,5281.332850,16937.534742,22218.867592,1067,0,0.00,13.4453,1.0000
10445790.0,5281.721739,16939.868075,22221.589814,1068,0,0.00,13.4578,1.0000
10446016.0,5281.972850,16941.374742,22223.347592,1069,0,0.00,13.5078,1.0000
10446760.0,5282.799517,16946.334742,22229.134258,1070,0,0.00,13.5141,1.0000
10447116.0,5283.195072,16948.708075,22231.903147,1071,0,0.00,13.5266,1.0000
10447525.0,5283.649517,16951.434742,22235.084258,1072,0,0.00,13.5328,1.0000
10448041.0,5284.222850,16954.874742,22239.097592,1073,0,0.00,13.5563,1.0000
10448097.0,5284.285072,16955.248075,22239.533147,1074,0,0.00,13.5938,1.0000
10448391.0,5284.611739,16957.208075,22241.819814,1075,0,0.00,13.6109,1.0000
10448437.0,5284.662850,16957.514742,22242.177592,1076,0,0.00,13.6234,1.0000
10449254.0,5285.570628,16962.961408,22248.532036,1077,0,0.00,13.6375,1.0000
10450158.0,5286.575072,16968.988075,22255.563147,1078,0,0.00,13.6422,1.0000
10450228.0,5286.652850,16969.454742,22256.107592,1079,0,0.00,13.6484,1.0000
10450358.0,5286.797294,16970.321408,22257.118703,1080,0,0.00,13.6609,1.0000
10450512.0,5286.968406,16971.348075,22258.316481,1081,0,0.00,13.6656,1.0000
10450689.0,5287.165072,16972.528075,22259.693147,1082,0,0.00,13.6719,1.0000
10451105.0,5287.627294,16975.301408,22262.928703,1083,0,0.00,13.6969,1.0000
10451338.0,5287.886183,16976.854742,22264.740925,1084,0,0.00,13.7156,1.0000
10451453.0,5288.013961,16977.621408,22265.635369,1085,0,0.00,13.7219,1.0000
10451457.0,5288.018406,16977.648075,22265.666481,1086,0,0.00,13.7406,1.0000
10451465.0,5288.027294,16977.701408,22265.728703,1087,0,0.00,13.7594,1.0000
10451527.0,5288.096183,16978.114742,22266.210925,1088,0,0.00,13.7781,1.0000
10451555.0,5288.127294,16978.301408,22266.428703,1089,0,0.00,13.8063,1.0000
10453342.0,5290.112850,16990.214742,22280.327592,1090,0,0.00,13.8125,1.0000
10453495.0,5290.282850,16991.234742,22281.517592,1091,0,0.00,13.8172,1.0000
10453755.0,5290.571739,16992.968075,22283.539814,1092,0,0.00,13.8297,1.0000
10453760.0,5290.577294,16993.001408,22283.578703,1093,0,0.00,13.8484,1.0000
10453993.0,5290.836183,16994.554742,22285.390925,1094,0,0.00,13.8531,1.0000
10454461.0,5291.356183,16997.674742,22289.030925,1095,0,0.00,13.8578,1.0000
10454537.0,5291.440628,16998.181408,22289.622036,1096,0,0.00,13.8953,1.0000
10454850.0,5291.788406,17000.268075,22292.056481,1097,0,0.00,13.9125,1.0000
10455001.0,5291.956183,17001.274742,22293.230925,1098,0,0.00,13.9297,1.0000
10455086.0,5292.050628,17001.841408,22293.892036,1099,0,0.00,13.9469,1.0000
10456111.0,5293.189517,17008.674742,22301.864258,1100,0,0.00,13.9516,1.0000
10456381.0,5293.489517,17010.474742,22303.964258,1101,0,0.00,13.9578,1.0000
10457497.0,5294.729517,17017.914742,22312.644258,1102,0,0.00,13.9641,1.0000
10458105.0,5295.405072,17021.968075,22317.373147,1103,0,0.00,13.9766,1.0000
10458138.0,5295.441739,17022.188075,22317.629814,1104,0,0.00,13.9813,1.0000
10459348.0,5296.786183,17030.254742,22327.040925,1105,0,0.00,13.9859,1.0000
10459465.0,5296.916183,17031.034742,22327.950925,1106,0,0.00,13.9906,1.0000
10459596.0,5297.061739,17031.908075,22328.969814,1107,0,0.00,14.0031,1.0000
10460075.0,5297.593961,17035.101408,22332.695369,1108,0,0.00,14.0156,1.0000
10460640.0,5298.221739,17038.868075,22337.089814,1109,0,0.00,14.0219,1.0000
10462043.0,5299.780628,17048.221408,22348.002036,1110,0,0.00,14.0359,1.0000
10462484.0,5300.270628,17051.161408,22351.432036,1111,0,0.00,14.0422,1.0000
10462683.0,5300.491739,17052.488075,22352.979814,1112,0,0.00,14.0609,1.0000
10462689.0,5300.498406,17052.528075,22353.026481,1113,0,0.00,14.0797,1.0000
10462806.0,5300.628406,17053.308075,22353.936481,1114,0,0.00,14.0984,1.0000
10463316.0,5301.195072,17056.708075,22357.903147,1115,0,0.00,14.1109,1.0000
10463316.0,5301.195072,17056.708075,22357.903147,1116,0,0.00,14.1234,1.0000
10463437.0,5301.329517,17057.514742,22358.844258,1117,0,0.00,14.1422,1.0000
10463704.0,5301.626183,17059.294742,22360.920925,1118,0,0.00,14.1469,1.0000
10463934.0,5301.881739,17060.828075,22362.709814,1119,0,0.00,14.1844,1.0000
10464624.0,5302.648406,17065.428075,22368.076481,1120,0,0.00,14.1891,1.0000
10464849.0,5302.898406,17066.928075,22369.826481,1121,0,0.00,14.1953,1.0000
10464987.0,5303.051739,17067.848075,22370.899814,1122,0,0.00,14.2016,1.0000
10465750.0,5303.899517,17072.934742,22376.834258,1123,0,0.00,14.2063,1.0000
10465976.0,5304.150628,17074.441408,22378.592036,1124,0,0.00,14.2109,1.0000
10467648.0,5306.008406,17085.588075,22391.596481,1125,0,0.00,14.2172,1.0000
10467853.0,5306.236183,17086.954742,22393.190925,1126,0,0.00,14.2234,1.0000
10468064.0,5306.470628,17088.361408,22394.832036,1127,0,0.00,14.2281,1.0000
10468357.0,5306.796183,17090.314742,22397.110925,1128,0,0.00,14.2781,1.0000
10468877.0,5307.373961,17093.781408,22401.155369,1129,0,0.00,14.2828,1.0000
10468879.0,5307.376183,17093.794742,22401.170925,1130,0,0.00,14.3016,1.0000
10468928.0,5307.430628,17094.121408,22401.552036,1131,0,0.00,14.3516,1.0000
10468928.0,5307.430628,17094.121408,22401.552036,1132,0,0.00,14.4016,1.0000
10468950.0,5307.455072,17094.268075,22401.723147,1133,0,0.00,14.4203,1.0000
10469205.0,5307.738406,17095.968075,22403.706481,1134,0,0.00,14.4250,1.0000
10469867.0,5308.473961,17100.381408,22408.855369,1135,0,0.00,14.4297,1.0000
10470372.0,5309.035072,17103.748075,22412.783147,1136,0,0.00,14.4359,1.0000
10471323.0,5310.091739,17110.088075,22420.179814,1137,0,0.00,14.4422,1.0000
10471828.0,5310.652850,17113.454742,22424.107592,1138,0,0.00,14.4469,1.0000
10472083.0,5310.936183,17115.154742,22426.090925,1139,0,0.00,14.4516,1.0000
10473680.0,5312.710628,17125.801408,22438.512036,1140,0,0.00,14.4563,1.0000
10475310.0,5314.521739,17136.668075,22451.189814,1141,0,0.00,14.4938,1.0000
10476444.0,5315.781739,17144.228075,22460.009814,1142,0,0.00,14.4984,1.0000
10476744.0,5316.115072,17146.228075,22462.343147,1143,0,0.00,14.5219,1.0000
10477956.0,5317.461739,17154.308075,22471.769814,1144,0,0.00,14.5266,1.0000
10478057.0,5317.573961,17154.981408,22472.555369,1145,0,0.00,14.5313,1.0000
10479249.0,5318.898406,17162.928075,22481.826481,1146,0,0.00,14.5359,1.0000
10479784.0,5319.492850,17166.494742,22485.987592,1147,0,0.00,14.5734,1.0000
10481045.0,5320.893961,17174.901408,22495.795369,1148,0,0.00,14.5781,1.0000
10481242.0,5321.112850,17176.214742,22497.327592,1149,0,0.00,14.6156,1.0000
10481454.0,5321.348406,17177.628075,22498.976481,1150,0,0.00,14.6391,1.0000
10484454.0,5324.681739,17197.628075,22522.309814,1151,0,0.00,14.6641,1.0000
10484455.0,5324.682850,17197.634742,22522.317592,1152,0,0.00,14.6891,1.0000
10484476.0,5324.706183,17197.774742,22522.480925,1153,0,0.00,14.7141,1.0000
10484491.0,5324.722850,17197.874742,22522.597592,1154,0,0.00,14.7203,1.0000
10484743.0,5325.002850,17199.554742,22524.557592,1155,0,0.00,14.7250,1.0000
10486042.0,5326.446183,17208.214742,22534.660925,1156,0,0.00,14.7297,1.0000
10486687.0,5327.162850,17212.514742,22539.677592,1157,0,0.00,14.7578,1.0000
10486808.0,5327.297294,17213.321408,22540.618703,1158,0,0.00,14.7625,1.0000
10486962.0,5327.468406,17214.348075,22541.816481,1159,0,0.00,14.7672,1.0000
10487601.0,5328.178406,17218.608075,22546.786481,1160,0,0.00,14.7922,1.0000
10488913.0,5329.636183,17227.354742,22556.990925,1161,0,0.00,14.8016,1.0000
10489639.0,5330.442850,17232.194742,22562.637592,1162,0,0.00,14.8063,1.0000
10490091.0,5330.945072,17235.208075,22566.153147,1163,0,0.00,14.8313,1.0000
10490573.0,5331.480628,17238.421408,22569.902036,1164,0,0.00,14.8563,1.0000
10490608.0,5331.519517,17238.654742,22570.174258,1165,0,0.00,14.8609,1.0000
10491684.0,5332.715072,17245.828075,22578.543147,1166,0,0.00,14.9109,1.0000
10491859.0,5332.909517,17246.994742,22579.904258,1167,0,0.00,14.9172,1.0000
10492028.0,5333.097294,17248.121408,22581.218703,1168,0,0.00,14.9219,1.0000
10492770.0,5333.921739,17253.068075,22586.989814,1169,0,0.00,14.9266,1.0000
10492842.0,5334.001739,17253.548075,22587.549814,1170,0,0.00,14.9766,1.0000
10492842.0,5334.001739,17253.548075,22587.549814,1171,0,0.00,15.0266,1.0000
10493831.0,5335.100628,17260.141408,22595.242036,1172,0,0.00,15.0500,1.0000
10493917.0,5335.196183,17260.714742,22595.910925,1173,0,0.00,15.0750,1.0000
10494652.0,5336.012850,17265.614742,22601.627592,1174,0,0.00,15.0797,1.0000
10494733.0,5336.102850,17266.154742,22602.257592,1175,0,0.00,15.0844,1.0000
10495559.0,5337.020628,17271.661408,22608.682036,1176,0,0.00,15.0891,1.0000
10495656.0,5337.128406,17272.308075,22609.436481,1177,0,0.00,15.1078,1.0000
10495959.0,5337.465072,17274.328075,22611.793147,1178,0,0.00,15.1328,1.0000
10496603.0,5338.180628,17278.621408,22616.802036,1179,0,0.00,15.1375,1.0000
10496760.0,5338.355072,17279.668075,22618.023147,1180,0,0.00,15.1625,1.0000
10496918.0,5338.530628,17280.721408,22619.252036,1181,0,0.00,15.1859,1.0000
10496935.0,5338.549517,17280.834742,22619.384258,1182,0,0.00,15.2094,1.0000
10497137.0,5338.773961,17282.181408,22620.955369,1183,0,0.00,15.2375,1.0000
10497843.0,5339.558406,17286.888075,22626.446481,1184,0,0.00,15.2422,1.0000
10498252.0,5340.012850,17289.614742,22629.627592,1185,0,0.00,15.2703,1.0000
10498879.0,5340.709517,17293.794742,22634.504258,1186,0,0.00,15.2984,1.0000
10498922.0,5340.757294,17294.081408,22634.838703,1187,0,0.00,15.3031,1.0000
10499073.0,5340.925072,17295.088075,22636.013147,1188,0,0.00,15.3219,1.0000
10500430.0,5342.432850,17304.134742,22646.567592,1189,0,0.00,15.3266,1.0000
10501135.0,5343.216183,17308.834742,22652.050925,1190,0,0.00,15.3500,1.0000
10502555.0,5344.793961,17318.301408,22663.095369,1191,0,0.00,15.3594,1.0000
10502722.0,5344.979517,17319.414742,22664.394258,1192,0,0.00,15.3828,1.0000
10503163.0,5345.469517,17322.354742,22667.824258,1193,0,0.00,15.3875,1.0000
10503669.0,5346.031739,17325.728075,22671.759814,1194,0,0.00,15.4125,1.0000
10504051.0,5346.456183,17328.274742,22674.730925,1195,0,0.00,15.4375,1.0000
10505099.0,5347.620628,17335.261408,22682.882036,1196,0,0.00,15.4625,1.0000
10505913.0,5348.525072,17340.688075,22689.213147,1197,0,0.00,15.4672,1.0000
10506246.0,5348.895072,17342.908075,22691.803147,1198,0,0.00,15.4922,1.0000
10506463.0,5349.136183,17344.354742,22693.490925,1199,0,0.00,15.4969,1.0000
10507448.0,5350.230628,17350.921408,22701.152036,1200,0,0.00,15.5031,1.0000
10507735.0,5350.549517,17352.834742,22703.384258,1201,0,0.00,15.5078,1.0000
10510432.0,5353.546183,17370.814742,22724.360925,1202,0,0.00,15.5203,1.0000
10510433.0,5353.547294,17370.821408,22724.368703,1203,0,0.00,15.5328,1.0000
10510443.0,5353.558406,17370.888075,22724.446481,1204,0,0.00,15.5453,1.0000
10512265.0,5355.582850,17383.034742,22738.617592,1205,0,0.00,15.5734,1.0000
10512454.0,5355.792850,17384.294742,22740.087592,1206,0,0.00,15.5969,1.0000
10512819.0,5356.198406,17386.728075,22742.926481,1207,0,0.00,15.6031,1.0000
10513293.0,5356.725072,17389.888075,22746.613147,1208,0,0.00,15.6125,1.0000
10513355.0,5356.793961,17390.301408,22747.095369,1209,0,0.00,15.6250,1.0000
10513654.0,5357.126183,17392.294742,22749.420925,1210,0,0.00,15.6484,1.0000
10513771.0,5357.256183,17393.074742,22750.330925,1211,0,0.00,15.6531,1.0000
10514256.0,5357.795072,17396.308075,22754.103147,1212,0,0.00,15.6719,1.0000
10514908.0,5358.519517,17400.654742,22759.174258,1213,0,0.00,15.6969,1.0000
10515018.0,5358.641739,17401.388075,22760.029814,1214,0,0.00,15.7469,1.0000
10515072.0,5358.701739,17401.748075,22760.449814,1215,0,0.00,15.7719,1.0000
10515810.0,5359.521739,17406.668075,22766.189814,1216,0,0.00,15.7766,1.0000
10516174.0,5359.926183,17409.094742,22769.020925,1217,0,0.00,15.8266,1.0000
10516183.0,5359.936183,17409.154742,22769.090925,1218,0,0.00,15.8313,1.0000
10516262.0,5360.023961,17409.681408,22769.705369,1219,0,0.00,15.8375,1.0000
10516533.0,5360.325072,17411.488075,22771.813147,1220,0,0.00,15.8563,1.0000
10517376.0,5361.261739,17417.108075,22778.369814,1221,0,0.00,15.8750,1.0000
10519357.0,5363.462850,17430.314742,22793.777592,1222,0,0.00,15.8938,1.0000
10519631.0,5363.767294,17432.141408,22795.908703,1223,0,0.00,15.8984,1.0000
10520784.0,5365.048406,17439.828075,22804.876481,1224,0,0.00,15.9156,1.0000
10520922.0,5365.201739,17440.748075,22805.949814,1225,0,0.00,15.9406,1.0000
10521219.0,5365.531739,17442.728075,22808.259814,1226,0,0.00,15.9578,1.0000
10521993.0,5366.391739,17447.888075,22814.279814,1227,0,0.00,15.9672,1.0000
10522531.0,5366.989517,17451.474742,22818.464258,1228,0,0.00,15.9734,1.0000
10522531.0,5366.989517,17451.474742,22818.464258,1229,0,0.00,15.9797,1.0000
10524137.0,5368.773961,17462.181408,22830.955369,1230,0,0.00,16.0078,1.0000
10524173.0,5368.813961,17462.421408,22831.235369,1231,0,0.00,16.0359,1.0000
10524601.0,5369.289517,17465.274742,22834.564258,1232,0,0.00,16.0406,1.0000
10524836.0,5369.550628,17466.841408,22836.392036,1233,0,0.00,16.0453,1.0000
10525900.0,5370.732850,17473.934742,22844.667592,1234,0,0.00,16.0500,1.0000
10527174.0,5372.148406,17482.428075,22854.576481,1235,0,0.00,16.0547,1.0000
10527596.0,5372.617294,17485.241408,22857.858703,1236,0,0.00,16.0594,1.0000
10527655.0,5372.682850,17485.634742,22858.317592,1237,0,0.00,16.0641,1.0000
10527776.0,5372.817294,17486.441408,22859.258703,1238,0,0.00,16.0891,1.0000
10529173.0,5374.369517,17495.754742,22870.124258,1239,0,0.00,16.0938,1.0000
10529225.0,5374.427294,17496.101408,22870.528703,1240,0,0.00,16.0984,1.0000
10529568.0,5374.808406,17498.388075,22873.196481,1241,0,0.00,16.1031,1.0000
10530340.0,5375.666183,17503.534742,22879.200925,1242,0,0.00,16.1313,1.0000
10530341.0,5375.667294,17503.541408,22879.208703,1243,0,0.00,16.1594,1.0000
10530620.0,5375.977294,17505.401408,22881.378703,1244,0,0.00,16.1781,1.0000
10530828.0,5376.208406,17506.788075,22882.996481,1245,0,0.00,16.1828,1.0000
10531182.0,5376.601739,17509.148075,22885.749814,1246,0,0.00,16.1875,1.0000
10531439.0,5376.887294,17510.861408,22887.748703,1247,0,0.00,16.2125,1.0000
10531756.0,5377.239517,17512.974742,22890.214258,1248,0,0.00,16.2188,1.0000
10531868.0,5377.363961,17513.721408,22891.085369,1249,0,0.00,16.2438,1.0000
10531997.0,5377.507294,17514.581408,22892.088703,1250,0,0.00,16.2484,1.0000
10532135.0,5377.660628,17515.501408,22893.162036,1251,0,0.00,16.2531,1.0000
10532219.0,5377.753961,17516.061408,22893.815369,1252,0,0.00,16.2766,1.0000
10532455.0,5378.016183,17517.634742,22895.650925,1253,0,0.00,16.2813,1.0000
10534465.0,5380.249517,17531.034742,22911.284258,1254,0,0.00,16.3000,1.0000
10534494.0,5380.281739,17531.228075,22911.509814,1255,0,0.00,16.3188,1.0000
10534737.0,5380.551739,17532.848075,22913.399814,1256,0,0.00,16.3234,1.0000
10535088.0,5380.941739,17535.188075,22916.129814,1257,0,0.00,16.3469,1.0000
10535139.0,5380.998406,17535.528075,22916.526481,1258,0,0.00,16.3531,1.0000
10535843.0,5381.780628,17540.221408,22922.002036,1259,0,0.00,16.3578,1.0000
10537957.0,5384.129517,17554.314742,22938.444258,1260,0,0.00,16.3828,1.0000
10537958.0,5384.130628,17554.321408,22938.452036,1261,0,0.00,16.3875,1.0000
10538102.0,5384.290628,17555.281408,22939.572036,1262,0,0.00,16.3938,1.0000
10538657.0,5384.907294,17558.981408,22943.888703,1263,0,0.00,16.4438,1.0000
10538657.0,5384.907294,17558.981408,22943.888703,1264,0,0.00,16.4938,1.0000
10538658.0,5384.908406,17558.988075,22943.896481,1265,0,0.00,16.5438,1.0000
10539104.0,5385.403961,17561.961408,22947.365369,1266,0,0.00,16.5484,1.0000
10539516.0,5385.861739,17564.708075,22950.569814,1267,0,0.00,16.5672,1.0000
10539824.0,5386.203961,17566.761408,22952.965369,1268,0,0.00,16.6172,1.0000
10539860.0,5386.243961,17567.001408,22953.245369,1269,0,0.00,16.6406,1.0000
10541309.0,5387.853961,17576.661408,22964.515369,1270,0,0.00,16.6656,1.0000
10541438.0,5387.997294,17577.521408,22965.518703,1271,0,0.00,16.6703,1.0000
10541688.0,5388.275072,17579.188075,22967.463147,1272,0,0.00,16.6875,1.0000
10541891.0,5388.500628,17580.541408,22969.042036,1273,0,0.00,16.6922,1.0000
10542339.0,5388.998406,17583.528075,22972.526481,1274,0,0.00,16.6969,1.0000
10543069.0,5389.809517,17588.394742,22978.204258,1275,0,0.00,16.7203,1.0000
10543654.0,5390.459517,17592.294742,22982.754258,1276,0,0.00,16.7391,1.0000
10543893.0,5390.725072,17593.888075,22984.613147,1277,0,0.00,16.7516,1.0000
10545261.0,5392.245072,17603.008075,22995.253147,1278,0,0.00,16.7563,1.0000
10547435.0,5394.660628,17617.501408,23012.162036,1279,0,0.00,16.7688,1.0000
10547683.0,5394.936183,17619.154742,23014.090925,1280,0,0.00,16.7734,1.0000
10548009.0,5395.298406,17621.328075,23016.626481,1281,0,0.00,16.7781,1.0000
10548436.0,5395.772850,17624.174742,23019.947592,1282,0,0.00,16.7828,1.0000
10548764.0,5396.137294,17626.361408,23022.498703,1283,0,0.00,16.7891,1.0000
10549731.0,5397.211739,17632.808075,23030.019814,1284,0,0.00,16.7938,1.0000
10549799.0,5397.287294,17633.261408,23030.548703,1285,0,0.00,16.7984,1.0000
10550250.0,5397.788406,17636.268075,23034.056481,1286,0,0.00,16.8234,1.0000
10552241.0,5400.000628,17649.541408,23049.542036,1287,0,0.00,16.8359,1.0000
10552544.0,5400.337294,17651.561408,23051.898703,1288,0,0.00,16.8406,1.0000
10554159.0,5402.131739,17662.328075,23064.459814,1289,0,0.00,16.8641,1.0000
10554296.0,5402.283961,17663.241408,23065.525369,1290,0,0.00,16.8688,1.0000
10554770.0,5402.810628,17666.401408,23069.212036,1291,0,0.00,16.8734,1.0000
10554990.0,5403.055072,17667.868075,23070.923147,1292,0,0.00,16.8797,1.0000
10555568.0,5403.697294,17671.721408,23075.418703,1293,0,0.00,16.8844,1.0000
10556382.0,5404.601739,17677.148075,23081.749814,1294,0,0.00,16.8891,1.0000
10556443.0,5404.669517,17677.554742,23082.224258,1295,0,0.00,16.9125,1.0000
10556555.0,5404.793961,17678.301408,23083.095369,1296,0,0.00,16.9219,1.0000
10557308.0,5405.630628,17683.321408,23088.952036,1297,0,0.00,16.9469,1.0000
10557436.0,5405.772850,17684.174742,23089.947592,1298,0,0.00,16.9750,1.0000
10557611.0,5405.967294,17685.341408,23091.308703,1299,0,0.00,16.9797,1.0000
10557885.0,5406.271739,17687.168075,23093.439814,1300,0,0.00,16.9984,1.0000
10559926.0,5408.539517,17700.774742,23109.314258,1301,0,0.00,17.0219,1.0000
10561140.0,5409.888406,17708.868075,23118.756481,1302,0,0.00,17.0266,1.0000
10561410.0,5410.188406,17710.668075,23120.856481,1303,0,0.00,17.0313,1.0000
10561659.0,5410.465072,17712.328075,23122.793147,1304,0,0.00,17.0359,1.0000
10562001.0,5410.845072,17714.608075,23125.453147,1305,0,0.00,17.0859,1.0000
10562078.0,5410.930628,17715.121408,23126.052036,1306,0,0.00,17.0984,1.0000
10562577.0,5411.485072,17718.448075,23129.933147,1307,0,0.00,17.1484,1.0000
10562578.0,5411.486183,17718.454742,23129.940925,1308,0,0.00,17.1984,1.0000
10562578.0,5411.486183,17718.454742,23129.940925,1309,0,0.00,17.2484,1.0000
10563307.0,5412.296183,17723.314742,23135.610925,1310,0,0.00,17.2719,1.0000
10564588.0,5413.719517,17731.854742,23145.574258,1311,0,0.00,17.2766,1.0000
10565349.0,5414.565072,17736.928075,23151.493147,1312,0,0.00,17.2953,1.0000
10565357.0,5414.573961,17736.981408,23151.555369,1313,0,0.00,17.3141,1.0000
10565708.0,5414.963961,17739.321408,23154.285369,1314,0,0.00,17.3375,1.0000
10567150.0,5416.566183,17748.934742,23165.500925,1315,0,0.00,17.3547,1.0000
10567172.0,5416.590628,17749.081408,23165.672036,1316,0,0.00,17.3719,1.0000
10567375.0,5416.816183,17750.434742,23167.250925,1317,0,0.00,17.3969,1.0000
10567505.0,5416.960628,17751.301408,23168.262036,1318,0,0.00,17.4016,1.0000
10567539.0,5416.998406,17751.528075,23168.526481,1319,0,0.00,17.4266,1.0000
10567597.0,5417.062850,17751.914742,23168.977592,1320,0,0.00,17.4453,1.0000
10568396.0,5417.950628,17757.241408,23175.192036,1321,0,0.00,17.4500,1.0000
10569337.0,5418.996183,17763.514742,23182.510925,1322,0,0.00,17.4547,1.0000
10570778.0,5420.597294,17773.121408,23193.718703,1323,0,0.00,17.4734,1.0000
10571117.0,5420.973961,17775.381408,23196.355369,1324,0,0.00,17.4781,1.0000
10576207.0,5426.629517,17809.314742,23235.944258,1325,0,0.00,17.4828,1.0000
10576660.0,5427.132850,17812.334742,23239.467592,1326,0,0.00,17.4875,1.0000
10577946.0,5428.561739,17820.908075,23249.469814,1327,0,0.00,17.4922,1.0000
10579100.0,5429.843961,17828.601408,23258.445369,1328,0,0.00,17.4969,1.0000
10579946.0,5430.783961,17834.241408,23265.025369,1329,0,0.00,17.5016,1.0000
10580436.0,5431.328406,17837.508075,23268.836481,1330,0,0.00,17.5063,1.0000
10582475.0,5433.593961,17851.101408,23284.695369,1331,0,0.00,17.5250,1.0000
10584862.0,5436.246183,17867.014742,23303.260925,1332,0,0.00,17.5297,1.0000
10585655.0,5437.127294,17872.301408,23309.428703,1333,0,0.00,17.5359,1.0000
10586479.0,5438.042850,17877.794742,23315.837592,1334,0,0.00,17.5859,1.0000
10587516.0,5439.195072,17884.708075,23323.903147,1335,0,0.00,17.5906,1.0000
10594554.0,5447.015072,17931.628075,23378.643147,1336,0,0.00,17.5953,1.0000
10594953.0,5447.458406,17934.288075,23381.746481,1337,0,0.00,17.6141,1.0000
10596141.0,5448.778406,17942.208075,23390.986481,1338,0,0.00,17.6188,1.0000
10596156.0,5448.795072,17942.308075,23391.103147,1339,0,0.00,17.6313,1.0000
10597038.0,5449.775072,17948.188075,23397.963147,1340,0,0.00,17.6375,1.0000
10598857.0,5451.796183,17960.314742,23412.110925,1341,0,0.00,17.6422,1.0000
10600199.0,5453.287294,17969.261408,23422.548703,1342,0,0.00,17.6469,1.0000
10600473.0,5453.591739,17971.088075,23424.679814,1343,0,0.00,17.6656,1.0000
10602255.0,5455.571739,17982.968075,23438.539814,1344,0,0.00,17.6906,1.0000
10602456.0,5455.795072,17984.308075,23440.103147,1345,0,0.00,17.7094,1.0000
10602557.0,5455.907294,17984.981408,23440.888703,1346,0,0.00,17.7141,1.0000
10602939.0,5456.331739,17987.528075,23443.859814,1347,0,0.00,17.7250,1.0000
10603141.0,5456.556183,17988.874742,23445.430925,1348,0,0.00,17.7422,1.0000
10603497.0,5456.951739,17991.248075,23448.199814,1349,0,0.00,17.7672,1.0000
10603535.0,5456.993961,17991.501408,23448.495369,1350,0,0.00,17.7953,1.0000
10604208.0,5457.741739,17995.988075,23453.729814,1351,0,0.00,17.8125,1.0000
10604532.0,5458.101739,17998.148075,23456.249814,1352,0,0.00,17.8172,1.0000
10604707.0,5458.296183,17999.314742,23457.610925,1353,0,0.00,17.8344,1.0000
10605236.0,5458.883961,18002.841408,23461.725369,1354,0,0.00,17.8484,1.0000
10605761.0,5459.467294,18006.341408,23465.808703,1355,0,0.00,17.8672,1.0000
10606214.0,5459.970628,18009.361408,23469.332036,1356,0,0.00,17.8844,1.0000
10606251.0,5460.011739,18009.608075,23469.619814,1357,0,0.00,17.9016,1.0000
10606253.0,5460.013961,18009.621408,23469.635369,1358,0,0.00,17.9188,1.0000
10606258.0,5460.019517,18009.654742,23469.674258,1359,0,0.00,17.9359,1.0000
10606419.0,5460.198406,18010.728075,23470.926481,1360,0,0.00,17.9484,1.0000
10606788.0,5460.608406,18013.188075,23473.796481,1361,0,0.00,17.9531,1.0000
10607376.0,5461.261739,18017.108075,23478.369814,1362,0,0.00,17.9594,1.0000
10607398.0,5461.286183,18017.254742,23478.540925,1363,0,0.00,17.9641,1.0000
10607576.0,5461.483961,18018.441408,23479.925369,1364,0,0.00,17.9688,1.0000
10607608.0,5461.519517,18018.654742,23480.174258,1365,0,0.00,17.9859,1.0000
10607623.0,5461.536183,18018.754742,23480.290925,1366,0,0.00,18.0031,1.0000
10607663.0,5461.580628,18019.021408,23480.602036,1367,0,0.00,18.0078,1.0000
10607957.0,5461.907294,18020.981408,23482.888703,1368,0,0.00,18.0125,1.0000
10608029.0,5461.987294,18021.461408,23483.448703,1369,0,0.00,18.0172,1.0000
10608060.0,5462.021739,18021.668075,23483.689814,1370,0,0.00,18.0359,1.0000
10608064.0,5462.026183,18021.694742,23483.720925,1371,0,0.00,18.0641,1.0000
10608152.0,5462.123961,18022.281408,23484.405369,1372,0,0.00,18.0828,1.0000
10608654.0,5462.681739,18025.628075,23488.309814,1373,0,0.00,18.1328,1.0000
10608655.0,5462.682850,18025.634742,23488.317592,1374,0,0.00,18.1828,1.0000
10608731.0,5462.767294,18026.141408,23488.908703,1375,0,0.00,18.1891,1.0000
10608824.0,5462.870628,18026.761408,23489.632036,1376,0,0.00,18.2063,1.0000
10608911.0,5462.967294,18027.341408,23490.308703,1377,0,0.00,18.2234,1.0000
10608922.0,5462.979517,18027.414742,23490.394258,1378,0,0.00,18.2281,1.0000
10609035.0,5463.105072,18028.168075,23491.273147,1379,0,0.00,18.2469,1.0000
10609680.0,5463.821739,18032.468075,23496.289814,1380,0,0.00,18.2641,1.0000
10609831.0,5463.989517,18033.474742,23497.464258,1381,0,0.00,18.3141,1.0000
10609831.0,5463.989517,18033.474742,23497.464258,1382,0,0.00,18.3641,1.0000
10609833.0,5463.991739,18033.488075,23497.479814,1383,0,0.00,18.4141,1.0000
10610123.0,5464.313961,18035.421408,23499.735369,1384,0,0.00,18.4391,1.0000
10610472.0,5464.701739,18037.748075,23502.449814,1385,0,0.00,18.4438,1.0000
10610584.0,5464.826183,18038.494742,23503.320925,1386,0,0.00,18.4484,1.0000
10610643.0,5464.891739,18038.888075,23503.779814,1387,0,0.00,18.4531,1.0000
10610689.0,5464.942850,18039.194742,23504.137592,1388,0,0.00,18.4813,1.0000
10610690.0,5464.943961,18039.201408,23504.145369,1389,0,0.00,18.5094,1.0000
10610791.0,5465.056183,18039.874742,23504.930925,1390,0,0.00,18.5328,1.0000
10610840.0,5465.110628,18040.201408,23505.312036,1391,0,0.00,18.5500,1.0000
10610930.0,5465.210628,18040.801408,23506.012036,1392,0,0.00,18.5516,1.0000
10611007.0,5465.296183,18041.314742,23506.610925,1393,0,0.00,18.5578,1.0000
10611220.0,5465.532850,18042.734742,23508.267592,1394,0,0.00,18.5625,1.0000
10611619.0,5465.976183,18045.394742,23511.370925,1395,0,0.00,18.5672,1.0000
10611842.0,5466.223961,18046.881408,23513.105369,1396,0,0.00,18.5891,1.0000
10613212.0,5467.746183,18056.014742,23523.760925,1397,0,0.00,18.5953,1.0000
10613388.0,5467.941739,18057.188075,23525.129814,1398,0,0.00,18.6125,1.0000
10613616.0,5468.195072,18058.708075,23526.903147,1399,0,0.00,18.6406,1.0000
10613645.0,5468.227294,18058.901408,23527.128703,1400,0,0.00,18.6469,1.0000
10613853.0,5468.458406,18060.288075,23528.746481,1401,0,0.00,18.6516,1.0000
10614075.0,5468.705072,18061.768075,23530.473147,1402,0,0.00,18.6750,1.0000
10614151.0,5468.789517,18062.274742,23531.064258,1403,0,0.00,18.6922,1.0000
10614293.0,5468.947294,18063.221408,23532.168703,1404,0,0.00,18.6969,1.0000
10615260.0,5470.021739,18069.668075,23539.689814,1405,0,0.00,18.7016,1.0000
10615424.0,5470.203961,18070.761408,23540.965369,1406,0,0.00,18.7063,1.0000
10615584.0,5470.381739,18071.828075,23542.209814,1407,0,0.00,18.7109,1.0000
10616233.0,5471.102850,18076.154742,23547.257592,1408,0,0.00,18.7156,1.0000
10616771.0,5471.700628,18079.741408,23551.442036,1409,0,0.00,18.7188,1.0000
10617324.0,5472.315072,18083.428075,23555.743147,1410,0,0.00,18.7250,1.0000
10617651.0,5472.678406,18085.608075,23558.286481,1411,0,0.00,18.7531,1.0000
10617680.0,5472.710628,18085.801408,23558.512036,1412,0,0.00,18.7594,1.0000
10617694.0,5472.726183,18085.894742,23558.620925,1413,0,0.00,18.7656,1.0000
10617708.0,5472.741739,18085.988075,23558.729814,1414,0,0.00,18.7719,1.0000
10618001.0,5473.067294,18087.941408,23561.008703,1415,0,0.00,18.7781,1.0000
10618278.0,5473.375072,18089.788075,23563.163147,1416,0,0.00,18.7828,1.0000
10619240.0,5474.443961,18096.201408,23570.645369,1417,0,0.00,18.7875,1.0000
10619379.0,5474.598406,18097.128075,23571.726481,1418,0,0.00,18.8125,1.0000
10619480.0,5474.710628,18097.801408,23572.512036,1419,0,0.00,18.8297,1.0000
10619521.0,5474.756183,18098.074742,23572.830925,1420,0,0.00,18.8359,1.0000
10619523.0,5474.758406,18098.088075,23572.846481,1421,0,0.00,18.8422,1.0000
10619649.0,5474.898406,18098.928075,23573.826481,1422,0,0.00,18.8594,1.0000
10619925.0,5475.205072,18100.768075,23575.973147,1423,0,0.00,18.8656,1.0000
10620055.0,5475.349517,18101.634742,23576.984258,1424,0,0.00,18.8703,1.0000
10620914.0,5476.303961,18107.361408,23583.665369,1425,0,0.00,18.8938,1.0000
10620936.0,5476.328406,18107.508075,23583.836481,1426,0,0.00,18.9125,1.0000
10620997.0,5476.396183,18107.914742,23584.310925,1427,0,0.00,18.9313,1.0000
10621013.0,5476.413961,18108.021408,23584.435369,1428,0,0.00,18.9359,1.0000
10621070.0,5476.477294,18108.401408,23584.878703,1429,0,0.00,18.9594,1.0000
10621072.0,5476.479517,18108.414742,23584.894258,1430,0,0.00,18.9828,1.0000
10621075.0,5476.482850,18108.434742,23584.917592,1431,0,0.00,18.9875,1.0000
10621079.0,5476.487294,18108.461408,23584.948703,1432,0,0.00,18.9938,1.0000
10621163.0,5476.580628,18109.021408,23585.602036,1433,0,0.00,19.0172,1.0000
10621473.0,5476.925072,18111.088075,23588.013147,1434,0,0.00,19.0266,1.0000
10621534.0,5476.992850,18111.494742,23588.487592,1435,0,0.00,19.0313,1.0000
10621540.0,5476.999517,18111.534742,23588.534258,1436,0,0.00,19.0563,1.0000
10621911.0,5477.411739,18114.008075,23591.419814,1437,0,0.00,19.0797,1.0000
10622088.0,5477.608406,18115.188075,23592.796481,1438,0,0.00,19.0844,1.0000
10622215.0,5477.749517,18116.034742,23593.784258,1439,0,0.00,19.0891,1.0000
10622339.0,5477.887294,18116.861408,23594.748703,1440,0,0.00,19.1031,1.0000
10622381.0,5477.933961,18117.141408,23595.075369,1441,0,0.00,19.1266,1.0000
10622536.0,5478.106183,18118.174742,23596.280925,1442,0,0.00,19.1313,1.0000
10622843.0,5478.447294,18120.221408,23598.668703,1443,0,0.00,19.1375,1.0000
10622994.0,5478.615072,18121.228075,23599.843147,1444,0,0.00,19.1422,1.0000
10623089.0,5478.720628,18121.861408,23600.582036,1445,0,0.00,19.1469,1.0000
10623164.0,5478.803961,18122.361408,23601.165369,1446,0,0.00,19.1594,1.0000
10623875.0,5479.593961,18127.101408,23606.695369,1447,0,0.00,19.1844,1.0000
10623916.0,5479.639517,18127.374742,23607.014258,1448,0,0.00,19.1891,1.0000
10623951.0,5479.678406,18127.608075,23607.286481,1449,0,0.00,19.1938,1.0000
10623981.0,5479.711739,18127.808075,23607.519814,1450,0,0.00,19.1984,1.0000
10623984.0,5479.715072,18127.828075,23607.543147,1451,0,0.00,19.2031,1.0000
10624068.0,5479.808406,18128.388075,23608.196481,1452,0,0.00,19.2266,1.0000
10624182.0,5479.935072,18129.148075,23609.083147,1453,0,0.00,19.2313,1.0000
10624232.0,5479.990628,18129.481408,23609.472036,1454,0,0.00,19.2359,1.0000
10624269.0,5480.031739,18129.728075,23609.759814,1455,0,0.00,19.2406,1.0000
10624621.0,5480.422850,18132.074742,23612.497592,1456,0,0.00,19.2453,1.0000
10624837.0,5480.662850,18133.514742,23614.177592,1457,0,0.00,19.2500,1.0000
10625058.0,5480.908406,18134.988075,23615.896481,1458,0,0.00,19.2547,1.0000
10625248.0,5481.119517,18136.254742,23617.374258,1459,0,0.00,19.2609,1.0000
10625532.0,5481.435072,18138.148075,23619.583147,1460,0,0.00,19.2656,1.0000
10625567.0,5481.473961,18138.381408,23619.855369,1461,0,0.00,19.2703,1.0000
10625608.0,5481.519517,18138.654742,23620.174258,1462,0,0.00,19.2875,1.0000
10625887.0,5481.829517,18140.514742,23622.344258,1463,0,0.00,19.2922,1.0000
10625979.0,5481.931739,18141.128075,23623.059814,1464,0,0.00,19.2969,1.0000
10626014.0,5481.970628,18141.361408,23623.332036,1465,0,0.00,19.3016,1.0000
10626024.0,5481.981739,18141.428075,23623.409814,1466,0,0.00,19.3078,1.0000
10626288.0,5482.275072,18143.188075,23625.463147,1467,0,0.00,19.3125,1.0000
10626406.0,5482.406183,18143.974742,23626.380925,1468,0,0.00,19.3172,1.0000
10626422.0,5482.423961,18144.081408,23626.505369,1469,0,0.00,19.3344,1.0000
10626535.0,5482.549517,18144.834742,23627.384258,1470,0,0.00,19.3469,1.0000
10626709.0,5482.742850,18145.994742,23628.737592,1471,0,0.00,19.3609,1.0000
10626716.0,5482.750628,18146.041408,23628.792036,1472,0,0.00,19.3656,1.0000
10626940.0,5482.999517,18147.534742,23630.534258,1473,0,0.00,19.3781,1.0000
10626997.0,5483.062850,18147.914742,23630.977592,1474,0,0.00,19.3828,1.0000
10627009.0,5483.076183,18147.994742,23631.070925,1475,0,0.00,19.3875,1.0000
10627217.0,5483.307294,18149.381408,23632.688703,1476,0,0.00,19.3922,1.0000
10627477.0,5483.596183,18151.114742,23634.710925,1477,0,0.00,19.4172,1.0000
10627637.0,5483.773961,18152.181408,23635.955369,1478,0,0.00,19.4219,1.0000
10627657.0,5483.796183,18152.314742,23636.110925,1479,0,0.00,19.4406,1.0000
10627857.0,5484.018406,18153.648075,23637.666481,1480,0,0.00,19.4453,1.0000
10628078.0,5484.263961,18155.121408,23639.385369,1481,0,0.00,19.4500,1.0000
10628141.0,5484.333961,18155.541408,23639.875369,1482,0,0.00,19.4547,1.0000
10628171.0,5484.367294,18155.741408,23640.108703,1483,0,0.00,19.4594,1.0000
10628219.0,5484.420628,18156.061408,23640.482036,1484,0,0.00,19.4719,1.0000
10628333.0,5484.547294,18156.821408,23641.368703,1485,0,0.00,19.4766,1.0000
10628449.0,5484.676183,18157.594742,23642.270925,1486,0,0.00,19.4813,1.0000
10628579.0,5484.820628,18158.461408,23643.282036,1487,0,0.00,19.5063,1.0000
10628816.0,5485.083961,18160.041408,23645.125369,1488,0,0.00,19.5109,1.0000
10629037.0,5485.329517,18161.514742,23646.844258,1489,0,0.00,19.5297,1.0000
10629105.0,5485.405072,18161.968075,23647.373147,1490,0,0.00,19.5469,1.0000
10629108.0,5485.408406,18161.988075,23647.396481,1491,0,0.00,19.5531,1.0000
10629109.0,5485.409517,18161.994742,23647.404258,1492,0,0.00,19.5578,1.0000
10629464.0,5485.803961,18164.361408,23650.165369,1493,0,0.00,19.5625,1.0000
10629645.0,5486.005072,18165.568075,23651.573147,1494,0,0.00,19.5750,1.0000
10629692.0,5486.057294,18165.881408,23651.938703,1495,0,0.00,19.5797,1.0000
10630406.0,5486.850628,18170.641408,23657.492036,1496,0,0.00,19.5844,1.0000
10630982.0,5487.490628,18174.481408,23661.972036,1497,0,0.00,19.6078,1.0000
10631099.0,5487.620628,18175.261408,23662.882036,1498,0,0.00,19.6141,1.0000
10631353.0,5487.902850,18176.954742,23664.857592,1499,0,0.00,19.6203,1.0000
10632259.0,5488.909517,18182.994742,23671.904258,1500,0,0.00,19.6703,1.0000
10632371.0,5489.033961,18183.741408,23672.775369,1501,0,0.00,19.6875,1.0000
10632550.0,5489.232850,18184.934742,23674.167592,1502,0,0.00,19.6938,1.0000
10633142.0,5489.890628,18188.881408,23678.772036,1503,0,0.00,19.7109,1.0000
10633184.0,5489.937294,18189.161408,23679.098703,1504,0,0.00,19.7297,1.0000
10633237.0,5489.996183,18189.514742,23679.510925,1505,0,0.00,19.9172,1.0000
10633547.0,5490.340628,18191.581408,23681.922036,1506,0,0.00,19.9453,1.0000
10633621.0,5490.422850,18192.074742,23682.497592,1507,0,0.00,19.9953,1.0000
10633622.0,5490.423961,18192.081408,23682.505369,1508,0,0.00,20.0453,1.0000
10634435.0,5491.327294,18197.501408,23688.828703,1509,0,0.00,20.0625,1.0000
10634499.0,5491.398406,18197.928075,23689.326481,1510,0,0.00,20.0875,1.0000
10634588.0,5491.497294,18198.521408,23690.018703,1511,0,0.00,20.0938,1.0000
10634702.0,5491.623961,18199.281408,23690.905369,1512,0,0.00,20.0984,1.0000
10635133.0,5492.102850,18202.154742,23694.257592,1513,0,0.00,20.1172,1.0000
10635301.0,5492.289517,18203.274742,23695.564258,1514,0,0.00,20.1219,1.0000
10635708.0,5492.741739,18205.988075,23698.729814,1515,0,0.00,20.1281,1.0000
10636450.0,5493.566183,18210.934742,23704.500925,1516,0,0.00,20.1328,1.0000
10636604.0,5493.737294,18211.961408,23705.698703,1517,0,0.00,20.1375,1.0000
10636619.0,5493.753961,18212.061408,23705.815369,1518,0,0.00,20.1422,1.0000
10636821.0,5493.978406,18213.408075,23707.386481,1519,0,0.00,20.1547,1.0000
10636834.0,5493.992850,18213.494742,23707.487592,1520,0,0.00,20.1672,1.0000
10637322.0,5494.535072,18216.748075,23711.283147,1521,0,0.00,20.1719,1.0000
10637407.0,5494.629517,18217.314742,23711.944258,1522,0,0.00,20.1891,1.0000
10637671.0,5494.922850,18219.074742,23713.997592,1523,0,0.00,20.1938,1.0000
10637870.0,5495.143961,18220.401408,23715.545369,1524,0,0.00,20.1984,1.0000
10637935.0,5495.216183,18220.834742,23716.050925,1525,0,0.00,20.2031,1.0000
10638056.0,5495.350628,18221.641408,23716.992036,1526,0,0.00,20.2078,1.0000
10638109.0,5495.409517,18221.994742,23717.404258,1527,0,0.00,20.2250,1.0000
10638114.0,5495.415072,18222.028075,23717.443147,1528,0,0.00,20.2375,1.0000
10638115.0,5495.416183,18222.034742,23717.450925,1529,0,0.00,20.2438,1.0000
10638273.0,5495.591739,18223.088075,23718.679814,1530,0,0.00,20.2484,1.0000
10638595.0,5495.949517,18225.234742,23721.184258,1531,0,0.00,20.2531,1.0000
10638652.0,5496.012850,18225.614742,23721.627592,1532,0,0.00,20.2703,1.0000
10638729.0,5496.098406,18226.128075,23722.226481,1533,0,0.00,20.2750,1.0000
10638744.0,5496.115072,18226.228075,23722.343147,1534,0,0.00,20.2875,1.0000
10638906.0,5496.295072,18227.308075,23723.603147,1535,0,0.00,20.3047,1.0000
10639074.0,5496.481739,18228.428075,23724.909814,1536,0,0.00,20.3094,1.0000
10639297.0,5496.729517,18229.914742,23726.644258,1537,0,0.00,20.3141,1.0000
10639399.0,5496.842850,18230.594742,23727.437592,1538,0,0.00,20.3188,1.0000
10639496.0,5496.950628,18231.241408,23728.192036,1539,0,0.00,20.3234,1.0000
10639679.0,5497.153961,18232.461408,23729.615369,1540,0,0.00,20.3297,1.0000
10639890.0,5497.388406,18233.868075,23731.256481,1541,0,0.00,20.3344,1.0000
10639932.0,5497.435072,18234.148075,23731.583147,1542,0,0.00,20.3391,1.0000
10639998.0,5497.508406,18234.588075,23732.096481,1543,0,0.00,20.3516,1.0000
10640082.0,5497.601739,18235.148075,23732.749814,1544,0,0.00,20.3703,1.0000
10640985.0,5498.605072,18241.168075,23739.773147,1545,0,0.00,20.3750,1.0000
10641008.0,5498.630628,18241.321408,23739.952036,1546,0,0.00,20.3875,1.0000
10641174.0,5498.815072,18242.428075,23741.243147,1547,0,0.00,20.4047,1.0000
10641229.0,5498.876183,18242.794742,23741.670925,1548,0,0.00,20.4219,1.0000
10641293.0,5498.947294,18243.221408,23742.168703,1549,0,0.00,20.4266,1.0000
10641464.0,5499.137294,18244.361408,23743.498703,1550,0,0.00,20.4313,1.0000
10641548.0,5499.230628,18244.921408,23744.152036,1551,0,0.00,20.4359,1.0000
10641879.0,5499.598406,18247.128075,23746.726481,1552,0,0.00,20.4406,1.0000
10641958.0,5499.686183,18247.654742,23747.340925,1553,0,0.00,20.4453,1.0000
10642072.0,5499.812850,18248.414742,23748.227592,1554,0,0.00,20.4500,1.0000
10642124.0,5499.870628,18248.761408,23748.632036,1555,0,0.00,20.4625,1.0000
10642305.0,5500.071739,18249.968075,23750.039814,1556,0,0.00,20.4672,1.0000
10642400.0,5500.177294,18250.601408,23750.778703,1557,0,0.00,20.4797,1.0000
10642530.0,5500.321739,18251.468075,23751.789814,1558,0,0.00,20.4844,1.0000
10642628.0,5500.430628,18252.121408,23752.552036,1559,0,0.00,20.5094,1.0000
10642768.0,5500.586183,18253.054742,23753.640925,1560,0,0.00,20.5141,1.0000
10642876.0,5500.706183,18253.774742,23754.480925,1561,0,0.00,20.5188,1.0000
10642988.0,5500.830628,18254.521408,23755.352036,1562,0,0.00,20.5234,1.0000
10643160.0,5501.021739,18255.668075,23756.689814,1563,0,0.00,20.5359,1.0000
10643184.0,5501.048406,18255.828075,23756.876481,1564,0,0.00,20.5406,1.0000
10643268.0,5501.141739,18256.388075,23757.529814,1565,0,0.00,20.5469,1.0000
10643384.0,5501.270628,18257.161408,23758.432036,1566,0,0.00,20.5531,1.0000
10643423.0,5501.313961,18257.421408,23758.735369,1567,0,0.00,20.5578,1.0000
10643478.0,5501.375072,18257.788075,23759.163147,1568,0,0.00,20.5641,1.0000
10643478.0,5501.375072,18257.788075,23759.163147,1569,0,0.00,20.5703,1.0000
10643599.0,5501.509517,18258.594742,23760.104258,1570,0,0.00,20.5766,1.0000
10643661.0,5501.578406,18259.008075,23760.586481,1571,0,0.00,20.5813,1.0000
10644001.0,5501.956183,18261.274742,23763.230925,1572,0,0.00,20.5859,1.0000
10644275.0,5502.260628,18263.101408,23765.362036,1573,0,0.00,20.5984,1.0000
10644279.0,5502.265072,18263.128075,23765.393147,1574,0,0.00,20.6266,1.0000
10644349.0,5502.342850,18263.594742,23765.937592,1575,0,0.00,20.6453,1.0000
10644350.0,5502.343961,18263.601408,23765.945369,1576,0,0.00,20.6641,1.0000
10644355.0,5502.349517,18263.634742,23765.984258,1577,0,0.00,20.6828,1.0000
10644680.0,5502.710628,18265.801408,23768.512036,1578,0,0.00,20.6875,1.0000
10644683.0,5502.713961,18265.821408,23768.535369,1579,0,0.00,20.7063,1.0000
10645428.0,5503.541739,18270.788075,23774.329814,1580,0,0.00,20.7188,1.0000
10645640.0,5503.777294,18272.201408,23775.978703,1581,0,0.00,20.7234,1.0000
10646016.0,5504.195072,18274.708075,23778.903147,1582,0,0.00,20.7469,1.0000
10646050.0,5504.232850,18274.934742,23779.167592,1583,0,0.00,20.7516,1.0000
10646071.0,5504.256183,18275.074742,23779.330925,1584,0,0.00,20.7563,1.0000
10646471.0,5504.700628,18277.741408,23782.442036,1585,0,0.00,20.7609,1.0000
10646508.0,5504.741739,18277.988075,23782.729814,1586,0,0.00,20.7656,1.0000
10646512.0,5504.746183,18278.014742,23782.760925,1587,0,0.00,20.7703,1.0000
10646562.0,5504.801739,18278.348075,23783.149814,1588,0,0.00,20.7828,1.0000
10646569.0,5504.809517,18278.394742,23783.204258,1589,0,0.00,20.7953,1.0000
10646759.0,5505.020628,18279.661408,23784.682036,1590,0,0.00,20.8078,1.0000
10646777.0,5505.040628,18279.781408,23784.822036,1591,0,0.00,20.8203,1.0000
10647070.0,5505.366183,18281.734742,23787.100925,1592,0,0.00,20.8266,1.0000
10647574.0,5505.926183,18285.094742,23791.020925,1593,0,0.00,20.8313,1.0000
10647629.0,5505.987294,18285.461408,23791.448703,1594,0,0.00,20.8563,1.0000
10647871.0,5506.256183,18287.074742,23793.330925,1595,0,0.00,20.8625,1.0000
10648174.0,5506.592850,18289.094742,23795.687592,1596,0,0.00,20.8672,1.0000
10648541.0,5507.000628,18291.541408,23798.542036,1597,0,0.00,20.8719,1.0000
10648627.0,5507.096183,18292.114742,23799.210925,1598,0,0.00,20.8844,1.0000
10648766.0,5507.250628,18293.041408,23800.292036,1599,0,0.00,20.8891,1.0000
10648822.0,5507.312850,18293.414742,23800.727592,1600,0,0.00,20.8938,1.0000
10648890.0,5507.388406,18293.868075,23801.256481,1601,0,0.00,20.9172,1.0000
10648940.0,5507.443961,18294.201408,23801.645369,1602,0,0.00,20.9297,1.0000
10649133.0,5507.658406,18295.488075,23803.146481,1603,0,0.00,20.9359,1.0000
10649150.0,5507.677294,18295.601408,23803.278703,1604,0,0.00,20.9531,1.0000
10649991.0,5508.611739,18301.208075,23809.819814,1605,0,0.00,20.9578,1.0000
10650038.0,5508.663961,18301.521408,23810.185369,1606,0,0.00,20.9703,1.0000
10650241.0,5508.889517,18302.874742,23811.764258,1607,0,0.00,20.9750,1.0000
10651499.0,5510.287294,18311.261408,23821.548703,1608,0,0.00,20.9891,1.0000
10651698.0,5510.508406,18312.588075,23823.096481,1609,0,0.00,20.9938,1.0000
10651826.0,5510.650628,18313.441408,23824.092036,1610,0,0.00,20.9984,1.0000
10652054.0,5510.903961,18314.961408,23825.865369,1611,0,0.00,21.0047,1.0000
10652600.0,5511.510628,18318.601408,23830.112036,1612,0,0.00,21.0094,1.0000
10652637.0,5511.551739,18318.848075,23830.399814,1613,0,0.00,21.0141,1.0000
10652875.0,5511.816183,18320.434742,23832.250925,1614,0,0.00,21.0188,1.0000
10652941.0,5511.889517,18320.874742,23832.764258,1615,0,0.00,21.0234,1.0000
10653290.0,5512.277294,18323.201408,23835.478703,1616,0,0.00,21.0281,1.0000
10653875.0,5512.927294,18327.101408,23840.028703,1617,0,0.00,21.0469,1.0000
10654717.0,5513.862850,18332.714742,23846.577592,1618,0,0.00,21.0516,1.0000
10655122.0,5514.312850,18335.414742,23849.727592,1619,0,0.00,21.0750,1.0000
10656080.0,5515.377294,18341.801408,23857.178703,1620,0,0.00,21.1250,1.0000
10656273.0,5515.591739,18343.088075,23858.679814,1621,0,0.00,21.1297,1.0000
10656453.0,5515.791739,18344.288075,23860.079814,1622,0,0.00,21.1484,1.0000
10656697.0,5516.062850,18345.914742,23861.977592,1623,0,0.00,21.1547,1.0000
10656856.0,5516.239517,18346.974742,23863.214258,1624,0,0.00,21.2047,1.0000
10657497.0,5516.951739,18351.248075,23868.199814,1625,0,0.00,21.2547,1.0000
10657876.0,5517.372850,18353.774742,23871.147592,1626,0,0.00,21.2672,1.0000
10657877.0,5517.373961,18353.781408,23871.155369,1627,0,0.00,21.2797,1.0000
10657877.0,5517.373961,18353.781408,23871.155369,1628,0,0.00,21.2922,1.0000
10658378.0,5517.930628,18357.121408,23875.052036,1629,0,0.00,21.3094,1.0000
10658479.0,5518.042850,18357.794742,23875.837592,1630,0,0.00,21.3141,1.0000
10659595.0,5519.282850,18365.234742,23884.517592,1631,0,0.00,21.3188,1.0000
10661315.0,5521.193961,18376.701408,23897.895369,1632,0,0.00,21.3375,1.0000
10661745.0,5521.671739,18379.568075,23901.239814,1633,0,0.00,21.3469,1.0000
10662507.0,5522.518406,18384.648075,23907.166481,1634,0,0.00,21.3516,1.0000
10663658.0,5523.797294,18392.321408,23916.118703,1635,0,0.00,21.3563,1.0000
10663820.0,5523.977294,18393.401408,23917.378703,1636,0,0.00,21.3797,1.0000
10665002.0,5525.290628,18401.281408,23926.572036,1637,0,0.00,21.3844,1.0000
10666012.0,5526.412850,18408.014742,23934.427592,1638,0,0.00,21.3891,1.0000
10666224.0,5526.648406,18409.428075,23936.076481,1639,0,0.00,21.3938,1.0000
10667061.0,5527.578406,18415.008075,23942.586481,1640,0,0.00,21.3984,1.0000
10667135.0,5527.660628,18415.501408,23943.162036,1641,0,0.00,21.4172,1.0000
10667435.0,5527.993961,18417.501408,23945.495369,1642,0,0.00,21.4359,1.0000
10667495.0,5528.060628,18417.901408,23945.962036,1643,0,0.00,21.4547,1.0000
10667961.0,5528.578406,18421.008075,23949.586481,1644,0,0.00,21.4594,1.0000
10668061.0,5528.689517,18421.674742,23950.364258,1645,0,0.00,21.4656,1.0000
10668813.0,5529.525072,18426.688075,23956.213147,1646,0,0.00,21.4703,1.0000
10668962.0,5529.690628,18427.681408,23957.372036,1647,0,0.00,21.4750,1.0000
10669358.0,5530.130628,18430.321408,23960.452036,1648,0,0.00,21.4813,1.0000
10670719.0,5531.642850,18439.394742,23971.037592,1649,0,0.00,21.5047,1.0000
10671173.0,5532.147294,18442.421408,23974.568703,1650,0,0.00,21.5297,1.0000
10671956.0,5533.017294,18447.641408,23980.658703,1651,0,0.00,21.5344,1.0000
10672357.0,5533.462850,18450.314742,23983.777592,1652,0,0.00,21.5469,1.0000
10673046.0,5534.228406,18454.908075,23989.136481,1653,0,0.00,21.5516,1.0000
10674417.0,5535.751739,18464.048075,23999.799814,1654,0,0.00,21.5750,1.0000
10674683.0,5536.047294,18465.821408,24001.868703,1655,0,0.00,21.5797,1.0000
10675622.0,5537.090628,18472.081408,24009.172036,1656,0,0.00,21.5859,1.0000
10676175.0,5537.705072,18475.768075,24013.473147,1657,0,0.00,21.6094,1.0000
10676483.0,5538.047294,18477.821408,24015.868703,1658,0,0.00,21.6328,1.0000
10677565.0,5539.249517,18485.034742,24024.284258,1659,0,0.00,21.6375,1.0000
10679143.0,5541.002850,18495.554742,24036.557592,1660,0,0.00,21.6422,1.0000
10679382.0,5541.268406,18497.148075,24038.416481,1661,0,0.00,21.6469,1.0000
10679807.0,5541.740628,18499.981408,24041.722036,1662,0,0.00,21.6703,1.0000
10680336.0,5542.328406,18503.508075,24045.836481,1663,0,0.00,21.6891,1.0000
10680346.0,5542.339517,18503.574742,24045.914258,1664,0,0.00,21.6938,1.0000
10680596.0,5542.617294,18505.241408,24047.858703,1665,0,0.00,21.7438,1.0000
10680596.0,5542.617294,18505.241408,24047.858703,1666,0,0.00,21.7938,1.0000
10680601.0,5542.622850,18505.274742,24047.897592,1667,0,0.00,21.8438,1.0000
10681180.0,5543.266183,18509.134742,24052.400925,1668,0,0.00,21.8938,1.0000
10681180.0,5543.266183,18509.134742,24052.400925,1669,0,0.00,21.9438,1.0000
10683715.0,5546.082850,18526.034742,24072.117592,1670,0,0.00,21.9500,1.0000
10683745.0,5546.116183,18526.234742,24072.350925,1671,0,0.00,21.9625,1.0000
10683747.0,5546.118406,18526.248075,24072.366481,1672,0,0.00,21.9750,1.0000
10684047.0,5546.451739,18528.248075,24074.699814,1673,0,0.00,21.9797,1.0000
10684998.0,5547.508406,18534.588075,24082.096481,1674,0,0.00,21.9844,1.0000
10687169.0,5549.920628,18549.061408,24098.982036,1675,0,0.00,21.9891,1.0000
10687855.0,5550.682850,18553.634742,24104.317592,1676,0,0.00,21.9938,1.0000
10687893.0,5550.725072,18553.888075,24104.613147,1677,0,0.00,22.0125,1.0000
10688894.0,5551.837294,18560.561408,24112.398703,1678,0,0.00,22.0172,1.0000
10689220.0,5552.199517,18562.734742,24114.934258,1679,0,0.00,22.0422,1.0000
10689757.0,5552.796183,18566.314742,24119.110925,1680,0,0.00,22.0594,1.0000
10689883.0,5552.936183,18567.154742,24120.090925,1681,0,0.00,22.0641,1.0000
10689955.0,5553.016183,18567.634742,24120.650925,1682,0,0.00,22.0688,1.0000
10689994.0,5553.059517,18567.894742,24120.954258,1683,0,0.00,22.0813,1.0000
10690004.0,5553.070628,18567.961408,24121.032036,1684,0,0.00,22.0875,1.0000
10690011.0,5553.078406,18568.008075,24121.086481,1685,0,0.00,22.0922,1.0000
10690314.0,5553.415072,18570.028075,24123.443147,1686,0,0.00,22.0969,1.0000
10690695.0,5553.838406,18572.568075,24126.406481,1687,0,0.00,22.1016,1.0000
10691001.0,5554.178406,18574.608075,24128.786481,1688,0,0.00,22.1063,1.0000
10691064.0,5554.248406,18575.028075,24129.276481,1689,0,0.00,22.1109,1.0000
10691284.0,5554.492850,18576.494742,24130.987592,1690,0,0.00,22.1156,1.0000
10691513.0,5554.747294,18578.021408,24132.768703,1691,0,0.00,22.1406,1.0000
10691553.0,5554.791739,18578.288075,24133.079814,1692,0,0.00,22.1656,1.0000
10691557.0,5554.796183,18578.314742,24133.110925,1693,0,0.00,22.1906,1.0000
10691565.0,5554.805072,18578.368075,24133.173147,1694,0,0.00,22.2156,1.0000
10692130.0,5555.432850,18582.134742,24137.567592,1695,0,0.00,22.2203,1.0000
10692277.0,5555.596183,18583.114742,24138.710925,1696,0,0.00,22.3578,1.0000
10692393.0,5555.725072,18583.888075,24139.613147,1697,0,0.00,22.3625,1.0000
10692471.0,5555.811739,18584.408075,24140.219814,1698,0,0.00,22.3797,1.0000
10693137.0,5556.551739,18588.848075,24145.399814,1699,0,0.00,22.3922,1.0000
10693277.0,5556.707294,18589.781408,24146.488703,1700,0,0.00,22.4156,1.0000
10693630.0,5557.099517,18592.134742,24149.234258,1701,0,0.00,22.4203,1.0000
10693799.0,5557.287294,18593.261408,24150.548703,1702,0,0.00,22.4250,1.0000
10693843.0,5557.336183,18593.554742,24150.890925,1703,0,0.00,22.4438,1.0000
10694113.0,5557.636183,18595.354742,24152.990925,1704,0,0.00,22.4500,1.0000
10694362.0,5557.912850,18597.014742,24154.927592,1705,0,0.00,22.4547,1.0000
10694679.0,5558.265072,18599.128075,24157.393147,1706,0,0.00,22.4594,1.0000
10694806.0,5558.406183,18599.974742,24158.380925,1707,0,0.00,22.4641,1.0000
10694906.0,5558.517294,18600.641408,24159.158703,1708,0,0.00,22.4688,1.0000
10695204.0,5558.848406,18602.628075,24161.476481,1709,0,0.00,22.4734,1.0000
10695272.0,5558.923961,18603.081408,24162.005369,1710,0,0.00,22.4781,1.0000
10695393.0,5559.058406,18603.888075,24162.946481,1711,0,0.00,22.5016,1.0000
10695455.0,5559.127294,18604.301408,24163.428703,1712,0,0.00,22.5250,1.0000
10695522.0,5559.201739,18604.748075,24163.949814,1713,0,0.00,22.5297,1.0000
10695666.0,5559.361739,18605.708075,24165.069814,1714,0,0.00,22.5469,1.0000
10695717.0,5559.418406,18606.048075,24165.466481,1715,0,0.00,22.5516,1.0000
10695739.0,5559.442850,18606.194742,24165.637592,1716,0,0.00,22.5563,1.0000
10695900.0,5559.621739,18607.268075,24166.889814,1717,0,0.00,22.5734,1.0000
10695939.0,5559.665072,18607.528075,24167.193147,1718,0,0.00,22.5797,1.0000
10696159.0,5559.909517,18608.994742,24168.904258,1719,0,0.00,22.5922,1.0000
10696189.0,5559.942850,18609.194742,24169.137592,1720,0,0.00,22.5969,1.0000
10696372.0,5560.146183,18610.414742,24170.560925,1721,0,0.00,22.6016,1.0000
10696595.0,5560.393961,18611.901408,24172.295369,1722,0,0.00,22.6250,1.0000
10696678.0,5560.486183,18612.454742,24172.940925,1723,0,0.00,22.6297,1.0000
10696883.0,5560.713961,18613.821408,24174.535369,1724,0,0.00,22.6344,1.0000
10696996.0,5560.839517,18614.574742,24175.414258,1725,0,0.00,22.6391,1.0000
10697207.0,5561.073961,18615.981408,24177.055369,1726,0,0.00,22.6516,1.0000
10697448.0,5561.341739,18617.588075,24178.929814,1727,0,0.00,22.6563,1.0000
10697495.0,5561.393961,18617.901408,24179.295369,1728,0,0.00,22.6688,1.0000
10697537.0,5561.440628,18618.181408,24179.622036,1729,0,0.00,22.6750,1.0000
10697677.0,5561.596183,18619.114742,24180.710925,1730,0,0.00,22.7000,1.0000
10697699.0,5561.620628,18619.261408,24180.882036,1731,0,0.00,22.7125,1.0000
10699813.0,5563.969517,18633.354742,24197.324258,1732,0,0.00,22.7375,1.0000
10701015.0,5565.305072,18641.368075,24206.673147,1733,0,0.00,22.7422,1.0000
10701611.0,5565.967294,18645.341408,24211.308703,1734,0,0.00,22.7484,1.0000
10701674.0,5566.037294,18645.761408,24211.798703,1735,0,0.00,22.7719,1.0000
10701674.0,5566.037294,18645.761408,24211.798703,1736,0,0.00,22.7953,1.0000
10701870.0,5566.255072,18647.068075,24213.323147,1737,0,0.00,22.8000,1.0000
10702087.0,5566.496183,18648.514742,24215.010925,1738,0,0.00,22.8172,1.0000
10702237.0,5566.662850,18649.514742,24216.177592,1739,0,0.00,22.8359,1.0000
10702950.0,5567.455072,18654.268075,24221.723147,1740,0,0.00,22.8594,1.0000
10703308.0,5567.852850,18656.654742,24224.507592,1741,0,0.00,22.8828,1.0000
10703545.0,5568.116183,18658.234742,24226.350925,1742,0,0.00,22.9328,1.0000
10703619.0,5568.198406,18658.728075,24226.926481,1743,0,0.00,22.9516,1.0000
10703820.0,5568.421739,18660.068075,24228.489814,1744,0,0.00,22.9688,1.0000
10703900.0,5568.510628,18660.601408,24229.112036,1745,0,0.00,22.9875,1.0000
10704081.0,5568.711739,18661.808075,24230.519814,1746,0,0.00,23.0063,1.0000
10704127.0,5568.762850,18662.114742,24230.877592,1747,0,0.00,23.0563,1.0000
10704128.0,5568.763961,18662.121408,24230.885369,1748,0,0.00,23.1063,1.0000
10704162.0,5568.801739,18662.348075,24231.149814,1749,0,0.00,23.1250,1.0000
10704395.0,5569.060628,18663.901408,24232.962036,1750,0,0.00,23.1422,1.0000
10704404.0,5569.070628,18663.961408,24233.032036,1751,0,0.00,23.1594,1.0000
10704703.0,5569.402850,18665.954742,24235.357592,1752,0,0.00,23.2094,1.0000
10704811.0,5569.522850,18666.674742,24236.197592,1753,0,0.00,23.2141,1.0000
10704947.0,5569.673961,18667.581408,24237.255369,1754,0,0.00,23.2188,1.0000
10705037.0,5569.773961,18668.181408,24237.955369,1755,0,0.00,23.2234,1.0000
10705216.0,5569.972850,18669.374742,24239.347592,1756,0,0.00,23.2406,1.0000
10705282.0,5570.046183,18669.814742,24239.860925,1757,0,0.00,23.2578,1.0000
10705342.0,5570.112850,18670.214742,24240.327592,1758,0,0.00,23.2625,1.0000
10705525.0,5570.316183,18671.434742,24241.750925,1759,0,0.00,23.2906,1.0000
10705525.0,5570.316183,18671.434742,24241.750925,1760,0,0.00,23.3188,1.0000
10706343.0,5571.225072,18676.888075,24248.113147,1761,0,0.00,23.3250,1.0000
10706467.0,5571.362850,18677.714742,24249.077592,1762,0,0.00,23.3313,1.0000
10707394.0,5572.392850,18683.894742,24256.287592,1763,0,0.00,23.3547,1.0000
10708156.0,5573.239517,18688.974742,24262.214258,1764,0,0.00,23.3672,1.0000
10708284.0,5573.381739,18689.828075,24263.209814,1765,0,0.00,23.3719,1.0000
10708418.0,5573.530628,18690.721408,24264.252036,1766,0,0.00,23.3906,1.0000
10708551.0,5573.678406,18691.608075,24265.286481,1767,0,0.00,23.4078,1.0000
10708596.0,5573.728406,18691.908075,24265.636481,1768,0,0.00,23.4266,1.0000
10708879.0,5574.042850,18693.794742,24267.837592,1769,0,0.00,23.4313,1.0000
10710068.0,5575.363961,18701.721408,24277.085369,1770,0,0.00,23.4484,1.0000
10710115.0,5575.416183,18702.034742,24277.450925,1771,0,0.00,23.4656,1.0000
10710154.0,5575.459517,18702.294742,24277.754258,1772,0,0.00,23.4781,1.0000
10710174.0,5575.481739,18702.428075,24277.909814,1773,0,0.00,23.4828,1.0000
10710260.0,5575.577294,18703.001408,24278.578703,1774,0,0.00,23.4875,1.0000
10710382.0,5575.712850,18703.814742,24279.527592,1775,0,0.00,23.4922,1.0000
10711110.0,5576.521739,18708.668075,24285.189814,1776,0,0.00,23.4969,1.0000
10711209.0,5576.631739,18709.328075,24285.959814,1777,0,0.00,23.5031,1.0000
10711222.0,5576.646183,18709.414742,24286.060925,1778,0,0.00,23.5094,1.0000
10711224.0,5576.648406,18709.428075,24286.076481,1779,0,0.00,23.5156,1.0000
10711265.0,5576.693961,18709.701408,24286.395369,1780,0,0.00,23.5281,1.0000
10711456.0,5576.906183,18710.974742,24287.880925,1781,0,0.00,23.5453,1.0000
10711517.0,5576.973961,18711.381408,24288.355369,1782,0,0.00,23.5625,1.0000
10711520.0,5576.977294,18711.401408,24288.378703,1783,0,0.00,23.5797,1.0000
10711540.0,5576.999517,18711.534742,24288.534258,1784,0,0.00,23.5922,1.0000
10711742.0,5577.223961,18712.881408,24290.105369,1785,0,0.00,23.6203,1.0000
10711854.0,5577.348406,18713.628075,24290.976481,1786,0,0.00,23.6375,1.0000
10712000.0,5577.510628,18714.601408,24292.112036,1787,0,0.00,23.6656,1.0000
10712044.0,5577.559517,18714.894742,24292.454258,1788,0,0.00,23.6828,1.0000
10712251.0,5577.789517,18716.274742,24294.064258,1789,0,0.00,23.6891,1.0000
10712254.0,5577.792850,18716.294742,24294.087592,1790,0,0.00,23.6938,1.0000
10712494.0,5578.059517,18717.894742,24295.954258,1791,0,0.00,23.6984,1.0000
10712579.0,5578.153961,18718.461408,24296.615369,1792,0,0.00,23.7156,1.0000
10712677.0,5578.262850,18719.114742,24297.377592,1793,0,0.00,23.7219,1.0000
10713332.0,5578.990628,18723.481408,24302.472036,1794,0,0.00,23.7391,1.0000
10713333.0,5578.991739,18723.488075,24302.479814,1795,0,0.00,23.7563,1.0000
10713339.0,5578.998406,18723.528075,24302.526481,1796,0,0.00,23.7813,1.0000
10713399.0,5579.065072,18723.928075,24302.993147,1797,0,0.00,23.7875,1.0000
10714998.0,5580.841739,18734.588075,24315.429814,1798,0,0.00,23.8047,1.0000
10715344.0,5581.226183,18736.894742,24318.120925,1799,0,0.00,23.8109,1.0000
10715679.0,5581.598406,18739.128075,24320.726481,1800,0,0.00,23.8359,1.0000
10716310.0,5582.299517,18743.334742,24325.634258,1801,0,0.00,23.8531,1.0000
10716405.0,5582.405072,18743.968075,24326.373147,1802,0,0.00,23.8703,1.0000
10716963.0,5583.025072,18747.688075,24330.713147,1803,0,0.00,23.8891,1.0000
10717093.0,5583.169517,18748.554742,24331.724258,1804,0,0.00,23.9063,1.0000
10717116.0,5583.195072,18748.708075,24331.903147,1805,0,0.00,23.9250,1.0000
10717116.0,5583.195072,18748.708075,24331.903147,1806,0,0.00,23.9438,1.0000
10717191.0,5583.278406,18749.208075,24332.486481,1807,0,0.00,23.9625,1.0000
10717233.0,5583.325072,18749.488075,24332.813147,1808,0,0.00,23.9813,1.0000
10717273.0,5583.369517,18749.754742,24333.124258,1809,0,0.00,24.0094,1.0000
10717382.0,5583.490628,18750.481408,24333.972036,1810,0,0.00,24.0281,1.0000
10717431.0,5583.545072,18750.808075,24334.353147,1811,0,0.00,24.0328,1.0000
10717569.0,5583.698406,18751.728075,24335.426481,1812,0,0.00,24.0453,1.0000
10717746.0,5583.895072,18752.908075,24336.803147,1813,0,0.00,24.0578,1.0000
