timestamp,cpu_energy_kwh,gpu_energy_kwh,total_energy_kwh,tasks_scheduled,sla_violations,avg_sla_slack,cluster_cpu_util,cluster_gpu_util
0.0,0.000000,0.000000,0.000000,1,0,0.00,0.0188,0.0125
427061.0,148.581640,316.736908,465.318548,2,0,0.00,0.0281,0.0250
1558381.0,550.435931,1240.648242,1791.084173,3,0,0.00,0.0469,0.0375
2690044.0,968.915478,2249.714417,3218.629895,4,0,0.00,0.0563,0.0500
2758084.0,994.572228,2315.486417,3310.058645,5,1,0.00,0.0750,0.0625
2759674.0,995.194978,2317.142667,3312.337645,6,1,0.00,0.1063,0.0625
3019330.0,1103.204661,2587.617667,3690.822328,7,2,0.00,0.1125,0.0750
3019932.0,1103.458003,2588.289900,3691.747903,8,3,0.00,0.1313,0.0875
4130198.0,1586.886324,3911.356883,5498.243207,9,3,0.00,0.1500,0.1000
4975773.0,1967.395074,4982.418550,6949.813624,10,3,0.00,0.1688,0.1125
5182092.0,2063.247443,5259.229875,7322.477318,11,3,0.00,0.1938,0.1250
6394537.0,2650.104502,6976.860292,9626.964793,12,4,0.00,0.2031,0.1375
6588193.0,2745.251460,7265.730492,10010.981952,13,4,0.00,0.2156,0.1500
6976821.0,2939.970281,7874.581025,10814.551306,14,5,0.00,0.2281,0.1625
8387257.0,3660.370057,10190.046792,13850.416849,15,6,0.00,0.2531,0.1750
8396307.0,3665.168443,10205.582625,13870.751068,16,7,0.00,0.2781,0.1875
8962274.0,3976.253776,11219.606833,15195.860610,17,7,0.00,0.3281,0.1875
9437497.0,4255.942313,12071.048042,16326.990355,18,7,0.00,0.3281,0.1875
9476974.0,4279.176172,12141.777667,16420.953839,19,8,0.00,0.3375,0.2000
9664050.0,4390.642289,12490.986200,16881.628489,20,9,0.00,0.3500,0.2125
9664123.0,4390.686494,12491.127942,16881.814436,21,10,0.00,0.3625,0.2250
9671707.0,4395.352761,12506.422342,16901.775103,22,11,0.00,0.3750,0.2375
9679175.0,4400.020261,12522.042908,16922.063169,23,11,0.00,0.3813,0.2500
9766837.0,4455.235146,12711.977242,17167.212388,24,12,0.00,0.4000,0.2625
9818766.0,4488.700501,12828.384750,17317.085251,25,13,0.00,0.4250,0.2750
9823530.0,4491.863268,12839.421350,17331.284618,26,14,0.00,0.4313,0.2875
9924220.0,4559.199706,13080.238267,17639.437972,27,15,0.00,0.4563,0.3000
9941376.0,4571.006369,13122.556400,17693.562769,28,15,0.00,0.4578,0.3125
9949982.0,4576.939430,13144.429983,17721.369413,29,16,0.00,0.4828,0.3250
9955274.0,4580.690686,13158.277383,17738.968069,30,16,0.00,0.4891,0.3375
9957349.0,4582.171645,13163.862592,17746.034237,31,17,0.00,0.5141,0.3500
9961302.0,4585.069825,13174.799225,17759.869050,32,18,0.00,0.5391,0.3625
9963454.0,4586.689430,13180.914492,17767.603921,33,18,0.00,0.5484,0.3750
9965463.0,4588.206474,13186.737100,17774.943574,34,18,0.00,0.5281,0.3750
9965619.0,4588.322553,13187.192100,17775.514653,35,19,0.00,0.5531,0.3875
9967058.0,4589.410577,13191.369683,17780.780260,36,20,0.00,0.5484,0.3750
9967204.0,4589.521522,13191.795517,17781.317039,37,20,0.00,0.5531,0.3875
9970479.0,4591.912579,13200.983325,17792.895904,38,21,0.00,0.5234,0.3625
9973579.0,4594.167731,13209.556392,17803.724123,39,21,0.00,0.5031,0.3500
9973948.0,4594.434535,13210.568142,17805.002677,40,21,0.00,0.5031,0.3500
9974338.0,4594.715322,13211.618942,17806.334263,41,21,0.00,0.5094,0.3500
9976185.0,4596.062734,13216.728975,17812.791709,42,21,0.00,0.5141,0.3625
9977555.0,4597.063305,13220.542708,17817.606014,43,21,0.00,0.5141,0.3625
9980855.0,4599.411339,13229.336033,17828.747372,44,22,0.00,0.4844,0.3375
9983856.0,4601.504472,13237.024400,17838.528872,45,22,0.00,0.4703,0.3250
9985207.0,4602.445316,13240.483767,17842.929083,46,22,0.00,0.4703,0.3250
9989432.0,4605.385149,13251.251183,17856.636332,47,22,0.00,0.4703,0.3250
9989615.0,4605.513090,13251.730033,17857.243123,48,22,0.00,0.4750,0.3375
9992086.0,4607.233022,13258.038992,17865.272013,49,22,0.00,0.4781,0.3125
9992086.0,4607.233022,13258.038992,17865.272013,50,22,0.00,0.4906,0.3125
9992104.0,4607.245890,13258.084742,17865.330632,51,22,0.00,0.5031,0.3125
9993395.0,4608.181417,13261.366033,17869.547451,52,22,0.00,0.5094,0.3250
9993396.0,4608.182147,13261.368650,17869.550797,53,22,0.00,0.5156,0.3375
9993753.0,4608.444319,13262.329575,17870.773894,54,23,0.00,0.5344,0.3500
9997763.0,4611.374613,13273.063983,17884.438596,55,24,0.00,0.5031,0.3250
9999611.0,4612.713771,13277.899583,17890.613355,56,24,0.00,0.5078,0.3375
9999740.0,4612.807722,13278.246808,17891.054530,57,25,0.00,0.5266,0.3500
9999867.0,4612.901893,13278.597275,17891.499168,58,25,0.00,0.5125,0.3500
10000483.0,4613.349103,13280.226092,17893.575195,59,26,0.00,0.5156,0.3375
10000836.0,4613.608337,13281.176250,17894.784587,60,26,0.00,0.5328,0.3500
10000884.0,4613.644229,13281.309050,17894.953279,61,26,0.00,0.5453,0.3500
10001573.0,4614.165768,13283.209808,17897.375576,62,26,0.00,0.5438,0.3500
10001854.0,4614.378274,13283.987242,17898.365516,63,27,0.00,0.5625,0.3625
10002519.0,4614.888608,13285.858200,17900.746808,64,28,0.00,0.5656,0.3500
10002813.0,4615.112579,13286.652700,17901.765279,65,28,0.00,0.5672,0.3500
10003114.0,4615.345697,13287.485467,17902.831164,66,29,0.00,0.5859,0.3625
10004799.0,4616.621513,13292.049725,17908.671238,67,29,0.00,0.5234,0.3375
10005625.0,4617.228182,13294.247617,17911.475799,68,29,0.00,0.5094,0.3375
10008375.0,4619.213363,13301.277175,17920.490537,69,29,0.00,0.5031,0.3250
10009087.0,4619.727558,13303.104092,17922.831650,70,29,0.00,0.5031,0.3250
10009222.0,4619.825386,13303.457342,17923.282728,71,30,0.00,0.5313,0.3375
10011081.0,4621.167944,13308.190175,17929.358119,72,30,0.00,0.5266,0.3250
10011177.0,4621.237926,13308.436800,17929.674726,73,30,0.00,0.5031,0.3250
10011398.0,4621.397783,13309.009083,17930.406866,74,31,0.00,0.5234,0.3250
10011759.0,4621.665086,13309.953700,17931.618786,75,32,0.00,0.5359,0.3375
10013436.0,4622.918655,13314.433125,17937.351780,76,33,0.00,0.5484,0.3375
10013677.0,4623.101789,13315.081817,17938.183606,77,33,0.00,0.5531,0.3500
10013797.0,4623.193074,13315.413817,17938.606891,78,34,0.00,0.5656,0.3625
10014736.0,4623.879954,13317.949467,17941.829421,79,34,0.00,0.4813,0.3250
10014814.0,4623.935150,13318.153567,17942.088717,80,35,0.00,0.4906,0.3375
10014946.0,4624.029521,13318.508867,17942.538388,81,35,0.00,0.4969,0.3500
10015701.0,4624.567782,13320.557725,17945.125507,82,35,0.00,0.4969,0.3500
10015833.0,4624.661666,13320.908900,17945.570566,83,35,0.00,0.4875,0.3375
10016935.0,4625.432064,13323.723917,17949.155980,84,35,0.00,0.4750,0.3250
10017162.0,4625.590622,13324.302900,17949.893522,85,35,0.00,0.4734,0.3250
10017643.0,4625.927166,13325.542842,17951.470007,86,35,0.00,0.4859,0.3250
10017811.0,4626.046662,13325.982442,17952.029103,87,35,0.00,0.4922,0.3375
10018219.0,4626.338723,13327.078692,17953.417414,88,35,0.00,0.4906,0.3375
10018378.0,4626.451948,13327.497442,17953.949390,89,35,0.00,0.4906,0.3375
10018598.0,4626.608981,13328.084433,17954.693415,90,35,0.00,0.4984,0.3375
10018784.0,4626.743089,13328.585083,17955.328172,91,35,0.00,0.5031,0.3500
10019718.0,4627.396049,13330.999650,17958.395699,92,36,0.00,0.4891,0.3250
10019860.0,4627.494276,13331.357192,17958.851467,93,36,0.00,0.4500,0.3125
10020315.0,4627.805192,13332.513650,17960.318842,94,36,0.00,0.4625,0.3250
10020698.0,4628.070632,13333.515833,17961.586466,95,36,0.00,0.4672,0.3375
10022793.0,4629.505117,13338.876175,17968.381292,96,37,0.00,0.4688,0.3250
10024695.0,4630.819556,13343.775825,17974.595381,97,37,0.00,0.4563,0.3125
10024890.0,4630.952295,13344.260200,17975.212495,98,37,0.00,0.4484,0.3125
10025530.0,4631.387236,13345.853642,17977.240877,99,37,0.00,0.4484,0.3125
10027236.0,4632.545442,13350.076850,17982.622292,100,37,0.00,0.4500,0.3125
10027236.0,4632.545442,13350.076850,17982.622292,101,37,0.00,0.4563,0.3250
10027446.0,4632.689963,13350.626350,17983.316313,102,38,0.00,0.4750,0.3375
10027539.0,4632.755321,13350.876675,17983.631996,103,38,0.00,0.4875,0.3500
10027911.0,4633.017455,13351.883375,17984.900830,104,38,0.00,0.4813,0.3500
10028213.0,4633.229990,13352.700833,17985.930823,105,38,0.00,0.4797,0.3500
10028677.0,4633.556112,13353.950442,17987.506553,106,38,0.00,0.4797,0.3500
10029041.0,4633.812688,13354.945958,17988.758647,107,38,0.00,0.4797,0.3500
10030787.0,4635.040530,13359.661883,17994.702413,108,38,0.00,0.4797,0.3500
10030840.0,4635.077970,13359.808517,17994.886487,109,38,0.00,0.4844,0.3625
10032059.0,4635.926070,13362.973483,17998.899553,110,39,0.00,0.4766,0.3250
10032623.0,4636.319163,13364.422133,18000.741296,111,39,0.00,0.4672,0.3250
10032792.0,4636.436869,13364.863600,18001.300469,112,39,0.00,0.4672,0.3250
10033656.0,4637.036183,13367.070175,18004.106358,113,39,0.00,0.4813,0.3250
10033713.0,4637.076518,13367.219325,18004.295843,114,40,0.00,0.4906,0.3375
10033926.0,4637.228799,13367.792650,18005.021449,115,40,0.00,0.5031,0.3500
10034479.0,4637.628314,13369.310092,18006.938406,116,40,0.00,0.4984,0.3500
10034615.0,4637.726371,13369.686358,18007.412729,117,40,0.00,0.4984,0.3500
10035396.0,4638.279287,13371.759225,18010.038512,118,41,0.00,0.4938,0.3375
10036115.0,4638.795070,13373.694533,18012.489603,119,42,0.00,0.5125,0.3500
10036187.0,4638.847770,13373.893733,18012.741503,120,42,0.00,0.5172,0.3625
10036552.0,4639.112549,13374.899367,18014.011915,121,42,0.00,0.5000,0.3500
10036751.0,4639.255717,13375.447083,18014.702800,122,42,0.00,0.4859,0.3500
10036875.0,4639.343752,13375.786775,18015.130527,123,42,0.00,0.4859,0.3500
10037662.0,4639.903533,13377.964142,18017.867675,124,42,0.00,0.4906,0.3625
10037976.0,4640.126256,13378.827475,18018.953731,125,42,0.00,0.4984,0.3500
10038341.0,4640.389423,13379.837308,18020.226731,126,42,0.00,0.5047,0.3625
10039366.0,4641.131075,13382.713567,18023.844642,127,42,0.00,0.5109,0.3625
10039428.0,4641.176381,13382.889750,18024.066131,128,42,0.00,0.5234,0.3750
10039573.0,4641.283192,13383.308392,18024.591584,129,43,0.00,0.5047,0.3625
10039634.0,4641.327470,13383.481733,18024.809203,130,44,0.00,0.5328,0.3750
10039873.0,4641.503184,13384.168542,18025.671725,131,44,0.00,0.5172,0.3750
10040570.0,4642.009541,13386.152483,18028.162025,132,44,0.00,0.5172,0.3750
10040740.0,4642.134592,13386.648317,18028.782908,133,44,0.00,0.5297,0.3875
10041157.0,4642.445387,13387.895842,18030.341229,134,45,0.00,0.5422,0.4000
10041292.0,4642.547317,13388.309842,18030.857158,135,45,0.00,0.5469,0.4125
10041344.0,4642.586666,13388.471108,18031.057774,136,45,0.00,0.5469,0.4125
10041954.0,4643.039617,13390.312150,18033.351767,137,45,0.00,0.5281,0.4000
10042650.0,4643.547745,13392.368325,18035.916070,138,45,0.00,0.5172,0.3875
10043265.0,4643.996984,13394.183900,18038.180884,139,46,0.00,0.5203,0.3750
10046254.0,4646.157839,13402.601742,18048.759580,140,47,0.00,0.5047,0.3625
10046254.0,4646.157839,13402.601742,18048.759580,141,48,0.00,0.5141,0.3750
10047020.0,4646.719439,13404.835908,18051.555347,142,48,0.00,0.5188,0.3875
10047038.0,4646.732701,13404.889758,18051.622460,143,48,0.00,0.5234,0.4000
10047603.0,4647.147779,13406.555000,18053.702779,144,48,0.00,0.5188,0.3875
10049677.0,4648.661859,13412.577692,18061.239551,145,49,0.00,0.5141,0.3750
10050573.0,4649.313564,13415.164250,18064.477814,146,50,0.00,0.5016,0.3750
10051156.0,4649.735328,13416.864667,18066.599994,147,50,0.00,0.5063,0.3875
10051357.0,4649.881318,13417.462842,18067.344160,148,51,0.00,0.5266,0.3875
10052128.0,4650.451173,13419.724567,18070.175740,149,51,0.00,0.5250,0.3875
10052438.0,4650.680554,13420.640958,18071.321513,150,52,0.00,0.5453,0.3875
10052820.0,4650.968273,13421.777475,18072.745748,151,53,0.00,0.5484,0.3875
10053065.0,4651.151035,13422.498733,18073.649768,152,53,0.00,0.5328,0.3875
10053622.0,4651.560051,13424.107417,18075.667468,153,53,0.00,0.5125,0.3750
10054239.0,4652.000633,13425.832225,18077.832858,154,54,0.00,0.4984,0.3500
10055123.0,4652.638003,13428.277958,18080.915962,155,54,0.00,0.5031,0.3625
10056973.0,4653.936106,13433.268492,18087.204597,156,54,0.00,0.4641,0.3375
10057657.0,4654.410987,13435.109592,18089.520578,157,54,0.00,0.4688,0.3500
10058979.0,4655.329845,13438.689200,18094.019045,158,54,0.00,0.4688,0.3500
10059143.0,4655.444303,13439.142933,18094.587236,159,54,0.00,0.4813,0.3625
10059169.0,4655.462702,13439.216817,18094.679518,160,54,0.00,0.4859,0.3750
10059451.0,4655.662332,13440.019742,18095.682074,161,54,0.00,0.4828,0.3625
10059776.0,4655.892710,13440.943283,18096.835993,162,54,0.00,0.4875,0.3750
10059888.0,4655.972354,13441.268750,18097.241104,163,54,0.00,0.4797,0.3750
10060370.0,4656.306999,13442.609333,18098.916332,164,54,0.00,0.4641,0.3500
10060714.0,4656.545828,13443.561067,18100.106895,165,55,0.00,0.4734,0.3625
10060718.0,4656.548634,13443.572433,18100.121068,166,56,0.00,0.4859,0.3750
10061136.0,4656.845951,13444.791600,18101.637551,167,56,0.00,0.5047,0.3875
10062602.0,4657.890124,13449.071933,18106.962057,168,56,0.00,0.4859,0.3750
10065188.0,4659.706841,13456.400158,18116.107000,169,56,0.00,0.4688,0.3625
10065461.0,4659.897201,13457.172408,18117.069610,170,56,0.00,0.4688,0.3625
10066995.0,4660.963562,13461.444225,18122.407787,171,56,0.00,0.4688,0.3625
10068089.0,4661.724341,13464.496608,18126.220949,172,56,0.00,0.4688,0.3625
10071515.0,4664.090371,13473.788308,18137.878679,173,56,0.00,0.4703,0.3500
10072956.0,4665.084860,13477.675100,18142.759960,174,56,0.00,0.4641,0.3375
10072977.0,4665.099440,13477.731625,18142.831065,175,57,0.00,0.4891,0.3500
10073827.0,4665.689920,13480.020892,18145.710812,176,57,0.00,0.4688,0.3500
10075751.0,4667.023659,13485.185933,18152.209593,177,57,0.00,0.4594,0.3375
10076540.0,4667.566408,13487.265333,18154.831741,178,57,0.00,0.4594,0.3375
10076597.0,4667.605773,13487.418758,18155.024532,179,57,0.00,0.4641,0.3500
10077065.0,4667.928186,13488.667658,18156.595845,180,57,0.00,0.4547,0.3250
10077174.0,4668.003067,13488.952875,18156.955942,181,57,0.00,0.4594,0.3375
10078477.0,4668.899357,13492.386167,18161.285523,182,57,0.00,0.4672,0.3250
10079174.0,4669.384957,13494.209983,18163.594941,183,57,0.00,0.4719,0.3375
10079912.0,4669.900242,13496.164108,18166.064351,184,57,0.00,0.4719,0.3375
10081543.0,4671.037368,13500.448467,18171.485835,185,58,0.00,0.4797,0.3375
10082034.0,4671.384222,13501.770075,18173.154297,186,58,0.00,0.4844,0.3500
10082398.0,4671.642086,13502.764767,18174.406852,187,59,0.00,0.4859,0.3500
10084139.0,4672.865042,13507.462808,18180.327851,188,60,0.00,0.4797,0.3500
10084399.0,4673.048712,13508.182142,18181.230854,189,60,0.00,0.4922,0.3500
10086450.0,4674.492648,13513.625875,18188.118523,190,60,0.00,0.4719,0.3375
10087455.0,4675.189288,13516.204400,18191.393688,191,60,0.00,0.4656,0.3250
10087711.0,4675.367103,13516.869542,18192.236645,192,61,0.00,0.4781,0.3250
10087754.0,4675.397427,13516.982058,18192.379485,193,61,0.00,0.4828,0.3375
10087849.0,4675.464768,13517.237767,18192.702535,194,61,0.00,0.5000,0.3500
10088207.0,4675.718191,13518.187058,18193.905250,195,62,0.00,0.4844,0.3375
10088963.0,4676.251339,13520.168033,18196.419372,196,62,0.00,0.4797,0.3250
10089624.0,4676.716156,13521.886700,18198.602856,197,62,0.00,0.4656,0.3250
10089802.0,4676.839952,13522.352467,18199.192419,198,63,0.00,0.4938,0.3375
10090200.0,4677.124215,13523.398100,18200.522315,199,63,0.00,0.4953,0.3375
10090303.0,4677.198228,13523.675342,18200.873570,200,63,0.00,0.5000,0.3500
10090557.0,4677.380256,13524.354975,18201.735231,201,64,0.00,0.5063,0.3375
10090801.0,4677.552656,13524.977542,18202.530198,202,65,0.00,0.4844,0.3125
10091052.0,4677.730883,13525.615500,18203.346383,203,65,0.00,0.4906,0.3250
10091074.0,4677.746612,13525.673067,18203.419678,204,65,0.00,0.4953,0.3375
10091866.0,4678.313063,13527.759492,18206.072555,205,66,0.00,0.4797,0.3250
10091963.0,4678.381586,13528.013308,18206.394894,206,66,0.00,0.4922,0.3375
10093366.0,4679.380967,13531.706842,18211.087809,207,66,0.00,0.4922,0.3375
10093458.0,4679.446852,13531.954475,18211.401327,208,66,0.00,0.4969,0.3500
10094677.0,4680.311915,13535.143592,18215.455507,209,67,0.00,0.4813,0.3250
10095374.0,4680.798762,13536.918208,18217.716970,210,67,0.00,0.4734,0.3250
10096044.0,4681.264385,13538.613625,18219.878010,211,67,0.00,0.4625,0.3125
10096319.0,4681.454976,13539.312583,18220.767559,212,67,0.00,0.4672,0.3250
10096985.0,4681.917320,13541.023708,18222.941028,213,68,0.00,0.4734,0.3125
10097319.0,4682.151642,13541.872625,18224.024267,214,69,0.00,0.4984,0.3250
10098174.0,4682.768103,13544.109875,18226.877978,215,70,0.00,0.5234,0.3375
10099853.0,4683.987637,13548.537833,18232.525470,216,71,0.00,0.5266,0.3375
10101508.0,4685.180443,13552.840967,18238.021410,217,71,0.00,0.4859,0.3250
10101656.0,4685.285713,13553.228233,18238.513947,218,71,0.00,0.4906,0.3375
10101831.0,4685.409771,13553.688625,18239.098396,219,72,0.00,0.4734,0.3125
10102468.0,4685.856666,13555.307667,18241.164333,220,72,0.00,0.4781,0.3250
10102699.0,4686.019515,13555.910992,18241.930507,221,72,0.00,0.4781,0.3250
10103062.0,4686.272737,13556.848092,18243.120829,222,72,0.00,0.4734,0.3250
10103067.0,4686.276245,13556.861175,18243.137420,223,72,0.00,0.4859,0.3375
10103070.0,4686.278379,13556.869250,18243.147629,224,72,0.00,0.4984,0.3500
10103080.0,4686.285589,13556.896917,18243.182506,225,72,0.00,0.5109,0.3625
10103554.0,4686.631955,13558.243867,18244.875821,226,72,0.00,0.5297,0.3750
10103657.0,4686.708722,13558.544283,18245.253005,227,72,0.00,0.5359,0.3875
10103830.0,4686.838502,13559.061842,18245.900343,228,72,0.00,0.5297,0.3875
10104296.0,4687.181384,13560.406608,18247.587992,229,73,0.00,0.5297,0.3625
10104920.0,4687.639969,13562.179808,18249.819778,230,73,0.00,0.5234,0.3750
10105081.0,4687.759182,13562.649392,18250.408574,231,74,0.00,0.5406,0.3875
10105616.0,4688.155979,13564.213483,18252.369462,232,74,0.00,0.5281,0.3875
10106099.0,4688.514401,13565.638358,18254.152759,233,74,0.00,0.5281,0.3875
10106214.0,4688.599972,13565.982400,18254.582372,234,74,0.00,0.5328,0.4000
10106404.0,4688.741507,13566.554042,18255.295549,235,74,0.00,0.5281,0.3875
10106593.0,4688.882112,13567.118867,18256.000979,236,74,0.00,0.5359,0.3750
10106755.0,4689.003640,13567.591367,18256.595007,237,74,0.00,0.5406,0.3875
10107108.0,4689.269090,13568.634075,18257.903165,238,74,0.00,0.5406,0.3875
10107156.0,4689.305273,13568.777675,18258.082948,239,74,0.00,0.5453,0.4000
10107360.0,4689.459781,13569.402975,18258.862756,240,74,0.00,0.5469,0.4000
10107678.0,4689.697049,13570.328900,18260.025949,241,74,0.00,0.5234,0.3750
10107700.0,4689.713339,13570.393067,18260.106406,242,74,0.00,0.5297,0.3875
10108119.0,4690.024619,13571.625875,18261.650494,243,75,0.00,0.5375,0.3875
10108195.0,4690.081725,13571.853242,18261.934966,244,76,0.00,0.5656,0.4000
10108262.0,4690.133533,13572.058708,18262.192242,245,76,0.00,0.5703,0.4125
10108896.0,4690.613191,13573.977475,18264.590666,246,76,0.00,0.5500,0.4000
10110007.0,4691.443420,13577.226592,18268.670012,247,77,0.00,0.5500,0.3750
10110007.0,4691.443420,13577.226592,18268.670012,248,78,0.00,0.5641,0.3875
10110042.0,4691.470442,13577.331300,18268.801742,249,79,0.00,0.5781,0.4000
10110515.0,4691.830374,13578.736683,18270.567058,250,79,0.00,0.5500,0.3875
10110888.0,4692.114269,13579.852575,18271.966844,251,79,0.00,0.5563,0.4000
10112199.0,4693.108775,13583.781625,18276.890400,252,80,0.00,0.5625,0.3875
10112326.0,4693.206671,13584.161567,18277.368238,253,80,0.00,0.5672,0.4000
10112685.0,4693.484060,13585.249150,18278.733210,254,80,0.00,0.5688,0.4000
10112996.0,4693.725301,13586.202883,18279.928184,255,80,0.00,0.5734,0.4125
10113134.0,4693.832850,13586.636433,18280.469283,256,81,0.00,0.5922,0.4125
10113347.0,4694.001212,13587.290308,18281.291520,257,82,0.00,0.6063,0.4000
10114193.0,4694.646366,13589.730958,18284.377324,258,82,0.00,0.5188,0.3500
10114274.0,4694.706047,13589.955058,18284.661106,259,82,0.00,0.5234,0.3625
10114302.0,4694.726780,13590.034625,18284.761405,260,83,0.00,0.5422,0.3625
10115077.0,4695.290983,13592.192367,18287.483349,261,84,0.00,0.5125,0.3625
10117363.0,4696.945220,13598.620542,18295.565762,262,85,0.00,0.5125,0.3625
10118303.0,4697.633248,13601.291708,18298.924956,263,86,0.00,0.5297,0.3750
10118657.0,4697.892523,13602.302683,18300.195206,264,87,0.00,0.5125,0.3500
10119177.0,4698.273134,13603.741350,18302.014484,265,88,0.00,0.5406,0.3625
10119674.0,4698.640695,13605.129358,18303.770053,266,89,0.00,0.5313,0.3500
10119716.0,4698.672049,13605.245558,18303.917607,267,90,0.00,0.5500,0.3500
10119805.0,4698.739788,13605.491792,18304.231580,268,91,0.00,0.5688,0.3500
10119881.0,4698.798741,13605.702058,18304.500799,269,92,0.00,0.5813,0.3625
10121149.0,4699.749820,13609.305292,18309.055111,270,92,0.00,0.5313,0.3750
10121200.0,4699.787893,13609.454042,18309.241934,271,93,0.00,0.5438,0.3875
10122873.0,4701.047927,13614.389950,18315.437877,272,94,0.00,0.5344,0.3750
10122912.0,4701.077136,13614.503700,18315.580836,273,95,0.00,0.5516,0.3875
10122958.0,4701.112203,13614.641317,18315.753520,274,95,0.00,0.5563,0.4000
10122966.0,4701.118331,13614.665850,18315.784181,275,96,0.00,0.5734,0.4125
10123048.0,4701.182237,13614.923467,18316.105703,276,97,0.00,0.5906,0.4250
10123058.0,4701.190164,13614.955633,18316.145797,277,98,0.00,0.6078,0.4375
10123064.0,4701.195000,13614.975383,18316.170384,278,98,0.00,0.6250,0.4500
10123510.0,4701.553680,13616.434617,18317.988297,279,98,0.00,0.5969,0.4375
10123536.0,4701.574417,13616.520200,18318.094617,280,98,0.00,0.6016,0.4500
10123839.0,4701.809331,13617.491325,18319.300656,281,99,0.00,0.5578,0.4125
10125159.0,4702.787987,13621.370350,18324.158337,282,100,0.00,0.5063,0.3625
10125279.0,4702.875237,13621.711350,18324.586587,283,100,0.00,0.5109,0.3750
10126505.0,4703.761977,13625.166283,18328.928260,284,101,0.00,0.5109,0.3625
10127058.0,4704.166070,13626.737725,18330.903795,285,101,0.00,0.5156,0.3750
10127814.0,4704.711053,13628.855800,18333.566853,286,101,0.00,0.4984,0.3625
10128880.0,4705.476209,13631.814292,18337.290500,287,102,0.00,0.5188,0.3625
10129654.0,4706.046496,13634.013742,18340.060238,288,103,0.00,0.5375,0.3750
10130831.0,4706.916764,13637.392208,18344.308972,289,103,0.00,0.5172,0.3750
10131649.0,4707.515943,13639.725917,18347.241860,290,103,0.00,0.5172,0.3750
10131993.0,4707.768195,13640.712975,18348.481170,291,103,0.00,0.5172,0.3750
10132682.0,4708.272877,13642.678533,18350.951410,292,103,0.00,0.5172,0.3750
10132818.0,4708.372917,13643.075200,18351.448117,293,103,0.00,0.5219,0.3875
10133439.0,4708.828100,13644.853150,18353.681250,294,104,0.00,0.5375,0.3750
10133558.0,4708.917515,13645.200233,18354.117748,295,105,0.00,0.5500,0.3875
10133995.0,4709.250120,13646.507592,18355.757712,296,105,0.00,0.5547,0.4000
10134129.0,4709.352053,13646.916425,18356.268478,297,105,0.00,0.5344,0.4000
10134157.0,4709.373024,13647.002292,18356.375316,298,105,0.00,0.5344,0.4000
10134400.0,4709.553803,13647.722442,18357.276245,299,106,0.00,0.5500,0.3875
10134541.0,4709.661120,13648.144267,18357.805387,300,106,0.00,0.5547,0.4000
10135536.0,4710.416169,13651.115725,18361.531894,301,107,0.00,0.5500,0.3875
10136146.0,4710.880447,13652.940642,18363.821088,302,107,0.00,0.5547,0.4000
10136410.0,4711.082138,13653.746042,18364.828180,303,107,0.00,0.5547,0.4000
10137416.0,4711.848294,13656.765483,18368.613777,304,107,0.00,0.5563,0.4000
10138838.0,4712.933413,13661.094708,18374.028122,305,108,0.00,0.5688,0.4000
10139183.0,4713.201028,13662.152708,18375.353736,306,108,0.00,0.5734,0.4125
10139527.0,4713.468538,13663.221442,18376.689979,307,109,0.00,0.5969,0.4125
10139540.0,4713.478906,13663.262283,18376.741189,308,110,0.00,0.6250,0.4250
10141076.0,4714.661783,13667.937733,18382.599516,309,110,0.00,0.5484,0.4000
10142678.0,4715.863982,13672.700683,18388.564665,310,111,0.00,0.5125,0.3750
10143373.0,4716.370000,13674.707067,18391.077066,311,111,0.00,0.5094,0.3750
10145120.0,4717.644460,13679.802483,18397.446944,312,111,0.00,0.5141,0.3875
10145223.0,4717.719976,13680.110625,18397.830601,313,111,0.00,0.5188,0.4000
10145321.0,4717.792183,13680.411158,18398.203341,314,111,0.00,0.5375,0.4125
10145662.0,4718.039916,13681.406192,18399.446108,315,111,0.00,0.5094,0.3750
10145872.0,4718.193114,13682.018692,18400.211806,316,111,0.00,0.5141,0.3875
10146322.0,4718.522402,13683.351892,18401.874294,317,111,0.00,0.5141,0.3875
10150141.0,4721.309334,13694.510817,18415.820151,318,111,0.00,0.5078,0.3750
10150356.0,4721.465918,13695.137900,18416.603818,319,111,0.00,0.5172,0.3875
10152278.0,4722.849455,13700.630633,18423.480089,320,112,0.00,0.5063,0.3750
10153572.0,4723.790301,13704.404800,18428.195101,321,112,0.00,0.5125,0.3875
10153654.0,4723.850320,13704.650117,18428.500437,322,113,0.00,0.5313,0.4000
10157405.0,4726.570163,13715.560908,18442.131071,323,113,0.00,0.4953,0.3750
10160855.0,4729.037960,13725.391133,18454.429094,324,113,0.00,0.4953,0.3750
10164141.0,4731.361191,13734.537975,18465.899166,325,113,0.00,0.4906,0.3625
10164277.0,4731.458421,13734.924442,18466.382863,326,113,0.00,0.4969,0.3750
10164565.0,4731.665721,13735.764442,18467.430163,327,113,0.00,0.5094,0.3875
10164623.0,4731.708033,13735.937958,18467.645991,328,113,0.00,0.5141,0.4000
10164722.0,4731.780616,13736.241558,18468.022174,329,113,0.00,0.5203,0.4125
10164859.0,4731.881725,13736.671967,18468.553691,330,113,0.00,0.5328,0.4125
10165064.0,4732.034349,13737.302358,18469.336707,331,113,0.00,0.5328,0.4125
10165173.0,4732.115853,13737.644800,18469.760653,332,114,0.00,0.5422,0.4250
10166412.0,4733.035820,13741.399250,18474.435070,333,114,0.00,0.5266,0.4000
10166484.0,4733.089308,13741.620050,18474.709358,334,114,0.00,0.5313,0.4125
10167716.0,4734.001286,13745.331283,18479.332570,335,114,0.00,0.5266,0.4000
10168027.0,4734.228741,13746.249842,18480.478583,336,114,0.00,0.5156,0.3875
10168347.0,4734.463741,13747.207175,18481.670916,337,114,0.00,0.5203,0.4000
10168366.0,4734.477764,13747.265442,18481.743205,338,115,0.00,0.5453,0.4125
10168713.0,4734.739999,13748.343150,18483.083149,339,116,0.00,0.5500,0.4125
10169200.0,4735.110660,13749.873142,18484.983802,340,117,0.00,0.5625,0.4250
10169375.0,4735.245556,13750.436058,18485.681614,341,117,0.00,0.5672,0.4375
10172374.0,4737.514292,13759.692167,18497.206459,342,117,0.00,0.5203,0.3750
10173573.0,4738.399179,13763.189250,18501.588429,343,118,0.00,0.5438,0.3750
10173649.0,4738.456654,13763.410917,18501.867571,344,118,0.00,0.5484,0.3875
10174699.0,4739.230442,13766.435392,18505.665834,345,118,0.00,0.5266,0.3750
10174703.0,4739.233414,13766.447058,18505.680472,346,119,0.00,0.5500,0.3875
10174773.0,4739.286691,13766.656475,18505.943166,347,120,0.00,0.5594,0.4000
10174834.0,4739.333039,13766.839492,18506.172531,348,121,0.00,0.5563,0.4000
10174996.0,4739.457126,13767.336292,18506.793418,349,122,0.00,0.5625,0.4125
10175575.0,4739.900624,13769.143617,18509.044241,350,122,0.00,0.5281,0.4000
10175763.0,4740.039815,13769.712950,18509.752765,351,122,0.00,0.5234,0.4000
10175948.0,4740.176798,13770.280283,18510.457081,352,123,0.00,0.5422,0.4000
10176577.0,4740.644977,13772.209217,18512.854194,353,123,0.00,0.5484,0.4125
10176964.0,4740.937661,13773.396317,18514.333977,354,124,0.00,0.5500,0.4125
10177954.0,4741.691161,13776.506567,18518.197727,355,125,0.00,0.5594,0.4250
10178628.0,4742.205037,13778.617525,18520.822562,356,126,0.00,0.5609,0.4125
10178651.0,4742.222738,13778.689783,18520.912521,357,126,0.00,0.5656,0.4250
10178696.0,4742.257535,13778.834533,18521.092068,358,126,0.00,0.5781,0.4375
10178857.0,4742.383031,13779.352867,18521.735897,359,126,0.00,0.5734,0.4250
10179719.0,4743.050719,13782.093983,18525.144702,360,126,0.00,0.5656,0.4250
10180259.0,4743.464692,13783.769408,18527.234100,361,126,0.00,0.5609,0.4125
10180270.0,4743.473157,13783.803967,18527.277124,362,127,0.00,0.5781,0.4250
10180454.0,4743.616492,13784.391708,18528.008200,363,128,0.00,0.5672,0.4250
10180841.0,4743.914582,13785.611358,18529.525940,364,128,0.00,0.5656,0.4250
10181257.0,4744.235275,13786.929242,18531.164517,365,129,0.00,0.5703,0.4250
10181304.0,4744.271790,13787.080425,18531.352215,366,130,0.00,0.5875,0.4375
10181710.0,4744.592643,13788.416842,18533.009484,367,130,0.00,0.5922,0.4500
10182641.0,4745.329438,13791.502908,18536.832346,368,130,0.00,0.6000,0.4500
10183836.0,4746.261002,13795.370900,18541.631902,369,130,0.00,0.5375,0.4125
10184106.0,4746.463640,13796.214275,18542.677915,370,131,0.00,0.5563,0.4000
10184155.0,4746.501173,13796.364542,18542.865714,371,132,0.00,0.5797,0.4000
10185253.0,4747.329340,13799.731742,18547.061082,372,132,0.00,0.5375,0.4125
10185984.0,4747.876655,13801.988175,18549.864830,373,132,0.00,0.5375,0.4125
10186713.0,4748.422646,13804.242000,18552.664646,374,132,0.00,0.5453,0.4125
10187075.0,4748.694991,13805.364958,18554.059950,375,133,0.00,0.5453,0.4125
10188200.0,4749.547140,13808.899333,18558.446473,376,133,0.00,0.5500,0.4250
10188246.0,4749.582151,13809.047300,18558.629451,377,134,0.00,0.5781,0.4375
10188685.0,4749.924766,13810.469392,18560.394158,378,135,0.00,0.5984,0.4250
10189447.0,4750.530329,13812.920492,18563.450821,379,136,0.00,0.5906,0.4375
10189534.0,4750.599295,13813.206867,18563.806161,380,137,0.00,0.6000,0.4500
10191093.0,4751.774389,13818.138025,18569.912414,381,138,0.00,0.5219,0.4000
10191770.0,4752.274851,13820.214158,18572.489010,382,138,0.00,0.5344,0.4125
10192232.0,4752.617322,13821.638233,18574.255555,383,138,0.00,0.5344,0.4125
10192336.0,4752.695213,13821.964967,18574.660180,384,138,0.00,0.5469,0.4250
10192477.0,4752.802187,13822.418517,18575.220704,385,138,0.00,0.5516,0.4375
10192642.0,4752.927971,13822.961642,18575.889613,386,139,0.00,0.5703,0.4375
10192889.0,4753.117548,13823.747458,18576.865006,387,140,0.00,0.5578,0.4125
10192901.0,4753.126754,13823.785158,18576.911912,388,140,0.00,0.5750,0.4250
10192962.0,4753.174368,13823.981375,18577.155743,389,140,0.00,0.5875,0.4375
10193027.0,4753.225736,13824.195333,18577.421069,390,140,0.00,0.5938,0.4500
10193066.0,4753.256586,13824.326633,18577.583219,391,141,0.00,0.5938,0.4500
10193568.0,4753.652255,13825.980550,18579.632805,392,142,0.00,0.6031,0.4375
10194497.0,4754.380454,13828.990583,18583.371037,393,143,0.00,0.5625,0.4375
10195056.0,4754.811350,13830.830625,18585.641975,394,144,0.00,0.5813,0.4500
10195438.0,4755.110457,13832.111517,18587.221973,395,145,0.00,0.5906,0.4625
10195440.0,4755.112042,13832.118400,18587.230442,396,146,0.00,0.6094,0.4625
10195608.0,4755.247536,13832.694575,18587.942111,397,147,0.00,0.6219,0.4500
10195689.0,4755.313714,13832.967275,18588.280989,398,148,0.00,0.6406,0.4500
10196373.0,4755.868235,13835.261300,18591.129535,399,149,0.00,0.6031,0.4500
10196386.0,4755.878666,13835.305067,18591.183733,400,150,0.00,0.6203,0.4625
10196392.0,4755.883561,13835.325717,18591.209278,401,151,0.00,0.6375,0.4750
10196397.0,4755.887707,13835.343300,18591.231007,402,152,0.00,0.6547,0.4875
10196546.0,4756.013245,13835.878458,18591.891703,403,153,0.00,0.6719,0.5000
10196555.0,4756.020948,13835.911458,18591.932406,404,154,0.00,0.6906,0.5125
10196738.0,4756.180247,13836.596183,18592.776430,405,155,0.00,0.7094,0.5250
10196789.0,4756.225385,13836.790833,18593.016219,406,155,0.00,0.7141,0.5375
10196808.0,4756.242271,13836.864775,18593.107046,407,156,0.00,0.7281,0.5500
10197068.0,4756.475965,13837.891683,18594.367649,408,157,0.00,0.7359,0.5375
10197275.0,4756.659847,13838.673033,18595.332880,409,158,0.00,0.7094,0.5000
10197421.0,4756.789067,13839.208367,18595.997434,410,159,0.00,0.7281,0.5000
10197607.0,4756.956402,13839.890367,18596.846769,411,159,0.00,0.7328,0.5125
10198109.0,4757.404362,13841.713033,18599.117395,412,159,0.00,0.7063,0.4875
10198200.0,4757.484682,13842.039875,18599.524557,413,159,0.00,0.7125,0.5000
10198508.0,4757.758032,13843.169208,18600.927240,414,160,0.00,0.7297,0.5125
10198596.0,4757.836487,13843.492100,18601.328587,415,160,0.00,0.7047,0.4750
10198648.0,4757.882253,13843.674442,18601.556694,416,160,0.00,0.6984,0.4750
10198800.0,4758.014302,13844.208525,18602.222827,417,161,0.00,0.6922,0.4750
10198987.0,4758.177295,13844.865917,18603.043212,418,161,0.00,0.6922,0.4750
10199241.0,4758.398707,13845.759150,18604.157857,419,161,0.00,0.6969,0.4875
10199343.0,4758.487993,13846.125500,18604.613493,420,161,0.00,0.7031,0.5000
10199889.0,4758.964400,13848.054075,18607.018475,421,161,0.00,0.6969,0.4875
10199909.0,4758.981896,13848.125683,18607.107579,422,161,0.00,0.6984,0.4875
10200098.0,4759.147566,13848.804508,18607.952074,423,161,0.00,0.7078,0.5000
10200592.0,4759.579745,13850.560042,18610.139786,424,162,0.00,0.7203,0.4875
10200734.0,4759.706584,13851.069308,18610.775892,425,163,0.00,0.7328,0.4750
10200798.0,4759.764395,13851.294375,18611.058770,426,163,0.00,0.7391,0.4875
10200882.0,4759.840680,13851.596075,18611.436755,427,163,0.00,0.7516,0.5000
10201063.0,4760.006817,13852.259742,18612.266559,428,163,0.00,0.7563,0.5125
10201360.0,4760.271064,13853.316417,18613.587481,429,163,0.00,0.7047,0.4750
10201724.0,4760.588079,13854.553583,18615.141663,430,163,0.00,0.7000,0.4625
10201799.0,4760.653913,13854.811708,18615.465621,431,163,0.00,0.7047,0.4750
10202555.0,4761.310288,13857.373258,18618.683546,432,164,0.00,0.6797,0.4500
10203067.0,4761.749526,13859.064667,18620.814193,433,165,0.00,0.7016,0.4500
10203558.0,4762.172055,13860.686650,18622.858705,434,165,0.00,0.6859,0.4500
10203567.0,4762.179857,13860.716950,18622.896807,435,165,0.00,0.6984,0.4625
10203650.0,4762.252612,13861.002608,18623.255220,436,165,0.00,0.7031,0.4750
10203864.0,4762.440870,13861.753000,18624.193870,437,165,0.00,0.7047,0.4750
10203963.0,4762.528131,13862.101150,18624.629281,438,166,0.00,0.7219,0.4875
10204220.0,4762.752690,13862.995033,18625.747723,439,166,0.00,0.6922,0.4750
10204481.0,4762.978989,13863.894133,18626.873122,440,166,0.00,0.6922,0.4750
10204608.0,4763.089695,13864.340750,18627.430445,441,166,0.00,0.6984,0.4875
10204958.0,4763.393724,13865.582308,18628.976033,442,167,0.00,0.6891,0.4750
10205784.0,4764.099181,13868.487075,18632.586256,443,167,0.00,0.6766,0.4875
10206323.0,4764.562478,13870.422983,18634.985461,444,167,0.00,0.6828,0.5000
10206679.0,4764.865662,13871.700942,18636.566604,445,168,0.00,0.6766,0.4750
10206725.0,4764.905182,13871.862408,18636.767590,446,169,0.00,0.6875,0.4750
10207027.0,4765.163529,13872.924442,18638.087970,447,170,0.00,0.6938,0.4875
10207773.0,4765.798667,13875.492975,18641.291642,448,171,0.00,0.6625,0.4500
10207852.0,4765.865707,13875.758942,18641.624649,449,171,0.00,0.6672,0.4625
10208156.0,4766.122938,13876.782183,18642.905121,450,171,0.00,0.6578,0.4500
10208723.0,4766.588649,13878.624258,18645.212907,451,172,0.00,0.6172,0.4250
10208961.0,4766.779477,13879.374375,18646.153852,452,173,0.00,0.6172,0.4250
10209700.0,4767.371918,13881.728917,18649.100834,453,173,0.00,0.5797,0.4250
10209742.0,4767.404854,13881.864017,18649.268871,454,174,0.00,0.5984,0.4250
10209881.0,4767.514939,13882.304008,18649.818947,455,175,0.00,0.5875,0.4125
10209881.0,4767.514939,13882.304008,18649.818947,456,176,0.00,0.6000,0.4250
10209987.0,4767.599511,13882.643700,18650.243211,457,176,0.00,0.5875,0.4250
10210514.0,4767.994973,13884.210558,18652.205531,458,176,0.00,0.5313,0.3875
10210900.0,4768.282203,13885.346217,18653.628420,459,176,0.00,0.5313,0.3875
10210977.0,4768.339686,13885.576575,18653.916261,460,176,0.00,0.5359,0.4000
10211166.0,4768.481191,13886.150475,18654.631666,461,176,0.00,0.5359,0.4000
10211442.0,4768.687638,13886.986300,18655.673938,462,177,0.00,0.5359,0.4000
10211861.0,4768.997456,13888.245958,18657.243414,463,178,0.00,0.5141,0.4000
10211972.0,4769.078836,13888.586358,18657.665195,464,178,0.00,0.5203,0.4125
10212039.0,4769.128157,13888.794900,18657.923057,465,178,0.00,0.5188,0.4125
10212048.0,4769.134789,13888.823175,18657.957964,466,178,0.00,0.5234,0.4250
10212372.0,4769.373386,13889.838450,18659.211836,467,178,0.00,0.5188,0.4125
10212413.0,4769.403595,13889.967258,18659.370853,468,178,0.00,0.5234,0.4250
10212621.0,4769.554933,13890.610525,18660.165458,469,178,0.00,0.5063,0.4000
10212626.0,4769.558568,13890.625858,18660.184427,470,178,0.00,0.5109,0.4125
10212828.0,4769.705265,13891.247050,18660.952315,471,179,0.00,0.4984,0.3750
10212954.0,4769.796112,13891.614550,18661.410662,472,179,0.00,0.5031,0.3875
10212968.0,4769.806257,13891.656433,18661.462691,473,179,0.00,0.5078,0.4000
10213190.0,4769.966548,13892.312183,18662.278731,474,180,0.00,0.5156,0.3750
10213497.0,4770.192001,13893.207600,18663.399601,475,180,0.00,0.5203,0.3875
10213546.0,4770.228164,13893.354192,18663.582356,476,181,0.00,0.5375,0.4000
10213708.0,4770.349711,13893.847317,18664.197027,477,181,0.00,0.5375,0.4000
10213806.0,4770.423347,13894.147850,18664.571197,478,181,0.00,0.5656,0.4125
10214358.0,4770.840166,13895.819500,18666.659666,479,182,0.00,0.5500,0.4000
10214440.0,4770.902110,13896.065867,18666.967977,480,183,0.00,0.5375,0.3750
10214507.0,4770.952315,13896.258433,18667.210748,481,183,0.00,0.5375,0.3750
10214575.0,4771.003118,13896.452267,18667.455384,482,183,0.00,0.5359,0.3750
10216472.0,4772.352326,13901.510058,18673.862385,483,183,0.00,0.4750,0.3250
10216775.0,4772.565268,13902.302908,18674.868176,484,183,0.00,0.4797,0.3375
10217437.0,4773.030977,13904.044817,18677.075794,485,184,0.00,0.5125,0.3375
10217925.0,4773.375508,13905.325800,18678.701308,486,185,0.00,0.4891,0.3375
10217925.0,4773.375508,13905.325800,18678.701308,487,186,0.00,0.5031,0.3500
10217931.0,4773.379856,13905.342400,18678.722256,488,187,0.00,0.5172,0.3625
10218490.0,4773.786884,13906.902317,18680.689200,489,187,0.00,0.5078,0.3625
10219969.0,4774.821451,13910.824642,18685.646093,490,188,0.00,0.4625,0.3250
10220673.0,4775.309363,13912.666775,18687.976138,491,189,0.00,0.4719,0.3375
10221884.0,4776.153013,13915.880408,18692.033422,492,189,0.00,0.4672,0.3375
10223133.0,4777.010287,13919.112400,18696.122687,493,190,0.00,0.4453,0.3125
10223139.0,4777.014365,13919.127650,18696.142015,494,190,0.00,0.4516,0.3250
10223622.0,4777.342785,13920.357300,18697.700085,495,190,0.00,0.4516,0.3250
10223679.0,4777.381805,13920.506450,18697.888255,496,190,0.00,0.4516,0.3250
10224392.0,4777.861323,13922.295183,18700.156506,497,190,0.00,0.4328,0.3125
10224738.0,4778.091590,13923.150825,18701.242415,498,190,0.00,0.4313,0.3125
10225414.0,4778.541805,13924.830742,18703.372547,499,190,0.00,0.4391,0.3125
10232587.0,4783.264550,13942.153492,18725.418042,500,190,0.00,0.4188,0.3000
10232803.0,4783.406900,13942.686292,18726.093192,501,190,0.00,0.4250,0.3125
10232974.0,4783.520075,13943.113717,18726.633792,502,191,0.00,0.4297,0.3125
10233819.0,4784.081376,13945.218750,18729.300126,503,191,0.00,0.4281,0.3125
10233991.0,4784.195983,13945.655917,18729.851900,504,191,0.00,0.4328,0.3250
10234226.0,4784.353016,13946.262433,18730.615450,505,192,0.00,0.4453,0.3250
10234994.0,4784.868865,13948.228008,18733.096873,506,193,0.00,0.4563,0.3125
10235081.0,4784.928738,13948.449133,18733.377871,507,193,0.00,0.4688,0.3250
10235553.0,4785.255967,13949.661700,18734.917667,508,194,0.00,0.4719,0.3250
10236016.0,4785.580228,13950.873217,18736.453444,509,195,0.00,0.5094,0.3375
10237589.0,4786.702815,13955.043083,18741.745899,510,196,0.00,0.4844,0.3375
10237776.0,4786.835598,13955.546425,18742.382023,511,197,0.00,0.5031,0.3500
10237776.0,4786.835598,13955.546425,18742.382023,512,198,0.00,0.5219,0.3625
10240480.0,4788.679579,13962.570892,18751.250471,513,199,0.00,0.4469,0.3125
10243457.0,4790.688718,13969.999283,18760.688002,514,199,0.00,0.4391,0.3125
10243762.0,4790.894540,13970.774492,18761.669032,515,199,0.00,0.4438,0.3250
10244313.0,4791.265640,13972.159950,18763.425590,516,200,0.00,0.4438,0.3125
10245093.0,4791.794368,13974.135025,18765.929393,517,201,0.00,0.4469,0.3125
10247114.0,4793.150685,13979.087458,18772.238143,518,201,0.00,0.4078,0.2875
10247202.0,4793.207931,13979.297925,18772.505856,519,201,0.00,0.4141,0.3000
10247867.0,4793.642345,13980.909158,18774.551503,520,202,0.00,0.4219,0.3000
10248468.0,4794.039882,13982.391625,18776.431507,521,202,0.00,0.4344,0.3125
10248939.0,4794.356008,13983.588750,18777.944758,522,202,0.00,0.4469,0.3250
10250349.0,4795.312503,13987.250650,18782.563153,523,203,0.00,0.4406,0.3250
10250498.0,4795.413233,13987.640533,18783.053766,524,203,0.00,0.4516,0.3375
10250736.0,4795.576156,13988.281150,18783.857306,525,204,0.00,0.4578,0.3500
10252397.0,4796.716214,13992.798658,18789.514873,526,204,0.00,0.4563,0.3500
10253468.0,4797.450256,13995.699733,18793.149989,527,205,0.00,0.4703,0.3500
10254758.0,4798.343371,13999.223658,18797.567030,528,205,0.00,0.4563,0.3500
10255346.0,4798.739219,14000.747933,18799.487152,529,205,0.00,0.4500,0.3250
10255420.0,4798.789785,14000.941567,18799.731352,530,206,0.00,0.4625,0.3375
10256013.0,4799.194418,14002.502100,18801.696518,531,207,0.00,0.4641,0.3375
10256133.0,4799.277730,14002.825100,18802.102830,532,208,0.00,0.4828,0.3500
10256855.0,4799.785882,14004.775908,18804.561790,533,209,0.00,0.4766,0.3375
10256862.0,4799.790810,14004.794750,18804.585560,534,210,0.00,0.4891,0.3500
10257764.0,4800.434581,14007.290283,18807.724864,535,210,0.00,0.5016,0.3500
10257967.0,4800.580899,14007.849142,18808.430041,536,210,0.00,0.4875,0.3500
10258602.0,4801.021242,14009.511475,18810.532717,537,210,0.00,0.4438,0.3125
10259147.0,4801.386051,14010.896683,18812.282735,538,211,0.00,0.4484,0.3250
10259693.0,4801.752659,14012.292683,18814.045343,539,211,0.00,0.4359,0.3250
10260104.0,4802.028292,14013.353283,18815.381575,540,211,0.00,0.4359,0.3250
10260162.0,4802.067291,14013.505050,18815.572341,541,212,0.00,0.4531,0.3375
10260165.0,4802.069348,14013.513125,18815.582473,542,212,0.00,0.4578,0.3500
10260217.0,4802.105026,14013.655267,18815.760293,543,212,0.00,0.4406,0.3375
10260412.0,4802.234155,14014.148492,18816.382647,544,212,0.00,0.4250,0.3125
10260448.0,4802.258055,14014.239992,18816.498047,545,212,0.00,0.4375,0.3250
10260477.0,4802.277590,14014.315875,18816.593465,546,212,0.00,0.4422,0.3375
10260513.0,4802.301918,14014.411950,18816.713868,547,213,0.00,0.4453,0.3375
10260574.0,4802.343379,14014.576142,18816.919520,548,213,0.00,0.4828,0.3500
10260773.0,4802.483400,14015.118683,18817.602084,549,213,0.00,0.4766,0.3500
10260845.0,4802.534088,14015.317883,18817.851971,550,214,0.00,0.4906,0.3625
10260976.0,4802.627408,14015.684967,18818.312375,551,214,0.00,0.4906,0.3625
10261103.0,4802.718205,14016.045858,18818.764063,552,215,0.00,0.5047,0.3750
10261187.0,4802.778665,14016.283508,18819.062173,553,216,0.00,0.5031,0.3625
10261340.0,4802.889536,14016.718283,18819.607820,554,217,0.00,0.5094,0.3750
10261372.0,4802.912881,14016.811617,18819.724498,555,218,0.00,0.5156,0.3875
10261514.0,4803.016907,14017.231183,18820.248090,556,218,0.00,0.5156,0.3875
10261661.0,4803.124860,14017.670958,18820.795818,557,218,0.00,0.5203,0.4000
10261763.0,4803.198173,14017.968983,18821.167156,558,219,0.00,0.5047,0.3750
10262406.0,4803.653836,14019.745025,18823.398861,559,219,0.00,0.4750,0.3500
10262527.0,4803.738520,14020.072967,18823.811487,560,220,0.00,0.4703,0.3375
10262679.0,4803.844788,14020.482100,18824.326888,561,220,0.00,0.4953,0.3500
10263507.0,4804.434364,14022.752050,18827.186414,562,220,0.00,0.4766,0.3500
10263618.0,4804.512249,14023.055175,18827.567424,563,220,0.00,0.4750,0.3500
10263824.0,4804.656806,14023.620683,18828.277490,564,220,0.00,0.4750,0.3500
10263869.0,4804.688431,14023.745183,18828.433615,565,220,0.00,0.4797,0.3625
10263993.0,4804.775955,14024.096050,18828.872005,566,220,0.00,0.4797,0.3625
10264830.0,4805.361996,14026.366825,18831.728821,567,220,0.00,0.4750,0.3500
10265011.0,4805.489199,14026.867592,18832.356791,568,221,0.00,0.4922,0.3625
10265140.0,4805.578964,14027.220742,18832.799706,569,222,0.00,0.4625,0.3500
10265185.0,4805.610152,14027.345242,18832.955393,570,223,0.00,0.5000,0.3625
10265558.0,4805.879540,14028.405183,18834.284724,571,224,0.00,0.5188,0.3750
10266148.0,4806.314256,14030.126017,18836.440272,572,224,0.00,0.5250,0.3875
10266395.0,4806.496286,14030.850408,18837.346694,573,224,0.00,0.5125,0.3750
10266690.0,4806.712209,14031.710825,18838.423034,574,225,0.00,0.5500,0.3875
10266884.0,4806.859865,14032.291208,18839.151073,575,225,0.00,0.5563,0.4000
10266902.0,4806.873652,14032.346408,18839.220061,576,226,0.00,0.5844,0.4125
10267235.0,4807.130532,14033.350133,18840.480665,577,227,0.00,0.5563,0.3875
10267517.0,4807.342890,14034.184408,18841.527298,578,227,0.00,0.5313,0.3875
10267882.0,4807.613749,14035.251317,18842.865066,579,228,0.00,0.5359,0.3750
10267984.0,4807.690267,14035.548817,18843.239084,580,228,0.00,0.5406,0.3875
10268036.0,4807.729465,14035.704383,18843.433849,581,228,0.00,0.5453,0.4000
10268198.0,4807.851821,14036.193908,18844.045730,582,229,0.00,0.5375,0.3875
10269999.0,4809.179610,14041.516275,18850.695885,583,229,0.00,0.4938,0.3750
10270109.0,4809.258369,14041.834783,18851.093152,584,229,0.00,0.4938,0.3750
10270559.0,4809.577317,14043.087658,18852.664975,585,229,0.00,0.4859,0.3625
10272218.0,4810.752019,14047.692558,18858.444577,586,229,0.00,0.4875,0.3625
10272751.0,4811.129385,14049.170192,18860.299577,587,229,0.00,0.4875,0.3625
10273015.0,4811.316931,14049.911842,18861.228773,588,229,0.00,0.4875,0.3625
10273175.0,4811.430420,14050.358633,18861.789054,589,229,0.00,0.4875,0.3625
10274502.0,4812.355361,14053.895150,18866.250511,590,230,0.00,0.4547,0.3125
10275038.0,4812.723582,14055.257483,18867.981065,591,230,0.00,0.4594,0.3250
10275406.0,4812.977732,14056.220417,18869.198149,592,230,0.00,0.4641,0.3375
10276050.0,4813.416902,14057.893850,18871.310752,593,231,0.00,0.4516,0.3250
10276746.0,4813.886960,14059.666450,18873.553410,594,231,0.00,0.4344,0.3125
10277009.0,4814.062332,14060.311283,18874.373616,595,231,0.00,0.4313,0.3000
10277188.0,4814.182039,14060.752817,18874.934855,596,231,0.00,0.4359,0.3125
10277517.0,4814.401779,14061.566225,18875.968004,597,232,0.00,0.4484,0.3000
10277525.0,4814.407236,14061.585958,18875.993194,598,233,0.00,0.4672,0.3000
10277534.0,4814.413506,14061.608158,18876.021665,599,234,0.00,0.4859,0.3000
10277694.0,4814.526670,14062.002825,18876.529495,600,235,0.00,0.4859,0.3000
10277875.0,4814.655413,14062.449292,18877.104704,601,236,0.00,0.5047,0.3000
10277915.0,4814.684447,14062.547958,18877.232406,602,236,0.00,0.5094,0.3125
10278278.0,4814.938455,14063.470583,18878.409038,603,237,0.00,0.4656,0.3250
10279220.0,4815.586398,14065.879908,18881.466307,604,237,0.00,0.4578,0.3250
10279624.0,4815.864304,14066.924367,18882.788670,605,238,0.00,0.4594,0.3250
10280071.0,4816.173013,14068.094017,18884.267030,606,238,0.00,0.4641,0.3375
10280529.0,4816.489396,14069.294025,18885.783421,607,239,0.00,0.4906,0.3250
10280778.0,4816.666568,14069.945575,18886.612143,608,239,0.00,0.4766,0.3375
10280815.0,4816.692616,14070.045167,18886.737782,609,240,0.00,0.5047,0.3500
10281084.0,4816.887586,14070.783475,18887.671061,610,240,0.00,0.5047,0.3500
10281304.0,4817.047135,14071.389217,18888.436352,611,241,0.00,0.5172,0.3500
10281564.0,4817.238388,14072.108550,18889.346938,612,242,0.00,0.5344,0.3625
10281591.0,4817.258610,14072.185275,18889.443885,613,242,0.00,0.5391,0.3750
10281731.0,4817.362794,14072.589558,18889.952352,614,242,0.00,0.5156,0.3750
10281756.0,4817.381153,14072.662475,18890.043628,615,243,0.00,0.5281,0.3875
10281935.0,4817.512480,14073.172858,18890.685338,616,244,0.00,0.5047,0.3500
10282240.0,4817.733869,14074.016692,18891.750561,617,244,0.00,0.5172,0.3625
10282253.0,4817.743432,14074.053633,18891.797065,618,244,0.00,0.5219,0.3750
10282268.0,4817.754387,14074.096633,18891.851020,619,244,0.00,0.5094,0.3750
10282330.0,4817.799568,14074.277092,18892.076660,620,244,0.00,0.5016,0.3750
10282361.0,4817.821991,14074.367433,18892.189424,621,245,0.00,0.5141,0.3750
10282412.0,4817.859349,14074.515508,18892.374858,622,245,0.00,0.5156,0.3750
10282878.0,4818.201229,14075.867700,18894.068929,623,246,0.00,0.5281,0.3750
10282886.0,4818.207182,14075.891033,18894.098215,624,246,0.00,0.5328,0.3875
10283250.0,4818.476175,14076.940550,18895.416725,625,247,0.00,0.5188,0.3625
10283282.0,4818.499753,14077.031483,18895.531236,626,248,0.00,0.5328,0.3750
10283554.0,4818.702110,14077.819042,18896.521151,627,249,0.00,0.5297,0.3750
10283834.0,4818.904020,14078.597683,18897.501703,628,250,0.00,0.5125,0.3625
10284010.0,4819.032842,14079.097817,18898.130659,629,250,0.00,0.5172,0.3750
10284572.0,4819.446025,14080.733608,18900.179633,630,251,0.00,0.5281,0.3750
10284612.0,4819.475789,14080.850275,18900.326064,631,252,0.00,0.5453,0.3875
10284914.0,4819.700942,14081.717683,18901.418626,632,252,0.00,0.5281,0.3750
10285049.0,4819.801395,14082.111433,18901.912829,633,252,0.00,0.5328,0.3875
10285062.0,4819.811116,14082.150325,18901.961441,634,253,0.00,0.5578,0.4000
10285584.0,4820.210228,14083.723150,18903.933378,635,253,0.00,0.5781,0.4000
10285684.0,4820.288527,14084.029817,18904.318343,636,253,0.00,0.5828,0.4125
10285696.0,4820.297966,14084.067517,18904.365483,637,253,0.00,0.5875,0.4250
10286148.0,4820.652780,14085.472250,18906.125030,638,253,0.00,0.5953,0.4125
10286237.0,4820.722905,14085.746608,18906.469513,639,253,0.00,0.5891,0.4000
10286458.0,4820.897814,14086.424267,18907.322080,640,253,0.00,0.5797,0.4000
10286759.0,4821.132987,14087.331133,18908.464120,641,254,0.00,0.5938,0.3750
10286819.0,4821.180695,14087.506133,18908.686829,642,254,0.00,0.5984,0.3875
10287519.0,4821.726997,14089.487800,18911.214797,643,255,0.00,0.5688,0.3375
10287566.0,4821.763454,14089.614308,18911.377763,644,256,0.00,0.5922,0.3500
10287684.0,4821.856055,14089.934700,18911.790755,645,257,0.00,0.6000,0.3375
10287821.0,4821.962737,14090.294833,18912.257570,646,258,0.00,0.5828,0.3375
10287906.0,4822.029600,14090.523625,18912.553225,647,259,0.00,0.6109,0.3500
10287971.0,4822.082153,14090.703458,18912.785612,648,259,0.00,0.6234,0.3625
10288025.0,4822.126338,14090.856908,18912.983246,649,260,0.00,0.6297,0.3750
10288056.0,4822.151853,14090.947325,18913.099178,650,260,0.00,0.6344,0.3875
10288251.0,4822.312145,14091.525525,18913.837670,651,261,0.00,0.6453,0.3875
10288632.0,4822.621710,14092.642325,18915.264035,652,261,0.00,0.6125,0.3875
10288768.0,4822.729473,14093.037417,18915.766890,653,262,0.00,0.5984,0.3625
10289332.0,4823.166108,14094.561967,18917.728075,654,262,0.00,0.5703,0.3500
10290217.0,4823.848632,14096.919717,18920.768349,655,263,0.00,0.5781,0.3375
10290217.0,4823.848632,14096.919717,18920.768349,656,264,0.00,0.5969,0.3500
10290268.0,4823.889308,14097.060817,18920.950125,657,265,0.00,0.6141,0.3625
10290883.0,4824.384010,14098.808442,18923.192451,658,266,0.00,0.6203,0.3625
10290997.0,4824.476890,14099.131717,18923.608607,659,267,0.00,0.6219,0.3625
10291056.0,4824.525094,14099.299375,18923.824469,660,268,0.00,0.6469,0.3625
10291241.0,4824.676553,14099.825083,18924.501636,661,268,0.00,0.6391,0.3750
10291568.0,4824.944619,14100.745533,18925.690153,662,268,0.00,0.6266,0.3625
10291594.0,4824.965957,14100.819417,18925.785373,663,268,0.00,0.6313,0.3750
10291860.0,4825.184741,14101.585350,18926.770091,664,269,0.00,0.6438,0.3750
10292589.0,4825.766254,14103.688800,18929.455054,665,270,0.00,0.5547,0.3625
10292824.0,4825.945972,14104.356592,18930.302563,666,271,0.00,0.5609,0.3750
10292995.0,4826.077576,14104.855342,18930.932918,667,271,0.00,0.5656,0.3875
10293013.0,4826.091495,14104.909192,18931.000687,668,272,0.00,0.5828,0.4000
10293874.0,4826.766324,14107.498967,18934.265291,669,273,0.00,0.5969,0.4000
10293926.0,4826.807798,14107.658433,18934.466231,670,273,0.00,0.6031,0.4125
10294021.0,4826.883154,14107.949167,18934.832320,671,274,0.00,0.5859,0.4000
10294984.0,4827.634213,14110.857067,18938.491279,672,275,0.00,0.5844,0.4000
10295521.0,4828.057287,14112.503867,18940.561153,673,275,0.00,0.5891,0.4125
10295551.0,4828.081031,14112.598117,18940.679148,674,275,0.00,0.5938,0.4250
10296005.0,4828.439782,14114.012358,18942.452141,675,276,0.00,0.6078,0.4125
10296154.0,4828.559888,14114.480467,18943.040354,676,276,0.00,0.6125,0.4250
10296182.0,4828.582560,14114.570533,18943.153093,677,277,0.00,0.6297,0.4375
10296641.0,4828.958991,14116.053283,18945.012274,678,277,0.00,0.6297,0.4375
10296892.0,4829.161872,14116.859392,18946.021263,679,278,0.00,0.6188,0.4000
10296892.0,4829.161872,14116.859392,18946.021263,680,279,0.00,0.6422,0.4000
10296894.0,4829.163537,14116.865525,18946.029062,681,280,0.00,0.6656,0.4000
10297478.0,4829.639418,14118.656458,18948.295876,682,280,0.00,0.6125,0.4125
10297481.0,4829.641847,14118.665883,18948.307731,683,280,0.00,0.6172,0.4250
10297562.0,4829.707730,14118.926433,18948.634163,684,281,0.00,0.6344,0.4375
10297584.0,4829.725918,14118.998850,18948.724768,685,282,0.00,0.6516,0.4500
10297724.0,4829.843369,14119.466808,18949.310177,686,282,0.00,0.6516,0.4500
10297734.0,4829.851770,14119.500475,18949.352245,687,283,0.00,0.6688,0.4625
10297773.0,4829.885055,14119.634700,18949.519755,688,283,0.00,0.6734,0.4750
10297877.0,4829.973567,14119.996908,18949.970476,689,283,0.00,0.6609,0.4750
10298377.0,4830.383667,14121.598492,18951.982159,690,283,0.00,0.5609,0.3750
10298794.0,4830.699197,14122.784442,18953.483639,691,284,0.00,0.5625,0.3750
10298876.0,4830.762406,14123.023608,18953.786014,692,285,0.00,0.5688,0.3875
10299155.0,4830.978824,14123.858283,18954.837108,693,286,0.00,0.5781,0.4000
10299397.0,4831.167699,14124.591042,18955.758741,694,286,0.00,0.5766,0.4000
10299470.0,4831.224692,14124.813333,18956.038026,695,286,0.00,0.5891,0.4000
10299478.0,4831.231024,14124.837867,18956.068891,696,287,0.00,0.6063,0.4125
10299568.0,4831.303462,14125.120617,18956.424078,697,288,0.00,0.6234,0.4250
10299841.0,4831.522838,14125.971242,18957.494079,698,288,0.00,0.6031,0.4125
10300035.0,4831.678509,14126.580725,18958.259234,699,288,0.00,0.6078,0.4250
10300246.0,4831.847946,14127.246167,18959.094113,700,289,0.00,0.6000,0.4125
10300654.0,4832.170817,14128.508167,18960.678983,701,289,0.00,0.5875,0.4125
10301249.0,4832.638480,14130.330658,18962.969138,702,289,0.00,0.5813,0.4000
10303030.0,4834.029487,14135.592517,18969.622003,703,289,0.00,0.5734,0.3750
10303910.0,4834.702169,14138.045933,18972.748102,704,289,0.00,0.5797,0.3625
10303910.0,4834.702169,14138.045933,18972.748102,705,290,0.00,0.5969,0.3750
10304054.0,4834.817019,14138.465933,18973.282952,706,290,0.00,0.6016,0.3875
10304304.0,4835.017133,14139.209950,18974.227083,707,290,0.00,0.6016,0.3875
10304349.0,4835.053188,14139.344575,18974.397763,708,290,0.00,0.6063,0.4000
10305348.0,4835.819293,14142.147850,18977.967143,709,290,0.00,0.5563,0.3625
10305589.0,4836.003834,14142.831492,18978.835326,710,290,0.00,0.5641,0.3625
10306030.0,4836.344308,14144.084667,18980.428974,711,290,0.00,0.5766,0.3750
10306555.0,4836.754738,14145.615917,18982.370654,712,290,0.00,0.5813,0.3875
10306710.0,4836.876404,14146.078125,18982.954529,713,291,0.00,0.5938,0.3875
10306993.0,4837.101428,14146.924767,18984.026195,714,292,0.00,0.6109,0.4000
10307276.0,4837.330236,14147.792633,18985.122869,715,293,0.00,0.6281,0.4125
10307415.0,4837.444477,14148.229325,18985.673802,716,294,0.00,0.6469,0.4125
10307447.0,4837.471243,14148.329858,18985.801102,717,295,0.00,0.6656,0.4125
10307455.0,4837.478052,14148.354992,18985.833043,718,296,0.00,0.6844,0.4125
10307522.0,4837.536048,14148.565483,18986.101532,719,297,0.00,0.7031,0.4125
10307762.0,4837.745208,14149.303358,18987.048566,720,297,0.00,0.6953,0.4125
10307826.0,4837.801153,14149.504425,18987.305578,721,298,0.00,0.7141,0.4125
10308033.0,4837.981945,14150.130450,18988.112395,722,299,0.00,0.6906,0.4000
10311803.0,4840.930002,14160.953408,19001.883411,723,299,0.00,0.5766,0.3750
10312991.0,4841.850725,14164.356533,19006.207259,724,299,0.00,0.5688,0.3750
10314009.0,4842.637403,14167.264425,19009.901828,725,299,0.00,0.5688,0.3750
10314591.0,4843.087531,14168.934625,19012.022156,726,299,0.00,0.5688,0.3750
10314949.0,4843.364741,14169.968742,19013.333482,727,299,0.00,0.5688,0.3750
10315182.0,4843.545430,14170.647350,19014.192780,728,300,0.00,0.5891,0.3750
10315828.0,4844.056735,14172.531517,19016.588251,729,300,0.00,0.5938,0.3875
10315953.0,4844.156127,14172.905475,19017.061602,730,301,0.00,0.6125,0.4000
10316091.0,4844.267628,14173.323725,19017.591353,731,301,0.00,0.6172,0.4000
10317757.0,4845.622699,14178.432792,19024.055491,732,302,0.00,0.6422,0.4125
10319606.0,4847.138381,14184.148433,19031.286814,733,302,0.00,0.6234,0.4125
10321771.0,4848.903061,14190.923967,19039.827027,734,302,0.00,0.6047,0.4125
10321913.0,4849.017178,14191.370083,19040.387262,735,302,0.00,0.6172,0.4250
10322676.0,4849.635056,14193.782400,19043.417456,736,302,0.00,0.6156,0.4250
10323648.0,4850.422000,14196.858225,19047.280225,737,303,0.00,0.6359,0.4250
10325258.0,4851.737560,14201.969783,19053.707344,738,304,0.00,0.6359,0.4250
10325800.0,4852.186310,14203.713217,19055.899527,739,305,0.00,0.6484,0.4375
10326430.0,4852.714044,14205.786967,19058.501011,740,305,0.00,0.6547,0.4500
10326485.0,4852.760384,14205.972133,19058.732517,741,305,0.00,0.6609,0.4625
10327751.0,4853.810641,14210.204183,19064.014824,742,305,0.00,0.6297,0.4375
10328513.0,4854.434059,14212.693008,19067.127067,743,305,0.00,0.6172,0.4375
10328589.0,4854.495875,14212.943175,19067.439050,744,305,0.00,0.6219,0.4500
10329249.0,4855.029260,14215.072850,19070.102110,745,305,0.00,0.5969,0.4125
10329323.0,4855.088280,14215.305333,19070.393613,746,305,0.00,0.6016,0.4250
10330595.0,4856.100141,14219.247083,19075.347224,747,306,0.00,0.6109,0.4125
10332019.0,4857.251455,14223.720817,19080.972272,748,306,0.00,0.6156,0.4250
10336967.0,4861.220175,14238.999008,19100.219184,749,306,0.00,0.5984,0.4000
10337134.0,4861.353572,14239.511142,19100.864714,750,307,0.00,0.6078,0.4125
10337702.0,4861.811424,14241.295608,19103.107032,751,307,0.00,0.6203,0.4125
10337703.0,4861.812239,14241.298750,19103.110989,752,307,0.00,0.6234,0.4000
10337704.0,4861.813058,14241.301817,19103.114874,753,307,0.00,0.6359,0.4000
10337720.0,4861.826305,14241.350883,19103.177188,754,307,0.00,0.6484,0.4000
10337723.0,4861.828818,14241.360083,19103.188901,755,307,0.00,0.6609,0.4000
10337728.0,4861.833055,14241.375417,19103.208472,756,307,0.00,0.6734,0.4000
10338528.0,4862.518749,14243.828750,19106.347499,757,307,0.00,0.6781,0.4125
10338801.0,4862.753453,14244.680575,19107.434028,758,308,0.00,0.6984,0.4125
10340196.0,4863.971241,14249.015350,19112.986591,759,309,0.00,0.6813,0.4000
10340427.0,4864.170639,14249.723750,19113.894389,760,309,0.00,0.6859,0.4125
10341278.0,4864.905105,14252.340758,19117.245863,761,310,0.00,0.6734,0.4000
10342138.0,4865.642226,14254.978092,19120.620318,762,311,0.00,0.6906,0.4125
10342211.0,4865.705772,14255.207433,19120.913205,763,311,0.00,0.6953,0.4250
10343681.0,4866.962860,14259.688883,19126.651743,764,311,0.00,0.6391,0.3750
10343714.0,4866.990263,14259.785133,19126.775396,765,312,0.00,0.6563,0.3875
10343715.0,4866.991106,14259.788125,19126.779231,766,313,0.00,0.6734,0.4000
10344030.0,4867.261099,14260.754125,19128.015224,767,313,0.00,0.6781,0.4125
10344375.0,4867.557501,14261.826450,19129.383951,768,314,0.00,0.6922,0.4000
10344402.0,4867.581037,14261.909250,19129.490287,769,315,0.00,0.7109,0.4000
10344404.0,4867.582809,14261.915383,19129.498193,770,316,0.00,0.7281,0.4125
10344444.0,4867.618795,14262.041050,19129.659845,771,317,0.00,0.7453,0.4250
10344553.0,4867.718315,14262.391667,19130.109981,772,318,0.00,0.7641,0.4250
10344582.0,4867.745215,14262.484950,19130.230165,773,319,0.00,0.7828,0.4250
10344620.0,4867.781018,14262.607183,19130.388202,774,319,0.00,0.7891,0.4375
10344645.0,4867.804694,14262.689475,19130.494169,775,319,0.00,0.7953,0.4500
10345184.0,4868.294387,14264.495858,19132.790245,776,319,0.00,0.7188,0.4500
10345822.0,4868.861969,14266.607942,19135.469911,777,319,0.00,0.7141,0.4375
10345859.0,4868.894852,14266.729733,19135.624585,778,319,0.00,0.7188,0.4500
10345885.0,4868.918053,14266.817267,19135.735320,779,319,0.00,0.7313,0.4500
10345975.0,4868.999241,14267.120267,19136.119507,780,320,0.00,0.7484,0.4625
10347405.0,4870.269514,14271.623350,19141.892864,781,321,0.00,0.7375,0.4250
10347728.0,4870.561268,14272.655658,19143.216926,782,321,0.00,0.7250,0.4250
10347817.0,4870.641120,14272.941942,19143.583062,783,321,0.00,0.7313,0.4375
10347973.0,4870.781736,14273.453192,19144.234928,784,322,0.00,0.7453,0.4250
10347977.0,4870.785388,14273.466058,19144.251446,785,323,0.00,0.7641,0.4250
10348022.0,4870.827130,14273.610808,19144.437939,786,324,0.00,0.7828,0.4250
10348057.0,4870.860107,14273.723392,19144.583498,787,325,0.00,0.8109,0.4375
10348094.0,4870.895777,14273.845183,19144.740960,788,325,0.00,0.8156,0.4500
10348096.0,4870.897713,14273.851917,19144.749629,789,326,0.00,0.8344,0.4500
10348132.0,4870.933075,14273.973117,19144.906192,790,327,0.00,0.8531,0.4500
10348477.0,4871.259601,14275.079117,19146.338718,791,328,0.00,0.7656,0.4250
10348594.0,4871.366814,14275.447442,19146.814255,792,329,0.00,0.7672,0.4250
10349004.0,4871.743139,14276.760050,19148.503189,793,330,0.00,0.7594,0.4250
10349014.0,4871.752204,14276.791542,19148.543745,794,331,0.00,0.7531,0.4125
10349068.0,4871.801835,14276.961192,19148.763027,795,332,0.00,0.7719,0.4125
10349201.0,4871.926015,14277.379033,19149.305048,796,333,0.00,0.7969,0.4250
10349365.0,4872.082327,14277.906567,19149.988894,797,334,0.00,0.8141,0.4375
10349476.0,4872.187836,14278.268792,19150.456628,798,334,0.00,0.7906,0.4375
10349496.0,4872.206801,14278.334625,19150.541426,799,334,0.00,0.7969,0.4500
10349561.0,4872.268754,14278.553458,19150.822213,800,335,0.00,0.8219,0.4625
10349678.0,4872.381276,14278.951783,19151.333060,801,335,0.00,0.8000,0.4625
10350125.0,4872.803354,14280.432533,19153.235887,802,336,0.00,0.7938,0.4250
10350130.0,4872.808107,14280.448617,19153.256724,803,337,0.00,0.8125,0.4250
10350591.0,4873.247214,14281.924825,19155.172039,804,338,0.00,0.8063,0.4125
10350733.0,4873.382446,14282.367867,19155.750312,805,339,0.00,0.7813,0.4000
10352281.0,4874.764569,14286.999342,19161.763911,806,339,0.00,0.7125,0.4000
10352735.0,4875.161189,14288.357333,19163.518523,807,339,0.00,0.6734,0.3875
10352776.0,4875.196331,14288.479992,19163.676323,808,340,0.00,0.6984,0.3875
10352901.0,4875.305475,14288.845175,19164.150650,809,341,0.00,0.7125,0.3750
10352949.0,4875.348075,14288.985175,19164.333250,810,342,0.00,0.7313,0.3750
10353010.0,4875.403102,14289.163092,19164.566194,811,343,0.00,0.7500,0.3750
10353158.0,4875.537835,14289.589958,19165.127794,812,344,0.00,0.7547,0.3750
10353265.0,4875.636309,14289.902042,19165.538351,813,344,0.00,0.7594,0.3875
10353271.0,4875.641853,14289.919992,19165.561844,814,344,0.00,0.7641,0.4000
10353550.0,4875.900217,14290.766592,19166.666808,815,344,0.00,0.7656,0.4000
10354340.0,4876.594993,14293.152958,19169.747951,816,344,0.00,0.6609,0.4000
10354524.0,4876.750914,14293.717225,19170.468139,817,344,0.00,0.6656,0.4125
10354755.0,4876.947110,14294.435600,19171.382710,818,345,0.00,0.6781,0.4000
10354939.0,4877.105490,14294.999867,19172.105357,819,345,0.00,0.6953,0.4125
10354953.0,4877.117728,14295.043850,19172.161578,820,346,0.00,0.7047,0.4250
10355046.0,4877.198661,14295.338725,19172.537386,821,346,0.00,0.6859,0.4250
10355210.0,4877.340703,14295.863783,19173.204486,822,346,0.00,0.6859,0.4250
10356350.0,4878.312994,14299.366833,19177.679827,823,346,0.00,0.6531,0.4000
10356972.0,4878.834570,14301.238825,19180.073395,824,346,0.00,0.6531,0.4000
10358451.0,4880.048793,14305.524600,19185.573393,825,346,0.00,0.6250,0.3750
10358521.0,4880.106086,14305.727717,19185.833802,826,347,0.00,0.6438,0.3625
10358810.0,4880.347120,14306.548958,19186.896078,827,347,0.00,0.6484,0.3750
10359007.0,4880.512141,14307.123542,19187.635683,828,348,0.00,0.6656,0.3875
10359031.0,4880.532490,14307.193767,19187.726256,829,348,0.00,0.6672,0.3875
10359296.0,4880.757234,14307.969533,19188.726768,830,348,0.00,0.6781,0.3875
10359591.0,4881.007710,14308.830100,19189.837810,831,348,0.00,0.6609,0.3750
10360992.0,4882.177778,14312.769500,19194.947278,832,349,0.00,0.6375,0.3625
10361018.0,4882.199336,14312.843383,19195.042720,833,350,0.00,0.6609,0.3625
10361057.0,4882.232385,14312.954208,19195.186593,834,351,0.00,0.6781,0.3750
10361087.0,4882.258208,14313.041708,19195.299916,835,351,0.00,0.6828,0.3875
10361148.0,4882.310937,14313.224200,19195.535137,836,351,0.00,0.6953,0.4000
10362004.0,4883.048758,14315.733467,19198.782225,837,352,0.00,0.7016,0.3750
10362009.0,4883.053153,14315.748050,19198.801203,838,353,0.00,0.7203,0.3750
10362192.0,4883.215092,14316.281800,19199.496892,839,354,0.00,0.7141,0.3875
10362242.0,4883.259527,14316.431383,19199.690911,840,354,0.00,0.7188,0.4000
10362464.0,4883.453803,14317.112183,19200.565987,841,355,0.00,0.6953,0.4125
10362608.0,4883.579157,14317.553858,19201.133015,842,356,0.00,0.7094,0.4000
10362627.0,4883.595973,14317.612125,19201.208098,843,356,0.00,0.7156,0.4125
10363056.0,4883.977754,14318.959900,19202.937654,844,356,0.00,0.7219,0.4250
10364477.0,4885.234571,14323.448958,19208.683529,845,357,0.00,0.6828,0.3750
10364499.0,4885.253384,14323.513125,19208.766509,846,357,0.00,0.6813,0.3875
10365106.0,4885.761719,14325.329067,19211.090786,847,357,0.00,0.5984,0.4000
10365188.0,4885.827219,14325.580533,19211.407753,848,357,0.00,0.6031,0.4125
10365764.0,4886.286390,14327.327808,19213.614198,849,358,0.00,0.6188,0.3875
10365812.0,4886.325490,14327.471408,19213.796898,850,359,0.00,0.6438,0.3875
10365815.0,4886.327992,14327.480383,19213.808375,851,360,0.00,0.6688,0.3875
10366402.0,4886.828980,14329.236492,19216.065472,852,360,0.00,0.6734,0.4000
10366634.0,4887.026961,14329.933858,19216.960820,853,361,0.00,0.6813,0.3750
10366655.0,4887.045088,14329.995108,19217.040197,854,362,0.00,0.6938,0.3875
10366655.0,4887.045088,14329.995108,19217.040197,855,363,0.00,0.7063,0.4000
10366673.0,4887.060976,14330.050308,19217.111284,856,364,0.00,0.7250,0.4000
10366675.0,4887.062770,14330.056442,19217.119212,857,365,0.00,0.7438,0.4000
10366864.0,4887.231465,14330.636042,19217.867507,858,366,0.00,0.7125,0.4000
10366923.0,4887.282934,14330.816975,19218.099909,859,366,0.00,0.6922,0.4125
10367089.0,4887.427636,14331.338492,19218.766128,860,367,0.00,0.7094,0.4125
10367276.0,4887.592634,14331.915483,19219.508117,861,368,0.00,0.7234,0.4000
10367461.0,4887.758395,14332.482817,19220.241211,862,369,0.00,0.7422,0.4000
10367581.0,4887.867199,14332.850817,19220.718016,863,370,0.00,0.7484,0.4000
10368044.0,4888.291053,14334.270683,19222.561736,864,371,0.00,0.7656,0.4125
10368051.0,4888.297555,14334.292675,19222.590230,865,372,0.00,0.7828,0.4250
10368169.0,4888.406850,14334.672242,19223.079092,866,373,0.00,0.7656,0.4250
10368553.0,4888.758948,14335.907442,19224.666389,867,374,0.00,0.7656,0.4250
10368935.0,4889.106057,14337.122708,19226.228765,868,375,0.00,0.7563,0.4250
10369049.0,4889.211111,14337.489408,19226.700519,869,375,0.00,0.7609,0.4375
10369221.0,4889.370241,14338.055575,19227.425816,870,376,0.00,0.7844,0.4375
10369226.0,4889.374958,14338.072033,19227.446991,871,377,0.00,0.8078,0.4375
10369226.0,4889.374958,14338.072033,19227.446991,872,378,0.00,0.8313,0.4375
10369368.0,4889.511797,14338.530225,19228.042022,873,378,0.00,0.8250,0.4375
10369381.0,4889.524472,14338.573017,19228.097489,874,378,0.00,0.8297,0.4500
10369594.0,4889.732563,14339.289292,19229.021855,875,378,0.00,0.8109,0.4500
10369742.0,4889.874460,14339.786433,19229.660894,876,379,0.00,0.7844,0.4375
10369814.0,4889.942066,14340.018033,19229.960099,877,379,0.00,0.7781,0.4250
10369891.0,4890.014334,14340.265717,19230.280050,878,379,0.00,0.7797,0.4375
10369903.0,4890.025611,14340.305217,19230.330827,879,380,0.00,0.8047,0.4500
10370121.0,4890.226867,14341.027675,19231.254542,880,381,0.00,0.7594,0.4375
10370192.0,4890.292468,14341.261383,19231.553851,881,382,0.00,0.7688,0.4500
10370195.0,4890.295262,14341.271483,19231.566745,882,382,0.00,0.7734,0.4625
10370418.0,4890.501148,14342.038975,19232.540123,883,382,0.00,0.7594,0.4750
10370444.0,4890.525163,14342.130258,19232.655422,884,382,0.00,0.7609,0.4750
10370779.0,4890.835071,14343.307817,19234.142888,885,382,0.00,0.7609,0.4750
10370813.0,4890.866523,14343.427308,19234.293832,886,382,0.00,0.7609,0.4750
10370815.0,4890.868374,14343.434342,19234.302715,887,382,0.00,0.7656,0.4875
10371165.0,4891.182626,14344.589275,19235.771901,888,383,0.00,0.7406,0.4375
10371552.0,4891.534554,14345.863150,19237.397704,889,383,0.00,0.7453,0.4500
10372302.0,4892.190566,14348.281725,19240.472291,890,383,0.00,0.6594,0.4250
10373128.0,4892.861707,14350.816892,19243.678599,891,384,0.00,0.6109,0.4125
10373910.0,4893.493960,14353.273675,19246.767635,892,384,0.00,0.6156,0.4250
10374150.0,4893.688738,14354.042825,19247.731563,893,384,0.00,0.6156,0.4250
10374297.0,4893.808124,14354.515675,19248.323799,894,385,0.00,0.6328,0.4375
10374731.0,4894.163965,14355.894158,19250.058123,895,385,0.00,0.6281,0.4250
10374738.0,4894.169718,14355.916675,19250.086393,896,385,0.00,0.6453,0.4375
10375197.0,4894.552832,14357.422150,19251.974982,897,386,0.00,0.6781,0.4375
10375570.0,4894.864209,14358.618367,19253.482576,898,386,0.00,0.6281,0.4250
10375735.0,4894.999778,14359.148292,19254.148070,899,387,0.00,0.6406,0.4250
10376533.0,4895.657471,14361.681967,19257.339437,900,387,0.00,0.6109,0.4125
10376672.0,4895.769773,14362.117008,19257.886781,901,387,0.00,0.6109,0.4125
10377381.0,4896.342329,14364.334025,19260.676354,902,387,0.00,0.6094,0.4125
10378015.0,4896.847053,14366.286017,19263.133070,903,388,0.00,0.6297,0.4125
10378118.0,4896.931831,14366.609608,19263.541440,904,388,0.00,0.6344,0.4250
10378476.0,4897.227245,14367.749700,19264.976945,905,388,0.00,0.6359,0.4250
10379019.0,4897.675273,14369.464475,19267.139748,906,389,0.00,0.6563,0.4125
10379145.0,4897.781360,14369.855675,19267.637035,907,389,0.00,0.6563,0.4125
10380337.0,4898.771207,14373.435617,19272.206823,908,389,0.00,0.6469,0.3875
10380823.0,4899.177725,14374.889567,19274.067292,909,390,0.00,0.6641,0.4000
10381421.0,4899.685922,14376.723433,19276.409355,910,391,0.00,0.6891,0.4125
10381988.0,4900.178798,14378.504758,19278.683556,911,392,0.00,0.7141,0.4250
10382067.0,4900.249007,14378.758875,19279.007882,912,392,0.00,0.7188,0.4375
10383004.0,4901.082221,14381.782942,19282.865163,913,393,0.00,0.7391,0.4250
10383430.0,4901.469097,14383.153242,19284.622339,914,393,0.00,0.7516,0.4375
10383479.0,4901.514074,14383.314533,19284.828607,915,393,0.00,0.7563,0.4500
10384096.0,4902.076794,14385.346542,19287.423335,916,393,0.00,0.7500,0.4500
10384599.0,4902.530819,14387.003675,19289.534494,917,393,0.00,0.7375,0.4500
10384661.0,4902.587049,14387.212408,19289.799458,918,394,0.00,0.7500,0.4625
10384668.0,4902.593466,14387.236500,19289.829966,919,395,0.00,0.7625,0.4750
10387214.0,4904.883846,14395.656983,19300.540829,920,396,0.00,0.7172,0.4250
10387343.0,4904.997734,14396.065933,19301.063668,921,396,0.00,0.7047,0.4250
10387422.0,4905.067367,14396.320050,19301.387417,922,397,0.00,0.7219,0.4375
10387797.0,4905.401969,14397.535000,19302.936969,923,397,0.00,0.7234,0.4375
10388808.0,4906.307832,14400.862875,19307.170707,924,397,0.00,0.7281,0.4500
10389446.0,4906.877838,14402.941208,19309.819046,925,397,0.00,0.7297,0.4375
10390019.0,4907.389019,14404.788633,19312.177652,926,397,0.00,0.7297,0.4375
10390460.0,4907.782646,14406.212058,19313.994704,927,397,0.00,0.7234,0.4375
10390495.0,4907.814006,14406.327267,19314.141273,928,397,0.00,0.7297,0.4500
10390956.0,4908.225131,14407.814875,19316.040006,929,398,0.00,0.7297,0.4375
10391797.0,4908.979805,14410.560367,19319.540172,930,398,0.00,0.7234,0.4375
10392044.0,4909.200049,14411.356908,19320.556958,931,399,0.00,0.7297,0.4375
10392058.0,4909.212662,14411.402992,19320.615653,932,400,0.00,0.7438,0.4500
10392193.0,4909.334913,14411.851717,19321.186630,933,400,0.00,0.7344,0.4500
10392464.0,4909.579570,14412.754483,19322.334053,934,401,0.00,0.7672,0.4500
10392524.0,4909.635372,14412.956483,19322.591855,935,401,0.00,0.7734,0.4625
10392696.0,4909.790598,14413.525050,19323.315648,936,402,0.00,0.7484,0.4375
10392972.0,4910.040683,14414.419075,19324.459758,937,403,0.00,0.7453,0.4375
10393119.0,4910.173836,14414.895675,19325.069511,938,404,0.00,0.7500,0.4250
10393303.0,4910.342430,14415.487542,19325.829971,939,405,0.00,0.7563,0.4375
10393371.0,4910.405094,14415.711375,19326.116469,940,406,0.00,0.7813,0.4375
10393490.0,4910.514877,14416.095133,19326.610010,941,406,0.00,0.7438,0.4375
10393737.0,4910.739019,14416.891600,19327.630619,942,406,0.00,0.7438,0.4375
10394338.0,4911.284238,14418.827067,19330.111305,943,407,0.00,0.7547,0.4375
10395111.0,4911.989427,14421.355550,19333.344977,944,408,0.00,0.7547,0.4375
10395459.0,4912.309696,14422.501050,19334.810746,945,409,0.00,0.7797,0.4500
10395753.0,4912.585984,14423.490850,19336.076834,946,409,0.00,0.7859,0.4625
10395756.0,4912.588818,14423.501175,19336.089993,947,409,0.00,0.7906,0.4750
10395807.0,4912.636985,14423.679025,19336.316010,948,409,0.00,0.7828,0.4750
10396804.0,4913.557095,14426.985117,19340.542212,949,409,0.00,0.7609,0.4500
10397715.0,4914.391881,14429.963800,19344.355681,950,409,0.00,0.7297,0.4375
10398156.0,4914.789163,14431.415425,19346.204588,951,410,0.00,0.7547,0.4375
10398158.0,4914.791004,14431.422008,19346.213012,952,411,0.00,0.7797,0.4375
10398305.0,4914.929148,14431.905883,19346.835032,953,411,0.00,0.7844,0.4500
10398509.0,4915.121566,14432.591933,19347.713499,954,412,0.00,0.7938,0.4500
10398781.0,4915.380155,14433.507667,19348.887822,955,413,0.00,0.8078,0.4625
10399394.0,4915.960963,14435.561008,19351.521971,956,413,0.00,0.7813,0.4500
10399531.0,4916.089876,14436.022242,19352.112118,957,413,0.00,0.7859,0.4625
10401633.0,4918.028776,14442.961800,19360.990576,958,414,0.00,0.7703,0.4500
10402311.0,4918.659850,14445.238550,19363.898400,959,414,0.00,0.7641,0.4500
10402526.0,4918.857554,14445.949033,19364.806588,960,414,0.00,0.7563,0.4500
10402709.0,4919.026194,14446.565133,19365.591327,961,414,0.00,0.7609,0.4625
10402870.0,4919.174358,14447.107242,19366.281600,962,414,0.00,0.7359,0.4500
10403370.0,4919.622024,14448.729825,19368.351849,963,415,0.00,0.7266,0.4250
10403581.0,4919.811594,14449.408542,19369.220136,964,415,0.00,0.7313,0.4375
10403901.0,4920.100148,14450.459550,19370.559698,965,415,0.00,0.7313,0.4375
10404065.0,4920.248089,14450.999383,19371.247473,966,415,0.00,0.7375,0.4500
10405496.0,4921.524308,14455.546558,19377.070867,967,415,0.00,0.7188,0.4250
10405820.0,4921.813433,14456.588758,19378.402192,968,416,0.00,0.7328,0.4375
10406065.0,4922.034741,14457.395217,19379.429958,969,416,0.00,0.7391,0.4500
10406217.0,4922.172782,14457.906950,19380.079732,970,416,0.00,0.7453,0.4625
10407411.0,4923.255428,14461.983450,19385.238878,971,416,0.00,0.7078,0.4500
10408533.0,4924.246403,14465.749900,19389.996303,972,416,0.00,0.7063,0.4500
10408945.0,4924.609323,14467.122042,19391.731365,973,416,0.00,0.7000,0.4375
10409135.0,4924.776101,14467.747458,19392.523559,974,417,0.00,0.7188,0.4500
10409788.0,4925.353623,14469.881992,19395.235615,975,417,0.00,0.6813,0.4375
10409812.0,4925.374340,14469.960992,19395.335332,976,418,0.00,0.7094,0.4500
10410605.0,4926.061072,14472.534383,19398.595456,977,418,0.00,0.6797,0.4375
10410767.0,4926.200713,14473.067633,19399.268346,978,419,0.00,0.6922,0.4500
10410937.0,4926.348848,14473.638842,19399.987689,979,420,0.00,0.7125,0.4500
10412019.0,4927.270039,14477.281575,19404.551614,980,421,0.00,0.6875,0.4625
10412233.0,4927.455803,14478.018092,19405.473895,981,421,0.00,0.6922,0.4750
10414545.0,4929.444984,14485.913350,19415.358334,982,421,0.00,0.6422,0.4500
10416283.0,4930.866754,14491.499717,19422.366470,983,422,0.00,0.6297,0.4250
10418049.0,4932.319447,14497.173525,19429.492972,984,423,0.00,0.6406,0.4250
10418677.0,4932.833742,14499.160892,19431.994633,985,424,0.00,0.6297,0.4250
10419148.0,4933.221417,14500.675942,19433.897359,986,424,0.00,0.6344,0.4375
10419857.0,4933.805703,14502.971258,19436.776961,987,425,0.00,0.6547,0.4250
10419916.0,4933.855412,14503.161042,19437.016454,988,425,0.00,0.6594,0.4375
10420053.0,4933.971339,14503.612000,19437.583339,989,426,0.00,0.6781,0.4500
10421819.0,4935.446270,14509.320908,19444.767178,990,426,0.00,0.6469,0.4375
10422335.0,4935.876712,14510.995333,19446.872046,991,427,0.00,0.6516,0.4375
10422609.0,4936.106901,14511.897250,19448.004151,992,428,0.00,0.6750,0.4500
10423053.0,4936.487119,14513.382975,19449.870094,993,429,0.00,0.6750,0.4500
10423312.0,4936.709427,14514.254942,19450.964369,994,429,0.00,0.6797,0.4625
10424039.0,4937.333935,14516.712783,19454.046718,995,429,0.00,0.6828,0.4375
10424040.0,4937.334799,14516.716075,19454.050874,996,429,0.00,0.6953,0.4375
10424046.0,4937.340044,14516.735825,19454.075869,997,429,0.00,0.7078,0.4375
10424050.0,4937.343579,14516.748992,19454.092571,998,429,0.00,0.7203,0.4375
10424998.0,4938.173806,14519.750917,19457.924723,999,429,0.00,0.6734,0.4125
10426697.0,4939.616571,14524.956008,19464.572579,1000,430,0.00,0.6875,0.4000
10426770.0,4939.679939,14525.179875,19464.859814,1001,430,0.00,0.6922,0.4125
10427770.0,4940.548760,14528.262292,19468.811052,1002,431,0.00,0.7125,0.4000
10429667.0,4942.232348,14534.079758,19476.312106,1003,432,0.00,0.7188,0.4125
10429978.0,4942.509872,14535.056817,19477.566689,1004,432,0.00,0.7250,0.4250
10430148.0,4942.661714,14535.593075,19478.254789,1005,432,0.00,0.7234,0.4250
10430353.0,4942.845261,14536.249717,19479.094977,1006,432,0.00,0.7234,0.4250
10430809.0,4943.252775,14537.694617,19480.947392,1007,433,0.00,0.7563,0.4250
10430841.0,4943.282264,14537.797550,19481.079814,1008,434,0.00,0.7625,0.4375
10430899.0,4943.334886,14537.985617,19481.320503,1009,434,0.00,0.7297,0.4375
10431794.0,4944.138611,14540.879158,19485.017770,1010,434,0.00,0.7313,0.4375
10432303.0,4944.595438,14542.518617,19487.114055,1011,434,0.00,0.7297,0.4375
10432317.0,4944.608051,14542.564700,19487.172751,1012,434,0.00,0.7344,0.4500
10432820.0,4945.059553,14544.209308,19489.268861,1013,434,0.00,0.6688,0.4250
10432946.0,4945.167090,14544.614608,19489.781698,1014,435,0.00,0.6859,0.4375
10433225.0,4945.407937,14545.517533,19490.925470,1015,435,0.00,0.6844,0.4375
10433505.0,4945.646891,14546.420225,19492.067116,1016,435,0.00,0.6719,0.4375
10433553.0,4945.687861,14546.575900,19492.263761,1017,435,0.00,0.6734,0.4375
10433611.0,4945.737345,14546.762467,19492.499811,1018,435,0.00,0.6609,0.4125
10433709.0,4945.820389,14547.070350,19492.890739,1019,436,0.00,0.6781,0.4250
10433799.0,4945.897698,14547.356550,19493.254248,1020,436,0.00,0.6906,0.4250
10433959.0,4946.036976,14547.871217,19493.908192,1021,436,0.00,0.6969,0.4375
10434155.0,4946.206891,14548.504008,19494.710899,1022,437,0.00,0.6656,0.4125
10434472.0,4946.472794,14549.478167,19495.950961,1023,437,0.00,0.6531,0.4125
10434545.0,4946.534211,14549.707508,19496.241719,1024,437,0.00,0.6703,0.4250
10434573.0,4946.558142,14549.797575,19496.355717,1025,437,0.00,0.6875,0.4375
10434999.0,4946.922253,14551.147175,19498.069428,1026,437,0.00,0.6531,0.4125
10435326.0,4947.196334,14552.158600,19499.354934,1027,438,0.00,0.6719,0.4000
10435374.0,4947.237418,14552.305800,19499.543218,1028,439,0.00,0.6891,0.4125
10435598.0,4947.432134,14553.009533,19500.441668,1029,440,0.00,0.7016,0.4250
10435669.0,4947.494543,14553.237917,19500.732459,1030,441,0.00,0.7156,0.4375
10436334.0,4948.086347,14555.426875,19503.513222,1031,442,0.00,0.7297,0.4500
10436385.0,4948.132291,14555.598575,19503.730866,1032,442,0.00,0.7469,0.4625
10436392.0,4948.138690,14555.622667,19503.761357,1033,442,0.00,0.7531,0.4750
10436392.0,4948.138690,14555.622667,19503.761357,1034,442,0.00,0.7656,0.4750
10436424.0,4948.168405,14555.735050,19503.903455,1035,442,0.00,0.7781,0.4750
10436454.0,4948.196562,14555.840550,19504.037112,1036,442,0.00,0.7828,0.4875
10436461.0,4948.203130,14555.865542,19504.068672,1037,442,0.00,0.7719,0.4875
10436556.0,4948.291494,14556.199850,19504.491344,1038,442,0.00,0.7734,0.4875
10436721.0,4948.444496,14556.785425,19505.229921,1039,442,0.00,0.7609,0.4875
10437388.0,4949.048227,14559.087992,19508.136219,1040,442,0.00,0.7203,0.4625
10437520.0,4949.166113,14559.540942,19508.707055,1041,442,0.00,0.7203,0.4625
10437771.0,4949.389030,14560.383650,19509.772680,1042,442,0.00,0.7125,0.4500
10437793.0,4949.408555,14560.457717,19509.866272,1043,442,0.00,0.7250,0.4625
10438117.0,4949.694866,14561.525117,19511.219982,1044,443,0.00,0.7203,0.4375
10438120.0,4949.697546,14561.534992,19511.232538,1045,443,0.00,0.7250,0.4500
10438490.0,4950.028687,14562.763558,19512.792246,1046,443,0.00,0.7250,0.4500
10438646.0,4950.168322,14563.281933,19513.450256,1047,443,0.00,0.7375,0.4500
10438828.0,4950.333386,14563.894667,19514.228053,1048,444,0.00,0.7516,0.4625
10438984.0,4950.476576,14564.431567,19514.908142,1049,445,0.00,0.7656,0.4750
10439238.0,4950.712496,14565.324800,19516.037296,1050,445,0.00,0.7703,0.4875
10439500.0,4950.956025,14566.260492,19517.216517,1051,445,0.00,0.7734,0.4875
10439612.0,4951.059838,14566.657733,19517.717571,1052,445,0.00,0.7625,0.4875
10439715.0,4951.154998,14567.023700,19518.178698,1053,445,0.00,0.7609,0.4875
10439780.0,4951.215135,14567.257158,19518.472293,1054,445,0.00,0.7656,0.5000
10440062.0,4951.470890,14568.258608,19519.729499,1055,445,0.00,0.7313,0.4750
10440135.0,4951.536134,14568.510900,19520.047034,1056,445,0.00,0.7172,0.4625
10440474.0,4951.837652,14569.665700,19521.503352,1057,445,0.00,0.7000,0.4500
10441228.0,4952.497379,14572.160592,19524.657970,1058,446,0.00,0.7094,0.4500
10441289.0,4952.551368,14572.365958,19524.917326,1059,446,0.00,0.7156,0.4625
10441620.0,4952.844467,14573.482500,19526.326967,1060,446,0.00,0.7141,0.4625
10442134.0,4953.299980,14575.225042,19528.525021,1061,447,0.00,0.7328,0.4625
10442271.0,4953.423731,14575.696550,19529.120281,1062,448,0.00,0.7578,0.4625
10443884.0,4954.870991,14581.247958,19536.118949,1063,448,0.00,0.7266,0.4750
10444492.0,4955.412390,14583.341542,19538.753931,1064,448,0.00,0.7000,0.4750
10445046.0,4955.879804,14585.162350,19541.042154,1065,448,0.00,0.6359,0.4250
10445431.0,4956.195104,14586.347367,19542.542471,1066,448,0.00,0.6297,0.4125
10445440.0,4956.202512,14586.375642,19542.578154,1067,448,0.00,0.6797,0.4125
10445790.0,4956.496194,14587.475225,19543.971419,1068,448,0.00,0.6422,0.4250
10446016.0,4956.684409,14588.202192,19544.886601,1069,448,0.00,0.6922,0.4250
10446760.0,4957.307181,14590.569292,19547.876473,1070,448,0.00,0.6297,0.4125
10447116.0,4957.600202,14591.687725,19549.287927,1071,449,0.00,0.6422,0.4250
10447525.0,4957.940822,14593.003342,19550.944164,1072,449,0.00,0.6484,0.4375
10448041.0,4958.372507,14594.693292,19553.065799,1073,450,0.00,0.6656,0.4375
10448097.0,4958.420166,14594.877625,19553.297791,1074,451,0.00,0.7031,0.4500
10448391.0,4958.674339,14595.855575,19554.529914,1075,452,0.00,0.6828,0.4500
10448437.0,4958.714101,14596.010442,19554.724543,1076,452,0.00,0.6953,0.4625
10449254.0,4959.411877,14598.705883,19558.117760,1077,453,0.00,0.6672,0.4375
10450158.0,4960.174201,14601.625900,19561.800101,1078,453,0.00,0.6578,0.4375
10450228.0,4960.233349,14601.856317,19562.089666,1079,453,0.00,0.6641,0.4500
10450358.0,4960.343389,14602.287233,19562.630622,1080,454,0.00,0.6703,0.4500
10450512.0,4960.473075,14602.788300,19563.261375,1081,454,0.00,0.6281,0.4250
10450689.0,4960.618547,14603.357650,19563.976197,1082,454,0.00,0.6297,0.4250
10451105.0,4960.960952,14604.695783,19565.656736,1083,455,0.00,0.6547,0.4250
10451338.0,4961.157263,14605.445267,19566.602530,1084,456,0.00,0.6734,0.4250
10451453.0,4961.255831,14605.815183,19567.071015,1085,457,0.00,0.6797,0.4375
10451457.0,4961.259279,14605.828350,19567.087629,1086,458,0.00,0.6984,0.4375
10451465.0,4961.266292,14605.854683,19567.120975,1087,459,0.00,0.7172,0.4375
10451527.0,4961.321543,14606.058767,19567.380310,1088,460,0.00,0.7359,0.4375
10451555.0,4961.346903,14606.150933,19567.497837,1089,461,0.00,0.7641,0.4500
10453342.0,4962.860180,14611.791867,19574.652047,1090,461,0.00,0.6500,0.4250
10453495.0,4962.988039,14612.276442,19575.264481,1091,461,0.00,0.6484,0.4250
10453755.0,4963.205688,14613.109775,19576.315463,1092,461,0.00,0.6563,0.4125
10453760.0,4963.209907,14613.125483,19576.335390,1093,462,0.00,0.6750,0.4125
10453993.0,4963.408912,14613.857492,19577.266404,1094,462,0.00,0.6484,0.4250
10454461.0,4963.799977,14615.343017,19579.142994,1095,462,0.00,0.6484,0.4250
10454537.0,4963.863640,14615.587483,19579.451124,1096,463,0.00,0.6859,0.4375
10454850.0,4964.134001,14616.601050,19580.735051,1097,464,0.00,0.6922,0.4250
10455001.0,4964.264331,14617.079492,19581.343823,1098,465,0.00,0.6922,0.4250
10455086.0,4964.338426,14617.352908,19581.691334,1099,466,0.00,0.7094,0.4375
10456111.0,4965.229073,14620.596217,19585.825289,1100,466,0.00,0.6734,0.4125
10456381.0,4965.460214,14621.438692,19586.898905,1101,467,0.00,0.6750,0.4125
10457497.0,4966.408537,14624.940517,19591.349054,1102,467,0.00,0.6188,0.4125
10458105.0,4966.903804,14626.850650,19593.754454,1103,467,0.00,0.6313,0.4250
10458138.0,4966.930977,14626.956350,19593.887327,1104,467,0.00,0.6297,0.4250
10459348.0,4967.909622,14630.651492,19598.561113,1105,467,0.00,0.6109,0.4000
10459465.0,4968.004217,14631.010292,19599.014509,1106,467,0.00,0.6156,0.4125
10459596.0,4968.110434,14631.418250,19599.528684,1107,468,0.00,0.6234,0.4125
10460075.0,4968.500707,14632.888983,19601.389690,1108,469,0.00,0.6313,0.4125
10460640.0,4968.966401,14634.663425,19603.629826,1109,469,0.00,0.6313,0.4125
10462043.0,4970.104098,14638.874533,19608.978632,1110,470,0.00,0.6266,0.4000
10462484.0,4970.462266,14640.200683,19610.662950,1111,470,0.00,0.6063,0.3875
10462683.0,4970.621700,14640.784700,19611.406400,1112,470,0.00,0.6188,0.3750
10462689.0,4970.626587,14640.802200,19611.428787,1113,471,0.00,0.6375,0.3750
10462806.0,4970.722812,14641.143450,19611.866262,1114,472,0.00,0.6375,0.3750
10463316.0,4971.142391,14642.630950,19613.773341,1115,473,0.00,0.6125,0.3875
10463316.0,4971.142391,14642.630950,19613.773341,1116,474,0.00,0.6250,0.4000
10463437.0,4971.241544,14643.002017,19614.243561,1117,475,0.00,0.6438,0.4125
10463704.0,4971.464230,14643.840842,19615.305071,1118,475,0.00,0.6484,0.4250
10463934.0,4971.655831,14644.568300,19616.224131,1119,476,0.00,0.6688,0.4125
10464624.0,4972.222239,14646.657825,19618.880064,1120,476,0.00,0.6234,0.4000
10464849.0,4972.405265,14647.340100,19619.745365,1121,476,0.00,0.6000,0.4000
10464987.0,4972.515286,14647.757450,19620.272736,1122,476,0.00,0.6000,0.4000
10465750.0,4973.122113,14650.042192,19623.164305,1123,476,0.00,0.5984,0.4000
10465976.0,4973.302303,14650.728358,19624.030662,1124,476,0.00,0.5984,0.4000
10467648.0,4974.632279,14655.740775,19630.373054,1125,476,0.00,0.6000,0.4000
10467853.0,4974.795409,14656.356017,19631.151425,1126,476,0.00,0.6000,0.4000
10468064.0,4974.964209,14657.003083,19631.967292,1127,476,0.00,0.6047,0.4125
10468357.0,4975.199006,14657.909792,19633.108798,1128,476,0.00,0.6500,0.4000
10468877.0,4975.620528,14659.504458,19635.124986,1129,476,0.00,0.6047,0.4125
10468879.0,4975.622135,14659.510742,19635.132877,1130,477,0.00,0.6234,0.4125
10468928.0,4975.662229,14659.664683,19635.326912,1131,477,0.00,0.6734,0.4125
10468928.0,4975.662229,14659.664683,19635.326912,1132,477,0.00,0.7234,0.4125
10468950.0,4975.681941,14659.733800,19635.415741,1133,478,0.00,0.7422,0.4125
10469205.0,4975.896667,14660.504925,19636.401592,1134,478,0.00,0.5984,0.4000
10469867.0,4976.423443,14662.493508,19638.916951,1135,478,0.00,0.5984,0.4000
10470372.0,4976.825473,14664.014275,19640.839748,1136,479,0.00,0.6000,0.4000
10471323.0,4977.586273,14666.930675,19644.516948,1137,479,0.00,0.6063,0.4125
10471828.0,4977.990399,14668.481292,19646.471691,1138,479,0.00,0.6047,0.4125
10472083.0,4978.194829,14669.272142,19647.466971,1139,479,0.00,0.6047,0.4125
10473680.0,4979.466993,14674.149358,19653.616352,1140,479,0.00,0.5859,0.4000
10475310.0,4980.745325,14678.999075,19659.744400,1141,480,0.00,0.6125,0.3875
10476444.0,4981.643980,14682.341300,19663.985280,1142,480,0.00,0.5797,0.3875
10476744.0,4981.878675,14683.227175,19665.105850,1143,481,0.00,0.5984,0.3875
10477956.0,4982.846802,14686.853075,19669.699877,1144,481,0.00,0.6031,0.4000
10478057.0,4982.927847,14687.162808,19670.090656,1145,481,0.00,0.6078,0.4125
10479249.0,4983.873728,14690.715675,19674.589403,1146,481,0.00,0.5797,0.3875
10479784.0,4984.291945,14692.288842,19676.580787,1147,482,0.00,0.6125,0.3875
10481045.0,4985.313005,14696.061333,19681.374338,1148,482,0.00,0.6172,0.4000
10481242.0,4985.473238,14696.665467,19682.138705,1149,483,0.00,0.6547,0.4125
10481454.0,4985.651856,14697.331500,19682.983356,1150,484,0.00,0.6781,0.4250
10484454.0,4988.210843,14706.849575,19695.060418,1151,485,0.00,0.6703,0.4000
10484455.0,4988.211698,14706.852642,19695.064339,1152,486,0.00,0.6953,0.4000
10484476.0,4988.230055,14706.917042,19695.147096,1153,487,0.00,0.7203,0.4000
10484491.0,4988.243458,14706.963042,19695.206500,1154,487,0.00,0.7266,0.4125
10484743.0,4988.468902,14707.739892,19696.208794,1155,487,0.00,0.7250,0.4125
10486042.0,4989.599136,14711.593142,19701.192278,1156,487,0.00,0.6766,0.3875
10486687.0,4990.126479,14713.450242,19703.576721,1157,488,0.00,0.6375,0.3750
10486808.0,4990.226787,14713.802708,19704.029495,1158,488,0.00,0.6375,0.3750
10486962.0,4990.354449,14714.251275,19704.605724,1159,488,0.00,0.6375,0.3750
10487601.0,4990.874264,14716.050225,19706.924489,1160,489,0.00,0.6297,0.3500
10488913.0,4991.954159,14719.680092,19711.634250,1161,489,0.00,0.6391,0.3625
10489639.0,4992.550055,14721.743142,19714.293197,1162,489,0.00,0.6188,0.3750
10490091.0,4992.917539,14723.046925,19715.964464,1163,490,0.00,0.6391,0.3625
10490573.0,4993.317783,14724.416608,19717.734392,1164,491,0.00,0.6641,0.3750
10490608.0,4993.347527,14724.518692,19717.866219,1165,491,0.00,0.6688,0.3875
10491684.0,4994.248625,14727.695500,19721.944125,1166,491,0.00,0.6891,0.3750
10491859.0,4994.399619,14728.205917,19722.605536,1167,491,0.00,0.6453,0.3875
10492028.0,4994.540775,14728.711508,19723.252284,1168,491,0.00,0.6500,0.4000
10492770.0,4995.161517,14730.951725,19726.113242,1169,491,0.00,0.6500,0.4000
10492842.0,4995.221917,14731.172525,19726.394442,1170,491,0.00,0.7000,0.4000
10492842.0,4995.221917,14731.172525,19726.394442,1171,491,0.00,0.7500,0.4000
10493831.0,4996.059603,14734.142533,19730.202136,1172,492,0.00,0.6688,0.4000
10493917.0,4996.133002,14734.406267,19730.539268,1173,493,0.00,0.6938,0.4000
10494652.0,4996.765631,14736.625692,19733.391323,1174,493,0.00,0.6734,0.4000
10494733.0,4996.835058,14736.874092,19733.709150,1175,493,0.00,0.6781,0.4125
10495559.0,4997.542028,14739.386383,19736.928411,1176,493,0.00,0.6734,0.4000
10495656.0,4997.625168,14739.683850,19737.309018,1177,494,0.00,0.6922,0.4125
10495959.0,4997.888914,14740.627975,19738.516889,1178,495,0.00,0.7125,0.4000
10496603.0,4998.452151,14742.587983,19741.040134,1179,495,0.00,0.6688,0.4000
10496760.0,4998.586146,14743.069450,19741.655596,1180,496,0.00,0.6938,0.4000
10496918.0,4998.724067,14743.553983,19742.278050,1181,497,0.00,0.7172,0.4125
10496935.0,4998.739216,14743.607392,19742.346608,1182,498,0.00,0.7406,0.4250
10497137.0,4998.922181,14744.242158,19743.164339,1183,499,0.00,0.7641,0.4250
10497843.0,4999.558852,14746.464000,19746.022852,1184,499,0.00,0.7156,0.4250
10498252.0,4999.916695,14747.759742,19747.676437,1185,500,0.00,0.7141,0.4250
10498879.0,5000.469195,14749.769992,19750.239187,1186,501,0.00,0.6891,0.4250
10498922.0,5000.506464,14749.907933,19750.414398,1187,501,0.00,0.6656,0.4250
10499073.0,5000.634826,14750.393050,19751.027876,1188,502,0.00,0.6609,0.4250
10500430.0,5001.745841,14754.507042,19756.252882,1189,502,0.00,0.6188,0.4000
10501135.0,5002.318259,14756.630717,19758.948976,1190,503,0.00,0.6375,0.4000
10502555.0,5003.495676,14760.985383,19764.481059,1191,504,0.00,0.6469,0.4125
10502722.0,5003.635364,14761.510042,19765.145406,1192,505,0.00,0.6703,0.4250
10503163.0,5004.012281,14762.928592,19766.940873,1193,505,0.00,0.6750,0.4375
10503669.0,5004.430944,14764.535750,19768.966694,1194,506,0.00,0.6469,0.4125
10504051.0,5004.750471,14765.735867,19770.486338,1195,507,0.00,0.6719,0.4125
10505099.0,5005.645689,14769.021058,19774.666747,1196,508,0.00,0.6734,0.4000
10505913.0,5006.343383,14771.517325,19777.860708,1197,508,0.00,0.6781,0.4125
10506246.0,5006.629555,14772.553975,19779.183530,1198,509,0.00,0.6984,0.4000
10506463.0,5006.819769,14773.219442,19780.039210,1199,509,0.00,0.7031,0.4125
10507448.0,5007.684225,14776.261558,19783.945784,1200,509,0.00,0.7047,0.4125
10507735.0,5007.935172,14777.146417,19785.081588,1201,509,0.00,0.6781,0.4125
10510432.0,5010.182374,14785.257017,19795.439391,1202,509,0.00,0.6422,0.3875
10510433.0,5010.183207,14785.260008,19795.443215,1203,509,0.00,0.6547,0.3875
10510443.0,5010.191632,14785.289925,19795.481557,1204,509,0.00,0.6672,0.3875
10512265.0,5011.708190,14790.693642,19802.401832,1205,510,0.00,0.6609,0.3875
10512454.0,5011.865329,14791.248717,19803.114046,1206,511,0.00,0.6563,0.3875
10512819.0,5012.173298,14792.340675,19804.513973,1207,511,0.00,0.6625,0.4000
10513293.0,5012.573493,14793.762700,19806.336193,1208,512,0.00,0.6656,0.4000
10513355.0,5012.626258,14793.952833,19806.579091,1209,513,0.00,0.6781,0.4125
10513654.0,5012.883626,14794.892192,19807.775818,1210,514,0.00,0.7016,0.4250
10513771.0,5012.986468,14795.268542,19808.255010,1211,514,0.00,0.7063,0.4375
10514256.0,5013.410490,14796.813250,19810.223740,1212,515,0.00,0.7109,0.4250
10514908.0,5013.982278,14798.885542,19812.867819,1213,516,0.00,0.7125,0.4125
10515018.0,5014.079903,14799.231125,19813.311028,1214,516,0.00,0.7625,0.4125
10515072.0,5014.129928,14799.400775,19813.530703,1215,517,0.00,0.7875,0.4125
10515810.0,5014.801345,14801.712575,19816.513920,1216,517,0.00,0.7188,0.4125
10516174.0,5015.125436,14802.841142,19817.966577,1217,517,0.00,0.7641,0.4000
10516183.0,5015.133784,14802.868742,19818.002526,1218,517,0.00,0.7688,0.4125
10516262.0,5015.207353,14803.116933,19818.324286,1219,517,0.00,0.7750,0.4250
10516533.0,5015.444905,14803.959775,19819.404680,1220,518,0.00,0.6828,0.4125
10517376.0,5016.157386,14806.549400,19822.706786,1221,519,0.00,0.6391,0.4000
10519357.0,5017.790001,14812.456317,19830.246318,1222,520,0.00,0.6391,0.3875
10519631.0,5018.017526,14813.276033,19831.293559,1223,520,0.00,0.6438,0.4000
10520784.0,5018.975576,14816.738175,19835.713751,1224,521,0.00,0.6563,0.4000
10520922.0,5019.091065,14817.156500,19836.247565,1225,522,0.00,0.6625,0.4000
10521219.0,5019.340434,14818.053575,19837.394009,1226,523,0.00,0.6609,0.4000
10521993.0,5019.991319,14820.399125,19840.390444,1227,524,0.00,0.6531,0.4000
10522531.0,5020.434519,14822.001817,19842.436336,1228,524,0.00,0.6172,0.3875
10522531.0,5020.434519,14822.001817,19842.436336,1229,524,0.00,0.6234,0.4000
10524137.0,5021.728665,14826.679533,19848.408198,1230,525,0.00,0.6297,0.3750
10524173.0,5021.758296,14826.784533,19848.542829,1231,526,0.00,0.6578,0.3875
10524601.0,5022.119941,14828.064967,19850.184908,1232,526,0.00,0.6625,0.4000
10524836.0,5022.315555,14828.769883,19851.085438,1233,526,0.00,0.6063,0.3750
10525900.0,5023.168624,14831.805267,19854.973891,1234,526,0.00,0.6063,0.3750
10527174.0,5024.156035,14835.435150,19859.591185,1235,526,0.00,0.5688,0.3750
10527596.0,5024.482331,14836.644458,19861.126790,1236,526,0.00,0.5688,0.3750
10527655.0,5024.528097,14836.816542,19861.344639,1237,526,0.00,0.5734,0.3875
10527776.0,5024.622186,14837.174183,19861.796369,1238,527,0.00,0.5938,0.3875
10529173.0,5025.727931,14841.249367,19866.977298,1239,527,0.00,0.5938,0.3875
10529225.0,5025.769278,14841.404933,19867.174212,1240,527,0.00,0.5984,0.4000
10529568.0,5026.037992,14842.407225,19868.445217,1241,527,0.00,0.5688,0.3750
10530340.0,5026.634528,14844.611567,19871.246094,1242,528,0.00,0.5922,0.3750
10530341.0,5026.635322,14844.614483,19871.249805,1243,529,0.00,0.6203,0.3875
10530620.0,5026.862929,14845.449158,19872.312088,1244,530,0.00,0.6391,0.3875
10530828.0,5027.035649,14846.071425,19873.107074,1245,530,0.00,0.6438,0.4000
10531182.0,5027.330326,14847.145325,19874.475651,1246,530,0.00,0.6438,0.4000
10531439.0,5027.543812,14847.922283,19875.466095,1247,531,0.00,0.6391,0.3750
10531756.0,5027.807043,14848.846867,19876.653910,1248,531,0.00,0.6453,0.3875
10531868.0,5027.900590,14849.181933,19877.082523,1249,532,0.00,0.6703,0.3875
10531997.0,5028.009464,14849.567858,19877.577323,1250,532,0.00,0.6500,0.4000
10532135.0,5028.125231,14849.991058,19878.116289,1251,532,0.00,0.6547,0.4125
10532219.0,5028.195767,14850.250083,19878.445850,1252,533,0.00,0.6734,0.4125
10532455.0,5028.397518,14850.985142,19879.382660,1253,533,0.00,0.6453,0.4000
10534465.0,5030.041929,14856.991267,19887.033196,1254,534,0.00,0.6125,0.3750
10534494.0,5030.065411,14857.075850,19887.141261,1255,535,0.00,0.6313,0.3750
10534737.0,5030.265444,14857.783475,19888.048919,1256,535,0.00,0.6125,0.3750
10535088.0,5030.543313,14858.793425,19889.336738,1257,535,0.00,0.5938,0.3750
10535139.0,5030.583865,14858.942175,19889.526040,1258,536,0.00,0.6000,0.3875
10535843.0,5031.144678,14861.011483,19892.156161,1259,536,0.00,0.5984,0.3875
10537957.0,5032.799963,14866.988617,19899.788579,1260,537,0.00,0.5891,0.3500
10537958.0,5032.800754,14866.991383,19899.792138,1261,537,0.00,0.5938,0.3625
10538102.0,5032.915254,14867.400583,19900.315838,1262,537,0.00,0.6000,0.3750
10538657.0,5033.357300,14868.979133,19902.336433,1263,537,0.00,0.6453,0.3625
10538657.0,5033.357300,14868.979133,19902.336433,1264,537,0.00,0.6953,0.3625
10538658.0,5033.358174,14868.981975,19902.340149,1265,537,0.00,0.7453,0.3625
10539104.0,5033.730265,14870.249358,19903.979623,1266,537,0.00,0.6000,0.3750
10539516.0,5034.058968,14871.432575,19905.491543,1267,537,0.00,0.6141,0.3750
10539824.0,5034.308737,14872.330908,19906.639645,1268,537,0.00,0.6641,0.3750
10539860.0,5034.339330,14872.435908,19906.775239,1269,538,0.00,0.6875,0.3875
10541309.0,5035.545071,14876.770833,19912.315904,1270,539,0.00,0.6625,0.3875
10541438.0,5035.654541,14877.156758,19912.811300,1271,539,0.00,0.6672,0.4000
10541688.0,5035.867257,14877.917500,19913.784757,1272,539,0.00,0.6734,0.3875
10541891.0,5036.039921,14878.519333,19914.559255,1273,539,0.00,0.6547,0.3875
10542339.0,5036.416476,14879.841075,19916.257551,1274,539,0.00,0.6547,0.3875
10543069.0,5037.011168,14881.937992,19918.949160,1275,539,0.00,0.6313,0.3750
10543654.0,5037.493173,14883.644242,19921.137415,1276,539,0.00,0.6250,0.3875
10543893.0,5037.689020,14884.359250,19922.048270,1277,540,0.00,0.6375,0.4000
10545261.0,5038.823320,14888.554450,19927.377770,1278,540,0.00,0.6422,0.4125
10547435.0,5040.587924,14895.071608,19935.659533,1279,541,0.00,0.6078,0.3875
10547683.0,5040.787831,14895.813542,19936.601373,1280,541,0.00,0.6125,0.4000
10548009.0,5041.051389,14896.804800,19937.856189,1281,541,0.00,0.6125,0.4000
10548436.0,5041.396178,14898.094467,19939.490644,1282,541,0.00,0.6125,0.4000
10548764.0,5041.659845,14899.076933,19940.736779,1283,541,0.00,0.6016,0.3875
10549731.0,5042.434620,14901.969875,19944.404495,1284,541,0.00,0.6063,0.4000
10549799.0,5042.489351,14902.178408,19944.667759,1285,541,0.00,0.6109,0.4125
10550250.0,5042.850940,14903.534775,19946.385715,1286,542,0.00,0.6203,0.3750
10552241.0,5044.463703,14909.341858,19953.805561,1287,543,0.00,0.6078,0.3875
10552544.0,5044.707944,14910.248333,19954.956278,1288,543,0.00,0.6125,0.4000
10554159.0,5045.998849,14915.005850,19961.004699,1289,544,0.00,0.6188,0.3875
10554296.0,5046.110447,14915.415708,19961.526156,1290,544,0.00,0.6234,0.4000
10554770.0,5046.497085,14916.844558,19963.341643,1291,544,0.00,0.6234,0.4000
10554990.0,5046.677077,14917.518850,19964.195927,1292,544,0.00,0.6250,0.4000
10555568.0,5047.148222,14919.252908,19966.401130,1293,544,0.00,0.6234,0.4000
10556382.0,5047.808949,14921.688500,19969.497449,1294,544,0.00,0.6000,0.3875
10556443.0,5047.857749,14921.870992,19969.728740,1295,544,0.00,0.6234,0.4000
10556555.0,5047.949390,14922.214458,19970.163849,1296,545,0.00,0.6328,0.4125
10557308.0,5048.568390,14924.526283,19973.094673,1297,546,0.00,0.6531,0.4000
10557436.0,5048.676079,14924.918817,19973.594895,1298,547,0.00,0.6813,0.4125
10557611.0,5048.825081,14925.461558,19974.286640,1299,547,0.00,0.6578,0.4125
10557885.0,5049.056073,14926.311500,19975.367573,1300,548,0.00,0.6719,0.4125
10559926.0,5050.738009,14932.416292,19983.154301,1301,548,0.00,0.6188,0.3875
10561140.0,5051.726914,14936.048175,19987.775089,1302,548,0.00,0.6234,0.4000
10561410.0,5051.947278,14936.864700,19988.811978,1303,548,0.00,0.6234,0.4000
10561659.0,5052.150805,14937.623950,19989.774755,1304,548,0.00,0.6234,0.4000
10562001.0,5052.429349,14938.655800,19991.085149,1305,548,0.00,0.6453,0.3750
10562078.0,5052.493663,14938.880383,19991.374046,1306,549,0.00,0.6578,0.3875
10562577.0,5052.898578,14940.373225,19993.271803,1307,549,0.00,0.6578,0.3875
10562578.0,5052.899423,14940.376217,19993.275640,1308,549,0.00,0.7078,0.3875
10562578.0,5052.899423,14940.376217,19993.275640,1309,549,0.00,0.7578,0.3875
10563307.0,5053.503658,14942.557142,19996.060800,1310,550,0.00,0.6313,0.4000
10564588.0,5054.559594,14946.485542,20001.045135,1311,550,0.00,0.6359,0.4125
10565349.0,5055.186227,14948.826025,20004.012252,1312,551,0.00,0.6266,0.3875
10565357.0,5055.192792,14948.849958,20004.042750,1313,551,0.00,0.6453,0.3875
10565708.0,5055.483089,14949.900033,20005.383123,1314,552,0.00,0.6313,0.4000
10567150.0,5056.671031,14954.314892,20010.985922,1315,553,0.00,0.6391,0.4000
10567172.0,5056.689299,14954.382358,20011.071657,1316,554,0.00,0.6563,0.4125
10567375.0,5056.860580,14955.020117,20011.880697,1317,555,0.00,0.6813,0.4250
10567505.0,5056.970754,14955.430408,20012.401162,1318,555,0.00,0.6609,0.4250
10567539.0,5056.999565,14955.539775,20012.539340,1319,556,0.00,0.6859,0.4375
10567597.0,5057.049842,14955.730692,20012.780534,1320,557,0.00,0.7047,0.4500
10568396.0,5057.725802,14958.216433,20015.942235,1321,557,0.00,0.6344,0.4000
10569337.0,5058.492982,14961.051242,20019.544224,1322,557,0.00,0.6094,0.4000
10570778.0,5059.643419,14965.342358,20024.985777,1323,558,0.00,0.5984,0.3875
10571117.0,5059.914207,14966.356533,20026.270740,1324,558,0.00,0.6031,0.4000
10576207.0,5063.918964,14981.300317,20045.219281,1325,558,0.00,0.5844,0.3875
10576660.0,5064.275177,14982.641517,20046.916694,1326,558,0.00,0.5844,0.3875
10577946.0,5065.284561,14986.410875,20051.695436,1327,558,0.00,0.5844,0.3875
10579100.0,5066.190575,14989.798233,20055.988809,1328,558,0.00,0.5844,0.3875
10579946.0,5066.855052,14992.287183,20059.142236,1329,558,0.00,0.5844,0.3875
10580436.0,5067.240361,14993.737950,20060.978311,1330,558,0.00,0.5844,0.3875
10582475.0,5068.840347,14999.705583,20068.545930,1331,559,0.00,0.5984,0.3875
10584862.0,5070.717461,15006.656267,20077.373728,1332,559,0.00,0.5719,0.3750
10585655.0,5071.332695,15008.931758,20080.264453,1333,560,0.00,0.5734,0.3750
10586479.0,5071.974871,15011.335092,20083.309963,1334,560,0.00,0.6234,0.3750
10587516.0,5072.789697,15014.359675,20087.149372,1335,560,0.00,0.5781,0.3875
10594554.0,5078.243937,15034.528900,20112.772837,1336,560,0.00,0.5531,0.3625
10594953.0,5078.548065,15035.651925,20114.199990,1337,561,0.00,0.5672,0.3625
10596141.0,5079.468146,15039.027825,20118.495971,1338,561,0.00,0.5719,0.3750
10596156.0,5079.479818,15039.071575,20118.551393,1339,562,0.00,0.5844,0.3875
10597038.0,5080.172315,15041.661175,20121.833490,1340,563,0.00,0.5859,0.3875
10598857.0,5081.589283,15046.964717,20128.554000,1341,563,0.00,0.5656,0.3750
10600199.0,5082.622957,15050.795633,20133.418590,1342,563,0.00,0.5656,0.3750
10600473.0,5082.834579,15051.589625,20134.424204,1343,564,0.00,0.5797,0.3750
10602255.0,5084.232026,15056.787125,20141.019151,1344,565,0.00,0.6047,0.3750
10602456.0,5084.391790,15057.373375,20141.765165,1345,566,0.00,0.5984,0.3875
10602557.0,5084.471767,15057.670133,20142.141900,1346,566,0.00,0.5906,0.3875
10602939.0,5084.773841,15058.797725,20143.571566,1347,566,0.00,0.5969,0.3875
10603141.0,5084.934950,15059.402042,20144.336992,1348,567,0.00,0.6141,0.4000
10603497.0,5085.223644,15060.493775,20145.717419,1349,568,0.00,0.6391,0.4000
10603535.0,5085.255199,15060.610308,20145.865507,1350,568,0.00,0.6672,0.4125
10604208.0,5085.812789,15062.638775,20148.451564,1351,569,0.00,0.6484,0.4000
10604532.0,5086.070412,15063.599000,20149.669412,1352,569,0.00,0.5828,0.3875
10604707.0,5086.207992,15064.120892,20150.328884,1353,569,0.00,0.5953,0.3875
10605236.0,5086.628060,15065.696733,20152.324794,1354,569,0.00,0.5922,0.3875
10605761.0,5087.040594,15067.238033,20154.278627,1355,570,0.00,0.5969,0.3875
10606214.0,5087.401893,15068.593258,20155.995151,1356,570,0.00,0.6141,0.4000
10606251.0,5087.431897,15068.706725,20156.138622,1357,571,0.00,0.6313,0.4125
10606253.0,5087.433546,15068.713008,20156.146554,1358,572,0.00,0.6484,0.4250
10606258.0,5087.437734,15068.729092,20156.166826,1359,573,0.00,0.6656,0.4375
10606419.0,5087.574752,15069.259050,20156.833802,1360,574,0.00,0.6781,0.4500
10606788.0,5087.892374,15070.501350,20158.393724,1361,574,0.00,0.6828,0.4625
10607376.0,5088.389105,15072.439025,20160.828130,1362,574,0.00,0.6500,0.4375
10607398.0,5088.407561,15072.511442,20160.919002,1363,574,0.00,0.6547,0.4500
10607576.0,5088.556816,15073.099308,20161.656124,1364,574,0.00,0.6484,0.4375
10607608.0,5088.583622,15073.204642,20161.788263,1365,574,0.00,0.6656,0.4500
10607623.0,5088.596387,15073.255142,20161.851529,1366,575,0.00,0.6828,0.4625
10607663.0,5088.630964,15073.392808,20162.023772,1367,575,0.00,0.6875,0.4750
10607957.0,5088.875997,15074.345033,20163.221030,1368,575,0.00,0.6297,0.4250
10608029.0,5088.935212,15074.575658,20163.510870,1369,575,0.00,0.6297,0.4250
10608060.0,5088.960727,15074.675375,20163.636102,1370,576,0.00,0.6484,0.4250
10608064.0,5088.964078,15074.688242,20163.652320,1371,577,0.00,0.6766,0.4375
10608152.0,5089.039481,15074.973033,20164.012515,1372,577,0.00,0.6906,0.4250
10608654.0,5089.473003,15076.568375,20166.041378,1373,577,0.00,0.7234,0.4125
10608655.0,5089.473899,15076.571517,20166.045416,1374,577,0.00,0.7734,0.4125
10608731.0,5089.544951,15076.810283,20166.355235,1375,577,0.00,0.7797,0.4250
10608824.0,5089.630832,15077.109433,20166.740265,1376,578,0.00,0.6969,0.4375
10608911.0,5089.706360,15077.395808,20167.102168,1377,579,0.00,0.6953,0.4500
10608922.0,5089.715976,15077.432842,20167.148817,1378,579,0.00,0.7000,0.4625
10609035.0,5089.814224,15077.818525,20167.632749,1379,580,0.00,0.6906,0.4500
10609680.0,5090.338067,15079.786475,20170.124542,1380,580,0.00,0.6016,0.4000
10609831.0,5090.459051,15080.249542,20170.708592,1381,580,0.00,0.6516,0.4000
10609831.0,5090.459051,15080.249542,20170.708592,1382,580,0.00,0.7016,0.4000
10609833.0,5090.460809,15080.255675,20170.716484,1383,580,0.00,0.7516,0.4000
10610123.0,5090.710856,15081.145008,20171.855864,1384,581,0.00,0.6266,0.4000
10610472.0,5090.997266,15082.215275,20173.212541,1385,581,0.00,0.6313,0.4125
10610584.0,5091.089479,15082.564892,20173.654370,1386,581,0.00,0.6313,0.4125
10610643.0,5091.138113,15082.750250,20173.888363,1387,581,0.00,0.6359,0.4250
10610689.0,5091.176198,15082.898217,20174.074415,1388,582,0.00,0.6641,0.4375
10610690.0,5091.177048,15082.901508,20174.078557,1389,583,0.00,0.6922,0.4500
10610791.0,5091.264915,15083.237942,20174.502857,1390,584,0.00,0.7109,0.4375
10610840.0,5091.308343,15083.399233,20174.707576,1391,585,0.00,0.7281,0.4500
10610930.0,5091.389312,15083.702233,20175.091545,1392,585,0.00,0.7297,0.4625
10611007.0,5091.458378,15083.960117,20175.418495,1393,585,0.00,0.7297,0.4500
10611220.0,5091.650263,15084.677217,20176.327480,1394,585,0.00,0.7344,0.4625
10611619.0,5092.006788,15086.031617,20178.038405,1395,585,0.00,0.7094,0.4625
10611842.0,5092.201846,15086.778333,20178.980179,1396,585,0.00,0.7094,0.4500
10613212.0,5093.357272,15091.211717,20184.568989,1397,585,0.00,0.6188,0.4250
10613388.0,5093.500639,15091.777850,20185.278489,1398,586,0.00,0.6359,0.4375
10613616.0,5093.688663,15092.524150,20186.212813,1399,587,0.00,0.6469,0.4375
10613645.0,5093.712920,15092.619608,20186.332528,1400,587,0.00,0.6531,0.4500
10613853.0,5093.887482,15093.313200,20187.200682,1401,587,0.00,0.6453,0.4375
10614075.0,5094.067999,15094.021000,20188.088999,1402,587,0.00,0.6359,0.4250
10614151.0,5094.130923,15094.265467,20188.396390,1403,588,0.00,0.6531,0.4375
10614293.0,5094.249120,15094.725758,20188.974879,1404,588,0.00,0.6406,0.4375
10615260.0,5095.053275,15097.908800,20192.962075,1405,588,0.00,0.6453,0.4500
10615424.0,5095.190255,15098.460933,20193.651188,1406,588,0.00,0.6453,0.4500
10615584.0,5095.323846,15098.998625,20194.322471,1407,588,0.00,0.6453,0.4500
10616233.0,5095.857209,15101.115792,20196.973001,1408,588,0.00,0.6234,0.4375
10616771.0,5096.295490,15102.850858,20199.146348,1409,589,0.00,0.6156,0.4250
10617324.0,5096.744611,15104.629675,20201.374286,1410,589,0.00,0.6219,0.4375
10617651.0,5097.011380,15105.699975,20202.711355,1411,590,0.00,0.6438,0.4375
10617680.0,5097.035567,15105.795433,20202.831001,1412,590,0.00,0.6500,0.4500
10617694.0,5097.047312,15105.842567,20202.889878,1413,590,0.00,0.6563,0.4625
10617708.0,5097.059124,15105.890750,20202.949874,1414,590,0.00,0.6625,0.4750
10618001.0,5097.305969,15106.893383,20204.199352,1415,590,0.00,0.6563,0.4625
10618278.0,5097.532735,15107.820625,20205.353360,1416,590,0.00,0.6094,0.4500
10619240.0,5098.303706,15110.956533,20209.260239,1417,590,0.00,0.6031,0.4375
10619379.0,5098.415243,15111.414075,20209.829318,1418,591,0.00,0.6281,0.4500
10619480.0,5098.497914,15111.747133,20210.245047,1419,592,0.00,0.6406,0.4500
10619521.0,5098.532009,15111.885167,20210.417176,1420,592,0.00,0.6469,0.4625
10619523.0,5098.533682,15111.892050,20210.425732,1421,593,0.00,0.6531,0.4750
10619649.0,5098.639217,15112.327875,20210.967092,1422,594,0.00,0.6641,0.4750
10619925.0,5098.870828,15113.281975,20212.152803,1423,594,0.00,0.6531,0.4750
10620055.0,5098.979762,15113.732392,20212.712154,1424,594,0.00,0.6516,0.4750
10620914.0,5099.693950,15116.680683,20216.374633,1425,594,0.00,0.6281,0.4500
10620936.0,5099.712031,15116.754750,20216.466781,1426,595,0.00,0.6469,0.4625
10620997.0,5099.763055,15116.964692,20216.727747,1427,596,0.00,0.6656,0.4750
10621013.0,5099.776672,15117.020958,20216.797630,1428,596,0.00,0.6703,0.4875
10621070.0,5099.825389,15117.225683,20217.051072,1429,597,0.00,0.6938,0.4875
10621072.0,5099.827135,15117.232867,20217.060001,1430,598,0.00,0.7172,0.4875
10621075.0,5099.829808,15117.243642,20217.073450,1431,598,0.00,0.7219,0.5000
10621079.0,5099.833380,15117.258158,20217.091538,1432,598,0.00,0.7234,0.5000
10621163.0,5099.908644,15117.566158,20217.474803,1433,599,0.00,0.7469,0.5000
10621473.0,5100.189664,15118.661275,20218.850939,1434,600,0.00,0.7453,0.4875
10621534.0,5100.245358,15118.880367,20219.125724,1435,600,0.00,0.7500,0.5000
10621540.0,5100.250858,15118.902367,20219.153224,1436,601,0.00,0.7750,0.5125
10621911.0,5100.596580,15120.253925,20220.850505,1437,602,0.00,0.7906,0.4875
10622088.0,5100.760339,15120.878400,20221.638739,1438,602,0.00,0.7438,0.4750
10622215.0,5100.876139,15121.325017,20222.201155,1439,602,0.00,0.7484,0.4875
10622339.0,5100.988898,15121.756733,20222.745631,1440,603,0.00,0.7516,0.4750
10622381.0,5101.026847,15121.904433,20222.931280,1441,604,0.00,0.7516,0.4750
10622536.0,5101.169119,15122.449517,20223.618635,1442,604,0.00,0.7563,0.4875
10622843.0,5101.444336,15123.513383,20224.957720,1443,604,0.00,0.7234,0.4625
10622994.0,5101.579147,15124.025575,20225.604722,1444,604,0.00,0.7219,0.4625
10623089.0,5101.664072,15124.350883,20226.014956,1445,604,0.00,0.7219,0.4625
10623164.0,5101.731182,15124.609008,20226.340190,1446,604,0.00,0.7344,0.4750
10623875.0,5102.349902,15127.006158,20229.356060,1447,605,0.00,0.6828,0.4500
10623916.0,5102.385342,15127.144192,20229.529534,1448,605,0.00,0.6875,0.4625
10623951.0,5102.415724,15127.264650,20229.680374,1449,605,0.00,0.6922,0.4750
10623981.0,5102.441875,15127.370150,20229.812025,1450,605,0.00,0.6969,0.4875
10623984.0,5102.444501,15127.380925,20229.825426,1451,605,0.00,0.6969,0.4875
10624068.0,5102.517939,15127.680750,20230.198689,1452,606,0.00,0.7156,0.4875
10624182.0,5102.618918,15128.080450,20230.699368,1453,606,0.00,0.7109,0.4750
10624232.0,5102.663066,15128.255008,20230.918075,1454,606,0.00,0.7031,0.4750
10624269.0,5102.695634,15128.385125,20231.080759,1455,606,0.00,0.7078,0.4875
10624621.0,5103.003583,15129.584217,20232.587799,1456,606,0.00,0.6984,0.4625
10624837.0,5103.188833,15130.323792,20233.512625,1457,606,0.00,0.6750,0.4625
10625058.0,5103.378270,15131.079150,20234.457420,1458,606,0.00,0.6750,0.4625
10625248.0,5103.540894,15131.723617,20235.264510,1459,606,0.00,0.6766,0.4625
10625532.0,5103.785005,15132.701050,20236.486055,1460,606,0.00,0.6813,0.4750
10625567.0,5103.815081,15132.823608,20236.638689,1461,606,0.00,0.6609,0.4750
10625608.0,5103.849824,15132.967792,20236.817616,1462,606,0.00,0.6781,0.4875
10625887.0,5104.088665,15133.942867,20238.031532,1463,606,0.00,0.6734,0.4750
10625979.0,5104.167520,15134.266400,20238.433920,1464,606,0.00,0.6781,0.4875
10626014.0,5104.197647,15134.392108,20238.589755,1465,606,0.00,0.6828,0.5000
10626024.0,5104.206291,15134.428775,20238.635066,1466,606,0.00,0.6891,0.5125
10626288.0,5104.433012,15135.364000,20239.797012,1467,606,0.00,0.6734,0.4750
10626406.0,5104.534152,15135.778967,20240.313119,1468,606,0.00,0.6781,0.4875
10626422.0,5104.547924,15135.836433,20240.384358,1469,607,0.00,0.6953,0.5000
10626535.0,5104.646402,15136.244617,20240.891019,1470,607,0.00,0.7031,0.5000
10626709.0,5104.798308,15136.865892,20241.664200,1471,608,0.00,0.7000,0.4875
10626716.0,5104.804452,15136.891033,20241.695486,1472,608,0.00,0.7047,0.5000
10626940.0,5105.000533,15137.688517,20242.689049,1473,609,0.00,0.7063,0.4875
10626997.0,5105.050843,15137.893242,20242.944085,1474,609,0.00,0.7109,0.5000
10627009.0,5105.061478,15137.937242,20242.998720,1475,609,0.00,0.7156,0.5125
10627217.0,5105.245574,15138.694733,20243.940307,1476,609,0.00,0.7109,0.5000
10627477.0,5105.475538,15139.638392,20245.113930,1477,610,0.00,0.7313,0.5000
10627637.0,5105.617939,15140.217108,20245.835047,1478,610,0.00,0.7125,0.5000
10627657.0,5105.635689,15140.290442,20245.926131,1479,610,0.00,0.7313,0.5125
10627857.0,5105.814724,15141.029475,20246.844199,1480,610,0.00,0.7125,0.5000
10628078.0,5106.010606,15141.834558,20247.845164,1481,610,0.00,0.7125,0.5000
10628141.0,5106.066519,15142.065558,20248.132077,1482,610,0.00,0.7172,0.5125
10628171.0,5106.093224,15142.177208,20248.270432,1483,610,0.00,0.7172,0.5125
10628219.0,5106.135977,15142.356358,20248.492335,1484,610,0.00,0.7250,0.5125
10628333.0,5106.236230,15142.765358,20249.001588,1485,610,0.00,0.6953,0.4875
10628449.0,5106.337629,15143.181992,20249.519620,1486,610,0.00,0.7000,0.5000
10628579.0,5106.451464,15143.655358,20250.106822,1487,611,0.00,0.7078,0.4875
10628816.0,5106.660394,15144.495408,20251.155803,1488,611,0.00,0.7078,0.4875
10629037.0,5106.855281,15145.280017,20252.135298,1489,611,0.00,0.7219,0.4875
10629105.0,5106.916127,15145.524250,20252.440377,1490,612,0.00,0.7391,0.5000
10629108.0,5106.918852,15145.535250,20252.454102,1491,613,0.00,0.7453,0.5125
10629109.0,5106.919765,15145.538992,20252.458756,1492,613,0.00,0.7500,0.5250
10629464.0,5107.244354,15146.879583,20254.123937,1493,613,0.00,0.7313,0.5125
10629645.0,5107.407602,15147.556225,20254.963827,1494,613,0.00,0.7391,0.5125
10629692.0,5107.450285,15147.732083,20255.182368,1495,613,0.00,0.7438,0.5250
10630406.0,5108.091882,15150.359008,20258.450891,1496,613,0.00,0.7141,0.5000
10630982.0,5108.601861,15152.431483,20261.033344,1497,614,0.00,0.7328,0.4875
10631099.0,5108.706143,15152.851708,20261.557852,1498,614,0.00,0.7156,0.5000
10631353.0,5108.928540,15153.764292,20262.692832,1499,614,0.00,0.7031,0.5000
10632259.0,5109.721386,15157.030492,20266.751877,1500,614,0.00,0.7094,0.4500
10632371.0,5109.820514,15157.407558,20267.228072,1501,615,0.00,0.7266,0.4500
10632550.0,5109.974641,15158.004717,20267.979358,1502,615,0.00,0.6656,0.4500
10633142.0,5110.478322,15159.995683,20270.474005,1503,616,0.00,0.6766,0.4500
10633184.0,5110.514423,15160.137083,20270.651506,1504,617,0.00,0.6953,0.4500
10633237.0,5110.560643,15160.314767,20270.875409,1505,617,0.00,0.6813,0.4375
10633547.0,5110.821708,15161.312008,20272.133716,1506,618,0.00,0.6703,0.4250
10633621.0,5110.884955,15161.550042,20272.434997,1507,618,0.00,0.7203,0.4250
10633622.0,5110.885848,15161.553258,20272.439107,1508,618,0.00,0.7703,0.4250
10634435.0,5111.590394,15164.159033,20275.749427,1509,618,0.00,0.6703,0.4250
10634499.0,5111.645094,15164.364900,20276.009994,1510,619,0.00,0.6953,0.4375
10634588.0,5111.722892,15164.657858,20276.380750,1511,619,0.00,0.7016,0.4500
10634702.0,5111.823097,15165.041658,20276.864755,1512,619,0.00,0.7063,0.4625
10635133.0,5112.202643,15166.507092,20278.709735,1513,620,0.00,0.7203,0.4625
10635301.0,5112.352764,15167.085292,20279.438055,1514,620,0.00,0.7250,0.4750
10635708.0,5112.712574,15168.471125,20281.183699,1515,620,0.00,0.6797,0.4500
10636450.0,5113.350393,15170.962367,20284.312760,1516,620,0.00,0.6594,0.4500
10636604.0,5113.480413,15171.474833,20284.955246,1517,620,0.00,0.6594,0.4500
10636619.0,5113.493106,15171.525333,20285.018439,1518,620,0.00,0.6641,0.4625
10636821.0,5113.664067,15172.206075,20285.870142,1519,620,0.00,0.6672,0.4500
10636834.0,5113.675146,15172.249842,20285.924988,1520,620,0.00,0.6797,0.4625
10637322.0,5114.093838,15173.914300,20288.008138,1521,620,0.00,0.6719,0.4625
10637407.0,5114.166520,15174.205417,20288.371937,1522,621,0.00,0.6844,0.4625
10637671.0,5114.393294,15175.114017,20289.507311,1523,621,0.00,0.6719,0.4750
10637870.0,5114.560487,15175.789008,20290.349495,1524,621,0.00,0.6547,0.4625
10637935.0,5114.615252,15176.012717,20290.627969,1525,621,0.00,0.6594,0.4750
10638056.0,5114.717290,15176.431033,20291.148323,1526,621,0.00,0.6594,0.4750
10638109.0,5114.762137,15176.617417,20291.379554,1527,622,0.00,0.6766,0.4875
10638114.0,5114.766435,15176.635375,20291.401810,1528,622,0.00,0.6891,0.5000
10638115.0,5114.767304,15176.639042,20291.406346,1529,622,0.00,0.6953,0.5125
10638273.0,5114.903688,15177.217250,20292.120938,1530,622,0.00,0.6781,0.5000
10638595.0,5115.179176,15178.373017,20293.552192,1531,622,0.00,0.6594,0.4750
10638652.0,5115.227408,15178.573467,20293.800874,1532,623,0.00,0.6766,0.4875
10638729.0,5115.293056,15178.843575,20294.136631,1533,623,0.00,0.6594,0.4750
10638744.0,5115.305749,15178.896325,20294.202074,1534,623,0.00,0.6719,0.4875
10638906.0,5115.444018,15179.470225,20294.914243,1535,624,0.00,0.6844,0.4875
10639074.0,5115.588345,15180.065150,20295.653495,1536,624,0.00,0.6766,0.4875
10639297.0,5115.779536,15180.856042,20296.635577,1537,624,0.00,0.6766,0.4875
10639399.0,5115.867078,15181.219692,20297.086770,1538,624,0.00,0.6766,0.4875
10639496.0,5115.950331,15181.565533,20297.515864,1539,624,0.00,0.6766,0.4875
10639679.0,5116.107628,15182.222808,20298.330436,1540,624,0.00,0.6828,0.5000
10639890.0,5116.289410,15182.983950,20299.273360,1541,624,0.00,0.6828,0.5000
10639932.0,5116.325715,15183.137950,20299.463665,1542,624,0.00,0.6875,0.5125
10639998.0,5116.382579,15183.383250,20299.765829,1543,624,0.00,0.6750,0.5125
10640082.0,5116.454385,15183.692450,20300.146835,1544,625,0.00,0.6828,0.5000
10640985.0,5117.215396,15186.813850,20304.029246,1545,625,0.00,0.6406,0.4500
10641008.0,5117.234523,15186.891283,20304.125806,1546,625,0.00,0.6531,0.4625
10641174.0,5117.372691,15187.445050,20304.817741,1547,626,0.00,0.6531,0.4500
10641229.0,5117.418964,15187.630217,20305.049180,1548,627,0.00,0.6703,0.4625
10641293.0,5117.473343,15187.848683,20305.322026,1549,627,0.00,0.6406,0.4500
10641464.0,5117.615210,15188.417483,20306.032694,1550,627,0.00,0.6406,0.4500
10641548.0,5117.685065,15188.700283,20306.385348,1551,627,0.00,0.6406,0.4500
10641879.0,5117.959350,15189.794625,20307.753975,1552,627,0.00,0.6406,0.4500
10641958.0,5118.025046,15190.060592,20308.085638,1553,627,0.00,0.6453,0.4625
10642072.0,5118.119925,15190.445967,20308.565891,1554,627,0.00,0.6406,0.4500
10642124.0,5118.163168,15190.621033,20308.784201,1555,627,0.00,0.6531,0.4625
10642305.0,5118.313694,15191.229725,20309.543419,1556,627,0.00,0.6359,0.4500
10642400.0,5118.392302,15191.548583,20309.940885,1557,627,0.00,0.6438,0.4500
10642530.0,5118.500726,15191.986250,20310.486976,1558,627,0.00,0.6484,0.4625
10642628.0,5118.582497,15192.321058,20310.903555,1559,628,0.00,0.6609,0.4500
10642768.0,5118.700626,15192.781967,20311.482592,1560,628,0.00,0.6609,0.4500
10642876.0,5118.791787,15193.138217,20311.930004,1561,628,0.00,0.6609,0.4500
10642988.0,5118.886462,15193.510483,20312.396945,1562,628,0.00,0.6609,0.4500
10643160.0,5119.031853,15194.082125,20313.113978,1563,628,0.00,0.6641,0.4375
10643184.0,5119.052249,15194.161125,20313.213374,1564,628,0.00,0.6688,0.4500
10643268.0,5119.123941,15194.443925,20313.567866,1565,628,0.00,0.6750,0.4625
10643384.0,5119.223507,15194.843158,20314.066666,1566,628,0.00,0.6813,0.4750
10643423.0,5119.257073,15194.978283,20314.235357,1567,628,0.00,0.6813,0.4750
10643478.0,5119.303839,15195.166225,20314.470064,1568,628,0.00,0.6625,0.4625
10643478.0,5119.303839,15195.166225,20314.470064,1569,628,0.00,0.6688,0.4750
10643599.0,5119.405702,15195.568117,20314.973819,1570,628,0.00,0.6516,0.4375
10643661.0,5119.457789,15195.772200,20315.229989,1571,628,0.00,0.6563,0.4500
10644001.0,5119.742108,15196.872692,20316.614800,1572,628,0.00,0.6500,0.4375
10644275.0,5119.970094,15197.741683,20317.711778,1573,628,0.00,0.6516,0.4250
10644279.0,5119.973455,15197.754550,20317.728005,1574,629,0.00,0.6797,0.4375
10644349.0,5120.033793,15197.984967,20318.018760,1575,630,0.00,0.6984,0.4375
10644350.0,5120.034670,15197.988258,20318.022928,1576,631,0.00,0.7172,0.4375
10644355.0,5120.039126,15198.004717,20318.043842,1577,632,0.00,0.7359,0.4375
10644680.0,5120.333488,15199.074508,20319.407996,1578,632,0.00,0.7406,0.4500
10644683.0,5120.336216,15199.084608,20319.420824,1579,633,0.00,0.7594,0.4500
10645428.0,5120.974556,15201.497825,20322.472381,1580,633,0.00,0.6547,0.4375
10645640.0,5121.151841,15202.185383,20323.337225,1581,633,0.00,0.6469,0.4375
10646016.0,5121.465122,15203.399800,20324.864922,1582,634,0.00,0.6594,0.4250
10646050.0,5121.493893,15203.509167,20325.003059,1583,634,0.00,0.6641,0.4375
10646071.0,5121.511739,15203.578292,20325.090031,1584,634,0.00,0.6688,0.4500
10646471.0,5121.850973,15204.880633,20326.731606,1585,634,0.00,0.6641,0.4375
10646508.0,5121.882417,15205.002425,20326.884842,1586,634,0.00,0.6688,0.4500
10646512.0,5121.885831,15205.015892,20326.901722,1587,634,0.00,0.6734,0.4625
10646562.0,5121.928686,15205.187975,20327.116661,1588,635,0.00,0.6859,0.4750
10646569.0,5121.934754,15205.212592,20327.147346,1589,635,0.00,0.6984,0.4875
10646759.0,5122.098731,15205.861258,20327.959989,1590,635,0.00,0.6844,0.4500
10646777.0,5122.114312,15205.921858,20328.036170,1591,635,0.00,0.6969,0.4500
10647070.0,5122.370789,15206.908292,20329.279081,1592,635,0.00,0.7031,0.4625
10647574.0,5122.814414,15208.642892,20331.457306,1593,635,0.00,0.7078,0.4750
10647629.0,5122.863026,15208.836308,20331.699334,1594,636,0.00,0.7328,0.4750
10647871.0,5123.078110,15209.658842,20332.736951,1595,636,0.00,0.7172,0.4625
10648174.0,5123.348127,15210.701667,20334.049793,1596,636,0.00,0.7219,0.4750
10648541.0,5123.670864,15211.957783,20335.628648,1597,636,0.00,0.6922,0.4500
10648627.0,5123.745812,15212.246942,20335.992754,1598,636,0.00,0.7000,0.4375
10648766.0,5123.867823,15212.704483,20336.572307,1599,636,0.00,0.7047,0.4500
10648822.0,5123.917183,15212.893017,20336.810200,1600,636,0.00,0.7094,0.4625
10648890.0,5123.977145,15213.122475,20337.099620,1601,637,0.00,0.7281,0.4625
10648940.0,5124.022128,15213.294558,20337.316686,1602,638,0.00,0.7406,0.4750
10649133.0,5124.193961,15213.959850,20338.153811,1603,638,0.00,0.7172,0.4750
10649150.0,5124.209111,15214.019633,20338.228744,1604,639,0.00,0.7344,0.4875
10649991.0,5124.962063,15216.953300,20341.915363,1605,639,0.00,0.7203,0.4750
10650038.0,5125.004061,15217.118583,20342.122645,1606,640,0.00,0.7328,0.4875
10650241.0,5125.185996,15217.834792,20343.020787,1607,640,0.00,0.7203,0.4750
10651499.0,5126.291390,15222.108158,20348.399548,1608,641,0.00,0.6891,0.4500
10651698.0,5126.464375,15222.778125,20349.242500,1609,641,0.00,0.6938,0.4625
10651826.0,5126.576108,15223.218658,20349.794766,1610,641,0.00,0.6984,0.4750
10652054.0,5126.770842,15223.988583,20350.759425,1611,641,0.00,0.6672,0.4500
10652600.0,5127.231974,15225.761983,20352.993957,1612,641,0.00,0.6594,0.4375
10652637.0,5127.263283,15225.883775,20353.147058,1613,641,0.00,0.6641,0.4500
10652875.0,5127.464214,15226.657742,20354.121956,1614,641,0.00,0.6594,0.4375
10652941.0,5127.520062,15226.874992,20354.395054,1615,641,0.00,0.6641,0.4500
10653290.0,5127.813134,15228.001433,20355.814567,1616,641,0.00,0.6406,0.4250
10653875.0,5128.294215,15229.846133,20358.140348,1617,642,0.00,0.6453,0.4250
10654717.0,5128.993396,15232.522992,20361.516388,1618,642,0.00,0.6375,0.4250
10655122.0,5129.327966,15233.800167,20363.128132,1619,643,0.00,0.6563,0.4250
10656080.0,5130.120441,15236.814083,20366.934524,1620,643,0.00,0.6641,0.4000
10656273.0,5130.282668,15237.405950,20367.688618,1621,643,0.00,0.6188,0.4125
10656453.0,5130.429293,15237.971450,20368.400743,1622,644,0.00,0.6375,0.4250
10656697.0,5130.630844,15238.740567,20369.371411,1623,644,0.00,0.6391,0.4250
10656856.0,5130.762875,15239.252017,20370.014892,1624,644,0.00,0.6891,0.4250
10657497.0,5131.282568,15241.255025,20372.537593,1625,644,0.00,0.6219,0.3875
10657876.0,5131.583116,15242.388867,20373.971983,1626,644,0.00,0.5844,0.4000
10657877.0,5131.583904,15242.391933,20373.975838,1627,644,0.00,0.5969,0.4125
10657877.0,5131.583904,15242.391933,20373.975838,1628,644,0.00,0.6094,0.4250
10658378.0,5131.988357,15244.003483,20375.991841,1629,645,0.00,0.6266,0.4375
10658479.0,5132.071244,15244.335942,20376.407186,1630,645,0.00,0.6313,0.4500
10659595.0,5132.979579,15248.028117,20381.007695,1631,645,0.00,0.6188,0.4500
10661315.0,5134.368263,15253.652208,20388.020471,1632,646,0.00,0.6203,0.4375
10661745.0,5134.719056,15255.067625,20389.786681,1633,646,0.00,0.6297,0.4500
10662507.0,5135.346251,15257.633025,20392.979276,1634,646,0.00,0.6344,0.4625
10663658.0,5136.290686,15261.502208,20397.792894,1635,646,0.00,0.6156,0.4500
10663820.0,5136.422254,15262.047608,20398.469863,1636,647,0.00,0.6391,0.4625
10665002.0,5137.399613,15266.030233,20403.429847,1637,647,0.00,0.6391,0.4625
10666012.0,5138.235521,15269.449167,20407.684688,1638,647,0.00,0.6391,0.4625
10666224.0,5138.411328,15270.174000,20408.585328,1639,647,0.00,0.6391,0.4625
10667061.0,5139.091704,15272.944650,20412.036354,1640,647,0.00,0.6031,0.4375
10667135.0,5139.151084,15273.188233,20412.339318,1641,648,0.00,0.6219,0.4500
10667435.0,5139.395368,15274.181358,20413.576726,1642,649,0.00,0.6359,0.4500
10667495.0,5139.445045,15274.383358,20413.828403,1643,650,0.00,0.6547,0.4625
10667961.0,5139.837666,15275.987175,20415.824841,1644,650,0.00,0.6594,0.4750
10668061.0,5139.922284,15276.338842,20416.261126,1645,650,0.00,0.6656,0.4875
10668813.0,5140.556528,15278.938975,20419.495503,1646,650,0.00,0.6594,0.4750
10668962.0,5140.682609,15279.462958,20420.145567,1647,650,0.00,0.6641,0.4875
10669358.0,5141.016993,15280.841083,20421.858076,1648,650,0.00,0.6609,0.4750
10670719.0,5142.163945,15285.529242,20427.693187,1649,651,0.00,0.6781,0.4750
10671173.0,5142.554732,15287.125808,20429.680540,1650,652,0.00,0.7031,0.4875
10671956.0,5143.243935,15289.938083,20433.182018,1651,652,0.00,0.7078,0.5000
10672357.0,5143.587726,15291.339942,20434.927667,1652,653,0.00,0.6594,0.4625
10673046.0,5144.166943,15293.654550,20437.821493,1653,653,0.00,0.6469,0.4500
10674417.0,5145.280724,15298.021700,20443.302424,1654,654,0.00,0.6297,0.4250
10674683.0,5145.499666,15298.877333,20444.376999,1655,654,0.00,0.6344,0.4375
10675622.0,5146.256915,15301.847908,20448.104824,1656,654,0.00,0.6063,0.4125
10676175.0,5146.699466,15303.546100,20450.245566,1657,655,0.00,0.6234,0.4125
10676483.0,5146.951481,15304.513733,20451.465214,1658,656,0.00,0.6469,0.4250
10677565.0,5147.837114,15307.914292,20455.751406,1659,656,0.00,0.6281,0.4250
10679143.0,5149.129286,15312.892542,20462.021828,1660,656,0.00,0.6281,0.4250
10679382.0,5149.322889,15313.647000,20462.969889,1661,656,0.00,0.6047,0.4125
10679807.0,5149.663454,15314.961958,20464.625412,1662,657,0.00,0.6234,0.4125
10680336.0,5150.088276,15316.590900,20466.679176,1663,658,0.00,0.6188,0.4125
10680346.0,5150.096422,15316.622317,20466.718739,1664,658,0.00,0.6234,0.4250
10680596.0,5150.300856,15317.423933,20467.724789,1665,658,0.00,0.6688,0.4125
10680596.0,5150.300856,15317.423933,20467.724789,1666,658,0.00,0.7188,0.4125
10680601.0,5150.305317,15317.439642,20467.744959,1667,658,0.00,0.7688,0.4125
10681180.0,5150.796172,15319.258667,20470.054839,1668,658,0.00,0.6688,0.4125
10681180.0,5150.796172,15319.258667,20470.054839,1669,658,0.00,0.7188,0.4125
10683715.0,5152.839667,15327.088842,20479.928509,1670,658,0.00,0.6016,0.4125
10683745.0,5152.863703,15327.183092,20480.046795,1671,658,0.00,0.6141,0.4125
10683747.0,5152.865325,15327.189375,20480.054700,1672,658,0.00,0.6266,0.4125
10684047.0,5153.111523,15328.131875,20481.243398,1673,658,0.00,0.6313,0.4250
10684998.0,5153.892496,15331.130400,20485.022896,1674,658,0.00,0.6313,0.4250
10687169.0,5155.638236,15337.683208,20493.321445,1675,658,0.00,0.6063,0.4000
10687855.0,5156.188680,15339.752142,20495.940821,1676,658,0.00,0.6063,0.4000
10687893.0,5156.219264,15339.868675,20496.087939,1677,659,0.00,0.6250,0.4125
10688894.0,5157.030257,15342.885458,20499.915715,1678,659,0.00,0.6156,0.4000
10689220.0,5157.294370,15343.871842,20501.166211,1679,660,0.00,0.6359,0.3875
10689757.0,5157.732796,15345.446567,20503.179363,1680,661,0.00,0.6344,0.3875
10689883.0,5157.836965,15345.823517,20503.660482,1681,661,0.00,0.6391,0.4000
10689955.0,5157.896752,15346.044317,20503.941069,1682,661,0.00,0.6438,0.4125
10689994.0,5157.929280,15346.166842,20504.096121,1683,661,0.00,0.6563,0.4250
10690004.0,5157.937623,15346.198483,20504.136107,1684,661,0.00,0.6453,0.4250
10690011.0,5157.943459,15346.220775,20504.164234,1685,661,0.00,0.6406,0.4125
10690314.0,5158.193073,15347.133175,20505.326248,1686,661,0.00,0.6281,0.3875
10690695.0,5158.505285,15348.254025,20506.759310,1687,661,0.00,0.6281,0.3875
10691001.0,5158.756137,15349.156275,20507.912412,1688,661,0.00,0.6281,0.3875
10691064.0,5158.807915,15349.344750,20508.152665,1689,661,0.00,0.6328,0.4000
10691284.0,5158.988600,15350.000292,20508.988892,1690,661,0.00,0.6281,0.3875
10691513.0,5159.176398,15350.676908,20509.853306,1691,662,0.00,0.6484,0.3750
10691553.0,5159.209905,15350.793575,20510.003480,1692,662,0.00,0.6734,0.3750
10691557.0,5159.213333,15350.805242,20510.018575,1693,663,0.00,0.6984,0.3750
10691565.0,5159.220345,15350.828575,20510.048920,1694,664,0.00,0.7234,0.3750
10692130.0,5159.705254,15352.437867,20512.143121,1695,664,0.00,0.6094,0.3750
10692277.0,5159.823798,15352.863992,20512.687790,1696,664,0.00,0.6047,0.3625
10692393.0,5159.917021,15353.193625,20513.110646,1697,664,0.00,0.6094,0.3750
10692471.0,5159.979990,15353.421125,20513.401115,1698,664,0.00,0.6266,0.3875
10693137.0,5160.520710,15355.344575,20515.865285,1699,664,0.00,0.6219,0.3750
10693277.0,5160.635092,15355.752908,20516.388000,1700,665,0.00,0.6453,0.3750
10693630.0,5160.929167,15356.782492,20517.711659,1701,665,0.00,0.6266,0.3875
10693799.0,5161.067859,15357.288083,20518.355942,1702,665,0.00,0.6313,0.4000
10693843.0,5161.104128,15357.423017,20518.527145,1703,666,0.00,0.6500,0.4125
10694113.0,5161.328628,15358.238117,20519.566744,1704,666,0.00,0.6344,0.3875
10694362.0,5161.532948,15358.974417,20520.507364,1705,666,0.00,0.6219,0.3875
10694679.0,5161.788313,15359.911750,20521.700063,1706,666,0.00,0.5969,0.3875
10694806.0,5161.889213,15360.284117,20522.173330,1707,666,0.00,0.5906,0.3750
10694906.0,5161.968484,15360.575783,20522.544268,1708,666,0.00,0.5953,0.3875
10695204.0,5162.204033,15361.431000,20523.635033,1709,666,0.00,0.5906,0.3750
10695272.0,5162.257937,15361.629333,20523.887271,1710,666,0.00,0.5953,0.3875
10695393.0,5162.353921,15361.983600,20524.337521,1711,667,0.00,0.6094,0.3750
10695455.0,5162.403973,15362.164433,20524.568406,1712,668,0.00,0.6328,0.3750
10695522.0,5162.459283,15362.359850,20524.819133,1713,668,0.00,0.6375,0.3875
10695666.0,5162.578683,15362.790650,20525.369333,1714,668,0.00,0.6500,0.3875
10695717.0,5162.621466,15362.943225,20525.564691,1715,668,0.00,0.6547,0.4000
10695739.0,5162.640002,15363.010692,20525.650693,1716,668,0.00,0.6594,0.4125
10695900.0,5162.776116,15363.514025,20526.290141,1717,668,0.00,0.6719,0.4125
10695939.0,5162.809342,15363.635575,20526.444917,1718,668,0.00,0.6563,0.4000
10696159.0,5162.994467,15364.302517,20527.296983,1719,668,0.00,0.6625,0.4000
10696189.0,5163.019925,15364.394517,20527.414442,1720,668,0.00,0.6672,0.4125
10696372.0,5163.175341,15364.969442,20528.144783,1721,668,0.00,0.6484,0.4250
10696595.0,5163.361382,15365.678358,20529.039740,1722,668,0.00,0.6547,0.4000
10696678.0,5163.431312,15365.932892,20529.364204,1723,668,0.00,0.6594,0.4125
10696883.0,5163.604363,15366.568383,20530.172747,1724,668,0.00,0.6594,0.4125
10696996.0,5163.698060,15366.918742,20530.616802,1725,668,0.00,0.6359,0.4125
10697207.0,5163.871807,15367.562058,20531.433865,1726,668,0.00,0.6391,0.4000
10697448.0,5164.071248,15368.295875,20532.367123,1727,668,0.00,0.6313,0.4000
10697495.0,5164.109990,15368.440008,20532.549999,1728,668,0.00,0.6438,0.4125
10697537.0,5164.145020,15368.571958,20532.716978,1729,668,0.00,0.6500,0.4250
10697677.0,5164.260331,15369.013517,20533.273848,1730,669,0.00,0.6516,0.4250
10697699.0,5164.278814,15369.084283,20533.363097,1731,669,0.00,0.6641,0.4250
10699813.0,5166.020044,15375.545317,20541.565361,1732,670,0.00,0.6281,0.3875
10701015.0,5166.995105,15379.141300,20546.136405,1733,670,0.00,0.6078,0.4000
10701611.0,5167.473969,15380.937008,20548.410978,1734,670,0.00,0.6094,0.4000
10701674.0,5167.524289,15381.124808,20548.649097,1735,671,0.00,0.6141,0.3750
10701674.0,5167.524289,15381.124808,20548.649097,1736,671,0.00,0.6375,0.3875
10701870.0,5167.686806,15381.711175,20549.397981,1737,671,0.00,0.6422,0.4000
10702087.0,5167.867143,15382.368767,20550.235910,1738,672,0.00,0.6547,0.4000
10702237.0,5167.993523,15382.828767,20550.822290,1739,673,0.00,0.6734,0.4125
10702950.0,5168.604649,15385.068775,20553.673424,1740,674,0.00,0.6969,0.4250
10703308.0,5168.912062,15386.220342,20555.132404,1741,675,0.00,0.6969,0.4375
10703545.0,5169.119519,15387.000467,20556.119986,1742,675,0.00,0.7469,0.4375
10703619.0,5169.187173,15387.244050,20556.431223,1743,676,0.00,0.7656,0.4500
10703820.0,5169.366549,15387.909725,20557.276274,1744,677,0.00,0.7141,0.4500
10703900.0,5169.437647,15388.179058,20557.616705,1745,678,0.00,0.7328,0.4500
10704081.0,5169.601144,15388.788425,20558.389569,1746,679,0.00,0.7516,0.4500
10704127.0,5169.643366,15388.943292,20558.586658,1747,679,0.00,0.8016,0.4500
10704128.0,5169.644323,15388.946658,20558.590981,1748,679,0.00,0.8516,0.4500
10704162.0,5169.678157,15389.061050,20558.739207,1749,680,0.00,0.8469,0.4375
10704395.0,5169.897907,15389.815708,20559.713615,1750,681,0.00,0.7094,0.4375
10704404.0,5169.905873,15389.845333,20559.751206,1751,682,0.00,0.7266,0.4500
10704703.0,5170.163287,15390.795192,20560.958479,1752,682,0.00,0.7016,0.4000
10704811.0,5170.258218,15391.126392,20561.384610,1753,682,0.00,0.7063,0.4125
10704947.0,5170.375730,15391.553658,20561.929388,1754,682,0.00,0.6609,0.4250
10705037.0,5170.451995,15391.843158,20562.295153,1755,682,0.00,0.6656,0.4375
10705216.0,5170.601365,15392.412042,20563.013407,1756,683,0.00,0.6375,0.4125
10705282.0,5170.655935,15392.619392,20563.275326,1757,684,0.00,0.6422,0.4250
10705342.0,5170.705863,15392.812167,20563.518030,1758,684,0.00,0.6297,0.4250
10705525.0,5170.855559,15393.396992,20564.252551,1759,685,0.00,0.6344,0.4250
10705525.0,5170.855559,15393.396992,20564.252551,1760,686,0.00,0.6625,0.4375
10706343.0,5171.509675,15395.921350,20567.431025,1761,686,0.00,0.5891,0.4000
10706467.0,5171.607499,15396.296667,20567.904166,1762,686,0.00,0.5891,0.4000
10707394.0,5172.336848,15399.072117,20571.408964,1763,687,0.00,0.6063,0.4000
10708156.0,5172.950152,15401.408917,20574.359069,1764,688,0.00,0.6188,0.4125
10708284.0,5173.054419,15401.811050,20574.865469,1765,688,0.00,0.6234,0.4250
10708418.0,5173.164061,15402.242083,20575.406145,1766,688,0.00,0.6422,0.4375
10708551.0,5173.274687,15402.677025,20575.951712,1767,688,0.00,0.6547,0.4250
10708596.0,5173.312601,15402.821775,20576.134376,1768,689,0.00,0.6734,0.4375
10708879.0,5173.555165,15403.753317,20577.308482,1769,689,0.00,0.6781,0.4500
10710068.0,5174.559103,15407.602758,20582.161862,1770,690,0.00,0.6328,0.4125
10710115.0,5174.597903,15407.750417,20582.348320,1771,690,0.00,0.6500,0.4250
10710154.0,5174.630620,15407.875867,20582.506486,1772,691,0.00,0.6625,0.4375
10710174.0,5174.647592,15407.941700,20582.589292,1773,691,0.00,0.6672,0.4500
10710260.0,5174.720886,15408.231233,20582.952119,1774,691,0.00,0.6719,0.4625
10710382.0,5174.824923,15408.643242,20583.468165,1775,691,0.00,0.6719,0.4625
10711110.0,5175.437335,15411.062825,20586.500160,1776,691,0.00,0.6531,0.4500
10711209.0,5175.520625,15411.396125,20586.916750,1777,691,0.00,0.6594,0.4625
10711222.0,5175.531626,15411.440867,20586.972492,1778,691,0.00,0.6656,0.4750
10711224.0,5175.533328,15411.447900,20586.981228,1779,691,0.00,0.6719,0.4875
10711265.0,5175.568401,15411.594783,20587.163185,1780,691,0.00,0.6797,0.4875
10711456.0,5175.733039,15412.280792,20588.013831,1781,692,0.00,0.6969,0.4875
10711517.0,5175.786436,15412.499883,20588.286319,1782,693,0.00,0.7141,0.4875
10711520.0,5175.789102,15412.510658,20588.299760,1783,694,0.00,0.7313,0.4875
10711540.0,5175.807143,15412.582492,20588.389635,1784,695,0.00,0.7438,0.5000
10711742.0,5175.990259,15413.314908,20589.305167,1785,696,0.00,0.7594,0.5000
10711854.0,5176.093742,15413.725575,20589.819317,1786,697,0.00,0.7766,0.5000
10712000.0,5176.230124,15414.258283,20590.488407,1787,698,0.00,0.7703,0.4875
10712044.0,5176.271152,15414.416317,20590.687469,1788,699,0.00,0.7875,0.4875
10712251.0,5176.460448,15415.131592,20591.592039,1789,699,0.00,0.7406,0.4625
10712254.0,5176.463176,15415.141917,20591.605093,1790,699,0.00,0.7453,0.4750
10712494.0,5176.677256,15415.969942,20592.647198,1791,699,0.00,0.7047,0.4625
10712579.0,5176.750114,15416.248383,20592.998497,1792,700,0.00,0.6688,0.4125
10712677.0,5176.833754,15416.556267,20593.390021,1793,700,0.00,0.6750,0.4250
10713332.0,5177.379224,15418.569058,20595.948283,1794,701,0.00,0.6469,0.4125
10713333.0,5177.380061,15418.572200,20595.952261,1795,701,0.00,0.6641,0.4250
10713339.0,5177.385160,15418.591500,20595.976660,1796,702,0.00,0.6891,0.4375
10713399.0,5177.437316,15418.789000,20596.226316,1797,702,0.00,0.6953,0.4500
10714998.0,5178.744027,15423.662075,20602.406102,1798,702,0.00,0.6156,0.3875
10715344.0,5179.021169,15424.675517,20603.696686,1799,703,0.00,0.6047,0.3875
10715679.0,5179.288563,15425.670675,20604.959238,1800,704,0.00,0.6047,0.3875
10716310.0,5179.795663,15427.558417,20607.354080,1801,704,0.00,0.6219,0.4000
10716405.0,5179.873279,15427.849750,20607.723029,1802,704,0.00,0.6391,0.4125
10716963.0,5180.325807,15429.548950,20609.874757,1803,705,0.00,0.6156,0.3875
10717093.0,5180.431387,15429.937867,20610.369253,1804,705,0.00,0.6328,0.4000
10717116.0,5180.450374,15430.008400,20610.458774,1805,706,0.00,0.6516,0.4125
10717116.0,5180.450374,15430.008400,20610.458774,1806,707,0.00,0.6703,0.4250
10717191.0,5180.514052,15430.249650,20610.763702,1807,708,0.00,0.6703,0.4250
10717233.0,5180.549949,15430.384750,20610.934699,1808,709,0.00,0.6891,0.4250
10717273.0,5180.584493,15430.512142,20611.096634,1809,710,0.00,0.7000,0.4250
10717382.0,5180.680170,15430.862758,20611.542929,1810,711,0.00,0.7188,0.4250
10717431.0,5180.723896,15431.020375,20611.744271,1811,711,0.00,0.7234,0.4375
10717569.0,5180.847545,15431.474625,20612.322170,1812,711,0.00,0.7359,0.4500
10717746.0,5181.003174,15432.060850,20613.064024,1813,712,0.00,0.6875,0.4375
10717860.0,5181.102133,15432.436100,20613.538233,1814,713,0.00,0.6938,0.4500
10717919.0,5181.153434,15432.633608,20613.787043,1815,713,0.00,0.6953,0.4500
10717964.0,5181.191973,15432.782033,20613.974006,1816,714,0.00,0.6953,0.4375
10718017.0,5181.237573,15432.952742,20614.190314,1817,715,0.00,0.7016,0.4250
10718145.0,5181.349870,15433.364475,20614.714345,1818,716,0.00,0.6906,0.4375
10718152.0,5181.355963,15433.387517,20614.743480,1819,717,0.00,0.7047,0.4500
10718200.0,5181.398272,15433.549117,20614.947388,1820,718,0.00,0.7188,0.4625
10718594.0,5181.732634,15434.852933,20616.585568,1821,718,0.00,0.6438,0.4375
10718885.0,5181.974068,15435.791233,20617.765301,1822,719,0.00,0.6609,0.4250
10719282.0,5182.310484,15437.068250,20619.378734,1823,719,0.00,0.6859,0.4375
10719658.0,5182.636416,15438.305917,20620.942332,1824,719,0.00,0.6922,0.4500
10719693.0,5182.666925,15438.423750,20621.090675,1825,719,0.00,0.7047,0.4625
10720534.0,5183.385698,15441.239142,20624.624840,1826,720,0.00,0.6656,0.4375
10720951.0,5183.735355,15442.582442,20626.317797,1827,720,0.00,0.6547,0.4375
10721537.0,5184.226490,15444.471383,20628.697873,1828,721,0.00,0.6547,0.4375
10722360.0,5184.917815,15447.148325,20632.066140,1829,722,0.00,0.6719,0.4375
10722753.0,5185.254185,15448.441950,20633.696135,1830,722,0.00,0.6781,0.4500
10722758.0,5185.258489,15448.458783,20633.717272,1831,723,0.00,0.6969,0.4625
10723624.0,5186.012437,15451.375967,20637.388403,1832,724,0.00,0.7094,0.4500
10723647.0,5186.032793,15451.453400,20637.486193,1833,725,0.00,0.7281,0.4500
10723647.0,5186.032793,15451.453400,20637.486193,1834,726,0.00,0.7469,0.4500
10723648.0,5186.033708,15451.456767,20637.490474,1835,727,0.00,0.7656,0.4500
10723650.0,5186.035565,15451.463500,20637.499065,1836,728,0.00,0.7844,0.4500
10723894.0,5186.265756,15452.284967,20638.550722,1837,729,0.00,0.8031,0.4625
10724620.0,5186.953291,15454.742667,20641.695958,1838,729,0.00,0.7969,0.4625
10724733.0,5187.060002,15455.126475,20642.186477,1839,730,0.00,0.7969,0.4625
10725317.0,5187.604381,15457.084358,20644.688739,1840,730,0.00,0.7609,0.4500
10725785.0,5188.035841,15458.656508,20646.692349,1841,731,0.00,0.7406,0.4375
10725805.0,5188.053707,15458.722342,20646.776049,1842,731,0.00,0.7094,0.4500
10725805.0,5188.053707,15458.722342,20646.776049,1843,731,0.00,0.7156,0.4625
10725873.0,5188.113683,15458.956375,20647.070058,1844,732,0.00,0.7203,0.4625
10726767.0,5188.894890,15461.895000,20650.789890,1845,732,0.00,0.6703,0.4250
10727104.0,5189.174997,15462.915717,20652.090714,1846,732,0.00,0.6266,0.3875
10727253.0,5189.296415,15463.357050,20652.653465,1847,733,0.00,0.6172,0.3875
10727401.0,5189.416443,15463.793367,20653.209810,1848,734,0.00,0.6063,0.3875
10727819.0,5189.752875,15465.043883,20654.796759,1849,734,0.00,0.6109,0.4000
10727897.0,5189.815939,15465.283083,20655.099022,1850,734,0.00,0.6609,0.4000
10728140.0,5190.018660,15466.016133,20656.034793,1851,734,0.00,0.6109,0.4000
10728374.0,5190.207012,15466.721883,20656.928895,1852,735,0.00,0.6141,0.3875
10728607.0,5190.395960,15467.418942,20657.814902,1853,736,0.00,0.6313,0.4000
10728617.0,5190.404203,15467.449608,20657.853812,1854,737,0.00,0.6594,0.4125
10728855.0,5190.601263,15468.182475,20658.783738,1855,738,0.00,0.6563,0.4000
10729535.0,5191.175013,15470.267808,20661.442822,1856,739,0.00,0.6750,0.4125
10729655.0,5191.276876,15470.638958,20661.915834,1857,740,0.00,0.6547,0.4000
10729842.0,5191.433185,15471.212425,20662.645610,1858,740,0.00,0.6359,0.4125
10730003.0,5191.565844,15471.708333,20663.274177,1859,740,0.00,0.6359,0.4125
10730848.0,5192.261491,15474.301767,20666.563258,1860,741,0.00,0.6484,0.4000
10731531.0,5192.826444,15476.356025,20669.182469,1861,742,0.00,0.6438,0.4000
10731648.0,5192.924025,15476.714825,20669.638850,1862,743,0.00,0.6609,0.4125
10731652.0,5192.927414,15476.727392,20669.654806,1863,744,0.00,0.6781,0.4250
10732382.0,5193.547282,15479.029808,20672.577090,1864,744,0.00,0.6297,0.4125
10732385.0,5193.549751,15479.039233,20672.588985,1865,744,0.00,0.6359,0.4250
10732386.0,5193.550579,15479.042450,20672.593029,1866,745,0.00,0.6609,0.4250
10732440.0,5193.596339,15479.216150,20672.812489,1867,745,0.00,0.6734,0.4375
10732936.0,5194.014913,15480.778317,20674.793230,1868,746,0.00,0.6688,0.4000
10732939.0,5194.017473,15480.787517,20674.804990,1869,747,0.00,0.6859,0.4125
10732982.0,5194.054747,15480.922608,20674.977356,1870,748,0.00,0.7141,0.4250
10733057.0,5194.120973,15481.163858,20675.284832,1871,749,0.00,0.6984,0.4375
10733472.0,5194.479497,15482.486700,20676.966197,1872,750,0.00,0.6984,0.4125
10733527.0,5194.527708,15482.659492,20677.187199,1873,751,0.00,0.7219,0.4125
10733576.0,5194.571552,15482.813433,20677.384986,1874,751,0.00,0.7266,0.4250
10735278.0,5195.960608,15487.897975,20683.858583,1875,751,0.00,0.6000,0.3875
10735391.0,5196.049841,15488.231533,20684.281375,1876,751,0.00,0.5813,0.3875
10735448.0,5196.094530,15488.400408,20684.494938,1877,751,0.00,0.5828,0.3875
10736347.0,5196.788789,15490.972167,20687.760955,1878,751,0.00,0.5594,0.3625
10736760.0,5197.106139,15492.145775,20689.251914,1879,751,0.00,0.5641,0.3750
10737192.0,5197.438316,15493.379525,20690.817841,1880,751,0.00,0.5594,0.3625
10737323.0,5197.538977,15493.751783,20691.290760,1881,752,0.00,0.5766,0.3750
10737567.0,5197.729729,15494.463450,20692.193179,1882,752,0.00,0.5891,0.3875
10737990.0,5198.064531,15495.728925,20693.793456,1883,753,0.00,0.6016,0.4000
10738073.0,5198.131032,15495.983458,20694.114490,1884,753,0.00,0.6078,0.4125
10738644.0,5198.588878,15497.745475,20696.334353,1885,754,0.00,0.6078,0.4000
10740286.0,5199.881281,15502.569442,20702.450723,1886,755,0.00,0.5781,0.3750
10740992.0,5200.434069,15504.628608,20705.062678,1887,755,0.00,0.5906,0.3750
10741000.0,5200.440411,15504.651942,20705.092353,1888,755,0.00,0.6031,0.3750
10741957.0,5201.193851,15507.331442,20708.525293,1889,756,0.00,0.5906,0.3625
10742647.0,5201.740820,15509.292192,20711.033011,1890,756,0.00,0.5906,0.3625
10743014.0,5202.031744,15510.335083,20712.366827,1891,756,0.00,0.5953,0.3750
10744103.0,5202.893975,15513.436108,20716.330083,1892,756,0.00,0.5859,0.3625
10744560.0,5203.252263,15514.718625,20717.970888,1893,757,0.00,0.5781,0.3625
10745373.0,5203.881247,15517.028900,20720.910147,1894,758,0.00,0.5844,0.3750
10746285.0,5204.594324,15519.660925,20724.255249,1895,758,0.00,0.5719,0.3750
10746959.0,5205.115552,15521.601858,20726.717411,1896,758,0.00,0.5719,0.3625
10747329.0,5205.403459,15522.653275,20728.056734,1897,758,0.00,0.5766,0.3750
10748277.0,5206.142838,15525.382500,20731.525338,1898,758,0.00,0.5813,0.3750
10748513.0,5206.328197,15526.070833,20732.399030,1899,759,0.00,0.5984,0.3875
10751096.0,5208.380318,15533.629858,20742.010177,1900,760,0.00,0.5922,0.3750
10751225.0,5208.482735,15534.006108,20742.488843,1901,760,0.00,0.6422,0.3750
10751225.0,5208.482735,15534.006108,20742.488843,1902,760,0.00,0.6922,0.3750
10751226.0,5208.483606,15534.009025,20742.492631,1903,760,0.00,0.7422,0.3750
10751226.0,5208.483606,15534.009025,20742.492631,1904,760,0.00,0.7922,0.3750
10752723.0,5209.691172,15538.340400,20748.031572,1905,761,0.00,0.5922,0.3750
10753718.0,5210.481126,15541.242483,20751.723609,1906,761,0.00,0.5984,0.3875
10753791.0,5210.539437,15541.460875,20752.000312,1907,761,0.00,0.6109,0.4000
10754077.0,5210.770670,15542.337942,20753.108611,1908,762,0.00,0.6297,0.4125
10754324.0,5210.973973,15543.113933,20754.087906,1909,762,0.00,0.6422,0.4250
10755248.0,5211.741528,15546.055833,20757.797361,1910,763,0.00,0.6531,0.4250
10756592.0,5212.862306,15550.302233,20763.164539,1911,763,0.00,0.6531,0.4250
10756895.0,5213.117226,15551.276883,20764.394109,1912,764,0.00,0.6703,0.4375
10758411.0,5214.373882,15556.037250,20770.411132,1913,764,0.00,0.6297,0.4125
10758951.0,5214.818351,15557.733750,20772.552101,1914,764,0.00,0.6359,0.4250
10760324.0,5215.955128,15562.150233,20778.105362,1915,764,0.00,0.6422,0.4375
10761382.0,5216.836244,15565.632817,20782.469061,1916,764,0.00,0.6469,0.4500
10762239.0,5217.549476,15568.498850,20786.048326,1917,764,0.00,0.6234,0.4250
10762275.0,5217.578932,15568.614650,20786.193582,1918,765,0.00,0.6406,0.4375
10763677.0,5218.744831,15573.229567,20791.974398,1919,766,0.00,0.6594,0.4500
10764452.0,5219.397136,15575.820808,20795.217944,1920,767,0.00,0.6500,0.4500
10764473.0,5219.414753,15575.891508,20795.306261,1921,768,0.00,0.6672,0.4625
10767397.0,5221.888749,15585.769767,20807.658515,1922,768,0.00,0.6734,0.4500
10768954.0,5223.212587,15590.886942,20814.099529,1923,769,0.00,0.6672,0.4375
10769663.0,5223.816837,15593.220733,20817.037571,1924,769,0.00,0.6797,0.4375
10769672.0,5223.824595,15593.250358,20817.074953,1925,769,0.00,0.6922,0.4375
10769676.0,5223.828082,15593.263525,20817.091607,1926,769,0.00,0.7047,0.4375
10769679.0,5223.830726,15593.273400,20817.104126,1927,769,0.00,0.7172,0.4375
10771104.0,5225.083109,15597.896525,20822.979634,1928,769,0.00,0.6969,0.4375
10771657.0,5225.567176,15599.716817,20825.283993,1929,770,0.00,0.7156,0.4500
10772752.0,5226.538577,15603.340092,20829.878668,1930,771,0.00,0.7172,0.4500
10772842.0,5226.618707,15603.641967,20830.260673,1931,772,0.00,0.7172,0.4500
10773004.0,5226.760467,15604.172892,20830.933359,1932,772,0.00,0.6906,0.4375
10773256.0,5226.979687,15604.999467,20831.979154,1933,773,0.00,0.7094,0.4250
10774041.0,5227.674467,15607.524550,20835.199017,1934,773,0.00,0.7156,0.4375
10774043.0,5227.676247,15607.531133,20835.207380,1935,773,0.00,0.7281,0.4375
10774081.0,5227.710433,15607.656217,20835.366650,1936,774,0.00,0.7453,0.4500
10774131.0,5227.756084,15607.824550,20835.580634,1937,774,0.00,0.7578,0.4500
10774134.0,5227.758853,15607.834650,20835.593503,1938,774,0.00,0.7703,0.4500
10774745.0,5228.322994,15609.805358,20838.128352,1939,774,0.00,0.8078,0.4250
10775432.0,5228.964929,15612.015208,20840.980138,1940,774,0.00,0.8078,0.4250
10775528.0,5229.057246,15612.324008,20841.381254,1941,774,0.00,0.8141,0.4375
10775596.0,5229.122272,15612.547167,20841.669439,1942,774,0.00,0.8078,0.4250
10775806.0,5229.316554,15613.222667,20842.539221,1943,775,0.00,0.7750,0.4375
10776158.0,5229.639341,15614.343608,20843.982949,1944,776,0.00,0.7594,0.4250
10776230.0,5229.705866,15614.575208,20844.281074,1945,776,0.00,0.7594,0.4250
10776531.0,5229.983977,15615.543425,20845.527402,1946,777,0.00,0.7781,0.4250
10776951.0,5230.377032,15616.892700,20847.269732,1947,778,0.00,0.7703,0.4250
10777147.0,5230.559795,15617.523167,20848.082962,1948,779,0.00,0.7719,0.4125
10777152.0,5230.564464,15617.538875,20848.103339,1949,780,0.00,0.7891,0.4250
10777323.0,5230.726409,15618.088925,20848.815334,1950,781,0.00,0.8000,0.4375
10777509.0,5230.900887,15618.682050,20849.582937,1951,782,0.00,0.7781,0.4000
10777556.0,5230.944998,15618.826183,20849.771182,1952,782,0.00,0.7969,0.4000
10777725.0,5231.102635,15619.344450,20850.447085,1953,782,0.00,0.7531,0.4125
10777825.0,5231.193786,15619.652767,20850.846553,1954,783,0.00,0.7594,0.4000
10777972.0,5231.329608,15620.103567,20851.433175,1955,784,0.00,0.7781,0.4000
10778134.0,5231.480106,15620.600367,20852.080473,1956,785,0.00,0.7500,0.4125
10778134.0,5231.480106,15620.600367,20852.080473,1957,786,0.00,0.7594,0.4250
10779047.0,5232.309673,15623.478308,20855.787981,1958,787,0.00,0.7453,0.4125
10779107.0,5232.364454,15623.666808,20856.031262,1959,787,0.00,0.7516,0.4250
10779198.0,5232.447806,15623.956825,20856.404631,1960,787,0.00,0.7516,0.4250
10779512.0,5232.731907,15624.937908,20857.669816,1961,787,0.00,0.7344,0.4125
10780285.0,5233.431097,15627.366417,20860.797513,1962,787,0.00,0.7406,0.4250
10780570.0,5233.690268,15628.283167,20861.973435,1963,788,0.00,0.7578,0.4375
10780942.0,5234.029492,15629.485017,20863.514508,1964,788,0.00,0.7469,0.4375
10781460.0,5234.495029,15631.121625,20865.616654,1965,789,0.00,0.7375,0.4250
10781899.0,5234.893178,15632.533742,20867.426920,1966,790,0.00,0.7563,0.4250
10782000.0,5234.986252,15632.858625,20867.844877,1967,790,0.00,0.7625,0.4375
10782128.0,5235.103791,15633.272833,20868.376624,1968,790,0.00,0.7547,0.4375
10782482.0,5235.422295,15634.399908,20869.822203,1969,790,0.00,0.7250,0.4250
10782603.0,5235.530514,15634.783800,20870.314314,1970,790,0.00,0.7250,0.4250
10782608.0,5235.535000,15634.799883,20870.334883,1971,790,0.00,0.7313,0.4375
10782720.0,5235.636033,15635.168550,20870.804583,1972,790,0.00,0.7438,0.4500
10782989.0,5235.879739,15636.049958,20871.929697,1973,791,0.00,0.7547,0.4250
10783359.0,5236.213813,15637.220175,20873.433988,1974,792,0.00,0.7547,0.4250
10783498.0,5236.341737,15637.667292,20874.009028,1975,793,0.00,0.7781,0.4250
10783858.0,5236.674529,15638.799642,20875.474171,1976,794,0.00,0.7563,0.4125
10783954.0,5236.761301,15639.101242,20875.862542,1977,795,0.00,0.7422,0.4250
10784738.0,5237.475203,15641.623108,20879.098312,1978,795,0.00,0.7422,0.4250
10785108.0,5237.808602,15642.786125,20880.594727,1979,796,0.00,0.7469,0.4250
10785731.0,5238.378172,15644.790108,20883.168280,1980,796,0.00,0.7641,0.4375
10786024.0,5238.649398,15645.751417,20884.400815,1981,796,0.00,0.7531,0.4375
10786726.0,5239.291464,15648.013717,20887.305181,1982,797,0.00,0.7641,0.4375
10786775.0,5239.336917,15648.175008,20887.511925,1983,797,0.00,0.7688,0.4500
10786929.0,5239.480001,15648.690025,20888.170026,1984,797,0.00,0.7609,0.4375
10786999.0,5239.544763,15648.920442,20888.465205,1985,797,0.00,0.7672,0.4500
10787140.0,5239.675242,15649.385017,20889.060259,1986,798,0.00,0.7625,0.4500
10787314.0,5239.836434,15649.970817,20889.807250,1987,798,0.00,0.7688,0.4625
10787488.0,5239.996647,15650.565242,20890.561889,1988,798,0.00,0.7391,0.4625
10787560.0,5240.061835,15650.809967,20890.871802,1989,798,0.00,0.7391,0.4625
10787579.0,5240.079090,15650.875358,20890.954448,1990,799,0.00,0.7516,0.4750
10788145.0,5240.593483,15652.786667,20893.380149,1991,799,0.00,0.7453,0.4625
10789246.0,5241.583440,15656.350042,20897.933482,1992,799,0.00,0.7328,0.4125
10789248.0,5241.585247,15656.356325,20897.941572,1993,800,0.00,0.7516,0.4125
10789250.0,5241.587083,15656.362608,20897.949691,1994,801,0.00,0.7703,0.4125
10789332.0,5241.663545,15656.620225,20898.283770,1995,802,0.00,0.7891,0.4125
10789370.0,5241.699533,15656.739608,20898.439141,1996,803,0.00,0.8078,0.4125
10789747.0,5242.052462,15657.896717,20899.949179,1997,804,0.00,0.7813,0.4125
10790226.0,5242.496341,15659.377725,20901.874066,1998,804,0.00,0.7516,0.4125
10790555.0,5242.789815,15660.396858,20903.186673,1999,805,0.00,0.7234,0.4000
10790562.0,5242.796087,15660.418325,20903.214412,2000,806,0.00,0.7359,0.4125
10792031.0,5244.104524,15664.942458,20909.046982,2001,806,0.00,0.7047,0.4000
10792329.0,5244.353713,15665.856325,20910.210038,2002,807,0.00,0.6578,0.4125
10792690.0,5244.655479,15666.978842,20911.634321,2003,808,0.00,0.6391,0.4000
10792798.0,5244.744635,15667.310042,20912.054677,2004,808,0.00,0.6250,0.4125
10792875.0,5244.807310,15667.544750,20912.352060,2005,809,0.00,0.6328,0.3875
10792988.0,5244.900587,15667.882433,20912.783021,2006,809,0.00,0.6563,0.3875
10793544.0,5245.366147,15669.533575,20914.899722,2007,809,0.00,0.6328,0.3875
10793680.0,5245.478418,15669.940442,20915.418859,2008,810,0.00,0.6516,0.3875
10793686.0,5245.483458,15669.958392,20915.441850,2009,811,0.00,0.7016,0.4375
10793722.0,5245.515047,15670.075767,20915.590814,2010,811,0.00,0.7016,0.4375
10793732.0,5245.523837,15670.108683,20915.632520,2011,811,0.00,0.7063,0.4500
10793828.0,5245.608570,15670.431883,20916.040454,2012,812,0.00,0.7203,0.4625
10793901.0,5245.673725,15670.681550,20916.355275,2013,813,0.00,0.7344,0.4500
10794273.0,5246.003784,15671.908375,20917.912159,2014,814,0.00,0.7203,0.4500
10794461.0,5246.171776,15672.541308,20918.713085,2015,815,0.00,0.7391,0.4500
10795840.0,5247.387583,15677.127242,20924.514824,2016,815,0.00,0.6797,0.4500
10796146.0,5247.647518,15678.142667,20925.790184,2017,815,0.00,0.6609,0.4500
10796819.0,5248.209596,15680.356233,20928.565830,2018,815,0.00,0.6281,0.4000
10796958.0,5248.323837,15680.782500,20929.106337,2019,815,0.00,0.6344,0.4125
10797519.0,5248.787636,15682.544975,20931.332611,2020,816,0.00,0.6469,0.4250
10797794.0,5249.017662,15683.429558,20932.447220,2021,816,0.00,0.6594,0.4250
10797856.0,5249.070125,15683.628992,20932.699117,2022,816,0.00,0.7094,0.4250
10797856.0,5249.070125,15683.628992,20932.699117,2023,816,0.00,0.7594,0.4250
10797856.0,5249.070125,15683.628992,20932.699117,2024,816,0.00,0.8094,0.4250
10797857.0,5249.071088,15683.632208,20932.703296,2025,816,0.00,0.8094,0.4250
10798052.0,5249.252300,15684.259458,20933.511758,2026,817,0.00,0.6656,0.4250
10798845.0,5249.920672,15686.810275,20936.730947,2027,817,0.00,0.6531,0.4375
10799395.0,5250.383398,15688.620692,20939.004089,2028,818,0.00,0.6813,0.4500
10799683.0,5250.631998,15689.590292,20940.222289,2029,818,0.00,0.6875,0.4625
10799694.0,5250.641546,15689.628150,20940.269696,2030,819,0.00,0.7047,0.4750
10799829.0,5250.760538,15690.102900,20940.863438,2031,819,0.00,0.7094,0.4875
10799883.0,5250.808332,15690.296850,20941.105182,2032,819,0.00,0.7109,0.5000
10800154.0,5251.041835,15691.236067,20942.277902,2033,820,0.00,0.6656,0.4500
10800812.0,5251.583771,15693.297658,20944.881429,2034,820,0.00,0.6156,0.4000
10801277.0,5251.961422,15694.723658,20946.685080,2035,820,0.00,0.6219,0.4125
10801335.0,5252.008765,15694.905875,20946.914640,2036,821,0.00,0.6219,0.4125
10801404.0,5252.065139,15695.122650,20947.187789,2037,821,0.00,0.6391,0.4250
10801449.0,5252.102506,15695.267400,20947.369906,2038,821,0.00,0.6578,0.4375
10801780.0,5252.377285,15696.323717,20948.701002,2039,822,0.00,0.6516,0.4125
10801862.0,5252.446173,15696.581333,20949.027507,2040,823,0.00,0.6688,0.4250
10802404.0,5252.897097,15698.286592,20951.183689,2041,824,0.00,0.6500,0.4000
10802458.0,5252.941342,15698.452192,20951.393534,2042,825,0.00,0.6422,0.4000
10803002.0,5253.392187,15700.120458,20953.512645,2043,826,0.00,0.6359,0.4125
10803121.0,5253.490713,15700.494317,20953.985030,2044,827,0.00,0.6594,0.4125
10803482.0,5253.796184,15701.628458,20955.424642,2045,828,0.00,0.6828,0.4125
10804093.0,5254.311342,15703.543217,20957.854559,2046,829,0.00,0.6375,0.4000
10804113.0,5254.327926,15703.604550,20957.932476,2047,829,0.00,0.6438,0.4125
10804189.0,5254.391312,15703.843317,20958.234628,2048,830,0.00,0.6625,0.4125
10804255.0,5254.447320,15704.050667,20958.497987,2049,831,0.00,0.6813,0.4125
10804257.0,5254.449046,15704.056950,20958.505996,2050,832,0.00,0.7000,0.4125
10804259.0,5254.450802,15704.063233,20958.514035,2051,833,0.00,0.7500,0.4125
10804263.0,5254.454469,15704.075800,20958.530269,2052,833,0.00,0.7547,0.4250
10804591.0,5254.755894,15705.121867,20959.877760,2053,834,0.00,0.7688,0.4125
10805049.0,5255.170193,15706.560750,20961.730943,2054,834,0.00,0.6563,0.4250
10805052.0,5255.172724,15706.570400,20961.743124,2055,834,0.00,0.6625,0.4375
10805077.0,5255.193939,15706.652692,20961.846631,2056,835,0.00,0.6750,0.4500
10805309.0,5255.392803,15707.428208,20962.821011,2057,836,0.00,0.6984,0.4500
10805350.0,5255.428742,15707.566242,20962.994983,2058,837,0.00,0.7172,0.4500
10805404.0,5255.476864,15707.748042,20963.224905,2059,838,0.00,0.7359,0.4500
10806552.0,5256.477603,15711.398850,20967.876453,2060,838,0.00,0.6781,0.4125
10806834.0,5256.719313,15712.268975,20968.988288,2061,839,0.00,0.6953,0.4000
10806836.0,5256.721061,15712.275108,20968.996170,2062,840,0.00,0.7188,0.4000
10806836.0,5256.721061,15712.275108,20968.996170,2063,841,0.00,0.7422,0.4000
10806856.0,5256.739273,15712.336442,20969.075715,2064,841,0.00,0.7484,0.4125
10807151.0,5256.993087,15713.245758,20970.238845,2065,841,0.00,0.6578,0.4125
10807233.0,5257.062374,15713.503375,20970.565749,2066,842,0.00,0.6766,0.4250
10807358.0,5257.168199,15713.905458,20971.073657,2067,842,0.00,0.6766,0.4250
10807359.0,5257.169058,15713.908675,20971.077733,2068,843,0.00,0.6953,0.4250
10807447.0,5257.245982,15714.191742,20971.437724,2069,844,0.00,0.7188,0.4250
10807496.0,5257.289708,15714.349358,20971.639066,2070,845,0.00,0.7422,0.4250
10807499.0,5257.292439,15714.359008,20971.651448,2071,846,0.00,0.7656,0.4250
10807524.0,5257.315594,15714.438075,20971.753669,2072,846,0.00,0.7656,0.4250
10807808.0,5257.579062,15715.345083,20972.924145,2073,846,0.00,0.7609,0.4125
10808475.0,5258.165294,15717.401275,20975.566569,2074,846,0.00,0.6969,0.4125
10809040.0,5258.658312,15719.144367,20977.802679,2075,847,0.00,0.7109,0.4000
10809050.0,5258.667175,15719.175033,20977.842209,2076,848,0.00,0.7297,0.4000
10809054.0,5258.670779,15719.187300,20977.858079,2077,849,0.00,0.7484,0.4000
10810861.0,5260.180858,15724.728767,20984.909624,2078,849,0.00,0.6094,0.4125
10811262.0,5260.503318,15725.969075,20986.472393,2079,849,0.00,0.6156,0.4125
10812574.0,5261.554809,15729.956767,20991.511575,2080,849,0.00,0.6031,0.4000
10812635.0,5261.603757,15730.143833,20991.747590,2081,849,0.00,0.6094,0.4125
10812956.0,5261.861420,15731.129508,20992.990928,2082,850,0.00,0.6203,0.4000
10813535.0,5262.333767,15732.905108,20995.238876,2083,851,0.00,0.6391,0.4125
10813787.0,5262.543023,15733.696808,20996.239832,2084,852,0.00,0.6563,0.4250
10814729.0,5263.328678,15736.679808,21000.008486,2085,853,0.00,0.6875,0.4625
10816788.0,5264.976845,15743.045900,21008.022745,2086,854,0.00,0.5906,0.4000
10816842.0,5265.019651,15743.211500,21008.231151,2087,854,0.00,0.5906,0.4000
10817016.0,5265.157582,15743.745100,21008.902682,2088,854,0.00,0.5969,0.4125
10817078.0,5265.207032,15743.939883,21009.146915,2089,855,0.00,0.6141,0.4250
10817103.0,5265.227305,15744.020300,21009.247605,2090,856,0.00,0.6203,0.4375
10817361.0,5265.437713,15744.868500,21010.306213,2091,856,0.00,0.6203,0.4375
10817365.0,5265.440976,15744.881667,21010.322643,2092,857,0.00,0.6375,0.4500
10817877.0,5265.858502,15746.542700,21012.401202,2093,857,0.00,0.6266,0.4375
10818091.0,5266.031406,15747.218917,21013.250323,2094,858,0.00,0.6250,0.4250
10819538.0,5267.201420,15751.777208,21018.978629,2095,858,0.00,0.6016,0.4125
10820259.0,5267.775844,15753.992175,21021.768019,2096,858,0.00,0.6000,0.4125
10820437.0,5267.918244,15754.551392,21022.469636,2097,858,0.00,0.6047,0.4250
10821001.0,5268.368037,15756.294342,21024.662379,2098,859,0.00,0.6125,0.4125
10821001.0,5268.368037,15756.294342,21024.662379,2099,860,0.00,0.6297,0.4250
10821883.0,5269.089924,15759.068517,21028.158441,2100,860,0.00,0.6734,0.4125
10821883.0,5269.089924,15759.068517,21028.158441,2101,860,0.00,0.7234,0.4125
10822221.0,5269.377802,15760.130400,21029.508202,2102,860,0.00,0.6281,0.4250
10822334.0,5269.470674,15760.493883,21029.964558,2103,860,0.00,0.6328,0.4375
10823176.0,5270.160553,15763.158292,21033.318845,2104,860,0.00,0.6734,0.4125
10823176.0,5270.160553,15763.158292,21033.318845,2105,860,0.00,0.7234,0.4125
10825077.0,5271.728373,15769.130600,21040.858973,2106,860,0.00,0.6281,0.4250
10826296.0,5272.712263,15772.863542,21045.575804,2107,860,0.00,0.6047,0.4000
10827109.0,5273.365515,15775.355017,21048.720531,2108,860,0.00,0.5984,0.3875
10829494.0,5275.270616,15782.490142,21057.760758,2109,861,0.00,0.6266,0.4000
10829496.0,5275.272258,15782.496275,21057.768533,2110,862,0.00,0.6547,0.4125
10831405.0,5276.819297,15788.283342,21065.102639,2111,862,0.00,0.6031,0.4000
10833550.0,5278.533456,15794.716217,21073.249673,2112,862,0.00,0.6031,0.4000
10836082.0,5280.556803,15802.308067,21082.864869,2113,863,0.00,0.6156,0.4000
10836319.0,5280.747037,15803.022267,21083.769304,2114,863,0.00,0.6031,0.4000
10838210.0,5282.258425,15808.697733,21090.956158,2115,863,0.00,0.6047,0.4000
10838504.0,5282.494697,15809.599333,21092.094030,2116,863,0.00,0.6109,0.4125
10838907.0,5282.820525,15810.865425,21093.685950,2117,863,0.00,0.6156,0.4250
10839460.0,5283.268545,15812.621592,21095.890136,2118,864,0.00,0.6203,0.4250
10840179.0,5283.855104,15814.934375,21098.789479,2119,865,0.00,0.6391,0.4375
10840512.0,5284.131621,15816.030500,21100.162121,2120,865,0.00,0.6438,0.4500
10840723.0,5284.307601,15816.740867,21101.048468,2121,865,0.00,0.6500,0.4625
10841132.0,5284.649467,15818.123008,21102.772475,2122,865,0.00,0.6516,0.4625
10841196.0,5284.703234,15818.343275,21103.046509,2123,866,0.00,0.6578,0.4750
10842049.0,5285.418207,15821.283517,21106.701723,2124,867,0.00,0.6672,0.4750
10844679.0,5287.578908,15829.744250,21117.323158,2125,867,0.00,0.6313,0.4250
10845134.0,5287.953967,15831.207833,21119.161800,2126,867,0.00,0.6359,0.4375
10845326.0,5288.112934,15831.839833,21119.952767,2127,868,0.00,0.6531,0.4500
10845353.0,5288.135649,15831.930733,21120.066382,2128,868,0.00,0.7031,0.4500
10845899.0,5288.589676,15833.662208,21122.251884,2129,868,0.00,0.6109,0.4125
10845973.0,5288.649505,15833.894692,21122.544197,2130,868,0.00,0.6156,0.4250
10846033.0,5288.698234,15834.087692,21122.785926,2131,868,0.00,0.6656,0.4250
10846473.0,5289.059218,15835.461025,21124.520243,2132,869,0.00,0.6250,0.4125
10846607.0,5289.169023,15835.882008,21125.051032,2133,869,0.00,0.6750,0.4125
10847060.0,5289.545832,15837.305183,21126.851015,2134,869,0.00,0.6297,0.4250
10851558.0,5293.172466,15851.028325,21144.200791,2135,869,0.00,0.6000,0.3875
10852028.0,5293.548466,15852.434408,21145.982874,2136,869,0.00,0.6000,0.3875
10852100.0,5293.606066,15852.649808,21146.255874,2137,869,0.00,0.6047,0.4000
10854558.0,5295.573341,15860.021325,21155.594666,2138,869,0.00,0.6047,0.4000
10855702.0,5296.489289,15863.459167,21159.948455,2139,869,0.00,0.6094,0.4000
10855802.0,5296.570018,15863.765833,21160.335851,2140,870,0.00,0.6344,0.4250
10856034.0,5296.761820,15864.512100,21161.273920,2141,870,0.00,0.6469,0.4250
10856436.0,5297.098077,15865.805200,21162.903277,2142,871,0.00,0.6641,0.4375
10856564.0,5297.206855,15866.226533,21163.433388,2143,871,0.00,0.6766,0.4500
10857547.0,5298.027957,15869.373742,21167.401698,2144,871,0.00,0.6250,0.4125
10859037.0,5299.248929,15874.054825,21173.303754,2145,871,0.00,0.6297,0.4250
10859127.0,5299.322152,15874.339525,21173.661677,2146,872,0.00,0.6188,0.4250
10859959.0,5299.997165,15876.959842,21176.957007,2147,872,0.00,0.6188,0.4250
10861473.0,5301.225628,15881.730800,21182.956428,2148,873,0.00,0.6328,0.4250
10861572.0,5301.307355,15882.049250,21183.356605,2149,874,0.00,0.6500,0.4375
10862700.0,5302.228915,15885.598750,21187.827665,2150,875,0.00,0.6250,0.4125
10863158.0,5302.599166,15887.007558,21189.606724,2151,876,0.00,0.6203,0.4000
10863334.0,5302.742747,15887.547292,21190.290038,2152,876,0.00,0.6250,0.4125
10863407.0,5302.802566,15887.776633,21190.579199,2153,876,0.00,0.6375,0.4250
10863601.0,5302.963424,15888.400667,21191.364091,2154,876,0.00,0.6422,0.4375
10863665.0,5303.016535,15888.607433,21191.623968,2155,876,0.00,0.6375,0.4250
10864155.0,5303.421565,15890.157650,21193.579215,2156,877,0.00,0.6500,0.4250
10865100.0,5304.211534,15893.181800,21197.393334,2157,877,0.00,0.6375,0.4250
10865134.0,5304.239726,15893.291167,21197.530893,2158,878,0.00,0.6563,0.4250
10865488.0,5304.536655,15894.407067,21198.943722,2159,879,0.00,0.6563,0.4125
10865602.0,5304.632843,15894.765217,21199.398059,2160,880,0.00,0.6734,0.4250
10865701.0,5304.717697,15895.083667,21199.801364,2161,880,0.00,0.6797,0.4375
10866234.0,5305.167867,15896.807225,21201.975092,2162,880,0.00,0.6672,0.4375
10866848.0,5305.691153,15898.828308,21204.519461,2163,881,0.00,0.6734,0.4500
10866881.0,5305.719438,15898.939408,21204.658846,2164,882,0.00,0.6906,0.4625
10866939.0,5305.769926,15899.139025,21204.908951,2165,883,0.00,0.7078,0.4750
10867195.0,5305.996192,15900.039292,21206.035484,2166,884,0.00,0.7250,0.4875
10867336.0,5306.122701,15900.545717,21206.668417,2167,885,0.00,0.7422,0.5000
10867709.0,5306.462351,15901.913383,21208.375734,2168,885,0.00,0.7469,0.5125
10867736.0,5306.487035,15902.014408,21208.501444,2169,886,0.00,0.7641,0.5250
10868104.0,5306.821134,15903.362842,21210.183975,2170,887,0.00,0.7469,0.5000
10868106.0,5306.822962,15903.370175,21210.193137,2171,887,0.00,0.7594,0.5125
10868260.0,5306.964707,15903.942192,21210.906899,2172,888,0.00,0.7656,0.5125
10868293.0,5306.995358,15904.065667,21211.061025,2173,889,0.00,0.7828,0.5250
10868882.0,5307.549801,15906.309783,21213.859584,2174,890,0.00,0.7750,0.5125
10869074.0,5307.728772,15907.023908,21214.752681,2175,890,0.00,0.8078,0.5000
10869398.0,5308.033691,15908.211908,21216.245599,2176,890,0.00,0.7766,0.5125
10869509.0,5308.136145,15908.619058,21216.755203,2177,891,0.00,0.7750,0.5125
10869964.0,5308.540900,15910.202717,21218.743617,2178,891,0.00,0.7391,0.4500
10870018.0,5308.589941,15910.384517,21218.974458,2179,892,0.00,0.7563,0.4625
10870103.0,5308.667883,15910.674883,21219.342766,2180,893,0.00,0.7563,0.4625
10870472.0,5308.989675,15911.920783,21220.910458,2181,894,0.00,0.7078,0.4625
10870567.0,5309.073641,15912.247742,21221.321382,2182,895,0.00,0.7250,0.4750
10870575.0,5309.080819,15912.275875,21221.356694,2183,895,0.00,0.7750,0.4750
10872069.0,5310.410111,15917.430475,21227.840586,2184,895,0.00,0.6875,0.4500
10873060.0,5311.258167,15920.647142,21231.905309,2185,895,0.00,0.6703,0.4375
10874255.0,5312.275636,15924.500808,21236.776444,2186,895,0.00,0.6719,0.4375
10876404.0,5314.108584,15931.541750,21245.650334,2187,895,0.00,0.6594,0.4375
10876605.0,5314.277825,15932.190400,21246.468225,2188,896,0.00,0.6703,0.4375
10876727.0,5314.382097,15932.591983,21246.974080,2189,897,0.00,0.6984,0.4500
10876727.0,5314.382097,15932.591983,21246.974080,2190,898,0.00,0.7266,0.4625
10877065.0,5314.685769,15933.755267,21248.441035,2191,898,0.00,0.7266,0.4625
10877867.0,5315.389499,15936.421133,21251.810632,2192,899,0.00,0.7094,0.4500
10878218.0,5315.700158,15937.602833,21253.302991,2193,900,0.00,0.7344,0.4625
10878281.0,5315.756377,15937.817033,21253.573410,2194,900,0.00,0.7125,0.4625
10878398.0,5315.860214,15938.219708,21254.079923,2195,901,0.00,0.7375,0.4750
10878412.0,5315.872911,15938.268942,21254.141853,2196,902,0.00,0.7547,0.4875
10878513.0,5315.963829,15938.624725,21254.588554,2197,903,0.00,0.7359,0.4875
10879607.0,5316.925755,15942.347308,21259.273063,2198,903,0.00,0.6859,0.4375
10879969.0,5317.239259,15943.537767,21260.777026,2199,903,0.00,0.6609,0.4250
10880395.0,5317.592297,15944.877392,21262.469689,2200,903,0.00,0.6375,0.4250
10880711.0,5317.854284,15945.892058,21263.746343,2201,904,0.00,0.6531,0.4250
10880720.0,5317.861856,15945.921008,21263.782865,2202,905,0.00,0.6703,0.4375
10881133.0,5318.204576,15947.222867,21265.427442,2203,906,0.00,0.6594,0.4125
10881468.0,5318.488046,15948.275325,21266.763371,2204,906,0.00,0.6641,0.4250
10881955.0,5318.900953,15949.822117,21268.723069,2205,907,0.00,0.6656,0.4250
10882270.0,5319.165057,15950.835367,21270.000423,2206,907,0.00,0.6547,0.4375
10883108.0,5319.859113,15953.513008,21273.372122,2207,908,0.00,0.6406,0.4000
10883153.0,5319.896535,15953.651008,21273.547544,2208,909,0.00,0.6641,0.4000
10883841.0,5320.457760,15955.724800,21276.182560,2209,910,0.00,0.5969,0.3875
10883842.0,5320.458557,15955.727792,21276.186349,2210,911,0.00,0.6156,0.3875
10884040.0,5320.619364,15956.320142,21276.939505,2211,912,0.00,0.6344,0.3875
10885653.0,5321.887446,15961.044750,21282.932196,2212,913,0.00,0.5766,0.3875
10886109.0,5322.243807,15962.407000,21284.650807,2213,914,0.00,0.5891,0.3750
10886314.0,5322.406063,15963.004917,21285.410980,2214,915,0.00,0.6125,0.3750
10886379.0,5322.458695,15963.194500,21285.653195,2215,915,0.00,0.6359,0.3750
10886381.0,5322.460351,15963.200333,21285.660685,2216,916,0.00,0.6594,0.3750
10886384.0,5322.462890,15963.209083,21285.671973,2217,917,0.00,0.6828,0.3750
10887923.0,5323.676816,15967.697833,21291.374649,2218,918,0.00,0.5938,0.3750
10887978.0,5323.720548,15967.858250,21291.578798,2219,919,0.00,0.6172,0.3750
10888814.0,5324.374303,15970.232758,21294.607062,2220,920,0.00,0.5641,0.3625
10888922.0,5324.457685,15970.539658,21294.997343,2221,921,0.00,0.5813,0.3750
10889170.0,5324.651545,15971.257817,21295.909362,2222,922,0.00,0.5813,0.3750
10889393.0,5324.826693,15971.908233,21296.734927,2223,923,0.00,0.6047,0.3875
10889462.0,5324.882145,15972.114658,21296.996803,2224,924,0.00,0.6109,0.4000
10889885.0,5325.218656,15973.389283,21298.607940,2225,924,0.00,0.6000,0.3875
10890108.0,5325.397056,15974.056425,21299.453481,2226,925,0.00,0.6172,0.4000
10890160.0,5325.439352,15974.215892,21299.655243,2227,926,0.00,0.6266,0.4125
10890613.0,5325.807688,15975.619867,21301.427555,2228,926,0.00,0.6266,0.4125
10891442.0,5326.485395,15978.209608,21304.695003,2229,926,0.00,0.6109,0.4125
10891859.0,5326.822167,15979.496508,21306.318675,2230,927,0.00,0.6266,0.4125
10892329.0,5327.207877,15980.973092,21308.180969,2231,927,0.00,0.6266,0.4125
10892398.0,5327.264502,15981.189867,21308.454369,2232,928,0.00,0.6438,0.4250
10893151.0,5327.883970,15983.564017,21311.447986,2233,928,0.00,0.5984,0.4000
10893263.0,5327.971977,15983.899308,21311.871285,2234,929,0.00,0.5984,0.4000
10893458.0,5328.127647,15984.495883,21312.623531,2235,929,0.00,0.6016,0.4000
10894153.0,5328.684492,15986.627217,21315.311709,2236,929,0.00,0.6516,0.4000
10894155.0,5328.686172,15986.633350,21315.319522,2237,929,0.00,0.7016,0.4000
10894436.0,5328.922786,15987.495083,21316.417869,2238,930,0.00,0.6188,0.4125
10896325.0,5330.417666,15993.221192,21323.638857,2239,930,0.00,0.6000,0.4000
10896562.0,5330.606493,15993.940042,21324.546535,2240,931,0.00,0.6094,0.3875
10896576.0,5330.617795,15993.981925,21324.599720,2241,932,0.00,0.6281,0.3875
10896664.0,5330.690120,15994.245192,21324.935312,2242,933,0.00,0.6469,0.3875
10896712.0,5330.730270,15994.388792,21325.119062,2243,934,0.00,0.6656,0.3875
10897663.0,5331.503988,15997.210167,21328.714155,2244,935,0.00,0.5906,0.3875
10897703.0,5331.535670,15997.329683,21328.865353,2245,935,0.00,0.5797,0.3875
10900116.0,5333.384991,16004.149950,21337.534941,2246,936,0.00,0.5719,0.3625
10900679.0,5333.823076,16005.749808,21339.572884,2247,937,0.00,0.5781,0.3750
10900995.0,5334.069136,16006.663825,21340.732961,2248,938,0.00,0.5891,0.3750
10901323.0,5334.322708,16007.599792,21341.922500,2249,938,0.00,0.5734,0.3750
10902080.0,5334.905785,16009.754608,21344.660394,2250,938,0.00,0.5609,0.3625
10902158.0,5334.965816,16009.976258,21344.942074,2251,939,0.00,0.5797,0.3750
10903509.0,5336.025272,16013.916675,21349.941947,2252,940,0.00,0.6297,0.4250
10903578.0,5336.082065,16014.138625,21350.220690,2253,940,0.00,0.6313,0.4375
10903819.0,5336.279191,16014.924042,21351.203233,2254,941,0.00,0.6297,0.4375
10904706.0,5337.008801,16017.818925,21354.827726,2255,942,0.00,0.6391,0.4250
10906376.0,5338.366370,16023.027108,21361.393478,2256,943,0.00,0.6219,0.4125
10907668.0,5339.402896,16026.939142,21366.342038,2257,943,0.00,0.5781,0.3750
10908355.0,5339.940807,16028.942892,21368.883699,2258,944,0.00,0.5953,0.3875
10908430.0,5340.000534,16029.167267,21369.167801,2259,945,0.00,0.6125,0.4000
10910025.0,5341.260105,16033.879425,21375.139530,2260,946,0.00,0.6016,0.3875
10910117.0,5341.333816,16034.154658,21375.488475,2261,947,0.00,0.6188,0.4000
10911416.0,5342.390490,16038.130008,21380.520498,2262,947,0.00,0.6188,0.4000
10912355.0,5343.148274,16040.975558,21384.123832,2263,947,0.00,0.5672,0.3750
10912401.0,5343.183900,16041.109725,21384.293625,2264,948,0.00,0.5844,0.3875
10913075.0,5343.705676,16043.043233,21386.748909,2265,949,0.00,0.5797,0.3750
10913269.0,5343.857811,16043.609067,21387.466877,2266,949,0.00,0.5859,0.3875
10913375.0,5343.941140,16043.921383,21387.862523,2267,949,0.00,0.5859,0.3875
10914142.0,5344.540401,16046.185392,21390.725793,2268,950,0.00,0.5844,0.3875
10914308.0,5344.671184,16046.682008,21391.353192,2269,950,0.00,0.5906,0.4000
10914403.0,5344.746491,16046.973342,21391.719833,2270,951,0.00,0.6078,0.4125
10914426.0,5344.765031,16047.045600,21391.810631,2271,952,0.00,0.6250,0.4250
10914450.0,5344.784697,16047.122800,21391.907497,2272,953,0.00,0.6422,0.4375
10914451.0,5344.785530,16047.126092,21391.911622,2273,953,0.00,0.6594,0.4500
10914453.0,5344.787223,16047.132825,21391.920048,2274,954,0.00,0.6766,0.4625
10914513.0,5344.838795,16047.339325,21392.178120,2275,954,0.00,0.6828,0.4750
10914526.0,5344.850033,16047.385042,21392.235074,2276,954,0.00,0.6844,0.4875
10914611.0,5344.923611,16047.690333,21392.613944,2277,955,0.00,0.7016,0.5000
10914905.0,5345.181386,16048.754608,21393.935994,2278,955,0.00,0.6938,0.4750
10915055.0,5345.310345,16049.271008,21394.581353,2279,955,0.00,0.6828,0.4750
10915122.0,5345.368260,16049.506625,21394.874885,2280,956,0.00,0.6953,0.4875
10916574.0,5346.589443,16054.367800,21400.957243,2281,956,0.00,0.6781,0.4250
10917730.0,5347.536813,16058.005342,21405.542155,2282,956,0.00,0.6609,0.4000
10917730.0,5347.536813,16058.005342,21405.542155,2283,956,0.00,0.7109,0.4000
10918348.0,5348.048176,16059.900542,21407.948718,2284,957,0.00,0.6344,0.4125
10918740.0,5348.372257,16061.132075,21409.504332,2285,958,0.00,0.6516,0.4250
10921964.0,5350.991489,16071.039033,21422.030522,2286,959,0.00,0.6063,0.4000
10922289.0,5351.253069,16072.035700,21423.288769,2287,959,0.00,0.6125,0.4125
10923202.0,5351.986009,16074.868492,21426.854501,2288,959,0.00,0.5875,0.4000
10923986.0,5352.605062,16077.267358,21429.872420,2289,960,0.00,0.5844,0.4000
10924437.0,5352.960381,16078.650425,21431.610806,2290,960,0.00,0.5906,0.4125
10924437.0,5352.960381,16078.650425,21431.610806,2291,960,0.00,0.5969,0.4250
10924562.0,5353.060077,16079.052508,21432.112585,2292,961,0.00,0.6203,0.4375
10924690.0,5353.163298,16079.455317,21432.618615,2293,962,0.00,0.6250,0.4125
10925673.0,5353.968812,16082.543575,21436.512387,2294,963,0.00,0.6344,0.4250
10928799.0,5356.444827,16091.938950,21448.383777,2295,964,0.00,0.5719,0.3750
10928848.0,5356.482955,16092.081867,21448.564822,2296,965,0.00,0.5953,0.3875
10929279.0,5356.826184,16093.371275,21450.197459,2297,966,0.00,0.6125,0.4000
10929454.0,5356.967885,16093.907942,21450.875827,2298,967,0.00,0.6313,0.4125
10931322.0,5358.466114,16099.528850,21457.994964,2299,968,0.00,0.5766,0.3750
10931569.0,5358.659212,16100.249267,21458.908478,2300,969,0.00,0.5938,0.3875
10934159.0,5360.672003,16107.707583,21468.379587,2301,970,0.00,0.5703,0.3625
10934210.0,5360.711626,16107.852508,21468.564134,2302,970,0.00,0.5766,0.3750
10935160.0,5361.454308,16110.623342,21472.077650,2303,971,0.00,0.5859,0.3875
10935342.0,5361.597917,16111.167825,21472.765742,2304,972,0.00,0.6094,0.4000
10936358.0,5362.417561,16114.281233,21476.698794,2305,973,0.00,0.6094,0.4000
10936906.0,5362.859956,16115.961767,21478.821723,2306,974,0.00,0.6266,0.4125
10939044.0,5364.571287,16122.500750,21487.072037,2307,974,0.00,0.6031,0.4000
10939089.0,5364.607397,16122.638750,21487.246147,2308,975,0.00,0.6203,0.4125
10939462.0,5364.911690,16123.810592,21488.722281,2309,975,0.00,0.6297,0.4250
10940694.0,5365.915163,16127.714200,21493.629363,2310,976,0.00,0.6359,0.4250
10941267.0,5366.387355,16129.548200,21495.935555,2311,977,0.00,0.6375,0.4125
10942439.0,5367.331697,16133.190933,21500.522631,2312,977,0.00,0.6078,0.4000
10942464.0,5367.351849,16133.267600,21500.619449,2313,977,0.00,0.6203,0.4000
10942465.0,5367.352665,16133.270667,21500.623332,2314,977,0.00,0.6328,0.4000
10943180.0,5367.937188,16135.439783,21503.376972,2315,977,0.00,0.6156,0.4000
10943317.0,5368.048453,16135.859917,21503.908370,2316,977,0.00,0.6219,0.4125
10943973.0,5368.581629,16137.877875,21506.459504,2317,978,0.00,0.6250,0.4125
10944662.0,5369.144831,16140.020958,21509.165789,2318,978,0.00,0.6422,0.4125
10944799.0,5369.258926,16140.451367,21509.710293,2319,979,0.00,0.6594,0.4250
10944920.0,5369.361314,16140.840583,21510.201898,2320,979,0.00,0.6656,0.4375
10945540.0,5369.884860,16142.836942,21512.721801,2321,980,0.00,0.6625,0.4125
10945550.0,5369.893346,16142.868358,21512.761704,2322,980,0.00,0.6688,0.4250
10946239.0,5370.469459,16145.000192,21515.469651,2323,980,0.00,0.6469,0.4125
10946423.0,5370.623367,16145.578258,21516.201626,2324,981,0.00,0.6703,0.4125
10947916.0,5371.865648,16150.047592,21521.913240,2325,981,0.00,0.6297,0.3875
10948395.0,5372.259908,16151.480600,21523.740508,2326,982,0.00,0.6469,0.4000
10948396.0,5372.260745,16151.483667,21523.744411,2327,983,0.00,0.6641,0.4125
10948996.0,5372.769489,16153.350892,21526.120380,2328,983,0.00,0.6578,0.4000
10949260.0,5372.992559,16154.160492,21527.153051,2329,983,0.00,0.6641,0.4125
10949384.0,5373.097938,16154.550058,21527.647996,2330,983,0.00,0.6703,0.4250
10949530.0,5373.222168,16155.011142,21528.233310,2331,984,0.00,0.6875,0.4250
10949730.0,5373.393441,16155.643150,21529.036591,2332,984,0.00,0.6641,0.4125
10949790.0,5373.444431,16155.831650,21529.276081,2333,984,0.00,0.6703,0.4250
10950572.0,5374.102555,16158.238858,21532.341413,2334,985,0.00,0.6375,0.4000
10950677.0,5374.189127,16158.553283,21532.742410,2335,985,0.00,0.6484,0.3750
10950697.0,5374.205880,16158.611617,21532.817497,2336,985,0.00,0.6547,0.3875
10950885.0,5374.363019,16159.174050,21533.537069,2337,985,0.00,0.6375,0.4000
10951083.0,5374.527194,16159.781250,21534.308444,2338,985,0.00,0.6391,0.4125
10951431.0,5374.815824,16160.854750,21535.670574,2339,985,0.00,0.6438,0.4000
10951482.0,5374.857613,16161.005600,21535.863213,2340,985,0.00,0.6344,0.3875
10951537.0,5374.903084,16161.170142,21536.073225,2341,985,0.00,0.6469,0.4000
10952090.0,5375.363866,16162.852283,21538.216149,2342,986,0.00,0.6531,0.3875
10952154.0,5375.417710,16163.043750,21538.461460,2343,987,0.00,0.6703,0.4000
10952219.0,5375.472682,16163.238583,21538.711265,2344,987,0.00,0.6641,0.4000
10952795.0,5375.954692,16164.936808,21540.891500,2345,988,0.00,0.6453,0.3750
10952854.0,5376.003838,16165.108142,21541.111979,2346,989,0.00,0.6469,0.3750
10953547.0,5376.577189,16167.120092,21543.697280,2347,989,0.00,0.6156,0.3750
10953723.0,5376.720128,16167.633425,21544.353553,2348,989,0.00,0.6219,0.3875
10954165.0,5377.080057,16168.937367,21546.017423,2349,989,0.00,0.6219,0.3875
10954475.0,5377.333073,16169.860808,21547.193882,2350,989,0.00,0.6344,0.3875
10955027.0,5377.789432,16171.512208,21549.301640,2351,989,0.00,0.6469,0.4000
10955797.0,5378.407206,16173.711167,21552.118373,2352,989,0.00,0.5984,0.3625
10955799.0,5378.408804,16173.716850,21552.125654,2353,989,0.00,0.6047,0.3750
10955991.0,5378.562885,16174.273475,21552.836360,2354,989,0.00,0.6047,0.3625
10956061.0,5378.619140,16174.472392,21553.091532,2355,989,0.00,0.6109,0.3750
10956115.0,5378.662527,16174.627792,21553.290319,2356,989,0.00,0.6047,0.3750
10956160.0,5378.698516,16174.756342,21553.454858,2357,990,0.00,0.6078,0.3750
10956515.0,5378.984673,16175.791758,21554.776432,2358,990,0.00,0.6141,0.3875
10957062.0,5379.428208,16177.427450,21556.855658,2359,991,0.00,0.6141,0.3875
10958253.0,5380.388906,16180.911400,21561.300306,2360,992,0.00,0.6172,0.3875
10958253.0,5380.388906,16180.911400,21561.300306,2361,993,0.00,0.6266,0.4000
10959807.0,5381.640336,16185.409025,21567.049361,2362,993,0.00,0.5859,0.3375
10960838.0,5382.453859,16188.184133,21570.637992,2363,993,0.00,0.6094,0.3375
10961058.0,5382.631463,16188.776300,21571.407763,2364,993,0.00,0.6219,0.3500
10961240.0,5382.780160,16189.279833,21572.059993,2365,994,0.00,0.6391,0.3625
10961297.0,5382.827491,16189.441808,21572.269300,2366,995,0.00,0.6563,0.3750
10961735.0,5383.196412,16190.714358,21573.910771,2367,995,0.00,0.6438,0.3625
10963022.0,5384.258632,16194.371583,21578.630215,2368,996,0.00,0.6438,0.3750
10963049.0,5384.281150,16194.450333,21578.731484,2369,997,0.00,0.6609,0.3875
10963193.0,5384.400860,16194.871608,21579.272469,2370,998,0.00,0.6609,0.3750
10963412.0,5384.583778,16195.510358,21580.094137,2371,999,0.00,0.6563,0.3750
10963416.0,5384.587153,16195.522025,21580.109178,2372,999,0.00,0.6750,0.3750
10963495.0,5384.654962,16195.752442,21580.407403,2373,999,0.00,0.7250,0.3750
10963811.0,5384.933156,16196.674108,21581.607265,2374,1000,0.00,0.6938,0.3750
10963977.0,5385.077608,16197.158275,21582.235883,2375,1001,0.00,0.6922,0.3875
10964069.0,5385.157604,16197.432383,21582.589988,2376,1001,0.00,0.6813,0.3875
10964788.0,5385.753391,16199.546492,21585.299883,2377,1002,0.00,0.6266,0.3750
10965221.0,5386.108737,16200.809408,21586.918145,2378,1002,0.00,0.6766,0.3750
10965222.0,5386.109596,16200.812325,21586.921921,2379,1002,0.00,0.7266,0.3750
10965222.0,5386.109596,16200.812325,21586.921921,2380,1002,0.00,0.7766,0.3750
10965607.0,5386.438301,16201.907942,21588.346243,2381,1002,0.00,0.6375,0.3750
10966202.0,5386.929311,16203.632783,21590.562094,2382,1003,0.00,0.6109,0.3500
10966490.0,5387.161184,16204.414508,21591.575692,2383,1003,0.00,0.6109,0.3500
10967395.0,5387.875962,16206.872667,21594.748629,2384,1003,0.00,0.5875,0.3500
10967435.0,5387.907573,16206.983333,21594.890907,2385,1003,0.00,0.6109,0.3625
10967881.0,5388.268168,16208.250717,21596.518884,2386,1004,0.00,0.6344,0.3750
10967972.0,5388.343054,16208.514708,21596.857763,2387,1004,0.00,0.6172,0.3750
10968201.0,5388.529315,16209.182625,21597.711940,2388,1004,0.00,0.6234,0.3875
10969033.0,5389.200593,16211.614242,21600.814835,2389,1004,0.00,0.5859,0.3875
10969481.0,5389.545673,16212.897508,21602.443181,2390,1005,0.00,0.5563,0.3625
10970001.0,5389.943978,16214.375175,21604.319153,2391,1006,0.00,0.5844,0.3750
10970041.0,5389.975492,16214.491842,21604.467334,2392,1007,0.00,0.6016,0.3750
10970088.0,5390.013149,16214.628925,21604.642074,2393,1007,0.00,0.6250,0.3750
10970193.0,5390.099191,16214.935175,21605.034366,2394,1008,0.00,0.6422,0.3875
10970875.0,5390.662473,16216.920067,21607.582540,2395,1008,0.00,0.6297,0.3750
10971505.0,5391.179562,16218.735067,21609.914628,2396,1008,0.00,0.6297,0.3750
10971645.0,5391.294794,16219.143400,21610.438194,2397,1009,0.00,0.6469,0.3875
10971827.0,5391.443073,16219.665683,21611.108756,2398,1010,0.00,0.6313,0.3625
10973396.0,5392.709329,16224.073333,21616.782663,2399,1011,0.00,0.5953,0.3500
10973649.0,5392.910807,16224.773300,21617.684107,2400,1012,0.00,0.6016,0.3625
10974358.0,5393.475634,16226.788042,21620.263675,2401,1013,0.00,0.6016,0.3750
10974443.0,5393.543737,16227.035958,21620.579695,2402,1014,0.00,0.6203,0.3875
10975420.0,5394.340772,16229.958817,21624.299589,2403,1014,0.00,0.6266,0.4000
10975921.0,5394.751923,16231.495217,21626.247139,2404,1015,0.00,0.6453,0.4000
10975928.0,5394.757769,16231.516683,21626.274453,2405,1016,0.00,0.6641,0.4000
10976300.0,5395.070514,16232.657483,21627.727997,2406,1017,0.00,0.6422,0.4125
10976616.0,5395.325102,16233.647925,21628.973027,2407,1017,0.00,0.5938,0.4125
10976617.0,5395.325897,16233.651067,21628.976964,2408,1018,0.00,0.6109,0.4250
10976699.0,5395.391793,16233.912583,21629.304377,2409,1019,0.00,0.6109,0.4250
10977275.0,5395.857493,16235.765383,21631.622877,2410,1020,0.00,0.6203,0.4375
10977275.0,5395.857493,16235.765383,21631.622877,2411,1021,0.00,0.6297,0.4500
10977615.0,5396.137344,16236.910050,21633.047394,2412,1021,0.00,0.6359,0.4625
10977627.0,5396.147280,16236.951350,21633.098630,2413,1021,0.00,0.6422,0.4750
10977969.0,5396.430249,16238.135000,21634.565249,2414,1021,0.00,0.6297,0.4625
10978413.0,5396.795275,16239.636775,21636.432050,2415,1022,0.00,0.6453,0.4625
10979122.0,5397.383831,16242.027717,21639.411548,2416,1023,0.00,0.6328,0.4375
10979941.0,5398.058586,16244.702817,21642.761403,2417,1024,0.00,0.6453,0.4250
10980122.0,5398.209765,16245.285033,21643.494798,2418,1025,0.00,0.6641,0.4250
10980988.0,5398.942506,16248.021167,21646.963673,2419,1026,0.00,0.6641,0.4250
10981182.0,5399.107373,16248.645200,21647.752573,2420,1026,0.00,0.6703,0.4375
10981193.0,5399.116774,16248.681408,21647.798182,2421,1026,0.00,0.6766,0.4500
10983359.0,5400.978556,16255.973608,21656.952165,2422,1027,0.00,0.7000,0.4625
10983653.0,5401.234946,16256.985458,21658.220404,2423,1027,0.00,0.7000,0.4625
10983660.0,5401.241090,16257.009550,21658.250640,2424,1028,0.00,0.7188,0.4625
10983827.0,5401.389540,16257.581083,21658.970623,2425,1029,0.00,0.7188,0.4625
10984287.0,5401.796553,16259.149100,21660.945653,2426,1030,0.00,0.6891,0.4500
10984910.0,5402.321343,16261.246533,21663.567876,2427,1031,0.00,0.6641,0.4500
10985397.0,5402.733939,16262.866525,21665.600464,2428,1032,0.00,0.6641,0.4500
10985470.0,5402.795977,16263.112292,21665.908268,2429,1032,0.00,0.6875,0.4500
10986737.0,5403.861350,16267.216833,21671.078183,2430,1033,0.00,0.6500,0.4250
10986953.0,5404.041534,16267.895958,21671.937492,2431,1034,0.00,0.6625,0.4125
10987417.0,5404.435289,16269.353692,21673.788981,2432,1034,0.00,0.7125,0.4125
10987836.0,5404.796924,16270.670050,21675.466974,2433,1035,0.00,0.6797,0.4250
10988062.0,5404.990876,16271.383817,21676.374693,2434,1035,0.00,0.7234,0.4125
10988645.0,5405.492642,16273.215408,21678.708050,2435,1035,0.00,0.7047,0.4125
10989834.0,5406.476395,16276.850800,21683.327195,2436,1036,0.00,0.6219,0.4000
10990959.0,5407.364528,16280.204050,21687.568578,2437,1037,0.00,0.5875,0.3750
10991217.0,5407.568420,16280.956550,21688.524970,2438,1037,0.00,0.6000,0.3875
10991757.0,5408.000420,16282.572050,21690.572470,2439,1038,0.00,0.6172,0.4000
10991934.0,5408.142541,16283.104500,21691.247041,2440,1039,0.00,0.6172,0.4000
10993760.0,5409.597925,16288.510058,21698.107983,2441,1039,0.00,0.6047,0.3875
10994345.0,5410.068057,16290.260183,21700.328241,2442,1040,0.00,0.6219,0.4000
10994480.0,5410.178354,16290.674183,21700.852538,2443,1040,0.00,0.6344,0.4125
10996793.0,5412.025023,16297.370858,21709.395882,2444,1040,0.00,0.6094,0.3750
10996961.0,5412.160648,16297.860858,21710.021507,2445,1041,0.00,0.6266,0.3875
10997465.0,5412.574261,16299.368658,21711.942919,2446,1042,0.00,0.6438,0.4000
10997673.0,5412.747739,16300.006525,21712.754264,2447,1042,0.00,0.6625,0.4125
10998413.0,5413.375711,16302.331358,21715.707069,2448,1042,0.00,0.6688,0.4250
10999205.0,5414.040833,16304.834408,21718.875241,2449,1043,0.00,0.6578,0.4125
11000032.0,5414.737881,16307.422817,21722.160698,2450,1043,0.00,0.6531,0.4000
11000033.0,5414.738723,16307.425883,21722.164606,2451,1043,0.00,0.6656,0.4000
11000039.0,5414.743829,16307.444283,21722.188112,2452,1043,0.00,0.6781,0.4000
11001092.0,5415.629417,16310.654583,21726.284001,2453,1044,0.00,0.6547,0.4000
11001304.0,5415.806190,16311.294367,21727.100557,2454,1045,0.00,0.6547,0.4000
11003239.0,5417.411189,16317.086392,21734.497581,2455,1046,0.00,0.6547,0.4000
11005079.0,5418.900699,16322.594658,21741.495357,2456,1046,0.00,0.6188,0.4000
11008886.0,5421.982932,16333.978083,21755.961015,2457,1047,0.00,0.6234,0.3875
11009015.0,5422.087200,16334.356808,21756.444009,2458,1047,0.00,0.6125,0.3875
11009034.0,5422.102585,16334.413650,21756.516235,2459,1048,0.00,0.6359,0.4000
11010826.0,5423.563247,16339.790692,21763.353938,2460,1048,0.00,0.6484,0.3750
11010827.0,5423.564084,16339.793608,21763.357693,2461,1048,0.00,0.6984,0.3750
11010829.0,5423.565838,16339.799442,21763.365279,2462,1048,0.00,0.7484,0.3750
11012503.0,5424.893944,16344.573792,21769.467736,2463,1049,0.00,0.5984,0.3750
11013256.0,5425.495429,16346.770042,21772.265471,2464,1050,0.00,0.6156,0.3875
11013292.0,5425.524667,16346.877742,21772.402409,2465,1050,0.00,0.6219,0.4000
11013407.0,5425.618623,16347.230408,21772.849032,2466,1050,0.00,0.6391,0.4125
11013445.0,5425.650178,16347.349792,21772.999970,2467,1050,0.00,0.6453,0.4250
11017626.0,5428.935390,16359.396250,21788.331640,2468,1050,0.00,0.5813,0.3750
11019703.0,5430.561684,16365.376767,21795.938451,2469,1050,0.00,0.6000,0.3750
11020594.0,5431.274484,16367.975517,21799.250001,2470,1050,0.00,0.6094,0.3875
11020972.0,5431.579640,16369.106367,21800.686007,2471,1051,0.00,0.6594,0.3875
11021742.0,5432.226963,16371.366375,21803.593338,2472,1052,0.00,0.6625,0.3875
11022513.0,5432.881242,16373.672950,21806.554192,2473,1053,0.00,0.6719,0.4000
11022514.0,5432.882098,16373.676017,21806.558115,2474,1054,0.00,0.6813,0.4125
11022991.0,5433.293842,16375.174592,21808.468434,2475,1055,0.00,0.6984,0.4250
11024333.0,5434.450856,16379.284658,21813.735514,2476,1056,0.00,0.6922,0.4000
11026059.0,5435.899802,16384.577725,21820.477527,2477,1057,0.00,0.6547,0.4125
11028470.0,5437.849593,16391.766633,21829.616226,2478,1057,0.00,0.6000,0.3875
11028837.0,5438.142435,16392.858725,21831.001160,2479,1057,0.00,0.6000,0.3750
11029713.0,5438.843235,16395.413725,21834.256960,2480,1058,0.00,0.6188,0.3875
11029792.0,5438.907587,16395.650067,21834.557653,2481,1058,0.00,0.6250,0.4000
11031391.0,5440.212108,16400.464642,21840.676750,2482,1058,0.00,0.6250,0.4000
11032007.0,5440.714057,16402.339158,21843.053215,2483,1059,0.00,0.6125,0.4000
11033891.0,5442.239574,16408.116758,21850.356332,2484,1059,0.00,0.6188,0.4125
11033925.0,5442.267269,16408.223575,21850.490844,2485,1059,0.00,0.6250,0.4250
11034173.0,5442.470044,16409.014408,21851.484453,2486,1059,0.00,0.6625,0.4000
11034329.0,5442.602428,16409.492808,21852.095236,2487,1059,0.00,0.6688,0.4125
11034416.0,5442.674074,16409.766133,21852.440208,2488,1060,0.00,0.6359,0.4250
11034445.0,5442.698085,16409.859417,21852.557502,2489,1061,0.00,0.6594,0.4375
11034701.0,5442.908575,16410.662333,21853.570908,2490,1061,0.00,0.6359,0.4125
11034704.0,5442.911059,16410.671758,21853.582817,2491,1061,0.00,0.6453,0.4250
11034735.0,5442.936951,16410.771475,21853.708426,2492,1062,0.00,0.6688,0.4375
11034748.0,5442.948046,16410.814267,21853.762313,2493,1062,0.00,0.7188,0.4375
11034748.0,5442.948046,16410.814267,21853.762313,2494,1062,0.00,0.7688,0.4375
11034954.0,5443.135336,16411.489575,21854.624911,2495,1063,0.00,0.6766,0.4375
11035001.0,5443.175735,16411.644283,21854.820018,2496,1063,0.00,0.6891,0.4500
11035112.0,5443.272224,16412.017983,21855.290207,2497,1064,0.00,0.7063,0.4625
11035244.0,5443.388732,16412.472283,21855.861016,2498,1064,0.00,0.7125,0.4750
11035446.0,5443.566696,16413.175975,21856.742671,2499,1065,0.00,0.6891,0.4625
11036090.0,5444.117883,16415.301883,21859.419766,2500,1066,0.00,0.6875,0.4500
11036433.0,5444.413823,16416.428825,21860.842648,2501,1067,0.00,0.6844,0.4375
11036591.0,5444.550591,16416.948908,21861.499500,2502,1067,0.00,0.6969,0.4500
11036816.0,5444.747544,16417.706408,21862.453953,2503,1068,0.00,0.7141,0.4625
11037805.0,5445.615002,16421.016167,21866.631169,2504,1069,0.00,0.7047,0.4500
11037933.0,5445.727824,16421.447100,21867.174924,2505,1070,0.00,0.7234,0.4625
11038086.0,5445.864913,16421.973675,21867.838588,2506,1070,0.00,0.7297,0.4750
11038562.0,5446.288967,16423.587533,21869.876501,2507,1070,0.00,0.7047,0.4500
11039555.0,5447.113512,16426.653208,21873.766721,2508,1070,0.00,0.6531,0.4125
11040178.0,5447.635061,16428.595917,21876.230978,2509,1071,0.00,0.6531,0.4125
11040364.0,5447.791546,16429.180267,21876.971813,2510,1072,0.00,0.6766,0.4250
11041596.0,5448.839468,16433.081250,21881.920718,2511,1072,0.00,0.6766,0.4250
11041737.0,5448.960665,16433.534800,21882.495465,2512,1072,0.00,0.6891,0.4375
11041746.0,5448.968488,16433.564425,21882.532913,2513,1073,0.00,0.6953,0.4500
11042251.0,5449.405900,16435.233542,21884.639441,2514,1074,0.00,0.7109,0.4500
11043221.0,5450.242609,16438.411908,21888.654517,2515,1075,0.00,0.6594,0.4125
11043271.0,5450.284918,16438.568992,21888.853910,2516,1076,0.00,0.6781,0.4125
11043760.0,5450.692112,16440.081642,21890.773754,2517,1077,0.00,0.6328,0.4125
11044069.0,5450.947198,16441.052417,21891.999615,2518,1077,0.00,0.6391,0.4250
11044262.0,5451.107462,16441.673233,21892.780695,2519,1078,0.00,0.6563,0.4375
11044263.0,5451.108306,16441.676525,21892.784831,2520,1079,0.00,0.6734,0.4500
11044754.0,5451.523683,16443.298883,21894.822566,2521,1080,0.00,0.6734,0.4500
11047180.0,5453.550397,16451.050692,21904.601089,2522,1081,0.00,0.6641,0.4250
11047555.0,5453.869082,16452.256942,21906.126024,2523,1082,0.00,0.6813,0.4375
11047627.0,5453.931232,16452.493942,21906.425174,2524,1083,0.00,0.6984,0.4500
11047629.0,5453.932985,16452.500675,21906.433660,2525,1084,0.00,0.7156,0.4625
11048362.0,5454.585304,16455.023417,21909.608721,2526,1084,0.00,0.7219,0.4750
11048514.0,5454.721313,16455.557950,21910.279263,2527,1084,0.00,0.7344,0.4875
11049135.0,5455.283016,16457.788375,21913.071391,2528,1085,0.00,0.7516,0.5000
11049543.0,5455.649907,16459.224450,21914.874357,2529,1086,0.00,0.7328,0.4750
11049607.0,5455.707719,16459.449517,21915.157235,2530,1087,0.00,0.7500,0.4875
11049709.0,5455.799546,16459.808367,21915.607913,2531,1087,0.00,0.7156,0.4750
11050420.0,5456.425496,16462.270617,21918.696113,2532,1087,0.00,0.7047,0.4750
11050941.0,5456.883731,16464.087575,21920.971306,2533,1088,0.00,0.7156,0.4750
11051098.0,5457.023450,16464.639692,21921.663142,2534,1089,0.00,0.7328,0.4875
11051566.0,5457.446194,16466.320592,21923.766785,2535,1090,0.00,0.7453,0.5000
11052205.0,5458.015858,16468.586417,21926.602275,2536,1091,0.00,0.7172,0.4750
11052393.0,5458.180947,16469.233825,21927.414772,2537,1092,0.00,0.7000,0.4625
11054015.0,5459.578635,16474.669958,21934.248594,2538,1092,0.00,0.6844,0.4500
11056803.0,5461.912313,16483.678300,21945.590613,2539,1093,0.00,0.6609,0.4375
11057127.0,5462.186869,16484.744800,21946.931669,2540,1094,0.00,0.6781,0.4500
11057635.0,5462.622417,16486.441792,21949.064208,2541,1095,0.00,0.6828,0.4500
11057904.0,5462.851489,16487.334975,21950.186464,2542,1096,0.00,0.6766,0.4500
11058332.0,5463.211155,16488.729783,21951.940938,2543,1096,0.00,0.6656,0.4375
11058612.0,5463.449446,16489.651450,21953.100896,2544,1096,0.00,0.7156,0.4375
11059271.0,5464.016233,16491.820658,21955.836891,2545,1096,0.00,0.6828,0.4500
11059272.0,5464.017097,16491.824025,21955.841122,2546,1097,0.00,0.7000,0.4625
11060165.0,5464.781513,16494.793333,21959.574846,2547,1098,0.00,0.6656,0.4375
11060653.0,5465.191699,16496.378592,21961.570291,2548,1099,0.00,0.6547,0.4375
11060788.0,5465.305441,16496.822967,21962.128408,2549,1100,0.00,0.6719,0.4500
11060819.0,5465.331974,16496.927333,21962.259307,2550,1101,0.00,0.6891,0.4625
11062124.0,5466.433888,16501.236458,21967.670347,2551,1102,0.00,0.6781,0.4500
11062897.0,5467.087756,16503.791567,21970.879323,2552,1103,0.00,0.6734,0.4500
11062993.0,5467.170039,16504.114767,21971.284806,2553,1103,0.00,0.6797,0.4625
11063597.0,5467.690675,16506.193533,21973.884208,2554,1103,0.00,0.6969,0.4750
11064076.0,5468.105167,16507.851092,21975.956259,2555,1104,0.00,0.6969,0.4750
11064077.0,5468.106042,16507.854608,21975.960651,2556,1105,0.00,0.7141,0.4875
11064333.0,5468.324079,16508.722850,21977.046929,2557,1106,0.00,0.6625,0.4500
11064446.0,5468.419972,16509.103283,21977.523256,2558,1106,0.00,0.6688,0.4625
11064502.0,5468.467767,16509.296017,21977.763783,2559,1107,0.00,0.6859,0.4750
11064663.0,5468.607328,16509.862200,21978.469528,2560,1108,0.00,0.7094,0.4875
11064914.0,5468.828357,16510.757933,21979.586291,2561,1109,0.00,0.7078,0.4875
11064916.0,5468.830125,16510.765117,21979.595242,2562,1110,0.00,0.7250,0.5000
11064955.0,5468.865117,16510.908117,21979.773234,2563,1111,0.00,0.7422,0.5125
11065120.0,5469.015364,16511.525492,21980.540856,2564,1112,0.00,0.7594,0.5250
11065306.0,5469.182248,16512.207492,21981.389739,2565,1113,0.00,0.7250,0.5000
11065308.0,5469.184042,16512.214825,21981.398867,2566,1114,0.00,0.7422,0.5125
11065717.0,5469.556473,16513.745167,21983.301640,2567,1114,0.00,0.7594,0.5250
11067652.0,5471.307873,16520.933242,21992.241115,2568,1115,0.00,0.7344,0.5000
11067759.0,5471.404442,16521.324375,21992.728817,2569,1116,0.00,0.7406,0.5000
11067977.0,5471.599532,16522.110733,21993.710266,2570,1117,0.00,0.7234,0.5000
11068388.0,5471.967791,16523.617733,21995.585525,2571,1118,0.00,0.7406,0.5125
11068421.0,5471.997801,16523.741208,21995.739009,2572,1119,0.00,0.7578,0.5250
11070819.0,5474.082016,16532.126550,22006.208566,2573,1120,0.00,0.6234,0.4250
11071065.0,5474.280466,16532.901950,22007.182416,2574,1121,0.00,0.6297,0.4250
11071356.0,5474.519985,16533.838000,22008.357985,2575,1122,0.00,0.6422,0.4375
11072510.0,5475.481051,16537.636583,22013.117634,2576,1122,0.00,0.6484,0.4500
11073022.0,5475.906693,16539.310217,22015.216909,2577,1122,0.00,0.6594,0.4375
11073754.0,5476.508852,16541.627767,22018.136619,2578,1123,0.00,0.6422,0.4250
11075323.0,5477.811980,16546.660092,22024.472072,2579,1123,0.00,0.6313,0.4250
11075573.0,5478.015976,16547.448208,22025.464184,2580,1123,0.00,0.6313,0.4250
11075801.0,5478.203918,16548.181608,22026.385526,2581,1123,0.00,0.6438,0.4375
11077072.0,5479.250784,16552.263617,22031.514400,2582,1123,0.00,0.6422,0.4250
11077486.0,5479.595568,16553.595317,22033.190885,2583,1124,0.00,0.6656,0.4375
11078696.0,5480.625328,16557.578233,22038.203562,2584,1125,0.00,0.6828,0.4500
11078771.0,5480.690159,16557.830733,22038.520892,2585,1126,0.00,0.7000,0.4625
11079867.0,5481.632990,16561.523750,22043.156740,2586,1126,0.00,0.6656,0.4500
11080313.0,5482.008568,16562.994533,22045.003102,2587,1127,0.00,0.6813,0.4500
11080360.0,5482.049139,16563.152767,22045.201905,2588,1128,0.00,0.6984,0.4625
11080669.0,5482.316189,16564.196742,22046.512931,2589,1129,0.00,0.6703,0.4500
11081253.0,5482.811463,16566.141200,22048.952663,2590,1130,0.00,0.6703,0.4500
11081372.0,5482.913171,16566.541833,22049.455004,2591,1130,0.00,0.7203,0.4500
11082525.0,5483.904498,16570.423600,22054.328098,2592,1130,0.00,0.7203,0.4500
11083044.0,5484.353719,16572.170900,22056.524619,2593,1131,0.00,0.6875,0.4625
11083221.0,5484.506617,16572.775875,22057.282492,2594,1132,0.00,0.6875,0.4625
11083593.0,5484.821954,16574.013650,22058.835604,2595,1132,0.00,0.6531,0.4375
11084688.0,5485.728627,16577.536275,22063.264902,2596,1133,0.00,0.6609,0.4375
11085996.0,5486.832413,16581.824000,22068.656413,2597,1134,0.00,0.6547,0.4375
11086418.0,5487.184166,16583.191783,22070.375949,2598,1134,0.00,0.6563,0.4375
11087021.0,5487.692947,16585.176658,22072.869605,2599,1135,0.00,0.6813,0.4500
11087736.0,5488.310131,16587.583825,22075.893956,2600,1136,0.00,0.7000,0.4625
11088884.0,5489.317820,16591.534858,22080.852678,2601,1136,0.00,0.7250,0.4750
11089355.0,5489.740412,16593.191208,22082.931620,2602,1137,0.00,0.7438,0.4875
11089906.0,5490.242816,16595.170217,22085.413033,2603,1137,0.00,0.7563,0.5000
11090372.0,5490.672248,16596.878883,22087.551132,2604,1138,0.00,0.7688,0.5000
11091165.0,5491.401848,16599.740875,22091.142723,2605,1139,0.00,0.7750,0.5000
11095003.0,5494.829900,16613.352217,22108.182116,2606,1140,0.00,0.7250,0.5125
11096740.0,5496.341903,16619.492992,22115.834894,2607,1140,0.00,0.6813,0.4750
11097240.0,5496.773339,16621.248850,22118.022189,2608,1141,0.00,0.6813,0.4750
11100487.0,5499.564737,16632.491667,22132.056404,2609,1141,0.00,0.6813,0.4750
11102589.0,5501.369941,16639.836225,22141.206166,2610,1142,0.00,0.6688,0.4750
11104707.0,5503.162419,16647.166700,22150.329119,2611,1142,0.00,0.7000,0.4500
11105858.0,5504.133657,16651.041733,22155.175391,2612,1142,0.00,0.7000,0.4500
11106111.0,5504.351457,16651.893500,22156.244957,2613,1143,0.00,0.6734,0.4625
11106744.0,5504.884479,16654.032850,22158.917329,2614,1144,0.00,0.6734,0.4625
11111473.0,5508.831427,16669.634767,22178.466194,2615,1145,0.00,0.6672,0.4500
11112961.0,5510.099585,16674.644367,22184.743952,2616,1146,0.00,0.6906,0.4625
11113955.0,5510.941005,16677.967283,22188.908288,2617,1147,0.00,0.6672,0.4500
11113989.0,5510.969982,16678.081750,22189.051732,2618,1148,0.00,0.6906,0.4625
11114045.0,5511.018729,16678.274483,22189.293212,2619,1148,0.00,0.7031,0.4750
11114048.0,5511.021369,16678.285033,22189.306403,2620,1148,0.00,0.7156,0.4875
11114305.0,5511.250082,16679.208092,22190.458173,2621,1149,0.00,0.7391,0.5000
11114429.0,5511.362693,16679.662758,22191.025452,2622,1149,0.00,0.7453,0.5125
11114601.0,5511.519733,16680.306325,22191.826058,2623,1149,0.00,0.7516,0.5250
11114738.0,5511.645006,16680.821858,22192.466865,2624,1150,0.00,0.7703,0.5250
11115249.0,5512.121496,16682.772175,22194.893671,2625,1150,0.00,0.7828,0.5250
11115261.0,5512.132802,16682.817975,22194.950777,2626,1150,0.00,0.7953,0.5250
11115262.0,5512.133754,16682.821792,22194.955546,2627,1150,0.00,0.8078,0.5250
11117478.0,5514.162014,16690.865300,22205.027314,2628,1150,0.00,0.7188,0.4875
11117493.0,5514.175400,16690.919175,22205.094575,2629,1151,0.00,0.7422,0.5000
11117498.0,5514.179953,16690.937508,22205.117461,2630,1151,0.00,0.7484,0.5125
11118273.0,5514.877250,16693.787200,22208.664450,2631,1151,0.00,0.7438,0.5125
11121541.0,5517.808702,16705.678517,22223.487218,2632,1152,0.00,0.7422,0.5000
11121713.0,5517.965066,16706.305208,22224.270274,2633,1153,0.00,0.7422,0.5000
11122115.0,5518.330190,16707.774408,22226.104598,2634,1153,0.00,0.7297,0.5000
11122173.0,5518.382440,16707.987075,22226.369515,2635,1154,0.00,0.7531,0.5125
11123894.0,5519.938704,16714.300258,22234.238962,2636,1154,0.00,0.7281,0.5000
11124008.0,5520.040540,16714.712783,22234.753323,2637,1154,0.00,0.6969,0.4750
11124021.0,5520.051919,16714.758500,22234.810419,2638,1155,0.00,0.7141,0.4875
11124024.0,5520.054585,16714.769275,22234.823860,2639,1155,0.00,0.7203,0.5000
11124031.0,5520.060811,16714.794492,22234.855303,2640,1155,0.00,0.7203,0.5000
11124176.0,5520.187428,16715.301258,22235.488686,2641,1155,0.00,0.6609,0.4500
11124215.0,5520.220476,16715.432558,22235.653035,2642,1156,0.00,0.6781,0.4625
11124338.0,5520.326350,16715.855883,22236.182234,2643,1156,0.00,0.6844,0.4750
11124346.0,5520.333275,16715.884017,22236.217292,2644,1156,0.00,0.6906,0.4875
11124361.0,5520.346333,16715.937892,22236.284224,2645,1156,0.00,0.7031,0.5000
11128032.0,5523.482970,16728.096075,22251.579045,2646,1156,0.00,0.6750,0.3875
11128034.0,5523.484687,16728.102058,22251.586745,2647,1156,0.00,0.7250,0.3875
11128364.0,5523.766615,16729.089308,22252.855923,2648,1157,0.00,0.6500,0.4000
11128729.0,5524.071441,16730.196717,22254.268158,2649,1157,0.00,0.6656,0.3625
11128729.0,5524.071441,16730.196717,22254.268158,2650,1157,0.00,0.7156,0.3625
11128729.0,5524.071441,16730.196717,22254.268158,2651,1157,0.00,0.7656,0.3625
11128729.0,5524.071441,16730.196717,22254.268158,2652,1157,0.00,0.8156,0.3625
11128730.0,5524.072409,16730.199558,22254.271967,2653,1157,0.00,0.8156,0.3625
11129451.0,5524.681542,16732.244275,22256.925817,2654,1157,0.00,0.6328,0.3625
11130153.0,5525.261058,16734.239125,22259.500183,2655,1158,0.00,0.6563,0.3750
11130757.0,5525.760529,16735.959017,22261.719546,2656,1159,0.00,0.6578,0.3750
11131273.0,5526.196531,16737.464017,22263.660548,2657,1160,0.00,0.6828,0.3875
11131962.0,5526.782230,16739.484625,22266.266855,2658,1161,0.00,0.6844,0.3875
11132134.0,5526.928064,16739.987417,22266.915481,2659,1161,0.00,0.6719,0.3750
11132194.0,5526.979418,16740.162417,22267.141835,2660,1162,0.00,0.6813,0.3875
11132742.0,5527.452449,16741.801850,22269.254299,2661,1163,0.00,0.7047,0.4000
11133678.0,5528.246531,16744.521500,22272.768031,2662,1163,0.00,0.6641,0.3750
11133718.0,5528.280524,16744.638167,22272.918691,2663,1164,0.00,0.6813,0.3875
11135259.0,5529.610707,16749.248325,22278.859032,2664,1165,0.00,0.7000,0.4000
11135676.0,5529.975574,16750.527125,22280.502699,2665,1166,0.00,0.7063,0.4125
11136756.0,5530.887208,16753.732475,22284.619683,2666,1167,0.00,0.6625,0.3875
11138331.0,5532.154735,16758.263600,22290.418335,2667,1168,0.00,0.6078,0.3750
11138377.0,5532.191815,16758.397767,22290.589581,2668,1169,0.00,0.6250,0.3875
11138420.0,5532.227051,16758.526408,22290.753459,2669,1170,0.00,0.6422,0.4000
11138466.0,5532.265360,16758.667475,22290.932835,2670,1171,0.00,0.6594,0.4125
11138880.0,5532.615679,16759.968125,22292.583804,2671,1172,0.00,0.6828,0.4250
11139053.0,5532.763198,16760.516283,22293.279482,2672,1172,0.00,0.6719,0.4250
11141307.0,5534.686531,16767.697575,22302.384106,2673,1173,0.00,0.6656,0.4125
11141665.0,5534.980991,16768.764992,22303.745982,2674,1174,0.00,0.6141,0.3750
11141714.0,5535.020727,16768.907908,22303.928635,2675,1175,0.00,0.6313,0.3875
11141849.0,5535.132008,16769.311783,22304.443791,2676,1176,0.00,0.6484,0.4000
11142125.0,5535.363206,16770.158183,22305.521389,2677,1177,0.00,0.6719,0.4125
11143807.0,5536.776598,16775.269742,22312.046339,2678,1178,0.00,0.6313,0.3750
11144398.0,5537.249186,16776.929742,22314.178928,2679,1179,0.00,0.5891,0.3500
11145930.0,5538.435194,16781.059000,22319.494194,2680,1180,0.00,0.5781,0.3500
11146645.0,5538.995029,16783.037167,22322.032195,2681,1180,0.00,0.5906,0.3625
11146762.0,5539.087192,16783.365142,22322.452334,2682,1180,0.00,0.5906,0.3625
11147345.0,5539.542322,16784.967683,22324.510005,2683,1180,0.00,0.5781,0.3500
11148769.0,5540.657294,16788.907417,22329.564711,2684,1181,0.00,0.6016,0.3625
11150317.0,5541.870724,16793.195842,22335.066565,2685,1181,0.00,0.6016,0.3625
11150664.0,5542.148745,16794.181900,22336.330645,2686,1182,0.00,0.6250,0.3750
11151299.0,5542.669093,16796.033983,22338.703076,2687,1183,0.00,0.6484,0.3875
11152092.0,5543.323561,16798.366025,22341.689586,2688,1183,0.00,0.6750,0.3750
11152546.0,5543.701266,16799.690192,22343.391458,2689,1184,0.00,0.6500,0.3875
11152548.0,5543.702944,16799.696175,22343.399119,2690,1184,0.00,0.6750,0.3875
11152679.0,5543.815112,16800.086958,22343.902070,2691,1184,0.00,0.7016,0.3750
11153047.0,5544.125807,16801.160292,22345.286098,2692,1185,0.00,0.6500,0.3875
11155039.0,5545.698865,16806.706067,22352.404931,2693,1185,0.00,0.5938,0.3500
11155510.0,5546.073375,16808.009167,22354.082542,2694,1186,0.00,0.6219,0.3625
11155512.0,5546.075009,16808.014850,22354.089859,2695,1187,0.00,0.6453,0.3750
11157873.0,5548.015555,16814.788600,22362.804155,2696,1187,0.00,0.5844,0.3500
11157922.0,5548.054159,16814.924167,22362.978326,2697,1188,0.00,0.6094,0.3750
11159112.0,5549.001765,16818.315875,22367.317640,2698,1189,0.00,0.5828,0.3500
11159468.0,5549.281806,16819.300808,22368.582614,2699,1190,0.00,0.6063,0.3625
11161150.0,5550.613805,16823.958317,22374.572122,2700,1191,0.00,0.6125,0.3625
11161803.0,5551.136101,16825.787375,22376.923476,2701,1192,0.00,0.6063,0.3625
11161803.0,5551.136101,16825.787375,22376.923476,2702,1193,0.00,0.6234,0.3750
11163277.0,5552.338177,16830.067792,22382.405969,2703,1193,0.00,0.5953,0.3625
11163323.0,5552.374475,16830.196633,22382.571109,2704,1193,0.00,0.6031,0.3750
11163419.0,5552.450925,16830.472133,22382.923059,2705,1194,0.00,0.6141,0.3750
11163965.0,5552.893697,16832.064633,22384.958331,2706,1194,0.00,0.6266,0.3875
11164677.0,5553.465951,16834.101700,22387.567651,2707,1194,0.00,0.6016,0.3625
11165217.0,5553.896206,16835.617675,22389.513881,2708,1195,0.00,0.6125,0.3625
11165682.0,5554.260842,16836.890150,22391.150992,2709,1196,0.00,0.5906,0.3500
11165787.0,5554.344076,16837.180650,22391.524726,2710,1196,0.00,0.6031,0.3625
11167355.0,5555.579518,16841.500783,22397.080301,2711,1196,0.00,0.5891,0.3500
11168614.0,5556.553950,16844.893267,22401.447217,2712,1196,0.00,0.5719,0.3500
11170473.0,5557.993820,16849.933675,22407.927495,2713,1197,0.00,0.5828,0.3500
11170829.0,5558.273861,16850.918608,22409.192469,2714,1198,0.00,0.6000,0.3625
11171979.0,5559.178341,16854.099450,22413.277791,2715,1199,0.00,0.5906,0.3500
11172394.0,5559.507315,16855.247617,22414.754931,2716,1200,0.00,0.6000,0.3625
11172666.0,5559.724915,16856.020550,22415.745465,2717,1200,0.00,0.6125,0.3625
11172672.0,5559.729773,16856.037600,22415.767373,2718,1200,0.00,0.6250,0.3625
11173665.0,5560.543481,16858.859375,22419.402856,2719,1201,0.00,0.6484,0.3750
11174673.0,5561.370192,16861.726700,22423.096892,2720,1202,0.00,0.6344,0.3750
11174967.0,5561.613253,16862.584200,22424.197453,2721,1202,0.00,0.6844,0.3750
11174967.0,5561.613253,16862.584200,22424.197453,2722,1202,0.00,0.7344,0.3750
11175315.0,5561.910562,16863.592450,22425.503012,2723,1203,0.00,0.6328,0.3750
11175329.0,5561.922120,16863.633283,22425.555403,2724,1204,0.00,0.6578,0.3875
11175351.0,5561.940709,16863.699100,22425.639809,2725,1205,0.00,0.6813,0.4000
11175546.0,5562.102541,16864.283825,22426.386366,2726,1205,0.00,0.6734,0.3750
11176114.0,5562.572740,16865.940492,22428.513231,2727,1205,0.00,0.6734,0.3750
11176115.0,5562.573597,16865.943408,22428.517005,2728,1205,0.00,0.7234,0.3750
11176116.0,5562.574493,16865.946325,22428.520818,2729,1205,0.00,0.7734,0.3750
11176116.0,5562.574493,16865.946325,22428.520818,2730,1205,0.00,0.7734,0.3750
11177374.0,5563.620128,16869.608967,22433.229095,2731,1205,0.00,0.6094,0.3750
11177546.0,5563.758982,16870.110633,22433.869615,2732,1206,0.00,0.6156,0.3875
11177762.0,5563.934407,16870.756833,22434.691240,2733,1207,0.00,0.6391,0.4000
11178997.0,5564.922894,16874.395892,22439.318786,2734,1208,0.00,0.6156,0.3875
11180089.0,5565.809765,16877.662792,22443.472557,2735,1209,0.00,0.6219,0.4000
11180641.0,5566.259513,16879.350792,22445.610304,2736,1210,0.00,0.6219,0.4000
11184313.0,5569.231933,16890.354792,22459.586724,2737,1211,0.00,0.6141,0.3875
11184401.0,5569.302785,16890.615958,22459.918743,2738,1212,0.00,0.6078,0.3875
11185236.0,5569.975859,16893.114000,22463.089859,2739,1213,0.00,0.6266,0.4000
11185332.0,5570.054642,16893.408400,22463.463042,2740,1213,0.00,0.6391,0.4125
11185714.0,5570.371848,16894.608517,22464.980364,2741,1214,0.00,0.6578,0.4250
11186555.0,5571.082464,16897.313733,22468.396197,2742,1215,0.00,0.6766,0.4375
11187370.0,5571.766532,16899.884467,22471.650999,2743,1216,0.00,0.6547,0.4125
11189436.0,5573.470696,16906.224925,22479.695621,2744,1217,0.00,0.6563,0.4125
11190439.0,5574.311552,16909.355092,22483.666644,2745,1218,0.00,0.6547,0.4125
11193216.0,5576.595914,16917.831400,22494.427314,2746,1219,0.00,0.6250,0.3875
11196037.0,5578.897942,16926.221392,22505.119334,2747,1219,0.00,0.6234,0.3875
11196037.0,5578.897942,16926.221392,22505.119334,2748,1220,0.00,0.6406,0.4000
11197473.0,5580.084717,16930.568050,22510.652767,2749,1221,0.00,0.6375,0.4000
11198291.0,5580.762261,16933.069233,22513.831494,2750,1221,0.00,0.6781,0.3875
11199245.0,5581.548090,16935.901308,22517.449399,2751,1222,0.00,0.6109,0.3750
11199319.0,5581.607920,16936.117142,22517.725061,2752,1222,0.00,0.6359,0.3750
11199447.0,5581.713898,16936.490475,22518.204373,2753,1222,0.00,0.6859,0.3750
11201625.0,5583.482992,16942.842975,22526.325967,2754,1222,0.00,0.6234,0.3750
11201627.0,5583.484629,16942.848808,22526.333437,2755,1222,0.00,0.6359,0.3750
11201632.0,5583.488769,16942.863392,22526.352160,2756,1222,0.00,0.6484,0.3750
11201635.0,5583.491282,16942.872142,22526.363423,2757,1222,0.00,0.6609,0.3750
11201707.0,5583.552294,16943.082142,22526.634436,2758,1223,0.00,0.6734,0.3875
11202660.0,5584.363072,16945.899225,22530.262297,2759,1224,0.00,0.6797,0.3875
11203053.0,5584.701830,16947.074950,22531.776780,2760,1225,0.00,0.6984,0.4000
11204073.0,5585.593284,16950.189375,22535.782659,2761,1226,0.00,0.6984,0.4000
11204435.0,5585.910599,16951.299508,22537.210108,2762,1227,0.00,0.7109,0.4125
11205423.0,5586.769879,16954.336125,22541.106004,2763,1228,0.00,0.7047,0.4125
11206866.0,5588.041773,16958.869550,22546.911323,2764,1229,0.00,0.7109,0.4250
11207968.0,5589.005125,16962.323717,22551.328842,2765,1229,0.00,0.6922,0.4125
11208156.0,5589.169005,16962.914350,22552.083355,2766,1230,0.00,0.7156,0.4125
11208724.0,5589.674485,16964.698817,22554.373302,2767,1231,0.00,0.7281,0.4250
11209239.0,5590.133237,16966.320150,22556.453387,2768,1231,0.00,0.7281,0.4250
11209274.0,5590.164725,16966.432733,22556.597458,2769,1232,0.00,0.7563,0.4375
11209495.0,5590.368383,16967.160192,22557.528574,2770,1233,0.00,0.7797,0.4375
11209502.0,5590.374961,16967.183233,22557.558194,2771,1234,0.00,0.8031,0.4375
11209507.0,5590.379751,16967.199692,22557.579443,2772,1235,0.00,0.8266,0.4375
11209955.0,5590.815423,16968.661458,22559.476881,2773,1236,0.00,0.8313,0.4375
11210744.0,5591.579427,16971.219808,22562.799236,2774,1237,0.00,0.8141,0.4250
11210963.0,5591.790336,16971.912633,22563.702969,2775,1238,0.00,0.8250,0.4250
11210969.0,5591.796186,16971.931933,22563.728119,2776,1239,0.00,0.8422,0.4375
11211517.0,5592.321153,16973.651992,22565.973144,2777,1240,0.00,0.7984,0.4125
11211756.0,5592.549240,16974.402850,22566.952090,2778,1241,0.00,0.8156,0.4250
11211823.0,5592.614076,16974.618367,22567.232443,2779,1241,0.00,0.8281,0.4375
11212116.0,5592.893828,16975.582825,22568.476653,2780,1242,0.00,0.8000,0.4500
11212117.0,5592.894784,16975.586192,22568.480975,2781,1242,0.00,0.8188,0.4625
11212205.0,5592.980156,16975.889058,22568.869214,2782,1243,0.00,0.8359,0.4750
11212284.0,5593.057853,16976.166875,22569.224728,2783,1244,0.00,0.8531,0.4875
11212334.0,5593.107697,16976.346458,22569.454155,2784,1245,0.00,0.8703,0.5000
11212335.0,5593.108707,16976.350125,22569.458832,2785,1246,0.00,0.8875,0.5125
11212348.0,5593.122014,16976.398767,22569.520781,2786,1246,0.00,0.8938,0.5250
11213911.0,5594.651794,16981.980892,22576.632686,2787,1247,0.00,0.7656,0.4375
11214444.0,5595.146855,16983.735350,22578.882205,2788,1248,0.00,0.7875,0.4500
11215029.0,5595.700167,16985.704850,22581.405017,2789,1249,0.00,0.8109,0.4500
11215721.0,5596.367299,16988.034583,22584.401882,2790,1250,0.00,0.8344,0.4625
11216088.0,5596.722422,16989.274425,22585.996847,2791,1251,0.00,0.8094,0.4500
11216095.0,5596.729162,16989.297992,22586.027154,2792,1252,0.00,0.8266,0.4625
11216213.0,5596.844355,16989.704108,22586.548464,2793,1253,0.00,0.8438,0.4750
11217934.0,5598.512150,16995.558367,22594.070517,2794,1253,0.00,0.8047,0.4500
11218032.0,5598.606152,16995.888300,22594.494452,2795,1254,0.00,0.8219,0.4625
11218086.0,5598.658670,16996.074150,22594.732820,2796,1255,0.00,0.8391,0.4750
11218660.0,5599.221108,16998.065792,22597.286900,2797,1256,0.00,0.8438,0.4750
11218892.0,5599.450692,16998.881658,22598.332350,2798,1257,0.00,0.8625,0.4875
11220058.0,5600.591315,17003.029267,22603.620582,2799,1258,0.00,0.8141,0.4875
11220260.0,5600.786547,17003.754783,22604.541330,2800,1259,0.00,0.8313,0.5000
11220593.0,5601.112840,17004.975783,22606.088624,2801,1260,0.00,0.8484,0.5125
11220651.0,5601.170448,17005.192800,22606.363248,2802,1261,0.00,0.8656,0.5250
11220963.0,5601.484506,17006.383600,22607.868106,2803,1262,0.00,0.8891,0.5250
11221621.0,5602.158842,17008.894967,22611.053809,2804,1262,0.00,0.8891,0.5250
11221623.0,5602.160891,17008.902600,22611.063491,2805,1262,0.00,0.8891,0.5250
11222207.0,5602.757465,17011.131533,22613.888998,2806,1262,0.00,0.8391,0.5250
11222412.0,5602.959582,17011.913950,22614.873532,2807,1263,0.00,0.8563,0.5375
11222719.0,5603.266262,17013.108092,22616.374354,2808,1264,0.00,0.8672,0.5375
11222916.0,5603.464801,17013.874750,22617.339551,2809,1264,0.00,0.8672,0.5375
11223995.0,5604.507071,17017.827033,22622.334105,2810,1265,0.00,0.7984,0.4875
11224411.0,5604.901256,17019.305342,22624.206598,2811,1266,0.00,0.7813,0.4750
11224413.0,5604.903138,17019.312375,22624.215513,2812,1267,0.00,0.7984,0.4875
11224725.0,5605.198847,17020.421500,22625.620347,2813,1268,0.00,0.7984,0.4875
11224726.0,5605.199801,17020.425092,22625.624893,2814,1269,0.00,0.8156,0.5000
11224727.0,5605.200769,17020.428758,22625.629527,2815,1270,0.00,0.8328,0.5125
11224727.0,5605.200769,17020.428758,22625.629527,2816,1271,0.00,0.8500,0.5250
11224989.0,5605.460262,17021.421600,22626.881862,2817,1272,0.00,0.8469,0.5000
11225606.0,5606.062072,17023.683933,22629.746005,2818,1272,0.00,0.8281,0.5125
11225608.0,5606.064027,17023.691417,22629.755443,2819,1272,0.00,0.8328,0.5250
11225620.0,5606.075799,17023.737217,22629.813016,2820,1273,0.00,0.8453,0.5375
11225650.0,5606.105523,17023.853967,22629.959490,2821,1273,0.00,0.8500,0.5500
11226178.0,5606.628330,17025.901867,22632.530196,2822,1274,0.00,0.8531,0.5250
11226178.0,5606.628330,17025.901867,22632.530196,2823,1275,0.00,0.8703,0.5375
11226273.0,5606.724303,17026.271575,22632.995878,2824,1276,0.00,0.8797,0.5500
11226650.0,5607.107913,17027.767008,22634.874922,2825,1276,0.00,0.8844,0.5625
11226751.0,5607.211053,17028.175217,22635.386269,2826,1276,0.00,0.8891,0.5750
11226847.0,5607.307807,17028.558492,22635.866299,2827,1276,0.00,0.8531,0.5500
11227016.0,5607.473071,17029.225108,22636.698179,2828,1276,0.00,0.8297,0.5500
11227423.0,5607.868893,17030.788392,22638.657285,2829,1276,0.00,0.8203,0.5250
11227651.0,5608.089279,17031.643442,22639.732721,2830,1276,0.00,0.7922,0.5125
11227994.0,5608.414495,17032.917458,22641.331953,2831,1277,0.00,0.8063,0.5000
11228407.0,5608.811147,17034.431792,22643.242939,2832,1277,0.00,0.8109,0.5125
11228456.0,5608.858386,17034.615133,22643.473519,2833,1277,0.00,0.8156,0.5250
11228711.0,5609.101862,17035.566708,22644.668570,2834,1277,0.00,0.7984,0.5125
11228775.0,5609.162922,17035.805800,22644.968722,2835,1278,0.00,0.8109,0.5125
11228853.0,5609.237214,17036.097650,22645.334864,2836,1278,0.00,0.7969,0.5250
11229026.0,5609.402105,17036.757933,22646.160038,2837,1278,0.00,0.8016,0.5375
11229145.0,5609.515797,17037.217667,22646.733463,2838,1278,0.00,0.8016,0.5375
11229185.0,5609.554067,17037.373333,22646.927401,2839,1278,0.00,0.8063,0.5500
11229453.0,5609.807061,17038.388925,22648.195986,2840,1279,0.00,0.7938,0.5125
11229482.0,5609.834631,17038.497433,22648.332064,2841,1279,0.00,0.7984,0.5250
11229741.0,5610.081674,17039.483250,22649.564924,2842,1279,0.00,0.7984,0.5250
11229790.0,5610.128437,17039.670267,22649.798703,2843,1279,0.00,0.8109,0.5250
11229820.0,5610.157359,17039.784767,22649.942125,2844,1279,0.00,0.8156,0.5375
11229972.0,5610.304450,17040.376300,22650.680750,2845,1279,0.00,0.8203,0.5500
11230059.0,5610.387966,17040.715625,22651.103591,2846,1279,0.00,0.8016,0.5375
11230068.0,5610.396577,17040.750650,22651.147227,2847,1279,0.00,0.8063,0.5500
11230140.0,5610.465533,17041.035050,22651.500583,2848,1279,0.00,0.7891,0.5375
11230519.0,5610.822568,17042.470992,22653.293560,2849,1279,0.00,0.7797,0.5125
11230918.0,5611.193534,17043.941492,22655.135026,2850,1280,0.00,0.7875,0.5000
11230919.0,5611.194480,17043.945158,22655.139639,2851,1281,0.00,0.7938,0.5125
11231184.0,5611.446389,17044.936175,22656.382564,2852,1281,0.00,0.7938,0.5125
11231705.0,5611.927823,17046.775708,22658.703532,2853,1281,0.00,0.7375,0.4625
11231874.0,5612.079449,17047.348875,22659.428324,2854,1282,0.00,0.7359,0.4625
11232138.0,5612.317690,17048.239550,22660.557240,2855,1282,0.00,0.7359,0.4625
11232159.0,5612.336710,17048.311825,22660.648535,2856,1283,0.00,0.7531,0.4750
11232245.0,5612.415459,17048.612608,22661.028067,2857,1284,0.00,0.7531,0.4750
11232404.0,5612.560077,17049.163133,22661.723211,2858,1285,0.00,0.7500,0.4625
11232428.0,5612.582077,17049.245733,22661.827811,2859,1285,0.00,0.7547,0.4750
11232640.0,5612.774465,17049.983542,22662.758007,2860,1286,0.00,0.7250,0.4750
11232992.0,5613.089212,17051.199283,22664.288495,2861,1286,0.00,0.7250,0.4750
11233356.0,5613.415217,17052.467350,22665.882567,2862,1287,0.00,0.7328,0.4750
11233358.0,5613.417024,17052.474383,22665.891407,2863,1287,0.00,0.7328,0.4750
11233792.0,5613.804739,17053.978417,22667.783155,2864,1288,0.00,0.7313,0.4750
11234122.0,5614.102426,17055.138917,22669.241343,2865,1289,0.00,0.7375,0.4875
11234217.0,5614.188586,17055.480125,22669.668711,2866,1289,0.00,0.7422,0.5000
11234289.0,5614.254148,17055.744125,22669.998273,2867,1289,0.00,0.7469,0.5125
11234436.0,5614.388065,17056.290475,22670.678540,2868,1289,0.00,0.7344,0.5000
11234621.0,5614.554492,17056.950133,22671.504625,2869,1290,0.00,0.7500,0.4875
11235926.0,5615.743027,17061.502333,22677.245361,2870,1290,0.00,0.7438,0.4750
11236060.0,5615.865209,17061.973567,22677.838776,2871,1291,0.00,0.7500,0.4875
11236062.0,5615.867043,17061.980750,22677.847793,2872,1291,0.00,0.7547,0.5000
11236161.0,5615.958154,17062.343750,22678.301904,2873,1291,0.00,0.7594,0.5125
11236237.0,5616.028374,17062.628117,22678.656491,2874,1291,0.00,0.7594,0.5125
11236263.0,5616.052397,17062.725400,22678.777797,2875,1292,0.00,0.7828,0.5125
11237938.0,5617.594059,17068.630292,22686.224351,2876,1293,0.00,0.7563,0.4750
11238503.0,5618.113668,17070.600933,22688.714601,2877,1293,0.00,0.7547,0.4750
11238519.0,5618.128339,17070.656900,22688.785239,2878,1293,0.00,0.7422,0.4750
11238610.0,5618.211203,17070.976917,22689.188120,2879,1293,0.00,0.7469,0.4875
11238754.0,5618.342510,17071.487067,22689.829577,2880,1294,0.00,0.7469,0.4750
11238918.0,5618.492445,17072.063800,22690.556245,2881,1295,0.00,0.7641,0.4875
11238981.0,5618.550786,17072.288050,22690.838836,2882,1296,0.00,0.7766,0.4875
11239010.0,5618.577701,17072.390708,22690.968409,2883,1296,0.00,0.7641,0.4875
11239443.0,5618.975695,17073.944250,22692.919945,2884,1296,0.00,0.7516,0.4875
11239659.0,5619.173958,17074.720050,22693.894008,2885,1297,0.00,0.7703,0.4875
11240047.0,5619.529130,17076.058342,22695.587472,2886,1298,0.00,0.7484,0.4625
11240134.0,5619.608774,17076.357767,22695.966541,2887,1298,0.00,0.7531,0.4750
11241008.0,5620.397908,17079.325133,22699.723042,2888,1298,0.00,0.7250,0.4625
11241640.0,5620.963758,17081.477617,22702.441375,2889,1299,0.00,0.7109,0.4500
11241843.0,5621.143674,17082.161050,22703.304724,2890,1299,0.00,0.7156,0.4625
11241901.0,5621.195290,17082.360667,22703.555957,2891,1299,0.00,0.7203,0.4750
11241908.0,5621.201545,17082.385283,22703.586828,2892,1299,0.00,0.7250,0.4875
11242076.0,5621.351182,17082.982533,22704.333715,2893,1300,0.00,0.7219,0.4875
11242082.0,5621.356551,17083.004083,22704.360634,2894,1301,0.00,0.7359,0.5000
11242144.0,5621.411736,17083.219342,22704.631078,2895,1302,0.00,0.7172,0.4625
11242177.0,5621.441144,17083.332917,22704.774061,2896,1303,0.00,0.7266,0.4750
11242484.0,5621.713074,17084.390708,22706.103783,2897,1304,0.00,0.7266,0.4750
11242835.0,5622.021109,17085.580133,22707.601242,2898,1305,0.00,0.7141,0.4625
11242948.0,5622.119182,17085.952917,22708.072099,2899,1305,0.00,0.6906,0.4500
11243395.0,5622.507586,17087.443342,22709.950927,2900,1306,0.00,0.7031,0.4500
11243594.0,5622.680728,17088.101983,22710.782712,2901,1306,0.00,0.6906,0.4500
11243610.0,5622.694656,17088.155850,22710.850506,2902,1307,0.00,0.7078,0.4625
11243663.0,5622.741501,17088.338258,22711.079759,2903,1308,0.00,0.7250,0.4750
11243843.0,5622.903001,17088.971258,22711.874259,2904,1308,0.00,0.7297,0.4875
11243846.0,5622.905703,17088.982033,22711.887736,2905,1309,0.00,0.7469,0.5000
11244012.0,5623.057466,17089.590700,22712.648166,2906,1310,0.00,0.7641,0.5125
11244255.0,5623.282017,17090.482300,22713.764317,2907,1310,0.00,0.7594,0.5000
11244274.0,5623.299573,17090.551967,22713.851539,2908,1311,0.00,0.7766,0.5125
11244400.0,5623.416900,17091.019067,22714.435967,2909,1311,0.00,0.7641,0.5125
11244510.0,5623.518937,17091.430650,22714.949587,2910,1311,0.00,0.7688,0.5250
11244611.0,5623.612993,17091.816133,22715.429126,2911,1312,0.00,0.7859,0.5375
11244979.0,5623.956951,17093.180542,22717.137493,2912,1312,0.00,0.8047,0.4875
11245031.0,5624.006549,17093.365733,22717.372282,2913,1313,0.00,0.8125,0.5000
11245219.0,5624.184560,17094.055067,22718.239626,2914,1314,0.00,0.7859,0.5125
11245256.0,5624.219511,17094.193508,22718.413019,2915,1314,0.00,0.7906,0.5250
11245278.0,5624.240372,17094.277475,22718.517847,2916,1315,0.00,0.8141,0.5375
11245337.0,5624.297395,17094.507083,22718.804479,2917,1315,0.00,0.8188,0.5500
11245626.0,5624.577583,17095.649700,22720.227283,2918,1316,0.00,0.8313,0.5500
11245800.0,5624.747726,17096.332625,22721.080351,2919,1316,0.00,0.8313,0.5500
11246156.0,5625.096068,17097.734708,22722.830776,2920,1316,0.00,0.8766,0.5375
11246156.0,5625.096068,17097.734708,22722.830776,2921,1316,0.00,0.9266,0.5375
11246157.0,5625.097122,17097.738600,22722.835722,2922,1316,0.00,0.9266,0.5375
11246296.0,5625.243627,17098.279542,22723.523168,2923,1317,0.00,0.9453,0.5375
11246303.0,5625.251107,17098.306783,22723.557890,2924,1317,0.00,0.9453,0.5375
11246539.0,5625.484959,17099.222667,22724.707626,2925,1318,0.00,0.8594,0.5250
11246898.0,5625.844583,17100.592850,22726.437433,2926,1318,0.00,0.8641,0.5375
11246977.0,5625.922360,17100.895492,22726.817852,2927,1319,0.00,0.8500,0.5375
11247446.0,5626.381635,17102.661433,22729.043069,2928,1320,0.00,0.8469,0.5125
11247810.0,5626.739848,17104.023400,22730.763248,2929,1320,0.00,0.8234,0.5125
11248049.0,5626.968232,17104.904908,22731.873140,2930,1320,0.00,0.7844,0.5000
11248086.0,5627.003138,17105.040575,22732.043713,2931,1320,0.00,0.7891,0.5125
11248334.0,5627.237528,17105.958683,22733.196212,2932,1320,0.00,0.7844,0.5000
11248918.0,5627.787086,17108.071442,22735.858528,2933,1320,0.00,0.7844,0.5000
11248969.0,5627.835083,17108.256042,22736.091125,2934,1320,0.00,0.7844,0.5000
11249336.0,5628.180627,17109.587608,22737.768235,2935,1320,0.00,0.7844,0.5000
11249350.0,5628.193834,17109.638942,22737.832776,2936,1321,0.00,0.7906,0.5125
11249414.0,5628.254523,17109.878408,22738.132932,2937,1321,0.00,0.7953,0.5250
11249789.0,5628.610589,17111.291133,22739.901722,2938,1322,0.00,0.8031,0.5125
11250269.0,5629.070422,17113.087133,22742.157556,2939,1322,0.00,0.8078,0.5250
11250648.0,5629.430385,17114.509875,22743.940260,2940,1322,0.00,0.7844,0.5125
11250676.0,5629.456801,17114.614642,22744.071442,2941,1323,0.00,0.8016,0.5250
11250892.0,5629.659128,17115.415567,22745.074695,2942,1323,0.00,0.7609,0.5000
11251367.0,5630.087652,17117.081108,22747.168760,2943,1323,0.00,0.7094,0.4625
11251441.0,5630.151492,17117.328142,22747.479634,2944,1323,0.00,0.6734,0.4500
11251596.0,5630.284345,17117.849975,22748.134320,2945,1324,0.00,0.6922,0.4625
11252021.0,5630.652252,17119.259883,22749.912135,2946,1324,0.00,0.6875,0.4500
11252062.0,5630.687842,17119.397917,22750.085759,2947,1325,0.00,0.7047,0.4625
11252125.0,5630.743372,17119.614742,22750.358113,2948,1326,0.00,0.7219,0.4750
11252133.0,5630.750530,17119.642875,22750.393405,2949,1327,0.00,0.7391,0.4875
11252136.0,5630.753254,17119.653650,22750.406904,2950,1328,0.00,0.7563,0.5000
11252302.0,5630.906228,17120.262317,22751.168545,2951,1328,0.00,0.7609,0.5125
11252344.0,5630.945060,17120.418942,22751.364001,2952,1328,0.00,0.7609,0.5125
11252570.0,5631.153984,17121.261558,22752.415542,2953,1328,0.00,0.7438,0.5000
11252601.0,5631.182250,17121.375225,22752.557475,2954,1328,0.00,0.7484,0.5125
11252604.0,5631.184996,17121.386450,22752.571446,2955,1328,0.00,0.7531,0.5250
11252819.0,5631.379790,17122.181983,22753.561773,2956,1328,0.00,0.7188,0.5000
11253285.0,5631.793340,17123.843550,22755.636890,2957,1328,0.00,0.7141,0.4875
11253333.0,5631.835999,17124.015950,22755.851949,2958,1328,0.00,0.7188,0.5000
11253544.0,5632.024145,17124.786692,22756.810836,2959,1328,0.00,0.7141,0.4875
11253550.0,5632.029477,17124.808242,22756.837719,2960,1328,0.00,0.7188,0.5000
11253939.0,5632.373650,17126.179975,22758.553625,2961,1328,0.00,0.6922,0.4625
11253964.0,5632.395443,17126.266017,22758.661459,2962,1329,0.00,0.7094,0.4750
11254180.0,5632.586618,17127.025617,22759.612234,2963,1329,0.00,0.7141,0.4875
11254751.0,5633.087795,17129.028083,22762.115878,2964,1329,0.00,0.6969,0.4750
11254965.0,5633.274809,17129.774275,22763.049084,2965,1330,0.00,0.7063,0.4750
11255083.0,5633.378723,17130.184367,22763.563090,2966,1331,0.00,0.7188,0.4750
11255237.0,5633.514747,17130.717458,22764.232205,2967,1332,0.00,0.7188,0.4625
11255263.0,5633.537948,17130.806942,22764.344890,2968,1333,0.00,0.7438,0.4750
11255451.0,5633.709251,17131.467475,22765.176726,2969,1333,0.00,0.7297,0.4750
11256015.0,5634.208054,17133.377225,22767.585279,2970,1334,0.00,0.7094,0.4500
11256165.0,5634.340814,17133.882225,22768.223039,2971,1334,0.00,0.7141,0.4625
11256171.0,5634.346146,17133.902875,22768.249021,2972,1335,0.00,0.7313,0.4750
11257773.0,5635.775003,17139.370450,22775.145453,2973,1335,0.00,0.7141,0.4625
11258025.0,5635.998762,17140.233700,22776.232462,2974,1336,0.00,0.7219,0.4625
11258059.0,5636.029185,17140.350717,22776.379902,2975,1336,0.00,0.7266,0.4750
11258258.0,5636.207861,17141.048208,22777.256069,2976,1336,0.00,0.7266,0.4750
11258461.0,5636.390244,17141.762092,22778.152336,2977,1336,0.00,0.7313,0.4875
11258483.0,5636.410068,17141.840658,22778.250726,2978,1336,0.00,0.7313,0.4875
11258602.0,5636.517416,17142.268067,22778.785482,2979,1336,0.00,0.7359,0.5000
11258674.0,5636.582628,17142.532067,22779.114695,2980,1337,0.00,0.7547,0.5125
11258793.0,5636.691981,17142.973950,22779.665931,2981,1338,0.00,0.7688,0.5125
11259186.0,5637.056945,17144.423500,22781.480445,2982,1339,0.00,0.7828,0.5000
11259274.0,5637.138968,17144.741592,22781.880560,2983,1340,0.00,0.7828,0.5000
11259471.0,5637.324488,17145.462050,22782.786538,2984,1340,0.00,0.7828,0.5000
11259619.0,5637.463932,17146.004717,22783.468649,2985,1341,0.00,0.8000,0.5125
11260464.0,5638.259419,17149.106950,22787.366369,2986,1342,0.00,0.7781,0.4875
11260593.0,5638.378785,17149.570275,22787.949060,2987,1343,0.00,0.7719,0.4875
11261196.0,5638.933059,17151.736050,22790.669109,2988,1344,0.00,0.7719,0.5000
11263939.0,5641.446102,17161.556117,22803.002219,2989,1344,0.00,0.7172,0.4750
11263957.0,5641.462143,17161.619417,22803.081560,2990,1345,0.00,0.7297,0.4875
11263973.0,5641.476557,17161.676883,22803.153440,2991,1345,0.00,0.7344,0.5000
11264778.0,5642.188573,17164.471800,22806.660373,2992,1345,0.00,0.6547,0.4250
11264895.0,5642.286975,17164.846800,22807.133775,2993,1346,0.00,0.6594,0.4250
11264989.0,5642.366516,17165.149167,22807.515683,2994,1347,0.00,0.6828,0.4375
11264989.0,5642.366516,17165.149167,22807.515683,2995,1348,0.00,0.7000,0.4500
11265127.0,5642.487164,17165.603792,22808.090956,2996,1349,0.00,0.7188,0.4500
11265236.0,5642.584432,17165.970758,22808.555190,2997,1349,0.00,0.7313,0.4625
11265674.0,5642.979544,17167.478208,22810.457753,2998,1349,0.00,0.7359,0.4750
11265728.0,5643.028454,17167.668108,22810.696562,2999,1350,0.00,0.7531,0.4875
11266124.0,5643.387091,17169.048858,22812.435949,3000,1350,0.00,0.7359,0.4750
11266917.0,5644.103154,17171.792725,22815.895879,3001,1350,0.00,0.7359,0.4750
11268176.0,5645.204493,17176.010358,22821.214851,3002,1351,0.00,0.6797,0.4375
11268430.0,5645.420154,17176.832942,22822.253096,3003,1351,0.00,0.6609,0.4375
11268450.0,5645.437102,17176.898775,22822.335877,3004,1351,0.00,0.6656,0.4500
11269075.0,5645.967654,17178.975192,22824.942846,3005,1351,0.00,0.6656,0.4500
11269262.0,5646.126799,17179.604758,22825.731557,3006,1351,0.00,0.6781,0.4625
11269709.0,5646.509295,17181.106583,22827.615879,3007,1351,0.00,0.6625,0.4375
11269724.0,5646.522024,17181.155958,22827.677983,3008,1351,0.00,0.7125,0.4375
11269724.0,5646.522024,17181.155958,22827.677983,3009,1351,0.00,0.7625,0.4375
11269724.0,5646.522024,17181.155958,22827.677983,3010,1351,0.00,0.8125,0.4375
11270281.0,5647.011739,17182.973292,22829.985031,3011,1351,0.00,0.6609,0.4375
11270915.0,5647.547577,17185.031183,22832.578760,3012,1352,0.00,0.6688,0.4375
11272444.0,5648.847733,17190.018917,22838.866650,3013,1352,0.00,0.6563,0.4250
11272483.0,5648.880640,17190.144367,22839.025006,3014,1353,0.00,0.6750,0.4375
11272839.0,5649.186206,17191.316200,22840.502406,3015,1354,0.00,0.6922,0.4500
11273014.0,5649.338754,17191.905367,22841.244121,3016,1354,0.00,0.6969,0.4625
11273579.0,5649.832472,17193.832358,22843.664830,3017,1355,0.00,0.7156,0.4625
11273600.0,5649.851161,17193.904633,22843.755794,3018,1355,0.00,0.7203,0.4750
11274177.0,5650.354831,17195.838275,22846.193106,3019,1355,0.00,0.6906,0.4500
11274179.0,5650.356572,17195.845008,22846.201580,3020,1355,0.00,0.6953,0.4625
11274721.0,5650.828040,17197.662842,22848.490882,3021,1355,0.00,0.6906,0.4500
11275614.0,5651.604373,17200.653675,22852.258048,3022,1355,0.00,0.6891,0.4500
11275749.0,5651.721725,17201.108175,22852.829900,3023,1355,0.00,0.6938,0.4625
11275749.0,5651.721725,17201.108175,22852.829900,3024,1355,0.00,0.6984,0.4750
11275889.0,5651.844294,17201.597433,22853.441727,3025,1355,0.00,0.6984,0.4750
11276757.0,5652.595864,17204.479575,22857.075439,3026,1355,0.00,0.6672,0.4375
11276758.0,5652.596716,17204.482867,22857.079583,3027,1355,0.00,0.6734,0.4500
11276758.0,5652.596716,17204.482867,22857.079583,3028,1355,0.00,0.6797,0.4625
11276818.0,5652.648435,17204.689367,22857.337802,3029,1355,0.00,0.6844,0.4750
11279061.0,5654.582966,17212.431900,22867.014866,3030,1355,0.00,0.6844,0.4750
11279086.0,5654.604607,17212.519817,22867.124424,3031,1355,0.00,0.6891,0.4875
11279198.0,5654.701965,17212.922083,22867.624049,3032,1355,0.00,0.6938,0.5000
11280226.0,5655.588160,17216.525667,22872.113827,3033,1355,0.00,0.6516,0.4625
11280514.0,5655.829104,17217.496167,22873.325271,3034,1355,0.00,0.6469,0.4500
11280763.0,5656.037287,17218.332517,22874.369804,3035,1355,0.00,0.6469,0.4500
11281894.0,5656.983322,17222.140217,22879.123538,3036,1356,0.00,0.6641,0.4625
11282133.0,5657.185563,17222.944925,22880.130488,3037,1356,0.00,0.6641,0.4625
11282139.0,5657.190661,17222.965575,22880.156236,3038,1357,0.00,0.6891,0.4750
11282331.0,5657.357561,17223.640775,22880.998336,3039,1357,0.00,0.6938,0.4875
11282513.0,5657.515885,17224.283208,22881.799094,3040,1357,0.00,0.6938,0.4875
11282677.0,5657.658614,17224.863392,22882.522005,3041,1357,0.00,0.7078,0.4875
11282766.0,5657.737258,17225.182675,22882.919933,3042,1357,0.00,0.7078,0.4875
11282776.0,5657.746097,17225.218592,22882.964689,3043,1357,0.00,0.7125,0.5000
11282797.0,5657.764734,17225.295592,22883.060326,3044,1357,0.00,0.7172,0.5125
11283214.0,5658.135715,17226.842967,22884.978682,3045,1357,0.00,0.7188,0.5125
11283214.0,5658.135715,17226.842967,22884.978682,3046,1357,0.00,0.7250,0.5250
11283812.0,5658.667082,17229.091133,22887.758215,3047,1357,0.00,0.7031,0.5000
11285501.0,5660.148172,17235.169308,22895.317480,3048,1357,0.00,0.7031,0.5000
11285787.0,5660.399035,17236.207700,22896.606735,3049,1357,0.00,0.6906,0.4875
11287708.0,5662.044526,17242.823267,22904.867793,3050,1357,0.00,0.6531,0.4375
11288071.0,5662.349925,17244.018142,22906.368067,3051,1357,0.00,0.6656,0.4375
11288620.0,5662.817147,17245.825267,22908.642414,3052,1358,0.00,0.6672,0.4500
11288935.0,5663.085608,17246.885767,22909.971374,3053,1359,0.00,0.6844,0.4625
11289401.0,5663.487403,17248.456958,22911.944361,3054,1359,0.00,0.6844,0.4625
11289543.0,5663.610322,17248.945675,22912.555997,3055,1360,0.00,0.7031,0.4625
11289560.0,5663.625285,17249.004183,22912.629469,3056,1360,0.00,0.7078,0.4750
11289646.0,5663.701297,17249.306617,22913.007914,3057,1360,0.00,0.7125,0.4875
11289692.0,5663.742082,17249.471008,22913.213090,3058,1361,0.00,0.7266,0.4750
11289731.0,5663.777121,17249.608158,22913.385279,3059,1361,0.00,0.7313,0.4875
11289750.0,5663.794260,17249.676400,22913.470660,3060,1362,0.00,0.7500,0.4875
11290753.0,5664.675103,17253.081517,22917.756620,3061,1363,0.00,0.6984,0.4500
11290804.0,5664.719808,17253.253217,22917.973024,3062,1364,0.00,0.7156,0.4625
11290853.0,5664.763414,17253.421858,22918.185273,3063,1365,0.00,0.7328,0.4750
11290907.0,5664.811481,17253.611533,22918.423015,3064,1366,0.00,0.7203,0.4750
11291071.0,5664.958028,17254.188267,22919.146295,3065,1367,0.00,0.7375,0.4875
11291121.0,5665.003375,17254.367850,22919.371225,3066,1368,0.00,0.7547,0.5000
11291824.0,5665.612092,17256.714892,22922.326984,3067,1368,0.00,0.6547,0.4250
11292087.0,5665.833547,17257.558175,22923.391722,3068,1368,0.00,0.7000,0.4125
11292088.0,5665.834425,17257.561317,22923.395742,3069,1368,0.00,0.7500,0.4125
11292364.0,5666.078636,17258.428417,22924.507053,3070,1368,0.00,0.6547,0.4250
11292401.0,5666.109810,17258.547433,22924.657243,3071,1369,0.00,0.6609,0.4375
11292666.0,5666.334370,17259.419725,22925.754095,3072,1369,0.00,0.7109,0.4375
11292686.0,5666.352095,17259.485558,22925.837654,3073,1369,0.00,0.7156,0.4500
11292973.0,5666.601213,17260.430342,22927.031555,3074,1369,0.00,0.6609,0.4375
11293240.0,5666.827468,17261.309217,22928.136684,3075,1369,0.00,0.7109,0.4375
11293876.0,5667.372167,17263.402717,22930.774884,3076,1369,0.00,0.6656,0.4500
11294362.0,5667.783458,17264.991292,22932.774750,3077,1369,0.00,0.6609,0.4375
11294456.0,5667.863113,17265.300708,22933.163822,3078,1369,0.00,0.6656,0.4500
11294979.0,5668.306079,17267.017675,22935.323754,3079,1369,0.00,0.6672,0.4375
11295242.0,5668.530222,17267.883383,22936.413606,3080,1369,0.00,0.6719,0.4500
11295703.0,5668.923842,17269.415842,22938.339684,3081,1370,0.00,0.6844,0.4500
11295705.0,5668.925573,17269.422575,22938.348148,3082,1371,0.00,0.7016,0.4625
11295817.0,5669.024020,17269.808042,22938.832062,3083,1372,0.00,0.7266,0.4750
11295850.0,5669.053669,17269.924092,22938.977761,3084,1373,0.00,0.7438,0.4875
11295892.0,5669.091965,17270.074942,22939.166906,3085,1373,0.00,0.7484,0.5000
11295956.0,5669.150554,17270.309608,22939.460162,3086,1374,0.00,0.7656,0.5125
11296077.0,5669.262941,17270.762350,22940.025291,3087,1374,0.00,0.7781,0.5250
11296145.0,5669.326762,17271.021883,22940.348645,3088,1375,0.00,0.7953,0.5375
11296551.0,5669.705764,17272.535000,22942.240764,3089,1375,0.00,0.7547,0.4875
11296874.0,5670.003025,17273.695108,22943.698134,3090,1375,0.00,0.7594,0.5000
11297523.0,5670.600992,17276.049275,22946.650267,3091,1376,0.00,0.7375,0.4625
11297764.0,5670.817026,17276.864467,22947.681493,3092,1376,0.00,0.7250,0.4625
11297811.0,5670.859147,17277.025475,22947.884622,3093,1377,0.00,0.7359,0.4625
11297812.0,5670.860052,17277.028917,22947.888969,3094,1377,0.00,0.7484,0.4625
11298022.0,5671.050533,17277.736967,22948.787499,3095,1378,0.00,0.7344,0.4250
11298055.0,5671.080382,17277.843117,22948.923498,3096,1378,0.00,0.7391,0.4375
11298176.0,5671.190269,17278.241408,22949.431677,3097,1379,0.00,0.7453,0.4500
11298308.0,5671.307820,17278.669158,22949.976978,3098,1380,0.00,0.7188,0.4125
11298728.0,5671.681314,17279.961958,22951.643272,3099,1380,0.00,0.7188,0.4125
11298875.0,5671.812491,17280.423783,22952.236274,3100,1381,0.00,0.7469,0.4250
11299089.0,5672.006271,17281.112150,22953.118421,3101,1382,0.00,0.7344,0.4250
11299099.0,5672.015316,17281.144317,22953.159632,3102,1382,0.00,0.7469,0.4250
11299124.0,5672.038172,17281.224733,22953.262905,3103,1382,0.00,0.7516,0.4375
11299712.0,5672.565518,17283.130608,22955.696127,3104,1382,0.00,0.7281,0.4375
11299896.0,5672.729164,17283.724200,22956.453364,3105,1382,0.00,0.7156,0.4375
11300486.0,5673.240855,17285.605458,22958.846313,3106,1382,0.00,0.6688,0.4125
11300993.0,5673.672770,17287.181933,22960.854703,3107,1383,0.00,0.6813,0.4125
11301086.0,5673.753047,17287.474108,22961.227156,3108,1384,0.00,0.6984,0.4250
11301240.0,5673.888038,17287.969475,22961.857513,3109,1385,0.00,0.7156,0.4375
11301577.0,5674.187944,17289.078767,22963.266711,3110,1385,0.00,0.7203,0.4500
11301626.0,5674.231730,17289.243733,22963.475463,3111,1385,0.00,0.7250,0.4625
11301682.0,5674.281974,17289.436467,22963.718441,3112,1386,0.00,0.7500,0.4750
11301877.0,5674.460549,17290.118617,22964.579166,3113,1387,0.00,0.7625,0.4750
11301997.0,5674.570383,17290.528392,22965.098774,3114,1387,0.00,0.7453,0.4625
11302044.0,5674.613295,17290.690150,22965.303445,3115,1387,0.00,0.7500,0.4750
11302075.0,5674.641711,17290.799167,22965.440878,3116,1388,0.00,0.7672,0.4875
11302080.0,5674.646361,17290.817125,22965.463486,3117,1388,0.00,0.7719,0.5000
11302151.0,5674.712653,17291.077458,22965.790111,3118,1389,0.00,0.7891,0.5125
11302160.0,5674.721176,17291.111133,22965.832310,3119,1389,0.00,0.7938,0.5250
11302283.0,5674.837916,17291.576758,22966.414674,3120,1389,0.00,0.7906,0.4875
11303041.0,5675.518211,17294.033517,22969.551728,3121,1389,0.00,0.7094,0.4250
11303303.0,5675.749598,17294.871183,22970.620782,3122,1390,0.00,0.7047,0.4125
11303937.0,5676.299652,17296.829175,22973.128827,3123,1391,0.00,0.6969,0.4125
11304159.0,5676.491278,17297.511475,22974.002753,3124,1392,0.00,0.6750,0.4000
11304300.0,5676.612303,17297.943875,22974.556178,3125,1393,0.00,0.6922,0.4125
11304320.0,5676.629737,17298.006708,22974.636446,3126,1393,0.00,0.6969,0.4250
11304374.0,5676.677006,17298.180408,22974.857414,3127,1393,0.00,0.7016,0.4375
11304463.0,5676.755236,17298.473367,22975.228603,3128,1394,0.00,0.7031,0.4500
11304526.0,5676.810690,17298.685467,22975.496156,3129,1394,0.00,0.7078,0.4625
11304608.0,5676.883166,17298.967683,22975.850849,3130,1394,0.00,0.7125,0.4750
11305115.0,5677.327805,17300.673533,22978.001339,3131,1394,0.00,0.6859,0.4375
11305159.0,5677.365946,17300.818367,22978.184313,3132,1394,0.00,0.6906,0.4500
11305285.0,5677.475518,17301.240317,22978.715835,3133,1394,0.00,0.6906,0.4500
11305484.0,5677.648745,17301.910283,22979.559028,3134,1394,0.00,0.6953,0.4625
11305557.0,5677.712553,17302.161450,22979.874003,3135,1395,0.00,0.7078,0.4625
11305559.0,5677.714320,17302.168333,22979.882654,3136,1396,0.00,0.7250,0.4750
11305743.0,5677.876474,17302.791625,22980.668099,3137,1396,0.00,0.6813,0.4375
11305795.0,5677.921361,17302.962792,22980.884152,3138,1396,0.00,0.6906,0.4500
11305955.0,5678.059656,17303.493883,22981.553540,3139,1397,0.00,0.6875,0.4500
11306260.0,5678.323670,17304.505417,22982.829086,3140,1398,0.00,0.6953,0.4500
11306401.0,5678.446922,17304.980117,22983.427039,3141,1398,0.00,0.7000,0.4625
11307339.0,5679.262236,17308.069350,22987.331586,3142,1398,0.00,0.6703,0.4250
11307342.0,5679.264800,17308.079000,22987.343800,3143,1398,0.00,0.6750,0.4375
11307692.0,5679.564244,17309.216158,22988.780402,3144,1399,0.00,0.6781,0.4250
11307831.0,5679.683890,17309.663275,22989.347165,3145,1399,0.00,0.6828,0.4375
11307838.0,5679.689941,17309.686317,22989.376257,3146,1399,0.00,0.6875,0.4500
11308020.0,5679.847927,17310.299050,22990.146977,3147,1400,0.00,0.7047,0.4625
11308024.0,5679.851452,17310.312817,22990.164269,3148,1401,0.00,0.7219,0.4750
11308521.0,5680.288267,17312.002550,22992.290817,3149,1401,0.00,0.6875,0.4500
11308788.0,5680.516843,17312.883525,22993.400368,3150,1402,0.00,0.6875,0.4500
11308789.0,5680.517711,17312.886892,22993.404603,3151,1403,0.00,0.7047,0.4625
11308789.0,5680.517711,17312.886892,22993.404603,3152,1404,0.00,0.7219,0.4750
11309094.0,5680.788475,17313.923100,22994.711575,3153,1404,0.00,0.6828,0.4375
11309611.0,5681.213242,17315.565792,22996.779034,3154,1405,0.00,0.6406,0.4250
11310041.0,5681.566655,17316.906883,22998.473538,3155,1406,0.00,0.6438,0.4125
11310151.0,5681.658398,17317.252467,22998.910864,3156,1407,0.00,0.6609,0.4250
11310354.0,5681.830419,17317.905450,22999.735869,3157,1408,0.00,0.6781,0.4375
11310355.0,5681.831280,17317.908742,22999.740021,3158,1408,0.00,0.6828,0.4500
11310513.0,5681.967856,17318.440675,23000.408531,3159,1409,0.00,0.7000,0.4625
11310674.0,5682.109179,17318.994783,23001.103962,3160,1409,0.00,0.7063,0.4750
11310689.0,5682.122418,17319.047533,23001.169952,3161,1409,0.00,0.7156,0.4875
11310928.0,5682.334944,17319.902492,23002.237436,3162,1409,0.00,0.7234,0.4875
11310944.0,5682.349280,17319.959958,23002.309238,3163,1409,0.00,0.7281,0.5000
11311054.0,5682.448220,17320.363067,23002.811287,3164,1409,0.00,0.7250,0.5000
11311061.0,5682.454501,17320.388733,23002.843234,3165,1409,0.00,0.7297,0.5125
11311657.0,5682.990358,17322.602417,23005.592775,3166,1410,0.00,0.7406,0.5125
11311666.0,5682.998543,17322.636092,23005.634634,3167,1411,0.00,0.7594,0.5125
11312135.0,5683.425555,17324.361908,23007.787463,3168,1411,0.00,0.7344,0.5000
11312135.0,5683.425555,17324.361908,23007.787463,3169,1412,0.00,0.7531,0.5000
11312226.0,5683.508984,17324.692350,23008.201334,3170,1412,0.00,0.7516,0.5000
11312470.0,5683.732469,17325.577192,23009.309661,3171,1413,0.00,0.7641,0.5000
11312471.0,5683.733397,17325.580858,23009.314255,3172,1414,0.00,0.7813,0.5125
11312511.0,5683.770635,17325.728275,23009.498910,3173,1414,0.00,0.7688,0.5125
11312599.0,5683.852348,17326.052667,23009.905014,3174,1414,0.00,0.7688,0.5125
11312619.0,5683.870973,17326.127500,23009.998473,3175,1414,0.00,0.7734,0.5250
11312689.0,5683.935734,17326.390242,23010.325975,3176,1414,0.00,0.7641,0.5125
11312702.0,5683.947792,17326.438883,23010.386676,3177,1414,0.00,0.7766,0.5250
11312714.0,5683.959040,17326.484683,23010.443724,3178,1415,0.00,0.7938,0.5375
11313813.0,5684.963239,17330.536925,23015.500164,3179,1415,0.00,0.7109,0.4875
11314353.0,5685.441833,17332.476425,23017.918258,3180,1416,0.00,0.7203,0.5000
11314975.0,5685.996179,17334.742092,23020.738270,3181,1417,0.00,0.7281,0.5000
11314980.0,5686.000677,17334.760425,23020.761102,3182,1418,0.00,0.7453,0.5125
11315316.0,5686.307452,17336.017625,23022.325077,3183,1419,0.00,0.7625,0.5250
11315325.0,5686.315790,17336.051975,23022.367765,3184,1419,0.00,0.7672,0.5375
11315566.0,5686.536786,17336.972242,23023.509028,3185,1420,0.00,0.7500,0.5250
11315619.0,5686.585370,17337.174525,23023.759895,3186,1420,0.00,0.8000,0.5250
11315620.0,5686.586325,17337.178342,23023.764667,3187,1420,0.00,0.8000,0.5250
11315648.0,5686.613081,17337.285208,23023.898289,3188,1421,0.00,0.8172,0.5375
11316323.0,5687.233611,17339.833483,23027.067095,3189,1421,0.00,0.7609,0.4875
11316417.0,5687.320270,17340.169375,23027.489645,3190,1422,0.00,0.7719,0.4875
11316517.0,5687.411302,17340.526667,23027.937969,3191,1423,0.00,0.7172,0.4750
11316613.0,5687.496852,17340.864267,23028.361119,3192,1423,0.00,0.7219,0.4875
11317139.0,5687.955672,17342.737883,23030.693556,3193,1423,0.00,0.7141,0.4625
11317435.0,5688.212977,17343.756617,23031.969593,3194,1424,0.00,0.6875,0.4625
11318199.0,5688.876171,17346.386050,23035.262221,3195,1424,0.00,0.7047,0.4750
11318984.0,5689.549212,17348.988458,23038.537670,3196,1425,0.00,0.6953,0.4375
11319495.0,5689.995893,17350.670500,23040.666393,3197,1425,0.00,0.7078,0.4375
11319867.0,5690.324687,17351.895000,23042.219687,3198,1426,0.00,0.7219,0.4500
11320289.0,5690.701742,17353.315733,23044.017475,3199,1426,0.00,0.7047,0.4625
11320344.0,5690.750220,17353.505025,23044.255245,3200,1426,0.00,0.7094,0.4750
11320658.0,5691.024282,17354.609258,23045.633540,3201,1427,0.00,0.7031,0.4875
11320663.0,5691.028683,17354.627217,23045.655900,3202,1428,0.00,0.7156,0.5000
11321214.0,5691.515717,17356.599250,23048.114967,3203,1428,0.00,0.7188,0.4875
11321303.0,5691.595040,17356.917408,23048.512448,3204,1429,0.00,0.7297,0.4875
11322795.0,5692.897895,17362.015400,23054.913295,3205,1430,0.00,0.6750,0.4375
11322970.0,5693.048103,17362.591442,23055.639545,3206,1430,0.00,0.6797,0.4500
11323711.0,5693.686830,17365.086142,23058.772971,3207,1431,0.00,0.6969,0.4625
11323712.0,5693.687705,17365.089583,23058.777288,3208,1431,0.00,0.6984,0.4750
11324787.0,5694.606227,17368.687000,23063.293227,3209,1432,0.00,0.6641,0.4375
11325996.0,5695.633667,17372.666625,23068.300292,3210,1433,0.00,0.6703,0.4500
11326552.0,5696.108504,17374.515692,23070.624195,3211,1433,0.00,0.6734,0.4500
11326557.0,5696.112789,17374.532525,23070.645314,3212,1433,0.00,0.6781,0.4625
11326617.0,5696.164435,17374.739025,23070.903460,3213,1433,0.00,0.6828,0.4750
11327321.0,5696.759971,17377.096558,23073.856530,3214,1434,0.00,0.6688,0.4500
11327553.0,5696.957747,17377.872900,23074.830647,3215,1435,0.00,0.6813,0.4500
11327628.0,5697.022487,17378.125400,23075.147887,3216,1435,0.00,0.6859,0.4625
11327808.0,5697.177858,17378.731325,23075.909183,3217,1435,0.00,0.6828,0.4500
11327857.0,5697.220214,17378.896292,23076.116506,3218,1436,0.00,0.7000,0.4625
11328029.0,5697.371192,17379.488258,23076.859450,3219,1437,0.00,0.7172,0.4750
11328518.0,5697.801828,17381.174233,23078.976061,3220,1438,0.00,0.7063,0.4500
11328655.0,5697.922749,17381.635467,23079.558216,3221,1439,0.00,0.7313,0.4500
11328658.0,5697.925455,17381.645567,23079.571022,3222,1439,0.00,0.7375,0.4625
11329249.0,5698.441723,17383.641642,23082.083365,3223,1440,0.00,0.7047,0.4625
11329592.0,5698.741762,17384.822133,23083.563895,3224,1441,0.00,0.7141,0.4750
11330058.0,5699.154499,17386.439225,23085.593724,3225,1442,0.00,0.7250,0.4750
11330066.0,5699.161676,17386.467358,23085.629035,3226,1443,0.00,0.7484,0.4750
11330194.0,5699.277410,17386.912542,23086.189952,3227,1444,0.00,0.7438,0.4625
11330571.0,5699.621161,17388.210050,23087.831211,3228,1445,0.00,0.7688,0.4750
11331587.0,5700.562528,17391.709183,23092.271711,3229,1445,0.00,0.7750,0.4750
11332334.0,5701.245016,17394.232258,23095.477274,3230,1446,0.00,0.7281,0.4375
11332554.0,5701.441242,17394.946900,23096.388142,3231,1446,0.00,0.7234,0.4375
11333050.0,5701.882526,17396.579567,23098.462093,3232,1447,0.00,0.6984,0.4500
11333556.0,5702.324234,17398.270725,23100.594959,3233,1448,0.00,0.6953,0.4375
11333598.0,5702.360948,17398.408975,23100.769923,3234,1449,0.00,0.7234,0.4500
11333777.0,5702.521333,17399.011608,23101.532941,3235,1450,0.00,0.7422,0.4500
11333783.0,5702.526796,17399.031808,23101.558605,3236,1451,0.00,0.7609,0.4500
11333784.0,5702.527722,17399.035175,23101.562897,3237,1452,0.00,0.7859,0.4500
11333794.0,5702.537168,17399.068842,23101.606009,3238,1452,0.00,0.7906,0.4625
11333839.0,5702.579840,17399.223717,23101.803556,3239,1453,0.00,0.8094,0.4625
11334076.0,5702.804933,17400.021992,23102.826925,3240,1453,0.00,0.7984,0.4625
11334457.0,5703.159051,17401.280242,23104.439293,3241,1454,0.00,0.7219,0.4250
11334738.0,5703.403386,17402.184125,23105.587511,3242,1455,0.00,0.6938,0.4375
11334827.0,5703.480531,17402.472883,23105.953414,3243,1456,0.00,0.6984,0.4375
11334837.0,5703.489297,17402.505800,23105.995097,3244,1457,0.00,0.7156,0.4500
11335068.0,5703.693189,17403.281250,23106.974439,3245,1458,0.00,0.7078,0.4375
11335337.0,5703.930945,17404.166708,23108.097654,3246,1459,0.00,0.7250,0.4500
11335740.0,5704.285538,17405.494600,23109.780138,3247,1460,0.00,0.6844,0.4375
11335976.0,5704.487362,17406.248258,23110.735620,3248,1461,0.00,0.6781,0.4250
11336136.0,5704.625084,17406.762925,23111.388009,3249,1462,0.00,0.6953,0.4375
11336520.0,5704.957716,17408.009900,23112.967616,3250,1463,0.00,0.6969,0.4250
11336605.0,5705.032121,17408.283317,23113.315438,3251,1463,0.00,0.7016,0.4375
11336813.0,5705.214623,17408.966858,23114.181482,3252,1463,0.00,0.6781,0.4375
11336858.0,5705.253358,17409.114983,23114.368341,3253,1464,0.00,0.6844,0.4500
11337351.0,5705.676735,17410.761475,23116.438210,3254,1465,0.00,0.6500,0.4500
11337449.0,5705.758946,17411.091408,23116.850354,3255,1466,0.00,0.6672,0.4625
11338310.0,5706.487945,17413.956058,23120.444003,3256,1467,0.00,0.6766,0.4375
11338430.0,5706.591091,17414.351058,23120.942149,3257,1467,0.00,0.6891,0.4500
11338782.0,5706.895771,17415.526075,23122.421846,3258,1468,0.00,0.7000,0.4500
11339265.0,5707.313671,17417.152175,23124.465846,3259,1469,0.00,0.6984,0.4625
11340048.0,5707.995157,17419.821275,23127.816432,3260,1470,0.00,0.6859,0.4500
11340147.0,5708.080975,17420.154575,23128.235550,3261,1471,0.00,0.7047,0.4500
11340203.0,5708.130334,17420.343108,23128.473443,3262,1471,0.00,0.7219,0.4625
11340782.0,5708.633833,17422.298633,23130.932466,3263,1472,0.00,0.6641,0.4500
11340817.0,5708.663577,17422.416467,23131.080044,3264,1472,0.00,0.7141,0.4500
11340817.0,5708.663577,17422.416467,23131.080044,3265,1472,0.00,0.7641,0.4500
11342386.0,5709.940676,17427.188767,23137.129443,3266,1473,0.00,0.6172,0.4000
11342410.0,5709.960197,17427.262367,23137.222564,3267,1474,0.00,0.6344,0.4125
11342436.0,5709.981692,17427.344050,23137.325742,3268,1475,0.00,0.6516,0.4250
11342458.0,5710.000174,17427.414817,23137.414991,3269,1476,0.00,0.6688,0.4375
11342524.0,5710.056504,17427.632067,23137.688570,3270,1477,0.00,0.6875,0.4375
11342609.0,5710.130288,17427.911858,23138.042147,3271,1478,0.00,0.7063,0.4375
11342677.0,5710.190308,17428.135692,23138.325999,3272,1479,0.00,0.7203,0.4500
11343842.0,5711.189203,17431.955558,23143.144761,3273,1479,0.00,0.6188,0.4125
11345006.0,5712.133828,17435.579158,23147.712986,3274,1479,0.00,0.5984,0.3875
11345074.0,5712.188145,17435.782592,23147.970737,3275,1480,0.00,0.6172,0.4000
11345551.0,5712.576122,17437.245392,23149.821514,3276,1481,0.00,0.6297,0.4125
11345812.0,5712.790948,17438.065367,23150.856315,3277,1482,0.00,0.6547,0.4125
11345865.0,5712.835603,17438.231875,23151.067478,3278,1483,0.00,0.6703,0.4125
11346208.0,5713.124572,17439.288542,23152.413113,3279,1484,0.00,0.6672,0.4125
11346233.0,5713.145878,17439.367083,23152.512961,3280,1485,0.00,0.6844,0.4250
11346237.0,5713.149340,17439.379950,23152.529290,3281,1486,0.00,0.7016,0.4375
11346548.0,5713.417881,17440.376583,23153.794465,3282,1487,0.00,0.6844,0.4250
11346552.0,5713.421344,17440.389450,23153.810794,3283,1488,0.00,0.7016,0.4375
11346580.0,5713.445956,17440.481617,23153.927572,3284,1489,0.00,0.7188,0.4500
11346580.0,5713.445956,17440.481617,23153.927572,3285,1490,0.00,0.7438,0.4500
11346627.0,5713.488811,17440.639850,23154.128661,3286,1491,0.00,0.7609,0.4625
11346674.0,5713.532294,17440.801608,23154.333902,3287,1492,0.00,0.7781,0.4750
11346674.0,5713.532294,17440.801608,23154.333902,3288,1493,0.00,0.7953,0.4875
11346677.0,5713.535149,17440.812383,23154.347533,3289,1494,0.00,0.8125,0.5000
11346750.0,5713.605615,17441.080050,23154.685665,3290,1495,0.00,0.8297,0.5125
11346985.0,5713.835597,17441.959342,23155.794938,3291,1496,0.00,0.8422,0.5250
11347713.0,5714.508105,17444.554800,23159.062905,3292,1497,0.00,0.6469,0.4125
11347766.0,5714.552437,17444.721308,23159.273745,3293,1497,0.00,0.6516,0.4250
11347958.0,5714.713085,17445.333883,23160.046969,3294,1498,0.00,0.6484,0.4250
11348318.0,5715.014167,17446.486933,23161.501100,3295,1499,0.00,0.6641,0.4250
11349386.0,5715.886609,17449.680608,23165.567217,3296,1499,0.00,0.6141,0.3875
11350954.0,5717.130548,17454.265042,23171.395589,3297,1500,0.00,0.6016,0.3875
11353053.0,5718.812298,17460.544550,23179.356848,3298,1501,0.00,0.6109,0.4000
11355852.0,5721.075309,17469.128150,23190.203459,3299,1501,0.00,0.6172,0.4125
11356078.0,5721.259131,17469.838167,23191.097297,3300,1501,0.00,0.6234,0.4250
11358612.0,5723.332523,17477.989200,23201.321723,3301,1502,0.00,0.6406,0.4375
11358995.0,5723.651025,17479.249908,23202.900933,3302,1503,0.00,0.6594,0.4500
11359537.0,5724.107449,17481.062267,23205.169716,3303,1503,0.00,0.6609,0.4500
11360750.0,5725.101313,17484.959433,23210.060746,3304,1503,0.00,0.6219,0.4250
11360933.0,5725.250826,17485.548083,23210.798909,3305,1503,0.00,0.6266,0.4375
11362479.0,5726.515847,17490.560500,23217.076347,3306,1504,0.00,0.6422,0.4250
11363194.0,5727.096978,17492.771767,23219.868744,3307,1505,0.00,0.6297,0.4125
11363738.0,5727.544199,17494.478058,23222.022257,3308,1505,0.00,0.6609,0.4000
11363869.0,5727.654897,17494.878592,23222.533489,3309,1506,0.00,0.6594,0.4000
11364551.0,5728.204381,17496.948458,23225.152839,3310,1507,0.00,0.6031,0.4000
11364553.0,5728.205986,17496.954592,23225.160577,3311,1508,0.00,0.6203,0.4125
11364986.0,5728.548933,17498.257183,23226.806116,3312,1508,0.00,0.6359,0.3875
11365118.0,5728.658223,17498.652083,23227.310306,3313,1509,0.00,0.6609,0.4000
11365658.0,5729.095478,17500.308083,23229.403561,3314,1510,0.00,0.6297,0.4125
11365697.0,5729.127578,17500.430608,23229.558186,3315,1511,0.00,0.6469,0.4250
11367081.0,5730.264290,17504.766300,23235.030590,3316,1511,0.00,0.6172,0.4125
11367728.0,5730.779378,17506.755908,23237.535286,3317,1512,0.00,0.6156,0.4125
11367781.0,5730.821839,17506.920017,23237.741855,3318,1512,0.00,0.5969,0.4125
11368784.0,5731.621801,17510.071108,23241.692909,3319,1513,0.00,0.6156,0.4250
11368995.0,5731.793165,17510.749825,23242.542990,3320,1514,0.00,0.6328,0.4375
11370418.0,5732.951282,17515.306442,23248.257723,3321,1515,0.00,0.6203,0.4125
11374453.0,5736.180478,17527.587067,23263.767544,3322,1515,0.00,0.5859,0.3750
11374480.0,5736.201782,17527.665817,23263.867599,3323,1515,0.00,0.5984,0.3750
11374484.0,5736.204977,17527.677483,23263.882461,3324,1515,0.00,0.6109,0.3750
11374538.0,5736.248637,17527.834983,23264.083620,3325,1516,0.00,0.6297,0.3875
11375073.0,5736.688990,17529.435525,23266.124515,3326,1516,0.00,0.6359,0.4000
11375079.0,5736.693958,17529.453925,23266.147883,3327,1516,0.00,0.6422,0.4125
11375088.0,5736.701453,17529.482200,23266.183653,3328,1516,0.00,0.6547,0.4250
11375504.0,5737.051948,17530.820333,23267.872281,3329,1516,0.00,0.6594,0.4375
11375513.0,5737.059563,17530.849958,23267.909522,3330,1517,0.00,0.6781,0.4500
11375734.0,5737.249792,17531.593992,23268.843784,3331,1518,0.00,0.6906,0.4625
11375915.0,5737.407301,17532.216558,23269.623860,3332,1519,0.00,0.6875,0.4625
11379036.0,5740.068010,17542.619975,23282.687985,3333,1520,0.00,0.6688,0.4250
11379213.0,5740.219074,17543.189325,23283.408399,3334,1521,0.00,0.6859,0.4375
11379234.0,5740.237278,17543.258450,23283.495728,3335,1522,0.00,0.7031,0.4500
11379234.0,5740.237278,17543.258450,23283.495728,3336,1523,0.00,0.7203,0.4625
11379238.0,5740.240852,17543.272217,23283.513069,3337,1523,0.00,0.7266,0.4750
11379280.0,5740.278586,17543.419917,23283.698503,3338,1524,0.00,0.7438,0.4875
11380685.0,5741.551056,17548.377033,23289.928089,3339,1524,0.00,0.7219,0.4625
11380757.0,5741.615481,17548.624833,23290.240314,3340,1524,0.00,0.7344,0.4625
11380957.0,5741.796384,17549.313167,23291.109550,3341,1525,0.00,0.7438,0.4750
11381329.0,5742.129840,17550.589192,23292.719032,3342,1526,0.00,0.7328,0.4500
11382577.0,5743.241363,17554.655942,23297.897305,3343,1526,0.00,0.7125,0.4250
11382810.0,5743.448151,17555.405425,23298.853576,3344,1527,0.00,0.7406,0.4375
11383017.0,5743.636391,17556.086800,23299.723191,3345,1528,0.00,0.7688,0.4500
11383105.0,5743.718341,17556.383067,23300.101408,3346,1529,0.00,0.7969,0.4625
11383190.0,5743.799289,17556.675083,23300.474372,3347,1529,0.00,0.7766,0.4500
11383231.0,5743.837607,17556.811392,23300.648999,3348,1529,0.00,0.7703,0.4375
11383655.0,5744.232973,17558.207058,23302.440031,3349,1530,0.00,0.7797,0.4500
11383763.0,5744.334466,17558.570658,23302.905125,3350,1530,0.00,0.7844,0.4625
11383838.0,5744.405167,17558.827658,23303.232825,3351,1531,0.00,0.7938,0.4625
11383847.0,5744.413723,17558.858633,23303.272357,3352,1531,0.00,0.8000,0.4750
11383876.0,5744.441434,17558.960617,23303.402051,3353,1532,0.00,0.8141,0.4875
11384054.0,5744.612530,17559.593483,23304.206013,3354,1532,0.00,0.8063,0.4875
11384169.0,5744.720892,17559.995425,23304.716317,3355,1533,0.00,0.7813,0.4625
11384376.0,5744.913911,17560.692475,23305.606386,3356,1534,0.00,0.7641,0.4250
11384416.0,5744.951015,17560.821142,23305.772157,3357,1535,0.00,0.7813,0.4375
11384554.0,5745.080869,17561.275392,23306.356261,3358,1536,0.00,0.7984,0.4500
11384702.0,5745.222112,17561.773658,23306.995770,3359,1537,0.00,0.8219,0.4625
11384952.0,5745.460602,17562.614275,23308.074877,3360,1538,0.00,0.7938,0.4500
11385093.0,5745.594062,17563.079900,23308.673962,3361,1539,0.00,0.7969,0.4500
11385488.0,5745.966470,17564.390908,23310.357378,3362,1540,0.00,0.7875,0.4375
11385518.0,5745.994845,17564.489658,23310.484503,3363,1541,0.00,0.8156,0.4500
11385654.0,5746.123980,17564.934625,23311.058605,3364,1542,0.00,0.7938,0.4250
11385921.0,5746.371618,17565.766100,23312.137718,3365,1543,0.00,0.7766,0.4125
11386303.0,5746.729677,17566.966217,23313.695893,3366,1543,0.00,0.7813,0.4250
11386521.0,5746.934809,17567.667450,23314.602259,3367,1544,0.00,0.8094,0.4375
11386542.0,5746.955028,17567.736575,23314.691603,3368,1544,0.00,0.8156,0.4500
11386791.0,5747.195988,17568.574875,23315.770863,3369,1544,0.00,0.8203,0.4625
11386927.0,5747.328092,17569.042942,23316.371034,3370,1544,0.00,0.8250,0.4750
11386977.0,5747.376762,17569.217125,23316.593887,3371,1544,0.00,0.8250,0.4750
11387270.0,5747.662393,17570.246608,23317.909001,3372,1545,0.00,0.8375,0.4750
11387394.0,5747.784498,17570.682675,23318.467173,3373,1545,0.00,0.8422,0.4875
11387406.0,5747.796359,17570.725775,23318.522134,3374,1545,0.00,0.8422,0.4875
11388021.0,5748.393683,17572.898575,23321.292258,3375,1545,0.00,0.7906,0.4750
11388228.0,5748.589974,17573.626525,23322.216499,3376,1545,0.00,0.7906,0.4750
11389419.0,5749.709974,17577.751875,23327.461849,3377,1546,0.00,0.7938,0.4625
11389501.0,5749.787931,17578.034092,23327.822023,3378,1547,0.00,0.8109,0.4750
11389775.0,5750.048377,17578.964208,23329.012585,3379,1548,0.00,0.8109,0.4625
11391230.0,5751.435903,17583.909358,23335.345261,3380,1549,0.00,0.8047,0.4625
11391236.0,5751.441658,17583.930008,23335.371666,3381,1550,0.00,0.8219,0.4750
11391260.0,5751.464999,17584.014408,23335.479408,3382,1551,0.00,0.8391,0.4875
11391292.0,5751.496549,17584.129342,23335.625891,3383,1552,0.00,0.8563,0.5000
11394083.0,5754.115080,17593.449583,23347.564663,3384,1552,0.00,0.6906,0.4000
11394461.0,5754.443667,17594.605258,23349.048925,3385,1553,0.00,0.6906,0.4000
11395188.0,5755.068538,17596.803975,23351.872513,3386,1554,0.00,0.6828,0.4000
11395205.0,5755.083233,17596.856108,23351.939341,3387,1555,0.00,0.7000,0.4125
11395230.0,5755.105177,17596.934650,23352.039827,3388,1556,0.00,0.7281,0.4250
11395364.0,5755.222011,17597.349633,23352.571644,3389,1557,0.00,0.6953,0.4125
11395792.0,5755.591699,17598.679042,23354.270740,3390,1558,0.00,0.6938,0.4250
11396113.0,5755.871467,17599.708217,23355.579684,3391,1559,0.00,0.6984,0.4250
11396290.0,5756.025627,17600.270367,23356.295994,3392,1559,0.00,0.6844,0.4125
11396312.0,5756.044671,17600.339483,23356.384154,3393,1560,0.00,0.7031,0.4250
11396799.0,5756.462114,17601.813975,23358.276089,3394,1560,0.00,0.6813,0.4000
11397759.0,5757.274382,17604.655375,23361.929757,3395,1561,0.00,0.6578,0.3625
11398169.0,5757.620818,17605.820458,23363.441276,3396,1562,0.00,0.6750,0.3750
11398239.0,5757.680901,17606.024625,23363.705526,3397,1563,0.00,0.6922,0.3875
11398590.0,5757.983125,17607.053700,23365.036825,3398,1564,0.00,0.6922,0.3875
11398654.0,5758.038914,17607.245167,23365.284081,3399,1564,0.00,0.6969,0.4000
11400759.0,5759.865291,17613.613050,23373.478341,3400,1565,0.00,0.6797,0.4000
11400761.0,5759.867015,17613.619183,23373.486198,3401,1565,0.00,0.6844,0.4125
11400990.0,5760.064766,17614.328800,23374.393566,3402,1566,0.00,0.7078,0.4125
11401102.0,5760.162955,17614.676542,23374.839497,3403,1566,0.00,0.6953,0.4125
11401470.0,5760.477182,17615.789100,23376.266282,3404,1566,0.00,0.6547,0.3875
11401602.0,5760.588397,17616.184000,23376.772397,3405,1567,0.00,0.6781,0.3875
11401708.0,5760.679638,17616.501117,23377.180755,3406,1568,0.00,0.6969,0.3875
11401813.0,5760.770937,17616.813142,23377.584079,3407,1568,0.00,0.6734,0.3875
11401815.0,5760.772648,17616.819050,23377.591698,3408,1569,0.00,0.6969,0.3875
11402540.0,5761.404372,17618.988008,23380.392381,3409,1570,0.00,0.6953,0.4000
11402969.0,5761.774562,17620.303608,23382.078171,3410,1571,0.00,0.6625,0.4125
11402972.0,5761.777108,17620.313033,23382.090141,3411,1572,0.00,0.6797,0.4250
11403719.0,5762.401608,17622.614708,23385.016317,3412,1572,0.00,0.6000,0.3750
11403754.0,5762.429608,17622.716792,23385.146400,3413,1573,0.00,0.6172,0.3875
11403804.0,5762.470277,17622.866375,23385.336652,3414,1574,0.00,0.6453,0.4000
11403954.0,5762.593892,17623.317000,23385.910892,3415,1575,0.00,0.6469,0.3875
11404007.0,5762.638224,17623.475558,23386.113783,3416,1576,0.00,0.6609,0.4000
11404118.0,5762.732285,17623.815958,23386.548244,3417,1576,0.00,0.6656,0.4125
11404187.0,5762.791007,17624.032733,23386.823741,3418,1577,0.00,0.6828,0.4250
11404234.0,5762.831635,17624.183917,23387.015551,3419,1578,0.00,0.7000,0.4375
11404376.0,5762.954969,17624.643983,23387.598952,3420,1579,0.00,0.7063,0.4250
11404788.0,5763.315630,17625.942475,23389.258105,3421,1579,0.00,0.6734,0.4125
11405134.0,5763.605333,17626.987117,23390.592449,3422,1580,0.00,0.6438,0.3875
11405247.0,5763.699578,17627.325175,23391.024753,3423,1581,0.00,0.6609,0.4000
11405809.0,5764.175505,17629.042267,23393.217771,3424,1581,0.00,0.6609,0.4000
11405819.0,5764.183978,17629.072933,23393.256912,3425,1582,0.00,0.6859,0.4000
11405829.0,5764.192632,17629.103300,23393.295932,3426,1582,0.00,0.6859,0.4000
11405860.0,5764.219504,17629.198367,23393.417871,3427,1582,0.00,0.6906,0.4125
11406026.0,5764.360857,17629.715908,23394.076766,3428,1583,0.00,0.6813,0.4000
11406028.0,5764.362584,17629.722042,23394.084626,3429,1584,0.00,0.7063,0.4000
11406210.0,5764.523224,17630.280175,23394.803399,3430,1584,0.00,0.7109,0.4125
11406437.0,5764.723488,17630.974358,23395.697847,3431,1584,0.00,0.7063,0.4000
11406529.0,5764.804691,17631.256492,23396.061183,3432,1584,0.00,0.7109,0.4125
11406672.0,5764.931430,17631.705750,23396.637180,3433,1584,0.00,0.7156,0.4250
11407033.0,5765.248825,17632.830967,23398.079792,3434,1585,0.00,0.7063,0.4000
11409573.0,5767.393290,17640.572225,23407.965515,3435,1586,0.00,0.6344,0.4000
11409971.0,5767.718948,17641.773783,23409.492732,3436,1587,0.00,0.6344,0.4000
11410167.0,5767.880989,17642.374850,23410.255839,3437,1587,0.00,0.6391,0.4125
11410212.0,5767.918356,17642.516225,23410.434581,3438,1588,0.00,0.6625,0.4250
11410216.0,5767.921750,17642.529092,23410.450842,3439,1589,0.00,0.6797,0.4375
11410673.0,5768.310464,17644.033383,23412.343847,3440,1590,0.00,0.6797,0.4375
11410797.0,5768.417349,17644.441550,23412.858899,3441,1591,0.00,0.6969,0.4500
11411490.0,5769.006309,17646.686000,23415.692309,3442,1591,0.00,0.7094,0.4250
11411964.0,5769.414088,17648.210700,23417.624788,3443,1592,0.00,0.6766,0.4375
11412186.0,5769.604907,17648.941450,23418.546357,3444,1592,0.00,0.7266,0.4375
11412186.0,5769.604907,17648.941450,23418.546357,3445,1592,0.00,0.7766,0.4375
11412502.0,5769.887453,17649.981617,23419.869069,3446,1593,0.00,0.6828,0.4500
11412756.0,5770.107013,17650.836750,23420.943763,3447,1594,0.00,0.7016,0.4625
11413320.0,5770.586117,17652.727375,23423.313492,3448,1594,0.00,0.6234,0.4250
11413400.0,5770.650862,17652.977433,23423.628295,3449,1595,0.00,0.6078,0.4125
11413764.0,5770.941459,17654.101500,23425.042959,3450,1596,0.00,0.6078,0.4000
11413796.0,5770.967253,17654.199633,23425.166887,3451,1596,0.00,0.6125,0.4125
11414346.0,5771.411171,17655.919150,23427.330321,3452,1596,0.00,0.5891,0.4000
11414563.0,5771.581200,17656.554092,23428.135291,3453,1596,0.00,0.5828,0.3875
11414652.0,5771.651210,17656.820350,23428.471560,3454,1597,0.00,0.6078,0.3875
11414701.0,5771.690708,17656.966942,23428.657649,3455,1598,0.00,0.6328,0.3875
11414707.0,5771.695661,17656.984892,23428.680552,3456,1598,0.00,0.6375,0.4000
11414835.0,5771.800608,17657.377425,23429.178033,3457,1599,0.00,0.6406,0.4125
11415575.0,5772.415935,17659.701133,23432.117069,3458,1599,0.00,0.6406,0.4125
11415575.0,5772.415935,17659.701133,23432.117069,3459,1599,0.00,0.6453,0.4250
11415617.0,5772.451015,17659.836233,23432.287249,3460,1599,0.00,0.6500,0.4375
11415618.0,5772.451854,17659.839525,23432.291379,3461,1600,0.00,0.6672,0.4500
11415685.0,5772.508894,17660.063817,23432.572710,3462,1600,0.00,0.6641,0.4375
11415707.0,5772.527572,17660.135858,23432.663430,3463,1601,0.00,0.6766,0.4375
11415929.0,5772.714224,17660.838633,23433.552857,3464,1601,0.00,0.6453,0.4250
11415933.0,5772.717565,17660.851500,23433.569065,3465,1602,0.00,0.6641,0.4375
11415950.0,5772.732012,17660.907458,23433.639470,3466,1602,0.00,0.6688,0.4500
11416299.0,5773.029473,17662.074175,23435.103648,3467,1603,0.00,0.6922,0.4500
11416358.0,5773.080903,17662.272808,23435.353712,3468,1604,0.00,0.7203,0.4625
11416364.0,5773.086265,17662.293458,23435.379723,3469,1604,0.00,0.7250,0.4750
11416411.0,5773.128434,17662.458742,23435.587176,3470,1604,0.00,0.7297,0.4875
11416461.0,5773.173397,17662.637875,23435.811272,3471,1605,0.00,0.7313,0.4750
11417306.0,5773.921147,17665.356033,23439.277181,3472,1606,0.00,0.6875,0.4125
11417316.0,5773.929828,17665.387450,23439.317278,3473,1606,0.00,0.6875,0.4125
11417650.0,5774.215617,17666.436767,23440.652384,3474,1606,0.00,0.6734,0.4250
11417959.0,5774.478849,17667.421642,23441.900490,3475,1607,0.00,0.6734,0.4250
11418907.0,5775.282396,17670.431367,23445.713763,3476,1607,0.00,0.6563,0.4250
11419940.0,5776.127027,17673.566533,23449.693560,3477,1608,0.00,0.6188,0.3875
11420025.0,5776.196266,17673.820825,23450.017091,3478,1608,0.00,0.6234,0.4000
11420029.0,5776.199539,17673.833092,23450.032631,3479,1609,0.00,0.6406,0.4125
11420074.0,5776.236961,17673.974467,23450.211428,3480,1610,0.00,0.6578,0.4250
11420949.0,5776.967045,17676.741425,23453.708470,3481,1611,0.00,0.6531,0.4250
11421097.0,5777.090675,17677.211417,23454.302091,3482,1612,0.00,0.6516,0.4125
11421500.0,5777.427448,17678.449908,23455.877356,3483,1612,0.00,0.6438,0.4000
11421651.0,5777.553386,17678.912975,23456.466361,3484,1612,0.00,0.6484,0.4125
11422842.0,5778.550143,17682.642325,23461.192468,3485,1612,0.00,0.6313,0.4000
11423030.0,5778.701075,17683.196208,23461.897283,3486,1613,0.00,0.6141,0.3875
11423089.0,5778.748613,17683.370992,23462.119604,3487,1614,0.00,0.6141,0.3875
11423253.0,5778.878602,17683.853825,23462.732427,3488,1614,0.00,0.5844,0.3875
11423293.0,5778.910116,17683.973492,23462.883608,3489,1615,0.00,0.6016,0.4000
11423525.0,5779.094251,17684.674683,23463.768934,3490,1616,0.00,0.5891,0.3875
11423531.0,5779.098999,17684.692633,23463.791633,3491,1617,0.00,0.6063,0.4000
11423556.0,5779.119121,17684.769300,23463.888421,3492,1618,0.00,0.6234,0.4125
11423558.0,5779.120757,17684.775583,23463.896341,3493,1619,0.00,0.6406,0.4250
11424230.0,5779.671497,17686.895558,23466.567055,3494,1620,0.00,0.6359,0.4250
11424357.0,5779.774615,17687.292675,23467.067290,3495,1621,0.00,0.5984,0.4000
11426456.0,5781.382395,17693.292133,23474.674529,3496,1622,0.00,0.5594,0.3750
11427146.0,5781.911723,17695.291208,23477.202932,3497,1623,0.00,0.5703,0.3750
11427668.0,5782.313634,17696.793308,23479.106942,3498,1624,0.00,0.5703,0.3750
11427721.0,5782.354810,17696.947892,23479.302702,3499,1625,0.00,0.5875,0.3875
11427757.0,5782.383260,17697.055592,23479.438852,3500,1626,0.00,0.6047,0.4000
11427808.0,5782.424246,17697.211992,23479.636238,3501,1626,0.00,0.6219,0.4125
11427849.0,5782.457744,17697.340800,23479.798544,3502,1627,0.00,0.6391,0.4250
11428055.0,5782.628802,17698.003433,23480.632236,3503,1627,0.00,0.6578,0.4375
11428425.0,5782.936773,17699.197350,23482.134123,3504,1627,0.00,0.6438,0.4375
11428646.0,5783.120481,17699.912208,23483.032689,3505,1627,0.00,0.6438,0.4375
11428700.0,5783.165518,17700.089958,23483.255476,3506,1627,0.00,0.6500,0.4500
11429322.0,5783.687307,17702.184025,23485.871332,3507,1628,0.00,0.6641,0.4625
11429482.0,5783.822670,17702.722167,23486.544837,3508,1629,0.00,0.6641,0.4375
11429511.0,5783.847315,17702.817625,23486.664940,3509,1629,0.00,0.6656,0.4500
11429517.0,5783.852422,17702.837825,23486.690247,3510,1630,0.00,0.6797,0.4625
11430033.0,5784.296675,17704.581175,23488.877850,3511,1631,0.00,0.6969,0.4625
11430678.0,5784.846788,17706.720725,23491.567513,3512,1631,0.00,0.6391,0.4250
11431595.0,5785.590734,17709.556108,23495.146842,3513,1632,0.00,0.6016,0.4000
11431909.0,5785.841888,17710.516642,23496.358529,3514,1632,0.00,0.5969,0.3875
11432415.0,5786.245458,17712.030425,23498.275883,3515,1633,0.00,0.6109,0.4000
11432416.0,5786.246266,17712.033492,23498.279758,3516,1634,0.00,0.6250,0.4125
11432451.0,5786.274947,17712.143450,23498.418397,3517,1634,0.00,0.6297,0.4250
11432987.0,5786.704365,17713.786958,23500.491324,3518,1635,0.00,0.5938,0.4000
11433428.0,5787.054910,17715.137633,23502.192543,3519,1635,0.00,0.5922,0.4000
11434056.0,5787.553368,17717.063500,23504.616868,3520,1636,0.00,0.5984,0.4125
11434289.0,5787.739484,17717.795508,23505.534993,3521,1636,0.00,0.6031,0.4250
11436502.0,5789.510648,17724.819042,23514.329689,3522,1636,0.00,0.6484,0.4125
11436557.0,5789.556720,17724.991833,23514.548553,3523,1637,0.00,0.6656,0.4250
11436562.0,5789.560975,17725.007917,23514.568891,3524,1638,0.00,0.6828,0.4375
11436594.0,5789.588636,17725.113250,23514.701886,3525,1639,0.00,0.7000,0.4500
11436858.0,5789.807920,17725.977150,23515.785070,3526,1640,0.00,0.6156,0.4250
11438102.0,5790.802023,17729.887708,23520.689731,3527,1640,0.00,0.6484,0.4125
11438102.0,5790.802023,17729.887708,23520.689731,3528,1640,0.00,0.6984,0.4125
11438226.0,5790.910716,17730.277275,23521.187991,3529,1640,0.00,0.7031,0.4250
11439279.0,5791.757348,17733.664425,23525.421773,3530,1640,0.00,0.6125,0.4375
11440957.0,5793.092634,17738.976792,23532.069425,3531,1641,0.00,0.6016,0.4250
11441923.0,5793.853133,17741.991692,23535.844824,3532,1641,0.00,0.5859,0.4125
11442284.0,5794.135301,17743.105133,23537.240434,3533,1641,0.00,0.5797,0.4125
11443367.0,5794.974567,17746.430233,23541.404801,3534,1642,0.00,0.5844,0.4125
11444931.0,5796.206760,17751.343800,23547.550560,3535,1642,0.00,0.5906,0.4250
11445042.0,5796.294751,17751.700850,23547.995601,3536,1643,0.00,0.6078,0.4375
11446053.0,5797.109694,17755.028725,23552.138419,3537,1643,0.00,0.6125,0.4500
11446056.0,5797.112123,17755.038825,23552.150948,3538,1644,0.00,0.6219,0.4625
11447860.0,5798.583523,17761.196292,23559.779814,3539,1644,0.00,0.6219,0.4625
11449584.0,5799.974355,17766.997425,23566.971780,3540,1645,0.00,0.6125,0.4500
11453030.0,5802.721093,17778.140558,23580.861651,3541,1646,0.00,0.6438,0.4750
11455297.0,5804.553539,17785.663142,23590.216681,3542,1647,0.00,0.6125,0.4375
11457772.0,5806.529798,17793.643217,23600.173014,3543,1647,0.00,0.5922,0.4250
11458098.0,5806.788617,17794.691850,23601.480467,3544,1648,0.00,0.6172,0.4250
11458373.0,5807.010485,17795.559633,23602.570118,3545,1649,0.00,0.6109,0.4250
11460295.0,5808.548554,17801.660392,23610.208945,3546,1649,0.00,0.6422,0.4125
11460295.0,5808.548554,17801.660392,23610.208945,3547,1649,0.00,0.6922,0.4125
11460295.0,5808.548554,17801.660392,23610.208945,3548,1649,0.00,0.7422,0.4125
11460968.0,5809.101259,17803.774733,23612.875992,3549,1649,0.00,0.6047,0.4125
11460976.0,5809.107688,17803.799867,23612.907555,3550,1649,0.00,0.6172,0.4125
11460992.0,5809.120702,17803.850133,23612.970835,3551,1649,0.00,0.6297,0.4125
11461917.0,5809.882060,17806.756175,23616.638235,3552,1649,0.00,0.6422,0.4250
11462288.0,5810.184257,17807.917383,23618.101641,3553,1649,0.00,0.6172,0.4125
11462565.0,5810.409560,17808.787625,23619.197185,3554,1650,0.00,0.6344,0.4250
11462778.0,5810.583827,17809.458675,23620.042502,3555,1650,0.00,0.6344,0.4250
11462990.0,5810.759095,17810.140608,23620.899704,3556,1651,0.00,0.6484,0.4375
11463041.0,5810.801418,17810.305408,23621.106826,3557,1652,0.00,0.6500,0.4375
11465301.0,5812.695557,17817.732575,23630.428132,3558,1653,0.00,0.6594,0.4250
11465776.0,5813.094605,17819.244292,23632.338897,3559,1654,0.00,0.6547,0.4125
11466113.0,5813.378423,17820.303033,23633.681456,3560,1654,0.00,0.6469,0.4250
11466546.0,5813.735884,17821.663450,23635.399334,3561,1655,0.00,0.6500,0.4250
11466580.0,5813.764406,17821.772817,23635.537223,3562,1656,0.00,0.6672,0.4375
11466638.0,5813.813837,17821.963733,23635.777571,3563,1657,0.00,0.6922,0.4500
11466644.0,5813.819068,17821.983933,23635.803001,3564,1657,0.00,0.7047,0.4625
11467291.0,5814.363303,17824.052667,23638.415969,3565,1658,0.00,0.6438,0.4125
11467310.0,5814.379149,17824.112358,23638.491508,3566,1659,0.00,0.6672,0.4250
11467469.0,5814.514658,17824.623808,23639.138466,3567,1659,0.00,0.6781,0.4375
11467714.0,5814.725545,17825.430267,23640.155812,3568,1660,0.00,0.6922,0.4500
11467857.0,5814.850104,17825.909750,23640.759854,3569,1661,0.00,0.7047,0.4500
11468608.0,5815.506131,17828.404892,23643.911023,3570,1662,0.00,0.6938,0.4500
11468893.0,5815.752553,17829.348417,23645.100970,3571,1663,0.00,0.6703,0.4375
11468914.0,5815.770502,17829.417542,23645.188043,3572,1664,0.00,0.6844,0.4500
11468937.0,5815.790189,17829.493400,23645.283589,3573,1665,0.00,0.6688,0.4375
11469533.0,5816.297122,17831.431158,23647.728280,3574,1666,0.00,0.6578,0.4000
11470485.0,5817.076084,17834.282150,23651.358234,3575,1666,0.00,0.6250,0.4000
11470656.0,5817.215969,17834.801600,23652.017569,3576,1667,0.00,0.6391,0.4000
11471032.0,5817.528192,17835.954667,23653.482859,3577,1667,0.00,0.6453,0.4125
11471383.0,5817.821363,17837.057392,23654.878754,3578,1667,0.00,0.6469,0.4250
11471391.0,5817.828054,17837.083125,23654.911179,3579,1667,0.00,0.6641,0.4375
11471506.0,5817.924808,17837.456192,23655.381000,3580,1668,0.00,0.6641,0.4375
11471750.0,5818.127140,17838.237533,23656.364673,3581,1668,0.00,0.6266,0.4125
11471779.0,5818.150910,17838.328192,23656.479101,3582,1668,0.00,0.6266,0.4125
11472181.0,5818.480815,17839.591142,23658.071956,3583,1669,0.00,0.6547,0.4250
11472281.0,5818.563948,17839.903658,23658.467606,3584,1670,0.00,0.6344,0.4125
11472322.0,5818.597844,17840.032467,23658.630311,3585,1671,0.00,0.6484,0.4250
11472325.0,5818.600357,17840.042117,23658.642474,3586,1672,0.00,0.6625,0.4375
11472461.0,5818.715768,17840.489783,23659.205551,3587,1672,0.00,0.6688,0.4500
11472775.0,5818.983339,17841.538292,23660.521631,3588,1672,0.00,0.6703,0.4500
11472828.0,5819.028638,17841.716725,23660.745362,3589,1673,0.00,0.6828,0.4500
11473159.0,5819.313338,17842.831092,23662.144429,3590,1673,0.00,0.6750,0.4625
11473484.0,5819.592296,17843.949633,23663.541929,3591,1674,0.00,0.7031,0.4750
11474212.0,5820.232588,17846.499492,23666.732080,3592,1675,0.00,0.7156,0.4750
11474212.0,5820.232588,17846.499492,23666.732080,3593,1676,0.00,0.7328,0.4875
11474214.0,5820.234395,17846.506675,23666.741070,3594,1677,0.00,0.7500,0.5000
11474218.0,5820.238061,17846.521342,23666.759403,3595,1677,0.00,0.7547,0.5125
11475064.0,5820.998074,17849.605042,23670.603116,3596,1678,0.00,0.7297,0.5000
11476503.0,5822.242815,17854.584375,23676.827190,3597,1679,0.00,0.6922,0.4625
11477328.0,5822.958861,17857.407100,23680.365961,3598,1679,0.00,0.6625,0.4375
11477507.0,5823.107880,17857.974333,23681.082213,3599,1679,0.00,0.6422,0.4250
11477979.0,5823.497064,17859.450225,23682.947289,3600,1680,0.00,0.6328,0.4125
11478307.0,5823.767835,17860.480692,23684.248527,3601,1681,0.00,0.6469,0.4250
11480023.0,5825.181738,17865.785242,23690.966980,3602,1682,0.00,0.6266,0.4000
11481447.0,5826.293193,17869.942475,23696.235668,3603,1683,0.00,0.5688,0.3750
11482464.0,5827.069642,17872.838975,23699.908617,3604,1684,0.00,0.5688,0.3750
11482626.0,5827.193888,17873.303525,23700.497413,3605,1685,0.00,0.5688,0.3750
11483944.0,5828.210438,17877.115067,23705.325505,3606,1686,0.00,0.5797,0.3750
11484478.0,5828.618964,17878.637467,23707.256431,3607,1687,0.00,0.5641,0.3750
11484588.0,5828.703889,17878.958300,23707.662189,3608,1687,0.00,0.6141,0.3750
11484589.0,5828.704700,17878.961217,23707.665917,3609,1687,0.00,0.6641,0.3750
11484602.0,5828.715748,17878.999133,23707.714881,3610,1688,0.00,0.6813,0.3875
11485063.0,5829.095286,17880.378292,23709.473578,3611,1688,0.00,0.5859,0.4000
11485271.0,5829.259411,17881.016158,23710.275569,3612,1688,0.00,0.6359,0.4000
11485432.0,5829.392711,17881.509892,23710.902603,3613,1688,0.00,0.6531,0.4125
11487173.0,5830.776077,17886.789408,23717.565485,3614,1689,0.00,0.6031,0.4000
11487283.0,5830.863556,17887.122317,23717.985872,3615,1689,0.00,0.5906,0.4000
11487312.0,5830.886544,17887.211250,23718.097794,3616,1689,0.00,0.5906,0.4000
11487314.0,5830.888130,17887.217383,23718.105513,3617,1689,0.00,0.6031,0.4125
11487980.0,5831.420837,17889.300133,23720.720971,3618,1689,0.00,0.6031,0.4125
11488058.0,5831.483427,17889.545183,23721.028610,3619,1690,0.00,0.6203,0.4250
11488062.0,5831.486690,17889.558050,23721.044740,3620,1691,0.00,0.6375,0.4375
11488307.0,5831.686063,17890.321158,23722.007221,3621,1691,0.00,0.6031,0.4000
11488598.0,5831.919570,17891.213558,23723.133128,3622,1692,0.00,0.6156,0.4125
11488616.0,5831.934189,17891.270108,23723.204297,3623,1693,0.00,0.6328,0.4250
11488950.0,5832.203927,17892.292950,23724.496877,3624,1693,0.00,0.5984,0.4000
11488954.0,5832.207122,17892.305217,23724.512339,3625,1693,0.00,0.6031,0.4125
11489060.0,5832.291939,17892.633283,23724.925223,3626,1693,0.00,0.6031,0.4125
11489245.0,5832.439755,17893.201442,23725.641196,3627,1694,0.00,0.6156,0.4125
11489326.0,5832.505539,17893.455917,23725.961456,3628,1694,0.00,0.6203,0.4250
11489646.0,5832.764393,17894.439950,23727.204343,3629,1695,0.00,0.6172,0.4125
11490009.0,5833.059645,17895.580375,23728.640020,3630,1696,0.00,0.6234,0.4250
11490091.0,5833.126740,17895.844142,23728.970882,3631,1696,0.00,0.6281,0.4375
11490613.0,5833.550487,17897.522267,23731.072753,3632,1697,0.00,0.6219,0.4250
11490753.0,5833.664013,17897.967800,23731.631813,3633,1697,0.00,0.6094,0.4250
11490755.0,5833.665628,17897.974233,23731.639861,3634,1697,0.00,0.6141,0.4375
11490853.0,5833.744965,17898.294042,23732.039006,3635,1698,0.00,0.6266,0.4375
11492593.0,5835.145391,17903.794592,23738.939983,3636,1699,0.00,0.6328,0.4250
11493898.0,5836.219677,17907.956267,23744.175944,3637,1699,0.00,0.6188,0.4125
11494493.0,5836.702105,17909.779283,23746.481388,3638,1699,0.00,0.6141,0.4000
11494746.0,5836.907272,17910.555150,23747.462422,3639,1699,0.00,0.6156,0.4125
11495369.0,5837.413022,17912.498758,23749.911781,3640,1700,0.00,0.6375,0.4000
11495508.0,5837.528276,17912.925025,23750.453301,3641,1701,0.00,0.6438,0.4125
11496540.0,5838.374937,17916.063500,23754.438437,3642,1701,0.00,0.6078,0.3875
11496638.0,5838.453933,17916.356683,23754.810616,3643,1702,0.00,0.6266,0.4000
11497213.0,5838.912888,17918.094892,23757.007779,3644,1702,0.00,0.5969,0.3875
11497889.0,5839.451086,17920.097533,23759.548619,3645,1702,0.00,0.5969,0.3875
11498143.0,5839.653668,17920.857417,23760.511085,3646,1703,0.00,0.6094,0.4000
11498310.0,5839.788486,17921.369550,23761.158036,3647,1704,0.00,0.6375,0.4125
11498311.0,5839.789315,17921.372692,23761.162007,3648,1705,0.00,0.6563,0.4125
11498319.0,5839.796065,17921.397825,23761.193890,3649,1706,0.00,0.6750,0.4125
11498585.0,5840.024382,17922.233508,23762.257890,3650,1707,0.00,0.6938,0.4125
11498713.0,5840.135109,17922.635642,23762.770751,3651,1708,0.00,0.6813,0.4250
11499011.0,5840.385564,17923.558058,23763.943623,3652,1708,0.00,0.6406,0.4000
11499977.0,5841.188315,17926.508683,23767.696998,3653,1708,0.00,0.6531,0.4000
11500016.0,5841.220993,17926.627533,23767.848526,3654,1708,0.00,0.6406,0.4000
11500401.0,5841.541158,17927.808200,23769.349358,3655,1708,0.00,0.6453,0.4125
11500771.0,5841.847026,17928.959742,23770.806767,3656,1708,0.00,0.6219,0.4125
11501130.0,5842.131959,17930.063225,23772.195184,3657,1708,0.00,0.5797,0.4000
11501560.0,5842.468167,17931.361342,23773.829509,3658,1708,0.00,0.5797,0.4000
11501586.0,5842.488556,17931.441075,23773.929631,3659,1708,0.00,0.5844,0.4125
11503069.0,5843.641318,17935.805492,23779.446810,3660,1708,0.00,0.5688,0.3750
11503595.0,5844.048878,17937.330283,23781.379161,3661,1709,0.00,0.5734,0.3750
11503982.0,5844.350483,17938.459033,23782.809516,3662,1709,0.00,0.5781,0.3875
11503982.0,5844.350483,17938.459033,23782.809516,3663,1709,0.00,0.5828,0.4000
11504044.0,5844.399254,17938.649167,23783.048420,3664,1709,0.00,0.5875,0.4125
11504381.0,5844.665577,17939.707908,23784.373486,3665,1709,0.00,0.5922,0.4250
11504854.0,5845.038814,17941.182292,23786.221105,3666,1710,0.00,0.6078,0.4125
11504858.0,5845.042038,17941.194858,23786.236896,3667,1710,0.00,0.6125,0.4250
11504878.0,5845.058192,17941.258367,23786.316559,3668,1710,0.00,0.6125,0.4250
11504881.0,5845.060622,17941.268017,23786.328638,3669,1710,0.00,0.6172,0.4375
11505173.0,5845.297688,17942.223933,23787.521621,3670,1710,0.00,0.6078,0.4250
11505390.0,5845.470951,17942.887900,23788.358851,3671,1711,0.00,0.6109,0.4000
11505575.0,5845.620525,17943.455233,23789.075758,3672,1711,0.00,0.6281,0.4125
11505720.0,5845.739697,17943.910775,23789.650472,3673,1711,0.00,0.6344,0.4250
11505875.0,5845.865916,17944.398558,23790.264474,3674,1712,0.00,0.6359,0.4250
11505939.0,5845.918905,17944.604425,23790.523330,3675,1713,0.00,0.6484,0.4375
11506047.0,5846.009373,17944.959925,23790.969298,3676,1713,0.00,0.6531,0.4500
11506051.0,5846.012739,17944.973392,23790.986130,3677,1713,0.00,0.6578,0.4625
11506475.0,5846.369578,17946.403333,23792.772912,3678,1713,0.00,0.6531,0.4500
11506476.0,5846.370420,17946.406700,23792.777120,3679,1713,0.00,0.6578,0.4625
11506478.0,5846.372110,17946.413583,23792.785693,3680,1713,0.00,0.6625,0.4750
11506537.0,5846.422178,17946.621067,23793.043244,3681,1713,0.00,0.6672,0.4875
11506606.0,5846.480983,17946.868892,23793.349875,3682,1713,0.00,0.6719,0.5000
11507540.0,5847.256837,17950.025358,23797.282195,3683,1714,0.00,0.6438,0.4375
11507744.0,5847.426979,17950.696858,23798.123837,3684,1714,0.00,0.6563,0.4375
11507881.0,5847.540713,17951.134767,23798.675480,3685,1714,0.00,0.6406,0.4250
11508931.0,5848.400794,17954.444917,23802.845711,3686,1714,0.00,0.6266,0.4250
11508979.0,5848.440186,17954.599317,23803.039503,3687,1714,0.00,0.6313,0.4375
11509078.0,5848.521535,17954.920017,23803.441551,3688,1714,0.00,0.6250,0.4250
11509174.0,5848.600201,17955.228817,23803.829018,3689,1714,0.00,0.6297,0.4375
11509398.0,5848.784574,17955.966150,23804.750724,3690,1715,0.00,0.6422,0.4375
11509769.0,5849.086771,17957.113558,23806.200329,3691,1716,0.00,0.6328,0.4000
11509888.0,5849.185008,17957.478492,23806.663499,3692,1716,0.00,0.6375,0.4125
11509971.0,5849.253777,17957.739025,23806.992802,3693,1717,0.00,0.6328,0.4000
11510007.0,5849.283496,17957.849425,23807.132921,3694,1717,0.00,0.6453,0.4000
11510242.0,5849.479778,17958.570092,23808.049870,3695,1717,0.00,0.6500,0.4125
11510280.0,5849.511656,17958.689475,23808.201131,3696,1717,0.00,0.6563,0.4250
11510324.0,5849.548519,17958.831008,23808.379527,3697,1717,0.00,0.6500,0.4375
11510482.0,5849.680143,17959.335042,23809.015185,3698,1718,0.00,0.6578,0.4125
11511138.0,5850.229764,17961.395975,23811.625739,3699,1718,0.00,0.6516,0.4250
11512225.0,5851.140653,17964.892492,23816.033145,3700,1719,0.00,0.6516,0.4250
11513616.0,5852.293167,17969.366875,23821.660042,3701,1720,0.00,0.6516,0.4250
11513617.0,5852.294007,17969.370092,23821.664099,3702,1721,0.00,0.6703,0.4250
11513625.0,5852.300845,17969.395825,23821.696670,3703,1722,0.00,0.6891,0.4250
11514609.0,5853.134956,17972.506500,23825.641456,3704,1722,0.00,0.6297,0.4125
11515423.0,5853.786547,17975.063817,23828.850364,3705,1723,0.00,0.6172,0.4250
11515475.0,5853.828842,17975.231083,23829.059925,3706,1724,0.00,0.6359,0.4375
11515496.0,5853.846229,17975.300208,23829.146437,3707,1725,0.00,0.6531,0.4500
11516373.0,5854.569920,17978.127975,23832.697895,3708,1726,0.00,0.6500,0.4375
11517319.0,5855.343724,17981.157967,23836.501691,3709,1726,0.00,0.6109,0.4250
11519256.0,5856.900052,17987.287625,23844.187677,3710,1727,0.00,0.6031,0.4125
11519917.0,5857.429103,17989.357292,23846.786394,3711,1728,0.00,0.5938,0.4125
11520863.0,5858.180735,17992.317608,23850.498344,3712,1729,0.00,0.6016,0.4125
11520873.0,5858.188747,17992.349025,23850.537772,3713,1730,0.00,0.6203,0.4250
11521781.0,5858.916239,17995.188533,23854.104772,3714,1730,0.00,0.6031,0.4125
11523771.0,5860.484419,18001.293075,23861.777494,3715,1730,0.00,0.5891,0.4125
11524014.0,5860.676752,18002.056500,23862.733252,3716,1730,0.00,0.6000,0.4250
11524842.0,5861.339152,18004.719900,23866.059052,3717,1731,0.00,0.6172,0.4375
11524843.0,5861.339965,18004.723192,23866.063157,3718,1732,0.00,0.6344,0.4500
11525451.0,5861.840634,18006.729250,23868.569884,3719,1732,0.00,0.6422,0.4500
11526947.0,5863.072714,18011.657108,23874.729822,3720,1732,0.00,0.6250,0.4375
11528194.0,5864.090175,18015.671592,23879.761766,3721,1733,0.00,0.6297,0.4375
11528632.0,5864.444900,18017.080867,23881.525767,3722,1733,0.00,0.6188,0.4375
11528854.0,5864.625738,18017.811617,23882.437354,3723,1733,0.00,0.6250,0.4500
11530837.0,5866.240592,18024.361267,23890.601859,3724,1734,0.00,0.6219,0.4250
11530957.0,5866.338634,18024.747267,23891.085900,3725,1735,0.00,0.6344,0.4375
11531760.0,5866.996581,18027.357250,23894.353831,3726,1736,0.00,0.6344,0.4375
11531930.0,5867.137126,18027.916833,23895.053959,3727,1736,0.00,0.6469,0.4500
11532542.0,5867.646326,18029.956308,23897.602634,3728,1736,0.00,0.6391,0.4500
11533355.0,5868.314203,18032.637683,23900.951886,3729,1736,0.00,0.6313,0.4500
11534377.0,5869.144451,18036.015717,23905.160168,3730,1737,0.00,0.6313,0.4500
11534599.0,5869.327079,18036.755542,23906.082621,3731,1737,0.00,0.6391,0.4500
11535204.0,5869.822586,18038.720225,23908.542811,3732,1737,0.00,0.6156,0.4250
11535981.0,5870.451510,18041.203225,23911.654735,3733,1737,0.00,0.6094,0.4250
11537708.0,5871.831610,18046.653933,23918.485543,3734,1738,0.00,0.5969,0.4125
11537958.0,5872.031002,18047.439350,23919.470352,3735,1738,0.00,0.6016,0.4250
11540133.0,5873.760252,18054.283200,23928.043452,3736,1739,0.00,0.5969,0.4125
11543906.0,5876.746129,18066.007558,23942.753687,3737,1740,0.00,0.5656,0.4000
11544404.0,5877.131214,18067.534758,23944.665973,3738,1741,0.00,0.5906,0.4000
11544404.0,5877.131214,18067.534758,23944.665973,3739,1742,0.00,0.6156,0.4000
11546450.0,5878.709804,18073.727183,23952.436987,3740,1743,0.00,0.5547,0.4000
11546556.0,5878.790868,18074.052250,23952.843118,3741,1744,0.00,0.5672,0.4125
11547052.0,5879.175010,18075.610517,23954.785526,3742,1745,0.00,0.5891,0.4250
11547218.0,5879.306388,18076.144333,23955.450721,3743,1746,0.00,0.5891,0.4250
11547221.0,5879.308762,18076.153983,23955.462745,3744,1746,0.00,0.6016,0.4250
11547226.0,5879.312768,18076.170067,23955.482835,3745,1746,0.00,0.6141,0.4250
11547243.0,5879.326554,18076.224750,23955.551304,3746,1746,0.00,0.6266,0.4250
11548440.0,5880.299098,18079.924125,23960.223223,3747,1747,0.00,0.6375,0.4125
11550172.0,5881.733387,18085.337292,23967.070679,3748,1748,0.00,0.6375,0.4125
11550720.0,5882.187771,18087.058925,23969.246696,3749,1749,0.00,0.6547,0.4250
11550784.0,5882.241693,18087.264792,23969.506485,3750,1749,0.00,0.6594,0.4375
11550889.0,5882.330056,18087.602917,23969.932972,3751,1750,0.00,0.6594,0.4375
11550891.0,5882.331748,18087.609500,23969.941248,3752,1751,0.00,0.6766,0.4500
11551396.0,5882.760834,18089.281692,23972.042526,3753,1751,0.00,0.6719,0.4375
11551465.0,5882.819891,18089.508817,23972.328708,3754,1752,0.00,0.6891,0.4500
11551716.0,5883.038078,18090.353850,23973.391928,3755,1753,0.00,0.7078,0.4625
11553773.0,5884.796902,18096.892908,23981.689810,3756,1753,0.00,0.6563,0.4125
11554319.0,5885.256841,18098.602483,23983.859324,3757,1753,0.00,0.6484,0.4125
11554926.0,5885.765309,18100.509475,23986.274784,3758,1754,0.00,0.6656,0.4250
11555668.0,5886.392042,18102.871867,23989.263909,3759,1755,0.00,0.6750,0.4250
11555688.0,5886.409209,18102.936200,23989.345409,3760,1756,0.00,0.7031,0.4375
11555789.0,5886.497738,18103.267383,23989.765121,3761,1757,0.00,0.6922,0.4375
11556206.0,5886.856665,18104.624333,23991.480999,3762,1757,0.00,0.6703,0.4375
11556813.0,5887.361752,18106.566050,23993.927802,3763,1758,0.00,0.6188,0.4125
11556874.0,5887.411442,18106.757692,23994.169134,3764,1758,0.00,0.6688,0.4125
11556874.0,5887.411442,18106.757692,23994.169134,3765,1758,0.00,0.7188,0.4125
11556993.0,5887.517633,18107.131550,23994.649183,3766,1758,0.00,0.7234,0.4250
11557472.0,5887.898942,18108.613608,23996.512550,3767,1758,0.00,0.5828,0.4125
11557499.0,5887.920181,18108.698433,23996.618614,3768,1759,0.00,0.6000,0.4250
11558568.0,5888.771379,18112.069400,24000.840779,3769,1760,0.00,0.6063,0.4125
11558581.0,5888.781842,18112.110242,24000.892084,3770,1761,0.00,0.6313,0.4250
11558763.0,5888.929085,18112.684950,24001.614035,3771,1761,0.00,0.6109,0.4250
11558920.0,5889.054245,18113.178642,24002.232887,3772,1761,0.00,0.5938,0.4125
11558964.0,5889.089232,18113.316875,24002.406107,3773,1761,0.00,0.5984,0.4250
11559048.0,5889.156326,18113.587000,24002.743326,3774,1762,0.00,0.6172,0.4250
11559350.0,5889.397919,18114.517033,24003.914952,3775,1762,0.00,0.6109,0.4125
11559412.0,5889.448002,18114.710917,24004.158919,3776,1762,0.00,0.6125,0.4125
11559412.0,5889.448002,18114.710917,24004.158919,3777,1762,0.00,0.6172,0.4250
11559496.0,5889.516325,18114.981117,24004.497442,3778,1762,0.00,0.6219,0.4375
11560037.0,5889.951939,18116.667183,24006.619122,3779,1763,0.00,0.6172,0.4125
11560577.0,5890.389874,18118.363683,24008.753557,3780,1763,0.00,0.6094,0.4250
11560766.0,5890.542452,18118.971633,24009.514085,3781,1764,0.00,0.6266,0.4375
11561891.0,5891.448451,18122.548233,24013.996684,3782,1764,0.00,0.5844,0.4125
11562287.0,5891.760438,18123.792333,24015.552772,3783,1765,0.00,0.6016,0.4250
11562370.0,5891.826939,18124.059317,24015.886256,3784,1766,0.00,0.6188,0.4375
11562572.0,5891.990696,18124.719808,24016.710505,3785,1767,0.00,0.6188,0.4375
11562742.0,5892.129175,18125.279392,24017.408567,3786,1767,0.00,0.6234,0.4500
11563035.0,5892.368165,18126.250375,24018.618540,3787,1768,0.00,0.6359,0.4500
11563281.0,5892.571841,18127.078575,24019.650416,3788,1769,0.00,0.6531,0.4625
11563762.0,5892.973016,18128.712417,24021.685433,3789,1769,0.00,0.6188,0.4375
11564421.0,5893.509827,18130.881625,24024.391452,3790,1769,0.00,0.6313,0.4500
11564792.0,5893.813202,18132.111233,24025.924436,3791,1769,0.00,0.6219,0.4375
11567733.0,5896.164099,18141.515950,24037.680049,3792,1770,0.00,0.5797,0.4250
11567960.0,5896.339560,18142.231808,24038.571368,3793,1771,0.00,0.5797,0.4250
11567982.0,5896.356812,18142.302575,24038.659387,3794,1772,0.00,0.5969,0.4375
11568949.0,5897.083940,18145.233017,24042.316957,3795,1772,0.00,0.5203,0.3875
11569221.0,5897.284545,18146.044650,24043.329195,3796,1772,0.00,0.5266,0.3875
11569390.0,5897.410093,18146.550242,24043.960334,3797,1773,0.00,0.5438,0.4000
11569421.0,5897.433536,18146.645308,24044.078845,3798,1774,0.00,0.5609,0.4125
11569444.0,5897.451238,18146.717567,24044.168804,3799,1775,0.00,0.5781,0.4250
11569445.0,5897.452020,18146.720783,24044.172804,3800,1776,0.00,0.5953,0.4375
11570464.0,5898.242723,18149.939842,24048.182565,3801,1777,0.00,0.5938,0.4250
11570708.0,5898.432318,18150.709558,24049.141876,3802,1778,0.00,0.5844,0.4125
11570760.0,5898.472832,18150.870375,24049.343207,3803,1779,0.00,0.5859,0.4000
11570794.0,5898.499272,18150.972467,24049.471739,3804,1779,0.00,0.5734,0.4000
11571073.0,5898.707253,18151.813067,24050.520320,3805,1780,0.00,0.5359,0.4000
11572662.0,5899.875626,18156.503225,24056.378851,3806,1781,0.00,0.5313,0.3875
11573614.0,5900.574730,18159.286267,24059.860997,3807,1782,0.00,0.5313,0.3875
11573840.0,5900.743446,18159.962383,24060.705829,3808,1782,0.00,0.5359,0.4000
11574122.0,5900.951640,18160.793583,24061.745224,3809,1782,0.00,0.5328,0.3875
11574517.0,5901.242055,18161.949867,24063.191922,3810,1782,0.00,0.5328,0.3875
11574750.0,5901.416279,18162.646925,24064.063204,3811,1782,0.00,0.5500,0.4000
11574886.0,5901.519790,18163.063992,24064.583782,3812,1783,0.00,0.5781,0.4125
11575441.0,5901.951963,18164.799442,24066.751405,3813,1784,0.00,0.5672,0.4125
11575447.0,5901.956610,18164.818292,24066.774902,3814,1785,0.00,0.5953,0.4250
11575531.0,5902.023143,18165.086467,24067.109610,3815,1786,0.00,0.5922,0.4250
11575576.0,5902.058870,18165.231217,24067.290086,3816,1787,0.00,0.6094,0.4375
11575661.0,5902.127489,18165.511008,24067.638498,3817,1787,0.00,0.6219,0.4500
11575940.0,5902.349152,18166.418358,24068.767510,3818,1788,0.00,0.5813,0.4250
11576143.0,5902.508592,18167.071342,24069.579933,3819,1789,0.00,0.5953,0.4375
11576525.0,5902.808006,18168.282558,24071.090564,3820,1790,0.00,0.5922,0.4250
11576802.0,5903.027923,18169.173575,24072.201498,3821,1790,0.00,0.6047,0.4375
11576952.0,5903.148470,18169.667325,24072.815795,3822,1791,0.00,0.6219,0.4500
11577112.0,5903.278907,18170.204042,24073.482949,3823,1791,0.00,0.6203,0.4500
11578283.0,5904.210821,18173.969333,24078.180154,3824,1792,0.00,0.6000,0.4125
11579525.0,5905.194172,18177.795908,24082.990081,3825,1793,0.00,0.5875,0.4000
11579641.0,5905.285845,18178.151642,24083.437486,3826,1793,0.00,0.6375,0.4000
11579929.0,5905.514540,18179.034842,24084.549381,3827,1793,0.00,0.5703,0.4125
11580214.0,5905.735959,18179.930217,24085.666176,3828,1793,0.00,0.6203,0.4125
11580214.0,5905.735959,18179.930217,24085.666176,3829,1793,0.00,0.6703,0.4125
11580221.0,5905.741942,18179.952208,24085.694150,3830,1794,0.00,0.6875,0.4250
11580395.0,5905.890554,18180.501333,24086.391887,3831,1794,0.00,0.5766,0.4250
11580578.0,5906.033618,18181.089983,24087.123601,3832,1795,0.00,0.5984,0.4375
11580669.0,5906.106307,18181.389525,24087.495832,3833,1796,0.00,0.6109,0.4500
11580670.0,5906.107116,18181.392892,24087.500008,3834,1796,0.00,0.6234,0.4625
11580671.0,5906.107934,18181.396333,24087.504268,3835,1796,0.00,0.6281,0.4750
11580806.0,5906.218576,18181.868683,24088.087260,3836,1796,0.00,0.6203,0.4750
11580823.0,5906.232445,18181.928467,24088.160911,3837,1796,0.00,0.6328,0.4750
11580823.0,5906.232445,18181.928467,24088.160911,3838,1796,0.00,0.6453,0.4750
11581423.0,5906.731005,18183.994067,24090.725071,3839,1797,0.00,0.6422,0.4500
11581624.0,5906.898400,18184.670767,24091.569166,3840,1797,0.00,0.6594,0.4625
11581661.0,5906.929709,18184.798108,24091.727817,3841,1797,0.00,0.6656,0.4750
11581671.0,5906.938212,18184.833125,24091.771337,3842,1797,0.00,0.6656,0.4750
11581693.0,5906.956935,18184.910492,24091.867426,3843,1797,0.00,0.6703,0.4875
11581896.0,5907.130232,18185.638025,24092.768257,3844,1798,0.00,0.6766,0.4875
11582356.0,5907.504455,18187.186467,24094.690922,3845,1799,0.00,0.6125,0.4500
11582378.0,5907.522269,18187.260533,24094.782803,3846,1800,0.00,0.6250,0.4625
11582470.0,5907.597658,18187.577167,24095.174825,3847,1801,0.00,0.6375,0.4750
11582588.0,5907.695005,18187.989358,24095.684364,3848,1802,0.00,0.6344,0.4750
11583949.0,5908.791809,18192.447717,24101.239526,3849,1802,0.00,0.6047,0.4375
11584444.0,5909.185676,18194.046717,24103.232393,3850,1802,0.00,0.5938,0.4375
11584512.0,5909.239746,18194.270550,24103.510296,3851,1802,0.00,0.6109,0.4500
11584945.0,5909.589614,18195.723892,24105.313506,3852,1802,0.00,0.6109,0.4500
11585631.0,5910.138081,18197.991125,24108.129206,3853,1803,0.00,0.6250,0.4500
11585638.0,5910.143817,18198.014692,24108.158509,3854,1804,0.00,0.6531,0.4625
11585676.0,5910.175787,18198.145475,24108.321262,3855,1804,0.00,0.6578,0.4750
11585862.0,5910.328696,18198.773850,24109.102546,3856,1805,0.00,0.6297,0.4500
11586256.0,5910.652994,18200.100317,24110.753310,3857,1806,0.00,0.6469,0.4625
11587146.0,5911.363239,18202.939300,24114.302539,3858,1807,0.00,0.5563,0.4000
11587560.0,5911.679924,18204.206500,24115.886424,3859,1807,0.00,0.5438,0.4000
11587661.0,5911.756159,18204.513233,24116.269392,3860,1807,0.00,0.5438,0.4000
11587748.0,5911.821953,18204.780033,24116.601986,3861,1807,0.00,0.5609,0.4125
11588595.0,5912.471571,18207.423175,24119.894746,3862,1807,0.00,0.5438,0.4000
11588824.0,5912.644752,18208.125442,24120.770194,3863,1808,0.00,0.5672,0.4000
11589030.0,5912.804295,18208.757175,24121.561470,3864,1808,0.00,0.5844,0.4125
11591093.0,5914.388782,18214.925458,24129.314240,3865,1809,0.00,0.5625,0.3875
11592022.0,5915.103780,18217.636467,24132.740247,3866,1809,0.00,0.5797,0.3875
11592131.0,5915.187844,18217.955283,24133.143127,3867,1809,0.00,0.5656,0.3875
11592180.0,5915.225734,18218.101875,24133.327609,3868,1809,0.00,0.5703,0.4000
11592410.0,5915.404423,18218.807208,24134.211631,3869,1810,0.00,0.5875,0.4125
11592412.0,5915.406003,18218.813492,24134.219495,3870,1811,0.00,0.6047,0.4250
11592750.0,5915.673906,18219.879800,24135.553706,3871,1811,0.00,0.5938,0.4250
11592825.0,5915.733541,18220.121050,24135.854591,3872,1812,0.00,0.6109,0.4375
11593617.0,5916.372863,18222.722350,24139.095213,3873,1813,0.00,0.6109,0.4375
11593673.0,5916.418139,18222.906683,24139.324823,3874,1814,0.00,0.6281,0.4500
11593777.0,5916.503323,18223.250817,24139.754139,3875,1815,0.00,0.6406,0.4500
11593927.0,5916.628062,18223.755817,24140.383879,3876,1816,0.00,0.6578,0.4625
11593930.0,5916.630597,18223.766142,24140.396739,3877,1817,0.00,0.6750,0.4750
11593932.0,5916.632314,18223.773175,24140.405489,3878,1817,0.00,0.6797,0.4875
11594500.0,5917.114459,18225.771392,24142.885850,3879,1817,0.00,0.6672,0.4875
11594915.0,5917.466642,18227.251208,24144.717850,3880,1818,0.00,0.6703,0.4750
11594942.0,5917.489718,18227.346158,24144.835877,3881,1819,0.00,0.6828,0.4875
11595006.0,5917.545041,18227.576025,24145.121066,3882,1819,0.00,0.6953,0.5000
11595069.0,5917.599916,18227.805525,24145.405441,3883,1819,0.00,0.6875,0.5000
11596241.0,5918.588613,18231.947683,24150.536296,3884,1820,0.00,0.6547,0.4750
11596379.0,5918.704695,18232.431933,24151.136629,3885,1821,0.00,0.6547,0.4750
11596412.0,5918.732499,18232.547983,24151.280482,3886,1822,0.00,0.6719,0.4875
11596419.0,5918.738490,18232.573125,24151.311615,3887,1823,0.00,0.6891,0.5000
11596419.0,5918.738490,18232.573125,24151.311615,3888,1824,0.00,0.7063,0.5125
11597748.0,5919.832318,18237.069550,24156.901868,3889,1825,0.00,0.5969,0.4250
11598091.0,5920.100978,18238.145342,24158.246320,3890,1826,0.00,0.5797,0.4125
11598223.0,5920.204493,18238.560042,24158.764534,3891,1826,0.00,0.5844,0.4250
11598224.0,5920.205281,18238.563258,24158.768539,3892,1827,0.00,0.6016,0.4375
11599859.0,5921.515268,18243.945133,24165.460401,3893,1828,0.00,0.6188,0.4500
11602164.0,5923.361535,18251.531450,24174.892985,3894,1828,0.00,0.5828,0.4375
11603094.0,5924.084440,18254.544100,24178.628540,3895,1828,0.00,0.5656,0.4250
11603154.0,5924.130836,18254.737100,24178.867936,3896,1828,0.00,0.6156,0.4250
11603154.0,5924.130836,18254.737100,24178.867936,3897,1828,0.00,0.6656,0.4250
11604093.0,5924.869192,18257.752975,24182.622167,3898,1829,0.00,0.5703,0.4250
11604650.0,5925.301931,18259.544658,24184.846589,3899,1829,0.00,0.5828,0.4250
11604914.0,5925.509602,18260.393858,24185.903460,3900,1829,0.00,0.5875,0.4375
11605411.0,5925.902370,18262.029817,24187.932186,3901,1829,0.00,0.5922,0.4500
11606470.0,5926.735478,18265.512467,24192.247945,3902,1829,0.00,0.5828,0.4375
11609716.0,5929.227176,18275.814117,24205.041293,3903,1829,0.00,0.5219,0.4000
11615334.0,5933.364513,18292.719850,24226.084363,3904,1829,0.00,0.5234,0.4000
11615382.0,5933.400055,18292.867050,24226.267105,3905,1829,0.00,0.5297,0.4125
11615651.0,5933.600544,18293.712158,24227.312702,3906,1829,0.00,0.5359,0.4250
11616999.0,5934.606086,18297.960400,24232.566486,3907,1829,0.00,0.5344,0.4250
11618075.0,5935.408107,18301.342183,24236.750291,3908,1830,0.00,0.5547,0.4250
11619637.0,5936.580958,18306.181442,24242.762399,3909,1831,0.00,0.5359,0.4000
11619864.0,5936.751247,18306.877575,24243.628822,3910,1832,0.00,0.5531,0.4125
11619866.0,5936.752774,18306.883858,24243.636633,3911,1833,0.00,0.5703,0.4250
11619905.0,5936.783074,18307.009308,24243.792382,3912,1833,0.00,0.5828,0.4375
11621825.0,5938.255364,18313.077233,24251.332597,3913,1834,0.00,0.5531,0.4125
11621915.0,5938.324083,18313.359983,24251.684066,3914,1835,0.00,0.5703,0.4250
11622264.0,5938.595224,18314.482600,24253.077824,3915,1835,0.00,0.5750,0.4375
11622270.0,5938.599908,18314.502350,24253.102258,3916,1835,0.00,0.5875,0.4500
11622335.0,5938.651276,18314.721183,24253.372459,3917,1835,0.00,0.5938,0.4625
11622610.0,5938.868976,18315.660217,24254.529193,3918,1836,0.00,0.5984,0.4625
11623956.0,5939.923000,18320.143600,24260.066600,3919,1837,0.00,0.5609,0.4250
11623956.0,5939.923000,18320.143600,24260.066600,3920,1838,0.00,0.5797,0.4375
11624136.0,5940.064156,18320.736100,24260.800256,3921,1839,0.00,0.5969,0.4500
11626480.0,5941.869070,18328.280992,24270.150062,3922,1839,0.00,0.6109,0.4250
11626480.0,5941.869070,18328.280992,24270.150062,3923,1839,0.00,0.6609,0.4250
11626480.0,5941.869070,18328.280992,24270.150062,3924,1839,0.00,0.7109,0.4250
11627052.0,5942.325781,18330.120925,24272.446706,3925,1839,0.00,0.6109,0.4250
11627432.0,5942.624030,18331.343258,24273.967288,3926,1840,0.00,0.5844,0.4375
11628763.0,5943.672655,18335.724467,24279.397121,3927,1841,0.00,0.6016,0.4500
11629799.0,5944.502714,18339.212333,24283.715047,3928,1841,0.00,0.6078,0.4625
11630226.0,5944.846908,18340.681925,24285.528833,3929,1842,0.00,0.6328,0.4625
11633643.0,5947.561366,18352.187550,24299.748916,3930,1842,0.00,0.5906,0.4375
11633650.0,5947.566915,18352.210592,24299.777507,3931,1842,0.00,0.6031,0.4375
11633655.0,5947.570928,18352.227050,24299.797978,3932,1842,0.00,0.6156,0.4375
11633684.0,5947.594480,18352.322508,24299.916988,3933,1843,0.00,0.6281,0.4500
11637007.0,5950.235504,18363.035042,24313.270546,3934,1843,0.00,0.5859,0.4250
11638478.0,5951.384577,18367.676983,24319.061561,3935,1844,0.00,0.5969,0.4250
11639585.0,5952.267487,18371.237833,24323.505320,3936,1845,0.00,0.6219,0.4375
11640415.0,5952.945608,18373.969917,24326.915525,3937,1846,0.00,0.6281,0.4500
11641318.0,5953.687761,18377.010017,24330.697778,3938,1846,0.00,0.6328,0.4625
11643009.0,5955.067309,18382.641550,24337.708859,3939,1846,0.00,0.6047,0.4375
11643864.0,5955.741592,18385.406425,24341.148017,3940,1847,0.00,0.6172,0.4375
11644233.0,5956.041725,18386.621050,24342.662775,3941,1848,0.00,0.6266,0.4500
11644575.0,5956.322391,18387.772450,24344.094841,3942,1848,0.00,0.6391,0.4625
11644576.0,5956.323221,18387.775892,24344.099113,3943,1848,0.00,0.6516,0.4750
11645084.0,5956.741682,18389.498233,24346.239915,3944,1848,0.00,0.6313,0.4625
11645444.0,5957.037177,18390.711433,24347.748611,3945,1849,0.00,0.6328,0.4625
11646188.0,5957.644535,18393.193883,24350.838418,3946,1849,0.00,0.6297,0.4500
11646785.0,5958.130437,18395.161483,24353.291920,3947,1850,0.00,0.6344,0.4500
11647120.0,5958.407393,18396.289317,24354.696710,3948,1851,0.00,0.6719,0.4625
11647721.0,5958.919724,18398.315233,24357.234957,3949,1852,0.00,0.6797,0.4500
11648117.0,5959.254359,18399.631183,24358.885542,3950,1852,0.00,0.6469,0.4500
11648124.0,5959.260214,18399.654750,24358.914964,3951,1852,0.00,0.6516,0.4625
11648657.0,5959.701373,18401.452033,24361.153406,3952,1853,0.00,0.6516,0.4625
11649200.0,5960.157549,18403.320858,24363.478407,3953,1853,0.00,0.6563,0.4750
11649591.0,5960.477072,18404.669175,24365.146247,3954,1854,0.00,0.6359,0.4750
11649914.0,5960.743209,18405.781058,24366.524267,3955,1854,0.00,0.6297,0.4625
11650070.0,5960.871611,18406.317958,24367.189569,3956,1854,0.00,0.6797,0.4625
11650644.0,5961.347888,18408.258525,24369.606413,3957,1854,0.00,0.6750,0.4500
11651622.0,5962.149868,18411.551125,24373.700993,3958,1855,0.00,0.6016,0.4625
11652142.0,5962.557130,18413.258517,24375.815647,3959,1856,0.00,0.5875,0.4375
11652263.0,5962.651952,18413.652308,24376.304260,3960,1857,0.00,0.5844,0.4375
11652296.0,5962.677951,18413.760933,24376.438884,3961,1858,0.00,0.5813,0.4375
11652406.0,5962.764347,18414.123017,24376.887363,3962,1858,0.00,0.5938,0.4500
11652877.0,5963.134667,18415.676392,24378.811059,3963,1859,0.00,0.5828,0.4500
11656270.0,5965.700728,18426.231067,24391.931794,3964,1860,0.00,0.5531,0.4000
11656304.0,5965.726688,18426.335333,24392.062021,3965,1861,0.00,0.5813,0.4125
11656861.0,5966.164165,18428.085242,24394.249407,3966,1862,0.00,0.6000,0.4125
11656971.0,5966.249868,18428.422950,24394.672818,3967,1863,0.00,0.5609,0.4000
11657068.0,5966.324521,18428.720417,24395.044938,3968,1864,0.00,0.5781,0.4125
11657304.0,5966.509306,18429.461850,24395.971156,3969,1865,0.00,0.6063,0.4250
11657440.0,5966.618767,18429.899317,24396.518084,3970,1866,0.00,0.6250,0.4250
11659646.0,5968.288927,18436.615258,24404.904186,3971,1867,0.00,0.5297,0.3875
11659649.0,5968.291163,18436.624233,24404.915397,3972,1867,0.00,0.5422,0.4000
11659677.0,5968.312304,18436.710100,24405.022404,3973,1868,0.00,0.5594,0.4125
11659684.0,5968.317683,18436.732092,24405.049775,3974,1868,0.00,0.5766,0.4250
11659720.0,5968.345827,18436.847892,24405.193718,3975,1869,0.00,0.5938,0.4375
11661253.0,5969.478992,18441.390692,24410.869684,3976,1870,0.00,0.5313,0.3750
11661437.0,5969.616353,18441.927358,24411.543711,3977,1871,0.00,0.5594,0.3875
11661974.0,5970.017603,18443.498108,24413.515711,3978,1872,0.00,0.5297,0.3875
11662122.0,5970.126506,18443.933000,24414.059506,3979,1873,0.00,0.5250,0.3875
11663258.0,5970.969039,18447.331533,24418.300572,3980,1874,0.00,0.5422,0.4000
11663260.0,5970.970549,18447.337667,24418.308216,3981,1875,0.00,0.5594,0.4125
11664670.0,5972.046845,18451.727292,24423.774137,3982,1875,0.00,0.5297,0.4000
11664703.0,5972.071440,18451.828492,24423.899932,3983,1876,0.00,0.5469,0.4125
11664703.0,5972.071440,18451.828492,24423.899932,3984,1877,0.00,0.5641,0.4250
11666053.0,5973.112065,18456.137242,24429.249307,3985,1877,0.00,0.5641,0.4250
11669866.0,5976.036163,18467.996642,24444.032804,3986,1878,0.00,0.5734,0.4000
11669871.0,5976.040059,18468.011975,24444.052034,3987,1879,0.00,0.6016,0.4125
11670024.0,5976.160436,18468.485075,24444.645511,3988,1880,0.00,0.5969,0.4125
11670962.0,5976.897546,18471.431958,24448.329504,3989,1880,0.00,0.5828,0.4250
11672821.0,5978.344655,18477.238942,24455.583597,3990,1880,0.00,0.6047,0.4000
11672821.0,5978.344655,18477.238942,24455.583597,3991,1880,0.00,0.6547,0.4000
11672824.0,5978.347182,18477.248142,24455.595324,3992,1880,0.00,0.6594,0.4125
11673296.0,5978.720874,18478.731008,24457.451882,3993,1880,0.00,0.5719,0.4250
11673395.0,5978.797909,18479.049458,24457.847367,3994,1880,0.00,0.6219,0.4250
11673395.0,5978.797909,18479.049458,24457.847367,3995,1880,0.00,0.6719,0.4250
11673395.0,5978.797909,18479.049458,24457.847367,3996,1880,0.00,0.7219,0.4250
11673485.0,5978.878440,18479.338958,24458.217398,3997,1881,0.00,0.7391,0.4375
11673571.0,5978.953741,18479.622042,24458.575783,3998,1881,0.00,0.5938,0.4500
11673710.0,5979.064266,18480.090008,24459.154274,3999,1881,0.00,0.6063,0.4625
11675132.0,5980.197917,18484.817033,24465.014951,4000,1882,0.00,0.5891,0.4375
11676437.0,5981.225238,18489.055283,24470.280521,4001,1883,0.00,0.6031,0.4375
11678611.0,5982.944006,18496.012992,24478.956998,4002,1883,0.00,0.5906,0.4250
11681565.0,5985.266654,18505.436800,24490.703454,4003,1884,0.00,0.5844,0.4250
11683345.0,5986.661970,18511.115517,24497.777486,4004,1884,0.00,0.5547,0.4000
11685808.0,5988.516023,18518.502967,24507.018989,4005,1885,0.00,0.5375,0.3875
11685832.0,5988.534056,18518.574767,24507.108823,4006,1886,0.00,0.5547,0.4000
11687489.0,5989.796154,18523.616858,24513.413012,4007,1887,0.00,0.5594,0.4000
11687764.0,5990.007465,18524.460192,24514.467656,4008,1887,0.00,0.5719,0.4125
11687901.0,5990.114068,18524.890600,24515.004668,4009,1888,0.00,0.5953,0.4250
11689320.0,5991.207286,18529.220600,24520.427886,4010,1888,0.00,0.5547,0.4000
11691232.0,5992.669501,18535.084067,24527.753568,4011,1888,0.00,0.5672,0.4000
11691232.0,5992.669501,18535.084067,24527.753568,4012,1888,0.00,0.5797,0.4000
11694500.0,5995.164460,18544.906058,24540.070519,4013,1888,0.00,0.5328,0.3875
11694500.0,5995.164460,18544.906058,24540.070519,4014,1888,0.00,0.5453,0.4000
11695714.0,5996.084023,18548.628992,24544.713015,4015,1889,0.00,0.5516,0.4125
11696143.0,5996.411061,18549.976767,24546.387828,4016,1889,0.00,0.6016,0.4125
11696716.0,5996.853552,18551.776942,24548.630494,4017,1889,0.00,0.6016,0.4125
11696716.0,5996.853552,18551.776942,24548.630494,4018,1889,0.00,0.6516,0.4125
11696717.0,5996.854392,18551.780083,24548.634475,4019,1889,0.00,0.7016,0.4125
11698640.0,5998.339751,18557.821508,24556.161260,4020,1889,0.00,0.5609,0.4250
11701714.0,6000.648070,18567.161067,24567.809136,4021,1890,0.00,0.5359,0.4000
11701962.0,6000.834113,18567.921600,24568.755713,4022,1890,0.00,0.5422,0.4125
11703732.0,6002.162776,18573.362800,24575.525576,4023,1890,0.00,0.5484,0.4125
11704131.0,6002.465974,18574.616325,24577.082299,4024,1890,0.00,0.5547,0.4250
11704776.0,6002.959242,18576.691075,24579.650317,4025,1891,0.00,0.5734,0.4375
11704879.0,6003.039514,18577.030117,24580.069631,4026,1891,0.00,0.5797,0.4500
11706745.0,6004.502834,18583.312317,24587.815151,4027,1892,0.00,0.6297,0.4500
11707872.0,6005.430457,18587.106550,24592.537007,4028,1892,0.00,0.6344,0.4625
11708942.0,6006.287803,18590.789133,24597.076937,4029,1892,0.00,0.5906,0.4750
11709034.0,6006.360587,18591.109667,24597.470253,4030,1892,0.00,0.5922,0.4750
11709182.0,6006.478087,18591.630133,24598.108221,4031,1892,0.00,0.5984,0.4875
11709882.0,6007.036814,18594.137775,24601.174589,4032,1892,0.00,0.5984,0.4875
11711802.0,6008.548165,18600.765875,24609.314040,4033,1893,0.00,0.5719,0.4625
11712428.0,6009.035272,18602.920358,24611.955630,4034,1894,0.00,0.5953,0.4750
11717831.0,6013.224199,18621.253033,24634.477232,4035,1895,0.00,0.5766,0.4500
11719416.0,6014.445524,18626.437025,24640.882549,4036,1896,0.00,0.5563,0.4250
11720025.0,6014.912001,18628.395975,24643.307976,4037,1896,0.00,0.5688,0.4250
11720026.0,6014.912777,18628.399192,24643.311968,4038,1896,0.00,0.5813,0.4250
11720034.0,6014.919060,18628.424925,24643.343985,4039,1896,0.00,0.5938,0.4250
11720302.0,6015.132157,18629.286992,24644.419149,4040,1896,0.00,0.6438,0.4250
11721219.0,6015.872888,18632.236675,24648.109563,4041,1897,0.00,0.6063,0.4250
11722832.0,6017.156974,18637.425158,24654.582132,4042,1898,0.00,0.6031,0.4375
11724207.0,6018.249152,18641.871475,24660.120627,4043,1899,0.00,0.5875,0.4250
11725016.0,6018.888487,18644.473758,24663.362245,4044,1900,0.00,0.6375,0.4750
11725414.0,6019.218495,18645.873392,24665.091887,4045,1901,0.00,0.6547,0.4875
11725415.0,6019.219338,18645.876983,24665.096321,4046,1902,0.00,0.6719,0.5000
11725452.0,6019.250685,18646.010175,24665.260860,4047,1903,0.00,0.6766,0.5000
11725531.0,6019.318590,18646.299842,24665.618431,4048,1904,0.00,0.6938,0.5125
11725570.0,6019.352634,18646.445767,24665.798400,4049,1905,0.00,0.7109,0.5250
11725984.0,6019.719208,18648.023917,24667.743124,4050,1906,0.00,0.7109,0.5250
11725984.0,6019.719208,18648.023917,24667.743124,4051,1907,0.00,0.7281,0.5375
11726148.0,6019.864639,18648.650300,24668.514939,4052,1908,0.00,0.6891,0.5125
11726418.0,6020.097738,18649.651550,24669.749288,4053,1909,0.00,0.6719,0.5000
11726585.0,6020.239417,18650.256833,24670.496250,4054,1909,0.00,0.6547,0.4875
11729572.0,6022.600509,18659.948042,24682.548551,4055,1909,0.00,0.5750,0.4250
11729575.0,6022.602851,18659.957692,24682.560542,4056,1909,0.00,0.5813,0.4375
11730157.0,6023.058077,18661.844342,24684.902419,4057,1910,0.00,0.5844,0.4375
11731913.0,6024.441537,18667.624508,24692.066045,4058,1911,0.00,0.5969,0.4500
11735193.0,6027.027856,18678.381050,24705.408906,4059,1912,0.00,0.5781,0.4250
11735265.0,6027.084148,18678.611375,24705.695523,4060,1913,0.00,0.5891,0.4250
11735337.0,6027.140999,18678.840875,24705.981874,4061,1914,0.00,0.6000,0.4250
11735395.0,6027.187399,18679.027442,24706.214841,4062,1915,0.00,0.6172,0.4375
11740986.0,6031.398775,18695.752050,24727.150825,4063,1916,0.00,0.5344,0.3750
11741433.0,6031.733559,18697.055800,24728.789359,4064,1917,0.00,0.5438,0.3875
11741502.0,6031.785741,18697.262225,24729.047966,4065,1918,0.00,0.5688,0.4000
11741762.0,6031.987421,18698.059558,24730.046980,4066,1919,0.00,0.5828,0.4125
11743150.0,6033.056279,18702.233142,24735.289421,4067,1920,0.00,0.5766,0.4000
11743185.0,6033.083641,18702.340475,24735.424116,4068,1921,0.00,0.5938,0.4125
11743185.0,6033.083641,18702.340475,24735.424116,4069,1922,0.00,0.6109,0.4250
11743204.0,6033.099003,18702.401592,24735.500595,4070,1922,0.00,0.6609,0.4250
11743225.0,6033.116798,18702.469142,24735.585940,4071,1923,0.00,0.6781,0.4375
11743553.0,6033.389415,18703.538383,24736.927798,4072,1924,0.00,0.6281,0.4375
11743779.0,6033.574731,18704.279900,24737.854631,4073,1924,0.00,0.6609,0.4250
11743779.0,6033.574731,18704.279900,24737.854631,4074,1924,0.00,0.7109,0.4250
11744696.0,6034.321816,18707.186008,24741.507824,4075,1925,0.00,0.5516,0.3875
11744697.0,6034.322578,18707.189000,24741.511578,4076,1926,0.00,0.5688,0.4000
11744736.0,6034.352830,18707.308600,24741.661430,4077,1927,0.00,0.5859,0.4125
11745793.0,6035.186869,18710.629342,24745.816211,4078,1928,0.00,0.6031,0.4250
11745793.0,6035.186869,18710.629342,24745.816211,4079,1929,0.00,0.6203,0.4375
11748594.0,6037.317908,18718.985225,24756.303133,4080,1929,0.00,0.5469,0.3750
11753681.0,6041.061349,18733.490883,24774.552232,4081,1930,0.00,0.5266,0.3750
11753761.0,6041.120780,18733.724217,24774.844996,4082,1931,0.00,0.5438,0.3875
11754553.0,6041.719730,18736.093617,24777.813346,4083,1932,0.00,0.5609,0.4000
11755356.0,6042.328014,18738.501625,24780.829639,4084,1933,0.00,0.5188,0.3750
11756531.0,6043.193761,18741.928708,24785.122469,4085,1934,0.00,0.5359,0.3875
11756567.0,6043.220767,18742.036408,24785.257176,4086,1934,0.00,0.5531,0.4000
11756568.0,6043.221531,18742.039475,24785.261006,4087,1935,0.00,0.5703,0.4125
11756569.0,6043.222308,18742.042617,24785.264924,4088,1936,0.00,0.5875,0.4250
11756569.0,6043.222308,18742.042617,24785.264924,4089,1937,0.00,0.6047,0.4375
11756570.0,6043.223111,18742.045908,24785.269020,4090,1938,0.00,0.6219,0.4500
11756604.0,6043.250890,18742.160375,24785.411265,4091,1939,0.00,0.6391,0.4625
11756685.0,6043.318151,18742.439150,24785.757301,4092,1940,0.00,0.6563,0.4750
11756733.0,6043.358651,18742.607950,24785.966601,4093,1941,0.00,0.6750,0.4875
11761026.0,6046.624650,18755.601775,24802.226425,4094,1942,0.00,0.5266,0.3750
11765800.0,6050.115798,18769.215292,24819.331089,4095,1943,0.00,0.5219,0.3750
11767107.0,6051.081979,18773.027375,24824.109354,4096,1943,0.00,0.5719,0.3750
11767677.0,6051.508827,18774.689875,24826.198702,4097,1943,0.00,0.5719,0.3750
11771649.0,6054.450712,18786.274875,24840.725587,4098,1944,0.00,0.5391,0.3875
11777194.0,6058.527841,18802.259992,24860.787833,4099,1945,0.00,0.5188,0.3750
11777614.0,6058.837300,18803.484992,24862.322291,4100,1945,0.00,0.5313,0.3750
11777808.0,6058.982126,18804.050825,24863.032951,4101,1946,0.00,0.5438,0.3750
11781025.0,6061.370649,18813.433742,24874.804391,4102,1946,0.00,0.5313,0.3875
11781153.0,6061.466205,18813.816675,24875.282880,4103,1947,0.00,0.5500,0.4000
11781741.0,6061.913738,18815.619875,24877.533613,4104,1948,0.00,0.5734,0.4125
11784348.0,6063.915393,18823.655475,24887.570868,4105,1949,0.00,0.5781,0.4125
11785026.0,6064.446257,18825.785525,24890.231782,4106,1949,0.00,0.5875,0.4250
11786358.0,6065.489811,18830.032700,24895.522511,4107,1949,0.00,0.5766,0.4250
11789851.0,6068.157680,18840.893217,24909.050897,4108,1949,0.00,0.5906,0.4000
11789852.0,6068.158473,18840.896283,24909.054756,4109,1949,0.00,0.6406,0.4000
11790379.0,6068.566897,18842.512417,24911.079313,4110,1949,0.00,0.5469,0.4125
11790434.0,6068.608624,18842.685208,24911.293832,4111,1949,0.00,0.5969,0.4125
11798952.0,6075.039667,18868.855300,24943.894967,4112,1950,0.00,0.5531,0.4125
11799216.0,6075.241242,18869.684700,24944.925942,4113,1951,0.00,0.5719,0.4250
11806295.0,6080.630239,18891.463083,24972.093322,4114,1952,0.00,0.5563,0.4000
11806438.0,6080.739773,18891.901617,24972.641390,4115,1952,0.00,0.5688,0.4000
11806440.0,6080.741324,18891.907750,24972.649074,4116,1952,0.00,0.5813,0.4000
11809453.0,6083.080281,18901.006167,24984.086447,4117,1952,0.00,0.5688,0.4000
11809917.0,6083.440203,18902.429100,24985.869303,4118,1953,0.00,0.5813,0.4125
11810345.0,6083.776361,18903.773733,24987.550094,4119,1954,0.00,0.5984,0.4250
11810942.0,6084.248569,18905.670083,24989.918652,4120,1954,0.00,0.5906,0.4250
11811468.0,6084.659932,18907.330625,24991.990557,4121,1955,0.00,0.5906,0.4250
11811762.0,6084.891050,18908.265450,24993.156500,4122,1955,0.00,0.5859,0.4125
11811816.0,6084.933660,18908.435100,24993.368760,4123,1956,0.00,0.6047,0.4250
11812511.0,6085.492193,18910.670683,24996.162877,4124,1957,0.00,0.6172,0.4375
11813094.0,6085.966387,18912.589725,24998.556112,4125,1958,0.00,0.6344,0.4500
11813182.0,6086.039126,18912.885917,24998.925043,4126,1958,0.00,0.6672,0.4375
11813382.0,6086.207556,18913.544250,24999.751806,4127,1958,0.00,0.6297,0.4500
11814212.0,6086.890720,18916.338583,25003.229304,4128,1958,0.00,0.6422,0.4625
11814247.0,6086.919869,18916.459042,25003.378911,4129,1959,0.00,0.6594,0.4750
11814331.0,6086.990549,18916.751367,25003.741916,4130,1959,0.00,0.6969,0.4625
11814336.0,6086.994926,18916.768575,25003.763501,4131,1960,0.00,0.7156,0.4750
11814525.0,6087.161327,18917.425875,25004.587202,4132,1960,0.00,0.6422,0.4625
11814525.0,6087.161327,18917.425875,25004.587202,4133,1960,0.00,0.6484,0.4750
11814528.0,6087.163840,18917.436425,25004.600265,4134,1960,0.00,0.6547,0.4875
11814531.0,6087.166368,18917.447200,25004.613568,4135,1961,0.00,0.6719,0.5000
11814569.0,6087.198892,18917.586533,25004.785425,4136,1962,0.00,0.6891,0.5125
11814597.0,6087.223231,18917.691300,25004.914531,4137,1963,0.00,0.7063,0.5250
11814683.0,6087.298540,18918.010308,25005.308849,4138,1963,0.00,0.6922,0.5000
11815057.0,6087.624557,18919.381642,25007.006198,4139,1964,0.00,0.7047,0.5125
11815160.0,6087.715343,18919.767033,25007.482377,4140,1965,0.00,0.7219,0.5250
11815527.0,6088.041958,18921.140375,25009.182333,4141,1966,0.00,0.7344,0.5125
11815888.0,6088.362815,18922.474917,25010.837732,4142,1967,0.00,0.7172,0.5000
11817488.0,6089.732503,18928.026583,25017.759086,4143,1968,0.00,0.6828,0.4750
11817489.0,6089.733367,18928.030100,25017.763467,4144,1969,0.00,0.7000,0.4875
11817493.0,6089.736878,18928.044467,25017.781345,4145,1970,0.00,0.7172,0.5000
11817517.0,6089.758266,18928.132467,25017.890733,4146,1971,0.00,0.7422,0.5125
11817565.0,6089.801974,18928.312067,25018.114041,4147,1971,0.00,0.7469,0.5250
11817629.0,6089.860485,18928.556333,25018.416819,4148,1972,0.00,0.7656,0.5250
11817630.0,6089.861414,18928.560150,25018.421564,4149,1973,0.00,0.7828,0.5375
11817632.0,6089.863299,18928.567933,25018.431232,4150,1974,0.00,0.8000,0.5500
11817664.0,6089.893409,18928.692242,25018.585650,4151,1975,0.00,0.7844,0.5250
11817664.0,6089.893409,18928.692242,25018.585650,4152,1976,0.00,0.8031,0.5250
11817727.0,6089.952946,18928.928117,25018.881063,4153,1977,0.00,0.8031,0.5250
11817729.0,6089.954862,18928.935750,25018.890612,4154,1978,0.00,0.8203,0.5375
11817789.0,6090.013045,18929.167225,25019.180270,4155,1979,0.00,0.8328,0.5375
11817790.0,6090.014026,18929.171117,25019.185143,4156,1980,0.00,0.8500,0.5500
11817854.0,6090.077350,18929.423183,25019.500533,4157,1981,0.00,0.8500,0.5500
11818453.0,6090.644939,18931.757517,25022.402456,4158,1981,0.00,0.7656,0.5375
11818455.0,6090.646797,18931.765300,25022.412097,4159,1981,0.00,0.7703,0.5500
11818642.0,6090.819510,18932.497767,25023.317277,4160,1982,0.00,0.7531,0.5375
11818644.0,6090.821348,18932.505550,25023.326898,4161,1983,0.00,0.7703,0.5500
11818675.0,6090.850255,18932.628517,25023.478772,4162,1984,0.00,0.7875,0.5625
11819385.0,6091.478190,18935.253450,25026.731640,4163,1984,0.00,0.7063,0.5125
11819948.0,6091.973085,18937.318233,25029.291318,4164,1985,0.00,0.7031,0.5125
11819979.0,6092.000371,18937.434225,25029.434596,4165,1986,0.00,0.7219,0.5125
11820079.0,6092.089851,18937.808392,25029.898242,4166,1987,0.00,0.7391,0.5250
11820096.0,6092.105289,18937.873275,25029.978564,4167,1988,0.00,0.7578,0.5375
11820181.0,6092.183722,18938.204067,25030.387789,4168,1989,0.00,0.7750,0.5500
11820238.0,6092.237081,18938.430167,25030.667247,4169,1990,0.00,0.7922,0.5625
11820286.0,6092.282656,18938.624167,25030.906822,4170,1991,0.00,0.8094,0.5750
11820326.0,6092.321030,18938.787558,25031.108588,4171,1991,0.00,0.7922,0.5625
11820327.0,6092.321979,18938.791600,25031.113579,4172,1992,0.00,0.8094,0.5750
11820382.0,6092.374936,18939.018017,25031.392953,4173,1993,0.00,0.8266,0.5875
11820433.0,6092.424148,18939.228567,25031.652715,4174,1993,0.00,0.8141,0.5875
11820743.0,6092.718642,18940.519208,25033.237851,4175,1994,0.00,0.7828,0.5875
11821371.0,6093.309906,18943.142725,25036.452631,4176,1995,0.00,0.7969,0.5750
11821457.0,6093.391874,18943.496758,25036.888633,4177,1996,0.00,0.8250,0.5875
11821544.0,6093.476699,18943.861433,25037.338133,4178,1997,0.00,0.8531,0.6000
11821598.0,6093.530531,18944.091833,25037.622364,4179,1997,0.00,0.8578,0.6125
11822436.0,6094.326790,18947.565150,25041.891940,4180,1998,0.00,0.7656,0.5750
11822682.0,6094.554481,18948.565625,25043.120106,4181,1999,0.00,0.7609,0.5625
11823513.0,6095.312280,18951.855025,25047.167305,4182,2000,0.00,0.7609,0.5500
11823937.0,6095.700718,18953.517167,25049.217885,4183,2001,0.00,0.7609,0.5500
11826753.0,6098.268693,18964.543375,25062.812068,4184,2002,0.00,0.7484,0.5500
11826864.0,6098.370308,18964.983675,25063.353983,4185,2003,0.00,0.7609,0.5625
11826872.0,6098.377710,18965.016008,25063.393718,4186,2004,0.00,0.7781,0.5750
11826901.0,6098.404927,18965.135392,25063.540319,4187,2005,0.00,0.7922,0.5875
11826974.0,6098.473250,18965.435833,25063.909084,4188,2005,0.00,0.7625,0.5750
11827690.0,6099.104909,18968.261342,25067.366250,4189,2006,0.00,0.6766,0.5375
11828474.0,6099.769088,18971.241383,25071.010472,4190,2006,0.00,0.6547,0.5250
11828590.0,6099.866822,18971.684117,25071.550939,4191,2007,0.00,0.6719,0.5375
11828682.0,6099.945540,18972.040575,25071.986115,4192,2008,0.00,0.6875,0.5375
11828684.0,6099.947276,18972.048358,25071.995634,4193,2009,0.00,0.7047,0.5500
11828803.0,6100.052165,18972.520392,25072.572557,4194,2009,0.00,0.7172,0.5625
11828869.0,6100.110738,18972.785267,25072.896005,4195,2009,0.00,0.7094,0.5625
11828906.0,6100.143485,18972.934808,25073.078294,4196,2010,0.00,0.7328,0.5750
11829087.0,6100.304995,18973.671750,25073.976745,4197,2010,0.00,0.7141,0.5750
11829145.0,6100.356541,18973.910517,25074.267058,4198,2011,0.00,0.7313,0.5875
11829849.0,6100.966005,18976.690975,25077.656980,4199,2011,0.00,0.6578,0.5250
11829866.0,6100.980370,18976.755858,25077.736228,4200,2011,0.00,0.6703,0.5375
11830306.0,6101.355371,18978.446367,25079.801738,4201,2012,0.00,0.6781,0.5375
11830519.0,6101.538238,18979.271617,25080.809854,4202,2013,0.00,0.6844,0.5250
11830763.0,6101.749450,18980.202883,25081.952334,4203,2014,0.00,0.6984,0.5375
11830867.0,6101.840288,18980.600942,25082.441230,4204,2015,0.00,0.7078,0.5375
11831607.0,6102.469374,18983.376975,25085.846349,4205,2016,0.00,0.6750,0.5250
11831649.0,6102.505424,18983.537275,25086.042699,4206,2017,0.00,0.6891,0.5375
11832538.0,6103.253399,18986.849967,25090.103366,4207,2018,0.00,0.6516,0.5125
11832695.0,6103.385295,18987.437408,25090.822704,4208,2019,0.00,0.6641,0.5250
11833215.0,6103.817522,18989.351800,25093.169322,4209,2020,0.00,0.6547,0.5125
11833283.0,6103.874814,18989.606233,25093.481048,4210,2021,0.00,0.6719,0.5250
11833455.0,6104.022030,18990.262700,25094.284730,4211,2022,0.00,0.6891,0.5375
11833733.0,6104.261693,18991.303558,25095.565251,4212,2023,0.00,0.6969,0.5250
11833907.0,6104.413990,18991.967583,25096.381573,4213,2024,0.00,0.6969,0.5250
11834589.0,6105.008938,18994.528625,25099.537563,4214,2025,0.00,0.7172,0.5250
11834608.0,6105.025870,18994.601142,25099.627012,4215,2026,0.00,0.7344,0.5375
11835099.0,6105.469572,18996.509625,25101.979197,4216,2026,0.00,0.7297,0.5375
11835156.0,6105.520922,18996.731450,25102.252372,4217,2027,0.00,0.7391,0.5500
11835172.0,6105.535442,18996.794842,25102.330284,4218,2028,0.00,0.7438,0.5500
11835308.0,6105.654576,18997.303483,25102.958059,4219,2029,0.00,0.6953,0.5000
11835454.0,6105.780196,18997.831092,25103.611288,4220,2030,0.00,0.6875,0.5000
11835560.0,6105.871481,18998.213758,25104.085239,4221,2030,0.00,0.6703,0.4875
11835682.0,6105.975753,18998.651942,25104.627695,4222,2031,0.00,0.6875,0.5000
11835689.0,6105.981829,18998.677608,25104.659438,4223,2032,0.00,0.7047,0.5125
11835689.0,6105.981829,18998.677608,25104.659438,4224,2033,0.00,0.7219,0.5250
11835731.0,6106.019283,18998.835283,25104.854566,4225,2034,0.00,0.7344,0.5250
11835749.0,6106.035564,18998.903983,25104.939548,4226,2034,0.00,0.7391,0.5375
11835770.0,6106.054636,18998.985708,25105.040344,4227,2035,0.00,0.7563,0.5500
11835851.0,6106.128075,18999.299058,25105.427133,4228,2035,0.00,0.7359,0.5375
11835985.0,6106.247548,18999.806667,25106.054215,4229,2036,0.00,0.7297,0.5250
11836437.0,6106.644126,19001.472250,25108.116376,4230,2037,0.00,0.7125,0.5125
11836505.0,6106.704476,19001.726683,25108.431160,4231,2037,0.00,0.7625,0.5125
11836506.0,6106.705403,19001.730425,25108.435828,4232,2037,0.00,0.8125,0.5125
11837081.0,6107.227226,19003.881883,25111.109110,4233,2037,0.00,0.7625,0.5125
11837262.0,6107.393697,19004.559125,25111.952822,4234,2037,0.00,0.7172,0.5250
11837656.0,6107.739969,19006.035742,25113.775711,4235,2037,0.00,0.7500,0.5125
11837738.0,6107.815136,19006.342558,25114.157694,4236,2037,0.00,0.7547,0.5250
11838043.0,6108.086565,19007.480017,25115.566581,4237,2038,0.00,0.7125,0.5125
11838173.0,6108.201940,19007.966433,25116.168373,4238,2038,0.00,0.7188,0.5250
11838246.0,6108.266419,19008.241975,25116.508394,4239,2038,0.00,0.6828,0.5125
11838713.0,6108.670098,19009.989333,25118.659431,4240,2038,0.00,0.6875,0.5250
11838844.0,6108.782410,19010.481442,25119.263851,4241,2039,0.00,0.6922,0.5250
11839411.0,6109.261665,19012.561342,25121.823007,4242,2040,0.00,0.6859,0.5125
11839585.0,6109.411696,19013.208867,25122.620563,4243,2041,0.00,0.6813,0.5125
11839833.0,6109.622009,19014.111975,25123.733984,4244,2042,0.00,0.6766,0.5000
11839837.0,6109.625447,19014.126642,25123.752089,4245,2043,0.00,0.6938,0.5125
11839991.0,6109.759877,19014.702858,25124.462735,4246,2043,0.00,0.7063,0.5250
11840018.0,6109.783708,19014.805908,25124.589616,4247,2043,0.00,0.7109,0.5375
11840057.0,6109.818273,19014.957683,25124.775956,4248,2044,0.00,0.7281,0.5500
11840187.0,6109.934856,19015.472075,25125.406931,4249,2044,0.00,0.7063,0.5500
11840331.0,6110.059072,19016.022425,25126.081497,4250,2044,0.00,0.6766,0.5250
11840331.0,6110.059072,19016.022425,25126.081497,4251,2045,0.00,0.6938,0.5375
11840675.0,6110.358918,19017.352158,25127.711076,4252,2046,0.00,0.7063,0.5375
11840956.0,6110.603972,19018.429067,25129.033038,4253,2047,0.00,0.7063,0.5375
11840957.0,6110.604854,19018.432958,25129.037813,4254,2048,0.00,0.7234,0.5500
11841027.0,6110.667575,19018.710625,25129.378200,4255,2049,0.00,0.7406,0.5625
11841323.0,6110.930480,19019.871783,25130.802264,4256,2050,0.00,0.7234,0.5500
11841324.0,6110.931376,19019.875750,25130.807126,4257,2051,0.00,0.7406,0.5625
11841600.0,6111.180987,19020.983525,25132.164512,4258,2052,0.00,0.7406,0.5625
11841601.0,6111.181896,19020.987567,25132.169463,4259,2053,0.00,0.7578,0.5750
11841637.0,6111.215115,19021.135767,25132.350882,4260,2054,0.00,0.7750,0.5875
11842456.0,6111.943023,19024.351242,25136.294264,4261,2055,0.00,0.7063,0.5375
11842459.0,6111.945670,19024.362917,25136.308587,4262,2056,0.00,0.7234,0.5500
11842495.0,6111.977927,19024.505717,25136.483643,4263,2057,0.00,0.7406,0.5625
11843059.0,6112.466297,19026.647667,25139.113964,4264,2058,0.00,0.6656,0.5000
11843104.0,6112.504594,19026.812667,25139.317261,4265,2059,0.00,0.6938,0.5125
11843389.0,6112.748444,19027.857442,25140.605885,4266,2060,0.00,0.6531,0.4750
11843509.0,6112.849402,19028.279442,25141.128844,4267,2061,0.00,0.6703,0.4875
11843984.0,6113.236666,19029.932758,25143.169424,4268,2062,0.00,0.6234,0.4750
11843987.0,6113.239120,19029.943308,25143.182429,4269,2063,0.00,0.6406,0.4875
11845115.0,6114.152110,19033.854158,25148.006269,4270,2064,0.00,0.6156,0.4750
11845665.0,6114.598104,19035.777300,25150.375404,4271,2064,0.00,0.6109,0.4625
11846749.0,6115.457254,19039.321092,25154.778346,4272,2064,0.00,0.5813,0.4250
11846917.0,6115.589204,19039.861492,25155.450696,4273,2064,0.00,0.5859,0.4375
11846927.0,6115.597095,19039.894408,25155.491503,4274,2064,0.00,0.5922,0.4500
11847410.0,6115.979360,19041.495833,25157.475194,4275,2065,0.00,0.6047,0.4500
11847454.0,6116.014721,19041.643967,25157.658688,4276,2066,0.00,0.6234,0.4625
11847638.0,6116.164670,19042.264783,25158.429453,4277,2067,0.00,0.6313,0.4625
11847680.0,6116.199291,19042.409333,25158.608624,4278,2068,0.00,0.6547,0.4750
11847733.0,6116.243945,19042.595717,25158.839662,4279,2068,0.00,0.6672,0.4875
11847921.0,6116.404101,19043.269900,25159.674001,4280,2068,0.00,0.6656,0.4875
11847923.0,6116.405803,19043.277083,25159.682887,4281,2068,0.00,0.6703,0.5000
11847952.0,6116.430589,19043.383417,25159.814006,4282,2069,0.00,0.6875,0.5125
11847954.0,6116.432325,19043.390900,25159.823225,4283,2070,0.00,0.7047,0.5250
11848618.0,6116.995902,19045.751092,25162.746993,4284,2071,0.00,0.6406,0.4625
11848623.0,6117.000060,19045.768300,25162.768360,4285,2072,0.00,0.6578,0.4750
11848624.0,6117.000905,19045.771817,25162.772721,4286,2073,0.00,0.6750,0.4875
11848625.0,6117.001763,19045.775408,25162.777171,4287,2074,0.00,0.6922,0.5000
11848656.0,6117.028786,19045.889075,25162.917861,4288,2075,0.00,0.7094,0.5125
11848659.0,6117.031441,19045.900300,25162.931741,4289,2076,0.00,0.7266,0.5250
11848974.0,6117.312844,19047.095950,25164.408794,4290,2076,0.00,0.7078,0.5250
11849937.0,6118.115590,19050.499825,25168.615415,4291,2077,0.00,0.6219,0.4625
11849939.0,6118.117224,19050.506708,25168.623933,4292,2078,0.00,0.6391,0.4750
11850000.0,6118.167692,19050.717400,25168.885092,4293,2079,0.00,0.6516,0.4750
11850514.0,6118.592982,19052.488367,25171.081348,4294,2080,0.00,0.6250,0.4500
11851030.0,6119.012490,19054.191367,25173.203857,4295,2081,0.00,0.6328,0.4500
11851089.0,6119.061196,19054.390000,25173.451196,4296,2082,0.00,0.6500,0.4625
11851176.0,6119.133778,19054.687175,25173.820953,4297,2083,0.00,0.6516,0.4625
11852265.0,6120.031634,19058.341700,25178.373334,4298,2084,0.00,0.6328,0.4500
11852367.0,6120.115115,19058.681050,25178.796165,4299,2085,0.00,0.6406,0.4500
11852367.0,6120.115115,19058.681050,25178.796165,4300,2086,0.00,0.6656,0.4625
11852367.0,6120.115115,19058.681050,25178.796165,4301,2087,0.00,0.6906,0.4750
11853148.0,6120.779190,19061.364567,25182.143757,4302,2088,0.00,0.6656,0.4500
11853154.0,6120.784297,19061.384767,25182.169063,4303,2089,0.00,0.6844,0.4625
11853218.0,6120.839697,19061.605033,25182.444730,4304,2090,0.00,0.7031,0.4625
11853330.0,6120.936078,19061.990500,25182.926578,4305,2091,0.00,0.6828,0.4750
11853790.0,6121.323682,19063.559492,25184.883173,4306,2091,0.00,0.6406,0.4500
11853962.0,6121.465822,19064.135108,25185.600930,4307,2092,0.00,0.6328,0.4500
11855076.0,6122.365407,19067.777200,25190.142607,4308,2092,0.00,0.5969,0.4250
11855311.0,6122.552836,19068.533117,25191.085953,4309,2092,0.00,0.6094,0.4375
11855976.0,6123.089666,19070.722000,25193.811666,4310,2093,0.00,0.6031,0.4375
11856142.0,6123.222869,19071.268417,25194.491286,4311,2094,0.00,0.6203,0.4500
11856143.0,6123.223685,19071.271783,25194.495468,4312,2095,0.00,0.6375,0.4625
11856145.0,6123.225343,19071.278667,25194.504010,4313,2095,0.00,0.6422,0.4750
11856158.0,6123.236170,19071.324383,25194.560553,4314,2096,0.00,0.6609,0.4875
11856170.0,6123.246339,19071.367483,25194.613822,4315,2097,0.00,0.6734,0.4875
11856276.0,6123.337193,19071.748200,25195.085393,4316,2098,0.00,0.6984,0.5000
11856340.0,6123.393293,19071.982867,25195.376160,4317,2098,0.00,0.7172,0.5125
11857149.0,6124.098132,19074.924825,25199.022957,4318,2099,0.00,0.6641,0.4750
11857207.0,6124.147422,19075.128792,25199.276214,4319,2100,0.00,0.6813,0.4875
11857231.0,6124.168139,19075.214992,25199.383131,4320,2101,0.00,0.6984,0.5000
11857383.0,6124.301377,19075.772325,25200.073702,4321,2102,0.00,0.7156,0.5125
11857663.0,6124.549006,19076.811292,25201.360298,4322,2103,0.00,0.7156,0.5125
11857852.0,6124.717203,19077.518467,25202.235670,4323,2103,0.00,0.7203,0.5250
11858477.0,6125.256452,19079.795958,25205.052410,4324,2104,0.00,0.6641,0.4875
11859873.0,6126.440247,19084.757200,25211.197447,4325,2105,0.00,0.6766,0.4875
11860004.0,6126.551938,19085.222608,25211.774547,4326,2105,0.00,0.6641,0.4875
11860314.0,6126.814490,19086.329125,25213.143615,4327,2105,0.00,0.7016,0.4750
11860785.0,6127.215857,19087.985475,25215.201332,4328,2106,0.00,0.6688,0.4875
11860887.0,6127.301325,19088.344700,25215.646025,4329,2106,0.00,0.6766,0.4625
11861727.0,6127.994074,19091.187925,25219.181999,4330,2106,0.00,0.6266,0.4625
11863756.0,6129.655328,19098.091567,25227.746894,4331,2107,0.00,0.6453,0.4500
11864021.0,6129.874115,19098.983733,25228.857848,4332,2107,0.00,0.6344,0.4500
11864027.0,6129.879075,19099.003933,25228.883009,4333,2107,0.00,0.6469,0.4500
11864029.0,6129.880748,19099.010667,25228.891415,4334,2107,0.00,0.6594,0.4500
11864495.0,6130.266634,19100.530558,25230.797193,4335,2107,0.00,0.6469,0.4375
11866897.0,6132.207285,19108.170592,25240.377877,4336,2107,0.00,0.5906,0.4250
11867516.0,6132.697972,19110.161708,25242.859680,4337,2108,0.00,0.6078,0.4375
11867542.0,6132.718930,19110.247292,25242.966221,4338,2109,0.00,0.6250,0.4500
11867568.0,6132.740235,19110.334825,25243.075060,4339,2110,0.00,0.6422,0.4625
11867568.0,6132.740235,19110.334825,25243.075060,4340,2111,0.00,0.6594,0.4750
11867568.0,6132.740235,19110.334825,25243.075060,4341,2112,0.00,0.6766,0.4875
11868457.0,6133.497356,19113.488442,25246.985797,4342,2113,0.00,0.6094,0.4375
11869033.0,6133.962356,19115.384442,25249.346797,4343,2114,0.00,0.6156,0.4500
11869272.0,6134.156460,19116.189075,25250.345535,4344,2115,0.00,0.6234,0.4625
11870187.0,6134.905140,19119.338200,25254.243340,4345,2115,0.00,0.6281,0.4750
11872537.0,6136.832058,19127.510042,25264.342100,4346,2116,0.00,0.6406,0.4750
11874250.0,6138.250663,19133.442742,25271.693405,4347,2116,0.00,0.6406,0.4750
11874937.0,6138.821970,19135.858692,25274.680662,4348,2116,0.00,0.6469,0.4875
11878032.0,6141.399881,19146.910775,25288.310656,4349,2117,0.00,0.6297,0.4750
11882674.0,6145.192584,19163.062567,25308.255150,4350,2117,0.00,0.6094,0.4625
11884039.0,6146.293673,19167.742667,25314.036339,4351,2117,0.00,0.6547,0.4500
11884039.0,6146.293673,19167.742667,25314.036339,4352,2117,0.00,0.7047,0.4500
11888075.0,6149.548737,19181.330533,25330.879271,4353,2117,0.00,0.6094,0.4625
11888766.0,6150.104792,19183.681200,25333.785992,4354,2118,0.00,0.6094,0.4625
11889815.0,6150.949388,19187.245158,25338.194546,4355,2118,0.00,0.6109,0.4625
11889815.0,6150.949388,19187.245158,25338.194546,4356,2118,0.00,0.6172,0.4750
11892119.0,6152.823388,19195.347558,25348.170946,4357,2118,0.00,0.6234,0.4875
11892845.0,6153.415580,19197.926683,25351.342263,4358,2118,0.00,0.6234,0.4625
11893941.0,6154.312359,19201.698750,25356.011109,4359,2118,0.00,0.6281,0.4750
11894420.0,6154.704630,19203.354283,25358.058913,4360,2119,0.00,0.6406,0.4750
11894543.0,6154.806916,19203.786833,25358.593749,4361,2119,0.00,0.6453,0.4875
11896384.0,6156.319064,19210.219617,25366.538681,4362,2119,0.00,0.6234,0.4750
11897695.0,6157.380816,19214.745517,25372.126332,4363,2119,0.00,0.6156,0.4750
11897893.0,6157.541622,19215.441817,25372.983439,4364,2120,0.00,0.6406,0.4875
11898242.0,6157.831849,19216.695308,25374.527158,4365,2121,0.00,0.6578,0.5000
11898246.0,6157.835229,19216.709975,25374.545204,4366,2121,0.00,0.6641,0.5125
11898490.0,6158.037901,19217.604867,25375.642767,4367,2121,0.00,0.6516,0.5125
11899691.0,6159.029412,19221.932483,25380.961895,4368,2121,0.00,0.6281,0.4875
11900666.0,6159.830740,19225.434358,25385.265098,4369,2122,0.00,0.6453,0.5000
11901562.0,6160.569359,19228.609442,25389.178801,4370,2122,0.00,0.6328,0.4875
11902717.0,6161.522836,19232.757817,25394.280652,4371,2122,0.00,0.6453,0.5000
11902742.0,6161.543717,19232.849483,25394.393200,4372,2122,0.00,0.6516,0.5125
11902849.0,6161.633350,19233.245867,25394.879217,4373,2122,0.00,0.6578,0.5125
11903021.0,6161.778163,19233.886508,25395.664671,4374,2122,0.00,0.6531,0.5125
11903040.0,6161.793973,19233.956250,25395.750223,4375,2122,0.00,0.6469,0.5125
11903655.0,6162.302659,19236.213125,25398.515784,4376,2123,0.00,0.6406,0.5125
11903885.0,6162.493926,19237.073708,25399.567635,4377,2124,0.00,0.6578,0.5250
11904064.0,6162.645175,19237.756892,25400.402067,4378,2125,0.00,0.6859,0.5375
11904721.0,6163.207551,19240.273667,25403.481217,4379,2126,0.00,0.6859,0.5375
11904731.0,6163.216190,19240.311983,25403.528173,4380,2126,0.00,0.6859,0.5375
11904769.0,6163.249130,19240.459867,25403.708996,4381,2126,0.00,0.6906,0.5500
11904776.0,6163.255223,19240.487633,25403.742856,4382,2126,0.00,0.6953,0.5625
11905093.0,6163.526632,19241.703067,25405.229698,4383,2126,0.00,0.6625,0.5125
11905202.0,6163.618537,19242.106333,25405.724871,4384,2127,0.00,0.6781,0.5125
11905324.0,6163.722851,19242.560417,25406.283267,4385,2127,0.00,0.6563,0.5125
11905346.0,6163.741413,19242.642733,25406.384146,4386,2127,0.00,0.6609,0.5250
11905484.0,6163.858354,19243.169433,25407.027787,4387,2128,0.00,0.6781,0.5375
11905503.0,6163.874708,19243.243375,25407.118083,4388,2128,0.00,0.6828,0.5500
11906357.0,6164.592624,19246.386183,25410.978807,4389,2128,0.00,0.6344,0.4875
11906372.0,6164.605025,19246.440058,25411.045083,4390,2128,0.00,0.6391,0.5000
11906529.0,6164.734312,19247.009650,25411.743962,4391,2128,0.00,0.6266,0.5000
11906578.0,6164.774524,19247.189317,25411.963841,4392,2128,0.00,0.6313,0.5125
11906648.0,6164.832226,19247.451233,25412.283459,4393,2128,0.00,0.6375,0.5250
11906716.0,6164.888609,19247.710767,25412.599376,4394,2129,0.00,0.6656,0.5375
11906719.0,6164.891162,19247.722442,25412.613604,4395,2130,0.00,0.6844,0.5375
11906809.0,6164.969068,19248.072692,25413.041760,4396,2131,0.00,0.7125,0.5500
11906844.0,6165.000131,19248.211525,25413.211656,4397,2132,0.00,0.7313,0.5500
11906854.0,6165.009152,19248.251192,25413.260343,4398,2132,0.00,0.7375,0.5625
11907151.0,6165.272884,19249.448042,25414.720926,4399,2133,0.00,0.7063,0.5500
11907156.0,6165.277297,19249.467875,25414.745172,4400,2134,0.00,0.7234,0.5625
11907161.0,6165.281777,19249.488083,25414.769860,4401,2134,0.00,0.7281,0.5750
11907181.0,6165.299657,19249.568092,25414.867749,4402,2134,0.00,0.7313,0.5500
11907199.0,6165.315895,19249.639492,25414.955386,4403,2135,0.00,0.7484,0.5625
11907206.0,6165.322303,19249.667783,25414.990086,4404,2135,0.00,0.7531,0.5750
11907219.0,6165.334251,19249.721300,25415.055551,4405,2135,0.00,0.7578,0.5875
11907260.0,6165.371723,19249.890608,25415.262331,4406,2135,0.00,0.7297,0.5750
11907359.0,6165.459570,19250.289008,25415.748579,4407,2136,0.00,0.7141,0.5625
11907577.0,6165.652795,19251.162142,25416.814937,4408,2137,0.00,0.7250,0.5625
11907760.0,6165.812962,19251.880392,25417.693353,4409,2138,0.00,0.6984,0.5500
11907942.0,6165.972496,19252.602325,25418.574821,4410,2138,0.00,0.7484,0.5500
11908647.0,6166.589834,19255.318875,25421.908709,4411,2138,0.00,0.7219,0.5125
11908647.0,6166.589834,19255.318875,25421.908709,4412,2138,0.00,0.7719,0.5125
11909278.0,6167.137083,19257.649867,25424.786950,4413,2138,0.00,0.6594,0.5125
11909435.0,6167.269934,19258.237308,25425.507242,4414,2139,0.00,0.6688,0.5250
11909898.0,6167.653407,19259.914275,25427.567682,4415,2140,0.00,0.6469,0.5000
11910028.0,6167.762147,19260.390942,25428.153089,4416,2141,0.00,0.6641,0.5125
11910031.0,6167.764697,19260.402167,25428.166863,4417,2142,0.00,0.6813,0.5250
11910667.0,6168.302690,19262.681517,25430.984207,4418,2143,0.00,0.6594,0.4875
11910750.0,6168.372923,19262.979625,25431.352548,4419,2144,0.00,0.6813,0.5000
11911103.0,6168.668644,19264.228508,25432.897152,4420,2145,0.00,0.6484,0.4625
11911186.0,6168.738170,19264.514167,25433.252337,4421,2146,0.00,0.6656,0.4750
11911186.0,6168.738170,19264.514167,25433.252337,4422,2147,0.00,0.6828,0.4875
11911261.0,6168.802290,19264.783542,25433.585832,4423,2148,0.00,0.6766,0.5000
11912665.0,6169.972147,19269.786042,25439.758189,4424,2149,0.00,0.6125,0.4625
11912758.0,6170.047451,19270.106117,25440.153568,4425,2150,0.00,0.6297,0.4750
11913177.0,6170.392326,19271.579600,25441.971926,4426,2151,0.00,0.6469,0.4875
11913464.0,6170.630425,19272.599383,25443.229808,4427,2152,0.00,0.6516,0.4875
11913558.0,6170.707860,19272.927025,25443.634885,4428,2153,0.00,0.6297,0.4625
11913583.0,6170.728437,19273.013067,25443.741503,4429,2153,0.00,0.6422,0.4750
11913779.0,6170.890258,19273.691458,25444.581717,4430,2153,0.00,0.6422,0.4750
11913838.0,6170.939394,19273.898942,25444.838336,4431,2154,0.00,0.6672,0.4875
11914032.0,6171.103342,19274.585000,25445.688342,4432,2155,0.00,0.6719,0.4875
11914328.0,6171.356689,19275.648133,25447.004822,4433,2156,0.00,0.6891,0.5000
11914356.0,6171.381029,19275.750800,25447.131829,4434,2156,0.00,0.6938,0.5125
11914361.0,6171.385393,19275.769508,25447.154902,4435,2157,0.00,0.7109,0.5250
11914881.0,6171.831650,19277.650150,25449.481800,4436,2157,0.00,0.6750,0.5000
11915052.0,6171.978425,19278.277150,25450.255575,4437,2158,0.00,0.6875,0.5000
11915459.0,6172.323506,19279.728983,25452.052489,4438,2158,0.00,0.6547,0.4875
11916181.0,6172.915472,19282.165792,25455.081263,4439,2159,0.00,0.6234,0.4500
11916640.0,6173.287603,19283.691817,25456.979420,4440,2160,0.00,0.6234,0.4500
11916641.0,6173.288422,19283.695183,25456.983605,4441,2161,0.00,0.6406,0.4625
11917579.0,6174.037504,19286.772942,25460.810446,4442,2162,0.00,0.5984,0.4375
11917753.0,6174.176493,19287.345692,25461.522184,4443,2162,0.00,0.6172,0.4500
11918210.0,6174.542296,19288.853883,25463.396179,4444,2163,0.00,0.6156,0.4500
11918377.0,6174.677925,19289.416117,25464.094042,4445,2164,0.00,0.6328,0.4625
11919723.0,6175.771497,19293.949975,25469.721472,4446,2164,0.00,0.6281,0.4625
11920139.0,6176.106813,19295.339408,25471.446221,4447,2165,0.00,0.6156,0.4500
11920190.0,6176.148233,19295.511108,25471.659341,4448,2166,0.00,0.6375,0.4625
11920288.0,6176.229491,19295.848392,25472.077883,4449,2167,0.00,0.6547,0.4750
11920397.0,6176.321327,19296.231708,25472.553036,4450,2168,0.00,0.6719,0.4875
11920878.0,6176.727295,19297.927200,25474.654495,4451,2169,0.00,0.6656,0.4750
11921015.0,6176.842203,19298.403208,25475.245412,4452,2170,0.00,0.6547,0.4750
11921106.0,6176.918874,19298.723225,25475.642099,4453,2171,0.00,0.6719,0.4875
11921473.0,6177.228726,19300.017442,25477.246168,4454,2171,0.00,0.6609,0.4875
11921845.0,6177.538104,19301.327742,25478.865846,4455,2171,0.00,0.6438,0.4875
11922047.0,6177.704562,19302.033983,25479.738545,4456,2172,0.00,0.6469,0.4625
11922578.0,6178.141948,19303.829183,25481.971132,4457,2173,0.00,0.6109,0.4625
11923023.0,6178.501734,19305.360725,25483.862459,4458,2173,0.00,0.6172,0.4750
11923169.0,6178.620486,19305.874158,25484.494644,4459,2174,0.00,0.6344,0.4875
11923586.0,6178.962173,19307.354708,25486.316882,4460,2175,0.00,0.6406,0.4750
11924519.0,6179.726496,19310.567133,25490.293630,4461,2176,0.00,0.6234,0.4750
11925554.0,6180.565966,19314.133308,25494.699274,4462,2177,0.00,0.6172,0.4625
11925606.0,6180.608261,19314.312275,25494.920536,4463,2178,0.00,0.6344,0.4750
11925636.0,6180.633063,19314.417775,25495.050838,4464,2178,0.00,0.6344,0.4750
11925653.0,6180.647118,19314.477558,25495.124676,4465,2179,0.00,0.6516,0.4875
11925774.0,6180.747728,19314.906300,25495.654028,4466,2179,0.00,0.6391,0.4875
11925775.0,6180.748558,19314.909892,25495.658450,4467,2180,0.00,0.6563,0.5000
11926464.0,6181.324399,19317.388825,25498.713224,4468,2180,0.00,0.6406,0.4875
11926548.0,6181.394253,19317.690525,25499.084778,4469,2181,0.00,0.6578,0.5000
11926580.0,6181.421292,19317.807858,25499.229151,4470,2182,0.00,0.6641,0.5125
11926951.0,6181.736578,19319.196017,25500.932594,4471,2182,0.00,0.6688,0.5250
11927040.0,6181.812537,19319.535700,25501.348237,4472,2183,0.00,0.6922,0.5375
11928211.0,6182.802125,19323.917942,25506.720066,4473,2184,0.00,0.6750,0.5250
11928527.0,6183.070003,19325.105183,25508.175186,4474,2185,0.00,0.6594,0.5250
11928610.0,6183.140236,19325.421967,25508.562202,4475,2186,0.00,0.6766,0.5375
11928743.0,6183.254556,19325.939558,25509.194114,4476,2187,0.00,0.6938,0.5500
11928792.0,6183.297329,19326.133925,25509.431254,4477,2188,0.00,0.7109,0.5625
11928793.0,6183.298215,19326.137967,25509.436182,4478,2188,0.00,0.7156,0.5750
11928802.0,6183.306224,19326.175017,25509.481241,4479,2188,0.00,0.7203,0.5875
11930080.0,6184.421862,19331.366667,25515.788528,4480,2189,0.00,0.6922,0.5625
11930130.0,6184.465447,19331.568750,25516.034197,4481,2190,0.00,0.7094,0.5750
11930472.0,6184.761176,19332.937575,25517.698751,4482,2191,0.00,0.6750,0.5500
11930517.0,6184.799801,19333.116075,25517.915876,4483,2192,0.00,0.6922,0.5625
11930571.0,6184.846338,19333.331325,25518.177663,4484,2193,0.00,0.6922,0.5625
11931262.0,6185.433686,19336.036817,25521.470502,4485,2193,0.00,0.6828,0.5125
11931262.0,6185.433686,19336.036817,25521.470502,4486,2193,0.00,0.7328,0.5125
11931412.0,6185.569181,19336.598067,25522.167247,4487,2194,0.00,0.7000,0.5250
11931730.0,6185.832726,19337.793392,25523.626117,4488,2194,0.00,0.6391,0.5250
11932199.0,6186.214054,19339.531283,25525.745338,4489,2194,0.00,0.6594,0.5000
11932200.0,6186.214900,19339.534950,25525.749850,4490,2194,0.00,0.7094,0.5000
11932418.0,6186.403451,19340.334283,25526.737734,4491,2194,0.00,0.6219,0.5125
11933176.0,6187.016982,19343.125992,25530.142974,4492,2195,0.00,0.6266,0.5125
11933564.0,6187.335145,19344.562158,25531.897304,4493,2196,0.00,0.6266,0.5125
11933936.0,6187.640431,19345.954058,25533.594489,4494,2197,0.00,0.6453,0.5125
11934144.0,6187.811461,19346.717175,25534.528636,4495,2198,0.00,0.6469,0.5000
11934194.0,6187.853284,19346.900508,25534.753792,4496,2199,0.00,0.6750,0.5125
11934334.0,6187.972197,19347.424342,25535.396538,4497,2200,0.00,0.6734,0.5250
11934397.0,6188.026195,19347.664792,25535.690987,4498,2201,0.00,0.6906,0.5375
11934513.0,6188.126482,19348.108650,25536.235132,4499,2201,0.00,0.6672,0.5250
11934607.0,6188.206594,19348.467417,25536.674011,4500,2201,0.00,0.6797,0.5375
11935364.0,6188.831392,19351.237983,25540.069376,4501,2202,0.00,0.6172,0.5000
11935530.0,6188.966411,19351.846650,25540.813061,4502,2203,0.00,0.6344,0.5125
11935673.0,6189.084635,19352.381708,25541.466343,4503,2204,0.00,0.6625,0.5250
11935768.0,6189.164990,19352.743392,25541.908382,4504,2205,0.00,0.6625,0.5250
11936423.0,6189.716434,19355.228233,25544.944667,4505,2206,0.00,0.6516,0.5250
11936457.0,6189.744997,19355.358000,25545.102997,4506,2207,0.00,0.6703,0.5250
11936563.0,6189.835594,19355.762567,25545.598161,4507,2208,0.00,0.6875,0.5375
11936661.0,6189.920605,19356.140350,25546.060955,4508,2209,0.00,0.7031,0.5375
11936716.0,6189.969016,19356.354392,25546.323408,4509,2210,0.00,0.7203,0.5500
11936811.0,6190.053906,19356.731225,25546.785131,4510,2211,0.00,0.7375,0.5625
11937019.0,6190.239794,19357.571892,25547.811686,4511,2212,0.00,0.7469,0.5750
11937392.0,6190.568671,19359.044633,25549.613305,4512,2213,0.00,0.6859,0.5375
11937972.0,6191.052349,19361.194700,25552.247049,4513,2214,0.00,0.6563,0.5125
11938064.0,6191.129828,19361.538183,25552.668011,4514,2214,0.00,0.6563,0.5125
11938752.0,6191.698409,19364.052750,25555.751159,4515,2215,0.00,0.6328,0.5000
11938796.0,6191.734732,19364.214083,25555.948815,4516,2216,0.00,0.6500,0.5125
11938838.0,6191.769965,19364.371233,25556.141198,4517,2217,0.00,0.6672,0.5250
11939383.0,6192.233428,19366.430392,25558.663819,4518,2217,0.00,0.6672,0.5250
11939384.0,6192.234280,19366.434208,25558.668488,4519,2218,0.00,0.6844,0.5375
11939805.0,6192.595641,19368.027600,25560.623241,4520,2218,0.00,0.6406,0.4750
11942641.0,6194.881247,19377.641392,25572.522639,4521,2219,0.00,0.6109,0.4625
11942699.0,6194.928140,19377.841008,25572.769149,4522,2220,0.00,0.6281,0.4750
11942700.0,6194.928962,19377.844525,25572.773487,4523,2221,0.00,0.6453,0.4875
11946279.0,6197.799374,19389.997625,25587.796999,4524,2222,0.00,0.6000,0.4500
11946455.0,6197.940174,19390.590158,25588.530332,4525,2222,0.00,0.6188,0.4625
11946988.0,6198.374347,19392.424567,25590.798913,4526,2222,0.00,0.6250,0.4750
11947213.0,6198.558722,19393.215817,25591.774538,4527,2223,0.00,0.6422,0.4875
11949334.0,6200.287880,19400.590442,25600.878321,4528,2224,0.00,0.6297,0.4750
11949489.0,6200.415459,19401.135525,25601.550984,4529,2225,0.00,0.6469,0.4875
11949519.0,6200.440552,19401.243275,25601.683827,4530,2226,0.00,0.6656,0.5000
11949690.0,6200.586080,19401.870275,25602.456355,4531,2226,0.00,0.6719,0.5125
11950463.0,6201.227245,19404.650233,25605.877478,4532,2226,0.00,0.6313,0.4750
11950469.0,6201.232191,19404.671333,25605.903524,4533,2226,0.00,0.6438,0.4750
11950649.0,6201.382311,19405.304258,25606.686569,4534,2226,0.00,0.6422,0.4750
11950739.0,6201.457264,19405.620758,25607.078022,4535,2227,0.00,0.6594,0.4875
11950804.0,6201.512153,19405.851892,25607.364044,4536,2227,0.00,0.6672,0.4750
11951613.0,6202.195998,19408.666425,25610.862423,4537,2227,0.00,0.6359,0.4625
11951902.0,6202.435276,19409.661067,25612.096343,4538,2228,0.00,0.6531,0.4750
11953181.0,6203.464739,19414.067758,25617.532497,4539,2229,0.00,0.6156,0.4750
11953360.0,6203.608991,19414.690942,25618.299933,4540,2230,0.00,0.6109,0.4750
11955433.0,6205.278833,19421.933217,25627.212049,4541,2230,0.00,0.6484,0.4625
11955434.0,6205.279670,19421.936658,25627.216329,4542,2230,0.00,0.6984,0.4625
11957093.0,6206.617221,19427.646383,25634.263604,4543,2230,0.00,0.6484,0.4625
11959393.0,6208.460337,19435.562217,25644.022554,4544,2230,0.00,0.6078,0.4750
11962955.0,6211.280175,19447.690258,25658.970433,4545,2231,0.00,0.5953,0.4625
11964340.0,6212.376048,19452.402367,25664.778414,4546,2232,0.00,0.6078,0.4625
11964879.0,6212.810523,19454.257425,25667.067948,4547,2233,0.00,0.6203,0.4750
11965055.0,6212.954103,19454.876358,25667.830462,4548,2234,0.00,0.6297,0.4875
11971714.0,6218.256102,19477.590342,25695.846444,4549,2235,0.00,0.6016,0.4500
11977991.0,6223.161814,19497.905558,25721.067373,4550,2236,0.00,0.5938,0.4375
11979239.0,6224.154148,19502.013558,25726.167706,4551,2236,0.00,0.6063,0.4375
11979258.0,6224.169440,19502.076100,25726.245540,4552,2236,0.00,0.6188,0.4375
11979677.0,6224.510751,19503.455308,25727.966059,4553,2237,0.00,0.6250,0.4500
11979976.0,6224.755764,19504.461942,25729.217706,4554,2237,0.00,0.6750,0.4500
11979977.0,6224.756623,19504.465308,25729.221931,4555,2237,0.00,0.7250,0.4500
11980535.0,6225.224839,19506.343908,25731.568748,4556,2238,0.00,0.6344,0.4625
11980552.0,6225.238894,19506.402417,25731.641311,4557,2238,0.00,0.6844,0.4625
11981652.0,6226.153826,19510.188250,25736.342076,4558,2239,0.00,0.6516,0.4750
11981661.0,6226.161387,19510.219900,25736.381287,4559,2239,0.00,0.6578,0.4875
11982472.0,6226.831944,19513.031117,25739.863061,4560,2239,0.00,0.6141,0.4625
11982474.0,6226.833566,19513.038000,25739.871566,4561,2239,0.00,0.6203,0.4750
11982620.0,6226.952672,19513.551433,25740.504106,4562,2239,0.00,0.6328,0.4875
11983002.0,6227.267710,19514.921050,25742.188760,4563,2240,0.00,0.6375,0.4875
11983025.0,6227.286781,19515.003658,25742.290439,4564,2241,0.00,0.6547,0.5000
11983287.0,6227.507525,19515.964325,25743.471850,4565,2241,0.00,0.6672,0.5125
11984343.0,6228.383526,19519.749100,25748.132626,4566,2242,0.00,0.6313,0.4750
11984376.0,6228.410728,19519.865150,25748.275878,4567,2243,0.00,0.6484,0.4875
11984455.0,6228.476597,19520.147167,25748.623764,4568,2244,0.00,0.6484,0.4875
11984498.0,6228.512617,19520.301608,25748.814225,4569,2245,0.00,0.6656,0.5000
11984555.0,6228.561126,19520.510608,25749.071735,4570,2246,0.00,0.6828,0.5125
11985241.0,6229.145783,19523.030667,25752.176450,4571,2246,0.00,0.6719,0.5125
11986187.0,6229.935749,19526.459658,25756.395408,4572,2247,0.00,0.6328,0.4875
11986558.0,6230.242018,19527.792167,25758.034184,4573,2248,0.00,0.6469,0.5000
11986916.0,6230.540011,19529.082333,25759.622345,4574,2249,0.00,0.6563,0.4750
11987116.0,6230.707668,19529.781917,25760.489584,4575,2250,0.00,0.6453,0.4750
11987505.0,6231.025615,19531.107000,25762.132615,4576,2251,0.00,0.6188,0.4500
11987556.0,6231.067159,19531.278700,25762.345859,4577,2251,0.00,0.6250,0.4625
11987584.0,6231.090103,19531.375067,25762.465170,4578,2252,0.00,0.6313,0.4750
11987613.0,6231.114008,19531.477050,25762.591058,4579,2253,0.00,0.6484,0.4875
11987650.0,6231.145002,19531.609942,25762.754943,4580,2254,0.00,0.6656,0.5000
11987742.0,6231.223200,19531.945775,25763.168975,4581,2255,0.00,0.6766,0.5000
11987836.0,6231.303998,19532.290442,25763.594440,4582,2256,0.00,0.6938,0.5125
11989417.0,6232.666416,19538.055717,25770.722133,4583,2256,0.00,0.6328,0.4625
11989866.0,6233.027437,19539.546950,25772.574387,4584,2257,0.00,0.6266,0.4500
11989920.0,6233.071752,19539.728750,25772.800502,4585,2258,0.00,0.6547,0.4625
11990290.0,6233.383053,19541.000667,25774.383719,4586,2258,0.00,0.6453,0.4625
11990296.0,6233.388064,19541.021317,25774.409381,4587,2258,0.00,0.6672,0.4875
11990406.0,6233.478247,19541.402000,25774.880247,4588,2259,0.00,0.6375,0.4750
11990681.0,6233.706268,19542.369083,25776.075351,4589,2260,0.00,0.6563,0.4875
11990797.0,6233.804045,19542.784217,25776.588262,4590,2261,0.00,0.6750,0.4875
11991997.0,6234.820366,19547.023867,25781.844233,4591,2261,0.00,0.6625,0.4875
11992122.0,6234.926443,19547.472825,25782.399268,4592,2262,0.00,0.6797,0.5000
11992126.0,6234.929891,19547.487492,25782.417382,4593,2263,0.00,0.6969,0.5125
11992210.0,6235.003420,19547.801792,25782.805211,4594,2263,0.00,0.7031,0.5250
11992226.0,6235.017503,19547.862858,25782.880361,4595,2263,0.00,0.7156,0.5375
11992394.0,6235.165673,19548.511333,25783.677007,4596,2263,0.00,0.6906,0.5375
11992397.0,6235.168285,19548.523008,25783.691293,4597,2264,0.00,0.7031,0.5500
11992619.0,6235.363691,19549.403608,25784.767299,4598,2265,0.00,0.7203,0.5625
11992625.0,6235.369053,19549.427858,25784.796911,4599,2266,0.00,0.7375,0.5750
11993199.0,6235.889449,19551.786925,25787.676374,4600,2267,0.00,0.7516,0.5750
11993551.0,6236.212544,19553.235992,25789.448535,4601,2268,0.00,0.7688,0.5875
11994319.0,6236.896008,19556.277142,25793.173149,4602,2269,0.00,0.7172,0.5500
11994419.0,6236.985122,19556.673808,25793.658931,4603,2270,0.00,0.7344,0.5625
11994451.0,6237.014067,19556.803142,25793.817209,4604,2271,0.00,0.7516,0.5750
11994478.0,6237.038850,19556.914292,25793.953141,4605,2271,0.00,0.7609,0.5875
11994843.0,6237.368171,19558.390925,25795.759096,4606,2272,0.00,0.7313,0.5625
11995067.0,6237.566917,19559.267083,25796.834001,4607,2273,0.00,0.7219,0.5500
11995425.0,6237.879994,19560.646425,25798.526419,4608,2274,0.00,0.6938,0.5375
11996641.0,6238.901211,19565.128492,25804.029702,4609,2275,0.00,0.6531,0.4875
11996775.0,6239.013004,19565.603400,25804.616404,4610,2276,0.00,0.6406,0.4750
11996978.0,6239.179867,19566.306333,25805.486200,4611,2277,0.00,0.6406,0.4750
11997128.0,6239.303189,19566.825883,25806.129073,4612,2278,0.00,0.6406,0.4750
11997214.0,6239.374707,19567.128317,25806.503023,4613,2279,0.00,0.6578,0.4875
11997328.0,6239.470257,19567.533417,25807.003674,4614,2279,0.00,0.6422,0.4875
11997635.0,6239.725931,19568.636058,25808.361989,4615,2280,0.00,0.6594,0.5000
11998943.0,6240.810051,19573.278983,25814.089034,4616,2281,0.00,0.6609,0.4875
11999071.0,6240.918517,19573.738717,25814.657234,4617,2282,0.00,0.6781,0.5000
11999101.0,6240.944340,19573.848717,25814.793057,4618,2283,0.00,0.6953,0.5125
11999620.0,6241.394051,19575.764917,25817.158967,4619,2284,0.00,0.6797,0.4875
12000287.0,6241.955841,19578.105208,25820.061050,4620,2285,0.00,0.6625,0.4750
12000332.0,6241.994029,19578.263458,25820.257487,4621,2286,0.00,0.6813,0.4875
12000385.0,6242.039341,19578.451567,25820.490907,4622,2287,0.00,0.6797,0.4875
12000510.0,6242.147088,19578.900525,25821.047613,4623,2288,0.00,0.6969,0.5000
12000511.0,6242.147963,19578.904192,25821.052155,4624,2289,0.00,0.7141,0.5125
12000541.0,6242.174625,19579.016442,25821.191066,4625,2289,0.00,0.7266,0.5250
12000600.0,6242.227633,19579.241625,25821.469258,4626,2290,0.00,0.7438,0.5375
12001087.0,6242.664113,19581.110917,25823.775030,4627,2291,0.00,0.7438,0.5375
12001136.0,6242.708792,19581.301608,25824.010400,4628,2292,0.00,0.7609,0.5500
12001169.0,6242.738710,19581.430408,25824.169118,4629,2293,0.00,0.7563,0.5375
12001774.0,6243.259517,19583.632767,25826.892284,4630,2294,0.00,0.6641,0.4875
12001841.0,6243.316455,19583.873408,25827.189864,4631,2295,0.00,0.6813,0.5000
12001925.0,6243.388964,19584.181408,25827.570372,4632,2296,0.00,0.6984,0.5125
12001951.0,6243.411754,19584.278692,25827.690446,4633,2297,0.00,0.7156,0.5250
12001952.0,6243.412644,19584.282508,25827.695153,4634,2298,0.00,0.7328,0.5375
12001953.0,6243.413548,19584.286400,25827.699948,4635,2299,0.00,0.7500,0.5500
12003298.0,6244.600246,19589.324492,25833.924738,4636,2299,0.00,0.6953,0.4625
12003373.0,6244.665806,19589.582617,25834.248423,4637,2299,0.00,0.7078,0.4750
12004681.0,6245.761959,19594.087017,25839.848976,4638,2300,0.00,0.6641,0.4625
12005315.0,6246.297497,19596.269033,25842.566531,4639,2301,0.00,0.6547,0.4750
12005370.0,6246.343837,19596.462450,25842.806287,4640,2301,0.00,0.6672,0.4875
12005372.0,6246.345541,19596.469633,25842.815174,4641,2301,0.00,0.6797,0.5000
12005676.0,6246.603159,19597.550175,25844.153334,4642,2302,0.00,0.6734,0.4750
12005711.0,6246.633158,19597.673258,25844.306417,4643,2303,0.00,0.6922,0.4750
12005738.0,6246.656694,19597.768208,25844.424903,4644,2304,0.00,0.7109,0.4750
12005738.0,6246.656694,19597.768208,25844.424903,4645,2305,0.00,0.7281,0.4875
12005820.0,6246.730160,19598.062725,25844.792885,4646,2306,0.00,0.7031,0.5000
12006128.0,6246.993972,19599.159733,25846.153705,4647,2307,0.00,0.6734,0.4875
12006175.0,6247.034257,19599.328542,25846.362798,4648,2307,0.00,0.6797,0.5000
12006340.0,6247.176483,19599.933542,25847.110025,4649,2308,0.00,0.6984,0.5125
12006624.0,6247.422652,19600.980725,25848.403377,4650,2308,0.00,0.6750,0.5000
12007860.0,6248.456419,19605.401425,25853.857844,4651,2309,0.00,0.6500,0.4875
12007895.0,6248.485780,19605.527133,25854.012913,4652,2310,0.00,0.6594,0.5000
12008826.0,6249.251765,19608.790350,25858.042115,4653,2311,0.00,0.6266,0.4750
12008853.0,6249.273923,19608.885300,25858.159223,4654,2312,0.00,0.6359,0.4875
12008909.0,6249.320288,19609.086433,25858.406721,4655,2313,0.00,0.6422,0.5000
12009117.0,6249.493513,19609.849100,25859.342613,4656,2314,0.00,0.6594,0.5125
12009283.0,6249.632281,19610.460692,25860.092973,4657,2315,0.00,0.6594,0.5125
12009955.0,6250.194436,19612.917267,25863.111702,4658,2316,0.00,0.6500,0.5000
12010293.0,6250.474090,19614.134775,25864.608865,4659,2316,0.00,0.6453,0.5000
12010439.0,6250.595642,19614.662008,25865.257650,4660,2316,0.00,0.6453,0.5000
12010441.0,6250.597312,19614.669342,25865.266654,4661,2316,0.00,0.6500,0.5125
12010694.0,6250.808433,19615.607358,25866.415791,4662,2317,0.00,0.6547,0.5125
12010740.0,6250.847190,19615.779475,25866.626665,4663,2317,0.00,0.6594,0.5250
12010802.0,6250.899653,19616.016108,25866.915761,4664,2317,0.00,0.6641,0.5375
12010906.0,6250.987827,19616.416567,25867.404394,4665,2317,0.00,0.6594,0.5250
12011032.0,6251.094446,19616.897467,25867.991912,4666,2317,0.00,0.6641,0.5375
12011501.0,6251.487318,19618.624033,25870.111352,4667,2317,0.00,0.6266,0.4750
12011514.0,6251.497987,19618.669750,25870.167737,4668,2318,0.00,0.6328,0.4875
12011591.0,6251.561435,19618.945858,25870.507294,4669,2318,0.00,0.6125,0.4875
12011592.0,6251.562245,19618.949450,25870.511695,4670,2319,0.00,0.6297,0.5000
12011675.0,6251.630562,19619.253783,25870.884345,4671,2320,0.00,0.6484,0.5125
12011768.0,6251.708137,19619.595008,25871.303145,4672,2321,0.00,0.6672,0.5000
12011810.0,6251.743932,19619.749008,25871.492940,4673,2322,0.00,0.6953,0.5125
12011854.0,6251.782394,19619.913642,25871.696035,4674,2322,0.00,0.7000,0.5250
12011922.0,6251.841829,19620.171750,25872.013579,4675,2323,0.00,0.7109,0.5250
12012178.0,6252.067505,19621.129167,25873.196671,4676,2324,0.00,0.7172,0.5125
12012218.0,6252.103151,19621.278833,25873.381984,4677,2325,0.00,0.7344,0.5250
12012253.0,6252.134809,19621.412417,25873.547225,4678,2326,0.00,0.7516,0.5375
12012507.0,6252.367951,19622.400900,25874.768851,4679,2326,0.00,0.7563,0.5500
12012666.0,6252.512658,19623.025375,25875.538033,4680,2326,0.00,0.7328,0.5500
12013240.0,6253.008235,19625.153742,25878.161976,4681,2326,0.00,0.6484,0.4875
12013462.0,6253.191324,19625.934967,25879.126291,4682,2327,0.00,0.6484,0.4875
12013489.0,6253.213941,19626.031942,25879.245883,4683,2328,0.00,0.6656,0.5000
12013497.0,6253.220750,19626.061275,25879.282025,4684,2329,0.00,0.6828,0.5125
12014219.0,6253.834132,19628.702608,25882.536741,4685,2330,0.00,0.6359,0.4750
12014272.0,6253.878014,19628.888992,25882.767005,4686,2330,0.00,0.6406,0.4875
12014383.0,6253.970321,19629.287667,25883.257988,4687,2330,0.00,0.6453,0.5000
12014525.0,6254.088791,19629.805558,25883.894349,4688,2330,0.00,0.6453,0.5000
12014573.0,6254.128645,19629.976683,25884.105329,4689,2330,0.00,0.6359,0.4750
12015317.0,6254.737614,19632.562108,25887.299723,4690,2330,0.00,0.6266,0.4750
12015653.0,6255.013356,19633.743708,25888.757064,4691,2331,0.00,0.6438,0.4875
12016061.0,6255.348987,19635.183008,25890.531996,4692,2332,0.00,0.6547,0.4875
12017295.0,6256.362841,19639.526550,25895.889391,4693,2333,0.00,0.6438,0.4875
12017432.0,6256.477103,19640.018608,25896.495711,4694,2334,0.00,0.6609,0.5000
12017815.0,6256.801655,19641.422942,25898.224597,4695,2335,0.00,0.6734,0.5000
12017822.0,6256.807655,19641.448608,25898.256263,4696,2336,0.00,0.6906,0.5125
12019932.0,6258.605867,19649.127450,25907.733317,4697,2337,0.00,0.6391,0.4750
12021178.0,6259.625992,19653.427692,25913.053684,4698,2338,0.00,0.6469,0.4750
12021268.0,6259.701273,19653.744192,25913.445465,4699,2339,0.00,0.6656,0.4750
12021668.0,6260.039678,19655.150858,25915.190536,4700,2340,0.00,0.6641,0.4875
12021693.0,6260.060923,19655.240650,25915.301573,4701,2341,0.00,0.6813,0.5000
12021766.0,6260.123936,19655.508317,25915.632253,4702,2342,0.00,0.6984,0.5125
12021878.0,6260.222111,19655.927383,25916.149495,4703,2343,0.00,0.7172,0.5250
12022838.0,6261.053653,19659.458783,25920.512437,4704,2344,0.00,0.6516,0.4750
12022866.0,6261.077176,19659.557250,25920.634426,4705,2345,0.00,0.6688,0.4875
12022913.0,6261.117290,19659.726058,25920.843348,4706,2346,0.00,0.6859,0.5000
12023918.0,6261.955726,19663.227383,25925.183109,4707,2347,0.00,0.6406,0.4750
12023920.0,6261.957389,19663.234417,25925.191806,4708,2348,0.00,0.6594,0.4875
12024110.0,6262.118163,19663.916833,25926.034997,4709,2349,0.00,0.6781,0.5000
12024299.0,6262.280848,19664.609833,25926.890681,4710,2350,0.00,0.7063,0.5125
12024302.0,6262.283495,19664.621058,25926.904554,4711,2351,0.00,0.7250,0.5125
12024305.0,6262.286187,19664.632283,25926.918470,4712,2352,0.00,0.7438,0.5125
12024331.0,6262.309894,19664.729567,25927.039461,4713,2353,0.00,0.7625,0.5125
12024333.0,6262.311747,19664.737050,25927.048797,4714,2353,0.00,0.7750,0.5250
12024449.0,6262.417908,19665.171458,25927.589366,4715,2353,0.00,0.7516,0.5250
12024484.0,6262.450034,19665.305042,25927.755075,4716,2354,0.00,0.7688,0.5375
12024526.0,6262.488757,19665.465492,25927.954249,4717,2355,0.00,0.7734,0.5375
12024851.0,6262.779888,19666.703958,25929.483846,4718,2356,0.00,0.6797,0.5125
12024851.0,6262.779888,19666.703958,25929.483846,4719,2357,0.00,0.6969,0.5250
12025325.0,6263.184188,19668.453508,25931.637696,4720,2358,0.00,0.6625,0.5000
12026314.0,6264.016603,19671.956692,25935.973295,4721,2359,0.00,0.6688,0.4875
12026427.0,6264.113045,19672.362550,25936.475595,4722,2359,0.00,0.7188,0.4875
12026564.0,6264.235299,19672.854608,25937.089907,4723,2360,0.00,0.7313,0.5000
12026951.0,6264.567394,19674.260858,25938.828252,4724,2361,0.00,0.6641,0.4875
12027059.0,6264.659175,19674.648758,25939.307933,4725,2362,0.00,0.6813,0.5000
12027059.0,6264.659175,19674.648758,25939.307933,4726,2363,0.00,0.6984,0.5125
12027062.0,6264.661805,19674.659983,25939.321788,4727,2364,0.00,0.7156,0.5250
12027089.0,6264.685833,19674.763033,25939.448866,4728,2365,0.00,0.7328,0.5375
12027526.0,6265.073917,19676.426342,25941.500259,4729,2366,0.00,0.6984,0.5125
12027632.0,6265.165830,19676.817333,25941.983163,4730,2367,0.00,0.6984,0.5125
12028323.0,6265.771535,19679.402825,25945.174360,4731,2367,0.00,0.6984,0.5125
12028917.0,6266.278684,19681.549475,25947.828159,4732,2368,0.00,0.6813,0.5000
12029080.0,6266.419385,19682.147142,25948.566527,4733,2369,0.00,0.6984,0.5125
12030548.0,6267.653430,19687.288908,25954.942338,4734,2370,0.00,0.6453,0.4625
12030556.0,6267.660111,19687.316442,25954.976553,4735,2371,0.00,0.6625,0.4750
12030577.0,6267.677932,19687.390292,25955.068224,4736,2372,0.00,0.6797,0.4875
12030577.0,6267.677932,19687.390292,25955.068224,4737,2373,0.00,0.6969,0.5000
12032696.0,6269.432279,19694.596033,25964.028312,4738,2373,0.00,0.6406,0.4625
12034851.0,6271.204041,19701.856000,25973.060041,4739,2374,0.00,0.6453,0.4625
12034883.0,6271.230769,19701.966133,25973.196903,4740,2375,0.00,0.6625,0.4750
12034993.0,6271.324116,19702.352967,25973.677083,4741,2375,0.00,0.6750,0.4875
12035435.0,6271.699854,19703.912358,25975.612212,4742,2376,0.00,0.6797,0.4875
12035438.0,6271.702440,19703.923133,25975.625573,4743,2376,0.00,0.6922,0.5000
12039705.0,6275.228208,19718.395350,25993.623558,4744,2377,0.00,0.6563,0.4625
12039982.0,6275.461926,19719.348692,25994.810618,4745,2378,0.00,0.6844,0.4750
12040223.0,6275.670542,19720.196208,25995.866750,4746,2378,0.00,0.6969,0.4875
12041540.0,6276.785742,19724.785658,26001.571400,4747,2379,0.00,0.6500,0.4625
12041674.0,6276.896673,19725.240317,26002.136990,4748,2380,0.00,0.6500,0.4625
12042638.0,6277.705362,19728.558083,26006.263445,4749,2381,0.00,0.6750,0.4750
12045340.0,6279.988256,19737.905017,26017.893273,4750,2382,0.00,0.6500,0.4625
12047532.0,6281.814423,19745.351350,26027.165773,4751,2383,0.00,0.6594,0.4625
12048036.0,6282.240898,19747.085950,26029.326848,4752,2383,0.00,0.6641,0.4750
12049085.0,6283.101230,19750.637683,26033.738914,4753,2383,0.00,0.6266,0.4625
12050458.0,6284.227996,19755.363092,26039.591088,4754,2383,0.00,0.6766,0.4625
12051090.0,6284.749701,19757.500050,26042.249751,4755,2383,0.00,0.6703,0.4500
12052675.0,6286.048342,19762.836217,26048.884559,4756,2384,0.00,0.6422,0.4625
12054529.0,6287.561496,19769.080942,26056.642438,4757,2384,0.00,0.6266,0.4625
12055743.0,6288.557777,19773.259125,26061.816902,4758,2385,0.00,0.6484,0.4750
12056588.0,6289.251864,19776.170108,26065.421972,4759,2386,0.00,0.6516,0.4750
12057070.0,6289.648044,19777.831392,26067.479436,4760,2387,0.00,0.6484,0.4750
12057547.0,6290.047614,19779.508842,26069.556456,4761,2388,0.00,0.6703,0.4875
12058047.0,6290.461585,19781.245725,26071.707310,4762,2389,0.00,0.6391,0.4625
12058177.0,6290.569535,19781.693142,26072.262677,4763,2390,0.00,0.6609,0.4750
12060362.0,6292.364193,19789.216483,26081.580676,4764,2390,0.00,0.6328,0.4750
12060668.0,6292.616802,19790.292583,26082.909386,4765,2391,0.00,0.6547,0.4875
12061773.0,6293.528143,19794.153225,26087.681368,4766,2392,0.00,0.6484,0.4750
12062854.0,6294.433668,19797.954742,26092.388409,4767,2393,0.00,0.6578,0.4875
12062862.0,6294.440427,19797.983475,26092.423902,4768,2394,0.00,0.6813,0.5000
12065149.0,6296.373812,19806.143992,26102.517804,4769,2395,0.00,0.6750,0.4875
12065679.0,6296.828729,19808.047575,26104.876304,4770,2395,0.00,0.6875,0.4875
12065693.0,6296.840882,19808.097858,26104.938740,4771,2395,0.00,0.7000,0.4875
12065702.0,6296.848782,19808.130183,26104.978965,4772,2395,0.00,0.7125,0.4875
12065979.0,6297.094619,19809.125075,26106.219694,4773,2396,0.00,0.7188,0.5000
12066335.0,6297.410725,19810.406108,26107.816833,4774,2397,0.00,0.7344,0.5000
12066353.0,6297.427006,19810.472108,26107.899114,4775,2397,0.00,0.7391,0.5125
12066440.0,6297.504808,19810.792308,26108.297116,4776,2398,0.00,0.7234,0.5125
12068275.0,6299.145360,19817.583792,26116.729152,4777,2399,0.00,0.7406,0.5125
12068708.0,6299.539120,19819.203933,26118.743053,4778,2400,0.00,0.7578,0.5250
12068861.0,6299.680299,19819.787883,26119.468183,4779,2400,0.00,0.7703,0.5250
12068874.0,6299.692421,19819.837500,26119.529921,4780,2401,0.00,0.7875,0.5375
12069876.0,6300.613329,19823.593850,26124.207179,4781,2402,0.00,0.7188,0.5000
12070208.0,6300.902807,19824.772408,26125.675215,4782,2403,0.00,0.7094,0.4875
12071312.0,6301.875796,19828.673933,26130.549730,4783,2403,0.00,0.7094,0.4875
12071313.0,6301.876681,19828.677525,26130.554206,4784,2403,0.00,0.7156,0.5000
12071582.0,6302.113776,19829.653733,26131.767509,4785,2404,0.00,0.7000,0.5000
12071993.0,6302.473517,19831.144908,26133.618425,4786,2405,0.00,0.7156,0.5000
12072607.0,6303.010559,19833.354917,26136.365476,4787,2405,0.00,0.7000,0.5000
12072723.0,6303.112382,19833.780250,26136.892632,4788,2406,0.00,0.7172,0.5125
12072726.0,6303.115055,19833.791475,26136.906530,4789,2407,0.00,0.7344,0.5250
12072779.0,6303.162994,19833.993758,26137.156753,4790,2408,0.00,0.7516,0.5375
12072945.0,6303.313184,19834.627550,26137.940734,4791,2409,0.00,0.7563,0.5375
12072965.0,6303.331467,19834.704558,26138.036026,4792,2410,0.00,0.7609,0.5375
12073500.0,6303.811533,19836.713325,26140.524858,4793,2411,0.00,0.7391,0.5250
12073814.0,6304.092976,19837.890458,26141.983434,4794,2412,0.00,0.7375,0.5125
12074061.0,6304.313435,19838.798975,26143.112410,4795,2413,0.00,0.7328,0.5125
12074114.0,6304.361310,19838.997283,26143.358593,4796,2414,0.00,0.7500,0.5250
12074121.0,6304.367726,19839.024000,26143.391726,4797,2415,0.00,0.7625,0.5250
12074222.0,6304.460118,19839.404308,26143.864426,4798,2416,0.00,0.7688,0.5250
12074535.0,6304.751599,19840.598925,26145.350524,4799,2416,0.00,0.8188,0.5250
12076457.0,6306.483623,19847.577033,26154.060656,4800,2417,0.00,0.7375,0.5000
12076484.0,6306.508110,19847.676033,26154.184144,4801,2418,0.00,0.7547,0.5125
12077253.0,6307.215831,19850.553375,26157.769206,4802,2419,0.00,0.7781,0.5250
12077755.0,6307.684888,19852.437092,26160.121980,4803,2420,0.00,0.7891,0.5250
12077950.0,6307.869563,19853.181342,26161.050904,4804,2421,0.00,0.8063,0.5375
12078268.0,6308.171777,19854.404792,26162.576568,4805,2422,0.00,0.8016,0.5375
12078485.0,6308.377284,19855.237433,26163.614717,4806,2423,0.00,0.8063,0.5375
12078620.0,6308.505723,19855.755983,26164.261707,4807,2424,0.00,0.7828,0.5250
12078879.0,6308.749750,19856.744500,26165.494250,4808,2425,0.00,0.8000,0.5375
12079252.0,6309.099158,19858.160692,26167.259849,4809,2426,0.00,0.7766,0.5250
12079488.0,6309.320367,19859.061425,26168.381792,4810,2426,0.00,0.7813,0.5375
12079494.0,6309.326013,19859.084775,26168.410787,4811,2426,0.00,0.7859,0.5500
12079498.0,6309.329740,19859.100417,26168.430157,4812,2426,0.00,0.7688,0.5500
12080460.0,6310.185972,19862.703650,26172.889622,4813,2426,0.00,0.7047,0.5125
12080532.0,6310.249161,19862.967425,26173.216586,4814,2426,0.00,0.6953,0.4875
12080809.0,6310.485548,19863.930067,26174.415614,4815,2427,0.00,0.6828,0.4750
12080811.0,6310.487276,19863.937100,26174.424376,4816,2428,0.00,0.7000,0.4875
12080862.0,6310.532043,19864.120275,26174.652318,4817,2429,0.00,0.7219,0.5000
12080876.0,6310.544570,19864.171608,26174.716178,4818,2430,0.00,0.7438,0.5125
12081008.0,6310.664928,19864.665508,26175.330437,4819,2430,0.00,0.7609,0.5250
12081011.0,6310.667704,19864.676958,26175.344662,4820,2430,0.00,0.7656,0.5375
12081339.0,6310.968204,19865.929800,26176.898004,4821,2431,0.00,0.7563,0.5250
12081866.0,6311.446748,19867.863033,26179.309782,4822,2432,0.00,0.7203,0.4875
12081970.0,6311.539680,19868.236567,26179.776247,4823,2432,0.00,0.7250,0.5000
12081970.0,6311.539680,19868.236567,26179.776247,4824,2432,0.00,0.7297,0.5125
12081973.0,6311.542383,19868.247792,26179.790175,4825,2432,0.00,0.7313,0.5250
12082203.0,6311.746761,19869.110775,26180.857536,4826,2432,0.00,0.7094,0.5125
12083170.0,6312.597943,19872.653892,26185.251835,4827,2432,0.00,0.6969,0.5000
12083261.0,6312.677599,19872.987558,26185.665158,4828,2432,0.00,0.7141,0.5125
12083328.0,6312.737143,19873.238250,26185.975393,4829,2432,0.00,0.7188,0.5250
12083648.0,6313.022699,19874.459583,26187.482282,4830,2432,0.00,0.7359,0.5375
12083686.0,6313.057117,19874.607467,26187.664583,4831,2433,0.00,0.7531,0.5500
12083924.0,6313.270394,19875.520858,26188.791253,4832,2433,0.00,0.7234,0.5375
12083977.0,6313.317883,19875.727117,26189.044999,4833,2433,0.00,0.7281,0.5500
12084045.0,6313.379059,19875.996850,26189.375909,4834,2433,0.00,0.7375,0.5625
12086791.0,6315.809241,19886.591717,26202.400958,4835,2434,0.00,0.6828,0.5125
12086920.0,6315.920750,19887.074392,26202.995141,4836,2435,0.00,0.7000,0.5250
12086971.0,6315.964981,19887.265367,26203.230347,4837,2436,0.00,0.7031,0.5250
12088018.0,6316.880853,19891.144042,26208.024895,4838,2437,0.00,0.7000,0.5125
12088226.0,6317.063431,19891.922308,26208.985739,4839,2437,0.00,0.7047,0.5250
12088954.0,6317.692474,19894.629967,26212.322441,4840,2438,0.00,0.6922,0.5125
12089285.0,6317.980299,19895.864483,26213.844782,4841,2439,0.00,0.6969,0.5125
12089425.0,6318.101030,19896.378117,26214.479146,4842,2440,0.00,0.6938,0.5125
12090050.0,6318.636623,19898.666558,26217.303181,4843,2441,0.00,0.6750,0.5000
12090217.0,6318.778178,19899.271017,26218.049194,4844,2442,0.00,0.6703,0.5000
12090395.0,6318.928922,19899.915883,26218.844805,4845,2443,0.00,0.6703,0.5000
12091107.0,6319.516282,19902.476900,26221.993182,4846,2444,0.00,0.6219,0.4875
12091145.0,6319.547328,19902.613383,26222.160712,4847,2445,0.00,0.6406,0.4875
12091150.0,6319.551486,19902.631342,26222.182828,4848,2446,0.00,0.6594,0.4875
12091151.0,6319.552333,19902.634933,26222.187266,4849,2447,0.00,0.6781,0.4875
12091155.0,6319.555776,19902.649300,26222.205076,4850,2447,0.00,0.6844,0.5000
12091187.0,6319.583476,19902.766633,26222.350109,4851,2448,0.00,0.6875,0.5125
12091189.0,6319.585212,19902.774117,26222.359328,4852,2449,0.00,0.7063,0.5125
12091295.0,6319.676263,19903.170733,26222.846997,4853,2450,0.00,0.6672,0.5250
12091490.0,6319.838399,19903.914983,26223.753382,4854,2451,0.00,0.6469,0.5375
12092289.0,6320.489906,19906.903600,26227.393506,4855,2452,0.00,0.6063,0.5000
12092662.0,6320.790119,19908.271267,26229.061386,4856,2452,0.00,0.6125,0.5125
12092728.0,6320.843561,19908.518217,26229.361778,4857,2453,0.00,0.6297,0.5250
12093377.0,6321.363550,19910.915583,26232.279133,4858,2454,0.00,0.6125,0.5125
12093390.0,6321.374076,19910.964225,26232.338301,4859,2455,0.00,0.6297,0.5250
12093390.0,6321.374076,19910.964225,26232.338301,4860,2456,0.00,0.6484,0.5250
12094001.0,6321.879696,19913.226608,26235.106304,4861,2457,0.00,0.6359,0.5125
12094493.0,6322.281314,19915.027158,26237.308472,4862,2458,0.00,0.6391,0.4875
12094517.0,6322.301243,19915.113358,26237.414602,4863,2459,0.00,0.6578,0.5000
12094702.0,6322.457562,19915.791692,26238.249253,4864,2460,0.00,0.6766,0.5000
12094707.0,6322.461860,19915.810025,26238.271885,4865,2461,0.00,0.6953,0.5000
12095048.0,6322.754351,19917.029008,26239.783359,4866,2462,0.00,0.6797,0.4750
12095145.0,6322.837807,19917.370125,26240.207932,4867,2463,0.00,0.6734,0.4750
12095754.0,6323.352355,19919.511775,26242.864130,4868,2464,0.00,0.6719,0.4875
12095784.0,6323.378032,19919.619525,26242.997557,4869,2465,0.00,0.6891,0.5000
12096091.0,6323.642010,19920.728992,26244.371002,4870,2466,0.00,0.6938,0.5000
12096311.0,6323.833210,19921.530933,26245.364143,4871,2466,0.00,0.6891,0.5000
12096715.0,6324.184395,19923.012267,26247.196662,4872,2466,0.00,0.7391,0.5000
12096740.0,6324.207099,19923.103933,26247.311032,4873,2467,0.00,0.7578,0.5000
12096743.0,6324.209867,19923.114933,26247.324801,4874,2468,0.00,0.7766,0.5000
12096896.0,6324.351956,19923.675933,26248.027889,4875,2469,0.00,0.7453,0.5000
12096962.0,6324.412215,19923.917933,26248.330149,4876,2470,0.00,0.7641,0.5000
12096979.0,6324.427985,19923.980267,26248.408251,4877,2471,0.00,0.7828,0.5000
12097010.0,6324.457193,19924.093933,26248.551126,4878,2472,0.00,0.8016,0.5000
12097294.0,6324.727326,19925.135267,26249.862593,4879,2472,0.00,0.7953,0.5000
12097463.0,6324.887421,19925.754933,26250.642354,4880,2473,0.00,0.7641,0.5125
12097671.0,6325.080363,19926.533200,26251.613563,4881,2474,0.00,0.7859,0.5250
12098154.0,6325.533930,19928.355950,26253.889880,4882,2474,0.00,0.8234,0.5125
12098155.0,6325.534903,19928.359692,26253.894595,4883,2474,0.00,0.8234,0.5125
12098155.0,6325.534903,19928.359692,26253.894595,4884,2474,0.00,0.8234,0.5125
12098422.0,6325.786611,19929.353167,26255.139778,4885,2475,0.00,0.7500,0.5125
12098531.0,6325.885638,19929.761008,26255.646646,4886,2476,0.00,0.7500,0.5125
12098574.0,6325.924719,19929.921900,26255.846619,4887,2477,0.00,0.7500,0.5125
12098802.0,6326.125353,19930.758050,26256.883403,4888,2477,0.00,0.6766,0.5125
12098845.0,6326.162314,19930.918942,26257.081256,4889,2478,0.00,0.6938,0.5250
12099206.0,6326.477105,19932.289933,26258.767038,4890,2479,0.00,0.7031,0.5000
12099746.0,6326.940744,19934.241583,26261.182327,4891,2479,0.00,0.6531,0.5000
12099781.0,6326.969694,19934.369917,26261.339611,4892,2480,0.00,0.6563,0.5125
12099894.0,6327.065038,19934.792725,26261.857763,4893,2481,0.00,0.6734,0.5250
12100134.0,6327.268047,19935.695075,26262.963122,4894,2482,0.00,0.6406,0.5000
12100139.0,6327.272205,19935.713408,26262.985613,4895,2482,0.00,0.6578,0.5125
12100371.0,6327.466140,19936.572850,26264.038990,4896,2483,0.00,0.6516,0.5125
12100429.0,6327.514688,19936.786192,26264.300880,4897,2484,0.00,0.6641,0.5125
12100587.0,6327.647246,19937.357050,26265.004296,4898,2485,0.00,0.6453,0.4875
12100726.0,6327.763344,19937.856292,26265.619636,4899,2486,0.00,0.6625,0.5000
12101234.0,6328.186915,19939.660383,26267.847298,4900,2487,0.00,0.6578,0.4875
12101362.0,6328.295071,19940.120117,26268.415187,4901,2487,0.00,0.6625,0.5000
12101448.0,6328.368051,19940.435450,26268.803501,4902,2487,0.00,0.6672,0.5125
12101515.0,6328.424915,19940.681267,26269.106182,4903,2487,0.00,0.6672,0.5125
12101603.0,6328.499712,19941.005883,26269.505596,4904,2488,0.00,0.6766,0.5000
12101605.0,6328.501431,19941.013217,26269.514648,4905,2488,0.00,0.6813,0.5125
12101620.0,6328.514350,19941.068742,26269.583092,4906,2488,0.00,0.6828,0.5125
12101794.0,6328.664164,19941.710642,26270.374806,4907,2489,0.00,0.6953,0.5000
12102033.0,6328.873082,19942.586975,26271.460057,4908,2489,0.00,0.7000,0.5125
12102036.0,6328.875715,19942.598200,26271.473915,4909,2490,0.00,0.7172,0.5250
12102457.0,6329.244795,19944.181092,26273.425887,4910,2490,0.00,0.6766,0.5000
12102511.0,6329.291211,19944.379092,26273.670303,4911,2491,0.00,0.6938,0.5125
12102618.0,6329.384358,19944.774200,26274.158558,4912,2492,0.00,0.7063,0.5125
12102652.0,6329.414074,19944.899767,26274.313840,4913,2492,0.00,0.6953,0.5125
12102792.0,6329.536452,19945.423600,26274.960052,4914,2492,0.00,0.7016,0.5250
12102925.0,6329.653211,19945.930392,26275.583603,4915,2493,0.00,0.7016,0.5250
12103042.0,6329.755318,19946.372817,26276.128135,4916,2494,0.00,0.7016,0.5250
12103523.0,6330.172285,19948.175933,26278.348219,4917,2494,0.00,0.6891,0.5250
12103548.0,6330.194017,19948.271350,26278.465367,4918,2494,0.00,0.6953,0.5375
12104199.0,6330.740546,19950.576900,26281.317446,4919,2494,0.00,0.6422,0.4750
12104371.0,6330.881918,19951.171267,26282.053185,4920,2494,0.00,0.6313,0.4750
12104430.0,6330.930552,19951.378750,26282.309302,4921,2494,0.00,0.6484,0.4875
12104670.0,6331.128933,19952.225825,26283.354758,4922,2494,0.00,0.6359,0.4875
12104982.0,6331.387254,19953.346425,26284.733679,4923,2494,0.00,0.6484,0.5000
12105057.0,6331.449817,19953.619400,26285.069217,4924,2494,0.00,0.6406,0.5000
12105057.0,6331.449817,19953.619400,26285.069217,4925,2494,0.00,0.6453,0.5125
12105126.0,6331.507449,19953.877575,26285.385024,4926,2494,0.00,0.6500,0.5250
12105403.0,6331.739114,19954.920242,26286.659356,4927,2494,0.00,0.6406,0.5000
12105431.0,6331.762399,19955.022908,26286.785307,4928,2494,0.00,0.6453,0.5125
12105468.0,6331.793197,19955.159175,26286.952372,4929,2494,0.00,0.6469,0.5125
12105582.0,6331.888163,19955.577700,26287.465863,4930,2495,0.00,0.6641,0.5125
12105617.0,6331.917907,19955.708658,26287.626565,4931,2496,0.00,0.6813,0.5250
12105670.0,6331.963333,19955.909517,26287.872850,4932,2497,0.00,0.6766,0.5250
12105834.0,6332.104117,19956.531700,26288.635817,4933,2498,0.00,0.6891,0.5250
12105871.0,6332.136280,19956.672917,26288.809196,4934,2498,0.00,0.6938,0.5375
12106591.0,6332.758663,19959.372092,26292.130755,4935,2498,0.00,0.6813,0.5125
12106853.0,6332.984820,19960.352408,26293.337228,4936,2498,0.00,0.6859,0.5250
12106885.0,6333.012559,19960.474542,26293.487101,4937,2499,0.00,0.7031,0.5375
12106892.0,6333.018720,19960.501783,26293.520504,4938,2500,0.00,0.7203,0.5500
12106898.0,6333.024082,19960.525583,26293.549665,4939,2501,0.00,0.7375,0.5625
12106937.0,6333.059365,19960.681408,26293.740774,4940,2502,0.00,0.7500,0.5625
12107044.0,6333.157449,19961.113867,26294.271315,4941,2502,0.00,0.7547,0.5750
12107092.0,6333.201485,19961.308617,26294.510102,4942,2502,0.00,0.7547,0.5750
12107093.0,6333.202405,19961.312733,26294.515139,4943,2502,0.00,0.7594,0.5875
12107198.0,6333.299326,19961.750908,26295.050235,4944,2503,0.00,0.7719,0.5875
12107538.0,6333.610169,19963.109925,26296.720094,4945,2503,0.00,0.7250,0.5375
12107825.0,6333.867619,19964.223608,26298.091228,4946,2503,0.00,0.7297,0.5375
12108156.0,6334.165807,19965.511750,26299.677557,4947,2504,0.00,0.7484,0.5500
12108335.0,6334.329673,19966.221783,26300.551456,4948,2504,0.00,0.7531,0.5625
12108338.0,6334.332430,19966.233908,26300.566338,4949,2504,0.00,0.7656,0.5750
12108478.0,6334.462013,19966.803267,26301.265279,4950,2504,0.00,0.7656,0.5750
12108768.0,6334.731370,19967.997100,26302.728470,4951,2504,0.00,0.7703,0.5875
12109068.0,6335.007126,19969.232250,26304.239376,4952,2504,0.00,0.7578,0.5875
12109299.0,6335.217726,19970.186200,26305.403926,4953,2505,0.00,0.7578,0.5875
12109666.0,6335.550746,19971.655767,26307.206513,4954,2505,0.00,0.7344,0.5500
12109772.0,6335.646625,19972.076233,26307.722858,4955,2506,0.00,0.7516,0.5625
12109863.0,6335.729283,19972.439150,26308.168433,4956,2506,0.00,0.7391,0.5625
12110103.0,6335.944888,19973.393700,26309.338588,4957,2507,0.00,0.7328,0.5500
12110138.0,6335.976503,19973.532533,26309.509036,4958,2507,0.00,0.7391,0.5625
12111295.0,6336.991725,19977.982467,26314.974191,4959,2508,0.00,0.7000,0.5250
12111538.0,6337.203907,19978.892667,26316.096573,4960,2508,0.00,0.6984,0.5250
12111572.0,6337.233706,19979.022358,26316.256065,4961,2509,0.00,0.7109,0.5250
12111627.0,6337.281784,19979.228525,26316.510309,4962,2510,0.00,0.7078,0.5250
12111967.0,6337.580923,19980.519142,26318.100065,4963,2511,0.00,0.7063,0.5250
12112437.0,6337.995763,19982.312975,26320.308738,4964,2512,0.00,0.7250,0.5250
12112672.0,6338.203884,19983.194592,26321.398475,4965,2513,0.00,0.7094,0.5000
12112974.0,6338.468889,19984.289100,26322.757989,4966,2514,0.00,0.6969,0.4875
12113157.0,6338.629077,19984.946375,26323.575452,4967,2515,0.00,0.7250,0.5000
12114272.0,6339.584236,19988.932633,26328.516870,4968,2516,0.00,0.6406,0.4750
12114462.0,6339.742240,19989.600800,26329.343040,4969,2517,0.00,0.6500,0.5000
12114644.0,6339.892538,19990.254783,26330.147321,4970,2518,0.00,0.6422,0.5000
12115366.0,6340.493829,19992.902117,26333.395945,4971,2519,0.00,0.6594,0.5125
12115480.0,6340.590013,19993.327092,26333.917104,4972,2520,0.00,0.6594,0.5125
12116077.0,6341.095182,19995.560867,26336.656049,4973,2520,0.00,0.6719,0.5250
12116862.0,6341.740769,19998.400575,26340.141344,4974,2521,0.00,0.6406,0.5000
12116907.0,6341.778190,19998.565575,26340.343765,4975,2522,0.00,0.6547,0.5125
12117344.0,6342.146378,20000.200683,26342.347061,4976,2523,0.00,0.6688,0.5250
12117578.0,6342.344847,20001.086808,26343.431656,4977,2524,0.00,0.6734,0.5250
12117838.0,6342.567698,20002.079142,26344.646840,4978,2525,0.00,0.6875,0.5375
12118355.0,6343.015632,20004.087383,26347.103015,4979,2525,0.00,0.6781,0.5250
12118654.0,6343.269708,20005.205992,26348.475700,4980,2526,0.00,0.6641,0.5125
12120437.0,6344.749999,20011.674733,26356.424732,4981,2527,0.00,0.6359,0.5000
12120439.0,6344.751655,20011.682067,26356.433721,4982,2528,0.00,0.6531,0.5125
12120894.0,6345.128239,20013.349650,26358.477889,4983,2528,0.00,0.6688,0.4875
12121599.0,6345.709559,20015.881775,26361.591334,4984,2529,0.00,0.6359,0.5000
12121606.0,6345.715355,20015.907442,26361.622796,4985,2529,0.00,0.6406,0.5125
12121649.0,6345.751113,20016.068333,26361.819447,4986,2530,0.00,0.6578,0.5250
12122381.0,6346.349994,20018.740783,26365.090777,4987,2531,0.00,0.6031,0.4875
12123216.0,6347.015515,20021.657700,26368.673215,4988,2531,0.00,0.6047,0.4625
12123219.0,6347.017926,20021.668025,26368.685951,4989,2531,0.00,0.6172,0.4625
12123575.0,6347.307485,20022.893258,26370.200743,4990,2532,0.00,0.6359,0.4750
12126758.0,6349.909782,20033.967483,26383.877266,4991,2532,0.00,0.5953,0.4625
12126876.0,6350.003752,20034.373600,26384.377352,4992,2533,0.00,0.6203,0.4750
12126952.0,6350.065753,20034.640867,26384.706620,4993,2534,0.00,0.6578,0.4875
12127861.0,6350.818339,20037.854692,26388.673031,4994,2535,0.00,0.6328,0.4750
12127999.0,6350.932261,20038.339992,26389.272252,4995,2536,0.00,0.6453,0.4875
12128039.0,6350.965670,20038.483658,26389.449329,4996,2537,0.00,0.6828,0.5000
12128415.0,6351.290689,20039.862325,26391.153014,4997,2538,0.00,0.7203,0.5125
12131712.0,6353.949440,20050.908150,26404.857590,4998,2539,0.00,0.5938,0.4375
12132150.0,6354.294785,20052.327325,26406.622110,4999,2540,0.00,0.5953,0.4375
12132156.0,6354.299563,20052.347075,26406.646638,5000,2541,0.00,0.6094,0.4500
12132209.0,6354.342349,20052.525508,26406.867858,5001,2542,0.00,0.6234,0.4625
12132578.0,6354.640600,20053.774858,26408.415458,5002,2543,0.00,0.6250,0.4625
12134734.0,6356.391572,20061.114092,26417.505664,5003,2544,0.00,0.6234,0.4625
12134818.0,6356.460303,20061.403192,26417.863495,5004,2545,0.00,0.6297,0.4750
12135516.0,6357.028302,20063.813125,26420.841427,5005,2546,0.00,0.6125,0.4500
12135997.0,6357.416431,20065.411717,26422.828148,5006,2547,0.00,0.6250,0.4500
12135999.0,6357.418070,20065.418450,26422.836520,5007,2548,0.00,0.6375,0.4625
12136247.0,6357.623704,20066.271983,26423.895687,5008,2549,0.00,0.6547,0.4750
12136338.0,6357.700374,20066.592000,26424.292374,5009,2549,0.00,0.6609,0.4875
12136477.0,6357.818162,20067.091242,26424.909404,5010,2550,0.00,0.6797,0.5000
12136776.0,6358.075894,20068.187575,26426.263469,5011,2551,0.00,0.6984,0.5125
12137134.0,6358.389703,20069.527092,26427.916795,5012,2552,0.00,0.7172,0.5250
12137516.0,6358.728167,20070.969983,26429.698150,5013,2553,0.00,0.7422,0.5250
12140141.0,6361.079237,20080.887858,26441.967096,5014,2554,0.00,0.7172,0.5250
12140508.0,6361.406288,20082.288575,26443.694863,5015,2555,0.00,0.7547,0.5375
12140859.0,6361.724145,20083.634600,26445.358745,5016,2556,0.00,0.7391,0.5375
12142332.0,6363.010648,20089.177800,26452.188448,5017,2556,0.00,0.6766,0.5125
12142332.0,6363.010648,20089.177800,26452.188448,5018,2556,0.00,0.6828,0.5250
12142867.0,6363.473107,20091.219717,26454.692824,5019,2556,0.00,0.6891,0.5375
12142867.0,6363.473107,20091.219717,26454.692824,5020,2556,0.00,0.6953,0.5500
12143044.0,6363.627828,20091.921817,26455.549645,5021,2557,0.00,0.7328,0.5625
12143435.0,6363.979706,20093.488608,26457.468314,5022,2558,0.00,0.7422,0.5625
12144577.0,6364.973730,20097.883542,26462.857272,5023,2559,0.00,0.6922,0.5125
12144966.0,6365.312822,20099.339050,26464.651872,5024,2559,0.00,0.7422,0.5125
12145830.0,6366.071456,20102.571850,26468.643306,5025,2560,0.00,0.7297,0.5250
12146366.0,6366.535450,20104.521433,26471.056883,5026,2561,0.00,0.7297,0.4875
12147632.0,6367.650770,20109.002558,26476.653328,5027,2562,0.00,0.6984,0.4750
12151281.0,6370.633470,20120.764250,26491.397720,5028,2563,0.00,0.5969,0.4250
12151553.0,6370.850409,20121.639183,26492.489593,5029,2564,0.00,0.6219,0.4375
12151856.0,6371.097964,20122.636558,26493.734523,5030,2565,0.00,0.6391,0.4500
12151856.0,6371.097964,20122.636558,26493.734523,5031,2566,0.00,0.6563,0.4625
12152041.0,6371.254058,20123.273267,26494.527325,5032,2566,0.00,0.6688,0.4625
12152043.0,6371.255765,20123.280150,26494.535915,5033,2566,0.00,0.6813,0.4625
12152043.0,6371.255765,20123.280150,26494.535915,5034,2566,0.00,0.6938,0.4625
12152044.0,6371.256638,20123.283592,26494.540230,5035,2566,0.00,0.7063,0.4625
12152045.0,6371.257521,20123.287033,26494.544554,5036,2566,0.00,0.7188,0.4625
12152048.0,6371.260198,20123.297358,26494.557556,5037,2566,0.00,0.7313,0.4625
12152150.0,6371.351502,20123.644433,26494.995935,5038,2567,0.00,0.7203,0.4500
12152920.0,6372.021630,20126.152767,26498.174397,5039,2568,0.00,0.6906,0.4375
12153651.0,6372.650022,20128.486525,26501.136547,5040,2569,0.00,0.6719,0.4125
12154260.0,6373.162337,20130.361775,26503.524112,5041,2570,0.00,0.6578,0.4125
12154303.0,6373.198671,20130.496867,26503.695537,5042,2571,0.00,0.6641,0.4250
12154663.0,6373.502275,20131.654867,26505.157141,5043,2572,0.00,0.6688,0.4375
12154679.0,6373.515930,20131.707533,26505.223464,5044,2573,0.00,0.6859,0.4500
12154786.0,6373.608682,20132.067767,26505.676449,5045,2573,0.00,0.6984,0.4500
12154814.0,6373.633226,20132.162033,26505.795259,5046,2574,0.00,0.7156,0.4625
12154819.0,6373.637649,20132.179092,26505.816741,5047,2575,0.00,0.7156,0.4625
12154820.0,6373.638539,20132.182533,26505.821072,5048,2576,0.00,0.7328,0.4750
12155323.0,6374.091067,20133.941142,26508.032208,5049,2576,0.00,0.7266,0.4750
12155901.0,6374.586194,20135.838175,26510.424369,5050,2577,0.00,0.6750,0.4375
12155954.0,6374.631686,20136.012633,26510.644319,5051,2578,0.00,0.6922,0.4500
12155998.0,6374.670041,20136.160767,26510.830807,5052,2578,0.00,0.7047,0.4625
12156035.0,6374.702653,20136.288108,26510.990762,5053,2579,0.00,0.7219,0.4750
12156158.0,6374.812713,20136.720658,26511.533371,5054,2580,0.00,0.7391,0.4875
12157838.0,6376.299471,20142.522083,26518.821555,5055,2580,0.00,0.6344,0.4125
12157881.0,6376.335021,20142.657175,26518.992196,5056,2581,0.00,0.6406,0.4250
12158431.0,6376.791379,20144.410592,26521.201970,5057,2582,0.00,0.6422,0.4125
12158437.0,6376.796376,20144.429442,26521.225817,5058,2583,0.00,0.6563,0.4250
12159404.0,6377.600272,20147.457608,26525.057881,5059,2583,0.00,0.6328,0.4125
12159670.0,6377.819861,20148.293292,26526.113153,5060,2584,0.00,0.6500,0.4250
12159972.0,6378.069930,20149.246350,26527.316280,5061,2585,0.00,0.6500,0.4250
12159998.0,6378.091741,20149.329983,26527.421725,5062,2586,0.00,0.6688,0.4375
12160419.0,6378.446307,20150.689150,26529.135457,5063,2586,0.00,0.6563,0.4375
12161436.0,6379.304401,20154.036775,26533.341176,5064,2587,0.00,0.6750,0.4375
12161618.0,6379.460618,20154.635858,26534.096476,5065,2588,0.00,0.6922,0.4500
12161670.0,6379.505946,20154.810925,26534.316871,5066,2589,0.00,0.7109,0.4500
12161913.0,6379.721314,20155.629025,26535.350339,5067,2590,0.00,0.7297,0.4625
12161974.0,6379.775931,20155.838967,26535.614898,5068,2591,0.00,0.7297,0.4750
12161974.0,6379.775931,20155.838967,26535.614898,5069,2592,0.00,0.7484,0.4875
12163737.0,6381.305923,20161.799225,26543.105148,5070,2592,0.00,0.6641,0.4375
12163796.0,6381.356063,20161.993433,26543.349496,5071,2593,0.00,0.6828,0.4375
12164319.0,6381.803366,20163.678075,26545.481441,5072,2594,0.00,0.6844,0.4375
12164507.0,6381.964692,20164.287233,26546.251926,5073,2595,0.00,0.6844,0.4375
12164510.0,6381.967289,20164.297108,26546.264397,5074,2596,0.00,0.7016,0.4500
12165205.0,6382.572369,20166.597567,26549.169936,5075,2597,0.00,0.6844,0.4375
12165308.0,6382.661529,20166.936608,26549.598137,5076,2598,0.00,0.7016,0.4500
12165312.0,6382.665045,20166.950075,26549.615120,5077,2599,0.00,0.7188,0.4625
12166331.0,6383.563035,20170.400058,26553.963094,5078,2600,0.00,0.6688,0.4375
12166896.0,6384.045247,20172.259850,26556.305097,5079,2601,0.00,0.6875,0.4500
12167111.0,6384.231879,20172.983683,26557.215562,5080,2602,0.00,0.7047,0.4625
12168099.0,6385.082527,20176.274400,26561.356927,5081,2603,0.00,0.6938,0.4500
12168103.0,6385.086018,20176.287867,26561.373885,5082,2604,0.00,0.7063,0.4500
12168289.0,6385.248702,20176.914067,26562.162768,5083,2604,0.00,0.7438,0.4500
12168863.0,6385.756211,20178.846533,26564.602745,5084,2604,0.00,0.7313,0.4500
12169610.0,6386.373684,20181.290333,26567.664017,5085,2605,0.00,0.6266,0.4375
12170009.0,6386.695891,20182.577233,26569.273125,5086,2606,0.00,0.5984,0.4250
12170266.0,6386.899724,20183.393942,26570.293666,5087,2606,0.00,0.5891,0.4250
12170335.0,6386.954337,20183.615892,26570.570229,5088,2607,0.00,0.6016,0.4375
12171662.0,6388.003522,20187.819233,26575.822755,5089,2608,0.00,0.6016,0.4250
12171704.0,6388.037173,20187.954333,26575.991506,5090,2609,0.00,0.6188,0.4375
12171858.0,6388.162619,20188.461250,26576.623869,5091,2610,0.00,0.6359,0.4500
12172506.0,6388.699131,20190.642850,26579.341981,5092,2611,0.00,0.6547,0.4500
12172549.0,6388.735360,20190.787617,26579.522977,5093,2612,0.00,0.6734,0.4500
12172609.0,6388.786788,20190.989617,26579.776404,5094,2613,0.00,0.6922,0.4500
12172645.0,6388.818169,20191.110817,26579.928985,5095,2614,0.00,0.7094,0.4625
12172646.0,6388.819054,20191.114258,26579.933312,5096,2615,0.00,0.7281,0.4625
12172723.0,6388.888327,20191.379267,26580.267594,5097,2616,0.00,0.7469,0.4625
12173162.0,6389.279118,20192.890158,26582.169277,5098,2617,0.00,0.7266,0.4750
12173678.0,6389.717132,20194.641833,26584.358965,5099,2618,0.00,0.6594,0.4500
12173996.0,6389.979465,20195.692858,26585.672323,5100,2619,0.00,0.6422,0.4375
12174003.0,6389.985295,20195.715900,26585.701195,5101,2619,0.00,0.6469,0.4500
12174085.0,6390.053884,20195.991967,26586.045851,5102,2620,0.00,0.6656,0.4500
12174364.0,6390.287915,20196.927517,26587.215432,5103,2621,0.00,0.6484,0.4375
12174371.0,6390.293779,20196.950558,26587.244337,5104,2622,0.00,0.6672,0.4375
12174434.0,6390.346695,20197.153583,26587.500279,5105,2623,0.00,0.6688,0.4250
12174652.0,6390.531907,20197.854817,26588.386723,5106,2624,0.00,0.6672,0.4375
12174951.0,6390.778288,20198.839025,26589.617313,5107,2625,0.00,0.6375,0.4375
12174993.0,6390.812821,20198.977275,26589.790096,5108,2626,0.00,0.6359,0.4500
12175532.0,6391.247310,20200.725833,26591.973143,5109,2626,0.00,0.5891,0.4250
12175696.0,6391.377031,20201.251642,26592.628672,5110,2627,0.00,0.6016,0.4250
12175921.0,6391.557304,20201.975392,26593.532696,5111,2628,0.00,0.6188,0.4375
12176615.0,6392.122625,20204.259808,26596.382433,5112,2629,0.00,0.6359,0.4500
12176741.0,6392.226011,20204.678758,26596.904769,5113,2630,0.00,0.6375,0.4500
12177171.0,6392.573970,20206.078275,26598.652245,5114,2631,0.00,0.6203,0.4375
12177283.0,6392.665340,20206.446942,26599.112281,5115,2632,0.00,0.6375,0.4500
12177374.0,6392.740339,20206.750758,26599.491098,5116,2633,0.00,0.6438,0.4500
12177501.0,6392.846261,20207.178325,26600.024586,5117,2634,0.00,0.6609,0.4625
12177501.0,6392.846261,20207.178325,26600.024586,5118,2635,0.00,0.6781,0.4750
12177905.0,6393.181518,20208.536883,26601.718401,5119,2636,0.00,0.6438,0.4500
12178214.0,6393.437000,20209.564658,26603.001658,5120,2637,0.00,0.6438,0.4500
12178225.0,6393.446174,20209.601692,26603.047866,5121,2638,0.00,0.6688,0.4500
12178306.0,6393.514597,20209.870417,26603.385014,5122,2639,0.00,0.6656,0.4500
12178371.0,6393.569915,20210.089250,26603.659165,5123,2640,0.00,0.6797,0.4625
12179232.0,6394.297826,20213.052525,26607.350351,5124,2641,0.00,0.6609,0.4750
12180321.0,6395.182060,20216.683125,26611.865185,5125,2642,0.00,0.6078,0.4375
12180333.0,6395.191733,20216.722625,26611.914358,5126,2642,0.00,0.6125,0.4500
12180819.0,6395.585258,20218.358825,26613.944083,5127,2642,0.00,0.6172,0.4625
12181366.0,6396.029412,20220.225817,26616.255228,5128,2642,0.00,0.6125,0.4500
12181396.0,6396.053703,20220.326817,26616.380520,5129,2642,0.00,0.6172,0.4625
12181631.0,6396.244845,20221.135608,26617.380453,5130,2643,0.00,0.6344,0.4750
12181759.0,6396.349985,20221.571717,26617.921702,5131,2643,0.00,0.6359,0.4625
12181865.0,6396.437748,20221.936533,26618.374281,5132,2643,0.00,0.6547,0.4750
12182220.0,6396.735215,20223.176550,26619.911765,5133,2643,0.00,0.6406,0.4750
12182295.0,6396.797584,20223.440300,26620.237884,5134,2643,0.00,0.6453,0.4875
12182359.0,6396.851040,20223.670167,26620.521207,5135,2643,0.00,0.6500,0.5000
12182754.0,6397.180238,20225.085200,26622.265438,5136,2643,0.00,0.6469,0.4750
12185390.0,6399.307476,20234.010958,26633.318434,5137,2644,0.00,0.6328,0.4625
12185774.0,6399.624476,20235.332558,26634.957034,5138,2645,0.00,0.6609,0.4750
12186091.0,6399.883847,20236.415617,26636.299464,5139,2646,0.00,0.6219,0.4625
12186136.0,6399.920613,20236.570492,26636.491105,5140,2647,0.00,0.6391,0.4750
12186210.0,6399.982061,20236.830725,26636.812786,5141,2648,0.00,0.6578,0.4750
12186465.0,6400.196271,20237.720425,26637.916696,5142,2649,0.00,0.6531,0.4750
12186777.0,6400.452751,20238.807950,26639.260701,5143,2650,0.00,0.6359,0.4625
12187021.0,6400.653137,20239.635117,26640.288254,5144,2651,0.00,0.6516,0.4625
12187297.0,6400.883737,20240.585017,26641.468754,5145,2652,0.00,0.6500,0.4750
12188787.0,6402.104654,20245.725325,26647.829979,5146,2653,0.00,0.6453,0.4750
12189140.0,6402.396560,20246.954633,26649.351193,5147,2654,0.00,0.6391,0.4750
12189577.0,6402.757191,20248.478817,26651.236007,5148,2655,0.00,0.6406,0.4625
12189736.0,6402.889415,20249.026042,26651.915456,5149,2656,0.00,0.6594,0.4625
12189741.0,6402.893645,20249.043250,26651.936895,5150,2657,0.00,0.6781,0.4625
12189930.0,6403.054711,20249.693725,26652.748436,5151,2657,0.00,0.6641,0.4750
12190644.0,6403.642737,20252.164500,26655.807237,5152,2658,0.00,0.6391,0.4750
12190891.0,6403.847841,20253.033117,26656.880958,5153,2659,0.00,0.6563,0.4875
12191046.0,6403.978622,20253.589825,26657.568447,5154,2660,0.00,0.6734,0.5000
12191800.0,6404.608821,20256.264342,26660.873163,5155,2660,0.00,0.6891,0.4750
12191801.0,6404.609690,20256.267858,26660.877548,5156,2660,0.00,0.6891,0.4750
12192372.0,6405.084533,20258.246175,26663.330708,5157,2660,0.00,0.6344,0.4750
12194720.0,6406.992541,20266.275758,26673.268299,5158,2660,0.00,0.6172,0.4625
12194827.0,6407.078978,20266.639442,26673.718420,5159,2661,0.00,0.6109,0.4625
12194858.0,6407.104042,20266.746133,26673.850176,5160,2662,0.00,0.6203,0.4750
12194866.0,6407.110569,20266.774267,26673.884835,5161,2663,0.00,0.6375,0.4875
12194939.0,6407.171098,20267.036458,26674.207556,5162,2664,0.00,0.6547,0.5000
12195193.0,6407.385098,20267.967717,26675.352815,5163,2665,0.00,0.6672,0.5000
12195640.0,6407.758718,20269.565542,26677.324259,5164,2666,0.00,0.6469,0.4875
12195676.0,6407.788830,20269.694842,26677.483672,5165,2667,0.00,0.6609,0.5000
12196100.0,6408.142645,20271.218758,26679.361403,5166,2668,0.00,0.6578,0.5000
12197581.0,6409.387330,20276.557667,26685.944997,5167,2669,0.00,0.6672,0.4875
12199649.0,6411.138904,20283.910533,26695.049437,5168,2670,0.00,0.6438,0.4625
12199961.0,6411.399121,20284.984333,26696.383454,5169,2671,0.00,0.6578,0.4750
12200037.0,6411.463338,20285.251600,26696.714938,5170,2672,0.00,0.6719,0.4875
12200388.0,6411.763760,20286.512275,26698.276035,5171,2673,0.00,0.6859,0.5000
12200494.0,6411.855645,20286.900942,26698.756587,5172,2673,0.00,0.6859,0.5000
12200557.0,6411.910256,20287.131942,26699.042198,5173,2674,0.00,0.6953,0.5125
12201926.0,6413.092787,20292.199683,26705.292470,5174,2675,0.00,0.6844,0.5125
12202585.0,6413.659369,20294.625692,26708.285061,5175,2675,0.00,0.6875,0.5000
12202897.0,6413.930203,20295.769692,26709.699894,5176,2676,0.00,0.7016,0.5125
12203014.0,6414.032246,20296.201992,26710.234238,5177,2677,0.00,0.6938,0.5125
12204311.0,6415.147444,20300.938533,26716.085978,5178,2678,0.00,0.6656,0.4875
12204373.0,6415.200209,20301.161217,26716.361426,5179,2679,0.00,0.6797,0.5000
12204444.0,6415.261092,20301.419375,26716.680467,5180,2680,0.00,0.6797,0.5000
12204866.0,6415.623557,20302.957858,26718.581415,5181,2681,0.00,0.6500,0.4750
12205059.0,6415.785462,20303.636575,26719.422037,5182,2682,0.00,0.6641,0.4875
12205072.0,6415.796510,20303.683267,26719.479777,5183,2683,0.00,0.6781,0.5000
12205190.0,6415.898080,20304.115933,26720.014014,5184,2683,0.00,0.6828,0.5125
12205878.0,6416.482032,20306.602525,26723.084557,5185,2684,0.00,0.6703,0.5000
12206019.0,6416.601482,20307.112250,26723.713732,5186,2685,0.00,0.6797,0.4875
12206066.0,6416.641995,20307.281058,26723.923053,5187,2686,0.00,0.6969,0.5000
12206655.0,6417.153657,20309.418750,26726.572407,5188,2687,0.00,0.7172,0.5000
12207361.0,6417.781231,20311.983117,26729.764348,5189,2687,0.00,0.7156,0.5000
12208439.0,6418.724591,20315.814958,26734.539549,5190,2688,0.00,0.6703,0.4750
12209144.0,6419.327145,20318.294208,26737.621354,5191,2689,0.00,0.6844,0.4875
12209799.0,6419.878460,20320.585175,26740.463635,5192,2690,0.00,0.6703,0.4750
12210947.0,6420.859641,20324.622308,26745.481949,5193,2691,0.00,0.6844,0.4875
12212039.0,6421.775015,20328.459208,26750.234223,5194,2692,0.00,0.6359,0.4625
12212789.0,6422.395945,20331.040158,26753.436103,5195,2692,0.00,0.6375,0.4625
12213388.0,6422.892482,20333.100967,26755.993448,5196,2693,0.00,0.6422,0.4625
12213388.0,6422.892482,20333.100967,26755.993448,5197,2694,0.00,0.6641,0.4750
12213392.0,6422.895881,20333.115033,26756.010914,5198,2694,0.00,0.6688,0.4875
12213411.0,6422.911878,20333.182150,26756.094028,5199,2695,0.00,0.6719,0.4875
12215373.0,6424.558799,20340.086350,26764.645149,5200,2696,0.00,0.6594,0.4875
12216059.0,6425.134885,20342.516333,26767.651218,5201,2697,0.00,0.6641,0.4875
12216064.0,6425.139134,20342.534292,26767.673425,5202,2698,0.00,0.6813,0.5000
12218672.0,6427.369999,20351.901883,26779.271882,5203,2699,0.00,0.6719,0.4875
12220267.0,6428.700514,20357.466567,26786.167080,5204,2699,0.00,0.6219,0.4625
12222522.0,6430.534815,20365.103100,26795.637915,5205,2700,0.00,0.6531,0.4625
12223225.0,6431.126263,20367.522592,26798.648855,5206,2700,0.00,0.6594,0.4750
12224524.0,6432.225451,20372.090742,26804.316193,5207,2701,0.00,0.6969,0.4875
12225106.0,6432.721749,20374.147267,26806.869016,5208,2702,0.00,0.6969,0.4875
12226207.0,6433.650745,20378.002617,26811.653361,5209,2703,0.00,0.6375,0.4625
12227159.0,6434.438794,20381.258758,26815.697552,5210,2703,0.00,0.6375,0.4625
12227669.0,6434.848982,20382.981383,26817.830365,5211,2704,0.00,0.6125,0.4500
12228040.0,6435.149389,20384.230417,26819.379805,5212,2705,0.00,0.6156,0.4625
12228055.0,6435.161571,20384.282042,26819.443613,5213,2706,0.00,0.6375,0.4750
12228758.0,6435.744475,20386.754258,26822.498733,5214,2707,0.00,0.6531,0.4750
12228760.0,6435.746158,20386.761292,26822.507449,5215,2708,0.00,0.6563,0.4875
12228943.0,6435.900564,20387.418567,26823.319131,5216,2708,0.00,0.6688,0.5000
12230616.0,6437.328282,20393.548550,26830.876832,5217,2709,0.00,0.6844,0.5000
12234598.0,6440.744741,20408.149217,26848.893958,5218,2710,0.00,0.6844,0.5125
12236153.0,6442.076486,20413.862133,26855.938620,5219,2711,0.00,0.6719,0.5000
12236645.0,6442.497591,20415.666133,26858.163724,5220,2712,0.00,0.6781,0.5125
12237368.0,6443.119923,20418.371358,26861.491281,5221,2712,0.00,0.6844,0.5250
12238569.0,6444.159539,20422.955175,26867.114714,5222,2712,0.00,0.6969,0.5250
12238570.0,6444.160414,20422.958992,26867.119406,5223,2712,0.00,0.7094,0.5250
12238576.0,6444.165724,20422.981892,26867.147616,5224,2712,0.00,0.7219,0.5250
12239435.0,6444.933971,20426.254558,26871.188530,5225,2713,0.00,0.7281,0.5250
12239700.0,6445.172379,20427.265975,26872.438354,5226,2714,0.00,0.7406,0.5375
12239944.0,6445.394267,20428.215542,26873.609808,5227,2714,0.00,0.7906,0.5375
12240521.0,6445.924848,20430.461033,26876.385882,5228,2714,0.00,0.7906,0.5375
12240695.0,6446.089652,20431.138183,26877.227835,5229,2715,0.00,0.7641,0.5375
12240698.0,6446.092435,20431.149858,26877.242293,5230,2716,0.00,0.7875,0.5375
12240843.0,6446.229580,20431.714150,26877.943730,5231,2716,0.00,0.7922,0.5500
12244809.0,6449.707555,20445.965975,26895.673530,5232,2717,0.00,0.6484,0.4500
12244917.0,6449.798024,20446.329575,26896.127599,5233,2717,0.00,0.6609,0.4625
12244942.0,6449.819209,20446.415617,26896.234825,5234,2717,0.00,0.6656,0.4750
12246891.0,6451.434225,20452.904875,26904.339100,5235,2718,0.00,0.6375,0.4375
12247492.0,6451.932554,20454.883167,26906.815721,5236,2719,0.00,0.6547,0.4500
12247493.0,6451.933397,20454.886533,26906.819930,5237,2719,0.00,0.6594,0.4625
12248368.0,6452.664629,20457.800042,26910.464671,5238,2720,0.00,0.6594,0.4500
12248563.0,6452.829635,20458.456542,26911.286176,5239,2721,0.00,0.6766,0.4625
12248961.0,6453.167430,20459.802175,26912.969605,5240,2721,0.00,0.6641,0.4625
12249012.0,6453.210772,20459.977700,26913.188472,5241,2722,0.00,0.6813,0.4750
12249124.0,6453.307449,20460.371567,26913.679016,5242,2722,0.00,0.6859,0.4875
12249191.0,6453.365528,20460.612208,26913.977736,5243,2723,0.00,0.7031,0.5000
12249856.0,6453.941139,20462.961442,26916.902581,5244,2724,0.00,0.6859,0.4750
12249953.0,6454.025223,20463.302558,26917.327781,5245,2725,0.00,0.7031,0.4875
12250527.0,6454.523311,20465.295475,26919.818786,5246,2726,0.00,0.6813,0.4625
12250599.0,6454.585461,20465.543275,26920.128736,5247,2727,0.00,0.7031,0.4750
12250817.0,6454.777347,20466.309908,26921.087255,5248,2728,0.00,0.7203,0.4875
12250859.0,6454.814877,20466.460758,26921.275635,5249,2729,0.00,0.7375,0.5000
12251254.0,6455.173120,20467.909092,26923.082212,5250,2729,0.00,0.7422,0.5125
12251264.0,6455.182226,20467.946508,26923.128734,5251,2729,0.00,0.7547,0.5250
12251281.0,6455.197871,20468.011392,26923.209263,5252,2729,0.00,0.7594,0.5375
12251282.0,6455.198795,20468.015283,26923.214079,5253,2729,0.00,0.7719,0.5375
12251282.0,6455.198795,20468.015283,26923.214079,5254,2729,0.00,0.7766,0.5500
12251306.0,6455.221291,20468.110483,26923.331774,5255,2730,0.00,0.7938,0.5625
12251429.0,6455.338159,20468.607308,26923.945467,5256,2731,0.00,0.7891,0.5625
12251814.0,6455.697612,20470.134400,26925.832012,5257,2731,0.00,0.7594,0.5500
12251938.0,6455.812183,20470.626267,26926.438450,5258,2732,0.00,0.7719,0.5500
12251986.0,6455.856879,20470.815992,26926.672871,5259,2733,0.00,0.7719,0.5500
12252028.0,6455.896094,20470.982592,26926.878686,5260,2734,0.00,0.7891,0.5625
12252273.0,6456.125111,20471.953075,26928.078186,5261,2735,0.00,0.7641,0.5250
12253549.0,6457.281480,20476.751217,26934.032696,5262,2736,0.00,0.7344,0.5125
12254263.0,6457.918421,20479.377092,26937.295513,5263,2737,0.00,0.7391,0.5125
12254747.0,6458.350986,20481.127383,26939.478370,5264,2738,0.00,0.7219,0.4875
12255792.0,6459.254172,20484.724300,26943.978472,5265,2738,0.00,0.6734,0.4625
12255947.0,6459.387015,20485.257683,26944.644699,5266,2739,0.00,0.6844,0.4625
12256144.0,6459.557544,20485.935692,26945.493235,5267,2740,0.00,0.6984,0.4750
12256173.0,6459.582964,20486.037675,26945.620639,5268,2741,0.00,0.7172,0.4875
12256226.0,6459.630195,20486.228033,26945.858228,5269,2742,0.00,0.7313,0.5000
12256257.0,6459.658159,20486.341700,26945.999859,5270,2743,0.00,0.7453,0.5125
12256266.0,6459.666376,20486.375375,26946.041751,5271,2744,0.00,0.7594,0.5250
12256292.0,6459.690399,20486.474608,26946.165008,5272,2745,0.00,0.7734,0.5375
12256390.0,6459.782019,20486.855992,26946.638011,5273,2746,0.00,0.7875,0.5500
12258236.0,6461.509346,20494.082383,26955.591730,5274,2747,0.00,0.7906,0.5500
12258379.0,6461.642866,20494.628842,26956.271708,5275,2747,0.00,0.7625,0.5250
12258510.0,6461.762670,20495.118175,26956.880845,5276,2748,0.00,0.7234,0.4875
12258719.0,6461.945531,20495.847458,26957.792990,5277,2749,0.00,0.6750,0.4625
12258884.0,6462.087156,20496.415333,26958.502490,5278,2750,0.00,0.6922,0.4750
12259241.0,6462.394372,20497.666883,26960.061256,5279,2751,0.00,0.6391,0.4750
12259610.0,6462.700783,20498.964533,26961.665317,5280,2752,0.00,0.6531,0.4875
12260049.0,6463.065649,20500.510600,26963.576249,5281,2753,0.00,0.6563,0.4875
12260260.0,6463.242401,20501.259667,26964.502067,5282,2754,0.00,0.6594,0.4875
12260581.0,6463.507407,20502.375467,26965.882874,5283,2755,0.00,0.6047,0.4500
12261017.0,6463.852864,20503.815658,26967.668523,5284,2755,0.00,0.5922,0.4500
12261683.0,6464.381617,20506.057858,26970.439476,5285,2756,0.00,0.6094,0.4625
12261708.0,6464.401800,20506.143900,26970.545700,5286,2757,0.00,0.6266,0.4750
12261801.0,6464.478121,20506.470950,26970.949071,5287,2758,0.00,0.6438,0.4875
12261831.0,6464.503142,20506.578700,26971.081842,5288,2759,0.00,0.6609,0.5000
12261847.0,6464.516700,20506.637367,26971.154067,5289,2760,0.00,0.6781,0.5125
12261886.0,6464.550270,20506.783292,26971.333562,5290,2761,0.00,0.6953,0.5250
12261994.0,6464.642230,20507.181767,26971.823997,5291,2762,0.00,0.6797,0.5125
12262769.0,6465.294243,20509.993283,26975.287526,5292,2762,0.00,0.6422,0.4500
12264934.0,6467.019815,20517.282117,26984.301932,5293,2763,0.00,0.6094,0.4625
12266429.0,6468.212386,20522.347008,26990.559394,5294,2764,0.00,0.6047,0.4625
12268240.0,6469.653759,20528.471642,26998.125401,5295,2765,0.00,0.6094,0.4625
12268438.0,6469.811853,20529.139592,26998.951444,5296,2766,0.00,0.6141,0.4625
12268440.0,6469.813475,20529.146475,26998.959950,5297,2767,0.00,0.6313,0.4750
12268768.0,6470.083847,20530.299942,27000.383789,5298,2768,0.00,0.6484,0.4875
12270987.0,6471.889801,20537.973375,27009.863176,5299,2769,0.00,0.6313,0.4750
12271596.0,6472.384450,20540.073775,27012.458225,5300,2770,0.00,0.6172,0.4750
12271997.0,6472.710611,20541.483958,27014.194569,5301,2771,0.00,0.6344,0.4875
12272194.0,6472.872542,20542.186267,27015.058809,5302,2772,0.00,0.6344,0.4875
12272561.0,6473.175954,20543.504408,27016.680363,5303,2773,0.00,0.6516,0.5000
12273606.0,6474.044091,20547.281250,27021.325341,5304,2774,0.00,0.6516,0.5000
12273645.0,6474.076855,20547.424250,27021.501105,5305,2775,0.00,0.6688,0.5125
12274228.0,6474.574430,20549.605642,27024.180071,5306,2776,0.00,0.6859,0.5250
12274466.0,6474.780470,20550.512508,27025.292978,5307,2777,0.00,0.6859,0.5250
12275259.0,6475.466150,20553.529450,27028.995600,5308,2778,0.00,0.6688,0.5125
12275328.0,6475.525040,20553.787625,27029.312665,5309,2779,0.00,0.6859,0.5250
12275509.0,6475.677058,20554.451067,27030.128125,5310,2780,0.00,0.6344,0.4875
12275513.0,6475.680365,20554.465433,27030.145799,5311,2781,0.00,0.6516,0.5000
12276190.0,6476.237285,20556.881392,27033.118677,5312,2782,0.00,0.6344,0.4875
12279135.0,6478.635302,20567.180300,27045.815602,5313,2783,0.00,0.5969,0.4500
12279525.0,6478.946354,20568.493300,27047.439654,5314,2784,0.00,0.6141,0.4625
12279634.0,6479.034492,20568.867017,27047.901509,5315,2785,0.00,0.6141,0.4625
12280241.0,6479.526731,20570.956108,27050.482840,5316,2786,0.00,0.6313,0.4750
12282038.0,6480.961541,20577.014858,27057.976399,5317,2787,0.00,0.5984,0.4500
12283866.0,6482.421720,20583.169125,27065.590845,5318,2788,0.00,0.6156,0.4625
12283883.0,6482.435526,20583.227633,27065.663160,5319,2789,0.00,0.6328,0.4750
12284077.0,6482.595677,20583.909867,27066.505544,5320,2790,0.00,0.6516,0.4875
12284317.0,6482.797302,20584.771867,27067.569169,5321,2791,0.00,0.6703,0.5000
12284858.0,6483.259688,20586.755533,27070.015222,5322,2792,0.00,0.6828,0.5125
12285042.0,6483.418740,20587.444000,27070.862740,5323,2792,0.00,0.6953,0.5250
12287256.0,6485.288304,20595.481225,27080.769529,5324,2792,0.00,0.6984,0.4875
12287485.0,6485.485498,20596.303717,27081.789215,5325,2793,0.00,0.6859,0.5000
12287731.0,6485.697341,20597.194917,27082.892257,5326,2794,0.00,0.7109,0.5000
12287852.0,6485.804581,20597.638583,27083.443165,5327,2794,0.00,0.7609,0.5000
12287852.0,6485.804581,20597.638583,27083.443165,5328,2794,0.00,0.7609,0.5000
12288160.0,6486.081135,20598.762517,27084.843651,5329,2795,0.00,0.6922,0.5000
12289952.0,6487.604286,20605.233058,27092.837344,5330,2796,0.00,0.6922,0.5000
12291189.0,6488.660122,20609.710975,27098.371097,5331,2797,0.00,0.6922,0.5000
12291449.0,6488.886765,20610.664308,27099.551073,5332,2798,0.00,0.7297,0.5125
12293899.0,6490.964071,20619.368192,27110.332262,5333,2799,0.00,0.6547,0.4750
12294684.0,6491.625460,20622.128775,27113.754235,5334,2799,0.00,0.6609,0.4875
12294686.0,6491.627155,20622.135958,27113.763114,5335,2799,0.00,0.6672,0.5000
12295953.0,6492.691555,20626.630875,27119.322430,5336,2799,0.00,0.6297,0.4625
12297006.0,6493.558269,20630.254950,27123.813219,5337,2800,0.00,0.6672,0.4750
12297664.0,6494.116011,20632.568917,27126.684928,5338,2801,0.00,0.6922,0.4875
12299149.0,6495.360852,20637.751267,27133.112119,5339,2801,0.00,0.6188,0.4625
12300933.0,6496.814069,20643.891200,27140.705269,5340,2802,0.00,0.6281,0.4750
12301268.0,6497.088959,20645.067033,27142.155993,5341,2803,0.00,0.6266,0.4750
12302339.0,6497.965961,20648.813583,27146.779544,5342,2803,0.00,0.6234,0.4750
12302769.0,6498.316069,20650.312400,27148.628469,5343,2804,0.00,0.6484,0.4750
12306236.0,6501.060582,20661.852933,27162.913516,5344,2804,0.00,0.5766,0.4375
12306288.0,6501.101235,20662.024100,27163.125335,5345,2804,0.00,0.5828,0.4500
12306391.0,6501.182258,20662.370867,27163.553124,5346,2804,0.00,0.5891,0.4625
12306661.0,6501.395961,20663.300117,27164.696077,5347,2804,0.00,0.5953,0.4750
12307080.0,6501.728938,20664.762875,27166.491813,5348,2805,0.00,0.6266,0.4750
12310608.0,6504.548674,20676.815525,27181.364199,5349,2805,0.00,0.6328,0.4500
12310609.0,6504.549500,20676.818892,27181.368391,5350,2805,0.00,0.6828,0.4500
12311183.0,6505.012615,20678.751358,27183.763974,5351,2806,0.00,0.6203,0.4625
12313656.0,6506.982339,20687.139825,27194.122164,5352,2807,0.00,0.5922,0.4625
12319522.0,6511.569930,20706.385367,27217.955297,5353,2808,0.00,0.6203,0.4250
12320042.0,6511.986446,20708.058033,27220.044479,5354,2809,0.00,0.5953,0.4375
12320930.0,6512.693608,20710.981033,27223.674641,5355,2809,0.00,0.6016,0.4500
12324831.0,6515.819149,20724.114400,27239.933549,5356,2809,0.00,0.6141,0.4500
12324832.0,6515.819960,20724.117767,27239.937727,5357,2809,0.00,0.6266,0.4500
12324833.0,6515.820781,20724.121133,27239.941914,5358,2809,0.00,0.6391,0.4500
12324837.0,6515.824102,20724.134600,27239.958702,5359,2809,0.00,0.6516,0.4500
12324854.0,6515.838384,20724.191833,27240.030217,5360,2809,0.00,0.6641,0.4500
12324854.0,6515.838384,20724.191833,27240.030217,5361,2809,0.00,0.6766,0.4500
12330385.0,6520.588367,20742.748367,27263.336733,5362,2810,0.00,0.6828,0.4375
12330573.0,6520.749515,20743.367200,27264.116715,5363,2811,0.00,0.6891,0.4500
12334015.0,6523.705349,20754.769117,27278.474466,5364,2812,0.00,0.6875,0.4500
12334969.0,6524.532806,20757.977167,27282.509972,5365,2813,0.00,0.6766,0.4500
12335001.0,6524.560311,20758.084900,27282.645211,5366,2813,0.00,0.7266,0.4500
12336224.0,6525.617295,20762.202333,27287.819628,5367,2813,0.00,0.6828,0.4625
12336270.0,6525.657057,20762.360650,27288.017707,5368,2814,0.00,0.7000,0.4750
12336428.0,6525.795240,20762.905858,27288.701098,5369,2815,0.00,0.7125,0.4750
12336580.0,6525.930140,20763.440392,27289.370531,5370,2816,0.00,0.7313,0.4875
12337807.0,6527.001439,20767.710717,27294.712156,5371,2816,0.00,0.6906,0.4750
12337808.0,6527.002310,20767.714233,27294.716543,5372,2816,0.00,0.6969,0.4875
12337838.0,6527.028570,20767.821983,27294.850553,5373,2816,0.00,0.7094,0.5000
12338674.0,6527.742126,20770.875992,27298.618118,5374,2817,0.00,0.6500,0.5000
12338827.0,6527.870476,20771.436992,27299.307468,5375,2818,0.00,0.6563,0.5125
12340356.0,6529.157026,20777.121400,27306.278426,5376,2818,0.00,0.6531,0.5000
12340366.0,6529.165401,20777.157767,27306.323167,5377,2819,0.00,0.6578,0.5000
12340658.0,6529.410828,20778.218383,27307.629211,5378,2820,0.00,0.6625,0.5000
12342290.0,6530.758170,20783.991483,27314.749653,5379,2821,0.00,0.6453,0.4875
12342443.0,6530.885962,20784.541008,27315.426971,5380,2822,0.00,0.6625,0.5000
12344558.0,6532.636527,20791.992633,27324.629160,5381,2823,0.00,0.6469,0.4750
12345206.0,6533.178508,20794.270758,27327.449266,5382,2824,0.00,0.6578,0.4750
12346873.0,6534.569039,20800.023317,27334.592355,5383,2825,0.00,0.6516,0.4625
12347026.0,6534.696478,20800.543742,27335.240220,5384,2826,0.00,0.6516,0.4625
12347048.0,6534.714961,20800.619458,27335.334419,5385,2827,0.00,0.6688,0.4750
12347122.0,6534.778118,20800.879692,27335.657809,5386,2828,0.00,0.6859,0.4875
12347148.0,6534.800656,20800.973075,27335.773731,5387,2829,0.00,0.7031,0.5000
12347555.0,6535.158900,20802.465408,27337.624309,5388,2830,0.00,0.7219,0.5125
12347558.0,6535.161585,20802.476633,27337.638218,5389,2831,0.00,0.7391,0.5250
12349891.0,6537.116135,20810.464567,27347.580702,5390,2832,0.00,0.6391,0.4500
12350922.0,6537.953062,20813.831725,27351.784787,5391,2833,0.00,0.6094,0.4375
12351453.0,6538.381734,20815.579600,27353.961334,5392,2834,0.00,0.6188,0.4500
12352440.0,6539.182461,20818.868900,27358.051361,5393,2835,0.00,0.6266,0.4500
12354012.0,6540.455240,20824.064250,27364.519490,5394,2836,0.00,0.6266,0.4500
12354223.0,6540.628399,20824.774617,27365.403016,5395,2836,0.00,0.6453,0.4625
12354350.0,6540.733339,20825.205333,27365.938672,5396,2836,0.00,0.6406,0.4625
12354794.0,6541.099641,20826.710858,27367.810500,5397,2837,0.00,0.6453,0.4625
12354992.0,6541.265020,20827.392308,27368.657328,5398,2837,0.00,0.6578,0.4750
12355045.0,6541.309803,20827.578692,27368.888494,5399,2837,0.00,0.6703,0.4875
12355537.0,6541.722172,20829.283017,27371.005188,5400,2837,0.00,0.6578,0.4750
12356440.0,6542.472806,20832.381992,27374.854798,5401,2838,0.00,0.6453,0.4625
12356870.0,6542.831961,20833.861908,27376.693869,5402,2839,0.00,0.6625,0.4750
12357063.0,6542.993684,20834.529075,27377.522759,5403,2840,0.00,0.6531,0.4500
12357179.0,6543.091277,20834.919608,27378.010885,5404,2840,0.00,0.7031,0.4500
12357720.0,6543.548297,20836.740975,27380.289272,5405,2841,0.00,0.6500,0.4625
12357761.0,6543.582692,20836.882083,27380.464775,5406,2841,0.00,0.7000,0.4625
12357768.0,6543.588836,20836.906175,27380.495011,5407,2842,0.00,0.7219,0.4750
12357769.0,6543.589731,20836.909692,27380.499423,5408,2843,0.00,0.7438,0.4875
12357772.0,6543.592466,20836.920467,27380.512933,5409,2844,0.00,0.7656,0.5000
12358043.0,6543.840793,20837.914133,27381.754927,5410,2845,0.00,0.7328,0.5125
12358641.0,6544.378263,20840.109950,27384.488213,5411,2846,0.00,0.7500,0.5000
12360527.0,6546.008088,20846.558783,27392.566871,5412,2847,0.00,0.6672,0.4500
12360576.0,6546.049848,20846.723750,27392.773598,5413,2848,0.00,0.6891,0.4625
12362598.0,6547.795688,20853.651000,27401.446688,5414,2849,0.00,0.6609,0.4625
12362722.0,6547.900765,20854.077767,27401.978532,5415,2850,0.00,0.6828,0.4750
12364786.0,6549.649480,20861.157967,27410.807447,5416,2851,0.00,0.6438,0.4500
12365609.0,6550.335885,20863.928733,27414.264618,5417,2852,0.00,0.6609,0.4625
12365900.0,6550.580657,20864.922233,27415.502890,5418,2853,0.00,0.6563,0.4625
12366007.0,6550.670799,20865.287642,27415.958441,5419,2853,0.00,0.6563,0.4625
12366450.0,6551.044233,20866.810350,27417.854583,5420,2853,0.00,0.6438,0.4625
12366482.0,6551.070722,20866.919358,27417.990080,5421,2854,0.00,0.6438,0.4625
12366487.0,6551.074892,20866.936567,27418.011458,5422,2855,0.00,0.6609,0.4750
12366631.0,6551.196676,20867.438017,27418.634693,5423,2855,0.00,0.6688,0.4750
12368014.0,6552.360589,20872.183667,27424.544256,5424,2856,0.00,0.6594,0.4500
12368306.0,6552.607382,20873.160733,27425.768115,5425,2857,0.00,0.6766,0.4500
12368306.0,6552.607382,20873.160733,27425.768115,5426,2858,0.00,0.6984,0.4625
12368306.0,6552.607382,20873.160733,27425.768115,5427,2859,0.00,0.7203,0.4750
12369034.0,6553.244577,20875.686592,27428.931168,5428,2860,0.00,0.7016,0.4750
12369536.0,6553.685831,20877.451958,27431.137789,5429,2861,0.00,0.7391,0.4875
12371595.0,6555.495634,20884.625575,27440.121209,5430,2862,0.00,0.7000,0.4750
12372191.0,6556.018790,20886.721508,27442.740298,5431,2862,0.00,0.7172,0.4875
12372295.0,6556.111469,20887.095042,27443.206510,5432,2862,0.00,0.7297,0.5000
12372831.0,6556.587494,20889.015000,27445.602494,5433,2862,0.00,0.7109,0.4875
12373319.0,6557.018878,20890.761433,27447.780312,5434,2862,0.00,0.6984,0.4875
12374117.0,6557.706072,20893.523483,27451.229555,5435,2862,0.00,0.6938,0.4750
12374152.0,6557.736381,20893.644692,27451.381073,5436,2863,0.00,0.6984,0.4750
12374176.0,6557.757418,20893.729092,27451.486510,5437,2864,0.00,0.7156,0.4875
12374186.0,6557.766318,20893.765008,27451.531326,5438,2865,0.00,0.7531,0.5000
12374443.0,6558.002526,20894.707342,27452.709867,5439,2866,0.00,0.7703,0.5125
12374784.0,6558.316954,20895.963375,27454.280329,5440,2866,0.00,0.7656,0.5125
12375521.0,6558.980704,20898.613283,27457.593987,5441,2867,0.00,0.7047,0.4750
12376606.0,6559.931118,20902.383117,27462.314235,5442,2868,0.00,0.7141,0.4750
12376887.0,6560.174897,20903.356000,27463.530897,5443,2869,0.00,0.6984,0.4750
12377858.0,6561.012836,20906.712483,27467.725320,5444,2870,0.00,0.6953,0.4750
12379849.0,6562.753233,20913.714167,27476.467400,5445,2871,0.00,0.7172,0.4875
12380535.0,6563.353670,20916.130050,27479.483720,5446,2872,0.00,0.7172,0.4875
12381102.0,6563.858950,20918.166525,27482.025475,5447,2872,0.00,0.7672,0.4875
12381102.0,6563.858950,20918.166525,27482.025475,5448,2872,0.00,0.8172,0.4875
12381675.0,6564.380854,20920.224550,27484.605404,5449,2872,0.00,0.7672,0.4875
12382411.0,6565.043621,20922.868017,27487.911638,5450,2872,0.00,0.7297,0.4875
12382414.0,6565.046324,20922.878792,27487.925115,5451,2872,0.00,0.7422,0.4875
12382417.0,6565.049055,20922.889567,27487.938622,5452,2872,0.00,0.7547,0.4875
12384122.0,6566.616232,20929.004733,27495.620965,5453,2873,0.00,0.7484,0.4750
12384399.0,6566.864197,20929.954100,27496.818297,5454,2874,0.00,0.7266,0.4625
12384449.0,6566.909119,20930.126183,27497.035302,5455,2875,0.00,0.7484,0.4750
12384450.0,6566.910034,20930.129700,27497.039734,5456,2876,0.00,0.7703,0.4875
12384818.0,6567.253182,20931.451433,27498.704615,5457,2877,0.00,0.8078,0.5000
12385325.0,6567.732397,20933.305183,27501.037580,5458,2878,0.00,0.7547,0.5000
12385576.0,6567.963395,20934.225517,27502.188912,5459,2878,0.00,0.7672,0.5125
12385922.0,6568.285188,20935.520133,27503.805321,5460,2878,0.00,0.7797,0.5250
12386100.0,6568.452464,20936.199500,27504.651964,5461,2879,0.00,0.7969,0.5375
12386145.0,6568.495355,20936.374625,27504.869980,5462,2879,0.00,0.8094,0.5500
12386254.0,6568.600305,20936.806992,27505.407297,5463,2880,0.00,0.8281,0.5625
12386526.0,6568.863561,20937.886225,27506.749786,5464,2881,0.00,0.8328,0.5625
12387648.0,6569.905329,20942.172725,27512.078054,5465,2882,0.00,0.7719,0.5250
12391280.0,6573.280221,20955.940733,27529.220954,5466,2883,0.00,0.7656,0.5000
12392315.0,6574.221475,20959.668983,27533.890458,5467,2884,0.00,0.7172,0.4875
12393486.0,6575.261429,20963.847225,27539.108654,5468,2885,0.00,0.7266,0.4875
12393728.0,6575.477149,20964.708908,27540.186058,5469,2885,0.00,0.7109,0.4875
12393976.0,6575.696948,20965.599642,27541.296590,5470,2886,0.00,0.7484,0.5000
12393996.0,6575.714951,20965.671625,27541.386576,5471,2886,0.00,0.7328,0.5000
12394047.0,6575.761019,20965.858625,27541.619644,5472,2887,0.00,0.7547,0.5125
12394085.0,6575.795991,20966.000808,27541.796799,5473,2888,0.00,0.7766,0.5250
12394264.0,6575.963772,20966.683992,27542.647764,5474,2889,0.00,0.7984,0.5375
12394704.0,6576.381453,20968.386500,27544.767953,5475,2890,0.00,0.7984,0.5375
12395790.0,6577.390917,20972.543550,27549.934467,5476,2890,0.00,0.7672,0.5375
12395848.0,6577.444859,20972.769267,27550.214126,5477,2890,0.00,0.7766,0.5500
12396274.0,6577.844160,20974.459067,27552.303227,5478,2891,0.00,0.7953,0.5625
12396588.0,6578.143060,20975.728150,27553.871210,5479,2892,0.00,0.8328,0.5750
12397220.0,6578.763100,20978.329883,27557.092983,5480,2892,0.00,0.8422,0.5875
12397221.0,6578.764088,20978.334075,27557.098163,5481,2892,0.00,0.8516,0.6000
12398373.0,6579.834115,20982.925800,27562.759915,5482,2893,0.00,0.7547,0.5250
12398378.0,6579.838716,20982.944883,27562.783600,5483,2893,0.00,0.7609,0.5375
12401413.0,6582.598975,20994.396017,27576.994991,5484,2894,0.00,0.7734,0.5250
12403853.0,6584.729426,21003.058808,27587.788234,5485,2894,0.00,0.6766,0.4500
12403856.0,6584.732005,21003.068908,27587.800913,5486,2894,0.00,0.7266,0.4500
12404671.0,6585.412276,21005.812742,27591.225017,5487,2894,0.00,0.6766,0.4500
12404671.0,6585.412276,21005.812742,27591.225017,5488,2894,0.00,0.7266,0.4500
12404671.0,6585.412276,21005.812742,27591.225017,5489,2894,0.00,0.7766,0.4500
12404672.0,6585.413213,21005.816108,27591.229321,5490,2894,0.00,0.8266,0.4500
12405366.0,6586.005773,21008.152575,27594.158348,5491,2894,0.00,0.6766,0.4500
12407237.0,6587.546905,21014.451608,27601.998514,5492,2895,0.00,0.6328,0.4625
12410676.0,6590.385871,21026.287500,27616.673371,5493,2896,0.00,0.6453,0.4750
12411255.0,6590.869477,21028.323650,27619.193127,5494,2896,0.00,0.6578,0.4750
12411275.0,6590.886376,21028.393983,27619.280360,5495,2896,0.00,0.6703,0.4750
12412976.0,6592.320819,21034.176483,27626.497302,5496,2897,0.00,0.6641,0.4500
12413439.0,6592.711517,21035.735250,27628.446767,5497,2898,0.00,0.6703,0.4625
12414281.0,6593.431164,21038.633133,27632.064298,5498,2899,0.00,0.6953,0.4750
12414316.0,6593.461759,21038.756217,27632.217976,5499,2900,0.00,0.7016,0.4875
12414428.0,6593.560206,21039.158483,27632.718689,5500,2901,0.00,0.7391,0.5000
12414939.0,6594.024276,21041.032150,27635.056426,5501,2902,0.00,0.7453,0.5125
12416010.0,6594.974384,21044.968150,27639.942534,5502,2903,0.00,0.7453,0.5125
12416266.0,6595.208117,21045.926017,27641.134134,5503,2903,0.00,0.7516,0.5250
12416750.0,6595.650199,21047.750933,27643.401132,5504,2904,0.00,0.7594,0.5250
12416789.0,6595.686189,21047.899108,27643.585298,5505,2904,0.00,0.7594,0.5250
12418236.0,6597.004113,21053.261625,27650.265737,5506,2905,0.00,0.7109,0.5000
12418327.0,6597.084609,21053.592892,27650.677501,5507,2906,0.00,0.7109,0.5000
12418657.0,6597.377083,21054.802892,27652.179974,5508,2907,0.00,0.7297,0.5125
12418913.0,6597.605226,21055.741633,27653.346859,5509,2908,0.00,0.7344,0.5125
12419172.0,6597.836146,21056.695500,27654.531646,5510,2909,0.00,0.7203,0.5000
12420105.0,6598.648798,21059.998375,27658.647173,5511,2909,0.00,0.6922,0.4875
12420544.0,6599.031475,21061.575117,27660.606591,5512,2909,0.00,0.7047,0.5000
12421538.0,6599.899783,21065.159408,27665.059192,5513,2910,0.00,0.7094,0.5000
12421596.0,6599.951117,21065.372075,27665.323192,5514,2911,0.00,0.7344,0.5125
12421701.0,6600.046091,21065.764950,27665.811041,5515,2911,0.00,0.7469,0.5250
12421704.0,6600.048834,21065.776400,27665.825234,5516,2912,0.00,0.7750,0.5375
12421855.0,6600.190187,21066.364042,27666.554228,5517,2912,0.00,0.7875,0.5500
12422412.0,6600.703675,21068.509650,27669.213325,5518,2913,0.00,0.7531,0.5250
12422966.0,6601.209152,21070.603308,27671.812460,5519,2913,0.00,0.7422,0.5250
12423116.0,6601.345108,21071.170933,27672.516041,5520,2914,0.00,0.7578,0.5250
12423801.0,6601.959264,21073.684325,27675.643589,5521,2915,0.00,0.7156,0.5000
12423830.0,6601.985072,21073.790658,27675.775731,5522,2916,0.00,0.7328,0.5125
12423832.0,6601.986879,21073.798142,27675.785020,5523,2917,0.00,0.7500,0.5250
12423859.0,6602.011629,21073.901192,27675.912820,5524,2918,0.00,0.7672,0.5375
12423925.0,6602.073011,21074.158042,27676.231053,5525,2918,0.00,0.7719,0.5500
12424125.0,6602.255416,21074.927075,27677.182491,5526,2918,0.00,0.7328,0.5250
12424232.0,6602.350986,21075.328708,27677.679694,5527,2919,0.00,0.7172,0.5125
12424834.0,6602.887456,21077.581192,27680.468648,5528,2920,0.00,0.7359,0.5250
12425048.0,6603.081282,21078.397958,27681.479240,5529,2921,0.00,0.7641,0.5375
12425391.0,6603.399450,21079.732800,27683.132250,5530,2922,0.00,0.7813,0.5500
12426769.0,6604.625146,21084.668767,27689.293913,5531,2923,0.00,0.7031,0.4625
12426800.0,6604.652433,21084.775458,27689.427891,5532,2924,0.00,0.7203,0.4750
12426800.0,6604.652433,21084.775458,27689.427891,5533,2925,0.00,0.7375,0.4875
12426812.0,6604.663316,21084.818558,27689.481874,5534,2926,0.00,0.7547,0.5000
12428049.0,6605.748895,21089.071475,27694.820370,5535,2927,0.00,0.6781,0.4625
12428236.0,6605.909763,21089.714092,27695.623855,5536,2927,0.00,0.7188,0.4500
12428237.0,6605.910655,21089.717458,27695.628114,5537,2927,0.00,0.7688,0.4500
12429112.0,6606.647887,21092.551017,27699.198903,5538,2928,0.00,0.6500,0.4375
12429144.0,6606.674731,21092.656350,27699.331081,5539,2929,0.00,0.6672,0.4500
12429387.0,6606.881830,21093.474450,27700.356280,5540,2929,0.00,0.6797,0.4625
12429924.0,6607.333723,21095.250700,27702.584423,5541,2930,0.00,0.6500,0.4375
12430044.0,6607.433507,21095.640750,27703.074257,5542,2930,0.00,0.6375,0.4375
12430067.0,6607.452578,21095.716458,27703.169036,5543,2931,0.00,0.6547,0.4500
12430188.0,6607.554524,21096.123825,27703.678349,5544,2932,0.00,0.6719,0.4625
12430296.0,6607.646962,21096.495525,27704.142487,5545,2933,0.00,0.6891,0.4750
12430888.0,6608.152600,21098.527067,27706.679667,5546,2934,0.00,0.6563,0.4375
12430923.0,6608.182132,21098.642275,27706.824407,5547,2935,0.00,0.6750,0.4375
12430926.0,6608.184707,21098.652150,27706.836857,5548,2936,0.00,0.6938,0.4375
12430963.0,6608.217005,21098.773942,27706.990946,5549,2937,0.00,0.7125,0.4375
12430967.0,6608.220555,21098.787108,27707.007663,5550,2938,0.00,0.7313,0.4375
12431121.0,6608.359475,21099.294025,27707.653500,5551,2939,0.00,0.7500,0.4375
12431350.0,6608.569392,21100.047817,27708.617209,5552,2940,0.00,0.7688,0.4375
12431584.0,6608.785263,21100.818067,27709.603330,5553,2941,0.00,0.7641,0.4500
12432162.0,6609.282754,21102.758375,27712.041129,5554,2942,0.00,0.6547,0.4500
12432163.0,6609.283597,21102.761742,27712.045338,5555,2943,0.00,0.6719,0.4625
12432202.0,6609.316977,21102.895967,27712.212943,5556,2944,0.00,0.6891,0.4750
12432206.0,6609.320454,21102.910033,27712.230487,5557,2945,0.00,0.7063,0.4875
12432235.0,6609.346050,21103.014192,27712.360242,5558,2946,0.00,0.7234,0.5000
12432587.0,6609.653477,21104.260158,27713.913636,5559,2947,0.00,0.6719,0.4625
12432589.0,6609.655189,21104.267042,27713.922231,5560,2948,0.00,0.6891,0.4750
12432709.0,6609.759502,21104.689042,27714.448543,5561,2949,0.00,0.7063,0.4875
12433466.0,6610.415204,21107.301508,27717.716712,5562,2949,0.00,0.7016,0.4750
12433797.0,6610.705736,21108.463200,27719.168936,5563,2950,0.00,0.7031,0.4625
12433799.0,6610.707497,21108.470083,27719.177580,5564,2951,0.00,0.7219,0.4625
12433830.0,6610.735235,21108.576775,27719.312010,5565,2952,0.00,0.7406,0.4625
12433884.0,6610.784341,21108.762625,27719.546966,5566,2953,0.00,0.7578,0.4750
12434103.0,6610.984524,21109.522125,27720.506649,5567,2953,0.00,0.7406,0.4625
12434329.0,6611.188581,21110.294767,27721.483347,5568,2954,0.00,0.7219,0.4625
12434379.0,6611.233320,21110.466850,27721.700170,5569,2955,0.00,0.7391,0.4750
12434547.0,6611.379782,21111.023375,27722.403157,5570,2956,0.00,0.6844,0.4375
12434946.0,6611.712818,21112.321975,27724.034793,5571,2957,0.00,0.6500,0.4375
12434948.0,6611.714496,21112.328558,27724.043054,5572,2958,0.00,0.6672,0.4500
12435425.0,6612.113910,21113.894558,27726.008469,5573,2959,0.00,0.6500,0.4375
12435501.0,6612.177666,21114.144725,27726.322391,5574,2960,0.00,0.6672,0.4500
12435939.0,6612.550955,21115.619325,27728.170280,5575,2961,0.00,0.6813,0.4625
12435966.0,6612.574261,21115.712250,27728.286511,5576,2962,0.00,0.7031,0.4750
12436224.0,6612.795581,21116.588125,27729.383706,5577,2963,0.00,0.6844,0.4625
12436492.0,6613.024574,21117.493692,27730.518265,5578,2964,0.00,0.6844,0.4625
12436706.0,6613.207010,21118.214458,27731.421469,5579,2965,0.00,0.6844,0.4625
12436924.0,6613.393123,21118.950192,27732.343315,5580,2966,0.00,0.6859,0.4500
12436991.0,6613.451201,21119.175758,27732.626960,5581,2967,0.00,0.7047,0.4500
12437305.0,6613.727968,21120.232892,27733.960860,5582,2968,0.00,0.7188,0.4625
12437658.0,6614.034951,21121.447800,27735.482751,5583,2969,0.00,0.6984,0.4750
12438546.0,6614.810839,21124.556575,27739.367414,5584,2970,0.00,0.6984,0.4750
12438612.0,6614.868692,21124.788675,27739.657367,5585,2971,0.00,0.7156,0.4875
12438877.0,6615.100807,21125.719617,27740.820424,5586,2971,0.00,0.6938,0.4750
12439296.0,6615.463176,21127.167000,27742.630176,5587,2972,0.00,0.6984,0.4750
12439617.0,6615.741949,21128.278000,27744.019949,5588,2973,0.00,0.7016,0.4750
12439702.0,6615.816664,21128.576917,27744.393580,5589,2974,0.00,0.7188,0.4875
12440242.0,6616.284155,21130.435717,27746.719871,5590,2975,0.00,0.6844,0.4625
12440247.0,6616.288483,21130.452925,27746.741408,5591,2976,0.00,0.7031,0.4625
12440256.0,6616.296405,21130.483900,27746.780305,5592,2977,0.00,0.7125,0.4750
12440287.0,6616.323917,21130.592917,27746.916834,5593,2978,0.00,0.7297,0.4875
12440291.0,6616.327521,21130.607283,27746.934804,5594,2979,0.00,0.7484,0.4875
12440516.0,6616.531295,21131.415408,27747.946703,5595,2980,0.00,0.7469,0.5000
12440646.0,6616.650146,21131.892075,27748.542221,5596,2981,0.00,0.7641,0.5125
12440730.0,6616.727510,21132.206375,27748.933885,5597,2982,0.00,0.7641,0.5125
12441193.0,6617.146120,21133.877942,27751.024062,5598,2983,0.00,0.7281,0.5000
12441822.0,6617.711521,21136.179325,27753.890846,5599,2984,0.00,0.7438,0.4875
12441945.0,6617.823673,21136.621100,27754.444773,5600,2985,0.00,0.7609,0.5000
12442471.0,6618.304392,21138.516542,27756.820934,5601,2986,0.00,0.7609,0.5000
12442957.0,6618.745404,21140.275367,27759.020771,5602,2987,0.00,0.7141,0.4875
12445283.0,6620.788263,21148.451683,27769.239946,5603,2987,0.00,0.6969,0.4750
12445538.0,6621.011476,21149.348433,27770.359909,5604,2988,0.00,0.7188,0.4875
12445539.0,6621.012368,21149.352025,27770.364393,5605,2989,0.00,0.7406,0.5000
12446232.0,6621.633960,21151.832350,27773.466310,5606,2990,0.00,0.6844,0.4625
12446365.0,6621.749088,21152.290092,27774.039180,5607,2991,0.00,0.7016,0.4750
12446408.0,6621.786885,21152.441308,27774.228193,5608,2992,0.00,0.7188,0.4875
12447423.0,6622.692631,21156.086850,27778.779481,5609,2993,0.00,0.7359,0.5000
12448381.0,6623.551617,21159.550692,27783.102309,5610,2994,0.00,0.7031,0.4625
12448622.0,6623.761635,21160.368283,27784.129919,5611,2995,0.00,0.7047,0.4500
12449167.0,6624.234617,21162.203117,27786.437734,5612,2996,0.00,0.6859,0.4500
12449255.0,6624.310899,21162.499383,27786.810283,5613,2997,0.00,0.7031,0.4625
12449430.0,6624.464936,21163.101675,27787.566611,5614,2998,0.00,0.7313,0.4750
12449490.0,6624.519061,21163.312675,27787.831736,5615,2999,0.00,0.7484,0.4875
12450429.0,6625.348307,21166.627500,27791.975807,5616,3000,0.00,0.7188,0.4875
12450477.0,6625.391140,21166.799900,27792.191040,5617,3001,0.00,0.7359,0.5000
12450513.0,6625.423747,21166.931900,27792.355647,5618,3002,0.00,0.7531,0.5125
12450514.0,6625.424666,21166.935642,27792.360307,5619,3003,0.00,0.7703,0.5250
12450793.0,6625.681883,21167.983992,27793.665874,5620,3004,0.00,0.7781,0.5250
12451095.0,6625.962488,21169.120725,27795.083213,5621,3004,0.00,0.8109,0.5125
12451664.0,6626.488993,21171.219208,27797.708202,5622,3004,0.00,0.7938,0.5000
12451664.0,6626.488993,21171.219208,27797.708202,5623,3004,0.00,0.7938,0.5000
12451664.0,6626.488993,21171.219208,27797.708202,5624,3004,0.00,0.7938,0.5000
12451762.0,6626.580918,21171.571567,27798.152485,5625,3005,0.00,0.8016,0.4875
12451970.0,6626.774832,21172.318633,27799.093465,5626,3006,0.00,0.7703,0.4875
12452185.0,6626.974858,21173.088292,27800.063149,5627,3007,0.00,0.7719,0.4750
12452246.0,6627.031077,21173.298683,27800.329760,5628,3007,0.00,0.8047,0.4625
12452273.0,6627.056975,21173.391608,27800.448584,5629,3008,0.00,0.8219,0.4750
12452733.0,6627.485360,21175.005675,27802.491035,5630,3009,0.00,0.7281,0.4750
12453111.0,6627.821057,21176.310450,27804.131507,5631,3010,0.00,0.7281,0.4750
12453483.0,6628.152894,21177.602750,27805.755644,5632,3011,0.00,0.7281,0.4750
12453753.0,6628.395801,21178.552250,27806.948051,5633,3012,0.00,0.7375,0.4875
12453869.0,6628.501006,21178.968883,27807.469889,5634,3013,0.00,0.7547,0.5000
12453874.0,6628.505608,21178.987217,27807.492824,5635,3014,0.00,0.7719,0.5125
12454279.0,6628.879230,21180.477242,27809.356472,5636,3015,0.00,0.7719,0.5125
12455230.0,6629.709698,21183.777042,27813.486740,5637,3015,0.00,0.6734,0.4625
12455241.0,6629.719126,21183.814900,27813.534026,5638,3015,0.00,0.6797,0.4750
12455250.0,6629.726884,21183.846550,27813.573434,5639,3015,0.00,0.6859,0.4875
12455257.0,6629.732952,21183.871692,27813.604644,5640,3015,0.00,0.6922,0.5000
12455415.0,6629.870681,21184.451025,27814.321706,5641,3016,0.00,0.7094,0.5125
12455453.0,6629.904314,21184.593208,27814.497522,5642,3017,0.00,0.7266,0.5250
12455455.0,6629.906110,21184.600842,27814.506952,5643,3018,0.00,0.7438,0.5375
12455488.0,6629.936200,21184.729267,27814.665467,5644,3019,0.00,0.7609,0.5500
12455691.0,6630.124010,21185.534500,27815.658510,5645,3019,0.00,0.7656,0.5625
12455856.0,6630.277265,21186.201375,27816.478640,5646,3020,0.00,0.7844,0.5750
12457958.0,6632.112689,21193.726833,27825.839523,5647,3021,0.00,0.6906,0.4750
12458414.0,6632.508107,21195.321883,27827.829990,5648,3022,0.00,0.6906,0.4750
12458590.0,6632.661313,21195.940817,27828.602129,5649,3023,0.00,0.7156,0.4875
12458798.0,6632.842996,21196.674683,27829.517679,5650,3024,0.00,0.7078,0.4875
12458948.0,6632.974317,21197.206383,27830.180701,5651,3025,0.00,0.6906,0.4750
12459020.0,6633.036992,21197.459583,27830.496576,5652,3026,0.00,0.7078,0.4875
12460244.0,6634.104296,21201.778008,27835.882305,5653,3027,0.00,0.6891,0.4750
12460707.0,6634.499376,21203.364750,27837.864126,5654,3028,0.00,0.6719,0.4625
12463390.0,6636.727230,21212.304892,27849.032122,5655,3029,0.00,0.6297,0.4375
12463415.0,6636.747807,21212.387183,27849.134991,5656,3029,0.00,0.6484,0.4500
12463468.0,6636.792204,21212.565617,27849.357821,5657,3030,0.00,0.6656,0.4625
12463540.0,6636.853479,21212.813417,27849.666896,5658,3031,0.00,0.6828,0.4750
12463638.0,6636.937109,21213.151975,27850.089084,5659,3032,0.00,0.6828,0.4750
12465862.0,6638.794881,21220.610192,27859.405073,5660,3032,0.00,0.6438,0.4500
12466424.0,6639.258860,21222.465658,27861.724519,5661,3033,0.00,0.6500,0.4375
12466485.0,6639.310032,21222.666450,27861.976482,5662,3034,0.00,0.6625,0.4500
12466491.0,6639.315124,21222.686650,27862.001774,5663,3035,0.00,0.6813,0.4500
12466979.0,6639.725625,21224.323358,27864.048983,5664,3036,0.00,0.6594,0.4500
12467470.0,6640.141099,21225.976392,27866.117491,5665,3037,0.00,0.6766,0.4625
12467516.0,6640.180639,21226.134708,27866.315347,5666,3038,0.00,0.6938,0.4750
12467964.0,6640.564859,21227.686700,27868.251559,5667,3039,0.00,0.6828,0.4750
12467967.0,6640.567452,21227.697250,27868.264702,5668,3040,0.00,0.7000,0.4875
12469053.0,6641.487646,21231.412250,27872.899896,5669,3041,0.00,0.6438,0.4500
12470860.0,6642.994734,21237.495817,27880.490551,5670,3042,0.00,0.6609,0.4625
12470868.0,6643.001513,21237.523350,27880.524863,5671,3043,0.00,0.6781,0.4750
12471828.0,6643.826111,21240.890425,27884.716536,5672,3043,0.00,0.6719,0.4750
12472117.0,6644.072018,21241.895567,27885.967585,5673,3044,0.00,0.6719,0.4750
12472929.0,6644.764367,21244.730700,27889.495067,5674,3045,0.00,0.6766,0.4750
12473194.0,6644.992147,21245.662617,27890.654764,5675,3046,0.00,0.7047,0.4875
12473547.0,6645.303290,21246.930475,27892.233765,5676,3047,0.00,0.7328,0.5000
12473800.0,6645.529396,21247.849817,27893.379213,5677,3048,0.00,0.7172,0.5000
12473981.0,6645.688681,21248.506583,27894.195265,5678,3049,0.00,0.7078,0.5000
12474857.0,6646.441656,21251.594533,27898.036189,5679,3049,0.00,0.7078,0.4625
12475755.0,6647.206034,21254.685150,27901.891184,5680,3050,0.00,0.6750,0.4750
12475993.0,6647.410318,21255.522117,27902.932434,5681,3051,0.00,0.6922,0.4875
12476010.0,6647.425137,21255.583175,27903.008312,5682,3051,0.00,0.7422,0.4875
12477489.0,6648.719983,21260.895250,27909.615233,5683,3052,0.00,0.7047,0.5000
12478490.0,6649.595657,21264.516908,27914.112566,5684,3052,0.00,0.6813,0.4875
12479056.0,6650.084226,21266.549792,27916.634017,5685,3052,0.00,0.6875,0.5000
12479196.0,6650.205753,21267.063125,27917.268878,5686,3052,0.00,0.7063,0.5125
12479566.0,6650.527517,21268.422792,27918.950309,5687,3052,0.00,0.6938,0.5125
12479566.0,6650.527517,21268.422792,27918.950309,5688,3052,0.00,0.7000,0.5250
12479805.0,6650.737306,21269.334975,27920.072281,5689,3052,0.00,0.7125,0.5375
12480966.0,6651.767694,21273.853200,27925.620894,5690,3052,0.00,0.7188,0.5500
12483692.0,6654.174632,21284.270783,27938.445416,5691,3052,0.00,0.7125,0.5250
12484445.0,6654.836367,21287.094183,27941.930551,5692,3053,0.00,0.7172,0.5250
12485437.0,6655.703838,21290.748542,27946.452380,5693,3054,0.00,0.7188,0.5125
12486333.0,6656.472019,21293.925050,27950.397069,5694,3055,0.00,0.6797,0.4875
12488104.0,6657.953580,21300.071017,27958.024596,5695,3056,0.00,0.6422,0.4625
12490123.0,6659.608613,21306.871542,27966.480154,5696,3057,0.00,0.6281,0.4625
12490600.0,6659.999937,21308.502267,27968.502204,5697,3058,0.00,0.6344,0.4625
12492698.0,6661.716055,21315.581133,27977.297188,5698,3059,0.00,0.6281,0.4500
12496869.0,6665.144095,21329.623500,27994.767595,5699,3060,0.00,0.6453,0.4625
12497322.0,6665.522460,21331.182575,27996.705035,5700,3061,0.00,0.6578,0.4750
12497343.0,6665.540205,21331.256425,27996.796630,5701,3062,0.00,0.6750,0.4875
12497703.0,6665.848015,21332.542750,27998.390765,5702,3062,0.00,0.6703,0.4750
12497751.0,6665.888706,21332.709675,27998.598381,5703,3062,0.00,0.6594,0.4750
12497766.0,6665.901398,21332.762425,27998.663823,5704,3062,0.00,0.6719,0.4875
12498185.0,6666.260022,21334.267333,28000.527355,5705,3062,0.00,0.7219,0.4875
12498456.0,6666.497532,21335.240675,28001.738207,5706,3063,0.00,0.6906,0.5000
12498516.0,6666.549762,21335.460675,28002.010437,5707,3064,0.00,0.7094,0.5125
12498755.0,6666.761293,21336.354933,28003.116227,5708,3065,0.00,0.7281,0.5250
12498755.0,6666.761293,21336.354933,28003.116227,5709,3065,0.00,0.7781,0.5250
12498756.0,6666.762232,21336.358750,28003.120982,5710,3065,0.00,0.7781,0.5250
12499992.0,6667.842134,21340.850475,28008.692609,5711,3065,0.00,0.6891,0.5000
12502173.0,6669.738014,21348.847475,28018.585489,5712,3066,0.00,0.7078,0.5125
12502173.0,6669.738014,21348.847475,28018.585489,5713,3067,0.00,0.7172,0.5250
12502993.0,6670.456557,21351.911517,28022.368073,5714,3067,0.00,0.7047,0.5125
12502998.0,6670.460964,21351.930225,28022.391189,5715,3068,0.00,0.7219,0.5250
12503029.0,6670.488702,21352.048542,28022.537244,5716,3069,0.00,0.7469,0.5375
12503499.0,6670.913799,21353.854000,28024.767799,5717,3069,0.00,0.7344,0.5375
12503752.0,6671.139076,21354.812717,28025.951793,5718,3069,0.00,0.7156,0.5250
12504107.0,6671.453776,21356.155033,28027.608810,5719,3070,0.00,0.7313,0.5250
12504165.0,6671.506097,21356.376400,28027.882497,5720,3070,0.00,0.7438,0.5250
12504175.0,6671.515215,21356.414567,28027.929782,5721,3070,0.00,0.7500,0.5375
12504377.0,6671.700382,21357.200683,28028.901065,5722,3070,0.00,0.7547,0.5500
12504614.0,6671.916376,21358.124433,28030.040810,5723,3071,0.00,0.7594,0.5500
12504789.0,6672.078069,21358.818600,28030.896669,5724,3071,0.00,0.7719,0.5500
12504933.0,6672.212519,21359.389800,28031.602319,5725,3072,0.00,0.7781,0.5625
12505728.0,6672.958660,21362.602925,28035.561585,5726,3073,0.00,0.7906,0.5750
12505838.0,6673.062969,21363.055758,28036.118727,5727,3073,0.00,0.7906,0.5750
12506673.0,6673.849475,21366.472100,28040.321575,5728,3074,0.00,0.7719,0.5500
12506675.0,6673.851343,21366.480033,28040.331376,5729,3075,0.00,0.7953,0.5500
12506899.0,6674.058500,21367.368567,28041.427067,5730,3076,0.00,0.7719,0.5500
12506978.0,6674.131153,21367.677658,28041.808811,5731,3077,0.00,0.7656,0.5375
12507050.0,6674.197882,21367.956733,28042.154615,5732,3078,0.00,0.7703,0.5375
12507086.0,6674.231451,21368.096833,28042.328284,5733,3079,0.00,0.7891,0.5375
12507399.0,6674.523844,21369.314925,28043.838769,5734,3080,0.00,0.7297,0.5500
12507709.0,6674.803114,21370.544592,28045.347705,5735,3081,0.00,0.7469,0.5625
12507840.0,6674.921916,21371.068650,28045.990566,5736,3081,0.00,0.7359,0.5625
12507875.0,6674.953616,21371.210108,28046.163725,5737,3082,0.00,0.7531,0.5750
12508288.0,6675.328632,21372.884642,28048.213273,5738,3082,0.00,0.7484,0.5750
12508644.0,6675.652260,21374.337425,28049.989685,5739,3083,0.00,0.7484,0.5750
12509097.0,6676.064456,21376.163650,28052.228106,5740,3083,0.00,0.7406,0.5625
12509470.0,6676.402182,21377.662942,28054.065124,5741,3084,0.00,0.7516,0.5625
12509692.0,6676.605555,21378.552017,28055.157571,5742,3084,0.00,0.7656,0.5625
12509891.0,6676.788100,21379.344533,28056.132634,5743,3085,0.00,0.7641,0.5625
12509941.0,6676.834480,21379.546617,28056.381097,5744,3086,0.00,0.7813,0.5750
12510174.0,6677.049766,21380.489525,28057.539291,5745,3087,0.00,0.7500,0.5375
12510428.0,6677.281664,21381.472758,28058.754422,5746,3088,0.00,0.7500,0.5375
12510614.0,6677.452164,21382.196608,28059.648772,5747,3089,0.00,0.7641,0.5500
12510616.0,6677.454019,21382.204542,28059.658561,5748,3090,0.00,0.7813,0.5625
12511091.0,6677.885287,21384.036283,28061.921570,5749,3091,0.00,0.7297,0.5250
12511311.0,6678.082297,21384.867850,28062.950147,5750,3091,0.00,0.7281,0.5250
12511372.0,6678.137175,21385.100667,28063.237842,5751,3092,0.00,0.7531,0.5250
12511475.0,6678.231842,21385.493783,28063.725626,5752,3092,0.00,0.7531,0.5250
12511960.0,6678.671482,21387.310517,28065.981999,5753,3093,0.00,0.7547,0.5250
12512351.0,6679.031324,21388.802833,28067.834157,5754,3094,0.00,0.7719,0.5375
12512577.0,6679.239756,21389.667875,28068.907631,5755,3095,0.00,0.7719,0.5375
12512604.0,6679.264965,21389.772950,28069.037915,5756,3096,0.00,0.7891,0.5500
12512725.0,6679.379558,21390.252917,28069.632475,5757,3097,0.00,0.8031,0.5625
12512802.0,6679.453323,21390.564125,28070.017448,5758,3098,0.00,0.8172,0.5750
12512815.0,6679.465919,21390.617642,28070.083561,5759,3099,0.00,0.8313,0.5875
12513275.0,6679.891341,21392.462558,28072.353899,5760,3100,0.00,0.7203,0.5375
12513818.0,6680.375377,21394.566658,28074.942035,5761,3100,0.00,0.7125,0.5375
12514363.0,6680.847930,21396.649442,28077.497371,5762,3101,0.00,0.6969,0.5375
12514599.0,6681.054512,21397.567875,28078.622387,5763,3102,0.00,0.7094,0.5500
12514713.0,6681.155344,21398.018725,28079.174069,5764,3103,0.00,0.7234,0.5500
12515371.0,6681.744391,21400.624742,28082.369133,5765,3104,0.00,0.7359,0.5375
12515983.0,6682.295120,21402.978842,28085.273962,5766,3105,0.00,0.7406,0.5375
12516370.0,6682.637801,21404.458892,28087.096693,5767,3106,0.00,0.7266,0.5375
12516405.0,6682.669246,21404.595100,28087.264346,5768,3106,0.00,0.7391,0.5500
12517059.0,6683.250955,21407.147375,28090.398330,5769,3107,0.00,0.7359,0.5375
12517231.0,6683.405894,21407.810217,28091.216111,5770,3108,0.00,0.7406,0.5375
12517322.0,6683.488647,21408.164358,28091.653006,5771,3109,0.00,0.7578,0.5500
12517353.0,6683.517252,21408.287325,28091.804577,5772,3109,0.00,0.7625,0.5625
12517395.0,6683.556161,21408.457075,28092.013236,5773,3110,0.00,0.7797,0.5750
12517423.0,6683.582095,21408.570392,28092.152486,5774,3111,0.00,0.7781,0.5750
12518180.0,6684.269778,21411.558833,28095.828612,5775,3112,0.00,0.7375,0.5375
12518310.0,6684.384232,21412.057325,28096.441557,5776,3113,0.00,0.7016,0.5375
12518421.0,6684.480972,21412.484650,28096.965622,5777,3114,0.00,0.6969,0.5375
12519123.0,6685.095465,21415.216600,28100.312065,5778,3115,0.00,0.7141,0.5500
12520167.0,6686.017402,21419.324800,28105.342202,5779,3115,0.00,0.7094,0.5500
12520283.0,6686.120070,21419.784933,28105.905003,5780,3116,0.00,0.7266,0.5625
12520561.0,6686.364643,21420.874842,28107.239485,5781,3117,0.00,0.7344,0.5500
12520990.0,6686.752679,21422.576542,28109.329221,5782,3118,0.00,0.7516,0.5625
12521425.0,6687.143881,21424.282992,28111.426873,5783,3119,0.00,0.7391,0.5500
12521859.0,6687.522503,21425.949100,28113.471603,5784,3120,0.00,0.7031,0.5375
12522199.0,6687.821774,21427.272267,28115.094041,5785,3120,0.00,0.7531,0.5375
12522199.0,6687.821774,21427.272267,28115.094041,5786,3120,0.00,0.8031,0.5375
12522199.0,6687.821774,21427.272267,28115.094041,5787,3120,0.00,0.8031,0.5375
12522200.0,6687.822732,21427.276158,28115.098891,5788,3120,0.00,0.8031,0.5375
12522456.0,6688.059188,21428.272425,28116.331613,5789,3120,0.00,0.7219,0.5500
12522517.0,6688.113420,21428.512592,28116.626012,5790,3121,0.00,0.7203,0.5500
12522876.0,6688.434214,21429.936625,28118.370839,5791,3121,0.00,0.7203,0.5500
12523510.0,6689.000741,21432.451492,28121.452233,5792,3121,0.00,0.7250,0.5625
12523614.0,6689.094053,21432.871825,28121.965878,5793,3122,0.00,0.7422,0.5750
12523844.0,6689.302847,21433.815358,28123.118205,5794,3123,0.00,0.7375,0.5750
12524063.0,6689.501468,21434.716908,28124.218376,5795,3124,0.00,0.7625,0.5750
12524197.0,6689.624253,21435.260967,28124.885220,5796,3125,0.00,0.7469,0.5500
12524322.0,6689.738533,21435.756800,28125.495333,5797,3126,0.00,0.7719,0.5625
12524679.0,6690.068204,21437.174625,28127.242829,5798,3127,0.00,0.7859,0.5625
12524771.0,6690.155109,21437.546458,28127.701567,5799,3128,0.00,0.8094,0.5625
12524948.0,6690.321435,21438.261833,28128.583268,5800,3129,0.00,0.7891,0.5625
12525978.0,6691.251475,21442.333025,28133.584500,5801,3129,0.00,0.6891,0.5375
12526344.0,6691.568432,21443.748150,28135.316582,5802,3130,0.00,0.6984,0.5375
12526571.0,6691.767412,21444.631558,28136.398970,5803,3131,0.00,0.7047,0.5500
12526762.0,6691.935764,21445.389192,28137.324956,5804,3132,0.00,0.7234,0.5500
12526979.0,6692.128491,21446.249958,28138.378449,5805,3133,0.00,0.7219,0.5625
12527183.0,6692.311029,21447.074458,28139.385487,5806,3134,0.00,0.7391,0.5750
12527351.0,6692.463599,21447.766058,28140.229658,5807,3135,0.00,0.7563,0.5875
12527402.0,6692.510597,21447.979833,28140.490431,5808,3136,0.00,0.7734,0.6000
12527845.0,6692.920571,21449.851517,28142.772087,5809,3137,0.00,0.7797,0.6000
12527890.0,6692.962860,21450.043517,28143.006377,5810,3138,0.00,0.8078,0.6125
12528080.0,6693.142661,21450.858458,28144.001119,5811,3139,0.00,0.7859,0.6125
12528330.0,6693.375406,21451.924750,28145.300156,5812,3140,0.00,0.7688,0.6000
12528686.0,6693.699341,21453.417658,28147.116999,5813,3141,0.00,0.7547,0.6000
12529015.0,6694.001329,21454.805042,28148.806370,5814,3142,0.00,0.7641,0.6000
12529028.0,6694.013388,21454.860508,28148.873896,5815,3143,0.00,0.7781,0.6125
12529407.0,6694.359128,21456.441425,28150.800553,5816,3143,0.00,0.7313,0.5750
12529537.0,6694.476399,21456.976592,28151.452991,5817,3144,0.00,0.7375,0.5875
12529592.0,6694.526281,21457.207133,28151.733414,5818,3145,0.00,0.7625,0.5875
12529632.0,6694.563337,21457.374800,28151.938137,5819,3146,0.00,0.7797,0.6000
12529689.0,6694.616903,21457.618000,28152.234903,5820,3147,0.00,0.7984,0.6000
12529733.0,6694.658653,21457.804383,28152.463036,5821,3148,0.00,0.7984,0.6000
12530196.0,6695.086891,21459.703425,28154.790316,5822,3148,0.00,0.7656,0.5750
12530990.0,6695.820504,21462.939058,28158.759562,5823,3149,0.00,0.7406,0.5625
12531273.0,6696.077857,21464.082850,28160.160707,5824,3150,0.00,0.7594,0.5750
12531644.0,6696.418419,21465.592958,28162.011377,5825,3151,0.00,0.7656,0.5625
12531687.0,6696.458358,21465.766750,28162.225108,5826,3152,0.00,0.7844,0.5625
12531691.0,6696.462132,21465.782917,28162.245049,5827,3153,0.00,0.8031,0.5750
12531695.0,6696.465964,21465.799383,28162.265347,5828,3154,0.00,0.8219,0.5750
12532141.0,6696.895384,21467.613067,28164.508451,5829,3154,0.00,0.8156,0.5750
12532859.0,6697.567298,21470.465783,28168.033081,5830,3155,0.00,0.7766,0.5625
12532891.0,6697.597292,21470.595117,28168.192409,5831,3155,0.00,0.7891,0.5750
12532925.0,6697.629492,21470.735083,28168.364575,5832,3156,0.00,0.8172,0.5875
12532927.0,6697.631430,21470.743467,28168.374897,5833,3157,0.00,0.8359,0.6000
12533004.0,6697.706620,21471.072000,28168.778620,5834,3158,0.00,0.8406,0.6125
12533005.0,6697.707607,21471.076342,28168.783949,5835,3159,0.00,0.8641,0.6250
12533558.0,6698.253113,21473.480883,28171.733996,5836,3160,0.00,0.8297,0.6125
12533602.0,6698.295668,21473.669967,28171.965634,5837,3161,0.00,0.8234,0.6000
12533608.0,6698.301510,21473.695567,28171.997077,5838,3162,0.00,0.8422,0.6000
12533689.0,6698.381568,21474.041167,28172.422735,5839,3163,0.00,0.8609,0.6000
12534303.0,6698.994036,21476.643125,28175.637161,5840,3164,0.00,0.8016,0.5625
12534313.0,6699.003604,21476.683542,28175.687145,5841,3165,0.00,0.8188,0.5750
12534544.0,6699.224979,21477.619192,28176.844170,5842,3166,0.00,0.8297,0.5750
12534719.0,6699.391677,21478.331358,28177.723035,5843,3167,0.00,0.7813,0.5750
12535006.0,6699.658508,21479.500542,28179.159050,5844,3168,0.00,0.7641,0.5625
12535322.0,6699.951340,21480.777708,28180.729048,5845,3169,0.00,0.7625,0.5750
12538552.0,6702.886441,21493.761192,28196.647632,5846,3170,0.00,0.7438,0.5625
12539704.0,6703.906284,21498.250692,28202.156975,5847,3171,0.00,0.7078,0.5375
12539765.0,6703.960199,21498.488083,28202.448282,5848,3171,0.00,0.7203,0.5500
12540051.0,6704.212570,21499.599900,28203.812470,5849,3172,0.00,0.7078,0.5375
12540267.0,6704.403483,21500.440500,28204.843983,5850,3173,0.00,0.7250,0.5500
12540683.0,6704.776727,21502.090633,28206.867361,5851,3174,0.00,0.7438,0.5500
12540748.0,6704.835995,21502.348467,28207.184461,5852,3175,0.00,0.7625,0.5500
12540961.0,6705.033315,21503.193367,28208.226682,5853,3176,0.00,0.7906,0.5625
12541122.0,6705.182068,21503.826900,28209.008968,5854,3177,0.00,0.7469,0.5375
12542081.0,6706.047110,21507.559008,28213.606118,5855,3178,0.00,0.7516,0.5500
12542108.0,6706.071893,21507.666108,28213.738001,5856,3179,0.00,0.7750,0.5625
12542762.0,6706.666041,21510.234658,28216.900699,5857,3180,0.00,0.7266,0.5375
12543153.0,6707.017330,21511.756300,28218.773630,5858,3181,0.00,0.7406,0.5500
12543218.0,6707.076172,21512.012633,28219.088805,5859,3182,0.00,0.7406,0.5500
12544282.0,6708.020924,21516.093667,28224.114590,5860,3183,0.00,0.7344,0.5250
12545103.0,6708.746671,21519.183800,28227.930471,5861,3183,0.00,0.7094,0.5250
12545893.0,6709.439936,21522.153142,28231.593078,5862,3184,0.00,0.7250,0.5250
12546528.0,6709.995638,21524.535475,28234.531113,5863,3185,0.00,0.6906,0.5125
12546686.0,6710.133175,21525.126658,28235.259833,5864,3186,0.00,0.7188,0.5250
12546880.0,6710.304937,21525.867092,28236.172028,5865,3187,0.00,0.7250,0.5250
12547221.0,6710.609093,21527.163550,28237.772643,5866,3188,0.00,0.7000,0.5250
12547339.0,6710.711096,21527.608517,28238.319613,5867,3189,0.00,0.6859,0.5250
12547364.0,6710.732767,21527.703933,28238.436700,5868,3190,0.00,0.7141,0.5375
12547511.0,6710.863408,21528.276008,28239.139416,5869,3191,0.00,0.7313,0.5500
12547948.0,6711.250706,21529.985742,28241.236448,5870,3192,0.00,0.7219,0.5375
12547958.0,6711.259654,21530.024658,28241.284312,5871,3193,0.00,0.7406,0.5375
12547981.0,6711.280570,21530.114167,28241.394736,5872,3194,0.00,0.7688,0.5500
12548197.0,6711.477534,21530.970967,28242.448501,5873,3194,0.00,0.7438,0.5625
12548518.0,6711.761250,21532.226492,28243.987742,5874,3194,0.00,0.7078,0.5500
12548778.0,6711.990825,21533.256550,28245.247375,5875,3195,0.00,0.7047,0.5500
12549519.0,6712.643960,21536.195850,28248.839810,5876,3195,0.00,0.7547,0.6000
12549861.0,6712.958601,21537.652875,28250.611476,5877,3196,0.00,0.7781,0.6000
12549974.0,6713.064656,21538.135008,28251.199665,5878,3197,0.00,0.7922,0.6125
12550079.0,6713.162798,21538.585558,28251.748357,5879,3198,0.00,0.8016,0.6125
12550286.0,6713.360850,21539.484283,28252.845133,5880,3199,0.00,0.8156,0.6250
12550323.0,6713.396655,21539.647700,28253.044355,5881,3200,0.00,0.8328,0.6375
12550371.0,6713.443627,21539.862625,28253.306252,5882,3201,0.00,0.8328,0.6375
12551617.0,6714.655928,21545.402467,28260.058395,5883,3202,0.00,0.8297,0.6375
12551655.0,6714.693117,21545.573150,28260.266267,5884,3202,0.00,0.8422,0.6500
12551738.0,6714.774316,21545.946408,28260.720725,5885,3203,0.00,0.8297,0.6375
12553391.0,6716.392018,21553.371133,28269.763151,5886,3204,0.00,0.8484,0.6375
12555175.0,6718.128899,21561.344817,28279.473715,5887,3205,0.00,0.7969,0.6125
12555316.0,6718.263289,21561.956992,28280.220281,5888,3205,0.00,0.8094,0.6125
12555721.0,6718.650792,21563.698567,28282.349359,5889,3206,0.00,0.8141,0.6000
12555824.0,6718.750341,21564.138033,28282.888374,5890,3207,0.00,0.8328,0.6000
12556254.0,6719.164285,21565.972700,28285.136985,5891,3208,0.00,0.8016,0.6125
12556351.0,6719.255216,21566.393842,28285.649057,5892,3209,0.00,0.7938,0.6250
12557219.0,6720.080418,21570.227508,28290.307927,5893,3210,0.00,0.8188,0.6250
12558737.0,6721.537801,21576.851308,28298.389109,5894,3210,0.00,0.7969,0.6125
12558832.0,6721.628348,21577.263767,28298.892115,5895,3211,0.00,0.8250,0.6250
12560114.0,6722.819667,21582.526258,28305.345925,5896,3212,0.00,0.7688,0.5750
12563972.0,6726.314226,21598.244783,28324.559010,5897,3212,0.00,0.7359,0.5750
12565490.0,6727.687176,21604.453833,28332.141010,5898,3212,0.00,0.7328,0.5625
12565581.0,6727.769377,21604.821625,28332.591002,5899,3213,0.00,0.7391,0.5750
12566233.0,6728.361497,21607.505692,28335.867188,5900,3213,0.00,0.7453,0.5875
12566233.0,6728.361497,21607.505692,28335.867188,5901,3213,0.00,0.7516,0.6000
12567017.0,6729.081116,21610.850758,28339.931874,5902,3214,0.00,0.7891,0.6125
12568142.0,6730.146546,21615.735133,28345.881679,5903,3214,0.00,0.7953,0.6250
12568143.0,6730.147498,21615.739550,28345.887048,5904,3214,0.00,0.8016,0.6375
12568188.0,6730.190552,21615.941675,28346.132227,5905,3214,0.00,0.8078,0.6500
12568273.0,6730.272155,21616.327742,28346.599897,5906,3214,0.00,0.7953,0.6250
12568874.0,6730.835007,21618.958383,28349.793390,5907,3214,0.00,0.8078,0.6125
12569916.0,6731.796530,21623.375975,28355.172505,5908,3215,0.00,0.7516,0.5875
12572372.0,6733.977690,21633.205108,28367.182799,5909,3215,0.00,0.7141,0.5625
12577441.0,6738.424153,21652.811742,28391.235894,5910,3216,0.00,0.7141,0.5250
12581496.0,6742.027893,21668.288325,28410.316218,5911,3217,0.00,0.7328,0.5375
12581902.0,6742.391881,21669.847117,28412.238998,5912,3217,0.00,0.7266,0.5375
12583319.0,6743.652629,21675.329883,28418.982513,5913,3218,0.00,0.7266,0.5375
12583580.0,6743.887122,21676.345608,28420.232730,5914,3219,0.00,0.7516,0.5500
12583957.0,6744.233163,21677.841042,28422.074205,5915,3220,0.00,0.7703,0.5625
12584087.0,6744.354384,21678.366458,28422.720842,5916,3220,0.00,0.7828,0.5625
12584105.0,6744.371343,21678.439208,28422.810551,5917,3220,0.00,0.7953,0.5625
12584106.0,6744.372295,21678.443250,28422.815545,5918,3220,0.00,0.8078,0.5625
12584259.0,6744.519424,21679.061625,28423.581049,5919,3221,0.00,0.8203,0.5750
12588034.0,6748.038912,21693.868242,28441.907154,5920,3222,0.00,0.7359,0.5250
12588579.0,6748.532535,21695.948325,28444.480860,5921,3223,0.00,0.7391,0.5375
12588920.0,6748.840124,21697.253858,28446.093983,5922,3224,0.00,0.7672,0.5375
12588921.0,6748.841054,21697.257750,28446.098804,5923,3225,0.00,0.8047,0.5500
12590124.0,6749.994974,21702.029650,28452.024624,5924,3226,0.00,0.8219,0.5625
12591866.0,6751.618878,21708.865933,28460.484812,5925,3226,0.00,0.7844,0.5250
12592683.0,6752.361758,21711.953775,28464.315533,5926,3226,0.00,0.7750,0.5125
12592683.0,6752.361758,21711.953775,28464.315533,5927,3226,0.00,0.8250,0.5125
12592900.0,6752.567694,21712.765717,28465.333410,5928,3226,0.00,0.7297,0.5250
12593136.0,6752.779956,21713.655875,28466.435831,5929,3226,0.00,0.7266,0.5125
12593259.0,6752.890464,21714.116100,28467.006564,5930,3226,0.00,0.7453,0.5250
12593284.0,6752.913289,21714.211517,28467.124806,5931,3227,0.00,0.7828,0.5375
12594188.0,6753.744671,21717.581833,28471.326504,5932,3227,0.00,0.7219,0.4875
12595227.0,6754.674359,21721.313575,28475.987934,5933,3228,0.00,0.7406,0.4875
12595374.0,6754.808038,21721.841550,28476.649588,5934,3228,0.00,0.7469,0.5000
12595791.0,6755.189216,21723.370550,28478.559766,5935,3229,0.00,0.7344,0.5125
12595900.0,6755.287808,21723.778392,28479.066199,5936,3230,0.00,0.7531,0.5250
12596020.0,6755.397871,21724.232867,28479.630738,5937,3231,0.00,0.7844,0.5250
12596082.0,6755.456362,21724.469500,28479.925862,5938,3232,0.00,0.8031,0.5250
12596088.0,6755.462110,21724.492400,28479.954510,5939,3232,0.00,0.8094,0.5375
12596089.0,6755.463073,21724.496292,28479.959364,5940,3233,0.00,0.8281,0.5375
12596917.0,6756.272385,21727.718592,28483.990977,5941,3234,0.00,0.8453,0.5500
12596921.0,6756.276348,21727.734458,28484.010807,5942,3235,0.00,0.8734,0.5625
12597250.0,6756.608621,21729.061092,28485.669713,5943,3236,0.00,0.8641,0.5500
12601104.0,6760.180316,21743.457400,28503.637716,5944,3237,0.00,0.7344,0.4875
12602631.0,6761.554157,21748.827425,28510.381582,5945,3238,0.00,0.7156,0.4750
12602638.0,6761.560377,21748.851892,28510.412268,5946,3239,0.00,0.7328,0.4625
12602801.0,6761.707614,21749.412883,28511.120498,5947,3240,0.00,0.7453,0.4750
12602804.0,6761.710353,21749.423433,28511.133787,5948,3241,0.00,0.7578,0.4875
12602866.0,6761.767563,21749.646117,28511.413680,5949,3242,0.00,0.7859,0.5000
12604051.0,6762.865196,21753.953242,28516.818437,5950,3243,0.00,0.7063,0.4750
12604095.0,6762.904032,21754.107975,28517.012007,5951,3244,0.00,0.7297,0.4750
12604319.0,6763.105826,21754.895708,28518.001535,5952,3245,0.00,0.7469,0.4875
12604682.0,6763.437694,21756.199483,28519.637177,5953,3245,0.00,0.7516,0.5000
12604785.0,6763.531875,21756.569725,28520.101600,5954,3246,0.00,0.7641,0.5000
12604879.0,6763.616434,21756.912292,28520.528725,5955,3246,0.00,0.6938,0.5000
12606019.0,6764.595437,21760.974242,28525.569678,5956,3247,0.00,0.6891,0.4875
12606020.0,6764.596306,21760.977833,28525.574139,5957,3248,0.00,0.7063,0.5000
12606024.0,6764.599837,21760.992500,28525.592337,5958,3249,0.00,0.7234,0.5125
12606084.0,6764.653477,21761.214525,28525.868002,5959,3250,0.00,0.7359,0.5125
12606086.0,6764.655288,21761.222008,28525.877297,5960,3251,0.00,0.7547,0.5125
12606094.0,6764.662651,21761.251942,28525.914592,5961,3252,0.00,0.7719,0.5250
12606235.0,6764.792923,21761.782367,28526.575289,5962,3253,0.00,0.7734,0.5125
12606899.0,6765.399550,21764.187483,28529.587034,5963,3254,0.00,0.7563,0.5000
12606932.0,6765.429961,21764.308483,28529.738444,5964,3254,0.00,0.7609,0.5125
12606951.0,6765.447539,21764.379575,28529.827114,5965,3255,0.00,0.7781,0.5250
12606957.0,6765.453170,21764.402475,28529.855645,5966,3256,0.00,0.7953,0.5375
12606961.0,6765.456978,21764.418042,28529.875019,5967,3257,0.00,0.8125,0.5500
12607559.0,6766.014940,21766.650008,28532.664948,5968,3257,0.00,0.7578,0.5125
12607701.0,6766.145969,21767.181325,28533.327294,5969,3257,0.00,0.7625,0.5250
12608173.0,6766.580453,21768.945967,28535.526419,5970,3257,0.00,0.7453,0.5125
12608330.0,6766.723513,21769.527558,28536.251071,5971,3258,0.00,0.7625,0.5125
12608722.0,6767.079171,21770.952292,28538.031463,5972,3259,0.00,0.7344,0.5000
12608787.0,6767.137964,21771.190625,28538.328589,5973,3260,0.00,0.7516,0.5125
12608903.0,6767.244439,21771.624658,28538.869097,5974,3261,0.00,0.7578,0.5250
12609311.0,6767.620918,21773.181858,28540.802776,5975,3262,0.00,0.7750,0.5375
12609373.0,6767.678957,21773.423142,28541.102098,5976,3262,0.00,0.7797,0.5500
12610139.0,6768.394908,21776.388858,28544.783766,5977,3262,0.00,0.7484,0.5250
12610242.0,6768.488596,21776.778150,28545.266746,5978,3263,0.00,0.7438,0.5125
12610933.0,6769.100602,21779.275967,28548.376568,5979,3264,0.00,0.7047,0.4875
12611093.0,6769.241629,21779.850633,28549.092263,5980,3265,0.00,0.7219,0.5000
12611134.0,6769.278316,21780.000967,28549.279282,5981,3266,0.00,0.7313,0.5125
12611218.0,6769.354091,21780.315267,28549.669357,5982,3266,0.00,0.7359,0.5250
12611427.0,6769.541731,21781.103650,28550.645381,5983,3267,0.00,0.7250,0.5250
12611735.0,6769.816952,21782.272883,28552.089835,5984,3268,0.00,0.7078,0.5125
12611784.0,6769.860261,21782.456225,28552.316486,5985,3269,0.00,0.7250,0.5250
12611794.0,6769.869233,21782.494392,28552.363625,5986,3270,0.00,0.7422,0.5375
12611952.0,6770.013106,21783.109275,28553.122381,5987,3271,0.00,0.7594,0.5500
12612025.0,6770.080555,21783.398842,28553.479397,5988,3272,0.00,0.7766,0.5625
12612128.0,6770.177100,21783.815133,28553.992233,5989,3273,0.00,0.7938,0.5750
12612131.0,6770.179952,21783.827483,28554.007435,5990,3274,0.00,0.8109,0.5875
12612135.0,6770.183808,21783.844250,28554.028058,5991,3275,0.00,0.8281,0.6000
12612137.0,6770.185763,21783.852783,28554.038547,5992,3276,0.00,0.8453,0.6125
12612138.0,6770.186754,21783.857125,28554.043879,5993,3277,0.00,0.8625,0.6250
12612349.0,6770.398633,21784.789042,28555.187675,5994,3278,0.00,0.8688,0.6375
12612572.0,6770.621284,21785.772383,28556.393667,5995,3278,0.00,0.8375,0.6125
12612689.0,6770.735908,21786.277058,28557.012966,5996,3278,0.00,0.8328,0.6125
12612690.0,6770.736889,21786.281400,28557.018289,5997,3278,0.00,0.8375,0.6250
12612954.0,6770.993289,21787.414625,28558.407914,5998,3279,0.00,0.8156,0.6000
12613049.0,6771.085168,21787.819658,28558.904826,5999,3279,0.00,0.8031,0.6000
12613157.0,6771.188154,21788.271308,28559.459462,6000,3279,0.00,0.7969,0.5875
12613264.0,6771.289193,21788.708492,28559.997685,6001,3280,0.00,0.7813,0.5625
12613372.0,6771.389521,21789.137717,28560.527238,6002,3281,0.00,0.7813,0.5625
12613413.0,6771.428101,21789.303425,28560.731526,6003,3282,0.00,0.7984,0.5750
12613455.0,6771.468183,21789.476325,28560.944508,6004,3283,0.00,0.8156,0.5875
12613769.0,6771.770145,21790.781858,28562.552004,6005,3284,0.00,0.8156,0.5875
12614910.0,6772.854770,21795.454975,28568.309745,6006,3285,0.00,0.7703,0.5625
12615097.0,6773.029141,21796.210767,28569.239908,6007,3285,0.00,0.7750,0.5750
12615274.0,6773.194246,21796.927342,28570.121587,6008,3286,0.00,0.7891,0.5750
12615275.0,6773.195193,21796.931458,28570.126651,6009,3287,0.00,0.8016,0.5875
12615296.0,6773.215285,21797.019483,28570.234768,6010,3288,0.00,0.8188,0.6000
12615775.0,6773.669257,21798.995267,28572.664523,6011,3289,0.00,0.7859,0.5625
12615809.0,6773.701374,21799.132683,28572.834057,6012,3289,0.00,0.7906,0.5750
12615848.0,6773.737892,21799.289858,28573.027750,6013,3289,0.00,0.7656,0.5625
12615905.0,6773.790834,21799.520233,28573.311068,6014,3289,0.00,0.7703,0.5750
12616242.0,6774.099884,21800.863300,28574.963184,6015,3289,0.00,0.7469,0.5500
12616288.0,6774.141938,21801.045767,28575.187705,6016,3290,0.00,0.7531,0.5625
12616318.0,6774.169511,21801.167017,28575.336528,6017,3291,0.00,0.7703,0.5750
12616480.0,6774.320571,21801.833917,28576.154487,6018,3291,0.00,0.7703,0.5750
12616481.0,6774.321503,21801.838033,28576.159536,6019,3291,0.00,0.7828,0.5875
12616865.0,6774.680976,21803.422208,28578.103184,6020,3291,0.00,0.7641,0.5625
12616869.0,6774.684686,21803.438375,28578.123061,6021,3292,0.00,0.7875,0.5625
12617433.0,6775.207346,21805.680075,28580.887421,6022,3293,0.00,0.7719,0.5500
12617703.0,6775.459440,21806.751075,28582.210515,6023,3294,0.00,0.7891,0.5625
12617911.0,6775.656426,21807.591742,28583.248167,6024,3295,0.00,0.8078,0.5625
12617917.0,6775.662195,21807.615992,28583.278187,6025,3296,0.00,0.8266,0.5625
12617925.0,6775.670005,21807.648325,28583.318330,6026,3297,0.00,0.8453,0.5625
12617967.0,6775.711619,21807.818075,28583.529694,6027,3298,0.00,0.8688,0.5625
12618018.0,6775.762146,21808.024200,28583.786346,6028,3299,0.00,0.8547,0.5625
12618332.0,6776.071682,21809.281958,28585.353640,6029,3300,0.00,0.8359,0.5500
12618452.0,6776.187909,21809.757958,28585.945867,6030,3301,0.00,0.8219,0.5500
12618823.0,6776.544036,21811.221492,28587.765528,6031,3302,0.00,0.7922,0.5250
12618901.0,6776.618095,21811.519192,28588.137287,6032,3302,0.00,0.7969,0.5375
12618918.0,6776.634299,21811.585350,28588.219649,6033,3303,0.00,0.8250,0.5500
12619115.0,6776.824011,21812.356058,28589.180069,6034,3304,0.00,0.8156,0.5250
12619368.0,6777.064503,21813.321675,28590.386178,6035,3305,0.00,0.7938,0.5375
12619578.0,6777.264149,21814.138925,28591.403074,6036,3306,0.00,0.8125,0.5375
12619657.0,6777.340406,21814.446367,28591.786772,6037,3307,0.00,0.8297,0.5500
12619677.0,6777.359978,21814.525700,28591.885678,6038,3307,0.00,0.8422,0.5625
12619893.0,6777.568453,21815.398700,28592.967153,6039,3307,0.00,0.7906,0.5750
12620209.0,6777.866549,21816.687567,28594.554115,6040,3308,0.00,0.7953,0.5750
12620209.0,6777.866549,21816.687567,28594.554115,6041,3309,0.00,0.8125,0.5875
12620323.0,6777.975617,21817.160017,28595.135634,6042,3310,0.00,0.7953,0.5625
12620906.0,6778.527840,21819.500933,28598.028773,6043,3311,0.00,0.7953,0.5625
12620974.0,6778.592570,21819.775767,28598.368336,6044,3312,0.00,0.8234,0.5750
12621264.0,6778.866990,21820.948000,28599.814990,6045,3313,0.00,0.8063,0.5625
12621266.0,6778.868911,21820.956083,28599.824994,6046,3314,0.00,0.8250,0.5625
12621524.0,6779.120461,21821.998833,28601.119294,6047,3314,0.00,0.8297,0.5750
12621753.0,6779.337104,21822.935100,28602.272204,6048,3314,0.00,0.7656,0.5750
12621795.0,6779.376115,21823.108000,28602.484115,6049,3315,0.00,0.7844,0.5750
12621946.0,6779.517110,21823.729617,28603.246727,6050,3316,0.00,0.7641,0.5875
12622067.0,6779.629350,21824.236808,28603.866159,6051,3317,0.00,0.7766,0.6000
12622153.0,6779.709960,21824.603742,28604.313702,6052,3318,0.00,0.7938,0.6125
12622455.0,6779.993755,21825.876225,28605.869980,6053,3319,0.00,0.7875,0.5875
12622647.0,6780.175355,21826.681025,28606.856380,6054,3320,0.00,0.8047,0.6000
12622795.0,6780.317317,21827.312492,28607.629808,6055,3321,0.00,0.8219,0.6125
12622806.0,6780.328015,21827.360250,28607.688265,6056,3322,0.00,0.8469,0.6250
12622916.0,6780.435826,21827.838733,28608.274560,6057,3322,0.00,0.8344,0.6250
12623240.0,6780.746758,21829.233658,28609.980417,6058,3322,0.00,0.7844,0.6000
12623779.0,6781.235835,21831.409942,28612.645776,6059,3323,0.00,0.7453,0.5625
12623967.0,6781.407483,21832.169775,28613.577258,6060,3324,0.00,0.7703,0.5625
12624025.0,6781.461566,21832.404192,28613.865757,6061,3325,0.00,0.7953,0.5750
12624073.0,6781.507257,21832.601792,28614.109049,6062,3325,0.00,0.8000,0.5875
12624156.0,6781.585396,21832.943775,28614.529171,6063,3325,0.00,0.7891,0.5750
12624821.0,6782.208339,21835.635758,28617.844097,6064,3326,0.00,0.7688,0.5750
12624923.0,6782.302350,21836.050183,28618.352534,6065,3327,0.00,0.7703,0.5750
12625094.0,6782.459494,21836.741758,28619.201252,6066,3328,0.00,0.7516,0.5625
12625134.0,6782.496209,21836.903425,28619.399634,6067,3329,0.00,0.7688,0.5750
12625222.0,6782.578159,21837.265692,28619.843851,6068,3330,0.00,0.7969,0.5875
12625416.0,6782.761272,21838.072725,28620.833997,6069,3331,0.00,0.7875,0.5750
12625627.0,6782.960376,21838.937742,28621.898118,6070,3332,0.00,0.7922,0.5750
12627095.0,6784.305818,21844.766283,28629.072101,6071,3333,0.00,0.7563,0.5375
12627409.0,6784.595177,21845.988267,28630.583444,6072,3334,0.00,0.7813,0.5375
12627670.0,6784.840771,21847.003992,28631.844763,6073,3334,0.00,0.7859,0.5500
12628568.0,6785.677773,21850.477183,28636.154956,6074,3334,0.00,0.7672,0.5375
12628657.0,6785.760120,21850.820992,28636.581112,6075,3335,0.00,0.7625,0.5250
12628809.0,6785.900931,21851.401125,28637.302056,6076,3336,0.00,0.7797,0.5375
12629168.0,6786.233157,21852.769358,28639.002516,6077,3337,0.00,0.7688,0.5125
12629174.0,6786.238745,21852.791808,28639.030553,6078,3338,0.00,0.7922,0.5125
12629223.0,6786.285269,21852.975150,28639.260419,6079,3339,0.00,0.8156,0.5125
12629540.0,6786.590362,21854.151883,28640.742245,6080,3340,0.00,0.8219,0.5000
12629575.0,6786.624402,21854.280217,28640.904619,6081,3341,0.00,0.8391,0.5125
12630111.0,6787.136307,21856.270900,28643.407207,6082,3342,0.00,0.7656,0.5125
12630312.0,6787.320047,21857.022975,28644.343022,6083,3343,0.00,0.7469,0.5250
12630435.0,6787.432024,21857.492425,28644.924449,6084,3344,0.00,0.7469,0.5250
12630522.0,6787.511563,21857.824475,28645.336038,6085,3345,0.00,0.7703,0.5250
12630639.0,6787.620661,21858.271025,28645.891686,6086,3345,0.00,0.7750,0.5375
12630884.0,6787.846745,21859.217358,28647.064104,6087,3345,0.00,0.7281,0.5375
12632184.0,6788.987403,21864.197775,28653.185178,6088,3346,0.00,0.7016,0.5250
12632581.0,6789.336363,21865.712992,28655.049355,6089,3347,0.00,0.7031,0.5375
12633081.0,6789.771125,21867.610150,28657.381275,6090,3347,0.00,0.6906,0.5125
12633833.0,6790.425731,21870.423883,28660.849614,6091,3348,0.00,0.7188,0.5250
12633948.0,6790.528352,21870.862800,28661.391152,6092,3349,0.00,0.7438,0.5375
12634282.0,6790.832895,21872.162617,28662.995512,6093,3350,0.00,0.7609,0.5500
12634532.0,6791.060282,21873.124283,28664.184565,6094,3351,0.00,0.7500,0.5250
12634575.0,6791.099698,21873.288400,28664.388098,6095,3352,0.00,0.7688,0.5250
12635154.0,6791.632407,21875.431350,28667.063757,6096,3353,0.00,0.7563,0.5125
12637817.0,6793.991794,21885.163283,28679.155077,6097,3353,0.00,0.6625,0.4750
12638215.0,6794.329541,21886.562917,28680.892457,6098,3354,0.00,0.6797,0.4875
12638672.0,6794.723465,21888.204308,28682.927774,6099,3355,0.00,0.6969,0.5000
12639343.0,6795.299272,21890.567217,28685.866489,6100,3355,0.00,0.7078,0.4625
12639572.0,6795.498525,21891.355358,28686.853883,6101,3356,0.00,0.6719,0.4750
12639630.0,6795.548167,21891.559325,28687.107492,6102,3357,0.00,0.6859,0.4875
12639852.0,6795.740606,21892.356675,28688.097281,6103,3358,0.00,0.7031,0.5000
12639934.0,6795.812783,21892.657342,28688.470124,6104,3358,0.00,0.7531,0.5000
12639934.0,6795.812783,21892.657342,28688.470124,6105,3358,0.00,0.8031,0.5000
12639934.0,6795.812783,21892.657342,28688.470124,6106,3358,0.00,0.8031,0.5000
12639953.0,6795.830984,21892.727008,28688.557993,6107,3359,0.00,0.8281,0.5125
12640647.0,6796.443816,21895.198625,28691.642441,6108,3360,0.00,0.6922,0.4875
12640926.0,6796.684481,21896.186450,28692.870931,6109,3361,0.00,0.6922,0.4875
12641162.0,6796.889334,21897.029208,28693.918542,6110,3362,0.00,0.6922,0.4875
12641233.0,6796.951225,21897.284217,28694.235441,6111,3362,0.00,0.6969,0.5000
12641427.0,6797.119852,21897.988875,28695.108727,6112,3363,0.00,0.6938,0.5000
12641678.0,6797.338206,21898.905008,28696.243214,6113,3364,0.00,0.6906,0.5000
12641708.0,6797.364320,21899.015008,28696.379329,6114,3364,0.00,0.6953,0.5125
12641717.0,6797.372188,21899.048683,28696.420871,6115,3365,0.00,0.7422,0.5375
12641825.0,6797.468436,21899.458483,28696.926919,6116,3366,0.00,0.6875,0.5000
12641825.0,6797.468436,21899.458483,28696.926919,6117,3367,0.00,0.7016,0.5125
12641896.0,6797.530845,21899.724142,28697.254986,6118,3368,0.00,0.7156,0.5250
12642583.0,6798.133648,21902.256717,28700.390365,6119,3368,0.00,0.7094,0.5125
12642978.0,6798.483251,21903.734675,28702.217926,6120,3368,0.00,0.7141,0.5250
12643193.0,6798.674324,21904.555258,28703.229583,6121,3369,0.00,0.7281,0.5375
12643380.0,6798.842560,21905.283000,28704.125560,6122,3369,0.00,0.7406,0.5375
12643956.0,6799.366195,21907.521225,28706.887420,6123,3370,0.00,0.7547,0.5375
12644570.0,6799.916519,21909.825358,28709.741877,6124,3371,0.00,0.7109,0.5125
12644755.0,6800.080481,21910.517567,28710.598048,6125,3372,0.00,0.7484,0.5250
12645688.0,6800.900998,21914.009442,28714.910439,6126,3373,0.00,0.6984,0.5125
12645749.0,6800.954468,21914.237683,28715.192151,6127,3373,0.00,0.7031,0.5250
12646036.0,6801.204031,21915.311692,28716.515723,6128,3374,0.00,0.7000,0.5125
12646042.0,6801.209298,21915.334142,28716.543440,6129,3374,0.00,0.7047,0.5250
12646257.0,6801.388122,21916.066075,28717.454197,6130,3375,0.00,0.6391,0.4500
12647692.0,6802.574399,21920.867392,28723.441791,6131,3376,0.00,0.6469,0.4500
12648851.0,6803.541074,21924.758633,28728.299707,6132,3377,0.00,0.6391,0.4500
12648964.0,6803.634907,21925.139067,28728.773974,6133,3377,0.00,0.6438,0.4625
12650435.0,6804.856443,21930.092333,28734.948776,6134,3378,0.00,0.6766,0.4625
12651639.0,6805.891339,21934.236100,28740.127439,6135,3378,0.00,0.6813,0.4750
12651748.0,6805.981576,21934.601117,28740.582693,6136,3378,0.00,0.6344,0.4500
12651934.0,6806.135349,21935.227317,28741.362666,6137,3378,0.00,0.6469,0.4625
12652121.0,6806.291767,21935.870908,28742.162675,6138,3378,0.00,0.6531,0.4750
12652908.0,6806.953584,21938.633875,28745.587459,6139,3379,0.00,0.6719,0.4750
12653924.0,6807.801607,21942.093108,28749.894716,6140,3379,0.00,0.6391,0.4625
12654992.0,6808.671201,21945.585358,28754.256559,6141,3379,0.00,0.6234,0.4375
12655702.0,6809.252144,21947.922442,28757.174585,6142,3379,0.00,0.6359,0.4500
12656021.0,6809.514131,21948.979983,28758.494114,6143,3379,0.00,0.6281,0.4500
12659119.0,6812.049070,21959.178917,28771.227987,6144,3380,0.00,0.6297,0.4500
12659319.0,6812.213689,21959.852250,28772.065939,6145,3381,0.00,0.6328,0.4625
12660024.0,6812.795681,21962.278625,28775.074306,6146,3382,0.00,0.6453,0.4750
12660993.0,6813.604528,21965.670750,28779.275278,6147,3383,0.00,0.6609,0.4750
12662111.0,6814.543488,21969.559033,28784.102521,6148,3383,0.00,0.6922,0.4625
12662687.0,6815.028865,21971.541433,28786.570299,6149,3383,0.00,0.6922,0.4625
12662687.0,6815.028865,21971.541433,28786.570299,6150,3383,0.00,0.7422,0.4625
12662887.0,6815.207056,21972.229767,28787.436822,6151,3383,0.00,0.6516,0.4750
12663265.0,6815.524615,21973.559067,28789.083682,6152,3383,0.00,0.7016,0.4750
12663559.0,6815.778606,21974.592967,28790.371572,6153,3383,0.00,0.6563,0.4875
12664318.0,6816.412640,21977.206767,28793.619407,6154,3384,0.00,0.6734,0.4750
12664321.0,6816.415211,21977.217317,28793.632528,6155,3384,0.00,0.6781,0.4875
12664549.0,6816.610733,21978.021142,28794.631874,6156,3384,0.00,0.6781,0.4875
12664961.0,6816.963916,21979.471058,28796.434975,6157,3385,0.00,0.6984,0.4875
12666591.0,6818.360241,21985.166100,28803.526341,6158,3385,0.00,0.6625,0.4750
12666882.0,6818.606173,21986.168600,28804.774773,6159,3385,0.00,0.6625,0.4750
12668221.0,6819.724928,21990.728917,28810.453845,6160,3386,0.00,0.6578,0.4625
12668375.0,6819.854791,21991.256908,28811.111699,6161,3387,0.00,0.6516,0.4625
12670502.0,6821.614217,21998.471358,28820.085576,6162,3387,0.00,0.6391,0.4500
12670521.0,6821.629994,21998.535325,28820.165319,6163,3387,0.00,0.6516,0.4500
12673422.0,6824.059548,22008.195000,28832.254548,6164,3387,0.00,0.6375,0.4375
12673534.0,6824.152029,22008.555717,28832.707745,6165,3387,0.00,0.6391,0.4375
12673575.0,6824.186074,22008.690675,28832.876749,6166,3388,0.00,0.6563,0.4500
12674134.0,6824.657731,22010.572642,28835.230372,6167,3389,0.00,0.6750,0.4625
12674134.0,6824.657731,22010.572642,28835.230372,6168,3390,0.00,0.6938,0.4750
12674977.0,6825.382370,22013.474192,28838.856562,6169,3391,0.00,0.6953,0.4750
12675879.0,6826.170341,22016.643675,28842.814016,6170,3391,0.00,0.6813,0.4750
12676683.0,6826.864350,22019.471075,28846.335425,6171,3391,0.00,0.6859,0.4875
12676920.0,6827.069386,22020.313975,28847.383361,6172,3392,0.00,0.7000,0.4750
12676928.0,6827.076408,22020.342108,28847.418517,6173,3393,0.00,0.7188,0.4750
12677400.0,6827.497603,22022.001975,28849.499578,6174,3393,0.00,0.7234,0.4875
12677434.0,6827.528067,22022.124092,28849.652159,6175,3394,0.00,0.7406,0.5000
12677691.0,6827.757397,22023.034625,28850.792022,6176,3394,0.00,0.7063,0.4875
12677884.0,6827.927746,22023.727817,28851.655563,6177,3395,0.00,0.7234,0.5000
12677886.0,6827.929538,22023.735150,28851.664688,6178,3396,0.00,0.7516,0.5125
12678401.0,6828.378802,22025.532433,28853.911235,6179,3396,0.00,0.6594,0.4625
12678446.0,6828.416880,22025.687308,28854.104188,6180,3397,0.00,0.6766,0.4750
12678603.0,6828.551829,22026.239425,28854.791254,6181,3398,0.00,0.6953,0.4750
12678759.0,6828.688194,22026.788025,28855.476219,6182,3399,0.00,0.7203,0.4875
12678841.0,6828.760638,22027.077892,28855.838530,6183,3400,0.00,0.7219,0.4750
12679590.0,6829.429922,22029.693050,28859.122972,6184,3401,0.00,0.7359,0.4625
12680183.0,6829.967019,22031.733958,28861.700978,6185,3401,0.00,0.7406,0.4750
12680407.0,6830.164872,22032.521692,28862.686563,6186,3402,0.00,0.7031,0.4750
12680426.0,6830.181595,22032.588508,28862.770104,6187,3402,0.00,0.7078,0.4875
12680497.0,6830.244349,22032.843517,28863.087866,6188,3402,0.00,0.7266,0.5000
12680693.0,6830.416943,22033.556783,28863.973726,6189,3402,0.00,0.6938,0.5000
12680746.0,6830.463207,22033.751117,28864.214324,6190,3403,0.00,0.7109,0.5125
12680911.0,6830.608241,22034.361742,28864.969983,6191,3404,0.00,0.7109,0.5125
12681593.0,6831.210934,22036.877483,28868.088417,6192,3404,0.00,0.7063,0.5000
12683039.0,6832.467857,22041.987333,28874.455190,6193,3404,0.00,0.6766,0.4750
12683430.0,6832.803689,22043.357175,28876.160864,6194,3405,0.00,0.6859,0.4750
12684144.0,6833.422613,22045.868075,28879.290688,6195,3406,0.00,0.7031,0.4875
12685014.0,6834.177960,22048.912950,28883.090910,6196,3407,0.00,0.6906,0.4625
12685084.0,6834.238894,22049.153867,28883.392760,6197,3408,0.00,0.7078,0.4750
12685625.0,6834.717059,22051.056383,28885.773442,6198,3409,0.00,0.7250,0.4875
12687365.0,6836.260740,22057.207783,28893.468523,6199,3409,0.00,0.7234,0.4500
12687526.0,6836.404997,22057.749817,28894.154814,6200,3409,0.00,0.7281,0.4625
12687565.0,6836.439189,22057.884042,28894.323231,6201,3409,0.00,0.6828,0.4750
12687911.0,6836.735457,22059.067433,28895.802890,6202,3409,0.00,0.6688,0.4625
12688167.0,6836.953570,22059.940775,28896.894345,6203,3410,0.00,0.6813,0.4625
12688552.0,6837.285900,22061.265817,28898.551717,6204,3410,0.00,0.6859,0.4750
12688701.0,6837.414953,22061.787625,28899.202578,6205,3410,0.00,0.6859,0.4750
12689300.0,6837.932743,22063.864333,28901.797077,6206,3411,0.00,0.6984,0.4750
12689303.0,6837.935373,22063.874883,28901.810256,6207,3411,0.00,0.7031,0.4875
12689485.0,6838.095392,22064.524892,28902.620284,6208,3412,0.00,0.7234,0.4875
12689914.0,6838.479371,22066.057317,28904.536688,6209,3413,0.00,0.7328,0.4875
12690191.0,6838.725081,22067.024008,28905.749089,6210,3414,0.00,0.7188,0.4750
12690231.0,6838.760775,22067.164675,28905.925450,6211,3415,0.00,0.7438,0.4875
12690581.0,6839.074756,22068.399783,28907.474539,6212,3415,0.00,0.7063,0.4875
12690864.0,6839.323254,22069.402725,28908.725979,6213,3415,0.00,0.6813,0.4750
12690960.0,6839.406121,22069.740325,28909.146446,6214,3416,0.00,0.6984,0.4875
12691397.0,6839.787764,22071.280783,28911.068548,6215,3417,0.00,0.7219,0.4875
12691636.0,6839.997052,22072.118342,28912.115394,6216,3418,0.00,0.6938,0.4750
12691741.0,6840.088709,22072.487592,28912.576300,6217,3418,0.00,0.7000,0.4875
12692206.0,6840.491839,22074.138292,28914.630131,6218,3418,0.00,0.6797,0.4875
12692300.0,6840.571748,22074.464733,28915.036482,6219,3418,0.00,0.6625,0.4750
12692613.0,6840.836062,22075.542500,28916.378562,6220,3419,0.00,0.6578,0.4625
12692705.0,6840.913505,22075.857483,28916.770988,6221,3420,0.00,0.6578,0.4625
12692800.0,6840.993777,22076.184442,28917.178218,6222,3420,0.00,0.6672,0.4750
12693008.0,6841.171046,22076.915908,28918.086954,6223,3421,0.00,0.6953,0.4875
12693782.0,6841.822942,22079.580433,28921.403375,6224,3421,0.00,0.6563,0.4625
12693978.0,6841.987821,22080.251175,28922.238996,6225,3422,0.00,0.6609,0.4625
12694520.0,6842.440840,22082.081383,28924.522223,6226,3422,0.00,0.6484,0.4625
12694521.0,6842.441678,22082.084825,28924.526503,6227,3422,0.00,0.6531,0.4750
12694527.0,6842.446726,22082.105925,28924.552651,6228,3422,0.00,0.6656,0.4875
12694805.0,6842.683315,22083.104408,28925.787723,6229,3423,0.00,0.6844,0.4875
12694892.0,6842.758624,22083.416883,28926.175508,6230,3424,0.00,0.7031,0.4875
12695124.0,6842.958742,22084.239800,28927.198542,6231,3425,0.00,0.6781,0.4875
12695496.0,6843.275644,22085.557375,28928.833019,6232,3426,0.00,0.6781,0.4875
12695902.0,6843.614421,22086.951017,28930.565438,6233,3427,0.00,0.6500,0.4500
12696072.0,6843.757032,22087.523350,28931.280382,6234,3428,0.00,0.6672,0.4625
12696455.0,6844.083447,22088.841508,28932.924955,6235,3429,0.00,0.6859,0.4625
12696716.0,6844.309010,22089.735958,28934.044969,6236,3429,0.00,0.6734,0.4625
12696859.0,6844.431578,22090.228117,28934.659695,6237,3430,0.00,0.6922,0.4625
12696934.0,6844.496622,22090.484367,28934.980988,6238,3431,0.00,0.6938,0.4500
12696992.0,6844.547152,22090.677608,28935.224761,6239,3432,0.00,0.7063,0.4500
12696995.0,6844.549800,22090.687708,28935.237509,6240,3433,0.00,0.7234,0.4625
12697224.0,6844.748788,22091.462950,28936.211738,6241,3433,0.00,0.6859,0.4625
12697262.0,6844.781728,22091.593733,28936.375461,6242,3434,0.00,0.7031,0.4750
12697388.0,6844.892178,22092.027458,28936.919637,6243,3434,0.00,0.7031,0.4750
12697409.0,6844.910663,22092.101308,28937.011971,6244,3434,0.00,0.7078,0.4875
12697409.0,6844.910663,22092.101308,28937.011971,6245,3434,0.00,0.7125,0.5000
12697628.0,6845.100165,22092.874983,28937.975149,6246,3435,0.00,0.6969,0.4875
12697699.0,6845.162315,22093.129992,28938.292307,6247,3436,0.00,0.7250,0.5000
12698004.0,6845.433655,22094.235350,28939.669005,6248,3436,0.00,0.7125,0.5000
12698115.0,6845.532168,22094.642350,28940.174518,6249,3437,0.00,0.7297,0.5125
12698247.0,6845.651082,22095.136250,28940.787332,6250,3438,0.00,0.7469,0.5250
12698502.0,6845.881868,22096.085650,28941.967518,6251,3438,0.00,0.7188,0.5125
12698776.0,6846.124465,22097.110867,28943.235331,6252,3439,0.00,0.7172,0.5250
12699423.0,6846.689941,22099.518000,28946.207941,6253,3440,0.00,0.7000,0.5125
12699635.0,6846.876030,22100.311233,28947.187263,6254,3441,0.00,0.7188,0.5125
12699697.0,6846.931356,22100.543217,28947.474573,6255,3442,0.00,0.7375,0.5125
12699766.0,6846.993935,22100.801392,28947.795327,6256,3442,0.00,0.7563,0.5125
12699989.0,6847.196697,22101.631133,28948.827830,6257,3443,0.00,0.7375,0.5125
12700511.0,6847.657823,22103.540483,28951.198306,6258,3443,0.00,0.6703,0.5000
12700534.0,6847.677481,22103.624817,28951.302297,6259,3443,0.00,0.6891,0.5125
12700571.0,6847.709644,22103.763258,28951.472902,6260,3444,0.00,0.7063,0.5250
12700799.0,6847.908309,22104.610058,28952.518367,6261,3445,0.00,0.7016,0.5125
12700973.0,6848.061254,22105.261108,28953.322362,6262,3446,0.00,0.7203,0.5125
12700980.0,6848.067509,22105.287300,28953.354809,6263,3447,0.00,0.7484,0.5250
12701034.0,6848.116943,22105.493400,28953.610343,6264,3447,0.00,0.7984,0.5250
12701035.0,6848.117898,22105.497217,28953.615114,6265,3447,0.00,0.8484,0.5250
12701642.0,6848.662176,22107.712758,28956.374934,6266,3447,0.00,0.6750,0.4875
12701775.0,6848.776072,22108.190450,28956.966522,6267,3447,0.00,0.6688,0.5000
12701982.0,6848.952264,22108.945775,28957.898039,6268,3448,0.00,0.6578,0.5000
12702195.0,6849.131827,22109.724450,28958.856277,6269,3448,0.00,0.6422,0.5000
12702205.0,6849.140156,22109.761117,28958.901272,6270,3449,0.00,0.6594,0.5125
12702258.0,6849.185003,22109.959425,28959.144428,6271,3450,0.00,0.6766,0.5250
12702385.0,6849.294166,22110.444142,28959.738307,6272,3451,0.00,0.7047,0.5375
12702488.0,6849.384952,22110.844983,28960.229936,6273,3452,0.00,0.7234,0.5375
12702491.0,6849.387640,22110.856658,28960.244299,6274,3453,0.00,0.7359,0.5500
12702537.0,6849.429304,22111.039125,28960.468429,6275,3453,0.00,0.7859,0.5500
12702610.0,6849.497758,22111.326967,28960.824725,6276,3454,0.00,0.7766,0.5375
12703486.0,6850.307205,22114.683042,28964.990247,6277,3454,0.00,0.7422,0.5375
12703623.0,6850.431912,22115.215300,28965.647212,6278,3454,0.00,0.7422,0.5375
12703679.0,6850.482730,22115.429633,28965.912364,6279,3455,0.00,0.7547,0.5375
12703999.0,6850.776147,22116.668892,28967.445039,6280,3456,0.00,0.7609,0.5250
12704008.0,6850.784474,22116.703242,28967.487716,6281,3457,0.00,0.7797,0.5250
12704054.0,6850.827703,22116.878808,28967.706511,6282,3458,0.00,0.7984,0.5250
12704434.0,6851.186852,22118.329142,28969.515994,6283,3459,0.00,0.8078,0.5375
12704508.0,6851.257157,22118.617125,28969.874282,6284,3460,0.00,0.7766,0.5375
12704589.0,6851.332031,22118.928750,28970.260781,6285,3461,0.00,0.7672,0.5250
12704782.0,6851.506444,22119.651567,28971.158011,6286,3462,0.00,0.7422,0.5125
12704913.0,6851.624448,22120.141725,28971.766173,6287,3462,0.00,0.7734,0.5125
12706453.0,6853.019237,22125.795517,28978.814753,6288,3462,0.00,0.7281,0.5125
12707286.0,6853.751651,22128.879475,28982.631126,6289,3462,0.00,0.7234,0.5000
12707288.0,6853.753443,22128.886808,28982.640251,6290,3462,0.00,0.7734,0.5000
12707288.0,6853.753443,22128.886808,28982.640251,6291,3462,0.00,0.7734,0.5000
12707288.0,6853.753443,22128.886808,28982.640251,6292,3462,0.00,0.7734,0.5000
12707320.0,6853.783359,22129.004142,28982.787501,6293,3462,0.00,0.7781,0.5125
12707649.0,6854.091276,22130.217375,28984.308651,6294,3463,0.00,0.7922,0.5000
12707651.0,6854.093174,22130.224708,28984.317883,6295,3464,0.00,0.8109,0.5000
12707656.0,6854.097995,22130.243042,28984.341036,6296,3465,0.00,0.8297,0.5000
12707797.0,6854.235561,22130.760042,28984.995603,6297,3466,0.00,0.8281,0.5125
12708393.0,6854.805674,22132.905850,28987.711524,6298,3467,0.00,0.8047,0.5000
12708721.0,6855.116077,22134.108517,28989.224594,6299,3468,0.00,0.8141,0.5125
12708723.0,6855.118010,22134.116000,28989.234010,6300,3469,0.00,0.8313,0.5250
12708807.0,6855.200078,22134.435775,28989.635853,6301,3470,0.00,0.8313,0.5250
12708975.0,6855.363054,22135.071350,28990.434404,6302,3471,0.00,0.8219,0.5125
12710111.0,6856.386484,22139.321883,28995.708367,6303,3471,0.00,0.7156,0.5250
12710280.0,6856.536882,22139.966900,28996.503782,6304,3472,0.00,0.7438,0.5375
12710826.0,6857.031199,22142.071950,28999.103149,6305,3472,0.00,0.7313,0.5375
12710902.0,6857.099524,22142.362917,28999.462440,6306,3472,0.00,0.7313,0.5375
12711818.0,6857.910477,22145.833108,29003.743585,6307,3472,0.00,0.7063,0.5250
12711905.0,6857.987266,22146.165158,29004.152425,6308,3473,0.00,0.7250,0.5250
12712058.0,6858.124541,22146.749108,29004.873650,6309,3474,0.00,0.7422,0.5375
12712414.0,6858.441909,22148.084892,29006.526800,6310,3474,0.00,0.7016,0.5125
12712464.0,6858.485858,22148.271975,29006.757833,6311,3475,0.00,0.7203,0.5125
12712654.0,6858.655638,22148.982892,29007.638529,6312,3476,0.00,0.7391,0.5125
12712654.0,6858.655638,22148.982892,29007.638529,6313,3477,0.00,0.7563,0.5250
12712679.0,6858.678632,22149.077408,29007.756040,6314,3477,0.00,0.7563,0.5250
12712750.0,6858.743652,22149.348392,29008.092044,6315,3478,0.00,0.7656,0.5375
12713034.0,6859.002588,22150.439150,29009.441738,6316,3479,0.00,0.7359,0.5375
12713342.0,6859.280471,22151.625333,29010.905804,6317,3480,0.00,0.7203,0.5250
12713342.0,6859.280471,22151.625333,29010.905804,6318,3481,0.00,0.7266,0.5375
12713682.0,6859.584912,22152.931475,29012.516387,6319,3482,0.00,0.7031,0.5375
12713985.0,6859.850234,22154.089350,29013.939584,6320,3482,0.00,0.7031,0.5250
12714018.0,6859.879281,22154.215300,29014.094581,6321,3483,0.00,0.7203,0.5375
12714775.0,6860.555718,22157.161292,29017.717010,6322,3483,0.00,0.7250,0.5500
12715637.0,6861.307708,22160.419833,29021.727542,6323,3484,0.00,0.6563,0.4875
12715759.0,6861.410646,22160.858017,29022.268663,6324,3485,0.00,0.6734,0.5000
12715831.0,6861.472358,22161.122017,29022.594375,6325,3485,0.00,0.6781,0.5125
12715831.0,6861.472358,22161.122017,29022.594375,6326,3486,0.00,0.6953,0.5250
12715832.0,6861.473232,22161.125833,29022.599066,6327,3487,0.00,0.7125,0.5375
12715890.0,6861.524707,22161.351550,29022.876257,6328,3487,0.00,0.7172,0.5500
12715899.0,6861.532728,22161.387250,29022.919978,6329,3487,0.00,0.7219,0.5625
12716496.0,6862.064461,22163.749575,29025.814036,6330,3488,0.00,0.7313,0.5500
12717032.0,6862.546968,22165.854933,29028.401901,6331,3488,0.00,0.7266,0.5375
12717322.0,6862.805282,22166.970992,29029.776274,6332,3489,0.00,0.7266,0.5375
12717323.0,6862.806181,22166.974883,29029.781064,6333,3490,0.00,0.7438,0.5500
12717374.0,6862.852683,22167.177183,29030.029866,6334,3490,0.00,0.7484,0.5625
12717453.0,6862.925003,22167.496475,29030.421478,6335,3491,0.00,0.7656,0.5750
12717776.0,6863.220263,22168.782058,29032.002321,6336,3491,0.00,0.7484,0.5625
12718008.0,6863.432101,22169.708475,29033.140576,6337,3491,0.00,0.7391,0.5375
12718108.0,6863.522651,22170.092167,29033.614817,6338,3492,0.00,0.7484,0.5375
12718232.0,6863.636166,22170.574733,29034.210900,6339,3493,0.00,0.7672,0.5500
12719070.0,6864.411995,22173.843225,29038.255220,6340,3493,0.00,0.7531,0.5375
12719324.0,6864.645125,22174.825108,29039.470234,6341,3494,0.00,0.7656,0.5375
12719380.0,6864.697139,22175.043042,29039.740181,6342,3495,0.00,0.7719,0.5500
12719475.0,6864.785839,22175.419875,29040.205714,6343,3496,0.00,0.7891,0.5625
12719519.0,6864.827509,22175.597708,29040.425217,6344,3496,0.00,0.7938,0.5750
12719679.0,6864.975318,22176.224275,29041.199593,6345,3497,0.00,0.7828,0.5500
12720223.0,6865.464069,22178.270242,29043.734311,6346,3497,0.00,0.6906,0.5000
12720445.0,6865.654123,22179.055142,29044.709265,6347,3497,0.00,0.6734,0.4875
12720635.0,6865.816341,22179.724508,29045.540850,6348,3497,0.00,0.6875,0.4875
12720779.0,6865.941341,22180.241708,29046.183050,6349,3498,0.00,0.7047,0.5000
12720780.0,6865.942223,22180.245375,29046.187598,6350,3499,0.00,0.7219,0.5125
12720783.0,6865.944907,22180.256600,29046.201507,6351,3500,0.00,0.7391,0.5250
12720822.0,6865.980326,22180.405450,29046.385776,6352,3501,0.00,0.7563,0.5375
12720865.0,6866.019951,22180.572792,29046.592743,6353,3502,0.00,0.7734,0.5500
12722522.0,6867.489765,22186.702458,29054.192223,6354,3503,0.00,0.6813,0.4875
12722727.0,6867.666719,22187.438750,29055.105469,6355,3504,0.00,0.6984,0.5000
12722917.0,6867.833266,22188.135417,29055.968683,6356,3504,0.00,0.7031,0.5125
12723416.0,6868.266504,22189.933958,29058.200462,6357,3505,0.00,0.7078,0.4875
12723521.0,6868.358565,22190.308533,29058.667098,6358,3506,0.00,0.6859,0.4875
12724753.0,6869.419833,22194.699117,29064.118949,6359,3507,0.00,0.6844,0.4875
12724760.0,6869.425892,22194.724258,29064.150151,6360,3507,0.00,0.7016,0.5000
12724827.0,6869.484785,22194.969925,29064.454710,6361,3508,0.00,0.7188,0.5125
12724844.0,6869.499955,22195.033533,29064.533488,6362,3509,0.00,0.7359,0.5250
12724869.0,6869.522598,22195.128950,29064.651548,6363,3510,0.00,0.7531,0.5375
12724908.0,6869.558355,22195.278925,29064.837280,6364,3511,0.00,0.7656,0.5375
12724913.0,6869.562999,22195.298383,29064.861383,6365,3512,0.00,0.7828,0.5500
12724952.0,6869.599745,22195.453083,29065.052828,6366,3512,0.00,0.8000,0.5625
12724988.0,6869.634145,22195.598583,29065.232728,6367,3512,0.00,0.8047,0.5750
12725852.0,6870.455908,22199.082258,29069.538166,6368,3512,0.00,0.7500,0.5375
12725915.0,6870.513658,22199.327433,29069.841091,6369,3512,0.00,0.7625,0.5500
12726300.0,6870.869879,22200.829775,29071.699654,6370,3512,0.00,0.7563,0.5375
12726410.0,6870.968525,22201.240758,29072.209283,6371,3513,0.00,0.7406,0.5125
12727467.0,6871.900859,22205.033700,29076.934559,6372,3514,0.00,0.6891,0.4750
12727637.0,6872.048635,22205.631533,29077.680169,6373,3515,0.00,0.7063,0.4875
12727643.0,6872.053931,22205.653083,29077.707015,6374,3515,0.00,0.7109,0.5000
12727716.0,6872.118630,22205.920750,29078.039380,6375,3515,0.00,0.7156,0.5125
12727744.0,6872.143548,22206.025517,29078.169065,6376,3516,0.00,0.7328,0.5250
12727818.0,6872.210392,22206.307950,29078.518342,6377,3517,0.00,0.7500,0.5375
12727848.0,6872.237892,22206.424700,29078.662592,6378,3517,0.00,0.7625,0.5375
12727848.0,6872.237892,22206.424700,29078.662592,6379,3517,0.00,0.7750,0.5375
12727852.0,6872.241637,22206.440267,29078.681903,6380,3517,0.00,0.7875,0.5375
12727861.0,6872.250149,22206.475292,29078.725441,6381,3518,0.00,0.8047,0.5500
12728219.0,6872.582944,22207.807908,29080.390852,6382,3518,0.00,0.7656,0.5125
12728547.0,6872.883185,22209.010350,29081.893535,6383,3518,0.00,0.7469,0.5000
12728796.0,6873.110830,22209.923350,29083.034180,6384,3519,0.00,0.7656,0.5125
12728810.0,6873.123833,22209.975733,29083.099566,6385,3519,0.00,0.7703,0.5250
12728811.0,6873.124766,22209.979550,29083.104316,6386,3519,0.00,0.7750,0.5375
12728887.0,6873.195635,22210.270667,29083.466302,6387,3520,0.00,0.7703,0.5250
12729473.0,6873.715436,22212.396533,29086.111969,6388,3520,0.00,0.6813,0.4875
12729554.0,6873.785355,22212.687458,29086.472813,6389,3520,0.00,0.6984,0.5000
12729924.0,6874.103942,22213.998900,29088.102842,6390,3520,0.00,0.6781,0.4875
12731230.0,6875.186214,22218.391117,29093.577330,6391,3521,0.00,0.6453,0.4500
12731256.0,6875.207930,22218.478650,29093.686580,6392,3522,0.00,0.6641,0.4625
12731529.0,6875.439466,22219.415825,29094.855291,6393,3522,0.00,0.6953,0.4500
12731530.0,6875.440340,22219.419192,29094.859532,6394,3522,0.00,0.7453,0.4500
12733903.0,6877.507830,22227.110917,29104.618747,6395,3522,0.00,0.6516,0.4250
12734639.0,6878.126147,22229.478383,29107.604530,6396,3523,0.00,0.6891,0.4375
12736276.0,6879.532421,22234.866842,29114.399263,6397,3523,0.00,0.6891,0.4375
12736585.0,6879.801026,22235.883967,29115.684992,6398,3524,0.00,0.7359,0.4625
12736950.0,6880.131617,22237.140175,29117.271792,6399,3524,0.00,0.7406,0.4750
12737285.0,6880.435076,22238.293958,29118.729034,6400,3525,0.00,0.7641,0.4750
12737287.0,6880.436931,22238.300992,29118.737923,6401,3525,0.00,0.7688,0.4875
12738367.0,6881.401435,22242.058042,29123.459476,6402,3525,0.00,0.6688,0.4750
12738518.0,6881.530309,22242.589058,29124.119367,6403,3526,0.00,0.7063,0.4875
12739533.0,6882.397913,22246.079275,29128.477188,6404,3526,0.00,0.6578,0.4625
12739688.0,6882.528365,22246.602083,29129.130448,6405,3526,0.00,0.6578,0.4625
12740922.0,6883.528068,22250.658375,29134.186443,6406,3527,0.00,0.6063,0.4375
12740935.0,6883.538531,22250.701167,29134.239697,6407,3527,0.00,0.6109,0.4500
12741867.0,6884.288705,22253.769900,29138.058605,6408,3528,0.00,0.6188,0.4375
12744585.0,6886.477202,22262.716650,29149.193852,6409,3528,0.00,0.6063,0.4375
12745598.0,6887.292527,22266.051108,29153.343635,6410,3528,0.00,0.6125,0.4500
12746031.0,6887.643136,22267.508875,29155.152011,6411,3528,0.00,0.6125,0.4500
12746451.0,6887.983220,22268.922875,29156.906095,6412,3528,0.00,0.6172,0.4625
12747693.0,6888.988968,22273.105775,29162.094743,6413,3529,0.00,0.6313,0.4625
12747693.0,6888.988968,22273.105775,29162.094743,6414,3530,0.00,0.6500,0.4750
12747923.0,6889.181912,22273.914608,29163.096520,6415,3531,0.00,0.7000,0.5250
12750317.0,6891.129784,22282.015733,29173.145517,6416,3532,0.00,0.6563,0.4875
12750792.0,6891.513454,22283.589775,29175.103229,6417,3533,0.00,0.6297,0.4500
12752009.0,6892.513120,22287.680033,29180.193153,6418,3533,0.00,0.6063,0.4500
12753278.0,6893.529902,22291.857983,29185.387886,6419,3534,0.00,0.6516,0.4875
12753728.0,6893.891849,22293.350033,29187.241883,6420,3535,0.00,0.6391,0.4500
12754163.0,6894.253065,22294.814533,29189.067599,6421,3536,0.00,0.6891,0.5000
12754705.0,6894.704532,22296.650067,29191.354599,6422,3537,0.00,0.6891,0.5000
12756372.0,6896.090840,22302.562525,29198.653365,6423,3538,0.00,0.6344,0.4875
12756587.0,6896.268589,22303.334733,29199.603322,6424,3539,0.00,0.6625,0.5000
12756840.0,6896.482981,22304.261350,29200.744331,6425,3539,0.00,0.6469,0.4875
12756845.0,6896.487163,22304.279308,29200.766472,6426,3539,0.00,0.6594,0.4875
12756851.0,6896.492240,22304.300858,29200.793099,6427,3539,0.00,0.6719,0.4875
12756858.0,6896.498232,22304.326000,29200.824232,6428,3539,0.00,0.6844,0.4875
12758421.0,6897.851203,22309.939775,29207.790978,6429,3539,0.00,0.6844,0.4875
12759287.0,6898.600401,22313.041233,29211.641634,6430,3540,0.00,0.6969,0.4875
12759334.0,6898.641182,22313.210042,29211.851224,6431,3541,0.00,0.7016,0.5000
12759344.0,6898.649954,22313.246333,29211.896288,6432,3541,0.00,0.7094,0.4875
12759426.0,6898.722112,22313.540850,29212.262962,6433,3542,0.00,0.7141,0.5000
12759616.0,6898.889310,22314.228217,29213.117527,6434,3542,0.00,0.7016,0.5000
12759669.0,6898.935897,22314.422550,29213.358447,6435,3542,0.00,0.7203,0.5125
12759742.0,6899.001128,22314.695692,29213.696819,6436,3542,0.00,0.7250,0.5250
12760137.0,6899.353736,22316.193525,29215.547261,6437,3542,0.00,0.6891,0.5000
12760187.0,6899.397130,22316.375433,29215.772563,6438,3542,0.00,0.6891,0.5000
12760208.0,6899.415385,22316.452433,29215.867818,6439,3542,0.00,0.6938,0.5125
12760254.0,6899.455477,22316.623275,29216.078752,6440,3542,0.00,0.7391,0.5000
12760373.0,6899.563141,22317.056833,29216.619974,6441,3542,0.00,0.7219,0.4875
12760407.0,6899.593494,22317.177525,29216.771019,6442,3543,0.00,0.7344,0.4875
12760482.0,6899.661007,22317.441875,29217.102882,6443,3544,0.00,0.7453,0.4875
12760627.0,6899.791549,22317.944892,29217.736441,6444,3545,0.00,0.7406,0.4750
12761181.0,6900.287674,22319.830575,29220.118249,6445,3545,0.00,0.7234,0.4625
12761193.0,6900.298427,22319.871875,29220.170302,6446,3546,0.00,0.7406,0.4750
12761196.0,6900.301155,22319.882425,29220.183580,6447,3547,0.00,0.7531,0.4875
12761231.0,6900.333323,22320.008133,29220.341456,6448,3548,0.00,0.7703,0.5000
12762035.0,6901.060995,22322.832533,29223.893528,6449,3548,0.00,0.7234,0.4750
12762468.0,6901.435781,22324.299225,29225.735006,6450,3548,0.00,0.6703,0.4625
12763127.0,6901.999020,22326.567283,29228.566303,6451,3548,0.00,0.6750,0.4750
12763127.0,6901.999020,22326.567283,29228.566303,6452,3548,0.00,0.6797,0.4875
12763128.0,6901.999882,22326.570875,29228.570757,6453,3548,0.00,0.6844,0.5000
12763536.0,6902.350673,22328.017825,29230.368498,6454,3549,0.00,0.6922,0.4875
12763538.0,6902.352416,22328.025008,29230.377424,6455,3549,0.00,0.7047,0.5000
12763734.0,6902.524854,22328.741200,29231.266054,6456,3550,0.00,0.7172,0.5000
12763803.0,6902.585935,22328.992625,29231.578560,6457,3551,0.00,0.7297,0.5000
12763815.0,6902.596745,22329.036625,29231.633370,6458,3551,0.00,0.7344,0.5125
12763897.0,6902.670668,22329.338342,29232.009009,6459,3552,0.00,0.7469,0.5125
12764618.0,6903.326904,22332.019658,29235.346563,6460,3553,0.00,0.7469,0.5125
12764760.0,6903.455616,22332.544750,29236.000366,6461,3553,0.00,0.7422,0.5125
12764980.0,6903.651487,22333.339342,29236.990829,6462,3554,0.00,0.7188,0.5000
12765409.0,6904.034310,22334.912342,29238.946652,6463,3555,0.00,0.7375,0.5000
12765714.0,6904.310928,22336.030675,29240.341603,6464,3555,0.00,0.7391,0.5125
12765722.0,6904.318194,22336.060608,29240.378802,6465,3555,0.00,0.7891,0.5125
12765748.0,6904.342817,22336.157892,29240.500709,6466,3555,0.00,0.7938,0.5250
12765960.0,6904.544199,22336.956825,29241.501024,6467,3555,0.00,0.7969,0.5250
12766167.0,6904.741496,22337.746875,29242.488371,6468,3556,0.00,0.8141,0.5375
12766168.0,6904.742462,22337.750767,29242.493229,6469,3557,0.00,0.8313,0.5500
12766375.0,6904.937682,22338.549217,29243.486899,6470,3558,0.00,0.7750,0.5375
12766382.0,6904.944235,22338.576458,29243.520693,6471,3559,0.00,0.7922,0.5500
12766386.0,6904.948033,22338.592325,29243.540358,6472,3560,0.00,0.8094,0.5625
12766495.0,6905.052566,22339.027092,29244.079658,6473,3560,0.00,0.7922,0.5500
12767041.0,6905.560435,22341.133717,29246.694151,6474,3561,0.00,0.7578,0.5250
12767308.0,6905.804093,22342.137542,29247.941635,6475,3562,0.00,0.7656,0.5250
12767571.0,6906.048373,22343.141325,29249.189698,6476,3563,0.00,0.8031,0.5375
12767665.0,6906.138423,22343.507142,29249.645565,6477,3564,0.00,0.8313,0.5500
12767730.0,6906.199626,22343.764975,29249.964601,6478,3565,0.00,0.7984,0.5625
12767779.0,6906.245151,22343.955892,29250.201043,6479,3565,0.00,0.7453,0.5375
12767914.0,6906.367924,22344.471292,29250.839216,6480,3566,0.00,0.7578,0.5375
12767918.0,6906.371615,22344.486858,29250.858473,6481,3567,0.00,0.7750,0.5500
12767922.0,6906.375359,22344.502725,29250.878084,6482,3568,0.00,0.7922,0.5625
12767965.0,6906.416143,22344.676217,29251.092360,6483,3569,0.00,0.7875,0.5500
12768034.0,6906.480550,22344.945117,29251.425667,6484,3569,0.00,0.7422,0.5250
12768679.0,6907.054865,22347.260317,29254.315182,6485,3570,0.00,0.7250,0.4875
12768979.0,6907.319459,22348.307742,29255.627201,6486,3570,0.00,0.7000,0.4750
12769053.0,6907.384414,22348.567975,29255.952389,6487,3571,0.00,0.7188,0.4875
12769332.0,6907.632650,22349.554975,29257.187625,6488,3571,0.00,0.7188,0.4875
12769377.0,6907.672807,22349.716600,29257.389407,6489,3572,0.00,0.7359,0.5000
12769693.0,6907.954135,22350.848567,29258.802702,6490,3573,0.00,0.7172,0.4875
12769779.0,6908.030774,22351.157450,29259.188224,6491,3573,0.00,0.7219,0.5000
12770018.0,6908.244629,22352.033783,29260.278412,6492,3574,0.00,0.7406,0.5000
12770216.0,6908.424685,22352.759783,29261.184469,6493,3575,0.00,0.7688,0.5125
12770272.0,6908.476835,22352.969317,29261.446152,6494,3575,0.00,0.7750,0.5250
12770555.0,6908.735842,22354.030008,29262.765851,6495,3576,0.00,0.7578,0.5250
12770958.0,6909.106826,22355.549975,29264.656801,6496,3576,0.00,0.7594,0.5250
12771007.0,6909.151466,22355.734292,29264.885758,6497,3577,0.00,0.7375,0.5000
12771766.0,6909.835671,22358.463667,29268.299338,6498,3577,0.00,0.7172,0.4875
12771767.0,6909.836562,22358.467258,29268.303821,6499,3577,0.00,0.7297,0.5000
12771919.0,6909.973494,22359.024592,29268.998086,6500,3578,0.00,0.7578,0.5125
12772422.0,6910.416732,22360.788675,29271.205407,6501,3579,0.00,0.7203,0.4875
12772608.0,6910.580099,22361.434825,29272.014924,6502,3579,0.00,0.7125,0.4750
12772610.0,6910.581874,22361.441858,29272.023732,6503,3579,0.00,0.7172,0.4875
12772873.0,6910.813598,22362.369217,29273.182815,6504,3580,0.00,0.7125,0.4750
12773104.0,6911.018611,22363.181567,29274.200177,6505,3580,0.00,0.7172,0.4875
12773293.0,6911.187037,22363.860392,29275.047429,6506,3581,0.00,0.7313,0.5000
12773350.0,6911.238456,22364.069392,29275.307848,6507,3581,0.00,0.7359,0.5125
12773483.0,6911.358666,22364.561858,29275.920525,6508,3581,0.00,0.7359,0.5125
12773623.0,6911.485093,22365.077967,29276.563060,6509,3582,0.00,0.7484,0.5125
12773786.0,6911.633732,22365.683883,29277.317615,6510,3583,0.00,0.7516,0.5125
12773787.0,6911.634650,22365.687625,29277.322275,6511,3584,0.00,0.7688,0.5250
12773792.0,6911.639306,22365.706708,29277.346014,6512,3585,0.00,0.7859,0.5375
12773801.0,6911.647808,22365.741733,29277.389541,6513,3586,0.00,0.8031,0.5500
12773840.0,6911.684702,22365.896433,29277.581136,6514,3587,0.00,0.7953,0.5625
12773929.0,6911.768568,22366.253967,29278.022535,6515,3588,0.00,0.7828,0.5625
12774081.0,6911.907864,22366.846325,29278.754189,6516,3589,0.00,0.7484,0.5375
12774083.0,6911.909695,22366.854108,29278.763803,6517,3590,0.00,0.7656,0.5500
12774112.0,6911.936630,22366.969142,29278.905772,6518,3591,0.00,0.7828,0.5625
12774275.0,6912.079606,22367.568458,29279.648064,6519,3591,0.00,0.6750,0.4875
12774816.0,6912.541369,22369.491525,29282.032894,6520,3592,0.00,0.6875,0.4875
12775123.0,6912.807551,22370.592967,29283.400517,6521,3593,0.00,0.6875,0.4875
12775740.0,6913.321528,22372.744975,29286.066503,6522,3593,0.00,0.6297,0.4750
12776091.0,6913.609478,22373.959675,29287.569153,6523,3593,0.00,0.6297,0.4750
12776250.0,6913.740349,22374.518825,29288.259174,6524,3594,0.00,0.6438,0.4875
12776669.0,6914.088899,22376.005058,29290.093957,6525,3595,0.00,0.6563,0.4875
12776671.0,6914.090586,22376.012242,29290.102828,6526,3596,0.00,0.6844,0.5000
12776690.0,6914.107033,22376.081908,29290.188942,6527,3596,0.00,0.6891,0.5125
12776823.0,6914.222646,22376.579550,29290.802196,6528,3597,0.00,0.7063,0.5250
12776835.0,6914.233238,22376.625350,29290.858588,6529,3597,0.00,0.7109,0.5375
12777190.0,6914.541589,22377.934892,29292.476480,6530,3597,0.00,0.6891,0.5125
12777510.0,6914.817477,22379.111975,29293.929452,6531,3598,0.00,0.6688,0.4875
12777558.0,6914.858257,22379.283100,29294.141357,6532,3598,0.00,0.6594,0.4875
12777769.0,6915.036459,22380.033892,29295.070350,6533,3599,0.00,0.6719,0.4875
12777777.0,6915.043306,22380.062625,29295.105931,6534,3599,0.00,0.6766,0.5000
12777824.0,6915.083705,22380.234958,29295.318663,6535,3600,0.00,0.6938,0.5125
12778137.0,6915.352525,22381.371525,29296.724050,6536,3600,0.00,0.6766,0.5000
12778303.0,6915.494776,22381.971267,29297.466043,6537,3600,0.00,0.6766,0.5000
12778362.0,6915.545489,22382.187600,29297.733089,6538,3600,0.00,0.6813,0.5125
12778412.0,6915.588594,22382.373558,29297.962153,6539,3601,0.00,0.6938,0.5125
12778466.0,6915.635732,22382.575608,29298.211340,6540,3601,0.00,0.6984,0.5250
12778720.0,6915.851230,22383.483992,29299.335222,6541,3601,0.00,0.6266,0.4500
12779479.0,6916.464310,22385.952667,29302.416977,6542,3602,0.00,0.6234,0.4250
12779544.0,6916.517495,22386.161750,29302.679245,6543,3603,0.00,0.6484,0.4500
12779593.0,6916.558541,22386.326717,29302.885257,6544,3604,0.00,0.6656,0.4625
12779606.0,6916.569604,22386.371458,29302.941063,6545,3604,0.00,0.6703,0.4750
12779768.0,6916.706430,22386.928558,29303.634989,6546,3605,0.00,0.6625,0.4625
12780526.0,6917.329566,22389.431517,29306.761083,6547,3605,0.00,0.5922,0.4250
12780597.0,6917.385935,22389.659900,29307.045835,6548,3606,0.00,0.6094,0.4375
12780706.0,6917.473860,22390.017267,29307.491127,6549,3606,0.00,0.6094,0.4375
12780965.0,6917.679348,22390.843333,29308.522681,6550,3607,0.00,0.6047,0.4250
12781038.0,6917.738014,22391.078150,29308.816164,6551,3607,0.00,0.6094,0.4375
12781242.0,6917.902701,22391.749650,29309.652351,6552,3608,0.00,0.6219,0.4500
12781461.0,6918.078733,22392.470600,29310.549333,6553,3608,0.00,0.6047,0.4375
12781794.0,6918.345690,22393.553225,29311.898915,6554,3608,0.00,0.6125,0.4375
12781826.0,6918.371602,22393.658558,29312.030160,6555,3608,0.00,0.6172,0.4500
12781958.0,6918.478740,22394.098308,29312.577048,6556,3609,0.00,0.6297,0.4500
12782008.0,6918.519817,22394.266042,29312.785859,6557,3609,0.00,0.6219,0.4500
12782550.0,6918.960830,22396.053575,29315.014405,6558,3610,0.00,0.6453,0.4500
12782868.0,6919.226437,22397.124175,29316.350612,6559,3611,0.00,0.6625,0.4625
12782927.0,6919.276505,22397.327233,29316.603739,6560,3612,0.00,0.6797,0.4750
12783406.0,6919.677091,22398.950667,29318.627758,6561,3613,0.00,0.6344,0.4500
12783712.0,6919.930072,22399.980867,29319.910939,6562,3613,0.00,0.6391,0.4625
12783808.0,6920.009789,22400.311267,29320.321056,6563,3614,0.00,0.6563,0.4750
12784066.0,6920.226773,22401.204092,29321.430865,6564,3614,0.00,0.6563,0.4750
12784361.0,6920.469630,22402.201458,29322.671088,6565,3615,0.00,0.5891,0.4250
12784501.0,6920.580439,22402.651792,29323.232230,6566,3615,0.00,0.5938,0.4375
12784713.0,6920.748363,22403.336350,29324.084713,6567,3616,0.00,0.6063,0.4375
12784783.0,6920.804703,22403.566767,29324.371470,6568,3616,0.00,0.6109,0.4500
12784847.0,6920.856447,22403.782233,29324.638681,6569,3616,0.00,0.6156,0.4625
12785187.0,6921.130993,22404.919775,29326.050768,6570,3617,0.00,0.6234,0.4500
12785192.0,6921.135085,22404.936608,29326.071693,6571,3618,0.00,0.6406,0.4625
12785276.0,6921.204805,22405.224958,29326.429763,6572,3619,0.00,0.6406,0.4625
12785374.0,6921.285459,22405.557517,29326.842976,6573,3620,0.00,0.6297,0.4625
12785377.0,6921.287929,22405.567842,29326.855770,6574,3620,0.00,0.6469,0.4750
12785425.0,6921.327838,22405.735292,29327.063130,6575,3621,0.00,0.6578,0.4750
12785576.0,6921.455428,22406.266308,29327.721736,6576,3621,0.00,0.6625,0.4875
12785635.0,6921.505496,22406.478217,29327.983712,6577,3621,0.00,0.6750,0.5000
12785902.0,6921.727606,22407.418517,29329.146123,6578,3621,0.00,0.6297,0.4750
12785913.0,6921.736660,22407.457200,29329.193860,6579,3621,0.00,0.6297,0.4750
12785918.0,6921.740776,22407.474783,29329.215559,6580,3622,0.00,0.6469,0.4875
12785926.0,6921.747468,22407.503517,29329.250984,6581,3622,0.00,0.6516,0.5000
12785960.0,6921.775965,22407.626833,29329.402799,6582,3622,0.00,0.6516,0.5000
12785961.0,6921.776806,22407.630500,29329.407306,6583,3622,0.00,0.6641,0.5125
12786353.0,6922.102557,22409.018783,29331.121340,6584,3623,0.00,0.6578,0.4750
12786844.0,6922.508305,22410.711042,29333.219346,6585,3623,0.00,0.6250,0.4625
12786902.0,6922.555832,22410.910658,29333.466491,6586,3623,0.00,0.6297,0.4750
12786955.0,6922.599456,22411.097042,29333.696498,6587,3624,0.00,0.6469,0.4875
12787507.0,6923.051420,22413.016267,29336.067687,6588,3625,0.00,0.6141,0.4625
12787667.0,6923.181170,22413.566933,29336.748103,6589,3626,0.00,0.6281,0.4750
12787813.0,6923.300497,22414.075792,29337.376288,6590,3626,0.00,0.6188,0.4750
12787897.0,6923.368710,22414.366842,29337.735552,6591,3626,0.00,0.6188,0.4750
12788031.0,6923.477606,22414.832750,29338.310356,6592,3626,0.00,0.6156,0.4625
12788080.0,6923.517248,22415.000342,29338.517590,6593,3627,0.00,0.6188,0.4625
12788080.0,6923.517248,22415.000342,29338.517590,6594,3628,0.00,0.6328,0.4750
12788157.0,6923.580813,22415.271125,29338.851938,6595,3628,0.00,0.6375,0.4875
12788548.0,6923.893099,22416.568217,29340.461316,6596,3628,0.00,0.6016,0.4500
12788577.0,6923.916334,22416.665850,29340.582184,6597,3628,0.00,0.6063,0.4625
12788598.0,6923.933236,22416.738125,29340.671361,6598,3629,0.00,0.6234,0.4750
12788687.0,6924.005829,22417.046383,29341.052212,6599,3630,0.00,0.6359,0.4750
12788697.0,6924.014109,22417.081550,29341.095659,6600,3631,0.00,0.6531,0.4875
12788759.0,6924.066270,22417.304233,29341.370504,6601,3631,0.00,0.6578,0.5000
12789137.0,6924.373021,22418.611483,29342.984504,6602,3632,0.00,0.6297,0.4625
12789177.0,6924.405945,22418.749150,29343.155095,6603,3633,0.00,0.6469,0.4750
12789272.0,6924.483986,22419.078358,29343.562345,6604,3633,0.00,0.6063,0.4625
12789473.0,6924.645213,22419.758808,29344.404021,6605,3634,0.00,0.6156,0.4625
12789516.0,6924.680135,22419.906800,29344.586935,6606,3635,0.00,0.6234,0.4625
12789561.0,6924.716956,22420.061675,29344.778631,6607,3636,0.00,0.6406,0.4750
12789684.0,6924.819242,22420.494225,29345.313467,6608,3637,0.00,0.6547,0.4875
12790216.0,6925.253461,22422.313042,29347.566503,6609,3637,0.00,0.6141,0.4625
12790302.0,6925.323143,22422.607825,29347.930968,6610,3638,0.00,0.6219,0.4625
12790364.0,6925.373798,22422.821208,29348.195006,6611,3638,0.00,0.6266,0.4750
12790778.0,6925.706137,22424.204433,29349.910570,6612,3638,0.00,0.6000,0.4500
12790861.0,6925.772537,22424.483867,29350.256403,6613,3638,0.00,0.6047,0.4625
12790868.0,6925.778162,22424.507958,29350.286121,6614,3638,0.00,0.6094,0.4750
12790943.0,6925.838680,22424.771108,29350.609788,6615,3639,0.00,0.6328,0.4750
12791053.0,6925.929097,22425.153292,29351.082389,6616,3639,0.00,0.6047,0.4625
12791442.0,6926.240115,22426.459175,29352.699290,6617,3640,0.00,0.6094,0.4500
12791468.0,6926.261105,22426.546708,29352.807813,6618,3640,0.00,0.6141,0.4625
12791932.0,6926.632345,22428.103067,29354.735411,6619,3640,0.00,0.6000,0.4500
12791937.0,6926.636345,22428.119900,29354.756245,6620,3641,0.00,0.6141,0.4625
12791939.0,6926.637966,22428.126783,29354.764750,6621,3642,0.00,0.6359,0.4750
12792815.0,6927.337145,22431.019508,29358.356654,6622,3643,0.00,0.6125,0.4500
12792844.0,6927.360627,22431.117142,29358.477769,6623,3643,0.00,0.6172,0.4625
12792900.0,6927.406176,22431.309875,29358.716051,6624,3644,0.00,0.6344,0.4750
12792904.0,6927.409483,22431.323942,29358.733424,6625,3645,0.00,0.6516,0.4875
12792976.0,6927.469302,22431.578792,29359.048094,6626,3646,0.00,0.6516,0.4875
12793183.0,6927.639166,22432.299617,29359.938783,6627,3646,0.00,0.6219,0.4750
12793415.0,6927.827139,22433.083083,29360.910222,6628,3646,0.00,0.6172,0.4625
12793533.0,6927.922596,22433.482300,29361.404896,6629,3647,0.00,0.6156,0.4500
12793704.0,6928.058970,22434.029050,29362.088020,6630,3647,0.00,0.5922,0.4250
12793744.0,6928.090727,22434.157717,29362.248444,6631,3647,0.00,0.5969,0.4375
12793976.0,6928.274856,22434.902708,29363.177564,6632,3647,0.00,0.5922,0.4250
12793983.0,6928.280413,22434.925225,29363.205638,6633,3647,0.00,0.5969,0.4375
12794058.0,6928.340231,22435.172100,29363.512331,6634,3648,0.00,0.6141,0.4500
12794446.0,6928.653012,22436.440042,29365.093053,6635,3648,0.00,0.6547,0.4250
12794446.0,6928.653012,22436.440042,29365.093053,6636,3648,0.00,0.7047,0.4250
12794736.0,6928.908624,22437.372875,29366.281499,6637,3649,0.00,0.7234,0.4375
12794844.0,6929.005393,22437.728375,29366.733768,6638,3649,0.00,0.7281,0.4500
12794953.0,6929.103116,22438.088367,29367.191483,6639,3650,0.00,0.7297,0.4500
12795482.0,6929.579676,22439.869333,29369.449009,6640,3650,0.00,0.7344,0.4625
12796050.0,6930.092721,22441.809425,29371.902146,6641,3650,0.00,0.7344,0.4625
12796636.0,6930.604994,22443.826242,29374.431236,6642,3651,0.00,0.6406,0.4750
12796756.0,6930.704786,22444.248242,29374.953027,6643,3651,0.00,0.6453,0.4875
12797381.0,6931.224220,22446.439708,29377.663929,6644,3652,0.00,0.6453,0.4750
12798185.0,6931.895756,22449.267108,29381.162864,6645,3652,0.00,0.6469,0.4875
12798397.0,6932.071877,22450.000567,29382.072444,6646,3653,0.00,0.6563,0.4750
12798459.0,6932.124190,22450.218600,29382.342790,6647,3653,0.00,0.6609,0.4875
12798481.0,6932.142832,22450.297617,29382.440449,6648,3654,0.00,0.6781,0.5000
12798640.0,6932.279694,22450.880617,29383.160310,6649,3654,0.00,0.6797,0.5125
12798887.0,6932.492603,22451.804808,29384.297411,6650,3654,0.00,0.6969,0.5250
12799060.0,6932.642222,22452.445892,29385.088114,6651,3655,0.00,0.6844,0.4875
12799101.0,6932.677713,22452.593150,29385.270863,6652,3655,0.00,0.6891,0.5000
12799187.0,6932.752295,22452.904883,29385.657178,6653,3655,0.00,0.6891,0.5000
12799372.0,6932.912519,22453.571217,29386.483736,6654,3655,0.00,0.6797,0.4875
12799404.0,6932.940103,22453.686150,29386.626253,6655,3655,0.00,0.6844,0.5000
12799447.0,6932.977325,22453.843817,29386.821141,6656,3656,0.00,0.7016,0.5125
12799684.0,6933.184899,22454.715217,29387.900115,6657,3656,0.00,0.7016,0.5125
12799684.0,6933.184899,22454.715217,29387.900115,6658,3657,0.00,0.7188,0.5250
12799730.0,6933.225947,22454.890783,29388.116731,6659,3657,0.00,0.7234,0.5375
12799737.0,6933.232219,22454.918025,29388.150244,6660,3657,0.00,0.7281,0.5500
12799943.0,6933.416458,22455.712733,29389.129191,6661,3657,0.00,0.7234,0.5375
12799970.0,6933.440650,22455.817808,29389.258458,6662,3657,0.00,0.7281,0.5500
12800410.0,6933.832363,22457.478092,29391.310454,6663,3657,0.00,0.7141,0.5125
12800682.0,6934.073798,22458.489750,29392.563548,6664,3657,0.00,0.7141,0.5125
12801448.0,6934.736564,22461.191467,29395.928031,6665,3658,0.00,0.6688,0.4625
12801624.0,6934.886775,22461.797200,29396.683975,6666,3659,0.00,0.7063,0.4750
12801676.0,6934.932111,22461.976917,29396.909028,6667,3660,0.00,0.7063,0.4750
12801732.0,6934.981539,22462.173850,29397.155389,6668,3661,0.00,0.7234,0.4875
12801795.0,6935.037987,22462.400125,29397.438112,6669,3661,0.00,0.7281,0.5000
12801886.0,6935.119630,22462.729142,29397.848771,6670,3661,0.00,0.7281,0.5000
12802116.0,6935.316443,22463.515775,29398.832218,6671,3661,0.00,0.6594,0.4500
12802171.0,6935.362983,22463.700942,29399.063925,6672,3662,0.00,0.6766,0.4625
12802242.0,6935.424011,22463.945300,29399.369311,6673,3663,0.00,0.7016,0.4750
12802410.0,6935.571682,22464.536100,29400.107782,6674,3663,0.00,0.7063,0.4875
12802809.0,6935.921937,22465.929725,29401.851662,6675,3664,0.00,0.7141,0.4750
12802810.0,6935.922826,22465.933242,29401.856068,6676,3665,0.00,0.7313,0.4875
12803119.0,6936.201570,22467.043067,29403.244636,6677,3665,0.00,0.7359,0.5000
12803142.0,6936.222376,22467.126875,29403.349251,6678,3665,0.00,0.7359,0.5000
12803440.0,6936.491481,22468.203042,29404.694523,6679,3665,0.00,0.7359,0.5000
12803451.0,6936.501444,22468.243375,29404.744819,6680,3665,0.00,0.7406,0.5125
12803612.0,6936.644834,22468.818258,29405.463092,6681,3665,0.00,0.7016,0.4750
12804016.0,6936.999947,22470.238992,29407.238939,6682,3665,0.00,0.7188,0.4875
12804056.0,6937.035641,22470.382658,29407.418300,6683,3665,0.00,0.7359,0.5000
12804109.0,6937.083296,22470.573617,29407.656913,6684,3665,0.00,0.7188,0.4875
12804134.0,6937.105324,22470.661833,29407.767158,6685,3666,0.00,0.7188,0.4875
12804223.0,6937.184598,22470.980667,29408.165264,6686,3666,0.00,0.7063,0.4875
12804627.0,6937.540086,22472.409125,29409.949211,6687,3667,0.00,0.7391,0.4875
12804873.0,6937.761394,22473.284575,29411.045969,6688,3668,0.00,0.7328,0.4875
12805064.0,6937.933924,22473.970583,29411.904507,6689,3669,0.00,0.7500,0.5000
12805177.0,6938.036625,22474.379967,29412.416591,6690,3670,0.00,0.7500,0.5000
12805603.0,6938.421878,22475.909042,29414.330920,6691,3670,0.00,0.7328,0.4875
12805606.0,6938.424588,22475.919817,29414.344405,6692,3670,0.00,0.7500,0.5000
12805611.0,6938.429172,22475.938150,29414.367322,6693,3670,0.00,0.7547,0.5125
12805889.0,6938.677531,22476.923433,29415.600964,6694,3671,0.00,0.7313,0.4875
12806004.0,6938.781143,22477.333850,29416.114993,6695,3672,0.00,0.7438,0.4875
12806005.0,6938.782055,22477.337442,29416.119497,6696,3673,0.00,0.7609,0.5000
12806045.0,6938.819062,22477.484108,29416.303170,6697,3673,0.00,0.7656,0.5125
12807127.0,6939.770006,22481.185867,29420.955873,6698,3674,0.00,0.7078,0.4625
12807129.0,6939.771774,22481.192750,29420.964524,6699,3674,0.00,0.7125,0.4750
12807839.0,6940.381413,22483.607833,29423.989246,6700,3675,0.00,0.6875,0.4625
12807914.0,6940.446517,22483.865958,29424.312475,6701,3676,0.00,0.7047,0.4750
12808093.0,6940.604292,22484.495442,29425.099733,6702,3676,0.00,0.7094,0.4875
12808099.0,6940.609602,22484.516992,29425.126594,6703,3676,0.00,0.7266,0.5000
12808103.0,6940.613196,22484.531658,29425.144854,6704,3676,0.00,0.7313,0.5125
12808116.0,6940.624923,22484.580300,29425.205223,6705,3676,0.00,0.7359,0.5250
12808404.0,6940.879899,22485.609675,29426.489574,6706,3676,0.00,0.7094,0.4875
12809267.0,6941.643714,22488.709283,29430.352998,6707,3677,0.00,0.7469,0.5000
12809564.0,6941.914387,22489.793483,29431.707870,6708,3678,0.00,0.7469,0.5000
12809566.0,6941.916215,22489.800817,29431.717032,6709,3679,0.00,0.7641,0.5125
12809677.0,6942.019180,22490.216142,29432.235321,6710,3679,0.00,0.7641,0.5125
12810120.0,6942.426272,22491.852175,29434.278447,6711,3679,0.00,0.7344,0.5000
12810405.0,6942.681906,22492.885100,29435.567006,6712,3680,0.00,0.7344,0.5000
12810708.0,6942.949878,22493.961900,29436.911778,6713,3681,0.00,0.7172,0.4875
12810926.0,6943.142022,22494.732958,29437.874980,6714,3681,0.00,0.7047,0.4875
12810995.0,6943.202665,22494.977183,29438.179848,6715,3682,0.00,0.7172,0.4875
12810998.0,6943.205339,22494.987958,29438.193297,6716,3683,0.00,0.7344,0.5000
12811243.0,6943.421611,22495.843167,29439.264777,6717,3683,0.00,0.7000,0.4750
12811487.0,6943.632941,22496.685258,29440.318199,6718,3684,0.00,0.7000,0.4750
12811529.0,6943.669738,22496.831533,29440.501272,6719,3684,0.00,0.7000,0.4750
12811533.0,6943.673249,22496.845600,29440.518849,6720,3685,0.00,0.7172,0.4875
12811565.0,6943.701766,22496.960533,29440.662299,6721,3686,0.00,0.7344,0.5000
12812012.0,6944.096566,22498.543133,29442.639699,6722,3687,0.00,0.6953,0.4625
12812042.0,6944.122790,22498.646383,29442.769173,6723,3688,0.00,0.7125,0.4750
12812264.0,6944.318906,22499.421983,29443.740889,6724,3689,0.00,0.7125,0.4750
12812357.0,6944.401443,22499.749033,29444.150477,6725,3690,0.00,0.7297,0.4875
12812421.0,6944.459099,22499.978900,29444.437999,6726,3691,0.00,0.7469,0.5000
12812517.0,6944.546865,22500.330900,29444.877765,6727,3692,0.00,0.7641,0.5125
12812552.0,6944.579332,22500.461858,29445.041190,6728,3693,0.00,0.7813,0.5250
12812560.0,6944.586859,22500.492392,29445.079251,6729,3693,0.00,0.7859,0.5375
12812914.0,6944.904263,22501.782517,29446.686780,6730,3694,0.00,0.6797,0.4750
12813013.0,6944.989599,22502.130667,29447.120266,6731,3695,0.00,0.6969,0.4875
12813042.0,6945.014984,22502.234825,29447.249809,6732,3696,0.00,0.7141,0.5000
12813043.0,6945.015873,22502.238492,29447.254365,6733,3697,0.00,0.7313,0.5125
12813044.0,6945.016775,22502.242233,29447.259009,6734,3698,0.00,0.7484,0.5250
12813074.0,6945.044212,22502.356583,29447.400795,6735,3699,0.00,0.7484,0.5250
12813369.0,6945.302359,22503.415675,29448.718034,6736,3700,0.00,0.6797,0.4750
12813374.0,6945.306669,22503.433258,29448.739927,6737,3701,0.00,0.6969,0.4875
12813404.0,6945.332930,22503.541008,29448.873938,6738,3702,0.00,0.7141,0.5000
12813468.0,6945.389807,22503.775675,29449.165482,6739,3703,0.00,0.7313,0.5125
12813534.0,6945.449345,22504.022625,29449.471970,6740,3704,0.00,0.7484,0.5250
12813534.0,6945.449345,22504.022625,29449.471970,6741,3704,0.00,0.7531,0.5375
12813570.0,6945.482432,22504.162725,29449.645157,6742,3705,0.00,0.7703,0.5500
12813599.0,6945.509474,22504.277758,29449.787232,6743,3706,0.00,0.7875,0.5625
12813945.0,6945.804742,22505.486275,29451.291017,6744,3707,0.00,0.6422,0.4625
12814120.0,6945.948078,22506.075067,29452.023145,6745,3708,0.00,0.6250,0.4500
12814258.0,6946.059384,22506.529692,29452.589075,6746,3708,0.00,0.6031,0.4250
12814535.0,6946.278475,22507.402858,29453.681334,6747,3708,0.00,0.6047,0.4250
12814546.0,6946.287315,22507.438242,29453.725557,6748,3709,0.00,0.6219,0.4375
12814641.0,6946.364673,22507.745625,29454.110298,6749,3710,0.00,0.6297,0.4375
12814675.0,6946.392658,22507.857542,29454.250200,6750,3711,0.00,0.6469,0.4500
12814678.0,6946.395167,22507.867642,29454.262809,6751,3711,0.00,0.6516,0.4625
12814705.0,6946.417753,22507.959817,29454.377570,6752,3712,0.00,0.6563,0.4625
12814707.0,6946.419440,22507.966700,29454.386140,6753,3713,0.00,0.6734,0.4750
12815155.0,6946.784128,22509.417517,29456.201645,6754,3714,0.00,0.6172,0.4250
12815217.0,6946.834557,22509.616950,29456.451507,6755,3715,0.00,0.6344,0.4375
12815671.0,6947.198586,22511.047917,29458.246503,6756,3715,0.00,0.6063,0.4250
12815793.0,6947.296779,22511.440350,29458.737129,6757,3716,0.00,0.6250,0.4375
12816034.0,6947.492816,22512.233642,29459.726458,6758,3717,0.00,0.6297,0.4500
12816066.0,6947.519155,22512.341375,29459.860530,6759,3718,0.00,0.6469,0.4625
12816094.0,6947.542576,22512.437742,29459.980318,6760,3719,0.00,0.6641,0.4750
12816137.0,6947.579119,22512.588958,29460.168077,6761,3720,0.00,0.6813,0.4875
12816140.0,6947.581708,22512.599733,29460.181442,6762,3721,0.00,0.6984,0.5000
12816174.0,6947.611511,22512.724400,29460.335911,6763,3722,0.00,0.7156,0.5125
12816612.0,6947.981463,22514.251950,29462.233413,6764,3723,0.00,0.6469,0.4625
12816640.0,6948.004884,22514.348317,29462.353200,6765,3724,0.00,0.6641,0.4750
12816642.0,6948.006583,22514.355350,29462.361933,6766,3725,0.00,0.6813,0.4875
12816705.0,6948.060965,22514.581625,29462.642590,6767,3726,0.00,0.6984,0.5000
12816768.0,6948.115532,22514.809250,29462.924782,6768,3727,0.00,0.6969,0.5000
12816772.0,6948.119020,22514.823842,29462.942861,6769,3728,0.00,0.6969,0.5000
12817086.0,6948.380089,22515.888550,29464.268639,6770,3729,0.00,0.6219,0.4375
12817183.0,6948.459339,22516.207842,29464.667181,6771,3730,0.00,0.6391,0.4500
12817186.0,6948.461831,22516.217942,29464.679772,6772,3731,0.00,0.6563,0.4625
12817556.0,6948.759955,22517.412458,29466.172413,6773,3731,0.00,0.6000,0.4250
12817576.0,6948.775955,22517.476792,29466.252747,6774,3732,0.00,0.6172,0.4375
12817577.0,6948.776768,22517.480083,29466.256852,6775,3733,0.00,0.6344,0.4500
12817940.0,6949.074213,22518.687258,29467.761472,6776,3734,0.00,0.6172,0.4375
12818051.0,6949.164497,22519.052633,29468.217130,6777,3735,0.00,0.6344,0.4500
12818134.0,6949.233116,22519.332067,29468.565183,6778,3736,0.00,0.6516,0.4625
12818193.0,6949.282682,22519.535125,29468.817807,6779,3737,0.00,0.6688,0.4750
12818225.0,6949.309993,22519.647658,29468.957652,6780,3738,0.00,0.6859,0.4875
12818261.0,6949.341200,22519.776958,29469.118158,6781,3739,0.00,0.7031,0.5000
12818604.0,6949.632243,22520.973650,29470.605893,6782,3740,0.00,0.6344,0.4500
12818663.0,6949.681020,22521.172283,29470.853304,6783,3741,0.00,0.6516,0.4625
12818723.0,6949.730772,22521.375108,29471.105880,6784,3742,0.00,0.6516,0.4625
12819100.0,6950.041622,22522.639692,29472.681314,6785,3743,0.00,0.6344,0.4500
12819196.0,6950.120989,22522.962892,29473.083881,6786,3744,0.00,0.6516,0.4625
12819580.0,6950.435652,22524.239417,29474.675069,6787,3745,0.00,0.6297,0.4375
12819608.0,6950.458698,22524.331583,29474.790282,6788,3746,0.00,0.6469,0.4500
12819644.0,6950.488811,22524.452783,29474.941594,6789,3747,0.00,0.6641,0.4625
12819711.0,6950.545749,22524.683375,29475.229124,6790,3748,0.00,0.6813,0.4750
12819712.0,6950.546613,22524.686892,29475.233504,6791,3749,0.00,0.6984,0.4875
12820268.0,6951.016768,22526.584708,29477.601476,6792,3750,0.00,0.6344,0.4375
12820318.0,6951.058105,22526.749292,29477.807397,6793,3751,0.00,0.6516,0.4500
12820671.0,6951.344702,22527.881850,29479.226552,6794,3752,0.00,0.6172,0.4250
12820772.0,6951.426853,22528.206733,29479.633586,6795,3753,0.00,0.6344,0.4375
12820777.0,6951.430986,22528.223192,29479.654178,6796,3753,0.00,0.6391,0.4500
12820796.0,6951.446764,22528.287158,29479.733922,6797,3753,0.00,0.6891,0.4500
12820806.0,6951.455456,22528.320825,29479.776281,6798,3754,0.00,0.7063,0.4625
12820843.0,6951.488114,22528.448167,29479.936281,6799,3755,0.00,0.7234,0.4750
12821206.0,6951.800023,22529.649867,29481.449890,6800,3756,0.00,0.6719,0.4375
12821275.0,6951.859054,22529.876842,29481.735895,6801,3757,0.00,0.6719,0.4375
12821458.0,6952.015684,22530.479217,29482.494901,6802,3758,0.00,0.6891,0.4500
12821718.0,6952.241694,22531.354550,29483.596244,6803,3758,0.00,0.6953,0.4625
12821731.0,6952.253058,22531.399292,29483.652350,6804,3759,0.00,0.7125,0.4750
12821773.0,6952.290333,22531.546992,29483.837325,6805,3760,0.00,0.7297,0.4875
12821876.0,6952.383064,22531.915733,29484.298797,6806,3761,0.00,0.7422,0.4875
12822197.0,6952.670538,22533.041583,29485.712121,6807,3762,0.00,0.7250,0.4750
12822302.0,6952.764746,22533.410833,29486.175579,6808,3763,0.00,0.7422,0.4875
12822612.0,6953.036335,22534.464250,29487.500585,6809,3764,0.00,0.7078,0.4625
12822678.0,6953.094669,22534.691400,29487.786069,6810,3765,0.00,0.7250,0.4750
12822850.0,6953.241675,22535.278567,29488.520242,6811,3766,0.00,0.6781,0.4625
12822956.0,6953.331438,22535.634233,29488.965672,6812,3766,0.00,0.6609,0.4500
12822956.0,6953.331438,22535.634233,29488.965672,6813,3766,0.00,0.6672,0.4625
12822999.0,6953.368085,22535.782225,29489.150310,6814,3767,0.00,0.6844,0.4750
12823087.0,6953.444260,22536.091692,29489.535952,6815,3768,0.00,0.7016,0.4875
12823425.0,6953.731521,22537.250475,29490.981996,6816,3768,0.00,0.6547,0.4625
12823439.0,6953.743317,22537.298658,29491.041975,6817,3768,0.00,0.6594,0.4625
12823440.0,6953.744163,22537.302100,29491.046263,6818,3768,0.00,0.6688,0.4750
12823469.0,6953.768914,22537.404083,29491.172997,6819,3769,0.00,0.6859,0.4875
12823481.0,6953.779316,22537.447183,29491.226499,6820,3769,0.00,0.6906,0.5000
12823538.0,6953.828791,22537.653258,29491.482049,6821,3770,0.00,0.7031,0.5000
12823573.0,6953.859598,22537.781592,29491.641190,6822,3771,0.00,0.7203,0.5125
12823867.0,6954.117016,22538.851942,29492.968958,6823,3772,0.00,0.7031,0.5000
12823895.0,6954.141662,22538.954608,29493.096270,6824,3773,0.00,0.7203,0.5125
12823896.0,6954.142556,22538.958350,29493.100906,6825,3774,0.00,0.7375,0.5250
12823979.0,6954.217591,22539.273783,29493.491375,6826,3775,0.00,0.7375,0.5250
12824008.0,6954.243893,22539.384467,29493.628359,6827,3776,0.00,0.7547,0.5375
12824010.0,6954.245733,22539.392250,29493.637983,6828,3777,0.00,0.7719,0.5500
12824041.0,6954.274677,22539.515217,29493.789894,6829,3778,0.00,0.7891,0.5625
12824042.0,6954.275624,22539.519258,29493.794883,6830,3779,0.00,0.8063,0.5750
12824042.0,6954.275624,22539.519258,29493.794883,6831,3780,0.00,0.8234,0.5875
12824070.0,6954.302890,22539.636625,29493.939515,6832,3781,0.00,0.8406,0.6000
12824103.0,6954.335426,22539.777200,29494.112626,6833,3782,0.00,0.8406,0.6000
12824105.0,6954.337401,22539.785733,29494.123134,6834,3783,0.00,0.8406,0.6000
12824543.0,6954.737289,22541.472283,29496.209573,6835,3784,0.00,0.7203,0.5125
12824576.0,6954.766777,22541.595758,29496.362536,6836,3785,0.00,0.7375,0.5250
12824980.0,6955.116152,22543.042142,29498.158294,6837,3786,0.00,0.6859,0.4875
12825395.0,6955.471172,22544.506208,29499.977380,6838,3787,0.00,0.6875,0.4875
12825407.0,6955.481588,22544.549308,29500.030897,6839,3788,0.00,0.7047,0.5000
12825408.0,6955.482470,22544.552975,29500.035445,6840,3789,0.00,0.7219,0.5125
12825469.0,6955.537052,22544.781217,29500.318269,6841,3790,0.00,0.7391,0.5250
12825502.0,6955.567021,22544.907167,29500.474188,6842,3791,0.00,0.7563,0.5375
12825502.0,6955.567021,22544.907167,29500.474188,6843,3792,0.00,0.7734,0.5500
12825533.0,6955.596003,22545.030133,29500.626136,6844,3793,0.00,0.7906,0.5625
12825534.0,6955.596951,22545.034175,29500.631126,6845,3794,0.00,0.8078,0.5750
12825534.0,6955.596951,22545.034175,29500.631126,6846,3795,0.00,0.8250,0.5875
12825565.0,6955.627029,22545.163292,29500.790321,6847,3796,0.00,0.8250,0.5875
12825840.0,6955.881840,22546.241300,29502.123140,6848,3797,0.00,0.7563,0.5375
12825993.0,6956.020828,22546.825475,29502.846303,6849,3798,0.00,0.7563,0.5375
12826021.0,6956.046631,22546.934442,29502.981073,6850,3799,0.00,0.7734,0.5500
12826024.0,6956.049436,22546.946342,29502.995777,6851,3800,0.00,0.7906,0.5625
12826024.0,6956.049436,22546.946342,29502.995777,6852,3801,0.00,0.8078,0.5750
12826218.0,6956.227343,22547.696450,29503.923793,6853,3802,0.00,0.7391,0.5250
12826367.0,6956.362659,22548.265133,29504.627792,6854,3803,0.00,0.7563,0.5375
12826395.0,6956.388382,22548.373650,29504.762032,6855,3804,0.00,0.7563,0.5375
12826453.0,6956.440507,22548.591942,29505.032448,6856,3805,0.00,0.7219,0.5125
12826453.0,6956.440507,22548.591942,29505.032448,6857,3806,0.00,0.7391,0.5250
12826488.0,6956.472292,22548.725525,29505.197817,6858,3807,0.00,0.7563,0.5375
12826489.0,6956.473214,22548.729417,29505.202631,6859,3808,0.00,0.7734,0.5500
12826742.0,6956.701508,22549.686783,29506.388291,6860,3809,0.00,0.7391,0.5250
12826770.0,6956.726936,22549.793650,29506.520586,6861,3810,0.00,0.7563,0.5375
12826803.0,6956.757347,22549.922075,29506.679422,6862,3810,0.00,0.7609,0.5500
12826826.0,6956.778582,22550.012408,29506.790990,6863,3811,0.00,0.7734,0.5500
12826972.0,6956.913392,22550.582092,29507.495484,6864,3811,0.00,0.7609,0.5500
12827096.0,6957.022981,22551.039758,29508.062739,6865,3812,0.00,0.7047,0.5000
12827321.0,6957.218333,22551.848108,29509.066441,6866,3812,0.00,0.6922,0.5000
12827385.0,6957.273932,22552.078875,29509.352807,6867,3813,0.00,0.7047,0.5000
12827418.0,6957.303019,22552.199875,29509.502894,6868,3814,0.00,0.7219,0.5125
12827445.0,6957.327179,22552.300900,29509.628079,6869,3815,0.00,0.7391,0.5250
12827448.0,6957.329903,22552.312350,29509.642253,6870,3816,0.00,0.7563,0.5375
12827448.0,6957.329903,22552.312350,29509.642253,6871,3817,0.00,0.7734,0.5500
12827842.0,6957.688921,22553.822867,29511.511788,6872,3818,0.00,0.7219,0.5125
12828000.0,6957.830298,22554.414050,29512.244348,6873,3819,0.00,0.7391,0.5250
12828317.0,6958.108293,22555.568433,29513.676726,6874,3820,0.00,0.7047,0.5000
12828345.0,6958.132973,22555.671100,29513.804073,6875,3821,0.00,0.7219,0.5125
12828409.0,6958.190239,22555.910567,29514.100806,6876,3822,0.00,0.7391,0.5250
12828441.0,6958.219300,22556.032700,29514.252000,6877,3823,0.00,0.7563,0.5375
12828721.0,6958.470163,22557.082167,29515.552330,6878,3824,0.00,0.7219,0.5125
12828930.0,6958.656640,22557.861175,29516.517815,6879,3825,0.00,0.7219,0.5125
12828945.0,6958.670061,22557.917300,29516.587361,6880,3825,0.00,0.7266,0.5250
12828985.0,6958.705999,22558.069967,29516.775966,6881,3826,0.00,0.7438,0.5375
12829600.0,6959.232967,22560.310717,29519.543684,6882,3827,0.00,0.6719,0.5000
12830185.0,6959.729820,22562.434117,29522.163937,6883,3828,0.00,0.6719,0.5000
12830303.0,6959.830817,22562.866783,29522.697600,6884,3829,0.00,0.6891,0.5125
12830304.0,6959.831686,22562.870525,29522.702211,6885,3830,0.00,0.7063,0.5250
12830304.0,6959.831686,22562.870525,29522.702211,6886,3831,0.00,0.7234,0.5375
12830304.0,6959.831686,22562.870525,29522.702211,6887,3832,0.00,0.7406,0.5500
12830305.0,6959.832596,22562.874492,29522.707087,6888,3833,0.00,0.7578,0.5625
12830305.0,6959.832596,22562.874492,29522.707087,6889,3834,0.00,0.7750,0.5750
12830365.0,6959.888762,22563.121492,29523.010254,6890,3835,0.00,0.7922,0.5875
12830398.0,6959.920002,22563.259292,29523.179293,6891,3836,0.00,0.7750,0.5750
12830399.0,6959.920938,22563.263408,29523.184346,6892,3837,0.00,0.7922,0.5875
12830401.0,6959.922837,22563.271792,29523.194628,6893,3838,0.00,0.8094,0.6000
12830713.0,6960.200079,22564.473692,29524.673771,6894,3839,0.00,0.6703,0.5000
12831438.0,6960.802510,22567.035425,29527.837935,6895,3840,0.00,0.6359,0.4750
12831439.0,6960.803338,22567.038942,29527.842279,6896,3841,0.00,0.6531,0.4875
12831794.0,6961.097929,22568.291108,29529.389037,6897,3842,0.00,0.6359,0.4750
12831795.0,6961.098757,22568.294625,29529.393382,6898,3843,0.00,0.6531,0.4875
12831833.0,6961.130727,22568.431108,29529.561835,6899,3844,0.00,0.6703,0.5000
12831898.0,6961.185573,22568.665467,29529.851040,6900,3844,0.00,0.6594,0.5000
12832165.0,6961.408175,22569.625792,29531.033966,6901,3845,0.00,0.6594,0.5000
12832198.0,6961.436099,22569.746792,29531.182890,6902,3846,0.00,0.6766,0.5125
12832641.0,6961.805395,22571.339925,29533.145320,6903,3847,0.00,0.6422,0.4875
12832672.0,6961.831213,22571.451267,29533.282479,6904,3848,0.00,0.6594,0.5000
12832675.0,6961.833751,22571.462267,29533.296018,6905,3849,0.00,0.6766,0.5125
12832935.0,6962.054935,22572.422200,29534.477135,6906,3850,0.00,0.6828,0.5000
12833057.0,6962.160393,22572.869533,29535.029926,6907,3851,0.00,0.7000,0.5125
12833158.0,6962.248901,22573.246617,29535.495518,6908,3852,0.00,0.7000,0.5125
12833303.0,6962.376179,22573.789158,29536.165337,6909,3853,0.00,0.7234,0.5125
12833309.0,6962.381555,22573.811608,29536.193163,6910,3854,0.00,0.7406,0.5250
12833524.0,6962.572405,22574.606017,29537.178422,6911,3855,0.00,0.7063,0.5000
12833554.0,6962.598630,22574.714592,29537.313222,6912,3856,0.00,0.7063,0.5000
12833588.0,6962.628640,22574.839258,29537.467898,6913,3857,0.00,0.7234,0.5125
12833626.0,6962.662688,22574.981442,29537.644130,6914,3858,0.00,0.7406,0.5250
12833950.0,6962.946752,22576.178967,29539.125718,6915,3859,0.00,0.6828,0.5000
12833950.0,6962.946752,22576.178967,29539.125718,6916,3860,0.00,0.7000,0.5125
12833985.0,6962.977474,22576.309925,29539.287399,6917,3861,0.00,0.7172,0.5250
12834016.0,6963.005099,22576.428242,29539.433341,6918,3862,0.00,0.7344,0.5375
12834046.0,6963.032235,22576.544992,29539.577226,6919,3863,0.00,0.7516,0.5500
12834081.0,6963.064187,22576.682850,29539.747037,6920,3864,0.00,0.7516,0.5500
12834145.0,6963.121819,22576.936717,29540.058536,6921,3865,0.00,0.7453,0.5625
12834457.0,6963.388461,22578.095492,29541.483953,6922,3866,0.00,0.6594,0.5000
12834544.0,6963.462079,22578.414492,29541.876570,6923,3867,0.00,0.6766,0.5125
12834577.0,6963.490444,22578.537967,29542.028411,6924,3868,0.00,0.6938,0.5250
12834955.0,6963.813696,22579.943017,29543.756712,6925,3869,0.00,0.6766,0.5125
12835389.0,6964.184013,22581.551600,29545.735613,6926,3870,0.00,0.6594,0.5000
12835416.0,6964.206860,22581.650600,29545.857460,6927,3871,0.00,0.6766,0.5125
12835445.0,6964.231786,22581.759108,29545.990895,6928,3872,0.00,0.6938,0.5250
12835477.0,6964.259720,22581.881242,29546.140961,6929,3873,0.00,0.7109,0.5375
12835507.0,6964.286308,22581.997992,29546.284300,6930,3874,0.00,0.7281,0.5500
12835540.0,6964.315997,22582.128892,29546.444889,6931,3875,0.00,0.7453,0.5625
12835551.0,6964.326040,22582.173350,29546.499390,6932,3876,0.00,0.7516,0.5750
12835604.0,6964.374688,22582.391533,29546.766221,6933,3877,0.00,0.7688,0.5875
12835903.0,6964.641996,22583.582367,29548.224363,6934,3878,0.00,0.7000,0.5375
12835992.0,6964.720118,22583.928725,29548.648843,6935,3879,0.00,0.7172,0.5500
12836092.0,6964.808878,22584.319917,29549.128795,6936,3880,0.00,0.7281,0.5500
12836234.0,6964.935185,22584.875083,29549.810268,6937,3880,0.00,0.6984,0.5375
12836356.0,6965.039228,22585.327667,29550.366895,6938,3881,0.00,0.6828,0.5000
12836497.0,6965.161110,22585.844667,29551.005777,6939,3882,0.00,0.7000,0.5125
12836497.0,6965.161110,22585.844667,29551.005777,6940,3883,0.00,0.7172,0.5250
12836554.0,6965.211905,22586.062217,29551.274122,6941,3884,0.00,0.7359,0.5375
12836554.0,6965.211905,22586.062217,29551.274122,6942,3885,0.00,0.7531,0.5500
12836647.0,6965.297381,22586.431117,29551.728498,6943,3886,0.00,0.7703,0.5625
12836909.0,6965.530378,22587.426583,29552.956961,6944,3887,0.00,0.7016,0.5125
12837062.0,6965.664864,22587.999058,29553.663922,6945,3888,0.00,0.7188,0.5250
12837063.0,6965.665756,22588.002875,29553.668631,6946,3889,0.00,0.7359,0.5375
12837090.0,6965.690211,22588.107950,29553.798161,6947,3890,0.00,0.7531,0.5500
12837334.0,6965.907626,22589.037417,29554.945043,6948,3891,0.00,0.7203,0.5250
12837465.0,6966.024685,22589.537400,29555.562085,6949,3892,0.00,0.7375,0.5375
12837700.0,6966.237817,22590.451942,29556.689758,6950,3893,0.00,0.7547,0.5500
12837701.0,6966.238737,22590.455908,29556.694645,6951,3894,0.00,0.7719,0.5625
12838533.0,6966.957651,22593.481225,29560.438876,6952,3895,0.00,0.6656,0.5000
12838574.0,6966.992544,22593.631558,29560.624102,6953,3896,0.00,0.6828,0.5125
12838636.0,6967.046137,22593.863542,29560.909679,6954,3897,0.00,0.7000,0.5250
12838671.0,6967.076860,22593.997125,29561.073985,6955,3898,0.00,0.7172,0.5375
12838753.0,6967.149746,22594.315192,29561.464938,6956,3899,0.00,0.7172,0.5375
12839267.0,6967.596010,22596.248908,29563.844918,6957,3899,0.00,0.6781,0.5125
12839491.0,6967.788135,22597.072942,29564.861077,6958,3900,0.00,0.6906,0.5125
12839871.0,6968.118920,22598.494775,29566.613695,6959,3901,0.00,0.7078,0.5250
12839992.0,6968.225866,22598.956592,29567.182458,6960,3902,0.00,0.7250,0.5375
12840257.0,6968.458631,22599.959833,29568.418464,6961,3903,0.00,0.6906,0.5125
12840307.0,6968.502155,22600.146917,29568.649072,6962,3904,0.00,0.7078,0.5250
12840446.0,6968.625011,22600.677433,29569.302444,6963,3905,0.00,0.7250,0.5375
12840546.0,6968.714733,22601.066600,29569.781333,6964,3906,0.00,0.7422,0.5500
12840810.0,6968.946538,22602.049375,29570.995913,6965,3907,0.00,0.6953,0.5000
12841028.0,6969.136002,22602.842558,29571.978561,6966,3907,0.00,0.6875,0.5000
12841112.0,6969.207983,22603.145308,29572.353292,6967,3908,0.00,0.6875,0.5000
12841140.0,6969.232289,22603.247975,29572.480264,6968,3908,0.00,0.6922,0.5125
12841146.0,6969.237519,22603.270425,29572.507944,6969,3908,0.00,0.6984,0.5250
12841360.0,6969.422606,22604.072942,29573.495548,6970,3909,0.00,0.6922,0.5125
12841389.0,6969.447787,22604.179425,29573.627212,6971,3909,0.00,0.6922,0.5125
12841688.0,6969.704897,22605.278383,29574.983280,6972,3909,0.00,0.6625,0.5000
12841689.0,6969.705745,22605.282050,29574.987795,6973,3909,0.00,0.6672,0.5125
12841864.0,6969.854438,22605.927542,29575.781980,6974,3909,0.00,0.6688,0.5125
12841990.0,6969.961976,22606.398992,29576.360967,6975,3910,0.00,0.6859,0.5250
12842112.0,6970.067730,22606.864625,29576.932355,6976,3911,0.00,0.7031,0.5375
12842112.0,6970.067730,22606.864625,29576.932355,6977,3912,0.00,0.7203,0.5500
12842149.0,6970.100792,22607.011392,29577.112184,6978,3913,0.00,0.7375,0.5625
12842410.0,6970.328094,22608.013467,29578.341560,6979,3914,0.00,0.6859,0.5250
12842535.0,6970.436449,22608.490550,29578.926999,6980,3914,0.00,0.6906,0.5375
12842569.0,6970.466045,22608.622867,29579.088912,6981,3915,0.00,0.7078,0.5500
12842592.0,6970.486374,22608.714100,29579.200474,6982,3915,0.00,0.7125,0.5625
12842606.0,6970.498799,22608.770683,29579.269482,6983,3916,0.00,0.7406,0.5750
12842607.0,6970.499708,22608.774800,29579.274508,6984,3917,0.00,0.7578,0.5875
12842827.0,6970.695571,22609.635392,29580.330963,6985,3917,0.00,0.6688,0.5125
12842861.0,6970.724589,22609.762608,29580.487197,6986,3917,0.00,0.6781,0.5250
12842887.0,6970.746969,22609.861842,29580.608810,6987,3917,0.00,0.6828,0.5375
12842980.0,6970.827359,22610.223767,29581.051126,6988,3918,0.00,0.7000,0.5500
12843047.0,6970.885937,22610.485933,29581.371870,6989,3919,0.00,0.7109,0.5500
12843084.0,6970.918729,22610.632700,29581.551429,6990,3920,0.00,0.7281,0.5625
12843126.0,6970.956332,22610.798700,29581.755032,6991,3921,0.00,0.7359,0.5500
12843239.0,6971.056757,22611.232908,29582.289665,6992,3921,0.00,0.7047,0.5125
12843244.0,6971.061164,22611.251617,29582.312781,6993,3921,0.00,0.7172,0.5125
12843244.0,6971.061164,22611.251617,29582.312781,6994,3921,0.00,0.7297,0.5125
12843268.0,6971.082678,22611.340817,29582.423495,6995,3921,0.00,0.7250,0.5000
12843802.0,6971.548480,22613.224117,29584.772597,6996,3922,0.00,0.7078,0.4875
12843945.0,6971.674871,22613.737725,29585.412596,6997,3922,0.00,0.7125,0.5000
12844087.0,6971.799386,22614.249917,29586.049302,6998,3923,0.00,0.7125,0.5000
12844113.0,6971.822391,22614.343900,29586.166291,6999,3924,0.00,0.7188,0.4875
12844144.0,6971.850055,22614.455242,29586.305296,7000,3925,0.00,0.7359,0.5000
12844173.0,6971.876321,22614.561575,29586.437896,7001,3926,0.00,0.7531,0.5125
12844235.0,6971.933305,22614.793558,29586.726863,7002,3927,0.00,0.7703,0.5250
12844265.0,6971.961279,22614.908058,29586.869337,7003,3928,0.00,0.7875,0.5375
12844273.0,6971.968845,22614.939192,29586.908037,7004,3929,0.00,0.8047,0.5500
12844303.0,6971.997622,22615.058192,29587.055813,7005,3930,0.00,0.8219,0.5625
12844337.0,6972.030422,22615.194108,29587.224530,7006,3931,0.00,0.8219,0.5625
12844338.0,6972.031394,22615.198150,29587.229544,7007,3932,0.00,0.8391,0.5750
12844373.0,6972.065902,22615.342233,29587.408135,7008,3933,0.00,0.8563,0.5875
12844484.0,6972.172266,22615.781933,29587.954200,7009,3933,0.00,0.7359,0.5000
12844752.0,6972.409481,22616.733625,29589.143106,7010,3934,0.00,0.7188,0.4875
12844783.0,6972.437144,22616.844967,29589.282111,7011,3935,0.00,0.7359,0.5000
12844787.0,6972.440767,22616.859633,29589.300400,7012,3936,0.00,0.7531,0.5125
12844824.0,6972.474668,22616.995900,29589.470568,7013,3937,0.00,0.7656,0.5125
12844865.0,6972.512749,22617.149308,29589.662058,7014,3937,0.00,0.7703,0.5250
12845015.0,6972.648288,22617.697508,29590.345796,7015,3938,0.00,0.7375,0.5000
12845165.0,6972.783300,22618.241733,29591.025034,7016,3939,0.00,0.7375,0.5000
12845165.0,6972.783300,22618.241733,29591.025034,7017,3940,0.00,0.7547,0.5125
12845282.0,6972.890977,22618.679508,29591.570485,7018,3941,0.00,0.7719,0.5250
12845318.0,6972.924589,22618.816908,29591.741498,7019,3941,0.00,0.7766,0.5375
12845387.0,6972.989141,22619.082883,29592.072024,7020,3942,0.00,0.7891,0.5375
12845388.0,6972.990088,22619.086775,29592.076863,7021,3943,0.00,0.8063,0.5500
12845420.0,6973.020821,22619.213708,29592.234530,7022,3944,0.00,0.8234,0.5625
12845530.0,6973.124114,22619.636842,29592.760956,7023,3944,0.00,0.7438,0.5125
12845623.0,6973.208110,22619.980317,29593.188427,7024,3944,0.00,0.7141,0.5000
12845630.0,6973.214331,22620.005983,29593.220314,7025,3944,0.00,0.7188,0.5125
12845829.0,6973.391481,22620.741725,29594.133206,7026,3945,0.00,0.7313,0.5125
12845883.0,6973.440193,22620.943775,29594.383968,7027,3946,0.00,0.7484,0.5250
12845884.0,6973.441109,22620.947592,29594.388700,7028,3947,0.00,0.7656,0.5375
12845884.0,6973.441109,22620.947592,29594.388700,7029,3948,0.00,0.7828,0.5500
12845918.0,6973.472935,22621.078183,29594.551119,7030,3949,0.00,0.7906,0.5375
12845922.0,6973.476728,22621.093750,29594.570478,7031,3949,0.00,0.7953,0.5500
12846026.0,6973.574510,22621.499458,29595.073969,7032,3949,0.00,0.7656,0.5375
12846027.0,6973.575439,22621.503350,29595.078789,7033,3949,0.00,0.7703,0.5500
12846212.0,6973.743224,22622.209058,29595.952282,7034,3950,0.00,0.7484,0.5250
12846235.0,6973.764274,22622.296767,29596.061041,7035,3950,0.00,0.7484,0.5250
12846351.0,6973.870255,22622.735150,29596.605405,7036,3951,0.00,0.7609,0.5250
12846354.0,6973.873031,22622.746600,29596.619631,7037,3952,0.00,0.7781,0.5375
12846357.0,6973.875847,22622.758275,29596.634122,7038,3952,0.00,0.7828,0.5500
12846395.0,6973.911522,22622.906383,29596.817905,7039,3953,0.00,0.7953,0.5500
12846436.0,6973.950550,22623.069017,29597.019567,7040,3954,0.00,0.8125,0.5625
12846635.0,6974.133588,22623.813833,29597.947421,7041,3954,0.00,0.7078,0.4875
12846972.0,6974.429114,22624.976225,29599.405339,7042,3955,0.00,0.7156,0.4750
12847006.0,6974.459371,22625.095792,29599.555163,7043,3956,0.00,0.7328,0.4875
12847035.0,6974.485567,22625.199950,29599.685517,7044,3957,0.00,0.7500,0.5000
12847067.0,6974.514900,22625.317283,29599.832184,7045,3957,0.00,0.7547,0.5125
12847073.0,6974.520422,22625.339733,29599.860155,7046,3957,0.00,0.7594,0.5250
12847100.0,6974.545369,22625.442783,29599.988152,7047,3958,0.00,0.7766,0.5375
12847104.0,6974.549118,22625.458350,29600.007468,7048,3959,0.00,0.7938,0.5500
12847135.0,6974.578590,22625.581317,29600.159906,7049,3960,0.00,0.8109,0.5625
12847139.0,6974.582446,22625.597483,29600.179929,7050,3961,0.00,0.8281,0.5750
12847141.0,6974.584401,22625.605717,29600.190118,7051,3962,0.00,0.8453,0.5875
12847293.0,6974.725854,22626.185250,29600.911104,7052,3963,0.00,0.7297,0.5000
12847352.0,6974.778657,22626.399633,29601.178291,7053,3963,0.00,0.7188,0.5000
12847386.0,6974.808998,22626.524300,29601.333298,7054,3963,0.00,0.7688,0.5000
12847468.0,6974.885156,22626.822867,29601.708023,7055,3963,0.00,0.7563,0.4875
12847624.0,6975.027609,22627.364567,29602.392176,7056,3964,0.00,0.7703,0.4750
12847656.0,6975.057448,22627.477100,29602.534548,7057,3964,0.00,0.7750,0.4875
12847693.0,6975.092084,22627.609992,29602.702076,7058,3965,0.00,0.7922,0.5000
12847731.0,6975.127475,22627.746775,29602.874250,7059,3965,0.00,0.7656,0.4875
12847946.0,6975.323876,22628.500833,29603.824709,7060,3965,0.00,0.7344,0.4750
12848097.0,6975.459972,22629.021875,29604.481847,7061,3966,0.00,0.7469,0.4750
12848109.0,6975.470943,22629.064075,29604.535018,7062,3967,0.00,0.7641,0.4875
12848139.0,6975.498771,22629.171825,29604.670596,7063,3968,0.00,0.7813,0.5000
12848146.0,6975.505358,22629.197492,29604.702850,7064,3969,0.00,0.7984,0.5125
12848201.0,6975.557847,22629.403283,29604.961130,7065,3969,0.00,0.8031,0.5250
12848244.0,6975.599011,22629.566800,29605.165811,7066,3970,0.00,0.8156,0.5250
12848285.0,6975.638687,22629.723283,29605.361970,7067,3970,0.00,0.8203,0.5375
12848345.0,6975.696794,22629.955808,29605.652603,7068,3970,0.00,0.7922,0.5250
12848530.0,6975.868733,22630.639617,29606.508350,7069,3971,0.00,0.7688,0.5000
12848531.0,6975.869664,22630.643283,29606.512948,7070,3972,0.00,0.7859,0.5125
12848562.0,6975.898947,22630.759275,29606.658222,7071,3972,0.00,0.7906,0.5250
12848594.0,6975.929165,22630.879458,29606.808624,7072,3973,0.00,0.8016,0.5250
12848637.0,6975.970307,22631.043575,29607.013882,7073,3973,0.00,0.8078,0.5375
12848673.0,6976.004707,22631.181425,29607.186132,7074,3974,0.00,0.8156,0.5375
12848687.0,6976.018255,22631.235908,29607.254163,7075,3974,0.00,0.8203,0.5500
12848705.0,6976.035735,22631.307233,29607.342969,7076,3975,0.00,0.8328,0.5500
12848706.0,6976.036716,22631.311200,29607.347916,7077,3976,0.00,0.8500,0.5625
12848710.0,6976.040694,22631.327367,29607.368061,7078,3977,0.00,0.8672,0.5750
12848919.0,6976.234816,22632.085000,29608.319816,7079,3977,0.00,0.7406,0.4750
12849160.0,6976.451208,22632.916992,29609.368200,7080,3977,0.00,0.7281,0.4750
12849193.0,6976.480897,22633.033042,29609.513939,7081,3977,0.00,0.7344,0.4875
12849264.0,6976.544888,22633.283325,29609.828213,7082,3978,0.00,0.7469,0.4875
12849269.0,6976.549459,22633.301283,29609.850742,7083,3979,0.00,0.7641,0.5000
12849338.0,6976.613134,22633.553908,29610.167043,7084,3979,0.00,0.7141,0.5000
12849870.0,6977.071707,22635.419375,29612.491082,7085,3980,0.00,0.6875,0.4625
12849899.0,6977.096881,22635.519183,29612.616064,7086,3980,0.00,0.6922,0.4750
12849910.0,6977.106469,22635.557867,29612.664336,7087,3980,0.00,0.6969,0.4875
12849921.0,6977.116098,22635.597375,29612.713473,7088,3980,0.00,0.7016,0.5000
12849943.0,6977.135436,22635.678042,29612.813478,7089,3980,0.00,0.7063,0.5125
12849998.0,6977.183967,22635.883533,29613.067500,7090,3981,0.00,0.7188,0.5125
12850064.0,6977.242863,22636.130483,29613.373346,7091,3981,0.00,0.7063,0.5125
12850392.0,6977.527344,22637.315600,29614.842944,7092,3982,0.00,0.6969,0.4875
12850425.0,6977.556231,22637.434125,29614.990356,7093,3983,0.00,0.7141,0.5000
12850426.0,6977.557119,22637.437792,29614.994911,7094,3984,0.00,0.7313,0.5125
12850824.0,6977.908643,22638.842375,29616.751018,7095,3985,0.00,0.6859,0.4375
12850824.0,6977.908643,22638.842375,29616.751018,7096,3985,0.00,0.6922,0.4500
12850829.0,6977.913001,22638.859208,29616.772210,7097,3985,0.00,0.6969,0.4625
12850838.0,6977.920880,22638.890183,29616.811063,7098,3985,0.00,0.7016,0.4750
12851163.0,6978.202725,22639.997775,29618.200500,7099,3986,0.00,0.6969,0.4625
12851270.0,6978.296307,22640.364383,29618.660691,7100,3987,0.00,0.7094,0.4625
12851335.0,6978.353837,22640.588092,29618.941928,7101,3987,0.00,0.7156,0.4750
12851410.0,6978.420460,22640.849967,29619.270427,7102,3988,0.00,0.7266,0.4750
12851418.0,6978.427648,22640.878100,29619.305748,7103,3989,0.00,0.7438,0.4875
12851603.0,6978.595118,22641.535508,29620.130626,7104,3989,0.00,0.7094,0.4625
12851898.0,6978.855353,22642.545925,29621.401278,7105,3989,0.00,0.6906,0.4500
12851976.0,6978.923181,22642.807100,29621.730281,7106,3989,0.00,0.6922,0.4500
12852060.0,6978.996360,22643.089225,29622.085585,7107,3989,0.00,0.6906,0.4500
12852087.0,6979.019864,22643.180125,29622.199989,7108,3989,0.00,0.6969,0.4625
12852151.0,6979.075886,22643.400392,29622.476277,7109,3989,0.00,0.7469,0.4625
12852199.0,6979.119769,22643.565592,29622.685361,7110,3989,0.00,0.7516,0.4750
12852478.0,6979.374983,22644.528742,29623.903725,7111,3990,0.00,0.7641,0.4750
12852625.0,6979.509014,22645.018092,29624.527105,7112,3991,0.00,0.7469,0.4375
12852626.0,6979.509928,22645.021383,29624.531311,7113,3992,0.00,0.7641,0.4500
12852627.0,6979.510856,22645.024750,29624.535606,7114,3993,0.00,0.7813,0.4625
12852641.0,6979.524029,22645.072933,29624.596963,7115,3993,0.00,0.7875,0.4750
12852672.0,6979.553350,22645.181950,29624.735300,7116,3994,0.00,0.8047,0.4875
12852939.0,6979.802265,22646.100575,29625.902840,7117,3995,0.00,0.7703,0.4625
12852969.0,6979.830239,22646.203825,29626.034064,7118,3995,0.00,0.7750,0.4750
12852996.0,6979.855514,22646.298775,29626.154289,7119,3995,0.00,0.7875,0.4750
12853159.0,6980.009316,22646.864417,29626.873733,7120,3996,0.00,0.8000,0.4750
12854094.0,6980.888486,22650.065800,29630.954286,7121,3996,0.00,0.7188,0.4625
12854095.0,6980.889378,22650.069242,29630.958620,7122,3996,0.00,0.7234,0.4750
12854236.0,6981.014953,22650.549417,29631.564370,7123,3996,0.00,0.7188,0.4625
12854343.0,6981.110436,22650.917675,29632.028111,7124,3996,0.00,0.7250,0.4750
12854859.0,6981.564515,22652.658850,29634.223365,7125,3996,0.00,0.7031,0.4500
12854978.0,6981.669260,22653.059483,29634.728744,7126,3997,0.00,0.7203,0.4625
12855075.0,6981.755509,22653.390925,29635.146434,7127,3997,0.00,0.7203,0.4625
12855092.0,6981.770700,22653.449433,29635.220134,7128,3997,0.00,0.7266,0.4750
12855243.0,6981.905134,22653.971975,29635.877109,7129,3998,0.00,0.7203,0.4625
12855376.0,6982.023205,22654.425367,29636.448571,7130,3998,0.00,0.7078,0.4625
12855840.0,6982.430610,22655.975875,29638.406485,7131,3998,0.00,0.7016,0.4500
12855974.0,6982.548100,22656.420933,29638.969033,7132,3999,0.00,0.7141,0.4500
12856125.0,6982.682296,22656.929300,29639.611596,7133,3999,0.00,0.7188,0.4625
12856373.0,6982.902243,22657.770083,29640.672326,7134,4000,0.00,0.7141,0.4500
12856436.0,6982.958232,22657.982183,29640.940415,7135,4001,0.00,0.7313,0.4625
12856489.0,6983.005815,22658.163317,29641.169132,7136,4001,0.00,0.7188,0.4625
12856609.0,6983.110947,22658.565367,29641.676313,7137,4001,0.00,0.6906,0.4500
12856703.0,6983.192772,22658.881833,29642.074606,7138,4001,0.00,0.7078,0.4625
12857696.0,6984.062712,22662.161708,29646.224420,7139,4001,0.00,0.7016,0.4500
12858124.0,6984.437630,22663.576092,29648.013722,7140,4001,0.00,0.7016,0.4500
12858131.0,6984.443783,22663.599658,29648.043441,7141,4001,0.00,0.7063,0.4625
12858667.0,6984.908193,22665.368342,29650.276535,7142,4002,0.00,0.7016,0.4500
12858673.0,6984.913467,22665.388542,29650.302009,7143,4002,0.00,0.7063,0.4625
12858787.0,6985.014073,22665.780592,29650.794665,7144,4003,0.00,0.7188,0.4625
12858788.0,6985.014966,22665.784033,29650.798999,7145,4003,0.00,0.7234,0.4750
12859060.0,6985.249172,22666.678917,29651.928089,7146,4003,0.00,0.6781,0.4375
12859090.0,6985.274922,22666.776167,29652.051089,7147,4003,0.00,0.6781,0.4375
12859117.0,6985.298163,22666.865042,29652.163205,7148,4004,0.00,0.6969,0.4500
12859246.0,6985.410992,22667.297467,29652.708458,7149,4004,0.00,0.6984,0.4500
12859304.0,6985.461832,22667.492733,29652.954566,7150,4005,0.00,0.7156,0.4625
12859311.0,6985.468062,22667.516825,29652.984887,7151,4005,0.00,0.7203,0.4750
12859353.0,6985.505592,22667.664525,29653.170117,7152,4006,0.00,0.7297,0.4875
12859450.0,6985.592629,22668.010967,29653.603595,7153,4007,0.00,0.7297,0.4875
12859788.0,6985.893719,22669.208750,29655.102469,7154,4007,0.00,0.7047,0.4875
12859958.0,6986.037901,22669.806208,29655.844109,7155,4008,0.00,0.6766,0.4750
12860014.0,6986.086035,22670.003142,29656.089177,7156,4008,0.00,0.6828,0.4875
12860169.0,6986.220019,22670.559850,29656.779869,7157,4008,0.00,0.6953,0.5000
12860397.0,6986.417773,22671.374250,29657.792023,7158,4008,0.00,0.6953,0.4875
12860814.0,6986.775762,22672.835375,29659.611137,7159,4008,0.00,0.6484,0.4625
12861707.0,6987.519201,22675.848558,29663.367759,7160,4009,0.00,0.6344,0.4500
12861716.0,6987.526642,22675.878858,29663.405500,7161,4010,0.00,0.6516,0.4625
12861785.0,6987.584609,22676.116333,29663.700942,7162,4010,0.00,0.6563,0.4750
12861913.0,6987.692379,22676.561742,29664.254121,7163,4010,0.00,0.6516,0.4625
12861964.0,6987.735108,22676.735992,29664.471099,7164,4010,0.00,0.6391,0.4500
12862107.0,6987.853499,22677.210150,29665.063649,7165,4010,0.00,0.6406,0.4500
12862200.0,6987.930837,22677.523250,29665.454087,7166,4010,0.00,0.6453,0.4625
12862249.0,6987.971764,22677.691892,29665.663656,7167,4011,0.00,0.6625,0.4750
12862328.0,6988.038586,22677.965208,29666.003794,7168,4012,0.00,0.6750,0.4750
12862338.0,6988.047062,22677.999775,29666.046837,7169,4012,0.00,0.6625,0.4750
12862511.0,6988.193564,22678.606433,29666.799998,7170,4013,0.00,0.6625,0.4750
12862618.0,6988.282626,22678.968167,29667.250792,7171,4014,0.00,0.6625,0.4500
12863635.0,6989.124288,22682.272142,29671.396429,7172,4014,0.00,0.6328,0.4375
12867468.0,6992.209387,22694.380075,29686.589462,7173,4014,0.00,0.6000,0.4125
12868853.0,6993.281366,22698.546033,29691.827399,7174,4015,0.00,0.5797,0.4000
12872054.0,6995.752373,22708.142383,29703.894756,7175,4015,0.00,0.5672,0.4000
12872223.0,6995.882728,22708.649700,29704.532428,7176,4015,0.00,0.6000,0.4000
12872489.0,6996.095528,22709.465433,29705.560961,7177,4016,0.00,0.6172,0.4125
12872492.0,6996.097968,22709.474858,29705.572826,7178,4017,0.00,0.6344,0.4250
12872680.0,6996.253394,22710.079592,29706.332986,7179,4018,0.00,0.6516,0.4375
12872680.0,6996.253394,22710.079592,29706.332986,7180,4019,0.00,0.6688,0.4500
12872682.0,6996.255101,22710.086325,29706.341426,7181,4020,0.00,0.6859,0.4625
12873021.0,6996.548960,22711.253050,29707.802010,7182,4021,0.00,0.7031,0.4750
12873027.0,6996.554241,22711.274150,29707.828391,7183,4022,0.00,0.7203,0.4875
12873027.0,6996.554241,22711.274150,29707.828391,7184,4022,0.00,0.7250,0.5000
12873091.0,6996.610901,22711.504542,29708.115443,7185,4023,0.00,0.7250,0.5000
12873188.0,6996.697932,22711.860208,29708.558140,7186,4023,0.00,0.7297,0.5125
12873337.0,6996.832161,22712.417717,29709.249878,7187,4024,0.00,0.7328,0.5250
12873410.0,6996.898102,22712.696333,29709.594435,7188,4024,0.00,0.7375,0.5375
12873462.0,6996.945263,22712.898700,29709.843963,7189,4024,0.00,0.7422,0.5500
12873484.0,6996.965172,22712.983417,29709.948589,7190,4024,0.00,0.7375,0.5375
12873853.0,6997.293667,22714.367767,29711.661434,7191,4025,0.00,0.7109,0.5000
12873863.0,6997.302530,22714.404433,29711.706963,7192,4025,0.00,0.7156,0.5125
12873953.0,6997.382496,22714.738558,29712.121055,7193,4025,0.00,0.7156,0.5125
12874160.0,6997.566712,22715.513083,29713.079795,7194,4025,0.00,0.7203,0.5250
12874205.0,6997.606773,22715.681758,29713.288532,7195,4025,0.00,0.7281,0.5250
12874227.0,6997.626566,22715.765725,29713.392291,7196,4026,0.00,0.7453,0.5375
12874646.0,6998.003685,22717.311058,29715.314744,7197,4026,0.00,0.7250,0.5000
12874788.0,6998.127915,22717.820475,29715.948390,7198,4026,0.00,0.6875,0.4875
12874834.0,6998.167846,22717.985692,29716.153538,7199,4027,0.00,0.6938,0.5000
12874867.0,6998.196652,22718.106692,29716.303344,7200,4027,0.00,0.6984,0.5125
12875021.0,6998.331035,22718.673533,29717.004569,7201,4027,0.00,0.6969,0.5125
12875277.0,6998.553443,22719.596825,29718.150268,7202,4028,0.00,0.7078,0.4875
12875477.0,6998.729920,22720.313508,29719.043428,7203,4028,0.00,0.6953,0.4875
12875486.0,6998.737787,22720.345833,29719.083621,7204,4028,0.00,0.7000,0.5000
12875723.0,6998.945821,22721.214833,29720.160654,7205,4028,0.00,0.7047,0.5125
12875872.0,6999.076777,22721.764617,29720.841394,7206,4029,0.00,0.7172,0.5125
12875878.0,6999.082124,22721.787067,29720.869191,7207,4029,0.00,0.7219,0.5250
12876014.0,6999.203353,22722.296608,29721.499961,7208,4029,0.00,0.7172,0.5125
12876455.0,6999.593555,22723.889233,29723.482789,7209,4029,0.00,0.7250,0.5000
12876741.0,6999.847073,22724.920575,29724.767648,7210,4029,0.00,0.7125,0.5000
12876895.0,6999.983642,22725.483067,29725.466709,7211,4030,0.00,0.7328,0.5000
12877302.0,7000.347999,22726.962725,29727.310724,7212,4030,0.00,0.7125,0.5000
12878815.0,7001.685456,22732.400742,29734.086198,7213,4030,0.00,0.7578,0.4875
12878817.0,7001.687301,22732.407925,29734.095226,7214,4030,0.00,0.8078,0.4875
12879397.0,7002.244019,22734.485317,29736.729335,7215,4031,0.00,0.8078,0.4875
12879738.0,7002.571935,22735.710075,29738.282010,7216,4032,0.00,0.8250,0.5000
12879741.0,7002.574860,22735.721075,29738.295935,7217,4032,0.00,0.8297,0.5125
12879743.0,7002.576817,22735.728558,29738.305376,7218,4032,0.00,0.8344,0.5250
12879840.0,7002.671214,22736.092550,29738.763764,7219,4033,0.00,0.8297,0.5125
12881310.0,7004.001141,22741.269850,29745.270991,7220,4033,0.00,0.7031,0.4625
12881312.0,7004.002901,22741.276733,29745.279635,7221,4033,0.00,0.7531,0.4625
12882384.0,7004.982185,22744.932600,29749.914785,7222,4033,0.00,0.7141,0.4375
12883298.0,7005.777600,22747.865733,29753.643333,7223,4034,0.00,0.5969,0.4250
12884549.0,7006.769143,22751.854908,29758.624051,7224,4034,0.00,0.5844,0.4250
12885455.0,7007.479750,22754.703733,29762.183483,7225,4035,0.00,0.5969,0.4250
12885456.0,7007.480547,22754.706950,29762.187497,7226,4036,0.00,0.6141,0.4375
12885568.0,7007.571332,22755.075392,29762.646724,7227,4036,0.00,0.5969,0.4250
12885600.0,7007.596855,22755.178325,29762.775180,7228,4037,0.00,0.6141,0.4375
12885609.0,7007.604153,22755.207950,29762.812103,7229,4038,0.00,0.6313,0.4500
12886361.0,7008.219245,22757.712833,29765.932078,7230,4039,0.00,0.6313,0.4500
12887317.0,7008.978673,22760.770867,29769.749540,7231,4039,0.00,0.5922,0.4250
12887811.0,7009.366468,22762.325925,29771.692393,7232,4040,0.00,0.5844,0.4125
12887912.0,7009.445781,22762.637908,29772.083690,7233,4041,0.00,0.5969,0.4125
12888038.0,7009.546275,22763.033758,29772.580033,7234,4042,0.00,0.6141,0.4250
12888077.0,7009.577902,22763.159208,29772.737110,7235,4043,0.00,0.6313,0.4375
12888112.0,7009.606752,22763.274417,29772.881169,7236,4044,0.00,0.6484,0.4500
12888177.0,7009.660653,22763.490175,29773.150828,7237,4044,0.00,0.6359,0.4500
12888906.0,7010.253214,22765.882675,29776.135889,7238,4045,0.00,0.6188,0.4375
12888908.0,7010.254843,22765.889258,29776.144102,7239,4046,0.00,0.6359,0.4500
12889131.0,7010.439477,22766.640025,29777.079502,7240,4046,0.00,0.6406,0.4625
12889153.0,7010.457772,22766.715742,29777.173513,7241,4046,0.00,0.6453,0.4750
12889178.0,7010.478653,22766.803658,29777.282311,7242,4047,0.00,0.6703,0.4875
12889778.0,7010.989325,22768.914633,29779.903959,7243,4048,0.00,0.7031,0.4875
12891032.0,7012.089781,22773.410033,29785.499815,7244,4048,0.00,0.6828,0.4875
12891805.0,7012.757970,22776.186392,29788.944362,7245,4048,0.00,0.7000,0.5000
12892294.0,7013.180483,22777.933942,29791.114425,7246,4049,0.00,0.6797,0.4750
12895857.0,7015.964440,22788.992625,29804.957065,7247,4049,0.00,0.5484,0.4000
12896458.0,7016.421138,22790.835692,29807.256829,7248,4050,0.00,0.5656,0.4125
12896459.0,7016.421911,22790.838833,29807.260744,7249,4050,0.00,0.5703,0.4250
12896985.0,7016.826041,22792.478525,29809.304566,7250,4050,0.00,0.5531,0.4125
12897160.0,7016.959070,22793.016167,29809.975237,7251,4050,0.00,0.5734,0.4125
12897659.0,7017.347961,22794.583858,29811.931819,7252,4051,0.00,0.5906,0.4250
12898342.0,7017.887008,22796.766442,29814.653450,7253,4052,0.00,0.5781,0.4125
12900505.0,7019.560869,22803.442692,29823.003560,7254,4052,0.00,0.5547,0.4000
12902960.0,7021.361806,22810.436158,29831.797965,7255,4052,0.00,0.0000,0.0000
