timestamp,cpu_energy_kwh,gpu_energy_kwh,total_energy_kwh,tasks_scheduled,sla_violations,avg_sla_slack,cluster_cpu_util,cluster_gpu_util,active_hosts,idle_hosts,suspended_hosts,total_wakeups,wake_energy_kwh,h0_cpu_util,h0_state,h1_cpu_util,h1_state,h2_cpu_util,h2_state,h3_cpu_util,h3_state,h4_cpu_util,h4_state,h5_cpu_util,h5_state,h6_cpu_util,h6_state,h7_cpu_util,h7_state,h8_cpu_util,h8_state,h9_cpu_util,h9_state
0.0,0.000000,0.000000,0.000000,1,0,0.00,0.0188,0.0125,1,9,0,0,0.000000,0.1875,2,0.0000,1,0.0000,1,0.0000,1,0.0000,1,0.0000,1,0.0000,1,0.0000,1,0.0000,1,0.0000,1
427061.0,31.148615,60.518308,91.666923,2,0,0.00,0.0281,0.0250,2,0,8,1,0.000500,0.1875,2,0.0938,2,0.0000,0,0.0000,0,0.0000,0,0.0000,0,0.0000,0,0.0000,0,0.0000,0,0.0000,0
1558381.0,156.458517,381.058975,537.517492,3,0,0.00,0.0469,0.0375,3,0,7,2,0.001000,0.1875,2,0.0938,2,0.1875,2,0.0000,0,0.0000,0,0.0000,0,0.0000,0,0.0000,0,0.0000,0,0.0000,0
2690044.0,332.888423,862.015750,1194.904173,4,0,0.00,0.0563,0.0500,4,0,6,3,0.001500,0.1875,2,0.0938,2,0.1875,2,0.0938,2,0.0000,0,0.0000,0,0.0000,0,0.0000,0,0.0000,0,0.0000,0
2758084.0,346.071673,900.571750,1246.643423,5,0,0.00,0.0750,0.0625,5,0,5,4,0.002000,0.1875,2,0.0938,2,0.1875,2,0.0938,2,0.1875,2,0.0000,0,0.0000,0,0.0000,0,0.0000,0,0.0000,0
2759674.0,346.452006,901.698000,1248.150006,6,0,0.00,0.1063,0.0625,6,0,4,5,0.002500,0.1875,2,0.0938,2,0.1875,2,0.0938,2,0.1875,2,0.3125,2,0.0000,0,0.0000,0,0.0000,0,0.0000,0
3019330.0,422.726456,1102.931400,1525.657856,7,0,0.00,0.1125,0.0750,7,0,3,6,0.003000,0.1875,2,0.0938,2,0.1875,2,0.0938,2,0.1875,2,0.3125,2,0.0625,2,0.0000,0,0.0000,0,0.0000,0
3019932.0,422.925114,1103.483233,1526.408348,8,0,0.00,0.1313,0.0875,8,0,2,7,0.003500,0.1875,2,0.0938,2,0.1875,2,0.0938,2,0.1875,2,0.3125,2,0.0625,2,0.1875,2,0.0000,0,0.0000,0
4130198.0,838.504346,2278.514750,3117.019096,9,0,0.00,0.1500,0.1000,9,0,1,8,0.004000,0.1875,2,0.0938,2,0.1875,2,0.0938,2,0.1875,2,0.3125,2,0.0625,2,0.1875,2,0.1875,2,0.0000,0
4975773.0,1193.176582,3293.204750,4486.381332,10,0,0.00,0.1688,0.1125,10,0,0,9,0.004500,0.1875,2,0.0938,2,0.1875,2,0.0938,2,0.1875,2,0.3125,2,0.0625,2,0.1875,2,0.1875,2,0.1875,2
5182092.0,1289.028951,3570.016075,4859.045026,11,1,0.00,0.1938,0.1250,10,0,0,9,0.004500,0.4375,2,0.0938,2,0.1875,2,0.0938,2,0.1875,2,0.3125,2,0.0625,2,0.1875,2,0.1875,2,0.1875,2
6394537.0,1875.886010,5287.646492,7163.532502,12,1,0.00,0.2031,0.1375,10,0,0,9,0.004500,0.4375,2,0.1875,2,0.1875,2,0.0938,2,0.1875,2,0.3125,2,0.0625,2,0.1875,2,0.1875,2,0.1875,2
6588193.0,1971.032968,5576.516692,7547.549660,13,2,0.00,0.2156,0.1500,10,0,0,9,0.004500,0.4375,2,0.1875,2,0.3125,2,0.0938,2,0.1875,2,0.3125,2,0.0625,2,0.1875,2,0.1875,2,0.1875,2
6976821.0,2165.751789,6185.367225,8351.119014,14,2,0.00,0.2281,0.1625,10,0,0,9,0.004500,0.4375,2,0.1875,2,0.3125,2,0.2188,2,0.1875,2,0.3125,2,0.0625,2,0.1875,2,0.1875,2,0.1875,2
8387257.0,2886.151566,8500.832992,11386.984557,15,3,0.00,0.2531,0.1750,10,0,0,9,0.004500,0.4375,2,0.1875,2,0.3125,2,0.2188,2,0.4375,2,0.3125,2,0.0625,2,0.1875,2,0.1875,2,0.1875,2
8396307.0,2890.949951,8516.368825,11407.318776,16,4,0.00,0.2781,0.1875,10,0,0,9,0.004500,0.4375,2,0.1875,2,0.3125,2,0.2188,2,0.4375,2,0.5625,2,0.0625,2,0.1875,2,0.1875,2,0.1875,2
8962274.0,3202.035285,9530.393033,12732.428318,17,4,0.00,0.3281,0.1875,10,0,0,9,0.004500,0.4375,2,0.1875,2,0.3125,2,0.2188,2,0.4375,2,0.5625,2,0.5625,2,0.1875,2,0.1875,2,0.1875,2
9437497.0,3481.723821,10381.834242,13863.558063,18,4,0.00,0.3281,0.1875,10,0,0,9,0.004500,0.4375,2,0.1875,2,0.3125,2,0.2188,2,0.4375,2,0.5625,2,0.5625,2,0.1875,2,0.1875,2,0.1875,2
9476974.0,3504.957681,10452.563867,13957.521547,19,5,0.00,0.3375,0.2000,10,0,0,9,0.004500,0.4375,2,0.1875,2,0.3125,2,0.2188,2,0.4375,2,0.5625,2,0.5625,2,0.2813,2,0.1875,2,0.1875,2
9664050.0,3616.423797,10801.772400,14418.196197,20,6,0.00,0.3500,0.2125,10,0,0,9,0.004500,0.4375,2,0.1875,2,0.3125,2,0.2188,2,0.4375,2,0.5625,2,0.5625,2,0.2813,2,0.3125,2,0.1875,2
9664123.0,3616.468003,10801.914142,14418.382144,21,7,0.00,0.3625,0.2250,10,0,0,9,0.004500,0.4375,2,0.1875,2,0.3125,2,0.2188,2,0.4375,2,0.5625,2,0.5625,2,0.2813,2,0.3125,2,0.3125,2
9671707.0,3621.134269,10817.208542,14438.342811,22,8,0.00,0.3750,0.2375,10,0,0,9,0.004500,0.5625,2,0.1875,2,0.3125,2,0.2188,2,0.4375,2,0.5625,2,0.5625,2,0.2813,2,0.3125,2,0.3125,2
9679175.0,3625.801769,10832.829108,14458.630878,23,8,0.00,0.3813,0.2500,10,0,0,9,0.004500,0.5625,2,0.2500,2,0.3125,2,0.2188,2,0.4375,2,0.5625,2,0.5625,2,0.2813,2,0.3125,2,0.3125,2
9766837.0,3681.016654,11022.763442,14703.780096,24,9,0.00,0.4000,0.2625,10,0,0,9,0.004500,0.5625,2,0.2500,2,0.5000,2,0.2188,2,0.4375,2,0.5625,2,0.5625,2,0.2813,2,0.3125,2,0.3125,2
9818766.0,3714.482010,11139.170950,14853.652960,25,10,0.00,0.4250,0.2750,10,0,0,9,0.004500,0.5625,2,0.2500,2,0.5000,2,0.4688,2,0.4375,2,0.5625,2,0.5625,2,0.2813,2,0.3125,2,0.3125,2
9823530.0,3717.644776,11150.207550,14867.852326,26,11,0.00,0.4313,0.2875,10,0,0,9,0.004500,0.5625,2,0.2500,2,0.5000,2,0.4688,2,0.5000,2,0.5625,2,0.5625,2,0.2813,2,0.3125,2,0.3125,2
9924220.0,3784.981214,11391.024467,15176.005681,27,12,0.00,0.4563,0.3000,10,0,0,9,0.004500,0.5625,2,0.2500,2,0.5000,2,0.4688,2,0.5000,2,0.8125,2,0.5625,2,0.2813,2,0.3125,2,0.3125,2
9941376.0,3796.787878,11433.342600,15230.130478,28,12,0.00,0.4578,0.3125,10,0,0,9,0.004500,0.5625,2,0.2500,2,0.5000,2,0.4688,2,0.5000,2,0.8125,2,0.5781,2,0.2813,2,0.3125,2,0.3125,2
9949982.0,3802.720938,11455.216183,15257.937121,29,13,0.00,0.4828,0.3250,10,0,0,9,0.004500,0.5625,2,0.2500,2,0.5000,2,0.4688,2,0.5000,2,0.8125,2,0.5781,2,0.5313,2,0.3125,2,0.3125,2
9955274.0,3806.472194,11469.063583,15275.535777,30,13,0.00,0.4891,0.3375,10,0,0,9,0.004500,0.5625,2,0.2500,2,0.5000,2,0.4688,2,0.5000,2,0.8125,2,0.5781,2,0.5313,2,0.3750,2,0.3125,2
9957349.0,3807.953153,11474.648792,15282.601945,31,14,0.00,0.5141,0.3500,10,0,0,9,0.004500,0.5625,2,0.2500,2,0.5000,2,0.4688,2,0.5000,2,0.8125,2,0.5781,2,0.5313,2,0.3750,2,0.5625,2
9961302.0,3810.851334,11485.585425,15296.436759,32,15,0.00,0.5391,0.3625,10,0,0,9,0.004500,0.8125,2,0.2500,2,0.5000,2,0.4688,2,0.5000,2,0.8125,2,0.5781,2,0.5313,2,0.3750,2,0.5625,2
9963454.0,3812.470938,11491.700692,15304.171630,33,16,0.00,0.5484,0.3750,10,0,0,9,0.004500,0.8125,2,0.3438,2,0.5000,2,0.4688,2,0.5000,2,0.8125,2,0.5781,2,0.5313,2,0.3750,2,0.5625,2
9965463.0,3813.987982,11497.523300,15311.511282,34,16,0.00,0.5281,0.3750,10,0,0,9,0.004500,0.8125,2,0.3438,2,0.5469,2,0.4688,2,0.5000,2,0.5625,2,0.5781,2,0.5313,2,0.3750,2,0.5625,2
9965619.0,3814.104062,11497.978300,15312.082362,35,17,0.00,0.5531,0.3875,10,0,0,9,0.004500,0.8125,2,0.3438,2,0.5469,2,0.7188,2,0.5000,2,0.5625,2,0.5781,2,0.5313,2,0.3750,2,0.5625,2
9967058.0,3815.192085,11502.155883,15317.347969,36,18,0.00,0.5484,0.3750,10,0,0,9,0.004500,0.8125,2,0.3438,2,0.5000,2,0.4688,2,0.7500,2,0.5625,2,0.5781,2,0.5313,2,0.3750,2,0.5625,2
9967204.0,3815.303030,11502.581717,15317.884747,37,18,0.00,0.5531,0.3875,10,0,0,9,0.004500,0.8125,2,0.3438,2,0.5000,2,0.4688,2,0.7500,2,0.6094,2,0.5781,2,0.5313,2,0.3750,2,0.5625,2
9970479.0,3817.694088,11511.769525,15329.463613,38,19,0.00,0.5234,0.3625,10,0,0,9,0.004500,0.8125,2,0.3438,2,0.5000,2,0.4688,2,0.5000,2,0.5625,2,0.8281,2,0.5313,2,0.3750,2,0.3125,2
9973579.0,3819.949239,11520.342592,15340.291831,39,19,0.00,0.5031,0.3500,10,0,0,9,0.004500,0.8125,2,0.3438,2,0.5000,2,0.4688,2,0.5000,2,0.5625,2,0.5625,2,0.5938,2,0.3750,2,0.3125,2
9973948.0,3820.216043,11521.354342,15341.570385,40,19,0.00,0.5031,0.3500,10,0,0,9,0.004500,0.8125,2,0.2813,2,0.5000,2,0.4688,2,0.5000,2,0.5625,2,0.5625,2,0.5938,2,0.4375,2,0.3125,2
9974338.0,3820.496830,11522.405142,15342.901972,41,19,0.00,0.5094,0.3500,10,0,0,9,0.004500,0.8125,2,0.2813,2,0.5000,2,0.4688,2,0.5000,2,0.5625,2,0.5625,2,0.5313,2,0.4375,2,0.4375,2
9976185.0,3821.844242,11527.515175,15349.359417,42,19,0.00,0.5141,0.3625,10,0,0,9,0.004500,0.8594,2,0.2813,2,0.5000,2,0.4688,2,0.5000,2,0.5625,2,0.5625,2,0.5313,2,0.4375,2,0.4375,2
9977555.0,3822.844814,11531.328908,15354.173722,43,19,0.00,0.5141,0.3625,10,0,0,9,0.004500,0.8125,2,0.3281,2,0.5000,2,0.4688,2,0.5000,2,0.5625,2,0.5625,2,0.5313,2,0.4375,2,0.4375,2
9980855.0,3825.192847,11540.122233,15365.315080,44,20,0.00,0.4844,0.3375,10,0,0,9,0.004500,0.8125,2,0.1875,2,0.5938,2,0.4688,2,0.5000,2,0.5625,2,0.5625,2,0.2813,2,0.4375,2,0.4375,2
9983856.0,3827.285980,11547.810600,15375.096580,45,20,0.00,0.4703,0.3250,10,0,0,9,0.004500,0.8125,2,0.1875,2,0.5938,2,0.5156,2,0.5000,2,0.5625,2,0.5625,2,0.2813,2,0.3750,2,0.3125,2
9985207.0,3828.226825,11551.269967,15379.496791,46,20,0.00,0.4703,0.3250,10,0,0,9,0.004500,0.8125,2,0.1875,2,0.5938,2,0.4688,2,0.5469,2,0.5625,2,0.5625,2,0.2813,2,0.3750,2,0.3125,2
9989432.0,3831.166657,11562.037383,15393.204041,47,20,0.00,0.4703,0.3250,10,0,0,9,0.004500,0.8125,2,0.1875,2,0.5938,2,0.4688,2,0.5000,2,0.6094,2,0.5625,2,0.2813,2,0.3750,2,0.3125,2
9989615.0,3831.294598,11562.516233,15393.810832,48,20,0.00,0.4750,0.3375,10,0,0,9,0.004500,0.8125,2,0.1875,2,0.5938,2,0.4688,2,0.5000,2,0.6094,2,0.6094,2,0.2813,2,0.3750,2,0.3125,2
9992086.0,3833.014530,11568.825192,15401.839722,49,20,0.00,0.4781,0.3125,10,0,0,9,0.004500,0.8125,2,0.1875,2,0.5938,2,0.4688,2,0.5000,2,0.5625,2,0.5625,2,0.4063,2,0.3750,2,0.3125,2
9992086.0,3833.014530,11568.825192,15401.839722,50,20,0.00,0.4906,0.3125,10,0,0,9,0.004500,0.8125,2,0.1875,2,0.5938,2,0.4688,2,0.5000,2,0.5625,2,0.5625,2,0.4063,2,0.5000,2,0.3125,2
9992104.0,3833.027399,11568.870942,15401.898340,51,20,0.00,0.5031,0.3125,10,0,0,9,0.004500,0.8125,2,0.1875,2,0.5938,2,0.4688,2,0.5000,2,0.5625,2,0.5625,2,0.4063,2,0.5000,2,0.4375,2
9993395.0,3833.962926,11572.152233,15406.115159,52,20,0.00,0.5094,0.3250,10,0,0,9,0.004500,0.8750,2,0.1875,2,0.5938,2,0.4688,2,0.5000,2,0.5625,2,0.5625,2,0.4063,2,0.5000,2,0.4375,2
9993396.0,3833.963655,11572.154850,15406.118505,53,20,0.00,0.5156,0.3375,10,0,0,9,0.004500,0.8750,2,0.2500,2,0.5938,2,0.4688,2,0.5000,2,0.5625,2,0.5625,2,0.4063,2,0.5000,2,0.4375,2
9993753.0,3834.225827,11573.115775,15407.341602,54,21,0.00,0.5344,0.3500,10,0,0,9,0.004500,0.8750,2,0.2500,2,0.7813,2,0.4688,2,0.5000,2,0.5625,2,0.5625,2,0.4063,2,0.5000,2,0.4375,2
9997763.0,3837.156121,11583.850183,15421.006305,55,22,0.00,0.5031,0.3250,10,0,0,9,0.004500,0.5625,2,0.1875,2,0.7813,2,0.5313,2,0.5000,2,0.5625,2,0.5625,2,0.4063,2,0.5000,2,0.4375,2
9999611.0,3838.495280,11588.685783,15427.181063,56,22,0.00,0.5078,0.3375,10,0,0,9,0.004500,0.5625,2,0.1875,2,0.7813,2,0.5313,2,0.5469,2,0.5625,2,0.5625,2,0.4063,2,0.5000,2,0.4375,2
9999740.0,3838.589230,11589.033008,15427.622239,57,23,0.00,0.5266,0.3500,10,0,0,9,0.004500,0.5625,2,0.1875,2,0.7813,2,0.5313,2,0.5469,2,0.7500,2,0.5625,2,0.4063,2,0.5000,2,0.4375,2
9999867.0,3838.683401,11589.383475,15428.066876,58,23,0.00,0.5125,0.3500,10,0,0,9,0.004500,0.5625,2,0.1875,2,0.7813,2,0.5313,2,0.5469,2,0.5625,2,0.6094,2,0.4063,2,0.5000,2,0.4375,2
10000483.0,3839.130611,11591.012292,15430.142903,59,24,0.00,0.5156,0.3375,10,0,0,9,0.004500,0.5625,2,0.1875,2,0.7813,2,0.5313,2,0.5000,2,0.5625,2,0.5625,2,0.5313,2,0.5000,2,0.4375,2
10000836.0,3839.389846,11591.962450,15431.352296,60,25,0.00,0.5328,0.3500,10,0,0,9,0.004500,0.5625,2,0.1875,2,0.7813,2,0.5313,2,0.5000,2,0.5625,2,0.5625,2,0.5313,2,0.6719,2,0.4375,2
10000884.0,3839.425737,11592.095250,15431.520987,61,25,0.00,0.5453,0.3500,10,0,0,9,0.004500,0.5625,2,0.1875,2,0.7813,2,0.5313,2,0.5000,2,0.5625,2,0.5625,2,0.5313,2,0.6719,2,0.5625,2
10001573.0,3839.947276,11593.996008,15433.943284,62,25,0.00,0.5438,0.3500,10,0,0,9,0.004500,0.6094,2,0.1875,2,0.7813,2,0.4688,2,0.5000,2,0.5625,2,0.5625,2,0.5313,2,0.6719,2,0.5625,2
10001854.0,3840.159782,11594.773442,15434.933224,63,26,0.00,0.5625,0.3625,10,0,0,9,0.004500,0.6094,2,0.3750,2,0.7813,2,0.4688,2,0.5000,2,0.5625,2,0.5625,2,0.5313,2,0.6719,2,0.5625,2
10002519.0,3840.670116,11596.644400,15437.314516,64,27,0.00,0.5656,0.3500,10,0,0,9,0.004500,0.6094,2,0.3750,2,0.6875,2,0.7188,2,0.5000,2,0.5625,2,0.5625,2,0.4063,2,0.6719,2,0.5625,2
10002813.0,3840.894087,11597.438900,15438.332987,65,28,0.00,0.5672,0.3500,10,0,0,9,0.004500,0.6094,2,0.3750,2,0.6875,2,0.7188,2,0.6875,2,0.5625,2,0.5625,2,0.4063,2,0.5000,2,0.5625,2
10003114.0,3841.127205,11598.271667,15439.398872,66,29,0.00,0.5859,0.3625,10,0,0,9,0.004500,0.6094,2,0.3750,2,0.6875,2,0.7188,2,0.6875,2,0.7500,2,0.5625,2,0.4063,2,0.5000,2,0.5625,2
10004799.0,3842.403022,11602.835925,15445.238947,67,29,0.00,0.5234,0.3375,10,0,0,9,0.004500,0.3594,2,0.3750,2,0.6875,2,0.4688,2,0.5000,2,0.7500,2,0.6250,2,0.4063,2,0.5000,2,0.5625,2
10005625.0,3843.009691,11605.033817,15448.043507,68,29,0.00,0.5094,0.3375,10,0,0,9,0.004500,0.3594,2,0.3750,2,0.6875,2,0.4688,2,0.5000,2,0.5625,2,0.6250,2,0.4531,2,0.5000,2,0.5625,2
10008375.0,3844.994871,11612.063375,15457.058246,69,29,0.00,0.5031,0.3250,10,0,0,9,0.004500,0.3594,2,0.3750,2,0.6875,2,0.4688,2,0.5000,2,0.5625,2,0.5625,2,0.4063,2,0.5469,2,0.5625,2
10009087.0,3845.509066,11613.890292,15459.399358,70,29,0.00,0.5031,0.3250,10,0,0,9,0.004500,0.3594,2,0.3750,2,0.6875,2,0.4688,2,0.5000,2,0.5625,2,0.5625,2,0.4063,2,0.5000,2,0.6094,2
10009222.0,3845.606894,11614.243542,15459.850436,71,30,0.00,0.5313,0.3375,10,0,0,9,0.004500,0.6406,2,0.3750,2,0.6875,2,0.4688,2,0.5000,2,0.5625,2,0.5625,2,0.4063,2,0.5000,2,0.6094,2
10011081.0,3846.949452,11618.976375,15465.925827,72,31,0.00,0.5266,0.3250,10,0,0,9,0.004500,0.3594,2,0.6563,2,0.6875,2,0.4688,2,0.5000,2,0.5625,2,0.5625,2,0.4063,2,0.5000,2,0.5625,2
10011177.0,3847.019434,11619.223000,15466.242434,73,31,0.00,0.5031,0.3250,10,0,0,9,0.004500,0.3594,2,0.3750,2,0.7344,2,0.4688,2,0.5000,2,0.5625,2,0.5625,2,0.4063,2,0.5000,2,0.5625,2
10011398.0,3847.179291,11619.795283,15466.974574,74,32,0.00,0.5234,0.3250,10,0,0,9,0.004500,0.3594,2,0.3750,2,0.6875,2,0.7188,2,0.5000,2,0.5625,2,0.5625,2,0.4063,2,0.5000,2,0.5625,2
10011759.0,3847.446594,11620.739900,15468.186494,75,33,0.00,0.5359,0.3375,10,0,0,9,0.004500,0.3594,2,0.3750,2,0.6875,2,0.7188,2,0.6250,2,0.5625,2,0.5625,2,0.4063,2,0.5000,2,0.5625,2
10013436.0,3848.700163,11625.219325,15473.919488,76,34,0.00,0.5484,0.3375,10,0,0,9,0.004500,0.3594,2,0.3750,2,0.6875,2,0.7188,2,0.5000,2,0.8125,2,0.5625,2,0.4063,2,0.5000,2,0.5625,2
10013677.0,3848.883298,11625.868017,15474.751314,77,34,0.00,0.5531,0.3500,10,0,0,9,0.004500,0.3594,2,0.3750,2,0.6875,2,0.7188,2,0.5000,2,0.8125,2,0.6094,2,0.4063,2,0.5000,2,0.5625,2
10013797.0,3848.974582,11626.200017,15475.174599,78,35,0.00,0.5656,0.3625,10,0,0,9,0.004500,0.3594,2,0.3750,2,0.6875,2,0.7188,2,0.5000,2,0.8125,2,0.6094,2,0.6563,2,0.5000,2,0.4375,2
10014736.0,3849.661463,11628.735667,15478.397129,79,35,0.00,0.4813,0.3250,10,0,0,9,0.004500,0.3125,2,0.3750,2,0.6875,2,0.7188,2,0.5000,2,0.5625,2,0.5625,2,0.2813,2,0.5000,2,0.3125,2
10014814.0,3849.716659,11628.939767,15478.656425,80,36,0.00,0.4906,0.3375,10,0,0,9,0.004500,0.3125,2,0.3750,2,0.6875,2,0.7188,2,0.5000,2,0.5625,2,0.5625,2,0.2813,2,0.5000,2,0.4063,2
10014946.0,3849.811029,11629.295067,15479.106096,81,36,0.00,0.4969,0.3500,10,0,0,9,0.004500,0.3750,2,0.3750,2,0.6875,2,0.7188,2,0.5000,2,0.5625,2,0.5625,2,0.2813,2,0.5000,2,0.4063,2
10015701.0,3850.349290,11631.343925,15481.693215,82,36,0.00,0.4969,0.3500,10,0,0,9,0.004500,0.3750,2,0.5000,2,0.6875,2,0.7188,2,0.5000,2,0.5625,2,0.5625,2,0.2813,2,0.3750,2,0.4063,2
10015833.0,3850.443175,11631.695100,15482.138275,83,36,0.00,0.4875,0.3375,10,0,0,9,0.004500,0.3125,2,0.5000,2,0.7500,2,0.7188,2,0.5000,2,0.5625,2,0.5625,2,0.2813,2,0.3750,2,0.3125,2
10016935.0,3851.213572,11634.510117,15485.723689,84,36,0.00,0.4750,0.3250,10,0,0,9,0.004500,0.3125,2,0.3750,2,0.6875,2,0.7813,2,0.5000,2,0.5625,2,0.5625,2,0.2813,2,0.3750,2,0.3125,2
10017162.0,3851.372130,11635.089100,15486.461230,85,36,0.00,0.4734,0.3250,10,0,0,9,0.004500,0.3125,2,0.3750,2,0.6875,2,0.7188,2,0.5469,2,0.5625,2,0.5625,2,0.2813,2,0.3750,2,0.3125,2
10017643.0,3851.708674,11636.329042,15488.037716,86,36,0.00,0.4859,0.3250,10,0,0,9,0.004500,0.3125,2,0.3750,2,0.6875,2,0.7188,2,0.5000,2,0.7344,2,0.5625,2,0.2813,2,0.3750,2,0.3125,2
10017811.0,3851.828170,11636.768642,15488.596812,87,36,0.00,0.4922,0.3375,10,0,0,9,0.004500,0.3125,2,0.3750,2,0.6875,2,0.7188,2,0.5000,2,0.7344,2,0.6250,2,0.2813,2,0.3750,2,0.3125,2
10018219.0,3852.120231,11637.864892,15489.985123,88,36,0.00,0.4906,0.3375,10,0,0,9,0.004500,0.3125,2,0.3750,2,0.6875,2,0.7188,2,0.5000,2,0.7344,2,0.5625,2,0.3281,2,0.3750,2,0.3125,2
10018378.0,3852.233457,11638.283642,15490.517098,89,36,0.00,0.4906,0.3375,10,0,0,9,0.004500,0.3125,2,0.3750,2,0.6875,2,0.7188,2,0.5000,2,0.7344,2,0.5625,2,0.2813,2,0.4219,2,0.3125,2
10018598.0,3852.390490,11638.870633,15491.261123,90,36,0.00,0.4984,0.3375,10,0,0,9,0.004500,0.3125,2,0.3750,2,0.6875,2,0.7188,2,0.5000,2,0.7344,2,0.5625,2,0.2813,2,0.3750,2,0.4375,2
10018784.0,3852.524597,11639.371283,15491.895880,91,36,0.00,0.5031,0.3500,10,0,0,9,0.004500,0.3594,2,0.3750,2,0.6875,2,0.7188,2,0.5000,2,0.7344,2,0.5625,2,0.2813,2,0.3750,2,0.4375,2
10019718.0,3853.177557,11641.785850,15494.963407,92,37,0.00,0.4891,0.3250,10,0,0,9,0.004500,0.3125,2,0.6563,2,0.6875,2,0.4688,2,0.5000,2,0.7344,2,0.5625,2,0.2813,2,0.3750,2,0.3125,2
10019860.0,3853.275784,11642.143392,15495.419176,93,37,0.00,0.4500,0.3125,10,0,0,9,0.004500,0.3125,2,0.3750,2,0.7500,2,0.4688,2,0.5000,2,0.5625,2,0.5625,2,0.2813,2,0.3750,2,0.3125,2
10020315.0,3853.586701,11643.299850,15496.886551,94,37,0.00,0.4625,0.3250,10,0,0,9,0.004500,0.3125,2,0.3750,2,0.7500,2,0.5938,2,0.5000,2,0.5625,2,0.5625,2,0.2813,2,0.3750,2,0.3125,2
10020698.0,3853.852141,11644.302033,15498.154174,95,37,0.00,0.4672,0.3375,10,0,0,9,0.004500,0.3125,2,0.3750,2,0.7500,2,0.5938,2,0.5469,2,0.5625,2,0.5625,2,0.2813,2,0.3750,2,0.3125,2
10022793.0,3855.286625,11649.662375,15504.949000,96,38,0.00,0.4688,0.3250,10,0,0,9,0.004500,0.3125,2,0.3750,2,0.7500,2,0.4688,2,0.5000,2,0.7500,2,0.5625,2,0.2813,2,0.3750,2,0.3125,2
10024695.0,3856.601064,11654.562025,15511.163089,97,38,0.00,0.4563,0.3125,10,0,0,9,0.004500,0.3125,2,0.3750,2,0.6875,2,0.4688,2,0.5000,2,0.5625,2,0.6875,2,0.2813,2,0.3750,2,0.3125,2
10024890.0,3856.733803,11655.046400,15511.780203,98,38,0.00,0.4484,0.3125,10,0,0,9,0.004500,0.3125,2,0.3750,2,0.6875,2,0.4688,2,0.5000,2,0.5625,2,0.5625,2,0.3281,2,0.3750,2,0.3125,2
10025530.0,3857.168744,11656.639842,15513.808586,99,38,0.00,0.4484,0.3125,10,0,0,9,0.004500,0.3125,2,0.3750,2,0.6875,2,0.4688,2,0.5000,2,0.5625,2,0.5625,2,0.2813,2,0.4219,2,0.3125,2
10027236.0,3858.326950,11660.863050,15519.190000,100,38,0.00,0.4500,0.3125,10,0,0,9,0.004500,0.3125,2,0.3750,2,0.6875,2,0.4688,2,0.5000,2,0.5625,2,0.5625,2,0.2813,2,0.3750,2,0.3750,2
10027236.0,3858.326950,11660.863050,15519.190000,101,38,0.00,0.4563,0.3250,10,0,0,9,0.004500,0.3750,2,0.3750,2,0.6875,2,0.4688,2,0.5000,2,0.5625,2,0.5625,2,0.2813,2,0.3750,2,0.3750,2
10027446.0,3858.471471,11661.412550,15519.884021,102,39,0.00,0.4750,0.3375,10,0,0,9,0.004500,0.3750,2,0.5625,2,0.6875,2,0.4688,2,0.5000,2,0.5625,2,0.5625,2,0.2813,2,0.3750,2,0.3750,2
10027539.0,3858.536830,11661.662875,15520.199705,103,39,0.00,0.4875,0.3500,10,0,0,9,0.004500,0.3750,2,0.5625,2,0.8125,2,0.4688,2,0.5000,2,0.5625,2,0.5625,2,0.2813,2,0.3750,2,0.3750,2
10027911.0,3858.798963,11662.669575,15521.468538,104,39,0.00,0.4813,0.3500,10,0,0,9,0.004500,0.3750,2,0.5625,2,0.6875,2,0.5313,2,0.5000,2,0.5625,2,0.5625,2,0.2813,2,0.3750,2,0.3750,2
10028213.0,3859.011498,11663.487033,15522.498532,105,39,0.00,0.4797,0.3500,10,0,0,9,0.004500,0.3750,2,0.5625,2,0.6875,2,0.5313,2,0.5469,2,0.5625,2,0.5625,2,0.2813,2,0.3125,2,0.3750,2
10028677.0,3859.337620,11664.736642,15524.074262,106,39,0.00,0.4797,0.3500,10,0,0,9,0.004500,0.3750,2,0.5625,2,0.6875,2,0.5313,2,0.5000,2,0.6094,2,0.5625,2,0.2813,2,0.3125,2,0.3750,2
10029041.0,3859.594197,11665.732158,15525.326355,107,39,0.00,0.4797,0.3500,10,0,0,9,0.004500,0.3750,2,0.5625,2,0.6875,2,0.5313,2,0.5000,2,0.5625,2,0.6094,2,0.2813,2,0.3125,2,0.3750,2
10030787.0,3860.822038,11670.448083,15531.270121,108,39,0.00,0.4797,0.3500,10,0,0,9,0.004500,0.3750,2,0.5625,2,0.6875,2,0.5313,2,0.5000,2,0.5625,2,0.5625,2,0.3281,2,0.3125,2,0.3750,2
10030840.0,3860.859478,11670.594717,15531.454195,109,39,0.00,0.4844,0.3625,10,0,0,9,0.004500,0.3750,2,0.5625,2,0.6875,2,0.5313,2,0.5000,2,0.5625,2,0.5625,2,0.3281,2,0.3594,2,0.3750,2
10032059.0,3861.707578,11673.759683,15535.467262,110,40,0.00,0.4766,0.3250,10,0,0,9,0.004500,0.3125,2,0.5625,2,0.6875,2,0.5313,2,0.5000,2,0.5625,2,0.5625,2,0.2813,2,0.3125,2,0.4531,2
10032623.0,3862.100671,11675.208333,15537.309005,111,40,0.00,0.4672,0.3250,10,0,0,9,0.004500,0.3594,2,0.5625,2,0.6875,2,0.5313,2,0.5000,2,0.5625,2,0.5625,2,0.2813,2,0.3125,2,0.3125,2
10032792.0,3862.218377,11675.649800,15537.868177,112,40,0.00,0.4672,0.3250,10,0,0,9,0.004500,0.3125,2,0.6094,2,0.6875,2,0.5313,2,0.5000,2,0.5625,2,0.5625,2,0.2813,2,0.3125,2,0.3125,2
10033656.0,3862.817691,11677.856375,15540.674066,113,41,0.00,0.4813,0.3250,10,0,0,9,0.004500,0.3125,2,0.5625,2,0.8750,2,0.5313,2,0.5000,2,0.5625,2,0.5625,2,0.2813,2,0.3125,2,0.3125,2
10033713.0,3862.858027,11678.005525,15540.863552,114,42,0.00,0.4906,0.3375,10,0,0,9,0.004500,0.3125,2,0.5625,2,0.8750,2,0.6250,2,0.5000,2,0.5625,2,0.5625,2,0.2813,2,0.3125,2,0.3125,2
10033926.0,3863.010307,11678.578850,15541.589157,115,42,0.00,0.5031,0.3500,10,0,0,9,0.004500,0.3125,2,0.5625,2,0.8750,2,0.6250,2,0.6250,2,0.5625,2,0.5625,2,0.2813,2,0.3125,2,0.3125,2
10034479.0,3863.409822,11680.096292,15543.506114,116,42,0.00,0.4984,0.3500,10,0,0,9,0.004500,0.3125,2,0.5625,2,0.8750,2,0.5313,2,0.6250,2,0.6094,2,0.5625,2,0.2813,2,0.3125,2,0.3125,2
10034615.0,3863.507879,11680.472558,15543.980437,117,42,0.00,0.4984,0.3500,10,0,0,9,0.004500,0.3125,2,0.5625,2,0.8750,2,0.5313,2,0.6250,2,0.6094,2,0.5625,2,0.2813,2,0.3125,2,0.3125,2
10035396.0,3864.060795,11682.545425,15546.606220,118,43,0.00,0.4938,0.3375,10,0,0,9,0.004500,0.3125,2,0.5625,2,0.6875,2,0.5313,2,0.6250,2,0.5625,2,0.7500,2,0.2813,2,0.3125,2,0.3125,2
10036115.0,3864.576578,11684.480733,15549.057311,119,44,0.00,0.5125,0.3500,10,0,0,9,0.004500,0.3125,2,0.5625,2,0.6875,2,0.5313,2,0.6250,2,0.5625,2,0.7500,2,0.4688,2,0.3125,2,0.3125,2
10036187.0,3864.629278,11684.679933,15549.309211,120,44,0.00,0.5172,0.3625,10,0,0,9,0.004500,0.3125,2,0.5625,2,0.6875,2,0.5313,2,0.6250,2,0.5625,2,0.7500,2,0.4688,2,0.3594,2,0.3125,2
10036552.0,3864.894057,11685.685567,15550.579624,121,44,0.00,0.5000,0.3500,10,0,0,9,0.004500,0.3125,2,0.5625,2,0.6875,2,0.5313,2,0.6250,2,0.5625,2,0.5625,2,0.4688,2,0.3125,2,0.3750,2
10036751.0,3865.037225,11686.233283,15551.270509,122,44,0.00,0.4859,0.3500,10,0,0,9,0.004500,0.3594,2,0.5625,2,0.6875,2,0.5313,2,0.6250,2,0.5625,2,0.5625,2,0.2813,2,0.3125,2,0.3750,2
10036875.0,3865.125260,11686.572975,15551.698235,123,44,0.00,0.4859,0.3500,10,0,0,9,0.004500,0.3125,2,0.6094,2,0.6875,2,0.5313,2,0.6250,2,0.5625,2,0.5625,2,0.2813,2,0.3125,2,0.3750,2
10037662.0,3865.685041,11688.750342,15554.435383,124,44,0.00,0.4906,0.3625,10,0,0,9,0.004500,0.3125,2,0.6094,2,0.7344,2,0.5313,2,0.6250,2,0.5625,2,0.5625,2,0.2813,2,0.3125,2,0.3750,2
10037976.0,3865.907764,11689.613675,15555.521439,125,44,0.00,0.4984,0.3500,10,0,0,9,0.004500,0.3125,2,0.6094,2,0.6875,2,0.7188,2,0.6250,2,0.5625,2,0.5625,2,0.2813,2,0.3125,2,0.3125,2
10038341.0,3866.170931,11690.623508,15556.794440,126,44,0.00,0.5047,0.3625,10,0,0,9,0.004500,0.3125,2,0.6094,2,0.6875,2,0.7188,2,0.6875,2,0.5625,2,0.5625,2,0.2813,2,0.3125,2,0.3125,2
10039366.0,3866.912584,11693.499767,15560.412350,127,44,0.00,0.5109,0.3625,10,0,0,9,0.004500,0.3125,2,0.6094,2,0.6875,2,0.7188,2,0.6250,2,0.6875,2,0.5625,2,0.2813,2,0.3125,2,0.3125,2
10039428.0,3866.957889,11693.675950,15560.633839,128,44,0.00,0.5234,0.3750,10,0,0,9,0.004500,0.3125,2,0.6094,2,0.6875,2,0.7188,2,0.6250,2,0.6875,2,0.6875,2,0.2813,2,0.3125,2,0.3125,2
10039573.0,3867.064700,11694.094592,15561.159292,129,45,0.00,0.5047,0.3625,10,0,0,9,0.004500,0.3125,2,0.6094,2,0.6875,2,0.7188,2,0.6250,2,0.5625,2,0.5625,2,0.3438,2,0.3125,2,0.3125,2
10039634.0,3867.108978,11694.267933,15561.376911,130,46,0.00,0.5328,0.3750,10,0,0,9,0.004500,0.3125,2,0.6094,2,0.6875,2,0.7188,2,0.6250,2,0.5625,2,0.5625,2,0.3438,2,0.5938,2,0.3125,2
10039873.0,3867.284692,11694.954742,15562.239434,131,46,0.00,0.5172,0.3750,10,0,0,9,0.004500,0.3125,2,0.6094,2,0.6875,2,0.7188,2,0.6250,2,0.5625,2,0.5625,2,0.3438,2,0.3125,2,0.4375,2
10040570.0,3867.791050,11696.938683,15564.729733,132,46,0.00,0.5172,0.3750,10,0,0,9,0.004500,0.4375,2,0.6094,2,0.6875,2,0.7188,2,0.6250,2,0.5625,2,0.5625,2,0.3438,2,0.3125,2,0.3125,2
10040740.0,3867.916100,11697.434517,15565.350617,133,46,0.00,0.5297,0.3875,10,0,0,9,0.004500,0.4375,2,0.7344,2,0.6875,2,0.7188,2,0.6250,2,0.5625,2,0.5625,2,0.3438,2,0.3125,2,0.3125,2
10041157.0,3868.226895,11698.682042,15566.908937,134,47,0.00,0.5422,0.4000,10,0,0,9,0.004500,0.4375,2,0.7344,2,0.8125,2,0.7188,2,0.6250,2,0.5625,2,0.5625,2,0.3438,2,0.3125,2,0.3125,2
10041292.0,3868.328825,11699.096042,15567.424867,135,47,0.00,0.5469,0.4125,10,0,0,9,0.004500,0.4375,2,0.7344,2,0.8125,2,0.7656,2,0.6250,2,0.5625,2,0.5625,2,0.3438,2,0.3125,2,0.3125,2
10041344.0,3868.368174,11699.257308,15567.625483,136,47,0.00,0.5469,0.4125,10,0,0,9,0.004500,0.4375,2,0.7344,2,0.8125,2,0.7188,2,0.6719,2,0.5625,2,0.5625,2,0.3438,2,0.3125,2,0.3125,2
10041954.0,3868.821126,11701.098350,15569.919476,137,47,0.00,0.5281,0.4000,10,0,0,9,0.004500,0.4375,2,0.7344,2,0.8125,2,0.5313,2,0.6250,2,0.6094,2,0.5625,2,0.3438,2,0.3125,2,0.3125,2
10042650.0,3869.329254,11703.154525,15572.483779,138,47,0.00,0.5172,0.3875,10,0,0,9,0.004500,0.4375,2,0.5469,2,0.8125,2,0.5313,2,0.6250,2,0.5625,2,0.6875,2,0.3438,2,0.3125,2,0.3125,2
10043265.0,3869.778492,11704.970100,15574.748592,139,48,0.00,0.5203,0.3750,10,0,0,9,0.004500,0.4375,2,0.5469,2,0.6875,2,0.5313,2,0.6250,2,0.5625,2,0.5625,2,0.6250,2,0.3125,2,0.3125,2
10046254.0,3871.939347,11713.387942,15585.327289,140,49,0.00,0.5047,0.3625,10,0,0,9,0.004500,0.4375,2,0.5469,2,0.6875,2,0.5313,2,0.6250,2,0.5625,2,0.5625,2,0.2813,2,0.5000,2,0.3125,2
10046254.0,3871.939347,11713.387942,15585.327289,141,50,0.00,0.5141,0.3750,10,0,0,9,0.004500,0.4375,2,0.5469,2,0.6875,2,0.5313,2,0.6250,2,0.5625,2,0.5625,2,0.2813,2,0.5000,2,0.4063,2
10047020.0,3872.500947,11715.622108,15588.123056,142,50,0.00,0.5188,0.3875,10,0,0,9,0.004500,0.4844,2,0.5469,2,0.6875,2,0.5313,2,0.6250,2,0.5625,2,0.5625,2,0.2813,2,0.5000,2,0.4063,2
10047038.0,3872.514210,11715.675958,15588.190168,143,50,0.00,0.5234,0.4000,10,0,0,9,0.004500,0.4844,2,0.5938,2,0.6875,2,0.5313,2,0.6250,2,0.5625,2,0.5625,2,0.2813,2,0.5000,2,0.4063,2
10047603.0,3872.929287,11717.341200,15590.270487,144,50,0.00,0.5188,0.3875,10,0,0,9,0.004500,0.4375,2,0.5469,2,0.7344,2,0.5313,2,0.6250,2,0.5625,2,0.5625,2,0.2813,2,0.5000,2,0.4063,2
10049677.0,3874.443367,11723.363892,15597.807259,145,51,0.00,0.5141,0.3750,10,0,0,9,0.004500,0.4375,2,0.3594,2,0.6875,2,0.7188,2,0.6250,2,0.5625,2,0.5625,2,0.2813,2,0.5000,2,0.4063,2
10050573.0,3875.095072,11725.950450,15601.045522,146,52,0.00,0.5016,0.3750,10,0,0,9,0.004500,0.4375,2,0.3594,2,0.6875,2,0.5313,2,0.6875,2,0.5625,2,0.5625,2,0.2813,2,0.5000,2,0.4063,2
10051156.0,3875.516836,11727.650867,15603.167703,147,52,0.00,0.5063,0.3875,10,0,0,9,0.004500,0.4375,2,0.3594,2,0.6875,2,0.5313,2,0.6875,2,0.6094,2,0.5625,2,0.2813,2,0.5000,2,0.4063,2
10051357.0,3875.662827,11728.249042,15603.911868,148,53,0.00,0.5266,0.3875,10,0,0,9,0.004500,0.4375,2,0.3594,2,0.6875,2,0.5313,2,0.6875,2,0.5625,2,0.8125,2,0.2813,2,0.5000,2,0.4063,2
10052128.0,3876.232682,11730.510767,15606.743448,149,53,0.00,0.5250,0.3875,10,0,0,9,0.004500,0.4375,2,0.3594,2,0.6875,2,0.5313,2,0.6250,2,0.5625,2,0.8125,2,0.3281,2,0.5000,2,0.4063,2
10052438.0,3876.462063,11731.427158,15607.889221,150,54,0.00,0.5453,0.3875,10,0,0,9,0.004500,0.4375,2,0.3594,2,0.6875,2,0.5313,2,0.6250,2,0.5625,2,0.8125,2,0.2813,2,0.7500,2,0.4063,2
10052820.0,3876.749781,11732.563675,15609.313456,151,55,0.00,0.5484,0.3875,10,0,0,9,0.004500,0.4375,2,0.3594,2,0.6875,2,0.5313,2,0.6250,2,0.5625,2,0.5625,2,0.2813,2,0.7500,2,0.6875,2
10053065.0,3876.932543,11733.284933,15610.217476,152,55,0.00,0.5328,0.3875,10,0,0,9,0.004500,0.5625,2,0.3594,2,0.6875,2,0.5313,2,0.6250,2,0.5625,2,0.5625,2,0.2813,2,0.7500,2,0.4063,2
10053622.0,3877.341559,11734.893617,15612.235176,153,55,0.00,0.5125,0.3750,10,0,0,9,0.004500,0.4375,2,0.4063,2,0.6875,2,0.5313,2,0.5000,2,0.5625,2,0.5625,2,0.2813,2,0.7500,2,0.4063,2
10054239.0,3877.782142,11736.618425,15614.400567,154,56,0.00,0.4984,0.3500,10,0,0,9,0.004500,0.4375,2,0.3594,2,0.9375,2,0.5313,2,0.5000,2,0.5625,2,0.5625,2,0.2813,2,0.5000,2,0.3125,2
10055123.0,3878.419512,11739.064158,15617.483670,155,56,0.00,0.5031,0.3625,10,0,0,9,0.004500,0.4375,2,0.3594,2,0.9375,2,0.5781,2,0.5000,2,0.5625,2,0.5625,2,0.2813,2,0.5000,2,0.3125,2
10056973.0,3879.717614,11744.054692,15623.772306,156,56,0.00,0.4641,0.3375,10,0,0,9,0.004500,0.4375,2,0.3594,2,0.6875,2,0.5313,2,0.5938,2,0.5625,2,0.5625,2,0.2813,2,0.3125,2,0.3125,2
10057657.0,3880.192495,11745.895792,15626.088287,157,56,0.00,0.4688,0.3500,10,0,0,9,0.004500,0.4375,2,0.3594,2,0.6875,2,0.5313,2,0.5938,2,0.6094,2,0.5625,2,0.2813,2,0.3125,2,0.3125,2
10058979.0,3881.111353,11749.475400,15630.586753,158,56,0.00,0.4688,0.3500,10,0,0,9,0.004500,0.4375,2,0.3594,2,0.6875,2,0.5313,2,0.5938,2,0.5625,2,0.6094,2,0.2813,2,0.3125,2,0.3125,2
10059143.0,3881.225811,11749.929133,15631.154945,159,56,0.00,0.4813,0.3625,10,0,0,9,0.004500,0.4375,2,0.3594,2,0.6875,2,0.5313,2,0.5938,2,0.5625,2,0.6094,2,0.4063,2,0.3125,2,0.3125,2
10059169.0,3881.244210,11750.003017,15631.247227,160,56,0.00,0.4859,0.3750,10,0,0,9,0.004500,0.4375,2,0.3594,2,0.6875,2,0.5313,2,0.5938,2,0.5625,2,0.6094,2,0.4063,2,0.3594,2,0.3125,2
10059451.0,3881.443841,11750.805942,15632.249782,161,56,0.00,0.4828,0.3625,10,0,0,9,0.004500,0.4375,2,0.3594,2,0.6875,2,0.5313,2,0.5938,2,0.5625,2,0.5625,2,0.4063,2,0.3125,2,0.3750,2
10059776.0,3881.674218,11751.729483,15633.403702,162,56,0.00,0.4875,0.3750,10,0,0,9,0.004500,0.4844,2,0.3594,2,0.6875,2,0.5313,2,0.5938,2,0.5625,2,0.5625,2,0.4063,2,0.3125,2,0.3750,2
10059888.0,3881.753863,11752.054950,15633.808813,163,56,0.00,0.4797,0.3750,10,0,0,9,0.004500,0.3594,2,0.4063,2,0.6875,2,0.5313,2,0.5938,2,0.5625,2,0.5625,2,0.4063,2,0.3125,2,0.3750,2
10060370.0,3882.088507,11753.395533,15635.484041,164,56,0.00,0.4641,0.3500,10,0,0,9,0.004500,0.3125,2,0.2344,2,0.7500,2,0.5313,2,0.5938,2,0.5625,2,0.5625,2,0.4063,2,0.3125,2,0.3750,2
10060714.0,3882.327336,11754.347267,15636.674603,165,57,0.00,0.4734,0.3625,10,0,0,9,0.004500,0.3125,2,0.2344,2,0.7500,2,0.6250,2,0.5938,2,0.5625,2,0.5625,2,0.4063,2,0.3125,2,0.3750,2
10060718.0,3882.330143,11754.358633,15636.688776,166,58,0.00,0.4859,0.3750,10,0,0,9,0.004500,0.3125,2,0.2344,2,0.7500,2,0.6250,2,0.7188,2,0.5625,2,0.5625,2,0.4063,2,0.3125,2,0.3750,2
10061136.0,3882.627460,11755.577800,15638.205260,167,58,0.00,0.5047,0.3875,10,0,0,9,0.004500,0.3125,2,0.2344,2,0.7500,2,0.6250,2,0.7188,2,0.7500,2,0.5625,2,0.4063,2,0.3125,2,0.3750,2
10062602.0,3883.671632,11759.858133,15643.529766,168,58,0.00,0.4859,0.3750,10,0,0,9,0.004500,0.3125,2,0.2344,2,0.5000,2,0.6250,2,0.7188,2,0.7500,2,0.6250,2,0.4063,2,0.3125,2,0.3750,2
10065188.0,3885.488350,11767.186358,15652.674708,169,58,0.00,0.4688,0.3625,10,0,0,9,0.004500,0.3125,2,0.2344,2,0.5000,2,0.5313,2,0.5938,2,0.7500,2,0.6250,2,0.4531,2,0.3125,2,0.3750,2
10065461.0,3885.678710,11767.958608,15653.637318,170,58,0.00,0.4688,0.3625,10,0,0,9,0.004500,0.3125,2,0.2344,2,0.5000,2,0.5313,2,0.5938,2,0.7500,2,0.6250,2,0.4063,2,0.3594,2,0.3750,2
10066995.0,3886.745070,11772.230425,15658.975495,171,58,0.00,0.4688,0.3625,10,0,0,9,0.004500,0.3125,2,0.2344,2,0.5000,2,0.5313,2,0.5938,2,0.7500,2,0.6250,2,0.4063,2,0.3125,2,0.4219,2
10068089.0,3887.505849,11775.282808,15662.788657,172,58,0.00,0.4688,0.3625,10,0,0,9,0.004500,0.3594,2,0.2344,2,0.5000,2,0.5313,2,0.5938,2,0.7500,2,0.6250,2,0.4063,2,0.3125,2,0.3750,2
10071515.0,3889.871879,11784.574508,15674.446388,173,59,0.00,0.4703,0.3500,10,0,0,9,0.004500,0.3125,2,0.3594,2,0.5000,2,0.5313,2,0.5938,2,0.7500,2,0.5625,2,0.4063,2,0.3125,2,0.3750,2
10072956.0,3890.866369,11788.461300,15679.327669,174,59,0.00,0.4641,0.3375,10,0,0,9,0.004500,0.3125,2,0.2344,2,0.6875,2,0.5313,2,0.5938,2,0.7500,2,0.5625,2,0.2813,2,0.3125,2,0.3750,2
10072977.0,3890.880948,11788.517825,15679.398773,175,60,0.00,0.4891,0.3500,10,0,0,9,0.004500,0.3125,2,0.2344,2,0.6875,2,0.7813,2,0.5938,2,0.7500,2,0.5625,2,0.2813,2,0.3125,2,0.3750,2
10073827.0,3891.471429,11790.807092,15682.278520,176,60,0.00,0.4688,0.3500,10,0,0,9,0.004500,0.3125,2,0.2344,2,0.6875,2,0.5313,2,0.6406,2,0.7500,2,0.5625,2,0.2813,2,0.3125,2,0.3750,2
10075751.0,3892.805168,11795.972133,15688.777301,177,60,0.00,0.4594,0.3375,10,0,0,9,0.004500,0.3125,2,0.2344,2,0.6875,2,0.5313,2,0.5000,2,0.7969,2,0.5625,2,0.2813,2,0.3125,2,0.3750,2
10076540.0,3893.347916,11798.051533,15691.399449,178,60,0.00,0.4594,0.3375,10,0,0,9,0.004500,0.3125,2,0.2344,2,0.6875,2,0.5313,2,0.5000,2,0.7500,2,0.6094,2,0.2813,2,0.3125,2,0.3750,2
10076597.0,3893.387282,11798.204958,15691.592240,179,60,0.00,0.4641,0.3500,10,0,0,9,0.004500,0.3125,2,0.2344,2,0.6875,2,0.5313,2,0.5000,2,0.7500,2,0.6094,2,0.3281,2,0.3125,2,0.3750,2
10077065.0,3893.709695,11799.453858,15693.163553,180,60,0.00,0.4547,0.3250,10,0,0,9,0.004500,0.3125,2,0.2344,2,0.6875,2,0.5313,2,0.5000,2,0.7500,2,0.5625,2,0.2813,2,0.3750,2,0.3125,2
10077174.0,3893.784575,11799.739075,15693.523650,181,60,0.00,0.4594,0.3375,10,0,0,9,0.004500,0.3125,2,0.2344,2,0.6875,2,0.5313,2,0.5000,2,0.7500,2,0.5625,2,0.2813,2,0.3750,2,0.3594,2
10078477.0,3894.680865,11803.172367,15697.853232,182,60,0.00,0.4672,0.3250,10,0,0,9,0.004500,0.4375,2,0.2344,2,0.6875,2,0.5313,2,0.5000,2,0.7500,2,0.5625,2,0.2813,2,0.3750,2,0.3125,2
10079174.0,3895.166466,11804.996183,15700.162649,183,60,0.00,0.4719,0.3375,10,0,0,9,0.004500,0.4375,2,0.2813,2,0.6875,2,0.5313,2,0.5000,2,0.7500,2,0.5625,2,0.2813,2,0.3750,2,0.3125,2
10079912.0,3895.681751,11806.950308,15702.632059,184,60,0.00,0.4719,0.3375,10,0,0,9,0.004500,0.4375,2,0.2344,2,0.7344,2,0.5313,2,0.5000,2,0.7500,2,0.5625,2,0.2813,2,0.3750,2,0.3125,2
10081543.0,3896.818876,11811.234667,15708.053543,185,61,0.00,0.4797,0.3375,10,0,0,9,0.004500,0.4375,2,0.2344,2,0.6875,2,0.6563,2,0.5000,2,0.7500,2,0.5625,2,0.2813,2,0.3750,2,0.3125,2
10082034.0,3897.165730,11812.556275,15709.722005,186,61,0.00,0.4844,0.3500,10,0,0,9,0.004500,0.4375,2,0.2344,2,0.6875,2,0.6563,2,0.5469,2,0.7500,2,0.5625,2,0.2813,2,0.3750,2,0.3125,2
10082398.0,3897.423594,11813.550967,15710.974561,187,62,0.00,0.4859,0.3500,10,0,0,9,0.004500,0.4375,2,0.2344,2,0.6875,2,0.6563,2,0.5000,2,0.8125,2,0.5625,2,0.2813,2,0.3750,2,0.3125,2
10084139.0,3898.646551,11818.249008,15716.895559,188,63,0.00,0.4797,0.3500,10,0,0,9,0.004500,0.4375,2,0.2344,2,0.6875,2,0.5313,2,0.5000,2,0.8125,2,0.6250,2,0.2813,2,0.3750,2,0.3125,2
10084399.0,3898.830221,11818.968342,15717.798562,189,63,0.00,0.4922,0.3500,10,0,0,9,0.004500,0.4375,2,0.2344,2,0.6875,2,0.5313,2,0.5000,2,0.8125,2,0.6250,2,0.4063,2,0.3750,2,0.3125,2
10086450.0,3900.274157,11824.412075,15724.686232,190,63,0.00,0.4719,0.3375,10,0,0,9,0.004500,0.4375,2,0.2344,2,0.6875,2,0.5313,2,0.5000,2,0.8125,2,0.5625,2,0.2813,2,0.3594,2,0.3125,2
10087455.0,3900.970797,11826.990600,15727.961397,191,63,0.00,0.4656,0.3250,10,0,0,9,0.004500,0.4375,2,0.2344,2,0.6875,2,0.5313,2,0.5000,2,0.7500,2,0.5625,2,0.2813,2,0.3125,2,0.3594,2
10087711.0,3901.148611,11827.655742,15728.804353,192,64,0.00,0.4781,0.3250,10,0,0,9,0.004500,0.6094,2,0.2344,2,0.6875,2,0.5313,2,0.5000,2,0.7500,2,0.5625,2,0.2813,2,0.3125,2,0.3125,2
10087754.0,3901.178935,11827.768258,15728.947194,193,64,0.00,0.4828,0.3375,10,0,0,9,0.004500,0.6094,2,0.2813,2,0.6875,2,0.5313,2,0.5000,2,0.7500,2,0.5625,2,0.2813,2,0.3125,2,0.3125,2
10087849.0,3901.246276,11828.023967,15729.270243,194,64,0.00,0.5000,0.3500,10,0,0,9,0.004500,0.6094,2,0.2813,2,0.8594,2,0.5313,2,0.5000,2,0.7500,2,0.5625,2,0.2813,2,0.3125,2,0.3125,2
10088207.0,3901.499700,11828.973258,15730.472958,195,65,0.00,0.4844,0.3375,10,0,0,9,0.004500,0.6094,2,0.2344,2,0.6875,2,0.5938,2,0.5000,2,0.7500,2,0.5625,2,0.2813,2,0.3125,2,0.3125,2
10088963.0,3902.032847,11830.954233,15732.987080,196,66,0.00,0.4797,0.3250,10,0,0,9,0.004500,0.4375,2,0.2344,2,0.6875,2,0.5313,2,0.6875,2,0.7500,2,0.5625,2,0.2813,2,0.3125,2,0.3125,2
10089624.0,3902.497664,11832.672900,15735.170564,197,66,0.00,0.4656,0.3250,10,0,0,9,0.004500,0.4375,2,0.2344,2,0.6875,2,0.5313,2,0.5000,2,0.7969,2,0.5625,2,0.2813,2,0.3125,2,0.3125,2
10089802.0,3902.621460,11833.138667,15735.760127,198,67,0.00,0.4938,0.3375,10,0,0,9,0.004500,0.4375,2,0.2344,2,0.6875,2,0.5313,2,0.5000,2,0.7969,2,0.8438,2,0.2813,2,0.3125,2,0.3125,2
10090200.0,3902.905723,11834.184300,15737.090023,199,67,0.00,0.4953,0.3375,10,0,0,9,0.004500,0.4375,2,0.2344,2,0.6875,2,0.5313,2,0.5000,2,0.7500,2,0.8438,2,0.3438,2,0.3125,2,0.3125,2
10090303.0,3902.979737,11834.461542,15737.441278,200,67,0.00,0.5000,0.3500,10,0,0,9,0.004500,0.4375,2,0.2344,2,0.6875,2,0.5313,2,0.5000,2,0.7500,2,0.8438,2,0.3438,2,0.3594,2,0.3125,2
10090557.0,3903.161764,11835.141175,15738.302939,201,68,0.00,0.5063,0.3375,10,0,0,9,0.004500,0.4375,2,0.2344,2,0.6875,2,0.5313,2,0.5000,2,0.7500,2,0.8438,2,0.2813,2,0.3125,2,0.4844,2
10090801.0,3903.334164,11835.763742,15739.097906,202,69,0.00,0.4844,0.3125,10,0,0,9,0.004500,0.7188,2,0.1875,2,0.6875,2,0.5313,2,0.5000,2,0.7500,2,0.5625,2,0.2813,2,0.3125,2,0.3125,2
10091052.0,3903.512392,11836.401700,15739.914092,203,69,0.00,0.4906,0.3250,10,0,0,9,0.004500,0.7188,2,0.2500,2,0.6875,2,0.5313,2,0.5000,2,0.7500,2,0.5625,2,0.2813,2,0.3125,2,0.3125,2
10091074.0,3903.528120,11836.459267,15739.987387,204,69,0.00,0.4953,0.3375,10,0,0,9,0.004500,0.7188,2,0.2500,2,0.7344,2,0.5313,2,0.5000,2,0.7500,2,0.5625,2,0.2813,2,0.3125,2,0.3125,2
10091866.0,3904.094571,11838.545692,15742.640263,205,70,0.00,0.4797,0.3250,10,0,0,9,0.004500,0.4375,2,0.2500,2,0.6875,2,0.7031,2,0.5000,2,0.7500,2,0.5625,2,0.2813,2,0.3125,2,0.3125,2
10091963.0,3904.163094,11838.799508,15742.962603,206,70,0.00,0.4922,0.3375,10,0,0,9,0.004500,0.4375,2,0.2500,2,0.6875,2,0.7031,2,0.6250,2,0.7500,2,0.5625,2,0.2813,2,0.3125,2,0.3125,2
10093366.0,3905.162475,11842.493042,15747.655517,207,70,0.00,0.4922,0.3375,10,0,0,9,0.004500,0.4375,2,0.1875,2,0.6875,2,0.7031,2,0.6250,2,0.8125,2,0.5625,2,0.2813,2,0.3125,2,0.3125,2
10093458.0,3905.228361,11842.740675,15747.969036,208,70,0.00,0.4969,0.3500,10,0,0,9,0.004500,0.4375,2,0.1875,2,0.6875,2,0.7031,2,0.6250,2,0.8125,2,0.6094,2,0.2813,2,0.3125,2,0.3125,2
10094677.0,3906.093424,11845.929792,15752.023215,209,71,0.00,0.4813,0.3250,10,0,0,9,0.004500,0.4375,2,0.1875,2,0.6875,2,0.5313,2,0.6250,2,0.7500,2,0.5625,2,0.4063,2,0.3125,2,0.3125,2
10095374.0,3906.580270,11847.704408,15754.284679,210,71,0.00,0.4734,0.3250,10,0,0,9,0.004500,0.4375,2,0.1875,2,0.6875,2,0.5313,2,0.5000,2,0.7500,2,0.5625,2,0.4063,2,0.3594,2,0.3125,2
10096044.0,3907.045894,11849.399825,15756.445719,211,71,0.00,0.4625,0.3125,10,0,0,9,0.004500,0.4375,2,0.1875,2,0.6875,2,0.5313,2,0.5000,2,0.7500,2,0.5625,2,0.2813,2,0.3125,2,0.3750,2
10096319.0,3907.236484,11850.098783,15757.335267,212,71,0.00,0.4672,0.3250,10,0,0,9,0.004500,0.4844,2,0.1875,2,0.6875,2,0.5313,2,0.5000,2,0.7500,2,0.5625,2,0.2813,2,0.3125,2,0.3750,2
10096985.0,3907.698828,11851.809908,15759.508736,213,72,0.00,0.4734,0.3125,10,0,0,9,0.004500,0.4375,2,0.3594,2,0.6875,2,0.5313,2,0.5000,2,0.7500,2,0.5625,2,0.2813,2,0.3125,2,0.3125,2
10097319.0,3907.933150,11852.658825,15760.591975,214,73,0.00,0.4984,0.3250,10,0,0,9,0.004500,0.4375,2,0.3594,2,0.9375,2,0.5313,2,0.5000,2,0.7500,2,0.5625,2,0.2813,2,0.3125,2,0.3125,2
10098174.0,3908.549611,11854.896075,15763.445686,215,74,0.00,0.5234,0.3375,10,0,0,9,0.004500,0.4375,2,0.3594,2,0.9375,2,0.7813,2,0.5000,2,0.7500,2,0.5625,2,0.2813,2,0.3125,2,0.3125,2
10099853.0,3909.769145,11859.324033,15769.093179,216,75,0.00,0.5266,0.3375,10,0,0,9,0.004500,0.4375,2,0.3594,2,0.6875,2,0.7813,2,0.7813,2,0.7500,2,0.5625,2,0.2813,2,0.3125,2,0.3125,2
10101508.0,3910.961951,11863.627167,15774.589118,217,75,0.00,0.4859,0.3250,10,0,0,9,0.004500,0.4375,2,0.1875,2,0.6875,2,0.7813,2,0.5000,2,0.7969,2,0.5625,2,0.2813,2,0.3125,2,0.3125,2
10101656.0,3911.067222,11864.014433,15775.081655,218,75,0.00,0.4906,0.3375,10,0,0,9,0.004500,0.4375,2,0.1875,2,0.6875,2,0.7813,2,0.5000,2,0.7969,2,0.6094,2,0.2813,2,0.3125,2,0.3125,2
10101831.0,3911.191280,11864.474825,15775.666105,219,76,0.00,0.4734,0.3125,10,0,0,9,0.004500,0.4375,2,0.1875,2,0.6875,2,0.5313,2,0.5000,2,0.7500,2,0.5625,2,0.4531,2,0.3125,2,0.3125,2
10102468.0,3911.638175,11866.093867,15777.732041,220,76,0.00,0.4781,0.3250,10,0,0,9,0.004500,0.4375,2,0.1875,2,0.6875,2,0.5313,2,0.5000,2,0.7500,2,0.5625,2,0.4531,2,0.3594,2,0.3125,2
10102699.0,3911.801023,11866.697192,15778.498215,221,76,0.00,0.4781,0.3250,10,0,0,9,0.004500,0.4375,2,0.1875,2,0.6875,2,0.5313,2,0.5000,2,0.7500,2,0.5625,2,0.4531,2,0.3125,2,0.3594,2
10103062.0,3912.054245,11867.634292,15779.688537,222,76,0.00,0.4734,0.3250,10,0,0,9,0.004500,0.4375,2,0.1875,2,0.6875,2,0.5313,2,0.5000,2,0.7500,2,0.5625,2,0.4531,2,0.3125,2,0.3125,2
10103067.0,3912.057753,11867.647375,15779.705128,223,76,0.00,0.4859,0.3375,10,0,0,9,0.004500,0.4375,2,0.3125,2,0.6875,2,0.5313,2,0.5000,2,0.7500,2,0.5625,2,0.4531,2,0.3125,2,0.3125,2
10103070.0,3912.059887,11867.655450,15779.715337,224,76,0.00,0.4984,0.3500,10,0,0,9,0.004500,0.4375,2,0.3125,2,0.8125,2,0.5313,2,0.5000,2,0.7500,2,0.5625,2,0.4531,2,0.3125,2,0.3125,2
10103080.0,3912.067097,11867.683117,15779.750214,225,76,0.00,0.5109,0.3625,10,0,0,9,0.004500,0.4375,2,0.3125,2,0.8125,2,0.6563,2,0.5000,2,0.7500,2,0.5625,2,0.4531,2,0.3125,2,0.3125,2
10103554.0,3912.413463,11869.030067,15781.443530,226,76,0.00,0.5297,0.3750,10,0,0,9,0.004500,0.4375,2,0.3125,2,0.8125,2,0.6563,2,0.6875,2,0.7500,2,0.5625,2,0.4531,2,0.3125,2,0.3125,2
10103657.0,3912.490230,11869.330483,15781.820713,227,76,0.00,0.5359,0.3875,10,0,0,9,0.004500,0.4375,2,0.3125,2,0.8125,2,0.6563,2,0.6875,2,0.8125,2,0.5625,2,0.4531,2,0.3125,2,0.3125,2
10103830.0,3912.620010,11869.848042,15782.468052,228,76,0.00,0.5297,0.3875,10,0,0,9,0.004500,0.4375,2,0.3125,2,0.8125,2,0.6563,2,0.5000,2,0.8125,2,0.6875,2,0.4531,2,0.3125,2,0.3125,2
10104296.0,3912.962892,11871.192808,15784.155701,229,77,0.00,0.5297,0.3625,10,0,0,9,0.004500,0.4375,2,0.3125,2,0.8125,2,0.6563,2,0.5000,2,0.7500,2,0.5625,2,0.6406,2,0.3125,2,0.3125,2
10104920.0,3913.421478,11872.966008,15786.387486,230,78,0.00,0.5234,0.3750,10,0,0,9,0.004500,0.4375,2,0.3125,2,0.8125,2,0.6563,2,0.5000,2,0.7500,2,0.5625,2,0.4531,2,0.4375,2,0.3125,2
10105081.0,3913.540690,11873.435592,15786.976282,231,79,0.00,0.5406,0.3875,10,0,0,9,0.004500,0.4375,2,0.3125,2,0.8125,2,0.6563,2,0.5000,2,0.7500,2,0.5625,2,0.4531,2,0.4375,2,0.4844,2
10105616.0,3913.937487,11874.999683,15788.937170,232,79,0.00,0.5281,0.3875,10,0,0,9,0.004500,0.4844,2,0.3125,2,0.8125,2,0.6563,2,0.5000,2,0.7500,2,0.5625,2,0.4531,2,0.4375,2,0.3125,2
10106099.0,3914.295909,11876.424558,15790.720467,233,79,0.00,0.5281,0.3875,10,0,0,9,0.004500,0.4375,2,0.3594,2,0.8125,2,0.6563,2,0.5000,2,0.7500,2,0.5625,2,0.4531,2,0.4375,2,0.3125,2
10106214.0,3914.381480,11876.768600,15791.150080,234,79,0.00,0.5328,0.4000,10,0,0,9,0.004500,0.4375,2,0.3594,2,0.8594,2,0.6563,2,0.5000,2,0.7500,2,0.5625,2,0.4531,2,0.4375,2,0.3125,2
10106404.0,3914.523015,11877.340242,15791.863257,235,79,0.00,0.5281,0.3875,10,0,0,9,0.004500,0.4375,2,0.3125,2,0.8125,2,0.7031,2,0.5000,2,0.7500,2,0.5625,2,0.4531,2,0.4375,2,0.3125,2
10106593.0,3914.663620,11877.905067,15792.568687,236,79,0.00,0.5359,0.3750,10,0,0,9,0.004500,0.4375,2,0.3125,2,0.8125,2,0.6563,2,0.6250,2,0.7500,2,0.5625,2,0.4531,2,0.4375,2,0.3125,2
10106755.0,3914.785149,11878.377567,15793.162715,237,79,0.00,0.5406,0.3875,10,0,0,9,0.004500,0.4375,2,0.3125,2,0.8125,2,0.6563,2,0.6250,2,0.7969,2,0.5625,2,0.4531,2,0.4375,2,0.3125,2
10107108.0,3915.050598,11879.420275,15794.470873,238,79,0.00,0.5406,0.3875,10,0,0,9,0.004500,0.4375,2,0.3125,2,0.8125,2,0.6563,2,0.6250,2,0.7500,2,0.6094,2,0.4531,2,0.4375,2,0.3125,2
10107156.0,3915.086781,11879.563875,15794.650656,239,79,0.00,0.5453,0.4000,10,0,0,9,0.004500,0.4375,2,0.3125,2,0.8125,2,0.6563,2,0.6250,2,0.7500,2,0.6094,2,0.5000,2,0.4375,2,0.3125,2
10107360.0,3915.241290,11880.189175,15795.430465,240,79,0.00,0.5469,0.4000,10,0,0,9,0.004500,0.4375,2,0.3125,2,0.8125,2,0.6563,2,0.6250,2,0.7500,2,0.5625,2,0.5000,2,0.5000,2,0.3125,2
10107678.0,3915.478558,11881.115100,15796.593658,241,79,0.00,0.5234,0.3750,10,0,0,9,0.004500,0.4375,2,0.3125,2,0.8125,2,0.6563,2,0.6250,2,0.7500,2,0.5625,2,0.2813,2,0.4375,2,0.3594,2
10107700.0,3915.494848,11881.179267,15796.674114,242,79,0.00,0.5297,0.3875,10,0,0,9,0.004500,0.5000,2,0.3125,2,0.8125,2,0.6563,2,0.6250,2,0.7500,2,0.5625,2,0.2813,2,0.4375,2,0.3594,2
10108119.0,3915.806127,11882.412075,15798.218202,243,80,0.00,0.5375,0.3875,10,0,0,9,0.004500,0.5000,2,0.4375,2,0.8125,2,0.6563,2,0.6250,2,0.7500,2,0.5625,2,0.2813,2,0.4375,2,0.3125,2
10108195.0,3915.863233,11882.639442,15798.502675,244,81,0.00,0.5656,0.4000,10,0,0,9,0.004500,0.5000,2,0.4375,2,0.8125,2,0.9375,2,0.6250,2,0.7500,2,0.5625,2,0.2813,2,0.4375,2,0.3125,2
10108262.0,3915.915042,11882.844908,15798.759950,245,81,0.00,0.5703,0.4125,10,0,0,9,0.004500,0.5000,2,0.4375,2,0.8125,2,0.9375,2,0.6719,2,0.7500,2,0.5625,2,0.2813,2,0.4375,2,0.3125,2
10108896.0,3916.394700,11884.763675,15801.158375,246,81,0.00,0.5500,0.4000,10,0,0,9,0.004500,0.5000,2,0.4375,2,0.8125,2,0.6563,2,0.6250,2,0.8750,2,0.5625,2,0.2813,2,0.4375,2,0.3125,2
10110007.0,3917.224928,11888.012792,15805.237720,247,82,0.00,0.5500,0.3750,10,0,0,9,0.004500,0.4375,2,0.4375,2,0.8125,2,0.6563,2,0.6250,2,0.7500,2,0.7500,2,0.2813,2,0.4375,2,0.3125,2
10110007.0,3917.224928,11888.012792,15805.237720,248,83,0.00,0.5641,0.3875,10,0,0,9,0.004500,0.4375,2,0.4375,2,0.8125,2,0.6563,2,0.6250,2,0.7500,2,0.7500,2,0.4219,2,0.4375,2,0.3125,2
10110042.0,3917.251950,11888.117500,15805.369450,249,84,0.00,0.5781,0.4000,10,0,0,9,0.004500,0.4375,2,0.4375,2,0.8125,2,0.6563,2,0.6250,2,0.7500,2,0.7500,2,0.4219,2,0.5781,2,0.3125,2
10110515.0,3917.611883,11889.522883,15807.134766,250,84,0.00,0.5500,0.3875,10,0,0,9,0.004500,0.4375,2,0.4375,2,0.8125,2,0.6563,2,0.6250,2,0.7500,2,0.5625,2,0.2813,2,0.4375,2,0.5000,2
10110888.0,3917.895777,11890.638775,15808.534552,251,84,0.00,0.5563,0.4000,10,0,0,9,0.004500,0.5000,2,0.4375,2,0.8125,2,0.6563,2,0.6250,2,0.7500,2,0.5625,2,0.2813,2,0.4375,2,0.5000,2
10112199.0,3918.890283,11894.567825,15813.458108,252,85,0.00,0.5625,0.3875,10,0,0,9,0.004500,0.3125,2,0.6875,2,0.8125,2,0.6563,2,0.6250,2,0.7500,2,0.5625,2,0.2813,2,0.4375,2,0.5000,2
10112326.0,3918.988179,11894.947767,15813.935946,253,85,0.00,0.5672,0.4000,10,0,0,9,0.004500,0.3125,2,0.6875,2,0.8594,2,0.6563,2,0.6250,2,0.7500,2,0.5625,2,0.2813,2,0.4375,2,0.5000,2
10112685.0,3919.265568,11896.035350,15815.300918,254,85,0.00,0.5688,0.4000,10,0,0,9,0.004500,0.3125,2,0.6875,2,0.8125,2,0.7188,2,0.6250,2,0.7500,2,0.5625,2,0.2813,2,0.4375,2,0.5000,2
10112996.0,3919.506809,11896.989083,15816.495893,255,85,0.00,0.5734,0.4125,10,0,0,9,0.004500,0.3125,2,0.6875,2,0.8125,2,0.7188,2,0.6719,2,0.7500,2,0.5625,2,0.2813,2,0.4375,2,0.5000,2
10113134.0,3919.614358,11897.422633,15817.036991,256,86,0.00,0.5922,0.4125,10,0,0,9,0.004500,0.3125,2,0.6875,2,0.8125,2,0.7188,2,0.6719,2,0.9375,2,0.5625,2,0.2813,2,0.4375,2,0.5000,2
10113347.0,3919.782720,11898.076508,15817.859228,257,87,0.00,0.6063,0.4000,10,0,0,9,0.004500,0.3125,2,0.6875,2,0.8125,2,0.7188,2,0.6250,2,0.9375,2,0.7500,2,0.2813,2,0.4375,2,0.5000,2
10114193.0,3920.427874,11900.517158,15820.945033,258,87,0.00,0.5188,0.3500,10,0,0,9,0.004500,0.3125,2,0.1875,2,0.6875,2,0.7188,2,0.6250,2,0.9375,2,0.5625,2,0.4063,2,0.4375,2,0.3125,2
10114274.0,3920.487556,11900.741258,15821.228814,259,87,0.00,0.5234,0.3625,10,0,0,9,0.004500,0.3125,2,0.1875,2,0.6875,2,0.7188,2,0.6250,2,0.9375,2,0.5625,2,0.4063,2,0.4844,2,0.3125,2
10114302.0,3920.508288,11900.820825,15821.329113,260,88,0.00,0.5422,0.3625,10,0,0,9,0.004500,0.3125,2,0.1875,2,0.6875,2,0.7188,2,0.6250,2,0.9375,2,0.5625,2,0.4063,2,0.4844,2,0.5000,2
10115077.0,3921.072491,11902.978567,15824.051058,261,89,0.00,0.5125,0.3625,10,0,0,9,0.004500,0.4375,2,0.1875,2,0.6875,2,0.7188,2,0.6250,2,0.7500,2,0.5625,2,0.4063,2,0.4375,2,0.3125,2
10117363.0,3922.726729,11909.406742,15832.133470,262,90,0.00,0.5125,0.3625,10,0,0,9,0.004500,0.3125,2,0.4375,2,0.6875,2,0.7188,2,0.5000,2,0.7500,2,0.5625,2,0.4063,2,0.4375,2,0.3125,2
10118303.0,3923.414756,11912.077908,15835.492665,263,91,0.00,0.5297,0.3750,10,0,0,9,0.004500,0.3125,2,0.4375,2,0.8594,2,0.7188,2,0.5000,2,0.7500,2,0.5625,2,0.4063,2,0.4375,2,0.3125,2
10118657.0,3923.674031,11913.088883,15836.762915,264,92,0.00,0.5125,0.3500,10,0,0,9,0.004500,0.3125,2,0.1875,2,0.6875,2,0.9688,2,0.5000,2,0.7500,2,0.5625,2,0.4063,2,0.4375,2,0.3125,2
10119177.0,3924.054642,11914.527550,15838.582192,265,93,0.00,0.5406,0.3625,10,0,0,9,0.004500,0.3125,2,0.1875,2,0.6875,2,0.9688,2,0.7813,2,0.7500,2,0.5625,2,0.4063,2,0.4375,2,0.3125,2
10119674.0,3924.422203,11915.915558,15840.337761,266,94,0.00,0.5313,0.3500,10,0,0,9,0.004500,0.3125,2,0.1875,2,0.6875,2,0.9688,2,0.5000,2,0.9375,2,0.5625,2,0.4063,2,0.4375,2,0.3125,2
10119716.0,3924.453557,11916.031758,15840.485316,267,95,0.00,0.5500,0.3500,10,0,0,9,0.004500,0.3125,2,0.1875,2,0.6875,2,0.9688,2,0.5000,2,0.9375,2,0.7500,2,0.4063,2,0.4375,2,0.3125,2
10119805.0,3924.521296,11916.277992,15840.799288,268,96,0.00,0.5688,0.3500,10,0,0,9,0.004500,0.3125,2,0.1875,2,0.6875,2,0.9688,2,0.5000,2,0.9375,2,0.7500,2,0.5938,2,0.4375,2,0.3125,2
10119881.0,3924.580249,11916.488258,15841.068507,269,97,0.00,0.5813,0.3625,10,0,0,9,0.004500,0.3125,2,0.1875,2,0.6875,2,0.9688,2,0.5000,2,0.9375,2,0.7500,2,0.5938,2,0.5625,2,0.3125,2
10121149.0,3925.531328,11920.091492,15845.622820,270,97,0.00,0.5313,0.3750,10,0,0,9,0.004500,0.3125,2,0.1875,2,0.6875,2,0.9688,2,0.5000,2,0.7500,2,0.5625,2,0.4063,2,0.5625,2,0.3750,2
10121200.0,3925.569401,11920.240242,15845.809643,271,98,0.00,0.5438,0.3875,10,0,0,9,0.004500,0.4375,2,0.1875,2,0.6875,2,0.9688,2,0.5000,2,0.7500,2,0.5625,2,0.4063,2,0.5625,2,0.3750,2
10122873.0,3926.829435,11925.176150,15852.005585,272,99,0.00,0.5344,0.3750,10,0,0,9,0.004500,0.3125,2,0.2813,2,0.6875,2,0.9688,2,0.5000,2,0.7500,2,0.5625,2,0.4063,2,0.5625,2,0.3125,2
10122912.0,3926.858644,11925.289900,15852.148544,273,100,0.00,0.5516,0.3875,10,0,0,9,0.004500,0.3125,2,0.2813,2,0.8594,2,0.9688,2,0.5000,2,0.7500,2,0.5625,2,0.4063,2,0.5625,2,0.3125,2
10122958.0,3926.893711,11925.427517,15852.321228,274,100,0.00,0.5563,0.4000,10,0,0,9,0.004500,0.3125,2,0.2813,2,0.8594,2,0.9688,2,0.5469,2,0.7500,2,0.5625,2,0.4063,2,0.5625,2,0.3125,2
10122966.0,3926.899839,11925.452050,15852.351889,275,101,0.00,0.5734,0.4125,10,0,0,9,0.004500,0.3125,2,0.2813,2,0.8594,2,0.9688,2,0.5469,2,0.9219,2,0.5625,2,0.4063,2,0.5625,2,0.3125,2
10123048.0,3926.963745,11925.709667,15852.673412,276,102,0.00,0.5906,0.4250,10,0,0,9,0.004500,0.3125,2,0.2813,2,0.8594,2,0.9688,2,0.5469,2,0.9219,2,0.7344,2,0.4063,2,0.5625,2,0.3125,2
10123058.0,3926.971672,11925.741833,15852.713506,277,103,0.00,0.6078,0.4375,10,0,0,9,0.004500,0.3125,2,0.2813,2,0.8594,2,0.9688,2,0.5469,2,0.9219,2,0.7344,2,0.5781,2,0.5625,2,0.3125,2
10123064.0,3926.976509,11925.761583,15852.738092,278,103,0.00,0.6250,0.4500,10,0,0,9,0.004500,0.3125,2,0.2813,2,0.8594,2,0.9688,2,0.5469,2,0.9219,2,0.7344,2,0.5781,2,0.7344,2,0.3125,2
10123510.0,3927.335189,11927.220817,15854.556005,279,103,0.00,0.5969,0.4375,10,0,0,9,0.004500,0.3125,2,0.2813,2,0.8594,2,0.9688,2,0.5469,2,0.9219,2,0.7344,2,0.4063,2,0.6094,2,0.3281,2
10123536.0,3927.355926,11927.306400,15854.662326,280,103,0.00,0.6016,0.4500,10,0,0,9,0.004500,0.3594,2,0.2813,2,0.8594,2,0.9688,2,0.5469,2,0.9219,2,0.7344,2,0.4063,2,0.6094,2,0.3281,2
10123839.0,3927.590839,11928.277525,15855.868364,281,104,0.00,0.5578,0.4125,10,0,0,9,0.004500,0.3125,2,0.4063,2,0.6875,2,0.9688,2,0.5469,2,0.9219,2,0.5625,2,0.4063,2,0.4375,2,0.3281,2
10125159.0,3928.569495,11932.156550,15860.726045,282,105,0.00,0.5063,0.3625,10,0,0,9,0.004500,0.3125,2,0.1875,2,0.8125,2,0.8438,2,0.5469,2,0.7500,2,0.5625,2,0.2813,2,0.4375,2,0.3281,2
10125279.0,3928.656745,11932.497550,15861.154295,283,105,0.00,0.5109,0.3750,10,0,0,9,0.004500,0.3125,2,0.1875,2,0.8125,2,0.8906,2,0.5469,2,0.7500,2,0.5625,2,0.2813,2,0.4375,2,0.3281,2
10126505.0,3929.543485,11935.952483,15865.495969,284,106,0.00,0.5109,0.3625,10,0,0,9,0.004500,0.3125,2,0.1875,2,0.6875,2,0.8438,2,0.7188,2,0.7500,2,0.5625,2,0.2813,2,0.4375,2,0.3281,2
10127058.0,3929.947579,11937.523925,15867.471504,285,106,0.00,0.5156,0.3750,10,0,0,9,0.004500,0.3125,2,0.1875,2,0.6875,2,0.8438,2,0.7188,2,0.7969,2,0.5625,2,0.2813,2,0.4375,2,0.3281,2
10127814.0,3930.492561,11939.642000,15870.134561,286,106,0.00,0.4984,0.3625,10,0,0,9,0.004500,0.3125,2,0.1875,2,0.6875,2,0.8438,2,0.5469,2,0.7500,2,0.6094,2,0.2813,2,0.4375,2,0.3281,2
10128880.0,3931.257717,11942.600492,15873.858209,287,107,0.00,0.5188,0.3625,10,0,0,9,0.004500,0.3125,2,0.1875,2,0.6875,2,0.8438,2,0.5469,2,0.7500,2,0.5625,2,0.5313,2,0.4375,2,0.3281,2
10129654.0,3931.828004,11944.799942,15876.627946,288,108,0.00,0.5375,0.3750,10,0,0,9,0.004500,0.3125,2,0.1875,2,0.6875,2,0.8438,2,0.5469,2,0.7500,2,0.5625,2,0.5313,2,0.6250,2,0.3281,2
10130831.0,3932.698272,11948.178408,15880.876681,289,108,0.00,0.5172,0.3750,10,0,0,9,0.004500,0.3125,2,0.1875,2,0.6875,2,0.8438,2,0.5469,2,0.7500,2,0.5625,2,0.2813,2,0.6250,2,0.3750,2
10131649.0,3933.297451,11950.512117,15883.809568,290,108,0.00,0.5172,0.3750,10,0,0,9,0.004500,0.3594,2,0.1875,2,0.6875,2,0.8438,2,0.5469,2,0.7500,2,0.5625,2,0.2813,2,0.6250,2,0.3281,2
10131993.0,3933.549703,11951.499175,15885.048878,291,108,0.00,0.5172,0.3750,10,0,0,9,0.004500,0.3125,2,0.2344,2,0.6875,2,0.8438,2,0.5469,2,0.7500,2,0.5625,2,0.2813,2,0.6250,2,0.3281,2
10132682.0,3934.054385,11953.464733,15887.519118,292,108,0.00,0.5172,0.3750,10,0,0,9,0.004500,0.3125,2,0.1875,2,0.7344,2,0.8438,2,0.5469,2,0.7500,2,0.5625,2,0.2813,2,0.6250,2,0.3281,2
10132818.0,3934.154425,11953.861400,15888.015825,293,108,0.00,0.5219,0.3875,10,0,0,9,0.004500,0.3125,2,0.1875,2,0.7344,2,0.8906,2,0.5469,2,0.7500,2,0.5625,2,0.2813,2,0.6250,2,0.3281,2
10133439.0,3934.609608,11955.639350,15890.248958,294,109,0.00,0.5375,0.3750,10,0,0,9,0.004500,0.3125,2,0.1875,2,0.6875,2,0.8438,2,0.7969,2,0.7500,2,0.5625,2,0.2813,2,0.6250,2,0.3281,2
10133558.0,3934.699023,11955.986433,15890.685457,295,110,0.00,0.5500,0.3875,10,0,0,9,0.004500,0.3125,2,0.1875,2,0.6875,2,0.8438,2,0.7969,2,0.8750,2,0.5625,2,0.2813,2,0.6250,2,0.3281,2
10133995.0,3935.031629,11957.293792,15892.325420,296,110,0.00,0.5547,0.4000,10,0,0,9,0.004500,0.3125,2,0.1875,2,0.6875,2,0.8438,2,0.7969,2,0.8750,2,0.6094,2,0.2813,2,0.6250,2,0.3281,2
10134129.0,3935.133562,11957.702625,15892.836187,297,110,0.00,0.5344,0.4000,10,0,0,9,0.004500,0.3125,2,0.1875,2,0.6875,2,0.8438,2,0.5469,2,0.8750,2,0.6094,2,0.3281,2,0.6250,2,0.3281,2
10134157.0,3935.154533,11957.788492,15892.943024,298,110,0.00,0.5344,0.4000,10,0,0,9,0.004500,0.3125,2,0.1875,2,0.6875,2,0.8438,2,0.5469,2,0.8750,2,0.6094,2,0.3281,2,0.6250,2,0.3281,2
10134400.0,3935.335312,11958.508642,15893.843953,299,111,0.00,0.5500,0.3875,10,0,0,9,0.004500,0.3125,2,0.1875,2,0.6875,2,0.8438,2,0.5469,2,0.8750,2,0.5625,2,0.2813,2,0.8750,2,0.3281,2
10134541.0,3935.442628,11958.930467,15894.373095,300,111,0.00,0.5547,0.4000,10,0,0,9,0.004500,0.3125,2,0.1875,2,0.6875,2,0.8438,2,0.5469,2,0.8750,2,0.5625,2,0.2813,2,0.8750,2,0.3750,2
10135536.0,3936.197677,11961.901925,15898.099602,301,112,0.00,0.5500,0.3875,10,0,0,9,0.004500,0.5000,2,0.1875,2,0.6875,2,0.8438,2,0.5469,2,0.8750,2,0.5625,2,0.2813,2,0.6875,2,0.3281,2
10136146.0,3936.661955,11963.726842,15900.388797,302,112,0.00,0.5547,0.4000,10,0,0,9,0.004500,0.5000,2,0.2344,2,0.6875,2,0.8438,2,0.5469,2,0.8750,2,0.5625,2,0.2813,2,0.6875,2,0.3281,2
10136410.0,3936.863647,11964.532242,15901.395888,303,112,0.00,0.5547,0.4000,10,0,0,9,0.004500,0.5000,2,0.1875,2,0.7344,2,0.8438,2,0.5469,2,0.8750,2,0.5625,2,0.2813,2,0.6875,2,0.3281,2
10137416.0,3937.629802,11967.551683,15905.181485,304,112,0.00,0.5563,0.4000,10,0,0,9,0.004500,0.5000,2,0.1875,2,0.6875,2,0.9063,2,0.5469,2,0.8750,2,0.5625,2,0.2813,2,0.6875,2,0.3281,2
10138838.0,3938.714922,11971.880908,15910.595830,305,113,0.00,0.5688,0.4000,10,0,0,9,0.004500,0.5000,2,0.1875,2,0.6875,2,0.9063,2,0.7969,2,0.7500,2,0.5625,2,0.2813,2,0.6875,2,0.3281,2
10139183.0,3938.982536,11972.938908,15911.921444,306,113,0.00,0.5734,0.4125,10,0,0,9,0.004500,0.5000,2,0.1875,2,0.6875,2,0.9063,2,0.7969,2,0.7969,2,0.5625,2,0.2813,2,0.6875,2,0.3281,2
10139527.0,3939.250046,11974.007642,15913.257688,307,114,0.00,0.5969,0.4125,10,0,0,9,0.004500,0.5000,2,0.1875,2,0.6875,2,0.9063,2,0.7969,2,0.7500,2,0.8438,2,0.2813,2,0.6875,2,0.3281,2
10139540.0,3939.260414,11974.048483,15913.308898,308,115,0.00,0.6250,0.4250,10,0,0,9,0.004500,0.5000,2,0.1875,2,0.6875,2,0.9063,2,0.7969,2,0.7500,2,0.8438,2,0.5625,2,0.6875,2,0.3281,2
10141076.0,3940.443291,11978.723933,15919.167225,309,115,0.00,0.5484,0.4000,10,0,0,9,0.004500,0.5000,2,0.1875,2,0.6875,2,0.9063,2,0.5469,2,0.7500,2,0.5625,2,0.2813,2,0.7344,2,0.3281,2
10142678.0,3941.645490,11983.486883,15925.132373,310,116,0.00,0.5125,0.3750,10,0,0,9,0.004500,0.5000,2,0.1875,2,0.5000,2,0.9063,2,0.5469,2,0.7500,2,0.5625,2,0.2813,2,0.4375,2,0.4531,2
10143373.0,3942.151508,11985.493267,15927.644775,311,116,0.00,0.5094,0.3750,10,0,0,9,0.004500,0.5938,2,0.1875,2,0.5000,2,0.9063,2,0.5469,2,0.7500,2,0.5625,2,0.2813,2,0.4375,2,0.3281,2
10145120.0,3943.425969,11990.588683,15934.014652,312,116,0.00,0.5141,0.3875,10,0,0,9,0.004500,0.5938,2,0.2344,2,0.5000,2,0.9063,2,0.5469,2,0.7500,2,0.5625,2,0.2813,2,0.4375,2,0.3281,2
10145223.0,3943.501484,11990.896825,15934.398309,313,116,0.00,0.5188,0.4000,10,0,0,9,0.004500,0.5938,2,0.2344,2,0.5469,2,0.9063,2,0.5469,2,0.7500,2,0.5625,2,0.2813,2,0.4375,2,0.3281,2
10145321.0,3943.573691,11991.197358,15934.771049,314,116,0.00,0.5375,0.4125,10,0,0,9,0.004500,0.5938,2,0.2344,2,0.5469,2,0.9063,2,0.7344,2,0.7500,2,0.5625,2,0.2813,2,0.4375,2,0.3281,2
10145662.0,3943.821425,11992.192392,15936.013816,315,116,0.00,0.5094,0.3750,10,0,0,9,0.004500,0.5938,2,0.1875,2,0.5000,2,0.9063,2,0.5469,2,0.8750,2,0.5625,2,0.2813,2,0.3125,2,0.3281,2
10145872.0,3943.974623,11992.804892,15936.779514,316,116,0.00,0.5141,0.3875,10,0,0,9,0.004500,0.5938,2,0.1875,2,0.5000,2,0.9063,2,0.5469,2,0.8750,2,0.6094,2,0.2813,2,0.3125,2,0.3281,2
10146322.0,3944.303910,11994.138092,15938.442002,317,116,0.00,0.5141,0.3875,10,0,0,9,0.004500,0.5938,2,0.1875,2,0.5000,2,0.9063,2,0.5469,2,0.8750,2,0.5625,2,0.3281,2,0.3125,2,0.3281,2
10150141.0,3947.090843,12005.297017,15952.387859,318,116,0.00,0.5078,0.3750,10,0,0,9,0.004500,0.5938,2,0.1875,2,0.5000,2,0.8438,2,0.5469,2,0.8750,2,0.5625,2,0.2813,2,0.3594,2,0.3281,2
10150356.0,3947.247427,12005.924100,15953.171527,319,117,0.00,0.5172,0.3875,10,0,0,9,0.004500,0.5938,2,0.1875,2,0.5000,2,0.8438,2,0.5469,2,0.8750,2,0.5625,2,0.2813,2,0.3594,2,0.4219,2
10152278.0,3948.630964,12011.416833,15960.047797,320,118,0.00,0.5063,0.3750,10,0,0,9,0.004500,0.5313,2,0.1875,2,0.5000,2,0.8438,2,0.5469,2,0.8750,2,0.5625,2,0.2813,2,0.3125,2,0.4219,2
10153572.0,3949.571809,12015.191000,15964.762809,321,118,0.00,0.5125,0.3875,10,0,0,9,0.004500,0.5313,2,0.2500,2,0.5000,2,0.8438,2,0.5469,2,0.8750,2,0.5625,2,0.2813,2,0.3125,2,0.4219,2
10153654.0,3949.631829,12015.436317,15965.068145,322,119,0.00,0.5313,0.4000,10,0,0,9,0.004500,0.5313,2,0.2500,2,0.6875,2,0.8438,2,0.5469,2,0.8750,2,0.5625,2,0.2813,2,0.3125,2,0.4219,2
10157405.0,3952.351671,12026.347108,15978.698780,323,119,0.00,0.4953,0.3750,10,0,0,9,0.004500,0.4063,2,0.2500,2,0.5000,2,0.8906,2,0.5469,2,0.8750,2,0.5625,2,0.2813,2,0.3125,2,0.3281,2
10160855.0,3954.819469,12036.177333,15990.996802,324,119,0.00,0.4953,0.3750,10,0,0,9,0.004500,0.4063,2,0.2500,2,0.5000,2,0.8438,2,0.5938,2,0.8750,2,0.5625,2,0.2813,2,0.3125,2,0.3281,2
10164141.0,3957.142699,12045.324175,16002.466874,325,119,0.00,0.4906,0.3625,10,0,0,9,0.004500,0.4063,2,0.2500,2,0.5000,2,0.8438,2,0.5469,2,0.8750,2,0.5625,2,0.2813,2,0.3125,2,0.3281,2
10164277.0,3957.239930,12045.710642,16002.950571,326,120,0.00,0.4969,0.3750,10,0,0,9,0.004500,0.4063,2,0.2500,2,0.5000,2,0.8438,2,0.5469,2,0.8750,2,0.6250,2,0.2813,2,0.3125,2,0.3281,2
10164565.0,3957.447230,12046.550642,16003.997871,327,120,0.00,0.5094,0.3875,10,0,0,9,0.004500,0.4063,2,0.2500,2,0.5000,2,0.8438,2,0.5469,2,0.8750,2,0.6250,2,0.4063,2,0.3125,2,0.3281,2
10164623.0,3957.489541,12046.724158,16004.213700,328,120,0.00,0.5141,0.4000,10,0,0,9,0.004500,0.4063,2,0.2500,2,0.5000,2,0.8438,2,0.5469,2,0.8750,2,0.6250,2,0.4063,2,0.3594,2,0.3281,2
10164722.0,3957.562124,12047.027758,16004.589883,329,120,0.00,0.5203,0.4125,10,0,0,9,0.004500,0.4063,2,0.2500,2,0.5000,2,0.8438,2,0.5469,2,0.8750,2,0.6250,2,0.4063,2,0.3594,2,0.3906,2
10164859.0,3957.663233,12047.458167,16005.121400,330,120,0.00,0.5328,0.4125,10,0,0,9,0.004500,0.5313,2,0.2500,2,0.5000,2,0.8438,2,0.5469,2,0.8750,2,0.6250,2,0.4063,2,0.3594,2,0.3906,2
10165064.0,3957.815857,12048.088558,16005.904415,331,120,0.00,0.5328,0.4125,10,0,0,9,0.004500,0.5313,2,0.2969,2,0.5000,2,0.8438,2,0.5469,2,0.8750,2,0.6250,2,0.4063,2,0.3125,2,0.3906,2
10165173.0,3957.897361,12048.431000,16006.328361,332,121,0.00,0.5422,0.4250,10,0,0,9,0.004500,0.5313,2,0.2969,2,0.5938,2,0.8438,2,0.5469,2,0.8750,2,0.6250,2,0.4063,2,0.3125,2,0.3906,2
10166412.0,3958.817329,12052.185450,16011.002779,333,121,0.00,0.5266,0.4000,10,0,0,9,0.004500,0.4375,2,0.2500,2,0.5938,2,0.8906,2,0.5469,2,0.8750,2,0.5625,2,0.4063,2,0.3125,2,0.3906,2
10166484.0,3958.870816,12052.406250,16011.277066,334,121,0.00,0.5313,0.4125,10,0,0,9,0.004500,0.4375,2,0.2500,2,0.5938,2,0.8906,2,0.5938,2,0.8750,2,0.5625,2,0.4063,2,0.3125,2,0.3906,2
10167716.0,3959.782795,12056.117483,16015.900278,335,121,0.00,0.5266,0.4000,10,0,0,9,0.004500,0.4375,2,0.2500,2,0.5938,2,0.8438,2,0.5469,2,0.9219,2,0.5625,2,0.4063,2,0.3125,2,0.3906,2
10168027.0,3960.010249,12057.036042,16017.046291,336,121,0.00,0.5156,0.3875,10,0,0,9,0.004500,0.4375,2,0.2500,2,0.5938,2,0.8438,2,0.5469,2,0.7500,2,0.6250,2,0.4063,2,0.3125,2,0.3906,2
10168347.0,3960.245249,12057.993375,16018.238624,337,121,0.00,0.5203,0.4000,10,0,0,9,0.004500,0.4375,2,0.2500,2,0.5938,2,0.8438,2,0.5469,2,0.7500,2,0.6250,2,0.4531,2,0.3125,2,0.3906,2
10168366.0,3960.259272,12058.051642,16018.310914,338,122,0.00,0.5453,0.4125,10,0,0,9,0.004500,0.4375,2,0.2500,2,0.5938,2,0.8438,2,0.5469,2,0.7500,2,0.6250,2,0.4531,2,0.5625,2,0.3906,2
10168713.0,3960.521507,12059.129350,16019.650857,339,123,0.00,0.5500,0.4125,10,0,0,9,0.004500,0.4375,2,0.2500,2,0.5938,2,0.8438,2,0.5469,2,0.7500,2,0.6250,2,0.4063,2,0.5625,2,0.4844,2
10169200.0,3960.892168,12060.659342,16021.551510,340,124,0.00,0.5625,0.4250,10,0,0,9,0.004500,0.5625,2,0.2500,2,0.5938,2,0.8438,2,0.5469,2,0.7500,2,0.6250,2,0.4063,2,0.5625,2,0.4844,2
10169375.0,3961.027064,12061.222258,16022.249322,341,124,0.00,0.5672,0.4375,10,0,0,9,0.004500,0.5625,2,0.2969,2,0.5938,2,0.8438,2,0.5469,2,0.7500,2,0.6250,2,0.4063,2,0.5625,2,0.4844,2
10172374.0,3963.295800,12070.478367,16033.774167,342,125,0.00,0.5203,0.3750,10,0,0,9,0.004500,0.4375,2,0.2500,2,0.7656,2,0.8438,2,0.5469,2,0.7500,2,0.5625,2,0.4063,2,0.3125,2,0.3281,2
10173573.0,3964.180687,12073.975450,16038.156137,343,126,0.00,0.5438,0.3750,10,0,0,9,0.004500,0.4375,2,0.2500,2,0.7656,2,0.8438,2,0.7813,2,0.7500,2,0.5625,2,0.4063,2,0.3125,2,0.3281,2
10173649.0,3964.238162,12074.197117,16038.435279,344,126,0.00,0.5484,0.3875,10,0,0,9,0.004500,0.4375,2,0.2500,2,0.7656,2,0.8438,2,0.7813,2,0.7969,2,0.5625,2,0.4063,2,0.3125,2,0.3281,2
10174699.0,3965.011950,12077.221592,16042.233542,345,126,0.00,0.5266,0.3750,10,0,0,9,0.004500,0.4375,2,0.1875,2,0.7656,2,0.8438,2,0.5469,2,0.7500,2,0.6875,2,0.4063,2,0.3125,2,0.3281,2
10174703.0,3965.014922,12077.233258,16042.248180,346,127,0.00,0.5500,0.3875,10,0,0,9,0.004500,0.4375,2,0.1875,2,0.7656,2,0.8438,2,0.5469,2,0.7500,2,0.6875,2,0.6406,2,0.3125,2,0.3281,2
10174773.0,3965.068200,12077.442675,16042.510875,347,128,0.00,0.5594,0.4000,10,0,0,9,0.004500,0.4375,2,0.1875,2,0.7656,2,0.8438,2,0.5469,2,0.7500,2,0.6875,2,0.6406,2,0.4063,2,0.3281,2
10174834.0,3965.114547,12077.625692,16042.740239,348,129,0.00,0.5563,0.4000,10,0,0,9,0.004500,0.4375,2,0.1875,2,0.7656,2,0.8438,2,0.5469,2,0.7500,2,0.5625,2,0.6406,2,0.4063,2,0.4219,2
10174996.0,3965.238635,12078.122492,16043.361126,349,130,0.00,0.5625,0.4125,10,0,0,9,0.004500,0.5000,2,0.1875,2,0.7656,2,0.8438,2,0.5469,2,0.7500,2,0.5625,2,0.6406,2,0.4063,2,0.4219,2
10175575.0,3965.682133,12079.929817,16045.611949,350,130,0.00,0.5281,0.4000,10,0,0,9,0.004500,0.5000,2,0.2500,2,0.5938,2,0.8438,2,0.5469,2,0.7500,2,0.5625,2,0.4063,2,0.4063,2,0.4219,2
10175763.0,3965.821323,12080.499150,16046.320473,351,130,0.00,0.5234,0.4000,10,0,0,9,0.004500,0.5000,2,0.2500,2,0.6406,2,0.8438,2,0.5469,2,0.7500,2,0.5625,2,0.4063,2,0.3125,2,0.4219,2
10175948.0,3965.958306,12081.066483,16047.024790,352,131,0.00,0.5422,0.4000,10,0,0,9,0.004500,0.5000,2,0.2500,2,0.6406,2,0.8438,2,0.7344,2,0.7500,2,0.5625,2,0.4063,2,0.3125,2,0.4219,2
10176577.0,3966.426486,12082.995417,16049.421902,353,132,0.00,0.5484,0.4125,10,0,0,9,0.004500,0.5000,2,0.2500,2,0.6406,2,0.8438,2,0.5469,2,1.0000,2,0.5625,2,0.4063,2,0.3125,2,0.4219,2
10176964.0,3966.719169,12084.182517,16050.901686,354,133,0.00,0.5500,0.4125,10,0,0,9,0.004500,0.5000,2,0.2500,2,0.5938,2,0.8438,2,0.5469,2,1.0000,2,0.6250,2,0.4063,2,0.3125,2,0.4219,2
10177954.0,3967.472669,12087.292767,16054.765436,355,134,0.00,0.5594,0.4250,10,0,0,9,0.004500,0.5000,2,0.2500,2,0.5938,2,0.8438,2,0.5469,2,1.0000,2,0.6250,2,0.5000,2,0.3125,2,0.4219,2
10178628.0,3967.986545,12089.403725,16057.390270,356,135,0.00,0.5609,0.4125,10,0,0,9,0.004500,0.5000,2,0.1875,2,0.5938,2,0.8438,2,0.5469,2,1.0000,2,0.6250,2,0.4063,2,0.4844,2,0.4219,2
10178651.0,3968.004246,12089.475983,16057.480230,357,135,0.00,0.5656,0.4250,10,0,0,9,0.004500,0.5000,2,0.1875,2,0.5938,2,0.8438,2,0.5469,2,1.0000,2,0.6250,2,0.4063,2,0.4844,2,0.4688,2
10178696.0,3968.039043,12089.620733,16057.659777,358,135,0.00,0.5781,0.4375,10,0,0,9,0.004500,0.6250,2,0.1875,2,0.5938,2,0.8438,2,0.5469,2,1.0000,2,0.6250,2,0.4063,2,0.4844,2,0.4688,2
10178857.0,3968.164539,12090.139067,16058.303606,359,135,0.00,0.5734,0.4250,10,0,0,9,0.004500,0.6250,2,0.1875,2,0.5938,2,0.8438,2,0.5469,2,1.0000,2,0.6250,2,0.4063,2,0.4844,2,0.4219,2
10179719.0,3968.832227,12092.880183,16061.712411,360,135,0.00,0.5656,0.4250,10,0,0,9,0.004500,0.5000,2,0.2344,2,0.5938,2,0.8438,2,0.5469,2,1.0000,2,0.6250,2,0.4063,2,0.4844,2,0.4219,2
10180259.0,3969.246200,12094.555608,16063.801808,361,135,0.00,0.5609,0.4125,10,0,0,9,0.004500,0.4375,2,0.1875,2,0.6563,2,0.8438,2,0.5469,2,1.0000,2,0.6250,2,0.4063,2,0.4844,2,0.4219,2
10180270.0,3969.254666,12094.590167,16063.844832,362,136,0.00,0.5781,0.4250,10,0,0,9,0.004500,0.4375,2,0.1875,2,0.6563,2,0.8438,2,0.7188,2,1.0000,2,0.6250,2,0.4063,2,0.4844,2,0.4219,2
10180454.0,3969.398000,12095.177908,16064.575908,363,137,0.00,0.5672,0.4250,10,0,0,9,0.004500,0.4375,2,0.1875,2,0.6563,2,0.8438,2,0.5469,2,1.0000,2,0.6875,2,0.4063,2,0.4844,2,0.4219,2
10180841.0,3969.696090,12096.397558,16066.093648,364,137,0.00,0.5656,0.4250,10,0,0,9,0.004500,0.4375,2,0.1875,2,0.5938,2,0.8438,2,0.5469,2,1.0000,2,0.6875,2,0.4531,2,0.4844,2,0.4219,2
10181257.0,3970.016784,12097.715442,16067.732225,365,138,0.00,0.5703,0.4250,10,0,0,9,0.004500,0.4375,2,0.1875,2,0.5938,2,0.8438,2,0.5469,2,1.0000,2,0.6875,2,0.4063,2,0.5781,2,0.4219,2
10181304.0,3970.053298,12097.866625,16067.919923,366,139,0.00,0.5875,0.4375,10,0,0,9,0.004500,0.4375,2,0.1875,2,0.5938,2,0.8438,2,0.5469,2,1.0000,2,0.6875,2,0.4063,2,0.5781,2,0.5938,2
10181710.0,3970.374151,12099.203042,16069.577193,367,139,0.00,0.5922,0.4500,10,0,0,9,0.004500,0.4844,2,0.1875,2,0.5938,2,0.8438,2,0.5469,2,1.0000,2,0.6875,2,0.4063,2,0.5781,2,0.5938,2
10182641.0,3971.110946,12102.289108,16073.400054,368,139,0.00,0.6000,0.4500,10,0,0,9,0.004500,0.4375,2,0.3125,2,0.5938,2,0.8438,2,0.5469,2,1.0000,2,0.6875,2,0.4063,2,0.5781,2,0.5938,2
10183836.0,3972.042510,12106.157100,16078.199610,369,139,0.00,0.5375,0.4125,10,0,0,9,0.004500,0.4375,2,0.1875,2,0.6406,2,0.8438,2,0.5469,2,0.7500,2,0.6875,2,0.2813,2,0.4063,2,0.5938,2
10184106.0,3972.245148,12107.000475,16079.245623,370,140,0.00,0.5563,0.4000,10,0,0,9,0.004500,0.4375,2,0.1875,2,0.5938,2,0.8438,2,0.7813,2,0.7500,2,0.6875,2,0.2813,2,0.4063,2,0.5938,2
10184155.0,3972.282681,12107.150742,16079.433423,371,141,0.00,0.5797,0.4000,10,0,0,9,0.004500,0.4375,2,0.1875,2,0.5938,2,0.8438,2,0.7813,2,0.9844,2,0.6875,2,0.2813,2,0.4063,2,0.5938,2
10185253.0,3973.110849,12110.517942,16083.628790,372,141,0.00,0.5375,0.4125,10,0,0,9,0.004500,0.4375,2,0.1875,2,0.5938,2,0.8438,2,0.5469,2,0.7500,2,0.7344,2,0.2813,2,0.4063,2,0.5938,2
10185984.0,3973.658164,12112.774375,16086.432539,373,141,0.00,0.5375,0.4125,10,0,0,9,0.004500,0.4375,2,0.1875,2,0.5938,2,0.8438,2,0.5469,2,0.7500,2,0.6875,2,0.3281,2,0.4063,2,0.5938,2
10186713.0,3974.204154,12115.028200,16089.232354,374,141,0.00,0.5453,0.4125,10,0,0,9,0.004500,0.4375,2,0.1875,2,0.5938,2,0.8438,2,0.5469,2,0.7500,2,0.6875,2,0.2813,2,0.5313,2,0.5938,2
10187075.0,3974.476500,12116.151158,16090.627658,375,142,0.00,0.5453,0.4125,10,0,0,9,0.004500,0.4375,2,0.1875,2,0.5938,2,0.8438,2,0.5469,2,0.7500,2,0.6875,2,0.2813,2,0.4063,2,0.7188,2
10188200.0,3975.328648,12119.685533,16095.014181,376,142,0.00,0.5500,0.4250,10,0,0,9,0.004500,0.4844,2,0.1875,2,0.5938,2,0.8438,2,0.5469,2,0.7500,2,0.6875,2,0.2813,2,0.4063,2,0.7188,2
10188246.0,3975.363659,12119.833500,16095.197159,377,143,0.00,0.5781,0.4375,10,0,0,9,0.004500,0.4844,2,0.4688,2,0.5938,2,0.8438,2,0.5469,2,0.7500,2,0.6875,2,0.2813,2,0.4063,2,0.7188,2
10188685.0,3975.706274,12121.255592,16096.961866,378,144,0.00,0.5984,0.4250,10,0,0,9,0.004500,0.4375,2,0.4688,2,0.8438,2,0.8438,2,0.5469,2,0.7500,2,0.6875,2,0.2813,2,0.4063,2,0.7188,2
10189447.0,3976.311837,12123.706692,16100.018529,379,145,0.00,0.5906,0.4375,10,0,0,9,0.004500,0.4375,2,0.4688,2,0.5938,2,0.8438,2,0.7188,2,0.7500,2,0.6875,2,0.2813,2,0.4063,2,0.7188,2
10189534.0,3976.380803,12123.993067,16100.373870,380,146,0.00,0.6000,0.4500,10,0,0,9,0.004500,0.4375,2,0.4688,2,0.5938,2,0.8438,2,0.7188,2,0.8438,2,0.6875,2,0.2813,2,0.4063,2,0.7188,2
10191093.0,3977.555897,12128.924225,16106.480122,381,147,0.00,0.5219,0.4000,10,0,0,9,0.004500,0.3125,2,0.1875,2,0.5938,2,0.8438,2,0.5469,2,0.7500,2,0.8750,2,0.2813,2,0.4063,2,0.4219,2
10191770.0,3978.056360,12131.000358,16109.056718,382,147,0.00,0.5344,0.4125,10,0,0,9,0.004500,0.3125,2,0.1875,2,0.5938,2,0.8438,2,0.5469,2,0.7500,2,0.8750,2,0.4063,2,0.4063,2,0.4219,2
10192232.0,3978.398830,12132.424433,16110.823263,383,147,0.00,0.5344,0.4125,10,0,0,9,0.004500,0.3125,2,0.1875,2,0.5938,2,0.8438,2,0.5469,2,0.7500,2,0.8750,2,0.2813,2,0.5313,2,0.4219,2
10192336.0,3978.476722,12132.751167,16111.227888,384,147,0.00,0.5469,0.4250,10,0,0,9,0.004500,0.3125,2,0.1875,2,0.5938,2,0.8438,2,0.5469,2,0.7500,2,0.8750,2,0.2813,2,0.5313,2,0.5469,2
10192477.0,3978.583695,12133.204717,16111.788412,385,147,0.00,0.5516,0.4375,10,0,0,9,0.004500,0.3594,2,0.1875,2,0.5938,2,0.8438,2,0.5469,2,0.7500,2,0.8750,2,0.2813,2,0.5313,2,0.5469,2
10192642.0,3978.709479,12133.747842,16112.457321,386,148,0.00,0.5703,0.4375,10,0,0,9,0.004500,0.3594,2,0.3750,2,0.5938,2,0.8438,2,0.5469,2,0.7500,2,0.8750,2,0.2813,2,0.5313,2,0.5469,2
10192889.0,3978.899056,12134.533658,16113.432714,387,149,0.00,0.5578,0.4125,10,0,0,9,0.004500,0.3125,2,0.3750,2,0.7656,2,0.8438,2,0.5469,2,0.7500,2,0.8750,2,0.2813,2,0.4063,2,0.4219,2
10192901.0,3978.908262,12134.571358,16113.479621,388,150,0.00,0.5750,0.4250,10,0,0,9,0.004500,0.3125,2,0.3750,2,0.7656,2,0.8438,2,0.7188,2,0.7500,2,0.8750,2,0.2813,2,0.4063,2,0.4219,2
10192962.0,3978.955876,12134.767575,16113.723451,389,150,0.00,0.5875,0.4375,10,0,0,9,0.004500,0.3125,2,0.3750,2,0.7656,2,0.8438,2,0.7188,2,0.8750,2,0.8750,2,0.2813,2,0.4063,2,0.4219,2
10193027.0,3979.007244,12134.981533,16113.988778,390,150,0.00,0.5938,0.4500,10,0,0,9,0.004500,0.3125,2,0.3750,2,0.7656,2,0.8438,2,0.7188,2,0.8750,2,0.9375,2,0.2813,2,0.4063,2,0.4219,2
10193066.0,3979.038094,12135.112833,16114.150928,391,151,0.00,0.5938,0.4500,10,0,0,9,0.004500,0.3125,2,0.1875,2,0.7656,2,0.8438,2,0.7188,2,0.8750,2,0.9375,2,0.4688,2,0.4063,2,0.4219,2
10193568.0,3979.433764,12136.766750,16116.200514,392,152,0.00,0.6031,0.4375,10,0,0,9,0.004500,0.3125,2,0.1875,2,0.7656,2,0.7813,2,0.7188,2,0.7500,2,0.9375,2,0.4688,2,0.6875,2,0.4219,2
10194497.0,3980.161962,12139.776783,16119.938746,393,153,0.00,0.5625,0.4375,10,0,0,9,0.004500,0.3125,2,0.1875,2,0.7656,2,0.7813,2,0.7188,2,0.7500,2,0.9375,2,0.2813,2,0.4063,2,0.4844,2
10195056.0,3980.592858,12141.616825,16122.209683,394,154,0.00,0.5813,0.4500,10,0,0,9,0.004500,0.5000,2,0.1875,2,0.7656,2,0.7813,2,0.7188,2,0.7500,2,0.9375,2,0.2813,2,0.4063,2,0.4844,2
10195438.0,3980.891965,12142.897717,16123.789682,395,155,0.00,0.5906,0.4625,10,0,0,9,0.004500,0.5000,2,0.4531,2,0.5938,2,0.7813,2,0.7188,2,0.7500,2,0.9375,2,0.2813,2,0.4063,2,0.4844,2
10195440.0,3980.893550,12142.904600,16123.798150,396,156,0.00,0.6094,0.4625,10,0,0,9,0.004500,0.5000,2,0.4531,2,0.7813,2,0.7813,2,0.7188,2,0.7500,2,0.9375,2,0.2813,2,0.4063,2,0.4844,2
10195608.0,3981.029044,12143.480775,16124.509819,397,157,0.00,0.6219,0.4500,10,0,0,9,0.004500,0.5000,2,0.4531,2,0.7813,2,0.9688,2,0.7188,2,0.7500,2,0.8750,2,0.2813,2,0.4063,2,0.4844,2
10195689.0,3981.095222,12143.753475,16124.848697,398,158,0.00,0.6406,0.4500,10,0,0,9,0.004500,0.5000,2,0.4531,2,0.7813,2,0.9688,2,0.9063,2,0.7500,2,0.8750,2,0.2813,2,0.4063,2,0.4844,2
10196373.0,3981.649743,12146.047500,16127.697243,399,159,0.00,0.6031,0.4500,10,0,0,9,0.004500,0.3125,2,0.4531,2,0.7813,2,0.7813,2,0.7188,2,0.9375,2,0.8750,2,0.2813,2,0.4063,2,0.4844,2
10196386.0,3981.660175,12146.091267,16127.751441,400,160,0.00,0.6203,0.4625,10,0,0,9,0.004500,0.3125,2,0.4531,2,0.7813,2,0.7813,2,0.7188,2,0.9375,2,0.8750,2,0.4531,2,0.4063,2,0.4844,2
10196392.0,3981.665069,12146.111917,16127.776986,401,161,0.00,0.6375,0.4750,10,0,0,9,0.004500,0.3125,2,0.4531,2,0.7813,2,0.7813,2,0.7188,2,0.9375,2,0.8750,2,0.4531,2,0.5781,2,0.4844,2
10196397.0,3981.669215,12146.129500,16127.798715,402,162,0.00,0.6547,0.4875,10,0,0,9,0.004500,0.3125,2,0.4531,2,0.7813,2,0.7813,2,0.7188,2,0.9375,2,0.8750,2,0.4531,2,0.5781,2,0.6563,2
10196546.0,3981.794753,12146.664658,16128.459411,403,163,0.00,0.6719,0.5000,10,0,0,9,0.004500,0.4844,2,0.4531,2,0.7813,2,0.7813,2,0.7188,2,0.9375,2,0.8750,2,0.4531,2,0.5781,2,0.6563,2
10196555.0,3981.802456,12146.697658,16128.500114,404,164,0.00,0.6906,0.5125,10,0,0,9,0.004500,0.4844,2,0.6406,2,0.7813,2,0.7813,2,0.7188,2,0.9375,2,0.8750,2,0.4531,2,0.5781,2,0.6563,2
10196738.0,3981.961755,12147.382383,16129.344138,405,165,0.00,0.7094,0.5250,10,0,0,9,0.004500,0.4844,2,0.6406,2,0.9688,2,0.7813,2,0.7188,2,0.9375,2,0.8750,2,0.4531,2,0.5781,2,0.6563,2
10196789.0,3982.006894,12147.577033,16129.583927,406,165,0.00,0.7141,0.5375,10,0,0,9,0.004500,0.4844,2,0.6406,2,0.9688,2,0.8281,2,0.7188,2,0.9375,2,0.8750,2,0.4531,2,0.5781,2,0.6563,2
10196808.0,3982.023779,12147.650975,16129.674754,407,166,0.00,0.7281,0.5500,10,0,0,9,0.004500,0.4844,2,0.6406,2,0.9688,2,0.8281,2,0.8594,2,0.9375,2,0.8750,2,0.4531,2,0.5781,2,0.6563,2
10197068.0,3982.257474,12148.677883,16130.935357,408,167,0.00,0.7359,0.5375,10,0,0,9,0.004500,0.4844,2,0.6406,2,0.9688,2,0.7813,2,0.8125,2,0.9375,2,0.8750,2,0.6250,2,0.5781,2,0.6563,2
10197275.0,3982.441355,12149.459233,16131.900589,409,168,0.00,0.7094,0.5000,10,0,0,9,0.004500,0.4844,2,0.3750,2,0.7813,2,0.7813,2,0.8125,2,0.9375,2,0.8750,2,0.6250,2,0.7656,2,0.6563,2
10197421.0,3982.570575,12149.994567,16132.565142,410,169,0.00,0.7281,0.5000,10,0,0,9,0.004500,0.4844,2,0.3750,2,0.7813,2,0.7813,2,0.8125,2,0.9375,2,0.8750,2,0.6250,2,0.7656,2,0.8438,2
10197607.0,3982.737911,12150.676567,16133.414477,411,169,0.00,0.7328,0.5125,10,0,0,9,0.004500,0.5313,2,0.3750,2,0.7813,2,0.7813,2,0.8125,2,0.9375,2,0.8750,2,0.6250,2,0.7656,2,0.8438,2
10198109.0,3983.185870,12152.499233,16135.685103,412,169,0.00,0.7063,0.4875,10,0,0,9,0.004500,0.5313,2,0.3125,2,0.7813,2,0.7813,2,0.6094,2,0.9375,2,0.8750,2,0.6250,2,0.7656,2,0.8438,2
10198200.0,3983.266190,12152.826075,16136.092265,413,169,0.00,0.7125,0.5000,10,0,0,9,0.004500,0.5313,2,0.3125,2,0.8438,2,0.7813,2,0.6094,2,0.9375,2,0.8750,2,0.6250,2,0.7656,2,0.8438,2
10198508.0,3983.539540,12153.955408,16137.494948,414,170,0.00,0.7297,0.5125,10,0,0,9,0.004500,0.5313,2,0.3125,2,0.8438,2,0.9531,2,0.6094,2,0.9375,2,0.8750,2,0.6250,2,0.7656,2,0.8438,2
10198596.0,3983.617995,12154.278300,16137.896295,415,170,0.00,0.7047,0.4750,10,0,0,9,0.004500,0.4844,2,0.3125,2,0.8438,2,0.9531,2,0.6563,2,0.9375,2,0.8750,2,0.6250,2,0.5938,2,0.7656,2
10198648.0,3983.663761,12154.460642,16138.124403,416,170,0.00,0.6984,0.4750,10,0,0,9,0.004500,0.4844,2,0.1875,2,0.8438,2,0.9531,2,0.6563,2,1.0000,2,0.8750,2,0.6250,2,0.5938,2,0.7656,2
10198800.0,3983.795810,12154.994725,16138.790535,417,171,0.00,0.6922,0.4750,10,0,0,9,0.004500,0.4844,2,0.1875,2,0.8438,2,0.9531,2,0.6094,2,1.0000,2,0.8750,2,0.7969,2,0.4063,2,0.7656,2
10198987.0,3983.958803,12155.652117,16139.610920,418,171,0.00,0.6922,0.4750,10,0,0,9,0.004500,0.4844,2,0.1875,2,0.8438,2,0.9531,2,0.6094,2,0.9375,2,0.8750,2,0.7969,2,0.4688,2,0.7656,2
10199241.0,3984.180216,12156.545350,16140.725566,419,171,0.00,0.6969,0.4875,10,0,0,9,0.004500,0.4844,2,0.1875,2,0.8438,2,0.9531,2,0.6094,2,0.9375,2,0.8750,2,0.7969,2,0.4688,2,0.8125,2
10199343.0,3984.269501,12156.911700,16141.181201,420,171,0.00,0.7031,0.5000,10,0,0,9,0.004500,0.5469,2,0.1875,2,0.8438,2,0.9531,2,0.6094,2,0.9375,2,0.8750,2,0.7969,2,0.4688,2,0.8125,2
10199889.0,3984.745908,12158.840275,16143.586183,421,171,0.00,0.6969,0.4875,10,0,0,9,0.004500,0.4844,2,0.2344,2,0.8438,2,0.9531,2,0.6094,2,0.9375,2,0.8750,2,0.7969,2,0.4688,2,0.7656,2
10199909.0,3984.763404,12158.911883,16143.675288,422,171,0.00,0.6984,0.4875,10,0,0,9,0.004500,0.4844,2,0.1875,2,0.9063,2,0.9531,2,0.6094,2,0.9375,2,0.8750,2,0.7969,2,0.4688,2,0.7656,2
10200098.0,3984.929074,12159.590708,16144.519783,423,171,0.00,0.7078,0.5000,10,0,0,9,0.004500,0.4844,2,0.1875,2,0.9063,2,0.9531,2,0.7031,2,0.9375,2,0.8750,2,0.7969,2,0.4688,2,0.7656,2
10200592.0,3985.361253,12161.346242,16146.707495,424,172,0.00,0.7203,0.4875,10,0,0,9,0.004500,0.4844,2,0.1875,2,0.8438,2,0.9531,2,0.6094,2,0.9375,2,0.8750,2,0.7969,2,0.7500,2,0.7656,2
10200734.0,3985.488092,12161.855508,16147.343601,425,173,0.00,0.7328,0.4750,10,0,0,9,0.004500,0.4844,2,0.1875,2,0.7813,2,0.9531,2,0.6094,2,0.9375,2,0.8750,2,0.7969,2,0.7500,2,0.9531,2
10200798.0,3985.545903,12162.080575,16147.626478,426,173,0.00,0.7391,0.4875,10,0,0,9,0.004500,0.5469,2,0.1875,2,0.7813,2,0.9531,2,0.6094,2,0.9375,2,0.8750,2,0.7969,2,0.7500,2,0.9531,2
10200882.0,3985.622189,12162.382275,16148.004464,427,173,0.00,0.7516,0.5000,10,0,0,9,0.004500,0.5469,2,0.3125,2,0.7813,2,0.9531,2,0.6094,2,0.9375,2,0.8750,2,0.7969,2,0.7500,2,0.9531,2
10201063.0,3985.788325,12163.045942,16148.834267,428,173,0.00,0.7563,0.5125,10,0,0,9,0.004500,0.5469,2,0.3125,2,0.8281,2,0.9531,2,0.6094,2,0.9375,2,0.8750,2,0.7969,2,0.7500,2,0.9531,2
10201360.0,3986.052573,12164.102617,16150.155189,429,173,0.00,0.7047,0.4750,10,0,0,9,0.004500,0.4844,2,0.3125,2,0.7813,2,1.0000,2,0.6094,2,0.9375,2,0.8750,2,0.6250,2,0.4688,2,0.9531,2
10201724.0,3986.369588,12165.339783,16151.709371,430,173,0.00,0.7000,0.4625,10,0,0,9,0.004500,0.4844,2,0.1875,2,0.7813,2,0.9531,2,0.7344,2,0.9375,2,0.8750,2,0.6250,2,0.4688,2,0.9531,2
10201799.0,3986.435421,12165.597908,16152.033329,431,173,0.00,0.7047,0.4750,10,0,0,9,0.004500,0.4844,2,0.1875,2,0.7813,2,0.9531,2,0.7344,2,0.9844,2,0.8750,2,0.6250,2,0.4688,2,0.9531,2
10202555.0,3987.091796,12168.159458,16155.251255,432,174,0.00,0.6797,0.4500,10,0,0,9,0.004500,0.4844,2,0.1875,2,0.7813,2,0.9531,2,0.6094,2,0.9375,2,0.9688,2,0.4531,2,0.4688,2,0.9531,2
10203067.0,3987.531034,12169.850867,16157.381901,433,175,0.00,0.7016,0.4500,10,0,0,9,0.004500,0.4844,2,0.1875,2,0.7813,2,0.9531,2,0.6094,2,0.9375,2,0.9688,2,0.7344,2,0.4063,2,0.9531,2
10203558.0,3987.953564,12171.472850,16159.426414,434,175,0.00,0.6859,0.4500,10,0,0,9,0.004500,0.4844,2,0.1875,2,0.7813,2,0.9531,2,0.6094,2,0.9375,2,0.9688,2,0.4531,2,0.5313,2,0.9531,2
10203567.0,3987.961365,12171.503150,16159.464515,435,175,0.00,0.6984,0.4625,10,0,0,9,0.004500,0.6094,2,0.1875,2,0.7813,2,0.9531,2,0.6094,2,0.9375,2,0.9688,2,0.4531,2,0.5313,2,0.9531,2
10203650.0,3988.034120,12171.788808,16159.822928,436,175,0.00,0.7031,0.4750,10,0,0,9,0.004500,0.6094,2,0.2344,2,0.7813,2,0.9531,2,0.6094,2,0.9375,2,0.9688,2,0.4531,2,0.5313,2,0.9531,2
10203864.0,3988.222379,12172.539200,16160.761579,437,175,0.00,0.7047,0.4750,10,0,0,9,0.004500,0.6094,2,0.1875,2,0.8438,2,0.9531,2,0.6094,2,0.9375,2,0.9688,2,0.4531,2,0.5313,2,0.9531,2
10203963.0,3988.309640,12172.887350,16161.196990,438,176,0.00,0.7219,0.4875,10,0,0,9,0.004500,0.6094,2,0.1875,2,0.8438,2,0.9531,2,0.7813,2,0.9375,2,0.9688,2,0.4531,2,0.5313,2,0.9531,2
10204220.0,3988.534198,12173.781233,16162.315431,439,176,0.00,0.6922,0.4750,10,0,0,9,0.004500,0.6094,2,0.1875,2,0.8438,2,0.9531,2,0.6094,2,0.8125,2,0.9688,2,0.4531,2,0.5313,2,0.9531,2
10204481.0,3988.760497,12174.680333,16163.440830,440,176,0.00,0.6922,0.4750,10,0,0,9,0.004500,0.6094,2,0.1875,2,0.7813,2,0.9531,2,0.6094,2,0.8125,2,0.9688,2,0.5156,2,0.5313,2,0.9531,2
10204608.0,3988.871203,12175.126950,16163.998153,441,176,0.00,0.6984,0.4875,10,0,0,9,0.004500,0.6094,2,0.1875,2,0.7813,2,0.9531,2,0.6094,2,0.8125,2,0.9688,2,0.5156,2,0.5938,2,0.9531,2
10204958.0,3989.175233,12176.368508,16165.543741,442,177,0.00,0.6891,0.4750,10,0,0,9,0.004500,0.8594,2,0.1875,2,0.7813,2,0.7813,2,0.4375,2,0.8125,2,0.9688,2,0.5156,2,0.5938,2,0.9531,2
10205784.0,3989.880689,12179.273275,16169.153964,443,177,0.00,0.6766,0.4875,10,0,0,9,0.004500,0.8594,2,0.3125,2,0.7813,2,0.5313,2,0.4375,2,0.8125,2,0.9688,2,0.5156,2,0.5938,2,0.9531,2
10206323.0,3990.343986,12181.209183,16171.553169,444,177,0.00,0.6828,0.5000,10,0,0,9,0.004500,0.8594,2,0.3125,2,0.8438,2,0.5313,2,0.4375,2,0.8125,2,0.9688,2,0.5156,2,0.5938,2,0.9531,2
10206679.0,3990.647171,12182.487142,16173.134312,445,178,0.00,0.6766,0.4750,10,0,0,9,0.004500,0.8594,2,0.3125,2,0.8438,2,0.7188,2,0.4375,2,0.6250,2,0.9688,2,0.5156,2,0.5313,2,0.9531,2
10206725.0,3990.686690,12182.648608,16173.335299,446,179,0.00,0.6875,0.4750,10,0,0,9,0.004500,0.8594,2,0.3125,2,0.7813,2,0.7188,2,0.6094,2,0.6250,2,0.9688,2,0.5156,2,0.5313,2,0.9531,2
10207027.0,3990.945037,12183.710642,16174.655679,447,180,0.00,0.6938,0.4875,10,0,0,9,0.004500,0.8594,2,0.3125,2,0.7813,2,0.5313,2,0.6094,2,0.8750,2,0.9688,2,0.5156,2,0.5313,2,0.9531,2
10207773.0,3991.580175,12186.279175,16177.859350,448,181,0.00,0.6625,0.4500,10,0,0,9,0.004500,0.8594,2,0.3125,2,0.7813,2,0.5313,2,0.4375,2,0.8750,2,0.9688,2,0.4688,2,0.5313,2,0.8594,2
10207852.0,3991.647216,12186.545142,16178.192357,449,181,0.00,0.6672,0.4625,10,0,0,9,0.004500,0.8594,2,0.3125,2,0.7813,2,0.5313,2,0.4375,2,0.8750,2,0.9688,2,0.4688,2,0.5781,2,0.8594,2
10208156.0,3991.904446,12187.568383,16179.472829,450,181,0.00,0.6578,0.4500,10,0,0,9,0.004500,0.8594,2,0.3125,2,0.7813,2,0.5313,2,0.4375,2,0.8750,2,0.9688,2,0.4688,2,0.4375,2,0.9063,2
10208723.0,3992.370157,12189.410458,16181.780616,451,182,0.00,0.6172,0.4250,10,0,0,9,0.004500,0.6094,2,0.4844,2,0.7813,2,0.5313,2,0.4375,2,0.8750,2,0.8750,2,0.4688,2,0.4375,2,0.6719,2
10208961.0,3992.560985,12190.160575,16182.721560,452,183,0.00,0.6172,0.4250,10,0,0,9,0.004500,0.6094,2,0.3125,2,0.9531,2,0.5313,2,0.4375,2,0.8750,2,0.8750,2,0.4688,2,0.4375,2,0.6719,2
10209700.0,3993.153426,12192.515117,16185.668543,453,183,0.00,0.5797,0.4250,10,0,0,9,0.004500,0.6094,2,0.3125,2,0.7656,2,0.5938,2,0.4375,2,0.6250,2,0.8750,2,0.4688,2,0.4375,2,0.6719,2
10209742.0,3993.186363,12192.650217,16185.836579,454,184,0.00,0.5984,0.4250,10,0,0,9,0.004500,0.6094,2,0.3125,2,0.7656,2,0.5938,2,0.6250,2,0.6250,2,0.8750,2,0.4688,2,0.4375,2,0.6719,2
10209881.0,3993.296447,12193.090208,16186.386655,455,185,0.00,0.5875,0.4125,10,0,0,9,0.004500,0.4375,2,0.3125,2,0.7656,2,0.5313,2,0.6250,2,0.7500,2,0.8750,2,0.4688,2,0.4375,2,0.6719,2
10209881.0,3993.296447,12193.090208,16186.386655,456,186,0.00,0.6000,0.4250,10,0,0,9,0.004500,0.4375,2,0.3125,2,0.7656,2,0.5313,2,0.6250,2,0.7500,2,1.0000,2,0.4688,2,0.4375,2,0.6719,2
10209987.0,3993.381020,12193.429900,16186.810920,457,186,0.00,0.5875,0.4250,10,0,0,9,0.004500,0.4375,2,0.3125,2,0.7656,2,0.5313,2,0.6250,2,0.7500,2,1.0000,2,0.5156,2,0.4375,2,0.5000,2
10210514.0,3993.776481,12194.996758,16188.773240,458,186,0.00,0.5313,0.3875,10,0,0,9,0.004500,0.3125,2,0.1875,2,0.7656,2,0.5313,2,0.4375,2,0.7500,2,1.0000,2,0.4688,2,0.3594,2,0.5000,2
10210900.0,3994.063711,12196.132417,16190.196128,459,186,0.00,0.5313,0.3875,10,0,0,9,0.004500,0.3125,2,0.1875,2,0.7656,2,0.5313,2,0.4375,2,0.7500,2,1.0000,2,0.4688,2,0.3125,2,0.5469,2
10210977.0,3994.121194,12196.362775,16190.483969,460,186,0.00,0.5359,0.4000,10,0,0,9,0.004500,0.3594,2,0.1875,2,0.7656,2,0.5313,2,0.4375,2,0.7500,2,1.0000,2,0.4688,2,0.3125,2,0.5469,2
10211166.0,3994.262700,12196.936675,16191.199375,461,186,0.00,0.5359,0.4000,10,0,0,9,0.004500,0.3125,2,0.2344,2,0.7656,2,0.5313,2,0.4375,2,0.7500,2,1.0000,2,0.4688,2,0.3125,2,0.5469,2
10211442.0,3994.469146,12197.772500,16192.241646,462,187,0.00,0.5359,0.4000,10,0,0,9,0.004500,0.3125,2,0.1875,2,0.9375,2,0.5313,2,0.4375,2,0.7500,2,1.0000,2,0.3438,2,0.3125,2,0.5469,2
10211861.0,3994.778964,12199.032158,16193.811122,463,188,0.00,0.5141,0.4000,10,0,0,9,0.004500,0.3125,2,0.1875,2,0.7656,2,0.6719,2,0.4375,2,0.7500,2,1.0000,2,0.3438,2,0.3125,2,0.3594,2
10211972.0,3994.860345,12199.372558,16194.232903,464,188,0.00,0.5203,0.4125,10,0,0,9,0.004500,0.3125,2,0.1875,2,0.7656,2,0.6719,2,0.5000,2,0.7500,2,1.0000,2,0.3438,2,0.3125,2,0.3594,2
10212039.0,3994.909666,12199.581100,16194.490766,465,188,0.00,0.5188,0.4125,10,0,0,9,0.004500,0.3125,2,0.1875,2,0.7656,2,0.6719,2,0.4375,2,0.7969,2,1.0000,2,0.3438,2,0.3125,2,0.3594,2
10212048.0,3994.916297,12199.609375,16194.525672,466,188,0.00,0.5234,0.4250,10,0,0,9,0.004500,0.3125,2,0.1875,2,0.7656,2,0.6719,2,0.4375,2,0.7969,2,1.0000,2,0.3906,2,0.3125,2,0.3594,2
10212372.0,3995.154894,12200.624650,16195.779544,467,188,0.00,0.5188,0.4125,10,0,0,9,0.004500,0.3125,2,0.1875,2,0.7656,2,0.6719,2,0.4375,2,0.7500,2,1.0000,2,0.3438,2,0.3594,2,0.3594,2
10212413.0,3995.185103,12200.753458,16195.938562,468,188,0.00,0.5234,0.4250,10,0,0,9,0.004500,0.3125,2,0.1875,2,0.7656,2,0.6719,2,0.4375,2,0.7500,2,1.0000,2,0.3438,2,0.3594,2,0.4063,2
10212621.0,3995.336441,12201.396725,16196.733166,469,188,0.00,0.5063,0.4000,10,0,0,9,0.004500,0.3750,2,0.1875,2,0.7656,2,0.5313,2,0.4375,2,0.7500,2,1.0000,2,0.3438,2,0.3125,2,0.3594,2
10212626.0,3995.340077,12201.412058,16196.752135,470,188,0.00,0.5109,0.4125,10,0,0,9,0.004500,0.3750,2,0.2344,2,0.7656,2,0.5313,2,0.4375,2,0.7500,2,1.0000,2,0.3438,2,0.3125,2,0.3594,2
10212828.0,3995.486774,12202.033250,16197.520024,471,189,0.00,0.4984,0.3750,10,0,0,9,0.004500,0.3125,2,0.1875,2,1.0000,2,0.5313,2,0.4375,2,0.6250,2,0.8750,2,0.3438,2,0.3125,2,0.3594,2
10212954.0,3995.577620,12202.400750,16197.978370,472,189,0.00,0.5031,0.3875,10,0,0,9,0.004500,0.3125,2,0.1875,2,1.0000,2,0.5781,2,0.4375,2,0.6250,2,0.8750,2,0.3438,2,0.3125,2,0.3594,2
10212968.0,3995.587766,12202.442633,16198.030399,473,189,0.00,0.5078,0.4000,10,0,0,9,0.004500,0.3125,2,0.1875,2,1.0000,2,0.5781,2,0.4844,2,0.6250,2,0.8750,2,0.3438,2,0.3125,2,0.3594,2
10213190.0,3995.748056,12203.098383,16198.846440,474,190,0.00,0.5156,0.3750,10,0,0,9,0.004500,0.3125,2,0.1875,2,1.0000,2,0.5313,2,0.4375,2,0.8594,2,0.8125,2,0.3438,2,0.3125,2,0.3594,2
10213497.0,3995.973510,12203.993800,16199.967310,475,190,0.00,0.5203,0.3875,10,0,0,9,0.004500,0.3125,2,0.1875,2,1.0000,2,0.5313,2,0.4375,2,0.8594,2,0.8594,2,0.3438,2,0.3125,2,0.3594,2
10213546.0,3996.009673,12204.140392,16200.150064,476,191,0.00,0.5375,0.4000,10,0,0,9,0.004500,0.3125,2,0.1875,2,1.0000,2,0.5313,2,0.4375,2,0.8594,2,0.8594,2,0.5156,2,0.3125,2,0.3594,2
10213708.0,3996.131219,12204.633517,16200.764736,477,191,0.00,0.5375,0.4000,10,0,0,9,0.004500,0.3125,2,0.1875,2,1.0000,2,0.5313,2,0.4375,2,0.8594,2,0.8125,2,0.5156,2,0.3594,2,0.3594,2
10213806.0,3996.204855,12204.934050,16201.138905,478,192,0.00,0.5656,0.4125,10,0,0,9,0.004500,0.3125,2,0.1875,2,1.0000,2,0.5313,2,0.4375,2,0.8594,2,0.8125,2,0.5156,2,0.3594,2,0.6406,2
10214358.0,3996.621674,12206.605700,16203.227374,479,193,0.00,0.5500,0.4000,10,0,0,9,0.004500,0.4844,2,0.1875,2,1.0000,2,0.5313,2,0.4375,2,0.8594,2,0.8125,2,0.5156,2,0.3125,2,0.3594,2
10214440.0,3996.683619,12206.852067,16203.535685,480,194,0.00,0.5375,0.3750,10,0,0,9,0.004500,0.4844,2,0.3594,2,0.8281,2,0.4688,2,0.4375,2,0.7969,2,0.8125,2,0.5156,2,0.3125,2,0.3594,2
10214507.0,3996.733823,12207.044633,16203.778457,481,194,0.00,0.5375,0.3750,10,0,0,9,0.004500,0.4844,2,0.3594,2,0.8750,2,0.4688,2,0.4375,2,0.7969,2,0.8125,2,0.5156,2,0.3125,2,0.3125,2
10214575.0,3996.784626,12207.238467,16204.023093,482,194,0.00,0.5359,0.3750,10,0,0,9,0.004500,0.4844,2,0.3594,2,0.8750,2,0.5156,2,0.4375,2,0.7969,2,0.7500,2,0.5156,2,0.3125,2,0.3125,2
10216472.0,3998.133835,12212.296258,16210.430093,483,195,0.00,0.4750,0.3250,10,0,0,9,0.004500,0.3125,2,0.1875,2,0.6406,2,0.4688,2,0.6875,2,0.5625,2,0.7500,2,0.5156,2,0.3125,2,0.3125,2
10216775.0,3998.346776,12213.089108,16211.435885,484,195,0.00,0.4797,0.3375,10,0,0,9,0.004500,0.3125,2,0.1875,2,0.6406,2,0.4688,2,0.6875,2,0.6094,2,0.7500,2,0.5156,2,0.3125,2,0.3125,2
10217437.0,3998.812486,12214.831017,16213.643502,485,196,0.00,0.5125,0.3375,10,0,0,9,0.004500,0.3125,2,0.1875,2,0.6406,2,0.4688,2,0.6875,2,0.5625,2,0.7500,2,0.8906,2,0.3125,2,0.3125,2
10217925.0,3999.157016,12216.112000,16215.269016,486,197,0.00,0.4891,0.3375,10,0,0,9,0.004500,0.3125,2,0.1875,2,0.6406,2,0.4688,2,0.6875,2,0.5625,2,0.7500,2,0.5156,2,0.4531,2,0.3125,2
10217925.0,3999.157016,12216.112000,16215.269016,487,198,0.00,0.5031,0.3500,10,0,0,9,0.004500,0.3125,2,0.1875,2,0.6406,2,0.4688,2,0.6875,2,0.5625,2,0.7500,2,0.5156,2,0.4531,2,0.4531,2
10217931.0,3999.161364,12216.128600,16215.289964,488,199,0.00,0.5172,0.3625,10,0,0,9,0.004500,0.4531,2,0.1875,2,0.6406,2,0.4688,2,0.6875,2,0.5625,2,0.7500,2,0.5156,2,0.4531,2,0.4531,2
10218490.0,3999.568392,12217.688517,16217.256909,489,199,0.00,0.5078,0.3625,10,0,0,9,0.004500,0.4531,2,0.2344,2,0.6406,2,0.4688,2,0.6875,2,0.5625,2,0.7500,2,0.5156,2,0.4531,2,0.3125,2
10219969.0,4000.602960,12221.610842,16222.213801,490,200,0.00,0.4625,0.3250,10,0,0,9,0.004500,0.3125,2,0.1875,2,0.7656,2,0.4688,2,0.4375,2,0.5625,2,0.7500,2,0.5156,2,0.3125,2,0.3125,2
10220673.0,4001.090871,12223.452975,16224.543846,491,201,0.00,0.4719,0.3375,10,0,0,9,0.004500,0.3125,2,0.1875,2,0.7656,2,0.5625,2,0.4375,2,0.5625,2,0.7500,2,0.5156,2,0.3125,2,0.3125,2
10221884.0,4001.934522,12226.666608,16228.601130,492,201,0.00,0.4672,0.3375,10,0,0,9,0.004500,0.3125,2,0.1875,2,0.7656,2,0.4688,2,0.4844,2,0.5625,2,0.7500,2,0.5156,2,0.3125,2,0.3125,2
10223133.0,4002.791795,12229.898600,16232.690395,493,202,0.00,0.4453,0.3125,10,0,0,9,0.004500,0.3125,2,0.1875,2,0.7656,2,0.4688,2,0.4375,2,0.7500,2,0.5625,2,0.3438,2,0.3125,2,0.3125,2
10223139.0,4002.795873,12229.913850,16232.709723,494,202,0.00,0.4516,0.3250,10,0,0,9,0.004500,0.3125,2,0.1875,2,0.7656,2,0.4688,2,0.4375,2,0.7500,2,0.6250,2,0.3438,2,0.3125,2,0.3125,2
10223622.0,4003.124294,12231.143500,16234.267794,495,202,0.00,0.4516,0.3250,10,0,0,9,0.004500,0.3125,2,0.1875,2,0.7656,2,0.4688,2,0.4375,2,0.7500,2,0.5625,2,0.4063,2,0.3125,2,0.3125,2
10223679.0,4003.163313,12231.292650,16234.455963,496,202,0.00,0.4516,0.3250,10,0,0,9,0.004500,0.3125,2,0.1875,2,0.7656,2,0.4688,2,0.4375,2,0.7500,2,0.5625,2,0.3438,2,0.3750,2,0.3125,2
10224392.0,4003.642831,12233.081383,16236.724214,497,202,0.00,0.4328,0.3125,10,0,0,9,0.004500,0.3125,2,0.1875,2,0.7656,2,0.4688,2,0.4375,2,0.5625,2,0.5625,2,0.3438,2,0.3125,2,0.3750,2
10224738.0,4003.873098,12233.937025,16237.810123,498,202,0.00,0.4313,0.3125,10,0,0,9,0.004500,0.3594,2,0.1875,2,0.7656,2,0.4688,2,0.4375,2,0.5625,2,0.5625,2,0.3438,2,0.3125,2,0.3125,2
10225414.0,4004.323314,12235.616942,16239.940255,499,202,0.00,0.4391,0.3125,10,0,0,9,0.004500,0.3125,2,0.3125,2,0.7656,2,0.4688,2,0.4375,2,0.5625,2,0.5625,2,0.3438,2,0.3125,2,0.3125,2
10232587.0,4009.046059,12252.939692,16261.985750,500,202,0.00,0.4188,0.3000,10,0,0,9,0.004500,0.3125,2,0.1875,2,0.6875,2,0.4688,2,0.4375,2,0.5625,2,0.5625,2,0.3438,2,0.3125,2,0.3125,2
10232803.0,4009.188409,12253.472492,16262.660900,501,202,0.00,0.4250,0.3125,10,0,0,9,0.004500,0.3125,2,0.1875,2,0.6875,2,0.5313,2,0.4375,2,0.5625,2,0.5625,2,0.3438,2,0.3125,2,0.3125,2
10232974.0,4009.301584,12253.899917,16263.201500,502,203,0.00,0.4297,0.3125,10,0,0,9,0.004500,0.3125,2,0.1875,2,0.6406,2,0.5313,2,0.5313,2,0.5625,2,0.5625,2,0.3438,2,0.3125,2,0.3125,2
10233819.0,4009.862884,12256.004950,16265.867834,503,203,0.00,0.4281,0.3125,10,0,0,9,0.004500,0.3125,2,0.1875,2,0.6406,2,0.4688,2,0.5313,2,0.6094,2,0.5625,2,0.3438,2,0.3125,2,0.3125,2
10233991.0,4009.977491,12256.442117,16266.419608,504,203,0.00,0.4328,0.3250,10,0,0,9,0.004500,0.3125,2,0.1875,2,0.6406,2,0.4688,2,0.5313,2,0.6094,2,0.6094,2,0.3438,2,0.3125,2,0.3125,2
10234226.0,4010.134525,12257.048633,16267.183158,505,204,0.00,0.4453,0.3250,10,0,0,9,0.004500,0.3125,2,0.1875,2,0.6406,2,0.4688,2,0.5313,2,0.5625,2,0.6094,2,0.5156,2,0.3125,2,0.3125,2
10234994.0,4010.650373,12259.014208,16269.664581,506,205,0.00,0.4563,0.3125,10,0,0,9,0.004500,0.3125,2,0.1875,2,0.6406,2,0.4688,2,0.4375,2,0.5625,2,0.6094,2,0.3438,2,0.6875,2,0.3125,2
10235081.0,4010.710246,12259.235333,16269.945579,507,206,0.00,0.4688,0.3250,10,0,0,9,0.004500,0.3125,2,0.1875,2,0.6406,2,0.4688,2,0.4375,2,0.5625,2,0.6094,2,0.3438,2,0.6875,2,0.4375,2
10235553.0,4011.037475,12260.447900,16271.485375,508,207,0.00,0.4719,0.3250,10,0,0,9,0.004500,0.4375,2,0.1875,2,0.5469,2,0.4688,2,0.4375,2,0.5625,2,0.6094,2,0.3438,2,0.6875,2,0.4375,2
10236016.0,4011.361736,12261.659417,16273.021153,509,208,0.00,0.5094,0.3375,10,0,0,9,0.004500,0.4375,2,0.5625,2,0.5469,2,0.4688,2,0.4375,2,0.5625,2,0.6094,2,0.3438,2,0.6875,2,0.4375,2
10237589.0,4012.484324,12265.829283,16278.313607,510,209,0.00,0.4844,0.3375,10,0,0,9,0.004500,0.4375,2,0.5625,2,0.6719,2,0.4688,2,0.4375,2,0.5625,2,0.6094,2,0.3438,2,0.3125,2,0.4375,2
10237776.0,4012.617107,12266.332625,16278.949732,511,210,0.00,0.5031,0.3500,10,0,0,9,0.004500,0.4375,2,0.5625,2,0.6719,2,0.6563,2,0.4375,2,0.5625,2,0.6094,2,0.3438,2,0.3125,2,0.4375,2
10237776.0,4012.617107,12266.332625,16278.949732,512,211,0.00,0.5219,0.3625,10,0,0,9,0.004500,0.4375,2,0.5625,2,0.6719,2,0.6563,2,0.6250,2,0.5625,2,0.6094,2,0.3438,2,0.3125,2,0.4375,2
10240480.0,4014.461087,12273.357092,16287.818179,513,212,0.00,0.4469,0.3125,10,0,0,9,0.004500,0.3125,2,0.1875,2,0.6719,2,0.4688,2,0.4375,2,0.8125,2,0.6094,2,0.3438,2,0.3125,2,0.3125,2
10243457.0,4016.470227,12280.785483,16297.255710,514,212,0.00,0.4391,0.3125,10,0,0,9,0.004500,0.3125,2,0.1875,2,0.5469,2,0.4688,2,0.4375,2,0.8125,2,0.6563,2,0.3438,2,0.3125,2,0.3125,2
10243762.0,4016.676049,12281.560692,16298.236740,515,212,0.00,0.4438,0.3250,10,0,0,9,0.004500,0.3125,2,0.1875,2,0.5469,2,0.4688,2,0.4375,2,0.8125,2,0.6563,2,0.3906,2,0.3125,2,0.3125,2
10244313.0,4017.047149,12282.946150,16299.993299,516,213,0.00,0.4438,0.3125,10,0,0,9,0.004500,0.3125,2,0.1875,2,0.5469,2,0.4688,2,0.4375,2,0.8125,2,0.6094,2,0.3438,2,0.4063,2,0.3125,2
10245093.0,4017.575876,12284.921225,16302.497101,517,214,0.00,0.4469,0.3125,10,0,0,9,0.004500,0.3125,2,0.1875,2,0.5469,2,0.4688,2,0.4375,2,0.8125,2,0.6094,2,0.2813,2,0.4063,2,0.4063,2
10247114.0,4018.932193,12289.873658,16308.805852,518,214,0.00,0.4078,0.2875,10,0,0,9,0.004500,0.3594,2,0.1875,2,0.5469,2,0.4688,2,0.4375,2,0.5625,2,0.6094,2,0.2813,2,0.3125,2,0.3125,2
10247202.0,4018.989439,12290.084125,16309.073564,519,215,0.00,0.4141,0.3000,10,0,0,9,0.004500,0.3594,2,0.2500,2,0.5469,2,0.4688,2,0.4375,2,0.5625,2,0.6094,2,0.2813,2,0.3125,2,0.3125,2
10247867.0,4019.423853,12291.695358,16311.119212,520,216,0.00,0.4219,0.3000,10,0,0,9,0.004500,0.3125,2,0.2500,2,0.6719,2,0.4688,2,0.4375,2,0.5625,2,0.6094,2,0.2813,2,0.3125,2,0.3125,2
10248468.0,4019.821390,12293.177825,16312.999215,521,216,0.00,0.4344,0.3125,10,0,0,9,0.004500,0.3125,2,0.2500,2,0.6719,2,0.5938,2,0.4375,2,0.5625,2,0.6094,2,0.2813,2,0.3125,2,0.3125,2
10248939.0,4020.137516,12294.374950,16314.512466,522,217,0.00,0.4469,0.3250,10,0,0,9,0.004500,0.3125,2,0.2500,2,0.6719,2,0.5938,2,0.5625,2,0.5625,2,0.6094,2,0.2813,2,0.3125,2,0.3125,2
10250349.0,4021.094011,12298.036850,16319.130861,523,218,0.00,0.4406,0.3250,10,0,0,9,0.004500,0.3125,2,0.2500,2,0.6719,2,0.5938,2,0.4375,2,0.6250,2,0.6094,2,0.2813,2,0.3125,2,0.3125,2
10250498.0,4021.194741,12298.426733,16319.621475,524,218,0.00,0.4516,0.3375,10,0,0,9,0.004500,0.3125,2,0.2500,2,0.6719,2,0.5938,2,0.4375,2,0.6250,2,0.7188,2,0.2813,2,0.3125,2,0.3125,2
10250736.0,4021.357664,12299.067350,16320.425014,525,219,0.00,0.4578,0.3500,10,0,0,9,0.004500,0.3125,2,0.2500,2,0.6719,2,0.5938,2,0.4375,2,0.6250,2,0.7188,2,0.3438,2,0.3125,2,0.3125,2
10252397.0,4022.497723,12303.584858,16326.082581,526,219,0.00,0.4563,0.3500,10,0,0,9,0.004500,0.3125,2,0.1875,2,0.6719,2,0.5938,2,0.4375,2,0.6250,2,0.7188,2,0.3438,2,0.3594,2,0.3125,2
10253468.0,4023.231764,12306.485933,16329.717697,527,220,0.00,0.4703,0.3500,10,0,0,9,0.004500,0.3125,2,0.1875,2,0.6719,2,0.5938,2,0.4375,2,0.6250,2,0.7188,2,0.3438,2,0.3125,2,0.5000,2
10254758.0,4024.124880,12310.009858,16334.134738,528,220,0.00,0.4563,0.3500,10,0,0,9,0.004500,0.3594,2,0.1875,2,0.6719,2,0.5938,2,0.4375,2,0.6250,2,0.7188,2,0.3438,2,0.3125,2,0.3125,2
10255346.0,4024.520727,12311.534133,16336.054860,529,221,0.00,0.4500,0.3250,10,0,0,9,0.004500,0.3125,2,0.3594,2,0.5469,2,0.5938,2,0.4375,2,0.6250,2,0.7188,2,0.2813,2,0.3125,2,0.3125,2
10255420.0,4024.571294,12311.727767,16336.299060,530,222,0.00,0.4625,0.3375,10,0,0,9,0.004500,0.3125,2,0.3594,2,0.6719,2,0.5938,2,0.4375,2,0.6250,2,0.7188,2,0.2813,2,0.3125,2,0.3125,2
10256013.0,4024.975926,12313.288300,16338.264226,531,223,0.00,0.4641,0.3375,10,0,0,9,0.004500,0.3125,2,0.1875,2,0.6719,2,0.7813,2,0.4375,2,0.6250,2,0.7188,2,0.2813,2,0.3125,2,0.3125,2
10256133.0,4025.059238,12313.611300,16338.670538,532,224,0.00,0.4828,0.3500,10,0,0,9,0.004500,0.3125,2,0.1875,2,0.6719,2,0.7813,2,0.6250,2,0.6250,2,0.7188,2,0.2813,2,0.3125,2,0.3125,2
10256855.0,4025.567390,12315.562108,16341.129498,533,225,0.00,0.4766,0.3375,10,0,0,9,0.004500,0.3125,2,0.1875,2,0.6719,2,0.5938,2,0.6250,2,0.7500,2,0.7188,2,0.2813,2,0.3125,2,0.3125,2
10256862.0,4025.572318,12315.580950,16341.153268,534,226,0.00,0.4891,0.3500,10,0,0,9,0.004500,0.3125,2,0.1875,2,0.6719,2,0.5938,2,0.6250,2,0.7500,2,0.8438,2,0.2813,2,0.3125,2,0.3125,2
10257764.0,4026.216089,12318.076483,16344.292573,535,226,0.00,0.5016,0.3500,10,0,0,9,0.004500,0.3125,2,0.1875,2,0.6719,2,0.5938,2,0.6250,2,0.7500,2,0.8438,2,0.4063,2,0.3125,2,0.3125,2
10257967.0,4026.362407,12318.635342,16344.997749,536,226,0.00,0.4875,0.3500,10,0,0,9,0.004500,0.3125,2,0.1875,2,0.6719,2,0.5938,2,0.4375,2,0.7500,2,0.8438,2,0.4063,2,0.3594,2,0.3125,2
10258602.0,4026.802751,12320.297675,16347.100426,537,226,0.00,0.4438,0.3125,10,0,0,9,0.004500,0.3125,2,0.1875,2,0.6719,2,0.4688,2,0.4375,2,0.5625,2,0.7188,2,0.4063,2,0.3125,2,0.3594,2
10259147.0,4027.167560,12321.682883,16348.850443,538,227,0.00,0.4484,0.3250,10,0,0,9,0.004500,0.4844,2,0.1875,2,0.6719,2,0.4688,2,0.4375,2,0.5625,2,0.7188,2,0.2813,2,0.3125,2,0.3594,2
10259693.0,4027.534168,12323.078883,16350.613051,539,227,0.00,0.4359,0.3250,10,0,0,9,0.004500,0.3125,2,0.2344,2,0.6719,2,0.4688,2,0.4375,2,0.5625,2,0.7188,2,0.2813,2,0.3125,2,0.3594,2
10260104.0,4027.809800,12324.139483,16351.949284,540,227,0.00,0.4359,0.3250,10,0,0,9,0.004500,0.3125,2,0.1875,2,0.7188,2,0.4688,2,0.4375,2,0.5625,2,0.7188,2,0.2813,2,0.3125,2,0.3594,2
10260162.0,4027.848799,12324.291250,16352.140049,541,228,0.00,0.4531,0.3375,10,0,0,9,0.004500,0.3125,2,0.1875,2,0.7188,2,0.6406,2,0.4375,2,0.5625,2,0.7188,2,0.2813,2,0.3125,2,0.3594,2
10260165.0,4027.850857,12324.299325,16352.150182,542,228,0.00,0.4578,0.3500,10,0,0,9,0.004500,0.3125,2,0.1875,2,0.7188,2,0.6406,2,0.4844,2,0.5625,2,0.7188,2,0.2813,2,0.3125,2,0.3594,2
10260217.0,4027.886535,12324.441467,16352.328001,543,228,0.00,0.4406,0.3375,10,0,0,9,0.004500,0.3125,2,0.1875,2,0.7188,2,0.4688,2,0.4375,2,0.6094,2,0.7188,2,0.2813,2,0.3125,2,0.3594,2
10260412.0,4028.015664,12324.934692,16352.950355,544,228,0.00,0.4250,0.3125,10,0,0,9,0.004500,0.3125,2,0.1875,2,0.5469,2,0.4688,2,0.4375,2,0.5625,2,0.7813,2,0.2813,2,0.3125,2,0.3594,2
10260448.0,4028.039564,12325.026192,16353.065755,545,228,0.00,0.4375,0.3250,10,0,0,9,0.004500,0.3125,2,0.1875,2,0.5469,2,0.4688,2,0.4375,2,0.5625,2,0.7813,2,0.4063,2,0.3125,2,0.3594,2
10260477.0,4028.059098,12325.102075,16353.161173,546,228,0.00,0.4422,0.3375,10,0,0,9,0.004500,0.3125,2,0.1875,2,0.5469,2,0.4688,2,0.4375,2,0.5625,2,0.7813,2,0.4063,2,0.3594,2,0.3594,2
10260513.0,4028.083426,12325.198150,16353.281576,547,229,0.00,0.4453,0.3375,10,0,0,9,0.004500,0.3125,2,0.1875,2,0.5469,2,0.4688,2,0.4375,2,0.5625,2,0.7188,2,0.4063,2,0.3594,2,0.4531,2
10260574.0,4028.124887,12325.362342,16353.487229,548,230,0.00,0.4828,0.3500,10,0,0,9,0.004500,0.6875,2,0.1875,2,0.5469,2,0.4688,2,0.4375,2,0.5625,2,0.7188,2,0.4063,2,0.3594,2,0.4531,2
10260773.0,4028.264909,12325.904883,16354.169792,549,230,0.00,0.4766,0.3500,10,0,0,9,0.004500,0.6875,2,0.2500,2,0.5469,2,0.4688,2,0.4375,2,0.5625,2,0.7188,2,0.2813,2,0.3594,2,0.4531,2
10260845.0,4028.315596,12326.104083,16354.419680,550,231,0.00,0.4906,0.3625,10,0,0,9,0.004500,0.6875,2,0.2500,2,0.6875,2,0.4688,2,0.4375,2,0.5625,2,0.7188,2,0.2813,2,0.3594,2,0.4531,2
10260976.0,4028.408917,12326.471167,16354.880083,551,231,0.00,0.4906,0.3625,10,0,0,9,0.004500,0.6875,2,0.1875,2,0.6875,2,0.5313,2,0.4375,2,0.5625,2,0.7188,2,0.2813,2,0.3594,2,0.4531,2
10261103.0,4028.499713,12326.832058,16355.331771,552,232,0.00,0.5047,0.3750,10,0,0,9,0.004500,0.6875,2,0.1875,2,0.6875,2,0.5313,2,0.5781,2,0.5625,2,0.7188,2,0.2813,2,0.3594,2,0.4531,2
10261187.0,4028.560173,12327.069708,16355.629881,553,233,0.00,0.5031,0.3625,10,0,0,9,0.004500,0.6875,2,0.1875,2,0.6875,2,0.4688,2,0.5781,2,0.7031,2,0.7188,2,0.2813,2,0.3594,2,0.3594,2
10261340.0,4028.671045,12327.504483,16356.175528,554,234,0.00,0.5094,0.3750,10,0,0,9,0.004500,0.6875,2,0.1875,2,0.6875,2,0.4688,2,0.5781,2,0.7031,2,0.7813,2,0.2813,2,0.3594,2,0.3594,2
10261372.0,4028.694389,12327.597817,16356.292206,555,235,0.00,0.5156,0.3875,10,0,0,9,0.004500,0.6875,2,0.1875,2,0.6875,2,0.4688,2,0.5781,2,0.7031,2,0.7813,2,0.3438,2,0.3594,2,0.3594,2
10261514.0,4028.798415,12328.017383,16356.815799,556,235,0.00,0.5156,0.3875,10,0,0,9,0.004500,0.6875,2,0.1875,2,0.6875,2,0.4688,2,0.5781,2,0.7031,2,0.7813,2,0.3438,2,0.3594,2,0.3594,2
10261661.0,4028.906368,12328.457158,16357.363527,557,235,0.00,0.5203,0.4000,10,0,0,9,0.004500,0.6875,2,0.1875,2,0.6875,2,0.4688,2,0.5781,2,0.7031,2,0.7813,2,0.3438,2,0.3594,2,0.4063,2
10261763.0,4028.979681,12328.755183,16357.734865,558,236,0.00,0.5047,0.3750,10,0,0,9,0.004500,0.8594,2,0.1875,2,0.6875,2,0.4688,2,0.4375,2,0.5625,2,0.7813,2,0.3438,2,0.3125,2,0.4063,2
10262406.0,4029.435345,12330.531225,16359.966570,559,236,0.00,0.4750,0.3500,10,0,0,9,0.004500,0.6875,2,0.2500,2,0.5469,2,0.4688,2,0.4375,2,0.5625,2,0.7813,2,0.3438,2,0.3125,2,0.3594,2
10262527.0,4029.520028,12330.859167,16360.379195,560,237,0.00,0.4703,0.3375,10,0,0,9,0.004500,0.6875,2,0.1875,2,0.6094,2,0.4688,2,0.4375,2,0.5625,2,0.7344,2,0.3438,2,0.3125,2,0.3594,2
10262679.0,4029.626296,12331.268300,16360.894596,561,238,0.00,0.4953,0.3500,10,0,0,9,0.004500,0.6875,2,0.1875,2,0.6094,2,0.7188,2,0.4375,2,0.5625,2,0.7344,2,0.3438,2,0.3125,2,0.3594,2
10263507.0,4030.215872,12333.538250,16363.754122,562,238,0.00,0.4766,0.3500,10,0,0,9,0.004500,0.6875,2,0.1875,2,0.6094,2,0.4688,2,0.5000,2,0.5625,2,0.7344,2,0.3438,2,0.3125,2,0.3594,2
10263618.0,4030.293758,12333.841375,16364.135133,563,238,0.00,0.4750,0.3500,10,0,0,9,0.004500,0.6875,2,0.1875,2,0.6094,2,0.4688,2,0.4375,2,0.6094,2,0.7344,2,0.3438,2,0.3125,2,0.3594,2
10263824.0,4030.438315,12334.406883,16364.845198,564,238,0.00,0.4750,0.3500,10,0,0,9,0.004500,0.6875,2,0.1875,2,0.6094,2,0.4688,2,0.4375,2,0.5625,2,0.7813,2,0.3438,2,0.3125,2,0.3594,2
10263869.0,4030.469940,12334.531383,16365.001323,565,238,0.00,0.4797,0.3625,10,0,0,9,0.004500,0.6875,2,0.1875,2,0.6094,2,0.4688,2,0.4375,2,0.5625,2,0.7813,2,0.3906,2,0.3125,2,0.3594,2
10263993.0,4030.557463,12334.882250,16365.439713,566,238,0.00,0.4797,0.3625,10,0,0,9,0.004500,0.6875,2,0.1875,2,0.6094,2,0.4688,2,0.4375,2,0.5625,2,0.7344,2,0.3906,2,0.3594,2,0.3594,2
10264830.0,4031.143505,12337.153025,16368.296530,567,238,0.00,0.4750,0.3500,10,0,0,9,0.004500,0.6875,2,0.1875,2,0.6094,2,0.4688,2,0.4375,2,0.5625,2,0.7344,2,0.3438,2,0.3125,2,0.4063,2
10265011.0,4031.270707,12337.653792,16368.924499,568,239,0.00,0.4922,0.3625,10,0,0,9,0.004500,0.8594,2,0.1875,2,0.6094,2,0.4688,2,0.4375,2,0.5625,2,0.7344,2,0.3438,2,0.3125,2,0.4063,2
10265140.0,4031.360472,12338.006942,16369.367414,569,240,0.00,0.4625,0.3500,10,0,0,9,0.004500,0.4844,2,0.3125,2,0.6094,2,0.4688,2,0.4375,2,0.5625,2,0.7344,2,0.3438,2,0.3125,2,0.3594,2
10265185.0,4031.391660,12338.131442,16369.523102,570,241,0.00,0.5000,0.3625,10,0,0,9,0.004500,0.4844,2,0.3125,2,0.9844,2,0.4688,2,0.4375,2,0.5625,2,0.7344,2,0.3438,2,0.3125,2,0.3594,2
10265558.0,4031.661049,12339.191383,16370.852432,571,242,0.00,0.5188,0.3750,10,0,0,9,0.004500,0.4844,2,0.3125,2,0.9844,2,0.6563,2,0.4375,2,0.5625,2,0.7344,2,0.3438,2,0.3125,2,0.3594,2
10266148.0,4032.095764,12340.912217,16373.007981,572,242,0.00,0.5250,0.3875,10,0,0,9,0.004500,0.4844,2,0.3125,2,0.9844,2,0.6563,2,0.5000,2,0.5625,2,0.7344,2,0.3438,2,0.3125,2,0.3594,2
10266395.0,4032.277794,12341.636608,16373.914402,573,242,0.00,0.5125,0.3750,10,0,0,9,0.004500,0.4844,2,0.1875,2,0.9844,2,0.6563,2,0.4375,2,0.6250,2,0.7344,2,0.3438,2,0.3125,2,0.3594,2
10266690.0,4032.493718,12342.497025,16374.990743,574,243,0.00,0.5500,0.3875,10,0,0,9,0.004500,0.4844,2,0.1875,2,0.9844,2,0.6563,2,0.4375,2,0.6250,2,0.7344,2,0.7188,2,0.3125,2,0.3594,2
10266884.0,4032.641373,12343.077408,16375.718781,575,243,0.00,0.5563,0.4000,10,0,0,9,0.004500,0.4844,2,0.1875,2,0.9844,2,0.6563,2,0.4375,2,0.6250,2,0.7344,2,0.7188,2,0.3750,2,0.3594,2
10266902.0,4032.655161,12343.132608,16375.787769,576,244,0.00,0.5844,0.4125,10,0,0,9,0.004500,0.4844,2,0.1875,2,0.9844,2,0.6563,2,0.4375,2,0.6250,2,0.7344,2,0.7188,2,0.3750,2,0.6406,2
10267235.0,4032.912040,12344.136333,16377.048373,577,245,0.00,0.5563,0.3875,10,0,0,9,0.004500,0.6094,2,0.1875,2,0.9844,2,0.6563,2,0.4375,2,0.6250,2,0.7344,2,0.6563,2,0.3125,2,0.3594,2
10267517.0,4033.124398,12344.970608,16378.095007,578,245,0.00,0.5313,0.3875,10,0,0,9,0.004500,0.6094,2,0.3125,2,0.6094,2,0.6563,2,0.4375,2,0.6250,2,0.7344,2,0.6563,2,0.3125,2,0.3594,2
10267882.0,4033.395257,12346.037517,16379.432774,579,246,0.00,0.5359,0.3750,10,0,0,9,0.004500,0.6094,2,0.3125,2,0.7813,2,0.6563,2,0.4375,2,0.5625,2,0.6719,2,0.6563,2,0.3125,2,0.3594,2
10267984.0,4033.471775,12346.335017,16379.806792,580,246,0.00,0.5406,0.3875,10,0,0,9,0.004500,0.6094,2,0.3125,2,0.7813,2,0.7031,2,0.4375,2,0.5625,2,0.6719,2,0.6563,2,0.3125,2,0.3594,2
10268036.0,4033.510974,12346.490583,16380.001557,581,246,0.00,0.5453,0.4000,10,0,0,9,0.004500,0.6094,2,0.3125,2,0.7813,2,0.7031,2,0.4844,2,0.5625,2,0.6719,2,0.6563,2,0.3125,2,0.3594,2
10268198.0,4033.633330,12346.980108,16380.613438,582,247,0.00,0.5375,0.3875,10,0,0,9,0.004500,0.6094,2,0.3125,2,0.7813,2,0.6563,2,0.4375,2,0.5781,2,0.6719,2,0.6563,2,0.3125,2,0.3594,2
10269999.0,4034.961118,12352.302475,16387.263593,583,247,0.00,0.4938,0.3750,10,0,0,9,0.004500,0.6094,2,0.1875,2,0.7813,2,0.6563,2,0.4375,2,0.5781,2,0.7344,2,0.2813,2,0.3125,2,0.3594,2
10270109.0,4035.039877,12352.620983,16387.660861,584,247,0.00,0.4938,0.3750,10,0,0,9,0.004500,0.6094,2,0.1875,2,0.7813,2,0.6563,2,0.4375,2,0.5781,2,0.6719,2,0.3438,2,0.3125,2,0.3594,2
10270559.0,4035.358825,12353.873858,16389.232684,585,247,0.00,0.4859,0.3625,10,0,0,9,0.004500,0.6094,2,0.1875,2,0.7188,2,0.6563,2,0.4375,2,0.5781,2,0.6719,2,0.2813,2,0.3594,2,0.3594,2
10272218.0,4036.533527,12358.478758,16395.012286,586,247,0.00,0.4875,0.3625,10,0,0,9,0.004500,0.6094,2,0.1875,2,0.7188,2,0.6563,2,0.4375,2,0.5781,2,0.6719,2,0.2813,2,0.3125,2,0.4219,2
10272751.0,4036.910893,12359.956392,16396.867285,587,247,0.00,0.4875,0.3625,10,0,0,9,0.004500,0.6719,2,0.1875,2,0.7188,2,0.6563,2,0.4375,2,0.5781,2,0.6719,2,0.2813,2,0.3125,2,0.3594,2
10273015.0,4037.098439,12360.698042,16397.796481,588,247,0.00,0.4875,0.3625,10,0,0,9,0.004500,0.6094,2,0.2500,2,0.7188,2,0.6563,2,0.4375,2,0.5781,2,0.6719,2,0.2813,2,0.3125,2,0.3594,2
10273175.0,4037.211929,12361.144833,16398.356762,589,247,0.00,0.4875,0.3625,10,0,0,9,0.004500,0.6094,2,0.1875,2,0.7813,2,0.6563,2,0.4375,2,0.5781,2,0.6719,2,0.2813,2,0.3125,2,0.3594,2
10274502.0,4038.136870,12364.681350,16402.818220,590,248,0.00,0.4547,0.3125,10,0,0,9,0.004500,0.3125,2,0.1875,2,0.5000,2,0.9063,2,0.4375,2,0.5781,2,0.6719,2,0.2813,2,0.3125,2,0.3594,2
10275038.0,4038.505090,12366.043683,16404.548774,591,248,0.00,0.4594,0.3250,10,0,0,9,0.004500,0.3125,2,0.1875,2,0.5000,2,0.9063,2,0.4844,2,0.5781,2,0.6719,2,0.2813,2,0.3125,2,0.3594,2
10275406.0,4038.759240,12367.006617,16405.765857,592,248,0.00,0.4641,0.3375,10,0,0,9,0.004500,0.3125,2,0.1875,2,0.5000,2,0.9063,2,0.4844,2,0.6250,2,0.6719,2,0.2813,2,0.3125,2,0.3594,2
10276050.0,4039.198410,12368.680050,16407.878460,593,249,0.00,0.4516,0.3250,10,0,0,9,0.004500,0.3125,2,0.1875,2,0.5000,2,0.6563,2,0.4844,2,0.5781,2,0.8438,2,0.2813,2,0.3125,2,0.3594,2
10276746.0,4039.668469,12370.452650,16410.121119,594,249,0.00,0.4344,0.3125,10,0,0,9,0.004500,0.3125,2,0.1875,2,0.5000,2,0.6563,2,0.4375,2,0.5781,2,0.6719,2,0.3281,2,0.3125,2,0.3594,2
10277009.0,4039.843841,12371.097483,16410.941324,595,249,0.00,0.4313,0.3000,10,0,0,9,0.004500,0.3125,2,0.1875,2,0.5000,2,0.6563,2,0.4375,2,0.5781,2,0.6719,2,0.2813,2,0.3750,2,0.3125,2
10277188.0,4039.963547,12371.539017,16411.502564,596,249,0.00,0.4359,0.3125,10,0,0,9,0.004500,0.3125,2,0.1875,2,0.5000,2,0.6563,2,0.4375,2,0.5781,2,0.6719,2,0.2813,2,0.3750,2,0.3594,2
10277517.0,4040.183287,12372.352425,16412.535712,597,250,0.00,0.4484,0.3000,10,0,0,9,0.004500,0.5000,2,0.1875,2,0.5000,2,0.6563,2,0.4375,2,0.5781,2,0.6719,2,0.2813,2,0.3125,2,0.3594,2
10277525.0,4040.188744,12372.372158,16412.560903,598,251,0.00,0.4672,0.3000,10,0,0,9,0.004500,0.5000,2,0.3750,2,0.5000,2,0.6563,2,0.4375,2,0.5781,2,0.6719,2,0.2813,2,0.3125,2,0.3594,2
10277534.0,4040.195015,12372.394358,16412.589373,599,252,0.00,0.4859,0.3000,10,0,0,9,0.004500,0.5000,2,0.3750,2,0.6875,2,0.6563,2,0.4375,2,0.5781,2,0.6719,2,0.2813,2,0.3125,2,0.3594,2
10277694.0,4040.308178,12372.789025,16413.097203,600,253,0.00,0.4859,0.3000,10,0,0,9,0.004500,0.5000,2,0.1875,2,0.6875,2,0.8438,2,0.4375,2,0.5781,2,0.6719,2,0.2813,2,0.3125,2,0.3594,2
10277875.0,4040.436921,12373.235492,16413.672413,601,254,0.00,0.5047,0.3000,10,0,0,9,0.004500,0.5000,2,0.1875,2,0.6875,2,0.8438,2,0.6250,2,0.5781,2,0.6719,2,0.2813,2,0.3125,2,0.3594,2
10277915.0,4040.465956,12373.334158,16413.800114,602,254,0.00,0.5094,0.3125,10,0,0,9,0.004500,0.5000,2,0.1875,2,0.6875,2,0.8438,2,0.6250,2,0.6250,2,0.6719,2,0.2813,2,0.3125,2,0.3594,2
10278278.0,4040.719963,12374.256783,16414.976746,603,255,0.00,0.4656,0.3250,10,0,0,9,0.004500,0.5000,2,0.1875,2,0.5000,2,0.6563,2,0.4375,2,0.6250,2,0.7969,2,0.2813,2,0.3125,2,0.3594,2
10279220.0,4041.367907,12376.666108,16418.034015,604,255,0.00,0.4578,0.3250,10,0,0,9,0.004500,0.5000,2,0.1875,2,0.5000,2,0.6563,2,0.4375,2,0.6250,2,0.6719,2,0.3281,2,0.3125,2,0.3594,2
10279624.0,4041.645812,12377.710567,16419.356379,605,256,0.00,0.4594,0.3250,10,0,0,9,0.004500,0.5000,2,0.1875,2,0.5000,2,0.6563,2,0.4375,2,0.6250,2,0.6719,2,0.2813,2,0.3750,2,0.3594,2
10280071.0,4041.954522,12378.880217,16420.834738,606,256,0.00,0.4641,0.3375,10,0,0,9,0.004500,0.5000,2,0.1875,2,0.5000,2,0.6563,2,0.4375,2,0.6250,2,0.6719,2,0.2813,2,0.3750,2,0.4063,2
10280529.0,4042.270904,12380.080225,16422.351129,607,257,0.00,0.4906,0.3250,10,0,0,9,0.004500,0.8125,2,0.1875,2,0.5000,2,0.6563,2,0.4375,2,0.6250,2,0.6719,2,0.2813,2,0.3750,2,0.3594,2
10280778.0,4042.448076,12380.731775,16423.179851,608,257,0.00,0.4766,0.3375,10,0,0,9,0.004500,0.6250,2,0.2344,2,0.5000,2,0.6563,2,0.4375,2,0.6250,2,0.6719,2,0.2813,2,0.3750,2,0.3594,2
10280815.0,4042.474124,12380.831367,16423.305491,609,258,0.00,0.5047,0.3500,10,0,0,9,0.004500,0.6250,2,0.2344,2,0.7813,2,0.6563,2,0.4375,2,0.6250,2,0.6719,2,0.2813,2,0.3750,2,0.3594,2
10281084.0,4042.669094,12381.569675,16424.238769,610,258,0.00,0.5047,0.3500,10,0,0,9,0.004500,0.6250,2,0.1875,2,0.7813,2,0.7031,2,0.4375,2,0.6250,2,0.6719,2,0.2813,2,0.3750,2,0.3594,2
10281304.0,4042.828643,12382.175417,16425.004060,611,259,0.00,0.5172,0.3500,10,0,0,9,0.004500,0.6250,2,0.1875,2,0.7813,2,0.6563,2,0.6094,2,0.6250,2,0.6719,2,0.2813,2,0.3750,2,0.3594,2
10281564.0,4043.019897,12382.894750,16425.914647,612,260,0.00,0.5344,0.3625,10,0,0,9,0.004500,0.6250,2,0.1875,2,0.7813,2,0.6563,2,0.6094,2,0.7969,2,0.6719,2,0.2813,2,0.3750,2,0.3594,2
10281591.0,4043.040119,12382.971475,16426.011594,613,260,0.00,0.5391,0.3750,10,0,0,9,0.004500,0.6250,2,0.1875,2,0.7813,2,0.6563,2,0.6094,2,0.7969,2,0.7188,2,0.2813,2,0.3750,2,0.3594,2
10281731.0,4043.144302,12383.375758,16426.520060,614,260,0.00,0.5156,0.3750,10,0,0,9,0.004500,0.6250,2,0.1875,2,0.5000,2,0.6563,2,0.6094,2,0.7969,2,0.7188,2,0.3281,2,0.3750,2,0.3594,2
10281756.0,4043.162661,12383.448675,16426.611336,615,261,0.00,0.5281,0.3875,10,0,0,9,0.004500,0.6250,2,0.1875,2,0.5000,2,0.6563,2,0.6094,2,0.7969,2,0.7188,2,0.3281,2,0.5000,2,0.3594,2
10281935.0,4043.293988,12383.959058,16427.253046,616,262,0.00,0.5047,0.3500,10,0,0,9,0.004500,0.6250,2,0.1875,2,0.5000,2,0.4688,2,0.6094,2,0.7969,2,0.6719,2,0.2813,2,0.5000,2,0.4063,2
10282240.0,4043.515378,12384.802892,16428.318269,617,262,0.00,0.5172,0.3625,10,0,0,9,0.004500,0.7500,2,0.1875,2,0.5000,2,0.4688,2,0.6094,2,0.7969,2,0.6719,2,0.2813,2,0.5000,2,0.4063,2
10282253.0,4043.524940,12384.839833,16428.364774,618,262,0.00,0.5219,0.3750,10,0,0,9,0.004500,0.7500,2,0.2344,2,0.5000,2,0.4688,2,0.6094,2,0.7969,2,0.6719,2,0.2813,2,0.5000,2,0.4063,2
10282268.0,4043.535895,12384.882833,16428.418729,619,262,0.00,0.5094,0.3750,10,0,0,9,0.004500,0.7500,2,0.2344,2,0.5469,2,0.4688,2,0.4375,2,0.7969,2,0.6719,2,0.2813,2,0.5000,2,0.4063,2
10282330.0,4043.581077,12385.063292,16428.644368,620,262,0.00,0.5016,0.3750,10,0,0,9,0.004500,0.6250,2,0.2344,2,0.5469,2,0.5156,2,0.4375,2,0.7969,2,0.6719,2,0.2813,2,0.5000,2,0.4063,2
10282361.0,4043.603499,12385.153633,16428.757133,621,263,0.00,0.5141,0.3750,10,0,0,9,0.004500,0.6250,2,0.2344,2,0.5469,2,0.4688,2,0.6094,2,0.7969,2,0.6719,2,0.2813,2,0.5000,2,0.4063,2
10282412.0,4043.640858,12385.301708,16428.942566,622,263,0.00,0.5156,0.3750,10,0,0,9,0.004500,0.6250,2,0.1875,2,0.5469,2,0.4688,2,0.6094,2,0.8594,2,0.6719,2,0.2813,2,0.5000,2,0.4063,2
10282878.0,4043.982738,12386.653900,16430.636638,623,264,0.00,0.5281,0.3750,10,0,0,9,0.004500,0.6250,2,0.1875,2,0.5469,2,0.4688,2,0.6094,2,0.8125,2,0.8438,2,0.2813,2,0.5000,2,0.4063,2
10282886.0,4043.988690,12386.677233,16430.665924,624,264,0.00,0.5328,0.3875,10,0,0,9,0.004500,0.6250,2,0.1875,2,0.5469,2,0.4688,2,0.6094,2,0.8125,2,0.8438,2,0.3281,2,0.5000,2,0.4063,2
10283250.0,4044.257684,12387.726750,16431.984434,625,265,0.00,0.5188,0.3625,10,0,0,9,0.004500,0.6250,2,0.1875,2,0.5469,2,0.4688,2,0.4375,2,0.8125,2,0.8438,2,0.2813,2,0.6719,2,0.3125,2
10283282.0,4044.281261,12387.817683,16432.098945,626,266,0.00,0.5328,0.3750,10,0,0,9,0.004500,0.6250,2,0.1875,2,0.5469,2,0.4688,2,0.4375,2,0.8125,2,0.8438,2,0.2813,2,0.6719,2,0.4531,2
10283554.0,4044.483618,12388.605242,16433.088860,627,267,0.00,0.5297,0.3750,10,0,0,9,0.004500,0.7656,2,0.1875,2,0.5469,2,0.4688,2,0.4375,2,0.8125,2,0.6719,2,0.2813,2,0.6719,2,0.4531,2
10283834.0,4044.685528,12389.383883,16434.069411,628,268,0.00,0.5125,0.3625,10,0,0,9,0.004500,0.7656,2,0.3594,2,0.5469,2,0.4688,2,0.4375,2,0.6406,2,0.6719,2,0.2813,2,0.5000,2,0.4531,2
10284010.0,4044.814350,12389.884017,16434.698367,629,268,0.00,0.5172,0.3750,10,0,0,9,0.004500,0.7656,2,0.3594,2,0.5938,2,0.4688,2,0.4375,2,0.6406,2,0.6719,2,0.2813,2,0.5000,2,0.4531,2
10284572.0,4045.227533,12391.519808,16436.747341,630,269,0.00,0.5281,0.3750,10,0,0,9,0.004500,0.7656,2,0.3594,2,0.5938,2,0.6406,2,0.4375,2,0.6406,2,0.6719,2,0.2813,2,0.4375,2,0.4531,2
10284612.0,4045.257297,12391.636475,16436.893772,631,270,0.00,0.5453,0.3875,10,0,0,9,0.004500,0.7656,2,0.3594,2,0.5938,2,0.6406,2,0.6094,2,0.6406,2,0.6719,2,0.2813,2,0.4375,2,0.4531,2
10284914.0,4045.482451,12392.503883,16437.986334,632,270,0.00,0.5281,0.3750,10,0,0,9,0.004500,0.7656,2,0.1875,2,0.5469,2,0.6406,2,0.6094,2,0.6875,2,0.6719,2,0.2813,2,0.4375,2,0.4531,2
10285049.0,4045.582904,12392.897633,16438.480537,633,270,0.00,0.5328,0.3875,10,0,0,9,0.004500,0.7656,2,0.1875,2,0.5469,2,0.6406,2,0.6094,2,0.6875,2,0.7188,2,0.2813,2,0.4375,2,0.4531,2
10285062.0,4045.592624,12392.936525,16438.529149,634,271,0.00,0.5578,0.4000,10,0,0,9,0.004500,0.7656,2,0.1875,2,0.5469,2,0.6406,2,0.6094,2,0.6875,2,0.7188,2,0.5313,2,0.4375,2,0.4531,2
10285584.0,4045.991736,12394.509350,16440.501086,635,272,0.00,0.5781,0.4000,10,0,0,9,0.004500,0.7656,2,0.1875,2,0.5469,2,0.6406,2,0.6094,2,0.6875,2,0.6719,2,0.5313,2,0.6875,2,0.4531,2
10285684.0,4046.070035,12394.816017,16440.886052,636,272,0.00,0.5828,0.4125,10,0,0,9,0.004500,0.7656,2,0.1875,2,0.5469,2,0.6406,2,0.6094,2,0.6875,2,0.6719,2,0.5313,2,0.6875,2,0.5000,2
10285696.0,4046.079475,12394.853717,16440.933191,637,272,0.00,0.5875,0.4250,10,0,0,9,0.004500,0.8125,2,0.1875,2,0.5469,2,0.6406,2,0.6094,2,0.6875,2,0.6719,2,0.5313,2,0.6875,2,0.5000,2
10286148.0,4046.434289,12396.258450,16442.692739,638,273,0.00,0.5953,0.4125,10,0,0,9,0.004500,0.7656,2,0.3594,2,0.5469,2,0.6406,2,0.6094,2,0.6406,2,0.6719,2,0.5313,2,0.6875,2,0.5000,2
10286237.0,4046.504413,12396.532808,16443.037221,639,273,0.00,0.5891,0.4000,10,0,0,9,0.004500,0.7656,2,0.3594,2,0.6719,2,0.6406,2,0.6094,2,0.6406,2,0.6719,2,0.5313,2,0.6875,2,0.3125,2
10286458.0,4046.679322,12397.210467,16443.889789,640,273,0.00,0.5797,0.4000,10,0,0,9,0.004500,0.6250,2,0.3594,2,0.6719,2,0.6875,2,0.6094,2,0.6406,2,0.6719,2,0.5313,2,0.6875,2,0.3125,2
10286759.0,4046.914495,12398.117333,16445.031829,641,274,0.00,0.5938,0.3750,10,0,0,9,0.004500,0.6250,2,0.3594,2,0.6719,2,0.6406,2,0.8594,2,0.5781,2,0.6719,2,0.5313,2,0.6875,2,0.3125,2
10286819.0,4046.962204,12398.292333,16445.254537,642,274,0.00,0.5984,0.3875,10,0,0,9,0.004500,0.6250,2,0.3594,2,0.6719,2,0.6406,2,0.8594,2,0.6250,2,0.6719,2,0.5313,2,0.6875,2,0.3125,2
10287519.0,4047.508505,12400.274000,16447.782505,643,275,0.00,0.5688,0.3375,10,0,0,9,0.004500,0.6250,2,0.3594,2,0.5469,2,0.6406,2,0.8594,2,0.5781,2,0.9219,2,0.2813,2,0.5625,2,0.3125,2
10287566.0,4047.544963,12400.400508,16447.945471,644,276,0.00,0.5922,0.3500,10,0,0,9,0.004500,0.6250,2,0.3594,2,0.5469,2,0.6406,2,0.8594,2,0.5781,2,0.9219,2,0.5156,2,0.5625,2,0.3125,2
10287684.0,4047.637563,12400.720900,16448.358463,645,277,0.00,0.6000,0.3375,10,0,0,9,0.004500,0.6250,2,0.3594,2,0.5469,2,0.4688,2,0.8594,2,0.5781,2,0.9219,2,0.5156,2,0.8125,2,0.3125,2
10287821.0,4047.744245,12401.081033,16448.825278,646,278,0.00,0.5828,0.3375,10,0,0,9,0.004500,0.6250,2,0.1875,2,0.5469,2,0.4688,2,0.8594,2,0.5781,2,0.9219,2,0.5156,2,0.5625,2,0.5625,2
10287906.0,4047.811109,12401.309825,16449.120934,647,279,0.00,0.6109,0.3500,10,0,0,9,0.004500,0.9063,2,0.1875,2,0.5469,2,0.4688,2,0.8594,2,0.5781,2,0.9219,2,0.5156,2,0.5625,2,0.5625,2
10287971.0,4047.863662,12401.489658,16449.353320,648,279,0.00,0.6234,0.3625,10,0,0,9,0.004500,0.9063,2,0.3125,2,0.5469,2,0.4688,2,0.8594,2,0.5781,2,0.9219,2,0.5156,2,0.5625,2,0.5625,2
10288025.0,4047.907846,12401.643108,16449.550954,649,280,0.00,0.6297,0.3750,10,0,0,9,0.004500,0.9063,2,0.3125,2,0.6094,2,0.4688,2,0.8594,2,0.5781,2,0.9219,2,0.5156,2,0.5625,2,0.5625,2
10288056.0,4047.933362,12401.733525,16449.666887,650,280,0.00,0.6344,0.3875,10,0,0,9,0.004500,0.9063,2,0.3125,2,0.6094,2,0.5156,2,0.8594,2,0.5781,2,0.9219,2,0.5156,2,0.5625,2,0.5625,2
10288251.0,4048.093653,12402.311725,16450.405378,651,281,0.00,0.6453,0.3875,10,0,0,9,0.004500,0.9063,2,0.3125,2,0.6094,2,0.5156,2,0.6875,2,0.8594,2,0.9219,2,0.5156,2,0.5625,2,0.5625,2
10288632.0,4048.403218,12403.428525,16451.831743,652,281,0.00,0.6125,0.3875,10,0,0,9,0.004500,0.9063,2,0.1875,2,0.6094,2,0.5156,2,0.6875,2,0.8594,2,0.7188,2,0.5156,2,0.5625,2,0.5625,2
10288768.0,4048.510981,12403.823617,16452.334598,653,282,0.00,0.5984,0.3625,10,0,0,9,0.004500,0.9063,2,0.1875,2,0.6094,2,0.4688,2,0.6875,2,0.5781,2,0.7188,2,0.7031,2,0.5625,2,0.5625,2
10289332.0,4048.947616,12405.348167,16454.295783,654,282,0.00,0.5703,0.3500,10,0,0,9,0.004500,0.6250,2,0.1875,2,0.6094,2,0.4688,2,0.6875,2,0.5781,2,0.6719,2,0.7031,2,0.6094,2,0.5625,2
10290217.0,4049.630140,12407.705917,16457.336057,655,283,0.00,0.5781,0.3375,10,0,0,9,0.004500,0.6250,2,0.1875,2,0.5469,2,0.4688,2,0.6875,2,0.5781,2,0.6719,2,0.7031,2,0.5625,2,0.7500,2
10290217.0,4049.630140,12407.705917,16457.336057,656,284,0.00,0.5969,0.3500,10,0,0,9,0.004500,0.8125,2,0.1875,2,0.5469,2,0.4688,2,0.6875,2,0.5781,2,0.6719,2,0.7031,2,0.5625,2,0.7500,2
10290268.0,4049.670816,12407.847017,16457.517833,657,285,0.00,0.6141,0.3625,10,0,0,9,0.004500,0.8125,2,0.3594,2,0.5469,2,0.4688,2,0.6875,2,0.5781,2,0.6719,2,0.7031,2,0.5625,2,0.7500,2
10290883.0,4050.165518,12409.594642,16459.760160,658,286,0.00,0.6203,0.3625,10,0,0,9,0.004500,0.8125,2,0.3594,2,0.7969,2,0.4688,2,0.6875,2,0.5781,2,0.6719,2,0.5156,2,0.5625,2,0.7500,2
10290997.0,4050.258399,12409.917917,16460.176315,659,287,0.00,0.6219,0.3625,10,0,0,9,0.004500,0.8125,2,0.1875,2,0.7969,2,0.6563,2,0.6875,2,0.5781,2,0.6719,2,0.5156,2,0.5625,2,0.7500,2
10291056.0,4050.306603,12410.085575,16460.392178,660,288,0.00,0.6469,0.3625,10,0,0,9,0.004500,0.8125,2,0.1875,2,0.7969,2,0.6563,2,0.9375,2,0.5781,2,0.6719,2,0.5156,2,0.5625,2,0.7500,2
10291241.0,4050.458061,12410.611283,16461.069345,661,289,0.00,0.6391,0.3750,10,0,0,9,0.004500,0.8125,2,0.1875,2,0.5469,2,0.6563,2,0.9375,2,0.7500,2,0.6719,2,0.5156,2,0.5625,2,0.7500,2
10291568.0,4050.726128,12411.531733,16462.257861,662,289,0.00,0.6266,0.3625,10,0,0,9,0.004500,0.8125,2,0.1875,2,0.5469,2,0.6563,2,0.9375,2,0.5625,2,0.7344,2,0.5156,2,0.5625,2,0.7500,2
10291594.0,4050.747465,12411.605617,16462.353082,663,289,0.00,0.6313,0.3750,10,0,0,9,0.004500,0.8125,2,0.1875,2,0.5469,2,0.6563,2,0.9375,2,0.5625,2,0.7344,2,0.5625,2,0.5625,2,0.7500,2
10291860.0,4050.966249,12412.371550,16463.337799,664,290,0.00,0.6438,0.3750,10,0,0,9,0.004500,0.8125,2,0.1875,2,0.5469,2,0.6563,2,0.9375,2,0.5625,2,0.7344,2,0.5156,2,0.7344,2,0.7500,2
10292589.0,4051.547762,12414.475000,16466.022762,665,291,0.00,0.5547,0.3625,10,0,0,9,0.004500,0.8125,2,0.1875,2,0.5469,2,0.6563,2,0.4375,2,0.5625,2,0.7344,2,0.2813,2,0.7344,2,0.5938,2
10292824.0,4051.727480,12415.142792,16466.870272,666,292,0.00,0.5609,0.3750,10,0,0,9,0.004500,0.8750,2,0.1875,2,0.5469,2,0.6563,2,0.4375,2,0.5625,2,0.7344,2,0.2813,2,0.7344,2,0.5938,2
10292995.0,4051.859085,12415.641542,16467.500626,667,292,0.00,0.5656,0.3875,10,0,0,9,0.004500,0.8750,2,0.2344,2,0.5469,2,0.6563,2,0.4375,2,0.5625,2,0.7344,2,0.2813,2,0.7344,2,0.5938,2
10293013.0,4051.873003,12415.695392,16467.568395,668,293,0.00,0.5828,0.4000,10,0,0,9,0.004500,0.8750,2,0.2344,2,0.7188,2,0.6563,2,0.4375,2,0.5625,2,0.7344,2,0.2813,2,0.7344,2,0.5938,2
10293874.0,4052.547833,12418.285167,16470.832999,669,294,0.00,0.5969,0.4000,10,0,0,9,0.004500,0.8750,2,0.1875,2,0.7188,2,0.8438,2,0.4375,2,0.5625,2,0.7344,2,0.2813,2,0.7344,2,0.5938,2
10293926.0,4052.589306,12418.444633,16471.033940,670,294,0.00,0.6031,0.4125,10,0,0,9,0.004500,0.8750,2,0.1875,2,0.7188,2,0.8438,2,0.5000,2,0.5625,2,0.7344,2,0.2813,2,0.7344,2,0.5938,2
10294021.0,4052.664662,12418.735367,16471.400029,671,295,0.00,0.5859,0.4000,10,0,0,9,0.004500,0.8750,2,0.1875,2,0.5469,2,0.8438,2,0.4375,2,0.6250,2,0.7344,2,0.2813,2,0.7344,2,0.5938,2
10294984.0,4053.415721,12421.643267,16475.058988,672,296,0.00,0.5844,0.4000,10,0,0,9,0.004500,0.8750,2,0.1875,2,0.5469,2,0.6563,2,0.4375,2,0.6250,2,0.9063,2,0.2813,2,0.7344,2,0.5938,2
10295521.0,4053.838795,12423.290067,16477.128862,673,296,0.00,0.5891,0.4125,10,0,0,9,0.004500,0.8750,2,0.1875,2,0.5469,2,0.6563,2,0.4375,2,0.6250,2,0.9063,2,0.3281,2,0.7344,2,0.5938,2
10295551.0,4053.862540,12423.384317,16477.246856,674,296,0.00,0.5938,0.4250,10,0,0,9,0.004500,0.8750,2,0.1875,2,0.5469,2,0.6563,2,0.4375,2,0.6250,2,0.9063,2,0.3281,2,0.7813,2,0.5938,2
10296005.0,4054.221291,12424.798558,16479.019849,675,297,0.00,0.6078,0.4125,10,0,0,9,0.004500,0.8750,2,0.1875,2,0.5469,2,0.6563,2,0.4375,2,0.6250,2,0.9063,2,0.2813,2,0.7344,2,0.8281,2
10296154.0,4054.341396,12425.266667,16479.608063,676,297,0.00,0.6125,0.4250,10,0,0,9,0.004500,0.9219,2,0.1875,2,0.5469,2,0.6563,2,0.4375,2,0.6250,2,0.9063,2,0.2813,2,0.7344,2,0.8281,2
10296182.0,4054.364068,12425.356733,16479.720802,677,298,0.00,0.6297,0.4375,10,0,0,9,0.004500,0.9219,2,0.3594,2,0.5469,2,0.6563,2,0.4375,2,0.6250,2,0.9063,2,0.2813,2,0.7344,2,0.8281,2
10296641.0,4054.740499,12426.839483,16481.579983,678,298,0.00,0.6297,0.4375,10,0,0,9,0.004500,0.8750,2,0.3594,2,0.5938,2,0.6563,2,0.4375,2,0.6250,2,0.9063,2,0.2813,2,0.7344,2,0.8281,2
10296892.0,4054.943380,12427.645592,16482.588972,679,299,0.00,0.6188,0.4000,10,0,0,9,0.004500,0.8125,2,0.3594,2,0.5469,2,0.8906,2,0.4375,2,0.6250,2,0.9063,2,0.2813,2,0.7344,2,0.5938,2
10296892.0,4054.943380,12427.645592,16482.588972,680,300,0.00,0.6422,0.4000,10,0,0,9,0.004500,0.8125,2,0.3594,2,0.5469,2,0.8906,2,0.6719,2,0.6250,2,0.9063,2,0.2813,2,0.7344,2,0.5938,2
10296894.0,4054.945046,12427.651725,16482.596771,681,301,0.00,0.6656,0.4000,10,0,0,9,0.004500,0.8125,2,0.3594,2,0.5469,2,0.8906,2,0.6719,2,0.8594,2,0.9063,2,0.2813,2,0.7344,2,0.5938,2
10297478.0,4055.420926,12429.442658,16484.863585,682,302,0.00,0.6125,0.4125,10,0,0,9,0.004500,0.8125,2,0.3594,2,0.5469,2,0.6563,2,0.4375,2,0.6250,2,0.9063,2,0.4531,2,0.7344,2,0.5938,2
10297481.0,4055.423356,12429.452083,16484.875439,683,302,0.00,0.6172,0.4250,10,0,0,9,0.004500,0.8125,2,0.3594,2,0.5469,2,0.6563,2,0.4375,2,0.6250,2,0.9063,2,0.4531,2,0.7813,2,0.5938,2
10297562.0,4055.489238,12429.712633,16485.201872,684,303,0.00,0.6344,0.4375,10,0,0,9,0.004500,0.8125,2,0.3594,2,0.5469,2,0.6563,2,0.4375,2,0.6250,2,0.9063,2,0.4531,2,0.7813,2,0.7656,2
10297584.0,4055.507427,12429.785050,16485.292477,685,304,0.00,0.6516,0.4500,10,0,0,9,0.004500,0.9844,2,0.3594,2,0.5469,2,0.6563,2,0.4375,2,0.6250,2,0.9063,2,0.4531,2,0.7813,2,0.7656,2
10297724.0,4055.624877,12430.253008,16485.877885,686,304,0.00,0.6516,0.4500,10,0,0,9,0.004500,0.9844,2,0.4063,2,0.5469,2,0.6563,2,0.4375,2,0.6250,2,0.9063,2,0.4531,2,0.7344,2,0.7656,2
10297734.0,4055.633278,12430.286675,16485.919953,687,305,0.00,0.6688,0.4625,10,0,0,9,0.004500,0.9844,2,0.4063,2,0.7188,2,0.6563,2,0.4375,2,0.6250,2,0.9063,2,0.4531,2,0.7344,2,0.7656,2
10297773.0,4055.666564,12430.420900,16486.087464,688,305,0.00,0.6734,0.4750,10,0,0,9,0.004500,0.9844,2,0.4063,2,0.7188,2,0.7031,2,0.4375,2,0.6250,2,0.9063,2,0.4531,2,0.7344,2,0.7656,2
10297877.0,4055.755076,12430.783108,16486.538184,689,305,0.00,0.6609,0.4750,10,0,0,9,0.004500,0.9844,2,0.4063,2,0.7188,2,0.7031,2,0.4844,2,0.6250,2,0.9063,2,0.4531,2,0.7344,2,0.5938,2
10298377.0,4056.165176,12432.384692,16488.549867,690,305,0.00,0.5609,0.3750,10,0,0,9,0.004500,0.9844,2,0.1875,2,0.5469,2,0.6563,2,0.4375,2,0.6250,2,0.7344,2,0.2813,2,0.5625,2,0.5938,2
10298794.0,4056.480706,12433.570642,16490.051347,691,306,0.00,0.5625,0.3750,10,0,0,9,0.004500,0.8125,2,0.1875,2,0.5469,2,0.6563,2,0.4375,2,0.6250,2,0.9219,2,0.2813,2,0.5625,2,0.5938,2
10298876.0,4056.543914,12433.809808,16490.353722,692,307,0.00,0.5688,0.3875,10,0,0,9,0.004500,0.8125,2,0.1875,2,0.5469,2,0.6563,2,0.4375,2,0.6250,2,0.9219,2,0.3438,2,0.5625,2,0.5938,2
10299155.0,4056.760333,12434.644483,16491.404816,693,308,0.00,0.5781,0.4000,10,0,0,9,0.004500,0.8125,2,0.1875,2,0.5469,2,0.6563,2,0.4375,2,0.6250,2,0.9219,2,0.3438,2,0.6563,2,0.5938,2
10299397.0,4056.949208,12435.377242,16492.326449,694,308,0.00,0.5766,0.4000,10,0,0,9,0.004500,0.8125,2,0.1875,2,0.5469,2,0.6563,2,0.4375,2,0.5625,2,0.9219,2,0.3438,2,0.6563,2,0.6406,2
10299470.0,4057.006201,12435.599533,16492.605734,695,309,0.00,0.5891,0.4000,10,0,0,9,0.004500,0.9844,2,0.1875,2,0.5469,2,0.6563,2,0.4375,2,0.5625,2,0.9219,2,0.3438,2,0.6563,2,0.5938,2
10299478.0,4057.012532,12435.624067,16492.636599,696,310,0.00,0.6063,0.4125,10,0,0,9,0.004500,0.9844,2,0.3594,2,0.5469,2,0.6563,2,0.4375,2,0.5625,2,0.9219,2,0.3438,2,0.6563,2,0.5938,2
10299568.0,4057.084970,12435.906817,16492.991787,697,311,0.00,0.6234,0.4250,10,0,0,9,0.004500,0.9844,2,0.3594,2,0.7188,2,0.6563,2,0.4375,2,0.5625,2,0.9219,2,0.3438,2,0.6563,2,0.5938,2
10299841.0,4057.304346,12436.757442,16494.061788,698,311,0.00,0.6031,0.4125,10,0,0,9,0.004500,0.9844,2,0.3594,2,0.5469,2,0.7188,2,0.4375,2,0.5625,2,0.9219,2,0.3438,2,0.5625,2,0.5938,2
10300035.0,4057.460017,12437.366925,16494.826942,699,311,0.00,0.6078,0.4250,10,0,0,9,0.004500,0.9844,2,0.3594,2,0.5469,2,0.7188,2,0.4844,2,0.5625,2,0.9219,2,0.3438,2,0.5625,2,0.5938,2
10300246.0,4057.629454,12438.032367,16495.661821,700,312,0.00,0.6000,0.4125,10,0,0,9,0.004500,0.9844,2,0.3594,2,0.5000,2,0.7188,2,0.4375,2,0.5781,2,0.9219,2,0.3438,2,0.5625,2,0.5938,2
10300654.0,4057.952325,12439.294367,16497.246692,701,312,0.00,0.5875,0.4125,10,0,0,9,0.004500,0.9844,2,0.1875,2,0.5000,2,0.7188,2,0.4375,2,0.5781,2,0.9688,2,0.3438,2,0.5625,2,0.5938,2
10301249.0,4058.419988,12441.116858,16499.536847,702,312,0.00,0.5813,0.4000,10,0,0,9,0.004500,0.9844,2,0.1875,2,0.5000,2,0.6563,2,0.4375,2,0.5781,2,0.9219,2,0.3906,2,0.5625,2,0.5938,2
10303030.0,4059.810995,12446.378717,16506.189712,703,312,0.00,0.5734,0.3750,10,0,0,9,0.004500,0.9844,2,0.1875,2,0.5000,2,0.6563,2,0.4375,2,0.5625,2,0.9219,2,0.2813,2,0.6094,2,0.5938,2
10303910.0,4060.483677,12448.832133,16509.315811,704,313,0.00,0.5797,0.3625,10,0,0,9,0.004500,0.8125,2,0.1875,2,0.5000,2,0.6563,2,0.4375,2,0.5625,2,0.9219,2,0.2813,2,0.5625,2,0.8750,2
10303910.0,4060.483677,12448.832133,16509.315811,705,314,0.00,0.5969,0.3750,10,0,0,9,0.004500,0.9844,2,0.1875,2,0.5000,2,0.6563,2,0.4375,2,0.5625,2,0.9219,2,0.2813,2,0.5625,2,0.8750,2
10304054.0,4060.598527,12449.252133,16509.850661,706,314,0.00,0.6016,0.3875,10,0,0,9,0.004500,0.9844,2,0.2344,2,0.5000,2,0.6563,2,0.4375,2,0.5625,2,0.9219,2,0.2813,2,0.5625,2,0.8750,2
10304304.0,4060.798641,12449.996150,16510.794791,707,314,0.00,0.6016,0.3875,10,0,0,9,0.004500,0.9844,2,0.1875,2,0.5469,2,0.6563,2,0.4375,2,0.5625,2,0.9219,2,0.2813,2,0.5625,2,0.8750,2
10304349.0,4060.834696,12450.130775,16510.965471,708,314,0.00,0.6063,0.4000,10,0,0,9,0.004500,0.9844,2,0.1875,2,0.5469,2,0.7031,2,0.4375,2,0.5625,2,0.9219,2,0.2813,2,0.5625,2,0.8750,2
10305348.0,4061.600802,12452.934050,16514.534852,709,314,0.00,0.5563,0.3625,10,0,0,9,0.004500,0.8125,2,0.1875,2,0.5000,2,0.6563,2,0.4844,2,0.5625,2,0.9219,2,0.2813,2,0.5625,2,0.5938,2
10305589.0,4061.785343,12453.617692,16515.403034,710,314,0.00,0.5641,0.3625,10,0,0,9,0.004500,0.8125,2,0.1875,2,0.5000,2,0.6563,2,0.4375,2,0.6875,2,0.9219,2,0.2813,2,0.5625,2,0.5938,2
10306030.0,4062.125816,12454.870867,16516.996683,711,314,0.00,0.5766,0.3750,10,0,0,9,0.004500,0.8125,2,0.1875,2,0.5000,2,0.6563,2,0.4375,2,0.6875,2,0.9219,2,0.4063,2,0.5625,2,0.5938,2
10306555.0,4062.536246,12456.402117,16518.938362,712,314,0.00,0.5813,0.3875,10,0,0,9,0.004500,0.8125,2,0.1875,2,0.5000,2,0.6563,2,0.4375,2,0.6875,2,0.9219,2,0.4063,2,0.6094,2,0.5938,2
10306710.0,4062.657913,12456.864325,16519.522237,713,315,0.00,0.5938,0.3875,10,0,0,9,0.004500,0.8125,2,0.1875,2,0.5000,2,0.6563,2,0.4375,2,0.6875,2,0.9219,2,0.4063,2,0.5625,2,0.7656,2
10306993.0,4062.882937,12457.710967,16520.593903,714,316,0.00,0.6109,0.4000,10,0,0,9,0.004500,0.9844,2,0.1875,2,0.5000,2,0.6563,2,0.4375,2,0.6875,2,0.9219,2,0.4063,2,0.5625,2,0.7656,2
10307276.0,4063.111744,12458.578833,16521.690578,715,317,0.00,0.6281,0.4125,10,0,0,9,0.004500,0.9844,2,0.3594,2,0.5000,2,0.6563,2,0.4375,2,0.6875,2,0.9219,2,0.4063,2,0.5625,2,0.7656,2
10307415.0,4063.225985,12459.015525,16522.241510,716,318,0.00,0.6469,0.4125,10,0,0,9,0.004500,0.9844,2,0.3594,2,0.6875,2,0.6563,2,0.4375,2,0.6875,2,0.9219,2,0.4063,2,0.5625,2,0.7656,2
10307447.0,4063.252752,12459.116058,16522.368810,717,319,0.00,0.6656,0.4125,10,0,0,9,0.004500,0.9844,2,0.3594,2,0.6875,2,0.8438,2,0.4375,2,0.6875,2,0.9219,2,0.4063,2,0.5625,2,0.7656,2
10307455.0,4063.259560,12459.141192,16522.400752,718,320,0.00,0.6844,0.4125,10,0,0,9,0.004500,0.9844,2,0.3594,2,0.6875,2,0.8438,2,0.6250,2,0.6875,2,0.9219,2,0.4063,2,0.5625,2,0.7656,2
10307522.0,4063.317557,12459.351683,16522.669240,719,321,0.00,0.7031,0.4125,10,0,0,9,0.004500,0.9844,2,0.3594,2,0.6875,2,0.8438,2,0.6250,2,0.8750,2,0.9219,2,0.4063,2,0.5625,2,0.7656,2
10307762.0,4063.526716,12460.089558,16523.616275,720,321,0.00,0.6953,0.4125,10,0,0,9,0.004500,0.9844,2,0.3594,2,0.6875,2,0.8438,2,0.6250,2,0.8750,2,0.9688,2,0.2813,2,0.5625,2,0.7656,2
10307826.0,4063.582661,12460.290625,16523.873286,721,322,0.00,0.7141,0.4125,10,0,0,9,0.004500,0.9844,2,0.3594,2,0.6875,2,0.8438,2,0.6250,2,0.8750,2,0.9688,2,0.4688,2,0.5625,2,0.7656,2
10308033.0,4063.763453,12460.916650,16524.680103,722,323,0.00,0.6906,0.4000,10,0,0,9,0.004500,0.9844,2,0.3594,2,0.6875,2,0.8438,2,0.6250,2,0.8750,2,0.7344,2,0.2813,2,0.7500,2,0.7656,2
10311803.0,4066.711511,12471.739608,16538.451119,723,323,0.00,0.5766,0.3750,10,0,0,9,0.004500,0.8125,2,0.1875,2,0.5000,2,0.6563,2,0.4375,2,0.6875,2,0.7344,2,0.2813,2,0.7500,2,0.7188,2
10312991.0,4067.632234,12475.142733,16542.774967,724,323,0.00,0.5688,0.3750,10,0,0,9,0.004500,0.8594,2,0.1875,2,0.5000,2,0.6563,2,0.4375,2,0.6875,2,0.7344,2,0.2813,2,0.7500,2,0.5938,2
10314009.0,4068.418912,12478.050625,16546.469537,725,323,0.00,0.5688,0.3750,10,0,0,9,0.004500,0.8125,2,0.2344,2,0.5000,2,0.6563,2,0.4375,2,0.6875,2,0.7344,2,0.2813,2,0.7500,2,0.5938,2
10314591.0,4068.869039,12479.720825,16548.589864,726,323,0.00,0.5688,0.3750,10,0,0,9,0.004500,0.8125,2,0.1875,2,0.5469,2,0.6563,2,0.4375,2,0.6875,2,0.7344,2,0.2813,2,0.7500,2,0.5938,2
10314949.0,4069.146249,12480.754942,16549.901191,727,323,0.00,0.5688,0.3750,10,0,0,9,0.004500,0.8125,2,0.1875,2,0.5000,2,0.7031,2,0.4375,2,0.6875,2,0.7344,2,0.2813,2,0.7500,2,0.5938,2
10315182.0,4069.326938,12481.433550,16550.760488,728,324,0.00,0.5891,0.3750,10,0,0,9,0.004500,0.8125,2,0.1875,2,0.5000,2,0.6563,2,0.6875,2,0.6875,2,0.7344,2,0.2813,2,0.7500,2,0.5938,2
10315828.0,4069.838243,12483.317717,16553.155960,729,324,0.00,0.5938,0.3875,10,0,0,9,0.004500,0.8125,2,0.1875,2,0.5000,2,0.6563,2,0.6875,2,0.7344,2,0.7344,2,0.2813,2,0.7500,2,0.5938,2
10315953.0,4069.937635,12483.691675,16553.629310,730,325,0.00,0.6125,0.4000,10,0,0,9,0.004500,0.8125,2,0.1875,2,0.5000,2,0.6563,2,0.6875,2,0.7344,2,0.9219,2,0.2813,2,0.7500,2,0.5938,2
10316091.0,4070.049136,12484.109925,16554.159061,731,325,0.00,0.6172,0.4000,10,0,0,9,0.004500,0.8125,2,0.1875,2,0.5000,2,0.6563,2,0.6875,2,0.6875,2,0.9219,2,0.3750,2,0.7500,2,0.5938,2
10317757.0,4071.404207,12489.218992,16560.623199,732,326,0.00,0.6422,0.4125,10,0,0,9,0.004500,0.8125,2,0.1875,2,0.5000,2,0.6563,2,0.6875,2,0.6875,2,0.9219,2,0.3750,2,1.0000,2,0.5938,2
10319606.0,4072.919889,12494.934633,16567.854522,733,326,0.00,0.6234,0.4125,10,0,0,9,0.004500,0.8125,2,0.1875,2,0.5000,2,0.6563,2,0.4375,2,0.6875,2,0.9219,2,0.3750,2,1.0000,2,0.6563,2
10321771.0,4074.684569,12501.710167,16576.394736,734,326,0.00,0.6047,0.4125,10,0,0,9,0.004500,0.8750,2,0.1875,2,0.5000,2,0.6563,2,0.4375,2,0.6875,2,0.9219,2,0.3750,2,0.7500,2,0.6563,2
10321913.0,4074.798687,12502.156283,16576.954970,735,326,0.00,0.6172,0.4250,10,0,0,9,0.004500,0.8750,2,0.3125,2,0.5000,2,0.6563,2,0.4375,2,0.6875,2,0.9219,2,0.3750,2,0.7500,2,0.6563,2
10322676.0,4075.416564,12504.568600,16579.985164,736,326,0.00,0.6156,0.4250,10,0,0,9,0.004500,0.8750,2,0.3125,2,0.5469,2,0.6563,2,0.4375,2,0.6875,2,0.9219,2,0.3750,2,0.7500,2,0.5938,2
10323648.0,4076.203509,12507.644425,16583.847934,737,327,0.00,0.6359,0.4250,10,0,0,9,0.004500,0.8750,2,0.3125,2,0.5000,2,0.9063,2,0.4375,2,0.6875,2,0.9219,2,0.3750,2,0.7500,2,0.5938,2
10325258.0,4077.519069,12512.755983,16590.275052,738,328,0.00,0.6359,0.4250,10,0,0,9,0.004500,0.8750,2,0.3125,2,0.5000,2,0.6563,2,0.6875,2,0.6875,2,0.9219,2,0.3750,2,0.7500,2,0.5938,2
10325800.0,4077.967818,12514.499417,16592.467235,739,329,0.00,0.6484,0.4375,10,0,0,9,0.004500,0.8750,2,0.3125,2,0.5000,2,0.6563,2,0.6875,2,0.8125,2,0.9219,2,0.3750,2,0.7500,2,0.5938,2
10326430.0,4078.495553,12516.573167,16595.068719,740,329,0.00,0.6547,0.4500,10,0,0,9,0.004500,0.8750,2,0.3125,2,0.5000,2,0.6563,2,0.6875,2,0.8125,2,0.9844,2,0.3750,2,0.7500,2,0.5938,2
10326485.0,4078.541892,12516.758333,16595.300225,741,329,0.00,0.6609,0.4625,10,0,0,9,0.004500,0.8750,2,0.3125,2,0.5000,2,0.6563,2,0.6875,2,0.8125,2,0.9844,2,0.4375,2,0.7500,2,0.5938,2
10327751.0,4079.592149,12520.990383,16600.582533,742,329,0.00,0.6297,0.4375,10,0,0,9,0.004500,0.8125,2,0.3125,2,0.5000,2,0.6563,2,0.4375,2,0.8125,2,0.9219,2,0.4375,2,0.8125,2,0.5938,2
10328513.0,4080.215567,12523.479208,16603.694775,743,329,0.00,0.6172,0.4375,10,0,0,9,0.004500,0.8125,2,0.3125,2,0.5000,2,0.6563,2,0.4375,2,0.8125,2,0.9219,2,0.4375,2,0.6250,2,0.6563,2
10328589.0,4080.277383,12523.729375,16604.006758,744,329,0.00,0.6219,0.4500,10,0,0,9,0.004500,0.8594,2,0.3125,2,0.5000,2,0.6563,2,0.4375,2,0.8125,2,0.9219,2,0.4375,2,0.6250,2,0.6563,2
10329249.0,4080.810768,12525.859050,16606.669818,745,329,0.00,0.5969,0.4125,10,0,0,9,0.004500,0.8125,2,0.3594,2,0.5000,2,0.6563,2,0.4375,2,0.6875,2,0.9219,2,0.4375,2,0.5625,2,0.5938,2
10329323.0,4080.869788,12526.091533,16606.961321,746,329,0.00,0.6016,0.4250,10,0,0,9,0.004500,0.8125,2,0.3594,2,0.5469,2,0.6563,2,0.4375,2,0.6875,2,0.9219,2,0.4375,2,0.5625,2,0.5938,2
10330595.0,4081.881649,12530.033283,16611.914933,747,330,0.00,0.6109,0.4125,10,0,0,9,0.004500,0.8125,2,0.3125,2,0.5000,2,0.8438,2,0.4375,2,0.6875,2,0.9219,2,0.4375,2,0.5625,2,0.5938,2
10332019.0,4083.032963,12534.507017,16617.539980,748,330,0.00,0.6156,0.4250,10,0,0,9,0.004500,0.8125,2,0.3125,2,0.5000,2,0.8438,2,0.4844,2,0.6875,2,0.9219,2,0.4375,2,0.5625,2,0.5938,2
10336967.0,4087.001684,12549.785208,16636.786892,749,330,0.00,0.5984,0.4000,10,0,0,9,0.004500,0.8125,2,0.1875,2,0.5000,2,0.8438,2,0.4375,2,0.7500,2,0.9219,2,0.3750,2,0.5625,2,0.5938,2
10337134.0,4087.135081,12550.297342,16637.432422,750,331,0.00,0.6078,0.4125,10,0,0,9,0.004500,0.8125,2,0.1875,2,0.5000,2,0.8438,2,0.4375,2,0.7500,2,0.9219,2,0.4688,2,0.5625,2,0.5938,2
10337702.0,4087.592932,12552.081808,16639.674740,751,331,0.00,0.6203,0.4125,10,0,0,9,0.004500,0.8125,2,0.1875,2,0.5000,2,0.8438,2,0.4375,2,0.7500,2,0.9219,2,0.4688,2,0.6875,2,0.5938,2
10337703.0,4087.593748,12552.084950,16639.678698,752,331,0.00,0.6234,0.4000,10,0,0,9,0.004500,0.8125,2,0.1875,2,0.5000,2,0.8438,2,0.4375,2,0.7500,2,0.9219,2,0.3750,2,0.6875,2,0.7188,2
10337704.0,4087.594566,12552.088017,16639.682583,753,331,0.00,0.6359,0.4000,10,0,0,9,0.004500,0.9375,2,0.1875,2,0.5000,2,0.8438,2,0.4375,2,0.7500,2,0.9219,2,0.3750,2,0.6875,2,0.7188,2
10337720.0,4087.607813,12552.137083,16639.744897,754,331,0.00,0.6484,0.4000,10,0,0,9,0.004500,0.9375,2,0.3125,2,0.5000,2,0.8438,2,0.4375,2,0.7500,2,0.9219,2,0.3750,2,0.6875,2,0.7188,2
10337723.0,4087.610326,12552.146283,16639.756610,755,331,0.00,0.6609,0.4000,10,0,0,9,0.004500,0.9375,2,0.3125,2,0.6250,2,0.8438,2,0.4375,2,0.7500,2,0.9219,2,0.3750,2,0.6875,2,0.7188,2
10337728.0,4087.614563,12552.161617,16639.776180,756,331,0.00,0.6734,0.4000,10,0,0,9,0.004500,0.9375,2,0.3125,2,0.6250,2,0.9688,2,0.4375,2,0.7500,2,0.9219,2,0.3750,2,0.6875,2,0.7188,2
10338528.0,4088.300258,12554.614950,16642.915208,757,331,0.00,0.6781,0.4125,10,0,0,9,0.004500,0.9375,2,0.3125,2,0.6250,2,0.9688,2,0.4844,2,0.7500,2,0.9219,2,0.3750,2,0.6875,2,0.7188,2
10338801.0,4088.534962,12555.466775,16644.001737,758,332,0.00,0.6984,0.4125,10,0,0,9,0.004500,0.9375,2,0.3125,2,0.6250,2,0.9688,2,0.4375,2,1.0000,2,0.9219,2,0.3750,2,0.6875,2,0.7188,2
10340196.0,4089.752750,12559.801550,16649.554300,759,333,0.00,0.6813,0.4000,10,0,0,9,0.004500,0.9375,2,0.3125,2,0.6250,2,0.9688,2,0.4375,2,0.7500,2,0.9219,2,0.4531,2,0.6875,2,0.7188,2
10340427.0,4089.952148,12560.509950,16650.462098,760,333,0.00,0.6859,0.4125,10,0,0,9,0.004500,0.9375,2,0.3125,2,0.6250,2,0.9688,2,0.4375,2,0.7500,2,0.9219,2,0.4531,2,0.7344,2,0.7188,2
10341278.0,4090.686613,12563.126958,16653.813572,761,334,0.00,0.6734,0.4000,10,0,0,9,0.004500,0.9375,2,0.3125,2,0.6250,2,0.9688,2,0.4375,2,0.7500,2,0.9219,2,0.2813,2,0.6875,2,0.8125,2
10342138.0,4091.423735,12565.764292,16657.188026,762,335,0.00,0.6906,0.4125,10,0,0,9,0.004500,0.9375,2,0.4844,2,0.6250,2,0.9688,2,0.4375,2,0.7500,2,0.9219,2,0.2813,2,0.6875,2,0.8125,2
10342211.0,4091.487280,12565.993633,16657.480914,763,335,0.00,0.6953,0.4250,10,0,0,9,0.004500,0.9375,2,0.4844,2,0.6719,2,0.9688,2,0.4375,2,0.7500,2,0.9219,2,0.2813,2,0.6875,2,0.8125,2
10343681.0,4092.744368,12570.475083,16663.219452,764,335,0.00,0.6391,0.3750,10,0,0,9,0.004500,0.9375,2,0.3125,2,0.6250,2,0.7813,2,0.5000,2,0.6250,2,0.9219,2,0.2813,2,0.6875,2,0.7188,2
10343714.0,4092.771771,12570.571333,16663.343104,765,336,0.00,0.6563,0.3875,10,0,0,9,0.004500,0.9375,2,0.3125,2,0.6250,2,0.7813,2,0.5000,2,0.7969,2,0.9219,2,0.2813,2,0.6875,2,0.7188,2
10343715.0,4092.772615,12570.574325,16663.346940,766,337,0.00,0.6734,0.4000,10,0,0,9,0.004500,0.9375,2,0.3125,2,0.6250,2,0.7813,2,0.5000,2,0.7969,2,0.9219,2,0.4531,2,0.6875,2,0.7188,2
10344030.0,4093.042607,12571.540325,16664.582932,767,337,0.00,0.6781,0.4125,10,0,0,9,0.004500,0.9375,2,0.3125,2,0.6250,2,0.7813,2,0.5000,2,0.7969,2,0.9219,2,0.4531,2,0.7344,2,0.7188,2
10344375.0,4093.339009,12572.612650,16665.951659,768,338,0.00,0.6922,0.4000,10,0,0,9,0.004500,0.9375,2,0.3125,2,0.6250,2,0.7813,2,0.5000,2,0.7969,2,0.9219,2,0.4531,2,0.6875,2,0.9063,2
10344402.0,4093.362545,12572.695450,16666.057995,769,339,0.00,0.7109,0.4000,10,0,0,9,0.004500,0.9375,2,0.5000,2,0.6250,2,0.7813,2,0.5000,2,0.7969,2,0.9219,2,0.4531,2,0.6875,2,0.9063,2
10344404.0,4093.364318,12572.701583,16666.065901,770,340,0.00,0.7281,0.4125,10,0,0,9,0.004500,0.9375,2,0.5000,2,0.7969,2,0.7813,2,0.5000,2,0.7969,2,0.9219,2,0.4531,2,0.6875,2,0.9063,2
10344444.0,4093.400304,12572.827250,16666.227554,771,341,0.00,0.7453,0.4250,10,0,0,9,0.004500,0.9375,2,0.5000,2,0.7969,2,0.9531,2,0.5000,2,0.7969,2,0.9219,2,0.4531,2,0.6875,2,0.9063,2
10344553.0,4093.499823,12573.177867,16666.677690,772,342,0.00,0.7641,0.4250,10,0,0,9,0.004500,0.9375,2,0.5000,2,0.7969,2,0.9531,2,0.6875,2,0.7969,2,0.9219,2,0.4531,2,0.6875,2,0.9063,2
10344582.0,4093.526723,12573.271150,16666.797873,773,343,0.00,0.7828,0.4250,10,0,0,9,0.004500,0.9375,2,0.5000,2,0.7969,2,0.9531,2,0.6875,2,0.9844,2,0.9219,2,0.4531,2,0.6875,2,0.9063,2
10344620.0,4093.562527,12573.393383,16666.955910,774,343,0.00,0.7891,0.4375,10,0,0,9,0.004500,0.9375,2,0.5000,2,0.7969,2,0.9531,2,0.6875,2,0.9844,2,0.9844,2,0.4531,2,0.6875,2,0.9063,2
10344645.0,4093.586203,12573.475675,16667.061878,775,343,0.00,0.7953,0.4500,10,0,0,9,0.004500,0.9375,2,0.5000,2,0.7969,2,0.9531,2,0.6875,2,0.9844,2,0.9844,2,0.5156,2,0.6875,2,0.9063,2
10345184.0,4094.075895,12575.282058,16669.357954,776,343,0.00,0.7188,0.4500,10,0,0,9,0.004500,0.9375,2,0.3125,2,0.7969,2,0.9531,2,0.5000,2,0.7969,2,0.9844,2,0.4531,2,0.7344,2,0.7188,2
10345822.0,4094.643478,12577.394142,16672.037619,777,343,0.00,0.7141,0.4375,10,0,0,9,0.004500,0.9375,2,0.3125,2,0.7969,2,0.9531,2,0.5000,2,0.7969,2,0.9219,2,0.4531,2,0.6875,2,0.7813,2
10345859.0,4094.676360,12577.515933,16672.192294,778,343,0.00,0.7188,0.4500,10,0,0,9,0.004500,0.9844,2,0.3125,2,0.7969,2,0.9531,2,0.5000,2,0.7969,2,0.9219,2,0.4531,2,0.6875,2,0.7813,2
10345885.0,4094.699562,12577.603467,16672.303028,779,343,0.00,0.7313,0.4500,10,0,0,9,0.004500,0.9844,2,0.4375,2,0.7969,2,0.9531,2,0.5000,2,0.7969,2,0.9219,2,0.4531,2,0.6875,2,0.7813,2
10345975.0,4094.780749,12577.906467,16672.687216,780,344,0.00,0.7484,0.4625,10,0,0,9,0.004500,0.9844,2,0.4375,2,0.9688,2,0.9531,2,0.5000,2,0.7969,2,0.9219,2,0.4531,2,0.6875,2,0.7813,2
10347405.0,4096.051023,12582.409550,16678.460573,781,345,0.00,0.7375,0.4250,10,0,0,9,0.004500,0.9844,2,0.4375,2,0.7969,2,0.9531,2,0.6875,2,0.7344,2,0.9219,2,0.4531,2,0.6875,2,0.7188,2
10347728.0,4096.342776,12583.441858,16679.784634,782,345,0.00,0.7250,0.4250,10,0,0,9,0.004500,0.9844,2,0.4375,2,0.7969,2,0.9531,2,0.6875,2,0.6094,2,0.9219,2,0.4531,2,0.6875,2,0.7188,2
10347817.0,4096.422629,12583.728142,16680.150770,783,345,0.00,0.7313,0.4375,10,0,0,9,0.004500,0.9844,2,0.4375,2,0.7969,2,0.9531,2,0.6875,2,0.6094,2,0.9844,2,0.4531,2,0.6875,2,0.7188,2
10347973.0,4096.563244,12584.239392,16680.802636,784,346,0.00,0.7453,0.4250,10,0,0,9,0.004500,0.9844,2,0.4375,2,0.7969,2,0.9531,2,0.6875,2,0.5625,2,0.9844,2,0.6406,2,0.6875,2,0.7188,2
10347977.0,4096.566896,12584.252258,16680.819155,785,347,0.00,0.7641,0.4250,10,0,0,9,0.004500,0.9844,2,0.4375,2,0.7969,2,0.9531,2,0.6875,2,0.5625,2,0.9844,2,0.6406,2,0.8750,2,0.7188,2
10348022.0,4096.608639,12584.397008,16681.005647,786,348,0.00,0.7828,0.4250,10,0,0,9,0.004500,0.9844,2,0.4375,2,0.7969,2,0.9531,2,0.6875,2,0.5625,2,0.9844,2,0.6406,2,0.8750,2,0.9063,2
10348057.0,4096.641615,12584.509592,16681.151207,787,349,0.00,0.8109,0.4375,10,0,0,9,0.004500,0.9844,2,0.7188,2,0.7969,2,0.9531,2,0.6875,2,0.5625,2,0.9844,2,0.6406,2,0.8750,2,0.9063,2
10348094.0,4096.677285,12584.631383,16681.308669,788,349,0.00,0.8156,0.4500,10,0,0,9,0.004500,0.9844,2,0.7188,2,0.8438,2,0.9531,2,0.6875,2,0.5625,2,0.9844,2,0.6406,2,0.8750,2,0.9063,2
10348096.0,4096.679221,12584.638117,16681.317338,789,350,0.00,0.8344,0.4500,10,0,0,9,0.004500,0.9844,2,0.7188,2,0.8438,2,0.9531,2,0.8750,2,0.5625,2,0.9844,2,0.6406,2,0.8750,2,0.9063,2
10348132.0,4096.714583,12584.759317,16681.473900,790,351,0.00,0.8531,0.4500,10,0,0,9,0.004500,0.9844,2,0.7188,2,0.8438,2,0.9531,2,0.8750,2,0.7500,2,0.9844,2,0.6406,2,0.8750,2,0.9063,2
10348477.0,4097.041110,12585.865317,16682.906426,791,352,0.00,0.7656,0.4250,10,0,0,9,0.004500,0.9844,2,0.4375,2,0.7969,2,0.9531,2,0.8750,2,0.5625,2,0.9844,2,0.6563,2,0.6875,2,0.7188,2
10348594.0,4097.148322,12586.233642,16683.381964,792,353,0.00,0.7672,0.4250,10,0,0,9,0.004500,0.8125,2,0.4375,2,0.7969,2,0.9531,2,0.8750,2,0.5625,2,0.9844,2,0.6563,2,0.8750,2,0.7188,2
10349004.0,4097.524648,12587.546250,16685.070898,793,354,0.00,0.7594,0.4250,10,0,0,9,0.004500,0.8125,2,0.4375,2,0.7969,2,0.7813,2,0.6875,2,0.5625,2,0.9844,2,0.6563,2,0.8750,2,1.0000,2
10349014.0,4097.533712,12587.577742,16685.111454,794,355,0.00,0.7531,0.4125,10,0,0,9,0.004500,1.0000,2,0.4375,2,0.7969,2,0.7813,2,0.4375,2,0.5625,2,0.9844,2,0.6563,2,0.8750,2,1.0000,2
10349068.0,4097.583343,12587.747392,16685.330735,795,356,0.00,0.7719,0.4125,10,0,0,9,0.004500,1.0000,2,0.6250,2,0.7969,2,0.7813,2,0.4375,2,0.5625,2,0.9844,2,0.6563,2,0.8750,2,1.0000,2
10349201.0,4097.707523,12588.165233,16685.872756,796,357,0.00,0.7969,0.4250,10,0,0,9,0.004500,1.0000,2,0.6250,2,0.7969,2,0.7813,2,0.6875,2,0.5625,2,0.9844,2,0.6563,2,0.8750,2,1.0000,2
10349365.0,4097.863835,12588.692767,16686.556602,797,358,0.00,0.8141,0.4375,10,0,0,9,0.004500,1.0000,2,0.6250,2,0.7969,2,0.7813,2,0.6875,2,0.7344,2,0.9844,2,0.6563,2,0.8750,2,1.0000,2
10349476.0,4097.969344,12589.054992,16687.024336,798,358,0.00,0.7906,0.4375,10,0,0,9,0.004500,0.8125,2,0.6250,2,0.6250,2,0.7813,2,0.6875,2,0.7344,2,0.9844,2,0.7813,2,0.8750,2,1.0000,2
10349496.0,4097.988310,12589.120825,16687.109135,799,358,0.00,0.7969,0.4500,10,0,0,9,0.004500,0.8125,2,0.6250,2,0.6250,2,0.7813,2,0.6875,2,0.7344,2,0.9844,2,0.7813,2,0.9375,2,1.0000,2
10349561.0,4098.050263,12589.339658,16687.389921,800,359,0.00,0.8219,0.4625,10,0,0,9,0.004500,0.8125,2,0.8750,2,0.6250,2,0.7813,2,0.6875,2,0.7344,2,0.9844,2,0.7813,2,0.9375,2,1.0000,2
10349678.0,4098.162785,12589.737983,16687.900768,801,359,0.00,0.8000,0.4625,10,0,0,9,0.004500,0.8125,2,0.8750,2,0.6875,2,0.7813,2,0.6875,2,0.7344,2,0.9844,2,0.7813,2,0.9375,2,0.7188,2
10350125.0,4098.584862,12591.218733,16689.803596,802,360,0.00,0.7938,0.4250,10,0,0,9,0.004500,0.8125,2,0.8750,2,0.6875,2,0.9688,2,0.6875,2,0.7344,2,0.9219,2,0.6563,2,0.8750,2,0.7188,2
10350130.0,4098.589616,12591.234817,16689.824432,803,361,0.00,0.8125,0.4250,10,0,0,9,0.004500,0.8125,2,0.8750,2,0.6875,2,0.9688,2,0.8750,2,0.7344,2,0.9219,2,0.6563,2,0.8750,2,0.7188,2
10350591.0,4099.028722,12592.711025,16691.739747,804,362,0.00,0.8063,0.4125,10,0,0,9,0.004500,0.8125,2,0.6875,2,0.6250,2,0.9688,2,0.8750,2,0.9219,2,0.9219,2,0.6563,2,0.8750,2,0.7188,2
10350733.0,4099.163954,12593.154067,16692.318021,805,363,0.00,0.7813,0.4000,10,0,0,9,0.004500,0.8125,2,0.6875,2,0.6250,2,0.9688,2,0.4375,2,0.9219,2,0.9219,2,0.8438,2,0.8750,2,0.7188,2
10352281.0,4100.546078,12597.785542,16698.331619,806,363,0.00,0.7125,0.4000,10,0,0,9,0.004500,0.8125,2,0.4375,2,0.6250,2,0.9688,2,0.4375,2,0.7344,2,0.9219,2,0.6563,2,0.9375,2,0.5938,2
10352735.0,4100.942698,12599.143533,16700.086231,807,363,0.00,0.6734,0.3875,10,0,0,9,0.004500,0.8125,2,0.4375,2,0.6250,2,0.9688,2,0.4375,2,0.7344,2,0.9219,2,0.4688,2,0.6875,2,0.6406,2
10352776.0,4100.977840,12599.266192,16700.244031,808,364,0.00,0.6984,0.3875,10,0,0,9,0.004500,0.8125,2,0.6875,2,0.6250,2,0.9688,2,0.4375,2,0.7344,2,0.9219,2,0.4688,2,0.6875,2,0.6406,2
10352901.0,4101.086983,12599.631375,16700.718358,809,365,0.00,0.7125,0.3750,10,0,0,9,0.004500,0.8125,2,0.6875,2,0.8125,2,0.9688,2,0.4375,2,0.7344,2,0.9219,2,0.4688,2,0.6875,2,0.5938,2
10352949.0,4101.129583,12599.771375,16700.900958,810,366,0.00,0.7313,0.3750,10,0,0,9,0.004500,0.8125,2,0.6875,2,0.8125,2,0.9688,2,0.6250,2,0.7344,2,0.9219,2,0.4688,2,0.6875,2,0.5938,2
10353010.0,4101.184610,12599.949292,16701.133902,811,367,0.00,0.7500,0.3750,10,0,0,9,0.004500,0.8125,2,0.6875,2,0.8125,2,0.9688,2,0.6250,2,0.9219,2,0.9219,2,0.4688,2,0.6875,2,0.5938,2
10353158.0,4101.319344,12600.376158,16701.695502,812,368,0.00,0.7547,0.3750,10,0,0,9,0.004500,0.8125,2,0.6875,2,0.8125,2,0.9688,2,0.6250,2,0.9219,2,0.9219,2,0.5156,2,0.6875,2,0.5938,2
10353265.0,4101.417817,12600.688242,16702.106059,813,368,0.00,0.7594,0.3875,10,0,0,9,0.004500,0.8125,2,0.6875,2,0.8125,2,0.9688,2,0.6250,2,0.9219,2,0.9219,2,0.5156,2,0.7344,2,0.5938,2
10353271.0,4101.423361,12600.706192,16702.129553,814,368,0.00,0.7641,0.4000,10,0,0,9,0.004500,0.8125,2,0.6875,2,0.8125,2,0.9688,2,0.6250,2,0.9219,2,0.9219,2,0.5156,2,0.7344,2,0.6406,2
10353550.0,4101.681725,12601.552792,16703.234517,815,368,0.00,0.7656,0.4000,10,0,0,9,0.004500,0.8750,2,0.6875,2,0.8125,2,0.9688,2,0.6250,2,0.9219,2,0.9219,2,0.5156,2,0.7344,2,0.5938,2
10354340.0,4102.376501,12603.939158,16706.315660,816,368,0.00,0.6609,0.4000,10,0,0,9,0.004500,0.8750,2,0.5625,2,0.6250,2,0.7813,2,0.4375,2,0.5625,2,0.9219,2,0.5156,2,0.7344,2,0.5938,2
10354524.0,4102.532422,12604.503425,16707.035847,817,368,0.00,0.6656,0.4125,10,0,0,9,0.004500,0.8750,2,0.5625,2,0.6719,2,0.7813,2,0.4375,2,0.5625,2,0.9219,2,0.5156,2,0.7344,2,0.5938,2
10354755.0,4102.728618,12605.221800,16707.950418,818,369,0.00,0.6781,0.4000,10,0,0,9,0.004500,0.8125,2,0.5625,2,0.6250,2,0.7813,2,0.6719,2,0.5625,2,0.9219,2,0.5156,2,0.7344,2,0.5938,2
10354939.0,4102.886998,12605.786067,16708.673065,819,370,0.00,0.6953,0.4125,10,0,0,9,0.004500,0.8125,2,0.5625,2,0.6250,2,0.7813,2,0.6719,2,0.7344,2,0.9219,2,0.5156,2,0.7344,2,0.5938,2
10354953.0,4102.899236,12605.830050,16708.729286,820,371,0.00,0.7047,0.4250,10,0,0,9,0.004500,0.8125,2,0.5625,2,0.6250,2,0.7813,2,0.6719,2,0.7344,2,0.9219,2,0.6094,2,0.7344,2,0.5938,2
10355046.0,4102.980170,12606.124925,16709.105095,821,371,0.00,0.6859,0.4250,10,0,0,9,0.004500,0.8125,2,0.5625,2,0.6250,2,0.7813,2,0.4375,2,0.7344,2,0.9219,2,0.6094,2,0.7813,2,0.5938,2
10355210.0,4103.122211,12606.649983,16709.772194,822,371,0.00,0.6859,0.4250,10,0,0,9,0.004500,0.8125,2,0.5625,2,0.6250,2,0.7813,2,0.4375,2,0.7344,2,0.9219,2,0.6094,2,0.7344,2,0.6406,2
10356350.0,4104.094502,12610.153033,16714.247536,823,371,0.00,0.6531,0.4000,10,0,0,9,0.004500,0.8594,2,0.5625,2,0.6250,2,0.7813,2,0.4375,2,0.7344,2,0.9219,2,0.2813,2,0.7344,2,0.5938,2
10356972.0,4104.616078,12612.025025,16716.641103,824,371,0.00,0.6531,0.4000,10,0,0,9,0.004500,0.8125,2,0.6094,2,0.6250,2,0.7813,2,0.4375,2,0.7344,2,0.9219,2,0.2813,2,0.7344,2,0.5938,2
10358451.0,4105.830301,12616.310800,16722.141101,825,371,0.00,0.6250,0.3750,10,0,0,9,0.004500,0.8125,2,0.4375,2,0.6875,2,0.7813,2,0.4375,2,0.5625,2,0.9219,2,0.2813,2,0.7344,2,0.5938,2
10358521.0,4105.887594,12616.513917,16722.401511,826,372,0.00,0.6438,0.3625,10,0,0,9,0.004500,0.8125,2,0.4375,2,0.6250,2,0.7813,2,0.6875,2,0.5625,2,0.9219,2,0.2813,2,0.7344,2,0.5938,2
10358810.0,4106.128628,12617.335158,16723.463786,827,372,0.00,0.6484,0.3750,10,0,0,9,0.004500,0.8125,2,0.4375,2,0.6250,2,0.7813,2,0.6875,2,0.6094,2,0.9219,2,0.2813,2,0.7344,2,0.5938,2
10359007.0,4106.293650,12617.909742,16724.203391,828,373,0.00,0.6656,0.3875,10,0,0,9,0.004500,0.8125,2,0.4375,2,0.6250,2,0.7813,2,0.6875,2,0.6094,2,0.9219,2,0.4531,2,0.7344,2,0.5938,2
10359031.0,4106.313998,12617.979967,16724.293965,829,373,0.00,0.6672,0.3875,10,0,0,9,0.004500,0.8125,2,0.4375,2,0.6250,2,0.7813,2,0.6875,2,0.5625,2,0.9219,2,0.4531,2,0.7969,2,0.5938,2
10359296.0,4106.538743,12618.755733,16725.294476,830,374,0.00,0.6781,0.3875,10,0,0,9,0.004500,0.8125,2,0.4375,2,0.6250,2,0.7813,2,0.6875,2,0.5625,2,0.9219,2,0.4531,2,0.7344,2,0.7656,2
10359591.0,4106.789218,12619.616300,16726.405518,831,374,0.00,0.6609,0.3750,10,0,0,9,0.004500,0.8594,2,0.4375,2,0.6250,2,0.7813,2,0.6875,2,0.5625,2,0.9219,2,0.4531,2,0.6875,2,0.5938,2
10360992.0,4107.959286,12623.555700,16731.514986,832,375,0.00,0.6375,0.3625,10,0,0,9,0.004500,0.8125,2,0.6719,2,0.6250,2,0.7813,2,0.4375,2,0.5625,2,0.9219,2,0.2813,2,0.6875,2,0.5938,2
10361018.0,4107.980845,12623.629583,16731.610428,833,376,0.00,0.6609,0.3625,10,0,0,9,0.004500,0.8125,2,0.6719,2,0.8594,2,0.7813,2,0.4375,2,0.5625,2,0.9219,2,0.2813,2,0.6875,2,0.5938,2
10361057.0,4108.013893,12623.740408,16731.754302,834,377,0.00,0.6781,0.3750,10,0,0,9,0.004500,0.8125,2,0.6719,2,0.8594,2,0.9531,2,0.4375,2,0.5625,2,0.9219,2,0.2813,2,0.6875,2,0.5938,2
10361087.0,4108.039716,12623.827908,16731.867624,835,377,0.00,0.6828,0.3875,10,0,0,9,0.004500,0.8125,2,0.6719,2,0.8594,2,0.9531,2,0.4844,2,0.5625,2,0.9219,2,0.2813,2,0.6875,2,0.5938,2
10361148.0,4108.092445,12624.010400,16732.102845,836,377,0.00,0.6953,0.4000,10,0,0,9,0.004500,0.8125,2,0.6719,2,0.8594,2,0.9531,2,0.4844,2,0.6875,2,0.9219,2,0.2813,2,0.6875,2,0.5938,2
10362004.0,4108.830266,12626.519667,16735.349933,837,378,0.00,0.7016,0.3750,10,0,0,9,0.004500,0.8125,2,0.6719,2,0.8594,2,0.9531,2,0.4375,2,0.5625,2,0.9219,2,0.5156,2,0.6875,2,0.5938,2
10362009.0,4108.834661,12626.534250,16735.368911,838,379,0.00,0.7203,0.3750,10,0,0,9,0.004500,0.8125,2,0.6719,2,0.8594,2,0.9531,2,0.4375,2,0.5625,2,0.9219,2,0.5156,2,0.8750,2,0.5938,2
10362192.0,4108.996600,12627.068000,16736.064600,839,380,0.00,0.7141,0.3875,10,0,0,9,0.004500,0.8125,2,0.6719,2,0.8594,2,0.9531,2,0.4375,2,0.5625,2,0.9219,2,0.2813,2,0.8750,2,0.7656,2
10362242.0,4109.041036,12627.217583,16736.258619,840,380,0.00,0.7188,0.4000,10,0,0,9,0.004500,0.8594,2,0.6719,2,0.8594,2,0.9531,2,0.4375,2,0.5625,2,0.9219,2,0.2813,2,0.8750,2,0.7656,2
10362464.0,4109.235312,12627.898383,16737.133695,841,381,0.00,0.6953,0.4125,10,0,0,9,0.004500,0.8594,2,0.8594,2,0.6250,2,0.9531,2,0.4375,2,0.5625,2,0.9219,2,0.2813,2,0.6875,2,0.7656,2
10362608.0,4109.360665,12628.340058,16737.700724,842,382,0.00,0.7094,0.4000,10,0,0,9,0.004500,0.8125,2,0.8594,2,0.8125,2,0.9531,2,0.4375,2,0.5625,2,0.9219,2,0.2813,2,0.6875,2,0.7656,2
10362627.0,4109.377482,12628.398325,16737.775807,843,382,0.00,0.7156,0.4125,10,0,0,9,0.004500,0.8125,2,0.8594,2,0.8125,2,0.9531,2,0.5000,2,0.5625,2,0.9219,2,0.2813,2,0.6875,2,0.7656,2
10363056.0,4109.759262,12629.746100,16739.505362,844,382,0.00,0.7219,0.4250,10,0,0,9,0.004500,0.8125,2,0.8594,2,0.8125,2,0.9531,2,0.5000,2,0.6250,2,0.9219,2,0.2813,2,0.6875,2,0.7656,2
10364477.0,4111.016079,12634.235158,16745.251237,845,383,0.00,0.6828,0.3750,10,0,0,9,0.004500,0.8125,2,0.6250,2,0.8125,2,0.7813,2,0.5000,2,0.5625,2,0.9219,2,0.5313,2,0.6875,2,0.5938,2
10364499.0,4111.034892,12634.299325,16745.334217,846,384,0.00,0.6813,0.3875,10,0,0,9,0.004500,0.8125,2,0.6250,2,0.6250,2,0.7813,2,0.5000,2,0.5625,2,0.9219,2,0.5313,2,0.8594,2,0.5938,2
10365106.0,4111.543227,12636.115267,16747.658494,847,384,0.00,0.5984,0.4000,10,0,0,9,0.004500,0.8125,2,0.3750,2,0.5000,2,0.6563,2,0.5000,2,0.5625,2,0.9219,2,0.2813,2,0.7344,2,0.6406,2
10365188.0,4111.608728,12636.366733,16747.975461,848,384,0.00,0.6031,0.4125,10,0,0,9,0.004500,0.8594,2,0.3750,2,0.5000,2,0.6563,2,0.5000,2,0.5625,2,0.9219,2,0.2813,2,0.7344,2,0.6406,2
10365764.0,4112.067898,12638.114008,16750.181906,849,385,0.00,0.6188,0.3875,10,0,0,9,0.004500,0.8125,2,0.6250,2,0.5000,2,0.6563,2,0.5000,2,0.5625,2,0.9219,2,0.2813,2,0.7344,2,0.5938,2
10365812.0,4112.106998,12638.257608,16750.364606,850,386,0.00,0.6438,0.3875,10,0,0,9,0.004500,0.8125,2,0.6250,2,0.7500,2,0.6563,2,0.5000,2,0.5625,2,0.9219,2,0.2813,2,0.7344,2,0.5938,2
10365815.0,4112.109500,12638.266583,16750.376084,851,387,0.00,0.6688,0.3875,10,0,0,9,0.004500,0.8125,2,0.6250,2,0.7500,2,0.9063,2,0.5000,2,0.5625,2,0.9219,2,0.2813,2,0.7344,2,0.5938,2
10366402.0,4112.610488,12640.022692,16752.633180,852,387,0.00,0.6734,0.4000,10,0,0,9,0.004500,0.8125,2,0.6250,2,0.7500,2,0.9063,2,0.5469,2,0.5625,2,0.9219,2,0.2813,2,0.7344,2,0.5938,2
10366634.0,4112.808470,12640.720058,16753.528528,853,388,0.00,0.6813,0.3750,10,0,0,9,0.004500,0.8125,2,0.6250,2,0.7500,2,0.9063,2,0.4375,2,0.7500,2,0.9219,2,0.2813,2,0.7344,2,0.5938,2
10366655.0,4112.826597,12640.781308,16753.607905,854,389,0.00,0.6938,0.3875,10,0,0,9,0.004500,0.8125,2,0.6250,2,0.7500,2,0.9063,2,0.4375,2,0.7500,2,0.9219,2,0.4063,2,0.7344,2,0.5938,2
10366655.0,4112.826597,12640.781308,16753.607905,855,390,0.00,0.7063,0.4000,10,0,0,9,0.004500,0.8125,2,0.6250,2,0.7500,2,0.9063,2,0.4375,2,0.7500,2,0.9219,2,0.4063,2,0.8594,2,0.5938,2
10366673.0,4112.842484,12640.836508,16753.678993,856,391,0.00,0.7250,0.4000,10,0,0,9,0.004500,0.8125,2,0.6250,2,0.7500,2,0.9063,2,0.4375,2,0.7500,2,0.9219,2,0.4063,2,0.8594,2,0.7813,2
10366675.0,4112.844279,12640.842642,16753.686920,857,392,0.00,0.7438,0.4000,10,0,0,9,0.004500,1.0000,2,0.6250,2,0.7500,2,0.9063,2,0.4375,2,0.7500,2,0.9219,2,0.4063,2,0.8594,2,0.7813,2
10366864.0,4113.012974,12641.422242,16754.435215,858,393,0.00,0.7125,0.4000,10,0,0,9,0.004500,1.0000,2,0.5625,2,0.7500,2,0.6563,2,0.4375,2,0.7500,2,0.9219,2,0.4063,2,0.8594,2,0.7813,2
10366923.0,4113.064442,12641.603175,16754.667617,859,393,0.00,0.6922,0.4125,10,0,0,9,0.004500,1.0000,2,0.5625,2,0.5469,2,0.6563,2,0.4375,2,0.7500,2,0.9219,2,0.4063,2,0.8594,2,0.7813,2
10367089.0,4113.209144,12642.124692,16755.333836,860,394,0.00,0.7094,0.4125,10,0,0,9,0.004500,1.0000,2,0.5625,2,0.5469,2,0.8281,2,0.4375,2,0.7500,2,0.9219,2,0.4063,2,0.8594,2,0.7813,2
10367276.0,4113.374142,12642.701683,16756.075825,861,395,0.00,0.7234,0.4000,10,0,0,9,0.004500,1.0000,2,0.5625,2,0.5000,2,0.8281,2,0.6250,2,0.7500,2,0.9219,2,0.4063,2,0.8594,2,0.7813,2
10367461.0,4113.539903,12643.269017,16756.808920,862,396,0.00,0.7422,0.4000,10,0,0,9,0.004500,1.0000,2,0.5625,2,0.5000,2,0.8281,2,0.6250,2,0.9375,2,0.9219,2,0.4063,2,0.8594,2,0.7813,2
10367581.0,4113.648707,12643.637017,16757.285724,863,397,0.00,0.7484,0.4000,10,0,0,9,0.004500,1.0000,2,0.5625,2,0.5000,2,0.8281,2,0.6250,2,0.7500,2,0.9219,2,0.6563,2,0.8594,2,0.7813,2
10368044.0,4114.072561,12645.056883,16759.129445,864,398,0.00,0.7656,0.4125,10,0,0,9,0.004500,1.0000,2,0.5625,2,0.5000,2,0.8281,2,0.6250,2,0.7500,2,0.9219,2,0.6563,2,0.8594,2,0.9531,2
10368051.0,4114.079063,12645.078875,16759.157938,865,399,0.00,0.7828,0.4250,10,0,0,9,0.004500,1.0000,2,0.7344,2,0.5000,2,0.8281,2,0.6250,2,0.7500,2,0.9219,2,0.6563,2,0.8594,2,0.9531,2
10368169.0,4114.188359,12645.458442,16759.646800,866,400,0.00,0.7656,0.4250,10,0,0,9,0.004500,1.0000,2,0.7344,2,0.6875,2,0.6563,2,0.4375,2,0.7500,2,0.9219,2,0.6563,2,0.8594,2,0.9531,2
10368553.0,4114.540456,12646.693642,16761.234098,867,401,0.00,0.7656,0.4250,10,0,0,9,0.004500,1.0000,2,0.7344,2,0.6875,2,0.9063,2,0.4375,2,0.7500,2,0.9219,2,0.4063,2,0.8594,2,0.9531,2
10368935.0,4114.887565,12647.908908,16762.796473,868,402,0.00,0.7563,0.4250,10,0,0,9,0.004500,1.0000,2,0.7344,2,0.6875,2,0.6563,2,0.7188,2,0.7500,2,0.9219,2,0.2813,2,0.8594,2,0.9531,2
10369049.0,4114.992619,12648.275608,16763.268227,869,402,0.00,0.7609,0.4375,10,0,0,9,0.004500,1.0000,2,0.7344,2,0.6875,2,0.6563,2,0.7188,2,0.7969,2,0.9219,2,0.2813,2,0.8594,2,0.9531,2
10369221.0,4115.151749,12648.841775,16763.993524,870,403,0.00,0.7844,0.4375,10,0,0,9,0.004500,1.0000,2,0.7344,2,0.6875,2,0.6563,2,0.7188,2,0.7969,2,0.9219,2,0.5156,2,0.8594,2,0.9531,2
10369226.0,4115.156466,12648.858233,16764.014699,871,404,0.00,0.8078,0.4375,10,0,0,9,0.004500,1.0000,2,0.9688,2,0.6875,2,0.6563,2,0.7188,2,0.7969,2,0.9219,2,0.5156,2,0.8594,2,0.9531,2
10369226.0,4115.156466,12648.858233,16764.014699,872,405,0.00,0.8313,0.4375,10,0,0,9,0.004500,1.0000,2,0.9688,2,0.9219,2,0.6563,2,0.7188,2,0.7969,2,0.9219,2,0.5156,2,0.8594,2,0.9531,2
10369368.0,4115.293306,12649.316425,16764.609731,873,405,0.00,0.8250,0.4375,10,0,0,9,0.004500,1.0000,2,0.9688,2,0.9219,2,0.8281,2,0.7188,2,0.5625,2,0.9219,2,0.5156,2,0.8594,2,0.9531,2
10369381.0,4115.305981,12649.359217,16764.665197,874,405,0.00,0.8297,0.4500,10,0,0,9,0.004500,1.0000,2,0.9688,2,0.9219,2,0.8281,2,0.7656,2,0.5625,2,0.9219,2,0.5156,2,0.8594,2,0.9531,2
10369594.0,4115.514071,12650.075492,16765.589563,875,405,0.00,0.8109,0.4500,10,0,0,9,0.004500,1.0000,2,0.9688,2,0.7344,2,0.8281,2,0.7188,2,0.6094,2,0.9219,2,0.5156,2,0.8594,2,0.9531,2
10369742.0,4115.655969,12650.572633,16766.228602,876,406,0.00,0.7844,0.4375,10,0,0,9,0.004500,1.0000,2,0.9688,2,0.5000,2,0.8281,2,0.4375,2,0.6094,2,0.9219,2,0.7656,2,0.8594,2,0.9531,2
10369814.0,4115.723574,12650.804233,16766.527807,877,406,0.00,0.7781,0.4250,10,0,0,9,0.004500,1.0000,2,0.9688,2,0.5000,2,0.8281,2,0.4375,2,0.5625,2,0.8594,2,0.7656,2,0.9063,2,0.9531,2
10369891.0,4115.795842,12651.051917,16766.847759,878,406,0.00,0.7797,0.4375,10,0,0,9,0.004500,1.0000,2,0.9688,2,0.5000,2,0.8281,2,0.4375,2,0.5625,2,0.8594,2,0.7656,2,0.9063,2,0.9688,2
10369903.0,4115.807119,12651.091417,16766.898536,879,407,0.00,0.8047,0.4500,10,0,0,9,0.004500,1.0000,2,0.9688,2,0.7500,2,0.8281,2,0.4375,2,0.5625,2,0.8594,2,0.7656,2,0.9063,2,0.9688,2
10370121.0,4116.008375,12651.813875,16767.822250,880,408,0.00,0.7594,0.4375,10,0,0,9,0.004500,0.8125,2,0.7344,2,0.7500,2,0.8281,2,0.6875,2,0.5625,2,0.8594,2,0.5313,2,0.8594,2,0.9688,2
10370192.0,4116.073976,12652.047583,16768.121560,881,409,0.00,0.7688,0.4500,10,0,0,9,0.004500,0.8125,2,0.7344,2,0.7500,2,0.8281,2,0.6875,2,0.6563,2,0.8594,2,0.5313,2,0.8594,2,0.9688,2
10370195.0,4116.076770,12652.057683,16768.134453,882,409,0.00,0.7734,0.4625,10,0,0,9,0.004500,0.8125,2,0.7344,2,0.7500,2,0.8281,2,0.6875,2,0.6563,2,0.9063,2,0.5313,2,0.8594,2,0.9688,2
10370418.0,4116.282656,12652.825175,16769.107831,883,409,0.00,0.7594,0.4750,10,0,0,9,0.004500,0.8125,2,0.5469,2,0.7500,2,0.8281,2,0.6875,2,0.6563,2,0.9063,2,0.5781,2,0.8594,2,0.9688,2
10370444.0,4116.306672,12652.916458,16769.223130,884,409,0.00,0.7609,0.4750,10,0,0,9,0.004500,0.8125,2,0.5469,2,0.7500,2,0.8281,2,0.6875,2,0.6563,2,0.8594,2,0.5781,2,0.9219,2,0.9688,2
10370779.0,4116.616579,12654.094017,16770.710596,885,409,0.00,0.7609,0.4750,10,0,0,9,0.004500,0.8594,2,0.5469,2,0.7500,2,0.8281,2,0.6875,2,0.6563,2,0.8594,2,0.5313,2,0.9219,2,0.9688,2
10370813.0,4116.648032,12654.213508,16770.861540,886,409,0.00,0.7609,0.4750,10,0,0,9,0.004500,0.8125,2,0.5938,2,0.7500,2,0.8281,2,0.6875,2,0.6563,2,0.8594,2,0.5313,2,0.9219,2,0.9688,2
10370815.0,4116.649882,12654.220542,16770.870424,887,409,0.00,0.7656,0.4875,10,0,0,9,0.004500,0.8125,2,0.5938,2,0.7969,2,0.8281,2,0.6875,2,0.6563,2,0.8594,2,0.5313,2,0.9219,2,0.9688,2
10371165.0,4116.964135,12655.375475,16772.339610,888,410,0.00,0.7406,0.4375,10,0,0,9,0.004500,0.8125,2,0.5469,2,0.7969,2,0.8281,2,0.9375,2,0.5625,2,0.8594,2,0.5313,2,0.7344,2,0.7969,2
10371552.0,4117.316063,12656.649350,16773.965413,889,410,0.00,0.7453,0.4500,10,0,0,9,0.004500,0.8125,2,0.5469,2,0.7969,2,0.8281,2,0.9375,2,0.6094,2,0.8594,2,0.5313,2,0.7344,2,0.7969,2
10372302.0,4117.972075,12659.067925,16777.040000,890,410,0.00,0.6594,0.4250,10,0,0,9,0.004500,0.8125,2,0.5469,2,0.5469,2,0.6563,2,0.9375,2,0.5625,2,0.9063,2,0.2813,2,0.7344,2,0.6094,2
10373128.0,4118.643216,12661.603092,16780.246307,891,411,0.00,0.6109,0.4125,10,0,0,9,0.004500,0.8125,2,0.5469,2,0.5469,2,0.6563,2,0.4375,2,0.5625,2,0.8594,2,0.3438,2,0.7344,2,0.6094,2
10373910.0,4119.275468,12664.059875,16783.335343,892,411,0.00,0.6156,0.4250,10,0,0,9,0.004500,0.8125,2,0.5469,2,0.5469,2,0.6563,2,0.4375,2,0.5625,2,0.8594,2,0.3438,2,0.7813,2,0.6094,2
10374150.0,4119.470246,12664.829025,16784.299271,893,411,0.00,0.6156,0.4250,10,0,0,9,0.004500,0.8125,2,0.5469,2,0.5469,2,0.6563,2,0.4375,2,0.5625,2,0.8594,2,0.3438,2,0.7344,2,0.6563,2
10374297.0,4119.589633,12665.301875,16784.891508,894,412,0.00,0.6328,0.4375,10,0,0,9,0.004500,0.9844,2,0.5469,2,0.5469,2,0.6563,2,0.4375,2,0.5625,2,0.8594,2,0.3438,2,0.7344,2,0.6563,2
10374731.0,4119.945473,12666.680358,16786.625832,895,412,0.00,0.6281,0.4250,10,0,0,9,0.004500,0.9844,2,0.5938,2,0.5000,2,0.6563,2,0.4375,2,0.5625,2,0.8594,2,0.3438,2,0.7344,2,0.6094,2
10374738.0,4119.951226,12666.702875,16786.654101,896,412,0.00,0.6453,0.4375,10,0,0,9,0.004500,0.9844,2,0.5938,2,0.6719,2,0.6563,2,0.4375,2,0.5625,2,0.8594,2,0.3438,2,0.7344,2,0.6094,2
10375197.0,4120.334340,12668.208350,16788.542690,897,413,0.00,0.6781,0.4375,10,0,0,9,0.004500,0.9844,2,0.5469,2,0.6719,2,0.6563,2,0.8125,2,0.5625,2,0.8594,2,0.3438,2,0.7344,2,0.6094,2
10375570.0,4120.645717,12669.404567,16790.050284,898,413,0.00,0.6281,0.4250,10,0,0,9,0.004500,0.8125,2,0.5469,2,0.6719,2,0.6563,2,0.4375,2,0.6094,2,0.8594,2,0.3438,2,0.7344,2,0.6094,2
10375735.0,4120.781286,12669.934492,16790.715778,899,414,0.00,0.6406,0.4250,10,0,0,9,0.004500,0.8125,2,0.5469,2,0.6719,2,0.6563,2,0.4375,2,0.5625,2,0.8594,2,0.5156,2,0.7344,2,0.6094,2
10376533.0,4121.438979,12672.468167,16793.907146,900,414,0.00,0.6109,0.4125,10,0,0,9,0.004500,0.8125,2,0.5469,2,0.5000,2,0.6563,2,0.4375,2,0.5625,2,0.8594,2,0.3438,2,0.7813,2,0.6094,2
10376672.0,4121.551281,12672.903208,16794.454490,901,414,0.00,0.6109,0.4125,10,0,0,9,0.004500,0.8125,2,0.5469,2,0.5000,2,0.6563,2,0.4375,2,0.5625,2,0.8594,2,0.3438,2,0.7344,2,0.6563,2
10377381.0,4122.123837,12675.120225,16797.244062,902,414,0.00,0.6094,0.4125,10,0,0,9,0.004500,0.8594,2,0.5469,2,0.5000,2,0.6563,2,0.4375,2,0.5625,2,0.8594,2,0.2813,2,0.7344,2,0.6563,2
10378015.0,4122.628561,12677.072217,16799.700778,903,415,0.00,0.6297,0.4125,10,0,0,9,0.004500,0.8594,2,0.7500,2,0.5000,2,0.6563,2,0.4375,2,0.5625,2,0.8594,2,0.2813,2,0.7344,2,0.6563,2
10378118.0,4122.713340,12677.395808,16800.109148,904,415,0.00,0.6344,0.4250,10,0,0,9,0.004500,0.8594,2,0.7500,2,0.5469,2,0.6563,2,0.4375,2,0.5625,2,0.8594,2,0.2813,2,0.7344,2,0.6563,2
10378476.0,4123.008753,12678.535900,16801.544653,905,415,0.00,0.6359,0.4250,10,0,0,9,0.004500,0.8594,2,0.7500,2,0.5000,2,0.7188,2,0.4375,2,0.5625,2,0.8594,2,0.2813,2,0.7344,2,0.6563,2
10379019.0,4123.456782,12680.250675,16803.707457,906,416,0.00,0.6563,0.4125,10,0,0,9,0.004500,0.8594,2,0.7500,2,0.5000,2,0.7188,2,0.6875,2,0.5625,2,0.8594,2,0.2813,2,0.7344,2,0.6094,2
10379145.0,4123.562868,12680.641875,16804.204743,907,416,0.00,0.6563,0.4125,10,0,0,9,0.004500,0.8125,2,0.7500,2,0.5000,2,0.7188,2,0.6875,2,0.6094,2,0.8594,2,0.2813,2,0.7344,2,0.6094,2
10380337.0,4124.552715,12684.221817,16808.774532,908,416,0.00,0.6469,0.3875,10,0,0,9,0.004500,0.8125,2,0.7500,2,0.5000,2,0.6563,2,0.6875,2,0.5625,2,0.8594,2,0.4688,2,0.5625,2,0.6094,2
10380823.0,4124.959234,12685.675767,16810.635000,909,417,0.00,0.6641,0.4000,10,0,0,9,0.004500,0.8125,2,0.7500,2,0.5000,2,0.6563,2,0.6875,2,0.5625,2,0.8594,2,0.4688,2,0.7344,2,0.6094,2
10381421.0,4125.467430,12687.509633,16812.977063,910,418,0.00,0.6891,0.4125,10,0,0,9,0.004500,0.8125,2,0.7500,2,0.5000,2,0.6563,2,0.6875,2,0.5625,2,0.8594,2,0.4688,2,0.7344,2,0.8594,2
10381988.0,4125.960306,12689.290958,16815.251265,911,419,0.00,0.7141,0.4250,10,0,0,9,0.004500,0.8125,2,1.0000,2,0.5000,2,0.6563,2,0.6875,2,0.5625,2,0.8594,2,0.4688,2,0.7344,2,0.8594,2
10382067.0,4126.030515,12689.545075,16815.575590,912,419,0.00,0.7188,0.4375,10,0,0,9,0.004500,0.8125,2,1.0000,2,0.5469,2,0.6563,2,0.6875,2,0.5625,2,0.8594,2,0.4688,2,0.7344,2,0.8594,2
10383004.0,4126.863730,12692.569142,16819.432871,913,420,0.00,0.7391,0.4250,10,0,0,9,0.004500,0.8125,2,1.0000,2,0.5000,2,0.9063,2,0.6875,2,0.5625,2,0.8594,2,0.4688,2,0.7344,2,0.8594,2
10383430.0,4127.250606,12693.939442,16821.190047,914,420,0.00,0.7516,0.4375,10,0,0,9,0.004500,0.8125,2,1.0000,2,0.5000,2,0.9063,2,0.8125,2,0.5625,2,0.8594,2,0.4688,2,0.7344,2,0.8594,2
10383479.0,4127.295582,12694.100733,16821.396315,915,420,0.00,0.7563,0.4500,10,0,0,9,0.004500,0.8125,2,1.0000,2,0.5000,2,0.9063,2,0.8125,2,0.6094,2,0.8594,2,0.4688,2,0.7344,2,0.8594,2
10384096.0,4127.858302,12696.132742,16823.991044,916,420,0.00,0.7500,0.4500,10,0,0,9,0.004500,0.8125,2,1.0000,2,0.5000,2,0.9063,2,0.6875,2,0.6094,2,0.9219,2,0.4688,2,0.7344,2,0.8594,2
10384599.0,4128.312327,12697.789875,16826.102202,917,420,0.00,0.7375,0.4500,10,0,0,9,0.004500,0.8125,2,1.0000,2,0.5000,2,0.9063,2,0.6875,2,0.6094,2,0.9219,2,0.3438,2,0.7344,2,0.8594,2
10384661.0,4128.368558,12697.998608,16826.367166,918,421,0.00,0.7500,0.4625,10,0,0,9,0.004500,0.8125,2,1.0000,2,0.5000,2,0.9063,2,0.6875,2,0.6094,2,0.9219,2,0.3438,2,0.8594,2,0.8594,2
10384668.0,4128.374974,12698.022700,16826.397674,919,422,0.00,0.7625,0.4750,10,0,0,9,0.004500,0.8125,2,1.0000,2,0.5000,2,0.9063,2,0.6875,2,0.6094,2,0.9219,2,0.3438,2,0.8594,2,0.9844,2
10387214.0,4130.665354,12706.443183,16837.108538,920,423,0.00,0.7172,0.4250,10,0,0,9,0.004500,0.9844,2,0.7500,2,0.5000,2,0.9063,2,0.6875,2,0.6094,2,0.8594,2,0.2813,2,0.7344,2,0.8594,2
10387343.0,4130.779243,12706.852133,16837.631376,921,423,0.00,0.7047,0.4250,10,0,0,9,0.004500,0.8125,2,0.7969,2,0.5000,2,0.9063,2,0.6875,2,0.6094,2,0.8594,2,0.2813,2,0.7344,2,0.8594,2
10387422.0,4130.848875,12707.106250,16837.955125,922,424,0.00,0.7219,0.4375,10,0,0,9,0.004500,0.8125,2,0.7969,2,0.6719,2,0.9063,2,0.6875,2,0.6094,2,0.8594,2,0.2813,2,0.7344,2,0.8594,2
10387797.0,4131.183478,12708.321200,16839.504678,923,424,0.00,0.7234,0.4375,10,0,0,9,0.004500,0.8125,2,0.7500,2,0.6719,2,0.9688,2,0.6875,2,0.6094,2,0.8594,2,0.2813,2,0.7344,2,0.8594,2
10388808.0,4132.089341,12711.649075,16843.738416,924,424,0.00,0.7281,0.4500,10,0,0,9,0.004500,0.8125,2,0.7500,2,0.6719,2,0.9688,2,0.7344,2,0.6094,2,0.8594,2,0.2813,2,0.7344,2,0.8594,2
10389446.0,4132.659346,12713.727408,16846.386755,925,424,0.00,0.7297,0.4375,10,0,0,9,0.004500,0.8125,2,0.7500,2,0.6719,2,0.9063,2,0.6875,2,0.7344,2,0.8594,2,0.2813,2,0.7344,2,0.8594,2
10390019.0,4133.170527,12715.574833,16848.745360,926,424,0.00,0.7297,0.4375,10,0,0,9,0.004500,0.8125,2,0.7500,2,0.6719,2,0.9063,2,0.6875,2,0.6094,2,0.9844,2,0.2813,2,0.7344,2,0.8594,2
10390460.0,4133.564154,12716.998258,16850.562413,927,424,0.00,0.7234,0.4375,10,0,0,9,0.004500,0.8125,2,0.7500,2,0.6719,2,0.9063,2,0.6875,2,0.6094,2,0.8594,2,0.3438,2,0.7344,2,0.8594,2
10390495.0,4133.595515,12717.113467,16850.708981,928,424,0.00,0.7297,0.4500,10,0,0,9,0.004500,0.8125,2,0.7500,2,0.6719,2,0.9063,2,0.6875,2,0.6094,2,0.8594,2,0.3438,2,0.7969,2,0.8594,2
10390956.0,4134.006639,12718.601075,16852.607714,929,425,0.00,0.7297,0.4375,10,0,0,9,0.004500,0.8125,2,0.7500,2,0.6719,2,0.9063,2,0.6875,2,0.6094,2,0.8594,2,0.2813,2,0.7344,2,0.9844,2
10391797.0,4134.761314,12721.346567,16856.107880,930,425,0.00,0.7234,0.4375,10,0,0,9,0.004500,0.8750,2,0.7500,2,0.6719,2,0.9063,2,0.6875,2,0.6094,2,0.8594,2,0.2813,2,0.7344,2,0.8594,2
10392044.0,4134.981558,12722.143108,16857.124666,931,426,0.00,0.7297,0.4375,10,0,0,9,0.004500,0.8125,2,0.8750,2,0.6719,2,0.9063,2,0.6875,2,0.6094,2,0.8594,2,0.2813,2,0.7344,2,0.8594,2
10392058.0,4134.994170,12722.189192,16857.183362,932,427,0.00,0.7438,0.4500,10,0,0,9,0.004500,0.8125,2,0.8750,2,0.8125,2,0.9063,2,0.6875,2,0.6094,2,0.8594,2,0.2813,2,0.7344,2,0.8594,2
10392193.0,4135.116422,12722.637917,16857.754338,933,427,0.00,0.7344,0.4500,10,0,0,9,0.004500,0.8125,2,0.8750,2,0.6719,2,0.9531,2,0.6875,2,0.6094,2,0.8594,2,0.2813,2,0.7344,2,0.8594,2
10392464.0,4135.361078,12723.540683,16858.901761,934,428,0.00,0.7672,0.4500,10,0,0,9,0.004500,0.8125,2,0.8750,2,0.6719,2,0.9063,2,0.6875,2,0.9844,2,0.8594,2,0.2813,2,0.7344,2,0.8594,2
10392524.0,4135.416880,12723.742683,16859.159564,935,428,0.00,0.7734,0.4625,10,0,0,9,0.004500,0.8125,2,0.8750,2,0.6719,2,0.9063,2,0.6875,2,0.9844,2,0.9219,2,0.2813,2,0.7344,2,0.8594,2
10392696.0,4135.572107,12724.311250,16859.883357,936,429,0.00,0.7484,0.4375,10,0,0,9,0.004500,0.8125,2,0.8750,2,0.6719,2,0.9063,2,0.6875,2,0.6094,2,0.8594,2,0.4688,2,0.7344,2,0.8594,2
10392972.0,4135.822191,12725.205275,16861.027466,937,430,0.00,0.7453,0.4375,10,0,0,9,0.004500,0.8125,2,0.8750,2,0.6719,2,0.9063,2,0.6875,2,0.6094,2,0.8594,2,0.4688,2,0.7031,2,0.8594,2
10393119.0,4135.955344,12725.681875,16861.637219,938,431,0.00,0.7500,0.4250,10,0,0,9,0.004500,1.0000,2,0.8750,2,0.6719,2,0.9063,2,0.6875,2,0.6094,2,0.8594,2,0.4688,2,0.5625,2,0.8594,2
10393303.0,4136.123938,12726.273742,16862.397680,939,432,0.00,0.7563,0.4375,10,0,0,9,0.004500,0.8125,2,0.8750,2,0.9219,2,0.9063,2,0.6875,2,0.6094,2,0.8594,2,0.4688,2,0.5625,2,0.8594,2
10393371.0,4136.186602,12726.497575,16862.684177,940,433,0.00,0.7813,0.4375,10,0,0,9,0.004500,0.8125,2,0.8750,2,0.9219,2,0.9063,2,0.9375,2,0.6094,2,0.8594,2,0.4688,2,0.5625,2,0.8594,2
10393490.0,4136.296385,12726.881333,16863.177719,941,433,0.00,0.7438,0.4375,10,0,0,9,0.004500,0.8125,2,0.8750,2,0.9219,2,0.9063,2,0.9375,2,0.6719,2,0.8594,2,0.2813,2,0.5625,2,0.6094,2
10393737.0,4136.520527,12727.677800,16864.198327,942,433,0.00,0.7438,0.4375,10,0,0,9,0.004500,0.8125,2,0.8750,2,0.9219,2,0.9063,2,0.9375,2,0.6094,2,0.9219,2,0.2813,2,0.5625,2,0.6094,2
10394338.0,4137.065746,12729.613267,16866.679013,943,434,0.00,0.7547,0.4375,10,0,0,9,0.004500,0.8125,2,0.8750,2,0.9219,2,0.9063,2,0.9375,2,0.6094,2,0.8594,2,0.4531,2,0.5625,2,0.6094,2
10395111.0,4137.770935,12732.141750,16869.912685,944,435,0.00,0.7547,0.4375,10,0,0,9,0.004500,0.8125,2,0.5000,2,0.9219,2,0.9063,2,0.9375,2,0.6094,2,0.8594,2,0.4531,2,0.9375,2,0.6094,2
10395459.0,4138.091204,12733.287250,16871.378454,945,436,0.00,0.7797,0.4500,10,0,0,9,0.004500,0.8125,2,0.5000,2,0.9219,2,0.9063,2,0.9375,2,0.6094,2,0.8594,2,0.4531,2,0.9375,2,0.8594,2
10395753.0,4138.367493,12734.277050,16872.644543,946,436,0.00,0.7859,0.4625,10,0,0,9,0.004500,0.8750,2,0.5000,2,0.9219,2,0.9063,2,0.9375,2,0.6094,2,0.8594,2,0.4531,2,0.9375,2,0.8594,2
10395756.0,4138.370327,12734.287375,16872.657702,947,436,0.00,0.7906,0.4750,10,0,0,9,0.004500,0.8750,2,0.5469,2,0.9219,2,0.9063,2,0.9375,2,0.6094,2,0.8594,2,0.4531,2,0.9375,2,0.8594,2
10395807.0,4138.418494,12734.465225,16872.883719,948,436,0.00,0.7828,0.4750,10,0,0,9,0.004500,0.8750,2,0.4219,2,0.9688,2,0.9063,2,0.9375,2,0.6094,2,0.8594,2,0.4531,2,0.9375,2,0.8594,2
10396804.0,4139.338603,12737.771317,16877.109920,949,436,0.00,0.7609,0.4500,10,0,0,9,0.004500,0.8750,2,0.3750,2,0.9219,2,0.9531,2,0.9375,2,0.6094,2,0.8594,2,0.2813,2,0.9375,2,0.8594,2
10397715.0,4140.173389,12740.750000,16880.923389,950,436,0.00,0.7297,0.4375,10,0,0,9,0.004500,0.8125,2,0.3750,2,0.9219,2,0.9063,2,0.7344,2,0.6094,2,0.8594,2,0.2813,2,0.9375,2,0.8594,2
10398156.0,4140.570672,12742.201625,16882.772297,951,437,0.00,0.7547,0.4375,10,0,0,9,0.004500,0.8125,2,0.3750,2,0.9219,2,0.9063,2,0.7344,2,0.8594,2,0.8594,2,0.2813,2,0.9375,2,0.8594,2
10398158.0,4140.572512,12742.208208,16882.780721,952,438,0.00,0.7797,0.4375,10,0,0,9,0.004500,0.8125,2,0.3750,2,0.9219,2,0.9063,2,0.7344,2,0.8594,2,0.8594,2,0.5313,2,0.9375,2,0.8594,2
10398305.0,4140.710657,12742.692083,16883.402740,953,438,0.00,0.7844,0.4500,10,0,0,9,0.004500,0.8125,2,0.3750,2,0.9219,2,0.9063,2,0.7344,2,0.8594,2,0.8594,2,0.5313,2,0.9844,2,0.8594,2
10398509.0,4140.903074,12743.378133,16884.281208,954,439,0.00,0.7938,0.4500,10,0,0,9,0.004500,0.8125,2,0.3750,2,0.9219,2,0.9063,2,0.7344,2,0.8594,2,0.8594,2,0.5313,2,0.9375,2,1.0000,2
10398781.0,4141.161663,12744.293867,16885.455530,955,440,0.00,0.8078,0.4625,10,0,0,9,0.004500,0.9531,2,0.3750,2,0.9219,2,0.9063,2,0.7344,2,0.8594,2,0.8594,2,0.5313,2,0.9375,2,1.0000,2
10399394.0,4141.742471,12746.347208,16888.089680,956,440,0.00,0.7813,0.4500,10,0,0,9,0.004500,0.8125,2,0.4219,2,0.7500,2,0.9063,2,0.7344,2,0.8594,2,0.8594,2,0.5313,2,0.9375,2,1.0000,2
10399531.0,4141.871385,12746.808442,16888.679826,957,440,0.00,0.7859,0.4625,10,0,0,9,0.004500,0.8125,2,0.4219,2,0.7969,2,0.9063,2,0.7344,2,0.8594,2,0.8594,2,0.5313,2,0.9375,2,1.0000,2
10401633.0,4143.810284,12753.748000,16897.558284,958,441,0.00,0.7703,0.4500,10,0,0,9,0.004500,0.8125,2,0.3750,2,0.7500,2,0.6563,2,0.9219,2,0.8594,2,0.8594,2,0.5313,2,0.9375,2,1.0000,2
10402311.0,4144.441358,12756.024750,16900.466108,959,441,0.00,0.7641,0.4500,10,0,0,9,0.004500,0.8125,2,0.3750,2,0.7500,2,0.6563,2,0.7344,2,0.9844,2,0.8594,2,0.5313,2,0.9375,2,1.0000,2
10402526.0,4144.639063,12756.735233,16901.374296,960,441,0.00,0.7563,0.4500,10,0,0,9,0.004500,0.8125,2,0.3750,2,0.7500,2,0.6563,2,0.7344,2,0.8594,2,0.9063,2,0.5313,2,0.9375,2,1.0000,2
10402709.0,4144.807702,12757.351333,16902.159036,961,441,0.00,0.7609,0.4625,10,0,0,9,0.004500,0.8125,2,0.3750,2,0.7500,2,0.6563,2,0.7344,2,0.8594,2,0.9063,2,0.5781,2,0.9375,2,1.0000,2
10402870.0,4144.955866,12757.893442,16902.849308,962,441,0.00,0.7359,0.4500,10,0,0,9,0.004500,0.8125,2,0.3750,2,0.5000,2,0.6563,2,0.7344,2,0.8594,2,0.8594,2,0.5781,2,0.9844,2,1.0000,2
10403370.0,4145.403532,12759.516025,16904.919557,963,442,0.00,0.7266,0.4250,10,0,0,9,0.004500,0.8125,2,0.7500,2,0.5000,2,0.6563,2,0.7344,2,0.8594,2,0.8594,2,0.5313,2,0.5625,2,1.0000,2
10403581.0,4145.593102,12760.194742,16905.787844,964,442,0.00,0.7313,0.4375,10,0,0,9,0.004500,0.8125,2,0.7500,2,0.5469,2,0.6563,2,0.7344,2,0.8594,2,0.8594,2,0.5313,2,0.5625,2,1.0000,2
10403901.0,4145.881656,12761.245750,16907.127406,965,442,0.00,0.7313,0.4375,10,0,0,9,0.004500,0.8125,2,0.7500,2,0.5000,2,0.7031,2,0.7344,2,0.8594,2,0.8594,2,0.5313,2,0.5625,2,1.0000,2
10404065.0,4146.029598,12761.785583,16907.815181,966,442,0.00,0.7375,0.4500,10,0,0,9,0.004500,0.8125,2,0.7500,2,0.5000,2,0.7031,2,0.7969,2,0.8594,2,0.8594,2,0.5313,2,0.5625,2,1.0000,2
10405496.0,4147.305817,12766.332758,16913.638575,967,442,0.00,0.7188,0.4250,10,0,0,9,0.004500,0.8125,2,0.7500,2,0.5000,2,0.6563,2,0.7344,2,0.9219,2,0.8594,2,0.5313,2,0.5625,2,0.8594,2
10405820.0,4147.594942,12767.374958,16914.969900,968,443,0.00,0.7328,0.4375,10,0,0,9,0.004500,0.8125,2,0.7500,2,0.5000,2,0.6563,2,0.7344,2,0.9219,2,1.0000,2,0.5313,2,0.5625,2,0.8594,2
10406065.0,4147.816250,12768.181417,16915.997666,969,443,0.00,0.7391,0.4500,10,0,0,9,0.004500,0.8125,2,0.7500,2,0.5000,2,0.6563,2,0.7344,2,0.9219,2,1.0000,2,0.5938,2,0.5625,2,0.8594,2
10406217.0,4147.954290,12768.693150,16916.647440,970,443,0.00,0.7453,0.4625,10,0,0,9,0.004500,0.8125,2,0.7500,2,0.5000,2,0.6563,2,0.7344,2,0.9219,2,1.0000,2,0.5938,2,0.6250,2,0.8594,2
10407411.0,4149.036936,12772.769650,16921.806586,971,443,0.00,0.7078,0.4500,10,0,0,9,0.004500,0.8125,2,0.3750,2,0.5000,2,0.6563,2,0.7344,2,0.9219,2,1.0000,2,0.5938,2,0.5625,2,0.9219,2
10408533.0,4150.027911,12776.536100,16926.564011,972,443,0.00,0.7063,0.4500,10,0,0,9,0.004500,0.8594,2,0.3750,2,0.5000,2,0.6563,2,0.7344,2,0.9219,2,1.0000,2,0.5938,2,0.5625,2,0.8594,2
10408945.0,4150.390831,12777.908242,16928.299073,973,443,0.00,0.7000,0.4375,10,0,0,9,0.004500,0.8125,2,0.4219,2,0.5000,2,0.6563,2,0.7344,2,0.9219,2,1.0000,2,0.5313,2,0.5625,2,0.8594,2
10409135.0,4150.557609,12778.533658,16929.091268,974,444,0.00,0.7188,0.4500,10,0,0,9,0.004500,0.8125,2,0.4219,2,0.6875,2,0.6563,2,0.7344,2,0.9219,2,1.0000,2,0.5313,2,0.5625,2,0.8594,2
10409788.0,4151.135132,12780.668192,16931.803323,975,444,0.00,0.6813,0.4375,10,0,0,9,0.004500,0.8125,2,0.3750,2,0.6875,2,0.7188,2,0.4844,2,0.9219,2,0.8594,2,0.5313,2,0.5625,2,0.8594,2
10409812.0,4151.155848,12780.747192,16931.903040,976,445,0.00,0.7094,0.4500,10,0,0,9,0.004500,0.8125,2,0.3750,2,0.6875,2,0.7188,2,0.7656,2,0.9219,2,0.8594,2,0.5313,2,0.5625,2,0.8594,2
10410605.0,4151.842581,12783.320583,16935.163164,977,445,0.00,0.6797,0.4375,10,0,0,9,0.004500,0.8125,2,0.3750,2,0.6875,2,0.6563,2,0.4844,2,0.9688,2,0.8594,2,0.5313,2,0.5625,2,0.8594,2
10410767.0,4151.982221,12783.853833,16935.836055,978,446,0.00,0.6922,0.4500,10,0,0,9,0.004500,0.8125,2,0.3750,2,0.6875,2,0.6563,2,0.4844,2,0.9688,2,0.9844,2,0.5313,2,0.5625,2,0.8594,2
10410937.0,4152.130356,12784.425042,16936.555398,979,447,0.00,0.7125,0.4500,10,0,0,9,0.004500,0.8125,2,0.3750,2,0.6875,2,0.6563,2,0.4844,2,0.9219,2,0.9844,2,0.7813,2,0.5625,2,0.8594,2
10412019.0,4153.051548,12788.067775,16941.119323,980,448,0.00,0.6875,0.4625,10,0,0,9,0.004500,0.8125,2,0.3750,2,0.6875,2,0.6563,2,0.4844,2,0.6719,2,0.9844,2,0.5313,2,0.8125,2,0.8594,2
10412233.0,4153.237311,12788.804292,16942.041603,981,448,0.00,0.6922,0.4750,10,0,0,9,0.004500,0.8125,2,0.3750,2,0.6875,2,0.6563,2,0.4844,2,0.6719,2,0.9844,2,0.5313,2,0.8125,2,0.9063,2
10414545.0,4155.226492,12796.699550,16951.926042,982,448,0.00,0.6422,0.4500,10,0,0,9,0.004500,0.8594,2,0.3750,2,0.6875,2,0.6563,2,0.4844,2,0.6719,2,0.9844,2,0.2813,2,0.5625,2,0.8594,2
10416283.0,4156.648262,12802.285917,16958.934179,983,449,0.00,0.6297,0.4250,10,0,0,9,0.004500,0.8125,2,0.6094,2,0.6875,2,0.6563,2,0.4844,2,0.6094,2,0.9844,2,0.2813,2,0.5625,2,0.6094,2
10418049.0,4158.100955,12807.959725,16966.060680,984,450,0.00,0.6406,0.4250,10,0,0,9,0.004500,0.8125,2,0.6094,2,0.9219,2,0.6563,2,0.4844,2,0.6094,2,0.8594,2,0.2813,2,0.5625,2,0.6094,2
10418677.0,4158.615250,12809.947092,16968.562342,985,451,0.00,0.6297,0.4250,10,0,0,9,0.004500,0.8125,2,0.3750,2,0.9219,2,0.7813,2,0.4844,2,0.6094,2,0.8594,2,0.2813,2,0.5625,2,0.6094,2
10419148.0,4159.002926,12811.462142,16970.465067,986,451,0.00,0.6344,0.4375,10,0,0,9,0.004500,0.8125,2,0.3750,2,0.9219,2,0.7813,2,0.5313,2,0.6094,2,0.8594,2,0.2813,2,0.5625,2,0.6094,2
10419857.0,4159.587211,12813.757458,16973.344669,987,452,0.00,0.6547,0.4250,10,0,0,9,0.004500,0.8125,2,0.3750,2,0.9219,2,0.7813,2,0.4844,2,0.8594,2,0.8594,2,0.2813,2,0.5625,2,0.6094,2
10419916.0,4159.636921,12813.947242,16973.584162,988,452,0.00,0.6594,0.4375,10,0,0,9,0.004500,0.8125,2,0.3750,2,0.9219,2,0.7813,2,0.4844,2,0.8594,2,0.9063,2,0.2813,2,0.5625,2,0.6094,2
10420053.0,4159.752847,12814.398200,16974.151047,989,453,0.00,0.6781,0.4500,10,0,0,9,0.004500,0.8125,2,0.3750,2,0.9219,2,0.7813,2,0.4844,2,0.8594,2,0.9063,2,0.4688,2,0.5625,2,0.6094,2
10421819.0,4161.227778,12820.107108,16981.334887,990,453,0.00,0.6469,0.4375,10,0,0,9,0.004500,0.8125,2,0.3750,2,0.6875,2,0.6563,2,0.4844,2,0.8594,2,0.9063,2,0.4688,2,0.6094,2,0.6094,2
10422335.0,4161.658221,12821.781533,16983.439754,991,454,0.00,0.6516,0.4375,10,0,0,9,0.004500,0.8125,2,0.3750,2,0.6875,2,0.6563,2,0.4844,2,0.8594,2,0.9063,2,0.4688,2,0.5625,2,0.7031,2
10422609.0,4161.888409,12822.683450,16984.571859,992,455,0.00,0.6750,0.4500,10,0,0,9,0.004500,0.8125,2,0.6094,2,0.6875,2,0.6563,2,0.4844,2,0.8594,2,0.9063,2,0.4688,2,0.5625,2,0.7031,2
10423053.0,4162.268627,12824.169175,16986.437802,993,456,0.00,0.6750,0.4500,10,0,0,9,0.004500,0.8125,2,0.6094,2,0.7813,2,0.6563,2,0.4844,2,0.8594,2,0.9063,2,0.4688,2,0.5625,2,0.6094,2
10423312.0,4162.490935,12825.041142,16987.532077,994,456,0.00,0.6797,0.4625,10,0,0,9,0.004500,0.8125,2,0.6094,2,0.7813,2,0.7031,2,0.4844,2,0.8594,2,0.9063,2,0.4688,2,0.5625,2,0.6094,2
10424039.0,4163.115443,12827.498983,16990.614426,995,456,0.00,0.6828,0.4375,10,0,0,9,0.004500,0.8125,2,0.6094,2,0.7813,2,0.6563,2,0.6094,2,0.8594,2,0.8594,2,0.4688,2,0.5625,2,0.6094,2
10424040.0,4163.116307,12827.502275,16990.618582,996,456,0.00,0.6953,0.4375,10,0,0,9,0.004500,0.8125,2,0.6094,2,0.7813,2,0.6563,2,0.6094,2,0.9844,2,0.8594,2,0.4688,2,0.5625,2,0.6094,2
10424046.0,4163.121552,12827.522025,16990.643577,997,456,0.00,0.7078,0.4375,10,0,0,9,0.004500,0.8125,2,0.6094,2,0.7813,2,0.6563,2,0.6094,2,0.9844,2,0.9844,2,0.4688,2,0.5625,2,0.6094,2
10424050.0,4163.125088,12827.535192,16990.660279,998,456,0.00,0.7203,0.4375,10,0,0,9,0.004500,0.8125,2,0.6094,2,0.7813,2,0.6563,2,0.6094,2,0.9844,2,0.9844,2,0.5938,2,0.5625,2,0.6094,2
10424998.0,4163.955314,12830.537117,16994.492431,999,456,0.00,0.6734,0.4125,10,0,0,9,0.004500,0.8125,2,0.3750,2,0.5000,2,0.6563,2,0.6094,2,0.9844,2,0.9844,2,0.5938,2,0.6094,2,0.6094,2
10426697.0,4165.398079,12835.742208,17001.140288,1000,457,0.00,0.6875,0.4000,10,0,0,9,0.004500,0.8125,2,0.3750,2,0.5000,2,0.6563,2,0.6094,2,0.9844,2,0.9844,2,0.4063,2,0.5625,2,0.9844,2
10426770.0,4165.461447,12835.966075,17001.427522,1001,457,0.00,0.6922,0.4125,10,0,0,9,0.004500,0.8594,2,0.3750,2,0.5000,2,0.6563,2,0.6094,2,0.9844,2,0.9844,2,0.4063,2,0.5625,2,0.9844,2
10427770.0,4166.330268,12839.048492,17005.378760,1002,458,0.00,0.7125,0.4000,10,0,0,9,0.004500,0.8125,2,0.6250,2,0.5000,2,0.6563,2,0.6094,2,0.9844,2,0.9844,2,0.4063,2,0.5625,2,0.9844,2
10429667.0,4168.013856,12844.865958,17012.879814,1003,459,0.00,0.7188,0.4125,10,0,0,9,0.004500,0.8125,2,0.6250,2,0.5625,2,0.6563,2,0.6094,2,0.9844,2,0.9844,2,0.4063,2,0.5625,2,0.9844,2
10429978.0,4168.291380,12845.843017,17014.134397,1004,459,0.00,0.7250,0.4250,10,0,0,9,0.004500,0.8125,2,0.6250,2,0.5625,2,0.7188,2,0.6094,2,0.9844,2,0.9844,2,0.4063,2,0.5625,2,0.9844,2
10430148.0,4168.443223,12846.379275,17014.822498,1005,459,0.00,0.7234,0.4250,10,0,0,9,0.004500,0.8125,2,0.6250,2,0.5625,2,0.6563,2,0.6563,2,0.9844,2,0.9844,2,0.4063,2,0.5625,2,0.9844,2
10430353.0,4168.626769,12847.035917,17015.662686,1006,459,0.00,0.7234,0.4250,10,0,0,9,0.004500,0.8125,2,0.6250,2,0.5625,2,0.6563,2,0.6094,2,0.9844,2,0.9844,2,0.4531,2,0.5625,2,0.9844,2
10430809.0,4169.034284,12848.480817,17017.515100,1007,460,0.00,0.7563,0.4250,10,0,0,9,0.004500,0.8125,2,0.6250,2,0.5625,2,0.6563,2,0.6094,2,0.9844,2,0.9844,2,0.4063,2,0.9375,2,0.9844,2
10430841.0,4169.063773,12848.583750,17017.647523,1008,461,0.00,0.7625,0.4375,10,0,0,9,0.004500,0.8750,2,0.6250,2,0.5625,2,0.6563,2,0.6094,2,0.9844,2,0.9844,2,0.4063,2,0.9375,2,0.9844,2
10430899.0,4169.116395,12848.771817,17017.888211,1009,461,0.00,0.7297,0.4375,10,0,0,9,0.004500,0.8750,2,0.6719,2,0.5625,2,0.6563,2,0.6094,2,0.9844,2,0.9844,2,0.4063,2,0.5625,2,0.9844,2
10431794.0,4169.920120,12851.665358,17021.585478,1010,461,0.00,0.7313,0.4375,10,0,0,9,0.004500,0.8750,2,0.6250,2,0.6250,2,0.6563,2,0.6094,2,0.9844,2,0.9844,2,0.4063,2,0.5625,2,0.9844,2
10432303.0,4170.376947,12853.304817,17023.681763,1011,461,0.00,0.7297,0.4375,10,0,0,9,0.004500,0.8750,2,0.6250,2,0.5625,2,0.7031,2,0.6094,2,0.9844,2,0.9844,2,0.4063,2,0.5625,2,0.9844,2
10432317.0,4170.389559,12853.350900,17023.740459,1012,461,0.00,0.7344,0.4500,10,0,0,9,0.004500,0.8750,2,0.6250,2,0.5625,2,0.7031,2,0.6563,2,0.9844,2,0.9844,2,0.4063,2,0.5625,2,0.9844,2
10432820.0,4170.841061,12854.995508,17025.836569,1013,461,0.00,0.6688,0.4250,10,0,0,9,0.004500,0.8750,2,0.3750,2,0.5625,2,0.6563,2,0.6094,2,0.9844,2,0.9844,2,0.4688,2,0.5625,2,0.6094,2
10432946.0,4170.948598,12855.400808,17026.349407,1014,462,0.00,0.6859,0.4375,10,0,0,9,0.004500,0.8750,2,0.3750,2,0.5625,2,0.6563,2,0.6094,2,0.9844,2,0.9844,2,0.4688,2,0.7344,2,0.6094,2
10433225.0,4171.189445,12856.303733,17027.493179,1015,462,0.00,0.6844,0.4375,10,0,0,9,0.004500,0.8750,2,0.3750,2,0.5625,2,0.6563,2,0.6094,2,0.9844,2,0.9844,2,0.4063,2,0.7344,2,0.6563,2
10433505.0,4171.428399,12857.206425,17028.634824,1016,462,0.00,0.6719,0.4375,10,0,0,9,0.004500,0.9219,2,0.3750,2,0.5625,2,0.6563,2,0.4844,2,0.9844,2,0.9844,2,0.4063,2,0.7344,2,0.6094,2
10433553.0,4171.469370,12857.362100,17028.831470,1017,462,0.00,0.6734,0.4375,10,0,0,9,0.004500,0.9219,2,0.4375,2,0.5625,2,0.6563,2,0.4375,2,0.9844,2,0.9844,2,0.4063,2,0.7344,2,0.6094,2
10433611.0,4171.518853,12857.548667,17029.067520,1018,462,0.00,0.6609,0.4125,10,0,0,9,0.004500,0.9219,2,0.3750,2,0.5469,2,0.6563,2,0.4375,2,0.9375,2,0.9844,2,0.4063,2,0.7344,2,0.6094,2
10433709.0,4171.601898,12857.856550,17029.458448,1019,463,0.00,0.6781,0.4250,10,0,0,9,0.004500,0.9219,2,0.3750,2,0.5469,2,0.8281,2,0.4375,2,0.9375,2,0.9844,2,0.4063,2,0.7344,2,0.6094,2
10433799.0,4171.679206,12858.142750,17029.821956,1020,463,0.00,0.6906,0.4250,10,0,0,9,0.004500,0.9219,2,0.3750,2,0.5000,2,0.8281,2,0.6094,2,0.9375,2,0.9844,2,0.4063,2,0.7344,2,0.6094,2
10433959.0,4171.818484,12858.657417,17030.475901,1021,463,0.00,0.6969,0.4375,10,0,0,9,0.004500,0.9219,2,0.3750,2,0.5000,2,0.8281,2,0.6094,2,1.0000,2,0.9844,2,0.4063,2,0.7344,2,0.6094,2
10434155.0,4171.988399,12859.290208,17031.278607,1022,464,0.00,0.6656,0.4125,10,0,0,9,0.004500,0.9219,2,0.3750,2,0.5000,2,0.6563,2,0.4375,2,0.9375,2,0.9844,2,0.5000,2,0.7344,2,0.6094,2
10434472.0,4172.254303,12860.264367,17032.518669,1023,464,0.00,0.6531,0.4125,10,0,0,9,0.004500,0.9219,2,0.3750,2,0.5000,2,0.6563,2,0.4375,2,0.9375,2,0.9844,2,0.5000,2,0.6094,2,0.6094,2
10434545.0,4172.315719,12860.493708,17032.809427,1024,464,0.00,0.6703,0.4250,10,0,0,9,0.004500,0.9219,2,0.3750,2,0.5000,2,0.6563,2,0.4375,2,0.9375,2,0.9844,2,0.5000,2,0.6094,2,0.7813,2
10434573.0,4172.339650,12860.583775,17032.923425,1025,464,0.00,0.6875,0.4375,10,0,0,9,0.004500,0.9219,2,0.5469,2,0.5000,2,0.6563,2,0.4375,2,0.9375,2,0.9844,2,0.5000,2,0.6094,2,0.7813,2
10434999.0,4172.703762,12861.933375,17034.637137,1026,464,0.00,0.6531,0.4125,10,0,0,9,0.004500,0.9219,2,0.3750,2,0.5469,2,0.6563,2,0.4375,2,0.9375,2,0.9844,2,0.5000,2,0.5625,2,0.6094,2
10435326.0,4172.977843,12862.944800,17035.922643,1027,465,0.00,0.6719,0.4000,10,0,0,9,0.004500,0.8594,2,0.3750,2,0.5469,2,0.9063,2,0.4375,2,0.9375,2,0.9844,2,0.5000,2,0.5625,2,0.6094,2
10435374.0,4173.018926,12863.092000,17036.110926,1028,466,0.00,0.6891,0.4125,10,0,0,9,0.004500,0.8594,2,0.3750,2,0.5469,2,0.9063,2,0.6094,2,0.9375,2,0.9844,2,0.5000,2,0.5625,2,0.6094,2
10435598.0,4173.213643,12863.795733,17037.009376,1029,467,0.00,0.7016,0.4250,10,0,0,9,0.004500,0.8594,2,0.3750,2,0.5469,2,0.9063,2,0.6094,2,0.9375,2,0.9844,2,0.6250,2,0.5625,2,0.6094,2
10435669.0,4173.276051,12864.024117,17037.300168,1030,468,0.00,0.7156,0.4375,10,0,0,9,0.004500,0.8594,2,0.3750,2,0.5469,2,0.9063,2,0.6094,2,0.9375,2,0.9844,2,0.6250,2,0.7031,2,0.6094,2
10436334.0,4173.867855,12866.213075,17040.080930,1031,469,0.00,0.7297,0.4500,10,0,0,9,0.004500,0.8594,2,0.3750,2,0.5469,2,0.9063,2,0.6094,2,0.9375,2,0.9844,2,0.6250,2,0.7031,2,0.7500,2
10436385.0,4173.913799,12866.384775,17040.298574,1032,469,0.00,0.7469,0.4625,10,0,0,9,0.004500,0.8594,2,0.5469,2,0.5469,2,0.9063,2,0.6094,2,0.9375,2,0.9844,2,0.6250,2,0.7031,2,0.7500,2
10436392.0,4173.920199,12866.408867,17040.329065,1033,469,0.00,0.7531,0.4750,10,0,0,9,0.004500,0.8594,2,0.5469,2,0.6094,2,0.9063,2,0.6094,2,0.9375,2,0.9844,2,0.6250,2,0.7031,2,0.7500,2
10436392.0,4173.920199,12866.408867,17040.329065,1034,469,0.00,0.7656,0.4750,10,0,0,9,0.004500,0.8594,2,0.5469,2,0.6094,2,0.9063,2,0.7344,2,0.9375,2,0.9844,2,0.6250,2,0.7031,2,0.7500,2
10436424.0,4173.949914,12866.521250,17040.471164,1035,469,0.00,0.7781,0.4750,10,0,0,9,0.004500,0.8125,2,0.5469,2,0.6094,2,0.9063,2,0.7344,2,0.9375,2,0.9844,2,0.7969,2,0.7031,2,0.7500,2
10436454.0,4173.978070,12866.626750,17040.604820,1036,469,0.00,0.7828,0.4875,10,0,0,9,0.004500,0.8125,2,0.5469,2,0.6094,2,0.9063,2,0.7344,2,0.9375,2,0.9844,2,0.7969,2,0.7500,2,0.7500,2
10436461.0,4173.984639,12866.651742,17040.636380,1037,469,0.00,0.7719,0.4875,10,0,0,9,0.004500,0.8125,2,0.5469,2,0.6094,2,0.9063,2,0.7344,2,0.9375,2,0.9844,2,0.6250,2,0.7500,2,0.8125,2
10436556.0,4174.073003,12866.986050,17041.059053,1038,469,0.00,0.7734,0.4875,10,0,0,9,0.004500,0.8750,2,0.5469,2,0.5625,2,0.9063,2,0.7344,2,0.9375,2,0.9844,2,0.6250,2,0.7500,2,0.8125,2
10436721.0,4174.226004,12867.571625,17041.797629,1039,469,0.00,0.7609,0.4875,10,0,0,9,0.004500,0.8750,2,0.4219,2,0.5625,2,0.9063,2,0.7344,2,0.9375,2,0.9844,2,0.6250,2,0.7500,2,0.8125,2
10437388.0,4174.829735,12869.874192,17044.703927,1040,469,0.00,0.7203,0.4625,10,0,0,9,0.004500,0.8750,2,0.3750,2,0.6250,2,0.9063,2,0.4375,2,0.9375,2,0.9844,2,0.5000,2,0.7500,2,0.8125,2
10437520.0,4174.947622,12870.327142,17045.274763,1041,469,0.00,0.7203,0.4625,10,0,0,9,0.004500,0.8750,2,0.3750,2,0.6250,2,0.9531,2,0.4375,2,0.9375,2,0.9844,2,0.5000,2,0.7031,2,0.8125,2
10437771.0,4175.170539,12871.169850,17046.340389,1042,469,0.00,0.7125,0.4500,10,0,0,9,0.004500,0.8125,2,0.3750,2,0.6250,2,0.9531,2,0.4844,2,0.9375,2,0.9844,2,0.5000,2,0.7031,2,0.7500,2
10437793.0,4175.190064,12871.243917,17046.433980,1043,469,0.00,0.7250,0.4625,10,0,0,9,0.004500,0.8125,2,0.3750,2,0.6250,2,0.9531,2,0.4844,2,0.9375,2,0.9844,2,0.6250,2,0.7031,2,0.7500,2
10438117.0,4175.476374,12872.311317,17047.787691,1044,470,0.00,0.7203,0.4375,10,0,0,9,0.004500,0.8125,2,0.3750,2,0.5625,2,0.9531,2,0.4375,2,0.9375,2,0.9844,2,0.5000,2,0.8906,2,0.7500,2
10438120.0,4175.479055,12872.321192,17047.800246,1045,470,0.00,0.7250,0.4500,10,0,0,9,0.004500,0.8125,2,0.3750,2,0.5625,2,0.9531,2,0.4375,2,0.9375,2,0.9844,2,0.5000,2,0.8906,2,0.7969,2
10438490.0,4175.810196,12873.549758,17049.359954,1046,470,0.00,0.7250,0.4500,10,0,0,9,0.004500,0.8594,2,0.3750,2,0.5625,2,0.9531,2,0.4375,2,0.9375,2,0.9844,2,0.5000,2,0.8906,2,0.7500,2
10438646.0,4175.949831,12874.068133,17050.017964,1047,470,0.00,0.7375,0.4500,10,0,0,9,0.004500,0.8125,2,0.5469,2,0.5625,2,0.9531,2,0.4375,2,0.9375,2,0.9844,2,0.5000,2,0.8906,2,0.7500,2
10438828.0,4176.114894,12874.680867,17050.795761,1048,471,0.00,0.7516,0.4625,10,0,0,9,0.004500,0.8125,2,0.5469,2,0.7031,2,0.9531,2,0.4375,2,0.9375,2,0.9844,2,0.5000,2,0.8906,2,0.7500,2
10438984.0,4176.258084,12875.217767,17051.475851,1049,472,0.00,0.7656,0.4750,10,0,0,9,0.004500,0.8125,2,0.5469,2,0.7031,2,0.9531,2,0.5781,2,0.9375,2,0.9844,2,0.5000,2,0.8906,2,0.7500,2
10439238.0,4176.494004,12876.111000,17052.605004,1050,472,0.00,0.7703,0.4875,10,0,0,9,0.004500,0.8125,2,0.5469,2,0.7031,2,0.9531,2,0.5781,2,0.9844,2,0.9844,2,0.5000,2,0.8906,2,0.7500,2
10439500.0,4176.737534,12877.046692,17053.784225,1051,472,0.00,0.7734,0.4875,10,0,0,9,0.004500,0.8125,2,0.5469,2,0.7031,2,0.9531,2,0.5781,2,0.9844,2,0.9844,2,0.6719,2,0.7500,2,0.7500,2
10439612.0,4176.841346,12877.443933,17054.285280,1052,472,0.00,0.7625,0.4875,10,0,0,9,0.004500,0.8125,2,0.5469,2,0.7031,2,0.9531,2,0.5781,2,0.9844,2,0.9844,2,0.5000,2,0.8125,2,0.7500,2
10439715.0,4176.936507,12877.809900,17054.746407,1053,472,0.00,0.7609,0.4875,10,0,0,9,0.004500,0.8125,2,0.5469,2,0.7031,2,0.9531,2,0.5781,2,0.9844,2,0.9844,2,0.5000,2,0.7500,2,0.7969,2
10439780.0,4176.996643,12878.043358,17055.040001,1054,472,0.00,0.7656,0.5000,10,0,0,9,0.004500,0.8594,2,0.5469,2,0.7031,2,0.9531,2,0.5781,2,0.9844,2,0.9844,2,0.5000,2,0.7500,2,0.7969,2
10440062.0,4177.252399,12879.044808,17056.297207,1055,472,0.00,0.7313,0.4750,10,0,0,9,0.004500,0.8125,2,0.5938,2,0.7031,2,0.6563,2,0.5781,2,0.9844,2,0.9844,2,0.5000,2,0.7500,2,0.7500,2
10440135.0,4177.317642,12879.297100,17056.614742,1056,472,0.00,0.7172,0.4625,10,0,0,9,0.004500,0.8125,2,0.5469,2,0.7500,2,0.6563,2,0.5781,2,0.9844,2,0.9844,2,0.5000,2,0.7500,2,0.6094,2
10440474.0,4177.619161,12880.451900,17058.071061,1057,472,0.00,0.7000,0.4500,10,0,0,9,0.004500,0.8125,2,0.3750,2,0.7031,2,0.7031,2,0.5781,2,0.9844,2,0.9844,2,0.5000,2,0.7500,2,0.6094,2
10441228.0,4178.278887,12882.946792,17061.225679,1058,473,0.00,0.7094,0.4500,10,0,0,9,0.004500,0.8125,2,0.3750,2,0.7031,2,0.6563,2,0.7188,2,0.9844,2,0.9844,2,0.5000,2,0.7500,2,0.6094,2
10441289.0,4178.332876,12883.152158,17061.485035,1059,473,0.00,0.7156,0.4625,10,0,0,9,0.004500,0.8125,2,0.3750,2,0.7031,2,0.6563,2,0.7188,2,0.9844,2,0.9844,2,0.5625,2,0.7500,2,0.6094,2
10441620.0,4178.625975,12884.268700,17062.894675,1060,473,0.00,0.7141,0.4625,10,0,0,9,0.004500,0.8125,2,0.3750,2,0.7031,2,0.6563,2,0.7188,2,0.9844,2,0.9844,2,0.5000,2,0.7969,2,0.6094,2
10442134.0,4179.081488,12886.011242,17065.092730,1061,474,0.00,0.7328,0.4625,10,0,0,9,0.004500,0.8125,2,0.3750,2,0.7031,2,0.6563,2,0.7188,2,0.9844,2,0.9844,2,0.5000,2,0.7500,2,0.8438,2
10442271.0,4179.205240,12886.482750,17065.687990,1062,475,0.00,0.7578,0.4625,10,0,0,9,0.004500,0.8125,2,0.6250,2,0.7031,2,0.6563,2,0.7188,2,0.9844,2,0.9844,2,0.5000,2,0.7500,2,0.8438,2
10443884.0,4180.652499,12892.034158,17072.686658,1063,475,0.00,0.7266,0.4750,10,0,0,9,0.004500,0.8125,2,0.6250,2,0.7656,2,0.6563,2,0.7188,2,0.8594,2,0.8594,2,0.3750,2,0.7500,2,0.8438,2
10444492.0,4181.193898,12894.127742,17075.321640,1064,475,0.00,0.7000,0.4750,10,0,0,9,0.004500,0.8125,2,0.6250,2,0.7031,2,0.7031,2,0.7188,2,0.6094,2,0.8594,2,0.3750,2,0.7500,2,0.8438,2
10445046.0,4181.661312,12895.948550,17077.609862,1065,475,0.00,0.6359,0.4250,10,0,0,9,0.004500,0.8125,2,0.6250,2,0.5625,2,0.6563,2,0.5000,2,0.6094,2,0.8594,2,0.3750,2,0.7500,2,0.6094,2
10445431.0,4181.976613,12897.133567,17079.110179,1066,475,0.00,0.6297,0.4125,10,0,0,9,0.004500,0.8125,2,0.6250,2,0.5000,2,0.6563,2,0.4375,2,0.6719,2,0.8594,2,0.3750,2,0.7500,2,0.6094,2
10445440.0,4181.984020,12897.161842,17079.145862,1067,475,0.00,0.6797,0.4125,10,0,0,9,0.004500,0.8125,2,0.6250,2,0.5000,2,0.6563,2,0.4375,2,0.6719,2,0.8594,2,0.8750,2,0.7500,2,0.6094,2
10445790.0,4182.277702,12898.261425,17080.539127,1068,475,0.00,0.6422,0.4250,10,0,0,9,0.004500,0.8125,2,0.6250,2,0.5000,2,0.6563,2,0.4375,2,0.6719,2,0.8594,2,0.3750,2,0.8750,2,0.6094,2
10446016.0,4182.465918,12898.988392,17081.454309,1069,475,0.00,0.6922,0.4250,10,0,0,9,0.004500,0.8125,2,0.6250,2,1.0000,2,0.6563,2,0.4375,2,0.6719,2,0.8594,2,0.3750,2,0.8750,2,0.6094,2
10446760.0,4183.088690,12901.355492,17084.444181,1070,475,0.00,0.6297,0.4125,10,0,0,9,0.004500,0.8125,2,0.6250,2,0.5000,2,0.7188,2,0.4375,2,0.6094,2,0.8594,2,0.3750,2,0.7500,2,0.6094,2
10447116.0,4183.381710,12902.473925,17085.855635,1071,476,0.00,0.6422,0.4250,10,0,0,9,0.004500,0.8125,2,0.6250,2,0.5000,2,0.7188,2,0.5625,2,0.6094,2,0.8594,2,0.3750,2,0.7500,2,0.6094,2
10447525.0,4183.722330,12903.789542,17087.511872,1072,476,0.00,0.6484,0.4375,10,0,0,9,0.004500,0.8125,2,0.6250,2,0.5000,2,0.7188,2,0.5625,2,0.6719,2,0.8594,2,0.3750,2,0.7500,2,0.6094,2
10448041.0,4184.154016,12905.479492,17089.633507,1073,477,0.00,0.6656,0.4375,10,0,0,9,0.004500,0.8125,2,0.6250,2,0.5000,2,0.6563,2,0.5625,2,0.6719,2,0.8594,2,0.6094,2,0.7500,2,0.6094,2
10448097.0,4184.201674,12905.663825,17089.865499,1074,478,0.00,0.7031,0.4500,10,0,0,9,0.004500,0.8125,2,0.6250,2,0.5000,2,0.6563,2,0.5625,2,0.6719,2,0.8594,2,0.6094,2,0.7500,2,0.9844,2
10448391.0,4184.455847,12906.641775,17091.097622,1075,479,0.00,0.6828,0.4500,10,0,0,9,0.004500,0.9844,2,0.6250,2,0.5000,2,0.6563,2,0.5625,2,0.6719,2,0.8594,2,0.6094,2,0.7500,2,0.6094,2
10448437.0,4184.495610,12906.796642,17091.292251,1076,479,0.00,0.6953,0.4625,10,0,0,9,0.004500,0.9844,2,0.7500,2,0.5000,2,0.6563,2,0.5625,2,0.6719,2,0.8594,2,0.6094,2,0.7500,2,0.6094,2
10449254.0,4185.193385,12909.492083,17094.685468,1077,480,0.00,0.6672,0.4375,10,0,0,9,0.004500,0.8125,2,0.6250,2,0.6406,2,0.6563,2,0.4375,2,0.6719,2,0.8594,2,0.6094,2,0.7500,2,0.6094,2
10450158.0,4185.955710,12912.412100,17098.367810,1078,480,0.00,0.6578,0.4375,10,0,0,9,0.004500,0.8125,2,0.6250,2,0.5000,2,0.7031,2,0.4375,2,0.6719,2,0.8594,2,0.6094,2,0.7500,2,0.6094,2
10450228.0,4186.014857,12912.642517,17098.657374,1079,480,0.00,0.6641,0.4500,10,0,0,9,0.004500,0.8125,2,0.6250,2,0.5000,2,0.7031,2,0.5000,2,0.6719,2,0.8594,2,0.6094,2,0.7500,2,0.6094,2
10450358.0,4186.124897,12913.073433,17099.198331,1080,481,0.00,0.6703,0.4500,10,0,0,9,0.004500,0.8125,2,0.6250,2,0.5000,2,0.7031,2,0.4375,2,0.7969,2,0.8594,2,0.6094,2,0.7500,2,0.6094,2
10450512.0,4186.254583,12913.574500,17099.829083,1081,481,0.00,0.6281,0.4250,10,0,0,9,0.004500,0.8125,2,0.6250,2,0.5000,2,0.6563,2,0.4375,2,0.7969,2,0.9063,2,0.3750,2,0.5625,2,0.6094,2
10450689.0,4186.400055,12914.143850,17100.543905,1082,481,0.00,0.6297,0.4250,10,0,0,9,0.004500,0.8125,2,0.6250,2,0.5000,2,0.6563,2,0.4375,2,0.7969,2,0.8594,2,0.4375,2,0.5625,2,0.6094,2
10451105.0,4186.742461,12915.481983,17102.224444,1083,482,0.00,0.6547,0.4250,10,0,0,9,0.004500,0.8125,2,0.6250,2,0.5000,2,0.6563,2,0.4375,2,0.7969,2,0.8594,2,0.4375,2,0.8125,2,0.6094,2
10451338.0,4186.938771,12916.231467,17103.170238,1084,483,0.00,0.6734,0.4250,10,0,0,9,0.004500,0.8125,2,0.6250,2,0.5000,2,0.6563,2,0.4375,2,0.7969,2,0.8594,2,0.4375,2,0.8125,2,0.7969,2
10451453.0,4187.037340,12916.601383,17103.638723,1085,484,0.00,0.6797,0.4375,10,0,0,9,0.004500,0.8750,2,0.6250,2,0.5000,2,0.6563,2,0.4375,2,0.7969,2,0.8594,2,0.4375,2,0.8125,2,0.7969,2
10451457.0,4187.040788,12916.614550,17103.655338,1086,485,0.00,0.6984,0.4375,10,0,0,9,0.004500,0.8750,2,0.8125,2,0.5000,2,0.6563,2,0.4375,2,0.7969,2,0.8594,2,0.4375,2,0.8125,2,0.7969,2
10451465.0,4187.047800,12916.640883,17103.688684,1087,486,0.00,0.7172,0.4375,10,0,0,9,0.004500,0.8750,2,0.8125,2,0.6875,2,0.6563,2,0.4375,2,0.7969,2,0.8594,2,0.4375,2,0.8125,2,0.7969,2
10451527.0,4187.103051,12916.844967,17103.948018,1088,487,0.00,0.7359,0.4375,10,0,0,9,0.004500,0.8750,2,0.8125,2,0.6875,2,0.8438,2,0.4375,2,0.7969,2,0.8594,2,0.4375,2,0.8125,2,0.7969,2
10451555.0,4187.128412,12916.937133,17104.065545,1089,488,0.00,0.7641,0.4500,10,0,0,9,0.004500,0.8750,2,0.8125,2,0.6875,2,0.8438,2,0.7188,2,0.7969,2,0.8594,2,0.4375,2,0.8125,2,0.7969,2
10453342.0,4188.641688,12922.578067,17111.219755,1090,488,0.00,0.6500,0.4250,10,0,0,9,0.004500,0.8750,2,0.6250,2,0.5000,2,0.6563,2,0.4375,2,0.6875,2,0.8594,2,0.4375,2,0.8125,2,0.6094,2
10453495.0,4188.769547,12923.062642,17111.832189,1091,488,0.00,0.6484,0.4250,10,0,0,9,0.004500,0.8750,2,0.6250,2,0.5000,2,0.6563,2,0.4375,2,0.6250,2,0.9063,2,0.4375,2,0.8125,2,0.6094,2
10453755.0,4188.987197,12923.895975,17112.883172,1092,488,0.00,0.6563,0.4125,10,0,0,9,0.004500,0.8750,2,0.6250,2,0.5000,2,0.6563,2,0.4375,2,0.6250,2,0.8594,2,0.5625,2,0.8125,2,0.6094,2
10453760.0,4188.991415,12923.911683,17112.903099,1093,489,0.00,0.6750,0.4125,10,0,0,9,0.004500,0.8750,2,0.6250,2,0.5000,2,0.6563,2,0.4375,2,0.6250,2,0.8594,2,0.5625,2,1.0000,2,0.6094,2
10453993.0,4189.190420,12924.643692,17113.834112,1094,489,0.00,0.6484,0.4250,10,0,0,9,0.004500,0.8750,2,0.6250,2,0.5000,2,0.6563,2,0.4375,2,0.6250,2,0.8594,2,0.4375,2,0.8125,2,0.6563,2
10454461.0,4189.581485,12926.129217,17115.710702,1095,489,0.00,0.6484,0.4250,10,0,0,9,0.004500,0.9219,2,0.6250,2,0.5000,2,0.6563,2,0.4375,2,0.6250,2,0.8594,2,0.4375,2,0.8125,2,0.6094,2
10454537.0,4189.645149,12926.373683,17116.018832,1096,490,0.00,0.6859,0.4375,10,0,0,9,0.004500,0.9219,2,1.0000,2,0.5000,2,0.6563,2,0.4375,2,0.6250,2,0.8594,2,0.4375,2,0.8125,2,0.6094,2
10454850.0,4189.915510,12927.387250,17117.302760,1097,491,0.00,0.6922,0.4250,10,0,0,9,0.004500,0.8125,2,1.0000,2,0.6719,2,0.6563,2,0.4375,2,0.6250,2,0.8594,2,0.4375,2,0.8125,2,0.6094,2
10455001.0,4190.045840,12927.865692,17117.911531,1098,492,0.00,0.6922,0.4250,10,0,0,9,0.004500,0.8125,2,1.0000,2,0.5000,2,0.8281,2,0.4375,2,0.6250,2,0.8594,2,0.4375,2,0.8125,2,0.6094,2
10455086.0,4190.119934,12928.139108,17118.259043,1099,493,0.00,0.7094,0.4375,10,0,0,9,0.004500,0.8125,2,1.0000,2,0.5000,2,0.8281,2,0.6094,2,0.6250,2,0.8594,2,0.4375,2,0.8125,2,0.6094,2
10456111.0,4191.010581,12931.382417,17122.392998,1100,493,0.00,0.6734,0.4125,10,0,0,9,0.004500,0.8125,2,1.0000,2,0.5000,2,0.6563,2,0.4375,2,0.6094,2,0.8594,2,0.4375,2,0.8125,2,0.6094,2
10456381.0,4191.241722,12932.224892,17123.466614,1101,494,0.00,0.6750,0.4125,10,0,0,9,0.004500,0.8125,2,1.0000,2,0.5000,2,0.6563,2,0.4375,2,0.5625,2,0.9219,2,0.4375,2,0.8125,2,0.6094,2
10457497.0,4192.190046,12935.726717,17127.916762,1102,494,0.00,0.6188,0.4125,10,0,0,9,0.004500,0.8125,2,0.3750,2,0.5000,2,0.6563,2,0.4375,2,0.5625,2,0.9219,2,0.5000,2,0.8125,2,0.6094,2
10458105.0,4192.685312,12937.636850,17130.322162,1103,494,0.00,0.6313,0.4250,10,0,0,9,0.004500,0.8125,2,0.3750,2,0.5000,2,0.6563,2,0.4375,2,0.5625,2,0.9219,2,0.5000,2,0.9375,2,0.6094,2
10458138.0,4192.712485,12937.742550,17130.455035,1104,494,0.00,0.6297,0.4250,10,0,0,9,0.004500,0.8125,2,0.3750,2,0.5000,2,0.6563,2,0.4375,2,0.5625,2,0.9219,2,0.4375,2,0.9375,2,0.6563,2
10459348.0,4193.691130,12941.437692,17135.128822,1105,494,0.00,0.6109,0.4000,10,0,0,9,0.004500,0.8594,2,0.3750,2,0.5000,2,0.6563,2,0.4375,2,0.5625,2,0.9219,2,0.3750,2,0.8125,2,0.6094,2
10459465.0,4193.785725,12941.796492,17135.582217,1106,494,0.00,0.6156,0.4125,10,0,0,9,0.004500,0.8594,2,0.4219,2,0.5000,2,0.6563,2,0.4375,2,0.5625,2,0.9219,2,0.3750,2,0.8125,2,0.6094,2
10459596.0,4193.891942,12942.204450,17136.096392,1107,495,0.00,0.6234,0.4125,10,0,0,9,0.004500,0.8125,2,0.4219,2,0.6250,2,0.6563,2,0.4375,2,0.5625,2,0.9219,2,0.3750,2,0.8125,2,0.6094,2
10460075.0,4194.282215,12943.675183,17137.957398,1108,496,0.00,0.6313,0.4125,10,0,0,9,0.004500,0.8125,2,0.3750,2,0.6250,2,0.7813,2,0.4375,2,0.5625,2,0.9219,2,0.3750,2,0.8125,2,0.6094,2
10460640.0,4194.747909,12945.449625,17140.197534,1109,496,0.00,0.6313,0.4125,10,0,0,9,0.004500,0.8125,2,0.3750,2,0.6250,2,0.7813,2,0.5000,2,0.5625,2,0.8594,2,0.3750,2,0.8125,2,0.6094,2
10462043.0,4195.885607,12949.660733,17145.546340,1110,497,0.00,0.6266,0.4000,10,0,0,9,0.004500,0.8125,2,0.3750,2,0.5000,2,0.7813,2,0.4375,2,0.7031,2,0.8594,2,0.3750,2,0.8125,2,0.6094,2
10462484.0,4196.243775,12950.986883,17147.230658,1111,497,0.00,0.6063,0.3875,10,0,0,9,0.004500,0.8125,2,0.3750,2,0.5000,2,0.6563,2,0.4375,2,0.5625,2,0.9219,2,0.3750,2,0.8125,2,0.6094,2
10462683.0,4196.403208,12951.570900,17147.974108,1112,498,0.00,0.6188,0.3750,10,0,0,9,0.004500,0.8125,2,0.3750,2,0.5000,2,0.6563,2,0.4375,2,0.5625,2,0.8594,2,0.5625,2,0.8125,2,0.6094,2
10462689.0,4196.408095,12951.588400,17147.996495,1113,499,0.00,0.6375,0.3750,10,0,0,9,0.004500,0.8125,2,0.3750,2,0.5000,2,0.6563,2,0.4375,2,0.5625,2,0.8594,2,0.5625,2,1.0000,2,0.6094,2
10462806.0,4196.504320,12951.929650,17148.433970,1114,500,0.00,0.6375,0.3750,10,0,0,9,0.004500,0.8125,2,0.3750,2,0.5000,2,0.6563,2,0.4375,2,0.5625,2,0.8594,2,0.3750,2,1.0000,2,0.7969,2
10463316.0,4196.923900,12953.417150,17150.341050,1115,501,0.00,0.6125,0.3875,10,0,0,9,0.004500,0.9375,2,0.3750,2,0.5000,2,0.6563,2,0.4375,2,0.5625,2,0.8594,2,0.3750,2,0.8125,2,0.6094,2
10463316.0,4196.923900,12953.417150,17150.341050,1116,502,0.00,0.6250,0.4000,10,0,0,9,0.004500,0.9375,2,0.5000,2,0.5000,2,0.6563,2,0.4375,2,0.5625,2,0.8594,2,0.3750,2,0.8125,2,0.6094,2
10463437.0,4197.023052,12953.788217,17150.811269,1117,503,0.00,0.6438,0.4125,10,0,0,9,0.004500,0.9375,2,0.5000,2,0.6875,2,0.6563,2,0.4375,2,0.5625,2,0.8594,2,0.3750,2,0.8125,2,0.6094,2
10463704.0,4197.245738,12954.627042,17151.872780,1118,503,0.00,0.6484,0.4250,10,0,0,9,0.004500,0.9375,2,0.5000,2,0.6875,2,0.7031,2,0.4375,2,0.5625,2,0.8594,2,0.3750,2,0.8125,2,0.6094,2
10463934.0,4197.437339,12955.354500,17152.791839,1119,504,0.00,0.6688,0.4125,10,0,0,9,0.004500,0.8125,2,0.5000,2,0.6875,2,0.6563,2,0.8125,2,0.5625,2,0.8594,2,0.3750,2,0.8125,2,0.6094,2
10464624.0,4198.003748,12957.444025,17155.447773,1120,504,0.00,0.6234,0.4000,10,0,0,9,0.004500,0.8125,2,0.3750,2,0.6875,2,0.6563,2,0.4375,2,0.6094,2,0.8594,2,0.3750,2,0.8125,2,0.6094,2
10464849.0,4198.186774,12958.126300,17156.313074,1121,504,0.00,0.6000,0.4000,10,0,0,9,0.004500,0.8125,2,0.3750,2,0.6875,2,0.6563,2,0.4375,2,0.5625,2,0.9219,2,0.3750,2,0.5625,2,0.6094,2
10464987.0,4198.296795,12958.543650,17156.840445,1122,504,0.00,0.6000,0.4000,10,0,0,9,0.004500,0.8125,2,0.3750,2,0.6875,2,0.6563,2,0.4375,2,0.5625,2,0.8594,2,0.4375,2,0.5625,2,0.6094,2
10465750.0,4198.903622,12960.828392,17159.732013,1123,504,0.00,0.5984,0.4000,10,0,0,9,0.004500,0.8125,2,0.3750,2,0.6875,2,0.6563,2,0.4375,2,0.5625,2,0.8594,2,0.3750,2,0.6094,2,0.6094,2
10465976.0,4199.083812,12961.514558,17160.598370,1124,504,0.00,0.5984,0.4000,10,0,0,9,0.004500,0.8125,2,0.3750,2,0.6875,2,0.6563,2,0.4375,2,0.5625,2,0.8594,2,0.3750,2,0.5625,2,0.6563,2
10467648.0,4200.413787,12966.526975,17166.940762,1125,504,0.00,0.6000,0.4000,10,0,0,9,0.004500,0.8750,2,0.3750,2,0.6875,2,0.6563,2,0.4375,2,0.5625,2,0.8594,2,0.3750,2,0.5625,2,0.6094,2
10467853.0,4200.576917,12967.142217,17167.719134,1126,504,0.00,0.6000,0.4000,10,0,0,9,0.004500,0.8125,2,0.4375,2,0.6875,2,0.6563,2,0.4375,2,0.5625,2,0.8594,2,0.3750,2,0.5625,2,0.6094,2
10468064.0,4200.745717,12967.789283,17168.535000,1127,504,0.00,0.6047,0.4125,10,0,0,9,0.004500,0.8125,2,0.4375,2,0.7344,2,0.6563,2,0.4375,2,0.5625,2,0.8594,2,0.3750,2,0.5625,2,0.6094,2
10468357.0,4200.980514,12968.695992,17169.676506,1128,504,0.00,0.6500,0.4000,10,0,0,9,0.004500,0.8125,2,0.4375,2,0.6875,2,0.6563,2,0.9375,2,0.5625,2,0.8594,2,0.3750,2,0.5625,2,0.6094,2
10468877.0,4201.402036,12970.290658,17171.692695,1129,504,0.00,0.6047,0.4125,10,0,0,9,0.004500,0.8125,2,0.4375,2,0.6875,2,0.6563,2,0.4375,2,0.6094,2,0.8594,2,0.3750,2,0.5625,2,0.6094,2
10468879.0,4201.403644,12970.296942,17171.700585,1130,505,0.00,0.6234,0.4125,10,0,0,9,0.004500,0.8125,2,0.4375,2,0.6875,2,0.6563,2,0.4375,2,0.6094,2,0.8594,2,0.5625,2,0.5625,2,0.6094,2
10468928.0,4201.443737,12970.450883,17171.894620,1131,505,0.00,0.6734,0.4125,10,0,0,9,0.004500,0.8125,2,0.9375,2,0.6875,2,0.6563,2,0.4375,2,0.6094,2,0.8594,2,0.5625,2,0.5625,2,0.6094,2
10468928.0,4201.443737,12970.450883,17171.894620,1132,505,0.00,0.7234,0.4125,10,0,0,9,0.004500,0.8125,2,0.9375,2,0.6875,2,0.6563,2,0.9375,2,0.6094,2,0.8594,2,0.5625,2,0.5625,2,0.6094,2
10468950.0,4201.463449,12970.520000,17171.983449,1133,506,0.00,0.7422,0.4125,10,0,0,9,0.004500,0.8125,2,0.9375,2,0.6875,2,0.6563,2,0.9375,2,0.7969,2,0.8594,2,0.5625,2,0.5625,2,0.6094,2
10469205.0,4201.678175,12971.291125,17172.969300,1134,506,0.00,0.5984,0.4000,10,0,0,9,0.004500,0.8125,2,0.3750,2,0.6875,2,0.6563,2,0.4375,2,0.5625,2,0.9063,2,0.3750,2,0.5625,2,0.6094,2
10469867.0,4202.204951,12973.279708,17175.484659,1135,506,0.00,0.5984,0.4000,10,0,0,9,0.004500,0.8125,2,0.3750,2,0.6875,2,0.6563,2,0.4375,2,0.5625,2,0.8594,2,0.4219,2,0.5625,2,0.6094,2
10470372.0,4202.606981,12974.800475,17177.407456,1136,507,0.00,0.6000,0.4000,10,0,0,9,0.004500,0.8125,2,0.3750,2,0.6875,2,0.6563,2,0.4375,2,0.5625,2,0.8594,2,0.3750,2,0.6250,2,0.6094,2
10471323.0,4203.367781,12977.716875,17181.084656,1137,507,0.00,0.6063,0.4125,10,0,0,9,0.004500,0.8125,2,0.3750,2,0.6875,2,0.6563,2,0.4375,2,0.5625,2,0.8594,2,0.3750,2,0.6250,2,0.6719,2
10471828.0,4203.771907,12979.267492,17183.039399,1138,507,0.00,0.6047,0.4125,10,0,0,9,0.004500,0.8594,2,0.3750,2,0.6875,2,0.6563,2,0.4375,2,0.5625,2,0.8594,2,0.3750,2,0.6250,2,0.6094,2
10472083.0,4203.976338,12980.058342,17184.034679,1139,507,0.00,0.6047,0.4125,10,0,0,9,0.004500,0.8125,2,0.4219,2,0.6875,2,0.6563,2,0.4375,2,0.5625,2,0.8594,2,0.3750,2,0.6250,2,0.6094,2
10473680.0,4205.248502,12984.935558,17190.184060,1140,507,0.00,0.5859,0.4000,10,0,0,9,0.004500,0.8125,2,0.3750,2,0.5469,2,0.6563,2,0.4375,2,0.5625,2,0.8594,2,0.3750,2,0.6250,2,0.6094,2
10475310.0,4206.526834,12989.785275,17196.312109,1141,508,0.00,0.6125,0.3875,10,0,0,9,0.004500,0.8125,2,0.3750,2,0.5000,2,0.6563,2,0.8125,2,0.5625,2,0.8594,2,0.3750,2,0.5625,2,0.6094,2
10476444.0,4207.425488,12993.127500,17200.552988,1142,508,0.00,0.5797,0.3875,10,0,0,9,0.004500,0.8125,2,0.3750,2,0.5000,2,0.6563,2,0.4375,2,0.6094,2,0.8594,2,0.3750,2,0.5625,2,0.6094,2
10476744.0,4207.660183,12994.013375,17201.673558,1143,509,0.00,0.5984,0.3875,10,0,0,9,0.004500,0.8125,2,0.3750,2,0.5000,2,0.6563,2,0.4375,2,0.5625,2,0.8594,2,0.6094,2,0.5625,2,0.6094,2
10477956.0,4208.628310,12997.639275,17206.267585,1144,509,0.00,0.6031,0.4000,10,0,0,9,0.004500,0.8125,2,0.3750,2,0.5000,2,0.6563,2,0.4375,2,0.5625,2,0.8594,2,0.6094,2,0.6094,2,0.6094,2
10478057.0,4208.709356,12997.949008,17206.658364,1145,509,0.00,0.6078,0.4125,10,0,0,9,0.004500,0.8125,2,0.3750,2,0.5000,2,0.6563,2,0.4375,2,0.5625,2,0.8594,2,0.6094,2,0.6094,2,0.6563,2
10479249.0,4209.655236,13001.501875,17211.157111,1146,509,0.00,0.5797,0.3875,10,0,0,9,0.004500,0.8594,2,0.3750,2,0.5000,2,0.6563,2,0.4375,2,0.5625,2,0.8594,2,0.3750,2,0.5625,2,0.6094,2
10479784.0,4210.073453,13003.075042,17213.148495,1147,510,0.00,0.6125,0.3875,10,0,0,9,0.004500,0.8125,2,0.7500,2,0.5000,2,0.6563,2,0.4375,2,0.5625,2,0.8594,2,0.3750,2,0.5625,2,0.6094,2
10481045.0,4211.094513,13006.847533,17217.942046,1148,510,0.00,0.6172,0.4000,10,0,0,9,0.004500,0.8125,2,0.7500,2,0.5469,2,0.6563,2,0.4375,2,0.5625,2,0.8594,2,0.3750,2,0.5625,2,0.6094,2
10481242.0,4211.254747,13007.451667,17218.706413,1149,511,0.00,0.6547,0.4125,10,0,0,9,0.004500,0.8125,2,0.7500,2,0.5469,2,0.6563,2,0.8125,2,0.5625,2,0.8594,2,0.3750,2,0.5625,2,0.6094,2
10481454.0,4211.433364,13008.117700,17219.551064,1150,512,0.00,0.6781,0.4250,10,0,0,9,0.004500,0.8125,2,0.7500,2,0.5469,2,0.6563,2,0.8125,2,0.7969,2,0.8594,2,0.3750,2,0.5625,2,0.6094,2
10484454.0,4213.992351,13017.635775,17231.628126,1151,513,0.00,0.6703,0.4000,10,0,0,9,0.004500,0.8125,2,0.7500,2,0.5469,2,0.6563,2,0.8125,2,0.5625,2,0.8594,2,0.5313,2,0.5625,2,0.6094,2
10484455.0,4213.993206,13017.638842,17231.632048,1152,514,0.00,0.6953,0.4000,10,0,0,9,0.004500,0.8125,2,0.7500,2,0.5469,2,0.6563,2,0.8125,2,0.5625,2,0.8594,2,0.5313,2,0.8125,2,0.6094,2
10484476.0,4214.011563,13017.703242,17231.714805,1153,515,0.00,0.7203,0.4000,10,0,0,9,0.004500,0.8125,2,0.7500,2,0.5469,2,0.6563,2,0.8125,2,0.5625,2,0.8594,2,0.5313,2,0.8125,2,0.8594,2
10484491.0,4214.024966,13017.749242,17231.774208,1154,515,0.00,0.7266,0.4125,10,0,0,9,0.004500,0.8750,2,0.7500,2,0.5469,2,0.6563,2,0.8125,2,0.5625,2,0.8594,2,0.5313,2,0.8125,2,0.8594,2
10484743.0,4214.250410,13018.526092,17232.776502,1155,515,0.00,0.7250,0.4125,10,0,0,9,0.004500,0.8125,2,0.7969,2,0.5469,2,0.6563,2,0.8125,2,0.5625,2,0.8594,2,0.5313,2,0.8125,2,0.8594,2
10486042.0,4215.380644,13022.379342,17237.759986,1156,515,0.00,0.6766,0.3875,10,0,0,9,0.004500,0.8125,2,0.3750,2,0.5938,2,0.6563,2,0.8125,2,0.5625,2,0.7500,2,0.5313,2,0.8125,2,0.8594,2
10486687.0,4215.907988,13024.236442,17240.144429,1157,516,0.00,0.6375,0.3750,10,0,0,9,0.004500,0.8125,2,0.3750,2,0.5469,2,0.9375,2,0.4375,2,0.5625,2,0.7500,2,0.5313,2,0.8125,2,0.6094,2
10486808.0,4216.008295,13024.588908,17240.597203,1158,516,0.00,0.6375,0.3750,10,0,0,9,0.004500,0.8125,2,0.3750,2,0.5000,2,0.9375,2,0.4844,2,0.5625,2,0.7500,2,0.5313,2,0.8125,2,0.6094,2
10486962.0,4216.135957,13025.037475,17241.173432,1159,516,0.00,0.6375,0.3750,10,0,0,9,0.004500,0.8125,2,0.3750,2,0.5000,2,0.9375,2,0.4375,2,0.6094,2,0.7500,2,0.5313,2,0.8125,2,0.6094,2
10487601.0,4216.655773,13026.836425,17243.492198,1160,517,0.00,0.6297,0.3500,10,0,0,9,0.004500,0.8125,2,0.3750,2,0.5000,2,0.6563,2,0.4375,2,0.5625,2,1.0000,2,0.5313,2,0.8125,2,0.6094,2
10488913.0,4217.735667,13030.466292,17248.201959,1161,517,0.00,0.6391,0.3625,10,0,0,9,0.004500,0.8125,2,0.3750,2,0.5000,2,0.6563,2,0.4375,2,0.5625,2,1.0000,2,0.6250,2,0.8125,2,0.6094,2
10489639.0,4218.331563,13032.529342,17250.860905,1162,517,0.00,0.6188,0.3750,10,0,0,9,0.004500,0.8125,2,0.3750,2,0.5000,2,0.6563,2,0.4375,2,0.5625,2,1.0000,2,0.6250,2,0.6094,2,0.6094,2
10490091.0,4218.699048,13033.833125,17252.532173,1163,518,0.00,0.6391,0.3625,10,0,0,9,0.004500,0.8125,2,0.3750,2,0.5000,2,0.6563,2,0.4375,2,0.5625,2,1.0000,2,0.6250,2,0.5625,2,0.8594,2
10490573.0,4219.099292,13035.202808,17254.302100,1164,519,0.00,0.6641,0.3750,10,0,0,9,0.004500,0.8125,2,0.6250,2,0.5000,2,0.6563,2,0.4375,2,0.5625,2,1.0000,2,0.6250,2,0.5625,2,0.8594,2
10490608.0,4219.129036,13035.304892,17254.433927,1165,519,0.00,0.6688,0.3875,10,0,0,9,0.004500,0.8125,2,0.6250,2,0.5469,2,0.6563,2,0.4375,2,0.5625,2,1.0000,2,0.6250,2,0.5625,2,0.8594,2
10491684.0,4220.030133,13038.481700,17258.511833,1166,519,0.00,0.6891,0.3750,10,0,0,9,0.004500,0.8125,2,0.6250,2,0.5000,2,0.6563,2,0.9375,2,0.5625,2,0.7500,2,0.6250,2,0.5625,2,0.8594,2
10491859.0,4220.181128,13038.992117,17259.173244,1167,519,0.00,0.6453,0.3875,10,0,0,9,0.004500,0.8125,2,0.6250,2,0.5000,2,0.6563,2,0.4375,2,0.6250,2,0.7500,2,0.6250,2,0.5625,2,0.8594,2
10492028.0,4220.322284,13039.497708,17259.819992,1168,519,0.00,0.6500,0.4000,10,0,0,9,0.004500,0.8125,2,0.6250,2,0.5000,2,0.6563,2,0.4375,2,0.6250,2,0.7969,2,0.6250,2,0.5625,2,0.8594,2
10492770.0,4220.943026,13041.737925,17262.680951,1169,519,0.00,0.6500,0.4000,10,0,0,9,0.004500,0.8125,2,0.6250,2,0.5000,2,0.6563,2,0.4375,2,0.6250,2,0.7500,2,0.6719,2,0.5625,2,0.8594,2
10492842.0,4221.003426,13041.958725,17262.962151,1170,519,0.00,0.7000,0.4000,10,0,0,9,0.004500,0.8125,2,0.6250,2,1.0000,2,0.6563,2,0.4375,2,0.6250,2,0.7500,2,0.6719,2,0.5625,2,0.8594,2
10492842.0,4221.003426,13041.958725,17262.962151,1171,519,0.00,0.7500,0.4000,10,0,0,9,0.004500,0.8125,2,0.6250,2,1.0000,2,0.6563,2,0.9375,2,0.6250,2,0.7500,2,0.6719,2,0.5625,2,0.8594,2
10493831.0,4221.841111,13044.928733,17266.769845,1172,520,0.00,0.6688,0.4000,10,0,0,9,0.004500,0.8125,2,0.6250,2,0.5000,2,0.6563,2,0.4375,2,0.8594,2,0.7500,2,0.6250,2,0.5625,2,0.8594,2
10493917.0,4221.914510,13045.192467,17267.106977,1173,521,0.00,0.6938,0.4000,10,0,0,9,0.004500,0.8125,2,0.6250,2,0.5000,2,0.6563,2,0.4375,2,0.8594,2,1.0000,2,0.6250,2,0.5625,2,0.8594,2
10494652.0,4222.547140,13047.411892,17269.959031,1174,521,0.00,0.6734,0.4000,10,0,0,9,0.004500,0.8125,2,0.3750,2,0.5000,2,0.6563,2,0.4375,2,0.8594,2,1.0000,2,0.6719,2,0.5625,2,0.8594,2
10494733.0,4222.616566,13047.660292,17270.276858,1175,521,0.00,0.6781,0.4125,10,0,0,9,0.004500,0.8125,2,0.3750,2,0.5000,2,0.6563,2,0.4375,2,0.8594,2,1.0000,2,0.6719,2,0.6094,2,0.8594,2
10495559.0,4223.323536,13050.172583,17273.496119,1176,521,0.00,0.6734,0.4000,10,0,0,9,0.004500,0.8125,2,0.3750,2,0.5000,2,0.6563,2,0.4375,2,0.8594,2,1.0000,2,0.6250,2,0.5625,2,0.9063,2
10495656.0,4223.406676,13050.470050,17273.876726,1177,522,0.00,0.6922,0.4125,10,0,0,9,0.004500,1.0000,2,0.3750,2,0.5000,2,0.6563,2,0.4375,2,0.8594,2,1.0000,2,0.6250,2,0.5625,2,0.9063,2
10495959.0,4223.670423,13051.414175,17275.084598,1178,523,0.00,0.7125,0.4000,10,0,0,9,0.004500,1.0000,2,0.6250,2,0.5000,2,0.6563,2,0.4375,2,0.8594,2,1.0000,2,0.6250,2,0.5625,2,0.8594,2
10496603.0,4224.233659,13053.374183,17277.607842,1179,523,0.00,0.6688,0.4000,10,0,0,9,0.004500,1.0000,2,0.6250,2,0.5469,2,0.6563,2,0.4375,2,0.6250,2,1.0000,2,0.3750,2,0.5625,2,0.8594,2
10496760.0,4224.367654,13053.855650,17278.223304,1180,524,0.00,0.6938,0.4000,10,0,0,9,0.004500,1.0000,2,0.6250,2,0.5469,2,0.9063,2,0.4375,2,0.6250,2,1.0000,2,0.3750,2,0.5625,2,0.8594,2
10496918.0,4224.505575,13054.340183,17278.845758,1181,525,0.00,0.7172,0.4125,10,0,0,9,0.004500,1.0000,2,0.6250,2,0.5469,2,0.9063,2,0.6719,2,0.6250,2,1.0000,2,0.3750,2,0.5625,2,0.8594,2
10496935.0,4224.520724,13054.393592,17278.914316,1182,526,0.00,0.7406,0.4250,10,0,0,9,0.004500,1.0000,2,0.6250,2,0.5469,2,0.9063,2,0.6719,2,0.8594,2,1.0000,2,0.3750,2,0.5625,2,0.8594,2
10497137.0,4224.703689,13055.028358,17279.732047,1183,527,0.00,0.7641,0.4250,10,0,0,9,0.004500,1.0000,2,0.6250,2,0.5000,2,0.9063,2,0.6719,2,0.8594,2,1.0000,2,0.6563,2,0.5625,2,0.8594,2
10497843.0,4225.340361,13057.250200,17282.590561,1184,527,0.00,0.7156,0.4250,10,0,0,9,0.004500,1.0000,2,0.6250,2,0.5000,2,0.9063,2,0.6719,2,0.8594,2,1.0000,2,0.3750,2,0.6094,2,0.6094,2
10498252.0,4225.698204,13058.545942,17284.244145,1185,528,0.00,0.7141,0.4250,10,0,0,9,0.004500,1.0000,2,0.3750,2,0.5000,2,0.9063,2,0.6719,2,0.8594,2,1.0000,2,0.3750,2,0.5625,2,0.8906,2
10498879.0,4226.250703,13060.556192,17286.806895,1186,529,0.00,0.6891,0.4250,10,0,0,9,0.004500,1.0000,2,0.6563,2,0.5000,2,0.9063,2,0.6719,2,0.8594,2,0.7500,2,0.3750,2,0.5625,2,0.6094,2
10498922.0,4226.287973,13060.694133,17286.982106,1187,529,0.00,0.6656,0.4250,10,0,0,9,0.004500,1.0000,2,0.3750,2,0.5469,2,0.9063,2,0.6719,2,0.8594,2,0.7500,2,0.3750,2,0.5625,2,0.6094,2
10499073.0,4226.416334,13061.179250,17287.595584,1188,530,0.00,0.6609,0.4250,10,0,0,9,0.004500,1.0000,2,0.3750,2,0.5469,2,0.9063,2,0.8594,2,0.6250,2,0.7500,2,0.3750,2,0.5625,2,0.6094,2
10500430.0,4227.527349,13065.293242,17292.820591,1189,530,0.00,0.6188,0.4000,10,0,0,9,0.004500,1.0000,2,0.3750,2,0.5000,2,0.9063,2,0.4375,2,0.6719,2,0.7500,2,0.3750,2,0.5625,2,0.6094,2
10501135.0,4228.099767,13067.416917,17295.516684,1190,531,0.00,0.6375,0.4000,10,0,0,9,0.004500,1.0000,2,0.3750,2,0.5000,2,0.9063,2,0.4375,2,0.6250,2,0.9844,2,0.3750,2,0.5625,2,0.6094,2
10502555.0,4229.277184,13071.771583,17301.048767,1191,532,0.00,0.6469,0.4125,10,0,0,9,0.004500,1.0000,2,0.3750,2,0.5000,2,0.9063,2,0.4375,2,0.6250,2,0.9844,2,0.4688,2,0.5625,2,0.6094,2
10502722.0,4229.416873,13072.296242,17301.713114,1192,533,0.00,0.6703,0.4250,10,0,0,9,0.004500,1.0000,2,0.3750,2,0.5000,2,0.9063,2,0.4375,2,0.6250,2,0.9844,2,0.4688,2,0.7969,2,0.6094,2
10503163.0,4229.793790,13073.714792,17303.508581,1193,533,0.00,0.6750,0.4375,10,0,0,9,0.004500,1.0000,2,0.3750,2,0.5000,2,0.9063,2,0.4375,2,0.6250,2,0.9844,2,0.4688,2,0.7969,2,0.6563,2
10503669.0,4230.212452,13075.321950,17305.534402,1194,534,0.00,0.6469,0.4125,10,0,0,9,0.004500,1.0000,2,0.6250,2,0.5000,2,0.6563,2,0.4375,2,0.6250,2,0.7500,2,0.4688,2,0.7969,2,0.6094,2
10504051.0,4230.531980,13076.522067,17307.054046,1195,535,0.00,0.6719,0.4125,10,0,0,9,0.004500,1.0000,2,0.6250,2,0.7500,2,0.6563,2,0.4375,2,0.6250,2,0.7500,2,0.4688,2,0.7969,2,0.6094,2
10505099.0,4231.427197,13079.807258,17311.234456,1196,536,0.00,0.6734,0.4000,10,0,0,9,0.004500,1.0000,2,0.6250,2,0.7500,2,0.9063,2,0.4375,2,0.6250,2,0.7500,2,0.4688,2,0.5625,2,0.6094,2
10505913.0,4232.124891,13082.303525,17314.428416,1197,536,0.00,0.6781,0.4125,10,0,0,9,0.004500,1.0000,2,0.6250,2,0.7500,2,0.9063,2,0.4844,2,0.6250,2,0.7500,2,0.4688,2,0.5625,2,0.6094,2
10506246.0,4232.411063,13083.340175,17315.751238,1198,537,0.00,0.6984,0.4000,10,0,0,9,0.004500,1.0000,2,0.6250,2,0.7500,2,0.9063,2,0.4375,2,0.8750,2,0.7500,2,0.4688,2,0.5625,2,0.6094,2
10506463.0,4232.601277,13084.005642,17316.606919,1199,537,0.00,0.7031,0.4125,10,0,0,9,0.004500,1.0000,2,0.6250,2,0.7500,2,0.9063,2,0.4375,2,0.8750,2,0.7969,2,0.4688,2,0.5625,2,0.6094,2
10507448.0,4233.465734,13087.047758,17320.513492,1200,537,0.00,0.7047,0.4125,10,0,0,9,0.004500,1.0000,2,0.6250,2,0.7500,2,0.9063,2,0.4375,2,0.8750,2,0.7500,2,0.5313,2,0.5625,2,0.6094,2
10507735.0,4233.716680,13087.932617,17321.649297,1201,537,0.00,0.6781,0.4125,10,0,0,9,0.004500,1.0000,2,0.3750,2,0.7500,2,0.9063,2,0.4375,2,0.8750,2,0.7500,2,0.4688,2,0.6094,2,0.6094,2
10510432.0,4235.963882,13096.043217,17332.007099,1202,537,0.00,0.6422,0.3875,10,0,0,9,0.004500,0.8125,2,0.3750,2,0.5000,2,0.9063,2,0.4375,2,0.8750,2,0.7500,2,0.4688,2,0.5625,2,0.7344,2
10510433.0,4235.964715,13096.046208,17332.010924,1203,537,0.00,0.6547,0.3875,10,0,0,9,0.004500,0.9375,2,0.3750,2,0.5000,2,0.9063,2,0.4375,2,0.8750,2,0.7500,2,0.4688,2,0.5625,2,0.7344,2
10510443.0,4235.973141,13096.076125,17332.049266,1204,537,0.00,0.6672,0.3875,10,0,0,9,0.004500,0.9375,2,0.5000,2,0.5000,2,0.9063,2,0.4375,2,0.8750,2,0.7500,2,0.4688,2,0.5625,2,0.7344,2
10512265.0,4237.489699,13101.479842,17338.969540,1205,538,0.00,0.6609,0.3875,10,0,0,9,0.004500,0.9375,2,0.5000,2,0.7813,2,0.9063,2,0.4375,2,0.6250,2,0.7500,2,0.3750,2,0.5625,2,0.7344,2
10512454.0,4237.646838,13102.034917,17339.681754,1206,539,0.00,0.6563,0.3875,10,0,0,9,0.004500,0.9375,2,0.5000,2,0.5000,2,0.9063,2,0.6719,2,0.6250,2,0.7500,2,0.3750,2,0.5625,2,0.7344,2
10512819.0,4237.954806,13103.126875,17341.081681,1207,539,0.00,0.6625,0.4000,10,0,0,9,0.004500,0.9375,2,0.5000,2,0.5000,2,0.9063,2,0.6719,2,0.6875,2,0.7500,2,0.3750,2,0.5625,2,0.7344,2
10513293.0,4238.355002,13104.548900,17342.903902,1208,540,0.00,0.6656,0.4000,10,0,0,9,0.004500,0.9375,2,0.5000,2,0.5000,2,0.9063,2,0.6719,2,0.6250,2,0.8438,2,0.3750,2,0.5625,2,0.7344,2
10513355.0,4238.407766,13104.739033,17343.146799,1209,541,0.00,0.6781,0.4125,10,0,0,9,0.004500,0.9375,2,0.5000,2,0.5000,2,0.9063,2,0.6719,2,0.6250,2,0.8438,2,0.5000,2,0.5625,2,0.7344,2
10513654.0,4238.665135,13105.678392,17344.343526,1210,542,0.00,0.7016,0.4250,10,0,0,9,0.004500,0.9375,2,0.5000,2,0.5000,2,0.9063,2,0.6719,2,0.6250,2,0.8438,2,0.5000,2,0.7969,2,0.7344,2
10513771.0,4238.767977,13106.054742,17344.822718,1211,542,0.00,0.7063,0.4375,10,0,0,9,0.004500,0.9375,2,0.5000,2,0.5000,2,0.9063,2,0.6719,2,0.6250,2,0.8438,2,0.5000,2,0.7969,2,0.7813,2
10514256.0,4239.191999,13107.599450,17346.791449,1212,543,0.00,0.7109,0.4250,10,0,0,9,0.004500,0.9375,2,0.6875,2,0.5000,2,0.9063,2,0.6719,2,0.6250,2,0.7500,2,0.5000,2,0.7969,2,0.7344,2
10514908.0,4239.763786,13109.671742,17349.435528,1213,544,0.00,0.7125,0.4125,10,0,0,9,0.004500,0.9375,2,0.6875,2,0.7500,2,0.9063,2,0.4375,2,0.6250,2,0.7500,2,0.5000,2,0.7969,2,0.7344,2
10515018.0,4239.861411,13110.017325,17349.878736,1214,544,0.00,0.7625,0.4125,10,0,0,9,0.004500,0.9375,2,0.6875,2,0.7500,2,0.9063,2,0.9375,2,0.6250,2,0.7500,2,0.5000,2,0.7969,2,0.7344,2
10515072.0,4239.911436,13110.186975,17350.098411,1215,545,0.00,0.7875,0.4125,10,0,0,9,0.004500,0.9375,2,0.6875,2,0.7500,2,0.9063,2,0.9375,2,0.8750,2,0.7500,2,0.5000,2,0.7969,2,0.7344,2
10515810.0,4240.582854,13112.498775,17353.081629,1216,545,0.00,0.7188,0.4125,10,0,0,9,0.004500,0.9375,2,0.6875,2,0.7500,2,0.9063,2,0.4375,2,0.8750,2,0.7969,2,0.5000,2,0.5625,2,0.7344,2
10516174.0,4240.906944,13113.627342,17354.534286,1217,545,0.00,0.7641,0.4000,10,0,0,9,0.004500,0.9375,2,0.6875,2,0.7500,2,0.9063,2,0.4375,2,0.8750,2,0.7500,2,1.0000,2,0.5625,2,0.7344,2
10516183.0,4240.915293,13113.654942,17354.570234,1218,545,0.00,0.7688,0.4125,10,0,0,9,0.004500,0.9375,2,0.6875,2,0.7500,2,0.9063,2,0.4375,2,0.8750,2,0.7500,2,1.0000,2,0.6094,2,0.7344,2
10516262.0,4240.988861,13113.903133,17354.891995,1219,545,0.00,0.7750,0.4250,10,0,0,9,0.004500,0.9375,2,0.6875,2,0.7500,2,0.9063,2,0.4375,2,0.8750,2,0.7500,2,1.0000,2,0.6094,2,0.7969,2
10516533.0,4241.226413,13114.745975,17355.972388,1220,546,0.00,0.6828,0.4125,10,0,0,9,0.004500,0.9375,2,0.8750,2,0.5000,2,0.9063,2,0.4375,2,0.6250,2,0.7500,2,0.5000,2,0.5625,2,0.7344,2
10517376.0,4241.938894,13117.335600,17359.274494,1221,547,0.00,0.6391,0.4000,10,0,0,9,0.004500,0.9375,2,0.5000,2,0.6875,2,0.6563,2,0.4375,2,0.6250,2,0.7500,2,0.5000,2,0.5625,2,0.7344,2
10519357.0,4243.571509,13123.242517,17366.814026,1222,548,0.00,0.6391,0.3875,10,0,0,9,0.004500,0.9375,2,0.5000,2,0.6875,2,0.8438,2,0.4375,2,0.5625,2,0.7500,2,0.3750,2,0.5625,2,0.7344,2
10519631.0,4243.799034,13124.062233,17367.861267,1223,548,0.00,0.6438,0.4000,10,0,0,9,0.004500,0.9375,2,0.5000,2,0.6875,2,0.8438,2,0.4844,2,0.5625,2,0.7500,2,0.3750,2,0.5625,2,0.7344,2
10520784.0,4244.757084,13127.524375,17372.281459,1224,549,0.00,0.6563,0.4000,10,0,0,9,0.004500,0.9375,2,0.5000,2,0.6875,2,0.8438,2,0.4375,2,0.7344,2,0.7500,2,0.3750,2,0.5625,2,0.7344,2
10520922.0,4244.872574,13127.942700,17372.815274,1225,550,0.00,0.6625,0.4000,10,0,0,9,0.004500,0.9375,2,0.5000,2,0.6875,2,0.6563,2,0.4375,2,0.7344,2,1.0000,2,0.3750,2,0.5625,2,0.7344,2
10521219.0,4245.121942,13128.839775,17373.961717,1226,551,0.00,0.6609,0.4000,10,0,0,9,0.004500,0.9375,2,0.5000,2,0.5000,2,0.6563,2,0.4375,2,0.7344,2,1.0000,2,0.5469,2,0.5625,2,0.7344,2
10521993.0,4245.772827,13131.185325,17376.958152,1227,552,0.00,0.6531,0.4000,10,0,0,9,0.004500,0.9375,2,0.5000,2,0.5000,2,0.6563,2,0.4375,2,0.5625,2,1.0000,2,0.5469,2,0.6563,2,0.7344,2
10522531.0,4246.216028,13132.788017,17379.004044,1228,552,0.00,0.6172,0.3875,10,0,0,9,0.004500,0.9375,2,0.5000,2,0.5000,2,0.6563,2,0.4375,2,0.5625,2,0.7500,2,0.3750,2,0.6563,2,0.7969,2
10522531.0,4246.216028,13132.788017,17379.004044,1229,552,0.00,0.6234,0.4000,10,0,0,9,0.004500,1.0000,2,0.5000,2,0.5000,2,0.6563,2,0.4375,2,0.5625,2,0.7500,2,0.3750,2,0.6563,2,0.7969,2
10524137.0,4247.510173,13137.465733,17384.975906,1230,553,0.00,0.6297,0.3750,10,0,0,9,0.004500,0.9375,2,0.7813,2,0.5000,2,0.6563,2,0.4375,2,0.5625,2,0.7500,2,0.3750,2,0.5625,2,0.7344,2
10524173.0,4247.539804,13137.570733,17385.110538,1231,554,0.00,0.6578,0.3875,10,0,0,9,0.004500,0.9375,2,0.7813,2,0.7813,2,0.6563,2,0.4375,2,0.5625,2,0.7500,2,0.3750,2,0.5625,2,0.7344,2
10524601.0,4247.901449,13138.851167,17386.752616,1232,554,0.00,0.6625,0.4000,10,0,0,9,0.004500,0.9375,2,0.7813,2,0.7813,2,0.7031,2,0.4375,2,0.5625,2,0.7500,2,0.3750,2,0.5625,2,0.7344,2
10524836.0,4248.097063,13139.556083,17387.653147,1233,554,0.00,0.6063,0.3750,10,0,0,9,0.004500,0.9375,2,0.5000,2,0.5000,2,0.6563,2,0.4844,2,0.5625,2,0.7500,2,0.3750,2,0.5625,2,0.7344,2
10525900.0,4248.950132,13142.591467,17391.541599,1234,554,0.00,0.6063,0.3750,10,0,0,9,0.004500,0.9375,2,0.5000,2,0.5000,2,0.6563,2,0.4375,2,0.6094,2,0.7500,2,0.3750,2,0.5625,2,0.7344,2
10527174.0,4249.937543,13146.221350,17396.158893,1235,554,0.00,0.5688,0.3750,10,0,0,9,0.004500,0.8125,2,0.3750,2,0.5000,2,0.6563,2,0.4375,2,0.5625,2,0.7969,2,0.3750,2,0.5625,2,0.6094,2
10527596.0,4250.263840,13147.430658,17397.694498,1236,554,0.00,0.5688,0.3750,10,0,0,9,0.004500,0.8125,2,0.3750,2,0.5000,2,0.6563,2,0.4375,2,0.5625,2,0.7500,2,0.4219,2,0.5625,2,0.6094,2
10527655.0,4250.309606,13147.602742,17397.912347,1237,554,0.00,0.5734,0.3875,10,0,0,9,0.004500,0.8125,2,0.3750,2,0.5000,2,0.6563,2,0.4375,2,0.5625,2,0.7500,2,0.4219,2,0.6094,2,0.6094,2
10527776.0,4250.403694,13147.960383,17398.364078,1238,555,0.00,0.5938,0.3875,10,0,0,9,0.004500,0.8125,2,0.3750,2,0.5000,2,0.6563,2,0.4375,2,0.5625,2,0.7500,2,0.3750,2,0.6094,2,0.8594,2
10529173.0,4251.509439,13152.035567,17403.545006,1239,555,0.00,0.5938,0.3875,10,0,0,9,0.004500,0.8594,2,0.3750,2,0.5000,2,0.6563,2,0.4375,2,0.5625,2,0.7500,2,0.3750,2,0.5625,2,0.8594,2
10529225.0,4251.550787,13152.191133,17403.741920,1240,555,0.00,0.5984,0.4000,10,0,0,9,0.004500,0.8594,2,0.4219,2,0.5000,2,0.6563,2,0.4375,2,0.5625,2,0.7500,2,0.3750,2,0.5625,2,0.8594,2
10529568.0,4251.819500,13153.193425,17405.012925,1241,555,0.00,0.5688,0.3750,10,0,0,9,0.004500,0.8125,2,0.3750,2,0.5469,2,0.6563,2,0.4375,2,0.5625,2,0.7500,2,0.3750,2,0.3125,2,0.8594,2
10530340.0,4252.416036,13155.397767,17407.813803,1242,556,0.00,0.5922,0.3750,10,0,0,9,0.004500,0.8125,2,0.3750,2,0.5000,2,0.9375,2,0.4375,2,0.5625,2,0.7500,2,0.3750,2,0.3125,2,0.8594,2
10530341.0,4252.416830,13155.400683,17407.817513,1243,557,0.00,0.6203,0.3875,10,0,0,9,0.004500,0.8125,2,0.3750,2,0.5000,2,0.9375,2,0.7188,2,0.5625,2,0.7500,2,0.3750,2,0.3125,2,0.8594,2
10530620.0,4252.644438,13156.235358,17408.879796,1244,558,0.00,0.6391,0.3875,10,0,0,9,0.004500,0.8125,2,0.3750,2,0.5000,2,0.9375,2,0.7188,2,0.7500,2,0.7500,2,0.3750,2,0.3125,2,0.8594,2
10530828.0,4252.817157,13156.857625,17409.674782,1245,558,0.00,0.6438,0.4000,10,0,0,9,0.004500,0.8125,2,0.3750,2,0.5000,2,0.9375,2,0.7188,2,0.7500,2,0.7969,2,0.3750,2,0.3125,2,0.8594,2
10531182.0,4253.111834,13157.931525,17411.043359,1246,558,0.00,0.6438,0.4000,10,0,0,9,0.004500,0.8125,2,0.3750,2,0.5000,2,0.9375,2,0.7188,2,0.7500,2,0.7500,2,0.4219,2,0.3125,2,0.8594,2
10531439.0,4253.325320,13158.708483,17412.033803,1247,559,0.00,0.6391,0.3750,10,0,0,9,0.004500,0.8125,2,0.3750,2,0.5000,2,0.9375,2,0.7188,2,0.7500,2,0.7500,2,0.3750,2,0.5625,2,0.6094,2
10531756.0,4253.588551,13159.633067,17413.221618,1248,559,0.00,0.6453,0.3875,10,0,0,9,0.004500,0.8125,2,0.3750,2,0.5000,2,0.9375,2,0.7188,2,0.7500,2,0.7500,2,0.3750,2,0.5625,2,0.6719,2
10531868.0,4253.682098,13159.968133,17413.650232,1249,560,0.00,0.6703,0.3875,10,0,0,9,0.004500,0.8125,2,0.6250,2,0.5000,2,0.9375,2,0.7188,2,0.7500,2,0.7500,2,0.3750,2,0.5625,2,0.6719,2
10531997.0,4253.790973,13160.354058,17414.145031,1250,560,0.00,0.6500,0.4000,10,0,0,9,0.004500,0.8125,2,0.3750,2,0.5469,2,0.9375,2,0.7188,2,0.7500,2,0.7500,2,0.3750,2,0.5625,2,0.6719,2
10532135.0,4253.906739,13160.777258,17414.683998,1251,560,0.00,0.6547,0.4125,10,0,0,9,0.004500,0.8125,2,0.3750,2,0.5469,2,0.9844,2,0.7188,2,0.7500,2,0.7500,2,0.3750,2,0.5625,2,0.6719,2
10532219.0,4253.977275,13161.036283,17415.013559,1252,561,0.00,0.6734,0.4125,10,0,0,9,0.004500,0.8125,2,0.3750,2,0.5000,2,0.9844,2,0.9531,2,0.7500,2,0.7500,2,0.3750,2,0.5625,2,0.6719,2
10532455.0,4254.179026,13161.771342,17415.950368,1253,561,0.00,0.6453,0.4000,10,0,0,9,0.004500,0.8125,2,0.3750,2,0.5000,2,0.6563,2,0.9531,2,0.7969,2,0.7500,2,0.3750,2,0.5625,2,0.6719,2
10534465.0,4255.823437,13167.777467,17423.600904,1254,562,0.00,0.6125,0.3750,10,0,0,9,0.004500,0.8125,2,0.3750,2,0.5000,2,0.6563,2,0.6719,2,0.5625,2,0.9375,2,0.3750,2,0.5625,2,0.6719,2
10534494.0,4255.846919,13167.862050,17423.708969,1255,563,0.00,0.6313,0.3750,10,0,0,9,0.004500,0.8125,2,0.3750,2,0.5000,2,0.6563,2,0.6719,2,0.5625,2,0.9375,2,0.5625,2,0.5625,2,0.6719,2
10534737.0,4256.046952,13168.569675,17424.616627,1256,563,0.00,0.6125,0.3750,10,0,0,9,0.004500,0.8125,2,0.3750,2,0.5000,2,0.6563,2,0.4375,2,0.5625,2,0.9375,2,0.5625,2,0.6094,2,0.6719,2
10535088.0,4256.324821,13169.579625,17425.904446,1257,564,0.00,0.5938,0.3750,10,0,0,9,0.004500,0.8125,2,0.3750,2,0.5000,2,0.6563,2,0.4375,2,0.5625,2,0.7500,2,0.3750,2,0.5625,2,0.9063,2
10535139.0,4256.365373,13169.728375,17426.093748,1258,565,0.00,0.6000,0.3875,10,0,0,9,0.004500,0.8750,2,0.3750,2,0.5000,2,0.6563,2,0.4375,2,0.5625,2,0.7500,2,0.3750,2,0.5625,2,0.9063,2
10535843.0,4256.926186,13171.797683,17428.723869,1259,565,0.00,0.5984,0.3875,10,0,0,9,0.004500,0.8750,2,0.4219,2,0.5000,2,0.6563,2,0.4375,2,0.5625,2,0.7500,2,0.3750,2,0.5625,2,0.8438,2
10537957.0,4258.581471,13177.774817,17436.356288,1260,566,0.00,0.5891,0.3500,10,0,0,9,0.004500,0.8125,2,0.3750,2,0.7500,2,0.6563,2,0.4375,2,0.5625,2,0.7500,2,0.3750,2,0.5625,2,0.6094,2
10537958.0,4258.582263,13177.777583,17436.359846,1261,566,0.00,0.5938,0.3625,10,0,0,9,0.004500,0.8125,2,0.3750,2,0.7500,2,0.7031,2,0.4375,2,0.5625,2,0.7500,2,0.3750,2,0.5625,2,0.6094,2
10538102.0,4258.696763,13178.186783,17436.883546,1262,567,0.00,0.6000,0.3750,10,0,0,9,0.004500,0.8125,2,0.3750,2,0.7500,2,0.7031,2,0.5000,2,0.5625,2,0.7500,2,0.3750,2,0.5625,2,0.6094,2
10538657.0,4259.138808,13179.765333,17438.904142,1263,567,0.00,0.6453,0.3625,10,0,0,9,0.004500,0.8125,2,0.3750,2,0.7500,2,0.6563,2,0.5000,2,0.5625,2,0.7500,2,0.8750,2,0.5625,2,0.6094,2
10538657.0,4259.138808,13179.765333,17438.904142,1264,567,0.00,0.6953,0.3625,10,0,0,9,0.004500,0.8125,2,0.8750,2,0.7500,2,0.6563,2,0.5000,2,0.5625,2,0.7500,2,0.8750,2,0.5625,2,0.6094,2
10538658.0,4259.139682,13179.768175,17438.907857,1265,567,0.00,0.7453,0.3625,10,0,0,9,0.004500,0.8125,2,0.8750,2,0.7500,2,0.6563,2,1.0000,2,0.5625,2,0.7500,2,0.8750,2,0.5625,2,0.6094,2
10539104.0,4259.511773,13181.035558,17440.547331,1266,567,0.00,0.6000,0.3750,10,0,0,9,0.004500,0.8125,2,0.3750,2,0.7500,2,0.6563,2,0.5000,2,0.6094,2,0.7500,2,0.3750,2,0.5625,2,0.6094,2
10539516.0,4259.840476,13182.218775,17442.059251,1267,568,0.00,0.6141,0.3750,10,0,0,9,0.004500,0.8125,2,0.3750,2,0.7500,2,0.6563,2,0.5000,2,0.5625,2,0.9375,2,0.3750,2,0.5625,2,0.6094,2
10539824.0,4260.090245,13183.117108,17443.207353,1268,568,0.00,0.6641,0.3750,10,0,0,9,0.004500,0.8125,2,0.3750,2,0.7500,2,0.6563,2,0.5000,2,0.5625,2,0.9375,2,0.8750,2,0.5625,2,0.6094,2
10539860.0,4260.120839,13183.222108,17443.342947,1269,569,0.00,0.6875,0.3875,10,0,0,9,0.004500,0.8125,2,0.3750,2,0.7500,2,0.6563,2,0.5000,2,0.5625,2,0.9375,2,0.8750,2,0.7969,2,0.6094,2
10541309.0,4261.326579,13187.557033,17448.883612,1270,570,0.00,0.6625,0.3875,10,0,0,9,0.004500,0.8125,2,0.3750,2,0.7500,2,0.6563,2,0.5000,2,0.5625,2,0.9375,2,0.3750,2,0.7969,2,0.8594,2
10541438.0,4261.436050,13187.942958,17449.379008,1271,570,0.00,0.6672,0.4000,10,0,0,9,0.004500,0.8594,2,0.3750,2,0.7500,2,0.6563,2,0.5000,2,0.5625,2,0.9375,2,0.3750,2,0.7969,2,0.8594,2
10541688.0,4261.648765,13188.703700,17450.352465,1272,571,0.00,0.6734,0.3875,10,0,0,9,0.004500,0.8125,2,0.5469,2,0.7500,2,0.6563,2,0.4375,2,0.5625,2,0.9375,2,0.3750,2,0.7969,2,0.8594,2
10541891.0,4261.821430,13189.305533,17451.126963,1273,571,0.00,0.6547,0.3875,10,0,0,9,0.004500,0.8125,2,0.5469,2,0.7969,2,0.6563,2,0.4375,2,0.5625,2,0.9375,2,0.3750,2,0.5625,2,0.8594,2
10542339.0,4262.197985,13190.627275,17452.825260,1274,571,0.00,0.6547,0.3875,10,0,0,9,0.004500,0.8125,2,0.5469,2,0.7500,2,0.7031,2,0.4375,2,0.5625,2,0.9375,2,0.3750,2,0.5625,2,0.8594,2
10543069.0,4262.792677,13192.724192,17455.516868,1275,572,0.00,0.6313,0.3750,10,0,0,9,0.004500,0.8125,2,0.3750,2,0.5000,2,0.6563,2,0.6719,2,0.5625,2,0.9375,2,0.3750,2,0.5625,2,0.8594,2
10543654.0,4263.274681,13194.430442,17457.705123,1276,572,0.00,0.6250,0.3875,10,0,0,9,0.004500,0.8125,2,0.3750,2,0.5000,2,0.6563,2,0.6719,2,0.7500,2,0.9375,2,0.3750,2,0.5625,2,0.6094,2
10543893.0,4263.470529,13195.145450,17458.615979,1277,573,0.00,0.6375,0.4000,10,0,0,9,0.004500,0.8125,2,0.3750,2,0.5000,2,0.6563,2,0.6719,2,0.7500,2,0.9375,2,0.5000,2,0.5625,2,0.6094,2
10545261.0,4264.604829,13199.340650,17463.945479,1278,573,0.00,0.6422,0.4125,10,0,0,9,0.004500,0.8125,2,0.3750,2,0.5000,2,0.6563,2,0.6719,2,0.7500,2,0.9375,2,0.5000,2,0.6094,2,0.6094,2
10547435.0,4266.369433,13205.857808,17472.227241,1279,574,0.00,0.6078,0.3875,10,0,0,9,0.004500,0.8125,2,0.3750,2,0.5000,2,0.6563,2,0.4375,2,0.5625,2,0.9375,2,0.5000,2,0.5625,2,0.7344,2
10547683.0,4266.569340,13206.599742,17473.169081,1280,574,0.00,0.6125,0.4000,10,0,0,9,0.004500,0.8594,2,0.3750,2,0.5000,2,0.6563,2,0.4375,2,0.5625,2,0.9375,2,0.5000,2,0.5625,2,0.7344,2
10548009.0,4266.832897,13207.591000,17474.423897,1281,574,0.00,0.6125,0.4000,10,0,0,9,0.004500,0.8125,2,0.4219,2,0.5000,2,0.6563,2,0.4375,2,0.5625,2,0.9375,2,0.5000,2,0.5625,2,0.7344,2
10548436.0,4267.177686,13208.880667,17476.058353,1282,574,0.00,0.6125,0.4000,10,0,0,9,0.004500,0.8125,2,0.3750,2,0.5469,2,0.6563,2,0.4375,2,0.5625,2,0.9375,2,0.5000,2,0.5625,2,0.7344,2
10548764.0,4267.441354,13209.863133,17477.304487,1283,574,0.00,0.6016,0.3875,10,0,0,9,0.004500,0.8125,2,0.3750,2,0.5000,2,0.7188,2,0.4375,2,0.5625,2,0.9375,2,0.5000,2,0.5625,2,0.6094,2
10549731.0,4268.216129,13212.756075,17480.972204,1284,574,0.00,0.6063,0.4000,10,0,0,9,0.004500,0.8125,2,0.3750,2,0.5000,2,0.7188,2,0.4844,2,0.5625,2,0.9375,2,0.5000,2,0.5625,2,0.6094,2
10549799.0,4268.270859,13212.964608,17481.235468,1285,574,0.00,0.6109,0.4125,10,0,0,9,0.004500,0.8125,2,0.3750,2,0.5000,2,0.7188,2,0.4844,2,0.6094,2,0.9375,2,0.5000,2,0.5625,2,0.6094,2
10550250.0,4268.632448,13214.320975,17482.953423,1286,575,0.00,0.6203,0.3750,10,0,0,9,0.004500,0.8125,2,0.3750,2,0.5000,2,0.6563,2,0.4375,2,0.5625,2,0.9375,2,0.7500,2,0.5625,2,0.6094,2
10552241.0,4270.245211,13220.128058,17490.373270,1287,576,0.00,0.6078,0.3875,10,0,0,9,0.004500,0.8125,2,0.3750,2,0.5000,2,0.6563,2,0.4375,2,0.5625,2,0.9375,2,0.5000,2,0.6875,2,0.6094,2
10552544.0,4270.489453,13221.034533,17491.523986,1288,576,0.00,0.6125,0.4000,10,0,0,9,0.004500,0.8125,2,0.3750,2,0.5000,2,0.6563,2,0.4375,2,0.5625,2,0.9375,2,0.5000,2,0.6875,2,0.6563,2
10554159.0,4271.780358,13225.792050,17497.572408,1289,577,0.00,0.6188,0.3875,10,0,0,9,0.004500,0.8125,2,0.6094,2,0.5000,2,0.6563,2,0.4375,2,0.5625,2,0.9375,2,0.5000,2,0.5625,2,0.6094,2
10554296.0,4271.891956,13226.201908,17498.093864,1290,577,0.00,0.6234,0.4000,10,0,0,9,0.004500,0.8125,2,0.6094,2,0.5469,2,0.6563,2,0.4375,2,0.5625,2,0.9375,2,0.5000,2,0.5625,2,0.6094,2
10554770.0,4272.278593,13227.630758,17499.909351,1291,577,0.00,0.6234,0.4000,10,0,0,9,0.004500,0.8125,2,0.6094,2,0.5000,2,0.7031,2,0.4375,2,0.5625,2,0.9375,2,0.5000,2,0.5625,2,0.6094,2
10554990.0,4272.458585,13228.305050,17500.763635,1292,577,0.00,0.6250,0.4000,10,0,0,9,0.004500,0.8125,2,0.6094,2,0.5000,2,0.6563,2,0.5000,2,0.5625,2,0.9375,2,0.5000,2,0.5625,2,0.6094,2
10555568.0,4272.929730,13230.039108,17502.968839,1293,577,0.00,0.6234,0.4000,10,0,0,9,0.004500,0.8125,2,0.6094,2,0.5000,2,0.6563,2,0.4375,2,0.6094,2,0.9375,2,0.5000,2,0.5625,2,0.6094,2
10556382.0,4273.590457,13232.474700,17506.065157,1294,577,0.00,0.6000,0.3875,10,0,0,9,0.004500,0.8125,2,0.3750,2,0.5000,2,0.6563,2,0.4375,2,0.5625,2,0.9844,2,0.5000,2,0.5625,2,0.6094,2
10556443.0,4273.639257,13232.657192,17506.296449,1295,578,0.00,0.6234,0.4000,10,0,0,9,0.004500,0.8125,2,0.3750,2,0.5000,2,0.6563,2,0.4375,2,0.5625,2,0.9844,2,0.7344,2,0.5625,2,0.6094,2
10556555.0,4273.730899,13233.000658,17506.731557,1296,579,0.00,0.6328,0.4125,10,0,0,9,0.004500,0.8125,2,0.3750,2,0.5000,2,0.6563,2,0.4375,2,0.5625,2,0.9844,2,0.7344,2,0.6563,2,0.6094,2
10557308.0,4274.349898,13235.312483,17509.662381,1297,580,0.00,0.6531,0.4000,10,0,0,9,0.004500,0.8125,2,0.3750,2,0.5000,2,0.6563,2,0.4375,2,0.5625,2,0.9375,2,0.7344,2,0.6563,2,0.8594,2
10557436.0,4274.457587,13235.705017,17510.162604,1298,581,0.00,0.6813,0.4125,10,0,0,9,0.004500,0.8125,2,0.6563,2,0.5000,2,0.6563,2,0.4375,2,0.5625,2,0.9375,2,0.7344,2,0.6563,2,0.8594,2
10557611.0,4274.606590,13236.247758,17510.854348,1299,581,0.00,0.6578,0.4125,10,0,0,9,0.004500,0.8125,2,0.3750,2,0.5469,2,0.6563,2,0.4375,2,0.5625,2,0.9375,2,0.7344,2,0.6563,2,0.8594,2
10557885.0,4274.837582,13237.097700,17511.935282,1300,582,0.00,0.6719,0.4125,10,0,0,9,0.004500,0.8125,2,0.3750,2,0.5000,2,0.8438,2,0.4375,2,0.5625,2,0.9375,2,0.7344,2,0.6563,2,0.8594,2
10559926.0,4276.519518,13243.202492,17519.722009,1301,583,0.00,0.6188,0.3875,10,0,0,9,0.004500,0.8125,2,0.3750,2,0.5000,2,0.6563,2,0.6719,2,0.5625,2,0.9375,2,0.5000,2,0.5625,2,0.6094,2
10561140.0,4277.508422,13246.834375,17524.342797,1302,583,0.00,0.6234,0.4000,10,0,0,9,0.004500,0.8125,2,0.3750,2,0.5000,2,0.6563,2,0.6719,2,0.6094,2,0.9375,2,0.5000,2,0.5625,2,0.6094,2
10561410.0,4277.728786,13247.650900,17525.379686,1303,583,0.00,0.6234,0.4000,10,0,0,9,0.004500,0.8125,2,0.3750,2,0.5000,2,0.6563,2,0.6719,2,0.5625,2,0.9844,2,0.5000,2,0.5625,2,0.6094,2
10561659.0,4277.932314,13248.410150,17526.342464,1304,583,0.00,0.6234,0.4000,10,0,0,9,0.004500,0.8125,2,0.3750,2,0.5000,2,0.6563,2,0.6719,2,0.5625,2,0.9375,2,0.5469,2,0.5625,2,0.6094,2
10562001.0,4278.210857,13249.442000,17527.652857,1305,583,0.00,0.6453,0.3750,10,0,0,9,0.004500,0.8125,2,0.8750,2,0.5000,2,0.6563,2,0.4375,2,0.5625,2,0.9375,2,0.5000,2,0.5625,2,0.6094,2
10562078.0,4278.275171,13249.666583,17527.941754,1306,584,0.00,0.6578,0.3875,10,0,0,9,0.004500,0.8125,2,0.8750,2,0.6250,2,0.6563,2,0.4375,2,0.5625,2,0.9375,2,0.5000,2,0.5625,2,0.6094,2
10562577.0,4278.680086,13251.159425,17529.839511,1307,584,0.00,0.6578,0.3875,10,0,0,9,0.004500,0.8125,2,0.3750,2,0.6250,2,0.6563,2,0.9375,2,0.5625,2,0.9375,2,0.5000,2,0.5625,2,0.6094,2
10562578.0,4278.680931,13251.162417,17529.843348,1308,584,0.00,0.7078,0.3875,10,0,0,9,0.004500,0.8125,2,0.3750,2,0.6250,2,0.6563,2,0.9375,2,0.5625,2,0.9375,2,1.0000,2,0.5625,2,0.6094,2
10562578.0,4278.680931,13251.162417,17529.843348,1309,584,0.00,0.7578,0.3875,10,0,0,9,0.004500,0.8125,2,0.8750,2,0.6250,2,0.6563,2,0.9375,2,0.5625,2,0.9375,2,1.0000,2,0.5625,2,0.6094,2
10563307.0,4279.285167,13253.343342,17532.628508,1310,585,0.00,0.6313,0.4000,10,0,0,9,0.004500,0.8125,2,0.3750,2,0.8594,2,0.6563,2,0.4375,2,0.5625,2,0.9375,2,0.5000,2,0.5625,2,0.6094,2
10564588.0,4280.341102,13257.271742,17537.612844,1311,585,0.00,0.6359,0.4125,10,0,0,9,0.004500,0.8125,2,0.3750,2,0.8594,2,0.7031,2,0.4375,2,0.5625,2,0.9375,2,0.5000,2,0.5625,2,0.6094,2
10565349.0,4280.967735,13259.612225,17540.579960,1312,586,0.00,0.6266,0.3875,10,0,0,9,0.004500,0.8125,2,0.3750,2,0.6250,2,0.6563,2,0.6250,2,0.5625,2,0.9375,2,0.5000,2,0.5625,2,0.6094,2
10565357.0,4280.974300,13259.636158,17540.610459,1313,587,0.00,0.6453,0.3875,10,0,0,9,0.004500,0.8125,2,0.3750,2,0.6250,2,0.6563,2,0.6250,2,0.7500,2,0.9375,2,0.5000,2,0.5625,2,0.6094,2
10565708.0,4281.264598,13260.686233,17541.950831,1314,588,0.00,0.6313,0.4000,10,0,0,9,0.004500,0.8125,2,0.3750,2,0.6250,2,0.6563,2,0.4375,2,0.5625,2,0.9375,2,0.7344,2,0.5625,2,0.6094,2
10567150.0,4282.452539,13265.101092,17547.553631,1315,589,0.00,0.6391,0.4000,10,0,0,9,0.004500,0.8125,2,0.3750,2,0.6250,2,0.6563,2,0.4375,2,0.5625,2,0.9375,2,0.6406,2,0.7344,2,0.6094,2
10567172.0,4282.470807,13265.168558,17547.639366,1316,590,0.00,0.6563,0.4125,10,0,0,9,0.004500,0.8125,2,0.3750,2,0.6250,2,0.6563,2,0.4375,2,0.5625,2,0.9375,2,0.6406,2,0.7344,2,0.7813,2
10567375.0,4282.642089,13265.806317,17548.448405,1317,591,0.00,0.6813,0.4250,10,0,0,9,0.004500,0.8125,2,0.6250,2,0.6250,2,0.6563,2,0.4375,2,0.5625,2,0.9375,2,0.6406,2,0.7344,2,0.7813,2
10567505.0,4282.752262,13266.216608,17548.968871,1318,591,0.00,0.6609,0.4250,10,0,0,9,0.004500,0.8125,2,0.3750,2,0.6719,2,0.6563,2,0.4375,2,0.5625,2,0.9375,2,0.6406,2,0.7344,2,0.7813,2
10567539.0,4282.781074,13266.325975,17549.107049,1319,592,0.00,0.6859,0.4375,10,0,0,9,0.004500,0.8125,2,0.3750,2,0.6719,2,0.9063,2,0.4375,2,0.5625,2,0.9375,2,0.6406,2,0.7344,2,0.7813,2
10567597.0,4282.831351,13266.516892,17549.348242,1320,593,0.00,0.7047,0.4500,10,0,0,9,0.004500,0.8125,2,0.3750,2,0.6719,2,0.9063,2,0.6250,2,0.5625,2,0.9375,2,0.6406,2,0.7344,2,0.7813,2
10568396.0,4283.507310,13269.002633,17552.509944,1321,593,0.00,0.6344,0.4000,10,0,0,9,0.004500,0.8125,2,0.3750,2,0.5000,2,0.9063,2,0.6250,2,0.6094,2,0.9375,2,0.4063,2,0.5625,2,0.6094,2
10569337.0,4284.274491,13271.837442,17556.111932,1322,593,0.00,0.6094,0.4000,10,0,0,9,0.004500,0.8125,2,0.3750,2,0.5000,2,0.9063,2,0.6250,2,0.5625,2,0.9844,2,0.4063,2,0.3125,2,0.6094,2
10570778.0,4285.424927,13276.128558,17561.553485,1323,593,0.00,0.5984,0.3875,10,0,0,9,0.004500,0.8125,2,0.3750,2,0.5000,2,0.6563,2,0.6250,2,0.5625,2,0.9375,2,0.5938,2,0.3125,2,0.6094,2
10571117.0,4285.695715,13277.142733,17562.838448,1324,593,0.00,0.6031,0.4000,10,0,0,9,0.004500,0.8125,2,0.3750,2,0.5000,2,0.6563,2,0.6250,2,0.5625,2,0.9375,2,0.5938,2,0.3594,2,0.6094,2
10576207.0,4289.700472,13292.086517,17581.786989,1325,593,0.00,0.5844,0.3875,10,0,0,9,0.004500,0.8125,2,0.3750,2,0.5000,2,0.6563,2,0.6250,2,0.5625,2,0.9375,2,0.4063,2,0.3125,2,0.6563,2
10576660.0,4290.056685,13293.427717,17583.484402,1326,593,0.00,0.5844,0.3875,10,0,0,9,0.004500,0.8594,2,0.3750,2,0.5000,2,0.6563,2,0.6250,2,0.5625,2,0.9375,2,0.4063,2,0.3125,2,0.6094,2
10577946.0,4291.066069,13297.197075,17588.263144,1327,593,0.00,0.5844,0.3875,10,0,0,9,0.004500,0.8125,2,0.4219,2,0.5000,2,0.6563,2,0.6250,2,0.5625,2,0.9375,2,0.4063,2,0.3125,2,0.6094,2
10579100.0,4291.972084,13300.584433,17592.556517,1328,593,0.00,0.5844,0.3875,10,0,0,9,0.004500,0.8125,2,0.3750,2,0.5469,2,0.6563,2,0.6250,2,0.5625,2,0.9375,2,0.4063,2,0.3125,2,0.6094,2
10579946.0,4292.636561,13303.073383,17595.709944,1329,593,0.00,0.5844,0.3875,10,0,0,9,0.004500,0.8125,2,0.3750,2,0.5000,2,0.7031,2,0.6250,2,0.5625,2,0.9375,2,0.4063,2,0.3125,2,0.6094,2
10580436.0,4293.021869,13304.524150,17597.546019,1330,593,0.00,0.5844,0.3875,10,0,0,9,0.004500,0.8125,2,0.3750,2,0.5000,2,0.6563,2,0.6719,2,0.5625,2,0.9375,2,0.4063,2,0.3125,2,0.6094,2
10582475.0,4294.621855,13310.491783,17605.113638,1331,594,0.00,0.5984,0.3875,10,0,0,9,0.004500,0.8125,2,0.3750,2,0.5000,2,0.6563,2,0.6250,2,0.7500,2,0.9375,2,0.4063,2,0.3125,2,0.6094,2
10584862.0,4296.498969,13317.442467,17613.941436,1332,594,0.00,0.5719,0.3750,10,0,0,9,0.004500,0.8125,2,0.3750,2,0.5000,2,0.6563,2,0.4375,2,0.7500,2,0.9844,2,0.2813,2,0.3125,2,0.6094,2
10585655.0,4297.114203,13319.717958,17616.832162,1333,595,0.00,0.5734,0.3750,10,0,0,9,0.004500,0.8125,2,0.3750,2,0.5000,2,0.6563,2,0.4375,2,0.7500,2,0.9375,2,0.3438,2,0.3125,2,0.6094,2
10586479.0,4297.756380,13322.121292,17619.877671,1334,595,0.00,0.6234,0.3750,10,0,0,9,0.004500,0.8125,2,0.3750,2,0.5000,2,0.6563,2,0.4375,2,0.7500,2,0.9375,2,0.3438,2,0.8125,2,0.6094,2
10587516.0,4298.571206,13325.145875,17623.717081,1335,595,0.00,0.5781,0.3875,10,0,0,9,0.004500,0.8125,2,0.3750,2,0.5000,2,0.6563,2,0.4375,2,0.7500,2,0.9375,2,0.3438,2,0.3125,2,0.6563,2
10594554.0,4304.025445,13345.315100,17649.340545,1336,595,0.00,0.5531,0.3625,10,0,0,9,0.004500,0.8594,2,0.3750,2,0.5000,2,0.6563,2,0.4375,2,0.5625,2,0.9375,2,0.2813,2,0.3125,2,0.6094,2
10594953.0,4304.329573,13346.438125,17650.767698,1337,596,0.00,0.5672,0.3625,10,0,0,9,0.004500,0.8125,2,0.5625,2,0.5000,2,0.6563,2,0.4375,2,0.5625,2,0.9375,2,0.2813,2,0.3125,2,0.6094,2
10596141.0,4305.249654,13349.814025,17655.063679,1338,596,0.00,0.5719,0.3750,10,0,0,9,0.004500,0.8125,2,0.5625,2,0.5469,2,0.6563,2,0.4375,2,0.5625,2,0.9375,2,0.2813,2,0.3125,2,0.6094,2
10596156.0,4305.261326,13349.857775,17655.119101,1339,597,0.00,0.5844,0.3875,10,0,0,9,0.004500,0.8125,2,0.5625,2,0.5469,2,0.7813,2,0.4375,2,0.5625,2,0.9375,2,0.2813,2,0.3125,2,0.6094,2
10597038.0,4305.953823,13352.447375,17658.401198,1340,598,0.00,0.5859,0.3875,10,0,0,9,0.004500,0.8125,2,0.5625,2,0.5000,2,0.7813,2,0.5000,2,0.5625,2,0.9375,2,0.2813,2,0.3125,2,0.6094,2
10598857.0,4307.370792,13357.750917,17665.121708,1341,598,0.00,0.5656,0.3750,10,0,0,9,0.004500,0.8125,2,0.5625,2,0.5000,2,0.7813,2,0.4375,2,0.6094,2,0.7500,2,0.2813,2,0.3125,2,0.6094,2
10600199.0,4308.404465,13361.581833,17669.986298,1342,598,0.00,0.5656,0.3750,10,0,0,9,0.004500,0.8125,2,0.5625,2,0.5000,2,0.7813,2,0.4375,2,0.5625,2,0.7969,2,0.2813,2,0.3125,2,0.6094,2
10600473.0,4308.616088,13362.375825,17670.991913,1343,599,0.00,0.5797,0.3750,10,0,0,9,0.004500,0.8125,2,0.5625,2,0.5000,2,0.7813,2,0.4375,2,0.5625,2,0.7500,2,0.4688,2,0.3125,2,0.6094,2
10602255.0,4310.013535,13367.573325,17677.586860,1344,600,0.00,0.6047,0.3750,10,0,0,9,0.004500,0.8125,2,0.5625,2,0.5000,2,0.7813,2,0.4375,2,0.5625,2,0.7500,2,0.4688,2,0.5625,2,0.6094,2
10602456.0,4310.173298,13368.159575,17678.332873,1345,601,0.00,0.5984,0.3875,10,0,0,9,0.004500,0.8125,2,0.5625,2,0.5000,2,0.7813,2,0.4375,2,0.5625,2,0.7500,2,0.4688,2,0.3125,2,0.7969,2
10602557.0,4310.253275,13368.456333,17678.709609,1346,601,0.00,0.5906,0.3875,10,0,0,9,0.004500,0.8594,2,0.5625,2,0.5000,2,0.6563,2,0.4375,2,0.5625,2,0.7500,2,0.4688,2,0.3125,2,0.7969,2
10602939.0,4310.555350,13369.583925,17680.139275,1347,601,0.00,0.5969,0.3875,10,0,0,9,0.004500,0.8125,2,0.6719,2,0.5000,2,0.6563,2,0.4375,2,0.5625,2,0.7500,2,0.4688,2,0.3125,2,0.7969,2
10603141.0,4310.716459,13370.188242,17680.904700,1348,602,0.00,0.6141,0.4000,10,0,0,9,0.004500,0.8125,2,0.6719,2,0.6719,2,0.6563,2,0.4375,2,0.5625,2,0.7500,2,0.4688,2,0.3125,2,0.7969,2
10603497.0,4311.005152,13371.279975,17682.285127,1349,603,0.00,0.6391,0.4000,10,0,0,9,0.004500,0.8125,2,0.6719,2,0.6719,2,0.9063,2,0.4375,2,0.5625,2,0.7500,2,0.4688,2,0.3125,2,0.7969,2
10603535.0,4311.036707,13371.396508,17682.433215,1350,604,0.00,0.6672,0.4125,10,0,0,9,0.004500,0.8125,2,0.6719,2,0.6719,2,0.9063,2,0.7188,2,0.5625,2,0.7500,2,0.4688,2,0.3125,2,0.7969,2
10604208.0,4311.594297,13373.424975,17685.019272,1351,605,0.00,0.6484,0.4000,10,0,0,9,0.004500,0.8125,2,0.6719,2,0.5000,2,0.9063,2,0.7188,2,0.7344,2,0.7500,2,0.4688,2,0.3125,2,0.6094,2
10604532.0,4311.851920,13374.385200,17686.237120,1352,605,0.00,0.5828,0.3875,10,0,0,9,0.004500,0.8125,2,0.6719,2,0.5000,2,0.6563,2,0.4375,2,0.5625,2,0.7969,2,0.4688,2,0.3125,2,0.6094,2
10604707.0,4311.989500,13374.907092,17686.896592,1353,606,0.00,0.5953,0.3875,10,0,0,9,0.004500,0.8125,2,0.6719,2,0.5000,2,0.6563,2,0.4375,2,0.5625,2,0.7500,2,0.6406,2,0.3125,2,0.6094,2
10605236.0,4312.409569,13376.482933,17688.892502,1354,607,0.00,0.5922,0.3875,10,0,0,9,0.004500,0.8125,2,0.6719,2,0.5000,2,0.6563,2,0.4375,2,0.5625,2,0.7500,2,0.4688,2,0.4531,2,0.6094,2
10605761.0,4312.822102,13378.024233,17690.846335,1355,608,0.00,0.5969,0.3875,10,0,0,9,0.004500,0.8125,2,0.6719,2,0.5000,2,0.6563,2,0.4375,2,0.5625,2,0.7500,2,0.4688,2,0.3125,2,0.7969,2
10606214.0,4313.183401,13379.379458,17692.562859,1356,609,0.00,0.6141,0.4000,10,0,0,9,0.004500,0.9844,2,0.6719,2,0.5000,2,0.6563,2,0.4375,2,0.5625,2,0.7500,2,0.4688,2,0.3125,2,0.7969,2
10606251.0,4313.213406,13379.492925,17692.706331,1357,610,0.00,0.6313,0.4125,10,0,0,9,0.004500,0.9844,2,0.8438,2,0.5000,2,0.6563,2,0.4375,2,0.5625,2,0.7500,2,0.4688,2,0.3125,2,0.7969,2
10606253.0,4313.215054,13379.499208,17692.714262,1358,611,0.00,0.6484,0.4250,10,0,0,9,0.004500,0.9844,2,0.8438,2,0.6719,2,0.6563,2,0.4375,2,0.5625,2,0.7500,2,0.4688,2,0.3125,2,0.7969,2
10606258.0,4313.219243,13379.515292,17692.734534,1359,612,0.00,0.6656,0.4375,10,0,0,9,0.004500,0.9844,2,0.8438,2,0.6719,2,0.8281,2,0.4375,2,0.5625,2,0.7500,2,0.4688,2,0.3125,2,0.7969,2
10606419.0,4313.356260,13380.045250,17693.401510,1360,613,0.00,0.6781,0.4500,10,0,0,9,0.004500,0.9844,2,0.8438,2,0.6719,2,0.8281,2,0.5625,2,0.5625,2,0.7500,2,0.4688,2,0.3125,2,0.7969,2
10606788.0,4313.673882,13381.287550,17694.961432,1361,613,0.00,0.6828,0.4625,10,0,0,9,0.004500,0.9844,2,0.8438,2,0.6719,2,0.8281,2,0.5625,2,0.6094,2,0.7500,2,0.4688,2,0.3125,2,0.7969,2
10607376.0,4314.170614,13383.225225,17697.395839,1362,613,0.00,0.6500,0.4375,10,0,0,9,0.004500,0.8125,2,0.8438,2,0.5000,2,0.8281,2,0.5625,2,0.5625,2,0.8125,2,0.4688,2,0.3125,2,0.7969,2
10607398.0,4314.189069,13383.297642,17697.486711,1363,613,0.00,0.6547,0.4500,10,0,0,9,0.004500,0.8125,2,0.8438,2,0.5000,2,0.8281,2,0.5625,2,0.5625,2,0.8125,2,0.5156,2,0.3125,2,0.7969,2
10607576.0,4314.338324,13383.885508,17698.223833,1364,613,0.00,0.6484,0.4375,10,0,0,9,0.004500,0.8125,2,0.8438,2,0.5000,2,0.8281,2,0.5625,2,0.5625,2,0.7500,2,0.4688,2,0.3594,2,0.7969,2
10607608.0,4314.365130,13383.990842,17698.355972,1365,613,0.00,0.6656,0.4500,10,0,0,9,0.004500,0.8125,2,0.8438,2,0.5000,2,0.8281,2,0.5625,2,0.5625,2,0.7500,2,0.4688,2,0.3594,2,0.9688,2
10607623.0,4314.377896,13384.041342,17698.419237,1366,614,0.00,0.6828,0.4625,10,0,0,9,0.004500,0.9844,2,0.8438,2,0.5000,2,0.8281,2,0.5625,2,0.5625,2,0.7500,2,0.4688,2,0.3594,2,0.9688,2
10607663.0,4314.412472,13384.179008,17698.591480,1367,614,0.00,0.6875,0.4750,10,0,0,9,0.004500,0.9844,2,0.8906,2,0.5000,2,0.8281,2,0.5625,2,0.5625,2,0.7500,2,0.4688,2,0.3594,2,0.9688,2
10607957.0,4314.657505,13385.131233,17699.788738,1368,614,0.00,0.6297,0.4250,10,0,0,9,0.004500,0.9844,2,0.8438,2,0.5469,2,0.6563,2,0.5625,2,0.5625,2,0.7500,2,0.4688,2,0.3125,2,0.6094,2
10608029.0,4314.716720,13385.361858,17700.078578,1369,614,0.00,0.6297,0.4250,10,0,0,9,0.004500,0.9844,2,0.8438,2,0.5000,2,0.7031,2,0.5625,2,0.5625,2,0.7500,2,0.4688,2,0.3125,2,0.6094,2
10608060.0,4314.742236,13385.461575,17700.203811,1370,615,0.00,0.6484,0.4250,10,0,0,9,0.004500,0.9844,2,0.8438,2,0.5000,2,0.7031,2,0.7500,2,0.5625,2,0.7500,2,0.4688,2,0.3125,2,0.6094,2
10608064.0,4314.745586,13385.474442,17700.220028,1371,616,0.00,0.6766,0.4375,10,0,0,9,0.004500,0.9844,2,0.8438,2,0.5000,2,0.7031,2,0.7500,2,0.8438,2,0.7500,2,0.4688,2,0.3125,2,0.6094,2
10608152.0,4314.820990,13385.759233,17700.580223,1372,617,0.00,0.6906,0.4250,10,0,0,9,0.004500,0.9844,2,0.8438,2,0.5000,2,0.6563,2,0.7500,2,0.8438,2,0.9375,2,0.4688,2,0.3125,2,0.6094,2
10608654.0,4315.254511,13387.354575,17702.609086,1373,617,0.00,0.7234,0.4125,10,0,0,9,0.004500,0.8125,2,0.8438,2,0.5000,2,0.6563,2,0.7500,2,0.8438,2,0.9375,2,0.9688,2,0.3125,2,0.6094,2
10608655.0,4315.255407,13387.357717,17702.613124,1374,617,0.00,0.7734,0.4125,10,0,0,9,0.004500,0.8125,2,0.8438,2,0.5000,2,0.6563,2,0.7500,2,0.8438,2,0.9375,2,0.9688,2,0.8125,2,0.6094,2
10608731.0,4315.326460,13387.596483,17702.922943,1375,617,0.00,0.7797,0.4250,10,0,0,9,0.004500,0.8125,2,0.8438,2,0.5000,2,0.6563,2,0.7500,2,0.8438,2,0.9375,2,0.9688,2,0.8125,2,0.6719,2
10608824.0,4315.412340,13387.895633,17703.307974,1376,618,0.00,0.6969,0.4375,10,0,0,9,0.004500,0.9844,2,0.8438,2,0.5000,2,0.6563,2,0.7500,2,0.8438,2,0.9375,2,0.4688,2,0.3125,2,0.6719,2
10608911.0,4315.487868,13388.182008,17703.669877,1377,619,0.00,0.6953,0.4500,10,0,0,9,0.004500,0.9844,2,0.8438,2,0.6719,2,0.6563,2,0.5625,2,0.8438,2,0.9375,2,0.4688,2,0.3125,2,0.6719,2
10608922.0,4315.497484,13388.219042,17703.716526,1378,619,0.00,0.7000,0.4625,10,0,0,9,0.004500,0.9844,2,0.8438,2,0.6719,2,0.7031,2,0.5625,2,0.8438,2,0.9375,2,0.4688,2,0.3125,2,0.6719,2
10609035.0,4315.595732,13388.604725,17704.200457,1379,620,0.00,0.6906,0.4500,10,0,0,9,0.004500,0.9844,2,0.8438,2,0.6719,2,0.7031,2,0.7500,2,0.5625,2,0.9375,2,0.4688,2,0.3125,2,0.6719,2
10609680.0,4316.119576,13390.572675,17706.692251,1380,620,0.00,0.6016,0.4000,10,0,0,9,0.004500,0.8125,2,0.6719,2,0.5000,2,0.6563,2,0.4375,2,0.7344,2,0.7500,2,0.4688,2,0.3125,2,0.6719,2
10609831.0,4316.240559,13391.035742,17707.276301,1381,620,0.00,0.6516,0.4000,10,0,0,9,0.004500,0.8125,2,0.6719,2,0.5000,2,0.6563,2,0.4375,2,0.7344,2,0.7500,2,0.9688,2,0.3125,2,0.6719,2
10609831.0,4316.240559,13391.035742,17707.276301,1382,620,0.00,0.7016,0.4000,10,0,0,9,0.004500,0.8125,2,0.6719,2,0.5000,2,0.6563,2,0.4375,2,0.7344,2,0.7500,2,0.9688,2,0.8125,2,0.6719,2
10609833.0,4316.242317,13391.041875,17707.284192,1383,620,0.00,0.7516,0.4000,10,0,0,9,0.004500,0.8125,2,0.6719,2,1.0000,2,0.6563,2,0.4375,2,0.7344,2,0.7500,2,0.9688,2,0.8125,2,0.6719,2
10610123.0,4316.492364,13391.931208,17708.423572,1384,621,0.00,0.6266,0.4000,10,0,0,9,0.004500,0.8125,2,0.6719,2,0.5000,2,0.9063,2,0.4375,2,0.7344,2,0.7500,2,0.4688,2,0.3125,2,0.6719,2
10610472.0,4316.778774,13393.001475,17709.780249,1385,621,0.00,0.6313,0.4125,10,0,0,9,0.004500,0.8125,2,0.6719,2,0.5000,2,0.9063,2,0.4844,2,0.7344,2,0.7500,2,0.4688,2,0.3125,2,0.6719,2
10610584.0,4316.870987,13393.351092,17710.222079,1386,621,0.00,0.6313,0.4125,10,0,0,9,0.004500,0.8125,2,0.6719,2,0.5000,2,0.9063,2,0.4375,2,0.7813,2,0.7500,2,0.4688,2,0.3125,2,0.6719,2
10610643.0,4316.919621,13393.536450,17710.456071,1387,621,0.00,0.6359,0.4250,10,0,0,9,0.004500,0.8125,2,0.6719,2,0.5000,2,0.9063,2,0.4375,2,0.7813,2,0.7969,2,0.4688,2,0.3125,2,0.6719,2
10610689.0,4316.957707,13393.684417,17710.642123,1388,622,0.00,0.6641,0.4375,10,0,0,9,0.004500,0.8125,2,0.6719,2,0.5000,2,0.9063,2,0.4375,2,0.7813,2,0.7969,2,0.7500,2,0.3125,2,0.6719,2
10610690.0,4316.958557,13393.687708,17710.646265,1389,623,0.00,0.6922,0.4500,10,0,0,9,0.004500,0.8125,2,0.6719,2,0.5000,2,0.9063,2,0.4375,2,0.7813,2,0.7969,2,0.7500,2,0.5938,2,0.6719,2
10610791.0,4317.046423,13394.024142,17711.070565,1390,624,0.00,0.7109,0.4375,10,0,0,9,0.004500,0.8125,2,0.6719,2,0.5000,2,0.9063,2,0.4375,2,0.7344,2,0.7969,2,0.7500,2,0.5938,2,0.9063,2
10610840.0,4317.089851,13394.185433,17711.275285,1391,625,0.00,0.7281,0.4500,10,0,0,9,0.004500,0.9844,2,0.6719,2,0.5000,2,0.9063,2,0.4375,2,0.7344,2,0.7969,2,0.7500,2,0.5938,2,0.9063,2
10610930.0,4317.170820,13394.488433,17711.659253,1392,625,0.00,0.7297,0.4625,10,0,0,9,0.004500,0.9844,2,0.6875,2,0.5000,2,0.9063,2,0.4375,2,0.7344,2,0.7969,2,0.7500,2,0.5938,2,0.9063,2
10611007.0,4317.239887,13394.746317,17711.986203,1393,625,0.00,0.7297,0.4500,10,0,0,9,0.004500,0.9844,2,0.6719,2,0.5625,2,0.9063,2,0.4375,2,0.7344,2,0.7500,2,0.7500,2,0.5938,2,0.9063,2
10611220.0,4317.431772,13395.463417,17712.895188,1394,625,0.00,0.7344,0.4625,10,0,0,9,0.004500,0.9844,2,0.6719,2,0.5625,2,0.9531,2,0.4375,2,0.7344,2,0.7500,2,0.7500,2,0.5938,2,0.9063,2
10611619.0,4317.788297,13396.817817,17714.606113,1395,625,0.00,0.7094,0.4625,10,0,0,9,0.004500,0.9844,2,0.6719,2,0.5625,2,0.6563,2,0.4844,2,0.7344,2,0.7500,2,0.7500,2,0.5938,2,0.9063,2
10611842.0,4317.983354,13397.564533,17715.547888,1396,625,0.00,0.7094,0.4500,10,0,0,9,0.004500,0.9844,2,0.6719,2,0.5625,2,0.6563,2,0.4375,2,0.7813,2,0.7500,2,0.7500,2,0.5938,2,0.9063,2
10613212.0,4319.138780,13401.997917,17721.136697,1397,625,0.00,0.6188,0.4250,10,0,0,9,0.004500,0.8125,2,0.6719,2,0.5625,2,0.6563,2,0.4375,2,0.7813,2,0.8125,2,0.4688,2,0.3125,2,0.6719,2
10613388.0,4319.282147,13402.564050,17721.846197,1398,626,0.00,0.6359,0.4375,10,0,0,9,0.004500,0.8125,2,0.6719,2,0.5625,2,0.6563,2,0.4375,2,0.7813,2,0.8125,2,0.6406,2,0.3125,2,0.6719,2
10613616.0,4319.470171,13403.310350,17722.780521,1399,627,0.00,0.6469,0.4375,10,0,0,9,0.004500,0.8125,2,0.6719,2,0.5625,2,0.6563,2,0.4375,2,0.7813,2,0.8125,2,0.4688,2,0.5938,2,0.6719,2
10613645.0,4319.494428,13403.405808,17722.900237,1400,627,0.00,0.6531,0.4500,10,0,0,9,0.004500,0.8125,2,0.6719,2,0.5625,2,0.6563,2,0.4375,2,0.7813,2,0.8125,2,0.4688,2,0.5938,2,0.7344,2
10613853.0,4319.668990,13404.099400,17723.768390,1401,627,0.00,0.6453,0.4375,10,0,0,9,0.004500,0.8594,2,0.6719,2,0.5625,2,0.6563,2,0.4375,2,0.7813,2,0.7500,2,0.4688,2,0.5938,2,0.6719,2
10614075.0,4319.849507,13404.807200,17724.656707,1402,628,0.00,0.6359,0.4250,10,0,0,9,0.004500,0.8125,2,0.9063,2,0.5625,2,0.6563,2,0.4375,2,0.7813,2,0.7500,2,0.4688,2,0.3125,2,0.6719,2
10614151.0,4319.912431,13405.051667,17724.964098,1403,629,0.00,0.6531,0.4375,10,0,0,9,0.004500,0.8125,2,0.9063,2,0.7344,2,0.6563,2,0.4375,2,0.7813,2,0.7500,2,0.4688,2,0.3125,2,0.6719,2
10614293.0,4320.030629,13405.511958,17725.542587,1404,629,0.00,0.6406,0.4375,10,0,0,9,0.004500,0.8125,2,0.9063,2,0.5625,2,0.7031,2,0.4375,2,0.7813,2,0.7500,2,0.4688,2,0.3125,2,0.6719,2
10615260.0,4320.834783,13408.695000,17729.529783,1405,629,0.00,0.6453,0.4500,10,0,0,9,0.004500,0.8125,2,0.9063,2,0.5625,2,0.7031,2,0.4844,2,0.7813,2,0.7500,2,0.4688,2,0.3125,2,0.6719,2
10615424.0,4320.971763,13409.247133,17730.218896,1406,629,0.00,0.6453,0.4500,10,0,0,9,0.004500,0.8125,2,0.9063,2,0.5625,2,0.7031,2,0.4375,2,0.8281,2,0.7500,2,0.4688,2,0.3125,2,0.6719,2
10615584.0,4321.105355,13409.784825,17730.890180,1407,629,0.00,0.6453,0.4500,10,0,0,9,0.004500,0.8125,2,0.9063,2,0.5625,2,0.7031,2,0.4375,2,0.7813,2,0.7969,2,0.4688,2,0.3125,2,0.6719,2
10616233.0,4321.638717,13411.901992,17733.540709,1408,629,0.00,0.6234,0.4375,10,0,0,9,0.004500,0.8125,2,0.9063,2,0.5625,2,0.7031,2,0.4375,2,0.5625,2,0.7500,2,0.5156,2,0.3125,2,0.6719,2
10616771.0,4322.076998,13413.637058,17735.714057,1409,630,0.00,0.6156,0.4250,10,0,0,9,0.004500,0.8125,2,0.9063,2,0.5000,2,0.7031,2,0.4375,2,0.5625,2,0.7500,2,0.4688,2,0.3438,2,0.6719,2
10617324.0,4322.526119,13415.415875,17737.941994,1410,630,0.00,0.6219,0.4375,10,0,0,9,0.004500,0.8125,2,0.9063,2,0.5000,2,0.7031,2,0.4375,2,0.5625,2,0.7500,2,0.4688,2,0.3438,2,0.7344,2
10617651.0,4322.792889,13416.486175,17739.279064,1411,631,0.00,0.6438,0.4375,10,0,0,9,0.004500,0.8125,2,0.9063,2,0.7813,2,0.7031,2,0.4375,2,0.5625,2,0.7500,2,0.4688,2,0.3438,2,0.6719,2
10617680.0,4322.817076,13416.581633,17739.398709,1412,631,0.00,0.6500,0.4500,10,0,0,9,0.004500,0.8125,2,0.9063,2,0.7813,2,0.7656,2,0.4375,2,0.5625,2,0.7500,2,0.4688,2,0.3438,2,0.6719,2
10617694.0,4322.828820,13416.628767,17739.457587,1413,631,0.00,0.6563,0.4625,10,0,0,9,0.004500,0.8125,2,0.9063,2,0.7813,2,0.7656,2,0.5000,2,0.5625,2,0.7500,2,0.4688,2,0.3438,2,0.6719,2
10617708.0,4322.840632,13416.676950,17739.517582,1414,631,0.00,0.6625,0.4750,10,0,0,9,0.004500,0.8125,2,0.9063,2,0.7813,2,0.7656,2,0.5000,2,0.6250,2,0.7500,2,0.4688,2,0.3438,2,0.6719,2
10618001.0,4323.087477,13417.679583,17740.767060,1415,631,0.00,0.6563,0.4625,10,0,0,9,0.004500,0.8125,2,0.9063,2,0.7813,2,0.7031,2,0.4375,2,0.6250,2,0.8125,2,0.4688,2,0.3438,2,0.6719,2
10618278.0,4323.314243,13418.606825,17741.921068,1416,631,0.00,0.6094,0.4500,10,0,0,9,0.004500,0.8125,2,0.6719,2,0.5000,2,0.7031,2,0.4375,2,0.6250,2,0.8125,2,0.5156,2,0.3438,2,0.6719,2
10619240.0,4324.085214,13421.742733,17745.827947,1417,631,0.00,0.6031,0.4375,10,0,0,9,0.004500,0.8125,2,0.6719,2,0.5000,2,0.7031,2,0.4375,2,0.6250,2,0.7500,2,0.4688,2,0.3906,2,0.6719,2
10619379.0,4324.196752,13422.200275,17746.397027,1418,632,0.00,0.6281,0.4500,10,0,0,9,0.004500,0.8125,2,0.6719,2,0.5000,2,0.7031,2,0.4375,2,0.6250,2,0.7500,2,0.4688,2,0.3906,2,0.9219,2
10619480.0,4324.279422,13422.533333,17746.812755,1419,633,0.00,0.6406,0.4500,10,0,0,9,0.004500,0.9844,2,0.6719,2,0.5000,2,0.7031,2,0.4375,2,0.6250,2,0.7500,2,0.4688,2,0.3438,2,0.9219,2
10619521.0,4324.313518,13422.671367,17746.984884,1420,633,0.00,0.6469,0.4625,10,0,0,9,0.004500,0.9844,2,0.7344,2,0.5000,2,0.7031,2,0.4375,2,0.6250,2,0.7500,2,0.4688,2,0.3438,2,0.9219,2
10619523.0,4324.315190,13422.678250,17746.993440,1421,634,0.00,0.6531,0.4750,10,0,0,9,0.004500,0.9844,2,0.7344,2,0.5625,2,0.7031,2,0.4375,2,0.6250,2,0.7500,2,0.4688,2,0.3438,2,0.9219,2
10619649.0,4324.420725,13423.114075,17747.534800,1422,635,0.00,0.6641,0.4750,10,0,0,9,0.004500,0.9844,2,0.6719,2,0.5625,2,0.8750,2,0.4375,2,0.6250,2,0.7500,2,0.4688,2,0.3438,2,0.9219,2
10619925.0,4324.652336,13424.068175,17748.720511,1423,635,0.00,0.6531,0.4750,10,0,0,9,0.004500,0.9844,2,0.6719,2,0.5625,2,0.7031,2,0.5000,2,0.6250,2,0.7500,2,0.4688,2,0.3438,2,0.9219,2
10620055.0,4324.761270,13424.518592,17749.279862,1424,635,0.00,0.6516,0.4750,10,0,0,9,0.004500,0.9844,2,0.6719,2,0.5625,2,0.7031,2,0.4375,2,0.6719,2,0.7500,2,0.4688,2,0.3438,2,0.9219,2
10620914.0,4325.475458,13427.466883,17752.942341,1425,636,0.00,0.6281,0.4500,10,0,0,9,0.004500,0.8125,2,0.6719,2,0.5625,2,0.7031,2,0.4375,2,0.6250,2,0.9844,2,0.4688,2,0.3438,2,0.6719,2
10620936.0,4325.493539,13427.540950,17753.034489,1426,637,0.00,0.6469,0.4625,10,0,0,9,0.004500,0.8125,2,0.6719,2,0.5625,2,0.7031,2,0.4375,2,0.6250,2,0.9844,2,0.6563,2,0.3438,2,0.6719,2
10620997.0,4325.544563,13427.750892,17753.295455,1427,638,0.00,0.6656,0.4750,10,0,0,9,0.004500,0.8125,2,0.6719,2,0.5625,2,0.7031,2,0.4375,2,0.6250,2,0.9844,2,0.6563,2,0.5313,2,0.6719,2
10621013.0,4325.558180,13427.807158,17753.365338,1428,638,0.00,0.6703,0.4875,10,0,0,9,0.004500,0.8125,2,0.6719,2,0.5625,2,0.7031,2,0.4375,2,0.6250,2,0.9844,2,0.6563,2,0.5313,2,0.7188,2
10621070.0,4325.606897,13428.011883,17753.618780,1429,639,0.00,0.6938,0.4875,10,0,0,9,0.004500,0.8125,2,0.9063,2,0.5625,2,0.7031,2,0.4375,2,0.6250,2,0.9844,2,0.6563,2,0.5313,2,0.7188,2
10621072.0,4325.608643,13428.019067,17753.627710,1430,640,0.00,0.7172,0.4875,10,0,0,9,0.004500,0.8125,2,0.9063,2,0.7969,2,0.7031,2,0.4375,2,0.6250,2,0.9844,2,0.6563,2,0.5313,2,0.7188,2
10621075.0,4325.611316,13428.029842,17753.641158,1431,640,0.00,0.7219,0.5000,10,0,0,9,0.004500,0.8125,2,0.9063,2,0.7969,2,0.7500,2,0.4375,2,0.6250,2,0.9844,2,0.6563,2,0.5313,2,0.7188,2
10621079.0,4325.614888,13428.044358,17753.659247,1432,640,0.00,0.7234,0.5000,10,0,0,9,0.004500,0.8125,2,0.9063,2,0.7969,2,0.7500,2,0.5000,2,0.6250,2,0.9844,2,0.6563,2,0.5313,2,0.6719,2
10621163.0,4325.690153,13428.352358,17754.042511,1433,641,0.00,0.7469,0.5000,10,0,0,9,0.004500,0.8125,2,0.9063,2,0.7969,2,0.7500,2,0.5000,2,0.8594,2,0.9844,2,0.6563,2,0.5313,2,0.6719,2
10621473.0,4325.971172,13429.447475,17755.418647,1434,642,0.00,0.7453,0.4875,10,0,0,9,0.004500,0.8125,2,0.9063,2,0.7969,2,0.7031,2,0.4375,2,0.8594,2,0.9844,2,0.7500,2,0.5313,2,0.6719,2
10621534.0,4326.026866,13429.666567,17755.693433,1435,642,0.00,0.7500,0.5000,10,0,0,9,0.004500,0.8125,2,0.9063,2,0.7969,2,0.7031,2,0.4375,2,0.8594,2,0.9844,2,0.7500,2,0.5781,2,0.6719,2
10621540.0,4326.032366,13429.688567,17755.720933,1436,643,0.00,0.7750,0.5125,10,0,0,9,0.004500,0.8125,2,0.9063,2,0.7969,2,0.7031,2,0.4375,2,0.8594,2,0.9844,2,0.7500,2,0.5781,2,0.9219,2
10621911.0,4326.378088,13431.040125,17757.418213,1437,644,0.00,0.7906,0.4875,10,0,0,9,0.004500,0.8125,2,0.9063,2,0.7969,2,0.9375,2,0.4375,2,0.8594,2,0.9844,2,0.7500,2,0.5000,2,0.9219,2
10622088.0,4326.541848,13431.664600,17758.206448,1438,644,0.00,0.7438,0.4750,10,0,0,9,0.004500,0.8125,2,0.9063,2,0.7969,2,0.7031,2,0.4844,2,0.8594,2,0.9844,2,0.4688,2,0.5000,2,0.9219,2
10622215.0,4326.657647,13432.111217,17758.768864,1439,644,0.00,0.7484,0.4875,10,0,0,9,0.004500,0.8125,2,0.9063,2,0.7969,2,0.7031,2,0.4844,2,0.9063,2,0.9844,2,0.4688,2,0.5000,2,0.9219,2
10622339.0,4326.770406,13432.542933,17759.313339,1440,645,0.00,0.7516,0.4750,10,0,0,9,0.004500,0.8125,2,0.9063,2,0.7969,2,0.7031,2,0.4375,2,0.8438,2,0.9844,2,0.6094,2,0.5000,2,0.9219,2
10622381.0,4326.808355,13432.690633,17759.498989,1441,646,0.00,0.7516,0.4750,10,0,0,9,0.004500,0.8125,2,0.9063,2,0.7969,2,0.7031,2,0.4375,2,0.6094,2,0.9844,2,0.6094,2,0.7344,2,0.9219,2
10622536.0,4326.950627,13433.235717,17760.186344,1442,646,0.00,0.7563,0.4875,10,0,0,9,0.004500,0.8125,2,0.9063,2,0.7969,2,0.7031,2,0.4375,2,0.6094,2,0.9844,2,0.6094,2,0.7344,2,0.9688,2
10622843.0,4327.225845,13434.299583,17761.525428,1443,646,0.00,0.7234,0.4625,10,0,0,9,0.004500,0.8750,2,0.9063,2,0.7344,2,0.7031,2,0.4375,2,0.5625,2,0.9844,2,0.6094,2,0.5000,2,0.9219,2
10622994.0,4327.360656,13434.811775,17762.172431,1444,646,0.00,0.7219,0.4625,10,0,0,9,0.004500,0.8125,2,0.9531,2,0.7344,2,0.7031,2,0.4375,2,0.5625,2,0.9844,2,0.6094,2,0.5000,2,0.9219,2
10623089.0,4327.445581,13435.137083,17762.582664,1445,646,0.00,0.7219,0.4625,10,0,0,9,0.004500,0.8125,2,0.9063,2,0.7813,2,0.7031,2,0.4375,2,0.5625,2,0.9844,2,0.6094,2,0.5000,2,0.9219,2
10623164.0,4327.512690,13435.395208,17762.907898,1446,646,0.00,0.7344,0.4750,10,0,0,9,0.004500,0.8125,2,0.9063,2,0.7813,2,0.8281,2,0.4375,2,0.5625,2,0.9844,2,0.6094,2,0.5000,2,0.9219,2
10623875.0,4328.131410,13437.792358,17765.923768,1447,647,0.00,0.6828,0.4500,10,0,0,9,0.004500,0.8125,2,0.6719,2,0.7344,2,0.8281,2,0.6875,2,0.5625,2,0.7500,2,0.6094,2,0.5000,2,0.6719,2
10623916.0,4328.166851,13437.930392,17766.097242,1448,647,0.00,0.6875,0.4625,10,0,0,9,0.004500,0.8125,2,0.6719,2,0.7344,2,0.8281,2,0.6875,2,0.6094,2,0.7500,2,0.6094,2,0.5000,2,0.6719,2
10623951.0,4328.197233,13438.050850,17766.248083,1449,647,0.00,0.6922,0.4750,10,0,0,9,0.004500,0.8125,2,0.6719,2,0.7344,2,0.8281,2,0.6875,2,0.6094,2,0.7969,2,0.6094,2,0.5000,2,0.6719,2
10623981.0,4328.223384,13438.156350,17766.379734,1450,647,0.00,0.6969,0.4875,10,0,0,9,0.004500,0.8125,2,0.6719,2,0.7344,2,0.8281,2,0.6875,2,0.6094,2,0.7969,2,0.6563,2,0.5000,2,0.6719,2
10623984.0,4328.226010,13438.167125,17766.393135,1451,647,0.00,0.6969,0.4875,10,0,0,9,0.004500,0.8125,2,0.6719,2,0.7344,2,0.8281,2,0.6875,2,0.5625,2,0.7969,2,0.6563,2,0.5469,2,0.6719,2
10624068.0,4328.299448,13438.466950,17766.766398,1452,648,0.00,0.7156,0.4875,10,0,0,9,0.004500,0.8125,2,0.6719,2,0.7344,2,0.8281,2,0.6875,2,0.5625,2,0.7969,2,0.6563,2,0.5000,2,0.9063,2
10624182.0,4328.400426,13438.866650,17767.267076,1453,648,0.00,0.7109,0.4750,10,0,0,9,0.004500,0.8594,2,0.6719,2,0.7344,2,0.8281,2,0.6875,2,0.5625,2,0.7500,2,0.6094,2,0.5000,2,0.9063,2
10624232.0,4328.444575,13439.041208,17767.485783,1454,648,0.00,0.7031,0.4750,10,0,0,9,0.004500,0.8594,2,0.7188,2,0.7344,2,0.7031,2,0.6875,2,0.5625,2,0.7500,2,0.6094,2,0.5000,2,0.9063,2
10624269.0,4328.477143,13439.171325,17767.648468,1455,648,0.00,0.7078,0.4875,10,0,0,9,0.004500,0.8594,2,0.7188,2,0.7813,2,0.7031,2,0.6875,2,0.5625,2,0.7500,2,0.6094,2,0.5000,2,0.9063,2
10624621.0,4328.785091,13440.370417,17769.155508,1456,648,0.00,0.6984,0.4625,10,0,0,9,0.004500,0.8125,2,0.6719,2,0.7344,2,0.7500,2,0.6875,2,0.5625,2,0.7500,2,0.6094,2,0.5000,2,0.9063,2
10624837.0,4328.970341,13441.109992,17770.080333,1457,648,0.00,0.6750,0.4625,10,0,0,9,0.004500,0.8125,2,0.6719,2,0.5000,2,0.7031,2,0.7344,2,0.5625,2,0.7500,2,0.6094,2,0.5000,2,0.9063,2
10625058.0,4329.159778,13441.865350,17771.025128,1458,648,0.00,0.6750,0.4625,10,0,0,9,0.004500,0.8125,2,0.6719,2,0.5000,2,0.7031,2,0.6875,2,0.6094,2,0.7500,2,0.6094,2,0.5000,2,0.9063,2
10625248.0,4329.322402,13442.509817,17771.832219,1459,648,0.00,0.6766,0.4625,10,0,0,9,0.004500,0.8125,2,0.6719,2,0.5000,2,0.7031,2,0.6875,2,0.5625,2,0.8125,2,0.6094,2,0.5000,2,0.9063,2
10625532.0,4329.566514,13443.487250,17773.053764,1460,648,0.00,0.6813,0.4750,10,0,0,9,0.004500,0.8125,2,0.6719,2,0.5000,2,0.7031,2,0.6875,2,0.5625,2,0.8125,2,0.6563,2,0.5000,2,0.9063,2
10625567.0,4329.596589,13443.609808,17773.206398,1461,648,0.00,0.6609,0.4750,10,0,0,9,0.004500,0.8125,2,0.6719,2,0.5000,2,0.7031,2,0.4375,2,0.5625,2,0.8125,2,0.6563,2,0.5469,2,0.9063,2
10625608.0,4329.631333,13443.753992,17773.385324,1462,648,0.00,0.6781,0.4875,10,0,0,9,0.004500,0.9844,2,0.6719,2,0.5000,2,0.7031,2,0.4375,2,0.5625,2,0.8125,2,0.6563,2,0.5469,2,0.9063,2
10625887.0,4329.870173,13444.729067,17774.599240,1463,648,0.00,0.6734,0.4750,10,0,0,9,0.004500,0.9844,2,0.7188,2,0.5000,2,0.7031,2,0.4375,2,0.5625,2,0.8125,2,0.6094,2,0.5000,2,0.9063,2
10625979.0,4329.949028,13445.052600,17775.001628,1464,648,0.00,0.6781,0.4875,10,0,0,9,0.004500,0.9844,2,0.7188,2,0.5469,2,0.7031,2,0.4375,2,0.5625,2,0.8125,2,0.6094,2,0.5000,2,0.9063,2
10626014.0,4329.979155,13445.178308,17775.157463,1465,648,0.00,0.6828,0.5000,10,0,0,9,0.004500,0.9844,2,0.7188,2,0.5469,2,0.7500,2,0.4375,2,0.5625,2,0.8125,2,0.6094,2,0.5000,2,0.9063,2
10626024.0,4329.987799,13445.214975,17775.202774,1466,648,0.00,0.6891,0.5125,10,0,0,9,0.004500,0.9844,2,0.7188,2,0.5469,2,0.7500,2,0.5000,2,0.5625,2,0.8125,2,0.6094,2,0.5000,2,0.9063,2
10626288.0,4330.214520,13446.150200,17776.364720,1467,648,0.00,0.6734,0.4750,10,0,0,9,0.004500,0.9844,2,0.6719,2,0.5000,2,0.7031,2,0.4375,2,0.6094,2,0.8125,2,0.6094,2,0.5000,2,0.9063,2
10626406.0,4330.315660,13446.565167,17776.880827,1468,648,0.00,0.6781,0.4875,10,0,0,9,0.004500,0.9844,2,0.6719,2,0.5000,2,0.7031,2,0.4375,2,0.6094,2,0.8594,2,0.6094,2,0.5000,2,0.9063,2
10626422.0,4330.329433,13446.622633,17776.952066,1469,649,0.00,0.6953,0.5000,10,0,0,9,0.004500,0.9844,2,0.6719,2,0.5000,2,0.7031,2,0.4375,2,0.6094,2,0.8594,2,0.7813,2,0.5000,2,0.9063,2
10626535.0,4330.427911,13447.030817,17777.458727,1470,649,0.00,0.7031,0.5000,10,0,0,9,0.004500,0.9844,2,0.6719,2,0.5000,2,0.7031,2,0.4375,2,0.5625,2,0.8594,2,0.7813,2,0.6250,2,0.9063,2
10626709.0,4330.579816,13447.652092,17778.231908,1471,650,0.00,0.7000,0.4875,10,0,0,9,0.004500,0.9844,2,0.8125,2,0.5000,2,0.7031,2,0.4375,2,0.5625,2,0.8125,2,0.7813,2,0.5000,2,0.9063,2
10626716.0,4330.585961,13447.677233,17778.263194,1472,650,0.00,0.7047,0.5000,10,0,0,9,0.004500,0.9844,2,0.8125,2,0.5469,2,0.7031,2,0.4375,2,0.5625,2,0.8125,2,0.7813,2,0.5000,2,0.9063,2
10626940.0,4330.782041,13448.474717,17779.256758,1473,651,0.00,0.7063,0.4875,10,0,0,9,0.004500,0.9844,2,0.8125,2,0.5000,2,0.8281,2,0.4375,2,0.5625,2,0.7500,2,0.7813,2,0.5000,2,0.9063,2
10626997.0,4330.832351,13448.679442,17779.511793,1474,651,0.00,0.7109,0.5000,10,0,0,9,0.004500,0.9844,2,0.8125,2,0.5000,2,0.8281,2,0.4844,2,0.5625,2,0.7500,2,0.7813,2,0.5000,2,0.9063,2
10627009.0,4330.842987,13448.723442,17779.566428,1475,651,0.00,0.7156,0.5125,10,0,0,9,0.004500,0.9844,2,0.8125,2,0.5000,2,0.8281,2,0.4844,2,0.6094,2,0.7500,2,0.7813,2,0.5000,2,0.9063,2
10627217.0,4331.027082,13449.480933,17780.508016,1476,651,0.00,0.7109,0.5000,10,0,0,9,0.004500,0.9844,2,0.8125,2,0.5000,2,0.8281,2,0.4375,2,0.5625,2,0.7969,2,0.7813,2,0.5000,2,0.9063,2
10627477.0,4331.257046,13450.424592,17781.681638,1477,652,0.00,0.7313,0.5000,10,0,0,9,0.004500,0.9844,2,0.8125,2,0.5000,2,0.8281,2,0.4375,2,0.5625,2,0.7500,2,0.7813,2,0.7500,2,0.9063,2
10627637.0,4331.399447,13451.003308,17782.402756,1478,652,0.00,0.7125,0.5000,10,0,0,9,0.004500,0.9844,2,0.8125,2,0.5000,2,0.8281,2,0.4375,2,0.5625,2,0.7500,2,0.7813,2,0.7500,2,0.7188,2
10627657.0,4331.417197,13451.076642,17782.493839,1479,653,0.00,0.7313,0.5125,10,0,0,9,0.004500,0.9844,2,1.0000,2,0.5000,2,0.8281,2,0.4375,2,0.5625,2,0.7500,2,0.7813,2,0.7500,2,0.7188,2
10627857.0,4331.596232,13451.815675,17783.411907,1480,653,0.00,0.7125,0.5000,10,0,0,9,0.004500,0.9844,2,0.8125,2,0.5469,2,0.8281,2,0.4375,2,0.5625,2,0.7500,2,0.7813,2,0.7500,2,0.6719,2
10628078.0,4331.792114,13452.620758,17784.412873,1481,653,0.00,0.7125,0.5000,10,0,0,9,0.004500,0.9844,2,0.8125,2,0.5000,2,0.8750,2,0.4375,2,0.5625,2,0.7500,2,0.7813,2,0.7500,2,0.6719,2
10628141.0,4331.848027,13452.851758,17784.699785,1482,653,0.00,0.7172,0.5125,10,0,0,9,0.004500,0.9844,2,0.8125,2,0.5000,2,0.8750,2,0.4844,2,0.5625,2,0.7500,2,0.7813,2,0.7500,2,0.6719,2
10628171.0,4331.874732,13452.963408,17784.838140,1483,653,0.00,0.7172,0.5125,10,0,0,9,0.004500,0.9844,2,0.8125,2,0.5000,2,0.8281,2,0.4844,2,0.6094,2,0.7500,2,0.7813,2,0.7500,2,0.6719,2
10628219.0,4331.917485,13453.142558,17785.060044,1484,653,0.00,0.7250,0.5125,10,0,0,9,0.004500,0.9844,2,0.8125,2,0.5000,2,0.8281,2,0.4375,2,0.6094,2,0.8750,2,0.7813,2,0.7500,2,0.6719,2
10628333.0,4332.017738,13453.551558,17785.569296,1485,653,0.00,0.6953,0.4875,10,0,0,9,0.004500,0.9844,2,0.8125,2,0.5000,2,0.8281,2,0.4375,2,0.5625,2,0.7500,2,0.6563,2,0.7500,2,0.6719,2
10628449.0,4332.119137,13453.968192,17786.087329,1486,653,0.00,0.7000,0.5000,10,0,0,9,0.004500,0.9844,2,0.8125,2,0.5000,2,0.8281,2,0.4375,2,0.5625,2,0.7500,2,0.6563,2,0.7969,2,0.6719,2
10628579.0,4332.232972,13454.441558,17786.674531,1487,654,0.00,0.7078,0.4875,10,0,0,9,0.004500,0.9844,2,0.8125,2,0.5000,2,0.7031,2,0.4375,2,0.5625,2,0.7500,2,0.6094,2,0.7969,2,0.9219,2
10628816.0,4332.441903,13455.281608,17787.723511,1488,654,0.00,0.7078,0.4875,10,0,0,9,0.004500,0.9844,2,0.8594,2,0.5000,2,0.7031,2,0.4375,2,0.5625,2,0.7500,2,0.6094,2,0.7500,2,0.9219,2
10629037.0,4332.636790,13456.066217,17788.703006,1489,654,0.00,0.7219,0.4875,10,0,0,9,0.004500,0.9844,2,0.8125,2,0.6875,2,0.7031,2,0.4375,2,0.5625,2,0.7500,2,0.6094,2,0.7500,2,0.9219,2
10629105.0,4332.697635,13456.310450,17789.008085,1490,655,0.00,0.7391,0.5000,10,0,0,9,0.004500,0.9844,2,0.8125,2,0.6875,2,0.8750,2,0.4375,2,0.5625,2,0.7500,2,0.6094,2,0.7500,2,0.9219,2
10629108.0,4332.700360,13456.321450,17789.021810,1491,656,0.00,0.7453,0.5125,10,0,0,9,0.004500,0.9844,2,0.8125,2,0.6875,2,0.8750,2,0.5000,2,0.5625,2,0.7500,2,0.6094,2,0.7500,2,0.9219,2
10629109.0,4332.701273,13456.325192,17789.026465,1492,656,0.00,0.7500,0.5250,10,0,0,9,0.004500,0.9844,2,0.8125,2,0.6875,2,0.8750,2,0.5000,2,0.6094,2,0.7500,2,0.6094,2,0.7500,2,0.9219,2
10629464.0,4333.025862,13457.665783,17790.691645,1493,656,0.00,0.7313,0.5125,10,0,0,9,0.004500,0.9844,2,0.8125,2,0.5000,2,0.8750,2,0.5000,2,0.5625,2,0.7969,2,0.6094,2,0.7500,2,0.9219,2
10629645.0,4333.189110,13458.342425,17791.531535,1494,656,0.00,0.7391,0.5125,10,0,0,9,0.004500,0.9844,2,0.8125,2,0.5000,2,0.8750,2,0.5000,2,0.5625,2,0.7500,2,0.7344,2,0.7500,2,0.9219,2
10629692.0,4333.231793,13458.518283,17791.750077,1495,656,0.00,0.7438,0.5250,10,0,0,9,0.004500,0.9844,2,0.8125,2,0.5000,2,0.8750,2,0.5000,2,0.5625,2,0.7500,2,0.7344,2,0.7969,2,0.9219,2
10630406.0,4333.873391,13461.145208,17795.018599,1496,656,0.00,0.7141,0.5000,10,0,0,9,0.004500,0.9844,2,0.8125,2,0.5000,2,0.7031,2,0.5000,2,0.5625,2,0.7500,2,0.6094,2,0.7500,2,0.9688,2
10630982.0,4334.383369,13463.217683,17797.601053,1497,657,0.00,0.7328,0.4875,10,0,0,9,0.004500,0.9844,2,0.8125,2,0.7344,2,0.7031,2,0.5000,2,0.5625,2,0.7500,2,0.6094,2,0.7500,2,0.9219,2
10631099.0,4334.487652,13463.637908,17798.125560,1498,657,0.00,0.7156,0.5000,10,0,0,9,0.004500,0.9844,2,0.8125,2,0.5000,2,0.7656,2,0.5000,2,0.5625,2,0.7500,2,0.6094,2,0.7500,2,0.9219,2
10631353.0,4334.710048,13464.550492,17799.260540,1499,657,0.00,0.7031,0.5000,10,0,0,9,0.004500,0.9844,2,0.6250,2,0.5000,2,0.7656,2,0.5625,2,0.5625,2,0.7500,2,0.6094,2,0.7500,2,0.9219,2
10632259.0,4335.502894,13467.816692,17803.319586,1500,657,0.00,0.7094,0.4500,10,0,0,9,0.004500,0.9844,2,0.6250,2,1.0000,2,0.7031,2,0.5000,2,0.5625,2,0.7500,2,0.6094,2,0.7500,2,0.6094,2
10632371.0,4335.602022,13468.193758,17803.795780,1501,658,0.00,0.7266,0.4500,10,0,0,9,0.004500,0.9844,2,0.6250,2,1.0000,2,0.8750,2,0.5000,2,0.5625,2,0.7500,2,0.6094,2,0.7500,2,0.6094,2
10632550.0,4335.756150,13468.790917,17804.547066,1502,658,0.00,0.6656,0.4500,10,0,0,9,0.004500,0.8125,2,0.6250,2,0.5000,2,0.8750,2,0.5625,2,0.5625,2,0.7500,2,0.6094,2,0.7500,2,0.6094,2
10633142.0,4336.259830,13470.781883,17807.041714,1503,659,0.00,0.6766,0.4500,10,0,0,9,0.004500,0.8125,2,0.6250,2,0.5000,2,0.8750,2,0.5000,2,0.7344,2,0.7500,2,0.6094,2,0.7500,2,0.6094,2
10633184.0,4336.295931,13470.923283,17807.219215,1504,660,0.00,0.6953,0.4500,10,0,0,9,0.004500,0.8125,2,0.6250,2,0.5000,2,0.8750,2,0.5000,2,0.7344,2,0.9375,2,0.6094,2,0.7500,2,0.6094,2
10633237.0,4336.342151,13471.100967,17807.443118,1505,660,0.00,0.6813,0.4375,10,0,0,9,0.004500,0.8125,2,0.4844,2,0.5000,2,0.8750,2,0.5000,2,0.7344,2,0.9375,2,0.6094,2,0.7500,2,0.6094,2
10633547.0,4336.603216,13472.098208,17808.701425,1506,661,0.00,0.6703,0.4250,10,0,0,9,0.004500,0.8125,2,0.4844,2,0.5000,2,0.8750,2,0.4375,2,0.7344,2,0.7500,2,0.7500,2,0.7500,2,0.6094,2
10633621.0,4336.666463,13472.336242,17809.002705,1507,661,0.00,0.7203,0.4250,10,0,0,9,0.004500,0.8125,2,0.9844,2,0.5000,2,0.8750,2,0.4375,2,0.7344,2,0.7500,2,0.7500,2,0.7500,2,0.6094,2
10633622.0,4336.667357,13472.339458,17809.006815,1508,661,0.00,0.7703,0.4250,10,0,0,9,0.004500,0.8125,2,0.9844,2,1.0000,2,0.8750,2,0.4375,2,0.7344,2,0.7500,2,0.7500,2,0.7500,2,0.6094,2
10634435.0,4337.371902,13474.945233,17812.317136,1509,662,0.00,0.6703,0.4250,10,0,0,9,0.004500,0.8125,2,0.4844,2,0.5000,2,0.8750,2,0.6094,2,0.5625,2,0.7500,2,0.7500,2,0.7500,2,0.6094,2
10634499.0,4337.426602,13475.151100,17812.577702,1510,663,0.00,0.6953,0.4375,10,0,0,9,0.004500,0.8125,2,0.4844,2,0.5000,2,0.8750,2,0.6094,2,0.8125,2,0.7500,2,0.7500,2,0.7500,2,0.6094,2
10634588.0,4337.504400,13475.444058,17812.948458,1511,663,0.00,0.7016,0.4500,10,0,0,9,0.004500,0.8125,2,0.4844,2,0.5000,2,0.8750,2,0.6094,2,0.8125,2,0.8125,2,0.7500,2,0.7500,2,0.6094,2
10634702.0,4337.604605,13475.827858,17813.432464,1512,663,0.00,0.7063,0.4625,10,0,0,9,0.004500,0.8125,2,0.4844,2,0.5000,2,0.8750,2,0.6094,2,0.8125,2,0.8125,2,0.7969,2,0.7500,2,0.6094,2
10635133.0,4337.984151,13477.293292,17815.277443,1513,664,0.00,0.7203,0.4625,10,0,0,9,0.004500,0.8125,2,0.4844,2,0.5000,2,0.8750,2,0.6094,2,0.8125,2,0.8125,2,0.7500,2,0.9375,2,0.6094,2
10635301.0,4338.134272,13477.871492,17816.005764,1514,664,0.00,0.7250,0.4750,10,0,0,9,0.004500,0.8125,2,0.4844,2,0.5000,2,0.8750,2,0.6094,2,0.8125,2,0.8125,2,0.7500,2,0.9375,2,0.6563,2
10635708.0,4338.494082,13479.257325,17817.751407,1515,664,0.00,0.6797,0.4500,10,0,0,9,0.004500,0.8750,2,0.4844,2,0.5000,2,0.8750,2,0.6094,2,0.8125,2,0.8125,2,0.4688,2,0.7500,2,0.6094,2
10636450.0,4339.131901,13481.748567,17820.880468,1516,664,0.00,0.6594,0.4500,10,0,0,9,0.004500,0.8750,2,0.5313,2,0.5000,2,0.8750,2,0.6094,2,0.5625,2,0.8125,2,0.4688,2,0.7500,2,0.6094,2
10636604.0,4339.261921,13482.261033,17821.522955,1517,664,0.00,0.6594,0.4500,10,0,0,9,0.004500,0.8750,2,0.4844,2,0.5469,2,0.8750,2,0.6094,2,0.5625,2,0.8125,2,0.4688,2,0.7500,2,0.6094,2
10636619.0,4339.274614,13482.311533,17821.586147,1518,664,0.00,0.6641,0.4625,10,0,0,9,0.004500,0.8750,2,0.4844,2,0.5469,2,0.9219,2,0.6094,2,0.5625,2,0.8125,2,0.4688,2,0.7500,2,0.6094,2
10636821.0,4339.445575,13482.992275,17822.437850,1519,664,0.00,0.6672,0.4500,10,0,0,9,0.004500,0.8750,2,0.4844,2,0.5000,2,0.8750,2,0.7344,2,0.5625,2,0.8125,2,0.4688,2,0.7500,2,0.6094,2
10636834.0,4339.456655,13483.036042,17822.492696,1520,664,0.00,0.6797,0.4625,10,0,0,9,0.004500,0.8750,2,0.4844,2,0.5000,2,0.8750,2,0.7344,2,0.6875,2,0.8125,2,0.4688,2,0.7500,2,0.6094,2
10637322.0,4339.875346,13484.700500,17824.575846,1521,664,0.00,0.6719,0.4625,10,0,0,9,0.004500,0.8750,2,0.4844,2,0.5000,2,0.8750,2,0.7344,2,0.5625,2,0.8594,2,0.4688,2,0.7500,2,0.6094,2
10637407.0,4339.948029,13484.991617,17824.939645,1522,665,0.00,0.6844,0.4625,10,0,0,9,0.004500,0.8750,2,0.4844,2,0.5000,2,0.8750,2,0.7344,2,0.5625,2,0.8125,2,0.6406,2,0.7500,2,0.6094,2
10637671.0,4340.174803,13485.900217,17826.075019,1523,665,0.00,0.6719,0.4750,10,0,0,9,0.004500,0.8750,2,0.4844,2,0.5000,2,0.7031,2,0.7344,2,0.5625,2,0.8125,2,0.6406,2,0.7969,2,0.6094,2
10637870.0,4340.341995,13486.575208,17826.917204,1524,665,0.00,0.6547,0.4625,10,0,0,9,0.004500,0.8750,2,0.4844,2,0.5000,2,0.7031,2,0.7344,2,0.5625,2,0.8125,2,0.4688,2,0.7500,2,0.6563,2
10637935.0,4340.396760,13486.798917,17827.195677,1525,665,0.00,0.6594,0.4750,10,0,0,9,0.004500,0.9219,2,0.4844,2,0.5000,2,0.7031,2,0.7344,2,0.5625,2,0.8125,2,0.4688,2,0.7500,2,0.6563,2
10638056.0,4340.498798,13487.217233,17827.716031,1526,665,0.00,0.6594,0.4750,10,0,0,9,0.004500,0.9219,2,0.5313,2,0.5000,2,0.7031,2,0.7344,2,0.5625,2,0.8125,2,0.4688,2,0.7500,2,0.6094,2
10638109.0,4340.543646,13487.403617,17827.947262,1527,666,0.00,0.6766,0.4875,10,0,0,9,0.004500,0.9219,2,0.5313,2,0.6719,2,0.7031,2,0.7344,2,0.5625,2,0.8125,2,0.4688,2,0.7500,2,0.6094,2
10638114.0,4340.547943,13487.421575,17827.969518,1528,666,0.00,0.6891,0.5000,10,0,0,9,0.004500,0.9219,2,0.5313,2,0.6719,2,0.8281,2,0.7344,2,0.5625,2,0.8125,2,0.4688,2,0.7500,2,0.6094,2
10638115.0,4340.548813,13487.425242,17827.974054,1529,666,0.00,0.6953,0.5125,10,0,0,9,0.004500,0.9219,2,0.5313,2,0.6719,2,0.8281,2,0.7969,2,0.5625,2,0.8125,2,0.4688,2,0.7500,2,0.6094,2
10638273.0,4340.685196,13488.003450,17828.688646,1530,666,0.00,0.6781,0.5000,10,0,0,9,0.004500,0.9219,2,0.4844,2,0.5000,2,0.8281,2,0.7969,2,0.6094,2,0.8125,2,0.4688,2,0.7500,2,0.6094,2
10638595.0,4340.960684,13489.159217,17830.119901,1531,666,0.00,0.6594,0.4750,10,0,0,9,0.004500,0.9219,2,0.4844,2,0.5000,2,0.7031,2,0.7344,2,0.5625,2,0.8594,2,0.4688,2,0.7500,2,0.6094,2
10638652.0,4341.008916,13489.359667,17830.368583,1532,667,0.00,0.6766,0.4875,10,0,0,9,0.004500,0.9219,2,0.4844,2,0.5000,2,0.7031,2,0.7344,2,0.5625,2,0.8594,2,0.6406,2,0.7500,2,0.6094,2
10638729.0,4341.074564,13489.629775,17830.704339,1533,667,0.00,0.6594,0.4750,10,0,0,9,0.004500,0.9219,2,0.4844,2,0.5000,2,0.7031,2,0.7344,2,0.5625,2,0.8125,2,0.4688,2,0.7969,2,0.6094,2
10638744.0,4341.087257,13489.682525,17830.769782,1534,667,0.00,0.6719,0.4875,10,0,0,9,0.004500,0.9219,2,0.4844,2,0.5000,2,0.7031,2,0.7344,2,0.5625,2,0.8125,2,0.4688,2,0.7969,2,0.7344,2
10638906.0,4341.225527,13490.256425,17831.481952,1535,668,0.00,0.6844,0.4875,10,0,0,9,0.004500,0.9219,2,0.6563,2,0.5000,2,0.7031,2,0.7344,2,0.5625,2,0.8125,2,0.4688,2,0.7500,2,0.7344,2
10639074.0,4341.369853,13490.851350,17832.221203,1536,668,0.00,0.6766,0.4875,10,0,0,9,0.004500,0.9219,2,0.6563,2,0.5469,2,0.7031,2,0.7344,2,0.5625,2,0.8125,2,0.4688,2,0.7500,2,0.6094,2
10639297.0,4341.561044,13491.642242,17833.203286,1537,668,0.00,0.6766,0.4875,10,0,0,9,0.004500,0.9219,2,0.6563,2,0.5000,2,0.7500,2,0.7344,2,0.5625,2,0.8125,2,0.4688,2,0.7500,2,0.6094,2
10639399.0,4341.648587,13492.005892,17833.654478,1538,668,0.00,0.6766,0.4875,10,0,0,9,0.004500,0.9219,2,0.6563,2,0.5000,2,0.7031,2,0.7813,2,0.5625,2,0.8125,2,0.4688,2,0.7500,2,0.6094,2
10639496.0,4341.731839,13492.351733,17834.083572,1539,668,0.00,0.6766,0.4875,10,0,0,9,0.004500,0.9219,2,0.6563,2,0.5000,2,0.7031,2,0.7344,2,0.6094,2,0.8125,2,0.4688,2,0.7500,2,0.6094,2
10639679.0,4341.889136,13493.009008,17834.898145,1540,668,0.00,0.6828,0.5000,10,0,0,9,0.004500,0.9219,2,0.6563,2,0.5000,2,0.7031,2,0.7344,2,0.6094,2,0.8750,2,0.4688,2,0.7500,2,0.6094,2
10639890.0,4342.070918,13493.770150,17835.841068,1541,668,0.00,0.6828,0.5000,10,0,0,9,0.004500,0.9219,2,0.6563,2,0.5000,2,0.7031,2,0.7344,2,0.5625,2,0.8750,2,0.5156,2,0.7500,2,0.6094,2
10639932.0,4342.107223,13493.924150,17836.031373,1542,668,0.00,0.6875,0.5125,10,0,0,9,0.004500,0.9219,2,0.6563,2,0.5000,2,0.7031,2,0.7344,2,0.5625,2,0.8750,2,0.5156,2,0.7969,2,0.6094,2
10639998.0,4342.164087,13494.169450,17836.333537,1543,668,0.00,0.6750,0.5125,10,0,0,9,0.004500,0.9219,2,0.6563,2,0.5000,2,0.7031,2,0.7344,2,0.5625,2,0.8750,2,0.5156,2,0.5469,2,0.7344,2
10640082.0,4342.235893,13494.478650,17836.714543,1544,669,0.00,0.6828,0.5000,10,0,0,9,0.004500,0.9219,2,0.8438,2,0.5000,2,0.7031,2,0.7344,2,0.5625,2,0.8125,2,0.4688,2,0.5469,2,0.7344,2
10640985.0,4342.996905,13497.600050,17840.596955,1545,669,0.00,0.6406,0.4500,10,0,0,9,0.004500,0.8750,2,0.6563,2,0.5469,2,0.7031,2,0.7344,2,0.5625,2,0.7500,2,0.4688,2,0.5000,2,0.6094,2
10641008.0,4343.016031,13497.677483,17840.693515,1546,669,0.00,0.6531,0.4625,10,0,0,9,0.004500,0.8750,2,0.6563,2,0.5469,2,0.8281,2,0.7344,2,0.5625,2,0.7500,2,0.4688,2,0.5000,2,0.6094,2
10641174.0,4343.154199,13498.231250,17841.385449,1547,670,0.00,0.6531,0.4500,10,0,0,9,0.004500,0.8750,2,0.6563,2,0.5000,2,0.8281,2,0.7813,2,0.5625,2,0.7500,2,0.4688,2,0.5000,2,0.6094,2
10641229.0,4343.200472,13498.416417,17841.616889,1548,671,0.00,0.6703,0.4625,10,0,0,9,0.004500,0.8750,2,0.6563,2,0.5000,2,0.8281,2,0.7813,2,0.7344,2,0.7500,2,0.4688,2,0.5000,2,0.6094,2
10641293.0,4343.254851,13498.634883,17841.889734,1549,671,0.00,0.6406,0.4500,10,0,0,9,0.004500,0.8750,2,0.6563,2,0.5000,2,0.8281,2,0.6094,2,0.5625,2,0.7969,2,0.4688,2,0.5000,2,0.6094,2
10641464.0,4343.396719,13499.203683,17842.600402,1550,671,0.00,0.6406,0.4500,10,0,0,9,0.004500,0.8750,2,0.6563,2,0.5000,2,0.8281,2,0.6094,2,0.5625,2,0.7500,2,0.5156,2,0.5000,2,0.6094,2
10641548.0,4343.466573,13499.486483,17842.953056,1551,671,0.00,0.6406,0.4500,10,0,0,9,0.004500,0.8750,2,0.6563,2,0.5000,2,0.8281,2,0.6094,2,0.5625,2,0.7500,2,0.4688,2,0.5469,2,0.6094,2
10641879.0,4343.740858,13500.580825,17844.321683,1552,671,0.00,0.6406,0.4500,10,0,0,9,0.004500,0.8750,2,0.6563,2,0.5000,2,0.8281,2,0.6094,2,0.5625,2,0.7500,2,0.4688,2,0.5000,2,0.6563,2
10641958.0,4343.806554,13500.846792,17844.653346,1553,671,0.00,0.6453,0.4625,10,0,0,9,0.004500,0.9219,2,0.6563,2,0.5000,2,0.8281,2,0.6094,2,0.5625,2,0.7500,2,0.4688,2,0.5000,2,0.6563,2
10642072.0,4343.901433,13501.232167,17845.133600,1554,671,0.00,0.6406,0.4500,10,0,0,9,0.004500,0.8750,2,0.7031,2,0.5000,2,0.8281,2,0.6094,2,0.5625,2,0.7500,2,0.4688,2,0.5000,2,0.6094,2
10642124.0,4343.944676,13501.407233,17845.351909,1555,671,0.00,0.6531,0.4625,10,0,0,9,0.004500,0.8750,2,0.7031,2,0.6250,2,0.8281,2,0.6094,2,0.5625,2,0.7500,2,0.4688,2,0.5000,2,0.6094,2
10642305.0,4344.095202,13502.015925,17846.111127,1556,671,0.00,0.6359,0.4500,10,0,0,9,0.004500,0.8750,2,0.4844,2,0.6250,2,0.8750,2,0.6094,2,0.5625,2,0.7500,2,0.4688,2,0.5000,2,0.6094,2
10642400.0,4344.173810,13502.334783,17846.508594,1557,671,0.00,0.6438,0.4500,10,0,0,9,0.004500,0.8750,2,0.4844,2,0.6250,2,0.8281,2,0.7344,2,0.5625,2,0.7500,2,0.4688,2,0.5000,2,0.6094,2
10642530.0,4344.282234,13502.772450,17847.054684,1558,671,0.00,0.6484,0.4625,10,0,0,9,0.004500,0.8750,2,0.4844,2,0.6250,2,0.8281,2,0.7344,2,0.6094,2,0.7500,2,0.4688,2,0.5000,2,0.6094,2
10642628.0,4344.364005,13503.107258,17847.471264,1559,672,0.00,0.6609,0.4500,10,0,0,9,0.004500,0.8750,2,0.4844,2,0.6250,2,0.8281,2,0.6094,2,0.6094,2,1.0000,2,0.4688,2,0.5000,2,0.6094,2
10642768.0,4344.482134,13503.568167,17848.050301,1560,672,0.00,0.6609,0.4500,10,0,0,9,0.004500,0.8750,2,0.4844,2,0.6250,2,0.8281,2,0.6094,2,0.5625,2,1.0000,2,0.5156,2,0.5000,2,0.6094,2
10642876.0,4344.573295,13503.924417,17848.497712,1561,672,0.00,0.6609,0.4500,10,0,0,9,0.004500,0.8750,2,0.4844,2,0.6250,2,0.8281,2,0.6094,2,0.5625,2,1.0000,2,0.4688,2,0.5469,2,0.6094,2
10642988.0,4344.667970,13504.296683,17848.964654,1562,672,0.00,0.6609,0.4500,10,0,0,9,0.004500,0.8750,2,0.4844,2,0.6250,2,0.8281,2,0.6094,2,0.5625,2,1.0000,2,0.4688,2,0.5000,2,0.6563,2
10643160.0,4344.813361,13504.868325,17849.681686,1563,672,0.00,0.6641,0.4375,10,0,0,9,0.004500,1.0000,2,0.4844,2,0.6250,2,0.7813,2,0.6094,2,0.5625,2,1.0000,2,0.4688,2,0.5000,2,0.6094,2
10643184.0,4344.833757,13504.947325,17849.781082,1564,672,0.00,0.6688,0.4500,10,0,0,9,0.004500,1.0000,2,0.5313,2,0.6250,2,0.7813,2,0.6094,2,0.5625,2,1.0000,2,0.4688,2,0.5000,2,0.6094,2
10643268.0,4344.905449,13505.230125,17850.135574,1565,672,0.00,0.6750,0.4625,10,0,0,9,0.004500,1.0000,2,0.5313,2,0.6875,2,0.7813,2,0.6094,2,0.5625,2,1.0000,2,0.4688,2,0.5000,2,0.6094,2
10643384.0,4345.005016,13505.629358,17850.634374,1566,672,0.00,0.6813,0.4750,10,0,0,9,0.004500,1.0000,2,0.5313,2,0.6875,2,0.8438,2,0.6094,2,0.5625,2,1.0000,2,0.4688,2,0.5000,2,0.6094,2
10643423.0,4345.038582,13505.764483,17850.803065,1567,672,0.00,0.6813,0.4750,10,0,0,9,0.004500,1.0000,2,0.4844,2,0.6875,2,0.8438,2,0.6563,2,0.5625,2,1.0000,2,0.4688,2,0.5000,2,0.6094,2
10643478.0,4345.085348,13505.952425,17851.037773,1568,672,0.00,0.6625,0.4625,10,0,0,9,0.004500,0.8750,2,0.4844,2,0.5625,2,0.8438,2,0.6563,2,0.6250,2,1.0000,2,0.4688,2,0.5000,2,0.6094,2
10643478.0,4345.085348,13505.952425,17851.037773,1569,672,0.00,0.6688,0.4750,10,0,0,9,0.004500,0.8750,2,0.4844,2,0.5625,2,0.8438,2,0.6563,2,0.6250,2,1.0000,2,0.5313,2,0.5000,2,0.6094,2
10643599.0,4345.187211,13506.354317,17851.541527,1570,672,0.00,0.6516,0.4375,10,0,0,9,0.004500,0.8750,2,0.4844,2,0.5625,2,0.7813,2,0.6094,2,0.5625,2,1.0000,2,0.4688,2,0.5625,2,0.6094,2
10643661.0,4345.239297,13506.558400,17851.797697,1571,672,0.00,0.6563,0.4500,10,0,0,9,0.004500,0.8750,2,0.4844,2,0.5625,2,0.7813,2,0.6094,2,0.5625,2,1.0000,2,0.4688,2,0.5625,2,0.6563,2
10644001.0,4345.523616,13507.658892,17853.182508,1572,672,0.00,0.6500,0.4375,10,0,0,9,0.004500,0.9219,2,0.4844,2,0.5625,2,0.7813,2,0.6094,2,0.5625,2,1.0000,2,0.4688,2,0.5000,2,0.6094,2
10644275.0,4345.751603,13508.527883,17854.279486,1573,672,0.00,0.6516,0.4250,10,0,0,9,0.004500,0.8750,2,0.6094,2,0.5000,2,0.7813,2,0.6094,2,0.5625,2,1.0000,2,0.4688,2,0.5000,2,0.6094,2
10644279.0,4345.754963,13508.540750,17854.295713,1574,673,0.00,0.6797,0.4375,10,0,0,9,0.004500,0.8750,2,0.6094,2,0.7813,2,0.7813,2,0.6094,2,0.5625,2,1.0000,2,0.4688,2,0.5000,2,0.6094,2
10644349.0,4345.815302,13508.771167,17854.586468,1575,674,0.00,0.6984,0.4375,10,0,0,9,0.004500,0.8750,2,0.6094,2,0.7813,2,0.9688,2,0.6094,2,0.5625,2,1.0000,2,0.4688,2,0.5000,2,0.6094,2
10644350.0,4345.816178,13508.774458,17854.590637,1576,675,0.00,0.7172,0.4375,10,0,0,9,0.004500,0.8750,2,0.6094,2,0.7813,2,0.9688,2,0.7969,2,0.5625,2,1.0000,2,0.4688,2,0.5000,2,0.6094,2
10644355.0,4345.820634,13508.790917,17854.611551,1577,676,0.00,0.7359,0.4375,10,0,0,9,0.004500,0.8750,2,0.6094,2,0.7813,2,0.9688,2,0.7969,2,0.7500,2,1.0000,2,0.4688,2,0.5000,2,0.6094,2
10644680.0,4346.114996,13509.860708,17855.975704,1578,676,0.00,0.7406,0.4500,10,0,0,9,0.004500,0.8750,2,0.6094,2,0.7813,2,0.9688,2,0.7969,2,0.7500,2,1.0000,2,0.5156,2,0.5000,2,0.6094,2
10644683.0,4346.117724,13509.870808,17855.988532,1579,677,0.00,0.7594,0.4500,10,0,0,9,0.004500,0.8750,2,0.6094,2,0.7813,2,0.9688,2,0.7969,2,0.7500,2,1.0000,2,0.5156,2,0.6875,2,0.6094,2
10645428.0,4346.756064,13512.284025,17859.040089,1580,677,0.00,0.6547,0.4375,10,0,0,9,0.004500,0.8750,2,0.4844,2,0.7813,2,0.7813,2,0.6094,2,0.5625,2,0.7500,2,0.4688,2,0.5000,2,0.7344,2
10645640.0,4346.933350,13512.971583,17859.904933,1581,677,0.00,0.6469,0.4375,10,0,0,9,0.004500,0.9219,2,0.4844,2,0.7813,2,0.7813,2,0.6094,2,0.5625,2,0.7500,2,0.4688,2,0.5000,2,0.6094,2
10646016.0,4347.246631,13514.186000,17861.432631,1582,678,0.00,0.6594,0.4250,10,0,0,9,0.004500,0.8125,2,0.7188,2,0.7813,2,0.7813,2,0.6094,2,0.5625,2,0.7500,2,0.4688,2,0.5000,2,0.6094,2
10646050.0,4347.275401,13514.295367,17861.570768,1583,678,0.00,0.6641,0.4375,10,0,0,9,0.004500,0.8125,2,0.7188,2,0.8281,2,0.7813,2,0.6094,2,0.5625,2,0.7500,2,0.4688,2,0.5000,2,0.6094,2
10646071.0,4347.293247,13514.364492,17861.657739,1584,678,0.00,0.6688,0.4500,10,0,0,9,0.004500,0.8125,2,0.7188,2,0.8281,2,0.8281,2,0.6094,2,0.5625,2,0.7500,2,0.4688,2,0.5000,2,0.6094,2
10646471.0,4347.632481,13515.666833,17863.299315,1585,678,0.00,0.6641,0.4375,10,0,0,9,0.004500,0.8125,2,0.7188,2,0.7813,2,0.7813,2,0.6563,2,0.5625,2,0.7500,2,0.4688,2,0.5000,2,0.6094,2
10646508.0,4347.663925,13515.788625,17863.452550,1586,678,0.00,0.6688,0.4500,10,0,0,9,0.004500,0.8125,2,0.7188,2,0.7813,2,0.7813,2,0.6563,2,0.6094,2,0.7500,2,0.4688,2,0.5000,2,0.6094,2
10646512.0,4347.667339,13515.802092,17863.469431,1587,678,0.00,0.6734,0.4625,10,0,0,9,0.004500,0.8125,2,0.7188,2,0.7813,2,0.7813,2,0.6563,2,0.6094,2,0.7969,2,0.4688,2,0.5000,2,0.6094,2
10646562.0,4347.710195,13515.974175,17863.684370,1588,679,0.00,0.6859,0.4750,10,0,0,9,0.004500,0.8125,2,0.7188,2,0.7813,2,0.7813,2,0.6563,2,0.6094,2,0.7969,2,0.5938,2,0.5000,2,0.6094,2
10646569.0,4347.716263,13515.998792,17863.715054,1589,679,0.00,0.6984,0.4875,10,0,0,9,0.004500,0.8125,2,0.7188,2,0.7813,2,0.7813,2,0.6563,2,0.6094,2,0.7969,2,0.5938,2,0.6250,2,0.6094,2
10646759.0,4347.880239,13516.647458,17864.527698,1590,679,0.00,0.6844,0.4500,10,0,0,9,0.004500,0.8125,2,0.7188,2,0.7813,2,0.7813,2,0.6094,2,0.5625,2,0.7500,2,0.5938,2,0.5000,2,0.7344,2
10646777.0,4347.895820,13516.708058,17864.603879,1591,679,0.00,0.6969,0.4500,10,0,0,9,0.004500,0.9375,2,0.7188,2,0.7813,2,0.7813,2,0.6094,2,0.5625,2,0.7500,2,0.5938,2,0.5000,2,0.7344,2
10647070.0,4348.152297,13517.694492,17865.846789,1592,679,0.00,0.7031,0.4625,10,0,0,9,0.004500,0.9375,2,0.7813,2,0.7813,2,0.7813,2,0.6094,2,0.5625,2,0.7500,2,0.5938,2,0.5000,2,0.7344,2
10647574.0,4348.595922,13519.429092,17868.025014,1593,679,0.00,0.7078,0.4750,10,0,0,9,0.004500,0.9375,2,0.7813,2,0.8281,2,0.7813,2,0.6094,2,0.5625,2,0.7500,2,0.5938,2,0.5000,2,0.7344,2
10647629.0,4348.644534,13519.622508,17868.267043,1594,680,0.00,0.7328,0.4750,10,0,0,9,0.004500,0.9375,2,0.7813,2,0.8281,2,0.7813,2,0.8594,2,0.5625,2,0.7500,2,0.5938,2,0.5000,2,0.7344,2
10647871.0,4348.859618,13520.445042,17869.304660,1595,680,0.00,0.7172,0.4625,10,0,0,9,0.004500,0.9375,2,0.7813,2,0.7813,2,0.7813,2,0.6875,2,0.6250,2,0.7500,2,0.5938,2,0.5000,2,0.7344,2
10648174.0,4349.129635,13521.487867,17870.617502,1596,680,0.00,0.7219,0.4750,10,0,0,9,0.004500,0.9375,2,0.7813,2,0.7813,2,0.7813,2,0.6875,2,0.6250,2,0.7969,2,0.5938,2,0.5000,2,0.7344,2
10648541.0,4349.452373,13522.743983,17872.196356,1597,680,0.00,0.6922,0.4500,10,0,0,9,0.004500,0.9375,2,0.4844,2,0.7813,2,0.7813,2,0.6875,2,0.6250,2,0.7500,2,0.6406,2,0.5000,2,0.7344,2
10648627.0,4349.527321,13523.033142,17872.560462,1598,680,0.00,0.7000,0.4375,10,0,0,9,0.004500,0.9375,2,0.4844,2,0.7813,2,0.7813,2,0.6875,2,0.6250,2,0.7500,2,0.5938,2,0.6250,2,0.7344,2
10648766.0,4349.649332,13523.490683,17873.140015,1599,680,0.00,0.7047,0.4500,10,0,0,9,0.004500,0.9375,2,0.4844,2,0.7813,2,0.7813,2,0.6875,2,0.6250,2,0.7500,2,0.5938,2,0.6250,2,0.7813,2
10648822.0,4349.698691,13523.679217,17873.377908,1600,680,0.00,0.7094,0.4625,10,0,0,9,0.004500,0.9844,2,0.4844,2,0.7813,2,0.7813,2,0.6875,2,0.6250,2,0.7500,2,0.5938,2,0.6250,2,0.7813,2
10648890.0,4349.758654,13523.908675,17873.667329,1601,681,0.00,0.7281,0.4625,10,0,0,9,0.004500,0.9844,2,0.7188,2,0.7813,2,0.7813,2,0.6875,2,0.6250,2,0.7500,2,0.5938,2,0.6250,2,0.7344,2
10648940.0,4349.803636,13524.080758,17873.884395,1602,682,0.00,0.7406,0.4750,10,0,0,9,0.004500,0.9844,2,0.7188,2,0.9063,2,0.7813,2,0.6875,2,0.6250,2,0.7500,2,0.5938,2,0.6250,2,0.7344,2
10649133.0,4349.975470,13524.746050,17874.721520,1603,682,0.00,0.7172,0.4750,10,0,0,9,0.004500,0.8125,2,0.7188,2,0.9063,2,0.8438,2,0.6875,2,0.6250,2,0.7500,2,0.5938,2,0.5000,2,0.7344,2
10649150.0,4349.990619,13524.805833,17874.796452,1604,683,0.00,0.7344,0.4875,10,0,0,9,0.004500,0.8125,2,0.7188,2,0.9063,2,0.8438,2,0.8594,2,0.6250,2,0.7500,2,0.5938,2,0.5000,2,0.7344,2
10649991.0,4350.743572,13527.739500,17878.483072,1605,683,0.00,0.7203,0.4750,10,0,0,9,0.004500,0.8125,2,0.7188,2,0.9063,2,0.7813,2,0.8594,2,0.6719,2,0.7500,2,0.4688,2,0.5000,2,0.7344,2
10650038.0,4350.785570,13527.904783,17878.690353,1606,684,0.00,0.7328,0.4875,10,0,0,9,0.004500,0.8125,2,0.7188,2,0.9063,2,0.7813,2,0.8594,2,0.6719,2,0.8750,2,0.4688,2,0.5000,2,0.7344,2
10650241.0,4350.967504,13528.620992,17879.588496,1607,684,0.00,0.7203,0.4750,10,0,0,9,0.004500,0.8125,2,0.7188,2,0.9063,2,0.6563,2,0.8594,2,0.6250,2,0.8750,2,0.5156,2,0.5000,2,0.7344,2
10651499.0,4352.072898,13532.894358,17884.967256,1608,685,0.00,0.6891,0.4500,10,0,0,9,0.004500,0.8125,2,0.4844,2,0.9063,2,0.6563,2,0.6875,2,0.6250,2,0.8750,2,0.4688,2,0.6406,2,0.7344,2
10651698.0,4352.245883,13533.564325,17885.810208,1609,685,0.00,0.6938,0.4625,10,0,0,9,0.004500,0.8125,2,0.4844,2,0.9063,2,0.6563,2,0.6875,2,0.6250,2,0.8750,2,0.4688,2,0.6406,2,0.7813,2
10651826.0,4352.357616,13534.004858,17886.362475,1610,685,0.00,0.6984,0.4750,10,0,0,9,0.004500,0.8594,2,0.4844,2,0.9063,2,0.6563,2,0.6875,2,0.6250,2,0.8750,2,0.4688,2,0.6406,2,0.7813,2
10652054.0,4352.552350,13534.774783,17887.327134,1611,685,0.00,0.6672,0.4500,10,0,0,9,0.004500,0.8125,2,0.5469,2,0.6250,2,0.6563,2,0.6875,2,0.6250,2,0.8750,2,0.4688,2,0.6406,2,0.7344,2
10652600.0,4353.013482,13536.548183,17889.561666,1612,685,0.00,0.6594,0.4375,10,0,0,9,0.004500,0.8125,2,0.4844,2,0.6719,2,0.6563,2,0.6875,2,0.5625,2,0.8750,2,0.4688,2,0.6406,2,0.7344,2
10652637.0,4353.044791,13536.669975,17889.714766,1613,685,0.00,0.6641,0.4500,10,0,0,9,0.004500,0.8125,2,0.4844,2,0.6719,2,0.7031,2,0.6875,2,0.5625,2,0.8750,2,0.4688,2,0.6406,2,0.7344,2
10652875.0,4353.245723,13537.443942,17890.689664,1614,685,0.00,0.6594,0.4375,10,0,0,9,0.004500,0.8125,2,0.4844,2,0.6250,2,0.6563,2,0.7344,2,0.5625,2,0.8750,2,0.4688,2,0.6406,2,0.7344,2
10652941.0,4353.301571,13537.661192,17890.962762,1615,685,0.00,0.6641,0.4500,10,0,0,9,0.004500,0.8125,2,0.4844,2,0.6250,2,0.6563,2,0.7344,2,0.6094,2,0.8750,2,0.4688,2,0.6406,2,0.7344,2
10653290.0,4353.594642,13538.787633,17892.382275,1616,685,0.00,0.6406,0.4250,10,0,0,9,0.004500,0.8125,2,0.4844,2,0.6250,2,0.6563,2,0.6875,2,0.5625,2,0.9219,2,0.2813,2,0.6406,2,0.7344,2
10653875.0,4354.075723,13540.632333,17894.708056,1617,686,0.00,0.6453,0.4250,10,0,0,9,0.004500,0.8125,2,0.4844,2,0.6250,2,0.6563,2,0.6875,2,0.5625,2,0.9219,2,0.4688,2,0.5000,2,0.7344,2
10654717.0,4354.774905,13543.309192,17898.084096,1618,686,0.00,0.6375,0.4250,10,0,0,9,0.004500,0.8125,2,0.4844,2,0.6250,2,0.6563,2,0.6875,2,0.5625,2,0.7969,2,0.4688,2,0.5469,2,0.7344,2
10655122.0,4355.109474,13544.586367,17899.695841,1619,687,0.00,0.6563,0.4250,10,0,0,9,0.004500,0.8125,2,0.4844,2,0.6250,2,0.6563,2,0.6875,2,0.5625,2,0.7969,2,0.4688,2,0.5000,2,0.9688,2
10656080.0,4355.901949,13547.600283,17903.502232,1620,687,0.00,0.6641,0.4000,10,0,0,9,0.004500,0.8125,2,0.9844,2,0.6250,2,0.6563,2,0.6875,2,0.5625,2,0.7969,2,0.2813,2,0.5000,2,0.7344,2
10656273.0,4356.064177,13548.192150,17904.256327,1621,687,0.00,0.6188,0.4125,10,0,0,9,0.004500,0.8125,2,0.4844,2,0.6719,2,0.6563,2,0.6875,2,0.5625,2,0.7969,2,0.2813,2,0.5000,2,0.7344,2
10656453.0,4356.210802,13548.757650,17904.968452,1622,688,0.00,0.6375,0.4250,10,0,0,9,0.004500,0.8125,2,0.4844,2,0.6719,2,0.8438,2,0.6875,2,0.5625,2,0.7969,2,0.2813,2,0.5000,2,0.7344,2
10656697.0,4356.412353,13549.526767,17905.939119,1623,688,0.00,0.6391,0.4250,10,0,0,9,0.004500,0.8125,2,0.4844,2,0.6250,2,0.8438,2,0.7500,2,0.5625,2,0.7969,2,0.2813,2,0.5000,2,0.7344,2
10656856.0,4356.544383,13550.038217,17906.582600,1624,688,0.00,0.6891,0.4250,10,0,0,9,0.004500,0.8125,2,0.4844,2,0.6250,2,0.8438,2,0.7500,2,0.5625,2,0.7969,2,0.7813,2,0.5000,2,0.7344,2
10657497.0,4357.064076,13552.041225,17909.105301,1625,688,0.00,0.6219,0.3875,10,0,0,9,0.004500,0.8125,2,0.3750,2,0.5000,2,0.6563,2,0.5000,2,0.5625,2,0.7969,2,0.2813,2,1.0000,2,0.7344,2
10657876.0,4357.364625,13553.175067,17910.539691,1626,688,0.00,0.5844,0.4000,10,0,0,9,0.004500,0.8125,2,0.3750,2,0.5000,2,0.6563,2,0.5000,2,0.5625,2,0.7969,2,0.2813,2,0.5000,2,0.8594,2
10657877.0,4357.365413,13553.178133,17910.543546,1627,688,0.00,0.5969,0.4125,10,0,0,9,0.004500,0.9375,2,0.3750,2,0.5000,2,0.6563,2,0.5000,2,0.5625,2,0.7969,2,0.2813,2,0.5000,2,0.8594,2
10657877.0,4357.365413,13553.178133,17910.543546,1628,688,0.00,0.6094,0.4250,10,0,0,9,0.004500,0.9375,2,0.5000,2,0.5000,2,0.6563,2,0.5000,2,0.5625,2,0.7969,2,0.2813,2,0.5000,2,0.8594,2
10658378.0,4357.769866,13554.789683,17912.559549,1629,689,0.00,0.6266,0.4375,10,0,0,9,0.004500,0.9375,2,0.5000,2,0.6719,2,0.6563,2,0.5000,2,0.5625,2,0.7969,2,0.2813,2,0.5000,2,0.8594,2
10658479.0,4357.852752,13555.122142,17912.974894,1630,689,0.00,0.6313,0.4500,10,0,0,9,0.004500,0.9375,2,0.5000,2,0.6719,2,0.7031,2,0.5000,2,0.5625,2,0.7969,2,0.2813,2,0.5000,2,0.8594,2
10659595.0,4358.761087,13558.814317,17917.575404,1631,689,0.00,0.6188,0.4500,10,0,0,9,0.004500,0.9375,2,0.5000,2,0.5000,2,0.7031,2,0.5469,2,0.5625,2,0.7969,2,0.2813,2,0.5000,2,0.8594,2
10661315.0,4360.149771,13564.438408,17924.588179,1632,690,0.00,0.6203,0.4375,10,0,0,9,0.004500,0.9375,2,0.3750,2,0.5000,2,0.7031,2,0.5000,2,0.7500,2,0.7969,2,0.2813,2,0.5000,2,0.8594,2
10661745.0,4360.500564,13565.853825,17926.354389,1633,690,0.00,0.6297,0.4500,10,0,0,9,0.004500,0.9375,2,0.3750,2,0.5000,2,0.7031,2,0.5000,2,0.7500,2,0.8906,2,0.2813,2,0.5000,2,0.8594,2
10662507.0,4361.127759,13568.419225,17929.546984,1634,690,0.00,0.6344,0.4625,10,0,0,9,0.004500,0.9375,2,0.3750,2,0.5000,2,0.7031,2,0.5000,2,0.7500,2,0.8906,2,0.3281,2,0.5000,2,0.8594,2
10663658.0,4362.072194,13572.288408,17934.360602,1635,690,0.00,0.6156,0.4500,10,0,0,9,0.004500,0.9375,2,0.3750,2,0.5000,2,0.7031,2,0.5000,2,0.5625,2,0.8906,2,0.2813,2,0.5469,2,0.8594,2
10663820.0,4362.203763,13572.833808,17935.037571,1636,691,0.00,0.6391,0.4625,10,0,0,9,0.004500,0.9375,2,0.6094,2,0.5000,2,0.7031,2,0.5000,2,0.5625,2,0.8906,2,0.2813,2,0.5469,2,0.8594,2
10665002.0,4363.181122,13576.816433,17939.997555,1637,691,0.00,0.6391,0.4625,10,0,0,9,0.004500,0.9375,2,0.6094,2,0.5469,2,0.7031,2,0.5000,2,0.5625,2,0.8906,2,0.2813,2,0.5000,2,0.8594,2
10666012.0,4364.017029,13580.235367,17944.252396,1638,691,0.00,0.6391,0.4625,10,0,0,9,0.004500,0.9375,2,0.6094,2,0.5000,2,0.7500,2,0.5000,2,0.5625,2,0.8906,2,0.2813,2,0.5000,2,0.8594,2
10666224.0,4364.192837,13580.960200,17945.153037,1639,691,0.00,0.6391,0.4625,10,0,0,9,0.004500,0.9375,2,0.6094,2,0.5000,2,0.7031,2,0.5469,2,0.5625,2,0.8906,2,0.2813,2,0.5000,2,0.8594,2
10667061.0,4364.873213,13583.730850,17948.604063,1640,691,0.00,0.6031,0.4375,10,0,0,9,0.004500,0.9375,2,0.3750,2,0.5000,2,0.5781,2,0.5000,2,0.6094,2,0.8906,2,0.2813,2,0.5000,2,0.8594,2
10667135.0,4364.932593,13583.974433,17948.907026,1641,692,0.00,0.6219,0.4500,10,0,0,9,0.004500,0.9375,2,0.3750,2,0.5000,2,0.5781,2,0.5000,2,0.6094,2,0.8906,2,0.4688,2,0.5000,2,0.8594,2
10667435.0,4365.176876,13584.967558,17950.144435,1642,693,0.00,0.6359,0.4500,10,0,0,9,0.004500,0.9375,2,0.3750,2,0.5000,2,0.5781,2,0.5000,2,0.5625,2,0.8906,2,0.4688,2,0.6875,2,0.8594,2
10667495.0,4365.226553,13585.169558,17950.396112,1643,694,0.00,0.6547,0.4625,10,0,0,9,0.004500,0.9375,2,0.5625,2,0.5000,2,0.5781,2,0.5000,2,0.5625,2,0.8906,2,0.4688,2,0.6875,2,0.8594,2
10667961.0,4365.619175,13586.773375,17952.392550,1644,694,0.00,0.6594,0.4750,10,0,0,9,0.004500,0.9375,2,0.5625,2,0.5469,2,0.5781,2,0.5000,2,0.5625,2,0.8906,2,0.4688,2,0.6875,2,0.8594,2
10668061.0,4365.703793,13587.125042,17952.828834,1645,694,0.00,0.6656,0.4875,10,0,0,9,0.004500,0.9375,2,0.5625,2,0.5469,2,0.6406,2,0.5000,2,0.5625,2,0.8906,2,0.4688,2,0.6875,2,0.8594,2
10668813.0,4366.338036,13589.725175,17956.063211,1646,694,0.00,0.6594,0.4750,10,0,0,9,0.004500,0.9375,2,0.5625,2,0.5000,2,0.5781,2,0.5469,2,0.5625,2,0.8906,2,0.4688,2,0.6875,2,0.8594,2
10668962.0,4366.464117,13590.249158,17956.713276,1647,694,0.00,0.6641,0.4875,10,0,0,9,0.004500,0.9375,2,0.5625,2,0.5000,2,0.5781,2,0.5469,2,0.6094,2,0.8906,2,0.4688,2,0.6875,2,0.8594,2
10669358.0,4366.798501,13591.627283,17958.425784,1648,694,0.00,0.6609,0.4750,10,0,0,9,0.004500,0.9375,2,0.5625,2,0.5000,2,0.5781,2,0.5000,2,0.5625,2,0.9531,2,0.4688,2,0.6875,2,0.8594,2
10670719.0,4367.945453,13596.315442,17964.260895,1649,695,0.00,0.6781,0.4750,10,0,0,9,0.004500,0.9375,2,0.5625,2,0.5000,2,0.5781,2,0.5000,2,0.5625,2,0.8906,2,0.7031,2,0.6875,2,0.8594,2
10671173.0,4368.336240,13597.912008,17966.248248,1650,696,0.00,0.7031,0.4875,10,0,0,9,0.004500,0.9375,2,0.5625,2,0.5000,2,0.5781,2,0.5000,2,0.5625,2,0.8906,2,0.7031,2,0.9375,2,0.8594,2
10671956.0,4369.025443,13600.724283,17969.749727,1651,696,0.00,0.7078,0.5000,10,0,0,9,0.004500,0.9375,2,0.5625,2,0.5000,2,0.5781,2,0.5000,2,0.5625,2,0.8906,2,0.7031,2,0.9375,2,0.9063,2
10672357.0,4369.369234,13602.126142,17971.495376,1652,697,0.00,0.6594,0.4625,10,0,0,9,0.004500,0.9375,2,0.5000,2,0.5000,2,0.5781,2,0.5000,2,0.5625,2,0.8906,2,0.5156,2,0.7500,2,0.8594,2
10673046.0,4369.948451,13604.440750,17974.389201,1653,697,0.00,0.6469,0.4500,10,0,0,9,0.004500,0.9375,2,0.5000,2,0.5469,2,0.5313,2,0.5000,2,0.5625,2,0.8906,2,0.5156,2,0.7500,2,0.7344,2
10674417.0,4371.062232,13608.807900,17979.870132,1654,698,0.00,0.6297,0.4250,10,0,0,9,0.004500,0.9375,2,0.3750,2,0.5000,2,0.7656,2,0.5000,2,0.5625,2,0.8906,2,0.2813,2,0.7500,2,0.7344,2
10674683.0,4371.281174,13609.663533,17980.944707,1655,698,0.00,0.6344,0.4375,10,0,0,9,0.004500,0.9375,2,0.3750,2,0.5000,2,0.7656,2,0.5469,2,0.5625,2,0.8906,2,0.2813,2,0.7500,2,0.7344,2
10675622.0,4372.038424,13612.634108,17984.672532,1656,698,0.00,0.6063,0.4125,10,0,0,9,0.004500,0.9375,2,0.3750,2,0.5000,2,0.7656,2,0.5000,2,0.6250,2,0.8438,2,0.2813,2,0.5000,2,0.7344,2
10676175.0,4372.480974,13614.332300,17986.813274,1657,699,0.00,0.6234,0.4125,10,0,0,9,0.004500,0.9375,2,0.3750,2,0.5000,2,0.7656,2,0.5000,2,0.5625,2,0.8438,2,0.5156,2,0.5000,2,0.7344,2
10676483.0,4372.732989,13615.299933,17988.032922,1658,700,0.00,0.6469,0.4250,10,0,0,9,0.004500,0.9375,2,0.3750,2,0.5000,2,0.7656,2,0.5000,2,0.5625,2,0.8438,2,0.5156,2,0.7344,2,0.7344,2
10677565.0,4373.618623,13618.700492,17992.319114,1659,700,0.00,0.6281,0.4250,10,0,0,9,0.004500,0.9375,2,0.3750,2,0.5000,2,0.5313,2,0.5000,2,0.5625,2,0.8438,2,0.5156,2,0.7344,2,0.7813,2
10679143.0,4374.910795,13623.678742,17998.589536,1660,700,0.00,0.6281,0.4250,10,0,0,9,0.004500,0.9844,2,0.3750,2,0.5000,2,0.5313,2,0.5000,2,0.5625,2,0.8438,2,0.5156,2,0.7344,2,0.7344,2
10679382.0,4375.104397,13624.433200,17999.537597,1661,700,0.00,0.6047,0.4125,10,0,0,9,0.004500,0.9375,2,0.4219,2,0.5000,2,0.5313,2,0.5000,2,0.5625,2,0.8438,2,0.2813,2,0.7344,2,0.7344,2
10679807.0,4375.444962,13625.748158,18001.193121,1662,701,0.00,0.6234,0.4125,10,0,0,9,0.004500,0.9375,2,0.3750,2,0.7344,2,0.5313,2,0.5000,2,0.5625,2,0.8438,2,0.2813,2,0.7344,2,0.7344,2
10680336.0,4375.869785,13627.377100,18003.246885,1663,702,0.00,0.6188,0.4125,10,0,0,9,0.004500,0.9375,2,0.3750,2,0.7344,2,0.7188,2,0.5000,2,0.5625,2,0.8438,2,0.2813,2,0.5000,2,0.7344,2
10680346.0,4375.877931,13627.408517,18003.286447,1664,702,0.00,0.6234,0.4250,10,0,0,9,0.004500,0.9375,2,0.3750,2,0.7344,2,0.7188,2,0.5469,2,0.5625,2,0.8438,2,0.2813,2,0.5000,2,0.7344,2
10680596.0,4376.082364,13628.210133,18004.292497,1665,702,0.00,0.6688,0.4125,10,0,0,9,0.004500,0.9375,2,0.3750,2,0.7344,2,0.7188,2,0.5000,2,0.5625,2,0.8438,2,0.7813,2,0.5000,2,0.7344,2
10680596.0,4376.082364,13628.210133,18004.292497,1666,702,0.00,0.7188,0.4125,10,0,0,9,0.004500,0.9375,2,0.3750,2,0.7344,2,0.7188,2,0.5000,2,0.5625,2,0.8438,2,0.7813,2,1.0000,2,0.7344,2
10680601.0,4376.086826,13628.225842,18004.312667,1667,702,0.00,0.7688,0.4125,10,0,0,9,0.004500,0.9375,2,0.8750,2,0.7344,2,0.7188,2,0.5000,2,0.5625,2,0.8438,2,0.7813,2,1.0000,2,0.7344,2
10681180.0,4376.577681,13630.044867,18006.622547,1668,702,0.00,0.6688,0.4125,10,0,0,9,0.004500,0.9375,2,0.3750,2,0.7344,2,0.7188,2,1.0000,2,0.5625,2,0.8438,2,0.2813,2,0.5000,2,0.7344,2
10681180.0,4376.577681,13630.044867,18006.622547,1669,702,0.00,0.7188,0.4125,10,0,0,9,0.004500,0.9375,2,0.3750,2,0.7344,2,0.7188,2,1.0000,2,0.5625,2,0.8438,2,0.7813,2,0.5000,2,0.7344,2
10683715.0,4378.621175,13637.875042,18016.496217,1670,702,0.00,0.6016,0.4125,10,0,0,9,0.004500,0.9375,2,0.3750,2,0.5000,2,0.7188,2,0.5000,2,0.5625,2,0.8438,2,0.2813,2,0.5625,2,0.7344,2
10683745.0,4378.645212,13637.969292,18016.614503,1671,702,0.00,0.6141,0.4125,10,0,0,9,0.004500,0.9375,2,0.3750,2,0.5000,2,0.7188,2,0.5000,2,0.5625,2,0.8438,2,0.2813,2,0.5625,2,0.8594,2
10683747.0,4378.646834,13637.975575,18016.622409,1672,702,0.00,0.6266,0.4125,10,0,0,9,0.004500,0.9375,2,0.5000,2,0.5000,2,0.7188,2,0.5000,2,0.5625,2,0.8438,2,0.2813,2,0.5625,2,0.8594,2
10684047.0,4378.893032,13638.918075,18017.811107,1673,702,0.00,0.6313,0.4250,10,0,0,9,0.004500,0.9375,2,0.5000,2,0.5469,2,0.7188,2,0.5000,2,0.5625,2,0.8438,2,0.2813,2,0.5625,2,0.8594,2
10684998.0,4379.674004,13641.916600,18021.590604,1674,702,0.00,0.6313,0.4250,10,0,0,9,0.004500,0.9375,2,0.5000,2,0.5000,2,0.7656,2,0.5000,2,0.5625,2,0.8438,2,0.2813,2,0.5625,2,0.8594,2
10687169.0,4381.419745,13648.469408,18029.889153,1675,702,0.00,0.6063,0.4000,10,0,0,9,0.004500,0.8125,2,0.5000,2,0.5000,2,0.7188,2,0.5469,2,0.5625,2,0.8438,2,0.2813,2,0.5625,2,0.7344,2
10687855.0,4381.970188,13650.538342,18032.508530,1676,702,0.00,0.6063,0.4000,10,0,0,9,0.004500,0.8125,2,0.5000,2,0.5000,2,0.7188,2,0.5000,2,0.6094,2,0.8438,2,0.2813,2,0.5625,2,0.7344,2
10687893.0,4382.000773,13650.654875,18032.655648,1677,703,0.00,0.6250,0.4125,10,0,0,9,0.004500,0.8125,2,0.5000,2,0.5000,2,0.7188,2,0.5000,2,0.6094,2,0.8438,2,0.4688,2,0.5625,2,0.7344,2
10688894.0,4382.811765,13653.671658,18036.483423,1678,703,0.00,0.6156,0.4000,10,0,0,9,0.004500,0.8125,2,0.5000,2,0.5000,2,0.7188,2,0.5000,2,0.5625,2,0.7500,2,0.4688,2,0.6094,2,0.7344,2
10689220.0,4383.075878,13654.658042,18037.733920,1679,704,0.00,0.6359,0.3875,10,0,0,9,0.004500,0.8125,2,0.5000,2,0.5000,2,0.7188,2,0.5000,2,0.5625,2,0.7500,2,0.4688,2,0.5625,2,0.9844,2
10689757.0,4383.514305,13656.232767,18039.747071,1680,705,0.00,0.6344,0.3875,10,0,0,9,0.004500,0.9844,2,0.5000,2,0.5000,2,0.7188,2,0.5000,2,0.5625,2,0.7500,2,0.2813,2,0.5625,2,0.9844,2
10689883.0,4383.618473,13656.609717,18040.228190,1681,705,0.00,0.6391,0.4000,10,0,0,9,0.004500,0.9844,2,0.5469,2,0.5000,2,0.7188,2,0.5000,2,0.5625,2,0.7500,2,0.2813,2,0.5625,2,0.9844,2
10689955.0,4383.678261,13656.830517,18040.508777,1682,705,0.00,0.6438,0.4125,10,0,0,9,0.004500,0.9844,2,0.5469,2,0.5469,2,0.7188,2,0.5000,2,0.5625,2,0.7500,2,0.2813,2,0.5625,2,0.9844,2
10689994.0,4383.710788,13656.953042,18040.663830,1683,705,0.00,0.6563,0.4250,10,0,0,9,0.004500,0.9844,2,0.5469,2,0.5469,2,0.8438,2,0.5000,2,0.5625,2,0.7500,2,0.2813,2,0.5625,2,0.9844,2
10690004.0,4383.719132,13656.984683,18040.703815,1684,705,0.00,0.6453,0.4250,10,0,0,9,0.004500,0.8125,2,0.5469,2,0.5469,2,0.8438,2,0.5625,2,0.5625,2,0.7500,2,0.2813,2,0.5625,2,0.9844,2
10690011.0,4383.724968,13657.006975,18040.731943,1685,705,0.00,0.6406,0.4125,10,0,0,9,0.004500,0.8125,2,0.5000,2,0.5000,2,0.8438,2,0.5625,2,0.6094,2,0.7500,2,0.2813,2,0.5625,2,0.9844,2
10690314.0,4383.974581,13657.919375,18041.893956,1686,705,0.00,0.6281,0.3875,10,0,0,9,0.004500,0.8125,2,0.5000,2,0.5000,2,0.8438,2,0.5000,2,0.5625,2,0.7969,2,0.2813,2,0.5000,2,0.9844,2
10690695.0,4384.286793,13659.040225,18043.327018,1687,705,0.00,0.6281,0.3875,10,0,0,9,0.004500,0.8125,2,0.5000,2,0.5000,2,0.8438,2,0.5000,2,0.5625,2,0.7500,2,0.3281,2,0.5000,2,0.9844,2
10691001.0,4384.537645,13659.942475,18044.480120,1688,705,0.00,0.6281,0.3875,10,0,0,9,0.004500,0.8125,2,0.5000,2,0.5000,2,0.8438,2,0.5000,2,0.5625,2,0.7500,2,0.2813,2,0.5469,2,0.9844,2
10691064.0,4384.589424,13660.130950,18044.720374,1689,705,0.00,0.6328,0.4000,10,0,0,9,0.004500,0.8594,2,0.5000,2,0.5000,2,0.8438,2,0.5000,2,0.5625,2,0.7500,2,0.2813,2,0.5469,2,0.9844,2
10691284.0,4384.770109,13660.786492,18045.556600,1690,705,0.00,0.6281,0.3875,10,0,0,9,0.004500,0.8125,2,0.5469,2,0.5000,2,0.8438,2,0.5000,2,0.5625,2,0.7500,2,0.2813,2,0.5000,2,0.9844,2
10691513.0,4384.957906,13661.463108,18046.421014,1691,706,0.00,0.6484,0.3750,10,0,0,9,0.004500,0.8125,2,0.5000,2,0.7500,2,0.8438,2,0.5000,2,0.5625,2,0.7500,2,0.2813,2,0.5000,2,0.9844,2
10691553.0,4384.991413,13661.579775,18046.571188,1692,707,0.00,0.6734,0.3750,10,0,0,9,0.004500,0.8125,2,0.5000,2,0.7500,2,0.8438,2,0.7500,2,0.5625,2,0.7500,2,0.2813,2,0.5000,2,0.9844,2
10691557.0,4384.994841,13661.591442,18046.586283,1693,708,0.00,0.6984,0.3750,10,0,0,9,0.004500,0.8125,2,0.5000,2,0.7500,2,0.8438,2,0.7500,2,0.8125,2,0.7500,2,0.2813,2,0.5000,2,0.9844,2
10691565.0,4385.001854,13661.614775,18046.616629,1694,709,0.00,0.7234,0.3750,10,0,0,9,0.004500,0.8125,2,0.5000,2,0.7500,2,0.8438,2,0.7500,2,0.8125,2,1.0000,2,0.2813,2,0.5000,2,0.9844,2
10692130.0,4385.486762,13663.224067,18048.710829,1695,709,0.00,0.6094,0.3750,10,0,0,9,0.004500,0.8125,2,0.5000,2,0.5000,2,0.6563,2,0.5000,2,0.5625,2,0.7500,2,0.3281,2,0.5000,2,0.9844,2
10692277.0,4385.605307,13663.650192,18049.255498,1696,709,0.00,0.6047,0.3625,10,0,0,9,0.004500,0.8125,2,0.5000,2,0.5000,2,0.6563,2,0.5000,2,0.5625,2,0.7500,2,0.2813,2,0.5000,2,0.9844,2
10692393.0,4385.698530,13663.979825,18049.678355,1697,709,0.00,0.6094,0.3750,10,0,0,9,0.004500,0.8125,2,0.5000,2,0.5000,2,0.6563,2,0.5000,2,0.5625,2,0.7500,2,0.2813,2,0.5469,2,0.9844,2
10692471.0,4385.761498,13664.207325,18049.968823,1698,710,0.00,0.6266,0.3875,10,0,0,9,0.004500,0.9844,2,0.5000,2,0.5000,2,0.6563,2,0.5000,2,0.5625,2,0.7500,2,0.2813,2,0.5469,2,0.9844,2
10693137.0,4386.302218,13666.130775,18052.432993,1699,710,0.00,0.6219,0.3750,10,0,0,9,0.004500,0.9844,2,0.6250,2,0.5000,2,0.5313,2,0.5000,2,0.5625,2,0.7500,2,0.2813,2,0.5000,2,0.9844,2
10693277.0,4386.416600,13666.539108,18052.955709,1700,711,0.00,0.6453,0.3750,10,0,0,9,0.004500,0.9844,2,0.6250,2,0.7344,2,0.5313,2,0.5000,2,0.5625,2,0.7500,2,0.2813,2,0.5000,2,0.9844,2
10693630.0,4386.710675,13667.568692,18054.279367,1701,711,0.00,0.6266,0.3875,10,0,0,9,0.004500,0.9844,2,0.6250,2,0.5000,2,0.5781,2,0.5000,2,0.5625,2,0.7500,2,0.2813,2,0.5000,2,0.9844,2
10693799.0,4386.849367,13668.074283,18054.923650,1702,711,0.00,0.6313,0.4000,10,0,0,9,0.004500,0.9844,2,0.6250,2,0.5000,2,0.5781,2,0.5469,2,0.5625,2,0.7500,2,0.2813,2,0.5000,2,0.9844,2
10693843.0,4386.885636,13668.209217,18055.094853,1703,712,0.00,0.6500,0.4125,10,0,0,9,0.004500,0.9844,2,0.6250,2,0.5000,2,0.5781,2,0.5469,2,0.7500,2,0.7500,2,0.2813,2,0.5000,2,0.9844,2
10694113.0,4387.110136,13669.024317,18056.134453,1704,712,0.00,0.6344,0.3875,10,0,0,9,0.004500,0.9844,2,0.5000,2,0.5000,2,0.5313,2,0.5000,2,0.7500,2,0.8125,2,0.2813,2,0.5000,2,0.9844,2
10694362.0,4387.314456,13669.760617,18057.075073,1705,712,0.00,0.6219,0.3875,10,0,0,9,0.004500,0.8125,2,0.5000,2,0.5000,2,0.5313,2,0.5000,2,0.7500,2,0.8125,2,0.3281,2,0.5000,2,0.9844,2
10694679.0,4387.569822,13670.697950,18058.267772,1706,712,0.00,0.5969,0.3875,10,0,0,9,0.004500,0.8125,2,0.5000,2,0.5000,2,0.5313,2,0.5000,2,0.7500,2,0.8125,2,0.2813,2,0.5469,2,0.7344,2
10694806.0,4387.670722,13671.070317,18058.741038,1707,712,0.00,0.5906,0.3750,10,0,0,9,0.004500,0.8125,2,0.5000,2,0.5000,2,0.5313,2,0.5000,2,0.7500,2,0.7500,2,0.2813,2,0.5000,2,0.7813,2
10694906.0,4387.749993,13671.361983,18059.111976,1708,712,0.00,0.5953,0.3875,10,0,0,9,0.004500,0.8594,2,0.5000,2,0.5000,2,0.5313,2,0.5000,2,0.7500,2,0.7500,2,0.2813,2,0.5000,2,0.7813,2
10695204.0,4387.985541,13672.217200,18060.202741,1709,712,0.00,0.5906,0.3750,10,0,0,9,0.004500,0.8125,2,0.5469,2,0.5000,2,0.5313,2,0.5000,2,0.7500,2,0.7500,2,0.2813,2,0.5000,2,0.7344,2
10695272.0,4388.039446,13672.415533,18060.454979,1710,712,0.00,0.5953,0.3875,10,0,0,9,0.004500,0.8125,2,0.5469,2,0.5469,2,0.5313,2,0.5000,2,0.7500,2,0.7500,2,0.2813,2,0.5000,2,0.7344,2
10695393.0,4388.135429,13672.769800,18060.905229,1711,713,0.00,0.6094,0.3750,10,0,0,9,0.004500,0.8125,2,0.5000,2,0.5000,2,0.7656,2,0.5000,2,0.7500,2,0.7500,2,0.2813,2,0.5000,2,0.7344,2
10695455.0,4388.185481,13672.950633,18061.136114,1712,714,0.00,0.6328,0.3750,10,0,0,9,0.004500,0.8125,2,0.5000,2,0.5000,2,0.7656,2,0.7344,2,0.7500,2,0.7500,2,0.2813,2,0.5000,2,0.7344,2
10695522.0,4388.240791,13673.146050,18061.386841,1713,714,0.00,0.6375,0.3875,10,0,0,9,0.004500,0.8125,2,0.5000,2,0.5000,2,0.7656,2,0.7344,2,0.7969,2,0.7500,2,0.2813,2,0.5000,2,0.7344,2
10695666.0,4388.360191,13673.576850,18061.937041,1714,714,0.00,0.6500,0.3875,10,0,0,9,0.004500,0.8125,2,0.5000,2,0.5000,2,0.7656,2,0.7344,2,0.7500,2,0.9219,2,0.2813,2,0.5000,2,0.7344,2
10695717.0,4388.402974,13673.729425,18062.132399,1715,714,0.00,0.6547,0.4000,10,0,0,9,0.004500,0.8125,2,0.5000,2,0.5000,2,0.7656,2,0.7344,2,0.7500,2,0.9219,2,0.3281,2,0.5000,2,0.7344,2
10695739.0,4388.421510,13673.796892,18062.218402,1716,714,0.00,0.6594,0.4125,10,0,0,9,0.004500,0.8125,2,0.5000,2,0.5000,2,0.7656,2,0.7344,2,0.7500,2,0.9219,2,0.3281,2,0.5469,2,0.7344,2
10695900.0,4388.557625,13674.300225,18062.857850,1717,714,0.00,0.6719,0.4125,10,0,0,9,0.004500,0.8125,2,0.5000,2,0.5000,2,0.7656,2,0.7344,2,0.7500,2,0.9219,2,0.3281,2,0.5000,2,0.9063,2
10695939.0,4388.590851,13674.421775,18063.012626,1718,714,0.00,0.6563,0.4000,10,0,0,9,0.004500,0.8750,2,0.5000,2,0.5000,2,0.7656,2,0.7344,2,0.7500,2,0.9219,2,0.2813,2,0.5000,2,0.7344,2
10696159.0,4388.775975,13675.088717,18063.864692,1719,714,0.00,0.6625,0.4000,10,0,0,9,0.004500,0.8125,2,0.6250,2,0.5000,2,0.7656,2,0.7344,2,0.7500,2,0.9219,2,0.2813,2,0.5000,2,0.7344,2
10696189.0,4388.801433,13675.180717,18063.982150,1720,714,0.00,0.6672,0.4125,10,0,0,9,0.004500,0.8125,2,0.6250,2,0.5469,2,0.7656,2,0.7344,2,0.7500,2,0.9219,2,0.2813,2,0.5000,2,0.7344,2
10696372.0,4388.956849,13675.755642,18064.712491,1721,714,0.00,0.6484,0.4250,10,0,0,9,0.004500,0.8125,2,0.6250,2,0.5469,2,0.8125,2,0.5000,2,0.7500,2,0.9219,2,0.2813,2,0.5000,2,0.7344,2
10696595.0,4389.142890,13676.464558,18065.607448,1722,715,0.00,0.6547,0.4000,10,0,0,9,0.004500,0.8125,2,0.5000,2,0.5469,2,0.7656,2,0.7344,2,0.7500,2,0.9219,2,0.2813,2,0.5000,2,0.7344,2
10696678.0,4389.212820,13676.719092,18065.931912,1723,715,0.00,0.6594,0.4125,10,0,0,9,0.004500,0.8125,2,0.5000,2,0.5469,2,0.7656,2,0.7344,2,0.7969,2,0.9219,2,0.2813,2,0.5000,2,0.7344,2
10696883.0,4389.385872,13677.354583,18066.740455,1724,715,0.00,0.6594,0.4125,10,0,0,9,0.004500,0.8125,2,0.5000,2,0.5469,2,0.7656,2,0.7344,2,0.7500,2,0.9688,2,0.2813,2,0.5000,2,0.7344,2
10696996.0,4389.479569,13677.704942,18067.184510,1725,715,0.00,0.6359,0.4125,10,0,0,9,0.004500,0.8125,2,0.5000,2,0.5000,2,0.7656,2,0.5000,2,0.7500,2,0.9688,2,0.3281,2,0.5000,2,0.7344,2
10697207.0,4389.653315,13678.348258,18068.001573,1726,715,0.00,0.6391,0.4000,10,0,0,9,0.004500,0.8125,2,0.5000,2,0.5000,2,0.7656,2,0.5000,2,0.7500,2,0.9219,2,0.2813,2,0.6250,2,0.7344,2
10697448.0,4389.852756,13679.082075,18068.934831,1727,715,0.00,0.6313,0.4000,10,0,0,9,0.004500,0.8125,2,0.5000,2,0.5000,2,0.7656,2,0.5000,2,0.7500,2,0.9219,2,0.2813,2,0.5000,2,0.7813,2
10697495.0,4389.891499,13679.226208,18069.117707,1728,716,0.00,0.6438,0.4125,10,0,0,9,0.004500,0.9375,2,0.5000,2,0.5000,2,0.7656,2,0.5000,2,0.7500,2,0.9219,2,0.2813,2,0.5000,2,0.7813,2
10697537.0,4389.926528,13679.358158,18069.284686,1729,716,0.00,0.6500,0.4250,10,0,0,9,0.004500,0.9375,2,0.5625,2,0.5000,2,0.7656,2,0.5000,2,0.7500,2,0.9219,2,0.2813,2,0.5000,2,0.7813,2
10697677.0,4390.041840,13679.799717,18069.841556,1730,717,0.00,0.6516,0.4250,10,0,0,9,0.004500,0.9375,2,0.5625,2,0.7500,2,0.5313,2,0.5000,2,0.7500,2,0.9219,2,0.2813,2,0.5000,2,0.7813,2
10697699.0,4390.060322,13679.870483,18069.930805,1731,717,0.00,0.6641,0.4250,10,0,0,9,0.004500,0.9375,2,0.5625,2,0.7500,2,0.6563,2,0.5000,2,0.7500,2,0.9219,2,0.2813,2,0.5000,2,0.7813,2
10699813.0,4391.801552,13686.331517,18078.133069,1732,718,0.00,0.6281,0.3875,10,0,0,9,0.004500,0.9375,2,0.5000,2,0.5000,2,0.5313,2,0.7500,2,0.7500,2,0.7500,2,0.2813,2,0.5000,2,0.7813,2
10701015.0,4392.776613,13689.927500,18082.704113,1733,718,0.00,0.6078,0.4000,10,0,0,9,0.004500,0.9375,2,0.5000,2,0.5000,2,0.5313,2,0.5000,2,0.7969,2,0.7500,2,0.2813,2,0.5000,2,0.7813,2
10701611.0,4393.255478,13691.723208,18084.978686,1734,718,0.00,0.6094,0.4000,10,0,0,9,0.004500,0.9375,2,0.5000,2,0.5000,2,0.5313,2,0.5000,2,0.7500,2,0.8125,2,0.2813,2,0.5000,2,0.7813,2
10701674.0,4393.305797,13691.911008,18085.216806,1735,719,0.00,0.6141,0.3750,10,0,0,9,0.004500,0.8125,2,0.5000,2,0.5000,2,0.5313,2,0.5000,2,0.7500,2,0.7500,2,0.5156,2,0.5000,2,0.7813,2
10701674.0,4393.305797,13691.911008,18085.216806,1736,720,0.00,0.6375,0.3875,10,0,0,9,0.004500,0.8125,2,0.5000,2,0.5000,2,0.5313,2,0.5000,2,0.7500,2,0.7500,2,0.5156,2,0.7344,2,0.7813,2
10701870.0,4393.468314,13692.497375,18085.965689,1737,720,0.00,0.6422,0.4000,10,0,0,9,0.004500,0.8125,2,0.5000,2,0.5000,2,0.5313,2,0.5000,2,0.7500,2,0.7500,2,0.5156,2,0.7344,2,0.8281,2
10702087.0,4393.648652,13693.154967,18086.803618,1738,721,0.00,0.6547,0.4000,10,0,0,9,0.004500,0.9844,2,0.5000,2,0.5000,2,0.5313,2,0.5000,2,0.7500,2,0.7500,2,0.5156,2,0.7344,2,0.7813,2
10702237.0,4393.775032,13693.614967,18087.389998,1739,722,0.00,0.6734,0.4125,10,0,0,9,0.004500,0.9844,2,0.6875,2,0.5000,2,0.5313,2,0.5000,2,0.7500,2,0.7500,2,0.5156,2,0.7344,2,0.7813,2
10702950.0,4394.386157,13695.854975,18090.241132,1740,723,0.00,0.6969,0.4250,10,0,0,9,0.004500,0.9844,2,0.6875,2,0.7344,2,0.5313,2,0.5000,2,0.7500,2,0.7500,2,0.5156,2,0.7344,2,0.7813,2
10703308.0,4394.693570,13697.006542,18091.700112,1741,724,0.00,0.6969,0.4375,10,0,0,9,0.004500,0.9844,2,0.6875,2,0.7344,2,0.7656,2,0.5000,2,0.7500,2,0.7500,2,0.2813,2,0.7344,2,0.7813,2
10703545.0,4394.901028,13697.786667,18092.687694,1742,724,0.00,0.7469,0.4375,10,0,0,9,0.004500,0.9844,2,0.6875,2,0.7344,2,0.7656,2,1.0000,2,0.7500,2,0.7500,2,0.2813,2,0.7344,2,0.7813,2
10703619.0,4394.968681,13698.030250,18092.998931,1743,725,0.00,0.7656,0.4500,10,0,0,9,0.004500,0.9844,2,0.6875,2,0.7344,2,0.7656,2,1.0000,2,0.9375,2,0.7500,2,0.2813,2,0.7344,2,0.7813,2
10703820.0,4395.148058,13698.695925,18093.843983,1744,726,0.00,0.7141,0.4500,10,0,0,9,0.004500,0.9844,2,0.6875,2,0.7344,2,0.7656,2,0.5000,2,0.7500,2,0.9219,2,0.2813,2,0.7344,2,0.7813,2
10703900.0,4395.219155,13698.965258,18094.184413,1745,727,0.00,0.7328,0.4500,10,0,0,9,0.004500,0.9844,2,0.6875,2,0.7344,2,0.7656,2,0.5000,2,0.7500,2,0.9219,2,0.4688,2,0.7344,2,0.7813,2
10704081.0,4395.382652,13699.574625,18094.957277,1746,728,0.00,0.7516,0.4500,10,0,0,9,0.004500,0.9844,2,0.6875,2,0.7344,2,0.7656,2,0.5000,2,0.7500,2,0.9219,2,0.4688,2,0.9219,2,0.7813,2
10704127.0,4395.424875,13699.729492,18095.154366,1747,728,0.00,0.8016,0.4500,10,0,0,9,0.004500,0.9844,2,0.6875,2,0.7344,2,0.7656,2,1.0000,2,0.7500,2,0.9219,2,0.4688,2,0.9219,2,0.7813,2
10704128.0,4395.425831,13699.732858,18095.158690,1748,728,0.00,0.8516,0.4500,10,0,0,9,0.004500,0.9844,2,0.6875,2,0.7344,2,0.7656,2,1.0000,2,0.7500,2,0.9219,2,0.9688,2,0.9219,2,0.7813,2
10704162.0,4395.459666,13699.847250,18095.306916,1749,729,0.00,0.8469,0.4375,10,0,0,9,0.004500,0.9844,2,0.6875,2,0.7344,2,0.7656,2,1.0000,2,0.7500,2,0.9219,2,0.9688,2,0.6875,2,0.9688,2
10704395.0,4395.679415,13700.601908,18096.281324,1750,730,0.00,0.7094,0.4375,10,0,0,9,0.004500,0.9844,2,0.8594,2,0.7344,2,0.7656,2,0.5000,2,0.7500,2,0.7500,2,0.4688,2,0.5000,2,0.7813,2
10704404.0,4395.687381,13700.631533,18096.318914,1751,731,0.00,0.7266,0.4500,10,0,0,9,0.004500,0.9844,2,0.8594,2,0.9063,2,0.7656,2,0.5000,2,0.7500,2,0.7500,2,0.4688,2,0.5000,2,0.7813,2
10704703.0,4395.944795,13701.581392,18097.526187,1752,731,0.00,0.7016,0.4000,10,0,0,9,0.004500,0.8125,2,0.6875,2,0.7344,2,0.7656,2,1.0000,2,0.7500,2,0.7500,2,0.2813,2,0.5000,2,0.7344,2
10704811.0,4396.039727,13701.912592,18097.952318,1753,731,0.00,0.7063,0.4125,10,0,0,9,0.004500,0.8125,2,0.6875,2,0.7344,2,0.7656,2,1.0000,2,0.7969,2,0.7500,2,0.2813,2,0.5000,2,0.7344,2
10704947.0,4396.157238,13702.339858,18098.497096,1754,731,0.00,0.6609,0.4250,10,0,0,9,0.004500,0.8125,2,0.6875,2,0.7344,2,0.7656,2,0.5000,2,0.7969,2,0.7969,2,0.2813,2,0.5000,2,0.7344,2
10705037.0,4396.233503,13702.629358,18098.862862,1755,731,0.00,0.6656,0.4375,10,0,0,9,0.004500,0.8125,2,0.6875,2,0.7344,2,0.7656,2,0.5000,2,0.7969,2,0.7969,2,0.3281,2,0.5000,2,0.7344,2
10705216.0,4396.382873,13703.198242,18099.581115,1756,732,0.00,0.6375,0.4125,10,0,0,9,0.004500,0.8125,2,0.6875,2,0.5000,2,0.7656,2,0.5000,2,0.7969,2,0.7500,2,0.2813,2,0.6719,2,0.6094,2
10705282.0,4396.437443,13703.405592,18099.843035,1757,733,0.00,0.6422,0.4250,10,0,0,9,0.004500,0.8125,2,0.5625,2,0.5000,2,0.7656,2,0.5000,2,0.7969,2,0.7500,2,0.2813,2,0.6719,2,0.7813,2
10705342.0,4396.487372,13703.598367,18100.085738,1758,733,0.00,0.6297,0.4250,10,0,0,9,0.004500,0.8594,2,0.5625,2,0.5000,2,0.7656,2,0.5000,2,0.7969,2,0.7500,2,0.2813,2,0.6719,2,0.6094,2
10705525.0,4396.637067,13704.183192,18100.820259,1759,734,0.00,0.6344,0.4250,10,0,0,9,0.004500,0.8594,2,0.8438,2,0.5000,2,0.5313,2,0.5000,2,0.7969,2,0.7500,2,0.2813,2,0.6719,2,0.6094,2
10705525.0,4396.637067,13704.183192,18100.820259,1760,735,0.00,0.6625,0.4375,10,0,0,9,0.004500,0.8594,2,0.8438,2,0.7813,2,0.5313,2,0.5000,2,0.7969,2,0.7500,2,0.2813,2,0.6719,2,0.6094,2
10706343.0,4397.291183,13706.707550,18103.998733,1761,735,0.00,0.5891,0.4000,10,0,0,9,0.004500,0.8594,2,0.5625,2,0.5000,2,0.5938,2,0.4375,2,0.7969,2,0.7500,2,0.2813,2,0.5000,2,0.6094,2
10706467.0,4397.389007,13707.082867,18104.471874,1762,735,0.00,0.5891,0.4000,10,0,0,9,0.004500,0.8594,2,0.5625,2,0.5000,2,0.5313,2,0.5000,2,0.7969,2,0.7500,2,0.2813,2,0.5000,2,0.6094,2
10707394.0,4398.118356,13709.858317,18107.976673,1763,736,0.00,0.6063,0.4000,10,0,0,9,0.004500,0.8594,2,0.5625,2,0.5000,2,0.5313,2,0.4375,2,0.7969,2,0.9844,2,0.2813,2,0.5000,2,0.6094,2
10708156.0,4398.731660,13712.195117,18110.926777,1764,737,0.00,0.6188,0.4125,10,0,0,9,0.004500,0.8594,2,0.5625,2,0.5000,2,0.5313,2,0.4375,2,0.7969,2,0.9844,2,0.4063,2,0.5000,2,0.6094,2
10708284.0,4398.835927,13712.597250,18111.433177,1765,737,0.00,0.6234,0.4250,10,0,0,9,0.004500,0.8594,2,0.5625,2,0.5000,2,0.5313,2,0.4375,2,0.7969,2,0.9844,2,0.4063,2,0.5469,2,0.6094,2
10708418.0,4398.945570,13713.028283,18111.973853,1766,737,0.00,0.6422,0.4375,10,0,0,9,0.004500,0.8594,2,0.5625,2,0.5000,2,0.5313,2,0.4375,2,0.7969,2,0.9844,2,0.4063,2,0.5469,2,0.7969,2
10708551.0,4399.056195,13713.463225,18112.519420,1767,738,0.00,0.6547,0.4250,10,0,0,9,0.004500,0.8594,2,0.7344,2,0.5000,2,0.5313,2,0.4375,2,0.7969,2,0.9844,2,0.4063,2,0.5000,2,0.7969,2
10708596.0,4399.094109,13713.607975,18112.702084,1768,739,0.00,0.6734,0.4375,10,0,0,9,0.004500,0.8594,2,0.7344,2,0.6875,2,0.5313,2,0.4375,2,0.7969,2,0.9844,2,0.4063,2,0.5000,2,0.7969,2
10708879.0,4399.336674,13714.539517,18113.876190,1769,739,0.00,0.6781,0.4500,10,0,0,9,0.004500,0.8594,2,0.7344,2,0.6875,2,0.5781,2,0.4375,2,0.7969,2,0.9844,2,0.4063,2,0.5000,2,0.7969,2
10710068.0,4400.340612,13718.388958,18118.729570,1770,740,0.00,0.6328,0.4125,10,0,0,9,0.004500,0.8125,2,0.5625,2,0.6875,2,0.5313,2,0.6094,2,0.7969,2,0.7500,2,0.2813,2,0.5000,2,0.7969,2
10710115.0,4400.379411,13718.536617,18118.916028,1771,741,0.00,0.6500,0.4250,10,0,0,9,0.004500,0.8125,2,0.5625,2,0.6875,2,0.5313,2,0.6094,2,0.9688,2,0.7500,2,0.2813,2,0.5000,2,0.7969,2
10710154.0,4400.412128,13718.662067,18119.074195,1772,742,0.00,0.6625,0.4375,10,0,0,9,0.004500,0.8125,2,0.5625,2,0.6875,2,0.5313,2,0.6094,2,0.9688,2,0.8750,2,0.2813,2,0.5000,2,0.7969,2
10710174.0,4400.429100,13718.727900,18119.157000,1773,742,0.00,0.6672,0.4500,10,0,0,9,0.004500,0.8125,2,0.5625,2,0.6875,2,0.5313,2,0.6094,2,0.9688,2,0.8750,2,0.3281,2,0.5000,2,0.7969,2
10710260.0,4400.502394,13719.017433,18119.519828,1774,742,0.00,0.6719,0.4625,10,0,0,9,0.004500,0.8125,2,0.5625,2,0.6875,2,0.5313,2,0.6094,2,0.9688,2,0.8750,2,0.3281,2,0.5469,2,0.7969,2
10710382.0,4400.606432,13719.429442,18120.035873,1775,742,0.00,0.6719,0.4625,10,0,0,9,0.004500,0.8125,2,0.5625,2,0.6875,2,0.5313,2,0.6094,2,0.9688,2,0.8750,2,0.3281,2,0.5000,2,0.8438,2
10711110.0,4401.218843,13721.849025,18123.067868,1776,742,0.00,0.6531,0.4500,10,0,0,9,0.004500,0.8594,2,0.5625,2,0.5000,2,0.5313,2,0.6094,2,0.9688,2,0.8750,2,0.3281,2,0.5000,2,0.7969,2
10711209.0,4401.302134,13722.182325,18123.484459,1777,742,0.00,0.6594,0.4625,10,0,0,9,0.004500,0.8594,2,0.6250,2,0.5000,2,0.5313,2,0.6094,2,0.9688,2,0.8750,2,0.3281,2,0.5000,2,0.7969,2
10711222.0,4401.313134,13722.227067,18123.540201,1778,742,0.00,0.6656,0.4750,10,0,0,9,0.004500,0.8594,2,0.6250,2,0.5625,2,0.5313,2,0.6094,2,0.9688,2,0.8750,2,0.3281,2,0.5000,2,0.7969,2
10711224.0,4401.314836,13722.234100,18123.548936,1779,742,0.00,0.6719,0.4875,10,0,0,9,0.004500,0.8594,2,0.6250,2,0.5625,2,0.5938,2,0.6094,2,0.9688,2,0.8750,2,0.3281,2,0.5000,2,0.7969,2
10711265.0,4401.349910,13722.380983,18123.730893,1780,742,0.00,0.6797,0.4875,10,0,0,9,0.004500,0.8125,2,0.6250,2,0.5625,2,0.5938,2,0.7344,2,0.9688,2,0.8750,2,0.3281,2,0.5000,2,0.7969,2
10711456.0,4401.514548,13723.066992,18124.581539,1781,743,0.00,0.6969,0.4875,10,0,0,9,0.004500,0.8125,2,0.6250,2,0.5625,2,0.5938,2,0.7344,2,0.9688,2,0.8750,2,0.5000,2,0.5000,2,0.7969,2
10711517.0,4401.567944,13723.286083,18124.854027,1782,744,0.00,0.7141,0.4875,10,0,0,9,0.004500,0.8125,2,0.6250,2,0.5625,2,0.5938,2,0.7344,2,0.9688,2,0.8750,2,0.5000,2,0.6719,2,0.7969,2
10711520.0,4401.570610,13723.296858,18124.867468,1783,745,0.00,0.7313,0.4875,10,0,0,9,0.004500,0.8125,2,0.6250,2,0.5625,2,0.5938,2,0.7344,2,0.9688,2,0.8750,2,0.5000,2,0.6719,2,0.9688,2
10711540.0,4401.588652,13723.368692,18124.957343,1784,746,0.00,0.7438,0.5000,10,0,0,9,0.004500,0.9375,2,0.6250,2,0.5625,2,0.5938,2,0.7344,2,0.9688,2,0.8750,2,0.5000,2,0.6719,2,0.9688,2
10711742.0,4401.771767,13724.101108,18125.872875,1785,747,0.00,0.7594,0.5000,10,0,0,9,0.004500,0.9375,2,0.9063,2,0.5625,2,0.5938,2,0.6094,2,0.9688,2,0.8750,2,0.5000,2,0.6719,2,0.9688,2
10711854.0,4401.875250,13724.511775,18126.387025,1786,748,0.00,0.7766,0.5000,10,0,0,9,0.004500,0.9375,2,0.9063,2,0.7344,2,0.5938,2,0.6094,2,0.9688,2,0.8750,2,0.5000,2,0.6719,2,0.9688,2
10712000.0,4402.011632,13725.044483,18127.056115,1787,749,0.00,0.7703,0.4875,10,0,0,9,0.004500,0.9375,2,0.9063,2,0.7344,2,0.8750,2,0.4375,2,0.7969,2,0.8750,2,0.5000,2,0.6719,2,0.9688,2
10712044.0,4402.052661,13725.202517,18127.255177,1788,750,0.00,0.7875,0.4875,10,0,0,9,0.004500,0.9375,2,0.9063,2,0.7344,2,0.8750,2,0.6094,2,0.7969,2,0.8750,2,0.5000,2,0.6719,2,0.9688,2
10712251.0,4402.241956,13725.917792,18128.159748,1789,750,0.00,0.7406,0.4625,10,0,0,9,0.004500,0.9375,2,0.8438,2,0.7344,2,0.5938,2,0.6094,2,0.8594,2,0.8750,2,0.5000,2,0.6719,2,0.7813,2
10712254.0,4402.244684,13725.928117,18128.172801,1790,750,0.00,0.7453,0.4750,10,0,0,9,0.004500,0.9375,2,0.8438,2,0.7344,2,0.5938,2,0.6094,2,0.8594,2,0.9219,2,0.5000,2,0.6719,2,0.7813,2
10712494.0,4402.458765,13726.756142,18129.214906,1791,750,0.00,0.7047,0.4625,10,0,0,9,0.004500,0.9375,2,0.8438,2,0.5625,2,0.5938,2,0.6094,2,0.7969,2,0.8750,2,0.5469,2,0.6719,2,0.6094,2
10712579.0,4402.531622,13727.034583,18129.566205,1792,751,0.00,0.6688,0.4125,10,0,0,9,0.004500,0.8125,2,0.5625,2,0.5000,2,0.5313,2,0.6094,2,0.7969,2,0.8750,2,0.5469,2,0.8438,2,0.6094,2
10712677.0,4402.615262,13727.342467,18129.957729,1793,751,0.00,0.6750,0.4250,10,0,0,9,0.004500,0.8125,2,0.5625,2,0.5000,2,0.5313,2,0.6094,2,0.7969,2,0.8750,2,0.5469,2,0.8438,2,0.6719,2
10713332.0,4403.160733,13729.355258,18132.515991,1794,752,0.00,0.6469,0.4125,10,0,0,9,0.004500,0.9844,2,0.5625,2,0.5000,2,0.5313,2,0.6094,2,0.7969,2,0.8750,2,0.3281,2,0.6719,2,0.6094,2
10713333.0,4403.161569,13729.358400,18132.519969,1795,753,0.00,0.6641,0.4250,10,0,0,9,0.004500,0.9844,2,0.7344,2,0.5000,2,0.5313,2,0.6094,2,0.7969,2,0.8750,2,0.3281,2,0.6719,2,0.6094,2
10713339.0,4403.166668,13729.377700,18132.544368,1796,754,0.00,0.6891,0.4375,10,0,0,9,0.004500,0.9844,2,0.7344,2,0.7500,2,0.5313,2,0.6094,2,0.7969,2,0.8750,2,0.3281,2,0.6719,2,0.6094,2
10713399.0,4403.218824,13729.575200,18132.794024,1797,754,0.00,0.6953,0.4500,10,0,0,9,0.004500,0.9844,2,0.7344,2,0.7500,2,0.5938,2,0.6094,2,0.7969,2,0.8750,2,0.3281,2,0.6719,2,0.6094,2
10714998.0,4404.525536,13734.448275,18138.973811,1798,755,0.00,0.6156,0.3875,10,0,0,9,0.004500,0.8125,2,0.5625,2,0.7500,2,0.5313,2,0.6094,2,0.7500,2,0.7500,2,0.2813,2,0.5000,2,0.6094,2
10715344.0,4404.802677,13735.461717,18140.264394,1799,756,0.00,0.6047,0.3875,10,0,0,9,0.004500,0.8125,2,0.5625,2,0.7500,2,0.5313,2,0.4375,2,0.8125,2,0.7500,2,0.2813,2,0.5000,2,0.6094,2
10715679.0,4405.070071,13736.456875,18141.526946,1800,757,0.00,0.6047,0.3875,10,0,0,9,0.004500,0.8125,2,0.5625,2,0.5000,2,0.5313,2,0.4375,2,0.8125,2,1.0000,2,0.2813,2,0.5000,2,0.6094,2
10716310.0,4405.577171,13738.344617,18143.921788,1801,758,0.00,0.6219,0.4000,10,0,0,9,0.004500,0.8125,2,0.5625,2,0.5000,2,0.5313,2,0.4375,2,0.8125,2,1.0000,2,0.4531,2,0.5000,2,0.6094,2
10716405.0,4405.654788,13738.635950,18144.290738,1802,758,0.00,0.6391,0.4125,10,0,0,9,0.004500,0.8125,2,0.5625,2,0.5000,2,0.5313,2,0.4375,2,0.8125,2,1.0000,2,0.4531,2,0.6719,2,0.6094,2
10716963.0,4406.107315,13740.335150,18146.442465,1803,759,0.00,0.6156,0.3875,10,0,0,9,0.004500,0.8125,2,0.5625,2,0.5000,2,0.5313,2,0.4375,2,0.8125,2,0.7500,2,0.4531,2,0.5000,2,0.7969,2
10717093.0,4406.212895,13740.724067,18146.936962,1804,759,0.00,0.6328,0.4000,10,0,0,9,0.004500,0.9844,2,0.5625,2,0.5000,2,0.5313,2,0.4375,2,0.8125,2,0.7500,2,0.4531,2,0.5000,2,0.7969,2
10717116.0,4406.231882,13740.794600,18147.026482,1805,760,0.00,0.6516,0.4125,10,0,0,9,0.004500,0.9844,2,0.7500,2,0.5000,2,0.5313,2,0.4375,2,0.8125,2,0.7500,2,0.4531,2,0.5000,2,0.7969,2
10717116.0,4406.231882,13740.794600,18147.026482,1806,761,0.00,0.6703,0.4250,10,0,0,9,0.004500,0.9844,2,0.7500,2,0.6875,2,0.5313,2,0.4375,2,0.8125,2,0.7500,2,0.4531,2,0.5000,2,0.7969,2
10717191.0,4406.295561,13741.035850,18147.331411,1807,762,0.00,0.6703,0.4250,10,0,0,9,0.004500,0.9844,2,0.7500,2,0.6875,2,0.7188,2,0.4375,2,0.8125,2,0.7500,2,0.4531,2,0.5000,2,0.6094,2
10717233.0,4406.331457,13741.170950,18147.502407,1808,763,0.00,0.6891,0.4250,10,0,0,9,0.004500,0.9844,2,0.7500,2,0.6875,2,0.7188,2,0.6250,2,0.8125,2,0.7500,2,0.4531,2,0.5000,2,0.6094,2
10717273.0,4406.366001,13741.298342,18147.664343,1809,764,0.00,0.7000,0.4250,10,0,0,9,0.004500,0.9844,2,0.7500,2,0.6875,2,0.7188,2,0.6250,2,0.8125,2,0.7500,2,0.5625,2,0.5000,2,0.6094,2
10717382.0,4406.461679,13741.648958,18148.110637,1810,765,0.00,0.7188,0.4250,10,0,0,9,0.004500,0.9844,2,0.7500,2,0.6875,2,0.7188,2,0.6250,2,0.8125,2,0.7500,2,0.5625,2,0.6875,2,0.6094,2
10717431.0,4406.505405,13741.806575,18148.311980,1811,765,0.00,0.7234,0.4375,10,0,0,9,0.004500,0.9844,2,0.7500,2,0.6875,2,0.7188,2,0.6250,2,0.8125,2,0.7500,2,0.5625,2,0.6875,2,0.6563,2
10717569.0,4406.629053,13742.260825,18148.889878,1812,765,0.00,0.7359,0.4500,10,0,0,9,0.004500,0.9844,2,0.8750,2,0.6875,2,0.7188,2,0.6250,2,0.8125,2,0.7500,2,0.5625,2,0.6875,2,0.6563,2
12902965.0,5884.185870,18746.627817,24630.813687,1813,766,0.00,0.0000,0.0000,0,10,0,9,0.004500,0.0000,1,0.0000,1,0.0000,1,0.0000,1,0.0000,1,0.0000,1,0.0000,1,0.0000,1,0.0000,1,0.0000,1
