timestamp,cpu_energy_kwh,gpu_energy_kwh,total_energy_kwh,tasks_scheduled,sla_violations,avg_sla_slack,cluster_cpu_util,cluster_gpu_util
10101656.0,3367.218667,6734.437333,10101.656000,1,0,0.00,0.0047,0.0125
10101831.0,3367.277554,6734.565400,10101.842954,2,0,0.00,0.0172,0.0125
10102468.0,3367.498403,6735.037842,10102.536245,3,0,0.00,0.0219,0.0250
10102699.0,3367.579278,6735.225367,10102.804645,4,0,0.00,0.0219,0.0250
10103062.0,3367.705835,6735.509067,10103.214901,5,0,0.00,0.0297,0.0250
10103067.0,3367.707617,6735.513150,10103.220767,6,0,0.00,0.0422,0.0375
10103070.0,3367.708715,6735.515825,10103.224540,7,0,0.00,0.0547,0.0500
10103080.0,3367.712474,6735.525492,10103.237966,8,0,0.00,0.0672,0.0625
10103554.0,3367.895244,6736.019242,10103.914485,9,0,0.00,0.0859,0.0750
10103657.0,3367.936462,6736.134258,10104.070720,10,0,0.00,0.0922,0.0875
10103830.0,3368.006533,6736.340417,10104.346949,11,0,0.00,0.0859,0.0875
10104296.0,3368.188580,6736.846383,10105.034964,12,0,0.00,0.0859,0.0625
10104920.0,3368.431799,6737.496383,10105.928182,13,0,0.00,0.0797,0.0750
10105081.0,3368.495444,6737.676167,10106.171611,14,0,0.00,0.0969,0.0875
10105616.0,3368.707591,6738.277258,10106.984850,15,0,0.00,0.0844,0.0875
10106099.0,3368.899311,6738.832733,10107.732045,16,0,0.00,0.0844,0.0875
10106214.0,3368.945191,6738.969775,10107.914966,17,0,0.00,0.0891,0.1000
10106404.0,3369.021150,6739.199417,10108.220567,18,0,0.00,0.0844,0.0875
10106593.0,3369.096524,6739.424042,10108.520566,19,0,0.00,0.0922,0.0750
10106755.0,3369.162140,6739.604942,10108.767082,20,0,0.00,0.0969,0.0875
10107108.0,3369.305755,6740.012250,10109.318005,21,0,0.00,0.0969,0.0875
10107156.0,3369.325372,6740.069450,10109.394822,22,0,0.00,0.1016,0.1000
10107360.0,3369.409472,6740.327550,10109.737022,23,0,0.00,0.1031,0.1000
10107678.0,3369.536986,6740.681075,10110.218061,24,0,0.00,0.0797,0.0750
10107700.0,3369.545683,6740.705642,10110.251324,25,0,0.00,0.0859,0.0875
10108119.0,3369.712349,6741.184250,10110.896599,26,0,0.00,0.0938,0.0875
10108195.0,3369.743224,6741.274817,10111.018041,27,0,0.00,0.1219,0.1000
10108262.0,3369.771909,6741.359683,10111.131592,28,0,0.00,0.1266,0.1125
10119674.0,3374.072725,6752.219083,10126.291809,29,0,0.00,0.0438,0.0250
10119716.0,3374.088154,6752.253383,10126.341538,30,0,0.00,0.0625,0.0250
10119805.0,3374.122147,6752.326067,10126.448214,31,0,0.00,0.0813,0.0250
10119881.0,3374.152284,6752.388133,10126.540417,32,0,0.00,0.0938,0.0375
10121149.0,3374.622579,6753.518767,10128.141346,33,0,0.00,0.0438,0.0500
10121200.0,3374.641315,6753.568067,10128.209381,34,0,0.00,0.0563,0.0625
10122873.0,3375.267003,6755.241625,10130.508628,35,0,0.00,0.0469,0.0500
10122912.0,3375.281425,6755.279325,10130.560750,36,0,0.00,0.0641,0.0625
10122958.0,3375.299050,6755.327242,10130.626292,37,0,0.00,0.0688,0.0750
10122966.0,3375.302145,6755.336175,10130.638320,38,0,0.00,0.0859,0.0875
10123048.0,3375.334959,6755.433892,10130.768851,39,0,0.00,0.1031,0.1000
10123058.0,3375.339094,6755.446558,10130.785653,40,0,0.00,0.1203,0.1125
10123064.0,3375.341656,6755.454608,10130.796264,41,0,0.00,0.1375,0.1250
10191770.0,3398.776945,6808.516058,10207.293003,42,0,0.00,0.0172,0.0250
10192232.0,3398.933573,6808.865983,10207.799556,43,0,0.00,0.0172,0.0250
10192336.0,3398.969630,6808.950917,10207.920546,44,0,0.00,0.0297,0.0375
10192477.0,3399.019885,6809.076642,10208.096527,45,0,0.00,0.0344,0.0500
10192642.0,3399.079297,6809.236142,10208.315438,46,0,0.00,0.0531,0.0500
10192889.0,3399.169516,6809.447683,10208.617199,47,0,0.00,0.0406,0.0250
10192901.0,3399.173895,6809.457483,10208.631378,48,0,0.00,0.0578,0.0375
10192962.0,3399.196971,6809.511875,10208.708846,49,0,0.00,0.0703,0.0500
10193027.0,3399.222193,6809.574708,10208.796901,50,0,0.00,0.0766,0.0625
10193066.0,3399.237355,6809.615333,10208.852688,51,0,0.00,0.0766,0.0625
10193568.0,3399.432287,6810.120550,10209.552837,52,0,0.00,0.0922,0.0625
10194497.0,3399.791305,6811.040333,10210.831638,53,0,0.00,0.0516,0.0625
10195056.0,3400.000056,6811.622625,10211.622681,54,0,0.00,0.0703,0.0750
10195438.0,3400.147358,6812.044017,10212.191375,55,0,0.00,0.0797,0.0875
10195440.0,3400.148149,6812.046400,10212.194549,56,0,0.00,0.0984,0.0875
10195608.0,3400.216880,6812.244575,10212.461455,57,0,0.00,0.1109,0.0750
10195689.0,3400.250869,6812.335025,10212.585894,58,0,0.00,0.1297,0.0750
10196373.0,3400.533571,6813.090050,10213.623621,59,0,0.00,0.0922,0.0750
10196386.0,3400.538836,6813.104567,10213.643403,60,0,0.00,0.1094,0.0875
10196392.0,3400.541347,6813.111717,10213.653064,61,0,0.00,0.1266,0.1000
10196397.0,3400.543506,6813.118050,10213.661556,62,0,0.00,0.1438,0.1125
10196546.0,3400.609831,6813.317958,10213.927790,63,0,0.00,0.1609,0.1250
10196555.0,3400.613958,6813.330708,10213.944666,64,0,0.00,0.1797,0.1375
10196738.0,3400.700534,6813.603683,10214.304217,65,0,0.00,0.1984,0.1500
10196789.0,3400.725405,6813.683583,10214.408988,66,0,0.00,0.2031,0.1625
10196808.0,3400.734740,6813.714775,10214.449515,67,1,0.00,0.2172,0.1750
10197068.0,3400.865112,6814.156683,10215.021795,68,2,0.00,0.2250,0.1625
10197275.0,3400.966732,6814.472283,10215.439015,69,3,0.00,0.1984,0.1250
10197421.0,3401.037932,6814.679117,10215.717049,70,3,0.00,0.2172,0.1250
10197607.0,3401.131352,6814.942617,10216.073969,71,3,0.00,0.2219,0.1375
10198109.0,3401.382074,6815.670583,10217.052658,72,3,0.00,0.2016,0.1250
10198200.0,3401.426674,6815.799500,10217.226174,73,3,0.00,0.2078,0.1375
10198508.0,3401.579123,6816.258933,10217.838056,74,4,0.00,0.2250,0.1500
10198596.0,3401.623051,6816.391400,10218.014451,75,4,0.00,0.2016,0.1250
10198648.0,3401.648468,6816.464542,10218.113010,76,4,0.00,0.1953,0.1250
10198800.0,3401.721036,6816.679425,10218.400461,77,4,0.00,0.1891,0.1250
10198987.0,3401.810853,6816.944117,10218.754970,78,4,0.00,0.1891,0.1250
10199241.0,3401.932870,6817.303950,10219.236820,79,4,0.00,0.1938,0.1375
10199343.0,3401.982241,6817.456100,10219.438341,80,4,0.00,0.2000,0.1500
10199889.0,3402.244988,6818.238075,10220.483063,81,4,0.00,0.1938,0.1375
10199909.0,3402.254657,6818.267683,10220.522341,82,4,0.00,0.1953,0.1375
10200098.0,3402.346368,6818.549608,10220.895977,83,4,0.00,0.2047,0.1500
10200592.0,3402.585235,6819.267742,10221.852977,84,5,0.00,0.2172,0.1375
10200734.0,3402.656507,6819.478808,10222.135315,85,5,0.00,0.2297,0.1250
10200798.0,3402.689274,6819.569475,10222.258749,86,5,0.00,0.2359,0.1375
10200882.0,3402.732688,6819.694775,10222.427463,87,5,0.00,0.2484,0.1500
10201063.0,3402.827996,6819.978342,10222.806338,88,5,0.00,0.2531,0.1625
10201360.0,3402.976022,6820.411317,10223.387338,89,5,0.00,0.2016,0.1250
10201724.0,3403.150596,6820.884083,10224.034680,90,5,0.00,0.1969,0.1125
10201799.0,3403.187081,6820.984708,10224.171789,91,5,0.00,0.2016,0.1250
10209700.0,3406.557777,6828.621892,10235.179668,92,5,0.00,0.0594,0.0375
10209742.0,3406.573716,6828.659342,10235.233058,93,5,0.00,0.0781,0.0375
10209881.0,3406.627549,6828.776158,10235.403707,94,5,0.00,0.0672,0.0250
10209881.0,3406.627549,6828.776158,10235.403707,95,5,0.00,0.0797,0.0375
10209987.0,3406.669225,6828.869400,10235.538625,96,5,0.00,0.0672,0.0375
10210514.0,3406.864512,6829.312008,10236.176521,97,5,0.00,0.0484,0.0375
10210900.0,3407.006791,6829.637067,10236.643858,98,5,0.00,0.0484,0.0375
10210977.0,3407.035359,6829.705725,10236.741084,99,5,0.00,0.0531,0.0500
10211166.0,3407.105891,6829.882725,10236.988616,100,5,0.00,0.0531,0.0500
10211442.0,3407.208781,6830.138950,10237.347731,101,5,0.00,0.0656,0.0500
10211861.0,3407.365329,6830.518708,10237.884038,102,5,0.00,0.0438,0.0500
10211972.0,3407.406106,6830.626008,10238.032115,103,5,0.00,0.0500,0.0625
10212039.0,3407.430919,6830.693850,10238.124769,104,5,0.00,0.0484,0.0625
10212048.0,3407.434258,6830.703225,10238.137483,105,5,0.00,0.0531,0.0750
10212372.0,3407.554337,6831.038100,10238.592437,106,5,0.00,0.0484,0.0625
10212413.0,3407.569548,6831.080808,10238.650356,107,5,0.00,0.0531,0.0750
10212621.0,3407.644800,6831.287275,10238.932075,108,5,0.00,0.0359,0.0500
10212626.0,3407.646606,6831.292108,10238.938714,109,5,0.00,0.0406,0.0625
10212828.0,3407.719412,6831.489100,10239.208512,110,5,0.00,0.0281,0.0250
10212954.0,3407.764168,6831.592000,10239.356168,111,5,0.00,0.0328,0.0375
10212968.0,3407.769192,6831.604483,10239.373675,112,5,0.00,0.0375,0.0500
10213190.0,3407.848971,6831.804758,10239.653729,113,5,0.00,0.0516,0.0375
10260104.0,3423.589871,6863.580858,10287.170729,114,5,0.00,0.0047,0.0125
10260162.0,3423.609415,6863.623875,10287.233290,115,5,0.00,0.0219,0.0250
10260165.0,3423.610466,6863.626325,10287.236791,116,5,0.00,0.0266,0.0375
10260217.0,3423.628703,6863.670967,10287.299669,117,5,0.00,0.0094,0.0250
10260412.0,3423.694282,6863.812892,10287.507174,118,5,0.00,0.0063,0.0125
10260448.0,3423.706457,6863.839592,10287.546049,119,5,0.00,0.0188,0.0250
10260477.0,3423.716547,6863.863275,10287.579822,120,5,0.00,0.0234,0.0375
10260513.0,3423.729150,6863.894550,10287.623700,121,5,0.00,0.0266,0.0375
10260574.0,3423.750743,6863.948942,10287.699685,122,5,0.00,0.0641,0.0500
10260773.0,3423.825952,6864.133283,10287.959235,123,5,0.00,0.0578,0.0500
10260845.0,3423.853189,6864.202883,10288.056073,124,5,0.00,0.0719,0.0625
10260976.0,3423.903844,6864.334167,10288.238011,125,5,0.00,0.0719,0.0625
10261103.0,3423.953277,6864.466458,10288.419735,126,5,0.00,0.0859,0.0750
10261187.0,3423.986379,6864.552908,10288.539287,127,5,0.00,0.0844,0.0625
10261340.0,3424.047419,6864.712283,10288.759703,128,5,0.00,0.0906,0.0750
10261372.0,3424.060341,6864.748017,10288.808358,129,5,0.00,0.0969,0.0875
10261514.0,3424.118119,6864.911983,10289.030102,130,5,0.00,0.0969,0.0875
10261661.0,3424.178195,6865.087158,10289.265353,131,5,0.00,0.1016,0.1000
10261763.0,3424.218287,6865.201583,10289.419870,132,5,0.00,0.0859,0.0750
10262406.0,3424.464529,6865.820225,10290.284754,133,5,0.00,0.0563,0.0500
10262527.0,3424.510073,6865.935917,10290.445990,134,5,0.00,0.0563,0.0500
10262679.0,3424.567390,6866.082850,10290.650240,135,5,0.00,0.0813,0.0625
10263507.0,3424.890309,6866.924500,10291.814809,136,5,0.00,0.0625,0.0625
10263618.0,3424.932448,6867.036150,10291.968598,137,5,0.00,0.0609,0.0625
10263824.0,3425.010663,6867.246308,10292.256971,138,5,0.00,0.0609,0.0625
10263869.0,3425.027795,6867.293183,10292.320979,139,5,0.00,0.0656,0.0750
10263993.0,3425.075385,6867.430150,10292.505535,140,5,0.00,0.0656,0.0750
10264830.0,3425.391872,6868.257100,10293.648972,141,5,0.00,0.0609,0.0625
10265011.0,3425.460784,6868.445642,10293.906425,142,5,0.00,0.0781,0.0750
10265140.0,3425.509004,6868.576267,10294.085271,143,5,0.00,0.0484,0.0625
10265185.0,3425.525700,6868.623142,10294.148841,144,5,0.00,0.0859,0.0750
10265558.0,3425.674964,6869.039658,10294.714623,145,5,0.00,0.1047,0.0875
10266148.0,3425.919671,6869.742742,10295.662413,146,5,0.00,0.1109,0.1000
10266395.0,3426.022155,6870.041058,10296.063213,147,5,0.00,0.0984,0.0875
10266690.0,3426.143074,6870.392600,10296.535674,148,5,0.00,0.1359,0.1000
10266884.0,3426.228252,6870.638333,10296.866586,149,5,0.00,0.1422,0.1125
10266902.0,3426.236243,6870.662483,10296.898726,150,5,0.00,0.1703,0.1250
10274502.0,3429.086970,6877.453925,10306.540895,151,5,0.00,0.0438,0.0250
10275038.0,3429.283876,6877.891658,10307.175534,152,5,0.00,0.0484,0.0375
10275406.0,3429.420406,6878.219792,10307.640198,153,5,0.00,0.0531,0.0500
10276050.0,3429.653742,6878.782325,10308.436067,154,5,0.00,0.0406,0.0375
10276746.0,3429.901346,6879.354325,10309.255671,155,5,0.00,0.0234,0.0250
10277009.0,3429.993512,6879.563033,10309.556545,156,5,0.00,0.0250,0.0250
10277188.0,3430.056659,6879.709217,10309.765876,157,5,0.00,0.0297,0.0375
10277517.0,3430.172445,6879.979775,10310.152220,158,5,0.00,0.0422,0.0250
10277525.0,3430.175374,6879.986308,10310.161682,159,5,0.00,0.0609,0.0250
10277534.0,3430.178801,6879.993658,10310.172459,160,5,0.00,0.0797,0.0250
10277694.0,3430.241409,6880.124325,10310.365734,161,5,0.00,0.0797,0.0250
10277875.0,3430.312960,6880.272142,10310.585102,162,5,0.00,0.0984,0.0250
10277915.0,3430.329356,6880.304808,10310.634165,163,5,0.00,0.1031,0.0375
10281731.0,3431.730813,6883.707408,10315.438221,164,5,0.00,0.0328,0.0500
10281756.0,3431.739784,6883.731575,10315.471359,165,5,0.00,0.0453,0.0625
10281935.0,3431.804425,6883.903858,10315.708283,166,5,0.00,0.0266,0.0375
10282240.0,3431.912393,6884.175817,10316.088209,167,5,0.00,0.0391,0.0500
10282253.0,3431.917121,6884.188383,10316.105504,168,5,0.00,0.0438,0.0625
10282268.0,3431.922631,6884.204008,10316.126640,169,5,0.00,0.0484,0.0750
10282330.0,3431.945585,6884.272867,10316.218452,170,5,0.00,0.0406,0.0750
10282361.0,3431.956894,6884.307408,10316.264303,171,5,0.00,0.0531,0.0750
10282412.0,3431.975969,6884.363683,10316.339652,172,5,0.00,0.0547,0.0750
10282878.0,3432.150784,6884.877075,10317.027859,173,5,0.00,0.0672,0.0750
10282886.0,3432.153869,6884.886008,10317.039877,174,5,0.00,0.0719,0.0875
10283250.0,3432.292366,6885.280325,10317.572691,175,5,0.00,0.0578,0.0625
10283282.0,3432.304471,6885.313658,10317.618130,176,5,0.00,0.0719,0.0750
10283554.0,3432.409314,6885.611617,10318.020931,177,5,0.00,0.0688,0.0750
10283834.0,3432.514438,6885.906433,10318.420871,178,5,0.00,0.0688,0.0750
10284010.0,3432.582516,6886.102967,10318.685482,179,5,0.00,0.0734,0.0875
10284572.0,3432.801949,6886.772683,10319.574633,180,5,0.00,0.0906,0.1000
10284612.0,3432.818102,6886.823350,10319.641452,181,5,0.00,0.1078,0.1125
10284914.0,3432.940492,6887.192458,10320.132950,182,5,0.00,0.0906,0.1000
10285049.0,3432.995008,6887.363458,10320.358466,183,5,0.00,0.0953,0.1125
10285062.0,3433.000305,6887.380900,10320.381205,184,5,0.00,0.1203,0.1250
10285584.0,3433.221792,6888.092425,10321.314217,185,5,0.00,0.1406,0.1250
10285684.0,3433.266063,6888.234092,10321.500154,186,5,0.00,0.1453,0.1375
10285696.0,3433.271419,6888.251992,10321.523410,187,5,0.00,0.1500,0.1500
10286148.0,3433.472427,6888.910925,10322.383352,188,5,0.00,0.1578,0.1375
10286237.0,3433.512267,6889.038433,10322.550700,189,5,0.00,0.1516,0.1250
10286458.0,3433.611974,6889.351442,10322.963416,190,5,0.00,0.1422,0.1250
10286759.0,3433.744724,6889.761658,10323.506382,191,5,0.00,0.1563,0.1000
10286819.0,3433.772016,6889.837658,10323.609674,192,5,0.00,0.1609,0.1125
10287519.0,3434.080123,6890.664325,10324.744448,193,5,0.00,0.1313,0.0625
10287566.0,3434.100587,6890.713283,10324.813871,194,5,0.00,0.1547,0.0750
10287684.0,3434.153035,6890.838975,10324.992010,195,5,0.00,0.1625,0.0625
10287821.0,3434.213099,6890.973058,10325.186157,196,5,0.00,0.1453,0.0625
10287906.0,3434.251039,6891.061600,10325.312639,197,5,0.00,0.1734,0.0750
10287971.0,3434.281474,6891.134183,10325.415657,198,5,0.00,0.1859,0.0875
10288025.0,3434.307283,6891.198533,10325.505816,199,5,0.00,0.1922,0.1000
10288056.0,3434.322250,6891.237800,10325.560050,200,5,0.00,0.1969,0.1125
10288251.0,3434.416187,6891.494250,10325.910437,201,5,0.00,0.2078,0.1125
10288632.0,3434.596107,6891.982400,10326.578507,202,5,0.00,0.1750,0.1125
10288768.0,3434.657592,6892.153092,10326.810684,203,5,0.00,0.1609,0.0875
10296005.0,3437.467546,6898.689933,10336.157480,204,5,0.00,0.0531,0.0375
10296154.0,3437.523369,6898.822792,10336.346161,205,5,0.00,0.0578,0.0500
10296182.0,3437.533962,6898.849858,10336.383820,206,5,0.00,0.0750,0.0625
10296641.0,3437.712370,6899.299858,10337.012228,207,5,0.00,0.0750,0.0625
10296892.0,3437.807123,6899.543692,10337.350815,208,5,0.00,0.0703,0.0375
10296892.0,3437.807123,6899.543692,10337.350815,209,5,0.00,0.0938,0.0375
10296894.0,3437.807936,6899.545475,10337.353411,210,5,0.00,0.1172,0.0375
10297478.0,3438.034704,6900.066208,10338.100912,211,5,0.00,0.0641,0.0500
10297481.0,3438.035853,6900.069108,10338.104962,212,5,0.00,0.0688,0.0625
10297562.0,3438.067185,6900.153483,10338.220668,213,5,0.00,0.0859,0.0750
10297584.0,3438.075989,6900.178050,10338.254039,214,5,0.00,0.1031,0.0875
10297724.0,3438.133720,6900.341508,10338.475229,215,5,0.00,0.1031,0.0875
10297734.0,3438.137856,6900.353425,10338.491281,216,5,0.00,0.1203,0.1000
10297773.0,3438.154505,6900.402825,10338.557330,217,5,0.00,0.1250,0.1125
10297877.0,3438.198655,6900.538833,10338.737488,218,5,0.00,0.1125,0.1125
10298377.0,3438.400911,6901.095592,10339.496502,219,5,0.00,0.0531,0.0500
10298794.0,3438.551740,6901.468392,10340.020132,220,5,0.00,0.0547,0.0500
10298876.0,3438.582561,6901.547658,10340.130220,221,5,0.00,0.0609,0.0625
10299155.0,3438.688785,6901.838283,10340.527068,222,5,0.00,0.0703,0.0750
10299397.0,3438.782078,6902.099142,10340.881220,223,5,0.00,0.0688,0.0750
10299470.0,3438.810239,6902.179083,10340.989322,224,5,0.00,0.0813,0.0750
10299478.0,3438.813411,6902.188017,10341.001427,225,5,0.00,0.0984,0.0875
10299568.0,3438.850301,6902.295267,10341.145568,226,5,0.00,0.1156,0.1000
10343681.0,3454.611553,6936.266108,10390.877662,227,5,0.00,0.0313,0.0250
10343714.0,3454.623355,6936.293058,10390.916414,228,5,0.00,0.0484,0.0375
10343715.0,3454.623726,6936.293950,10390.917676,229,5,0.00,0.0656,0.0500
10344030.0,3454.744805,6936.598450,10391.343255,230,5,0.00,0.0703,0.0625
10344375.0,3454.878110,6936.946275,10391.824385,231,5,0.00,0.0844,0.0500
10344402.0,3454.888882,6936.972375,10391.861257,232,5,0.00,0.1031,0.0500
10344404.0,3454.889709,6936.974308,10391.864018,233,5,0.00,0.1203,0.0625
10344444.0,3454.906786,6937.015975,10391.922761,234,5,0.00,0.1375,0.0750
10344553.0,3454.954776,6937.137692,10392.092468,235,5,0.00,0.1563,0.0750
10344582.0,3454.967967,6937.170075,10392.138042,236,5,0.00,0.1750,0.0750
10344620.0,3454.985806,6937.212508,10392.198314,237,5,0.00,0.1813,0.0875
10344645.0,3454.997663,6937.242300,10392.239963,238,5,0.00,0.1875,0.1000
10345184.0,3455.232547,6937.916783,10393.149331,239,5,0.00,0.1109,0.1000
10345822.0,3455.498520,6938.689067,10394.187586,240,5,0.00,0.1063,0.0875
10345859.0,3455.513911,6938.733158,10394.247069,241,5,0.00,0.1109,0.1000
10345885.0,3455.524821,6938.766092,10394.290913,242,5,0.00,0.1234,0.1000
10345975.0,3455.563461,6938.880092,10394.443553,243,5,0.00,0.1406,0.1125
10347405.0,3456.164528,6940.485325,10396.649853,244,5,0.00,0.1359,0.0875
10347728.0,3456.305155,6940.863558,10397.168713,245,5,0.00,0.1234,0.0875
10347817.0,3456.343366,6940.969617,10397.312983,246,5,0.00,0.1297,0.1000
10347973.0,3456.410992,6941.164967,10397.575959,247,5,0.00,0.1438,0.0875
10347977.0,3456.412773,6941.169733,10397.582506,248,5,0.00,0.1625,0.0875
10348022.0,3456.433460,6941.223358,10397.656819,249,5,0.00,0.1813,0.0875
10348057.0,3456.450061,6941.265067,10397.715128,250,5,0.00,0.2094,0.1000
10348094.0,3456.468420,6941.311933,10397.780353,251,5,0.00,0.2141,0.1125
10348096.0,3456.469419,6941.314617,10397.784036,252,6,0.00,0.2328,0.1125
10348132.0,3456.487938,6941.362917,10397.850855,253,7,0.00,0.2516,0.1125
10348477.0,3456.653045,6941.770292,10398.423337,254,7,0.00,0.1641,0.0875
10348594.0,3456.706585,6941.901692,10398.608277,255,7,0.00,0.1781,0.0875
10349004.0,3456.895065,6942.384050,10399.279115,256,7,0.00,0.1703,0.0875
10349014.0,3456.899548,6942.395292,10399.294840,257,7,0.00,0.1641,0.0750
10349068.0,3456.924439,6942.455592,10399.380030,258,7,0.00,0.1828,0.0750
10349201.0,3456.987683,6942.604108,10399.591791,259,7,0.00,0.2078,0.0875
10349365.0,3457.068857,6942.799542,10399.868399,260,8,0.00,0.2250,0.1000
10349476.0,3457.123510,6942.936992,10400.060502,261,8,0.00,0.2016,0.1000
10349496.0,3457.133312,6942.962325,10400.095637,262,8,0.00,0.2078,0.1125
10349561.0,3457.165485,6943.049533,10400.215018,263,8,0.00,0.2328,0.1250
10349678.0,3457.224402,6943.210933,10400.435336,264,8,0.00,0.2109,0.1250
10350125.0,3457.441683,6943.786508,10401.228191,265,8,0.00,0.2047,0.0875
10350130.0,3457.444145,6943.792467,10401.236612,266,8,0.00,0.2234,0.0875
10350591.0,3457.672040,6944.335150,10402.007190,267,9,0.00,0.2172,0.0750
10350733.0,3457.742213,6944.490642,10402.232855,268,9,0.00,0.1922,0.0625
10352281.0,3458.424167,6945.987417,10404.411583,269,9,0.00,0.1359,0.0625
10352735.0,3458.617196,6946.426058,10405.043255,270,9,0.00,0.0969,0.0500
10352776.0,3458.633952,6946.465692,10405.099644,271,9,0.00,0.1219,0.0500
10352901.0,3458.687041,6946.577750,10405.264791,272,9,0.00,0.1359,0.0375
10352949.0,3458.708116,6946.620550,10405.328666,273,9,0.00,0.1547,0.0375
10353010.0,3458.735789,6946.674942,10405.410730,274,9,0.00,0.1734,0.0375
10353158.0,3458.804153,6946.802108,10405.606261,275,9,0.00,0.1781,0.0375
10353265.0,3458.854644,6946.897517,10405.752160,276,9,0.00,0.1828,0.0500
10353271.0,3458.857497,6946.903317,10405.760814,277,9,0.00,0.1875,0.0625
10353550.0,3458.990747,6947.184942,10406.175689,278,9,0.00,0.1891,0.0625
10360992.0,3461.794069,6953.450150,10415.244219,279,9,0.00,0.0609,0.0250
10361018.0,3461.803968,6953.471383,10415.275351,280,9,0.00,0.0844,0.0250
10361057.0,3461.819527,6953.503233,10415.322760,281,9,0.00,0.1016,0.0375
10361087.0,3461.831897,6953.529983,10415.361880,282,9,0.00,0.1063,0.0500
10361148.0,3461.857271,6953.588950,10415.446221,283,9,0.00,0.1188,0.0625
10362004.0,3462.211230,6954.364817,10416.576047,284,9,0.00,0.1250,0.0375
10362009.0,3462.213383,6954.369275,10416.582658,285,9,0.00,0.1438,0.0375
10362192.0,3462.293257,6954.532450,10416.825707,286,9,0.00,0.1375,0.0500
10362242.0,3462.315271,6954.580783,10416.896054,287,9,0.00,0.1422,0.0625
10362464.0,3462.409994,6954.812033,10417.222027,288,9,0.00,0.1188,0.0750
10362608.0,3462.470773,6954.962108,10417.432881,289,9,0.00,0.1328,0.0625
10362627.0,3462.479069,6954.981900,10417.460969,290,9,0.00,0.1391,0.0750
10363056.0,3462.668469,6955.460950,10418.129419,291,9,0.00,0.1453,0.0875
10364477.0,3463.288057,6957.072483,10420.360540,292,9,0.00,0.1063,0.0375
10364499.0,3463.297004,6957.092100,10420.389104,293,9,0.00,0.1047,0.0500
10365106.0,3463.545320,6957.678867,10421.224186,294,9,0.00,0.0719,0.0625
10365188.0,3463.577237,6957.764283,10421.341520,295,9,0.00,0.0766,0.0750
10365764.0,3463.800507,6958.345158,10422.145666,296,9,0.00,0.0922,0.0500
10365812.0,3463.819949,6958.391558,10422.211507,297,9,0.00,0.1172,0.0500
10365815.0,3463.821222,6958.394458,10422.215681,298,9,0.00,0.1422,0.0500
10366402.0,3464.081806,6958.961892,10423.043697,299,9,0.00,0.1469,0.0625
10366634.0,3464.184772,6959.189458,10423.374230,300,9,0.00,0.1547,0.0375
10366655.0,3464.194298,6959.208183,10423.402481,301,9,0.00,0.1672,0.0500
10366655.0,3464.194298,6959.208183,10423.402481,302,9,0.00,0.1797,0.0625
10366673.0,3464.202814,6959.226933,10423.429747,303,9,0.00,0.1984,0.0625
10366675.0,3464.203789,6959.229017,10423.432806,304,10,0.00,0.2172,0.0625
10366864.0,3464.295080,6959.425892,10423.720971,305,11,0.00,0.1859,0.0625
10366923.0,3464.322384,6959.487350,10423.809734,306,11,0.00,0.1656,0.0750
10367089.0,3464.399102,6959.672717,10424.071818,307,11,0.00,0.1828,0.0750
10367276.0,3464.487514,6959.871033,10424.358547,308,11,0.00,0.1969,0.0625
10367461.0,3464.577508,6960.063742,10424.641250,309,11,0.00,0.2156,0.0625
10367581.0,3464.637167,6960.188742,10424.825908,310,12,0.00,0.2219,0.0625
10368044.0,3464.871400,6960.671033,10425.542433,311,12,0.00,0.2391,0.0750
10368051.0,3464.875035,6960.678850,10425.553885,312,13,0.00,0.2563,0.0875
10368169.0,3464.936003,6960.819467,10425.755470,313,14,0.00,0.2391,0.0875
10368553.0,3465.130834,6961.277067,10426.407901,314,14,0.00,0.2391,0.0875
10368935.0,3465.321495,6961.718783,10427.040279,315,14,0.00,0.2297,0.0875
10369049.0,3465.379861,6961.854633,10427.234494,316,14,0.00,0.2344,0.1000
10369221.0,3465.468549,6962.072500,10427.541049,317,14,0.00,0.2578,0.1000
10369226.0,3465.471218,6962.078833,10427.550051,318,15,0.00,0.2813,0.1000
10369226.0,3465.471218,6962.078833,10427.550051,319,16,0.00,0.3047,0.1000
10369368.0,3465.549902,6962.249475,10427.799377,320,16,0.00,0.2984,0.1000
10369381.0,3465.557253,6962.265942,10427.823194,321,16,0.00,0.3031,0.1125
10369594.0,3465.678109,6962.550892,10428.229001,322,16,0.00,0.2844,0.1125
10369742.0,3465.759394,6962.748333,10428.507727,323,16,0.00,0.2578,0.1000
10369814.0,3465.797740,6962.837658,10428.635398,324,16,0.00,0.2578,0.1000
10369891.0,3465.838847,6962.935192,10428.774038,325,16,0.00,0.2594,0.1125
10369903.0,3465.845268,6962.951292,10428.796559,326,16,0.00,0.2844,0.1250
10370121.0,3465.958302,6963.248650,10429.206952,327,17,0.00,0.2391,0.1125
10370192.0,3465.995170,6963.343908,10429.339079,328,17,0.00,0.2484,0.1250
10370195.0,3465.996750,6963.348158,10429.344908,329,17,0.00,0.2531,0.1375
10370418.0,3466.112391,6963.680800,10429.793191,330,17,0.00,0.2391,0.1500
10370444.0,3466.125884,6963.721383,10429.847268,331,17,0.00,0.2406,0.1500
10370779.0,3466.300222,6964.245692,10430.545913,332,17,0.00,0.2406,0.1500
10370813.0,3466.317915,6964.298883,10430.616798,333,17,0.00,0.2406,0.1500
10370815.0,3466.318956,6964.302017,10430.620972,334,17,0.00,0.2453,0.1625
10371165.0,3466.491568,6964.774450,10431.266018,335,17,0.00,0.2203,0.1125
10371552.0,3466.686882,6965.293675,10431.980557,336,17,0.00,0.2250,0.1250
10390019.0,3473.751201,6983.144283,10456.895484,337,17,0.00,0.0578,0.0500
10390460.0,3473.914375,6983.542383,10457.456758,338,17,0.00,0.0516,0.0500
10390495.0,3473.927445,6983.576217,10457.503662,339,17,0.00,0.0578,0.0625
10390956.0,3474.097665,6983.992000,10458.089665,340,17,0.00,0.0578,0.0500
10391797.0,3474.412859,6984.782167,10459.195025,341,17,0.00,0.0516,0.0500
10392044.0,3474.504028,6985.004433,10459.508461,342,17,0.00,0.0578,0.0500
10392058.0,3474.509324,6985.017967,10459.527291,343,17,0.00,0.0719,0.0625
10392193.0,3474.561029,6985.152817,10459.713846,344,17,0.00,0.0625,0.0625
10392464.0,3474.664069,6985.425508,10460.089578,345,17,0.00,0.0953,0.0625
10392524.0,3474.688517,6985.488008,10460.176526,346,17,0.00,0.1016,0.0750
10392696.0,3474.753862,6985.656675,10460.410537,347,17,0.00,0.0766,0.0500
10392972.0,3474.862297,6985.923475,10460.785772,348,17,0.00,0.0906,0.0625
10393119.0,3474.920598,6986.069325,10460.989923,349,17,0.00,0.0953,0.0500
10432820.0,3489.587277,7021.669483,10511.256761,350,17,0.00,0.0516,0.0500
10432946.0,3489.634330,7021.791283,10511.425614,351,17,0.00,0.0688,0.0625
10433225.0,3489.741248,7022.066458,10511.807706,352,17,0.00,0.0672,0.0625
10433505.0,3489.848291,7022.339150,10512.187441,353,17,0.00,0.0672,0.0625
10433553.0,3489.866799,7022.389150,10512.255949,354,17,0.00,0.0734,0.0750
10433611.0,3489.889411,7022.453392,10512.342803,355,17,0.00,0.0719,0.0750
10433709.0,3489.927556,7022.562825,10512.490381,356,17,0.00,0.0891,0.0875
10433799.0,3489.963630,7022.666775,10512.630405,357,17,0.00,0.1016,0.0875
10433959.0,3490.029602,7022.857442,10512.887044,358,17,0.00,0.1078,0.1000
10434155.0,3490.109718,7023.093333,10513.203052,359,17,0.00,0.0766,0.0750
10434472.0,3490.230385,7023.425567,10513.655952,360,17,0.00,0.0641,0.0750
10434545.0,3490.258356,7023.507083,10513.765439,361,17,0.00,0.0813,0.0875
10434573.0,3490.269459,7023.540450,10513.809909,362,17,0.00,0.0984,0.1000
10434999.0,3490.438394,7024.027400,10514.465794,363,17,0.00,0.0641,0.0750
10435326.0,3490.563687,7024.392550,10514.956237,364,17,0.00,0.0891,0.0750
10435374.0,3490.583012,7024.446150,10515.029162,365,17,0.00,0.1063,0.0875
10435598.0,3490.676190,7024.713083,10515.389273,366,17,0.00,0.1188,0.1000
10435669.0,3490.706414,7024.803017,10515.509431,367,17,0.00,0.1328,0.1125
10436334.0,3490.996775,7025.695225,10516.692000,368,17,0.00,0.1469,0.1250
10436385.0,3491.019601,7025.767475,10516.787076,369,17,0.00,0.1641,0.1375
10436392.0,3491.022827,7025.777917,10516.800744,370,17,0.00,0.1703,0.1500
10436392.0,3491.022827,7025.777917,10516.800744,371,17,0.00,0.1828,0.1500
10436424.0,3491.038037,7025.827900,10516.865937,372,17,0.00,0.1953,0.1500
10436454.0,3491.052594,7025.874900,10516.927494,373,17,0.00,0.2000,0.1625
10436461.0,3491.055989,7025.886242,10516.942231,374,17,0.00,0.1891,0.1625
10436556.0,3491.101290,7026.035300,10517.136590,375,17,0.00,0.1906,0.1625
10436721.0,3491.179497,7026.299125,10517.478622,376,17,0.00,0.1781,0.1625
10437388.0,3491.480878,7027.301042,10518.781920,377,17,0.00,0.1375,0.1375
10437520.0,3491.538929,7027.496592,10519.035521,378,17,0.00,0.1375,0.1375
10437771.0,3491.648068,7027.849850,10519.497918,379,17,0.00,0.1297,0.1250
10437793.0,3491.657621,7027.881017,10519.538637,380,17,0.00,0.1422,0.1375
10438117.0,3491.797062,7028.316617,10520.113679,381,17,0.00,0.1375,0.1125
10438120.0,3491.798383,7028.320642,10520.119025,382,17,0.00,0.1422,0.1250
10438490.0,3491.961804,7028.827708,10520.789512,383,17,0.00,0.1422,0.1250
10438646.0,3492.030724,7029.041883,10521.072607,384,17,0.00,0.1547,0.1250
10438828.0,3492.113288,7029.299717,10521.413004,385,17,0.00,0.1688,0.1375
10438984.0,3492.185763,7029.532417,10521.718179,386,17,0.00,0.1828,0.1500
10439238.0,3492.306545,7029.930350,10522.236895,387,17,0.00,0.1875,0.1625
10439500.0,3492.431310,7030.355142,10522.786452,388,17,0.00,0.1906,0.1625
10439612.0,3492.484353,7030.533983,10523.018336,389,17,0.00,0.1797,0.1625
10439715.0,3492.532824,7030.699100,10523.231924,390,17,0.00,0.1781,0.1625
10439780.0,3492.563496,7030.805808,10523.369304,391,17,0.00,0.1828,0.1750
10462043.0,3501.271094,7055.158183,10556.429278,392,17,0.00,0.0688,0.0625
10462484.0,3501.438613,7055.596558,10557.035172,393,17,0.00,0.0609,0.0625
10462683.0,3501.513644,7055.792525,10557.306169,394,17,0.00,0.0734,0.0500
10462689.0,3501.515987,7055.798325,10557.314312,395,17,0.00,0.0922,0.0500
10462806.0,3501.562589,7055.911425,10557.474014,396,17,0.00,0.0922,0.0500
10463316.0,3501.765860,7056.404425,10558.170285,397,17,0.00,0.0672,0.0625
10463316.0,3501.765860,7056.404425,10558.170285,398,17,0.00,0.0797,0.0750
10463437.0,3501.813693,7056.539542,10558.353235,399,17,0.00,0.0984,0.0875
10463704.0,3501.923135,7056.857717,10558.780852,400,17,0.00,0.1031,0.1000
10463934.0,3502.017187,7057.136675,10559.153862,401,17,0.00,0.1234,0.0875
10464624.0,3502.290944,7057.880700,10560.171644,402,17,0.00,0.0781,0.0750
10464849.0,3502.379240,7058.124225,10560.503465,403,17,0.00,0.0797,0.0750
10464987.0,3502.433414,7058.272475,10560.705889,404,17,0.00,0.0797,0.0750
10605761.0,3553.091417,7180.091408,10733.182825,405,17,0.00,0.0391,0.0375
10606214.0,3553.256180,7180.495333,10733.751513,406,17,0.00,0.0563,0.0500
10606251.0,3553.270132,7180.531100,10733.801232,407,17,0.00,0.0734,0.0625
10606253.0,3553.270913,7180.533183,10733.804096,408,17,0.00,0.0906,0.0750
10606258.0,3553.272932,7180.538767,10733.811698,409,17,0.00,0.1078,0.0875
10606419.0,3553.340099,7180.730625,10734.070724,410,17,0.00,0.1203,0.1000
10606788.0,3553.497629,7181.198025,10734.695654,411,17,0.00,0.1250,0.1125
10607376.0,3553.739254,7181.900900,10735.640154,412,17,0.00,0.0922,0.0875
10607398.0,3553.748165,7181.927117,10735.675281,413,17,0.00,0.0969,0.1000
10607576.0,3553.820194,7182.141183,10735.961377,414,17,0.00,0.0906,0.0875
10607608.0,3553.833116,7182.179317,10736.012433,415,17,0.00,0.1078,0.1000
10607623.0,3553.839374,7182.198317,10736.037691,416,17,0.00,0.1250,0.1125
10607663.0,3553.856596,7182.251983,10736.108580,417,17,0.00,0.1297,0.1250
10607957.0,3553.974076,7182.586808,10736.560884,418,17,0.00,0.0719,0.0750
10608029.0,3554.002053,7182.666233,10736.668287,419,17,0.00,0.0719,0.0750
10608060.0,3554.014120,7182.700850,10736.714970,420,17,0.00,0.0906,0.0750
10608064.0,3554.015735,7182.705317,10736.721052,421,17,0.00,0.1188,0.0875
10608152.0,3554.052959,7182.805308,10736.858268,422,17,0.00,0.1328,0.0750
10608654.0,3554.268686,7183.346450,10737.615136,423,17,0.00,0.1656,0.0625
10608655.0,3554.269148,7183.347492,10737.616640,424,17,0.00,0.2156,0.0625
10608731.0,3554.307227,7183.426658,10737.733886,425,17,0.00,0.2219,0.0750
10608824.0,3554.352760,7183.530508,10737.883268,426,17,0.00,0.1391,0.0875
10608911.0,3554.390543,7183.634183,10738.024726,427,17,0.00,0.1375,0.1000
10608922.0,3554.395386,7183.648117,10738.043502,428,17,0.00,0.1422,0.1125
10609035.0,3554.444608,7183.796500,10738.241108,429,17,0.00,0.1328,0.1000
10609680.0,3554.688616,7184.409950,10739.098566,430,17,0.00,0.0438,0.0500
10609831.0,3554.744087,7184.555917,10739.300004,431,17,0.00,0.0938,0.0500
10609831.0,3554.744087,7184.555917,10739.300004,432,17,0.00,0.1438,0.0500
10609833.0,3554.744978,7184.557850,10739.302828,433,17,0.00,0.1938,0.0500
10610123.0,3554.869207,7184.838183,10739.707390,434,17,0.00,0.0688,0.0500
10610472.0,3555.004202,7185.175550,10740.179752,435,17,0.00,0.0734,0.0625
10610584.0,3555.047823,7185.289967,10740.337790,436,17,0.00,0.0734,0.0625
10610643.0,3555.070860,7185.351425,10740.422285,437,17,0.00,0.0781,0.0750
10610689.0,3555.088988,7185.402792,10740.491780,438,17,0.00,0.1063,0.0875
10610690.0,3555.089404,7185.403983,10740.493388,439,17,0.00,0.1344,0.1000
10610791.0,3555.133452,7185.528317,10740.661768,440,17,0.00,0.1531,0.0875
10610840.0,3555.155621,7185.586708,10740.742329,441,17,0.00,0.1703,0.1000
10610930.0,3555.197543,7185.700708,10740.898251,442,17,0.00,0.1719,0.1125
10611007.0,3555.233203,7185.796892,10741.030094,443,17,0.00,0.1719,0.1000
10611220.0,3555.332677,7186.066692,10741.399368,444,17,0.00,0.1766,0.1125
10611619.0,3555.516094,7186.583192,10742.099285,445,17,0.00,0.1516,0.1125
10611842.0,3555.614402,7186.861608,10742.476010,446,17,0.00,0.1516,0.1000
10616771.0,3557.496384,7192.043233,10749.539617,447,17,0.00,0.0297,0.0500
10617324.0,3557.693486,7192.577800,10750.271286,448,17,0.00,0.0359,0.0625
10617651.0,3557.811232,7192.912350,10750.723582,449,17,0.00,0.0578,0.0625
10617680.0,3557.822203,7192.942558,10750.764761,450,17,0.00,0.0641,0.0750
10617694.0,3557.827567,7192.958192,10750.785759,451,17,0.00,0.0703,0.0875
10617708.0,3557.833000,7192.974875,10750.807875,452,17,0.00,0.0766,0.1000
10618001.0,3557.946315,7193.318258,10751.264574,453,17,0.00,0.0703,0.0875
10618278.0,3558.050144,7193.635825,10751.685969,454,17,0.00,0.0469,0.0875
10619240.0,3558.400240,7194.679383,10753.079623,455,17,0.00,0.0406,0.0750
10619379.0,3558.450965,7194.834600,10753.285565,456,17,0.00,0.0656,0.0875
10619480.0,3558.489448,7194.947983,10753.437431,457,17,0.00,0.0781,0.0875
10619521.0,3558.505606,7194.996842,10753.502448,458,17,0.00,0.0844,0.1000
10619523.0,3558.506404,7194.999375,10753.505779,459,17,0.00,0.0906,0.1125
10619649.0,3558.556814,7195.161150,10753.717964,460,17,0.00,0.1016,0.1125
10619925.0,3558.667675,7195.514950,10754.182625,461,17,0.00,0.0906,0.1125
10620055.0,3558.719734,7195.682617,10754.402351,462,17,0.00,0.0891,0.1125
10620914.0,3559.058109,7196.762583,10755.820692,463,17,0.00,0.0656,0.0875
10620936.0,3559.066565,7196.788800,10755.855365,464,17,0.00,0.0844,0.1000
10620997.0,3559.090902,7196.866067,10755.956968,465,17,0.00,0.1031,0.1125
10621013.0,3559.097518,7196.887533,10755.985052,466,17,0.00,0.1078,0.1250
10621070.0,3559.121298,7196.968283,10756.089581,467,17,0.00,0.1313,0.1250
10621072.0,3559.122169,7196.971117,10756.093286,468,17,0.00,0.1547,0.1250
10621075.0,3559.123530,7196.975367,10756.098897,469,17,0.00,0.1594,0.1375
10621079.0,3559.125352,7196.981183,10756.106535,470,17,0.00,0.1609,0.1375
10621163.0,3559.163866,7197.106483,10756.270350,471,17,0.00,0.1844,0.1375
10621473.0,3559.309260,7197.527350,10756.836610,472,17,0.00,0.1828,0.1250
10621534.0,3559.338267,7197.613767,10756.952034,473,17,0.00,0.1875,0.1375
10621540.0,3559.341142,7197.622717,10756.963859,474,17,0.00,0.2125,0.1500
10621911.0,3559.524552,7198.167350,10757.691902,475,17,0.00,0.2281,0.1250
10622088.0,3559.610874,7198.406850,10758.017724,476,17,0.00,0.1813,0.1125
10622215.0,3559.671111,7198.577242,10758.248352,477,17,0.00,0.1859,0.1250
10622339.0,3559.729619,7198.739258,10758.468878,478,17,0.00,0.1891,0.1125
10622381.0,3559.749194,7198.795608,10758.544802,479,17,0.00,0.1891,0.1125
10622536.0,3559.823653,7199.003567,10758.827220,480,17,0.00,0.1938,0.1250
10622843.0,3559.964558,7199.399708,10759.364266,481,17,0.00,0.1609,0.1000
10622994.0,3560.033307,7199.583475,10759.616782,482,17,0.00,0.1594,0.1000
10623089.0,3560.076669,7199.702158,10759.778827,483,17,0.00,0.1594,0.1000
10623164.0,3560.110966,7199.797158,10759.908124,484,17,0.00,0.1719,0.1125
10623875.0,3560.418623,7200.647883,10761.066507,485,17,0.00,0.1203,0.0875
10623916.0,3560.436127,7200.696742,10761.132868,486,17,0.00,0.1250,0.1000
10623951.0,3560.451196,7200.741075,10761.192271,487,17,0.00,0.1297,0.1125
10623981.0,3560.464222,7200.781325,10761.245547,488,17,0.00,0.1344,0.1250
10623984.0,3560.465536,7200.785575,10761.251111,489,17,0.00,0.1344,0.1250
10624068.0,3560.502224,7200.902700,10761.404924,490,17,0.00,0.1531,0.1250
10624182.0,3560.553327,7201.054450,10761.607777,491,17,0.00,0.1484,0.1125
10624232.0,3560.575601,7201.120258,10761.695859,492,17,0.00,0.1406,0.1125
10624269.0,3560.591981,7201.169900,10761.761881,493,17,0.00,0.1453,0.1250
10624621.0,3560.745930,7201.603392,10762.349321,494,17,0.00,0.1359,0.1000
10624837.0,3560.836680,7201.873167,10762.709847,495,17,0.00,0.1125,0.1000
10625058.0,3560.929429,7202.147850,10763.077279,496,17,0.00,0.1125,0.1000
10625248.0,3561.008928,7202.379067,10763.387995,497,17,0.00,0.1141,0.1000
10625532.0,3561.128790,7202.738800,10763.867590,498,17,0.00,0.1188,0.1125
10625567.0,3561.143553,7202.785233,10763.928786,499,17,0.00,0.0984,0.1125
10625608.0,3561.160359,7202.840242,10764.000600,500,17,0.00,0.1156,0.1250
10625887.0,3561.277137,7203.208492,10764.485628,501,17,0.00,0.1109,0.1125
10625979.0,3561.315742,7203.331925,10764.647667,502,17,0.00,0.1156,0.1250
10626014.0,3561.330556,7203.381508,10764.712064,503,17,0.00,0.1203,0.1375
10626024.0,3561.334825,7203.396425,10764.731250,504,17,0.00,0.1266,0.1500
10626288.0,3561.446047,7203.757450,10765.203497,505,17,0.00,0.1109,0.1125
10626406.0,3561.495561,7203.915767,10765.411328,506,17,0.00,0.1156,0.1250
10626422.0,3561.502334,7203.938433,10765.440767,507,17,0.00,0.1328,0.1375
10626535.0,3561.551374,7204.100842,10765.652216,508,17,0.00,0.1406,0.1375
10626709.0,3561.627155,7204.343667,10765.970822,509,17,0.00,0.1375,0.1250
10626716.0,3561.630237,7204.353583,10765.983820,510,17,0.00,0.1422,0.1375
10626940.0,3561.728317,7204.663867,10766.392184,511,17,0.00,0.1438,0.1250
10626997.0,3561.753690,7204.744617,10766.498307,512,17,0.00,0.1484,0.1375
10627009.0,3561.759075,7204.762517,10766.521592,513,17,0.00,0.1531,0.1500
10627217.0,3561.852171,7205.067608,10766.919779,514,17,0.00,0.1484,0.1375
10627477.0,3561.968385,7205.445767,10767.414151,515,17,0.00,0.1688,0.1375
10627637.0,3562.040786,7205.676483,10767.717269,516,17,0.00,0.1500,0.1375
10627657.0,3562.049786,7205.706317,10767.756102,517,17,0.00,0.1688,0.1500
10627857.0,3562.141321,7206.010350,10768.151671,518,17,0.00,0.1500,0.1375
10628078.0,3562.240515,7206.334758,10768.575274,519,17,0.00,0.1500,0.1375
10628141.0,3562.268865,7206.428733,10768.697599,520,17,0.00,0.1547,0.1500
10628171.0,3562.282446,7206.475133,10768.757579,521,17,0.00,0.1547,0.1500
10628219.0,3562.304199,7206.549883,10768.854082,522,17,0.00,0.1625,0.1500
10628333.0,3562.354576,7206.710933,10769.065510,523,17,0.00,0.1328,0.1250
10628449.0,3562.405226,7206.875267,10769.280492,524,17,0.00,0.1375,0.1375
10628579.0,3562.462186,7207.065883,10769.528069,525,17,0.00,0.1453,0.1250
10628816.0,3562.567429,7207.390458,10769.957887,526,17,0.00,0.1453,0.1250
10629037.0,3562.665628,7207.694392,10770.360020,527,17,0.00,0.1594,0.1250
10629105.0,3562.696724,7207.790725,10770.487449,528,17,0.00,0.1766,0.1375
10629108.0,3562.698136,7207.795200,10770.493336,529,17,0.00,0.1828,0.1500
10629109.0,3562.698611,7207.796767,10770.495378,530,17,0.00,0.1875,0.1625
10629464.0,3562.867888,7208.365233,10771.233121,531,17,0.00,0.1688,0.1500
10629645.0,3562.951948,7208.648200,10771.600148,532,17,0.00,0.1766,0.1500
10629692.0,3562.974069,7208.721833,10771.695903,533,17,0.00,0.1813,0.1625
10630406.0,3563.303292,7209.795808,10773.099100,534,17,0.00,0.1516,0.1375
10634435.0,3564.994802,7214.748083,10779.742885,535,17,0.00,0.0813,0.0625
10634499.0,3565.020180,7214.814750,10779.834930,536,17,0.00,0.1063,0.0750
10634588.0,3565.057201,7214.914133,10779.971335,537,17,0.00,0.1125,0.0875
10634702.0,3565.105176,7215.049983,10780.155160,538,17,0.00,0.1172,0.1000
10635133.0,3565.287255,7215.577992,10780.865247,539,17,0.00,0.1313,0.1000
10635301.0,3565.360405,7215.790792,10781.151197,540,17,0.00,0.1359,0.1125
10635708.0,3565.533744,7216.291400,10781.825144,541,17,0.00,0.1188,0.1000
10636450.0,3565.847840,7217.224442,10783.072282,542,17,0.00,0.0984,0.1000
10636604.0,3565.910673,7217.413508,10783.324181,543,17,0.00,0.0984,0.1000
10636619.0,3565.916821,7217.432508,10783.349329,544,17,0.00,0.1031,0.1125
10636821.0,3565.999653,7217.689050,10783.688703,545,17,0.00,0.1063,0.1000
10636834.0,3566.005060,7217.705517,10783.710577,546,17,0.00,0.1188,0.1125
10637322.0,3566.210845,7218.345175,10784.556020,547,17,0.00,0.1109,0.1125
10637407.0,3566.246443,7218.457792,10784.704235,548,17,0.00,0.1234,0.1125
10637671.0,3566.359789,7218.811992,10785.171781,549,17,0.00,0.1281,0.1250
10637870.0,3566.442822,7219.069083,10785.511905,550,17,0.00,0.1109,0.1125
10637935.0,3566.470097,7219.156292,10785.626389,551,17,0.00,0.1156,0.1250
10638056.0,3566.520962,7219.320508,10785.841470,552,17,0.00,0.1156,0.1250
10638109.0,3566.543395,7219.395592,10785.938986,553,17,0.00,0.1328,0.1375
10638114.0,3566.545578,7219.403050,10785.948628,554,17,0.00,0.1453,0.1500
10638115.0,3566.546024,7219.404617,10785.950641,555,17,0.00,0.1516,0.1625
10638273.0,3566.615587,7219.651025,10786.266612,556,17,0.00,0.1344,0.1500
10638595.0,3566.754895,7220.130592,10786.885487,557,17,0.00,0.1156,0.1250
10638652.0,3566.779022,7220.211342,10786.990363,558,17,0.00,0.1328,0.1375
10638729.0,3566.812105,7220.319750,10787.131855,559,17,0.00,0.1156,0.1250
10638744.0,3566.818454,7220.341000,10787.159454,560,17,0.00,0.1281,0.1375
10638906.0,3566.888211,7220.574700,10787.462911,561,17,0.00,0.1406,0.1375
10639074.0,3566.961488,7220.816825,10787.778313,562,17,0.00,0.1328,0.1375
10639297.0,3567.058368,7221.139417,10788.197785,563,17,0.00,0.1328,0.1375
10639399.0,3567.102773,7221.288867,10788.391640,564,17,0.00,0.1328,0.1375
10639496.0,3567.145003,7221.431008,10788.576011,565,17,0.00,0.1328,0.1375
10639679.0,3567.224906,7221.703983,10788.928890,566,17,0.00,0.1391,0.1500
10639890.0,3567.317452,7222.022025,10789.339477,567,17,0.00,0.1391,0.1500
10639932.0,3567.335995,7222.087825,10789.423820,568,17,0.00,0.1438,0.1625
10639998.0,3567.364947,7222.194525,10789.559472,569,17,0.00,0.1313,0.1625
10640082.0,3567.401227,7222.327325,10789.728552,570,17,0.00,0.1391,0.1500
10640985.0,3567.780345,7223.552425,10791.332770,571,17,0.00,0.0969,0.1000
10641008.0,3567.789745,7223.581558,10791.371303,572,17,0.00,0.1094,0.1125
10641174.0,3567.857709,7223.786725,10791.644434,573,17,0.00,0.1094,0.1000
10641229.0,3567.880721,7223.856392,10791.737113,574,17,0.00,0.1266,0.1125
10641293.0,3567.908034,7223.940458,10791.848492,575,17,0.00,0.0969,0.1000
10641464.0,3567.977582,7224.150158,10792.127741,576,17,0.00,0.0969,0.1000
10641548.0,3568.011912,7224.256558,10792.268470,577,17,0.00,0.0969,0.1000
10641879.0,3568.146211,7224.655800,10792.802011,578,17,0.00,0.0969,0.1000
10641958.0,3568.178497,7224.755867,10792.934364,579,17,0.00,0.1016,0.1125
10642072.0,3568.225163,7224.901842,10793.127005,580,17,0.00,0.0969,0.1000
10642124.0,3568.246415,7224.967708,10793.214123,581,17,0.00,0.1094,0.1125
10642305.0,3568.320393,7225.196300,10793.516693,582,17,0.00,0.0922,0.1000
10642400.0,3568.358824,7225.315658,10793.674482,583,17,0.00,0.1000,0.1000
10642530.0,3568.412269,7225.480325,10793.892594,584,17,0.00,0.1047,0.1125
10642628.0,3568.452594,7225.609333,10794.061927,585,17,0.00,0.1172,0.1000
10642768.0,3568.511514,7225.776242,10794.287756,586,17,0.00,0.1172,0.1000
10642876.0,3568.557001,7225.905692,10794.462692,587,17,0.00,0.1172,0.1000
10642988.0,3568.604309,7226.042758,10794.647067,588,17,0.00,0.1172,0.1000
10643160.0,3568.676962,7226.253275,10794.930237,589,17,0.00,0.1250,0.1000
10643184.0,3568.687295,7226.283675,10794.970970,590,17,0.00,0.1297,0.1125
10643268.0,3568.723768,7226.396375,10795.120143,591,17,0.00,0.1359,0.1250
10643384.0,3568.774700,7226.560708,10795.335408,592,17,0.00,0.1422,0.1375
10643423.0,3568.791914,7226.616858,10795.408773,593,17,0.00,0.1422,0.1375
10643478.0,3568.815620,7226.693425,10795.509045,594,17,0.00,0.1234,0.1250
10643478.0,3568.815620,7226.693425,10795.509045,595,17,0.00,0.1297,0.1375
10643599.0,3568.866751,7226.850292,10795.717043,596,17,0.00,0.1125,0.1000
10643661.0,3568.892843,7226.928825,10795.821668,597,17,0.00,0.1172,0.1125
10644001.0,3569.034610,7227.340817,10796.375427,598,17,0.00,0.1109,0.1000
10644275.0,3569.147716,7227.654958,10796.802675,599,17,0.00,0.1125,0.0875
10644279.0,3569.149400,7227.659725,10796.809125,600,17,0.00,0.1406,0.1000
10644349.0,3569.180389,7227.748392,10796.928781,601,17,0.00,0.1594,0.1000
10644350.0,3569.180847,7227.749658,10796.930505,602,17,0.00,0.1781,0.1000
10644355.0,3569.183206,7227.755992,10796.939198,603,17,0.00,0.1969,0.1000
10644680.0,3569.341305,7228.167658,10797.508963,604,17,0.00,0.2016,0.1125
10644683.0,3569.342775,7228.171683,10797.514459,605,18,0.00,0.2203,0.1125
10645428.0,3569.668759,7229.076275,10798.745034,606,18,0.00,0.1156,0.1000
10645640.0,3569.757159,7229.334533,10799.091692,607,18,0.00,0.1078,0.1000
10646016.0,3569.912794,7229.787550,10799.700344,608,18,0.00,0.1203,0.0875
10646050.0,3569.927309,7229.828067,10799.755376,609,18,0.00,0.1250,0.1000
10646071.0,3569.936351,7229.854667,10799.791017,610,18,0.00,0.1297,0.1125
10646471.0,3570.107876,7230.347008,10800.454885,611,18,0.00,0.1250,0.1000
10646508.0,3570.123807,7230.393875,10800.517682,612,18,0.00,0.1297,0.1125
10646512.0,3570.125544,7230.399242,10800.524785,613,18,0.00,0.1344,0.1250
10646562.0,3570.147436,7230.470075,10800.617511,614,18,0.00,0.1469,0.1375
10646569.0,3570.150569,7230.480517,10800.631086,615,18,0.00,0.1594,0.1500
10646759.0,3570.234884,7230.744433,10800.979318,616,18,0.00,0.1453,0.1125
10646777.0,3570.242919,7230.768583,10801.011502,617,18,0.00,0.1578,0.1125
10647070.0,3570.376549,7231.161692,10801.538241,618,18,0.00,0.1641,0.1250
10647574.0,3570.608861,7231.875692,10802.484553,619,18,0.00,0.1688,0.1375
10647629.0,3570.634414,7231.957733,10802.592147,620,19,0.00,0.1938,0.1375
10647871.0,3570.748034,7232.290217,10803.038250,621,19,0.00,0.1781,0.1250
10648174.0,3570.891012,7232.719467,10803.610478,622,19,0.00,0.1828,0.1375
10648541.0,3571.059877,7233.232408,10804.292285,623,19,0.00,0.1531,0.1125
10648627.0,3571.098768,7233.347417,10804.446184,624,19,0.00,0.1609,0.1000
10648766.0,3571.162500,7233.523483,10804.685984,625,19,0.00,0.1656,0.1125
10688894.0,3586.424520,7273.015283,10859.439803,626,19,0.00,0.0438,0.0500
10689220.0,3586.543631,7273.317067,10859.860698,627,19,0.00,0.0641,0.0375
10689757.0,3586.749388,7273.795892,10860.545279,628,19,0.00,0.0813,0.0500
10689883.0,3586.799350,7273.917692,10860.717042,629,19,0.00,0.0859,0.0625
10689955.0,3586.828163,7273.992692,10860.820854,630,19,0.00,0.0906,0.0750
10689994.0,3586.843912,7274.036242,10860.880153,631,19,0.00,0.1031,0.0875
10690004.0,3586.847953,7274.047633,10860.895587,632,19,0.00,0.0922,0.0875
10690011.0,3586.850778,7274.055750,10860.906528,633,19,0.00,0.0875,0.0750
10690314.0,3586.970816,7274.366575,10861.337391,634,19,0.00,0.0813,0.0625
10690695.0,3587.120971,7274.744475,10861.865446,635,19,0.00,0.0813,0.0625
10691001.0,3587.241667,7275.050025,10862.291692,636,19,0.00,0.0813,0.0625
10691064.0,3587.266648,7275.115650,10862.382298,637,19,0.00,0.0859,0.0750
10691284.0,3587.353757,7275.342192,10862.695948,638,19,0.00,0.0813,0.0625
10691513.0,3587.444149,7275.572258,10863.016408,639,19,0.00,0.1016,0.0500
10691553.0,3587.460643,7275.610925,10863.071568,640,19,0.00,0.1266,0.0500
10691557.0,3587.462370,7275.614792,10863.077161,641,19,0.00,0.1516,0.0500
10691565.0,3587.465979,7275.622525,10863.088504,642,19,0.00,0.1766,0.0500
10692130.0,3587.718077,7276.168692,10863.886769,643,19,0.00,0.0813,0.0625
10692277.0,3587.776239,7276.319192,10864.095431,644,19,0.00,0.0766,0.0500
10692393.0,3587.821813,7276.431325,10864.253138,645,19,0.00,0.0813,0.0625
10692471.0,3587.852743,7276.512575,10864.365318,646,19,0.00,0.0984,0.0750
10693137.0,3588.119894,7277.187275,10865.307169,647,19,0.00,0.0938,0.0625
10693277.0,3588.176769,7277.333108,10865.509877,648,19,0.00,0.1172,0.0625
10693630.0,3588.325844,7277.700817,10866.026661,649,19,0.00,0.0984,0.0750
10693799.0,3588.395117,7277.889533,10866.284650,650,19,0.00,0.1031,0.0875
10693843.0,3588.413313,7277.941967,10866.355279,651,19,0.00,0.1219,0.1000
10694113.0,3588.526906,7278.250817,10866.777723,652,19,0.00,0.1063,0.0750
10694362.0,3588.628946,7278.520242,10867.149187,653,19,0.00,0.0938,0.0750
10694679.0,3588.754099,7278.863200,10867.617299,654,19,0.00,0.0688,0.0750
10694806.0,3588.802832,7278.997442,10867.800274,655,19,0.00,0.0625,0.0625
10694906.0,3588.841027,7279.101608,10867.942635,656,19,0.00,0.0672,0.0750
10695204.0,3588.954168,7279.398075,10868.352243,657,19,0.00,0.0625,0.0625
10695272.0,3588.980140,7279.468908,10868.449049,658,19,0.00,0.0672,0.0750
10695393.0,3589.026421,7279.596300,10868.622721,659,19,0.00,0.0813,0.0625
10695455.0,3589.051006,7279.660883,10868.711889,660,19,0.00,0.1047,0.0625
10695522.0,3589.078795,7279.730675,10868.809470,661,19,0.00,0.1094,0.0750
10695666.0,3589.139045,7279.891475,10869.030520,662,19,0.00,0.1219,0.0750
10695717.0,3589.160879,7279.948425,10869.109304,663,19,0.00,0.1266,0.0875
10695739.0,3589.170378,7279.974642,10869.145020,664,19,0.00,0.1313,0.1000
10695900.0,3589.240360,7280.176100,10869.416460,665,19,0.00,0.1438,0.1000
10695939.0,3589.257566,7280.224525,10869.482091,666,19,0.00,0.1281,0.0875
10696159.0,3589.352322,7280.478967,10869.831289,667,19,0.00,0.1344,0.0875
10696189.0,3589.365457,7280.514717,10869.880174,668,19,0.00,0.1391,0.1000
10696372.0,3589.445704,7280.746517,10870.192220,669,19,0.00,0.1203,0.1125
10696595.0,3589.540144,7281.037308,10870.577452,670,19,0.00,0.1266,0.0875
10696678.0,3589.575981,7281.136217,10870.712198,671,19,0.00,0.1313,0.1000
10696883.0,3589.664826,7281.387333,10871.052159,672,19,0.00,0.1313,0.1000
10696996.0,3589.712106,7281.525817,10871.237923,673,19,0.00,0.1078,0.1000
10697207.0,3589.799181,7281.773508,10871.572690,674,19,0.00,0.1109,0.0875
10697448.0,3589.899629,7282.055450,10871.955079,675,19,0.00,0.1031,0.0875
10697495.0,3589.919065,7282.111458,10872.030524,676,19,0.00,0.1156,0.1000
10697537.0,3589.936842,7282.164658,10872.101501,677,19,0.00,0.1219,0.1125
10697677.0,3589.994647,7282.343717,10872.338364,678,19,0.00,0.1234,0.1125
10697699.0,3590.004093,7282.373233,10872.377326,679,19,0.00,0.1359,0.1125
10702950.0,3592.092842,7288.274875,10880.367717,680,19,0.00,0.0859,0.0750
10703308.0,3592.236104,7288.674642,10880.910746,681,19,0.00,0.1094,0.0875
10703545.0,3592.335265,7288.957067,10881.292332,682,19,0.00,0.1594,0.0875
10703619.0,3592.369105,7289.045250,10881.414355,683,19,0.00,0.1781,0.1000
10703820.0,3592.456636,7289.288825,10881.745461,684,19,0.00,0.1266,0.1000
10703900.0,3592.491178,7289.390158,10881.881336,685,19,0.00,0.1453,0.1000
10704081.0,3592.571968,7289.619425,10882.191393,686,19,0.00,0.1641,0.1000
10704127.0,3592.593171,7289.677692,10882.270863,687,19,0.00,0.2141,0.1000
10704128.0,3592.593671,7289.678958,10882.272629,688,19,0.00,0.2641,0.1000
10704162.0,3592.611987,7289.722025,10882.334012,689,20,0.00,0.2828,0.1000
10704395.0,3592.729516,7290.004858,10882.734374,690,21,0.00,0.1453,0.1000
10704404.0,3592.733533,7290.016258,10882.749791,691,21,0.00,0.1625,0.1125
10704703.0,3592.862833,7290.377817,10883.240650,692,21,0.00,0.1547,0.0750
10704811.0,3592.911827,7290.498417,10883.410244,693,21,0.00,0.1594,0.0875
10704947.0,3592.971491,7290.660483,10883.631974,694,21,0.00,0.1141,0.1000
10705037.0,3593.009475,7290.774483,10883.783959,695,21,0.00,0.1188,0.1125
10705216.0,3593.082747,7290.994317,10884.077064,696,21,0.00,0.1031,0.0875
10705282.0,3593.110041,7291.072967,10884.183007,697,21,0.00,0.1203,0.1000
10705342.0,3593.135615,7291.148742,10884.284357,698,21,0.00,0.1078,0.1000
10705525.0,3593.211031,7291.376717,10884.587747,699,21,0.00,0.1125,0.1000
10705525.0,3593.211031,7291.376717,10884.587747,700,21,0.00,0.1406,0.1125
10706343.0,3593.533750,7292.315725,10885.849475,701,21,0.00,0.0734,0.0875
10710068.0,3594.970243,7296.477333,10891.447576,702,21,0.00,0.0797,0.0750
10710115.0,3594.988822,7296.529817,10891.518639,703,21,0.00,0.0969,0.0875
10710154.0,3595.004761,7296.576292,10891.581052,704,21,0.00,0.1094,0.1000
10710174.0,3595.013129,7296.601625,10891.614754,705,21,0.00,0.1141,0.1125
10710260.0,3595.049425,7296.717008,10891.766433,706,21,0.00,0.1188,0.1250
10710382.0,3595.100977,7296.881967,10891.982944,707,21,0.00,0.1188,0.1250
10711110.0,3595.408874,7297.871975,10893.280849,708,21,0.00,0.1188,0.1250
10711209.0,3595.451017,7298.012225,10893.463242,709,21,0.00,0.1250,0.1375
10711222.0,3595.456615,7298.031617,10893.488231,710,21,0.00,0.1313,0.1500
10711224.0,3595.457485,7298.034750,10893.492235,711,21,0.00,0.1375,0.1625
10711265.0,3595.475519,7298.101683,10893.577202,712,21,0.00,0.1453,0.1625
10711456.0,3595.560772,7298.415242,10893.976014,713,21,0.00,0.1625,0.1625
10711517.0,3595.588815,7298.515383,10894.104199,714,22,0.00,0.1797,0.1625
10711520.0,3595.590235,7298.520308,10894.110543,715,23,0.00,0.1969,0.1625
10711540.0,3595.599964,7298.553142,10894.153105,716,24,0.00,0.2094,0.1750
10711742.0,3595.699123,7298.891658,10894.590781,717,24,0.00,0.2250,0.1750
10711854.0,3595.756056,7299.083925,10894.839981,718,25,0.00,0.2422,0.1750
10712000.0,3595.831757,7299.331933,10895.163690,719,26,0.00,0.2359,0.1625
10712044.0,3595.854498,7299.404167,10895.258664,720,26,0.00,0.2531,0.1625
10712251.0,3595.960340,7299.729067,10895.689407,721,26,0.00,0.2250,0.1500
10712254.0,3595.961865,7299.733767,10895.695632,722,26,0.00,0.2297,0.1625
10712494.0,3596.079695,7300.111792,10896.191487,723,26,0.00,0.1891,0.1500
10712579.0,3596.118464,7300.230858,10896.349323,724,26,0.00,0.1531,0.1000
10712677.0,3596.162802,7300.354992,10896.517794,725,26,0.00,0.1594,0.1125
10713332.0,3596.445590,7301.139658,10897.585249,726,26,0.00,0.1313,0.1000
10713333.0,3596.446026,7301.140925,10897.586951,727,26,0.00,0.1484,0.1125
10713339.0,3596.448719,7301.148975,10897.597694,728,26,0.00,0.1734,0.1250
10713399.0,3596.476812,7301.233975,10897.710787,729,26,0.00,0.1797,0.1375
10717233.0,3597.999169,7305.313450,10903.312619,730,26,0.00,0.0766,0.0500
10717273.0,3598.014885,7305.352117,10903.367001,731,26,0.00,0.1047,0.0625
10717382.0,3598.060093,7305.465658,10903.525752,732,26,0.00,0.1234,0.0625
10717431.0,3598.081131,7305.516700,10903.597831,733,26,0.00,0.1281,0.0750
10717569.0,3598.140883,7305.670800,10903.811683,734,26,0.00,0.1406,0.0875
10717746.0,3598.214878,7305.872050,10904.086928,735,26,0.00,0.1109,0.0750
10717860.0,3598.262715,7305.999350,10904.262065,736,26,0.00,0.1172,0.0875
10717919.0,3598.287759,7306.069658,10904.357417,737,26,0.00,0.1359,0.1000
10717964.0,3598.306720,7306.123583,10904.430303,738,26,0.00,0.1359,0.0875
10718017.0,3598.329261,7306.182992,10904.512252,739,26,0.00,0.1422,0.0750
10718145.0,3598.385869,7306.325925,10904.711794,740,26,0.00,0.1313,0.0875
10718152.0,3598.388917,7306.334267,10904.723184,741,26,0.00,0.1453,0.1000
10718200.0,3598.410342,7306.395067,10904.805409,742,26,0.00,0.1594,0.1125
10718594.0,3598.573287,7306.871483,10905.444770,743,26,0.00,0.0844,0.0875
10718885.0,3598.688115,7307.198683,10905.886799,744,26,0.00,0.1016,0.0750
10719282.0,3598.851809,7307.642000,10906.493809,745,26,0.00,0.1266,0.0875
10719658.0,3599.014155,7308.090067,10907.104221,746,26,0.00,0.1328,0.1000
10719693.0,3599.029437,7308.134400,10907.163837,747,26,0.00,0.1453,0.1125
10720534.0,3599.382316,7309.183692,10908.566008,748,26,0.00,0.1063,0.0875
10724620.0,3601.006675,7313.505792,10914.512467,749,26,0.00,0.0766,0.0625
10724733.0,3601.051071,7313.623500,10914.674571,750,26,0.00,0.0953,0.0750
10725317.0,3601.287412,7314.267308,10915.554720,751,26,0.00,0.0828,0.0750
10725785.0,3601.473556,7314.789908,10916.263464,752,26,0.00,0.1063,0.0750
10725805.0,3601.481875,7314.812242,10916.294117,753,26,0.00,0.1125,0.0875
10725805.0,3601.481875,7314.812242,10916.294117,754,26,0.00,0.1188,0.1000
10725873.0,3601.510822,7314.898375,10916.409197,755,26,0.00,0.1422,0.1000
10726767.0,3601.891439,7315.914150,10917.805589,756,26,0.00,0.0984,0.0750
10727104.0,3602.027718,7316.258367,10918.286085,757,26,0.00,0.0922,0.0625
10727253.0,3602.088069,7316.413575,10918.501644,758,26,0.00,0.1016,0.0750
10727401.0,3602.148743,7316.572392,10918.721135,759,26,0.00,0.0906,0.0750
10727819.0,3602.317539,7317.039158,10919.356698,760,26,0.00,0.0953,0.0875
10727897.0,3602.349322,7317.132108,10919.481430,761,26,0.00,0.1453,0.0875
10731648.0,3603.846790,7321.075850,10924.922640,762,26,0.00,0.0984,0.0750
10731652.0,3603.848430,7321.080317,10924.928747,763,26,0.00,0.1156,0.0875
10732382.0,3604.151865,7321.919108,10926.070973,764,26,0.00,0.1031,0.0875
10732385.0,3604.153105,7321.922683,10926.075789,765,26,0.00,0.1094,0.1000
10732386.0,3604.153524,7321.923950,10926.077474,766,26,0.00,0.1344,0.1000
10732440.0,3604.177168,7321.992350,10926.169518,767,26,0.00,0.1469,0.1125
10732936.0,3604.393899,7322.597292,10926.991190,768,26,0.00,0.1547,0.0875
10732939.0,3604.395260,7322.600867,10926.996126,769,26,0.00,0.1719,0.1000
10732982.0,3604.415341,7322.655333,10927.070674,770,26,0.00,0.2000,0.1125
10733057.0,3604.451580,7322.755958,10927.207538,771,26,0.00,0.1844,0.1250
10733472.0,3604.648026,7323.322275,10927.970301,772,26,0.00,0.2016,0.1125
10733527.0,3604.674981,7323.396067,10928.071048,773,26,0.00,0.2250,0.1125
10733576.0,3604.699890,7323.461808,10928.161698,774,26,0.00,0.2297,0.1250
10775432.0,3620.158951,7361.975758,10982.134709,775,26,0.00,0.0891,0.0375
10775528.0,3620.197601,7362.061358,10982.258959,776,26,0.00,0.0953,0.0500
10775596.0,3620.225265,7362.126417,10982.351681,777,26,0.00,0.1016,0.0375
10775806.0,3620.304192,7362.313667,10982.617859,778,26,0.00,0.0688,0.0500
10776158.0,3620.440348,7362.653933,10983.094281,779,26,0.00,0.0875,0.0625
10776230.0,3620.469248,7362.728933,10983.198181,780,26,0.00,0.0875,0.0625
10776531.0,3620.590066,7363.042475,10983.632541,781,26,0.00,0.1063,0.0625
10776951.0,3620.763753,7363.479975,10984.243728,782,26,0.00,0.1047,0.0750
10777147.0,3620.845045,7363.698842,10984.543887,783,26,0.00,0.1234,0.0750
10777152.0,3620.847192,7363.704425,10984.551617,784,26,0.00,0.1406,0.0875
10777323.0,3620.922895,7363.908200,10984.831095,785,26,0.00,0.1516,0.1000
10777509.0,3621.004843,7364.132700,10985.137543,786,26,0.00,0.1531,0.0875
10777556.0,3621.026107,7364.188708,10985.214815,787,26,0.00,0.1719,0.0875
10777725.0,3621.101591,7364.390100,10985.491691,788,26,0.00,0.1281,0.1000
10777825.0,3621.144131,7364.510917,10985.655048,789,26,0.00,0.1344,0.0875
10777972.0,3621.208495,7364.686092,10985.894586,790,26,0.00,0.1531,0.0875
10778134.0,3621.280243,7364.879142,10986.159384,791,26,0.00,0.1250,0.1000
10778134.0,3621.280243,7364.879142,10986.159384,792,26,0.00,0.1344,0.1125
10782000.0,3622.874305,7369.491975,10992.366280,793,26,0.00,0.0922,0.0875
10782128.0,3622.926149,7369.644508,10992.570658,794,26,0.00,0.0984,0.1000
10782482.0,3623.069998,7370.073558,10993.143557,795,26,0.00,0.0984,0.1000
10782603.0,3623.119251,7370.221500,10993.340751,796,26,0.00,0.0984,0.1000
10782608.0,3623.121300,7370.227833,10993.349133,797,26,0.00,0.1047,0.1125
10782720.0,3623.167753,7370.378100,10993.545853,798,26,0.00,0.1172,0.1250
10782989.0,3623.280368,7370.734958,10994.015326,799,26,0.00,0.1281,0.1000
10783359.0,3623.439279,7371.183675,10994.622954,800,26,0.00,0.1469,0.1000
10783498.0,3623.501491,7371.359742,10994.861233,801,26,0.00,0.1703,0.1000
10783858.0,3623.664097,7371.790092,10995.454188,802,26,0.00,0.1484,0.0875
10783954.0,3623.705485,7371.904492,10995.609976,803,26,0.00,0.1344,0.1000
10784738.0,3624.048757,7372.897558,10996.946315,804,26,0.00,0.1344,0.1000
10785108.0,3624.207241,7373.339075,10997.546316,805,26,0.00,0.1391,0.1000
10789246.0,3625.946617,7378.158667,11004.105284,806,26,0.00,0.1125,0.0750
10789248.0,3625.947459,7378.160900,11004.108359,807,26,0.00,0.1313,0.0750
10789250.0,3625.948330,7378.163133,11004.111463,808,26,0.00,0.1500,0.0750
10789332.0,3625.985230,7378.254700,11004.239930,809,26,0.00,0.1688,0.0750
10789370.0,3626.002884,7378.297133,11004.300017,810,26,0.00,0.1875,0.0750
10789747.0,3626.178790,7378.718117,11004.896907,811,27,0.00,0.1781,0.0875
10790226.0,3626.402223,7379.288925,11005.691148,812,27,0.00,0.1656,0.1000
10790555.0,3626.545761,7379.691183,11006.236945,813,27,0.00,0.1375,0.0875
10790562.0,3626.548843,7379.699525,11006.248368,814,27,0.00,0.1500,0.1000
10792031.0,3627.187814,7381.469283,11008.657098,815,27,0.00,0.1188,0.0875
10792329.0,3627.314671,7381.824400,11009.139071,816,27,0.00,0.1469,0.1000
10792690.0,3627.472977,7382.270042,11009.743019,817,27,0.00,0.1281,0.0875
10792798.0,3627.519215,7382.398742,11009.917956,818,27,0.00,0.1141,0.1000
10792875.0,3627.551289,7382.489075,11010.040364,819,27,0.00,0.1219,0.0750
10792988.0,3627.599668,7382.615258,11010.214926,820,27,0.00,0.1469,0.0875
10793544.0,3627.844951,7383.265600,11011.110551,821,27,0.00,0.1234,0.0875
10793680.0,3627.903341,7383.427667,11011.331007,822,27,0.00,0.1422,0.0875
10793686.0,3627.906004,7383.434817,11011.340821,823,27,0.00,0.1922,0.1375
10793722.0,3627.923331,7383.487392,11011.410723,824,27,0.00,0.1922,0.1375
10793732.0,3627.928159,7383.502308,11011.430467,825,27,0.00,0.1969,0.1500
10793828.0,3627.974859,7383.652708,11011.627567,826,27,0.00,0.2109,0.1625
10793901.0,3628.011092,7383.770975,11011.782067,827,27,0.00,0.2250,0.1500
10794273.0,3628.193772,7384.328200,11012.521972,828,28,0.00,0.2109,0.1500
10794461.0,3628.287282,7384.622733,11012.910016,829,28,0.00,0.2297,0.1500
10795840.0,3628.956756,7386.726467,11015.683223,830,28,0.00,0.1703,0.1500
10796146.0,3629.095460,7387.191092,11016.286551,831,28,0.00,0.1516,0.1500
10796819.0,3629.390909,7388.193258,11017.584167,832,28,0.00,0.1188,0.1000
10796958.0,3629.450080,7388.369325,11017.819405,833,28,0.00,0.1250,0.1125
10797519.0,3629.691622,7389.122000,11018.813622,834,28,0.00,0.1375,0.1250
10797794.0,3629.812698,7389.511583,11019.324282,835,28,0.00,0.1500,0.1250
10797856.0,3629.840598,7389.599417,11019.440015,836,28,0.00,0.2000,0.1250
10797856.0,3629.840598,7389.599417,11019.440015,837,28,0.00,0.2500,0.1250
10797856.0,3629.840598,7389.599417,11019.440015,838,28,0.00,0.3000,0.1250
10797857.0,3629.841165,7389.600833,11019.441998,839,28,0.00,0.3500,0.1250
10798052.0,3629.950644,7389.877083,11019.827727,840,29,0.00,0.1563,0.1250
10798845.0,3630.304845,7391.000500,11021.305345,841,29,0.00,0.1438,0.1375
10799395.0,3630.549671,7391.820917,11022.370588,842,29,0.00,0.1719,0.1500
10799683.0,3630.684171,7392.272117,11022.956288,843,29,0.00,0.1781,0.1625
10799694.0,3630.689362,7392.290175,11022.979537,844,29,0.00,0.1953,0.1750
10799829.0,3630.754870,7392.521925,11023.276795,845,29,0.00,0.2000,0.1875
10799883.0,3630.781270,7392.618675,11023.399945,846,29,0.00,0.2016,0.2000
10800154.0,3630.907407,7393.070092,11023.977499,847,29,0.00,0.1563,0.1500
10800812.0,3631.188657,7393.947283,11025.135940,848,29,0.00,0.1063,0.1000
10801277.0,3631.382084,7394.536283,11025.918367,849,29,0.00,0.1125,0.1125
10801335.0,3631.406448,7394.614100,11026.020548,850,29,0.00,0.1125,0.1125
10801404.0,3631.435486,7394.706675,11026.142161,851,29,0.00,0.1297,0.1250
10801449.0,3631.455025,7394.770425,11026.225450,852,29,0.00,0.1484,0.1375
10801780.0,3631.598668,7395.230942,11026.829610,853,29,0.00,0.1422,0.1125
10801862.0,3631.635070,7395.340958,11026.976028,854,29,0.00,0.1594,0.1250
10802404.0,3631.871264,7396.070617,11027.941880,855,29,0.00,0.1406,0.1000
10802458.0,3631.894572,7396.139017,11028.033589,856,29,0.00,0.1453,0.1000
10803002.0,3632.135183,7396.828083,11028.963266,857,29,0.00,0.1391,0.1125
10803121.0,3632.187720,7396.987742,11029.175462,858,29,0.00,0.1625,0.1125
10803482.0,3632.353680,7397.472083,11029.825764,859,29,0.00,0.1859,0.1125
10804093.0,3632.632712,7398.287042,11030.919754,860,30,0.00,0.1406,0.1000
10804113.0,3632.641566,7398.312375,11030.953941,861,30,0.00,0.1469,0.1125
10804189.0,3632.675582,7398.414342,11031.089923,862,30,0.00,0.1656,0.1125
10804255.0,3632.706084,7398.502892,11031.208976,863,30,0.00,0.1844,0.1125
10804257.0,3632.707037,7398.505575,11031.212612,864,30,0.00,0.2031,0.1125
10804259.0,3632.708020,7398.508258,11031.216278,865,31,0.00,0.2531,0.1125
10804263.0,3632.710141,7398.513625,11031.223766,866,31,0.00,0.2578,0.1250
10804591.0,3632.884807,7398.969292,11031.854099,867,32,0.00,0.2719,0.1125
10805049.0,3633.122109,7399.583775,11032.705884,868,32,0.00,0.1594,0.1250
10805052.0,3633.123480,7399.588025,11032.711505,869,32,0.00,0.1656,0.1375
10805077.0,3633.135034,7399.625317,11032.760351,870,32,0.00,0.1781,0.1500
10805309.0,3633.244239,7399.983233,11033.227473,871,32,0.00,0.2016,0.1500
10805350.0,3633.264334,7400.047467,11033.311800,872,32,0.00,0.2203,0.1500
10805404.0,3633.291587,7400.132067,11033.423653,873,32,0.00,0.2391,0.1500
10806552.0,3633.848673,7401.716475,11035.565148,874,32,0.00,0.1813,0.1125
10806834.0,3633.981401,7402.079000,11036.060401,875,32,0.00,0.1984,0.1000
10806836.0,3633.982376,7402.081533,11036.063910,876,32,0.00,0.2219,0.1000
10806836.0,3633.982376,7402.081533,11036.063910,877,32,0.00,0.2453,0.1000
10806856.0,3633.992859,7402.106867,11036.099726,878,32,0.00,0.2516,0.1125
10807151.0,3634.132667,7402.485183,11036.617851,879,32,0.00,0.1609,0.1125
10865100.0,3656.164263,7462.411850,11118.576113,880,32,0.00,0.0547,0.0625
10865134.0,3656.177043,7462.447267,11118.624309,881,32,0.00,0.0734,0.0625
10865488.0,3656.314544,7462.801242,11119.115786,882,32,0.00,0.0859,0.0625
10865602.0,3656.360164,7462.919992,11119.280156,883,32,0.00,0.1031,0.0750
10865701.0,3656.401105,7463.030542,11119.431646,884,32,0.00,0.1094,0.0875
10866234.0,3656.614848,7463.634800,11120.249648,885,32,0.00,0.0969,0.0875
10866848.0,3656.865778,7464.366483,11121.232261,886,32,0.00,0.1031,0.1000
10866881.0,3656.879425,7464.408283,11121.287708,887,32,0.00,0.1203,0.1125
10866939.0,3656.904185,7464.486100,11121.390285,888,32,0.00,0.1375,0.1250
10867195.0,3657.016897,7464.848767,11121.865663,889,32,0.00,0.1547,0.1375
10867336.0,3657.080861,7465.059092,11122.139952,890,32,0.00,0.1719,0.1500
10867709.0,3657.255057,7465.643458,11122.898515,891,32,0.00,0.1766,0.1625
10867736.0,3657.267765,7465.687783,11122.955548,892,33,0.00,0.1938,0.1750
10868104.0,3657.438627,7466.263417,11123.702043,893,34,0.00,0.1766,0.1500
10868106.0,3657.439568,7466.266550,11123.706118,894,34,0.00,0.1891,0.1625
10868260.0,3657.513002,7466.515167,11124.028169,895,35,0.00,0.1953,0.1625
10868293.0,3657.529015,7466.569342,11124.098357,896,35,0.00,0.2125,0.1750
10912355.0,3674.313439,7510.062758,11184.376198,897,35,0.00,0.0547,0.0500
10912401.0,3674.330729,7510.107225,11184.437954,898,35,0.00,0.0719,0.0625
10913075.0,3674.583841,7510.726433,11185.310274,899,35,0.00,0.0672,0.0500
10913269.0,3674.658645,7510.913967,11185.572612,900,35,0.00,0.0734,0.0625
10913375.0,3674.699722,7511.019583,11185.719305,901,35,0.00,0.0734,0.0625
10914142.0,3674.993248,7511.787942,11186.781190,902,35,0.00,0.0719,0.0625
10914308.0,3675.057861,7511.960858,11187.018720,903,35,0.00,0.0781,0.0750
10914403.0,3675.095301,7512.066942,11187.162242,904,35,0.00,0.0953,0.0875
10914426.0,3675.104672,7512.094350,11187.199022,905,35,0.00,0.1125,0.1000
10914450.0,3675.114772,7512.124750,11187.239522,906,35,0.00,0.1297,0.1125
10914451.0,3675.115207,7512.126092,11187.241298,907,35,0.00,0.1469,0.1250
10914453.0,3675.116102,7512.128925,11187.245027,908,35,0.00,0.1641,0.1375
10914513.0,3675.143758,7512.218425,11187.362183,909,35,0.00,0.1703,0.1500
10914526.0,3675.149813,7512.238792,11187.388605,910,35,0.00,0.1719,0.1625
10914611.0,3675.189510,7512.378333,11187.567843,911,36,0.00,0.1891,0.1750
10914905.0,3675.330093,7512.869308,11188.199401,912,36,0.00,0.1813,0.1500
10915055.0,3675.399260,7513.093208,11188.492469,913,36,0.00,0.1703,0.1500
10915122.0,3675.430469,7513.198175,11188.628644,914,36,0.00,0.1828,0.1625
10947916.0,3687.861500,7545.009742,11232.871241,915,36,0.00,0.0500,0.0500
10948395.0,3688.039794,7545.472775,11233.512569,916,36,0.00,0.0672,0.0625
10948396.0,3688.040180,7545.473817,11233.513997,917,36,0.00,0.0844,0.0750
10948996.0,3688.278957,7546.134592,11234.413549,918,36,0.00,0.0844,0.0750
10949260.0,3688.384282,7546.429392,11234.813674,919,36,0.00,0.0906,0.0875
10949384.0,3688.434356,7546.577158,11235.011514,920,36,0.00,0.0969,0.1000
10949530.0,3688.493469,7546.753542,11235.247010,921,36,0.00,0.1141,0.1000
10949730.0,3688.575540,7546.995550,11235.571090,922,36,0.00,0.0906,0.0875
10949790.0,3688.599769,7547.067050,11235.666819,923,36,0.00,0.0969,0.1000
10950572.0,3688.912343,7547.949358,11236.861701,924,36,0.00,0.0875,0.0750
10950677.0,3688.954032,7548.059558,11237.013590,925,36,0.00,0.1047,0.0625
10950697.0,3688.962327,7548.080392,11237.042719,926,36,0.00,0.1109,0.0750
10950885.0,3689.039957,7548.290325,11237.330282,927,36,0.00,0.0938,0.0875
10951083.0,3689.120395,7548.526275,11237.646670,928,36,0.00,0.0953,0.1000
10963022.0,3693.517490,7559.106408,11252.623898,929,36,0.00,0.0609,0.0375
10963049.0,3693.527770,7559.130483,11252.658253,930,36,0.00,0.0781,0.0500
10963193.0,3693.582205,7559.260158,11252.842363,931,36,0.00,0.0781,0.0375
10963412.0,3693.665851,7559.455433,11253.121284,932,36,0.00,0.0734,0.0375
10963416.0,3693.667412,7559.459000,11253.126412,933,36,0.00,0.0922,0.0375
10963495.0,3693.699410,7559.529442,11253.228852,934,36,0.00,0.1422,0.0375
10963811.0,3693.834362,7559.811208,11253.645570,935,36,0.00,0.1109,0.0375
10963977.0,3693.903567,7559.959225,11253.862792,936,36,0.00,0.1094,0.0500
10964069.0,3693.942060,7560.048158,11253.990218,937,36,0.00,0.1156,0.0625
10964788.0,3694.221536,7560.760217,11254.981753,938,36,0.00,0.0609,0.0500
10965221.0,3694.386392,7561.178783,11255.565176,939,36,0.00,0.1109,0.0500
10965222.0,3694.386812,7561.179750,11255.566562,940,36,0.00,0.1609,0.0500
10965222.0,3694.386812,7561.179750,11255.566562,941,36,0.00,0.2109,0.0500
11034173.0,3719.416290,7617.636733,11337.053024,942,36,0.00,0.0875,0.0250
11034329.0,3719.478907,7617.764133,11337.243040,943,36,0.00,0.0938,0.0375
11034416.0,3719.511645,7617.841708,11337.353354,944,36,0.00,0.0609,0.0500
11034445.0,3719.522686,7617.869742,11337.392428,945,36,0.00,0.0844,0.0625
11034701.0,3719.619757,7618.113158,11337.732915,946,36,0.00,0.0672,0.0500
11034704.0,3719.620914,7618.116058,11337.736972,947,36,0.00,0.0766,0.0625
11034735.0,3719.633093,7618.148350,11337.781443,948,36,0.00,0.1000,0.0750
11034748.0,3719.638438,7618.162867,11337.801304,949,36,0.00,0.1500,0.0750
11034748.0,3719.638438,7618.162867,11337.801304,950,36,0.00,0.2000,0.0750
11034954.0,3719.734601,7618.390125,11338.124726,951,36,0.00,0.1078,0.0750
11035001.0,3719.754209,7618.442608,11338.196817,952,36,0.00,0.1203,0.0875
11035112.0,3719.801596,7618.574883,11338.376479,953,36,0.00,0.1375,0.1000
11035244.0,3719.859713,7618.742083,11338.601796,954,36,0.00,0.1438,0.1125
11035446.0,3719.948319,7619.006425,11338.954744,955,36,0.00,0.1203,0.1000
11036090.0,3720.214626,7619.731633,11339.946259,956,36,0.00,0.1188,0.0875
11036433.0,3720.360639,7620.140375,11340.501014,957,36,0.00,0.1281,0.1000
11036591.0,3720.429051,7620.340508,11340.769559,958,36,0.00,0.1406,0.1125
11036816.0,3720.528660,7620.642383,11341.171043,959,36,0.00,0.1578,0.1250
11062897.0,3730.291529,7644.892517,11375.184046,960,36,0.00,0.0625,0.0500
11062993.0,3730.328196,7644.985317,11375.313512,961,36,0.00,0.0688,0.0625
11063597.0,3730.561826,7645.614483,11376.176310,962,36,0.00,0.0859,0.0750
11064076.0,3730.748710,7646.122442,11376.871152,963,36,0.00,0.0859,0.0750
11064077.0,3730.749111,7646.123558,11376.872669,964,36,0.00,0.1031,0.0875
11064333.0,3730.851542,7646.409350,11377.260892,965,36,0.00,0.0875,0.0750
11064446.0,3730.896899,7646.535533,11377.432432,966,36,0.00,0.0938,0.0875
11064502.0,3730.919649,7646.602267,11377.521915,967,36,0.00,0.1109,0.1000
11064663.0,3730.987207,7646.806200,11377.793407,968,36,0.00,0.1344,0.1125
11064914.0,3731.095984,7647.137183,11378.233167,969,36,0.00,0.1328,0.1125
11064916.0,3731.096857,7647.139867,11378.236724,970,36,0.00,0.1500,0.1250
11064955.0,3731.114407,7647.195117,11378.309524,971,36,0.00,0.1672,0.1375
11065120.0,3731.190863,7647.441242,11378.632105,972,36,0.00,0.1844,0.1500
11065306.0,3731.274563,7647.704742,11378.979305,973,36,0.00,0.1500,0.1250
11065308.0,3731.275463,7647.707575,11378.983038,974,36,0.00,0.1672,0.1375
11065717.0,3731.464980,7648.317667,11379.782647,975,36,0.00,0.1844,0.1500
11174673.0,3771.618520,7744.752125,11516.370645,976,36,0.00,0.0469,0.0375
11174967.0,3771.727239,7745.014275,11516.741514,977,36,0.00,0.0969,0.0375
11174967.0,3771.727239,7745.014275,11516.741514,978,36,0.00,0.1469,0.0375
11175315.0,3771.867282,7745.324575,11517.191857,979,36,0.00,0.0703,0.0500
11175329.0,3771.872715,7745.338108,11517.210823,980,36,0.00,0.0953,0.0625
11175351.0,3771.881679,7745.361025,11517.242704,981,36,0.00,0.1188,0.0750
11175546.0,3771.961835,7745.565500,11517.527335,982,36,0.00,0.1359,0.0500
11176114.0,3772.194578,7746.114567,11518.309144,983,36,0.00,0.1359,0.0500
11176115.0,3772.195017,7746.115533,11518.310550,984,36,0.00,0.1859,0.0500
11176116.0,3772.195495,7746.116500,11518.311995,985,36,0.00,0.2359,0.0500
11176116.0,3772.195495,7746.116500,11518.311995,986,36,0.00,0.2859,0.0500
11177374.0,3772.720855,7747.326042,11520.046897,987,36,0.00,0.0719,0.0500
11177546.0,3772.787803,7747.492308,11520.280112,988,36,0.00,0.0781,0.0625
11177762.0,3772.872928,7747.717308,11520.590237,989,36,0.00,0.1016,0.0750
11210744.0,3784.922250,7775.649133,11560.571384,990,36,0.00,0.0656,0.0375
11210963.0,3785.006428,7775.844408,11560.850837,991,36,0.00,0.0828,0.0500
11210969.0,3785.008815,7775.850208,11560.859023,992,36,0.00,0.1000,0.0625
11211517.0,3785.217445,7776.337267,11561.554711,993,36,0.00,0.0563,0.0375
11211756.0,3785.307568,7776.550375,11561.857943,994,36,0.00,0.0734,0.0500
11211823.0,3785.333728,7776.615142,11561.948869,995,36,0.00,0.0859,0.0625
11212116.0,3785.450979,7776.920350,11562.371329,996,36,0.00,0.1047,0.0750
11212117.0,3785.451393,7776.921467,11562.372860,997,36,0.00,0.1234,0.0875
11212205.0,3785.489175,7777.026333,11562.515509,998,36,0.00,0.1406,0.1000
11212284.0,3785.524149,7777.126400,11562.650549,999,36,0.00,0.1578,0.1125
11212334.0,3785.546953,7777.193483,11562.740436,1000,36,0.00,0.1750,0.1250
11212335.0,3785.547423,7777.194900,11562.742323,1001,37,0.00,0.1922,0.1375
11212348.0,3785.553699,7777.214292,11562.767991,1002,37,0.00,0.1984,0.1500
11213911.0,3786.262018,7779.279667,11565.541685,1003,38,0.00,0.1172,0.0625
11221621.0,3789.408071,7786.890317,11576.298388,1004,38,0.00,0.1250,0.0500
11221623.0,3789.408932,7786.892250,11576.301182,1005,38,0.00,0.1750,0.0500
11222207.0,3789.649099,7787.456783,11577.105882,1006,38,0.00,0.1250,0.0500
11222412.0,3789.736002,7787.654950,11577.390952,1007,38,0.00,0.0922,0.0625
11222719.0,3789.860347,7787.974742,11577.835089,1008,38,0.00,0.1203,0.0750
11222916.0,3789.944448,7788.194725,11578.139173,1009,38,0.00,0.1453,0.0875
11223995.0,3790.412079,7789.408608,11579.820688,1010,38,0.00,0.1453,0.0875
11224411.0,3790.596586,7789.897742,11580.494328,1011,38,0.00,0.1453,0.0875
11224413.0,3790.597479,7789.900125,11580.497604,1012,38,0.00,0.1625,0.1000
11224725.0,3790.738867,7790.283850,11581.022717,1013,38,0.00,0.1625,0.1000
11224726.0,3790.739327,7790.285117,11581.024443,1014,38,0.00,0.1797,0.1125
11224727.0,3790.739800,7790.286458,11581.026258,1015,38,0.00,0.1969,0.1250
11224727.0,3790.739800,7790.286458,11581.026258,1016,39,0.00,0.2141,0.1375
11224989.0,3790.869965,7790.672850,11581.542815,1017,40,0.00,0.2203,0.1250
11225606.0,3791.171095,7791.546933,11582.718028,1018,40,0.00,0.2016,0.1375
11225608.0,3791.172075,7791.549917,11582.721991,1019,40,0.00,0.2063,0.1500
11225620.0,3791.178000,7791.568717,11582.746716,1020,40,0.00,0.2188,0.1625
11225650.0,3791.193104,7791.617967,11582.811071,1021,40,0.00,0.2234,0.1750
11226178.0,3791.458602,7792.477867,11583.936469,1022,41,0.00,0.2266,0.1500
11226178.0,3791.458602,7792.477867,11583.936469,1023,42,0.00,0.2438,0.1625
11226273.0,3791.508279,7792.633825,11584.142104,1024,43,0.00,0.2531,0.1750
11226650.0,3791.708168,7793.281008,11584.989176,1025,43,0.00,0.2578,0.1875
11226751.0,3791.762087,7793.461967,11585.224053,1026,43,0.00,0.2625,0.2000
11226847.0,3791.812554,7793.631792,11585.444346,1027,43,0.00,0.2453,0.1875
11227016.0,3791.900950,7793.930833,11585.831784,1028,43,0.00,0.2453,0.1875
11227423.0,3792.111785,7794.608892,11586.720677,1029,43,0.00,0.2359,0.1625
11227651.0,3792.228542,7794.968042,11587.196584,1030,43,0.00,0.2078,0.1500
11227994.0,3792.397860,7795.496033,11587.893893,1031,43,0.00,0.2219,0.1375
11228407.0,3792.606797,7796.112092,11588.718889,1032,43,0.00,0.2266,0.1500
11228456.0,3792.631765,7796.188858,11588.820624,1033,43,0.00,0.2313,0.1625
11228711.0,3792.759340,7796.585808,11589.345148,1034,43,0.00,0.2141,0.1500
11228775.0,3792.791311,7796.685700,11589.477011,1035,43,0.00,0.2266,0.1500
11228853.0,3792.830151,7796.807900,11589.638051,1036,43,0.00,0.2125,0.1625
11229026.0,3792.916411,7797.091908,11590.008319,1037,43,0.00,0.2172,0.1750
11229145.0,3792.976016,7797.292817,11590.268832,1038,43,0.00,0.2172,0.1750
11229185.0,3792.996106,7797.361483,11590.357589,1039,43,0.00,0.2219,0.1875
11229453.0,3793.127290,7797.794175,11590.921465,1040,43,0.00,0.2094,0.1500
11229482.0,3793.141679,7797.839608,11590.981287,1041,43,0.00,0.2141,0.1625
11229741.0,3793.271003,7798.262100,11591.533103,1042,43,0.00,0.2141,0.1625
11229790.0,3793.295494,7798.342542,11591.638036,1043,43,0.00,0.2266,0.1625
11229820.0,3793.310781,7798.391792,11591.702572,1044,43,0.00,0.2313,0.1750
11229972.0,3793.388786,7798.652725,11592.041511,1045,43,0.00,0.2359,0.1875
11230059.0,3793.432760,7798.802825,11592.235585,1046,43,0.00,0.2172,0.1750
11230068.0,3793.437280,7798.818275,11592.255555,1047,43,0.00,0.2219,0.1875
11230140.0,3793.473511,7798.946075,11592.419586,1048,43,0.00,0.2047,0.1750
11230519.0,3793.658285,7799.557692,11593.215977,1049,43,0.00,0.1953,0.1500
11230918.0,3793.847900,7800.160367,11594.008267,1050,43,0.00,0.2031,0.1375
11230919.0,3793.848392,7800.161858,11594.010250,1051,43,0.00,0.2094,0.1500
11231184.0,3793.975479,7800.559625,11594.535104,1052,43,0.00,0.1844,0.1375
11231705.0,3794.210529,7801.229983,11595.440513,1053,43,0.00,0.1453,0.1000
11231874.0,3794.285963,7801.444050,11595.730013,1054,43,0.00,0.1625,0.1125
11232138.0,3794.406459,7801.780325,11596.186784,1055,43,0.00,0.1625,0.1125
11232159.0,3794.416113,7801.808500,11596.224613,1056,43,0.00,0.1797,0.1250
11232245.0,3794.456504,7801.928683,11596.385188,1057,43,0.00,0.1797,0.1250
11232404.0,3794.530208,7802.145308,11596.675516,1058,43,0.00,0.1766,0.1125
11232428.0,3794.541504,7802.177508,11596.719012,1059,43,0.00,0.1813,0.1250
11232640.0,3794.639338,7802.470117,11597.109455,1060,43,0.00,0.1516,0.1250
11232992.0,3794.797090,7802.946658,11597.743748,1061,43,0.00,0.1516,0.1250
11233356.0,3794.960749,7803.450325,11598.411074,1062,43,0.00,0.1594,0.1250
11233358.0,3794.961664,7803.453158,11598.414822,1063,43,0.00,0.1594,0.1250
11233792.0,3795.155812,7804.045792,11599.201603,1064,43,0.00,0.1578,0.1250
11234122.0,3795.306317,7804.513292,11599.819609,1065,43,0.00,0.1641,0.1375
11234217.0,3795.350106,7804.655000,11600.005106,1066,43,0.00,0.1688,0.1500
11234289.0,3795.383556,7804.767800,11600.151356,1067,43,0.00,0.1734,0.1625
11234436.0,3795.451909,7805.005450,11600.457359,1068,43,0.00,0.1609,0.1500
11234621.0,3795.535825,7805.276608,11600.812434,1069,43,0.00,0.1766,0.1375
11235926.0,3796.142322,7807.088308,11603.230630,1070,43,0.00,0.1703,0.1250
11236060.0,3796.204739,7807.278142,11603.482880,1071,43,0.00,0.1766,0.1375
11236062.0,3796.205680,7807.281125,11603.486805,1072,43,0.00,0.1813,0.1500
11236161.0,3796.252636,7807.436225,11603.688861,1073,43,0.00,0.1859,0.1625
11236237.0,3796.288960,7807.560992,11603.849952,1074,43,0.00,0.1859,0.1625
11236263.0,3796.301387,7807.603675,11603.905062,1075,44,0.00,0.2094,0.1625
11237938.0,3797.095988,7809.991067,11607.087054,1076,45,0.00,0.1828,0.1250
11238503.0,3797.363602,7810.775208,11608.138810,1077,45,0.00,0.1813,0.1250
11238519.0,3797.371137,7810.797575,11608.168712,1078,45,0.00,0.1688,0.1250
11238610.0,3797.413414,7810.926492,11608.339906,1079,45,0.00,0.1734,0.1375
11238754.0,3797.480497,7811.134242,11608.614738,1080,45,0.00,0.1734,0.1250
11238918.0,3797.557286,7811.366575,11608.923861,1081,45,0.00,0.1906,0.1375
11238981.0,3797.587528,7811.458525,11609.046053,1082,46,0.00,0.2031,0.1375
11239010.0,3797.601509,7811.500283,11609.101793,1083,46,0.00,0.1906,0.1375
11239443.0,3797.806383,7812.144525,11609.950908,1084,46,0.00,0.1781,0.1375
11239659.0,3797.908308,7812.466725,11610.375033,1085,46,0.00,0.1969,0.1375
11240047.0,3798.090429,7812.990217,11611.080646,1086,46,0.00,0.1750,0.1125
11240134.0,3798.131271,7813.106942,11611.238213,1087,46,0.00,0.1797,0.1250
11241008.0,3798.530595,7814.238908,11612.769503,1088,46,0.00,0.1516,0.1125
11241640.0,3798.814688,7815.064717,11613.879404,1089,46,0.00,0.1594,0.1125
11241843.0,3798.907518,7815.337075,11614.244593,1090,46,0.00,0.1641,0.1250
11241901.0,3798.934252,7815.419242,11614.353494,1091,46,0.00,0.1688,0.1375
11241908.0,3798.937504,7815.429683,11614.367188,1092,46,0.00,0.1734,0.1500
11242076.0,3799.015071,7815.686733,11614.701804,1093,46,0.00,0.1703,0.1500
11242082.0,3799.017865,7815.696133,11614.713999,1094,46,0.00,0.1844,0.1625
11242144.0,3799.046964,7815.788467,11614.835430,1095,46,0.00,0.1844,0.1375
11242177.0,3799.062696,7815.837692,11614.900388,1096,47,0.00,0.1938,0.1500
11242484.0,3799.207402,7816.296833,11615.504236,1097,48,0.00,0.1938,0.1500
11242835.0,3799.369979,7816.801808,11616.171787,1098,49,0.00,0.1813,0.1375
11242948.0,3799.421224,7816.954242,11616.375466,1099,49,0.00,0.1578,0.1250
11243395.0,3799.624386,7817.573017,11617.197403,1100,49,0.00,0.1703,0.1250
11243594.0,3799.715062,7817.843608,11617.558670,1101,49,0.00,0.1578,0.1250
11243610.0,3799.722359,7817.866275,11617.588634,1102,49,0.00,0.1750,0.1375
11243663.0,3799.747240,7817.945333,11617.692573,1103,49,0.00,0.1922,0.1500
11243843.0,3799.834146,7818.227333,11618.061479,1104,49,0.00,0.1969,0.1625
11243846.0,3799.835605,7818.232258,11618.067864,1105,49,0.00,0.2141,0.1750
11244012.0,3799.918576,7818.517225,11618.435801,1106,50,0.00,0.2313,0.1875
11244255.0,3800.042426,7818.934975,11618.977401,1107,50,0.00,0.2266,0.1750
11244274.0,3800.052107,7818.967592,11619.019699,1108,51,0.00,0.2438,0.1875
11244400.0,3800.117219,7819.188992,11619.306211,1109,51,0.00,0.2313,0.1875
11244510.0,3800.173671,7819.386075,11619.559746,1110,51,0.00,0.2359,0.2000
11244611.0,3800.225872,7819.574608,11619.800480,1111,51,0.00,0.2531,0.2125
11244979.0,3800.417327,7820.221417,11620.638743,1112,51,0.00,0.2719,0.1625
11245031.0,3800.445375,7820.305208,11620.750584,1113,52,0.00,0.2797,0.1750
11245219.0,3800.545477,7820.627942,11621.173419,1114,52,0.00,0.2531,0.1875
11245256.0,3800.565095,7820.694233,11621.259328,1115,52,0.00,0.2578,0.2000
11245278.0,3800.576840,7820.735300,11621.312140,1116,53,0.00,0.2813,0.2125
11245337.0,3800.609413,7820.849858,11621.459271,1117,53,0.00,0.2859,0.2250
11245626.0,3800.769836,7821.428925,11622.198761,1118,54,0.00,0.2984,0.2250
11245800.0,3800.867871,7821.772550,11622.640421,1119,54,0.00,0.2984,0.2250
11246156.0,3801.068683,7822.480433,11623.549116,1120,54,0.00,0.3438,0.2125
11246156.0,3801.068683,7822.480433,11623.549116,1121,54,0.00,0.3938,0.2125
11246157.0,3801.069323,7822.482375,11623.551698,1122,54,0.00,0.4438,0.2125
11246296.0,3801.163630,7822.752267,11623.915897,1123,55,0.00,0.4625,0.2125
11246303.0,3801.168482,7822.765858,11623.934340,1124,56,0.00,0.4859,0.2125
11246539.0,3801.310003,7823.221542,11624.531544,1125,57,0.00,0.3500,0.2000
11246898.0,3801.527397,7823.891675,11625.419072,1126,57,0.00,0.3547,0.2125
11246977.0,3801.573876,7824.040267,11625.614143,1127,58,0.00,0.3406,0.2125
11247446.0,3801.847343,7824.891658,11626.739001,1128,58,0.00,0.3375,0.1875
11247810.0,3802.058502,7825.543825,11627.602327,1129,58,0.00,0.2906,0.1875
11248049.0,3802.187842,7825.959283,11628.147125,1130,58,0.00,0.2516,0.1750
11248086.0,3802.207415,7826.022800,11628.230215,1131,58,0.00,0.2563,0.1875
11248334.0,3802.339032,7826.457308,11628.796340,1132,58,0.00,0.2516,0.1750
11248918.0,3802.646574,7827.431267,11630.077841,1133,58,0.00,0.2516,0.1750
11248969.0,3802.673436,7827.516417,11630.189853,1134,58,0.00,0.2516,0.1750
11249336.0,3802.866891,7828.132333,11630.999225,1135,58,0.00,0.2516,0.1750
11249350.0,3802.874297,7828.156367,11631.030664,1136,58,0.00,0.2578,0.1875
11249414.0,3802.908464,7828.271033,11631.179497,1137,58,0.00,0.2625,0.2000
11249789.0,3803.109126,7828.952508,11632.061634,1138,59,0.00,0.2703,0.1875
11250269.0,3803.370043,7829.812508,11633.182551,1139,59,0.00,0.2750,0.2000
11250648.0,3803.572945,7830.496200,11634.069145,1140,59,0.00,0.2516,0.1875
11250676.0,3803.587756,7830.546367,11634.134123,1141,60,0.00,0.2688,0.2000
11250892.0,3803.700572,7830.926092,11634.626663,1142,60,0.00,0.2281,0.1750
11251367.0,3803.932251,7831.665383,11635.597634,1143,60,0.00,0.1766,0.1375
11251441.0,3803.965424,7831.768117,11635.733541,1144,60,0.00,0.1406,0.1250
11251596.0,3804.034044,7831.987700,11636.021744,1145,60,0.00,0.1594,0.1375
11252021.0,3804.225826,7832.568858,11636.794685,1146,60,0.00,0.1547,0.1250
11252062.0,3804.244426,7832.626942,11636.871367,1147,60,0.00,0.1719,0.1375
11252125.0,3804.273848,7832.720917,11636.994764,1148,60,0.00,0.1891,0.1500
11252133.0,3804.277691,7832.733450,11637.011141,1149,60,0.00,0.2063,0.1625
11252136.0,3804.279172,7832.738375,11637.017547,1150,61,0.00,0.2234,0.1750
11252302.0,3804.363353,7833.023342,11637.386695,1151,61,0.00,0.2281,0.1875
11252344.0,3804.384780,7833.098067,11637.482847,1152,61,0.00,0.2281,0.1875
11252570.0,3804.500047,7833.499983,11638.000031,1153,61,0.00,0.2109,0.1750
11252601.0,3804.515467,7833.553200,11638.068667,1154,61,0.00,0.2156,0.1875
11252604.0,3804.516970,7833.558575,11638.075545,1155,61,0.00,0.2203,0.2000
11252819.0,3804.622665,7833.934858,11638.557524,1156,61,0.00,0.1859,0.1750
11253285.0,3804.843101,7834.687725,11639.530826,1157,61,0.00,0.1813,0.1625
11253333.0,3804.865868,7834.766525,11639.632393,1158,61,0.00,0.1859,0.1750
11253544.0,3804.966573,7835.125817,11640.092390,1159,61,0.00,0.1813,0.1625
11253550.0,3804.969419,7835.135667,11640.105086,1160,61,0.00,0.1859,0.1750
11257773.0,3806.845295,7840.814425,11647.659720,1161,61,0.00,0.1344,0.1125
11258025.0,3806.955435,7841.148475,11648.103910,1162,61,0.00,0.1422,0.1125
11258059.0,3806.970529,7841.194092,11648.164620,1163,61,0.00,0.1469,0.1250
11258258.0,3807.059482,7841.473683,11648.533165,1164,61,0.00,0.1469,0.1250
11258461.0,3807.150339,7841.761267,11648.911605,1165,61,0.00,0.1516,0.1375
11258483.0,3807.160244,7841.793633,11648.953877,1166,61,0.00,0.1516,0.1375
11258602.0,3807.213938,7841.971142,11649.185080,1167,61,0.00,0.1563,0.1500
11258674.0,3807.246688,7842.083942,11649.330630,1168,61,0.00,0.1750,0.1625
11258793.0,3807.302388,7842.275925,11649.578313,1169,61,0.00,0.1891,0.1625
11259186.0,3807.490161,7842.900175,11650.390336,1170,61,0.00,0.2031,0.1500
11259274.0,3807.532507,7843.033467,11650.565974,1171,62,0.00,0.2031,0.1500
11259471.0,3807.629206,7843.340225,11650.969431,1172,62,0.00,0.2031,0.1500
11259619.0,3807.701922,7843.572092,11651.274013,1173,62,0.00,0.2203,0.1625
11260464.0,3808.121511,7844.920750,11653.042261,1174,63,0.00,0.2219,0.1500
11260593.0,3808.185066,7845.122850,11653.307916,1175,63,0.00,0.2156,0.1500
11289646.0,3820.330568,7878.381067,11698.711635,1176,63,0.00,0.0906,0.0750
11289692.0,3820.349144,7878.432433,11698.781577,1177,63,0.00,0.1094,0.0750
11289731.0,3820.365462,7878.475983,11698.841445,1178,63,0.00,0.1141,0.0875
11289750.0,3820.373481,7878.498625,11698.872106,1179,63,0.00,0.1328,0.0875
11290753.0,3820.796569,7879.620217,11700.416786,1180,63,0.00,0.1219,0.0750
11290804.0,3820.818404,7879.677167,11700.495570,1181,63,0.00,0.1391,0.0875
11290853.0,3820.840037,7879.735558,11700.575595,1182,63,0.00,0.1563,0.1000
11290907.0,3820.863914,7879.803958,11700.667872,1183,63,0.00,0.1547,0.1125
11291071.0,3820.938312,7880.023992,11700.962303,1184,63,0.00,0.1719,0.1250
11291121.0,3820.961663,7880.094825,11701.056488,1185,63,0.00,0.1891,0.1375
11291824.0,3821.261392,7880.930392,11702.191784,1186,63,0.00,0.0906,0.0750
11292087.0,3821.367466,7881.221375,11702.588841,1187,63,0.00,0.1359,0.0625
11292088.0,3821.367905,7881.222417,11702.590321,1188,63,0.00,0.1859,0.0625
11292364.0,3821.491030,7881.509917,11703.000947,1189,63,0.00,0.0906,0.0750
11292401.0,3821.505972,7881.551233,11703.057205,1190,63,0.00,0.0969,0.0875
11292666.0,3821.614272,7881.867025,11703.481297,1191,63,0.00,0.1469,0.0875
11292686.0,3821.623223,7881.890858,11703.514082,1192,63,0.00,0.1516,0.1000
11292973.0,3821.746430,7882.232942,11703.979371,1193,63,0.00,0.0969,0.0875
11293240.0,3821.855547,7882.551117,11704.406664,1194,63,0.00,0.1469,0.0875
11293876.0,3822.121224,7883.309017,11705.430240,1195,63,0.00,0.1016,0.1000
11294362.0,3822.319299,7883.876992,11706.196291,1196,63,0.00,0.0969,0.0875
11294456.0,3822.357715,7883.989008,11706.346723,1197,63,0.00,0.1016,0.1000
11294979.0,3822.571233,7884.607675,11707.178908,1198,63,0.00,0.1031,0.0875
11295242.0,3822.679994,7884.921083,11707.601077,1199,63,0.00,0.1078,0.1000
11295703.0,3822.871366,7885.485442,11708.356808,1200,63,0.00,0.1203,0.1000
11295705.0,3822.872220,7885.487975,11708.360195,1201,63,0.00,0.1375,0.1125
11295817.0,3822.921531,7885.638242,11708.559773,1202,63,0.00,0.1625,0.1250
11295850.0,3822.936702,7885.684992,11708.621693,1203,63,0.00,0.1797,0.1375
11295892.0,3822.956572,7885.747642,11708.704213,1204,63,0.00,0.1844,0.1500
11295956.0,3822.987083,7885.847908,11708.834991,1205,64,0.00,0.2016,0.1625
11296077.0,3823.046385,7886.046550,11709.092935,1206,64,0.00,0.2141,0.1750
11296145.0,3823.080373,7886.163283,11709.243657,1207,65,0.00,0.2313,0.1875
11296551.0,3823.281258,7886.823800,11710.105058,1208,65,0.00,0.1906,0.1375
11296874.0,3823.436814,7887.305608,11710.742422,1209,65,0.00,0.1953,0.1500
11297523.0,3823.750434,7888.304675,11712.055109,1210,65,0.00,0.1781,0.1250
11297764.0,3823.861615,7888.631842,11712.493457,1211,65,0.00,0.1656,0.1250
11297811.0,3823.883337,7888.698425,11712.581762,1212,65,0.00,0.1828,0.1375
11297812.0,3823.883812,7888.699917,11712.583729,1213,65,0.00,0.1953,0.1375
11298022.0,3823.983949,7888.998467,11712.982415,1214,65,0.00,0.1813,0.1000
11298055.0,3823.999601,7889.040267,11713.039867,1215,65,0.00,0.1859,0.1125
11298176.0,3824.057433,7889.202608,11713.260041,1216,65,0.00,0.1922,0.1250
11298308.0,3824.118196,7889.372958,11713.491155,1217,66,0.00,0.1656,0.0875
11298728.0,3824.311003,7889.846758,11714.157761,1218,66,0.00,0.1656,0.0875
11298875.0,3824.378939,7890.021933,11714.400872,1219,66,0.00,0.1938,0.1000
11299089.0,3824.480654,7890.293000,11714.773654,1220,66,0.00,0.1813,0.1000
11299099.0,3824.485397,7890.305667,11714.791064,1221,66,0.00,0.1938,0.1000
11299124.0,3824.497498,7890.337333,11714.834831,1222,66,0.00,0.1984,0.1125
11299712.0,3824.771882,7891.096608,11715.868491,1223,66,0.00,0.1750,0.1125
11299896.0,3824.857152,7891.343475,11716.200627,1224,66,0.00,0.1688,0.1250
11300486.0,3825.117888,7892.118483,11717.236371,1225,66,0.00,0.1219,0.1000
11300993.0,3825.334152,7892.744333,11718.078486,1226,66,0.00,0.1344,0.1000
11301086.0,3825.374872,7892.862133,11718.237006,1227,66,0.00,0.1516,0.1125
11301240.0,3825.444359,7893.068750,11718.513109,1228,66,0.00,0.1688,0.1250
11301577.0,3825.600924,7893.546167,11719.147091,1229,66,0.00,0.1734,0.1375
11301626.0,3825.623867,7893.619258,11719.243126,1230,66,0.00,0.1781,0.1500
11301682.0,3825.650292,7893.706992,11719.357284,1231,67,0.00,0.2031,0.1625
11301877.0,3825.745924,7894.023517,11719.769441,1232,67,0.00,0.2156,0.1625
11301997.0,3825.804716,7894.208292,11720.013008,1233,67,0.00,0.1984,0.1500
11302044.0,3825.827637,7894.281925,11720.109562,1234,67,0.00,0.2031,0.1625
11302075.0,3825.842868,7894.332817,11720.175685,1235,68,0.00,0.2203,0.1750
11302080.0,3825.845391,7894.341400,11720.186791,1236,68,0.00,0.2250,0.1875
11302151.0,3825.881483,7894.468608,11720.350091,1237,69,0.00,0.2422,0.2000
11302160.0,3825.886178,7894.485408,11720.371587,1238,69,0.00,0.2469,0.2125
11302283.0,3825.950600,7894.720408,11720.671009,1239,69,0.00,0.2438,0.1750
11303041.0,3826.308482,7895.755917,11722.064399,1240,69,0.00,0.1625,0.1125
11303303.0,3826.428429,7896.102333,11722.530762,1241,69,0.00,0.1578,0.1000
11303937.0,3826.708812,7896.871575,11723.580387,1242,69,0.00,0.1500,0.1000
11304159.0,3826.806011,7897.137625,11723.943636,1243,69,0.00,0.1281,0.0875
11304300.0,3826.867062,7897.305650,11724.172712,1244,69,0.00,0.1453,0.1000
11304320.0,3826.875989,7897.330983,11724.206973,1245,69,0.00,0.1500,0.1125
11304374.0,3826.900289,7897.403433,11724.303723,1246,69,0.00,0.1547,0.1250
11304463.0,3826.940664,7897.529517,11724.470181,1247,69,0.00,0.1563,0.1375
11304526.0,3826.969320,7897.623492,11724.592812,1248,69,0.00,0.1609,0.1500
11304608.0,3827.006918,7897.751958,11724.758876,1249,69,0.00,0.1656,0.1625
11305115.0,3827.235906,7898.507183,11725.743090,1250,69,0.00,0.1391,0.1250
11305159.0,3827.255332,7898.569517,11725.824849,1251,69,0.00,0.1438,0.1375
11305285.0,3827.311310,7898.755217,11726.066527,1252,69,0.00,0.1438,0.1375
11305484.0,3827.399893,7899.052058,11726.451951,1253,69,0.00,0.1484,0.1500
11305557.0,3827.432650,7899.166350,11726.599000,1254,69,0.00,0.1609,0.1500
11305559.0,3827.433567,7899.169483,11726.603051,1255,69,0.00,0.1781,0.1625
11305743.0,3827.517457,7899.447775,11726.965232,1256,69,0.00,0.1344,0.1250
11305795.0,3827.540226,7899.521442,11727.061667,1257,69,0.00,0.1438,0.1375
11305955.0,3827.610466,7899.752533,11727.362999,1258,69,0.00,0.1406,0.1375
11306260.0,3827.744748,7900.192192,11727.936940,1259,69,0.00,0.1484,0.1375
11306401.0,3827.808027,7900.402517,11728.210543,1260,69,0.00,0.1531,0.1500
11307339.0,3828.224365,7901.733000,11729.957365,1261,69,0.00,0.1234,0.1125
11307342.0,3828.225653,7901.737025,11729.962678,1262,69,0.00,0.1281,0.1250
11307692.0,3828.376225,7902.217933,11730.594158,1263,69,0.00,0.1313,0.1125
11307831.0,3828.436748,7902.404425,11730.841173,1264,69,0.00,0.1359,0.1250
11307838.0,3828.439821,7902.414342,11730.854163,1265,69,0.00,0.1406,0.1375
11308020.0,3828.520394,7902.685825,11731.206219,1266,69,0.00,0.1578,0.1500
11308024.0,3828.522218,7902.692092,11731.214310,1267,69,0.00,0.1750,0.1625
11308521.0,3828.747635,7903.449950,11732.197585,1268,69,0.00,0.1406,0.1375
11308788.0,3828.862644,7903.830300,11732.692944,1269,69,0.00,0.1406,0.1375
11308789.0,3828.863086,7903.831792,11732.694878,1270,69,0.00,0.1578,0.1500
11308789.0,3828.863086,7903.831792,11732.694878,1271,69,0.00,0.1750,0.1625
11309094.0,3829.004119,7904.296125,11733.300244,1272,69,0.00,0.1359,0.1250
11309611.0,3829.213911,7904.969442,11734.183353,1273,69,0.00,0.1063,0.1125
11310041.0,3829.388605,7905.504283,11734.892888,1274,69,0.00,0.1094,0.1000
11310151.0,3829.434629,7905.643617,11735.078246,1275,69,0.00,0.1266,0.1125
11310354.0,3829.522279,7905.915975,11735.438254,1276,69,0.00,0.1438,0.1250
11310355.0,3829.522724,7905.917392,11735.440115,1277,69,0.00,0.1484,0.1375
11310513.0,3829.593632,7906.153075,11735.746707,1278,69,0.00,0.1656,0.1500
11310674.0,3829.668038,7906.405308,11736.073347,1279,69,0.00,0.1719,0.1625
11310689.0,3829.675044,7906.429933,11736.104977,1280,69,0.00,0.1813,0.1750
11310928.0,3829.788235,7906.836767,11736.625002,1281,69,0.00,0.1891,0.1750
11310944.0,3829.795921,7906.864233,11736.660154,1282,69,0.00,0.1938,0.1875
11311054.0,3829.849142,7907.061092,11736.910234,1283,69,0.00,0.1906,0.1875
11311061.0,3829.852513,7907.073633,11736.926147,1284,69,0.00,0.1953,0.2000
11311657.0,3830.140659,7908.169817,11738.310475,1285,70,0.00,0.2063,0.2000
11311666.0,3830.145102,7908.186617,11738.331719,1286,71,0.00,0.2250,0.2000
11312135.0,3830.377186,7909.033058,11739.410245,1287,71,0.00,0.2000,0.1875
11312135.0,3830.377186,7909.033058,11739.410245,1288,71,0.00,0.2188,0.1875
11312226.0,3830.422793,7909.192875,11739.615668,1289,71,0.00,0.2172,0.1875
11312470.0,3830.544866,7909.620217,11740.165083,1290,71,0.00,0.2297,0.1875
11312471.0,3830.545378,7909.622008,11740.167387,1291,72,0.00,0.2469,0.2000
11312511.0,3830.565991,7909.694425,11740.260416,1292,72,0.00,0.2344,0.2000
11312599.0,3830.611129,7909.853817,11740.464946,1293,72,0.00,0.2344,0.2000
11312619.0,3830.621442,7909.891150,11740.512592,1294,72,0.00,0.2391,0.2125
11312689.0,3830.657109,7910.022642,11740.679751,1295,72,0.00,0.2297,0.2000
11312702.0,3830.663765,7910.046908,11740.710673,1296,72,0.00,0.2422,0.2125
11312714.0,3830.670025,7910.070208,11740.740233,1297,73,0.00,0.2594,0.2250
11313813.0,3831.217452,7912.061825,11743.279277,1298,73,0.00,0.1766,0.1750
11314353.0,3831.471608,7912.988825,11744.460433,1299,73,0.00,0.1859,0.1875
11314975.0,3831.767435,7914.088242,11745.855677,1300,73,0.00,0.1938,0.1875
11314980.0,3831.769856,7914.097200,11745.867056,1301,73,0.00,0.2109,0.2000
11315316.0,3831.936981,7914.724400,11746.661381,1302,74,0.00,0.2281,0.2125
11315325.0,3831.941577,7914.741875,11746.683452,1303,74,0.00,0.2328,0.2250
11315566.0,3832.062409,7915.210267,11747.272675,1304,75,0.00,0.2156,0.2125
11315619.0,3832.088964,7915.313175,11747.402139,1305,75,0.00,0.2656,0.2125
11315620.0,3832.089504,7915.315117,11747.404620,1306,75,0.00,0.3156,0.2125
11315648.0,3832.105711,7915.369483,11747.475194,1307,76,0.00,0.3328,0.2250
11316323.0,3832.451761,7916.652133,11749.103894,1308,76,0.00,0.2266,0.1750
11316417.0,3832.499351,7916.811775,11749.311126,1309,76,0.00,0.2375,0.1750
11316517.0,3832.548821,7916.981567,11749.530387,1310,76,0.00,0.1828,0.1625
11316613.0,3832.594471,7917.139167,11749.733638,1311,76,0.00,0.1875,0.1750
11317139.0,3832.834672,7918.026533,11750.861205,1312,76,0.00,0.1797,0.1500
11317435.0,3832.968951,7918.490267,11751.459218,1313,76,0.00,0.1531,0.1500
11318199.0,3833.314608,7919.687200,11753.001808,1314,76,0.00,0.1703,0.1625
11325996.0,3836.579888,7929.985800,11766.565688,1315,76,0.00,0.1047,0.1125
11326552.0,3836.810493,7930.731767,11767.542259,1316,76,0.00,0.1094,0.1250
11326557.0,3836.812585,7930.738850,11767.551435,1317,76,0.00,0.1141,0.1375
11326617.0,3836.837908,7930.828350,11767.666258,1318,76,0.00,0.1188,0.1500
11327321.0,3837.134348,7931.864458,11768.998806,1319,76,0.00,0.1344,0.1375
11327553.0,3837.235699,7932.205800,11769.441499,1320,76,0.00,0.1469,0.1375
11327628.0,3837.269267,7932.317675,11769.586942,1321,76,0.00,0.1516,0.1500
11327808.0,3837.349826,7932.586100,11769.935926,1322,76,0.00,0.1484,0.1375
11327857.0,3837.371816,7932.659192,11770.031008,1323,76,0.00,0.1656,0.1500
11328029.0,3837.451306,7932.928658,11770.379965,1324,76,0.00,0.1828,0.1625
11328518.0,3837.678701,7933.697758,11771.376460,1325,76,0.00,0.1719,0.1375
11328655.0,3837.742682,7933.902117,11771.644799,1326,76,0.00,0.1969,0.1375
11328658.0,3837.744142,7933.906592,11771.650733,1327,76,0.00,0.2031,0.1500
11333050.0,3839.623435,7939.863842,11779.487277,1328,77,0.00,0.1094,0.1000
11333556.0,3839.835147,7940.504775,11780.339922,1329,77,0.00,0.1375,0.1125
11333598.0,3839.853638,7940.561125,11780.414763,1330,77,0.00,0.1656,0.1250
11333777.0,3839.936364,7940.814708,11780.751072,1331,77,0.00,0.1844,0.1250
11333783.0,3839.939224,7940.823208,11780.762432,1332,77,0.00,0.2031,0.1250
11333784.0,3839.939715,7940.824625,11780.764340,1333,77,0.00,0.2281,0.1250
11333794.0,3839.944823,7940.838792,11780.783615,1334,77,0.00,0.2328,0.1375
11333839.0,3839.967972,7940.905917,11780.873888,1335,78,0.00,0.2516,0.1375
11334076.0,3840.093343,7941.259442,11781.352785,1336,78,0.00,0.2578,0.1500
11334457.0,3840.292292,7941.822742,11782.115034,1337,79,0.00,0.2063,0.1250
11334738.0,3840.423934,7942.220825,11782.644759,1338,79,0.00,0.1781,0.1375
11334827.0,3840.465386,7942.349383,11782.814770,1339,79,0.00,0.1828,0.1375
11334837.0,3840.470141,7942.364300,11782.834441,1340,79,0.00,0.2000,0.1500
11335068.0,3840.581393,7942.723950,11783.305343,1341,79,0.00,0.1922,0.1375
11335337.0,3840.711269,7943.125208,11783.836478,1342,79,0.00,0.2094,0.1500
11335740.0,3840.904242,7943.727700,11784.631942,1343,80,0.00,0.1688,0.1375
11335976.0,3841.011421,7944.056558,11785.067979,1344,80,0.00,0.1625,0.1250
11336136.0,3841.084976,7944.283225,11785.368201,1345,80,0.00,0.1797,0.1375
11340048.0,3842.765517,7949.377700,11792.143217,1346,80,0.00,0.1406,0.1125
11340147.0,3842.809345,7949.510525,11792.319870,1347,80,0.00,0.1594,0.1125
11340203.0,3842.834953,7949.585658,11792.420611,1348,80,0.00,0.1766,0.1250
11340782.0,3843.092879,7950.368708,11793.461588,1349,80,0.00,0.1188,0.1125
11340817.0,3843.107779,7950.415667,11793.523445,1350,80,0.00,0.1688,0.1125
11340817.0,3843.107779,7950.415667,11793.523445,1351,80,0.00,0.2188,0.1125
11342386.0,3843.750526,7952.301217,11796.051743,1352,80,0.00,0.1016,0.1000
11342410.0,3843.760422,7952.331617,11796.092039,1353,80,0.00,0.1188,0.1125
11342436.0,3843.771490,7952.366500,11796.137990,1354,80,0.00,0.1359,0.1250
11342458.0,3843.781149,7952.397667,11796.178816,1355,80,0.00,0.1531,0.1375
11342524.0,3843.811010,7952.496117,11796.307126,1356,80,0.00,0.1719,0.1375
11342609.0,3843.850706,7952.622908,11796.473614,1357,80,0.00,0.1906,0.1375
11342677.0,3843.883455,7952.724342,11796.607796,1358,81,0.00,0.2047,0.1500
11343842.0,3844.415136,7954.447208,11798.862344,1359,81,0.00,0.1031,0.1125
11345006.0,3844.892949,7955.975608,11800.868557,1360,81,0.00,0.0828,0.0875
11345074.0,3844.919995,7956.056642,11800.976637,1361,81,0.00,0.1016,0.1000
11345551.0,3845.116675,7956.660842,11801.777516,1362,81,0.00,0.1141,0.1125
11345812.0,3845.226830,7957.011017,11802.237846,1363,81,0.00,0.1391,0.1125
11345865.0,3845.250229,7957.082125,11802.332354,1364,81,0.00,0.1547,0.1125
11346208.0,3845.401640,7957.521392,11802.923032,1365,81,0.00,0.1516,0.1125
11346233.0,3845.412920,7957.554933,11802.967854,1366,81,0.00,0.1688,0.1250
11346237.0,3845.414779,7957.560600,11802.975379,1367,81,0.00,0.1859,0.1375
11346548.0,3845.558596,7957.997433,11803.556029,1368,82,0.00,0.1688,0.1250
11346552.0,3845.560454,7958.003100,11803.563554,1369,82,0.00,0.1859,0.1375
11346580.0,3845.573837,7958.044867,11803.618703,1370,83,0.00,0.2031,0.1500
11346580.0,3845.573837,7958.044867,11803.618703,1371,84,0.00,0.2281,0.1500
11346627.0,3845.597843,7958.118500,11803.716343,1372,85,0.00,0.2453,0.1625
11346674.0,3845.622477,7958.195658,11803.818135,1373,86,0.00,0.2625,0.1750
11346674.0,3845.622477,7958.195658,11803.818135,1374,87,0.00,0.2797,0.1875
11346677.0,3845.624130,7958.201033,11803.825163,1375,88,0.00,0.2969,0.2000
11346750.0,3845.665319,7958.337300,11804.002619,1376,89,0.00,0.3141,0.2125
11346985.0,3845.801056,7958.793592,11804.594647,1377,90,0.00,0.3266,0.2250
11383231.0,3860.134483,7998.176592,11858.311075,1378,90,0.00,0.0688,0.0625
11383655.0,3860.298489,7998.618258,11858.916747,1379,90,0.00,0.0781,0.0750
11383763.0,3860.341051,7998.738858,11859.079909,1380,90,0.00,0.0828,0.0875
11383838.0,3860.370827,7998.827108,11859.197935,1381,90,0.00,0.0922,0.0875
11383847.0,3860.374472,7998.837833,11859.212306,1382,90,0.00,0.0984,0.1000
11383876.0,3860.386359,7998.874567,11859.260926,1383,90,0.00,0.1125,0.1125
11384054.0,3860.460327,7999.106933,11859.567260,1384,90,0.00,0.1047,0.1125
11384169.0,3860.507740,7999.259275,11859.767015,1385,90,0.00,0.1078,0.1125
11384376.0,3860.592525,7999.524550,11860.117075,1386,90,0.00,0.0969,0.0875
11384416.0,3860.608872,7999.572217,11860.181089,1387,90,0.00,0.1141,0.1000
11384554.0,3860.667115,7999.747017,11860.414132,1388,90,0.00,0.1313,0.1125
11384702.0,3860.731557,7999.945583,11860.677140,1389,90,0.00,0.1547,0.1250
11384952.0,3860.843203,8000.289850,11861.133053,1390,90,0.00,0.1547,0.1250
11385093.0,3860.906579,8000.480525,11861.387104,1391,90,0.00,0.1578,0.1250
11385488.0,3861.086022,8001.032833,11862.118856,1392,90,0.00,0.1766,0.1250
11385518.0,3861.100142,8001.075333,11862.175475,1393,90,0.00,0.2047,0.1375
11385654.0,3861.164654,8001.265300,11862.429954,1394,90,0.00,0.1828,0.1125
11385921.0,3861.288810,8001.607775,11862.896585,1395,90,0.00,0.1938,0.1125
11386303.0,3861.473709,8002.120292,11863.594001,1396,90,0.00,0.1984,0.1250
11386521.0,3861.580022,8002.429125,11864.009147,1397,90,0.00,0.2266,0.1375
11386542.0,3861.590722,8002.460450,11864.051172,1398,90,0.00,0.2328,0.1500
11386791.0,3861.718810,8002.850550,11864.569360,1399,90,0.00,0.2375,0.1625
11401470.0,3867.971311,8019.823125,11887.794436,1400,90,0.00,0.0625,0.0500
11401602.0,3868.021728,8019.950725,11887.972453,1401,90,0.00,0.0859,0.0500
11401708.0,3868.064146,8020.053192,11888.117338,1402,90,0.00,0.1047,0.0500
11401813.0,3868.107696,8020.154692,11888.262387,1403,90,0.00,0.1094,0.0625
11401815.0,3868.108533,8020.156775,11888.265308,1404,90,0.00,0.1375,0.0750
11402540.0,3868.424832,8020.966358,11889.391190,1405,90,0.00,0.1359,0.0875
11402969.0,3868.613190,8021.477583,11890.090773,1406,90,0.00,0.1531,0.1000
11402972.0,3868.614547,8021.481383,11890.095930,1407,90,0.00,0.1703,0.1125
11403719.0,3868.943100,8022.382433,11891.325534,1408,90,0.00,0.0906,0.0625
11403754.0,3868.957234,8022.418892,11891.376126,1409,90,0.00,0.1078,0.0750
11403804.0,3868.978093,8022.474725,11891.452818,1410,90,0.00,0.1359,0.0875
11403954.0,3869.042282,8022.644100,11891.686382,1411,90,0.00,0.1375,0.0750
11404007.0,3869.065616,8022.703283,11891.768900,1412,90,0.00,0.1516,0.0875
11404118.0,3869.115701,8022.835558,11891.951260,1413,90,0.00,0.1563,0.1000
11404187.0,3869.147087,8022.922958,11892.070045,1414,90,0.00,0.1734,0.1125
11404234.0,3869.169094,8022.986017,11892.155110,1415,90,0.00,0.1906,0.1250
11404376.0,3869.236170,8023.179833,11892.416004,1416,90,0.00,0.1969,0.1125
11404788.0,3869.433605,8023.705825,11893.139430,1417,90,0.00,0.1641,0.1000
11405134.0,3869.587493,8024.121217,11893.708710,1418,90,0.00,0.1406,0.0875
11405247.0,3869.637519,8024.255875,11893.893394,1419,90,0.00,0.1578,0.1000
11405809.0,3869.893524,8024.961367,11894.854891,1420,90,0.00,0.1578,0.1000
11405819.0,3869.898085,8024.974033,11894.872118,1421,90,0.00,0.1828,0.1000
11405829.0,3869.902826,8024.986400,11894.889226,1422,90,0.00,0.1828,0.1000
11405860.0,3869.917567,8025.025667,11894.943234,1423,90,0.00,0.1875,0.1125
11406026.0,3869.993961,8025.244408,11895.238369,1424,90,0.00,0.1781,0.1000
11406028.0,3869.994905,8025.246942,11895.241846,1425,90,0.00,0.2031,0.1000
11406210.0,3870.084325,8025.477475,11895.561800,1426,90,0.00,0.2078,0.1125
11406437.0,3870.195760,8025.763058,11895.958818,1427,90,0.00,0.2031,0.1000
11406529.0,3870.240961,8025.879592,11896.120553,1428,90,0.00,0.2078,0.1125
11406672.0,3870.311741,8026.071450,11896.383191,1429,90,0.00,0.2125,0.1250
11407033.0,3870.487870,8026.546867,11897.034737,1430,90,0.00,0.2031,0.1000
11412186.0,3872.706565,8032.829950,11905.536515,1431,90,0.00,0.1391,0.0875
11412186.0,3872.706565,8032.829950,11905.536515,1432,90,0.00,0.1891,0.0875
11412502.0,3872.844716,8033.206517,11906.051233,1433,90,0.00,0.0953,0.1000
11412756.0,3872.948212,8033.528250,11906.476462,1434,90,0.00,0.1141,0.1125
11413320.0,3873.184850,8034.275200,11907.460050,1435,90,0.00,0.0953,0.1000
11413400.0,3873.217229,8034.372033,11907.589262,1436,90,0.00,0.0969,0.1000
11413764.0,3873.365740,8034.828000,11908.193740,1437,90,0.00,0.1141,0.1000
11413796.0,3873.379246,8034.868533,11908.247779,1438,90,0.00,0.1188,0.1125
11414346.0,3873.613225,8035.603300,11909.216525,1439,90,0.00,0.1188,0.1125
11414563.0,3873.704633,8035.879517,11909.584150,1440,90,0.00,0.1172,0.1125
11414652.0,3873.742412,8035.998925,11909.741337,1441,90,0.00,0.1422,0.1125
11414701.0,3873.764164,8036.064667,11909.828831,1442,90,0.00,0.1672,0.1125
11414707.0,3873.766944,8036.072717,11909.839661,1443,90,0.00,0.1719,0.1250
11414835.0,3873.825536,8036.254050,11910.079586,1444,90,0.00,0.1750,0.1375
11415575.0,3874.172870,8037.356758,11911.529628,1445,90,0.00,0.1750,0.1375
11415575.0,3874.172870,8037.356758,11911.529628,1446,90,0.00,0.1797,0.1500
11415617.0,3874.192740,8037.422558,11911.615298,1447,90,0.00,0.1844,0.1625
11415618.0,3874.193217,8037.424200,11911.617417,1448,90,0.00,0.2016,0.1750
11415685.0,3874.225992,8037.537942,11911.763933,1449,90,0.00,0.1984,0.1625
11415707.0,3874.236702,8037.573683,11911.810386,1450,90,0.00,0.2109,0.1625
11415929.0,3874.342957,8037.910158,11912.253115,1451,90,0.00,0.1797,0.1500
11415933.0,3874.344849,8037.916425,11912.261274,1452,90,0.00,0.1984,0.1625
11415950.0,3874.353140,8037.944333,11912.297473,1453,90,0.00,0.2031,0.1750
11416299.0,3874.524209,8038.535200,11913.059409,1454,91,0.00,0.2266,0.1750
11416358.0,3874.554273,8038.636483,11913.190756,1455,92,0.00,0.2547,0.1875
11416364.0,3874.557461,8038.647233,11913.204694,1456,92,0.00,0.2594,0.2000
11416411.0,3874.582609,8038.734967,11913.317576,1457,92,0.00,0.2641,0.2125
11416461.0,3874.609465,8038.831600,11913.441065,1458,93,0.00,0.2656,0.2000
11417306.0,3875.051196,8040.155508,11915.206704,1459,93,0.00,0.2219,0.1375
11417316.0,3875.056255,8040.170425,11915.226680,1460,93,0.00,0.2219,0.1375
11417650.0,3875.221085,8040.668642,11915.889726,1461,93,0.00,0.2078,0.1500
11417959.0,3875.372411,8041.143667,11916.516078,1462,93,0.00,0.2078,0.1500
11418907.0,3875.832638,8042.589192,11918.421830,1463,93,0.00,0.1906,0.1500
11426456.0,3878.920102,8050.833283,11929.753386,1464,93,0.00,0.0672,0.0625
11427146.0,3879.185289,8051.538608,11930.723898,1465,93,0.00,0.0781,0.0625
11427668.0,3879.391008,8052.082358,11931.473366,1466,93,0.00,0.0953,0.0750
11427721.0,3879.412604,8052.141542,11931.554145,1467,93,0.00,0.1125,0.0875
11427757.0,3879.427754,8052.184442,11931.612195,1468,93,0.00,0.1297,0.1000
11427808.0,3879.449898,8052.249042,11931.698940,1469,93,0.00,0.1469,0.1125
11427849.0,3879.468248,8052.304050,11931.772298,1470,93,0.00,0.1641,0.1250
11428055.0,3879.563202,8052.595883,11932.159085,1471,93,0.00,0.1828,0.1375
11428425.0,3879.734478,8053.123800,11932.858278,1472,93,0.00,0.1688,0.1375
11428646.0,3879.836538,8053.440858,11933.277396,1473,93,0.00,0.1688,0.1375
11428700.0,3879.861626,8053.521408,11933.383034,1474,93,0.00,0.1750,0.1500
11429322.0,3880.153620,8054.495875,11934.649495,1475,94,0.00,0.1891,0.1625
11429482.0,3880.230248,8054.753742,11934.983989,1476,95,0.00,0.1984,0.1625
11429511.0,3880.244390,8054.801350,11935.045740,1477,95,0.00,0.2000,0.1750
11429517.0,3880.247324,8054.811650,11935.058974,1478,96,0.00,0.2141,0.1875
11466113.0,3894.764906,8095.586733,11990.351639,1479,96,0.00,0.0719,0.0750
11466546.0,3894.933445,8096.070250,11991.003695,1480,96,0.00,0.0891,0.0875
11466580.0,3894.947133,8096.110767,11991.057900,1481,96,0.00,0.1063,0.1000
11466638.0,3894.971260,8096.184233,11991.155493,1482,96,0.00,0.1313,0.1125
11466644.0,3894.973872,8096.192283,11991.166156,1483,96,0.00,0.1438,0.1250
11467291.0,3895.242966,8096.958042,11992.201008,1484,96,0.00,0.1156,0.0875
11467310.0,3895.251008,8096.980683,11992.231691,1485,96,0.00,0.1391,0.1000
11467469.0,3895.321206,8097.182083,11992.503289,1486,96,0.00,0.1500,0.1125
11467714.0,3895.431456,8097.510792,11992.942247,1487,96,0.00,0.1641,0.1250
11467857.0,3895.497370,8097.713375,11993.210745,1488,96,0.00,0.1813,0.1375
11468608.0,3895.847651,8098.800392,11994.648043,1489,97,0.00,0.1703,0.1375
11468893.0,3895.978045,8099.209542,11995.187586,1490,97,0.00,0.1469,0.1250
11468914.0,3895.987444,8099.239292,11995.226735,1491,97,0.00,0.1609,0.1375
11468937.0,3895.997825,8099.272925,11995.270750,1492,97,0.00,0.1516,0.1375
11469533.0,3896.265013,8100.137883,11996.402896,1493,97,0.00,0.1406,0.1000
11470485.0,3896.661027,8101.275275,11997.936302,1494,97,0.00,0.1078,0.1000
11470656.0,3896.732126,8101.486925,11998.219051,1495,97,0.00,0.1219,0.1000
11471032.0,3896.893101,8101.963192,11998.856292,1496,97,0.00,0.1281,0.1125
11471383.0,3897.045079,8102.434117,11999.479195,1497,97,0.00,0.1297,0.1250
11471391.0,3897.048552,8102.445450,11999.494002,1498,97,0.00,0.1469,0.1375
11471506.0,3897.099047,8102.611517,11999.710564,1499,97,0.00,0.1469,0.1375
11471750.0,3897.203227,8102.953658,12000.156886,1500,97,0.00,0.1094,0.1125
11471779.0,3897.215332,8102.992117,12000.207449,1501,97,0.00,0.1094,0.1125
11472181.0,3897.383530,8103.531467,12000.914997,1502,97,0.00,0.1375,0.1250
11472281.0,3897.426437,8103.663983,12001.090420,1503,97,0.00,0.1172,0.1125
11472322.0,3897.443841,8103.718992,12001.162832,1504,97,0.00,0.1313,0.1250
11472325.0,3897.445147,8103.723242,12001.168389,1505,97,0.00,0.1453,0.1375
11472461.0,3897.505851,8103.926108,12001.431960,1506,97,0.00,0.1516,0.1500
11472775.0,3897.647533,8104.418042,12002.065574,1507,97,0.00,0.1578,0.1625
11472828.0,3897.671705,8104.505050,12002.176755,1508,98,0.00,0.1703,0.1625
11473159.0,3897.824465,8105.048442,12002.872906,1509,98,0.00,0.1625,0.1750
11487980.0,3903.878581,8123.155708,12027.034289,1510,98,0.00,0.0891,0.0750
11488058.0,3903.909984,8123.242808,12027.152792,1511,98,0.00,0.1063,0.0875
11488062.0,3903.911648,8123.247575,12027.159223,1512,98,0.00,0.1234,0.1000
11488307.0,3904.016475,8123.555883,12027.572359,1513,98,0.00,0.1109,0.1000
11488598.0,3904.138584,8123.924483,12028.063067,1514,98,0.00,0.1234,0.1125
11488616.0,3904.146312,8123.948633,12028.094945,1515,98,0.00,0.1406,0.1250
11488950.0,3904.288191,8124.370275,12028.658466,1516,98,0.00,0.1063,0.1000
11488954.0,3904.289855,8124.375342,12028.665197,1517,98,0.00,0.1109,0.1125
11489060.0,3904.334094,8124.512608,12028.846703,1518,98,0.00,0.1109,0.1125
11489245.0,3904.411089,8124.747767,12029.158856,1519,98,0.00,0.1234,0.1125
11489326.0,3904.445866,8124.856442,12029.302307,1520,98,0.00,0.1281,0.1250
11489646.0,3904.582219,8125.264475,12029.846694,1521,98,0.00,0.1250,0.1125
11490009.0,3904.738511,8125.751500,12030.490011,1522,98,0.00,0.1313,0.1250
11490091.0,3904.774215,8125.867667,12030.641882,1523,98,0.00,0.1359,0.1375
11490613.0,3904.998134,8126.606192,12031.604326,1524,98,0.00,0.1297,0.1250
11490753.0,3905.058066,8126.799725,12031.857791,1525,98,0.00,0.1172,0.1250
11490755.0,3905.058915,8126.802558,12031.861474,1526,98,0.00,0.1219,0.1375
11490853.0,3905.100737,8126.945967,12032.046703,1527,98,0.00,0.1344,0.1375
11503069.0,3909.979922,8140.745792,12050.725714,1528,98,0.00,0.0766,0.0750
11503595.0,3910.186122,8141.323783,12051.509905,1529,98,0.00,0.0813,0.0750
11503982.0,3910.339578,8141.755933,12052.095512,1530,98,0.00,0.0859,0.0875
11503982.0,3910.339578,8141.755933,12052.095512,1531,98,0.00,0.0906,0.1000
11504044.0,3910.364615,8141.834467,12052.199082,1532,98,0.00,0.0953,0.1125
11504381.0,3910.501931,8142.286608,12052.788539,1533,98,0.00,0.1000,0.1250
11504854.0,3910.694097,8142.909592,12053.603689,1534,98,0.00,0.1156,0.1125
11504858.0,3910.695790,8142.914958,12053.610748,1535,98,0.00,0.1203,0.1250
11504878.0,3910.704288,8142.942467,12053.646755,1536,98,0.00,0.1203,0.1250
11504881.0,3910.705569,8142.946717,12053.652285,1537,98,0.00,0.1250,0.1375
11505173.0,3910.830853,8143.377033,12054.207887,1538,98,0.00,0.1156,0.1250
11505390.0,3910.921047,8143.650400,12054.571447,1539,98,0.00,0.1188,0.1000
11505575.0,3910.999800,8143.884733,12054.884533,1540,98,0.00,0.1359,0.1125
11505720.0,3911.063464,8144.079275,12055.142739,1541,98,0.00,0.1422,0.1250
11505875.0,3911.130347,8144.288058,12055.418406,1542,98,0.00,0.1438,0.1250
11505939.0,3911.158836,8144.378725,12055.537561,1543,98,0.00,0.1563,0.1375
11506047.0,3911.207961,8144.539825,12055.747786,1544,98,0.00,0.1609,0.1500
11506051.0,3911.209795,8144.546092,12055.755887,1545,98,0.00,0.1656,0.1625
11506475.0,3911.404322,8145.212833,12056.617156,1546,98,0.00,0.1609,0.1500
11506476.0,3911.404781,8145.214400,12056.619181,1547,98,0.00,0.1656,0.1625
11506478.0,3911.405705,8145.217683,12056.623389,1548,98,0.00,0.1703,0.1750
11506537.0,3911.433187,8145.318967,12056.752154,1549,98,0.00,0.1750,0.1875
11506606.0,3911.465579,8145.442592,12056.908171,1550,98,0.00,0.1797,0.2000
11507540.0,3911.883886,8146.917858,12058.801744,1551,98,0.00,0.1516,0.1375
11507744.0,3911.975934,8147.222158,12059.198092,1552,98,0.00,0.1641,0.1375
11507881.0,3912.038907,8147.422917,12059.461824,1553,98,0.00,0.1656,0.1375
11508931.0,3912.511072,8148.921817,12061.432889,1554,98,0.00,0.1516,0.1375
11508979.0,3912.532730,8148.993417,12061.526147,1555,98,0.00,0.1563,0.1500
11509078.0,3912.577504,8149.143342,12061.720845,1556,98,0.00,0.1500,0.1375
11509174.0,3912.620704,8149.286542,12061.907245,1557,98,0.00,0.1547,0.1500
11556206.0,3930.888686,8196.739433,12127.628119,1558,98,0.00,0.0625,0.0500
11556813.0,3931.120526,8197.326200,12128.446726,1559,98,0.00,0.0813,0.0500
11556874.0,3931.144715,8197.385167,12128.529881,1560,98,0.00,0.1313,0.0500
11556874.0,3931.144715,8197.385167,12128.529881,1561,98,0.00,0.1813,0.0500
11556993.0,3931.201157,8197.500200,12128.701357,1562,98,0.00,0.1859,0.0625
11557472.0,3931.392685,8197.999158,12129.391843,1563,98,0.00,0.0797,0.0750
11557499.0,3931.403358,8198.029308,12129.432666,1564,98,0.00,0.0969,0.0875
11558568.0,3931.837384,8199.259175,12131.096559,1565,98,0.00,0.1078,0.0875
11558581.0,3931.842807,8199.274667,12131.117474,1566,98,0.00,0.1328,0.1000
11558763.0,3931.919494,8199.494475,12131.413969,1567,98,0.00,0.1125,0.1000
11558920.0,3931.983789,8199.682017,12131.665806,1568,98,0.00,0.0953,0.0875
11558964.0,3932.001718,8199.734450,12131.736168,1569,98,0.00,0.1000,0.1000
11559048.0,3932.036247,8199.840775,12131.877022,1570,98,0.00,0.1188,0.1000
11559350.0,3932.162085,8200.202308,12132.364393,1571,98,0.00,0.1188,0.1000
11559412.0,3932.188434,8200.279942,12132.468376,1572,98,0.00,0.1203,0.1000
11559412.0,3932.188434,8200.279942,12132.468376,1573,98,0.00,0.1250,0.1125
11559496.0,3932.224601,8200.392642,12132.617243,1574,98,0.00,0.1297,0.1250
11574122.0,3938.022620,8216.473008,12154.495629,1575,98,0.00,0.0859,0.0750
11574517.0,3938.175745,8216.888667,12155.064412,1576,98,0.00,0.0859,0.0750
11574750.0,3938.268986,8217.148850,12155.417836,1577,98,0.00,0.1031,0.0875
11574886.0,3938.325227,8217.310917,12155.636144,1578,98,0.00,0.1313,0.1000
11575441.0,3938.564499,8218.005742,12156.570241,1579,98,0.00,0.1203,0.1000
11575447.0,3938.567061,8218.013342,12156.580402,1580,98,0.00,0.1484,0.1125
11575531.0,3938.604398,8218.124017,12156.728414,1581,98,0.00,0.1453,0.1125
11575576.0,3938.624484,8218.184392,12156.808875,1582,98,0.00,0.1625,0.1250
11575661.0,3938.663560,8218.304808,12156.968368,1583,98,0.00,0.1750,0.1375
11575940.0,3938.788251,8218.689033,12157.477284,1584,98,0.00,0.1344,0.1125
11576143.0,3938.877134,8218.961392,12157.838526,1585,98,0.00,0.1484,0.1250
11576525.0,3939.043777,8219.456358,12158.500135,1586,98,0.00,0.1453,0.1125
11576802.0,3939.167417,8219.828000,12158.995417,1587,98,0.00,0.1578,0.1250
11576952.0,3939.235828,8220.040500,12159.276328,1588,98,0.00,0.1750,0.1375
11577112.0,3939.310655,8220.277217,12159.587872,1589,98,0.00,0.1734,0.1375
11578283.0,3939.835564,8221.846883,12161.682448,1590,98,0.00,0.1531,0.1000
11579525.0,3940.395732,8223.410258,12163.805990,1591,98,0.00,0.1531,0.1000
11579641.0,3940.448214,8223.557192,12164.005406,1592,98,0.00,0.2031,0.1000
11579929.0,3940.579609,8223.921992,12164.501601,1593,98,0.00,0.1359,0.1125
11580214.0,3940.704742,8224.304367,12165.009108,1594,98,0.00,0.1859,0.1125
11580214.0,3940.704742,8224.304367,12165.009108,1595,98,0.00,0.2359,0.1125
11580221.0,3940.708360,8224.313758,12165.022118,1596,98,0.00,0.2531,0.1250
11580395.0,3940.798186,8224.549683,12165.347870,1597,98,0.00,0.1422,0.1250
11580578.0,3940.879424,8224.808933,12165.688358,1598,98,0.00,0.1641,0.1375
11580669.0,3940.921370,8224.944675,12165.866045,1599,98,0.00,0.1766,0.1500
11580670.0,3940.921840,8224.946242,12165.868082,1600,98,0.00,0.1891,0.1625
11580671.0,3940.922321,8224.947883,12165.870204,1601,98,0.00,0.1938,0.1750
11580806.0,3940.987353,8225.177233,12166.164587,1602,98,0.00,0.1859,0.1750
11580823.0,3940.995479,8225.206417,12166.201895,1603,98,0.00,0.1984,0.1750
11580823.0,3940.995479,8225.206417,12166.201895,1604,98,0.00,0.2109,0.1750
11581423.0,3941.291330,8226.192017,12167.483347,1605,99,0.00,0.2078,0.1500
11581624.0,3941.390818,8226.506917,12167.897735,1606,99,0.00,0.2250,0.1625
11581661.0,3941.409626,8226.567658,12167.977285,1607,99,0.00,0.2313,0.1750
11581671.0,3941.414758,8226.584825,12167.999583,1608,99,0.00,0.2359,0.1875
11581693.0,3941.426129,8226.624242,12168.050370,1609,99,0.00,0.2406,0.2000
11581896.0,3941.531583,8227.001600,12168.533183,1610,100,0.00,0.2469,0.2000
11582356.0,3941.752074,8227.756542,12169.508616,1611,100,0.00,0.1828,0.1625
11582378.0,3941.762536,8227.792658,12169.555194,1612,100,0.00,0.1953,0.1750
11582470.0,3941.807178,8227.950592,12169.757770,1613,100,0.00,0.2078,0.1875
11582588.0,3941.865089,8228.159233,12170.024323,1614,101,0.00,0.2047,0.1875
11583949.0,3942.507045,8230.269867,12172.776912,1615,101,0.00,0.1750,0.1500
11584444.0,3942.735482,8231.014992,12173.750474,1616,101,0.00,0.1641,0.1500
11584512.0,3942.766826,8231.121525,12173.888351,1617,101,0.00,0.1813,0.1625
11592022.0,3945.864150,8240.154792,12186.018941,1618,101,0.00,0.0875,0.0625
11592131.0,3945.906486,8240.261058,12186.167545,1619,101,0.00,0.0734,0.0625
11592180.0,3945.925619,8240.312100,12186.237719,1620,101,0.00,0.0781,0.0750
11592410.0,3946.016261,8240.568933,12186.585194,1621,101,0.00,0.0953,0.0875
11592412.0,3946.017076,8240.571317,12186.588393,1622,101,0.00,0.1125,0.1000
11592750.0,3946.155588,8240.978525,12187.134113,1623,101,0.00,0.1016,0.1000
11592825.0,3946.186512,8241.073525,12187.260037,1624,101,0.00,0.1188,0.1125
11593617.0,3946.522646,8242.130425,12188.653071,1625,101,0.00,0.1188,0.1125
11593673.0,3946.546485,8242.205558,12188.752044,1626,101,0.00,0.1359,0.1250
11593777.0,3946.591856,8242.346892,12188.938748,1627,101,0.00,0.1484,0.1250
11593927.0,3946.659174,8242.559392,12189.218565,1628,101,0.00,0.1656,0.1375
11593930.0,3946.660560,8242.563867,12189.224427,1629,101,0.00,0.1828,0.1500
11593932.0,3946.661511,8242.567000,12189.228511,1630,101,0.00,0.1875,0.1625
11594500.0,3946.926219,8243.457617,12190.383835,1631,101,0.00,0.1750,0.1625
11594915.0,3947.120885,8244.135758,12191.256643,1632,101,0.00,0.1953,0.1625
11594942.0,3947.133986,8244.180083,12191.314070,1633,102,0.00,0.2078,0.1750
11595006.0,3947.165664,8244.289950,12191.455614,1634,102,0.00,0.2203,0.1875
11595069.0,3947.197265,8244.401325,12191.598590,1635,102,0.00,0.2125,0.1875
11811762.0,4031.718125,8460.917175,12492.635300,1636,102,0.00,0.0813,0.0500
11811816.0,4031.739538,8460.969375,12492.708913,1637,102,0.00,0.1000,0.0625
11812511.0,4032.025260,8461.693333,12493.718593,1638,102,0.00,0.1125,0.0750
11813094.0,4032.270606,8462.344350,12494.614956,1639,102,0.00,0.1297,0.0875
11813182.0,4032.308802,8462.449142,12494.757944,1640,102,0.00,0.1625,0.0750
11813382.0,4032.398724,8462.672475,12495.071199,1641,102,0.00,0.1250,0.0875
11814212.0,4032.756085,8463.661558,12496.417644,1642,102,0.00,0.1375,0.1000
11814247.0,4032.771495,8463.705892,12496.477387,1643,102,0.00,0.1547,0.1125
11814331.0,4032.809203,8463.815517,12496.624719,1644,102,0.00,0.1922,0.1000
11814336.0,4032.811617,8463.821850,12496.633467,1645,102,0.00,0.2109,0.1125
11814525.0,4032.903828,8464.068075,12496.971903,1646,102,0.00,0.1375,0.1000
11814525.0,4032.903828,8464.068075,12496.971903,1647,102,0.00,0.1438,0.1125
11814528.0,4032.905164,8464.072100,12496.977264,1648,102,0.00,0.1500,0.1250
11814531.0,4032.906514,8464.076350,12496.982864,1649,102,0.00,0.1672,0.1375
11814569.0,4032.924122,8464.133033,12497.057155,1650,102,0.00,0.1844,0.1500
11814597.0,4032.937470,8464.176900,12497.114370,1651,102,0.00,0.2016,0.1625
11814683.0,4032.979021,8464.308858,12497.287880,1652,102,0.00,0.1875,0.1375
11815057.0,4033.158230,8464.866742,12498.024971,1653,103,0.00,0.2000,0.1500
11815160.0,4033.208585,8465.028108,12498.236694,1654,104,0.00,0.2172,0.1625
11815527.0,4033.392914,8465.630600,12499.023514,1655,105,0.00,0.2359,0.1625
11815888.0,4033.574672,8466.220167,12499.794839,1656,106,0.00,0.2250,0.1625
11817488.0,4034.331859,8468.531833,12502.863693,1657,107,0.00,0.1906,0.1375
11817489.0,4034.332341,8468.533325,12502.865666,1658,107,0.00,0.2078,0.1500
11817493.0,4034.334321,8468.539592,12502.873913,1659,107,0.00,0.2250,0.1625
11817517.0,4034.346521,8468.578992,12502.925513,1660,107,0.00,0.2500,0.1750
11817565.0,4034.371854,8468.661392,12503.033246,1661,107,0.00,0.2547,0.1875
11817629.0,4034.405865,8468.776058,12503.181924,1662,108,0.00,0.2734,0.1875
11817630.0,4034.406411,8468.777850,12503.184261,1663,109,0.00,0.2906,0.2000
11817632.0,4034.407530,8468.781583,12503.189113,1664,110,0.00,0.3078,0.2125
11817664.0,4034.425390,8468.841092,12503.266482,1665,110,0.00,0.2922,0.1875
11817664.0,4034.425390,8468.841092,12503.266482,1666,111,0.00,0.3109,0.1875
11817727.0,4034.460810,8468.949392,12503.410202,1667,112,0.00,0.3109,0.1875
11817729.0,4034.461961,8468.952975,12503.414936,1668,113,0.00,0.3281,0.2000
11817789.0,4034.497175,8469.062950,12503.560125,1669,114,0.00,0.3406,0.2000
11817790.0,4034.497773,8469.064817,12503.562590,1670,115,0.00,0.3578,0.2125
11817854.0,4034.536597,8469.187283,12503.723880,1671,116,0.00,0.3578,0.2125
11818453.0,4034.874882,8470.308642,12505.183523,1672,116,0.00,0.2734,0.2000
11818455.0,4034.875974,8470.312375,12505.188349,1673,116,0.00,0.2781,0.2125
11818642.0,4034.977101,8470.666167,12505.643268,1674,117,0.00,0.2609,0.2000
11818644.0,4034.978174,8470.669900,12505.648074,1675,118,0.00,0.2781,0.2125
11818675.0,4034.995213,8470.730092,12505.725305,1676,119,0.00,0.2953,0.2250
11819385.0,4035.351351,8471.917275,12507.268626,1677,119,0.00,0.2141,0.1750
11819948.0,4035.630723,8472.841983,12508.472706,1678,119,0.00,0.2109,0.1750
11819979.0,4035.646142,8472.895200,12508.541342,1679,119,0.00,0.2297,0.1750
11820079.0,4035.697340,8473.066867,12508.764206,1680,119,0.00,0.2469,0.1875
11820096.0,4035.706271,8473.097325,12508.803596,1681,120,0.00,0.2656,0.2000
11820181.0,4035.752165,8473.255992,12509.008156,1682,121,0.00,0.2828,0.2125
11820238.0,4035.783703,8473.366667,12509.150369,1683,122,0.00,0.3000,0.2250
11820286.0,4035.810903,8473.463467,12509.274369,1684,123,0.00,0.3172,0.2375
11820326.0,4035.833964,8473.545858,12509.379823,1685,123,0.00,0.3000,0.2250
11820327.0,4035.834531,8473.547875,12509.382406,1686,124,0.00,0.3172,0.2375
11820382.0,4035.866433,8473.662917,12509.529350,1687,125,0.00,0.3344,0.2500
11820433.0,4035.896122,8473.770192,12509.666313,1688,125,0.00,0.3219,0.2500
11820743.0,4036.071944,8474.433083,12510.505027,1689,126,0.00,0.2906,0.2500
11821371.0,4036.422801,8475.784900,12512.207701,1690,126,0.00,0.3047,0.2375
11821457.0,4036.471848,8475.964783,12512.436631,1691,127,0.00,0.3328,0.2500
11821544.0,4036.523368,8476.153283,12512.676652,1692,128,0.00,0.3609,0.2625
11821598.0,4036.556528,8476.274333,12512.830861,1693,128,0.00,0.3656,0.2750
11826753.0,4039.217313,8485.811200,12525.028513,1694,128,0.00,0.2141,0.1875
11826864.0,4039.272793,8486.010075,12525.282868,1695,128,0.00,0.2266,0.2000
11826872.0,4039.276870,8486.025008,12525.301878,1696,128,0.00,0.2438,0.2125
11826901.0,4039.292034,8486.081317,12525.373351,1697,129,0.00,0.2578,0.2250
11826974.0,4039.330016,8486.222983,12525.553000,1698,129,0.00,0.2281,0.2125
11827690.0,4039.680005,8487.534242,12527.214247,1699,129,0.00,0.2094,0.2000
11828474.0,4040.059304,8488.926683,12528.985988,1700,129,0.00,0.1875,0.1875
11828590.0,4040.114888,8489.134517,12529.249404,1701,129,0.00,0.2047,0.2000
11828682.0,4040.160175,8489.304675,12529.464850,1702,129,0.00,0.2203,0.2000
11828684.0,4040.161185,8489.308408,12529.469593,1703,129,0.00,0.2375,0.2125
11828803.0,4040.222833,8489.539467,12529.762300,1704,129,0.00,0.2500,0.2250
11828869.0,4040.257423,8489.670692,12529.928115,1705,129,0.00,0.2422,0.2250
11828906.0,4040.276726,8489.745308,12530.022035,1706,130,0.00,0.2656,0.2375
11829087.0,4040.372467,8490.115725,12530.488192,1707,130,0.00,0.2469,0.2375
11829145.0,4040.402937,8490.237042,12530.639979,1708,131,0.00,0.2641,0.2500
11833215.0,4042.332945,8497.044775,12539.377720,1709,132,0.00,0.1750,0.1625
11833283.0,4042.364867,8497.156408,12539.521276,1710,132,0.00,0.1922,0.1750
11833455.0,4042.447911,8497.451675,12539.899586,1711,132,0.00,0.2094,0.1875
11833733.0,4042.584854,8497.929283,12540.514137,1712,132,0.00,0.2219,0.1875
11833907.0,4042.672868,8498.240958,12540.913826,1713,132,0.00,0.2219,0.1875
11834589.0,4043.015855,8499.420950,12542.436805,1714,132,0.00,0.2422,0.1875
11834608.0,4043.025768,8499.454992,12542.480759,1715,133,0.00,0.2594,0.2000
11835099.0,4043.288072,8500.369200,12543.657272,1716,133,0.00,0.2547,0.2000
11835156.0,4043.318363,8500.475600,12543.793963,1717,133,0.00,0.2641,0.2125
11835172.0,4043.326973,8500.506592,12543.833565,1718,134,0.00,0.2688,0.2125
11835308.0,4043.396095,8500.744633,12544.140729,1719,135,0.00,0.2250,0.1750
11835454.0,4043.468309,8500.987542,12544.455851,1720,135,0.00,0.2172,0.1750
11835560.0,4043.520819,8501.163508,12544.684328,1721,135,0.00,0.2000,0.1625
11835682.0,4043.580464,8501.363792,12544.944256,1722,135,0.00,0.2172,0.1750
11835689.0,4043.583980,8501.375808,12544.959788,1723,135,0.00,0.2344,0.1875
11835689.0,4043.583980,8501.375808,12544.959788,1724,136,0.00,0.2516,0.2000
11835731.0,4043.606070,8501.451583,12545.057653,1725,137,0.00,0.2641,0.2000
11835749.0,4043.615767,8501.485183,12545.100950,1726,137,0.00,0.2688,0.2125
11835770.0,4043.627156,8501.525958,12545.153115,1727,138,0.00,0.2859,0.2250
11835851.0,4043.670966,8501.681358,12545.352324,1728,138,0.00,0.2656,0.2125
11835985.0,4043.741422,8501.927667,12545.669089,1729,139,0.00,0.2594,0.2000
11836437.0,4043.972659,8502.711850,12546.684509,1730,140,0.00,0.2422,0.1875
11836505.0,4044.008135,8502.833683,12546.841818,1731,140,0.00,0.2922,0.1875
11836506.0,4044.008695,8502.835475,12546.844170,1732,140,0.00,0.3422,0.1875
11837081.0,4044.320185,8503.865683,12548.185868,1733,140,0.00,0.2922,0.1875
11837262.0,4044.420446,8504.189975,12548.610421,1734,140,0.00,0.2469,0.2000
11837656.0,4044.622594,8504.898292,12549.520885,1735,140,0.00,0.2797,0.1875
11837738.0,4044.667765,8505.045208,12549.712973,1736,140,0.00,0.2844,0.2000
11838043.0,4044.827625,8505.587917,12550.415542,1737,140,0.00,0.2422,0.1875
11838173.0,4044.895446,8505.820833,12550.716280,1738,140,0.00,0.2484,0.2000
11838246.0,4044.933222,8505.954025,12550.887247,1739,140,0.00,0.2125,0.1875
11838713.0,4045.166073,8506.790733,12551.956807,1740,140,0.00,0.2172,0.2000
11838844.0,4045.230465,8507.027392,12552.257857,1741,140,0.00,0.2219,0.2000
11839411.0,4045.502313,8508.001642,12553.503955,1742,140,0.00,0.2156,0.1875
11839585.0,4045.588695,8508.309867,12553.898561,1743,140,0.00,0.2109,0.1875
11839833.0,4045.708290,8508.729375,12554.437665,1744,140,0.00,0.2063,0.1750
11839837.0,4045.710265,8508.736242,12554.446507,1745,140,0.00,0.2234,0.1875
11839991.0,4045.788361,8509.012158,12554.800520,1746,140,0.00,0.2359,0.2000
11840018.0,4045.802316,8509.062558,12554.864874,1747,140,0.00,0.2406,0.2125
11840057.0,4045.822615,8509.138283,12554.960898,1748,141,0.00,0.2578,0.2250
11840187.0,4045.891644,8509.399175,12555.290819,1749,141,0.00,0.2359,0.2250
11840331.0,4045.963185,8509.668725,12555.631910,1750,141,0.00,0.2063,0.2000
11840331.0,4045.963185,8509.668725,12555.631910,1751,141,0.00,0.2234,0.2125
11840675.0,4046.137196,8510.327658,12556.464855,1752,141,0.00,0.2359,0.2125
11840956.0,4046.279461,8510.856617,12557.136077,1753,142,0.00,0.2359,0.2125
11840957.0,4046.279978,8510.858558,12557.138536,1754,142,0.00,0.2531,0.2250
11841027.0,4046.317092,8510.999725,12557.316817,1755,143,0.00,0.2703,0.2375
11841323.0,4046.471721,8511.583683,12558.055405,1756,144,0.00,0.2531,0.2250
11841324.0,4046.472251,8511.585700,12558.057951,1757,145,0.00,0.2703,0.2375
11841600.0,4046.620902,8512.155275,12558.776177,1758,146,0.00,0.2703,0.2375
11841601.0,4046.621445,8512.157367,12558.778812,1759,147,0.00,0.2875,0.2500
11841637.0,4046.641495,8512.235367,12558.876862,1760,148,0.00,0.3047,0.2625
11842456.0,4047.069814,8513.853792,12560.923605,1761,148,0.00,0.2359,0.2125
11842459.0,4047.071364,8513.859617,12560.930981,1762,149,0.00,0.2531,0.2250
11842495.0,4047.090452,8513.932217,12561.022668,1763,150,0.00,0.2703,0.2375
11843059.0,4047.372512,8514.974367,12562.346878,1764,150,0.00,0.1953,0.1750
11843104.0,4047.394348,8515.051617,12562.445964,1765,150,0.00,0.2234,0.1875
11843389.0,4047.533945,8515.540642,12563.074586,1766,150,0.00,0.1828,0.1500
11843509.0,4047.591007,8515.728642,12563.319649,1767,150,0.00,0.2000,0.1625
11843984.0,4047.804517,8516.455708,12564.260225,1768,151,0.00,0.1531,0.1500
11843987.0,4047.805874,8516.460408,12564.266282,1769,151,0.00,0.1703,0.1625
11847638.0,4049.389956,8521.526833,12570.916789,1770,151,0.00,0.1313,0.1125
11847680.0,4049.408243,8521.583183,12570.991427,1771,151,0.00,0.1547,0.1250
11847733.0,4049.432287,8521.658267,12571.090553,1772,151,0.00,0.1672,0.1375
11847921.0,4049.519400,8521.938700,12571.458100,1773,151,0.00,0.1719,0.1500
11847923.0,4049.520334,8521.941833,12571.462167,1774,151,0.00,0.1766,0.1625
11847952.0,4049.533983,8521.989442,12571.523425,1775,152,0.00,0.1938,0.1750
11847954.0,4049.534951,8521.992875,12571.527826,1776,152,0.00,0.2109,0.1875
11848618.0,4049.845324,8523.018517,12572.863841,1777,152,0.00,0.1641,0.1375
11848623.0,4049.847629,8523.025975,12572.873604,1778,152,0.00,0.1813,0.1500
11848624.0,4049.848103,8523.027542,12572.875645,1779,153,0.00,0.1984,0.1625
11848625.0,4049.848591,8523.029183,12572.877774,1780,154,0.00,0.2156,0.1750
11848656.0,4049.864123,8523.082400,12572.946523,1781,155,0.00,0.2328,0.1875
11848659.0,4049.865666,8523.087775,12572.953441,1782,156,0.00,0.2500,0.2000
11848974.0,4050.030312,8523.669175,12573.699487,1783,156,0.00,0.2313,0.2000
11849937.0,4050.476113,8525.195200,12575.671313,1784,156,0.00,0.1453,0.1375
11849939.0,4050.477005,8525.198183,12575.675189,1785,156,0.00,0.1625,0.1500
11850000.0,4050.504863,8525.289925,12575.794787,1786,156,0.00,0.1750,0.1500
11850514.0,4050.739633,8526.058592,12576.798225,1787,157,0.00,0.1484,0.1250
11851030.0,4050.971206,8526.789592,12577.760798,1788,157,0.00,0.1656,0.1375
11851089.0,4050.998473,8526.877600,12577.876073,1789,157,0.00,0.1828,0.1500
11851176.0,4051.039443,8527.011650,12578.051093,1790,157,0.00,0.1844,0.1500
11855076.0,4052.818656,8532.686425,12585.505081,1791,157,0.00,0.1484,0.1250
11855311.0,4052.924120,8533.019342,12585.943462,1792,157,0.00,0.1609,0.1375
11855976.0,4053.229008,8534.011225,12587.240233,1793,157,0.00,0.1547,0.1375
11856142.0,4053.304313,8534.258842,12587.563155,1794,157,0.00,0.1719,0.1500
11856143.0,4053.304780,8534.260408,12587.565188,1795,158,0.00,0.1891,0.1625
11856145.0,4053.305741,8534.263692,12587.569432,1796,158,0.00,0.1938,0.1750
11856158.0,4053.312033,8534.286008,12587.598041,1797,159,0.00,0.2125,0.1875
11856170.0,4053.318016,8534.307508,12587.625525,1798,160,0.00,0.2250,0.1875
11856276.0,4053.371900,8534.497425,12587.869325,1799,161,0.00,0.2500,0.2000
11856340.0,4053.405678,8534.616892,12588.022569,1800,161,0.00,0.2688,0.2125
11857149.0,4053.828350,8536.102650,12589.931000,1801,162,0.00,0.2156,0.1750
11857207.0,4053.857411,8536.202217,12590.059627,1802,162,0.00,0.2328,0.1875
11857231.0,4053.869756,8536.245217,12590.114973,1803,163,0.00,0.2500,0.2000
11857383.0,4053.949979,8536.528950,12590.478929,1804,164,0.00,0.2672,0.2125
11857663.0,4054.099949,8537.063917,12591.163865,1805,165,0.00,0.2672,0.2125
11857852.0,4054.202225,8537.430892,12591.633117,1806,165,0.00,0.2719,0.2250
11902717.0,4073.326255,8595.301792,12668.628047,1807,165,0.00,0.1172,0.1000
11902742.0,4073.336867,8595.333458,12668.670326,1808,165,0.00,0.1234,0.1125
11902849.0,4073.382549,8595.473042,12668.855591,1809,165,0.00,0.1297,0.1125
11903021.0,4073.457232,8595.703808,12669.161040,1810,165,0.00,0.1422,0.1250
11903040.0,4073.465491,8595.729375,12669.194866,1811,165,0.00,0.1359,0.1250
11903655.0,4073.729778,8596.556375,12670.286153,1812,165,0.00,0.1297,0.1250
11903885.0,4073.829645,8596.882208,12670.711853,1813,165,0.00,0.1469,0.1375
11904064.0,4073.909760,8597.149217,12671.058976,1814,165,0.00,0.1750,0.1500
11904721.0,4074.211046,8598.138467,12672.349513,1815,165,0.00,0.1750,0.1500
11904731.0,4074.215741,8598.154133,12672.369874,1816,165,0.00,0.1797,0.1625
11904769.0,4074.233718,8598.216517,12672.450235,1817,165,0.00,0.1844,0.1750
11904776.0,4074.237055,8598.228533,12672.465589,1818,165,0.00,0.1891,0.1875
11905093.0,4074.385142,8598.753817,12673.138959,1819,165,0.00,0.1625,0.1500
11905202.0,4074.434659,8598.920008,12673.354667,1820,165,0.00,0.1781,0.1500
11905324.0,4074.491528,8599.108742,12673.600269,1821,165,0.00,0.1563,0.1500
11905346.0,4074.501535,8599.143208,12673.644743,1822,165,0.00,0.1609,0.1625
11905484.0,4074.564809,8599.369758,12673.934567,1823,165,0.00,0.1781,0.1750
11905503.0,4074.573774,8599.402375,12673.976149,1824,165,0.00,0.1828,0.1875
11906357.0,4074.959579,8600.687733,12675.647312,1825,165,0.00,0.1344,0.1250
11906372.0,4074.966147,8600.708983,12675.675130,1826,165,0.00,0.1391,0.1375
11906529.0,4075.034378,8600.937100,12675.971478,1827,165,0.00,0.1266,0.1375
11906578.0,4075.055535,8601.010192,12676.065727,1828,165,0.00,0.1313,0.1500
11906648.0,4075.086014,8601.119858,12676.205872,1829,165,0.00,0.1375,0.1625
11906716.0,4075.115953,8601.231492,12676.347445,1830,165,0.00,0.1656,0.1750
11906719.0,4075.117339,8601.236642,12676.353981,1831,165,0.00,0.1844,0.1750
11906809.0,4075.160246,8601.391142,12676.551387,1832,165,0.00,0.2125,0.1875
11906844.0,4075.177697,8601.453850,12676.631547,1833,166,0.00,0.2313,0.1875
11906854.0,4075.182829,8601.471767,12676.654596,1834,166,0.00,0.2375,0.2000
11907151.0,4075.331061,8602.022642,12677.353703,1835,167,0.00,0.2063,0.1875
11907156.0,4075.333530,8602.031600,12677.365130,1836,167,0.00,0.2234,0.2000
11907161.0,4075.336065,8602.040933,12677.376999,1837,167,0.00,0.2281,0.2125
11907181.0,4075.346168,8602.077442,12677.423609,1838,167,0.00,0.2313,0.1875
11907199.0,4075.355405,8602.109692,12677.465097,1839,168,0.00,0.2484,0.2000
11907206.0,4075.359091,8602.122758,12677.481849,1840,168,0.00,0.2531,0.2125
11907219.0,4075.365984,8602.148000,12677.513984,1841,168,0.00,0.2578,0.2250
11907260.0,4075.387511,8602.228133,12677.615644,1842,168,0.00,0.2297,0.2125
11907359.0,4075.436859,8602.411208,12677.848067,1843,168,0.00,0.2141,0.2000
11907577.0,4075.545306,8602.810192,12678.355497,1844,168,0.00,0.2250,0.2000
11907760.0,4075.634306,8603.130417,12678.764722,1845,169,0.00,0.1984,0.1875
11907942.0,4075.723062,8603.456500,12679.179562,1846,169,0.00,0.2484,0.1875
11908647.0,4076.066233,8604.639675,12680.705908,1847,169,0.00,0.2219,0.1500
11908647.0,4076.066233,8604.639675,12680.705908,1848,169,0.00,0.2719,0.1500
11912665.0,4077.786109,8609.817342,12687.603450,1849,169,0.00,0.1125,0.1000
11912758.0,4077.825246,8609.935142,12687.760388,1850,169,0.00,0.1297,0.1125
11913177.0,4078.007177,8610.497300,12688.504477,1851,169,0.00,0.1469,0.1250
11913464.0,4078.133664,8610.892858,12689.026522,1852,169,0.00,0.1516,0.1250
11913558.0,4078.174543,8611.016050,12689.190593,1853,169,0.00,0.1297,0.1000
11913583.0,4078.185398,8611.047717,12689.233115,1854,169,0.00,0.1422,0.1125
11913779.0,4078.270998,8611.299808,12689.570806,1855,169,0.00,0.1422,0.1125
11913838.0,4078.297189,8611.378967,12689.676156,1856,169,0.00,0.1672,0.1250
11914032.0,4078.385692,8611.643075,12690.028767,1857,169,0.00,0.1719,0.1250
11914328.0,4078.523928,8612.062408,12690.586337,1858,169,0.00,0.1891,0.1375
11914356.0,4078.537379,8612.104175,12690.641554,1859,169,0.00,0.1938,0.1500
11914361.0,4078.539799,8612.112008,12690.651807,1860,170,0.00,0.2109,0.1625
11914881.0,4078.786080,8612.896300,12691.682380,1861,170,0.00,0.1813,0.1500
11915052.0,4078.867186,8613.164200,12692.031386,1862,170,0.00,0.1938,0.1500
11915459.0,4079.055967,8613.761333,12692.817301,1863,170,0.00,0.1609,0.1375
11919723.0,4080.806365,8618.691100,12699.497465,1864,170,0.00,0.1000,0.0875
11920139.0,4080.974840,8619.167183,12700.142023,1865,170,0.00,0.1047,0.0875
11920190.0,4080.995993,8619.227958,12700.223951,1866,170,0.00,0.1266,0.1000
11920288.0,4081.038306,8619.352092,12700.390398,1867,170,0.00,0.1438,0.1125
11920397.0,4081.086826,8619.498333,12700.585160,1868,170,0.00,0.1609,0.1250
11920878.0,4081.306686,8620.175925,12701.482611,1869,170,0.00,0.1719,0.1250
11921015.0,4081.368983,8620.364233,12701.733216,1870,170,0.00,0.1609,0.1250
11921106.0,4081.410707,8620.493150,12701.903857,1871,170,0.00,0.1781,0.1375
11921473.0,4081.579621,8621.016667,12702.596288,1872,170,0.00,0.1672,0.1375
11921845.0,4081.746141,8621.545767,12703.291908,1873,170,0.00,0.1500,0.1375
11922047.0,4081.835025,8621.827808,12703.662833,1874,170,0.00,0.1531,0.1125
11922578.0,4082.068493,8622.507908,12704.576401,1875,170,0.00,0.1172,0.1125
11923023.0,4082.257386,8623.104950,12705.362336,1876,170,0.00,0.1234,0.1250
11923169.0,4082.320070,8623.311783,12705.631853,1877,170,0.00,0.1406,0.1375
11930472.0,4085.327620,8632.345425,12717.673045,1878,170,0.00,0.1109,0.1000
11930517.0,4085.346503,8632.402425,12717.748928,1879,170,0.00,0.1281,0.1125
11930571.0,4085.369350,8632.471875,12717.841225,1880,170,0.00,0.1281,0.1125
11931262.0,4085.657488,8633.336942,12718.994429,1881,170,0.00,0.1438,0.0875
11931262.0,4085.657488,8633.336942,12718.994429,1882,170,0.00,0.1938,0.0875
11931412.0,4085.730092,8633.515692,12719.245784,1883,170,0.00,0.1609,0.1000
11931730.0,4085.864775,8633.918492,12719.783266,1884,170,0.00,0.1234,0.1125
11932199.0,4086.058015,8634.495608,12720.553623,1885,170,0.00,0.1438,0.0875
11932200.0,4086.058460,8634.496800,12720.555260,1886,170,0.00,0.1938,0.0875
11932418.0,4086.159584,8634.756583,12720.916167,1887,170,0.00,0.1063,0.1000
11933176.0,4086.469125,8635.672242,12722.141367,1888,170,0.00,0.1109,0.1000
11933564.0,4086.631937,8636.163708,12722.795645,1889,170,0.00,0.1125,0.1125
11933936.0,4086.788487,8636.662808,12723.451295,1890,170,0.00,0.1313,0.1125
11934144.0,4086.876353,8636.926725,12723.803078,1891,170,0.00,0.1328,0.1000
11934194.0,4086.898185,8636.990058,12723.888243,1892,170,0.00,0.1609,0.1125
11934334.0,4086.961122,8637.177892,12724.139014,1893,170,0.00,0.1594,0.1250
11934397.0,4086.989931,8637.267142,12724.257073,1894,170,0.00,0.1766,0.1375
11934513.0,4087.044207,8637.440175,12724.484382,1895,170,0.00,0.1625,0.1500
11934607.0,4087.087421,8637.587442,12724.674863,1896,170,0.00,0.1750,0.1625
11935364.0,4087.415070,8638.654758,12726.069828,1897,170,0.00,0.1125,0.1250
11935530.0,4087.484928,8638.889925,12726.374853,1898,170,0.00,0.1297,0.1375
11935673.0,4087.547019,8639.103233,12726.650252,1899,170,0.00,0.1578,0.1500
11935768.0,4087.590084,8639.251167,12726.841250,1900,170,0.00,0.1578,0.1500
11936423.0,4087.884417,8640.262258,12728.146675,1901,170,0.00,0.1469,0.1500
11936457.0,4087.899634,8640.315525,12728.215159,1902,170,0.00,0.1656,0.1500
11936563.0,4087.948622,8640.481592,12728.430214,1903,170,0.00,0.1828,0.1625
11936661.0,4087.995165,8640.638875,12728.634040,1904,171,0.00,0.1984,0.1625
11936716.0,4088.021987,8640.729167,12728.751154,1905,172,0.00,0.2156,0.1750
11936811.0,4088.069586,8640.892250,12728.961836,1906,173,0.00,0.2328,0.1875
11937019.0,4088.173827,8641.264917,12729.438744,1907,174,0.00,0.2422,0.2000
11937392.0,4088.356288,8641.898408,12730.254697,1908,174,0.00,0.1813,0.1625
11984455.0,4107.457845,8697.421567,12804.879412,1909,174,0.00,0.1047,0.0875
11984498.0,4107.475680,8697.472808,12804.948488,1910,174,0.00,0.1219,0.1000
11984555.0,4107.500083,8697.545008,12805.045091,1911,174,0.00,0.1391,0.1125
11985241.0,4107.794619,8698.418667,12806.213286,1912,174,0.00,0.1281,0.1125
11986187.0,4108.192888,8699.624283,12807.817171,1913,174,0.00,0.1063,0.1000
11986558.0,4108.347213,8700.094217,12808.441430,1914,174,0.00,0.1203,0.1125
11986916.0,4108.500047,8700.574533,12809.074580,1915,174,0.00,0.1484,0.1250
11987116.0,4108.588710,8700.854117,12809.442827,1916,174,0.00,0.1375,0.1250
11987505.0,4108.753016,8701.362300,12810.115316,1917,174,0.00,0.1109,0.1000
11987556.0,4108.774416,8701.426900,12810.201316,1918,174,0.00,0.1172,0.1125
11987584.0,4108.786302,8701.464467,12810.250769,1919,174,0.00,0.1234,0.1250
11987613.0,4108.798753,8701.505550,12810.304303,1920,174,0.00,0.1406,0.1375
11987650.0,4108.815133,8701.560742,12810.375875,1921,174,0.00,0.1578,0.1500
11987742.0,4108.856995,8701.703375,12810.560370,1922,174,0.00,0.1688,0.1500
11987836.0,4108.900666,8701.850642,12810.751307,1923,174,0.00,0.1859,0.1625
11991997.0,4110.706698,8707.598242,12818.304940,1924,174,0.00,0.1000,0.1000
11992122.0,4110.758087,8707.756575,12818.514662,1925,174,0.00,0.1172,0.1125
11992126.0,4110.759785,8707.761942,12818.521727,1926,174,0.00,0.1344,0.1250
11992210.0,4110.796564,8707.880942,12818.677506,1927,174,0.00,0.1406,0.1375
11992226.0,4110.803648,8707.904808,12818.708456,1928,174,0.00,0.1531,0.1500
11992394.0,4110.879656,8708.168008,12819.047664,1929,174,0.00,0.1578,0.1625
11992397.0,4110.881024,8708.172933,12819.053957,1930,174,0.00,0.1703,0.1750
11992619.0,4110.984431,8708.554033,12819.538465,1931,175,0.00,0.1875,0.1875
11992625.0,4110.987306,8708.564783,12819.552090,1932,176,0.00,0.2047,0.2000
11993199.0,4111.269832,8709.632350,12820.902182,1933,177,0.00,0.2188,0.2000
11993551.0,4111.447054,8710.289417,12821.736471,1934,178,0.00,0.2359,0.2125
11994319.0,4111.812252,8711.602567,12823.414818,1935,179,0.00,0.1844,0.1750
11994419.0,4111.859925,8711.774233,12823.634159,1936,179,0.00,0.2016,0.1875
11994451.0,4111.875609,8711.831567,12823.707175,1937,179,0.00,0.2188,0.2000
11994478.0,4111.889202,8711.881967,12823.771169,1938,179,0.00,0.2281,0.2125
11994843.0,4112.067264,8712.537350,12824.604614,1939,179,0.00,0.1984,0.1875
11995067.0,4112.173183,8712.909508,12825.082691,1940,179,0.00,0.1891,0.1750
11998943.0,4113.831204,8717.921333,12831.752537,1941,179,0.00,0.1281,0.0875
11999071.0,4113.886626,8718.073867,12831.960493,1942,179,0.00,0.1453,0.1000
11999101.0,4113.900016,8718.111867,12832.011883,1943,179,0.00,0.1625,0.1125
11999620.0,4114.135003,8718.787942,12832.922945,1944,179,0.00,0.1531,0.1000
12000287.0,4114.428330,8719.603858,12834.032189,1945,179,0.00,0.1531,0.1000
12000332.0,4114.448690,8719.660858,12834.109548,1946,179,0.00,0.1719,0.1125
12000385.0,4114.473004,8719.729717,12834.202721,1947,179,0.00,0.1703,0.1125
12000510.0,4114.531229,8719.897425,12834.428654,1948,179,0.00,0.1875,0.1250
12000511.0,4114.531708,8719.898842,12834.430550,1949,179,0.00,0.2047,0.1375
12000541.0,4114.546484,8719.943592,12834.490076,1950,179,0.00,0.2172,0.1500
12000600.0,4114.576117,8720.036025,12834.612142,1951,180,0.00,0.2344,0.1625
12001087.0,4114.819658,8720.809567,12835.629224,1952,181,0.00,0.2344,0.1625
12001136.0,4114.844923,8720.890008,12835.734932,1953,181,0.00,0.2516,0.1750
12001169.0,4114.861768,8720.944558,12835.806326,1954,182,0.00,0.2469,0.1625
12001774.0,4115.142886,8721.785667,12836.928552,1955,183,0.00,0.1547,0.1125
12001841.0,4115.173280,8721.875558,12837.048838,1956,183,0.00,0.1719,0.1250
12001925.0,4115.212509,8721.994558,12837.207067,1957,183,0.00,0.1891,0.1375
12001951.0,4115.224999,8722.033342,12837.258341,1958,183,0.00,0.2063,0.1500
12001952.0,4115.225493,8722.034908,12837.260401,1959,183,0.00,0.2234,0.1625
12001953.0,4115.226000,8722.036550,12837.262550,1960,184,0.00,0.2406,0.1750
12009955.0,4118.704513,8731.972242,12850.676755,1961,184,0.00,0.1172,0.0875
12010293.0,4118.844097,8732.353200,12851.197297,1962,184,0.00,0.1125,0.0875
12010439.0,4118.905538,8732.527183,12851.432722,1963,184,0.00,0.1172,0.1000
12010441.0,4118.906387,8732.529717,12851.436104,1964,184,0.00,0.1219,0.1125
12010694.0,4119.013585,8732.860533,12851.874118,1965,184,0.00,0.1266,0.1125
12010740.0,4119.033446,8732.922250,12851.955696,1966,184,0.00,0.1313,0.1250
12010802.0,4119.060442,8733.010083,12852.070526,1967,184,0.00,0.1359,0.1375
12010906.0,4119.105897,8733.160942,12852.266839,1968,184,0.00,0.1313,0.1250
12011032.0,4119.160759,8733.339442,12852.500201,1969,184,0.00,0.1359,0.1375
12011501.0,4119.361791,8733.952858,12853.314649,1970,184,0.00,0.1047,0.0875
12011514.0,4119.367182,8733.968350,12853.335532,1971,184,0.00,0.1109,0.1000
12011591.0,4119.399376,8734.065433,12853.464810,1972,184,0.00,0.0906,0.1000
12011592.0,4119.399780,8734.066700,12853.466480,1973,184,0.00,0.1078,0.1125
12011675.0,4119.434407,8734.178058,12853.612465,1974,184,0.00,0.1266,0.1250
12011768.0,4119.474233,8734.303058,12853.777292,1975,184,0.00,0.1453,0.1125
12011810.0,4119.492980,8734.359408,12853.852389,1976,184,0.00,0.1734,0.1250
12011854.0,4119.513582,8734.421742,12853.935324,1977,184,0.00,0.1781,0.1375
12011922.0,4119.545416,8734.521750,12854.067166,1978,184,0.00,0.1891,0.1375
12012178.0,4119.667181,8734.883967,12854.551147,1979,184,0.00,0.1953,0.1250
12012218.0,4119.686590,8734.940633,12854.627224,1980,184,0.00,0.2125,0.1375
12012253.0,4119.704042,8734.992842,12854.696884,1981,185,0.00,0.2297,0.1500
12012507.0,4119.834085,8735.390775,12855.224860,1982,185,0.00,0.2344,0.1625
12012666.0,4119.914253,8735.645575,12855.559828,1983,185,0.00,0.2109,0.1625
12024110.0,4124.605794,8748.660358,12873.266152,1984,185,0.00,0.1125,0.0875
12024299.0,4124.685331,8748.885583,12873.570915,1985,185,0.00,0.1406,0.1000
12024302.0,4124.686660,8748.889383,12873.576043,1986,185,0.00,0.1594,0.1000
12024305.0,4124.688031,8748.893183,12873.581215,1987,185,0.00,0.1781,0.1000
12024331.0,4124.700300,8748.926117,12873.626417,1988,185,0.00,0.1969,0.1000
12024333.0,4124.701273,8748.928650,12873.629923,1989,185,0.00,0.2094,0.1125
12024449.0,4124.756402,8749.075958,12873.832360,1990,185,0.00,0.1859,0.1125
12024484.0,4124.773130,8749.122917,12873.896047,1991,185,0.00,0.2031,0.1250
12024526.0,4124.793377,8749.179417,12873.972793,1992,186,0.00,0.2078,0.1250
12024851.0,4124.942891,8749.619358,12874.562249,1993,187,0.00,0.1516,0.1250
12024851.0,4124.942891,8749.619358,12874.562249,1994,187,0.00,0.1688,0.1375
12025325.0,4125.152489,8750.266858,12875.419348,1995,187,0.00,0.1344,0.1125
12026314.0,4125.582159,8751.524617,12877.106775,1996,187,0.00,0.1469,0.1125
12026427.0,4125.632734,8751.676225,12877.308959,1997,187,0.00,0.1969,0.1125
12026564.0,4125.699379,8751.860033,12877.559412,1998,187,0.00,0.2094,0.1250
12026951.0,4125.874389,8752.395533,12878.269923,1999,188,0.00,0.1422,0.1125
12027059.0,4125.922333,8752.540433,12878.462766,2000,188,0.00,0.1594,0.1250
12027059.0,4125.922333,8752.540433,12878.462766,2001,188,0.00,0.1766,0.1375
12027062.0,4125.923745,8752.544908,12878.468653,2002,188,0.00,0.1938,0.1500
12027089.0,4125.936814,8752.587208,12878.524022,2003,189,0.00,0.2109,0.1625
12027526.0,4126.147518,8753.267267,12879.414785,2004,190,0.00,0.1766,0.1375
12071312.0,4144.340622,8803.553558,12947.894180,2005,190,0.00,0.1063,0.0875
12071313.0,4144.341038,8803.554750,12947.895788,2006,190,0.00,0.1125,0.1000
12071582.0,4144.454242,8803.895483,12948.349726,2007,190,0.00,0.1188,0.1125
12071993.0,4144.628177,8804.431083,12949.059260,2008,190,0.00,0.1344,0.1125
12072607.0,4144.887640,8805.213542,12950.101182,2009,190,0.00,0.1188,0.1125
12072723.0,4144.937021,8805.369175,12950.306196,2010,190,0.00,0.1359,0.1250
12072726.0,4144.938338,8805.373425,12950.311763,2011,190,0.00,0.1531,0.1375
12072779.0,4144.962317,8805.452483,12950.414800,2012,190,0.00,0.1703,0.1500
12072945.0,4145.037461,8805.700325,12950.737786,2013,190,0.00,0.1750,0.1500
12072965.0,4145.046702,8805.730833,12950.777536,2014,190,0.00,0.1797,0.1500
12073500.0,4145.284904,8806.495725,12951.780629,2015,190,0.00,0.1578,0.1375
12073814.0,4145.424436,8806.943483,12952.367919,2016,190,0.00,0.1625,0.1375
12074061.0,4145.534431,8807.296250,12952.830681,2017,190,0.00,0.1578,0.1375
12074114.0,4145.558603,8807.375308,12952.933912,2018,190,0.00,0.1750,0.1500
12074121.0,4145.561889,8807.386275,12952.948164,2019,190,0.00,0.1875,0.1500
12074222.0,4145.609111,8807.539333,12953.148445,2020,191,0.00,0.1938,0.1500
12078268.0,4147.424519,8813.042342,12960.466860,2021,191,0.00,0.1516,0.1125
12078485.0,4147.520320,8813.321633,12960.841954,2022,191,0.00,0.1563,0.1125
12078620.0,4147.581727,8813.502758,12961.084485,2023,191,0.00,0.1734,0.1250
12078879.0,4147.702998,8813.869675,12961.572673,2024,191,0.00,0.1906,0.1375
12079252.0,4147.878262,8814.401542,12962.279804,2025,191,0.00,0.1906,0.1375
12079488.0,4147.991919,8814.753575,12962.745494,2026,191,0.00,0.1953,0.1500
12079494.0,4147.994831,8814.762975,12962.757806,2027,191,0.00,0.2000,0.1625
12079498.0,4147.996735,8814.769317,12962.766052,2028,191,0.00,0.1828,0.1625
12080460.0,4148.421387,8816.174225,12964.595612,2029,191,0.00,0.1359,0.1375
12080532.0,4148.452726,8816.276000,12964.728726,2030,191,0.00,0.1266,0.1125
12080809.0,4148.570148,8816.635417,12965.205564,2031,191,0.00,0.1313,0.1125
12080811.0,4148.571019,8816.638100,12965.209119,2032,191,0.00,0.1484,0.1250
12080862.0,4148.593907,8816.710350,12965.304257,2033,191,0.00,0.1703,0.1375
12080876.0,4148.600428,8816.731233,12965.331661,2034,191,0.00,0.1922,0.1500
12081008.0,4148.664159,8816.938033,12965.602192,2035,191,0.00,0.2094,0.1625
12081011.0,4148.665648,8816.942958,12965.608606,2036,191,0.00,0.2141,0.1750
12081339.0,4148.825460,8817.482850,12966.308310,2037,192,0.00,0.2094,0.1750
12081866.0,4149.079846,8818.309383,12967.389230,2038,193,0.00,0.1734,0.1375
12081970.0,4149.128542,8818.464517,12967.593059,2039,193,0.00,0.1781,0.1500
12081970.0,4149.128542,8818.464517,12967.593059,2040,193,0.00,0.1828,0.1625
12081973.0,4149.129969,8818.469442,12967.599410,2041,193,0.00,0.1844,0.1750
12082203.0,4149.236516,8818.849425,12968.085941,2042,193,0.00,0.1625,0.1625
12083170.0,4149.676388,8820.361842,12970.038230,2043,193,0.00,0.1500,0.1500
12083261.0,4149.717338,8820.504408,12970.221746,2044,193,0.00,0.1672,0.1625
12083328.0,4149.748384,8820.614400,12970.362784,2045,193,0.00,0.1719,0.1750
12083648.0,4149.897828,8821.163733,12971.061561,2046,193,0.00,0.1891,0.1875
12083686.0,4149.916082,8821.231817,12971.147899,2047,193,0.00,0.2063,0.2000
12083924.0,4150.028127,8821.645408,12971.673536,2048,193,0.00,0.1766,0.1875
12083977.0,4150.053072,8821.740367,12971.793439,2049,193,0.00,0.1813,0.2000
12084045.0,4150.085325,8821.867300,12971.952625,2050,193,0.00,0.1906,0.2125
12088954.0,4152.290243,8829.970942,12982.261185,2051,193,0.00,0.1188,0.1250
12089285.0,4152.431148,8830.439858,12982.871006,2052,193,0.00,0.1406,0.1375
12089425.0,4152.493127,8830.648692,12983.141819,2053,193,0.00,0.1547,0.1500
12090050.0,4152.766676,8831.577758,12984.344434,2054,193,0.00,0.1359,0.1375
12090217.0,4152.838213,8831.818992,12984.657205,2055,193,0.00,0.1313,0.1375
12090395.0,4152.914327,8832.076708,12984.991035,2056,193,0.00,0.1313,0.1375
12091107.0,4153.215494,8833.089125,12986.304619,2057,193,0.00,0.1328,0.1250
12091145.0,4153.232086,8833.142958,12986.375044,2058,193,0.00,0.1516,0.1250
12091150.0,4153.234342,8833.150042,12986.384384,2059,193,0.00,0.1703,0.1250
12091151.0,4153.234808,8833.151458,12986.386266,2060,193,0.00,0.1891,0.1250
12091155.0,4153.236729,8833.157125,12986.393854,2061,193,0.00,0.1953,0.1375
12091187.0,4153.252257,8833.204858,12986.457115,2062,194,0.00,0.1984,0.1500
12091189.0,4153.253232,8833.207992,12986.461224,2063,195,0.00,0.2172,0.1500
12091295.0,4153.303963,8833.374058,12986.678022,2064,196,0.00,0.1781,0.1625
12091490.0,4153.391925,8833.694183,12987.086108,2065,196,0.00,0.1578,0.1750
12092289.0,4153.742200,8834.986525,12988.728725,2066,196,0.00,0.1234,0.1500
12092662.0,4153.902344,8835.570892,12989.473235,2067,196,0.00,0.1297,0.1625
12092728.0,4153.931001,8835.679242,12989.610243,2068,196,0.00,0.1469,0.1750
12093377.0,4154.207277,8836.713708,12990.920985,2069,196,0.00,0.1297,0.1625
12093390.0,4154.212921,8836.735050,12990.947971,2070,196,0.00,0.1469,0.1750
12093390.0,4154.212921,8836.735050,12990.947971,2071,196,0.00,0.1656,0.1750
12094001.0,4154.489098,8837.714333,12992.203431,2072,196,0.00,0.1531,0.1625
12094493.0,4154.705960,8838.481683,12993.187643,2073,196,0.00,0.1563,0.1375
12094517.0,4154.716876,8838.517483,12993.234360,2074,196,0.00,0.1750,0.1500
12094702.0,4154.803724,8838.807317,12993.611040,2075,196,0.00,0.1938,0.1500
12094707.0,4154.806144,8838.815150,12993.621294,2076,197,0.00,0.2125,0.1500
12095048.0,4154.970582,8839.318033,12994.288616,2077,198,0.00,0.1969,0.1250
12095145.0,4155.017613,8839.455450,12994.473063,2078,198,0.00,0.1906,0.1250
12095754.0,4155.303468,8840.318200,12995.621668,2079,198,0.00,0.1891,0.1375
12095784.0,4155.317880,8840.362950,12995.680830,2080,198,0.00,0.2063,0.1500
12096091.0,4155.466574,8840.827717,12996.294290,2081,198,0.00,0.2109,0.1500
12096311.0,4155.575159,8841.167658,12996.742817,2082,198,0.00,0.2063,0.1500
12096715.0,4155.774634,8841.800592,12997.575225,2083,198,0.00,0.2563,0.1500
12096740.0,4155.787949,8841.839758,12997.627708,2084,199,0.00,0.2750,0.1500
12096743.0,4155.789591,8841.844458,12997.634049,2085,200,0.00,0.2938,0.1500
12096896.0,4155.874225,8842.084158,12997.958384,2086,201,0.00,0.2625,0.1500
12096962.0,4155.909700,8842.187558,12998.097259,2087,201,0.00,0.2813,0.1500
12096979.0,4155.919086,8842.214192,12998.133277,2088,202,0.00,0.3000,0.1500
12097010.0,4155.936652,8842.262758,12998.199411,2089,203,0.00,0.3188,0.1500
12097294.0,4156.100138,8842.707692,12998.807829,2090,203,0.00,0.3125,0.1500
12097463.0,4156.196770,8842.972458,12999.169228,2091,203,0.00,0.2813,0.1625
12097671.0,4156.311603,8843.313925,12999.625528,2092,204,0.00,0.3031,0.1750
12098154.0,4156.583794,8844.122375,13000.706169,2093,204,0.00,0.3406,0.1625
12098155.0,4156.584392,8844.124017,13000.708409,2094,204,0.00,0.3906,0.1625
12098155.0,4156.584392,8844.124017,13000.708409,2095,204,0.00,0.4406,0.1625
12098422.0,4156.748630,8844.556792,13001.305421,2096,205,0.00,0.2672,0.1625
12098531.0,4156.806725,8844.735733,13001.542458,2097,206,0.00,0.2672,0.1625
12098574.0,4156.829659,8844.806325,13001.635984,2098,207,0.00,0.2672,0.1625
12098802.0,4156.944674,8845.163675,13002.108349,2099,207,0.00,0.1938,0.1625
12098845.0,4156.965487,8845.234267,13002.199754,2100,207,0.00,0.2109,0.1750
12099206.0,4157.144745,8845.847758,13002.992503,2101,207,0.00,0.2250,0.1625
12099746.0,4157.407571,8846.705908,13004.113479,2102,207,0.00,0.1750,0.1625
12099781.0,4157.423505,8846.763367,13004.186872,2103,207,0.00,0.1781,0.1750
12099894.0,4157.476827,8846.957350,13004.434177,2104,207,0.00,0.1953,0.1875
12100134.0,4157.590586,8847.373700,13004.964286,2105,208,0.00,0.1625,0.1625
12100139.0,4157.592885,8847.381908,13004.974793,2106,208,0.00,0.1797,0.1750
12100371.0,4157.700546,8847.771550,13005.472096,2107,208,0.00,0.1734,0.1750
12100429.0,4157.727524,8847.867442,13005.594966,2108,208,0.00,0.1859,0.1750
12100587.0,4157.801326,8848.118350,13005.919676,2109,209,0.00,0.1672,0.1500
12100726.0,4157.865734,8848.336117,13006.201851,2110,209,0.00,0.1844,0.1625
12101234.0,4158.100392,8849.111508,13007.211901,2111,209,0.00,0.1797,0.1500
12101362.0,4158.160948,8849.312042,13007.472989,2112,209,0.00,0.1844,0.1625
12101448.0,4158.201947,8849.453225,13007.655172,2113,209,0.00,0.1891,0.1750
12101515.0,4158.233896,8849.563367,13007.797262,2114,209,0.00,0.1891,0.1750
12101603.0,4158.275968,8849.709783,13007.985751,2115,210,0.00,0.1984,0.1625
12101605.0,4158.276943,8849.713067,13007.990010,2116,210,0.00,0.2031,0.1750
12101620.0,4158.284284,8849.738217,13008.022500,2117,210,0.00,0.2047,0.1750
12101794.0,4158.369391,8850.027767,13008.397158,2118,211,0.00,0.2172,0.1625
12102033.0,4158.489431,8850.420125,13008.909556,2119,211,0.00,0.2219,0.1750
12102036.0,4158.490949,8850.425275,13008.916224,2120,212,0.00,0.2391,0.1875
12102457.0,4158.703469,8851.155642,13009.859111,2121,212,0.00,0.1984,0.1625
12102511.0,4158.729804,8851.244292,13009.974095,2122,212,0.00,0.2156,0.1750
12102618.0,4158.783160,8851.422725,13010.205885,2123,213,0.00,0.2281,0.1750
12102652.0,4158.800232,8851.479442,13010.279674,2124,213,0.00,0.2172,0.1750
12102792.0,4158.870548,8851.719775,13010.590323,2125,213,0.00,0.2234,0.1875
12102925.0,4158.937848,8851.957242,13010.895089,2126,213,0.00,0.2234,0.1875
12103042.0,4158.996445,8852.162742,13011.159187,2127,214,0.00,0.2234,0.1875
12103523.0,4159.234540,8852.991833,13012.226374,2128,214,0.00,0.2109,0.1875
12103548.0,4159.246975,8853.036625,13012.283600,2129,214,0.00,0.2172,0.2000
12104199.0,4159.551413,8854.023900,13013.575313,2130,214,0.00,0.1641,0.1375
12104371.0,4159.628823,8854.269967,13013.898790,2131,214,0.00,0.1531,0.1375
12104430.0,4159.655516,8854.357975,13014.013491,2132,214,0.00,0.1703,0.1500
12104670.0,4159.764648,8854.719050,13014.483698,2133,214,0.00,0.1578,0.1500
12104982.0,4159.906944,8855.207850,13015.114794,2134,214,0.00,0.1703,0.1625
12105057.0,4159.941616,8855.328950,13015.270566,2135,214,0.00,0.1625,0.1625
12105057.0,4159.941616,8855.328950,13015.270566,2136,214,0.00,0.1672,0.1750
12105126.0,4159.973589,8855.447400,13015.420989,2137,214,0.00,0.1719,0.1875
12105403.0,4160.102244,8855.929142,13016.031386,2138,214,0.00,0.1625,0.1625
12105431.0,4160.115116,8855.975108,13016.090225,2139,214,0.00,0.1672,0.1750
12105468.0,4160.132155,8856.036450,13016.168605,2140,214,0.00,0.1688,0.1750
12105582.0,4160.184728,8856.224125,13016.408853,2141,214,0.00,0.1859,0.1750
12105617.0,4160.201456,8856.284208,13016.485664,2142,215,0.00,0.2031,0.1875
12105670.0,4160.227173,8856.377742,13016.604914,2143,216,0.00,0.1984,0.1875
12105834.0,4160.306969,8856.667825,13016.974794,2144,216,0.00,0.2109,0.1875
12105871.0,4160.325372,8856.734117,13017.059489,2145,216,0.00,0.2156,0.2000
12106591.0,4160.680006,8857.975292,13018.655298,2146,216,0.00,0.2031,0.1750
12106853.0,4160.808732,8858.425058,13019.233790,2147,216,0.00,0.2078,0.1875
12106885.0,4160.824570,8858.482392,13019.306962,2148,217,0.00,0.2250,0.2000
12106892.0,4160.828129,8858.495458,13019.323587,2149,218,0.00,0.2422,0.2125
12106898.0,4160.831259,8858.507108,13019.338367,2150,219,0.00,0.2594,0.2250
12106937.0,4160.852039,8858.583958,13019.435998,2151,220,0.00,0.2719,0.2250
12107044.0,4160.910332,8858.799742,13019.710074,2152,220,0.00,0.2766,0.2375
12107092.0,4160.936518,8858.897292,13019.833810,2153,220,0.00,0.2766,0.2375
12107093.0,4160.937067,8858.899383,13019.836450,2154,220,0.00,0.2813,0.2500
12107198.0,4160.994941,8859.124933,13020.119874,2155,221,0.00,0.2938,0.2500
12107538.0,4161.179346,8859.795450,13020.974796,2156,221,0.00,0.2469,0.2000
12107825.0,4161.330068,8860.327958,13021.658027,2157,221,0.00,0.2516,0.2000
12108156.0,4161.505165,8860.945825,13022.450990,2158,222,0.00,0.2703,0.2125
12108335.0,4161.602465,8861.293383,13022.895849,2159,222,0.00,0.2750,0.2250
12108338.0,4161.604107,8861.299433,13022.903540,2160,222,0.00,0.2875,0.2375
12108478.0,4161.681627,8861.585292,13023.266919,2161,222,0.00,0.2875,0.2375
12108768.0,4161.843141,8862.191875,13024.035016,2162,222,0.00,0.2922,0.2500
12109068.0,4162.007334,8862.819525,13024.826859,2163,222,0.00,0.2797,0.2500
12109299.0,4162.132032,8863.305700,13025.437732,2164,222,0.00,0.2797,0.2500
12109666.0,4162.328573,8864.032092,13026.360665,2165,222,0.00,0.2563,0.2125
12109772.0,4162.385033,8864.237908,13026.622941,2166,223,0.00,0.2734,0.2250
12109863.0,4162.433851,8864.416550,13026.850401,2167,223,0.00,0.2609,0.2250
12110103.0,4162.560205,8864.885100,13027.445305,2168,224,0.00,0.2547,0.2125
12110138.0,4162.578805,8864.953058,13027.531863,2169,224,0.00,0.2609,0.2250
12153651.0,4180.464129,8917.972675,13098.436804,2170,224,0.00,0.1047,0.0750
12154260.0,4180.716716,8918.652725,13099.369441,2171,224,0.00,0.1219,0.0875
12154303.0,4180.735125,8918.703967,13099.439092,2172,224,0.00,0.1281,0.1000
12154663.0,4180.891000,8919.159967,13100.050967,2173,224,0.00,0.1453,0.1125
12154679.0,4180.898142,8919.181433,13100.079575,2174,224,0.00,0.1625,0.1250
12154786.0,4180.947332,8919.333017,13100.280349,2175,224,0.00,0.1750,0.1250
12154814.0,4180.960476,8919.372683,13100.333160,2176,225,0.00,0.1922,0.1375
12154819.0,4180.962864,8919.379992,13100.342855,2177,226,0.00,0.1922,0.1375
12154820.0,4180.963347,8919.381483,13100.344830,2178,226,0.00,0.2094,0.1500
12155323.0,4181.211094,8920.159242,13101.370336,2179,226,0.00,0.2031,0.1500
12155901.0,4181.470907,8920.929175,13102.400082,2180,227,0.00,0.1516,0.1125
12155954.0,4181.494822,8921.000283,13102.495105,2181,227,0.00,0.1688,0.1250
12155998.0,4181.515263,8921.062617,13102.577880,2182,227,0.00,0.1813,0.1375
12156035.0,4181.532813,8921.117808,13102.650621,2183,227,0.00,0.1984,0.1500
12156158.0,4181.592796,8921.310508,13102.903305,2184,228,0.00,0.2156,0.1625
12171662.0,4188.103992,8939.307908,13127.411900,2185,228,0.00,0.1094,0.0875
12171704.0,4188.121565,8939.357958,13127.479523,2186,228,0.00,0.1266,0.1000
12171858.0,4188.188057,8939.553025,13127.741082,2187,228,0.00,0.1438,0.1125
12172506.0,4188.476507,8940.422425,13128.898932,2188,228,0.00,0.1625,0.1125
12172549.0,4188.496276,8940.480117,13128.976392,2189,228,0.00,0.1813,0.1125
12172609.0,4188.524734,8940.560617,13129.085351,2190,229,0.00,0.2000,0.1125
12172645.0,4188.542334,8940.608917,13129.151251,2191,230,0.00,0.2172,0.1250
12172646.0,4188.542836,8940.610333,13129.153169,2192,231,0.00,0.2359,0.1250
12172723.0,4188.582633,8940.719417,13129.302049,2193,232,0.00,0.2547,0.1250
12173162.0,4188.805369,8941.341333,13130.146703,2194,233,0.00,0.2344,0.1375
12173678.0,4189.045852,8942.048108,13131.093960,2195,234,0.00,0.1672,0.1125
12173996.0,4189.186451,8942.455183,13131.641634,2196,234,0.00,0.1500,0.1000
12174003.0,4189.189601,8942.464050,13131.653651,2197,234,0.00,0.1547,0.1125
12174085.0,4189.226799,8942.574067,13131.800866,2198,234,0.00,0.1734,0.1125
12174364.0,4189.354025,8942.944642,13132.298667,2199,234,0.00,0.1563,0.1000
12174371.0,4189.357209,8942.953508,13132.310718,2200,234,0.00,0.1750,0.1000
12174434.0,4189.386009,8943.028958,13132.414967,2201,234,0.00,0.1766,0.0875
12174652.0,4189.487767,8943.288742,13132.776509,2202,234,0.00,0.1750,0.1000
12174951.0,4189.619687,8943.667475,13133.287162,2203,234,0.00,0.1453,0.1000
12174993.0,4189.638142,8943.720675,13133.358817,2204,234,0.00,0.1438,0.1125
12175532.0,4189.866295,8944.377758,13134.244053,2205,234,0.00,0.0969,0.0875
12175696.0,4189.933235,8944.571467,13134.504701,2206,234,0.00,0.1094,0.0875
12175921.0,4190.027375,8944.839592,13134.866967,2207,234,0.00,0.1266,0.1000
12176615.0,4190.327024,8945.718658,13136.045683,2208,234,0.00,0.1438,0.1125
12176741.0,4190.382176,8945.882458,13136.264634,2209,234,0.00,0.1453,0.1125
12177171.0,4190.565526,8946.411225,13136.976751,2210,234,0.00,0.1281,0.1000
12177283.0,4190.614020,8946.553092,13137.167112,2211,234,0.00,0.1453,0.1125
12177374.0,4190.654184,8946.672633,13137.326818,2212,234,0.00,0.1516,0.1125
12177501.0,4190.711489,8946.843025,13137.554514,2213,234,0.00,0.1688,0.1250
12177501.0,4190.711489,8946.843025,13137.554514,2214,234,0.00,0.1859,0.1375
12177905.0,4190.892089,8947.383483,13138.275572,2215,235,0.00,0.1516,0.1125
12178214.0,4191.029282,8947.785533,13138.814815,2216,235,0.00,0.1516,0.1125
12178225.0,4191.034245,8947.800292,13138.834537,2217,235,0.00,0.1766,0.1125
12178306.0,4191.071660,8947.904992,13138.976652,2218,235,0.00,0.1734,0.1125
12178371.0,4191.102095,8947.992200,13139.094295,2219,235,0.00,0.1875,0.1250
12250817.0,4220.192254,9026.423783,13246.616037,2220,235,0.00,0.0984,0.0750
12250859.0,4220.209470,9026.470683,13246.680153,2221,235,0.00,0.1156,0.0875
12251254.0,4220.376659,9026.941392,13247.318051,2222,235,0.00,0.1203,0.1000
12251264.0,4220.380928,9026.954058,13247.334986,2223,235,0.00,0.1328,0.1125
12251281.0,4220.388351,9026.976867,13247.365217,2224,235,0.00,0.1375,0.1250
12251282.0,4220.388791,9026.978283,13247.367074,2225,235,0.00,0.1500,0.1250
12251282.0,4220.388791,9026.978283,13247.367074,2226,235,0.00,0.1547,0.1375
12251306.0,4220.399678,9027.014083,13247.413762,2227,235,0.00,0.1719,0.1500
12251429.0,4220.457121,9027.206783,13247.663905,2228,236,0.00,0.1891,0.1625
12251814.0,4220.641012,9027.832900,13248.473912,2229,236,0.00,0.1766,0.1625
12251938.0,4220.699374,9028.036467,13248.735841,2230,236,0.00,0.1891,0.1625
12251986.0,4220.722312,9028.114592,13248.836904,2231,237,0.00,0.1891,0.1625
12252028.0,4220.742488,9028.183542,13248.926030,2232,237,0.00,0.2063,0.1750
12252273.0,4220.860447,9028.584400,13249.444847,2233,238,0.00,0.1813,0.1375
12253549.0,4221.453673,9030.487767,13251.941440,2234,238,0.00,0.1859,0.1500
12254263.0,4221.786049,9031.560692,13253.346741,2235,239,0.00,0.1906,0.1500
12423801.0,4289.697756,9218.004350,13507.702106,2236,239,0.00,0.0984,0.0750
12423830.0,4289.709643,9218.036733,13507.746377,2237,239,0.00,0.1156,0.0875
12423832.0,4289.710490,9218.039117,13507.749606,2238,239,0.00,0.1328,0.1000
12423859.0,4289.722279,9218.073317,13507.795595,2239,239,0.00,0.1500,0.1125
12423925.0,4289.751979,9218.161867,13507.913845,2240,239,0.00,0.1547,0.1250
12424125.0,4289.838377,9218.420900,13508.259277,2241,239,0.00,0.1156,0.1000
12424232.0,4289.882583,9218.549683,13508.432266,2242,239,0.00,0.1000,0.0875
12424834.0,4290.130072,9219.267067,13509.397139,2243,239,0.00,0.1188,0.1000
12425048.0,4290.221171,9219.538133,13509.759304,2244,239,0.00,0.1469,0.1125
12425391.0,4290.374687,9219.998325,13510.373012,2245,239,0.00,0.1641,0.1250
12426769.0,4290.963300,9221.726992,13512.690292,2246,239,0.00,0.1172,0.0875
12426800.0,4290.976459,9221.763933,13512.740393,2247,239,0.00,0.1344,0.1000
12426800.0,4290.976459,9221.763933,13512.740393,2248,239,0.00,0.1516,0.1125
12426812.0,4290.981874,9221.780033,13512.761907,2249,239,0.00,0.1688,0.1250
12430888.0,4292.637537,9226.235942,13518.873479,2250,240,0.00,0.1000,0.0625
12430923.0,4292.651926,9226.272400,13518.924326,2251,240,0.00,0.1188,0.0625
12430926.0,4292.653203,9226.275525,13518.928728,2252,240,0.00,0.1375,0.0625
12430963.0,4292.669494,9226.314067,13518.983560,2253,240,0.00,0.1563,0.0625
12430967.0,4292.671313,9226.318233,13518.989546,2254,240,0.00,0.1750,0.0625
12431121.0,4292.743607,9226.478650,13519.222257,2255,240,0.00,0.1938,0.0625
12431350.0,4292.854450,9226.717192,13519.571641,2256,241,0.00,0.2125,0.0625
12431584.0,4292.969083,9226.960942,13519.930025,2257,242,0.00,0.2078,0.0750
12432162.0,4293.216509,9227.600750,13520.817259,2258,243,0.00,0.0984,0.0750
12432163.0,4293.216919,9227.601867,13520.818786,2259,243,0.00,0.1156,0.0875
12432202.0,4293.233426,9227.648342,13520.881768,2260,243,0.00,0.1328,0.1000
12432206.0,4293.235173,9227.653408,13520.888581,2261,243,0.00,0.1500,0.1125
12432235.0,4293.248223,9227.692317,13520.940539,2262,243,0.00,0.1672,0.1250
12432587.0,4293.403361,9228.146283,13521.549644,2263,243,0.00,0.1156,0.0875
12432589.0,4293.404207,9228.148667,13521.552874,2264,243,0.00,0.1328,0.1000
12432709.0,4293.456603,9228.300667,13521.757270,2265,243,0.00,0.1500,0.1125
12433466.0,4293.787241,9229.260133,13523.047374,2266,243,0.00,0.1500,0.1125
12433797.0,4293.935776,9229.701900,13523.637676,2267,243,0.00,0.1516,0.1000
12433799.0,4293.936679,9229.704433,13523.641112,2268,243,0.00,0.1703,0.1000
12433830.0,4293.951118,9229.743700,13523.694818,2269,244,0.00,0.1891,0.1000
12433884.0,4293.977059,9229.812100,13523.789159,2270,245,0.00,0.2063,0.1125
12434103.0,4294.083292,9230.095275,13524.178567,2271,245,0.00,0.1891,0.1000
12434329.0,4294.190396,9230.376367,13524.566763,2272,245,0.00,0.1703,0.1000
12434379.0,4294.213686,9230.439700,13524.653386,2273,245,0.00,0.1875,0.1125
12434547.0,4294.288077,9230.630825,13524.918902,2274,246,0.00,0.1328,0.0750
12434946.0,4294.449945,9231.061600,13525.511545,2275,246,0.00,0.0984,0.0750
12434948.0,4294.450765,9231.063833,13525.514598,2276,246,0.00,0.1156,0.0875
12435425.0,4294.645550,9231.592358,13526.237908,2277,246,0.00,0.0984,0.0750
12435501.0,4294.676702,9231.677225,13526.353927,2278,246,0.00,0.1156,0.0875
12435939.0,4294.862091,9232.199175,13527.061266,2279,246,0.00,0.1297,0.1000
12435966.0,4294.873815,9232.233375,13527.107190,2280,246,0.00,0.1516,0.1125
12436224.0,4294.984455,9232.548100,13527.532555,2281,246,0.00,0.1328,0.1000
12436492.0,4295.098477,9232.870767,13527.969244,2282,246,0.00,0.1328,0.1000
12436706.0,4295.189109,9233.126083,13528.315193,2283,246,0.00,0.1328,0.1000
12436924.0,4295.281702,9233.387667,13528.669368,2284,246,0.00,0.1344,0.0875
12436991.0,4295.311038,9233.467508,13528.778546,2285,246,0.00,0.1531,0.0875
12437305.0,4295.453101,9233.841692,13529.294792,2286,246,0.00,0.1672,0.1000
12437658.0,4295.608649,9234.288825,13529.897474,2287,247,0.00,0.1469,0.1125
12438546.0,4296.003591,9235.466200,13531.469791,2288,247,0.00,0.1469,0.1125
12438612.0,4296.033130,9235.554750,13531.587880,2289,247,0.00,0.1641,0.1250
12438877.0,4296.151562,9235.909317,13532.060879,2290,247,0.00,0.1422,0.1125
12439296.0,4296.334183,9236.445375,13532.779558,2291,247,0.00,0.1469,0.1125
12439617.0,4296.475250,9236.858200,13533.333450,2292,247,0.00,0.1500,0.1125
12439702.0,4296.513500,9236.972242,13533.485741,2293,247,0.00,0.1672,0.1250
12440242.0,4296.749334,9237.656542,13534.405876,2294,248,0.00,0.1328,0.1000
12440247.0,4296.751518,9237.662875,13534.414393,2295,248,0.00,0.1516,0.1000
12440256.0,4296.755578,9237.674275,13534.429853,2296,248,0.00,0.1609,0.1125
12440287.0,4296.769792,9237.715867,13534.485659,2297,248,0.00,0.1781,0.1250
12440291.0,4296.771680,9237.721533,13534.493213,2298,248,0.00,0.1969,0.1250
12440516.0,4296.878931,9238.040283,13534.919214,2299,249,0.00,0.1953,0.1375
12440646.0,4296.942012,9238.234200,13535.176212,2300,249,0.00,0.2125,0.1500
12440730.0,4296.983341,9238.365800,13535.349141,2301,250,0.00,0.2125,0.1500
12441193.0,4297.203328,9239.030342,13536.233669,2302,250,0.00,0.1766,0.1375
12449167.0,4300.664592,9249.035267,13549.699859,2303,250,0.00,0.1172,0.0750
12449255.0,4300.701947,9249.133533,13549.835480,2304,250,0.00,0.1344,0.0875
12449430.0,4300.778570,9249.342075,13550.120645,2305,250,0.00,0.1625,0.1000
12449490.0,4300.806153,9249.418075,13550.224228,2306,250,0.00,0.1797,0.1125
12450429.0,4301.220022,9250.620150,13551.840172,2307,251,0.00,0.1500,0.1125
12450477.0,4301.241622,9250.684550,13551.926172,2308,251,0.00,0.1672,0.1250
12450513.0,4301.258304,9250.735550,13551.993854,2309,251,0.00,0.1844,0.1375
12450514.0,4301.258780,9250.737042,13551.995822,2310,252,0.00,0.2016,0.1500
12450793.0,4301.392578,9251.157642,13552.550220,2311,253,0.00,0.2094,0.1500
12451095.0,4301.539591,9251.614875,13553.154466,2312,253,0.00,0.2422,0.1375
12451664.0,4301.814393,9252.433108,13554.247501,2313,253,0.00,0.2250,0.1250
12451664.0,4301.814393,9252.433108,13554.247501,2314,253,0.00,0.2750,0.1250
12451664.0,4301.814393,9252.433108,13554.247501,2315,253,0.00,0.3250,0.1250
12451762.0,4301.871832,9252.571942,13554.443773,2316,254,0.00,0.3500,0.1250
12451970.0,4301.981454,9252.866608,13554.848062,2317,255,0.00,0.2188,0.1250
12452185.0,4302.089246,9253.168642,13555.257888,2318,255,0.00,0.2203,0.1125
12452246.0,4302.119297,9253.246358,13555.365655,2319,255,0.00,0.2531,0.1000
12452273.0,4302.133612,9253.280558,13555.414170,2320,255,0.00,0.2703,0.1125
12452733.0,4302.364660,9253.894125,13556.258785,2321,255,0.00,0.1766,0.1125
12453111.0,4302.538198,9254.376750,13556.914948,2322,255,0.00,0.1766,0.1125
12453483.0,4302.710449,9254.859950,13557.570399,2323,255,0.00,0.1766,0.1125
12453753.0,4302.837528,9255.222200,13558.059728,2324,255,0.00,0.1859,0.1250
12453869.0,4302.892970,9255.386533,13558.279503,2325,255,0.00,0.2031,0.1375
12453874.0,4302.895427,9255.393992,13558.289418,2326,255,0.00,0.2203,0.1500
12454279.0,4303.095307,9256.003142,13559.098448,2327,256,0.00,0.2203,0.1500
12455230.0,4303.517802,9257.234517,13560.752319,2328,256,0.00,0.1219,0.1000
12455241.0,4303.522512,9257.248450,13560.770962,2329,256,0.00,0.1281,0.1125
12455250.0,4303.526409,9257.260525,13560.786934,2330,256,0.00,0.1344,0.1250
12455257.0,4303.529474,9257.270442,13560.799915,2331,256,0.00,0.1406,0.1375
12455415.0,4303.599422,9257.506125,13561.105547,2332,256,0.00,0.1578,0.1500
12455453.0,4303.616752,9257.565658,13561.182411,2333,256,0.00,0.1750,0.1625
12455455.0,4303.617691,9257.568942,13561.186633,2334,257,0.00,0.1922,0.1750
12455488.0,4303.633624,9257.625592,13561.259216,2335,258,0.00,0.2094,0.1875
12455691.0,4303.734349,9257.989300,13561.723649,2336,258,0.00,0.2141,0.2000
12455856.0,4303.816820,9258.297300,13562.114120,2337,258,0.00,0.2328,0.2125
12502993.0,4322.821682,9311.805117,13634.626799,2338,258,0.00,0.0984,0.0875
12502998.0,4322.823732,9311.811075,13634.634807,2339,258,0.00,0.1156,0.1000
12503029.0,4322.836853,9311.850342,13634.687195,2340,258,0.00,0.1406,0.1125
12503499.0,4323.044926,9312.480925,13635.525851,2341,258,0.00,0.1469,0.1250
12503752.0,4323.154595,9312.813467,13635.968062,2342,258,0.00,0.1281,0.1125
12504107.0,4323.308306,9313.289758,13636.598064,2343,258,0.00,0.1531,0.1250
12504165.0,4323.334547,9313.371925,13636.706472,2344,258,0.00,0.1656,0.1250
12504175.0,4323.339168,9313.386092,13636.725260,2345,258,0.00,0.1719,0.1375
12504377.0,4323.433505,9313.687408,13637.120913,2346,258,0.00,0.1766,0.1500
12504614.0,4323.545051,9314.058708,13637.603760,2347,258,0.00,0.1938,0.1625
12504789.0,4323.629756,9314.346000,13637.975756,2348,258,0.00,0.2063,0.1625
12504933.0,4323.700856,9314.582400,13638.283256,2349,259,0.00,0.2125,0.1750
12505728.0,4324.097252,9315.947150,13640.044402,2350,260,0.00,0.2250,0.1875
12505838.0,4324.153169,9316.144233,13640.297402,2351,260,0.00,0.2250,0.1875
12506673.0,4324.572333,9317.619200,13642.191533,2352,261,0.00,0.2063,0.1625
12506675.0,4324.573321,9317.622483,13642.195804,2353,261,0.00,0.2297,0.1625
12506899.0,4324.681934,9317.990217,13642.672150,2354,261,0.00,0.2063,0.1625
12506978.0,4324.719832,9318.115633,13642.835465,2355,261,0.00,0.2000,0.1500
12507050.0,4324.754886,9318.227308,13642.982194,2356,261,0.00,0.2047,0.1500
12507086.0,4324.772617,9318.283708,13643.056325,2357,262,0.00,0.2234,0.1500
12507399.0,4324.927313,9318.774075,13643.701388,2358,263,0.00,0.1641,0.1625
12507709.0,4325.070203,9319.282992,13644.353195,2359,263,0.00,0.1813,0.1750
12507840.0,4325.131375,9319.502475,13644.633850,2360,263,0.00,0.1703,0.1750
12507875.0,4325.147678,9319.562558,13644.710236,2361,263,0.00,0.1875,0.1875
12508288.0,4325.341002,9320.276867,13645.617868,2362,263,0.00,0.1828,0.1875
12508644.0,4325.508015,9320.901950,13646.409965,2363,263,0.00,0.1828,0.1875
12509097.0,4325.720922,9321.674950,13647.395872,2364,263,0.00,0.1750,0.1750
12509470.0,4325.894554,9322.307017,13648.201571,2365,263,0.00,0.1859,0.1750
12509692.0,4326.000262,9322.679942,13648.680204,2366,263,0.00,0.2000,0.1750
12509891.0,4326.095261,9323.009783,13649.105045,2367,264,0.00,0.1984,0.1750
12509941.0,4326.119645,9323.095617,13649.215262,2368,264,0.00,0.2156,0.1875
12510174.0,4326.232427,9323.496800,13649.729227,2369,265,0.00,0.1844,0.1500
12510428.0,4326.352582,9323.889483,13650.242066,2370,265,0.00,0.1844,0.1500
12510614.0,4326.441255,9324.180883,13650.622139,2371,265,0.00,0.1984,0.1625
12510616.0,4326.442231,9324.184167,13650.626397,2372,265,0.00,0.2156,0.1750
12511091.0,4326.664531,9324.911533,13651.576065,2373,266,0.00,0.1641,0.1375
12511311.0,4326.764756,9325.231600,13651.996356,2374,266,0.00,0.1625,0.1375
12511372.0,4326.792799,9325.322592,13652.115391,2375,266,0.00,0.1875,0.1375
12511475.0,4326.842154,9325.476233,13652.318387,2376,266,0.00,0.1875,0.1375
12511960.0,4327.068427,9326.165342,13653.233769,2377,266,0.00,0.1891,0.1375
12512351.0,4327.256256,9326.748583,13654.004840,2378,266,0.00,0.2063,0.1500
12512577.0,4327.365264,9327.088175,13654.453439,2379,267,0.00,0.2063,0.1500
12512604.0,4327.378595,9327.130475,13654.509070,2380,268,0.00,0.2234,0.1625
12512725.0,4327.439956,9327.329117,13654.769073,2381,269,0.00,0.2375,0.1750
12512802.0,4327.479847,9327.461300,13654.941147,2382,270,0.00,0.2516,0.1875
12512815.0,4327.486723,9327.484592,13654.971315,2383,271,0.00,0.2656,0.2000
12513275.0,4327.712674,9328.260008,13655.972683,2384,272,0.00,0.1672,0.1500
12520990.0,4331.008157,9338.995192,13670.003349,2385,272,0.00,0.1250,0.1250
12521425.0,4331.190395,9339.583092,13670.773487,2386,272,0.00,0.1250,0.1250
12521859.0,4331.372150,9340.169275,13671.541425,2387,272,0.00,0.1266,0.1250
12522199.0,4331.518952,9340.650942,13672.169894,2388,272,0.00,0.1766,0.1250
12522199.0,4331.518952,9340.650942,13672.169894,2389,272,0.00,0.2266,0.1250
12522199.0,4331.518952,9340.650942,13672.169894,2390,272,0.00,0.2766,0.1250
12522200.0,4331.519501,9340.652358,13672.171859,2391,272,0.00,0.3266,0.1250
12522456.0,4331.652201,9341.015025,13672.667226,2392,272,0.00,0.1453,0.1375
12522517.0,4331.679078,9341.104217,13672.783295,2393,272,0.00,0.1438,0.1375
12522876.0,4331.838883,9341.639725,13673.478608,2394,272,0.00,0.1438,0.1375
12523510.0,4332.121101,9342.585442,13674.706543,2395,272,0.00,0.1484,0.1500
12523614.0,4332.167775,9342.748375,13674.916150,2396,272,0.00,0.1656,0.1625
12523844.0,4332.273428,9343.122658,13675.396086,2397,272,0.00,0.1609,0.1625
12524063.0,4332.373841,9343.482183,13675.856024,2398,272,0.00,0.1859,0.1625
12524197.0,4332.436536,9343.694592,13676.131128,2399,273,0.00,0.1703,0.1375
12524322.0,4332.494761,9343.881050,13676.375811,2400,273,0.00,0.1953,0.1500
12524679.0,4332.664340,9344.415300,13677.079640,2401,273,0.00,0.2094,0.1500
12524771.0,4332.709989,9344.559433,13677.269422,2402,273,0.00,0.2328,0.1500
12524948.0,4332.796941,9344.836733,13677.633674,2403,274,0.00,0.2125,0.1500
12525978.0,4333.265091,9346.358675,13679.623766,2404,274,0.00,0.1125,0.1250
12526344.0,4333.417920,9346.867950,13680.285870,2405,274,0.00,0.1219,0.1250
12526571.0,4333.515104,9347.189533,13680.704638,2406,274,0.00,0.1281,0.1375
12526762.0,4333.597805,9347.474442,13681.072246,2407,274,0.00,0.1469,0.1375
12526979.0,4333.693221,9347.798133,13681.491354,2408,274,0.00,0.1453,0.1500
12527183.0,4333.784277,9348.117733,13681.902011,2409,274,0.00,0.1625,0.1625
12527351.0,4333.861511,9348.393533,13682.255044,2410,274,0.00,0.1797,0.1750
12527402.0,4333.885638,9348.481083,13682.366722,2411,274,0.00,0.1969,0.1875
12527845.0,4334.096954,9349.256342,13683.353295,2412,275,0.00,0.2031,0.1875
12527890.0,4334.119063,9349.336967,13683.456030,2413,275,0.00,0.2313,0.2000
12528080.0,4334.213661,9349.681658,13683.895319,2414,276,0.00,0.2094,0.2000
12528330.0,4334.334297,9350.129200,13684.463497,2415,276,0.00,0.1922,0.1875
12528686.0,4334.498588,9350.741008,13685.239596,2416,276,0.00,0.1781,0.1875
12529015.0,4334.653040,9351.314117,13685.967156,2417,276,0.00,0.1875,0.1875
12529028.0,4334.659269,9351.337408,13685.996677,2418,277,0.00,0.2016,0.2000
12529407.0,4334.835052,9351.980300,13686.815352,2419,277,0.00,0.1547,0.1625
12529537.0,4334.894026,9352.193717,13687.087743,2420,277,0.00,0.1609,0.1750
12529592.0,4334.919244,9352.288133,13687.207377,2421,277,0.00,0.1859,0.1750
12529632.0,4334.938362,9352.356800,13687.295162,2422,277,0.00,0.2031,0.1875
12529689.0,4334.966367,9352.458925,13687.425292,2423,277,0.00,0.2219,0.1875
12529733.0,4334.988386,9352.536408,13687.524794,2424,278,0.00,0.2219,0.1875
12530196.0,4335.208997,9353.289525,13688.498522,2425,278,0.00,0.1891,0.1625
12530990.0,4335.586551,9354.560008,13690.146559,2426,278,0.00,0.1641,0.1500
12531273.0,4335.716996,9355.003375,13690.720371,2427,278,0.00,0.1828,0.1625
12531644.0,4335.891188,9355.595258,13691.486446,2428,278,0.00,0.1891,0.1500
12531687.0,4335.911844,9355.662625,13691.574469,2429,278,0.00,0.2078,0.1500
12531691.0,4335.913824,9355.668892,13691.582716,2430,279,0.00,0.2266,0.1625
12531695.0,4335.915863,9355.675458,13691.591321,2431,280,0.00,0.2453,0.1625
12532141.0,4336.145280,9356.385292,13692.530571,2432,280,0.00,0.2391,0.1625
12532859.0,4336.495215,9357.460958,13693.956174,2433,281,0.00,0.2000,0.1500
12532891.0,4336.510860,9357.511092,13694.021951,2434,281,0.00,0.2125,0.1625
12532925.0,4336.527813,9357.566908,13694.094721,2435,281,0.00,0.2406,0.1750
12532927.0,4336.528853,9357.570342,13694.099195,2436,282,0.00,0.2594,0.1875
12533004.0,4336.569514,9357.708300,13694.277814,2437,283,0.00,0.2641,0.2000
12533005.0,4336.570053,9357.710167,13694.280220,2438,283,0.00,0.2875,0.2125
12533558.0,4336.867572,9358.746033,13695.613606,2439,284,0.00,0.2531,0.2000
12533602.0,4336.890396,9358.826217,13695.716613,2440,284,0.00,0.2469,0.1875
12533608.0,4336.893548,9358.836967,13695.730515,2441,284,0.00,0.2656,0.1875
12533689.0,4336.937282,9358.982092,13695.919374,2442,285,0.00,0.2844,0.1875
12534303.0,4337.274410,9360.064400,13697.338810,2443,286,0.00,0.2250,0.1500
12534313.0,4337.279493,9360.080067,13697.359560,2444,286,0.00,0.2422,0.1625
12534544.0,4337.397279,9360.443992,13697.841270,2445,287,0.00,0.2531,0.1625
12534719.0,4337.485501,9360.723033,13698.208534,2446,288,0.00,0.2047,0.1625
12535006.0,4337.623630,9361.181892,13698.805522,2447,288,0.00,0.1875,0.1500
12546528.0,4342.718786,9377.839900,13720.558686,2448,288,0.00,0.1328,0.1125
12546686.0,4342.787774,9378.051883,13720.839657,2449,288,0.00,0.1609,0.1250
12546880.0,4342.875368,9378.326717,13721.202084,2450,288,0.00,0.1672,0.1250
12547221.0,4343.031580,9378.804775,13721.836355,2451,288,0.00,0.1422,0.1250
12547339.0,4343.082388,9378.966542,13722.048930,2452,288,0.00,0.1281,0.1250
12547364.0,4343.093213,9379.001958,13722.095171,2453,288,0.00,0.1563,0.1375
12547511.0,4343.160077,9379.221233,13722.381311,2454,288,0.00,0.1734,0.1500
12547948.0,4343.357781,9379.882167,13723.239948,2455,288,0.00,0.1641,0.1375
12547958.0,4343.362390,9379.897083,13723.259474,2456,288,0.00,0.1828,0.1375
12547981.0,4343.373327,9379.931392,13723.304719,2457,289,0.00,0.2109,0.1500
12548197.0,4343.476579,9380.269792,13723.746371,2458,289,0.00,0.1859,0.1625
12548518.0,4343.621028,9380.754917,13724.375945,2459,289,0.00,0.1500,0.1500
12548778.0,4343.737801,9381.160975,13724.898776,2460,289,0.00,0.1469,0.1500
12549519.0,4344.069450,9382.321875,13726.391325,2461,289,0.00,0.1969,0.2000
12592900.0,4364.056193,9450.711442,13814.767635,2462,289,0.00,0.1469,0.1375
12593136.0,4364.161820,9451.063475,13815.225295,2463,289,0.00,0.1469,0.1375
12593259.0,4364.216871,9451.246950,13815.463821,2464,289,0.00,0.1656,0.1500
12593284.0,4364.228424,9451.286117,13815.514541,2465,289,0.00,0.2031,0.1625
12594188.0,4364.656633,9452.647183,13817.303816,2466,289,0.00,0.1594,0.1250
12595227.0,4365.131759,9454.119100,13819.250859,2467,289,0.00,0.1781,0.1250
12595374.0,4365.201124,9454.327350,13819.528474,2468,289,0.00,0.1844,0.1375
12595791.0,4365.399865,9454.949375,13820.349240,2469,289,0.00,0.1719,0.1500
12595900.0,4365.450770,9455.120142,13820.570911,2470,289,0.00,0.1906,0.1625
12596020.0,4365.508561,9455.317142,13820.825703,2471,290,0.00,0.2281,0.1750
12596082.0,4365.540229,9455.423575,13820.963804,2472,291,0.00,0.2469,0.1750
12596088.0,4365.543381,9455.433875,13820.977256,2473,291,0.00,0.2531,0.1875
12596089.0,4365.543911,9455.435667,13820.979578,2474,292,0.00,0.2719,0.1875
12604051.0,4369.324189,9467.429842,13836.754031,2475,293,0.00,0.1344,0.0875
12604095.0,4369.343454,9467.482275,13836.825729,2476,293,0.00,0.1578,0.0875
12604319.0,4369.445615,9467.749208,13837.194824,2477,293,0.00,0.1750,0.1000
12604682.0,4369.616024,9468.209008,13837.825032,2478,293,0.00,0.1797,0.1125
12604785.0,4369.664391,9468.339775,13838.004166,2479,293,0.00,0.1922,0.1125
12604879.0,4369.707752,9468.465892,13838.173644,2480,293,0.00,0.1500,0.1250
12606019.0,4370.206475,9470.000792,13840.207267,2481,293,0.00,0.1500,0.1250
12606020.0,4370.206925,9470.002208,13840.209133,2482,293,0.00,0.1672,0.1375
12606024.0,4370.208778,9470.008175,13840.216953,2483,293,0.00,0.1844,0.1500
12606084.0,4370.237262,9470.099700,13840.336962,2484,294,0.00,0.1969,0.1500
12606086.0,4370.238235,9470.102833,13840.341069,2485,295,0.00,0.2156,0.1500
12606094.0,4370.242244,9470.115367,13840.357610,2486,296,0.00,0.2328,0.1625
12606235.0,4370.313398,9470.339117,13840.652515,2487,297,0.00,0.2344,0.1500
12606899.0,4370.641630,9471.300033,13841.941663,2488,297,0.00,0.2172,0.1375
12606932.0,4370.658205,9471.349258,13842.007463,2489,297,0.00,0.2219,0.1500
12606951.0,4370.667817,9471.379025,13842.046842,2490,297,0.00,0.2391,0.1625
12606957.0,4370.670932,9471.388875,13842.059807,2491,298,0.00,0.2563,0.1750
12606961.0,4370.673063,9471.395742,13842.068805,2492,299,0.00,0.2734,0.1875
12610933.0,4372.569014,9476.765792,13849.334806,2493,299,0.00,0.1656,0.1000
12611093.0,4372.642958,9476.968458,13849.611417,2494,299,0.00,0.1828,0.1125
12611134.0,4372.662455,9477.023467,13849.685921,2495,299,0.00,0.1922,0.1250
12611218.0,4372.703011,9477.142467,13849.845478,2496,299,0.00,0.1969,0.1375
12611427.0,4372.804681,9477.454225,13850.258906,2497,299,0.00,0.2031,0.1500
12611735.0,4372.954884,9477.930458,13850.885343,2498,299,0.00,0.1859,0.1375
12611784.0,4372.978304,9478.003550,13850.981854,2499,299,0.00,0.2031,0.1500
12611794.0,4372.983217,9478.019217,13851.002434,2500,299,0.00,0.2203,0.1625
12611952.0,4373.062958,9478.278600,13851.341558,2501,300,0.00,0.2375,0.1750
12612025.0,4373.100776,9478.403917,13851.504692,2502,301,0.00,0.2547,0.1875
12612128.0,4373.155512,9478.588458,13851.743971,2503,302,0.00,0.2719,0.2000
12612131.0,4373.157147,9478.594058,13851.751205,2504,303,0.00,0.2891,0.2125
12612135.0,4373.159379,9478.601825,13851.761204,2505,304,0.00,0.3063,0.2250
12612137.0,4373.160522,9478.605858,13851.766381,2506,305,0.00,0.3234,0.2375
12612138.0,4373.161107,9478.607950,13851.769057,2507,306,0.00,0.3406,0.2500
12612349.0,4373.287341,9479.065117,13852.352458,2508,307,0.00,0.3469,0.2625
12612572.0,4373.419565,9479.552258,13852.971824,2509,307,0.00,0.3172,0.2500
12612689.0,4373.486841,9479.802458,13853.289299,2510,307,0.00,0.3125,0.2500
12612690.0,4373.487418,9479.804625,13853.292043,2511,307,0.00,0.3172,0.2625
12612954.0,4373.636980,9480.363650,13854.000630,2512,308,0.00,0.2953,0.2375
12613049.0,4373.690413,9480.562058,13854.252472,2513,308,0.00,0.2828,0.2375
12613157.0,4373.749693,9480.778808,13854.528502,2514,308,0.00,0.2766,0.2250
12613264.0,4373.807431,9480.983267,13854.790697,2515,309,0.00,0.2609,0.2000
12613372.0,4373.864053,9481.177592,13855.041644,2516,310,0.00,0.2609,0.2000
12613413.0,4373.886040,9481.254125,13855.140165,2517,311,0.00,0.2781,0.2125
12613455.0,4373.909126,9481.335675,13855.244801,2518,312,0.00,0.2953,0.2250
12613769.0,4374.084016,9481.958258,13856.042274,2519,313,0.00,0.2953,0.2250
12614910.0,4374.706892,9484.149700,13858.856592,2520,314,0.00,0.2500,0.2000
12615097.0,4374.805586,9484.498767,13859.304353,2521,314,0.00,0.2547,0.2125
12615274.0,4374.899061,9484.830367,13859.729428,2522,315,0.00,0.2688,0.2125
12615275.0,4374.899604,9484.832308,13859.731912,2523,316,0.00,0.2813,0.2250
12615296.0,4374.911198,9484.874658,13859.785856,2524,317,0.00,0.2984,0.2375
12615775.0,4375.171324,9485.808617,13860.979941,2525,318,0.00,0.2656,0.2000
12615809.0,4375.189682,9485.872083,13861.061765,2526,318,0.00,0.2703,0.2125
12615848.0,4375.210417,9485.944433,13861.154850,2527,318,0.00,0.2453,0.2000
12615905.0,4375.240292,9486.050833,13861.291126,2528,318,0.00,0.2500,0.2125
12616242.0,4375.412962,9486.660925,13862.073887,2529,318,0.00,0.2266,0.1875
12616288.0,4375.436401,9486.743342,13862.179743,2530,318,0.00,0.2328,0.2000
12616318.0,4375.451833,9486.799342,13862.251175,2531,319,0.00,0.2500,0.2125
12616480.0,4375.537333,9487.113892,13862.651225,2532,320,0.00,0.2969,0.2375
12616481.0,4375.537898,9487.115983,13862.653881,2533,320,0.00,0.3094,0.2500
12616865.0,4375.755970,9487.922558,13863.678529,2534,320,0.00,0.2906,0.2250
12616869.0,4375.758208,9487.930625,13863.688833,2535,321,0.00,0.3141,0.2250
12617433.0,4376.073186,9489.030225,13865.103411,2536,322,0.00,0.2984,0.2125
12617703.0,4376.225858,9489.554475,13865.780333,2537,323,0.00,0.3156,0.2250
12617911.0,4376.346252,9489.973942,13866.320194,2538,324,0.00,0.3344,0.2250
12617917.0,4376.349813,9489.986042,13866.335855,2539,325,0.00,0.3531,0.2250
12617925.0,4376.354677,9490.002175,13866.356852,2540,326,0.00,0.3719,0.2250
12617967.0,4376.380825,9490.086875,13866.467700,2541,327,0.00,0.3953,0.2250
12618018.0,4376.412572,9490.189725,13866.602297,2542,328,0.00,0.3813,0.2250
12618332.0,4376.606484,9490.811633,13867.418117,2543,329,0.00,0.3625,0.2125
12618452.0,4376.678523,9491.044633,13867.723157,2544,330,0.00,0.3484,0.2125
12618823.0,4376.898038,9491.756892,13868.654930,2545,331,0.00,0.3188,0.1875
12618901.0,4376.943375,9491.896642,13868.840017,2546,331,0.00,0.3234,0.2000
12618918.0,4376.953319,9491.928375,13868.881694,2547,332,0.00,0.3516,0.2125
12619115.0,4377.070490,9492.300158,13869.370648,2548,333,0.00,0.3422,0.1875
12619368.0,4377.211330,9492.726750,13869.938080,2549,334,0.00,0.2734,0.1750
12619578.0,4377.325991,9493.087250,13870.413241,2550,334,0.00,0.2922,0.1750
12619657.0,4377.370278,9493.222867,13870.593145,2551,335,0.00,0.3094,0.1875
12619677.0,4377.381757,9493.258700,13870.640457,2552,335,0.00,0.3219,0.2000
12619893.0,4377.502819,9493.661900,13871.164719,2553,335,0.00,0.2703,0.2125
12620209.0,4377.673034,9494.263467,13871.936501,2554,335,0.00,0.2750,0.2125
12620209.0,4377.673034,9494.263467,13871.936501,2555,336,0.00,0.2922,0.2250
12620323.0,4377.735968,9494.487967,13872.223934,2556,337,0.00,0.2750,0.2000
12620906.0,4378.052258,9495.560858,13873.613116,2557,338,0.00,0.2750,0.2000
12620974.0,4378.089469,9495.687792,13873.777261,2558,339,0.00,0.3031,0.2125
12621264.0,4378.246530,9496.229275,13874.475805,2559,340,0.00,0.2859,0.2000
12621266.0,4378.247641,9496.233008,13874.480650,2560,340,0.00,0.3047,0.2000
12621524.0,4378.394782,9496.714608,13875.109390,2561,340,0.00,0.3094,0.2125
12621753.0,4378.518752,9497.152800,13875.671552,2562,340,0.00,0.2453,0.2125
12621795.0,4378.540765,9497.234350,13875.775115,2563,340,0.00,0.2641,0.2125
12621946.0,4378.620653,9497.527542,13876.148195,2564,341,0.00,0.2438,0.2250
12622067.0,4378.683926,9497.771558,13876.455484,2565,341,0.00,0.2563,0.2375
12622153.0,4378.729733,9497.951442,13876.681175,2566,341,0.00,0.2734,0.2500
12622455.0,4378.891312,9498.567075,13877.458387,2567,342,0.00,0.2672,0.2250
12622647.0,4378.995212,9498.954275,13877.949487,2568,342,0.00,0.2844,0.2375
12622795.0,4379.077280,9499.263842,13878.341122,2569,343,0.00,0.3016,0.2500
12622806.0,4379.083527,9499.287675,13878.371202,2570,344,0.00,0.3266,0.2625
12622916.0,4379.146822,9499.526908,13878.673731,2571,344,0.00,0.3141,0.2625
12623240.0,4379.326636,9500.217133,13879.543769,2572,344,0.00,0.2641,0.2375
12623779.0,4379.597585,9501.221092,13880.818677,2573,345,0.00,0.2250,0.2000
12623967.0,4379.693152,9501.572025,13881.265177,2574,345,0.00,0.2500,0.2000
12624025.0,4379.723763,9501.680292,13881.404055,2575,346,0.00,0.2750,0.2125
12624073.0,4379.750030,9501.773492,13881.523522,2576,346,0.00,0.2797,0.2250
12624156.0,4379.794579,9501.934950,13881.729529,2577,346,0.00,0.2688,0.2125
12624821.0,4380.148405,9503.180558,13883.328963,2578,347,0.00,0.2484,0.2125
12624923.0,4380.201138,9503.373133,13883.574272,2579,347,0.00,0.2500,0.2125
12625094.0,4380.289081,9503.692783,13883.981864,2580,348,0.00,0.2313,0.2000
12625134.0,4380.309608,9503.767450,13884.077058,2581,348,0.00,0.2484,0.2125
12628809.0,4382.177687,9510.474375,13892.652062,2582,349,0.00,0.2172,0.1875
12629168.0,4382.352851,9511.088708,13893.441559,2583,349,0.00,0.2063,0.1625
12629174.0,4382.355813,9511.098558,13893.454372,2584,349,0.00,0.2297,0.1625
12629223.0,4382.380900,9511.179000,13893.559900,2585,350,0.00,0.2531,0.1625
12629540.0,4382.548976,9511.699408,13894.248385,2586,351,0.00,0.2766,0.1625
12629575.0,4382.568172,9511.756867,13894.325038,2587,352,0.00,0.2938,0.1750
12630111.0,4382.864720,9512.662150,13895.526870,2588,353,0.00,0.2703,0.1750
12630312.0,4382.971026,9513.007200,13895.978226,2589,354,0.00,0.2516,0.1875
12630435.0,4383.035618,9513.227575,13896.263193,2590,354,0.00,0.2516,0.1875
12630522.0,4383.081640,9513.383450,13896.465090,2591,354,0.00,0.2750,0.1875
12630639.0,4383.145665,9513.593075,13896.738740,2592,354,0.00,0.2797,0.2000
12630884.0,4383.277365,9514.043283,13897.320648,2593,354,0.00,0.2328,0.2000
12632184.0,4383.917207,9516.391200,13900.308407,2594,354,0.00,0.2063,0.1875
12639630.0,4387.432588,9528.116750,13915.549338,2595,354,0.00,0.1859,0.1500
12639852.0,4387.538693,9528.464550,13916.003243,2596,354,0.00,0.2031,0.1625
12639934.0,4387.578981,9528.599167,13916.178148,2597,354,0.00,0.2531,0.1625
12639934.0,4387.578981,9528.599167,13916.178148,2598,354,0.00,0.3031,0.1625
12639934.0,4387.578981,9528.599167,13916.178148,2599,354,0.00,0.3531,0.1625
12639953.0,4387.590533,9528.630358,13916.220891,2600,355,0.00,0.3781,0.1750
12640647.0,4387.943950,9529.734575,13917.678525,2601,356,0.00,0.2063,0.1625
12640926.0,4388.079166,9530.178350,13918.257516,2602,356,0.00,0.2063,0.1625
12641162.0,4388.194822,9530.560908,13918.755730,2603,357,0.00,0.2063,0.1625
12641233.0,4388.229878,9530.677467,13918.907345,2604,357,0.00,0.2109,0.1750
12641427.0,4388.325183,9531.003825,13919.329008,2605,358,0.00,0.2078,0.1750
12641678.0,4388.448671,9531.430508,13919.879179,2606,358,0.00,0.2047,0.1750
12641708.0,4388.463447,9531.482008,13919.945455,2607,358,0.00,0.2094,0.1875
12641717.0,4388.467913,9531.498133,13919.966046,2608,358,0.00,0.2563,0.2125
12641825.0,4388.523343,9531.697333,13920.220676,2609,359,0.00,0.2016,0.1750
12641825.0,4388.523343,9531.697333,13920.220676,2610,359,0.00,0.2156,0.1875
12641896.0,4388.558916,9531.824542,13920.383458,2611,360,0.00,0.2297,0.2000
12642583.0,4388.902068,9533.017467,13921.919534,2612,360,0.00,0.2234,0.1875
12642978.0,4389.102379,9533.725175,13922.827554,2613,360,0.00,0.2281,0.2000
12643193.0,4389.212193,9534.126508,13923.338702,2614,361,0.00,0.2422,0.2125
12675879.0,4403.450320,9577.591125,13981.041445,2615,361,0.00,0.1234,0.1125
12676683.0,4403.795509,9578.669825,13982.465334,2616,361,0.00,0.1281,0.1250
12676920.0,4403.897722,9578.997250,13982.894972,2617,361,0.00,0.1422,0.1125
12676928.0,4403.901274,9579.007983,13982.909257,2618,361,0.00,0.1609,0.1125
12677400.0,4404.117689,9579.641250,13983.758939,2619,361,0.00,0.1656,0.1250
12677434.0,4404.133402,9579.689417,13983.822819,2620,361,0.00,0.1828,0.1375
12677691.0,4404.251231,9580.040975,13984.292206,2621,361,0.00,0.1484,0.1250
12677884.0,4404.337847,9580.314392,13984.652238,2622,361,0.00,0.1656,0.1375
12677886.0,4404.338771,9580.317375,13984.656146,2623,361,0.00,0.1938,0.1500
12678401.0,4404.565942,9581.008333,13985.574275,2624,361,0.00,0.1109,0.1125
12678446.0,4404.584824,9581.068708,13985.653533,2625,361,0.00,0.1281,0.1250
12678603.0,4404.652803,9581.291125,13985.943928,2626,361,0.00,0.1469,0.1250
12678759.0,4404.722624,9581.512125,13986.234749,2627,361,0.00,0.1719,0.1375
12678841.0,4404.760090,9581.629792,13986.389882,2628,361,0.00,0.1734,0.1250
12690191.0,4409.524415,9595.674883,14005.199299,2629,361,0.00,0.1000,0.0875
12690231.0,4409.540860,9595.722550,14005.263410,2630,361,0.00,0.1250,0.1000
12690581.0,4409.687638,9596.143908,14005.831546,2631,361,0.00,0.1125,0.1000
12690864.0,4409.806223,9596.491875,14006.298098,2632,361,0.00,0.1125,0.1000
12690960.0,4409.846623,9596.613475,14006.460098,2633,361,0.00,0.1297,0.1125
12691397.0,4410.034954,9597.170683,14007.205638,2634,361,0.00,0.1531,0.1125
12691636.0,4410.138518,9597.470492,14007.609010,2635,361,0.00,0.1250,0.1000
12691741.0,4410.183727,9597.603492,14007.787218,2636,361,0.00,0.1313,0.1125
12692206.0,4410.381159,9598.207942,14008.589101,2637,361,0.00,0.1109,0.1125
12692300.0,4410.420275,9598.327308,14008.747584,2638,361,0.00,0.1109,0.1125
12692613.0,4410.550314,9598.724300,14009.274614,2639,361,0.00,0.1063,0.1000
12692705.0,4410.588584,9598.840833,14009.429417,2640,361,0.00,0.1234,0.1125
12692800.0,4410.629371,9598.968292,14009.597663,2641,361,0.00,0.1328,0.1250
12693008.0,4410.720190,9599.262958,14009.983149,2642,361,0.00,0.1609,0.1375
12693782.0,4411.050392,9600.302083,14011.352476,2643,361,0.00,0.1219,0.1125
12693978.0,4411.133809,9600.561225,14011.695034,2644,361,0.00,0.1266,0.1125
12694520.0,4411.361559,9601.253233,14012.614793,2645,361,0.00,0.1141,0.1125
12694521.0,4411.361981,9601.254575,14012.616556,2646,361,0.00,0.1188,0.1250
12694527.0,4411.364535,9601.263075,14012.627610,2647,361,0.00,0.1313,0.1375
12694805.0,4411.485581,9601.677758,14013.163340,2648,361,0.00,0.1500,0.1375
12694892.0,4411.524731,9601.807533,14013.332265,2649,361,0.00,0.1688,0.1375
12695124.0,4411.628424,9602.143250,14013.771674,2650,361,0.00,0.1438,0.1375
12695496.0,4411.790714,9602.679625,14014.470339,2651,361,0.00,0.1438,0.1375
12695902.0,4411.960747,9603.220667,14015.181414,2652,361,0.00,0.1156,0.1000
12696072.0,4412.032702,9603.436000,14015.468702,2653,361,0.00,0.1328,0.1125
12696455.0,4412.199932,9603.949858,14016.149790,2654,361,0.00,0.1516,0.1125
12696716.0,4412.317699,9604.300033,14016.617732,2655,361,0.00,0.1563,0.1250
12696859.0,4412.382744,9604.502617,14016.885361,2656,361,0.00,0.1750,0.1250
12696934.0,4412.417618,9604.606992,14017.024610,2657,361,0.00,0.1766,0.1125
12696992.0,4412.444818,9604.682783,14017.127601,2658,361,0.00,0.1891,0.1125
12696995.0,4412.446259,9604.686808,14017.133068,2659,361,0.00,0.2063,0.1250
12697224.0,4412.553130,9604.998325,14017.551455,2660,361,0.00,0.1688,0.1250
12697262.0,4412.570784,9605.052158,14017.622943,2661,361,0.00,0.1859,0.1375
12697388.0,4412.630550,9605.230733,14017.861284,2662,361,0.00,0.1859,0.1375
12697409.0,4412.640587,9605.262058,14017.902646,2663,361,0.00,0.1906,0.1500
12697409.0,4412.640587,9605.262058,14017.902646,2664,361,0.00,0.1953,0.1625
12697628.0,4412.741996,9605.592258,14018.334254,2665,362,0.00,0.1797,0.1500
12697699.0,4412.775585,9605.703492,14018.479077,2666,362,0.00,0.2078,0.1625
12698004.0,4412.924237,9606.191225,14019.115462,2667,362,0.00,0.1953,0.1625
12698115.0,4412.978099,9606.373450,14019.351549,2668,362,0.00,0.2125,0.1750
12698247.0,4413.043915,9606.600050,14019.643965,2669,363,0.00,0.2297,0.1875
12698502.0,4413.172126,9607.033075,14020.205201,2670,363,0.00,0.2016,0.1750
12698776.0,4413.304504,9607.503442,14020.807946,2671,363,0.00,0.2000,0.1875
12699423.0,4413.609720,9608.600400,14022.210120,2672,363,0.00,0.1828,0.1750
12699635.0,4413.710530,9608.964333,14022.674863,2673,364,0.00,0.2016,0.1750
12699697.0,4413.740916,9609.070767,14022.811683,2674,365,0.00,0.2203,0.1750
12699766.0,4413.775740,9609.189217,14022.964957,2675,366,0.00,0.2391,0.1750
12699989.0,4413.888798,9609.567383,14023.456181,2676,367,0.00,0.2203,0.1750
12700511.0,4414.139946,9610.419683,14024.559630,2677,367,0.00,0.1531,0.1625
12700534.0,4414.150352,9610.457442,14024.607794,2678,367,0.00,0.1719,0.1750
12700571.0,4414.167632,9610.520958,14024.688590,2679,367,0.00,0.1891,0.1875
12700799.0,4414.274582,9610.906058,14025.180641,2680,368,0.00,0.1844,0.1750
12700973.0,4414.357535,9611.204758,14025.562293,2681,368,0.00,0.2031,0.1750
12700980.0,4414.360974,9611.216775,14025.577749,2682,369,0.00,0.2313,0.1875
12701034.0,4414.388686,9611.313525,14025.702211,2683,369,0.00,0.2813,0.1875
12701035.0,4414.389238,9611.315317,14025.704555,2684,369,0.00,0.3313,0.1875
12701642.0,4414.689347,9612.301683,14026.991030,2685,369,0.00,0.1578,0.1500
12701775.0,4414.749743,9612.510050,14027.259793,2686,369,0.00,0.1516,0.1625
12701982.0,4414.842668,9612.846200,14027.688868,2687,369,0.00,0.1406,0.1625
12702195.0,4414.936550,9613.193550,14028.130100,2688,369,0.00,0.1250,0.1625
12702205.0,4414.940856,9613.209967,14028.150822,2689,369,0.00,0.1422,0.1750
12702258.0,4414.964384,9613.300950,14028.265334,2690,369,0.00,0.1594,0.1875
12702385.0,4415.022460,9613.528492,14028.550951,2691,369,0.00,0.1875,0.2000
12702488.0,4415.071814,9613.720758,14028.792572,2692,369,0.00,0.2063,0.2000
12702491.0,4415.073295,9613.726358,14028.799653,2693,370,0.00,0.2188,0.2125
12702537.0,4415.096455,9613.815675,14028.912130,2694,370,0.00,0.2688,0.2125
12702610.0,4415.135544,9613.955692,14029.091236,2695,371,0.00,0.2594,0.2000
12703486.0,4415.592614,9615.537867,14031.130481,2696,371,0.00,0.2250,0.2000
12703623.0,4415.662212,9615.792700,14031.454912,2697,371,0.00,0.2250,0.2000
12703679.0,4415.690504,9615.893633,14031.584137,2698,371,0.00,0.2375,0.2000
12703999.0,4415.855199,9616.484892,14032.340090,2699,371,0.00,0.2438,0.1875
12704008.0,4415.859905,9616.501017,14032.360922,2700,371,0.00,0.2625,0.1875
12704054.0,4415.884630,9616.583433,14032.468063,2701,372,0.00,0.2813,0.1875
12704434.0,4416.090922,9617.264267,14033.355188,2702,373,0.00,0.2906,0.2000
12704508.0,4416.131460,9617.402400,14033.533860,2703,373,0.00,0.2594,0.2000
12704589.0,4416.173750,9617.550000,14033.723750,2704,374,0.00,0.2500,0.1875
12704782.0,4416.270528,9617.881992,14034.152520,2705,375,0.00,0.2250,0.1750
12704913.0,4416.335836,9618.106875,14034.442711,2706,375,0.00,0.2563,0.1750
12706453.0,4417.111149,9620.642167,14037.753316,2707,375,0.00,0.2109,0.1750
12707286.0,4417.508483,9622.039300,14039.547783,2708,375,0.00,0.2063,0.1625
12707288.0,4417.509471,9622.042583,14039.552054,2709,375,0.00,0.2563,0.1625
12707288.0,4417.509471,9622.042583,14039.552054,2710,375,0.00,0.3063,0.1625
12707288.0,4417.509471,9622.042583,14039.552054,2711,375,0.00,0.3563,0.1625
12707320.0,4417.529004,9622.095117,14039.624121,2712,375,0.00,0.3609,0.1750
12707649.0,4417.730167,9622.642125,14040.372292,2713,376,0.00,0.3750,0.1625
12707651.0,4417.731417,9622.645408,14040.376825,2714,377,0.00,0.3938,0.1625
12707656.0,4417.734615,9622.653617,14040.388231,2715,378,0.00,0.4125,0.1625
12707797.0,4417.826429,9622.885092,14040.711521,2716,379,0.00,0.4109,0.1750
12711818.0,4419.865110,9629.095633,14048.960743,2717,379,0.00,0.1391,0.1500
12711905.0,4419.903520,9629.231933,14049.135453,2718,379,0.00,0.1578,0.1500
12712058.0,4419.973299,9629.471633,14049.444933,2719,379,0.00,0.1750,0.1625
12712414.0,4420.138270,9630.032517,14050.170787,2720,379,0.00,0.1516,0.1500
12712464.0,4420.160831,9630.110850,14050.271681,2721,379,0.00,0.1703,0.1500
12712654.0,4420.249333,9630.408517,14050.657850,2722,379,0.00,0.1891,0.1500
12712654.0,4420.249333,9630.408517,14050.657850,2723,380,0.00,0.2063,0.1625
12712679.0,4420.261633,9630.448658,14050.710291,2724,380,0.00,0.2063,0.1625
12712750.0,4420.296281,9630.565217,14050.861498,2725,381,0.00,0.2156,0.1750
12713034.0,4420.433728,9631.038275,14051.472003,2726,381,0.00,0.1859,0.1750
12713342.0,4420.580282,9631.563333,14052.143615,2727,381,0.00,0.1750,0.1750
12713342.0,4420.580282,9631.563333,14052.143615,2728,381,0.00,0.1813,0.1875
12713682.0,4420.740758,9632.156300,14052.897058,2729,381,0.00,0.1859,0.2000
12713985.0,4420.884197,9632.700600,14053.584797,2730,381,0.00,0.1859,0.1875
12714018.0,4420.899969,9632.759725,14053.659694,2731,382,0.00,0.2031,0.2000
12714775.0,4421.271898,9634.172792,14055.444690,2732,382,0.00,0.2078,0.2125
12715637.0,4421.677143,9635.685783,14057.362926,2733,383,0.00,0.1391,0.1500
12715759.0,4421.731005,9635.876917,14057.607921,2734,383,0.00,0.1563,0.1625
12715831.0,4421.763755,9635.995117,14057.758871,2735,383,0.00,0.1609,0.1750
12715831.0,4421.763755,9635.995117,14057.758871,2736,383,0.00,0.1781,0.1875
12715832.0,4421.764227,9635.996908,14057.761135,2737,383,0.00,0.1953,0.2000
12715890.0,4421.792371,9636.105175,14057.897546,2738,383,0.00,0.2000,0.2125
12715899.0,4421.796771,9636.122650,14057.919421,2739,383,0.00,0.2047,0.2250
12716496.0,4422.088357,9637.276050,14059.364407,2740,384,0.00,0.2141,0.2125
12717032.0,4422.355254,9638.296008,14060.651262,2741,384,0.00,0.2094,0.2000
12717322.0,4422.496914,9638.824817,14061.321730,2742,385,0.00,0.2094,0.2000
12717323.0,4422.497410,9638.826683,14061.324093,2743,386,0.00,0.2266,0.2125
12717374.0,4422.523397,9638.925708,14061.449105,2744,386,0.00,0.2313,0.2250
12717453.0,4422.563939,9639.085025,14061.648964,2745,387,0.00,0.2484,0.2375
12717776.0,4422.729269,9639.716533,14062.445803,2746,387,0.00,0.2313,0.2250
12718008.0,4422.847784,9640.173150,14063.020934,2747,387,0.00,0.2219,0.2000
12718108.0,4422.898108,9640.354342,14063.252449,2748,387,0.00,0.2313,0.2000
12718232.0,4422.961744,9640.585808,14063.547552,2749,388,0.00,0.2500,0.2125
12719070.0,4423.400482,9642.157350,14065.557832,2750,388,0.00,0.2359,0.2000
12719324.0,4423.531438,9642.624883,14066.156322,2751,389,0.00,0.2484,0.2000
12719380.0,4423.560926,9642.729417,14066.290342,2752,390,0.00,0.2547,0.2125
12719475.0,4423.611411,9642.913875,14066.525286,2753,391,0.00,0.2719,0.2250
12719519.0,4423.635382,9643.002608,14066.637990,2754,391,0.00,0.2766,0.2375
12719679.0,4423.718830,9643.305175,14067.024005,2755,391,0.00,0.2656,0.2125
12720223.0,4423.988753,9644.249542,14068.238295,2756,391,0.00,0.1734,0.1625
12720445.0,4424.089506,9644.584892,14068.674398,2757,391,0.00,0.1563,0.1500
12720635.0,4424.175295,9644.869508,14069.044804,2758,391,0.00,0.1703,0.1500
12720779.0,4424.242370,9645.095108,14069.337479,2759,391,0.00,0.1875,0.1625
12720780.0,4424.242850,9645.096750,14069.339600,2760,391,0.00,0.2047,0.1750
12720783.0,4424.244327,9645.101900,14069.346227,2761,391,0.00,0.2219,0.1875
12720822.0,4424.264057,9645.171775,14069.435832,2762,392,0.00,0.2391,0.2000
12720865.0,4424.286386,9645.252042,14069.538428,2763,393,0.00,0.2563,0.2125
12722522.0,4425.089660,9648.026283,14073.115943,2764,394,0.00,0.1641,0.1500
12722727.0,4425.184152,9648.347450,14073.531602,2765,394,0.00,0.1813,0.1625
12722917.0,4425.274270,9648.659367,14073.933637,2766,394,0.00,0.1859,0.1750
12723416.0,4425.506781,9649.447433,14074.954215,2767,394,0.00,0.1906,0.1500
12723521.0,4425.556605,9649.609383,14075.165989,2768,394,0.00,0.1688,0.1500
12724753.0,4426.122293,9651.505167,14077.627459,2769,394,0.00,0.1672,0.1500
12724760.0,4426.125536,9651.516133,14077.641670,2770,394,0.00,0.1844,0.1625
12724827.0,4426.157478,9651.626125,14077.783603,2771,394,0.00,0.2016,0.1750
12724844.0,4426.165809,9651.655308,14077.821118,2772,395,0.00,0.2188,0.1875
12724869.0,4426.178396,9651.700100,14077.878496,2773,396,0.00,0.2359,0.2000
12724908.0,4426.198465,9651.771100,14077.969565,2774,397,0.00,0.2484,0.2000
12724913.0,4426.201098,9651.780433,14077.981532,2775,398,0.00,0.2656,0.2125
12724952.0,4426.222156,9651.856158,14078.078314,2776,398,0.00,0.2828,0.2250
12724988.0,4426.242074,9651.928758,14078.170833,2777,398,0.00,0.2875,0.2375
12725852.0,4426.716288,9653.662833,14080.379121,2778,398,0.00,0.2328,0.2000
12725915.0,4426.748695,9653.780433,14080.529129,2779,398,0.00,0.2453,0.2125
12726300.0,4426.950048,9654.503150,14081.453198,2780,398,0.00,0.2391,0.2000
12726410.0,4427.004445,9654.691383,14081.695828,2781,399,0.00,0.2234,0.1750
12727467.0,4427.511594,9656.343900,14083.855494,2782,399,0.00,0.1719,0.1375
12727637.0,4427.590986,9656.597483,14084.188470,2783,399,0.00,0.1891,0.1500
12727643.0,4427.593869,9656.606883,14084.200752,2784,399,0.00,0.1938,0.1625
12727716.0,4427.629203,9656.726725,14084.355928,2785,399,0.00,0.1984,0.1750
12727744.0,4427.642857,9656.774792,14084.417649,2786,399,0.00,0.2156,0.1875
12727818.0,4427.679935,9656.907375,14084.587310,2787,399,0.00,0.2328,0.2000
12727848.0,4427.695367,9656.963375,14084.658742,2788,399,0.00,0.2453,0.2000
12727848.0,4427.695367,9656.963375,14084.658742,2789,399,0.00,0.2578,0.2000
12727852.0,4427.697502,9656.970842,14084.668344,2790,399,0.00,0.2703,0.2000
12727861.0,4427.702394,9656.987642,14084.690036,2791,400,0.00,0.2875,0.2125
12728219.0,4427.891181,9657.595308,14085.486489,2792,400,0.00,0.2484,0.1750
12728547.0,4428.063755,9658.155525,14086.219280,2793,400,0.00,0.2484,0.1750
12728796.0,4428.194869,9658.582975,14086.777844,2794,401,0.00,0.2672,0.1875
12728810.0,4428.202445,9658.608058,14086.810503,2795,401,0.00,0.2719,0.2000
12728811.0,4428.202990,9658.609925,14086.812915,2796,401,0.00,0.2766,0.2125
12728887.0,4428.244396,9658.752842,14086.997238,2797,402,0.00,0.2719,0.2000
12729473.0,4428.537020,9659.736008,14088.273028,2798,402,0.00,0.1828,0.1625
12729554.0,4428.575537,9659.868983,14088.444520,2799,402,0.00,0.2000,0.1750
12758421.0,4440.154938,9695.379575,14135.534513,2800,402,0.00,0.0750,0.0875
12759287.0,4440.493688,9696.402633,14136.896321,2801,402,0.00,0.0875,0.0875
12759334.0,4440.512553,9696.458642,14136.971194,2802,402,0.00,0.1047,0.1000
12759344.0,4440.516700,9696.471308,14136.988009,2803,402,0.00,0.1172,0.1000
12759426.0,4440.551508,9696.575175,14137.126683,2804,402,0.00,0.1344,0.1125
12759616.0,4440.633041,9696.820792,14137.453833,2805,402,0.00,0.1219,0.1125
12759669.0,4440.655732,9696.891900,14137.547632,2806,402,0.00,0.1406,0.1250
12759742.0,4440.688049,9696.995317,14137.683366,2807,402,0.00,0.1453,0.1375
12760137.0,4440.862564,9697.574775,14138.437339,2808,402,0.00,0.1094,0.1125
12760187.0,4440.883415,9697.640433,14138.523848,2809,402,0.00,0.1094,0.1125
12760208.0,4440.892202,9697.668608,14138.560810,2810,402,0.00,0.1141,0.1250
12760254.0,4440.911554,9697.732500,14138.644054,2811,402,0.00,0.1594,0.1125
12760373.0,4440.965564,9697.889383,14138.854948,2812,402,0.00,0.1422,0.1000
12760407.0,4440.980589,9697.931025,14138.911614,2813,402,0.00,0.1547,0.1000
12760482.0,4441.014612,9698.026025,14139.040637,2814,402,0.00,0.1719,0.1125
12760627.0,4441.080483,9698.202792,14139.283275,2815,402,0.00,0.1672,0.1000
12761181.0,4441.329520,9698.841975,14140.171495,2816,402,0.00,0.1500,0.0875
12761193.0,4441.334920,9698.856275,14140.191195,2817,402,0.00,0.1672,0.1000
12761196.0,4441.336311,9698.860075,14140.196386,2818,402,0.00,0.1797,0.1125
12761231.0,4441.352869,9698.907033,14140.259902,2819,402,0.00,0.1969,0.1250
12762035.0,4441.721951,9699.922433,14141.644384,2820,402,0.00,0.1500,0.1000
12762468.0,4441.903616,9700.414875,14142.318491,2821,402,0.00,0.0969,0.0875
12763127.0,4442.172937,9701.200183,14143.373120,2822,402,0.00,0.1016,0.1000
12763127.0,4442.172937,9701.200183,14143.373120,2823,402,0.00,0.1063,0.1125
12763128.0,4442.173353,9701.201525,14143.374878,2824,402,0.00,0.1109,0.1250
12763536.0,4442.342172,9701.730475,14144.072647,2825,402,0.00,0.1188,0.1125
12763538.0,4442.343024,9701.733158,14144.076182,2826,402,0.00,0.1313,0.1250
12763734.0,4442.428045,9702.008350,14144.436395,2827,402,0.00,0.1438,0.1250
12763803.0,4442.458351,9702.104525,14144.562876,2828,402,0.00,0.1563,0.1250
12763815.0,4442.463809,9702.121525,14144.585334,2829,402,0.00,0.1609,0.1375
12763897.0,4442.501159,9702.238742,14144.739901,2830,402,0.00,0.1734,0.1375
12764618.0,4442.835824,9703.297808,14146.133633,2831,402,0.00,0.1734,0.1375
12764760.0,4442.901203,9703.503400,14146.404603,2832,402,0.00,0.1688,0.1375
12764980.0,4442.998953,9703.802992,14146.801945,2833,402,0.00,0.1453,0.1250
12765409.0,4443.190439,9704.410742,14147.601181,2834,402,0.00,0.1641,0.1250
12765714.0,4443.331025,9704.842825,14148.173850,2835,402,0.00,0.1656,0.1375
12765722.0,4443.334722,9704.854758,14148.189480,2836,402,0.00,0.2156,0.1375
12765748.0,4443.347749,9704.893542,14148.241291,2837,402,0.00,0.2203,0.1500
12765960.0,4443.454578,9705.215475,14148.670053,2838,402,0.00,0.2234,0.1500
12766167.0,4443.559551,9705.539775,14149.099326,2839,403,0.00,0.2406,0.1625
12766168.0,4443.560072,9705.541417,14149.101488,2840,404,0.00,0.2578,0.1750
12766375.0,4443.662968,9705.874117,14149.537085,2841,405,0.00,0.2016,0.1625
12766382.0,4443.666399,9705.885608,14149.552007,2842,405,0.00,0.2188,0.1750
12766386.0,4443.668413,9705.892475,14149.560888,2843,405,0.00,0.2359,0.1875
12766495.0,4443.724331,9706.081992,14149.806323,2844,405,0.00,0.2188,0.1750
12767041.0,4443.988680,9706.960117,14150.948797,2845,405,0.00,0.1844,0.1500
12767308.0,4444.113255,9707.363192,14151.476446,2846,405,0.00,0.1922,0.1500
12767571.0,4444.240234,9707.775225,14152.015459,2847,405,0.00,0.2297,0.1625
12767665.0,4444.288360,9707.929542,14152.217902,2848,405,0.00,0.2578,0.1750
12767730.0,4444.320572,9708.041125,14152.361697,2849,406,0.00,0.2250,0.1875
12767779.0,4444.344243,9708.121792,14152.466035,2850,406,0.00,0.1719,0.1625
12767914.0,4444.406805,9708.333442,14152.740247,2851,406,0.00,0.1844,0.1625
12767918.0,4444.408712,9708.340008,14152.748720,2852,406,0.00,0.2016,0.1750
12767922.0,4444.410673,9708.346875,14152.757548,2853,407,0.00,0.2188,0.1875
12767965.0,4444.432278,9708.423617,14152.855895,2854,408,0.00,0.2141,0.1750
12768034.0,4444.465911,9708.537267,14153.003177,2855,408,0.00,0.1688,0.1500
12768679.0,4444.752551,9709.401217,14154.153768,2856,408,0.00,0.1516,0.1125
12768979.0,4444.883343,9709.773642,14154.656984,2857,408,0.00,0.1266,0.1000
12769053.0,4444.915294,9709.867375,14154.782669,2858,408,0.00,0.1453,0.1125
12769332.0,4445.039094,9710.226625,14155.265719,2859,408,0.00,0.1453,0.1125
12769377.0,4445.059180,9710.287000,14155.346180,2860,408,0.00,0.1625,0.1250
12769693.0,4445.199570,9710.707967,14155.907537,2861,408,0.00,0.1438,0.1125
12769779.0,4445.237852,9710.823350,14156.061202,2862,408,0.00,0.1484,0.1250
12770018.0,4445.345112,9711.161933,14156.507045,2863,408,0.00,0.1672,0.1250
12770216.0,4445.436859,9711.442433,14156.879292,2864,408,0.00,0.1953,0.1375
12770272.0,4445.464032,9711.525967,14156.989999,2865,408,0.00,0.2016,0.1500
12770555.0,4445.596819,9711.949908,14157.546728,2866,409,0.00,0.1844,0.1500
12770958.0,4445.788062,9712.563125,14158.351187,2867,409,0.00,0.1859,0.1500
12771007.0,4445.810848,9712.637192,14158.448040,2868,409,0.00,0.1641,0.1250
12771766.0,4446.156534,9713.658817,14159.815350,2869,409,0.00,0.1438,0.1125
12771767.0,4446.156979,9713.660158,14159.817137,2870,409,0.00,0.1563,0.1250
12771919.0,4446.226118,9713.875492,14160.101609,2871,409,0.00,0.1844,0.1375
12772422.0,4446.445014,9714.507825,14160.952839,2872,409,0.00,0.1469,0.1125
12772608.0,4446.525423,9714.735475,14161.260898,2873,409,0.00,0.1391,0.1000
12772610.0,4446.526306,9714.738008,14161.264315,2874,409,0.00,0.1438,0.1125
12772873.0,4446.640731,9715.073617,14161.714348,2875,409,0.00,0.1391,0.1000
12773104.0,4446.742716,9715.366217,14162.108933,2876,409,0.00,0.1438,0.1125
12773293.0,4446.826847,9715.619792,14162.446639,2877,409,0.00,0.1578,0.1250
12773350.0,4446.852844,9715.700542,14162.553385,2878,409,0.00,0.1625,0.1375
12773483.0,4446.913735,9715.893758,14162.807493,2879,409,0.00,0.1625,0.1375
12773623.0,4446.977721,9716.094867,14163.072587,2880,409,0.00,0.1750,0.1375
12773786.0,4447.053660,9716.334033,14163.387694,2881,409,0.00,0.1781,0.1375
12773787.0,4447.054132,9716.335525,14163.389657,2882,409,0.00,0.1953,0.1500
12773792.0,4447.056559,9716.343358,14163.399917,2883,410,0.00,0.2125,0.1625
12773801.0,4447.061046,9716.358133,14163.419179,2884,411,0.00,0.2297,0.1750
12773840.0,4447.080799,9716.425083,14163.505883,2885,412,0.00,0.2344,0.1875
12773929.0,4447.126302,9716.582367,14163.708669,2886,413,0.00,0.2344,0.1875
12774081.0,4447.200760,9716.832725,14164.033485,2887,413,0.00,0.2000,0.1625
12774083.0,4447.201738,9716.836008,14164.037747,2888,414,0.00,0.2172,0.1750
12774112.0,4447.216304,9716.885792,14164.102095,2889,415,0.00,0.2344,0.1875
12774275.0,4447.289750,9717.118358,14164.408108,2890,415,0.00,0.1266,0.1125
12774816.0,4447.520742,9717.824175,14165.344917,2891,415,0.00,0.1391,0.1125
12775123.0,4447.655969,9718.234867,14165.890836,2892,415,0.00,0.1391,0.1125
12775740.0,4447.906758,9718.998625,14166.905383,2893,415,0.00,0.0813,0.1000
12776091.0,4448.044984,9719.423575,14167.468559,2894,415,0.00,0.0813,0.1000
12776250.0,4448.108032,9719.624975,14167.733007,2895,415,0.00,0.0953,0.1125
12776669.0,4448.277852,9720.168458,14168.446310,2896,415,0.00,0.1078,0.1125
12776671.0,4448.278686,9720.171142,14168.449828,2897,415,0.00,0.1359,0.1250
12776690.0,4448.287028,9720.198058,14168.485087,2898,415,0.00,0.1406,0.1375
12776823.0,4448.345909,9720.396450,14168.742359,2899,415,0.00,0.1578,0.1500
12776835.0,4448.351382,9720.415250,14168.766632,2900,415,0.00,0.1625,0.1625
12777190.0,4448.508302,9720.926042,14169.434344,2901,415,0.00,0.1406,0.1375
12777510.0,4448.647690,9721.383125,14170.030815,2902,415,0.00,0.1203,0.1125
12777558.0,4448.667996,9721.446250,14170.114246,2903,415,0.00,0.1109,0.1125
12777769.0,4448.756193,9721.722292,14170.478485,2904,415,0.00,0.1234,0.1125
12777777.0,4448.759628,9721.733025,14170.492653,2905,415,0.00,0.1281,0.1250
12777824.0,4448.779978,9721.799608,14170.579586,2906,415,0.00,0.1453,0.1375
12778137.0,4448.915284,9722.231925,14171.147209,2907,415,0.00,0.1281,0.1250
12778303.0,4448.986726,9722.458167,14171.444892,2908,415,0.00,0.1281,0.1250
12778362.0,4449.012272,9722.541750,14171.554022,2909,415,0.00,0.1328,0.1375
12778412.0,4449.034049,9722.615208,14171.649257,2910,415,0.00,0.1453,0.1375
12778466.0,4449.058152,9722.695758,14171.753910,2911,415,0.00,0.1500,0.1500
12778720.0,4449.168804,9723.059642,14172.228445,2912,415,0.00,0.1281,0.1250
12779479.0,4449.487639,9724.048267,14173.535906,2913,415,0.00,0.1250,0.1000
12779544.0,4449.515625,9724.130600,14173.646225,2914,415,0.00,0.1500,0.1250
12779593.0,4449.537675,9724.200017,14173.737692,2915,415,0.00,0.1672,0.1375
12779606.0,4449.543699,9724.219408,14173.763107,2916,415,0.00,0.1719,0.1500
12779768.0,4449.617722,9724.460608,14174.078330,2917,416,0.00,0.1641,0.1375
12780526.0,4449.947001,9725.485467,14175.432467,2918,416,0.00,0.0938,0.1000
12780597.0,4449.975844,9725.575400,14175.551244,2919,416,0.00,0.1109,0.1125
12780706.0,4450.021514,9725.720217,14175.741730,2920,416,0.00,0.1109,0.1125
12780965.0,4450.126594,9726.041233,14176.167827,2921,416,0.00,0.1063,0.1000
12781038.0,4450.156960,9726.133700,14176.290660,2922,416,0.00,0.1109,0.1125
12781242.0,4450.242562,9726.407400,14176.649962,2923,416,0.00,0.1234,0.1250
12781461.0,4450.333693,9726.701300,14177.034993,2924,416,0.00,0.1063,0.1125
12781794.0,4450.471555,9727.134575,14177.606130,2925,416,0.00,0.1141,0.1125
12781826.0,4450.485061,9727.177508,14177.662569,2926,416,0.00,0.1188,0.1250
12781958.0,4450.541026,9727.359858,14177.900885,2927,416,0.00,0.1313,0.1250
12782008.0,4450.562719,9727.430092,14177.992811,2928,416,0.00,0.1234,0.1250
12782550.0,4450.793613,9728.160725,14178.954338,2929,416,0.00,0.1469,0.1250
12782868.0,4450.935940,9728.611225,14179.547165,2930,416,0.00,0.1641,0.1375
12782927.0,4450.963136,9728.699233,14179.662369,2931,416,0.00,0.1813,0.1500
12783406.0,4451.178026,9729.388617,14180.566643,2932,416,0.00,0.1359,0.1250
12783712.0,4451.312379,9729.822117,14181.134496,2933,416,0.00,0.1406,0.1375
12783808.0,4451.354879,9729.965317,14181.320196,2934,416,0.00,0.1578,0.1500
12784066.0,4451.471843,9730.355042,14181.826885,2935,416,0.00,0.1578,0.1500
12784361.0,4451.600336,9730.777158,14182.377494,2936,416,0.00,0.0906,0.1000
12784501.0,4451.656871,9730.954492,14182.611362,2937,416,0.00,0.0953,0.1125
12784713.0,4451.742608,9731.225650,14182.968258,2938,416,0.00,0.1078,0.1125
12784783.0,4451.771811,9731.319567,14183.091378,2939,416,0.00,0.1125,0.1250
12784847.0,4451.798744,9731.410233,14183.208978,2940,416,0.00,0.1172,0.1375
12785187.0,4451.941481,9731.884775,14183.826256,2941,416,0.00,0.1250,0.1250
12785192.0,4451.943634,9731.891858,14183.835493,2942,416,0.00,0.1422,0.1375
12785276.0,4451.980790,9732.016408,14183.997198,2943,416,0.00,0.1422,0.1375
12785374.0,4452.023452,9732.157867,14184.181319,2944,416,0.00,0.1313,0.1375
12785377.0,4452.024759,9732.162342,14184.187100,2945,416,0.00,0.1484,0.1500
12785425.0,4452.046060,9732.236192,14184.282251,2946,416,0.00,0.1594,0.1500
12785576.0,4452.115111,9732.472758,14184.587869,2947,416,0.00,0.1641,0.1625
12785635.0,4452.142306,9732.569617,14184.711923,2948,416,0.00,0.1766,0.1750
12785902.0,4452.260908,9732.989267,14185.250174,2949,416,0.00,0.1313,0.1500
12785913.0,4452.265697,9733.006500,14185.272197,2950,416,0.00,0.1313,0.1500
12785918.0,4452.267874,9733.014333,14185.282208,2951,416,0.00,0.1484,0.1625
12785926.0,4452.271465,9733.027467,14185.298931,2952,416,0.00,0.1531,0.1750
12785960.0,4452.286782,9733.084483,14185.371265,2953,416,0.00,0.1531,0.1750
12785961.0,4452.287234,9733.086200,14185.373434,2954,416,0.00,0.1656,0.1875
12786353.0,4452.461018,9733.710083,14186.171101,2955,417,0.00,0.1594,0.1500
12786844.0,4452.676418,9734.444892,14187.121309,2956,417,0.00,0.1266,0.1375
12786902.0,4452.701460,9734.531408,14187.232869,2957,417,0.00,0.1313,0.1500
12786955.0,4452.724537,9734.614442,14187.338979,2958,417,0.00,0.1484,0.1625
12787507.0,4452.962505,9735.457267,14188.419772,2959,417,0.00,0.1156,0.1375
12787667.0,4453.030228,9735.695933,14188.726161,2960,417,0.00,0.1297,0.1500
12787813.0,4453.092954,9735.920092,14189.013045,2961,417,0.00,0.1203,0.1500
12787897.0,4453.128603,9736.047342,14189.175944,2962,417,0.00,0.1203,0.1500
12788031.0,4453.185550,9736.251950,14189.437500,2963,417,0.00,0.1172,0.1375
12788080.0,4453.206196,9736.323992,14189.530188,2964,417,0.00,0.1203,0.1375
12788080.0,4453.206196,9736.323992,14189.530188,2965,417,0.00,0.1344,0.1500
12788157.0,4453.239910,9736.444625,14189.684535,2966,417,0.00,0.1391,0.1625
12788548.0,4453.400616,9736.979267,14190.379883,2967,417,0.00,0.1031,0.1250
12788577.0,4453.412609,9737.020350,14190.432959,2968,417,0.00,0.1078,0.1375
12788598.0,4453.421370,9737.051675,14190.473045,2969,417,0.00,0.1250,0.1500
12788687.0,4453.459459,9737.186383,14190.645843,2970,417,0.00,0.1375,0.1500
12788697.0,4453.463862,9737.202050,14190.665912,2971,417,0.00,0.1547,0.1625
12788759.0,4453.491988,9737.303833,14190.795822,2972,417,0.00,0.1594,0.1750
12789137.0,4453.652198,9737.873983,14191.526182,2973,418,0.00,0.1313,0.1375
12789177.0,4453.669615,9737.933650,14191.603265,2974,418,0.00,0.1484,0.1500
12789272.0,4453.710828,9738.077608,14191.788436,2975,418,0.00,0.1078,0.1375
12789473.0,4453.794132,9738.366108,14192.160240,2976,418,0.00,0.1172,0.1375
12789516.0,4453.812384,9738.430250,14192.242634,2977,418,0.00,0.1250,0.1375
12789561.0,4453.831759,9738.497375,14192.329134,2978,418,0.00,0.1422,0.1500
12789684.0,4453.886362,9738.690075,14192.576437,2979,418,0.00,0.1563,0.1625
12790216.0,4454.114338,9739.471492,14193.585830,2980,418,0.00,0.1156,0.1375
12790302.0,4454.150681,9739.598575,14193.749256,2981,418,0.00,0.1234,0.1375
12790364.0,4454.177300,9739.691058,14193.868358,2982,418,0.00,0.1281,0.1500
12790778.0,4454.349142,9740.266983,14194.616125,2983,418,0.00,0.1016,0.1250
12790861.0,4454.383365,9740.384567,14194.767931,2984,418,0.00,0.1063,0.1375
12790868.0,4454.386277,9740.395008,14194.781285,2985,418,0.00,0.1109,0.1500
12790943.0,4454.417719,9740.511908,14194.929627,2986,418,0.00,0.1344,0.1500
12791053.0,4454.465492,9740.679592,14195.145084,2987,418,0.00,0.1063,0.1375
12791442.0,4454.625705,9741.226925,14195.852630,2988,418,0.00,0.1109,0.1250
12791468.0,4454.636615,9741.263758,14195.900373,2989,418,0.00,0.1156,0.1375
12791932.0,4454.827974,9741.915317,14196.743291,2990,418,0.00,0.1016,0.1250
12791937.0,4454.830036,9741.922400,14196.752436,2991,418,0.00,0.1156,0.1375
12791939.0,4454.830882,9741.925383,14196.756266,2992,418,0.00,0.1375,0.1500
12792815.0,4455.190459,9743.109908,14198.300367,2993,418,0.00,0.1141,0.1250
12792844.0,4455.202698,9743.150992,14198.353690,2994,418,0.00,0.1188,0.1375
12792900.0,4455.226537,9743.234525,14198.461062,2995,418,0.00,0.1359,0.1500
12792904.0,4455.228294,9743.240792,14198.469085,2996,418,0.00,0.1531,0.1625
12792976.0,4455.260200,9743.355242,14198.615442,2997,418,0.00,0.1531,0.1625
12793183.0,4455.349816,9743.672417,14199.022233,2998,418,0.00,0.1234,0.1500
12793415.0,4455.447848,9744.003483,14199.451331,2999,418,0.00,0.1188,0.1375
12793533.0,4455.497560,9744.172600,14199.670160,3000,418,0.00,0.1172,0.1250
12793704.0,4455.567642,9744.385900,14199.953542,3001,418,0.00,0.0938,0.1000
12793744.0,4455.583892,9744.436567,14200.020459,3002,418,0.00,0.0984,0.1125
12793976.0,4455.678080,9744.729158,14200.407239,3003,418,0.00,0.0938,0.1000
12793983.0,4455.680924,9744.738025,14200.418949,3004,418,0.00,0.0984,0.1125
12794058.0,4455.711666,9744.838650,14200.550316,3005,418,0.00,0.1156,0.1250
12798185.0,4457.429350,9750.086058,14207.515408,3006,418,0.00,0.1078,0.1125
12798397.0,4457.517592,9750.358042,14207.875634,3007,418,0.00,0.1234,0.1125
12798459.0,4457.544211,9750.441225,14207.985436,3008,418,0.00,0.1281,0.1250
12798481.0,4457.553737,9750.472392,14208.026128,3009,418,0.00,0.1453,0.1375
12798640.0,4457.624707,9750.709567,14208.334274,3010,418,0.00,0.1469,0.1500
12798887.0,4457.735257,9751.096533,14208.831790,3011,418,0.00,0.1641,0.1625
12799060.0,4457.813436,9751.365242,14209.178678,3012,418,0.00,0.1578,0.1375
12799101.0,4457.832135,9751.426400,14209.258535,3013,418,0.00,0.1625,0.1500
12799187.0,4457.871496,9751.557533,14209.429030,3014,418,0.00,0.1625,0.1500
12799372.0,4457.955969,9751.835517,14209.791485,3015,418,0.00,0.1625,0.1500
12799404.0,4457.970680,9751.885650,14209.856330,3016,418,0.00,0.1672,0.1625
12799447.0,4457.990605,9751.956242,14209.946846,3017,419,0.00,0.1844,0.1750
12799684.0,4458.102844,9752.347717,14210.450560,3018,419,0.00,0.1844,0.1750
12799684.0,4458.102844,9752.347717,14210.450560,3019,420,0.00,0.2016,0.1875
12799730.0,4458.125389,9752.430133,14210.555522,3020,420,0.00,0.2063,0.2000
12799737.0,4458.128845,9752.443200,14210.572045,3021,420,0.00,0.2109,0.2125
12799943.0,4458.230218,9752.820758,14211.050977,3022,420,0.00,0.2063,0.2000
12799970.0,4458.243549,9752.871158,14211.114708,3023,420,0.00,0.2109,0.2125
12800410.0,4458.458269,9753.640442,14212.098711,3024,420,0.00,0.1969,0.1750
12800682.0,4458.590291,9754.101300,14212.691591,3025,420,0.00,0.1969,0.1750
12801448.0,4458.944928,9755.251867,14214.196795,3026,421,0.00,0.1516,0.1250
12801624.0,4459.024342,9755.501200,14214.525542,3027,421,0.00,0.1891,0.1375
12801676.0,4459.048760,9755.575617,14214.624377,3028,421,0.00,0.1891,0.1375
12801732.0,4459.075662,9755.659150,14214.734812,3029,421,0.00,0.2063,0.1500
12801795.0,4459.106768,9755.757850,14214.864618,3030,421,0.00,0.2109,0.1625
12801886.0,4459.151805,9755.902592,14215.054397,3031,421,0.00,0.2109,0.1625
12802116.0,4459.256100,9756.223475,14215.479575,3032,421,0.00,0.1422,0.1125
12802171.0,4459.280515,9756.297267,14215.577782,3033,421,0.00,0.1594,0.1250
12802242.0,4459.312983,9756.397850,14215.710833,3034,421,0.00,0.1844,0.1375
12802410.0,4459.393075,9756.648450,14216.041525,3035,421,0.00,0.1891,0.1500
12802809.0,4459.582830,9757.234100,14216.816930,3036,421,0.00,0.1969,0.1375
12802810.0,4459.583316,9757.235592,14216.818908,3037,421,0.00,0.2141,0.1500
12803119.0,4459.737762,9757.719692,14217.457454,3038,421,0.00,0.2188,0.1625
12803142.0,4459.749317,9757.756925,14217.506242,3039,421,0.00,0.2188,0.1625
12803440.0,4459.898549,9758.229642,14218.128191,3040,421,0.00,0.2188,0.1625
12803451.0,4459.904088,9758.247700,14218.151787,3041,421,0.00,0.2234,0.1750
12803612.0,4459.982714,9758.496558,14218.479272,3042,421,0.00,0.1844,0.1375
12804016.0,4460.175315,9759.099192,14219.274507,3043,421,0.00,0.2016,0.1500
12804056.0,4460.194919,9759.161858,14219.356777,3044,421,0.00,0.2188,0.1625
12804109.0,4460.221254,9759.245492,14219.466746,3045,421,0.00,0.2016,0.1500
12804134.0,4460.233226,9759.283083,14219.516310,3046,421,0.00,0.2016,0.1500
12804223.0,4460.276698,9759.421692,14219.698390,3047,421,0.00,0.1891,0.1500
12804627.0,4460.469675,9760.032050,14220.501725,3048,421,0.00,0.2219,0.1500
12804873.0,4460.592027,9760.409350,14221.001377,3049,422,0.00,0.2156,0.1500
12805064.0,4460.687726,9760.708583,14221.396310,3050,422,0.00,0.2328,0.1625
12805177.0,4460.744972,9760.889142,14221.634114,3051,423,0.00,0.2328,0.1625
12805603.0,4460.958865,9761.555567,14222.514431,3052,423,0.00,0.2156,0.1500
12805606.0,4460.960368,9761.560267,14222.520634,3053,423,0.00,0.2328,0.1625
12805611.0,4460.962940,9761.568475,14222.531415,3054,423,0.00,0.2375,0.1750
12805889.0,4461.099472,9761.990808,14223.090280,3055,424,0.00,0.2141,0.1500
12806004.0,4461.156824,9762.168350,14223.325174,3056,424,0.00,0.2266,0.1500
12806005.0,4461.157334,9762.169917,14223.327251,3057,425,0.00,0.2438,0.1625
12806045.0,4461.178251,9762.235583,14223.413834,3058,425,0.00,0.2484,0.1750
12807127.0,4461.704059,9763.798267,14225.502326,3059,426,0.00,0.2094,0.1375
12807129.0,4461.705051,9763.801250,14225.506301,3060,426,0.00,0.2141,0.1500
12807839.0,4462.039442,9764.831833,14226.871275,3061,426,0.00,0.1891,0.1375
12807914.0,4462.075471,9764.943708,14227.019179,3062,426,0.00,0.2063,0.1500
12808093.0,4462.163852,9765.224142,14227.387994,3063,426,0.00,0.2109,0.1625
12808099.0,4462.166836,9765.233992,14227.400828,3064,426,0.00,0.2281,0.1750
12808103.0,4462.168879,9765.240858,14227.409738,3065,426,0.00,0.2328,0.1875
12808116.0,4462.175567,9765.264150,14227.439717,3066,426,0.00,0.2375,0.2000
12808404.0,4462.318893,9765.731925,14228.050818,3067,426,0.00,0.2109,0.1625
12809267.0,4462.748146,9767.148683,14229.896829,3068,426,0.00,0.2484,0.1750
12809564.0,4462.903679,9767.653733,14230.557413,3069,427,0.00,0.2484,0.1750
12809566.0,4462.904732,9767.657167,14230.561899,3070,427,0.00,0.2656,0.1875
12809677.0,4462.964665,9767.856042,14230.820706,3071,427,0.00,0.2656,0.1875
12810120.0,4463.200017,9768.628225,14231.828242,3072,427,0.00,0.2359,0.1750
12810405.0,4463.345165,9769.105400,14232.450565,3073,427,0.00,0.2359,0.1750
12810708.0,4463.495671,9769.591350,14233.087021,3074,427,0.00,0.2188,0.1625
12810926.0,4463.603303,9769.937308,14233.540611,3075,427,0.00,0.2063,0.1625
12810995.0,4463.637197,9770.046983,14233.684180,3076,427,0.00,0.2188,0.1625
12810998.0,4463.638707,9770.051908,14233.690615,3077,427,0.00,0.2359,0.1750
12811243.0,4463.759999,9770.429367,14234.189366,3078,427,0.00,0.2016,0.1500
12811487.0,4463.876737,9770.795658,14234.672395,3079,427,0.00,0.2016,0.1500
12811529.0,4463.897252,9770.860033,14234.757285,3080,427,0.00,0.2016,0.1500
12811533.0,4463.899213,9770.866300,14234.765513,3081,427,0.00,0.2188,0.1625
12811565.0,4463.915324,9770.918833,14234.834157,3082,427,0.00,0.2359,0.1750
12812012.0,4464.136833,9771.629783,14235.766616,3083,428,0.00,0.1969,0.1375
12812042.0,4464.151427,9771.674533,14235.825960,3084,428,0.00,0.2141,0.1500
12812264.0,4464.261479,9772.017233,14236.278713,3085,428,0.00,0.2141,0.1500
12812357.0,4464.307963,9772.162933,14236.470897,3086,428,0.00,0.2313,0.1625
12812421.0,4464.340808,9772.268000,14236.608808,3087,429,0.00,0.2484,0.1750
12812517.0,4464.391358,9772.432800,14236.824158,3088,430,0.00,0.2656,0.1875
12812552.0,4464.410255,9772.495508,14236.905764,3089,431,0.00,0.2828,0.2000
12812560.0,4464.414682,9772.510442,14236.925123,3090,431,0.00,0.2875,0.2125
12812914.0,4464.594849,9773.110267,14237.705116,3091,432,0.00,0.1813,0.1500
12813013.0,4464.641805,9773.265367,14237.907172,3092,432,0.00,0.1984,0.1625
12813042.0,4464.655948,9773.312975,14237.968923,3093,432,0.00,0.2156,0.1750
12813043.0,4464.656449,9773.314692,14237.971141,3094,432,0.00,0.2328,0.1875
12813044.0,4464.656963,9773.316483,14237.973447,3095,433,0.00,0.2500,0.2000
12813074.0,4464.672770,9773.372333,14238.045103,3096,434,0.00,0.2500,0.2000
12813369.0,4464.816553,9773.856175,14238.672728,3097,434,0.00,0.1813,0.1500
12813374.0,4464.818925,9773.864008,14238.682933,3098,434,0.00,0.1984,0.1625
12813404.0,4464.833555,9773.913258,14238.746814,3099,434,0.00,0.2156,0.1750
12813468.0,4464.865622,9774.023125,14238.888747,3100,435,0.00,0.2328,0.1875
12813534.0,4464.899573,9774.141375,14239.040948,3101,436,0.00,0.2500,0.2000
12813534.0,4464.899573,9774.141375,14239.040948,3102,436,0.00,0.2547,0.2125
12813570.0,4464.918704,9774.211275,14239.129979,3103,437,0.00,0.2719,0.2250
12813599.0,4464.934503,9774.269758,14239.204261,3104,438,0.00,0.2891,0.2375
12813945.0,4465.095637,9774.803575,14239.899212,3105,439,0.00,0.1438,0.1375
12814120.0,4465.171130,9775.051117,14240.222246,3106,439,0.00,0.1266,0.1250
12814258.0,4465.228936,9775.236642,14240.465578,3107,439,0.00,0.1047,0.1000
12814535.0,4465.340642,9775.569658,14240.910301,3108,439,0.00,0.1063,0.1000
12814546.0,4465.345218,9775.583592,14240.928810,3109,439,0.00,0.1234,0.1125
12814641.0,4465.385746,9775.705725,14241.091471,3110,439,0.00,0.1313,0.1125
12814675.0,4465.400551,9775.751342,14241.151892,3111,439,0.00,0.1484,0.1250
12814678.0,4465.401897,9775.755592,14241.157489,3112,439,0.00,0.1531,0.1375
12814705.0,4465.414015,9775.795117,14241.209132,3113,439,0.00,0.1578,0.1375
12814707.0,4465.414927,9775.798100,14241.213027,3114,439,0.00,0.1750,0.1500
12815155.0,4465.605938,9776.375317,14241.981254,3115,440,0.00,0.1188,0.1000
12815217.0,4465.632331,9776.453850,14242.086181,3116,440,0.00,0.1359,0.1125
12815671.0,4465.820356,9776.999517,14242.819872,3117,440,0.00,0.1078,0.1000
12815793.0,4465.871252,9777.154050,14243.025302,3118,440,0.00,0.1266,0.1125
12816034.0,4465.973861,9777.477392,14243.451252,3119,440,0.00,0.1313,0.1250
12816066.0,4465.987794,9777.522725,14243.510519,3120,440,0.00,0.1484,0.1375
12816094.0,4466.000360,9777.564492,14243.564852,3121,440,0.00,0.1656,0.1500
12816137.0,4466.020232,9777.631858,14243.652091,3122,440,0.00,0.1828,0.1625
12816140.0,4466.021659,9777.636783,14243.658442,3123,441,0.00,0.2000,0.1750
12816174.0,4466.038281,9777.695150,14243.733431,3124,442,0.00,0.2172,0.1875
12816612.0,4466.238432,9778.368600,14244.607032,3125,443,0.00,0.1484,0.1375
12816640.0,4466.250998,9778.410367,14244.661364,3126,443,0.00,0.1656,0.1500
12816642.0,4466.251922,9778.413500,14244.665422,3127,443,0.00,0.1828,0.1625
12816705.0,4466.281880,9778.516925,14244.798805,3128,443,0.00,0.2000,0.1750
12816768.0,4466.312023,9778.621700,14244.933723,3129,443,0.00,0.1984,0.1750
12816772.0,4466.313961,9778.628492,14244.942452,3130,443,0.00,0.1984,0.1750
12817086.0,4466.453301,9779.080900,14245.534201,3131,444,0.00,0.1234,0.1125
12817183.0,4466.494947,9779.211042,14245.705988,3132,444,0.00,0.1406,0.1250
12817186.0,4466.496275,9779.215292,14245.711566,3133,444,0.00,0.1578,0.1375
12817556.0,4466.650960,9779.688308,14246.339268,3134,444,0.00,0.1016,0.1000
12817576.0,4466.659206,9779.713642,14246.372848,3135,444,0.00,0.1188,0.1125
12817577.0,4466.659632,9779.714983,14246.374615,3136,444,0.00,0.1359,0.1250
12817940.0,4466.816351,9780.214308,14247.030660,3137,444,0.00,0.1188,0.1125
12818051.0,4466.863603,9780.363233,14247.226837,3138,444,0.00,0.1359,0.1250
12818134.0,4466.900046,9780.480817,14247.380862,3139,444,0.00,0.1531,0.1375
12818193.0,4466.926739,9780.568825,14247.495564,3140,444,0.00,0.1703,0.1500
12818225.0,4466.941645,9780.618958,14247.560603,3141,445,0.00,0.1875,0.1625
12818261.0,4466.958895,9780.678058,14247.636953,3142,446,0.00,0.2047,0.1750
12818604.0,4467.116966,9781.205900,14248.322866,3143,447,0.00,0.1359,0.1250
12818663.0,4467.142870,9781.289483,14248.432354,3144,447,0.00,0.1531,0.1375
12818723.0,4467.169361,9781.375308,14248.544670,3145,447,0.00,0.1531,0.1375
12819100.0,4467.334059,9781.904742,14249.238801,3146,447,0.00,0.1359,0.1250
12819196.0,4467.376209,9782.040742,14249.416951,3147,447,0.00,0.1531,0.1375
12819580.0,4467.542005,9782.568467,14250.110472,3148,447,0.00,0.1313,0.1125
12819608.0,4467.554197,9782.606033,14250.160230,3149,447,0.00,0.1484,0.1250
12819644.0,4467.570353,9782.657033,14250.227387,3150,447,0.00,0.1656,0.1375
12819711.0,4467.601318,9782.756975,14250.358293,3151,448,0.00,0.1828,0.1500
12819712.0,4467.601793,9782.758542,14250.360335,3152,449,0.00,0.2000,0.1625
12820268.0,4467.856402,9783.572158,14251.428560,3153,450,0.00,0.1359,0.1125
12820318.0,4467.878355,9783.639242,14251.517597,3154,450,0.00,0.1531,0.1250
12820671.0,4468.028104,9784.083450,14252.111554,3155,450,0.00,0.1188,0.1000
12820772.0,4468.071099,9784.211383,14252.282482,3156,450,0.00,0.1359,0.1125
12820777.0,4468.073294,9784.218092,14252.291386,3157,450,0.00,0.1406,0.1250
12820796.0,4468.081706,9784.245008,14252.326714,3158,450,0.00,0.1906,0.1250
12820806.0,4468.086522,9784.259175,14252.345697,3159,450,0.00,0.2078,0.1375
12820843.0,4468.104836,9784.314367,14252.419202,3160,451,0.00,0.2250,0.1500
12821206.0,4468.276019,9784.808217,14253.084236,3161,452,0.00,0.1734,0.1125
12821275.0,4468.308300,9784.900642,14253.208942,3162,452,0.00,0.1734,0.1125
12821458.0,4468.393986,9785.146167,14253.540153,3163,452,0.00,0.1906,0.1250
12821718.0,4468.519202,9785.514500,14254.033702,3164,452,0.00,0.1969,0.1375
12821731.0,4468.525526,9785.533892,14254.059417,3165,453,0.00,0.2141,0.1500
12821773.0,4468.546518,9785.599692,14254.146210,3166,454,0.00,0.2313,0.1625
12821876.0,4468.599319,9785.767583,14254.366902,3167,455,0.00,0.2438,0.1625
12822197.0,4468.762349,9786.267483,14255.029833,3168,456,0.00,0.2266,0.1500
12822302.0,4468.815852,9786.431983,14255.247835,3169,457,0.00,0.2438,0.1625
12822612.0,4468.967262,9786.880900,14255.848162,3170,458,0.00,0.2094,0.1375
12822678.0,4469.000010,9786.979350,14255.979360,3171,458,0.00,0.2266,0.1500
12822850.0,4469.080336,9787.231117,14256.311453,3172,458,0.00,0.1797,0.1375
12822956.0,4469.129006,9787.380083,14256.509089,3173,458,0.00,0.1625,0.1250
12822956.0,4469.129006,9787.380083,14256.509089,3174,458,0.00,0.1688,0.1375
12822999.0,4469.148983,9787.444225,14256.593208,3175,458,0.00,0.1859,0.1500
12823087.0,4469.191043,9787.582092,14256.773134,3176,458,0.00,0.2031,0.1625
12823425.0,4469.347270,9788.081775,14257.429045,3177,458,0.00,0.1563,0.1375
12823439.0,4469.353638,9788.102658,14257.456296,3178,458,0.00,0.1609,0.1375
12823440.0,4469.354096,9788.104150,14257.458246,3179,458,0.00,0.1703,0.1500
12823469.0,4469.367604,9788.149583,14257.517188,3180,458,0.00,0.1875,0.1625
12823481.0,4469.373354,9788.169283,14257.542638,3181,458,0.00,0.1922,0.1750
12823538.0,4469.400732,9788.264208,14257.664941,3182,458,0.00,0.2047,0.1750
12823573.0,4469.417971,9788.324292,14257.742263,3183,459,0.00,0.2219,0.1875
12823867.0,4469.561413,9788.821342,14258.382755,3184,460,0.00,0.2047,0.1750
12823895.0,4469.575204,9788.869408,14258.444612,3185,460,0.00,0.2219,0.1875
12823896.0,4469.575710,9788.871200,14258.446910,3186,460,0.00,0.2391,0.2000
12823979.0,4469.618569,9789.024783,14258.643352,3187,461,0.00,0.2391,0.2000
12824008.0,4469.633627,9789.078917,14258.712544,3188,462,0.00,0.2563,0.2125
12824010.0,4469.634693,9789.082800,14258.717493,3189,463,0.00,0.2734,0.2250
12824041.0,4469.651619,9789.145317,14258.796936,3190,464,0.00,0.2906,0.2375
12824042.0,4469.652178,9789.147408,14258.799587,3191,465,0.00,0.3078,0.2500
12824042.0,4469.652178,9789.147408,14258.799587,3192,466,0.00,0.3250,0.2625
12824070.0,4469.668589,9789.210175,14258.878764,3193,467,0.00,0.3422,0.2750
12824103.0,4469.688332,9789.286400,14258.974732,3194,468,0.00,0.3422,0.2750
12824105.0,4469.689531,9789.291033,14258.980564,3195,469,0.00,0.3422,0.2750
12824543.0,4469.919619,9790.123483,14260.043102,3196,470,0.00,0.2219,0.1875
12824576.0,4469.936313,9790.182608,14260.118922,3197,470,0.00,0.2391,0.2000
12824980.0,4470.129068,9790.841192,14260.970260,3198,470,0.00,0.1875,0.1625
12825395.0,4470.323203,9791.496008,14261.819211,3199,470,0.00,0.1891,0.1625
12825407.0,4470.328968,9791.515708,14261.844676,3200,470,0.00,0.2063,0.1750
12825408.0,4470.329461,9791.517425,14261.846886,3201,470,0.00,0.2234,0.1875
12825469.0,4470.360396,9791.626717,14261.987112,3202,471,0.00,0.2406,0.2000
12825502.0,4470.377572,9791.688317,14262.065888,3203,472,0.00,0.2578,0.2125
12825502.0,4470.377572,9791.688317,14262.065888,3204,473,0.00,0.2750,0.2250
12825533.0,4470.394536,9791.750833,14262.145369,3205,474,0.00,0.2922,0.2375
12825534.0,4470.395096,9791.752925,14262.148021,3206,475,0.00,0.3094,0.2500
12825534.0,4470.395096,9791.752925,14262.148021,3207,476,0.00,0.3266,0.2625
12825565.0,4470.413156,9791.821592,14262.234748,3208,477,0.00,0.3266,0.2625
12825840.0,4470.561356,9792.363350,14262.924706,3209,478,0.00,0.2578,0.2125
12825993.0,4470.641031,9792.649175,14263.290206,3210,478,0.00,0.2578,0.2125
12826021.0,4470.655979,9792.703542,14263.359520,3211,479,0.00,0.2750,0.2250
12826024.0,4470.657620,9792.709592,14263.367212,3212,480,0.00,0.2922,0.2375
12826024.0,4470.657620,9792.709592,14263.367212,3213,481,0.00,0.3094,0.2500
12826218.0,4470.760319,9793.081400,14263.841719,3214,482,0.00,0.2406,0.2000
12826367.0,4470.837872,9793.359533,14264.197405,3215,482,0.00,0.2578,0.2125
12826395.0,4470.852739,9793.413450,14264.266189,3216,482,0.00,0.2578,0.2125
12826453.0,4470.882380,9793.518642,14264.401021,3217,483,0.00,0.2234,0.1875
12826453.0,4470.882380,9793.518642,14264.401021,3218,483,0.00,0.2406,0.2000
12826488.0,4470.900597,9793.583975,14264.484572,3219,484,0.00,0.2578,0.2125
12826489.0,4470.901130,9793.585917,14264.487047,3220,485,0.00,0.2750,0.2250
12826742.0,4471.031343,9794.049933,14265.081276,3221,486,0.00,0.2406,0.2000
12826770.0,4471.045916,9794.102200,14265.148116,3222,486,0.00,0.2578,0.2125
12826803.0,4471.063534,9794.166275,14265.229809,3223,486,0.00,0.2625,0.2250
12826826.0,4471.075852,9794.211758,14265.287611,3224,487,0.00,0.2750,0.2250
12826972.0,4471.154063,9794.496742,14265.650804,3225,487,0.00,0.2625,0.2250
12827096.0,4471.215579,9794.712608,14265.928188,3226,488,0.00,0.2063,0.1750
12827321.0,4471.323705,9795.082208,14266.405914,3227,488,0.00,0.1938,0.1750
12827385.0,4471.354493,9795.188175,14266.542668,3228,488,0.00,0.2063,0.1750
12827418.0,4471.370787,9795.244825,14266.615612,3229,488,0.00,0.2234,0.1875
12827445.0,4471.384479,9795.293200,14266.677679,3230,489,0.00,0.2406,0.2000
12827448.0,4471.386041,9795.298800,14266.684841,3231,490,0.00,0.2578,0.2125
12827448.0,4471.386041,9795.298800,14266.684841,3232,491,0.00,0.2750,0.2250
12827842.0,4471.592315,9796.041017,14267.633332,3233,492,0.00,0.2234,0.1875
12828000.0,4471.672440,9796.324100,14267.996540,3234,492,0.00,0.2406,0.2000
12828317.0,4471.827542,9796.860333,14268.687875,3235,493,0.00,0.2063,0.1750
12828345.0,4471.841367,9796.908400,14268.749767,3236,493,0.00,0.2234,0.1875
12828409.0,4471.873822,9797.023067,14268.896889,3237,493,0.00,0.2406,0.2000
12828441.0,4471.890478,9797.082800,14268.973278,3238,494,0.00,0.2578,0.2125
12828721.0,4472.032792,9797.586267,14269.619059,3239,495,0.00,0.2234,0.1875
12828930.0,4472.138245,9797.957725,14270.095970,3240,495,0.00,0.2234,0.1875
12828945.0,4472.145852,9797.984600,14270.130452,3241,495,0.00,0.2281,0.2000
12828985.0,4472.166282,9798.059267,14270.225549,3242,496,0.00,0.2453,0.2125
12829600.0,4472.454831,9799.100767,14271.555598,3243,497,0.00,0.1734,0.1750
12830185.0,4472.724895,9800.083417,14272.808312,3244,497,0.00,0.1734,0.1750
12830303.0,4472.780146,9800.285983,14273.066130,3245,497,0.00,0.1906,0.1875
12830304.0,4472.780628,9800.287775,14273.068403,3246,498,0.00,0.2078,0.2000
12830304.0,4472.780628,9800.287775,14273.068403,3247,499,0.00,0.2250,0.2125
12830304.0,4472.780628,9800.287775,14273.068403,3248,500,0.00,0.2422,0.2250
12830305.0,4472.781150,9800.289792,14273.070941,3249,501,0.00,0.2594,0.2375
12830305.0,4472.781150,9800.289792,14273.070941,3250,502,0.00,0.2766,0.2500
12830365.0,4472.814056,9800.419792,14273.233848,3251,503,0.00,0.2938,0.2625
12830398.0,4472.832502,9800.493242,14273.325744,3252,504,0.00,0.2766,0.2500
12830399.0,4472.833050,9800.495408,14273.328459,3253,504,0.00,0.2938,0.2625
12830401.0,4472.834174,9800.499892,14273.334066,3254,505,0.00,0.3109,0.2750
12830713.0,4472.990463,9801.093392,14274.083854,3255,506,0.00,0.1719,0.1750
12831438.0,4473.311830,9802.241375,14275.553205,3256,506,0.00,0.1375,0.1500
12831439.0,4473.312270,9802.242942,14275.555211,3257,506,0.00,0.1547,0.1625
12831794.0,4473.469237,9802.802858,14276.272095,3258,506,0.00,0.1375,0.1500
12831795.0,4473.469677,9802.804425,14276.274102,3259,506,0.00,0.1547,0.1625
12831833.0,4473.486916,9802.866808,14276.353724,3260,506,0.00,0.1719,0.1750
12831898.0,4473.516563,9802.974417,14276.490980,3261,506,0.00,0.1609,0.1750
12832165.0,4473.635656,9803.414092,14277.049747,3262,506,0.00,0.1609,0.1750
12832198.0,4473.650786,9803.470742,14277.121528,3263,506,0.00,0.1781,0.1875
12832641.0,4473.848344,9804.200025,14278.048369,3264,507,0.00,0.1438,0.1625
12832672.0,4473.862143,9804.250917,14278.113060,3265,507,0.00,0.1609,0.1750
12832675.0,4473.863519,9804.256067,14278.119585,3266,507,0.00,0.1781,0.1875
12832935.0,4473.983907,9804.709000,14278.692907,3267,507,0.00,0.1844,0.1750
12833057.0,4474.042069,9804.918433,14278.960502,3268,507,0.00,0.2016,0.1875
12833158.0,4474.091422,9805.098567,14279.189989,3269,508,0.00,0.2016,0.1875
12833303.0,4474.162487,9805.358358,14279.520846,3270,508,0.00,0.2250,0.1875
12833309.0,4474.165537,9805.369108,14279.534646,3271,509,0.00,0.2422,0.2000
12833524.0,4474.273038,9805.744267,14280.017304,3272,510,0.00,0.2078,0.1750
12833554.0,4474.287633,9805.794342,14280.081974,3273,510,0.00,0.2078,0.1750
12833588.0,4474.304461,9805.852708,14280.157170,3274,511,0.00,0.2250,0.1875
12833626.0,4474.323778,9805.920792,14280.244570,3275,512,0.00,0.2422,0.2000
12833950.0,4474.482235,9806.486517,14280.968752,3276,513,0.00,0.1844,0.1750
12833950.0,4474.482235,9806.486517,14280.968752,3277,513,0.00,0.2016,0.1875
12833985.0,4474.499389,9806.549225,14281.048614,3278,513,0.00,0.2188,0.2000
12834016.0,4474.514997,9806.607092,14281.122088,3279,514,0.00,0.2359,0.2125
12834046.0,4474.530502,9806.665342,14281.195843,3280,515,0.00,0.2531,0.2250
12834081.0,4474.548885,9806.734950,14281.283835,3281,516,0.00,0.2531,0.2250
12834145.0,4474.581707,9806.864017,14281.445723,3282,517,0.00,0.2469,0.2375
12834457.0,4474.727394,9807.414392,14282.141786,3283,517,0.00,0.1609,0.1750
12834544.0,4474.767284,9807.563742,14282.331026,3284,517,0.00,0.1781,0.1875
12834577.0,4474.782856,9807.622867,14282.405723,3285,517,0.00,0.1953,0.2000
12834955.0,4474.959567,9808.290817,14283.250384,3286,518,0.00,0.1781,0.1875
12835389.0,4475.161634,9809.053100,14284.214734,3287,518,0.00,0.1609,0.1750
12835416.0,4475.174014,9809.099450,14284.273464,3288,518,0.00,0.1781,0.1875
12835445.0,4475.187698,9809.151408,14284.339106,3289,518,0.00,0.1953,0.2000
12835477.0,4475.203226,9809.211142,14284.414368,3290,519,0.00,0.2125,0.2125
12835507.0,4475.218184,9809.269392,14284.487576,3291,520,0.00,0.2297,0.2250
12835540.0,4475.235080,9809.335942,14284.571021,3292,521,0.00,0.2469,0.2375
12835551.0,4475.240858,9809.358950,14284.599808,3293,522,0.00,0.2531,0.2500
12835604.0,4475.268959,9809.473783,14284.742743,3294,523,0.00,0.2703,0.2625
12835903.0,4475.420353,9810.081567,14285.501920,3295,523,0.00,0.2016,0.2125
12835992.0,4475.463972,9810.254375,14285.718347,3296,523,0.00,0.2188,0.2250
12836092.0,4475.513965,9810.450567,14285.964531,3297,524,0.00,0.2297,0.2250
12836234.0,4475.585222,9810.728833,14286.314055,3298,524,0.00,0.2000,0.2125
12836356.0,4475.641969,9810.943517,14286.585486,3299,524,0.00,0.1844,0.1750
12836497.0,4475.709189,9811.185567,14286.894756,3300,524,0.00,0.2016,0.1875
12836497.0,4475.709189,9811.185567,14286.894756,3301,524,0.00,0.2188,0.2000
12836554.0,4475.737887,9811.291967,14287.029854,3302,525,0.00,0.2375,0.2125
12836554.0,4475.737887,9811.291967,14287.029854,3303,526,0.00,0.2547,0.2250
12836647.0,4475.787309,9811.479517,14287.266826,3304,527,0.00,0.2719,0.2375
12836909.0,4475.918735,9811.964083,14287.882819,3305,527,0.00,0.2031,0.1875
12837062.0,4475.993907,9812.238208,14288.232116,3306,527,0.00,0.2203,0.2000
12837063.0,4475.994412,9812.240075,14288.234487,3307,528,0.00,0.2375,0.2125
12837090.0,4476.008399,9812.292500,14288.300899,3308,529,0.00,0.2547,0.2250
12837334.0,4476.131222,9812.746167,14288.877389,3309,530,0.00,0.2219,0.2000
12837465.0,4476.197496,9812.990700,14289.188196,3310,530,0.00,0.2391,0.2125
12837700.0,4476.319524,9813.446992,14289.766516,3311,531,0.00,0.2563,0.2250
12837701.0,4476.320057,9813.449008,14289.769065,3312,532,0.00,0.2734,0.2375
12838533.0,4476.716427,9814.851925,14291.568352,3313,532,0.00,0.1672,0.1750
12838574.0,4476.735425,9814.922308,14291.657733,3314,532,0.00,0.1844,0.1875
12838636.0,4476.764982,9815.033392,14291.798374,3315,532,0.00,0.2016,0.2000
12838671.0,4476.782136,9815.098725,14291.880861,3316,532,0.00,0.2188,0.2125
12838753.0,4476.823234,9815.256892,14292.080125,3317,533,0.00,0.2188,0.2125
12839267.0,4477.070233,9816.188308,14293.258541,3318,533,0.00,0.1797,0.1875
12839491.0,4477.175519,9816.575542,14293.751061,3319,533,0.00,0.1922,0.1875
12839871.0,4477.358988,9817.256375,14294.615363,3320,533,0.00,0.2094,0.2000
12839992.0,4477.419026,9817.482242,14294.901268,3321,533,0.00,0.2266,0.2125
12840257.0,4477.549057,9817.968733,14295.517790,3322,534,0.00,0.1922,0.1875
12840307.0,4477.573197,9818.058317,14295.631514,3323,534,0.00,0.2094,0.2000
12840446.0,4477.642166,9818.317783,14295.959950,3324,534,0.00,0.2266,0.2125
12840546.0,4477.693121,9818.511950,14296.205071,3325,534,0.00,0.2438,0.2250
12840810.0,4477.822581,9818.979925,14296.802506,3326,534,0.00,0.1969,0.1750
12841028.0,4477.927532,9819.348008,14297.275541,3327,534,0.00,0.1891,0.1750
12841112.0,4477.966949,9819.486958,14297.453907,3328,534,0.00,0.1891,0.1750
12841140.0,4477.980399,9819.535025,14297.515424,3329,534,0.00,0.1938,0.1875
12841146.0,4477.983303,9819.545775,14297.529078,3330,534,0.00,0.2000,0.2000
12841360.0,4478.085428,9819.930992,14298.016420,3331,534,0.00,0.1938,0.1875
12841389.0,4478.099367,9819.980925,14298.080292,3332,534,0.00,0.1938,0.1875
12841688.0,4478.240562,9820.496833,14298.737395,3333,534,0.00,0.1641,0.1750
12841689.0,4478.241023,9820.498550,14298.739573,3334,534,0.00,0.1688,0.1875
12841864.0,4478.321873,9820.802792,14299.124664,3335,534,0.00,0.1703,0.1875
12841990.0,4478.380563,9821.028542,14299.409105,3336,534,0.00,0.1875,0.2000
12842112.0,4478.439022,9821.256275,14299.695297,3337,534,0.00,0.2047,0.2125
12842112.0,4478.439022,9821.256275,14299.695297,3338,534,0.00,0.2219,0.2250
12842149.0,4478.457740,9821.330892,14299.788632,3339,535,0.00,0.2391,0.2375
12842410.0,4478.583859,9821.824017,14300.407875,3340,536,0.00,0.1875,0.2000
12842535.0,4478.643755,9822.057350,14300.701105,3341,536,0.00,0.1922,0.2125
12842569.0,4478.660170,9822.123367,14300.783537,3342,536,0.00,0.2094,0.2250
12842592.0,4478.671582,9822.169750,14300.841332,3343,536,0.00,0.2141,0.2375
12842606.0,4478.678580,9822.199033,14300.877613,3344,537,0.00,0.2422,0.2500
12842607.0,4478.679102,9822.201200,14300.880302,3345,538,0.00,0.2594,0.2625
12842827.0,4478.789676,9822.632792,14301.422468,3346,538,0.00,0.1703,0.1875
12842861.0,4478.805513,9822.693708,14301.499221,3347,538,0.00,0.1797,0.2000
12842887.0,4478.817813,9822.742242,14301.560055,3348,538,0.00,0.1844,0.2125
12842980.0,4478.862150,9822.922817,14301.784966,3349,538,0.00,0.2016,0.2250
12843047.0,4478.894753,9823.054333,14301.949087,3350,538,0.00,0.2125,0.2250
12843084.0,4478.913202,9823.128950,14302.042152,3351,539,0.00,0.2297,0.2375
12843126.0,4478.934523,9823.213050,14302.147573,3352,540,0.00,0.2375,0.2250
12843239.0,4478.991141,9823.426908,14302.418049,3353,540,0.00,0.2063,0.1875
12843244.0,4478.993609,9823.435867,14302.429476,3354,540,0.00,0.2188,0.1875
12843244.0,4478.993609,9823.435867,14302.429476,3355,540,0.00,0.2313,0.1875
12843268.0,4479.005819,9823.478267,14302.484086,3356,540,0.00,0.2266,0.1750
12843802.0,4479.264603,9824.320267,14303.584870,3357,540,0.00,0.2094,0.1625
12843945.0,4479.335557,9824.555025,14303.890582,3358,540,0.00,0.2141,0.1750
12844087.0,4479.405022,9824.790317,14304.195339,3359,540,0.00,0.2141,0.1750
12844113.0,4479.417948,9824.833600,14304.251548,3360,540,0.00,0.2203,0.1625
12844144.0,4479.433594,9824.884492,14304.318085,3361,540,0.00,0.2375,0.1750
12844173.0,4479.448617,9824.934275,14304.382892,3362,541,0.00,0.2547,0.1875
12844235.0,4479.481565,9825.045358,14304.526924,3363,542,0.00,0.2719,0.2000
12844265.0,4479.497909,9825.101358,14304.599268,3364,543,0.00,0.2891,0.2125
12844273.0,4479.502374,9825.116892,14304.619266,3365,544,0.00,0.3063,0.2250
12844303.0,4479.519520,9825.177392,14304.696912,3366,545,0.00,0.3234,0.2375
12844337.0,4479.539139,9825.247008,14304.786148,3367,546,0.00,0.3234,0.2375
12844338.0,4479.539724,9825.249100,14304.788824,3368,547,0.00,0.3406,0.2500
12844373.0,4479.560664,9825.324933,14304.885597,3369,548,0.00,0.3578,0.2625
12844484.0,4479.623996,9825.548183,14305.172180,3370,548,0.00,0.2375,0.1750
12844752.0,4479.757314,9825.977275,14305.734589,3371,548,0.00,0.2203,0.1625
12844783.0,4479.772959,9826.028167,14305.801126,3372,548,0.00,0.2375,0.1750
12844787.0,4479.775032,9826.035033,14305.810065,3373,549,0.00,0.2547,0.1875
12844824.0,4479.794589,9826.099150,14305.893739,3374,550,0.00,0.2672,0.1875
12844865.0,4479.816776,9826.172608,14305.989384,3375,550,0.00,0.2719,0.2000
12845015.0,4479.894163,9826.428308,14306.322471,3376,551,0.00,0.2391,0.1750
12845165.0,4479.971024,9826.680033,14306.651058,3377,551,0.00,0.2391,0.1750
12845165.0,4479.971024,9826.680033,14306.651058,3378,551,0.00,0.2563,0.1875
12845282.0,4480.033343,9826.889658,14306.923001,3379,552,0.00,0.2734,0.2000
12845318.0,4480.052999,9826.956858,14307.009858,3380,552,0.00,0.2781,0.2125
12845387.0,4480.090801,9827.088283,14307.179085,3381,553,0.00,0.2906,0.2125
12845388.0,4480.091361,9827.090225,14307.181586,3382,554,0.00,0.3078,0.2250
12845420.0,4480.109689,9827.154758,14307.264447,3383,555,0.00,0.3250,0.2375
12845530.0,4480.170338,9827.363392,14307.533729,3384,555,0.00,0.2453,0.1875
12845623.0,4480.218280,9827.525517,14307.743796,3385,555,0.00,0.2156,0.1750
12845630.0,4480.221787,9827.537533,14307.759320,3386,555,0.00,0.2203,0.1875
12845829.0,4480.321790,9827.885225,14308.207015,3387,555,0.00,0.2328,0.1875
12845883.0,4480.349568,9827.981975,14308.331543,3388,555,0.00,0.2500,0.2000
12845884.0,4480.350095,9827.983842,14308.333937,3389,555,0.00,0.2672,0.2125
12845884.0,4480.350095,9827.983842,14308.333937,3390,556,0.00,0.2844,0.2250
12845918.0,4480.368741,9828.048133,14308.416874,3391,557,0.00,0.2922,0.2125
12845922.0,4480.370984,9828.055900,14308.426884,3392,557,0.00,0.2969,0.2250
12846026.0,4480.428448,9828.258808,14308.687256,3393,557,0.00,0.2672,0.2125
12846027.0,4480.428989,9828.260750,14308.689739,3394,557,0.00,0.2719,0.2250
12846212.0,4480.525054,9828.605708,14309.130762,3395,557,0.00,0.2500,0.2000
12846235.0,4480.537188,9828.648567,14309.185755,3396,557,0.00,0.2500,0.2000
12846351.0,4480.598199,9828.860750,14309.458949,3397,557,0.00,0.2625,0.2000
12846354.0,4480.599811,9828.866350,14309.466161,3398,558,0.00,0.2797,0.2125
12846357.0,4480.601464,9828.872175,14309.473639,3399,558,0.00,0.2844,0.2250
12846395.0,4480.622408,9828.946183,14309.568591,3400,559,0.00,0.2969,0.2250
12846436.0,4480.645541,9829.028867,14309.674408,3401,560,0.00,0.3141,0.2375
12846635.0,4480.751432,9829.385633,14310.137065,3402,560,0.00,0.2094,0.1625
12846972.0,4480.916311,9829.890875,14310.807186,3403,560,0.00,0.2172,0.1500
12847006.0,4480.933388,9829.944142,14310.877530,3404,560,0.00,0.2344,0.1625
12847035.0,4480.948341,9829.991750,14310.940091,3405,560,0.00,0.2516,0.1750
12847067.0,4480.965269,9830.046683,14311.011952,3406,560,0.00,0.2563,0.1875
12847073.0,4480.968465,9830.057433,14311.025898,3407,560,0.00,0.2609,0.2000
12847100.0,4480.982945,9830.107833,14311.090778,3408,561,0.00,0.2781,0.2125
12847104.0,4480.985143,9830.115600,14311.100743,3409,562,0.00,0.2953,0.2250
12847135.0,4481.002597,9830.178117,14311.180714,3410,563,0.00,0.3125,0.2375
12847139.0,4481.004902,9830.186483,14311.191386,3411,564,0.00,0.3297,0.2500
12847141.0,4481.006082,9830.190817,14311.196899,3412,565,0.00,0.3469,0.2625
12847293.0,4481.088608,9830.473950,14311.562558,3413,566,0.00,0.2313,0.1750
12847352.0,4481.118539,9830.573283,14311.691823,3414,566,0.00,0.2203,0.1750
12847386.0,4481.135699,9830.631650,14311.767349,3415,566,0.00,0.2703,0.1750
12847468.0,4481.180068,9830.770317,14311.950384,3416,566,0.00,0.2578,0.1625
12847624.0,4481.262044,9831.007817,14312.269860,3417,566,0.00,0.2719,0.1500
12847656.0,4481.279477,9831.057950,14312.337427,3418,566,0.00,0.2766,0.1625
12847693.0,4481.299769,9831.118692,14312.418461,3419,566,0.00,0.2938,0.1750
12847731.0,4481.320429,9831.181375,14312.501804,3420,566,0.00,0.2672,0.1625
12847946.0,4481.433479,9831.516183,14312.949663,3421,566,0.00,0.2359,0.1500
12848097.0,4481.511037,9831.742775,14313.253812,3422,566,0.00,0.2484,0.1500
12848109.0,4481.517356,9831.761575,14313.278931,3423,566,0.00,0.2656,0.1625
12848139.0,4481.533554,9831.810825,14313.344379,3424,567,0.00,0.2828,0.1750
12848146.0,4481.537427,9831.822842,14313.360269,3425,568,0.00,0.3000,0.1875
12848201.0,4481.568594,9831.921383,14313.489977,3426,568,0.00,0.3047,0.2000
12848244.0,4481.593088,9832.001050,14313.594138,3427,569,0.00,0.3172,0.2000
12848285.0,4481.616869,9832.077583,14313.694453,3428,569,0.00,0.3219,0.2125
12848345.0,4481.651716,9832.193108,14313.844825,3429,569,0.00,0.2938,0.2000
12848530.0,4481.751935,9832.516167,14314.268102,3430,570,0.00,0.2703,0.1750
12848531.0,4481.752479,9832.517883,14314.270362,3431,570,0.00,0.2875,0.1875
12848562.0,4481.769744,9832.573425,14314.343169,3432,570,0.00,0.2922,0.2000
12848594.0,4481.787557,9832.631208,14314.418765,3433,571,0.00,0.3031,0.2000
12848637.0,4481.812028,9832.711475,14314.523503,3434,571,0.00,0.3094,0.2125
12848673.0,4481.832472,9832.779125,14314.611597,3435,572,0.00,0.3172,0.2125
12848687.0,4481.840592,9832.806308,14314.646901,3436,572,0.00,0.3219,0.2250
12848705.0,4481.851095,9832.842533,14314.693628,3437,573,0.00,0.3344,0.2250
12848706.0,4481.851688,9832.844550,14314.696238,3438,574,0.00,0.3516,0.2375
12848710.0,4481.854115,9832.852917,14314.707032,3439,575,0.00,0.3688,0.2500
12848919.0,4481.967214,9833.203000,14315.170214,3440,575,0.00,0.2422,0.1500
12849160.0,4482.090176,9833.565042,14315.655218,3441,575,0.00,0.2297,0.1500
12849193.0,4482.107072,9833.616742,14315.723813,3442,575,0.00,0.2359,0.1625
12849264.0,4482.143538,9833.728575,14315.872113,3443,575,0.00,0.2484,0.1625
12849269.0,4482.146170,9833.736783,14315.882954,3444,576,0.00,0.2656,0.1750
12849338.0,4482.183096,9833.854858,14316.037955,3445,576,0.00,0.2156,0.1750
12849870.0,4482.435427,9834.682925,14317.118352,3446,576,0.00,0.1891,0.1375
12849899.0,4482.449358,9834.726183,14317.175541,3447,576,0.00,0.1938,0.1500
12849910.0,4482.454682,9834.743417,14317.198099,3448,576,0.00,0.1984,0.1625
12849921.0,4482.460047,9834.761475,14317.221522,3449,576,0.00,0.2031,0.1750
12849943.0,4482.470856,9834.799242,14317.270097,3450,576,0.00,0.2078,0.1875
12849998.0,4482.498064,9834.897483,14317.395548,3451,577,0.00,0.2203,0.1875
12850064.0,4482.531374,9835.015733,14317.547107,3452,577,0.00,0.2078,0.1875
12850392.0,4482.688698,9835.561250,14318.249948,3453,578,0.00,0.1984,0.1625
12850425.0,4482.704791,9835.615425,14318.320216,3454,578,0.00,0.2156,0.1750
12850426.0,4482.705293,9835.617142,14318.322434,3455,578,0.00,0.2328,0.1875
12850824.0,4482.902522,9836.245625,14319.148147,3456,578,0.00,0.1875,0.1125
12850824.0,4482.902522,9836.245625,14319.148147,3457,578,0.00,0.1938,0.1250
12850829.0,4482.904942,9836.252708,14319.157651,3458,578,0.00,0.1984,0.1375
12850838.0,4482.909331,9836.266133,14319.175465,3459,578,0.00,0.2031,0.1500
12851163.0,4483.065183,9836.739975,14319.805158,3460,578,0.00,0.1984,0.1375
12851270.0,4483.117284,9836.897933,14320.015217,3461,578,0.00,0.2109,0.1375
12851335.0,4483.149615,9836.994892,14320.144506,3462,578,0.00,0.2172,0.1500
12851410.0,4483.187163,9837.110517,14320.297679,3463,579,0.00,0.2281,0.1500
12851418.0,4483.191249,9837.123050,14320.314299,3464,580,0.00,0.2453,0.1625
12851603.0,4483.286999,9837.419708,14320.706707,3465,580,0.00,0.2109,0.1375
12851898.0,4483.432870,9837.854875,14321.287745,3466,580,0.00,0.1922,0.1250
12851976.0,4483.470460,9837.963950,14321.434410,3467,580,0.00,0.1938,0.1250
12852060.0,4483.511075,9838.082275,14321.593350,3468,580,0.00,0.1922,0.1250
12852087.0,4483.524111,9838.120525,14321.644636,3469,580,0.00,0.1984,0.1375
12852151.0,4483.555322,9838.215992,14321.771314,3470,580,0.00,0.2484,0.1375
12852199.0,4483.580597,9838.287592,14321.868189,3471,580,0.00,0.2531,0.1500
12852478.0,4483.727650,9838.706692,14322.434342,3472,581,0.00,0.2656,0.1500
12852625.0,4483.804693,9838.909392,14322.714084,3473,581,0.00,0.2484,0.1125
12852626.0,4483.805219,9838.910733,14322.715953,3474,582,0.00,0.2656,0.1250
12852627.0,4483.805759,9838.912150,14322.717909,3475,583,0.00,0.2828,0.1375
12852641.0,4483.813505,9838.933033,14322.746539,3476,583,0.00,0.2891,0.1500
12852672.0,4483.830808,9838.981600,14322.812408,3477,584,0.00,0.3063,0.1625
12852939.0,4483.976214,9839.379575,14323.355789,3478,585,0.00,0.2719,0.1375
12852969.0,4483.992558,9839.424325,14323.416883,3479,585,0.00,0.2766,0.1500
12852996.0,4484.007366,9839.466625,14323.473991,3480,585,0.00,0.2891,0.1500
12853159.0,4484.097978,9839.714417,14323.812394,3481,586,0.00,0.3016,0.1500
12854094.0,4484.614673,9841.092550,14325.707223,3482,586,0.00,0.2203,0.1375
12854095.0,4484.615177,9841.094042,14325.709219,3483,586,0.00,0.2250,0.1500
12854236.0,4484.686090,9841.299267,14325.985357,3484,586,0.00,0.2203,0.1375
12854343.0,4484.740092,9841.458875,14326.198967,3485,586,0.00,0.2266,0.1500
12854859.0,4484.994132,9842.193850,14327.187982,3486,586,0.00,0.2047,0.1250
12854978.0,4485.052743,9842.362433,14327.415177,3487,586,0.00,0.2219,0.1375
12855075.0,4485.101388,9842.504725,14327.606113,3488,586,0.00,0.2219,0.1375
12855092.0,4485.109988,9842.530083,14327.640072,3489,586,0.00,0.2281,0.1500
12855243.0,4485.185884,9842.758175,14327.944059,3490,586,0.00,0.2219,0.1375
12855376.0,4485.252394,9842.952217,14328.204610,3491,586,0.00,0.2094,0.1375
12855840.0,4485.479919,9843.597925,14329.077844,3492,586,0.00,0.2031,0.1250
12855974.0,4485.545460,9843.781683,14329.327143,3493,586,0.00,0.2156,0.1250
12856125.0,4485.621117,9843.995600,14329.616717,3494,586,0.00,0.2203,0.1375
12856373.0,4485.744921,9844.352783,14330.097705,3495,587,0.00,0.2156,0.1250
12856436.0,4485.776487,9844.442033,14330.218520,3496,587,0.00,0.2328,0.1375
12856489.0,4485.803523,9844.519817,14330.323340,3497,587,0.00,0.2203,0.1375
12856609.0,4485.862134,9844.687867,14330.550001,3498,587,0.00,0.1922,0.1250
12856703.0,4485.907518,9844.821033,14330.728552,3499,587,0.00,0.2094,0.1375
12857696.0,4486.392498,9846.164558,14332.557056,3500,587,0.00,0.2031,0.1250
12858124.0,4486.601492,9846.744342,14333.345834,3501,587,0.00,0.2031,0.1250
12858131.0,4486.604931,9846.754258,14333.359189,3502,587,0.00,0.2078,0.1375
12858667.0,4486.861548,9847.477742,14334.339290,3503,587,0.00,0.2031,0.1250
12858673.0,4486.864496,9847.486242,14334.350738,3504,587,0.00,0.2078,0.1375
12858787.0,4486.920907,9847.655992,14334.576899,3505,587,0.00,0.2203,0.1375
12858788.0,4486.921412,9847.657483,14334.578895,3506,587,0.00,0.2250,0.1500
12859060.0,4487.050172,9848.021967,14335.072138,3507,587,0.00,0.1797,0.1125
12859090.0,4487.064291,9848.060717,14335.125008,3508,587,0.00,0.1797,0.1125
12859117.0,4487.077065,9848.096942,14335.174007,3509,587,0.00,0.1984,0.1250
12859246.0,4487.139884,9848.277817,14335.417700,3510,587,0.00,0.2000,0.1250
12859304.0,4487.168239,9848.359983,14335.528223,3511,587,0.00,0.2172,0.1375
12859311.0,4487.171755,9848.370425,14335.542180,3512,587,0.00,0.2219,0.1500
12859353.0,4487.193003,9848.436225,14335.629228,3513,588,0.00,0.2313,0.1625
12859450.0,4487.242435,9848.593517,14335.835952,3514,589,0.00,0.2313,0.1625
12859788.0,4487.412492,9849.132200,14336.544692,3515,589,0.00,0.2063,0.1625
12859958.0,4487.490769,9849.398158,14336.888927,3516,589,0.00,0.1781,0.1500
12860014.0,4487.517194,9849.485892,14337.003086,3517,589,0.00,0.1844,0.1625
12860169.0,4487.591088,9849.740350,14337.331438,3518,589,0.00,0.1969,0.1750
12860397.0,4487.700452,9850.110150,14337.810602,3519,589,0.00,0.1969,0.1625
12860814.0,4487.896782,9850.758125,14338.654907,3520,589,0.00,0.1500,0.1375
12861707.0,4488.294028,9852.029958,14340.323987,3521,589,0.00,0.1359,0.1250
12861716.0,4488.297980,9852.042708,14340.340688,3522,589,0.00,0.1531,0.1375
12861785.0,4488.329198,9852.145633,14340.474831,3523,589,0.00,0.1578,0.1500
12861913.0,4488.387346,9852.341442,14340.728787,3524,589,0.00,0.1531,0.1375
12861964.0,4488.410303,9852.416242,14340.826545,3525,589,0.00,0.1406,0.1250
12862107.0,4488.473257,9852.611550,14341.084807,3526,589,0.00,0.1422,0.1250
12862200.0,4488.514541,9852.743300,14341.257841,3527,589,0.00,0.1469,0.1375
12862249.0,4488.536472,9852.816392,14341.352864,3528,589,0.00,0.1641,0.1500
12862328.0,4488.572668,9852.935658,14341.508326,3529,589,0.00,0.1766,0.1500
12862338.0,4488.577267,9852.950725,14341.527992,3530,589,0.00,0.1641,0.1500
12862511.0,4488.656702,9853.220033,14341.876735,3531,589,0.00,0.1641,0.1500
12862618.0,4488.704282,9853.373117,14342.077399,3532,589,0.00,0.1641,0.1250
12872054.0,4492.575325,9864.449233,14357.024558,3533,589,0.00,0.0875,0.0875
12872223.0,4492.642627,9864.639675,14357.282302,3534,589,0.00,0.1203,0.0875
12872489.0,4492.756185,9864.956658,14357.712843,3535,589,0.00,0.1375,0.1000
12872492.0,4492.757506,9864.960458,14357.717964,3536,589,0.00,0.1547,0.1125
12872680.0,4492.842791,9865.212692,14358.055483,3537,589,0.00,0.1719,0.1250
12872680.0,4492.842791,9865.212692,14358.055483,3538,589,0.00,0.1891,0.1375
12872682.0,4492.843752,9865.215675,14358.059427,3539,589,0.00,0.2063,0.1500
12873021.0,4493.011133,9865.746775,14358.757908,3540,590,0.00,0.2234,0.1625
12873027.0,4493.014176,9865.756625,14358.770801,3541,591,0.00,0.2406,0.1750
12873027.0,4493.014176,9865.756625,14358.770801,3542,591,0.00,0.2453,0.1875
12873091.0,4493.046959,9865.867017,14358.913975,3543,592,0.00,0.2453,0.1875
12873188.0,4493.097799,9866.040808,14359.138608,3544,592,0.00,0.2500,0.2000
12873337.0,4493.176438,9866.318942,14359.495380,3545,592,0.00,0.2531,0.2125
12873410.0,4493.215143,9866.460683,14359.675827,3546,592,0.00,0.2578,0.2250
12873462.0,4493.242904,9866.565550,14359.808454,3547,592,0.00,0.2625,0.2375
12873484.0,4493.254605,9866.609017,14359.863622,3548,592,0.00,0.2578,0.2250
12873853.0,4493.445430,9867.301492,14360.746921,3549,593,0.00,0.2313,0.1875
12873863.0,4493.450561,9867.319408,14360.769970,3550,593,0.00,0.2359,0.2000
12873953.0,4493.496949,9867.484783,14360.981733,3551,593,0.00,0.2359,0.2000
12874160.0,4493.603935,9867.871183,14361.475119,3552,593,0.00,0.2406,0.2125
12874205.0,4493.627208,9867.955483,14361.582691,3553,593,0.00,0.2484,0.2125
12874227.0,4493.638792,9867.998200,14361.636992,3554,594,0.00,0.2656,0.2250
12874646.0,4493.859587,9868.757908,14362.617495,3555,594,0.00,0.2453,0.1875
12874788.0,4493.930838,9869.001075,14362.931913,3556,594,0.00,0.2078,0.1750
12874834.0,4493.953607,9869.080042,14363.033648,3557,594,0.00,0.2141,0.1875
12874867.0,4493.970101,9869.139167,14363.109268,3558,594,0.00,0.2188,0.2000
12875021.0,4494.047028,9869.417258,14363.464286,3559,594,0.00,0.2172,0.2000
12875277.0,4494.173925,9869.860550,14364.034475,3560,594,0.00,0.2281,0.1750
12875477.0,4494.275784,9870.202233,14364.478017,3561,594,0.00,0.2156,0.1750
12875486.0,4494.280293,9870.217683,14364.497977,3562,594,0.00,0.2203,0.1875
12875723.0,4494.399904,9870.642308,14365.042213,3563,594,0.00,0.2250,0.2000
12875872.0,4494.475270,9870.912717,14365.387987,3564,594,0.00,0.2375,0.2000
12875878.0,4494.478379,9870.923917,14365.402295,3565,594,0.00,0.2422,0.2125
12876014.0,4494.548867,9871.178458,14365.727325,3566,594,0.00,0.2375,0.2000
12876455.0,4494.774537,9871.944208,14366.718745,3567,594,0.00,0.2453,0.1875
12876741.0,4494.921351,9872.439300,14367.360651,3568,594,0.00,0.2328,0.1875
12902960.0,4505.842622,9904.083133,14409.925755,3569,594,0.00,0.0000,0.0000
