timestamp,cpu_energy_kwh,gpu_energy_kwh,total_energy_kwh,tasks_scheduled,sla_violations,avg_sla_slack,cluster_cpu_util,cluster_gpu_util
0.0,0.000000,0.000000,0.000000,1,0,0.00,0.0188,0.0125
427061.0,148.581640,316.736908,465.318548,2,0,0.00,0.0281,0.0250
1558381.0,550.435931,1240.648242,1791.084173,3,0,0.00,0.0469,0.0375
2690044.0,968.915478,2249.714417,3218.629895,4,0,0.00,0.0563,0.0500
2758084.0,994.572228,2315.486417,3310.058645,5,0,0.00,0.0750,0.0625
2759674.0,995.194978,2317.142667,3312.337645,6,0,0.00,0.1063,0.0625
3019330.0,1103.204661,2587.617667,3690.822328,7,0,0.00,0.1125,0.0750
3019932.0,1103.458003,2588.289900,3691.747903,8,0,0.00,0.1313,0.0875
4130198.0,1586.886324,3911.356883,5498.243207,9,0,0.00,0.1500,0.1000
4975773.0,1967.395074,4982.418550,6949.813624,10,0,0.00,0.1688,0.1125
5182092.0,2063.247443,5259.229875,7322.477318,11,0,0.00,0.1938,0.1250
6394537.0,2650.104502,6976.860292,9626.964793,12,0,0.00,0.2031,0.1375
6588193.0,2745.251460,7265.730492,10010.981952,13,0,0.00,0.2156,0.1500
6976821.0,2939.970281,7874.581025,10814.551306,14,1,0.00,0.2281,0.1625
8387257.0,3660.370057,10190.046792,13850.416849,15,2,0.00,0.2531,0.1750
8396307.0,3665.168443,10205.582625,13870.751068,16,3,0.00,0.2781,0.1875
8962274.0,3976.253776,11219.606833,15195.860610,17,4,0.00,0.3281,0.1875
9437497.0,4255.942313,12071.048042,16326.990355,18,4,0.00,0.3281,0.1875
9476974.0,4279.176172,12141.777667,16420.953839,19,5,0.00,0.3375,0.2000
9664050.0,4390.642289,12490.986200,16881.628489,20,6,0.00,0.3500,0.2125
9664123.0,4390.686494,12491.127942,16881.814436,21,7,0.00,0.3625,0.2250
9671707.0,4395.352761,12506.422342,16901.775103,22,8,0.00,0.3750,0.2375
9679175.0,4400.020261,12522.042908,16922.063169,23,8,0.00,0.3813,0.2500
9766837.0,4455.235146,12711.977242,17167.212388,24,9,0.00,0.4000,0.2625
9818766.0,4488.700501,12828.384750,17317.085251,25,10,0.00,0.4250,0.2750
9823530.0,4491.863268,12839.421350,17331.284618,26,11,0.00,0.4313,0.2875
9924220.0,4559.199706,13080.238267,17639.437972,27,12,0.00,0.4563,0.3000
9941376.0,4571.006369,13122.556400,17693.562769,28,12,0.00,0.4578,0.3125
9949982.0,4576.939430,13144.429983,17721.369413,29,13,0.00,0.4828,0.3250
9955274.0,4580.690686,13158.277383,17738.968069,30,13,0.00,0.4891,0.3375
9957349.0,4582.171645,13163.862592,17746.034237,31,14,0.00,0.5141,0.3500
9961302.0,4585.069825,13174.799225,17759.869050,32,15,0.00,0.5391,0.3625
9963454.0,4586.689430,13180.914492,17767.603921,33,16,0.00,0.5484,0.3750
9965463.0,4588.206474,13186.737100,17774.943574,34,16,0.00,0.5281,0.3750
9965619.0,4588.322553,13187.192100,17775.514653,35,17,0.00,0.5531,0.3875
9967058.0,4589.410577,13191.369683,17780.780260,36,18,0.00,0.5484,0.3750
9967204.0,4589.521522,13191.795517,17781.317039,37,18,0.00,0.5531,0.3875
9970479.0,4591.912579,13200.983325,17792.895904,38,19,0.00,0.5234,0.3625
9973579.0,4594.167731,13209.556392,17803.724123,39,19,0.00,0.5031,0.3500
9973948.0,4594.434535,13210.568142,17805.002677,40,19,0.00,0.5031,0.3500
9974338.0,4594.715322,13211.618942,17806.334263,41,19,0.00,0.5094,0.3500
9976185.0,4596.062734,13216.728975,17812.791709,42,19,0.00,0.5141,0.3625
9977555.0,4597.063305,13220.542708,17817.606014,43,19,0.00,0.5141,0.3625
9980855.0,4599.411339,13229.336033,17828.747372,44,20,0.00,0.4844,0.3375
9983856.0,4601.504472,13237.024400,17838.528872,45,20,0.00,0.4703,0.3250
9985207.0,4602.445316,13240.483767,17842.929083,46,20,0.00,0.4703,0.3250
9989432.0,4605.385149,13251.251183,17856.636332,47,20,0.00,0.4703,0.3250
9989615.0,4605.513090,13251.730033,17857.243123,48,20,0.00,0.4750,0.3375
9992086.0,4607.233022,13258.038992,17865.272013,49,20,0.00,0.4781,0.3125
9992086.0,4607.233022,13258.038992,17865.272013,50,20,0.00,0.4906,0.3125
9992104.0,4607.245890,13258.084742,17865.330632,51,20,0.00,0.5031,0.3125
9993395.0,4608.181417,13261.366033,17869.547451,52,20,0.00,0.5094,0.3250
9993396.0,4608.182147,13261.368650,17869.550797,53,20,0.00,0.5156,0.3375
9993753.0,4608.444319,13262.329575,17870.773894,54,21,0.00,0.5344,0.3500
9997763.0,4611.374613,13273.063983,17884.438596,55,22,0.00,0.5031,0.3250
9999611.0,4612.713771,13277.899583,17890.613355,56,22,0.00,0.5078,0.3375
9999740.0,4612.807722,13278.246808,17891.054530,57,23,0.00,0.5266,0.3500
9999867.0,4612.901893,13278.597275,17891.499168,58,23,0.00,0.5125,0.3500
10000483.0,4613.349103,13280.226092,17893.575195,59,24,0.00,0.5156,0.3375
10000836.0,4613.608337,13281.176250,17894.784587,60,25,0.00,0.5328,0.3500
10000884.0,4613.644229,13281.309050,17894.953279,61,25,0.00,0.5453,0.3500
10001573.0,4614.165768,13283.209808,17897.375576,62,25,0.00,0.5438,0.3500
10001854.0,4614.378274,13283.987242,17898.365516,63,26,0.00,0.5625,0.3625
10002519.0,4614.888608,13285.858200,17900.746808,64,27,0.00,0.5656,0.3500
10002813.0,4615.112579,13286.652700,17901.765279,65,28,0.00,0.5672,0.3500
10003114.0,4615.345697,13287.485467,17902.831164,66,29,0.00,0.5859,0.3625
10004799.0,4616.621513,13292.049725,17908.671238,67,29,0.00,0.5234,0.3375
10005625.0,4617.228182,13294.247617,17911.475799,68,29,0.00,0.5094,0.3375
10008375.0,4619.213363,13301.277175,17920.490537,69,29,0.00,0.5031,0.3250
10009087.0,4619.727558,13303.104092,17922.831650,70,29,0.00,0.5031,0.3250
10009222.0,4619.825386,13303.457342,17923.282728,71,30,0.00,0.5313,0.3375
10011081.0,4621.167944,13308.190175,17929.358119,72,31,0.00,0.5266,0.3250
10011177.0,4621.237926,13308.436800,17929.674726,73,31,0.00,0.5031,0.3250
10011398.0,4621.397783,13309.009083,17930.406866,74,32,0.00,0.5234,0.3250
10011759.0,4621.665086,13309.953700,17931.618786,75,33,0.00,0.5359,0.3375
10013436.0,4622.918655,13314.433125,17937.351780,76,34,0.00,0.5484,0.3375
10013677.0,4623.101789,13315.081817,17938.183606,77,34,0.00,0.5531,0.3500
10013797.0,4623.193074,13315.413817,17938.606891,78,35,0.00,0.5656,0.3625
10014736.0,4623.879954,13317.949467,17941.829421,79,35,0.00,0.4813,0.3250
10014814.0,4623.935150,13318.153567,17942.088717,80,36,0.00,0.4906,0.3375
10014946.0,4624.029521,13318.508867,17942.538388,81,36,0.00,0.4969,0.3500
10015701.0,4624.567782,13320.557725,17945.125507,82,36,0.00,0.4969,0.3500
10015833.0,4624.661666,13320.908900,17945.570566,83,36,0.00,0.4875,0.3375
10016935.0,4625.432064,13323.723917,17949.155980,84,36,0.00,0.4750,0.3250
10017162.0,4625.590622,13324.302900,17949.893522,85,36,0.00,0.4734,0.3250
10017643.0,4625.927166,13325.542842,17951.470007,86,36,0.00,0.4859,0.3250
10017811.0,4626.046662,13325.982442,17952.029103,87,36,0.00,0.4922,0.3375
10018219.0,4626.338723,13327.078692,17953.417414,88,36,0.00,0.4906,0.3375
10018378.0,4626.451948,13327.497442,17953.949390,89,36,0.00,0.4906,0.3375
10018598.0,4626.608981,13328.084433,17954.693415,90,36,0.00,0.4984,0.3375
10018784.0,4626.743089,13328.585083,17955.328172,91,36,0.00,0.5031,0.3500
10019718.0,4627.396049,13330.999650,17958.395699,92,37,0.00,0.4891,0.3250
10019860.0,4627.494276,13331.357192,17958.851467,93,37,0.00,0.4500,0.3125
10020315.0,4627.805192,13332.513650,17960.318842,94,37,0.00,0.4625,0.3250
10020698.0,4628.070632,13333.515833,17961.586466,95,37,0.00,0.4672,0.3375
10022793.0,4629.505117,13338.876175,17968.381292,96,38,0.00,0.4688,0.3250
10024695.0,4630.819556,13343.775825,17974.595381,97,38,0.00,0.4563,0.3125
10024890.0,4630.952295,13344.260200,17975.212495,98,38,0.00,0.4484,0.3125
10025530.0,4631.387236,13345.853642,17977.240877,99,38,0.00,0.4484,0.3125
10027236.0,4632.545442,13350.076850,17982.622292,100,38,0.00,0.4500,0.3125
10027236.0,4632.545442,13350.076850,17982.622292,101,38,0.00,0.4563,0.3250
10027446.0,4632.689963,13350.626350,17983.316313,102,39,0.00,0.4750,0.3375
10027539.0,4632.755321,13350.876675,17983.631996,103,39,0.00,0.4875,0.3500
10027911.0,4633.017455,13351.883375,17984.900830,104,39,0.00,0.4813,0.3500
10028213.0,4633.229990,13352.700833,17985.930823,105,39,0.00,0.4797,0.3500
10028677.0,4633.556112,13353.950442,17987.506553,106,39,0.00,0.4797,0.3500
10029041.0,4633.812688,13354.945958,17988.758647,107,39,0.00,0.4797,0.3500
10030787.0,4635.040530,13359.661883,17994.702413,108,39,0.00,0.4797,0.3500
10030840.0,4635.077970,13359.808517,17994.886487,109,39,0.00,0.4844,0.3625
10032059.0,4635.926070,13362.973483,17998.899553,110,40,0.00,0.4766,0.3250
10032623.0,4636.319163,13364.422133,18000.741296,111,40,0.00,0.4672,0.3250
10032792.0,4636.436869,13364.863600,18001.300469,112,40,0.00,0.4672,0.3250
10033656.0,4637.036183,13367.070175,18004.106358,113,41,0.00,0.4813,0.3250
10033713.0,4637.076518,13367.219325,18004.295843,114,42,0.00,0.4906,0.3375
10033926.0,4637.228799,13367.792650,18005.021449,115,42,0.00,0.5031,0.3500
10034479.0,4637.628314,13369.310092,18006.938406,116,42,0.00,0.4984,0.3500
10034615.0,4637.726371,13369.686358,18007.412729,117,42,0.00,0.4984,0.3500
10035396.0,4638.279287,13371.759225,18010.038512,118,42,0.00,0.4938,0.3375
10036115.0,4638.795070,13373.694533,18012.489603,119,43,0.00,0.5125,0.3500
10036187.0,4638.847770,13373.893733,18012.741503,120,43,0.00,0.5172,0.3625
10036552.0,4639.112549,13374.899367,18014.011915,121,43,0.00,0.5000,0.3500
10036751.0,4639.255717,13375.447083,18014.702800,122,43,0.00,0.4859,0.3500
10036875.0,4639.343752,13375.786775,18015.130527,123,43,0.00,0.4859,0.3500
10037662.0,4639.903533,13377.964142,18017.867675,124,43,0.00,0.4906,0.3625
10037976.0,4640.126256,13378.827475,18018.953731,125,43,0.00,0.4984,0.3500
10038341.0,4640.389423,13379.837308,18020.226731,126,43,0.00,0.5047,0.3625
10039366.0,4641.131075,13382.713567,18023.844642,127,43,0.00,0.5109,0.3625
10039428.0,4641.176381,13382.889750,18024.066131,128,43,0.00,0.5234,0.3750
10039573.0,4641.283192,13383.308392,18024.591584,129,44,0.00,0.5047,0.3625
10039634.0,4641.327470,13383.481733,18024.809203,130,45,0.00,0.5328,0.3750
10039873.0,4641.503184,13384.168542,18025.671725,131,45,0.00,0.5172,0.3750
10040570.0,4642.009541,13386.152483,18028.162025,132,45,0.00,0.5172,0.3750
10040740.0,4642.134592,13386.648317,18028.782908,133,45,0.00,0.5297,0.3875
10041157.0,4642.445387,13387.895842,18030.341229,134,46,0.00,0.5422,0.4000
10041292.0,4642.547317,13388.309842,18030.857158,135,46,0.00,0.5469,0.4125
10041344.0,4642.586666,13388.471108,18031.057774,136,46,0.00,0.5469,0.4125
10041954.0,4643.039617,13390.312150,18033.351767,137,46,0.00,0.5281,0.4000
10042650.0,4643.547745,13392.368325,18035.916070,138,46,0.00,0.5172,0.3875
10043265.0,4643.996984,13394.183900,18038.180884,139,47,0.00,0.5203,0.3750
10046254.0,4646.157839,13402.601742,18048.759580,140,48,0.00,0.5047,0.3625
10046254.0,4646.157839,13402.601742,18048.759580,141,49,0.00,0.5141,0.3750
10047020.0,4646.719439,13404.835908,18051.555347,142,49,0.00,0.5188,0.3875
10047038.0,4646.732701,13404.889758,18051.622460,143,49,0.00,0.5234,0.4000
10047603.0,4647.147779,13406.555000,18053.702779,144,49,0.00,0.5188,0.3875
10049677.0,4648.661859,13412.577692,18061.239551,145,50,0.00,0.5141,0.3750
10050573.0,4649.313564,13415.164250,18064.477814,146,51,0.00,0.5016,0.3750
10051156.0,4649.735328,13416.864667,18066.599994,147,51,0.00,0.5063,0.3875
10051357.0,4649.881318,13417.462842,18067.344160,148,52,0.00,0.5266,0.3875
10052128.0,4650.451173,13419.724567,18070.175740,149,52,0.00,0.5250,0.3875
10052438.0,4650.680554,13420.640958,18071.321513,150,53,0.00,0.5453,0.3875
10052820.0,4650.968273,13421.777475,18072.745748,151,54,0.00,0.5484,0.3875
10053065.0,4651.151035,13422.498733,18073.649768,152,54,0.00,0.5328,0.3875
10053622.0,4651.560051,13424.107417,18075.667468,153,54,0.00,0.5125,0.3750
10054239.0,4652.000633,13425.832225,18077.832858,154,55,0.00,0.4984,0.3500
10055123.0,4652.638003,13428.277958,18080.915962,155,55,0.00,0.5031,0.3625
10056973.0,4653.936106,13433.268492,18087.204597,156,55,0.00,0.4641,0.3375
10057657.0,4654.410987,13435.109592,18089.520578,157,55,0.00,0.4688,0.3500
10058979.0,4655.329845,13438.689200,18094.019045,158,55,0.00,0.4688,0.3500
10059143.0,4655.444303,13439.142933,18094.587236,159,55,0.00,0.4813,0.3625
10059169.0,4655.462702,13439.216817,18094.679518,160,55,0.00,0.4859,0.3750
10059451.0,4655.662332,13440.019742,18095.682074,161,55,0.00,0.4828,0.3625
10059776.0,4655.892710,13440.943283,18096.835993,162,55,0.00,0.4875,0.3750
10059888.0,4655.972354,13441.268750,18097.241104,163,55,0.00,0.4797,0.3750
10060370.0,4656.306999,13442.609333,18098.916332,164,55,0.00,0.4641,0.3500
10060714.0,4656.545828,13443.561067,18100.106895,165,56,0.00,0.4734,0.3625
10060718.0,4656.548634,13443.572433,18100.121068,166,57,0.00,0.4859,0.3750
10061136.0,4656.845951,13444.791600,18101.637551,167,57,0.00,0.5047,0.3875
10062602.0,4657.890124,13449.071933,18106.962057,168,57,0.00,0.4859,0.3750
10065188.0,4659.706841,13456.400158,18116.107000,169,57,0.00,0.4688,0.3625
10065461.0,4659.897201,13457.172408,18117.069610,170,57,0.00,0.4688,0.3625
10066995.0,4660.963562,13461.444225,18122.407787,171,57,0.00,0.4688,0.3625
10068089.0,4661.724341,13464.496608,18126.220949,172,57,0.00,0.4688,0.3625
10071515.0,4664.090371,13473.788308,18137.878679,173,58,0.00,0.4703,0.3500
10072956.0,4665.084860,13477.675100,18142.759960,174,58,0.00,0.4641,0.3375
10072977.0,4665.099440,13477.731625,18142.831065,175,59,0.00,0.4891,0.3500
10073827.0,4665.689920,13480.020892,18145.710812,176,59,0.00,0.4688,0.3500
10075751.0,4667.023659,13485.185933,18152.209593,177,59,0.00,0.4594,0.3375
10076540.0,4667.566408,13487.265333,18154.831741,178,59,0.00,0.4594,0.3375
10076597.0,4667.605773,13487.418758,18155.024532,179,59,0.00,0.4641,0.3500
10077065.0,4667.928186,13488.667658,18156.595845,180,59,0.00,0.4547,0.3250
10077174.0,4668.003067,13488.952875,18156.955942,181,59,0.00,0.4594,0.3375
10078477.0,4668.899357,13492.386167,18161.285523,182,59,0.00,0.4672,0.3250
10079174.0,4669.384957,13494.209983,18163.594941,183,59,0.00,0.4719,0.3375
10079912.0,4669.900242,13496.164108,18166.064351,184,59,0.00,0.4719,0.3375
10081543.0,4671.037368,13500.448467,18171.485835,185,60,0.00,0.4797,0.3375
10082034.0,4671.384222,13501.770075,18173.154297,186,60,0.00,0.4844,0.3500
10082398.0,4671.642086,13502.764767,18174.406852,187,61,0.00,0.4859,0.3500
10084139.0,4672.865042,13507.462808,18180.327851,188,62,0.00,0.4797,0.3500
10084399.0,4673.048712,13508.182142,18181.230854,189,62,0.00,0.4922,0.3500
10086450.0,4674.492648,13513.625875,18188.118523,190,62,0.00,0.4719,0.3375
10087455.0,4675.189288,13516.204400,18191.393688,191,62,0.00,0.4656,0.3250
10087711.0,4675.367103,13516.869542,18192.236645,192,63,0.00,0.4781,0.3250
10087754.0,4675.397427,13516.982058,18192.379485,193,63,0.00,0.4828,0.3375
10087849.0,4675.464768,13517.237767,18192.702535,194,63,0.00,0.5000,0.3500
10088207.0,4675.718191,13518.187058,18193.905250,195,64,0.00,0.4844,0.3375
10088963.0,4676.251339,13520.168033,18196.419372,196,65,0.00,0.4797,0.3250
10089624.0,4676.716156,13521.886700,18198.602856,197,65,0.00,0.4656,0.3250
10089802.0,4676.839952,13522.352467,18199.192419,198,66,0.00,0.4938,0.3375
10090200.0,4677.124215,13523.398100,18200.522315,199,66,0.00,0.4953,0.3375
10090303.0,4677.198228,13523.675342,18200.873570,200,66,0.00,0.5000,0.3500
10090557.0,4677.380256,13524.354975,18201.735231,201,67,0.00,0.5063,0.3375
10090801.0,4677.552656,13524.977542,18202.530198,202,68,0.00,0.4844,0.3125
10091052.0,4677.730883,13525.615500,18203.346383,203,68,0.00,0.4906,0.3250
10091074.0,4677.746612,13525.673067,18203.419678,204,68,0.00,0.4953,0.3375
10091866.0,4678.313063,13527.759492,18206.072555,205,69,0.00,0.4797,0.3250
10091963.0,4678.381586,13528.013308,18206.394894,206,69,0.00,0.4922,0.3375
10093366.0,4679.380967,13531.706842,18211.087809,207,69,0.00,0.4922,0.3375
10093458.0,4679.446852,13531.954475,18211.401327,208,69,0.00,0.4969,0.3500
10094677.0,4680.311915,13535.143592,18215.455507,209,70,0.00,0.4813,0.3250
10095374.0,4680.798762,13536.918208,18217.716970,210,70,0.00,0.4734,0.3250
10096044.0,4681.264385,13538.613625,18219.878010,211,70,0.00,0.4625,0.3125
10096319.0,4681.454976,13539.312583,18220.767559,212,70,0.00,0.4672,0.3250
10096985.0,4681.917320,13541.023708,18222.941028,213,71,0.00,0.4734,0.3125
10097319.0,4682.151642,13541.872625,18224.024267,214,72,0.00,0.4984,0.3250
10098174.0,4682.768103,13544.109875,18226.877978,215,73,0.00,0.5234,0.3375
10099853.0,4683.987637,13548.537833,18232.525470,216,74,0.00,0.5266,0.3375
10101508.0,4685.180443,13552.840967,18238.021410,217,74,0.00,0.4859,0.3250
10101656.0,4685.285713,13553.228233,18238.513947,218,74,0.00,0.4906,0.3375
10101831.0,4685.409771,13553.688625,18239.098396,219,75,0.00,0.4734,0.3125
10102468.0,4685.856666,13555.307667,18241.164333,220,75,0.00,0.4781,0.3250
10102699.0,4686.019515,13555.910992,18241.930507,221,75,0.00,0.4781,0.3250
10103062.0,4686.272737,13556.848092,18243.120829,222,75,0.00,0.4734,0.3250
10103067.0,4686.276245,13556.861175,18243.137420,223,75,0.00,0.4859,0.3375
10103070.0,4686.278379,13556.869250,18243.147629,224,75,0.00,0.4984,0.3500
10103080.0,4686.285589,13556.896917,18243.182506,225,75,0.00,0.5109,0.3625
10103554.0,4686.631955,13558.243867,18244.875821,226,75,0.00,0.5297,0.3750
10103657.0,4686.708722,13558.544283,18245.253005,227,75,0.00,0.5359,0.3875
10103830.0,4686.838502,13559.061842,18245.900343,228,75,0.00,0.5297,0.3875
10104296.0,4687.181384,13560.406608,18247.587992,229,76,0.00,0.5297,0.3625
10104920.0,4687.639969,13562.179808,18249.819778,230,77,0.00,0.5234,0.3750
10105081.0,4687.759182,13562.649392,18250.408574,231,78,0.00,0.5406,0.3875
10105616.0,4688.155979,13564.213483,18252.369462,232,78,0.00,0.5281,0.3875
10106099.0,4688.514401,13565.638358,18254.152759,233,78,0.00,0.5281,0.3875
10106214.0,4688.599972,13565.982400,18254.582372,234,78,0.00,0.5328,0.4000
10106404.0,4688.741507,13566.554042,18255.295549,235,78,0.00,0.5281,0.3875
10106593.0,4688.882112,13567.118867,18256.000979,236,78,0.00,0.5359,0.3750
10106755.0,4689.003640,13567.591367,18256.595007,237,78,0.00,0.5406,0.3875
10107108.0,4689.269090,13568.634075,18257.903165,238,78,0.00,0.5406,0.3875
10107156.0,4689.305273,13568.777675,18258.082948,239,78,0.00,0.5453,0.4000
10107360.0,4689.459781,13569.402975,18258.862756,240,78,0.00,0.5469,0.4000
10107678.0,4689.697049,13570.328900,18260.025949,241,78,0.00,0.5234,0.3750
10107700.0,4689.713339,13570.393067,18260.106406,242,78,0.00,0.5297,0.3875
10108119.0,4690.024619,13571.625875,18261.650494,243,79,0.00,0.5375,0.3875
10108195.0,4690.081725,13571.853242,18261.934966,244,80,0.00,0.5656,0.4000
10108262.0,4690.133533,13572.058708,18262.192242,245,80,0.00,0.5703,0.4125
10108896.0,4690.613191,13573.977475,18264.590666,246,80,0.00,0.5500,0.4000
10110007.0,4691.443420,13577.226592,18268.670012,247,81,0.00,0.5500,0.3750
10110007.0,4691.443420,13577.226592,18268.670012,248,82,0.00,0.5641,0.3875
10110042.0,4691.470442,13577.331300,18268.801742,249,83,0.00,0.5781,0.4000
10110515.0,4691.830374,13578.736683,18270.567058,250,83,0.00,0.5500,0.3875
10110888.0,4692.114269,13579.852575,18271.966844,251,83,0.00,0.5563,0.4000
10112199.0,4693.108775,13583.781625,18276.890400,252,84,0.00,0.5625,0.3875
10112326.0,4693.206671,13584.161567,18277.368238,253,84,0.00,0.5672,0.4000
10112685.0,4693.484060,13585.249150,18278.733210,254,84,0.00,0.5688,0.4000
10112996.0,4693.725301,13586.202883,18279.928184,255,84,0.00,0.5734,0.4125
10113134.0,4693.832850,13586.636433,18280.469283,256,85,0.00,0.5922,0.4125
10113347.0,4694.001212,13587.290308,18281.291520,257,86,0.00,0.6063,0.4000
10114193.0,4694.646366,13589.730958,18284.377324,258,86,0.00,0.5188,0.3500
10114274.0,4694.706047,13589.955058,18284.661106,259,86,0.00,0.5234,0.3625
10114302.0,4694.726780,13590.034625,18284.761405,260,87,0.00,0.5422,0.3625
10115077.0,4695.290983,13592.192367,18287.483349,261,88,0.00,0.5125,0.3625
10117363.0,4696.945220,13598.620542,18295.565762,262,89,0.00,0.5125,0.3625
10118303.0,4697.633248,13601.291708,18298.924956,263,90,0.00,0.5297,0.3750
10118657.0,4697.892523,13602.302683,18300.195206,264,91,0.00,0.5125,0.3500
10119177.0,4698.273134,13603.741350,18302.014484,265,92,0.00,0.5406,0.3625
10119674.0,4698.640695,13605.129358,18303.770053,266,93,0.00,0.5313,0.3500
10119716.0,4698.672049,13605.245558,18303.917607,267,94,0.00,0.5500,0.3500
10119805.0,4698.739788,13605.491792,18304.231580,268,95,0.00,0.5688,0.3500
10119881.0,4698.798741,13605.702058,18304.500799,269,96,0.00,0.5813,0.3625
10121149.0,4699.749820,13609.305292,18309.055111,270,96,0.00,0.5313,0.3750
10121200.0,4699.787893,13609.454042,18309.241934,271,97,0.00,0.5438,0.3875
10122873.0,4701.047927,13614.389950,18315.437877,272,98,0.00,0.5344,0.3750
10122912.0,4701.077136,13614.503700,18315.580836,273,99,0.00,0.5516,0.3875
10122958.0,4701.112203,13614.641317,18315.753520,274,99,0.00,0.5563,0.4000
10122966.0,4701.118331,13614.665850,18315.784181,275,100,0.00,0.5734,0.4125
10123048.0,4701.182237,13614.923467,18316.105703,276,101,0.00,0.5906,0.4250
10123058.0,4701.190164,13614.955633,18316.145797,277,102,0.00,0.6078,0.4375
10123064.0,4701.195000,13614.975383,18316.170384,278,102,0.00,0.6250,0.4500
10123510.0,4701.553680,13616.434617,18317.988297,279,102,0.00,0.5969,0.4375
10123536.0,4701.574417,13616.520200,18318.094617,280,102,0.00,0.6016,0.4500
10123839.0,4701.809331,13617.491325,18319.300656,281,103,0.00,0.5578,0.4125
10125159.0,4702.787987,13621.370350,18324.158337,282,104,0.00,0.5063,0.3625
10125279.0,4702.875237,13621.711350,18324.586587,283,104,0.00,0.5109,0.3750
10126505.0,4703.761977,13625.166283,18328.928260,284,105,0.00,0.5109,0.3625
10127058.0,4704.166070,13626.737725,18330.903795,285,105,0.00,0.5156,0.3750
10127814.0,4704.711053,13628.855800,18333.566853,286,105,0.00,0.4984,0.3625
10128880.0,4705.476209,13631.814292,18337.290500,287,106,0.00,0.5188,0.3625
10129654.0,4706.046496,13634.013742,18340.060238,288,107,0.00,0.5375,0.3750
10130831.0,4706.916764,13637.392208,18344.308972,289,107,0.00,0.5172,0.3750
10131649.0,4707.515943,13639.725917,18347.241860,290,107,0.00,0.5172,0.3750
10131993.0,4707.768195,13640.712975,18348.481170,291,107,0.00,0.5172,0.3750
10132682.0,4708.272877,13642.678533,18350.951410,292,107,0.00,0.5172,0.3750
10132818.0,4708.372917,13643.075200,18351.448117,293,107,0.00,0.5219,0.3875
10133439.0,4708.828100,13644.853150,18353.681250,294,108,0.00,0.5375,0.3750
10133558.0,4708.917515,13645.200233,18354.117748,295,109,0.00,0.5500,0.3875
10133995.0,4709.250120,13646.507592,18355.757712,296,109,0.00,0.5547,0.4000
10134129.0,4709.352053,13646.916425,18356.268478,297,109,0.00,0.5344,0.4000
10134157.0,4709.373024,13647.002292,18356.375316,298,109,0.00,0.5344,0.4000
10134400.0,4709.553803,13647.722442,18357.276245,299,110,0.00,0.5500,0.3875
10134541.0,4709.661120,13648.144267,18357.805387,300,110,0.00,0.5547,0.4000
10135536.0,4710.416169,13651.115725,18361.531894,301,111,0.00,0.5500,0.3875
10136146.0,4710.880447,13652.940642,18363.821088,302,111,0.00,0.5547,0.4000
10136410.0,4711.082138,13653.746042,18364.828180,303,111,0.00,0.5547,0.4000
10137416.0,4711.848294,13656.765483,18368.613777,304,111,0.00,0.5563,0.4000
10138838.0,4712.933413,13661.094708,18374.028122,305,112,0.00,0.5688,0.4000
10139183.0,4713.201028,13662.152708,18375.353736,306,112,0.00,0.5734,0.4125
10139527.0,4713.468538,13663.221442,18376.689979,307,113,0.00,0.5969,0.4125
10139540.0,4713.478906,13663.262283,18376.741189,308,114,0.00,0.6250,0.4250
10141076.0,4714.661783,13667.937733,18382.599516,309,114,0.00,0.5484,0.4000
10142678.0,4715.863982,13672.700683,18388.564665,310,115,0.00,0.5125,0.3750
10143373.0,4716.370000,13674.707067,18391.077066,311,115,0.00,0.5094,0.3750
10145120.0,4717.644460,13679.802483,18397.446944,312,115,0.00,0.5141,0.3875
10145223.0,4717.719976,13680.110625,18397.830601,313,115,0.00,0.5188,0.4000
10145321.0,4717.792183,13680.411158,18398.203341,314,115,0.00,0.5375,0.4125
10145662.0,4718.039916,13681.406192,18399.446108,315,115,0.00,0.5094,0.3750
10145872.0,4718.193114,13682.018692,18400.211806,316,115,0.00,0.5141,0.3875
10146322.0,4718.522402,13683.351892,18401.874294,317,115,0.00,0.5141,0.3875
10150141.0,4721.309334,13694.510817,18415.820151,318,115,0.00,0.5078,0.3750
10150356.0,4721.465918,13695.137900,18416.603818,319,116,0.00,0.5172,0.3875
10152278.0,4722.849455,13700.630633,18423.480089,320,117,0.00,0.5063,0.3750
10153572.0,4723.790301,13704.404800,18428.195101,321,117,0.00,0.5125,0.3875
10153654.0,4723.850320,13704.650117,18428.500437,322,118,0.00,0.5313,0.4000
10157405.0,4726.570163,13715.560908,18442.131071,323,118,0.00,0.4953,0.3750
10160855.0,4729.037960,13725.391133,18454.429094,324,118,0.00,0.4953,0.3750
10164141.0,4731.361191,13734.537975,18465.899166,325,118,0.00,0.4906,0.3625
10164277.0,4731.458421,13734.924442,18466.382863,326,119,0.00,0.4969,0.3750
10164565.0,4731.665721,13735.764442,18467.430163,327,119,0.00,0.5094,0.3875
10164623.0,4731.708033,13735.937958,18467.645991,328,119,0.00,0.5141,0.4000
10164722.0,4731.780616,13736.241558,18468.022174,329,119,0.00,0.5203,0.4125
10164859.0,4731.881725,13736.671967,18468.553691,330,119,0.00,0.5328,0.4125
10165064.0,4732.034349,13737.302358,18469.336707,331,119,0.00,0.5328,0.4125
10165173.0,4732.115853,13737.644800,18469.760653,332,120,0.00,0.5422,0.4250
10166412.0,4733.035820,13741.399250,18474.435070,333,120,0.00,0.5266,0.4000
10166484.0,4733.089308,13741.620050,18474.709358,334,120,0.00,0.5313,0.4125
10167716.0,4734.001286,13745.331283,18479.332570,335,120,0.00,0.5266,0.4000
10168027.0,4734.228741,13746.249842,18480.478583,336,120,0.00,0.5156,0.3875
10168347.0,4734.463741,13747.207175,18481.670916,337,120,0.00,0.5203,0.4000
10168366.0,4734.477764,13747.265442,18481.743205,338,121,0.00,0.5453,0.4125
10168713.0,4734.739999,13748.343150,18483.083149,339,122,0.00,0.5500,0.4125
10169200.0,4735.110660,13749.873142,18484.983802,340,123,0.00,0.5625,0.4250
10169375.0,4735.245556,13750.436058,18485.681614,341,123,0.00,0.5672,0.4375
10172374.0,4737.514292,13759.692167,18497.206459,342,124,0.00,0.5203,0.3750
10173573.0,4738.399179,13763.189250,18501.588429,343,125,0.00,0.5438,0.3750
10173649.0,4738.456654,13763.410917,18501.867571,344,125,0.00,0.5484,0.3875
10174699.0,4739.230442,13766.435392,18505.665834,345,125,0.00,0.5266,0.3750
10174703.0,4739.233414,13766.447058,18505.680472,346,126,0.00,0.5500,0.3875
10174773.0,4739.286691,13766.656475,18505.943166,347,127,0.00,0.5594,0.4000
10174834.0,4739.333039,13766.839492,18506.172531,348,128,0.00,0.5563,0.4000
10174996.0,4739.457126,13767.336292,18506.793418,349,129,0.00,0.5625,0.4125
10175575.0,4739.900624,13769.143617,18509.044241,350,129,0.00,0.5281,0.4000
10175763.0,4740.039815,13769.712950,18509.752765,351,129,0.00,0.5234,0.4000
10175948.0,4740.176798,13770.280283,18510.457081,352,130,0.00,0.5422,0.4000
10176577.0,4740.644977,13772.209217,18512.854194,353,131,0.00,0.5484,0.4125
10176964.0,4740.937661,13773.396317,18514.333977,354,132,0.00,0.5500,0.4125
10177954.0,4741.691161,13776.506567,18518.197727,355,133,0.00,0.5594,0.4250
10178628.0,4742.205037,13778.617525,18520.822562,356,134,0.00,0.5609,0.4125
10178651.0,4742.222738,13778.689783,18520.912521,357,134,0.00,0.5656,0.4250
10178696.0,4742.257535,13778.834533,18521.092068,358,134,0.00,0.5781,0.4375
10178857.0,4742.383031,13779.352867,18521.735897,359,134,0.00,0.5734,0.4250
10179719.0,4743.050719,13782.093983,18525.144702,360,134,0.00,0.5656,0.4250
10180259.0,4743.464692,13783.769408,18527.234100,361,134,0.00,0.5609,0.4125
10180270.0,4743.473157,13783.803967,18527.277124,362,135,0.00,0.5781,0.4250
10180454.0,4743.616492,13784.391708,18528.008200,363,136,0.00,0.5672,0.4250
10180841.0,4743.914582,13785.611358,18529.525940,364,136,0.00,0.5656,0.4250
10181257.0,4744.235275,13786.929242,18531.164517,365,137,0.00,0.5703,0.4250
10181304.0,4744.271790,13787.080425,18531.352215,366,138,0.00,0.5875,0.4375
10181710.0,4744.592643,13788.416842,18533.009484,367,138,0.00,0.5922,0.4500
10182641.0,4745.329438,13791.502908,18536.832346,368,138,0.00,0.6000,0.4500
10183836.0,4746.261002,13795.370900,18541.631902,369,138,0.00,0.5375,0.4125
10184106.0,4746.463640,13796.214275,18542.677915,370,139,0.00,0.5563,0.4000
10184155.0,4746.501173,13796.364542,18542.865714,371,140,0.00,0.5797,0.4000
10185253.0,4747.329340,13799.731742,18547.061082,372,140,0.00,0.5375,0.4125
10185984.0,4747.876655,13801.988175,18549.864830,373,140,0.00,0.5375,0.4125
10186713.0,4748.422646,13804.242000,18552.664646,374,140,0.00,0.5453,0.4125
10187075.0,4748.694991,13805.364958,18554.059950,375,141,0.00,0.5453,0.4125
10188200.0,4749.547140,13808.899333,18558.446473,376,141,0.00,0.5500,0.4250
10188246.0,4749.582151,13809.047300,18558.629451,377,142,0.00,0.5781,0.4375
10188685.0,4749.924766,13810.469392,18560.394158,378,143,0.00,0.5984,0.4250
10189447.0,4750.530329,13812.920492,18563.450821,379,144,0.00,0.5906,0.4375
10189534.0,4750.599295,13813.206867,18563.806161,380,145,0.00,0.6000,0.4500
10191093.0,4751.774389,13818.138025,18569.912414,381,146,0.00,0.5219,0.4000
10191770.0,4752.274851,13820.214158,18572.489010,382,146,0.00,0.5344,0.4125
10192232.0,4752.617322,13821.638233,18574.255555,383,146,0.00,0.5344,0.4125
10192336.0,4752.695213,13821.964967,18574.660180,384,146,0.00,0.5469,0.4250
10192477.0,4752.802187,13822.418517,18575.220704,385,146,0.00,0.5516,0.4375
10192642.0,4752.927971,13822.961642,18575.889613,386,147,0.00,0.5703,0.4375
10192889.0,4753.117548,13823.747458,18576.865006,387,148,0.00,0.5578,0.4125
10192901.0,4753.126754,13823.785158,18576.911912,388,149,0.00,0.5750,0.4250
10192962.0,4753.174368,13823.981375,18577.155743,389,149,0.00,0.5875,0.4375
10193027.0,4753.225736,13824.195333,18577.421069,390,149,0.00,0.5938,0.4500
10193066.0,4753.256586,13824.326633,18577.583219,391,150,0.00,0.5938,0.4500
10193568.0,4753.652255,13825.980550,18579.632805,392,151,0.00,0.6031,0.4375
10194497.0,4754.380454,13828.990583,18583.371037,393,152,0.00,0.5625,0.4375
10195056.0,4754.811350,13830.830625,18585.641975,394,153,0.00,0.5813,0.4500
10195438.0,4755.110457,13832.111517,18587.221973,395,154,0.00,0.5906,0.4625
10195440.0,4755.112042,13832.118400,18587.230442,396,155,0.00,0.6094,0.4625
10195608.0,4755.247536,13832.694575,18587.942111,397,156,0.00,0.6219,0.4500
10195689.0,4755.313714,13832.967275,18588.280989,398,157,0.00,0.6406,0.4500
10196373.0,4755.868235,13835.261300,18591.129535,399,158,0.00,0.6031,0.4500
10196386.0,4755.878666,13835.305067,18591.183733,400,159,0.00,0.6203,0.4625
10196392.0,4755.883561,13835.325717,18591.209278,401,160,0.00,0.6375,0.4750
10196397.0,4755.887707,13835.343300,18591.231007,402,161,0.00,0.6547,0.4875
10196546.0,4756.013245,13835.878458,18591.891703,403,162,0.00,0.6719,0.5000
10196555.0,4756.020948,13835.911458,18591.932406,404,163,0.00,0.6906,0.5125
10196738.0,4756.180247,13836.596183,18592.776430,405,164,0.00,0.7094,0.5250
10196789.0,4756.225385,13836.790833,18593.016219,406,164,0.00,0.7141,0.5375
10196808.0,4756.242271,13836.864775,18593.107046,407,165,0.00,0.7281,0.5500
10197068.0,4756.475965,13837.891683,18594.367649,408,166,0.00,0.7359,0.5375
10197275.0,4756.659847,13838.673033,18595.332880,409,167,0.00,0.7094,0.5000
10197421.0,4756.789067,13839.208367,18595.997434,410,168,0.00,0.7281,0.5000
10197607.0,4756.956402,13839.890367,18596.846769,411,168,0.00,0.7328,0.5125
10198109.0,4757.404362,13841.713033,18599.117395,412,168,0.00,0.7063,0.4875
10198200.0,4757.484682,13842.039875,18599.524557,413,168,0.00,0.7125,0.5000
10198508.0,4757.758032,13843.169208,18600.927240,414,169,0.00,0.7297,0.5125
10198596.0,4757.836487,13843.492100,18601.328587,415,169,0.00,0.7047,0.4750
10198648.0,4757.882253,13843.674442,18601.556694,416,169,0.00,0.6984,0.4750
10198800.0,4758.014302,13844.208525,18602.222827,417,170,0.00,0.6922,0.4750
10198987.0,4758.177295,13844.865917,18603.043212,418,170,0.00,0.6922,0.4750
10199241.0,4758.398707,13845.759150,18604.157857,419,170,0.00,0.6969,0.4875
10199343.0,4758.487993,13846.125500,18604.613493,420,170,0.00,0.7031,0.5000
10199889.0,4758.964400,13848.054075,18607.018475,421,170,0.00,0.6969,0.4875
10199909.0,4758.981896,13848.125683,18607.107579,422,170,0.00,0.6984,0.4875
10200098.0,4759.147566,13848.804508,18607.952074,423,170,0.00,0.7078,0.5000
10200592.0,4759.579745,13850.560042,18610.139786,424,171,0.00,0.7203,0.4875
10200734.0,4759.706584,13851.069308,18610.775892,425,172,0.00,0.7328,0.4750
10200798.0,4759.764395,13851.294375,18611.058770,426,172,0.00,0.7391,0.4875
10200882.0,4759.840680,13851.596075,18611.436755,427,172,0.00,0.7516,0.5000
10201063.0,4760.006817,13852.259742,18612.266559,428,172,0.00,0.7563,0.5125
10201360.0,4760.271064,13853.316417,18613.587481,429,172,0.00,0.7047,0.4750
10201724.0,4760.588079,13854.553583,18615.141663,430,172,0.00,0.7000,0.4625
10201799.0,4760.653913,13854.811708,18615.465621,431,172,0.00,0.7047,0.4750
10202555.0,4761.310288,13857.373258,18618.683546,432,173,0.00,0.6797,0.4500
10203067.0,4761.749526,13859.064667,18620.814193,433,174,0.00,0.7016,0.4500
10203558.0,4762.172055,13860.686650,18622.858705,434,174,0.00,0.6859,0.4500
10203567.0,4762.179857,13860.716950,18622.896807,435,174,0.00,0.6984,0.4625
10203650.0,4762.252612,13861.002608,18623.255220,436,174,0.00,0.7031,0.4750
10203864.0,4762.440870,13861.753000,18624.193870,437,174,0.00,0.7047,0.4750
10203963.0,4762.528131,13862.101150,18624.629281,438,175,0.00,0.7219,0.4875
10204220.0,4762.752690,13862.995033,18625.747723,439,175,0.00,0.6922,0.4750
10204481.0,4762.978989,13863.894133,18626.873122,440,175,0.00,0.6922,0.4750
10204608.0,4763.089695,13864.340750,18627.430445,441,175,0.00,0.6984,0.4875
10204958.0,4763.393724,13865.582308,18628.976033,442,176,0.00,0.6891,0.4750
10205784.0,4764.099181,13868.487075,18632.586256,443,176,0.00,0.6766,0.4875
10206323.0,4764.562478,13870.422983,18634.985461,444,176,0.00,0.6828,0.5000
10206679.0,4764.865662,13871.700942,18636.566604,445,177,0.00,0.6766,0.4750
10206725.0,4764.905182,13871.862408,18636.767590,446,178,0.00,0.6875,0.4750
10207027.0,4765.163529,13872.924442,18638.087970,447,179,0.00,0.6938,0.4875
10207773.0,4765.798667,13875.492975,18641.291642,448,180,0.00,0.6625,0.4500
10207852.0,4765.865707,13875.758942,18641.624649,449,180,0.00,0.6672,0.4625
10208156.0,4766.122938,13876.782183,18642.905121,450,180,0.00,0.6578,0.4500
10208723.0,4766.588649,13878.624258,18645.212907,451,181,0.00,0.6172,0.4250
10208961.0,4766.779477,13879.374375,18646.153852,452,182,0.00,0.6172,0.4250
10209700.0,4767.371918,13881.728917,18649.100834,453,182,0.00,0.5797,0.4250
10209742.0,4767.404854,13881.864017,18649.268871,454,183,0.00,0.5984,0.4250
10209881.0,4767.514939,13882.304008,18649.818947,455,184,0.00,0.5875,0.4125
10209881.0,4767.514939,13882.304008,18649.818947,456,185,0.00,0.6000,0.4250
10209987.0,4767.599511,13882.643700,18650.243211,457,185,0.00,0.5875,0.4250
10210514.0,4767.994973,13884.210558,18652.205531,458,185,0.00,0.5313,0.3875
10210900.0,4768.282203,13885.346217,18653.628420,459,185,0.00,0.5313,0.3875
10210977.0,4768.339686,13885.576575,18653.916261,460,185,0.00,0.5359,0.4000
10211166.0,4768.481191,13886.150475,18654.631666,461,185,0.00,0.5359,0.4000
10211442.0,4768.687638,13886.986300,18655.673938,462,186,0.00,0.5359,0.4000
10211861.0,4768.997456,13888.245958,18657.243414,463,187,0.00,0.5141,0.4000
10211972.0,4769.078836,13888.586358,18657.665195,464,187,0.00,0.5203,0.4125
10212039.0,4769.128157,13888.794900,18657.923057,465,187,0.00,0.5188,0.4125
10212048.0,4769.134789,13888.823175,18657.957964,466,187,0.00,0.5234,0.4250
10212372.0,4769.373386,13889.838450,18659.211836,467,187,0.00,0.5188,0.4125
10212413.0,4769.403595,13889.967258,18659.370853,468,187,0.00,0.5234,0.4250
10212621.0,4769.554933,13890.610525,18660.165458,469,187,0.00,0.5063,0.4000
10212626.0,4769.558568,13890.625858,18660.184427,470,187,0.00,0.5109,0.4125
10212828.0,4769.705265,13891.247050,18660.952315,471,188,0.00,0.4984,0.3750
10212954.0,4769.796112,13891.614550,18661.410662,472,188,0.00,0.5031,0.3875
10212968.0,4769.806257,13891.656433,18661.462691,473,188,0.00,0.5078,0.4000
10213190.0,4769.966548,13892.312183,18662.278731,474,189,0.00,0.5156,0.3750
10213497.0,4770.192001,13893.207600,18663.399601,475,189,0.00,0.5203,0.3875
10213546.0,4770.228164,13893.354192,18663.582356,476,190,0.00,0.5375,0.4000
10213708.0,4770.349711,13893.847317,18664.197027,477,190,0.00,0.5375,0.4000
10213806.0,4770.423347,13894.147850,18664.571197,478,191,0.00,0.5656,0.4125
10214358.0,4770.840166,13895.819500,18666.659666,479,192,0.00,0.5500,0.4000
10214440.0,4770.902110,13896.065867,18666.967977,480,193,0.00,0.5375,0.3750
10214507.0,4770.952315,13896.258433,18667.210748,481,193,0.00,0.5375,0.3750
10214575.0,4771.003118,13896.452267,18667.455384,482,193,0.00,0.5359,0.3750
10216472.0,4772.352326,13901.510058,18673.862385,483,194,0.00,0.4750,0.3250
10216775.0,4772.565268,13902.302908,18674.868176,484,194,0.00,0.4797,0.3375
10217437.0,4773.030977,13904.044817,18677.075794,485,195,0.00,0.5125,0.3375
10217925.0,4773.375508,13905.325800,18678.701308,486,196,0.00,0.4891,0.3375
10217925.0,4773.375508,13905.325800,18678.701308,487,197,0.00,0.5031,0.3500
10217931.0,4773.379856,13905.342400,18678.722256,488,198,0.00,0.5172,0.3625
10218490.0,4773.786884,13906.902317,18680.689200,489,198,0.00,0.5078,0.3625
10219969.0,4774.821451,13910.824642,18685.646093,490,199,0.00,0.4625,0.3250
10220673.0,4775.309363,13912.666775,18687.976138,491,200,0.00,0.4719,0.3375
10221884.0,4776.153013,13915.880408,18692.033422,492,200,0.00,0.4672,0.3375
10223133.0,4777.010287,13919.112400,18696.122687,493,200,0.00,0.4453,0.3125
10223139.0,4777.014365,13919.127650,18696.142015,494,200,0.00,0.4516,0.3250
10223622.0,4777.342785,13920.357300,18697.700085,495,200,0.00,0.4516,0.3250
10223679.0,4777.381805,13920.506450,18697.888255,496,200,0.00,0.4516,0.3250
10224392.0,4777.861323,13922.295183,18700.156506,497,200,0.00,0.4328,0.3125
10224738.0,4778.091590,13923.150825,18701.242415,498,200,0.00,0.4313,0.3125
10225414.0,4778.541805,13924.830742,18703.372547,499,200,0.00,0.4391,0.3125
10232587.0,4783.264550,13942.153492,18725.418042,500,200,0.00,0.4188,0.3000
10232803.0,4783.406900,13942.686292,18726.093192,501,200,0.00,0.4250,0.3125
10232974.0,4783.520075,13943.113717,18726.633792,502,201,0.00,0.4297,0.3125
10233819.0,4784.081376,13945.218750,18729.300126,503,201,0.00,0.4281,0.3125
10233991.0,4784.195983,13945.655917,18729.851900,504,201,0.00,0.4328,0.3250
10234226.0,4784.353016,13946.262433,18730.615450,505,202,0.00,0.4453,0.3250
10234994.0,4784.868865,13948.228008,18733.096873,506,203,0.00,0.4563,0.3125
10235081.0,4784.928738,13948.449133,18733.377871,507,204,0.00,0.4688,0.3250
10235553.0,4785.255967,13949.661700,18734.917667,508,205,0.00,0.4719,0.3250
10236016.0,4785.580228,13950.873217,18736.453444,509,206,0.00,0.5094,0.3375
10237589.0,4786.702815,13955.043083,18741.745899,510,207,0.00,0.4844,0.3375
10237776.0,4786.835598,13955.546425,18742.382023,511,208,0.00,0.5031,0.3500
10237776.0,4786.835598,13955.546425,18742.382023,512,209,0.00,0.5219,0.3625
10240480.0,4788.679579,13962.570892,18751.250471,513,210,0.00,0.4469,0.3125
10243457.0,4790.688718,13969.999283,18760.688002,514,210,0.00,0.4391,0.3125
10243762.0,4790.894540,13970.774492,18761.669032,515,210,0.00,0.4438,0.3250
10244313.0,4791.265640,13972.159950,18763.425590,516,211,0.00,0.4438,0.3125
10245093.0,4791.794368,13974.135025,18765.929393,517,212,0.00,0.4469,0.3125
10247114.0,4793.150685,13979.087458,18772.238143,518,212,0.00,0.4078,0.2875
10247202.0,4793.207931,13979.297925,18772.505856,519,213,0.00,0.4141,0.3000
10247867.0,4793.642345,13980.909158,18774.551503,520,214,0.00,0.4219,0.3000
10248468.0,4794.039882,13982.391625,18776.431507,521,214,0.00,0.4344,0.3125
10248939.0,4794.356008,13983.588750,18777.944758,522,215,0.00,0.4469,0.3250
10250349.0,4795.312503,13987.250650,18782.563153,523,216,0.00,0.4406,0.3250
10250498.0,4795.413233,13987.640533,18783.053766,524,216,0.00,0.4516,0.3375
10250736.0,4795.576156,13988.281150,18783.857306,525,217,0.00,0.4578,0.3500
10252397.0,4796.716214,13992.798658,18789.514873,526,217,0.00,0.4563,0.3500
10253468.0,4797.450256,13995.699733,18793.149989,527,218,0.00,0.4703,0.3500
10254758.0,4798.343371,13999.223658,18797.567030,528,218,0.00,0.4563,0.3500
10255346.0,4798.739219,14000.747933,18799.487152,529,219,0.00,0.4500,0.3250
10255420.0,4798.789785,14000.941567,18799.731352,530,220,0.00,0.4625,0.3375
10256013.0,4799.194418,14002.502100,18801.696518,531,221,0.00,0.4641,0.3375
10256133.0,4799.277730,14002.825100,18802.102830,532,222,0.00,0.4828,0.3500
10256855.0,4799.785882,14004.775908,18804.561790,533,223,0.00,0.4766,0.3375
10256862.0,4799.790810,14004.794750,18804.585560,534,224,0.00,0.4891,0.3500
10257764.0,4800.434581,14007.290283,18807.724864,535,224,0.00,0.5016,0.3500
10257967.0,4800.580899,14007.849142,18808.430041,536,224,0.00,0.4875,0.3500
10258602.0,4801.021242,14009.511475,18810.532717,537,224,0.00,0.4438,0.3125
10259147.0,4801.386051,14010.896683,18812.282735,538,225,0.00,0.4484,0.3250
10259693.0,4801.752659,14012.292683,18814.045343,539,225,0.00,0.4359,0.3250
10260104.0,4802.028292,14013.353283,18815.381575,540,225,0.00,0.4359,0.3250
10260162.0,4802.067291,14013.505050,18815.572341,541,226,0.00,0.4531,0.3375
10260165.0,4802.069348,14013.513125,18815.582473,542,226,0.00,0.4578,0.3500
10260217.0,4802.105026,14013.655267,18815.760293,543,226,0.00,0.4406,0.3375
10260412.0,4802.234155,14014.148492,18816.382647,544,226,0.00,0.4250,0.3125
10260448.0,4802.258055,14014.239992,18816.498047,545,226,0.00,0.4375,0.3250
10260477.0,4802.277590,14014.315875,18816.593465,546,226,0.00,0.4422,0.3375
10260513.0,4802.301918,14014.411950,18816.713868,547,227,0.00,0.4453,0.3375
10260574.0,4802.343379,14014.576142,18816.919520,548,228,0.00,0.4828,0.3500
10260773.0,4802.483400,14015.118683,18817.602084,549,228,0.00,0.4766,0.3500
10260845.0,4802.534088,14015.317883,18817.851971,550,229,0.00,0.4906,0.3625
10260976.0,4802.627408,14015.684967,18818.312375,551,229,0.00,0.4906,0.3625
10261103.0,4802.718205,14016.045858,18818.764063,552,230,0.00,0.5047,0.3750
10261187.0,4802.778665,14016.283508,18819.062173,553,231,0.00,0.5031,0.3625
10261340.0,4802.889536,14016.718283,18819.607820,554,232,0.00,0.5094,0.3750
10261372.0,4802.912881,14016.811617,18819.724498,555,233,0.00,0.5156,0.3875
10261514.0,4803.016907,14017.231183,18820.248090,556,233,0.00,0.5156,0.3875
10261661.0,4803.124860,14017.670958,18820.795818,557,233,0.00,0.5203,0.4000
10261763.0,4803.198173,14017.968983,18821.167156,558,234,0.00,0.5047,0.3750
10262406.0,4803.653836,14019.745025,18823.398861,559,234,0.00,0.4750,0.3500
10262527.0,4803.738520,14020.072967,18823.811487,560,235,0.00,0.4703,0.3375
10262679.0,4803.844788,14020.482100,18824.326888,561,236,0.00,0.4953,0.3500
10263507.0,4804.434364,14022.752050,18827.186414,562,236,0.00,0.4766,0.3500
10263618.0,4804.512249,14023.055175,18827.567424,563,236,0.00,0.4750,0.3500
10263824.0,4804.656806,14023.620683,18828.277490,564,236,0.00,0.4750,0.3500
10263869.0,4804.688431,14023.745183,18828.433615,565,236,0.00,0.4797,0.3625
10263993.0,4804.775955,14024.096050,18828.872005,566,236,0.00,0.4797,0.3625
10264830.0,4805.361996,14026.366825,18831.728821,567,236,0.00,0.4750,0.3500
10265011.0,4805.489199,14026.867592,18832.356791,568,237,0.00,0.4922,0.3625
10265140.0,4805.578964,14027.220742,18832.799706,569,238,0.00,0.4625,0.3500
10265185.0,4805.610152,14027.345242,18832.955393,570,239,0.00,0.5000,0.3625
10265558.0,4805.879540,14028.405183,18834.284724,571,240,0.00,0.5188,0.3750
10266148.0,4806.314256,14030.126017,18836.440272,572,240,0.00,0.5250,0.3875
10266395.0,4806.496286,14030.850408,18837.346694,573,240,0.00,0.5125,0.3750
10266690.0,4806.712209,14031.710825,18838.423034,574,241,0.00,0.5500,0.3875
10266884.0,4806.859865,14032.291208,18839.151073,575,241,0.00,0.5563,0.4000
10266902.0,4806.873652,14032.346408,18839.220061,576,242,0.00,0.5844,0.4125
10267235.0,4807.130532,14033.350133,18840.480665,577,243,0.00,0.5563,0.3875
10267517.0,4807.342890,14034.184408,18841.527298,578,243,0.00,0.5313,0.3875
10267882.0,4807.613749,14035.251317,18842.865066,579,244,0.00,0.5359,0.3750
10267984.0,4807.690267,14035.548817,18843.239084,580,244,0.00,0.5406,0.3875
10268036.0,4807.729465,14035.704383,18843.433849,581,244,0.00,0.5453,0.4000
10268198.0,4807.851821,14036.193908,18844.045730,582,245,0.00,0.5375,0.3875
10269999.0,4809.179610,14041.516275,18850.695885,583,245,0.00,0.4938,0.3750
10270109.0,4809.258369,14041.834783,18851.093152,584,245,0.00,0.4938,0.3750
10270559.0,4809.577317,14043.087658,18852.664975,585,245,0.00,0.4859,0.3625
10272218.0,4810.752019,14047.692558,18858.444577,586,245,0.00,0.4875,0.3625
10272751.0,4811.129385,14049.170192,18860.299577,587,245,0.00,0.4875,0.3625
10273015.0,4811.316931,14049.911842,18861.228773,588,245,0.00,0.4875,0.3625
10273175.0,4811.430420,14050.358633,18861.789054,589,245,0.00,0.4875,0.3625
10274502.0,4812.355361,14053.895150,18866.250511,590,246,0.00,0.4547,0.3125
10275038.0,4812.723582,14055.257483,18867.981065,591,246,0.00,0.4594,0.3250
10275406.0,4812.977732,14056.220417,18869.198149,592,246,0.00,0.4641,0.3375
10276050.0,4813.416902,14057.893850,18871.310752,593,247,0.00,0.4516,0.3250
10276746.0,4813.886960,14059.666450,18873.553410,594,247,0.00,0.4344,0.3125
10277009.0,4814.062332,14060.311283,18874.373616,595,247,0.00,0.4313,0.3000
10277188.0,4814.182039,14060.752817,18874.934855,596,247,0.00,0.4359,0.3125
10277517.0,4814.401779,14061.566225,18875.968004,597,248,0.00,0.4484,0.3000
10277525.0,4814.407236,14061.585958,18875.993194,598,249,0.00,0.4672,0.3000
10277534.0,4814.413506,14061.608158,18876.021665,599,250,0.00,0.4859,0.3000
10277694.0,4814.526670,14062.002825,18876.529495,600,251,0.00,0.4859,0.3000
10277875.0,4814.655413,14062.449292,18877.104704,601,252,0.00,0.5047,0.3000
10277915.0,4814.684447,14062.547958,18877.232406,602,252,0.00,0.5094,0.3125
10278278.0,4814.938455,14063.470583,18878.409038,603,253,0.00,0.4656,0.3250
10279220.0,4815.586398,14065.879908,18881.466307,604,253,0.00,0.4578,0.3250
10279624.0,4815.864304,14066.924367,18882.788670,605,254,0.00,0.4594,0.3250
10280071.0,4816.173013,14068.094017,18884.267030,606,254,0.00,0.4641,0.3375
10280529.0,4816.489396,14069.294025,18885.783421,607,255,0.00,0.4906,0.3250
10280778.0,4816.666568,14069.945575,18886.612143,608,255,0.00,0.4766,0.3375
10280815.0,4816.692616,14070.045167,18886.737782,609,256,0.00,0.5047,0.3500
10281084.0,4816.887586,14070.783475,18887.671061,610,256,0.00,0.5047,0.3500
10281304.0,4817.047135,14071.389217,18888.436352,611,257,0.00,0.5172,0.3500
10281564.0,4817.238388,14072.108550,18889.346938,612,258,0.00,0.5344,0.3625
10281591.0,4817.258610,14072.185275,18889.443885,613,258,0.00,0.5391,0.3750
10281731.0,4817.362794,14072.589558,18889.952352,614,258,0.00,0.5156,0.3750
10281756.0,4817.381153,14072.662475,18890.043628,615,259,0.00,0.5281,0.3875
10281935.0,4817.512480,14073.172858,18890.685338,616,260,0.00,0.5047,0.3500
10282240.0,4817.733869,14074.016692,18891.750561,617,260,0.00,0.5172,0.3625
10282253.0,4817.743432,14074.053633,18891.797065,618,260,0.00,0.5219,0.3750
10282268.0,4817.754387,14074.096633,18891.851020,619,260,0.00,0.5094,0.3750
10282330.0,4817.799568,14074.277092,18892.076660,620,260,0.00,0.5016,0.3750
10282361.0,4817.821991,14074.367433,18892.189424,621,261,0.00,0.5141,0.3750
10282412.0,4817.859349,14074.515508,18892.374858,622,261,0.00,0.5156,0.3750
10282878.0,4818.201229,14075.867700,18894.068929,623,262,0.00,0.5281,0.3750
10282886.0,4818.207182,14075.891033,18894.098215,624,262,0.00,0.5328,0.3875
10283250.0,4818.476175,14076.940550,18895.416725,625,263,0.00,0.5188,0.3625
10283282.0,4818.499753,14077.031483,18895.531236,626,264,0.00,0.5328,0.3750
10283554.0,4818.702110,14077.819042,18896.521151,627,265,0.00,0.5297,0.3750
10283834.0,4818.904020,14078.597683,18897.501703,628,266,0.00,0.5125,0.3625
10284010.0,4819.032842,14079.097817,18898.130659,629,266,0.00,0.5172,0.3750
10284572.0,4819.446025,14080.733608,18900.179633,630,267,0.00,0.5281,0.3750
10284612.0,4819.475789,14080.850275,18900.326064,631,268,0.00,0.5453,0.3875
10284914.0,4819.700942,14081.717683,18901.418626,632,268,0.00,0.5281,0.3750
10285049.0,4819.801395,14082.111433,18901.912829,633,268,0.00,0.5328,0.3875
10285062.0,4819.811116,14082.150325,18901.961441,634,269,0.00,0.5578,0.4000
10285584.0,4820.210228,14083.723150,18903.933378,635,270,0.00,0.5781,0.4000
10285684.0,4820.288527,14084.029817,18904.318343,636,270,0.00,0.5828,0.4125
10285696.0,4820.297966,14084.067517,18904.365483,637,270,0.00,0.5875,0.4250
10286148.0,4820.652780,14085.472250,18906.125030,638,271,0.00,0.5953,0.4125
10286237.0,4820.722905,14085.746608,18906.469513,639,271,0.00,0.5891,0.4000
10286458.0,4820.897814,14086.424267,18907.322080,640,271,0.00,0.5797,0.4000
10286759.0,4821.132987,14087.331133,18908.464120,641,272,0.00,0.5938,0.3750
10286819.0,4821.180695,14087.506133,18908.686829,642,272,0.00,0.5984,0.3875
10287519.0,4821.726997,14089.487800,18911.214797,643,273,0.00,0.5688,0.3375
10287566.0,4821.763454,14089.614308,18911.377763,644,274,0.00,0.5922,0.3500
10287684.0,4821.856055,14089.934700,18911.790755,645,275,0.00,0.6000,0.3375
10287821.0,4821.962737,14090.294833,18912.257570,646,276,0.00,0.5828,0.3375
10287906.0,4822.029600,14090.523625,18912.553225,647,277,0.00,0.6109,0.3500
10287971.0,4822.082153,14090.703458,18912.785612,648,277,0.00,0.6234,0.3625
10288025.0,4822.126338,14090.856908,18912.983246,649,278,0.00,0.6297,0.3750
10288056.0,4822.151853,14090.947325,18913.099178,650,278,0.00,0.6344,0.3875
10288251.0,4822.312145,14091.525525,18913.837670,651,279,0.00,0.6453,0.3875
10288632.0,4822.621710,14092.642325,18915.264035,652,279,0.00,0.6125,0.3875
10288768.0,4822.729473,14093.037417,18915.766890,653,280,0.00,0.5984,0.3625
10289332.0,4823.166108,14094.561967,18917.728075,654,280,0.00,0.5703,0.3500
10290217.0,4823.848632,14096.919717,18920.768349,655,281,0.00,0.5781,0.3375
10290217.0,4823.848632,14096.919717,18920.768349,656,282,0.00,0.5969,0.3500
10290268.0,4823.889308,14097.060817,18920.950125,657,283,0.00,0.6141,0.3625
10290883.0,4824.384010,14098.808442,18923.192451,658,284,0.00,0.6203,0.3625
10290997.0,4824.476890,14099.131717,18923.608607,659,285,0.00,0.6219,0.3625
10291056.0,4824.525094,14099.299375,18923.824469,660,286,0.00,0.6469,0.3625
10291241.0,4824.676553,14099.825083,18924.501636,661,287,0.00,0.6391,0.3750
10291568.0,4824.944619,14100.745533,18925.690153,662,287,0.00,0.6266,0.3625
10291594.0,4824.965957,14100.819417,18925.785373,663,287,0.00,0.6313,0.3750
10291860.0,4825.184741,14101.585350,18926.770091,664,288,0.00,0.6438,0.3750
10292589.0,4825.766254,14103.688800,18929.455054,665,288,0.00,0.5547,0.3625
10292824.0,4825.945972,14104.356592,18930.302563,666,289,0.00,0.5609,0.3750
10292995.0,4826.077576,14104.855342,18930.932918,667,289,0.00,0.5656,0.3875
10293013.0,4826.091495,14104.909192,18931.000687,668,290,0.00,0.5828,0.4000
10293874.0,4826.766324,14107.498967,18934.265291,669,291,0.00,0.5969,0.4000
10293926.0,4826.807798,14107.658433,18934.466231,670,291,0.00,0.6031,0.4125
10294021.0,4826.883154,14107.949167,18934.832320,671,292,0.00,0.5859,0.4000
10294984.0,4827.634213,14110.857067,18938.491279,672,293,0.00,0.5844,0.4000
10295521.0,4828.057287,14112.503867,18940.561153,673,293,0.00,0.5891,0.4125
10295551.0,4828.081031,14112.598117,18940.679148,674,293,0.00,0.5938,0.4250
10296005.0,4828.439782,14114.012358,18942.452141,675,294,0.00,0.6078,0.4125
10296154.0,4828.559888,14114.480467,18943.040354,676,294,0.00,0.6125,0.4250
10296182.0,4828.582560,14114.570533,18943.153093,677,295,0.00,0.6297,0.4375
10296641.0,4828.958991,14116.053283,18945.012274,678,295,0.00,0.6297,0.4375
10296892.0,4829.161872,14116.859392,18946.021263,679,296,0.00,0.6188,0.4000
10296892.0,4829.161872,14116.859392,18946.021263,680,297,0.00,0.6422,0.4000
10296894.0,4829.163537,14116.865525,18946.029062,681,298,0.00,0.6656,0.4000
10297478.0,4829.639418,14118.656458,18948.295876,682,299,0.00,0.6125,0.4125
10297481.0,4829.641847,14118.665883,18948.307731,683,299,0.00,0.6172,0.4250
10297562.0,4829.707730,14118.926433,18948.634163,684,300,0.00,0.6344,0.4375
10297584.0,4829.725918,14118.998850,18948.724768,685,301,0.00,0.6516,0.4500
10297724.0,4829.843369,14119.466808,18949.310177,686,301,0.00,0.6516,0.4500
10297734.0,4829.851770,14119.500475,18949.352245,687,302,0.00,0.6688,0.4625
10297773.0,4829.885055,14119.634700,18949.519755,688,302,0.00,0.6734,0.4750
10297877.0,4829.973567,14119.996908,18949.970476,689,302,0.00,0.6609,0.4750
10298377.0,4830.383667,14121.598492,18951.982159,690,302,0.00,0.5609,0.3750
10298794.0,4830.699197,14122.784442,18953.483639,691,303,0.00,0.5625,0.3750
10298876.0,4830.762406,14123.023608,18953.786014,692,304,0.00,0.5688,0.3875
10299155.0,4830.978824,14123.858283,18954.837108,693,305,0.00,0.5781,0.4000
10299397.0,4831.167699,14124.591042,18955.758741,694,305,0.00,0.5766,0.4000
10299470.0,4831.224692,14124.813333,18956.038026,695,306,0.00,0.5891,0.4000
10299478.0,4831.231024,14124.837867,18956.068891,696,307,0.00,0.6063,0.4125
10299568.0,4831.303462,14125.120617,18956.424078,697,308,0.00,0.6234,0.4250
10299841.0,4831.522838,14125.971242,18957.494079,698,308,0.00,0.6031,0.4125
10300035.0,4831.678509,14126.580725,18958.259234,699,308,0.00,0.6078,0.4250
10300246.0,4831.847946,14127.246167,18959.094113,700,309,0.00,0.6000,0.4125
10300654.0,4832.170817,14128.508167,18960.678983,701,309,0.00,0.5875,0.4125
10301249.0,4832.638480,14130.330658,18962.969138,702,309,0.00,0.5813,0.4000
10303030.0,4834.029487,14135.592517,18969.622003,703,309,0.00,0.5734,0.3750
10303910.0,4834.702169,14138.045933,18972.748102,704,310,0.00,0.5797,0.3625
10303910.0,4834.702169,14138.045933,18972.748102,705,311,0.00,0.5969,0.3750
10304054.0,4834.817019,14138.465933,18973.282952,706,311,0.00,0.6016,0.3875
10304304.0,4835.017133,14139.209950,18974.227083,707,311,0.00,0.6016,0.3875
10304349.0,4835.053188,14139.344575,18974.397763,708,311,0.00,0.6063,0.4000
10305348.0,4835.819293,14142.147850,18977.967143,709,311,0.00,0.5563,0.3625
10305589.0,4836.003834,14142.831492,18978.835326,710,311,0.00,0.5641,0.3625
10306030.0,4836.344308,14144.084667,18980.428974,711,311,0.00,0.5766,0.3750
10306555.0,4836.754738,14145.615917,18982.370654,712,311,0.00,0.5813,0.3875
10306710.0,4836.876404,14146.078125,18982.954529,713,312,0.00,0.5938,0.3875
10306993.0,4837.101428,14146.924767,18984.026195,714,313,0.00,0.6109,0.4000
10307276.0,4837.330236,14147.792633,18985.122869,715,314,0.00,0.6281,0.4125
10307415.0,4837.444477,14148.229325,18985.673802,716,315,0.00,0.6469,0.4125
10307447.0,4837.471243,14148.329858,18985.801102,717,316,0.00,0.6656,0.4125
10307455.0,4837.478052,14148.354992,18985.833043,718,317,0.00,0.6844,0.4125
10307522.0,4837.536048,14148.565483,18986.101532,719,318,0.00,0.7031,0.4125
10307762.0,4837.745208,14149.303358,18987.048566,720,318,0.00,0.6953,0.4125
10307826.0,4837.801153,14149.504425,18987.305578,721,319,0.00,0.7141,0.4125
10308033.0,4837.981945,14150.130450,18988.112395,722,320,0.00,0.6906,0.4000
10311803.0,4840.930002,14160.953408,19001.883411,723,320,0.00,0.5766,0.3750
10312991.0,4841.850725,14164.356533,19006.207259,724,320,0.00,0.5688,0.3750
10314009.0,4842.637403,14167.264425,19009.901828,725,320,0.00,0.5688,0.3750
10314591.0,4843.087531,14168.934625,19012.022156,726,320,0.00,0.5688,0.3750
10314949.0,4843.364741,14169.968742,19013.333482,727,320,0.00,0.5688,0.3750
10315182.0,4843.545430,14170.647350,19014.192780,728,321,0.00,0.5891,0.3750
10315828.0,4844.056735,14172.531517,19016.588251,729,321,0.00,0.5938,0.3875
10315953.0,4844.156127,14172.905475,19017.061602,730,322,0.00,0.6125,0.4000
10316091.0,4844.267628,14173.323725,19017.591353,731,322,0.00,0.6172,0.4000
10317757.0,4845.622699,14178.432792,19024.055491,732,323,0.00,0.6422,0.4125
10319606.0,4847.138381,14184.148433,19031.286814,733,323,0.00,0.6234,0.4125
10321771.0,4848.903061,14190.923967,19039.827027,734,323,0.00,0.6047,0.4125
10321913.0,4849.017178,14191.370083,19040.387262,735,323,0.00,0.6172,0.4250
10322676.0,4849.635056,14193.782400,19043.417456,736,323,0.00,0.6156,0.4250
10323648.0,4850.422000,14196.858225,19047.280225,737,324,0.00,0.6359,0.4250
10325258.0,4851.737560,14201.969783,19053.707344,738,325,0.00,0.6359,0.4250
10325800.0,4852.186310,14203.713217,19055.899527,739,326,0.00,0.6484,0.4375
10326430.0,4852.714044,14205.786967,19058.501011,740,326,0.00,0.6547,0.4500
10326485.0,4852.760384,14205.972133,19058.732517,741,326,0.00,0.6609,0.4625
10327751.0,4853.810641,14210.204183,19064.014824,742,326,0.00,0.6297,0.4375
10328513.0,4854.434059,14212.693008,19067.127067,743,326,0.00,0.6172,0.4375
10328589.0,4854.495875,14212.943175,19067.439050,744,326,0.00,0.6219,0.4500
10329249.0,4855.029260,14215.072850,19070.102110,745,326,0.00,0.5969,0.4125
10329323.0,4855.088280,14215.305333,19070.393613,746,326,0.00,0.6016,0.4250
10330595.0,4856.100141,14219.247083,19075.347224,747,327,0.00,0.6109,0.4125
10332019.0,4857.251455,14223.720817,19080.972272,748,327,0.00,0.6156,0.4250
10336967.0,4861.220175,14238.999008,19100.219184,749,327,0.00,0.5984,0.4000
10337134.0,4861.353572,14239.511142,19100.864714,750,328,0.00,0.6078,0.4125
10337702.0,4861.811424,14241.295608,19103.107032,751,328,0.00,0.6203,0.4125
10337703.0,4861.812239,14241.298750,19103.110989,752,328,0.00,0.6234,0.4000
10337704.0,4861.813058,14241.301817,19103.114874,753,328,0.00,0.6359,0.4000
10337720.0,4861.826305,14241.350883,19103.177188,754,328,0.00,0.6484,0.4000
10337723.0,4861.828818,14241.360083,19103.188901,755,328,0.00,0.6609,0.4000
10337728.0,4861.833055,14241.375417,19103.208472,756,328,0.00,0.6734,0.4000
10338528.0,4862.518749,14243.828750,19106.347499,757,328,0.00,0.6781,0.4125
10338801.0,4862.753453,14244.680575,19107.434028,758,329,0.00,0.6984,0.4125
10340196.0,4863.971241,14249.015350,19112.986591,759,330,0.00,0.6813,0.4000
10340427.0,4864.170639,14249.723750,19113.894389,760,330,0.00,0.6859,0.4125
10341278.0,4864.905105,14252.340758,19117.245863,761,331,0.00,0.6734,0.4000
10342138.0,4865.642226,14254.978092,19120.620318,762,332,0.00,0.6906,0.4125
10342211.0,4865.705772,14255.207433,19120.913205,763,332,0.00,0.6953,0.4250
10343681.0,4866.962860,14259.688883,19126.651743,764,332,0.00,0.6391,0.3750
10343714.0,4866.990263,14259.785133,19126.775396,765,333,0.00,0.6563,0.3875
10343715.0,4866.991106,14259.788125,19126.779231,766,334,0.00,0.6734,0.4000
10344030.0,4867.261099,14260.754125,19128.015224,767,334,0.00,0.6781,0.4125
10344375.0,4867.557501,14261.826450,19129.383951,768,335,0.00,0.6922,0.4000
10344402.0,4867.581037,14261.909250,19129.490287,769,336,0.00,0.7109,0.4000
10344404.0,4867.582809,14261.915383,19129.498193,770,337,0.00,0.7281,0.4125
10344444.0,4867.618795,14262.041050,19129.659845,771,338,0.00,0.7453,0.4250
10344553.0,4867.718315,14262.391667,19130.109981,772,339,0.00,0.7641,0.4250
10344582.0,4867.745215,14262.484950,19130.230165,773,340,0.00,0.7828,0.4250
10344620.0,4867.781018,14262.607183,19130.388202,774,340,0.00,0.7891,0.4375
10344645.0,4867.804694,14262.689475,19130.494169,775,340,0.00,0.7953,0.4500
10345184.0,4868.294387,14264.495858,19132.790245,776,340,0.00,0.7188,0.4500
10345822.0,4868.861969,14266.607942,19135.469911,777,340,0.00,0.7141,0.4375
10345859.0,4868.894852,14266.729733,19135.624585,778,340,0.00,0.7188,0.4500
10345885.0,4868.918053,14266.817267,19135.735320,779,340,0.00,0.7313,0.4500
10345975.0,4868.999241,14267.120267,19136.119507,780,341,0.00,0.7484,0.4625
10347405.0,4870.269514,14271.623350,19141.892864,781,342,0.00,0.7375,0.4250
10347728.0,4870.561268,14272.655658,19143.216926,782,342,0.00,0.7250,0.4250
10347817.0,4870.641120,14272.941942,19143.583062,783,342,0.00,0.7313,0.4375
10347973.0,4870.781736,14273.453192,19144.234928,784,343,0.00,0.7453,0.4250
10347977.0,4870.785388,14273.466058,19144.251446,785,344,0.00,0.7641,0.4250
10348022.0,4870.827130,14273.610808,19144.437939,786,345,0.00,0.7828,0.4250
10348057.0,4870.860107,14273.723392,19144.583498,787,346,0.00,0.8109,0.4375
10348094.0,4870.895777,14273.845183,19144.740960,788,346,0.00,0.8156,0.4500
10348096.0,4870.897713,14273.851917,19144.749629,789,347,0.00,0.8344,0.4500
10348132.0,4870.933075,14273.973117,19144.906192,790,348,0.00,0.8531,0.4500
10348477.0,4871.259601,14275.079117,19146.338718,791,349,0.00,0.7656,0.4250
10348594.0,4871.366814,14275.447442,19146.814255,792,350,0.00,0.7672,0.4250
10349004.0,4871.743139,14276.760050,19148.503189,793,351,0.00,0.7594,0.4250
10349014.0,4871.752204,14276.791542,19148.543745,794,352,0.00,0.7531,0.4125
10349068.0,4871.801835,14276.961192,19148.763027,795,353,0.00,0.7719,0.4125
10349201.0,4871.926015,14277.379033,19149.305048,796,354,0.00,0.7969,0.4250
10349365.0,4872.082327,14277.906567,19149.988894,797,355,0.00,0.8141,0.4375
10349476.0,4872.187836,14278.268792,19150.456628,798,355,0.00,0.7906,0.4375
10349496.0,4872.206801,14278.334625,19150.541426,799,355,0.00,0.7969,0.4500
10349561.0,4872.268754,14278.553458,19150.822213,800,356,0.00,0.8219,0.4625
10349678.0,4872.381276,14278.951783,19151.333060,801,356,0.00,0.8000,0.4625
10350125.0,4872.803354,14280.432533,19153.235887,802,357,0.00,0.7938,0.4250
10350130.0,4872.808107,14280.448617,19153.256724,803,358,0.00,0.8125,0.4250
10350591.0,4873.247214,14281.924825,19155.172039,804,359,0.00,0.8063,0.4125
10350733.0,4873.382446,14282.367867,19155.750312,805,360,0.00,0.7813,0.4000
10352281.0,4874.764569,14286.999342,19161.763911,806,360,0.00,0.7125,0.4000
10352735.0,4875.161189,14288.357333,19163.518523,807,360,0.00,0.6734,0.3875
10352776.0,4875.196331,14288.479992,19163.676323,808,361,0.00,0.6984,0.3875
10352901.0,4875.305475,14288.845175,19164.150650,809,362,0.00,0.7125,0.3750
10352949.0,4875.348075,14288.985175,19164.333250,810,363,0.00,0.7313,0.3750
10353010.0,4875.403102,14289.163092,19164.566194,811,364,0.00,0.7500,0.3750
10353158.0,4875.537835,14289.589958,19165.127794,812,365,0.00,0.7547,0.3750
10353265.0,4875.636309,14289.902042,19165.538351,813,365,0.00,0.7594,0.3875
10353271.0,4875.641853,14289.919992,19165.561844,814,365,0.00,0.7641,0.4000
10353550.0,4875.900217,14290.766592,19166.666808,815,365,0.00,0.7656,0.4000
10354340.0,4876.594993,14293.152958,19169.747951,816,365,0.00,0.6609,0.4000
10354524.0,4876.750914,14293.717225,19170.468139,817,365,0.00,0.6656,0.4125
10354755.0,4876.947110,14294.435600,19171.382710,818,366,0.00,0.6781,0.4000
10354939.0,4877.105490,14294.999867,19172.105357,819,367,0.00,0.6953,0.4125
10354953.0,4877.117728,14295.043850,19172.161578,820,368,0.00,0.7047,0.4250
10355046.0,4877.198661,14295.338725,19172.537386,821,368,0.00,0.6859,0.4250
10355210.0,4877.340703,14295.863783,19173.204486,822,368,0.00,0.6859,0.4250
10356350.0,4878.312994,14299.366833,19177.679827,823,368,0.00,0.6531,0.4000
10356972.0,4878.834570,14301.238825,19180.073395,824,368,0.00,0.6531,0.4000
10358451.0,4880.048793,14305.524600,19185.573393,825,368,0.00,0.6250,0.3750
10358521.0,4880.106086,14305.727717,19185.833802,826,369,0.00,0.6438,0.3625
10358810.0,4880.347120,14306.548958,19186.896078,827,369,0.00,0.6484,0.3750
10359007.0,4880.512141,14307.123542,19187.635683,828,370,0.00,0.6656,0.3875
10359031.0,4880.532490,14307.193767,19187.726256,829,370,0.00,0.6672,0.3875
10359296.0,4880.757234,14307.969533,19188.726768,830,371,0.00,0.6781,0.3875
10359591.0,4881.007710,14308.830100,19189.837810,831,371,0.00,0.6609,0.3750
10360992.0,4882.177778,14312.769500,19194.947278,832,372,0.00,0.6375,0.3625
10361018.0,4882.199336,14312.843383,19195.042720,833,373,0.00,0.6609,0.3625
10361057.0,4882.232385,14312.954208,19195.186593,834,374,0.00,0.6781,0.3750
10361087.0,4882.258208,14313.041708,19195.299916,835,374,0.00,0.6828,0.3875
10361148.0,4882.310937,14313.224200,19195.535137,836,374,0.00,0.6953,0.4000
10362004.0,4883.048758,14315.733467,19198.782225,837,375,0.00,0.7016,0.3750
10362009.0,4883.053153,14315.748050,19198.801203,838,376,0.00,0.7203,0.3750
10362192.0,4883.215092,14316.281800,19199.496892,839,377,0.00,0.7141,0.3875
10362242.0,4883.259527,14316.431383,19199.690911,840,377,0.00,0.7188,0.4000
10362464.0,4883.453803,14317.112183,19200.565987,841,378,0.00,0.6953,0.4125
10362608.0,4883.579157,14317.553858,19201.133015,842,379,0.00,0.7094,0.4000
10362627.0,4883.595973,14317.612125,19201.208098,843,379,0.00,0.7156,0.4125
10363056.0,4883.977754,14318.959900,19202.937654,844,379,0.00,0.7219,0.4250
10364477.0,4885.234571,14323.448958,19208.683529,845,380,0.00,0.6828,0.3750
10364499.0,4885.253384,14323.513125,19208.766509,846,381,0.00,0.6813,0.3875
10365106.0,4885.761719,14325.329067,19211.090786,847,381,0.00,0.5984,0.4000
10365188.0,4885.827219,14325.580533,19211.407753,848,381,0.00,0.6031,0.4125
10365764.0,4886.286390,14327.327808,19213.614198,849,382,0.00,0.6188,0.3875
10365812.0,4886.325490,14327.471408,19213.796898,850,383,0.00,0.6438,0.3875
10365815.0,4886.327992,14327.480383,19213.808375,851,384,0.00,0.6688,0.3875
10366402.0,4886.828980,14329.236492,19216.065472,852,384,0.00,0.6734,0.4000
10366634.0,4887.026961,14329.933858,19216.960820,853,385,0.00,0.6813,0.3750
10366655.0,4887.045088,14329.995108,19217.040197,854,386,0.00,0.6938,0.3875
10366655.0,4887.045088,14329.995108,19217.040197,855,387,0.00,0.7063,0.4000
10366673.0,4887.060976,14330.050308,19217.111284,856,388,0.00,0.7250,0.4000
10366675.0,4887.062770,14330.056442,19217.119212,857,389,0.00,0.7438,0.4000
10366864.0,4887.231465,14330.636042,19217.867507,858,390,0.00,0.7125,0.4000
10366923.0,4887.282934,14330.816975,19218.099909,859,390,0.00,0.6922,0.4125
10367089.0,4887.427636,14331.338492,19218.766128,860,391,0.00,0.7094,0.4125
10367276.0,4887.592634,14331.915483,19219.508117,861,392,0.00,0.7234,0.4000
10367461.0,4887.758395,14332.482817,19220.241211,862,393,0.00,0.7422,0.4000
10367581.0,4887.867199,14332.850817,19220.718016,863,394,0.00,0.7484,0.4000
10368044.0,4888.291053,14334.270683,19222.561736,864,395,0.00,0.7656,0.4125
10368051.0,4888.297555,14334.292675,19222.590230,865,396,0.00,0.7828,0.4250
10368169.0,4888.406850,14334.672242,19223.079092,866,397,0.00,0.7656,0.4250
10368553.0,4888.758948,14335.907442,19224.666389,867,398,0.00,0.7656,0.4250
10368935.0,4889.106057,14337.122708,19226.228765,868,399,0.00,0.7563,0.4250
10369049.0,4889.211111,14337.489408,19226.700519,869,399,0.00,0.7609,0.4375
10369221.0,4889.370241,14338.055575,19227.425816,870,400,0.00,0.7844,0.4375
10369226.0,4889.374958,14338.072033,19227.446991,871,401,0.00,0.8078,0.4375
10369226.0,4889.374958,14338.072033,19227.446991,872,402,0.00,0.8313,0.4375
10369368.0,4889.511797,14338.530225,19228.042022,873,402,0.00,0.8250,0.4375
10369381.0,4889.524472,14338.573017,19228.097489,874,402,0.00,0.8297,0.4500
10369594.0,4889.732563,14339.289292,19229.021855,875,402,0.00,0.8109,0.4500
10369742.0,4889.874460,14339.786433,19229.660894,876,403,0.00,0.7844,0.4375
10369814.0,4889.942066,14340.018033,19229.960099,877,403,0.00,0.7781,0.4250
10369891.0,4890.014334,14340.265717,19230.280050,878,403,0.00,0.7797,0.4375
10369903.0,4890.025611,14340.305217,19230.330827,879,404,0.00,0.8047,0.4500
10370121.0,4890.226867,14341.027675,19231.254542,880,405,0.00,0.7594,0.4375
10370192.0,4890.292468,14341.261383,19231.553851,881,406,0.00,0.7688,0.4500
10370195.0,4890.295262,14341.271483,19231.566745,882,406,0.00,0.7734,0.4625
10370418.0,4890.501148,14342.038975,19232.540123,883,406,0.00,0.7594,0.4750
10370444.0,4890.525163,14342.130258,19232.655422,884,406,0.00,0.7609,0.4750
10370779.0,4890.835071,14343.307817,19234.142888,885,406,0.00,0.7609,0.4750
10370813.0,4890.866523,14343.427308,19234.293832,886,406,0.00,0.7609,0.4750
10370815.0,4890.868374,14343.434342,19234.302715,887,406,0.00,0.7656,0.4875
10371165.0,4891.182626,14344.589275,19235.771901,888,407,0.00,0.7406,0.4375
10371552.0,4891.534554,14345.863150,19237.397704,889,407,0.00,0.7453,0.4500
10372302.0,4892.190566,14348.281725,19240.472291,890,407,0.00,0.6594,0.4250
10373128.0,4892.861707,14350.816892,19243.678599,891,408,0.00,0.6109,0.4125
10373910.0,4893.493960,14353.273675,19246.767635,892,408,0.00,0.6156,0.4250
10374150.0,4893.688738,14354.042825,19247.731563,893,408,0.00,0.6156,0.4250
10374297.0,4893.808124,14354.515675,19248.323799,894,409,0.00,0.6328,0.4375
10374731.0,4894.163965,14355.894158,19250.058123,895,409,0.00,0.6281,0.4250
10374738.0,4894.169718,14355.916675,19250.086393,896,409,0.00,0.6453,0.4375
10375197.0,4894.552832,14357.422150,19251.974982,897,410,0.00,0.6781,0.4375
10375570.0,4894.864209,14358.618367,19253.482576,898,410,0.00,0.6281,0.4250
10375735.0,4894.999778,14359.148292,19254.148070,899,411,0.00,0.6406,0.4250
10376533.0,4895.657471,14361.681967,19257.339437,900,411,0.00,0.6109,0.4125
10376672.0,4895.769773,14362.117008,19257.886781,901,411,0.00,0.6109,0.4125
10377381.0,4896.342329,14364.334025,19260.676354,902,411,0.00,0.6094,0.4125
10378015.0,4896.847053,14366.286017,19263.133070,903,412,0.00,0.6297,0.4125
10378118.0,4896.931831,14366.609608,19263.541440,904,412,0.00,0.6344,0.4250
10378476.0,4897.227245,14367.749700,19264.976945,905,412,0.00,0.6359,0.4250
10379019.0,4897.675273,14369.464475,19267.139748,906,413,0.00,0.6563,0.4125
10379145.0,4897.781360,14369.855675,19267.637035,907,413,0.00,0.6563,0.4125
10380337.0,4898.771207,14373.435617,19272.206823,908,413,0.00,0.6469,0.3875
10380823.0,4899.177725,14374.889567,19274.067292,909,414,0.00,0.6641,0.4000
10381421.0,4899.685922,14376.723433,19276.409355,910,415,0.00,0.6891,0.4125
10381988.0,4900.178798,14378.504758,19278.683556,911,416,0.00,0.7141,0.4250
10382067.0,4900.249007,14378.758875,19279.007882,912,416,0.00,0.7188,0.4375
10383004.0,4901.082221,14381.782942,19282.865163,913,417,0.00,0.7391,0.4250
10383430.0,4901.469097,14383.153242,19284.622339,914,417,0.00,0.7516,0.4375
10383479.0,4901.514074,14383.314533,19284.828607,915,417,0.00,0.7563,0.4500
10384096.0,4902.076794,14385.346542,19287.423335,916,417,0.00,0.7500,0.4500
10384599.0,4902.530819,14387.003675,19289.534494,917,417,0.00,0.7375,0.4500
10384661.0,4902.587049,14387.212408,19289.799458,918,418,0.00,0.7500,0.4625
10384668.0,4902.593466,14387.236500,19289.829966,919,419,0.00,0.7625,0.4750
10387214.0,4904.883846,14395.656983,19300.540829,920,420,0.00,0.7172,0.4250
10387343.0,4904.997734,14396.065933,19301.063668,921,420,0.00,0.7047,0.4250
10387422.0,4905.067367,14396.320050,19301.387417,922,421,0.00,0.7219,0.4375
10387797.0,4905.401969,14397.535000,19302.936969,923,421,0.00,0.7234,0.4375
10388808.0,4906.307832,14400.862875,19307.170707,924,421,0.00,0.7281,0.4500
10389446.0,4906.877838,14402.941208,19309.819046,925,421,0.00,0.7297,0.4375
10390019.0,4907.389019,14404.788633,19312.177652,926,421,0.00,0.7297,0.4375
10390460.0,4907.782646,14406.212058,19313.994704,927,421,0.00,0.7234,0.4375
10390495.0,4907.814006,14406.327267,19314.141273,928,421,0.00,0.7297,0.4500
10390956.0,4908.225131,14407.814875,19316.040006,929,422,0.00,0.7297,0.4375
10391797.0,4908.979805,14410.560367,19319.540172,930,422,0.00,0.7234,0.4375
10392044.0,4909.200049,14411.356908,19320.556958,931,423,0.00,0.7297,0.4375
10392058.0,4909.212662,14411.402992,19320.615653,932,424,0.00,0.7438,0.4500
10392193.0,4909.334913,14411.851717,19321.186630,933,424,0.00,0.7344,0.4500
10392464.0,4909.579570,14412.754483,19322.334053,934,425,0.00,0.7672,0.4500
10392524.0,4909.635372,14412.956483,19322.591855,935,425,0.00,0.7734,0.4625
10392696.0,4909.790598,14413.525050,19323.315648,936,426,0.00,0.7484,0.4375
10392972.0,4910.040683,14414.419075,19324.459758,937,427,0.00,0.7453,0.4375
10393119.0,4910.173836,14414.895675,19325.069511,938,428,0.00,0.7500,0.4250
10393303.0,4910.342430,14415.487542,19325.829971,939,429,0.00,0.7563,0.4375
10393371.0,4910.405094,14415.711375,19326.116469,940,430,0.00,0.7813,0.4375
10393490.0,4910.514877,14416.095133,19326.610010,941,430,0.00,0.7438,0.4375
10393737.0,4910.739019,14416.891600,19327.630619,942,430,0.00,0.7438,0.4375
10394338.0,4911.284238,14418.827067,19330.111305,943,431,0.00,0.7547,0.4375
10395111.0,4911.989427,14421.355550,19333.344977,944,432,0.00,0.7547,0.4375
10395459.0,4912.309696,14422.501050,19334.810746,945,433,0.00,0.7797,0.4500
10395753.0,4912.585984,14423.490850,19336.076834,946,433,0.00,0.7859,0.4625
10395756.0,4912.588818,14423.501175,19336.089993,947,433,0.00,0.7906,0.4750
10395807.0,4912.636985,14423.679025,19336.316010,948,433,0.00,0.7828,0.4750
10396804.0,4913.557095,14426.985117,19340.542212,949,433,0.00,0.7609,0.4500
10397715.0,4914.391881,14429.963800,19344.355681,950,433,0.00,0.7297,0.4375
10398156.0,4914.789163,14431.415425,19346.204588,951,434,0.00,0.7547,0.4375
10398158.0,4914.791004,14431.422008,19346.213012,952,435,0.00,0.7797,0.4375
10398305.0,4914.929148,14431.905883,19346.835032,953,435,0.00,0.7844,0.4500
10398509.0,4915.121566,14432.591933,19347.713499,954,436,0.00,0.7938,0.4500
10398781.0,4915.380155,14433.507667,19348.887822,955,437,0.00,0.8078,0.4625
10399394.0,4915.960963,14435.561008,19351.521971,956,437,0.00,0.7813,0.4500
10399531.0,4916.089876,14436.022242,19352.112118,957,437,0.00,0.7859,0.4625
10401633.0,4918.028776,14442.961800,19360.990576,958,438,0.00,0.7703,0.4500
10402311.0,4918.659850,14445.238550,19363.898400,959,438,0.00,0.7641,0.4500
10402526.0,4918.857554,14445.949033,19364.806588,960,438,0.00,0.7563,0.4500
10402709.0,4919.026194,14446.565133,19365.591327,961,438,0.00,0.7609,0.4625
10402870.0,4919.174358,14447.107242,19366.281600,962,438,0.00,0.7359,0.4500
10403370.0,4919.622024,14448.729825,19368.351849,963,439,0.00,0.7266,0.4250
10403581.0,4919.811594,14449.408542,19369.220136,964,439,0.00,0.7313,0.4375
10403901.0,4920.100148,14450.459550,19370.559698,965,439,0.00,0.7313,0.4375
10404065.0,4920.248089,14450.999383,19371.247473,966,439,0.00,0.7375,0.4500
10405496.0,4921.524308,14455.546558,19377.070867,967,439,0.00,0.7188,0.4250
10405820.0,4921.813433,14456.588758,19378.402192,968,440,0.00,0.7328,0.4375
10406065.0,4922.034741,14457.395217,19379.429958,969,440,0.00,0.7391,0.4500
10406217.0,4922.172782,14457.906950,19380.079732,970,440,0.00,0.7453,0.4625
10407411.0,4923.255428,14461.983450,19385.238878,971,440,0.00,0.7078,0.4500
10408533.0,4924.246403,14465.749900,19389.996303,972,440,0.00,0.7063,0.4500
10408945.0,4924.609323,14467.122042,19391.731365,973,440,0.00,0.7000,0.4375
10409135.0,4924.776101,14467.747458,19392.523559,974,441,0.00,0.7188,0.4500
10409788.0,4925.353623,14469.881992,19395.235615,975,441,0.00,0.6813,0.4375
10409812.0,4925.374340,14469.960992,19395.335332,976,442,0.00,0.7094,0.4500
10410605.0,4926.061072,14472.534383,19398.595456,977,442,0.00,0.6797,0.4375
10410767.0,4926.200713,14473.067633,19399.268346,978,443,0.00,0.6922,0.4500
10410937.0,4926.348848,14473.638842,19399.987689,979,444,0.00,0.7125,0.4500
10412019.0,4927.270039,14477.281575,19404.551614,980,445,0.00,0.6875,0.4625
10412233.0,4927.455803,14478.018092,19405.473895,981,445,0.00,0.6922,0.4750
10414545.0,4929.444984,14485.913350,19415.358334,982,445,0.00,0.6422,0.4500
10416283.0,4930.866754,14491.499717,19422.366470,983,446,0.00,0.6297,0.4250
10418049.0,4932.319447,14497.173525,19429.492972,984,447,0.00,0.6406,0.4250
10418677.0,4932.833742,14499.160892,19431.994633,985,448,0.00,0.6297,0.4250
10419148.0,4933.221417,14500.675942,19433.897359,986,448,0.00,0.6344,0.4375
10419857.0,4933.805703,14502.971258,19436.776961,987,449,0.00,0.6547,0.4250
10419916.0,4933.855412,14503.161042,19437.016454,988,449,0.00,0.6594,0.4375
10420053.0,4933.971339,14503.612000,19437.583339,989,450,0.00,0.6781,0.4500
10421819.0,4935.446270,14509.320908,19444.767178,990,450,0.00,0.6469,0.4375
10422335.0,4935.876712,14510.995333,19446.872046,991,451,0.00,0.6516,0.4375
10422609.0,4936.106901,14511.897250,19448.004151,992,452,0.00,0.6750,0.4500
10423053.0,4936.487119,14513.382975,19449.870094,993,453,0.00,0.6750,0.4500
10423312.0,4936.709427,14514.254942,19450.964369,994,453,0.00,0.6797,0.4625
10424039.0,4937.333935,14516.712783,19454.046718,995,453,0.00,0.6828,0.4375
10424040.0,4937.334799,14516.716075,19454.050874,996,453,0.00,0.6953,0.4375
10424046.0,4937.340044,14516.735825,19454.075869,997,453,0.00,0.7078,0.4375
10424050.0,4937.343579,14516.748992,19454.092571,998,453,0.00,0.7203,0.4375
10424998.0,4938.173806,14519.750917,19457.924723,999,453,0.00,0.6734,0.4125
10426697.0,4939.616571,14524.956008,19464.572579,1000,454,0.00,0.6875,0.4000
10426770.0,4939.679939,14525.179875,19464.859814,1001,454,0.00,0.6922,0.4125
10427770.0,4940.548760,14528.262292,19468.811052,1002,455,0.00,0.7125,0.4000
10429667.0,4942.232348,14534.079758,19476.312106,1003,456,0.00,0.7188,0.4125
10429978.0,4942.509872,14535.056817,19477.566689,1004,456,0.00,0.7250,0.4250
10430148.0,4942.661714,14535.593075,19478.254789,1005,456,0.00,0.7234,0.4250
10430353.0,4942.845261,14536.249717,19479.094977,1006,456,0.00,0.7234,0.4250
10430809.0,4943.252775,14537.694617,19480.947392,1007,457,0.00,0.7563,0.4250
10430841.0,4943.282264,14537.797550,19481.079814,1008,458,0.00,0.7625,0.4375
10430899.0,4943.334886,14537.985617,19481.320503,1009,458,0.00,0.7297,0.4375
10431794.0,4944.138611,14540.879158,19485.017770,1010,458,0.00,0.7313,0.4375
10432303.0,4944.595438,14542.518617,19487.114055,1011,458,0.00,0.7297,0.4375
10432317.0,4944.608051,14542.564700,19487.172751,1012,458,0.00,0.7344,0.4500
10432820.0,4945.059553,14544.209308,19489.268861,1013,458,0.00,0.6688,0.4250
10432946.0,4945.167090,14544.614608,19489.781698,1014,459,0.00,0.6859,0.4375
10433225.0,4945.407937,14545.517533,19490.925470,1015,459,0.00,0.6844,0.4375
10433505.0,4945.646891,14546.420225,19492.067116,1016,459,0.00,0.6719,0.4375
10433553.0,4945.687861,14546.575900,19492.263761,1017,459,0.00,0.6734,0.4375
10433611.0,4945.737345,14546.762467,19492.499811,1018,459,0.00,0.6609,0.4125
10433709.0,4945.820389,14547.070350,19492.890739,1019,460,0.00,0.6781,0.4250
10433799.0,4945.897698,14547.356550,19493.254248,1020,460,0.00,0.6906,0.4250
10433959.0,4946.036976,14547.871217,19493.908192,1021,460,0.00,0.6969,0.4375
10434155.0,4946.206891,14548.504008,19494.710899,1022,461,0.00,0.6656,0.4125
10434472.0,4946.472794,14549.478167,19495.950961,1023,461,0.00,0.6531,0.4125
10434545.0,4946.534211,14549.707508,19496.241719,1024,461,0.00,0.6703,0.4250
10434573.0,4946.558142,14549.797575,19496.355717,1025,461,0.00,0.6875,0.4375
10434999.0,4946.922253,14551.147175,19498.069428,1026,461,0.00,0.6531,0.4125
10435326.0,4947.196334,14552.158600,19499.354934,1027,462,0.00,0.6719,0.4000
10435374.0,4947.237418,14552.305800,19499.543218,1028,463,0.00,0.6891,0.4125
10435598.0,4947.432134,14553.009533,19500.441668,1029,464,0.00,0.7016,0.4250
10435669.0,4947.494543,14553.237917,19500.732459,1030,465,0.00,0.7156,0.4375
10436334.0,4948.086347,14555.426875,19503.513222,1031,466,0.00,0.7297,0.4500
10436385.0,4948.132291,14555.598575,19503.730866,1032,466,0.00,0.7469,0.4625
10436392.0,4948.138690,14555.622667,19503.761357,1033,466,0.00,0.7531,0.4750
10436392.0,4948.138690,14555.622667,19503.761357,1034,466,0.00,0.7656,0.4750
10436424.0,4948.168405,14555.735050,19503.903455,1035,466,0.00,0.7781,0.4750
10436454.0,4948.196562,14555.840550,19504.037112,1036,466,0.00,0.7828,0.4875
10436461.0,4948.203130,14555.865542,19504.068672,1037,466,0.00,0.7719,0.4875
10436556.0,4948.291494,14556.199850,19504.491344,1038,466,0.00,0.7734,0.4875
10436721.0,4948.444496,14556.785425,19505.229921,1039,466,0.00,0.7609,0.4875
10437388.0,4949.048227,14559.087992,19508.136219,1040,466,0.00,0.7203,0.4625
10437520.0,4949.166113,14559.540942,19508.707055,1041,466,0.00,0.7203,0.4625
10437771.0,4949.389030,14560.383650,19509.772680,1042,466,0.00,0.7125,0.4500
10437793.0,4949.408555,14560.457717,19509.866272,1043,466,0.00,0.7250,0.4625
10438117.0,4949.694866,14561.525117,19511.219982,1044,467,0.00,0.7203,0.4375
10438120.0,4949.697546,14561.534992,19511.232538,1045,467,0.00,0.7250,0.4500
10438490.0,4950.028687,14562.763558,19512.792246,1046,467,0.00,0.7250,0.4500
10438646.0,4950.168322,14563.281933,19513.450256,1047,467,0.00,0.7375,0.4500
10438828.0,4950.333386,14563.894667,19514.228053,1048,468,0.00,0.7516,0.4625
10438984.0,4950.476576,14564.431567,19514.908142,1049,469,0.00,0.7656,0.4750
10439238.0,4950.712496,14565.324800,19516.037296,1050,469,0.00,0.7703,0.4875
10439500.0,4950.956025,14566.260492,19517.216517,1051,469,0.00,0.7734,0.4875
10439612.0,4951.059838,14566.657733,19517.717571,1052,469,0.00,0.7625,0.4875
10439715.0,4951.154998,14567.023700,19518.178698,1053,469,0.00,0.7609,0.4875
10439780.0,4951.215135,14567.257158,19518.472293,1054,469,0.00,0.7656,0.5000
10440062.0,4951.470890,14568.258608,19519.729499,1055,469,0.00,0.7313,0.4750
10440135.0,4951.536134,14568.510900,19520.047034,1056,469,0.00,0.7172,0.4625
10440474.0,4951.837652,14569.665700,19521.503352,1057,469,0.00,0.7000,0.4500
10441228.0,4952.497379,14572.160592,19524.657970,1058,470,0.00,0.7094,0.4500
10441289.0,4952.551368,14572.365958,19524.917326,1059,470,0.00,0.7156,0.4625
10441620.0,4952.844467,14573.482500,19526.326967,1060,470,0.00,0.7141,0.4625
10442134.0,4953.299980,14575.225042,19528.525021,1061,471,0.00,0.7328,0.4625
10442271.0,4953.423731,14575.696550,19529.120281,1062,472,0.00,0.7578,0.4625
10443884.0,4954.870991,14581.247958,19536.118949,1063,472,0.00,0.7266,0.4750
10444492.0,4955.412390,14583.341542,19538.753931,1064,472,0.00,0.7000,0.4750
10445046.0,4955.879804,14585.162350,19541.042154,1065,472,0.00,0.6359,0.4250
10445431.0,4956.195104,14586.347367,19542.542471,1066,472,0.00,0.6297,0.4125
10445440.0,4956.202512,14586.375642,19542.578154,1067,472,0.00,0.6797,0.4125
10445790.0,4956.496194,14587.475225,19543.971419,1068,472,0.00,0.6422,0.4250
10446016.0,4956.684409,14588.202192,19544.886601,1069,472,0.00,0.6922,0.4250
10446760.0,4957.307181,14590.569292,19547.876473,1070,472,0.00,0.6297,0.4125
10447116.0,4957.600202,14591.687725,19549.287927,1071,473,0.00,0.6422,0.4250
10447525.0,4957.940822,14593.003342,19550.944164,1072,473,0.00,0.6484,0.4375
10448041.0,4958.372507,14594.693292,19553.065799,1073,474,0.00,0.6656,0.4375
10448097.0,4958.420166,14594.877625,19553.297791,1074,475,0.00,0.7031,0.4500
10448391.0,4958.674339,14595.855575,19554.529914,1075,476,0.00,0.6828,0.4500
10448437.0,4958.714101,14596.010442,19554.724543,1076,476,0.00,0.6953,0.4625
10449254.0,4959.411877,14598.705883,19558.117760,1077,477,0.00,0.6672,0.4375
10450158.0,4960.174201,14601.625900,19561.800101,1078,477,0.00,0.6578,0.4375
10450228.0,4960.233349,14601.856317,19562.089666,1079,477,0.00,0.6641,0.4500
10450358.0,4960.343389,14602.287233,19562.630622,1080,478,0.00,0.6703,0.4500
10450512.0,4960.473075,14602.788300,19563.261375,1081,478,0.00,0.6281,0.4250
10450689.0,4960.618547,14603.357650,19563.976197,1082,478,0.00,0.6297,0.4250
10451105.0,4960.960952,14604.695783,19565.656736,1083,479,0.00,0.6547,0.4250
10451338.0,4961.157263,14605.445267,19566.602530,1084,480,0.00,0.6734,0.4250
10451453.0,4961.255831,14605.815183,19567.071015,1085,481,0.00,0.6797,0.4375
10451457.0,4961.259279,14605.828350,19567.087629,1086,482,0.00,0.6984,0.4375
10451465.0,4961.266292,14605.854683,19567.120975,1087,483,0.00,0.7172,0.4375
10451527.0,4961.321543,14606.058767,19567.380310,1088,484,0.00,0.7359,0.4375
10451555.0,4961.346903,14606.150933,19567.497837,1089,485,0.00,0.7641,0.4500
10453342.0,4962.860180,14611.791867,19574.652047,1090,485,0.00,0.6500,0.4250
10453495.0,4962.988039,14612.276442,19575.264481,1091,485,0.00,0.6484,0.4250
10453755.0,4963.205688,14613.109775,19576.315463,1092,485,0.00,0.6563,0.4125
10453760.0,4963.209907,14613.125483,19576.335390,1093,486,0.00,0.6750,0.4125
10453993.0,4963.408912,14613.857492,19577.266404,1094,486,0.00,0.6484,0.4250
10454461.0,4963.799977,14615.343017,19579.142994,1095,486,0.00,0.6484,0.4250
10454537.0,4963.863640,14615.587483,19579.451124,1096,487,0.00,0.6859,0.4375
10454850.0,4964.134001,14616.601050,19580.735051,1097,488,0.00,0.6922,0.4250
10455001.0,4964.264331,14617.079492,19581.343823,1098,489,0.00,0.6922,0.4250
10455086.0,4964.338426,14617.352908,19581.691334,1099,490,0.00,0.7094,0.4375
10456111.0,4965.229073,14620.596217,19585.825289,1100,490,0.00,0.6734,0.4125
10456381.0,4965.460214,14621.438692,19586.898905,1101,491,0.00,0.6750,0.4125
10457497.0,4966.408537,14624.940517,19591.349054,1102,491,0.00,0.6188,0.4125
10458105.0,4966.903804,14626.850650,19593.754454,1103,491,0.00,0.6313,0.4250
10458138.0,4966.930977,14626.956350,19593.887327,1104,491,0.00,0.6297,0.4250
10459348.0,4967.909622,14630.651492,19598.561113,1105,491,0.00,0.6109,0.4000
10459465.0,4968.004217,14631.010292,19599.014509,1106,491,0.00,0.6156,0.4125
10459596.0,4968.110434,14631.418250,19599.528684,1107,492,0.00,0.6234,0.4125
10460075.0,4968.500707,14632.888983,19601.389690,1108,493,0.00,0.6313,0.4125
10460640.0,4968.966401,14634.663425,19603.629826,1109,493,0.00,0.6313,0.4125
10462043.0,4970.104098,14638.874533,19608.978632,1110,494,0.00,0.6266,0.4000
10462484.0,4970.462266,14640.200683,19610.662950,1111,494,0.00,0.6063,0.3875
10462683.0,4970.621700,14640.784700,19611.406400,1112,495,0.00,0.6188,0.3750
10462689.0,4970.626587,14640.802200,19611.428787,1113,496,0.00,0.6375,0.3750
10462806.0,4970.722812,14641.143450,19611.866262,1114,497,0.00,0.6375,0.3750
10463316.0,4971.142391,14642.630950,19613.773341,1115,498,0.00,0.6125,0.3875
10463316.0,4971.142391,14642.630950,19613.773341,1116,499,0.00,0.6250,0.4000
10463437.0,4971.241544,14643.002017,19614.243561,1117,500,0.00,0.6438,0.4125
10463704.0,4971.464230,14643.840842,19615.305071,1118,500,0.00,0.6484,0.4250
10463934.0,4971.655831,14644.568300,19616.224131,1119,501,0.00,0.6688,0.4125
10464624.0,4972.222239,14646.657825,19618.880064,1120,501,0.00,0.6234,0.4000
10464849.0,4972.405265,14647.340100,19619.745365,1121,501,0.00,0.6000,0.4000
10464987.0,4972.515286,14647.757450,19620.272736,1122,501,0.00,0.6000,0.4000
10465750.0,4973.122113,14650.042192,19623.164305,1123,501,0.00,0.5984,0.4000
10465976.0,4973.302303,14650.728358,19624.030662,1124,501,0.00,0.5984,0.4000
10467648.0,4974.632279,14655.740775,19630.373054,1125,501,0.00,0.6000,0.4000
10467853.0,4974.795409,14656.356017,19631.151425,1126,501,0.00,0.6000,0.4000
10468064.0,4974.964209,14657.003083,19631.967292,1127,501,0.00,0.6047,0.4125
10468357.0,4975.199006,14657.909792,19633.108798,1128,501,0.00,0.6500,0.4000
10468877.0,4975.620528,14659.504458,19635.124986,1129,501,0.00,0.6047,0.4125
10468879.0,4975.622135,14659.510742,19635.132877,1130,502,0.00,0.6234,0.4125
10468928.0,4975.662229,14659.664683,19635.326912,1131,502,0.00,0.6734,0.4125
10468928.0,4975.662229,14659.664683,19635.326912,1132,502,0.00,0.6734,0.4125
10468950.0,4975.681085,14659.733800,19635.414885,1133,503,0.00,0.6922,0.4125
10469205.0,4975.890950,14660.504925,19636.395875,1134,503,0.00,0.5984,0.4000
10469867.0,4976.417726,14662.493508,19638.911234,1135,503,0.00,0.5984,0.4000
10470372.0,4976.819756,14664.014275,19640.834031,1136,504,0.00,0.6000,0.4000
10471323.0,4977.580556,14666.930675,19644.511231,1137,504,0.00,0.6063,0.4125
10471828.0,4977.984682,14668.481292,19646.465974,1138,504,0.00,0.6047,0.4125
10472083.0,4978.189113,14669.272142,19647.461254,1139,504,0.00,0.6047,0.4125
10473680.0,4979.461277,14674.149358,19653.610635,1140,504,0.00,0.5859,0.4000
10475310.0,4980.739609,14678.999075,19659.738684,1141,505,0.00,0.6125,0.3875
10476444.0,4981.638263,14682.341300,19663.979563,1142,505,0.00,0.5797,0.3875
10476744.0,4981.872958,14683.227175,19665.100133,1143,506,0.00,0.5984,0.3875
10477956.0,4982.841085,14686.853075,19669.694160,1144,506,0.00,0.6031,0.4000
10478057.0,4982.922131,14687.162808,19670.084939,1145,506,0.00,0.6078,0.4125
10479249.0,4983.868011,14690.715675,19674.583686,1146,506,0.00,0.5797,0.3875
10479784.0,4984.286228,14692.288842,19676.575070,1147,507,0.00,0.6125,0.3875
10481045.0,4985.307288,14696.061333,19681.368621,1148,507,0.00,0.6172,0.4000
10481242.0,4985.467522,14696.665467,19682.132988,1149,508,0.00,0.6547,0.4125
10481454.0,4985.646139,14697.331500,19682.977639,1150,509,0.00,0.6781,0.4250
10484454.0,4988.205126,14706.849575,19695.054701,1151,510,0.00,0.6703,0.4000
10484455.0,4988.205981,14706.852642,19695.058623,1152,511,0.00,0.6953,0.4000
10484476.0,4988.224338,14706.917042,19695.141380,1153,512,0.00,0.7203,0.4000
10484491.0,4988.237741,14706.963042,19695.200783,1154,512,0.00,0.7266,0.4125
10484743.0,4988.463185,14707.739892,19696.203077,1155,512,0.00,0.7250,0.4125
10486042.0,4989.593419,14711.593142,19701.186561,1156,512,0.00,0.6766,0.3875
10486687.0,4990.120763,14713.450242,19703.571004,1157,513,0.00,0.6375,0.3750
10486808.0,4990.221070,14713.802708,19704.023778,1158,513,0.00,0.6375,0.3750
10486962.0,4990.348732,14714.251275,19704.600007,1159,513,0.00,0.6375,0.3750
10487601.0,4990.868548,14716.050225,19706.918773,1160,514,0.00,0.6297,0.3500
10488913.0,4991.948442,14719.680092,19711.628534,1161,514,0.00,0.6391,0.3625
10489639.0,4992.544338,14721.743142,19714.287480,1162,514,0.00,0.6188,0.3750
10490091.0,4992.911823,14723.046925,19715.958748,1163,515,0.00,0.6391,0.3625
10490573.0,4993.312067,14724.416608,19717.728675,1164,516,0.00,0.6641,0.3750
10490608.0,4993.341811,14724.518692,19717.860502,1165,516,0.00,0.6688,0.3875
10491684.0,4994.242908,14727.695500,19721.938408,1166,516,0.00,0.6891,0.3750
10491859.0,4994.393903,14728.205917,19722.599819,1167,516,0.00,0.6453,0.3875
10492028.0,4994.535059,14728.711508,19723.246567,1168,516,0.00,0.6500,0.4000
10492770.0,4995.155801,14730.951725,19726.107526,1169,516,0.00,0.6500,0.4000
10492842.0,4995.216201,14731.172525,19726.388726,1170,516,0.00,0.7000,0.4000
10492842.0,4995.216201,14731.172525,19726.388726,1171,516,0.00,0.7000,0.4000
10493831.0,4996.048364,14734.142533,19730.190897,1172,517,0.00,0.6688,0.4000
10493917.0,4996.121763,14734.406267,19730.528029,1173,518,0.00,0.6938,0.4000
10494652.0,4996.754393,14736.625692,19733.380084,1174,518,0.00,0.6734,0.4000
10494733.0,4996.823819,14736.874092,19733.697911,1175,518,0.00,0.6781,0.4125
10495559.0,4997.530789,14739.386383,19736.917172,1176,518,0.00,0.6734,0.4000
10495656.0,4997.613929,14739.683850,19737.297779,1177,519,0.00,0.6922,0.4125
10495959.0,4997.877676,14740.627975,19738.505651,1178,520,0.00,0.7125,0.4000
10496603.0,4998.440912,14742.587983,19741.028895,1179,520,0.00,0.6688,0.4000
10496760.0,4998.574907,14743.069450,19741.644357,1180,521,0.00,0.6938,0.4000
10496918.0,4998.712828,14743.553983,19742.266811,1181,522,0.00,0.7172,0.4125
10496935.0,4998.727977,14743.607392,19742.335369,1182,523,0.00,0.7406,0.4250
10497137.0,4998.910942,14744.242158,19743.153100,1183,524,0.00,0.7641,0.4250
10497843.0,4999.547613,14746.464000,19746.011613,1184,524,0.00,0.7156,0.4250
10498252.0,4999.905457,14747.759742,19747.665198,1185,525,0.00,0.7141,0.4250
10498879.0,5000.457956,14749.769992,19750.227948,1186,526,0.00,0.6891,0.4250
10498922.0,5000.495225,14749.907933,19750.403159,1187,526,0.00,0.6656,0.4250
10499073.0,5000.623587,14750.393050,19751.016637,1188,527,0.00,0.6609,0.4250
10500430.0,5001.734602,14754.507042,19756.241644,1189,527,0.00,0.6188,0.4000
10501135.0,5002.307020,14756.630717,19758.937737,1190,528,0.00,0.6375,0.4000
10502555.0,5003.484437,14760.985383,19764.469820,1191,529,0.00,0.6469,0.4125
10502722.0,5003.624125,14761.510042,19765.134167,1192,530,0.00,0.6703,0.4250
10503163.0,5004.001043,14762.928592,19766.929634,1193,530,0.00,0.6750,0.4375
10503669.0,5004.419705,14764.535750,19768.955455,1194,531,0.00,0.6469,0.4125
10504051.0,5004.739232,14765.735867,19770.475099,1195,532,0.00,0.6719,0.4125
10505099.0,5005.634450,14769.021058,19774.655509,1196,533,0.00,0.6734,0.4000
10505913.0,5006.332144,14771.517325,19777.849469,1197,533,0.00,0.6781,0.4125
10506246.0,5006.618316,14772.553975,19779.172291,1198,534,0.00,0.6984,0.4000
10506463.0,5006.808530,14773.219442,19780.027971,1199,534,0.00,0.7031,0.4125
10507448.0,5007.672986,14776.261558,19783.934545,1200,534,0.00,0.7047,0.4125
10507735.0,5007.923933,14777.146417,19785.070349,1201,534,0.00,0.6781,0.4125
10510432.0,5010.171135,14785.257017,19795.428152,1202,534,0.00,0.6422,0.3875
10510433.0,5010.171968,14785.260008,19795.431976,1203,534,0.00,0.6547,0.3875
10510443.0,5010.180393,14785.289925,19795.470318,1204,534,0.00,0.6672,0.3875
10512265.0,5011.696951,14790.693642,19802.390593,1205,535,0.00,0.6609,0.3875
10512454.0,5011.854090,14791.248717,19803.102807,1206,536,0.00,0.6563,0.3875
10512819.0,5012.162059,14792.340675,19804.502734,1207,536,0.00,0.6625,0.4000
10513293.0,5012.562254,14793.762700,19806.324954,1208,537,0.00,0.6656,0.4000
10513355.0,5012.615019,14793.952833,19806.567852,1209,538,0.00,0.6781,0.4125
10513654.0,5012.872387,14794.892192,19807.764579,1210,539,0.00,0.7016,0.4250
10513771.0,5012.975230,14795.268542,19808.243771,1211,539,0.00,0.7063,0.4375
10514256.0,5013.399252,14796.813250,19810.212502,1212,540,0.00,0.7109,0.4250
10514908.0,5013.971039,14798.885542,19812.856581,1213,541,0.00,0.7125,0.4125
10515018.0,5014.068664,14799.231125,19813.299789,1214,541,0.00,0.7625,0.4125
10515072.0,5014.118689,14799.400775,19813.519464,1215,542,0.00,0.7875,0.4125
10515810.0,5014.790107,14801.712575,19816.502682,1216,542,0.00,0.7188,0.4125
10516174.0,5015.114197,14802.841142,19817.955339,1217,542,0.00,0.7641,0.4000
10516183.0,5015.122545,14802.868742,19817.991287,1218,542,0.00,0.7688,0.4125
10516262.0,5015.196114,14803.116933,19818.313047,1219,542,0.00,0.7750,0.4250
10516533.0,5015.433666,14803.959775,19819.393441,1220,543,0.00,0.6828,0.4125
10517376.0,5016.146147,14806.549400,19822.695547,1221,544,0.00,0.6391,0.4000
10519357.0,5017.778762,14812.456317,19830.235079,1222,545,0.00,0.6391,0.3875
10519631.0,5018.006287,14813.276033,19831.282320,1223,545,0.00,0.6438,0.4000
10520784.0,5018.964337,14816.738175,19835.702512,1224,546,0.00,0.6563,0.4000
10520922.0,5019.079826,14817.156500,19836.236326,1225,547,0.00,0.6625,0.4000
10521219.0,5019.329195,14818.053575,19837.382770,1226,548,0.00,0.6609,0.4000
10521993.0,5019.980080,14820.399125,19840.379205,1227,549,0.00,0.6531,0.4000
10522531.0,5020.423280,14822.001817,19842.425097,1228,549,0.00,0.6172,0.3875
10522531.0,5020.423280,14822.001817,19842.425097,1229,549,0.00,0.6234,0.4000
10524137.0,5021.717426,14826.679533,19848.396959,1230,550,0.00,0.6297,0.3750
10524173.0,5021.747057,14826.784533,19848.531590,1231,551,0.00,0.6578,0.3875
10524601.0,5022.108702,14828.064967,19850.173669,1232,551,0.00,0.6625,0.4000
10524836.0,5022.304316,14828.769883,19851.074199,1233,551,0.00,0.6063,0.3750
10525900.0,5023.157385,14831.805267,19854.962652,1234,551,0.00,0.6063,0.3750
10527174.0,5024.144796,14835.435150,19859.579946,1235,551,0.00,0.5688,0.3750
10527596.0,5024.471093,14836.644458,19861.115551,1236,551,0.00,0.5688,0.3750
10527655.0,5024.516859,14836.816542,19861.333400,1237,551,0.00,0.5734,0.3875
10527776.0,5024.610947,14837.174183,19861.785131,1238,552,0.00,0.5938,0.3875
10529173.0,5025.716692,14841.249367,19866.966059,1239,552,0.00,0.5938,0.3875
10529225.0,5025.758039,14841.404933,19867.162973,1240,552,0.00,0.5984,0.4000
10529568.0,5026.026753,14842.407225,19868.433978,1241,552,0.00,0.5688,0.3750
10530340.0,5026.623289,14844.611567,19871.234855,1242,553,0.00,0.5922,0.3750
10530341.0,5026.624083,14844.614483,19871.238566,1243,554,0.00,0.6203,0.3875
10530620.0,5026.851690,14845.449158,19872.300849,1244,555,0.00,0.6391,0.3875
10530828.0,5027.024410,14846.071425,19873.095835,1245,555,0.00,0.6438,0.4000
10531182.0,5027.319087,14847.145325,19874.464412,1246,555,0.00,0.6438,0.4000
10531439.0,5027.532573,14847.922283,19875.454856,1247,556,0.00,0.6391,0.3750
10531756.0,5027.795804,14848.846867,19876.642671,1248,556,0.00,0.6453,0.3875
10531868.0,5027.889351,14849.181933,19877.071285,1249,557,0.00,0.6703,0.3875
10531997.0,5027.998225,14849.567858,19877.566084,1250,557,0.00,0.6500,0.4000
10532135.0,5028.113992,14849.991058,19878.105050,1251,557,0.00,0.6547,0.4125
10532219.0,5028.184528,14850.250083,19878.434611,1252,558,0.00,0.6734,0.4125
10532455.0,5028.386279,14850.985142,19879.371421,1253,558,0.00,0.6453,0.4000
10534465.0,5030.030690,14856.991267,19887.021957,1254,559,0.00,0.6125,0.3750
10534494.0,5030.054172,14857.075850,19887.130022,1255,560,0.00,0.6313,0.3750
10534737.0,5030.254205,14857.783475,19888.037680,1256,560,0.00,0.6125,0.3750
10535088.0,5030.532074,14858.793425,19889.325499,1257,561,0.00,0.5938,0.3750
10535139.0,5030.572626,14858.942175,19889.514801,1258,562,0.00,0.6000,0.3875
10535843.0,5031.133439,14861.011483,19892.144922,1259,562,0.00,0.5984,0.3875
10537957.0,5032.788724,14866.988617,19899.777340,1260,563,0.00,0.5891,0.3500
10537958.0,5032.789515,14866.991383,19899.780899,1261,563,0.00,0.5938,0.3625
10538102.0,5032.904015,14867.400583,19900.304599,1262,564,0.00,0.6000,0.3750
10538657.0,5033.346061,14868.979133,19902.325194,1263,564,0.00,0.6453,0.3625
10538657.0,5033.346061,14868.979133,19902.325194,1264,564,0.00,0.6953,0.3625
10538658.0,5033.346935,14868.981975,19902.328910,1265,564,0.00,0.6953,0.3625
10539104.0,5033.713426,14870.249358,19903.962784,1266,564,0.00,0.6000,0.3750
10539516.0,5034.042129,14871.432575,19905.474704,1267,564,0.00,0.6141,0.3750
10539824.0,5034.291898,14872.330908,19906.622806,1268,564,0.00,0.6641,0.3750
10539860.0,5034.322491,14872.435908,19906.758400,1269,565,0.00,0.6875,0.3875
10541309.0,5035.528232,14876.770833,19912.299065,1270,566,0.00,0.6625,0.3875
10541438.0,5035.637703,14877.156758,19912.794461,1271,566,0.00,0.6672,0.4000
10541688.0,5035.850418,14877.917500,19913.767918,1272,567,0.00,0.6734,0.3875
10541891.0,5036.023082,14878.519333,19914.542416,1273,567,0.00,0.6547,0.3875
10542339.0,5036.399637,14879.841075,19916.240712,1274,567,0.00,0.6547,0.3875
10543069.0,5036.994329,14881.937992,19918.932321,1275,568,0.00,0.6313,0.3750
10543654.0,5037.476334,14883.644242,19921.120576,1276,568,0.00,0.6250,0.3875
10543893.0,5037.672181,14884.359250,19922.031431,1277,569,0.00,0.6375,0.4000
10545261.0,5038.806481,14888.554450,19927.360931,1278,569,0.00,0.6422,0.4125
10547435.0,5040.571086,14895.071608,19935.642694,1279,570,0.00,0.6078,0.3875
10547683.0,5040.770993,14895.813542,19936.584534,1280,570,0.00,0.6125,0.4000
10548009.0,5041.034550,14896.804800,19937.839350,1281,570,0.00,0.6125,0.4000
10548436.0,5041.379339,14898.094467,19939.473806,1282,570,0.00,0.6125,0.4000
10548764.0,5041.643006,14899.076933,19940.719940,1283,570,0.00,0.6016,0.3875
10549731.0,5042.417782,14901.969875,19944.387657,1284,570,0.00,0.6063,0.4000
10549799.0,5042.472512,14902.178408,19944.650920,1285,570,0.00,0.6109,0.4125
10550250.0,5042.834101,14903.534775,19946.368876,1286,571,0.00,0.6203,0.3750
10552241.0,5044.446864,14909.341858,19953.788723,1287,572,0.00,0.6078,0.3875
10552544.0,5044.691105,14910.248333,19954.939439,1288,572,0.00,0.6125,0.4000
10554159.0,5045.982010,14915.005850,19960.987860,1289,573,0.00,0.6188,0.3875
10554296.0,5046.093608,14915.415708,19961.509317,1290,573,0.00,0.6234,0.4000
10554770.0,5046.480246,14916.844558,19963.324804,1291,573,0.00,0.6234,0.4000
10554990.0,5046.660238,14917.518850,19964.179088,1292,573,0.00,0.6250,0.4000
10555568.0,5047.131383,14919.252908,19966.384291,1293,573,0.00,0.6234,0.4000
10556382.0,5047.792110,14921.688500,19969.480610,1294,573,0.00,0.6000,0.3875
10556443.0,5047.840910,14921.870992,19969.711901,1295,574,0.00,0.6234,0.4000
10556555.0,5047.932551,14922.214458,19970.147010,1296,575,0.00,0.6328,0.4125
10557308.0,5048.551551,14924.526283,19973.077834,1297,576,0.00,0.6531,0.4000
10557436.0,5048.659240,14924.918817,19973.578056,1298,577,0.00,0.6813,0.4125
10557611.0,5048.808243,14925.461558,19974.269801,1299,577,0.00,0.6578,0.4125
10557885.0,5049.039234,14926.311500,19975.350734,1300,578,0.00,0.6719,0.4125
10559926.0,5050.721170,14932.416292,19983.137462,1301,579,0.00,0.6188,0.3875
10561140.0,5051.710075,14936.048175,19987.758250,1302,579,0.00,0.6234,0.4000
10561410.0,5051.930439,14936.864700,19988.795139,1303,579,0.00,0.6234,0.4000
10561659.0,5052.133966,14937.623950,19989.757916,1304,579,0.00,0.6234,0.4000
10562001.0,5052.412510,14938.655800,19991.068310,1305,579,0.00,0.6453,0.3750
10562078.0,5052.476824,14938.880383,19991.357207,1306,580,0.00,0.6578,0.3875
10562577.0,5052.881739,14940.373225,19993.254964,1307,580,0.00,0.6578,0.3875
10562578.0,5052.882584,14940.376217,19993.258801,1308,580,0.00,0.6578,0.3875
10562578.0,5052.882584,14940.376217,19993.258801,1309,580,0.00,0.6578,0.3875
10563307.0,5053.475814,14942.557142,19996.032956,1310,581,0.00,0.6313,0.4000
10564588.0,5054.531749,14946.485542,20001.017291,1311,581,0.00,0.6359,0.4125
10565349.0,5055.158382,14948.826025,20003.984407,1312,582,0.00,0.6266,0.3875
10565357.0,5055.164948,14948.849958,20004.014906,1313,583,0.00,0.6453,0.3875
10565708.0,5055.455245,14949.900033,20005.355278,1314,584,0.00,0.6313,0.4000
10567150.0,5056.643186,14954.314892,20010.958078,1315,585,0.00,0.6391,0.4000
10567172.0,5056.661455,14954.382358,20011.043813,1316,586,0.00,0.6563,0.4125
10567375.0,5056.832736,14955.020117,20011.852853,1317,587,0.00,0.6813,0.4250
10567505.0,5056.942910,14955.430408,20012.373318,1318,587,0.00,0.6609,0.4250
10567539.0,5056.971721,14955.539775,20012.511496,1319,588,0.00,0.6859,0.4375
10567597.0,5057.021998,14955.730692,20012.752689,1320,589,0.00,0.7047,0.4500
10568396.0,5057.697957,14958.216433,20015.914391,1321,589,0.00,0.6344,0.4000
10569337.0,5058.465138,14961.051242,20019.516380,1322,589,0.00,0.6094,0.4000
10570778.0,5059.615574,14965.342358,20024.957932,1323,589,0.00,0.5984,0.3875
10571117.0,5059.886362,14966.356533,20026.242895,1324,589,0.00,0.6031,0.4000
10576207.0,5063.891120,14981.300317,20045.191436,1325,589,0.00,0.5844,0.3875
10576660.0,5064.247333,14982.641517,20046.888849,1326,589,0.00,0.5844,0.3875
10577946.0,5065.256716,14986.410875,20051.667591,1327,589,0.00,0.5844,0.3875
10579100.0,5066.162731,14989.798233,20055.960964,1328,589,0.00,0.5844,0.3875
10579946.0,5066.827208,14992.287183,20059.114391,1329,589,0.00,0.5844,0.3875
10580436.0,5067.212517,14993.737950,20060.950467,1330,589,0.00,0.5844,0.3875
10582475.0,5068.812502,14999.705583,20068.518086,1331,590,0.00,0.5984,0.3875
10584862.0,5070.689617,15006.656267,20077.345883,1332,590,0.00,0.5719,0.3750
10585655.0,5071.304851,15008.931758,20080.236609,1333,591,0.00,0.5734,0.3750
10586479.0,5071.947027,15011.335092,20083.282119,1334,591,0.00,0.6234,0.3750
10587516.0,5072.761853,15014.359675,20087.121528,1335,591,0.00,0.5781,0.3875
10594554.0,5078.216092,15034.528900,20112.744992,1336,591,0.00,0.5531,0.3625
10594953.0,5078.520220,15035.651925,20114.172145,1337,592,0.00,0.5672,0.3625
10596141.0,5079.440302,15039.027825,20118.468127,1338,592,0.00,0.5719,0.3750
10596156.0,5079.451973,15039.071575,20118.523548,1339,593,0.00,0.5844,0.3875
10597038.0,5080.144470,15041.661175,20121.805645,1340,594,0.00,0.5859,0.3875
10598857.0,5081.561439,15046.964717,20128.526156,1341,594,0.00,0.5656,0.3750
10600199.0,5082.595112,15050.795633,20133.390745,1342,594,0.00,0.5656,0.3750
10600473.0,5082.806735,15051.589625,20134.396360,1343,595,0.00,0.5797,0.3750
10602255.0,5084.204182,15056.787125,20140.991307,1344,596,0.00,0.6047,0.3750
10602456.0,5084.363945,15057.373375,20141.737320,1345,597,0.00,0.5984,0.3875
10602557.0,5084.443922,15057.670133,20142.114056,1346,597,0.00,0.5906,0.3875
10602939.0,5084.745997,15058.797725,20143.543722,1347,597,0.00,0.5969,0.3875
10603141.0,5084.907106,15059.402042,20144.309148,1348,598,0.00,0.6141,0.4000
10603497.0,5085.195800,15060.493775,20145.689575,1349,599,0.00,0.6391,0.4000
10603535.0,5085.227354,15060.610308,20145.837663,1350,600,0.00,0.6672,0.4125
10604208.0,5085.784945,15062.638775,20148.423720,1351,601,0.00,0.6484,0.4000
10604532.0,5086.042567,15063.599000,20149.641567,1352,601,0.00,0.5828,0.3875
10604707.0,5086.180148,15064.120892,20150.301039,1353,602,0.00,0.5953,0.3875
10605236.0,5086.600216,15065.696733,20152.296949,1354,603,0.00,0.5922,0.3875
10605761.0,5087.012749,15067.238033,20154.250782,1355,604,0.00,0.5969,0.3875
10606214.0,5087.374048,15068.593258,20155.967306,1356,605,0.00,0.6141,0.4000
10606251.0,5087.404053,15068.706725,20156.110778,1357,606,0.00,0.6313,0.4125
10606253.0,5087.405701,15068.713008,20156.118710,1358,607,0.00,0.6484,0.4250
10606258.0,5087.409890,15068.729092,20156.138981,1359,608,0.00,0.6656,0.4375
10606419.0,5087.546907,15069.259050,20156.805957,1360,609,0.00,0.6781,0.4500
10606788.0,5087.864529,15070.501350,20158.365879,1361,609,0.00,0.6828,0.4625
10607376.0,5088.361261,15072.439025,20160.800286,1362,609,0.00,0.6500,0.4375
10607398.0,5088.379716,15072.511442,20160.891158,1363,609,0.00,0.6547,0.4500
10607576.0,5088.528972,15073.099308,20161.628280,1364,609,0.00,0.6484,0.4375
10607608.0,5088.555777,15073.204642,20161.760419,1365,609,0.00,0.6656,0.4500
10607623.0,5088.568543,15073.255142,20161.823685,1366,610,0.00,0.6828,0.4625
10607663.0,5088.603119,15073.392808,20161.995928,1367,610,0.00,0.6875,0.4750
10607957.0,5088.848152,15074.345033,20163.193185,1368,610,0.00,0.6297,0.4250
10608029.0,5088.907367,15074.575658,20163.483026,1369,610,0.00,0.6297,0.4250
10608060.0,5088.932883,15074.675375,20163.608258,1370,611,0.00,0.6484,0.4250
10608064.0,5088.936234,15074.688242,20163.624475,1371,612,0.00,0.6766,0.4375
10608152.0,5089.011637,15074.973033,20163.984670,1372,613,0.00,0.6906,0.4250
10608654.0,5089.445159,15076.568375,20166.013534,1373,613,0.00,0.6734,0.4125
10608655.0,5089.446016,15076.571517,20166.017532,1374,613,0.00,0.6734,0.4125
10608731.0,5089.511157,15076.810283,20166.321440,1375,613,0.00,0.6797,0.4250
10608824.0,5089.591321,15077.109433,20166.700754,1376,614,0.00,0.6969,0.4375
10608911.0,5089.666849,15077.395808,20167.062657,1377,615,0.00,0.6953,0.4500
10608922.0,5089.676464,15077.432842,20167.109306,1378,615,0.00,0.7000,0.4625
10609035.0,5089.774713,15077.818525,20167.593238,1379,616,0.00,0.6906,0.4500
10609680.0,5090.298556,15079.786475,20170.085031,1380,616,0.00,0.6016,0.4000
10609831.0,5090.419540,15080.249542,20170.669081,1381,616,0.00,0.6516,0.4000
10609831.0,5090.419540,15080.249542,20170.669081,1382,616,0.00,0.6516,0.4000
10609833.0,5090.421220,15080.255675,20170.676895,1383,616,0.00,0.6516,0.4000
10610123.0,5090.659444,15081.145008,20171.804453,1384,617,0.00,0.6266,0.4000
10610472.0,5090.945855,15082.215275,20173.161130,1385,617,0.00,0.6313,0.4125
10610584.0,5091.038068,15082.564892,20173.602959,1386,617,0.00,0.6313,0.4125
10610643.0,5091.086702,15082.750250,20173.836952,1387,617,0.00,0.6359,0.4250
10610689.0,5091.124787,15082.898217,20174.023004,1388,618,0.00,0.6641,0.4375
10610690.0,5091.125637,15082.901508,20174.027145,1389,619,0.00,0.6922,0.4500
10610791.0,5091.213504,15083.237942,20174.451446,1390,620,0.00,0.7109,0.4375
10610840.0,5091.256932,15083.399233,20174.656165,1391,621,0.00,0.7281,0.4500
10610930.0,5091.337901,15083.702233,20175.040134,1392,621,0.00,0.7297,0.4625
10611007.0,5091.406967,15083.960117,20175.367084,1393,621,0.00,0.7297,0.4500
10611220.0,5091.598852,15084.677217,20176.276069,1394,621,0.00,0.7344,0.4625
10611619.0,5091.955377,15086.031617,20177.986994,1395,621,0.00,0.7094,0.4625
10611842.0,5092.150435,15086.778333,20178.928768,1396,621,0.00,0.7094,0.4500
10613212.0,5093.305861,15091.211717,20184.517577,1397,621,0.00,0.6188,0.4250
10613388.0,5093.449227,15091.777850,20185.227077,1398,622,0.00,0.6359,0.4375
10613616.0,5093.637252,15092.524150,20186.161402,1399,623,0.00,0.6469,0.4375
10613645.0,5093.661509,15092.619608,20186.281117,1400,623,0.00,0.6531,0.4500
10613853.0,5093.836071,15093.313200,20187.149271,1401,623,0.00,0.6453,0.4375
10614075.0,5094.016588,15094.021000,20188.037588,1402,624,0.00,0.6359,0.4250
10614151.0,5094.079512,15094.265467,20188.344978,1403,625,0.00,0.6531,0.4375
10614293.0,5094.197709,15094.725758,20188.923468,1404,625,0.00,0.6406,0.4375
10615260.0,5095.001864,15097.908800,20192.910664,1405,625,0.00,0.6453,0.4500
10615424.0,5095.138844,15098.460933,20193.599777,1406,625,0.00,0.6453,0.4500
10615584.0,5095.272435,15098.998625,20194.271060,1407,625,0.00,0.6453,0.4500
10616233.0,5095.805798,15101.115792,20196.921590,1408,625,0.00,0.6234,0.4375
10616771.0,5096.244079,15102.850858,20199.094937,1409,626,0.00,0.6156,0.4250
10617324.0,5096.693199,15104.629675,20201.322874,1410,626,0.00,0.6219,0.4375
10617651.0,5096.959969,15105.699975,20202.659944,1411,627,0.00,0.6438,0.4375
10617680.0,5096.984156,15105.795433,20202.779589,1412,627,0.00,0.6500,0.4500
10617694.0,5096.995901,15105.842567,20202.838467,1413,627,0.00,0.6563,0.4625
10617708.0,5097.007713,15105.890750,20202.898463,1414,627,0.00,0.6625,0.4750
10618001.0,5097.254557,15106.893383,20204.147941,1415,627,0.00,0.6563,0.4625
10618278.0,5097.481324,15107.820625,20205.301949,1416,627,0.00,0.6094,0.4500
10619240.0,5098.252294,15110.956533,20209.208828,1417,627,0.00,0.6031,0.4375
10619379.0,5098.363832,15111.414075,20209.777907,1418,628,0.00,0.6281,0.4500
10619480.0,5098.446503,15111.747133,20210.193636,1419,629,0.00,0.6406,0.4500
10619521.0,5098.480598,15111.885167,20210.365765,1420,629,0.00,0.6469,0.4625
10619523.0,5098.482271,15111.892050,20210.374321,1421,630,0.00,0.6531,0.4750
10619649.0,5098.587806,15112.327875,20210.915681,1422,631,0.00,0.6641,0.4750
10619925.0,5098.819417,15113.281975,20212.101392,1423,631,0.00,0.6531,0.4750
10620055.0,5098.928351,15113.732392,20212.660743,1424,631,0.00,0.6516,0.4750
10620914.0,5099.642539,15116.680683,20216.323222,1425,632,0.00,0.6281,0.4500
10620936.0,5099.660620,15116.754750,20216.415370,1426,633,0.00,0.6469,0.4625
10620997.0,5099.711644,15116.964692,20216.676335,1427,634,0.00,0.6656,0.4750
10621013.0,5099.725260,15117.020958,20216.746219,1428,634,0.00,0.6703,0.4875
10621070.0,5099.773978,15117.225683,20216.999661,1429,635,0.00,0.6938,0.4875
10621072.0,5099.775723,15117.232867,20217.008590,1430,636,0.00,0.7172,0.4875
10621075.0,5099.778397,15117.243642,20217.022039,1431,636,0.00,0.7219,0.5000
10621079.0,5099.781969,15117.258158,20217.040127,1432,636,0.00,0.7234,0.5000
10621163.0,5099.857233,15117.566158,20217.423392,1433,637,0.00,0.7469,0.5000
10621473.0,5100.138252,15118.661275,20218.799527,1434,638,0.00,0.7453,0.4875
10621534.0,5100.193947,15118.880367,20219.074313,1435,638,0.00,0.7500,0.5000
10621540.0,5100.199447,15118.902367,20219.101813,1436,639,0.00,0.7750,0.5125
10621911.0,5100.545169,15120.253925,20220.799094,1437,640,0.00,0.7906,0.4875
10622088.0,5100.708928,15120.878400,20221.587328,1438,640,0.00,0.7438,0.4750
10622215.0,5100.824728,15121.325017,20222.149744,1439,640,0.00,0.7484,0.4875
10622339.0,5100.937486,15121.756733,20222.694220,1440,641,0.00,0.7516,0.4750
10622381.0,5100.975436,15121.904433,20222.879869,1441,642,0.00,0.7516,0.4750
10622536.0,5101.117708,15122.449517,20223.567224,1442,642,0.00,0.7563,0.4875
10622843.0,5101.392925,15123.513383,20224.906309,1443,642,0.00,0.7234,0.4625
10622994.0,5101.527736,15124.025575,20225.553311,1444,642,0.00,0.7219,0.4625
10623089.0,5101.612661,15124.350883,20225.963544,1445,642,0.00,0.7219,0.4625
10623164.0,5101.679770,15124.609008,20226.288779,1446,642,0.00,0.7344,0.4750
10623875.0,5102.298490,15127.006158,20229.304649,1447,643,0.00,0.6828,0.4500
10623916.0,5102.333931,15127.144192,20229.478123,1448,643,0.00,0.6875,0.4625
10623951.0,5102.364313,15127.264650,20229.628963,1449,643,0.00,0.6922,0.4750
10623981.0,5102.390464,15127.370150,20229.760614,1450,643,0.00,0.6969,0.4875
10623984.0,5102.393090,15127.380925,20229.774015,1451,643,0.00,0.6969,0.4875
10624068.0,5102.466528,15127.680750,20230.147278,1452,644,0.00,0.7156,0.4875
10624182.0,5102.567506,15128.080450,20230.647956,1453,644,0.00,0.7109,0.4750
10624232.0,5102.611655,15128.255008,20230.866664,1454,644,0.00,0.7031,0.4750
10624269.0,5102.644223,15128.385125,20231.029348,1455,644,0.00,0.7078,0.4875
10624621.0,5102.952172,15129.584217,20232.536388,1456,644,0.00,0.6984,0.4625
10624837.0,5103.137422,15130.323792,20233.461214,1457,644,0.00,0.6750,0.4625
10625058.0,5103.326859,15131.079150,20234.406009,1458,644,0.00,0.6750,0.4625
10625248.0,5103.489482,15131.723617,20235.213099,1459,644,0.00,0.6766,0.4625
10625532.0,5103.733594,15132.701050,20236.434644,1460,644,0.00,0.6813,0.4750
10625567.0,5103.763670,15132.823608,20236.587278,1461,644,0.00,0.6609,0.4750
10625608.0,5103.798413,15132.967792,20236.766205,1462,644,0.00,0.6781,0.4875
10625887.0,5104.037254,15133.942867,20237.980120,1463,644,0.00,0.6734,0.4750
10625979.0,5104.116109,15134.266400,20238.382509,1464,644,0.00,0.6781,0.4875
10626014.0,5104.146235,15134.392108,20238.538344,1465,644,0.00,0.6828,0.5000
10626024.0,5104.154880,15134.428775,20238.583655,1466,644,0.00,0.6891,0.5125
10626288.0,5104.381601,15135.364000,20239.745601,1467,644,0.00,0.6734,0.4750
10626406.0,5104.482741,15135.778967,20240.261708,1468,644,0.00,0.6781,0.4875
10626422.0,5104.496513,15135.836433,20240.332947,1469,645,0.00,0.6953,0.5000
10626535.0,5104.594991,15136.244617,20240.839608,1470,645,0.00,0.7031,0.5000
10626709.0,5104.746897,15136.865892,20241.612789,1471,646,0.00,0.7000,0.4875
10626716.0,5104.753041,15136.891033,20241.644075,1472,646,0.00,0.7047,0.5000
10626940.0,5104.949122,15137.688517,20242.637638,1473,647,0.00,0.7063,0.4875
10626997.0,5104.999432,15137.893242,20242.892674,1474,647,0.00,0.7109,0.5000
10627009.0,5105.010067,15137.937242,20242.947309,1475,647,0.00,0.7156,0.5125
10627217.0,5105.194163,15138.694733,20243.888896,1476,647,0.00,0.7109,0.5000
10627477.0,5105.424127,15139.638392,20245.062518,1477,648,0.00,0.7313,0.5000
10627637.0,5105.566528,15140.217108,20245.783636,1478,648,0.00,0.7125,0.5000
10627657.0,5105.584278,15140.290442,20245.874719,1479,648,0.00,0.7313,0.5125
10627857.0,5105.763313,15141.029475,20246.792788,1480,648,0.00,0.7125,0.5000
10628078.0,5105.959195,15141.834558,20247.793753,1481,648,0.00,0.7125,0.5000
10628141.0,5106.015107,15142.065558,20248.080666,1482,648,0.00,0.7172,0.5125
10628171.0,5106.041813,15142.177208,20248.219021,1483,648,0.00,0.7172,0.5125
10628219.0,5106.084566,15142.356358,20248.440924,1484,648,0.00,0.7250,0.5125
10628333.0,5106.184818,15142.765358,20248.950177,1485,648,0.00,0.6953,0.4875
10628449.0,5106.286218,15143.181992,20249.468209,1486,648,0.00,0.7000,0.5000
10628579.0,5106.400053,15143.655358,20250.055411,1487,649,0.00,0.7078,0.4875
10628816.0,5106.608983,15144.495408,20251.104391,1488,649,0.00,0.7078,0.4875
10629037.0,5106.803870,15145.280017,20252.083887,1489,649,0.00,0.7219,0.4875
10629105.0,5106.864716,15145.524250,20252.388966,1490,650,0.00,0.7391,0.5000
10629108.0,5106.867440,15145.535250,20252.402690,1491,651,0.00,0.7453,0.5125
10629109.0,5106.868353,15145.538992,20252.407345,1492,651,0.00,0.7500,0.5250
10629464.0,5107.192943,15146.879583,20254.072526,1493,651,0.00,0.7313,0.5125
10629645.0,5107.356190,15147.556225,20254.912415,1494,651,0.00,0.7391,0.5125
10629692.0,5107.398874,15147.732083,20255.130957,1495,651,0.00,0.7438,0.5250
10630406.0,5108.040471,15150.359008,20258.399480,1496,651,0.00,0.7141,0.5000
10630982.0,5108.550450,15152.431483,20260.981933,1497,652,0.00,0.7328,0.4875
10631099.0,5108.654732,15152.851708,20261.506441,1498,652,0.00,0.7156,0.5000
10631353.0,5108.877129,15153.764292,20262.641420,1499,652,0.00,0.7031,0.5000
10632259.0,5109.669975,15157.030492,20266.700466,1500,652,0.00,0.7094,0.4500
10632371.0,5109.769102,15157.407558,20267.176661,1501,653,0.00,0.7266,0.4500
10632550.0,5109.923230,15158.004717,20267.927947,1502,653,0.00,0.6656,0.4500
10633142.0,5110.426911,15159.995683,20270.422594,1503,654,0.00,0.6766,0.4500
10633184.0,5110.463012,15160.137083,20270.600095,1504,655,0.00,0.6953,0.4500
10633237.0,5110.509231,15160.314767,20270.823998,1505,655,0.00,0.6813,0.4375
10633547.0,5110.770297,15161.312008,20272.082305,1506,656,0.00,0.6703,0.4250
10633621.0,5110.833544,15161.550042,20272.383585,1507,656,0.00,0.7203,0.4250
10633622.0,5110.834437,15161.553258,20272.387696,1508,656,0.00,0.7203,0.4250
10634435.0,5111.533344,15164.159033,20275.692377,1509,657,0.00,0.6703,0.4250
10634499.0,5111.588044,15164.364900,20275.952944,1510,658,0.00,0.6953,0.4375
10634588.0,5111.665842,15164.657858,20276.323700,1511,658,0.00,0.7016,0.4500
10634702.0,5111.766047,15165.041658,20276.807705,1512,658,0.00,0.7063,0.4625
10635133.0,5112.145593,15166.507092,20278.652685,1513,659,0.00,0.7203,0.4625
10635301.0,5112.295714,15167.085292,20279.381005,1514,659,0.00,0.7250,0.4750
10635708.0,5112.655524,15168.471125,20281.126649,1515,659,0.00,0.6797,0.4500
10636450.0,5113.293343,15170.962367,20284.255710,1516,659,0.00,0.6594,0.4500
10636604.0,5113.423363,15171.474833,20284.898196,1517,659,0.00,0.6594,0.4500
10636619.0,5113.436056,15171.525333,20284.961389,1518,659,0.00,0.6641,0.4625
10636821.0,5113.607017,15172.206075,20285.813092,1519,659,0.00,0.6672,0.4500
10636834.0,5113.618096,15172.249842,20285.867938,1520,659,0.00,0.6797,0.4625
10637322.0,5114.036788,15173.914300,20287.951088,1521,659,0.00,0.6719,0.4625
10637407.0,5114.109470,15174.205417,20288.314887,1522,660,0.00,0.6844,0.4625
10637671.0,5114.336244,15175.114017,20289.450261,1523,660,0.00,0.6719,0.4750
10637870.0,5114.503437,15175.789008,20290.292445,1524,660,0.00,0.6547,0.4625
10637935.0,5114.558202,15176.012717,20290.570919,1525,660,0.00,0.6594,0.4750
10638056.0,5114.660240,15176.431033,20291.091273,1526,660,0.00,0.6594,0.4750
10638109.0,5114.705087,15176.617417,20291.322504,1527,661,0.00,0.6766,0.4875
10638114.0,5114.709385,15176.635375,20291.344760,1528,661,0.00,0.6891,0.5000
10638115.0,5114.710254,15176.639042,20291.349296,1529,661,0.00,0.6953,0.5125
10638273.0,5114.846638,15177.217250,20292.063888,1530,661,0.00,0.6781,0.5000
10638595.0,5115.122126,15178.373017,20293.495142,1531,661,0.00,0.6594,0.4750
10638652.0,5115.170358,15178.573467,20293.743824,1532,662,0.00,0.6766,0.4875
10638729.0,5115.236006,15178.843575,20294.079581,1533,662,0.00,0.6594,0.4750
10638744.0,5115.248699,15178.896325,20294.145024,1534,662,0.00,0.6719,0.4875
10638906.0,5115.386968,15179.470225,20294.857193,1535,663,0.00,0.6844,0.4875
10639074.0,5115.531295,15180.065150,20295.596445,1536,663,0.00,0.6766,0.4875
10639297.0,5115.722486,15180.856042,20296.578527,1537,663,0.00,0.6766,0.4875
10639399.0,5115.810028,15181.219692,20297.029720,1538,663,0.00,0.6766,0.4875
10639496.0,5115.893281,15181.565533,20297.458814,1539,663,0.00,0.6766,0.4875
10639679.0,5116.050578,15182.222808,20298.273386,1540,663,0.00,0.6828,0.5000
10639890.0,5116.232360,15182.983950,20299.216310,1541,663,0.00,0.6828,0.5000
10639932.0,5116.268665,15183.137950,20299.406615,1542,663,0.00,0.6875,0.5125
10639998.0,5116.325529,15183.383250,20299.708779,1543,663,0.00,0.6750,0.5125
10640082.0,5116.397335,15183.692450,20300.089785,1544,664,0.00,0.6828,0.5000
10640985.0,5117.158346,15186.813850,20303.972196,1545,664,0.00,0.6406,0.4500
10641008.0,5117.177473,15186.891283,20304.068756,1546,664,0.00,0.6531,0.4625
10641174.0,5117.315641,15187.445050,20304.760691,1547,665,0.00,0.6531,0.4500
10641229.0,5117.361914,15187.630217,20304.992130,1548,666,0.00,0.6703,0.4625
10641293.0,5117.416293,15187.848683,20305.264976,1549,666,0.00,0.6406,0.4500
10641464.0,5117.558160,15188.417483,20305.975644,1550,666,0.00,0.6406,0.4500
10641548.0,5117.628015,15188.700283,20306.328298,1551,666,0.00,0.6406,0.4500
10641879.0,5117.902300,15189.794625,20307.696925,1552,666,0.00,0.6406,0.4500
10641958.0,5117.967996,15190.060592,20308.028588,1553,666,0.00,0.6453,0.4625
10642072.0,5118.062875,15190.445967,20308.508841,1554,666,0.00,0.6406,0.4500
10642124.0,5118.106118,15190.621033,20308.727151,1555,666,0.00,0.6531,0.4625
10642305.0,5118.256644,15191.229725,20309.486369,1556,666,0.00,0.6359,0.4500
10642400.0,5118.335252,15191.548583,20309.883835,1557,666,0.00,0.6438,0.4500
10642530.0,5118.443676,15191.986250,20310.429926,1558,666,0.00,0.6484,0.4625
10642628.0,5118.525447,15192.321058,20310.846505,1559,667,0.00,0.6609,0.4500
10642768.0,5118.643576,15192.781967,20311.425542,1560,667,0.00,0.6609,0.4500
10642876.0,5118.734737,15193.138217,20311.872954,1561,667,0.00,0.6609,0.4500
10642988.0,5118.829412,15193.510483,20312.339895,1562,667,0.00,0.6609,0.4500
10643160.0,5118.974803,15194.082125,20313.056928,1563,667,0.00,0.6641,0.4375
10643184.0,5118.995199,15194.161125,20313.156324,1564,667,0.00,0.6688,0.4500
10643268.0,5119.066891,15194.443925,20313.510816,1565,667,0.00,0.6750,0.4625
10643384.0,5119.166457,15194.843158,20314.009616,1566,667,0.00,0.6813,0.4750
10643423.0,5119.200023,15194.978283,20314.178307,1567,667,0.00,0.6813,0.4750
10643478.0,5119.246789,15195.166225,20314.413014,1568,667,0.00,0.6625,0.4625
10643478.0,5119.246789,15195.166225,20314.413014,1569,667,0.00,0.6688,0.4750
10643599.0,5119.348652,15195.568117,20314.916769,1570,667,0.00,0.6516,0.4375
10643661.0,5119.400739,15195.772200,20315.172939,1571,667,0.00,0.6563,0.4500
10644001.0,5119.685058,15196.872692,20316.557750,1572,667,0.00,0.6500,0.4375
10644275.0,5119.913044,15197.741683,20317.654728,1573,667,0.00,0.6516,0.4250
10644279.0,5119.916405,15197.754550,20317.670955,1574,668,0.00,0.6797,0.4375
10644349.0,5119.976743,15197.984967,20317.961710,1575,669,0.00,0.6984,0.4375
10644350.0,5119.977620,15197.988258,20317.965878,1576,670,0.00,0.7172,0.4375
10644355.0,5119.982076,15198.004717,20317.986792,1577,671,0.00,0.7359,0.4375
10644680.0,5120.276438,15199.074508,20319.350946,1578,671,0.00,0.7406,0.4500
10644683.0,5120.279166,15199.084608,20319.363774,1579,672,0.00,0.7594,0.4500
10645428.0,5120.917506,15201.497825,20322.415331,1580,672,0.00,0.6547,0.4375
10645640.0,5121.094791,15202.185383,20323.280175,1581,672,0.00,0.6469,0.4375
10646016.0,5121.408072,15203.399800,20324.807872,1582,673,0.00,0.6594,0.4250
10646050.0,5121.436843,15203.509167,20324.946009,1583,673,0.00,0.6641,0.4375
10646071.0,5121.454689,15203.578292,20325.032981,1584,673,0.00,0.6688,0.4500
10646471.0,5121.793923,15204.880633,20326.674556,1585,673,0.00,0.6641,0.4375
10646508.0,5121.825367,15205.002425,20326.827792,1586,673,0.00,0.6688,0.4500
10646512.0,5121.828781,15205.015892,20326.844672,1587,673,0.00,0.6734,0.4625
10646562.0,5121.871636,15205.187975,20327.059611,1588,674,0.00,0.6859,0.4750
10646569.0,5121.877704,15205.212592,20327.090296,1589,674,0.00,0.6984,0.4875
10646759.0,5122.041681,15205.861258,20327.902939,1590,674,0.00,0.6844,0.4500
10646777.0,5122.057262,15205.921858,20327.979120,1591,674,0.00,0.6969,0.4500
10647070.0,5122.313739,15206.908292,20329.222031,1592,674,0.00,0.7031,0.4625
10647574.0,5122.757364,15208.642892,20331.400256,1593,674,0.00,0.7078,0.4750
10647629.0,5122.805976,15208.836308,20331.642284,1594,675,0.00,0.7328,0.4750
10647871.0,5123.021060,15209.658842,20332.679901,1595,675,0.00,0.7172,0.4625
10648174.0,5123.291077,15210.701667,20333.992743,1596,675,0.00,0.7219,0.4750
10648541.0,5123.613814,15211.957783,20335.571598,1597,675,0.00,0.6922,0.4500
10648627.0,5123.688762,15212.246942,20335.935704,1598,675,0.00,0.7000,0.4375
10648766.0,5123.810773,15212.704483,20336.515257,1599,675,0.00,0.7047,0.4500
10648822.0,5123.860133,15212.893017,20336.753150,1600,675,0.00,0.7094,0.4625
10648890.0,5123.920095,15213.122475,20337.042570,1601,676,0.00,0.7281,0.4625
10648940.0,5123.965078,15213.294558,20337.259636,1602,677,0.00,0.7406,0.4750
10649133.0,5124.136911,15213.959850,20338.096761,1603,677,0.00,0.7172,0.4750
10649150.0,5124.152061,15214.019633,20338.171694,1604,678,0.00,0.7344,0.4875
10649991.0,5124.905013,15216.953300,20341.858313,1605,678,0.00,0.7203,0.4750
10650038.0,5124.947011,15217.118583,20342.065595,1606,679,0.00,0.7328,0.4875
10650241.0,5125.128946,15217.834792,20342.963737,1607,679,0.00,0.7203,0.4750
10651499.0,5126.234340,15222.108158,20348.342498,1608,680,0.00,0.6891,0.4500
10651698.0,5126.407325,15222.778125,20349.185450,1609,680,0.00,0.6938,0.4625
10651826.0,5126.519058,15223.218658,20349.737716,1610,680,0.00,0.6984,0.4750
10652054.0,5126.713792,15223.988583,20350.702375,1611,680,0.00,0.6672,0.4500
10652600.0,5127.174924,15225.761983,20352.936907,1612,680,0.00,0.6594,0.4375
10652637.0,5127.206233,15225.883775,20353.090008,1613,680,0.00,0.6641,0.4500
10652875.0,5127.407164,15226.657742,20354.064906,1614,680,0.00,0.6594,0.4375
10652941.0,5127.463012,15226.874992,20354.338004,1615,680,0.00,0.6641,0.4500
10653290.0,5127.756084,15228.001433,20355.757517,1616,680,0.00,0.6406,0.4250
10653875.0,5128.237165,15229.846133,20358.083298,1617,681,0.00,0.6453,0.4250
10654717.0,5128.936346,15232.522992,20361.459338,1618,681,0.00,0.6375,0.4250
10655122.0,5129.270916,15233.800167,20363.071082,1619,682,0.00,0.6563,0.4250
10656080.0,5130.063391,15236.814083,20366.877474,1620,682,0.00,0.6641,0.4000
10656273.0,5130.225618,15237.405950,20367.631568,1621,682,0.00,0.6188,0.4125
10656453.0,5130.372243,15237.971450,20368.343693,1622,683,0.00,0.6375,0.4250
10656697.0,5130.573794,15238.740567,20369.314361,1623,683,0.00,0.6391,0.4250
10656856.0,5130.705825,15239.252017,20369.957842,1624,683,0.00,0.6891,0.4250
10657497.0,5131.225518,15241.255025,20372.480543,1625,683,0.00,0.6219,0.3875
10657876.0,5131.526066,15242.388867,20373.914933,1626,683,0.00,0.5844,0.4000
10657877.0,5131.526854,15242.391933,20373.918788,1627,683,0.00,0.5969,0.4125
10657877.0,5131.526854,15242.391933,20373.918788,1628,683,0.00,0.6094,0.4250
10658378.0,5131.931307,15244.003483,20375.934791,1629,684,0.00,0.6266,0.4375
10658479.0,5132.014194,15244.335942,20376.350136,1630,684,0.00,0.6313,0.4500
10659595.0,5132.922529,15248.028117,20380.950645,1631,684,0.00,0.6188,0.4500
10661315.0,5134.311213,15253.652208,20387.963421,1632,685,0.00,0.6203,0.4375
10661745.0,5134.662006,15255.067625,20389.729631,1633,685,0.00,0.6297,0.4500
10662507.0,5135.289201,15257.633025,20392.922226,1634,685,0.00,0.6344,0.4625
10663658.0,5136.233636,15261.502208,20397.735844,1635,685,0.00,0.6156,0.4500
10663820.0,5136.365204,15262.047608,20398.412813,1636,686,0.00,0.6391,0.4625
10665002.0,5137.342563,15266.030233,20403.372797,1637,686,0.00,0.6391,0.4625
10666012.0,5138.178471,15269.449167,20407.627638,1638,686,0.00,0.6391,0.4625
10666224.0,5138.354278,15270.174000,20408.528278,1639,686,0.00,0.6391,0.4625
10667061.0,5139.034654,15272.944650,20411.979304,1640,686,0.00,0.6031,0.4375
10667135.0,5139.094034,15273.188233,20412.282268,1641,687,0.00,0.6219,0.4500
10667435.0,5139.338318,15274.181358,20413.519676,1642,688,0.00,0.6359,0.4500
10667495.0,5139.387995,15274.383358,20413.771353,1643,689,0.00,0.6547,0.4625
10667961.0,5139.780616,15275.987175,20415.767791,1644,689,0.00,0.6594,0.4750
10668061.0,5139.865234,15276.338842,20416.204076,1645,689,0.00,0.6656,0.4875
10668813.0,5140.499478,15278.938975,20419.438453,1646,689,0.00,0.6594,0.4750
10668962.0,5140.625559,15279.462958,20420.088517,1647,689,0.00,0.6641,0.4875
10669358.0,5140.959943,15280.841083,20421.801026,1648,689,0.00,0.6609,0.4750
10670719.0,5142.106895,15285.529242,20427.636137,1649,690,0.00,0.6781,0.4750
10671173.0,5142.497682,15287.125808,20429.623490,1650,691,0.00,0.7031,0.4875
10671956.0,5143.186885,15289.938083,20433.124968,1651,691,0.00,0.7078,0.5000
10672357.0,5143.530676,15291.339942,20434.870617,1652,692,0.00,0.6594,0.4625
10673046.0,5144.109893,15293.654550,20437.764443,1653,692,0.00,0.6469,0.4500
10674417.0,5145.223674,15298.021700,20443.245374,1654,693,0.00,0.6297,0.4250
10674683.0,5145.442616,15298.877333,20444.319949,1655,693,0.00,0.6344,0.4375
10675622.0,5146.199865,15301.847908,20448.047774,1656,693,0.00,0.6063,0.4125
10676175.0,5146.642416,15303.546100,20450.188516,1657,694,0.00,0.6234,0.4125
10676483.0,5146.894431,15304.513733,20451.408164,1658,695,0.00,0.6469,0.4250
10677565.0,5147.780064,15307.914292,20455.694356,1659,695,0.00,0.6281,0.4250
10679143.0,5149.072236,15312.892542,20461.964778,1660,695,0.00,0.6281,0.4250
10679382.0,5149.265839,15313.647000,20462.912839,1661,695,0.00,0.6047,0.4125
10679807.0,5149.606404,15314.961958,20464.568362,1662,696,0.00,0.6234,0.4125
10680336.0,5150.031226,15316.590900,20466.622126,1663,697,0.00,0.6188,0.4125
10680346.0,5150.039372,15316.622317,20466.661689,1664,697,0.00,0.6234,0.4250
10680596.0,5150.243806,15317.423933,20467.667739,1665,697,0.00,0.6188,0.4125
10680596.0,5150.243806,15317.423933,20467.667739,1666,697,0.00,0.6188,0.4125
10680601.0,5150.247878,15317.439642,20467.687520,1667,697,0.00,0.6188,0.4125
10681180.0,5150.719522,15319.258667,20469.978189,1668,697,0.00,0.6188,0.4125
10681180.0,5150.719522,15319.258667,20469.978189,1669,697,0.00,0.6188,0.4125
10683715.0,5152.751934,15327.088842,20479.840775,1670,697,0.00,0.6016,0.4125
10683745.0,5152.775970,15327.183092,20479.959062,1671,697,0.00,0.6141,0.4125
10683747.0,5152.777592,15327.189375,20479.966967,1672,697,0.00,0.6266,0.4125
10684047.0,5153.023790,15328.131875,20481.155665,1673,697,0.00,0.6313,0.4250
10684998.0,5153.804762,15331.130400,20484.935162,1674,697,0.00,0.6313,0.4250
10687169.0,5155.550503,15337.683208,20493.233711,1675,697,0.00,0.6063,0.4000
10687855.0,5156.100946,15339.752142,20495.853088,1676,697,0.00,0.6063,0.4000
10687893.0,5156.131531,15339.868675,20496.000206,1677,698,0.00,0.6250,0.4125
10688894.0,5156.942523,15342.885458,20499.827982,1678,698,0.00,0.6156,0.4000
10689220.0,5157.206636,15343.871842,20501.078478,1679,699,0.00,0.6359,0.3875
10689757.0,5157.645063,15345.446567,20503.091630,1680,700,0.00,0.6344,0.3875
10689883.0,5157.749232,15345.823517,20503.572748,1681,700,0.00,0.6391,0.4000
10689955.0,5157.809019,15346.044317,20503.853336,1682,700,0.00,0.6438,0.4125
10689994.0,5157.841546,15346.166842,20504.008388,1683,700,0.00,0.6563,0.4250
10690004.0,5157.849890,15346.198483,20504.048373,1684,700,0.00,0.6453,0.4250
10690011.0,5157.855726,15346.220775,20504.076501,1685,700,0.00,0.6406,0.4125
10690314.0,5158.105340,15347.133175,20505.238515,1686,700,0.00,0.6281,0.3875
10690695.0,5158.417552,15348.254025,20506.671577,1687,700,0.00,0.6281,0.3875
10691001.0,5158.668404,15349.156275,20507.824679,1688,700,0.00,0.6281,0.3875
10691064.0,5158.720182,15349.344750,20508.064932,1689,700,0.00,0.6328,0.4000
10691284.0,5158.900867,15350.000292,20508.901159,1690,700,0.00,0.6281,0.3875
10691513.0,5159.088664,15350.676908,20509.765573,1691,701,0.00,0.6484,0.3750
10691553.0,5159.122171,15350.793575,20509.915746,1692,702,0.00,0.6734,0.3750
10691557.0,5159.125600,15350.805242,20509.930841,1693,703,0.00,0.6984,0.3750
10691565.0,5159.132612,15350.828575,20509.961187,1694,704,0.00,0.7234,0.3750
10692130.0,5159.617521,15352.437867,20512.055387,1695,704,0.00,0.6094,0.3750
10692277.0,5159.736065,15352.863992,20512.600057,1696,704,0.00,0.6047,0.3625
10692393.0,5159.829288,15353.193625,20513.022913,1697,704,0.00,0.6094,0.3750
10692471.0,5159.892257,15353.421125,20513.313382,1698,705,0.00,0.6266,0.3875
10693137.0,5160.432977,15355.344575,20515.777552,1699,705,0.00,0.6219,0.3750
10693277.0,5160.547359,15355.752908,20516.300267,1700,706,0.00,0.6453,0.3750
10693630.0,5160.841434,15356.782492,20517.623925,1701,706,0.00,0.6266,0.3875
10693799.0,5160.980125,15357.288083,20518.268209,1702,706,0.00,0.6313,0.4000
10693843.0,5161.016395,15357.423017,20518.439411,1703,707,0.00,0.6500,0.4125
10694113.0,5161.240894,15358.238117,20519.479011,1704,707,0.00,0.6344,0.3875
10694362.0,5161.445214,15358.974417,20520.419631,1705,707,0.00,0.6219,0.3875
10694679.0,5161.700580,15359.911750,20521.612330,1706,707,0.00,0.5969,0.3875
10694806.0,5161.801480,15360.284117,20522.085597,1707,707,0.00,0.5906,0.3750
10694906.0,5161.880751,15360.575783,20522.456534,1708,707,0.00,0.5953,0.3875
10695204.0,5162.116300,15361.431000,20523.547300,1709,707,0.00,0.5906,0.3750
10695272.0,5162.170204,15361.629333,20523.799537,1710,707,0.00,0.5953,0.3875
10695393.0,5162.266187,15361.983600,20524.249787,1711,708,0.00,0.6094,0.3750
10695455.0,5162.316239,15362.164433,20524.480673,1712,709,0.00,0.6328,0.3750
10695522.0,5162.371549,15362.359850,20524.731399,1713,709,0.00,0.6375,0.3875
10695666.0,5162.490949,15362.790650,20525.281599,1714,709,0.00,0.6500,0.3875
10695717.0,5162.533733,15362.943225,20525.476958,1715,709,0.00,0.6547,0.4000
10695739.0,5162.552268,15363.010692,20525.562960,1716,709,0.00,0.6594,0.4125
10695900.0,5162.688383,15363.514025,20526.202408,1717,709,0.00,0.6719,0.4125
10695939.0,5162.721609,15363.635575,20526.357184,1718,709,0.00,0.6563,0.4000
10696159.0,5162.906733,15364.302517,20527.209250,1719,709,0.00,0.6625,0.4000
10696189.0,5162.932192,15364.394517,20527.326708,1720,709,0.00,0.6672,0.4125
10696372.0,5163.087608,15364.969442,20528.057049,1721,709,0.00,0.6484,0.4250
10696595.0,5163.273648,15365.678358,20528.952007,1722,710,0.00,0.6547,0.4000
10696678.0,5163.343579,15365.932892,20529.276470,1723,710,0.00,0.6594,0.4125
10696883.0,5163.516630,15366.568383,20530.085013,1724,710,0.00,0.6594,0.4125
10696996.0,5163.610327,15366.918742,20530.529069,1725,710,0.00,0.6359,0.4125
10697207.0,5163.784073,15367.562058,20531.346132,1726,710,0.00,0.6391,0.4000
10697448.0,5163.983515,15368.295875,20532.279390,1727,710,0.00,0.6313,0.4000
10697495.0,5164.022257,15368.440008,20532.462265,1728,710,0.00,0.6438,0.4125
10697537.0,5164.057286,15368.571958,20532.629245,1729,710,0.00,0.6500,0.4250
10697677.0,5164.172598,15369.013517,20533.186115,1730,711,0.00,0.6516,0.4250
10697699.0,5164.191080,15369.084283,20533.275364,1731,711,0.00,0.6641,0.4250
10699813.0,5165.932311,15375.545317,20541.477627,1732,712,0.00,0.6281,0.3875
10701015.0,5166.907371,15379.141300,20546.048671,1733,712,0.00,0.6078,0.4000
10701611.0,5167.386236,15380.937008,20548.323244,1734,712,0.00,0.6094,0.4000
10701674.0,5167.436556,15381.124808,20548.561364,1735,713,0.00,0.6141,0.3750
10701674.0,5167.436556,15381.124808,20548.561364,1736,714,0.00,0.6375,0.3875
10701870.0,5167.599072,15381.711175,20549.310247,1737,714,0.00,0.6422,0.4000
10702087.0,5167.779410,15382.368767,20550.148177,1738,715,0.00,0.6547,0.4000
10702237.0,5167.905790,15382.828767,20550.734557,1739,716,0.00,0.6734,0.4125
10702950.0,5168.516915,15385.068775,20553.585690,1740,717,0.00,0.6969,0.4250
10703308.0,5168.824329,15386.220342,20555.044670,1741,718,0.00,0.6969,0.4375
10703545.0,5169.031786,15387.000467,20556.032253,1742,718,0.00,0.7469,0.4375
10703619.0,5169.099439,15387.244050,20556.343489,1743,718,0.00,0.7656,0.4500
10703820.0,5169.278816,15387.909725,20557.188541,1744,719,0.00,0.7141,0.4500
10703900.0,5169.349913,15388.179058,20557.528972,1745,720,0.00,0.7328,0.4500
10704081.0,5169.513410,15388.788425,20558.301835,1746,721,0.00,0.7516,0.4500
10704127.0,5169.555633,15388.943292,20558.498925,1747,721,0.00,0.7516,0.4500
10704128.0,5169.556551,15388.946658,20558.503209,1748,721,0.00,0.7516,0.4500
10704162.0,5169.587741,15389.061050,20558.648791,1749,722,0.00,0.7469,0.4375
10704395.0,5169.796290,15389.815708,20559.611999,1750,723,0.00,0.7094,0.4375
10704404.0,5169.804256,15389.845333,20559.649589,1751,724,0.00,0.7266,0.4500
10704703.0,5170.061670,15390.795192,20560.856862,1752,724,0.00,0.7016,0.4000
10704811.0,5170.156602,15391.126392,20561.282993,1753,724,0.00,0.7063,0.4125
10704947.0,5170.274113,15391.553658,20561.827771,1754,724,0.00,0.6609,0.4250
10705037.0,5170.350378,15391.843158,20562.193537,1755,724,0.00,0.6656,0.4375
10705216.0,5170.499748,15392.412042,20562.911790,1756,725,0.00,0.6375,0.4125
10705282.0,5170.554318,15392.619392,20563.173710,1757,726,0.00,0.6422,0.4250
10705342.0,5170.604247,15392.812167,20563.416413,1758,726,0.00,0.6297,0.4250
10705525.0,5170.753942,15393.396992,20564.150934,1759,727,0.00,0.6344,0.4250
10705525.0,5170.753942,15393.396992,20564.150934,1760,728,0.00,0.6625,0.4375
10706343.0,5171.408058,15395.921350,20567.329408,1761,728,0.00,0.5891,0.4000
10706467.0,5171.505882,15396.296667,20567.802549,1762,728,0.00,0.5891,0.4000
10707394.0,5172.235231,15399.072117,20571.307348,1763,729,0.00,0.6063,0.4000
10708156.0,5172.848535,15401.408917,20574.257452,1764,730,0.00,0.6188,0.4125
10708284.0,5172.952802,15401.811050,20574.763852,1765,730,0.00,0.6234,0.4250
10708418.0,5173.062445,15402.242083,20575.304528,1766,730,0.00,0.6422,0.4375
10708551.0,5173.173070,15402.677025,20575.850095,1767,731,0.00,0.6547,0.4250
10708596.0,5173.210984,15402.821775,20576.032759,1768,732,0.00,0.6734,0.4375
10708879.0,5173.453549,15403.753317,20577.206865,1769,732,0.00,0.6781,0.4500
10710068.0,5174.457487,15407.602758,20582.060245,1770,733,0.00,0.6328,0.4125
10710115.0,5174.496286,15407.750417,20582.246703,1771,734,0.00,0.6500,0.4250
10710154.0,5174.529003,15407.875867,20582.404870,1772,735,0.00,0.6625,0.4375
10710174.0,5174.545975,15407.941700,20582.487675,1773,735,0.00,0.6672,0.4500
10710260.0,5174.619269,15408.231233,20582.850503,1774,735,0.00,0.6719,0.4625
10710382.0,5174.723307,15408.643242,20583.366548,1775,735,0.00,0.6719,0.4625
10711110.0,5175.335718,15411.062825,20586.398543,1776,735,0.00,0.6531,0.4500
10711209.0,5175.419009,15411.396125,20586.815134,1777,735,0.00,0.6594,0.4625
10711222.0,5175.430009,15411.440867,20586.870876,1778,735,0.00,0.6656,0.4750
10711224.0,5175.431711,15411.447900,20586.879611,1779,735,0.00,0.6719,0.4875
10711265.0,5175.466785,15411.594783,20587.061568,1780,735,0.00,0.6797,0.4875
10711456.0,5175.631423,15412.280792,20587.912214,1781,736,0.00,0.6969,0.4875
10711517.0,5175.684819,15412.499883,20588.184702,1782,737,0.00,0.7141,0.4875
10711520.0,5175.687485,15412.510658,20588.198143,1783,738,0.00,0.7313,0.4875
10711540.0,5175.705527,15412.582492,20588.288018,1784,739,0.00,0.7438,0.5000
10711742.0,5175.888642,15413.314908,20589.203550,1785,740,0.00,0.7594,0.5000
10711854.0,5175.992125,15413.725575,20589.717700,1786,741,0.00,0.7766,0.5000
10712000.0,5176.128507,15414.258283,20590.386790,1787,742,0.00,0.7703,0.4875
10712044.0,5176.169536,15414.416317,20590.585852,1788,743,0.00,0.7875,0.4875
10712251.0,5176.358831,15415.131592,20591.490423,1789,743,0.00,0.7406,0.4625
10712254.0,5176.361559,15415.141917,20591.503476,1790,743,0.00,0.7453,0.4750
10712494.0,5176.575640,15415.969942,20592.545581,1791,743,0.00,0.7047,0.4625
10712579.0,5176.648497,15416.248383,20592.896880,1792,744,0.00,0.6688,0.4125
10712677.0,5176.732137,15416.556267,20593.288404,1793,744,0.00,0.6750,0.4250
10713332.0,5177.277608,15418.569058,20595.846666,1794,745,0.00,0.6469,0.4125
10713333.0,5177.278444,15418.572200,20595.850644,1795,746,0.00,0.6641,0.4250
10713339.0,5177.283543,15418.591500,20595.875043,1796,747,0.00,0.6891,0.4375
10713399.0,5177.335699,15418.789000,20596.124699,1797,747,0.00,0.6953,0.4500
10714998.0,5178.642411,15423.662075,20602.304486,1798,748,0.00,0.6156,0.3875
10715344.0,5178.919552,15424.675517,20603.595069,1799,749,0.00,0.6047,0.3875
10715679.0,5179.186946,15425.670675,20604.857621,1800,750,0.00,0.6047,0.3875
10716310.0,5179.694046,15427.558417,20607.252463,1801,751,0.00,0.6219,0.4000
10716405.0,5179.771663,15427.849750,20607.621413,1802,751,0.00,0.6391,0.4125
10716963.0,5180.224190,15429.548950,20609.773140,1803,752,0.00,0.6156,0.3875
10717093.0,5180.329770,15429.937867,20610.267637,1804,752,0.00,0.6328,0.4000
10717116.0,5180.348757,15430.008400,20610.357157,1805,753,0.00,0.6516,0.4125
10717116.0,5180.348757,15430.008400,20610.357157,1806,754,0.00,0.6703,0.4250
10717191.0,5180.412436,15430.249650,20610.662086,1807,755,0.00,0.6703,0.4250
10717233.0,5180.448332,15430.384750,20610.833082,1808,756,0.00,0.6891,0.4250
10717273.0,5180.482876,15430.512142,20610.995018,1809,757,0.00,0.7000,0.4250
10717382.0,5180.578554,15430.862758,20611.441312,1810,758,0.00,0.7188,0.4250
10717431.0,5180.622280,15431.020375,20611.642655,1811,758,0.00,0.7234,0.4375
10717569.0,5180.745928,15431.474625,20612.220553,1812,758,0.00,0.7359,0.4500
12902960.0,6658.300495,20435.835283,27094.135779,1813,759,0.00,0.0000,0.0000
