timestamp,cpu_energy_kwh,gpu_energy_kwh,total_energy_kwh,tasks_scheduled,sla_violations,avg_sla_slack,cluster_cpu_util,cluster_gpu_util
0.0,0.000000,0.000000,0.000000,1,0,0.00,0.1875,0.0125
427061.0,151.695626,348.766483,500.462109,2,0,0.00,0.2813,0.0250
1558381.0,570.048334,1357.526817,1927.575151,3,0,0.00,0.4688,0.0375
2690044.0,996.779591,2451.467717,3448.247307,4,0,0.00,0.5625,0.0500
2758084.0,1023.428591,2522.342717,3545.771307,5,0,0.00,0.7500,0.0625
2759674.0,1024.082257,2523.998967,3548.081224,6,0,0.00,1.0625,0.0625
3019330.0,1130.829724,2813.948167,3944.777891,7,0,0.00,1.1250,0.0750
3019932.0,1131.077213,2814.665550,3945.742763,8,0,0.00,1.3125,0.0875
4130198.0,1587.519902,4221.002483,5808.522385,9,0,0.00,1.5000,0.1000
4975773.0,1947.476482,5355.482275,7302.958757,10,0,0.00,0.8438,0.1125
5182092.0,2039.317092,5647.767525,7687.084617,11,0,0.00,0.9688,0.1250
6394537.0,2587.864257,7456.331317,10044.195574,12,0,0.00,1.0156,0.1375
6588193.0,2677.362915,7759.725717,10437.088632,13,0,0.00,1.0781,0.1500
6976821.0,2860.746753,8397.723350,11258.470103,14,0,0.00,1.1406,0.1625
8387257.0,3550.293242,10818.971817,14369.265058,15,0,0.00,1.2656,0.1750
8396307.0,3554.717686,10835.186400,14389.904086,16,0,0.00,1.3906,0.1875
8962274.0,3831.412664,11849.210608,15680.623272,17,0,0.00,1.6406,0.1875
9437497.0,4063.743908,12700.651817,16764.395725,18,0,0.00,2.3281,0.1875
9476974.0,4083.043775,12774.342217,16857.385992,19,0,0.00,2.3750,0.2000
9664050.0,4176.321947,13137.581450,17313.903397,20,0,0.00,1.6250,0.2125
9664123.0,4176.359056,13137.728667,17314.087722,21,0,0.00,1.6667,0.2250
9671707.0,4180.287989,13153.591867,17333.879856,22,0,0.00,1.7083,0.2375
9679175.0,4184.193131,13169.772533,17353.965664,23,0,0.00,1.7292,0.2500
9766837.0,4231.311456,13366.281517,17597.592972,24,0,0.00,1.7917,0.2625
9818766.0,4260.233024,13486.583700,17746.816724,25,0,0.00,1.8750,0.2750
9823530.0,4262.909465,13497.977600,17760.887065,26,0,0.00,1.8958,0.2875
9924220.0,4319.967132,13746.346267,18066.313399,27,0,0.00,1.9792,0.3000
9941376.0,4329.709715,13789.951100,18119.660815,28,0,0.00,1.4883,0.3125
9949982.0,4334.764245,13812.470133,18147.234379,29,0,0.00,1.5508,0.3250
9955274.0,4337.898102,13826.714433,18164.612535,30,0,0.00,1.5664,0.3375
9957349.0,4339.167238,13832.455267,18171.622505,31,0,0.00,1.6289,0.3500
9961302.0,4341.661883,13843.688375,18185.350258,32,0,0.00,1.6914,0.3625
9963454.0,4343.035651,13849.965042,18193.000693,33,0,0.00,1.7148,0.3750
9965463.0,4344.325457,13855.975300,18200.300757,34,0,0.00,1.7266,0.3875
9965619.0,4344.425990,13856.453700,18200.879690,35,0,0.00,1.7891,0.4000
9967058.0,4345.381326,13860.974558,18206.355885,36,0,0.00,1.4813,0.4125
9967204.0,4345.478786,13861.444192,18206.922978,37,0,0.00,1.4906,0.4250
9970479.0,4347.728643,13872.224400,18219.953043,38,0,0.00,1.5406,0.4375
9973579.0,4349.873348,13882.661067,18232.534415,39,0,0.00,1.5531,0.4500
9973948.0,4350.130431,13883.931042,18234.061473,40,0,0.00,1.5656,0.4625
9974338.0,4350.405936,13885.302542,18235.708478,41,0,0.00,1.5906,0.4750
9976185.0,4351.717434,13891.936350,18243.653784,42,0,0.00,1.6000,0.4875
9977555.0,4352.695224,13896.959683,18249.654908,43,0,0.00,1.6094,0.5000
9980855.0,4355.074547,13909.307183,18264.381731,44,0,0.00,1.3568,0.5125
9983856.0,4357.249230,13920.761000,18278.010230,45,0,0.00,1.3646,0.5250
9985207.0,4358.233162,13926.018642,18284.251803,46,0,0.00,1.3724,0.5375
9989432.0,4361.325627,13942.777808,18304.103435,47,0,0.00,1.3802,0.5500
9989615.0,4361.460240,13943.517433,18304.977673,48,0,0.00,1.3880,0.5625
9992086.0,4363.277884,13953.504392,18316.782275,49,0,0.00,1.4089,0.5625
9992086.0,4363.277884,13953.504392,18316.782275,50,0,0.00,1.4297,0.5625
9992104.0,4363.291124,13953.577142,18316.868266,51,0,0.00,1.4505,0.5625
9993395.0,4364.247047,13958.891758,18323.138805,52,0,0.00,1.4609,0.5750
9993396.0,4364.247792,13958.895950,18323.143742,53,0,0.00,1.4714,0.5875
9993753.0,4364.519075,13960.419150,18324.938225,54,0,0.00,1.5026,0.6000
9997763.0,4367.585750,13977.829233,18345.414984,55,0,0.00,1.2969,0.6125
9999611.0,4369.005759,13985.991233,18354.996992,56,0,0.00,1.3036,0.6250
9999740.0,4369.106764,13986.570658,18355.677422,57,0,0.00,1.3304,0.6375
9999867.0,4369.206666,13987.150625,18356.357291,58,0,0.00,1.3371,0.6500
10000483.0,4369.697220,13990.009892,18359.707112,59,0,0.00,1.3549,0.6625
10000836.0,4369.983052,13991.674875,18361.657927,60,0,0.00,1.3795,0.6750
10000884.0,4370.021919,13991.901275,18361.923194,61,0,0.00,1.3973,0.6750
10001573.0,4370.582330,13995.202733,18365.785063,62,0,0.00,1.4040,0.6875
10001854.0,4370.814984,13996.570267,18367.385251,63,0,0.00,1.4308,0.7000
10002519.0,4371.378502,13999.856475,18371.234977,64,0,0.00,1.2832,0.7125
10002813.0,4371.631924,14001.331375,18372.963299,65,0,0.00,1.3066,0.7250
10003114.0,4371.895769,14002.863967,18374.759736,66,0,0.00,1.3301,0.7375
10004799.0,4373.380968,14011.569800,18384.950768,67,0,0.00,1.3379,0.7500
10005625.0,4374.112035,14015.899417,18390.011452,68,0,0.00,1.3438,0.7625
10008375.0,4376.556002,14030.520250,18407.076252,69,0,0.00,1.3496,0.7750
10009087.0,4377.191364,14034.359117,18411.550480,70,0,0.00,1.3555,0.7875
10009222.0,4377.313637,14035.097117,18412.410754,71,0,0.00,1.3906,0.8000
10011081.0,4379.038053,14045.399075,18424.437128,72,0,0.00,1.2674,0.8125
10011177.0,4379.127453,14045.938275,18425.065728,73,0,0.00,1.2726,0.8250
10011398.0,4379.337557,14047.196133,18426.533690,74,0,0.00,1.3003,0.8375
10011759.0,4379.684267,14049.277900,18428.962167,75,0,0.00,1.3142,0.8500
10013436.0,4381.327494,14059.074375,18440.401869,76,0,0.00,1.3420,0.8625
10013677.0,4381.564519,14060.500292,18442.064811,77,0,0.00,1.3472,0.8750
10013797.0,4381.682540,14061.219292,18442.901832,78,0,0.00,1.3750,0.8875
10014736.0,4382.606053,14066.915892,18449.521945,79,0,0.00,1.3889,0.9000
10014814.0,4382.683335,14067.394942,18450.078277,80,0,0.00,1.2594,0.9125
10014946.0,4382.814763,14068.215542,18451.030304,81,0,0.00,1.2656,0.9250
10015701.0,4383.573826,14072.965750,18456.539576,82,0,0.00,1.2781,0.9375
10015833.0,4383.707178,14073.806150,18457.513328,83,0,0.00,1.2844,0.9500
10016935.0,4384.825823,14080.904867,18465.730689,84,0,0.00,1.2906,0.9625
10017162.0,4385.057079,14082.384150,18467.441229,85,0,0.00,1.2953,0.9750
10017643.0,4385.553528,14085.554742,18471.108269,86,0,0.00,1.3125,0.9875
10017811.0,4385.727740,14086.674742,18472.402482,87,0,0.00,1.3188,1.0000
10018219.0,4386.150828,14089.394742,18475.545569,88,0,0.00,1.3234,1.0000
10018378.0,4386.315707,14090.454742,18476.770449,89,0,0.00,1.3281,1.0000
10018598.0,4386.543843,14091.921408,18478.465251,90,0,0.00,1.3406,1.0000
10018784.0,4386.736721,14093.161408,18479.898129,91,0,0.00,1.3453,1.0000
10019718.0,4387.705260,14099.388075,18487.093335,92,0,0.00,1.3734,1.0000
10019860.0,4387.852511,14100.334742,18488.187252,93,0,0.00,1.3797,1.0000
10020315.0,4388.324336,14103.368075,18491.692411,94,0,0.00,1.3922,1.0000
10020698.0,4388.721499,14105.921408,18494.642907,95,0,0.00,1.3969,1.0000
10022793.0,4390.893970,14119.888075,18510.782045,96,0,0.00,1.4156,1.0000
10024695.0,4392.866305,14132.568075,18525.434380,97,0,0.00,1.4281,1.0000
10024890.0,4393.068516,14133.868075,18526.936591,98,0,0.00,1.4328,1.0000
10025530.0,4393.732182,14138.134742,18531.866924,99,0,0.00,1.4375,1.0000
10027236.0,4395.501269,14149.508075,18545.009344,100,0,0.00,1.4438,1.0000
10027236.0,4395.501269,14149.508075,18545.009344,101,0,0.00,1.4500,1.0000
10027446.0,4395.719035,14150.908075,18546.627110,102,0,0.00,1.4688,1.0000
10027539.0,4395.815474,14151.528075,18547.343549,103,0,0.00,1.4813,1.0000
10027911.0,4396.201230,14154.008075,18550.209305,104,0,0.00,1.4875,1.0000
10028213.0,4396.514398,14156.021408,18552.535806,105,0,0.00,1.4922,1.0000
10028677.0,4396.995556,14159.114742,18556.110298,106,0,0.00,1.4969,1.0000
10029041.0,4397.373016,14161.541408,18558.914425,107,0,0.00,1.5016,1.0000
10030787.0,4399.183582,14173.181408,18572.364990,108,0,0.00,1.5063,1.0000
10030840.0,4399.238542,14173.534742,18572.773284,109,0,0.00,1.5109,1.0000
10032059.0,4400.502619,14181.661408,18582.164028,110,0,0.00,1.5250,1.0000
10032623.0,4401.087476,14185.421408,18586.508884,111,0,0.00,1.5297,1.0000
10032792.0,4401.262725,14186.548075,18587.810800,112,0,0.00,1.5344,1.0000
10033656.0,4402.158675,14192.308075,18594.466750,113,0,0.00,1.5531,1.0000
10033713.0,4402.217783,14192.688075,18594.905858,114,0,0.00,1.5625,1.0000
10033926.0,4402.438660,14194.108075,18596.546735,115,0,0.00,1.5750,1.0000
10034479.0,4403.012109,14197.794742,18600.806851,116,0,0.00,1.5797,1.0000
10034615.0,4403.153138,14198.701408,18601.854547,117,0,0.00,1.7172,1.0000
10035396.0,4403.963019,14203.908075,18607.871094,118,0,0.00,1.7359,1.0000
10036115.0,4404.708607,14208.701408,18613.410015,119,0,0.00,1.7547,1.0000
10036187.0,4404.783269,14209.181408,18613.964678,120,0,0.00,1.7594,1.0000
10036552.0,4405.161767,14211.614742,18616.776509,121,0,0.00,1.7656,1.0000
10036751.0,4405.368126,14212.941408,18618.309534,122,0,0.00,1.7703,1.0000
10036875.0,4405.496711,14213.768075,18619.264786,123,0,0.00,1.7750,1.0000
10037662.0,4406.312814,14219.014742,18625.327555,124,0,0.00,1.7797,1.0000
10037976.0,4406.638425,14221.108075,18627.746500,125,0,0.00,1.7984,1.0000
10038341.0,4407.016923,14223.541408,18630.558331,126,0,0.00,1.8047,1.0000
10039366.0,4408.079826,14230.374742,18638.454568,127,0,0.00,1.8172,1.0000
10039428.0,4408.144119,14230.788075,18638.932194,128,0,0.00,1.8297,1.0000
10039573.0,4408.294481,14231.754742,18640.049223,129,0,0.00,1.8359,1.0000
10039634.0,4408.357737,14232.161408,18640.519145,130,0,0.00,1.8641,1.0000
10039873.0,4408.605575,14233.754742,18642.360316,131,0,0.00,1.8766,1.0000
10040570.0,4409.328349,14238.401408,18647.729757,132,0,0.00,1.8891,1.0000
10040740.0,4409.504636,14239.534742,18649.039377,133,0,0.00,1.9016,1.0000
10041157.0,4409.937056,14242.314742,18652.251798,134,0,0.00,1.9141,1.0000
10041292.0,4410.077048,14243.214742,18653.291790,135,0,0.00,1.9188,1.0000
10041344.0,4410.130971,14243.561408,18653.692379,136,0,0.00,1.9234,1.0000
10041954.0,4410.763528,14247.628075,18658.391603,137,0,0.00,1.9281,1.0000
10042650.0,4411.485266,14252.268075,18663.753341,138,0,0.00,1.9406,1.0000
10043265.0,4412.123008,14256.368075,18668.491083,139,0,0.00,1.9688,1.0000
10046254.0,4415.222539,14276.294742,18691.517280,140,0,0.00,1.9875,1.0000
10046254.0,4415.222539,14276.294742,18691.517280,141,0,0.00,1.9969,1.0000
10047020.0,4416.016865,14281.401408,18697.418273,142,0,0.00,2.0016,1.0000
10047038.0,4416.035530,14281.521408,18697.556939,143,0,0.00,2.0063,1.0000
10047603.0,4416.621424,14285.288075,18701.909499,144,0,0.00,2.0109,1.0000
10049677.0,4418.772118,14299.114742,18717.886860,145,0,0.00,2.0297,1.0000
10050573.0,4419.701252,14305.088075,18724.789327,146,0,0.00,2.0359,1.0000
10051156.0,4420.305811,14308.974742,18729.280552,147,0,0.00,2.0406,1.0000
10051357.0,4420.514243,14310.314742,18730.828985,148,0,0.00,2.0656,1.0000
10052128.0,4421.313754,14315.454742,18736.768496,149,0,0.00,2.0703,1.0000
10052438.0,4421.635218,14317.521408,18739.156626,150,0,0.00,2.0953,1.0000
10052820.0,4422.031344,14320.068075,18742.099419,151,0,0.00,2.1234,1.0000
10053065.0,4422.285404,14321.701408,18743.986812,152,0,0.00,2.1359,1.0000
10053622.0,4422.863001,14325.414742,18748.277743,153,0,0.00,2.1406,1.0000
10054239.0,4423.502817,14329.528075,18753.030892,154,0,0.00,2.1656,1.0000
10055123.0,4424.419507,14335.421408,18759.840915,155,0,0.00,2.1703,1.0000
10056973.0,4426.337918,14347.754742,18774.092660,156,0,0.00,2.1797,1.0000
10057657.0,4427.047212,14352.314742,18779.361954,157,0,0.00,2.1844,1.0000
10058979.0,4428.418099,14361.128075,18789.546174,158,0,0.00,2.1891,1.0000
10059143.0,4428.588163,14362.221408,18790.809572,159,0,0.00,2.2016,1.0000
10059169.0,4428.615125,14362.394742,18791.009866,160,0,0.00,2.2063,1.0000
10059451.0,4428.907553,14364.274742,18793.182294,161,0,0.00,2.2125,1.0000
10059776.0,4429.244571,14366.441408,18795.685979,162,0,0.00,2.2172,1.0000
10059888.0,4429.360713,14367.188075,18796.548788,163,0,0.00,2.2219,1.0000
10060370.0,4429.860537,14370.401408,18800.261945,164,0,0.00,2.2281,1.0000
10060714.0,4430.217257,14372.694742,18802.911999,165,0,0.00,2.2375,1.0000
10060718.0,4430.221405,14372.721408,18802.942814,166,0,0.00,2.2500,1.0000
10061136.0,4430.654863,14375.508075,18806.162938,167,0,0.00,2.2688,1.0000
10062602.0,4432.175074,14385.281408,18817.456482,168,0,0.00,2.2750,1.0000
10065188.0,4434.856702,14402.521408,18837.378111,169,0,0.00,2.2797,1.0000
10065461.0,4435.139798,14404.341408,18839.481206,170,0,0.00,2.2844,1.0000
10066995.0,4436.730524,14414.568075,18851.298599,171,0,0.00,2.2891,1.0000
10068089.0,4437.864979,14421.861408,18859.726387,172,0,0.00,2.2938,1.0000
10071515.0,4441.417669,14444.701408,18886.119078,173,0,0.00,2.3063,1.0000
10072956.0,4442.911956,14454.308075,18897.220031,174,0,0.00,2.3250,1.0000
10072977.0,4442.933733,14454.448075,18897.381808,175,0,0.00,2.3500,1.0000
10073827.0,4443.815165,14460.114742,18903.929907,176,0,0.00,2.3547,1.0000
10075751.0,4445.810313,14472.941408,18918.751722,177,0,0.00,2.3594,1.0000
10076540.0,4446.628490,14478.201408,18924.829898,178,0,0.00,2.3641,1.0000
10076597.0,4446.687598,14478.581408,18925.269006,179,0,0.00,2.3688,1.0000
10077065.0,4447.172904,14481.701408,18928.874312,180,0,0.00,2.3750,1.0000
10077174.0,4447.285935,14482.428075,18929.714010,181,0,0.00,2.3797,1.0000
10078477.0,4448.637118,14491.114742,18939.751860,182,0,0.00,2.3922,1.0000
10079174.0,4449.359893,14495.761408,18945.121301,183,0,0.00,2.3969,1.0000
10079912.0,4450.125184,14500.681408,18950.806592,184,0,0.00,2.4016,1.0000
10081543.0,4451.816497,14511.554742,18963.371238,185,0,0.00,2.4141,1.0000
10082034.0,4452.325653,14514.828075,18967.153728,186,0,0.00,2.4188,1.0000
10082398.0,4452.703114,14517.254742,18969.957855,187,0,0.00,2.4250,1.0000
10084139.0,4454.508494,14528.861408,18983.369903,188,0,0.00,2.4313,1.0000
10084399.0,4454.778109,14530.594742,18985.372851,189,0,0.00,2.4438,1.0000
10086450.0,4456.904953,14544.268075,19001.173028,190,0,0.00,2.4484,1.0000
10087455.0,4457.947117,14550.968075,19008.915192,191,0,0.00,2.4531,1.0000
10087711.0,4458.212584,14552.674742,19010.887326,192,0,0.00,2.4703,1.0000
10087754.0,4458.257174,14552.961408,19011.218582,193,0,0.00,2.4750,1.0000
10087849.0,4458.355687,14553.594742,19011.950429,194,0,0.00,2.4922,1.0000
10088207.0,4458.726926,14555.981408,19014.708334,195,0,0.00,2.4984,1.0000
10088963.0,4459.510882,14561.021408,19020.532290,196,0,0.00,2.5172,1.0000
10089624.0,4460.196325,14565.428075,19025.624400,197,0,0.00,2.5219,1.0000
10089802.0,4460.380907,14566.614742,19026.995649,198,0,0.00,2.5500,1.0000
10090200.0,4460.793625,14569.268075,19030.061700,199,0,0.00,2.5563,1.0000
10090303.0,4460.900434,14569.954742,19030.855176,200,0,0.00,2.5609,1.0000
10090557.0,4461.163827,14571.648075,19032.811902,201,0,0.00,2.5781,1.0000
10090801.0,4461.416850,14573.274742,19034.691591,202,0,0.00,2.6063,1.0000
10091052.0,4461.677131,14574.948075,19036.625206,203,0,0.00,2.6125,1.0000
10091074.0,4461.699945,14575.094742,19036.794687,204,0,0.00,2.6172,1.0000
10091866.0,4462.521232,14580.374742,19042.895974,205,0,0.00,2.6344,1.0000
10091963.0,4462.621819,14581.021408,19043.643228,206,0,0.00,2.6469,1.0000
10093366.0,4464.076701,14590.374742,19054.451443,207,0,0.00,2.6531,1.0000
10093458.0,4464.172103,14590.988075,19055.160178,208,0,0.00,2.6578,1.0000
10094677.0,4465.436181,14599.114742,19064.550923,209,0,0.00,2.6703,1.0000
10095374.0,4466.158955,14603.761408,19069.920364,210,0,0.00,2.6750,1.0000
10096044.0,4466.853731,14608.228075,19075.081806,211,0,0.00,2.6813,1.0000
10096319.0,4467.138901,14610.061408,19077.200309,212,0,0.00,2.6859,1.0000
10096985.0,4467.829529,14614.501408,19082.330937,213,0,0.00,2.7031,1.0000
10097319.0,4468.175880,14616.728075,19084.903955,214,0,0.00,2.7281,1.0000
10098174.0,4469.062497,14622.428075,19091.490572,215,0,0.00,2.7531,1.0000
10099853.0,4470.803585,14633.621408,19104.424993,216,0,0.00,2.7813,1.0000
10101508.0,4472.519786,14644.654742,19117.174527,217,0,0.00,2.7859,1.0000
10101656.0,4472.673259,14645.641408,19118.314667,218,0,0.00,2.7906,1.0000
10101831.0,4472.854730,14646.808075,19119.662805,219,0,0.00,2.8078,1.0000
10102468.0,4473.515286,14651.054742,19124.570027,220,0,0.00,2.8125,1.0000
10102699.0,4473.754828,14652.594742,19126.349569,221,0,0.00,2.8172,1.0000
10103062.0,4474.131251,14655.014742,19129.145993,222,0,0.00,2.8297,1.0000
10103067.0,4474.136436,14655.048075,19129.184511,223,0,0.00,2.8422,1.0000
10103070.0,4474.139547,14655.068075,19129.207622,224,0,0.00,2.8547,1.0000
10103080.0,4474.149917,14655.134742,19129.284659,225,0,0.00,2.8672,1.0000
10103554.0,4474.641445,14658.294742,19132.936187,226,0,0.00,2.8859,1.0000
10103657.0,4474.748254,14658.981408,19133.729662,227,0,0.00,2.8922,1.0000
10103830.0,4474.927651,14660.134742,19135.062393,228,0,0.00,2.9047,1.0000
10104296.0,4475.410884,14663.241408,19138.652292,229,0,0.00,2.9234,1.0000
10104920.0,4476.057959,14667.401408,19143.459367,230,0,0.00,2.9359,1.0000
10105081.0,4476.224912,14668.474742,19144.699654,231,0,0.00,2.9531,1.0000
10105616.0,4476.779696,14672.041408,19148.821104,232,0,0.00,2.9578,1.0000
10106099.0,4477.280557,14675.261408,19152.541965,233,0,0.00,2.9625,1.0000
10106214.0,4477.399810,14676.028075,19153.427885,234,0,0.00,2.9672,1.0000
10106404.0,4477.596836,14677.294742,19154.891577,235,0,0.00,2.9719,1.0000
10106593.0,4477.792825,14678.554742,19156.347566,236,0,0.00,2.9844,1.0000
10106755.0,4477.960815,14679.634742,19157.595557,237,0,0.00,2.9891,1.0000
10107108.0,4478.326869,14681.988075,19160.314944,238,0,0.00,2.9938,1.0000
10107156.0,4478.376644,14682.308075,19160.684719,239,0,0.00,2.9984,1.0000
10107360.0,4478.588188,14683.668075,19162.256263,240,0,0.00,3.0047,1.0000
10107678.0,4478.917947,14685.788075,19164.706022,241,0,0.00,3.0094,1.0000
10107700.0,4478.940761,14685.934742,19164.875502,242,0,0.00,3.0156,1.0000
10108119.0,4479.375255,14688.728075,19168.103330,243,0,0.00,3.0281,1.0000
10108195.0,4479.454065,14689.234742,19168.688807,244,0,0.00,3.0563,1.0000
10108262.0,4479.523543,14689.681408,19169.204951,245,0,0.00,3.0609,1.0000
10108896.0,4480.180988,14693.908075,19174.089063,246,0,0.00,3.0734,1.0000
10110007.0,4481.333072,14701.314742,19182.647813,247,0,0.00,3.0922,1.0000
10110007.0,4481.333072,14701.314742,19182.647813,248,0,0.00,3.1063,1.0000
10110042.0,4481.369366,14701.548075,19182.917441,249,0,0.00,3.1203,1.0000
10110515.0,4481.859857,14704.701408,19186.561265,250,0,0.00,3.1391,1.0000
10110888.0,4482.246650,14707.188075,19189.434725,251,0,0.00,3.1453,1.0000
10112199.0,4483.606130,14715.928075,19199.534205,252,0,0.00,3.1703,1.0000
10112326.0,4483.737826,14716.774742,19200.512568,253,0,0.00,3.1750,1.0000
10112685.0,4484.110102,14719.168075,19203.278177,254,0,0.00,3.1813,1.0000
10112996.0,4484.432602,14721.241408,19205.674011,255,0,0.00,3.1859,1.0000
10113134.0,4484.575705,14722.161408,19206.737114,256,0,0.00,3.2047,1.0000
10113347.0,4484.796582,14723.581408,19208.377990,257,0,0.00,3.2234,1.0000
10114193.0,4485.673866,14729.221408,19214.895275,258,0,0.00,3.2359,1.0000
10114274.0,4485.757862,14729.761408,19215.519270,259,0,0.00,3.2406,1.0000
10114302.0,4485.786897,14729.948075,19215.734972,260,0,0.00,3.2594,1.0000
10115077.0,4486.590556,14735.114742,19221.705298,261,0,0.00,3.2719,1.0000
10117363.0,4488.961090,14750.354742,19239.315832,262,0,0.00,3.2969,1.0000
10118303.0,4489.935851,14756.621408,19246.557259,263,0,0.00,3.3141,1.0000
10118657.0,4490.302941,14758.981408,19249.284350,264,0,0.00,3.3391,1.0000
10119177.0,4490.842170,14762.448075,19253.290245,265,0,0.00,3.3672,1.0000
10119674.0,4491.357549,14765.761408,19257.118957,266,0,0.00,3.3859,1.0000
10119716.0,4491.401102,14766.041408,19257.442511,267,0,0.00,3.4047,1.0000
10119805.0,4491.493393,14766.634742,19258.128135,268,0,0.00,3.4234,1.0000
10119881.0,4491.572204,14767.141408,19258.713612,269,0,0.00,3.4359,1.0000
10121149.0,4492.887093,14775.594742,19268.481835,270,0,0.00,3.4422,1.0000
10121200.0,4492.939979,14775.934742,19268.874721,271,0,0.00,3.4547,1.0000
10122873.0,4494.674845,14787.088075,19281.762920,272,0,0.00,3.4641,1.0000
10122912.0,4494.715288,14787.348075,19282.063363,273,0,0.00,3.4813,1.0000
10122958.0,4494.762989,14787.654742,19282.417730,274,0,0.00,3.4859,1.0000
10122966.0,4494.771285,14787.708075,19282.479360,275,0,0.00,3.5031,1.0000
10123048.0,4494.856317,14788.254742,19283.111059,276,0,0.00,3.5203,1.0000
10123058.0,4494.866687,14788.321408,19283.188095,277,0,0.00,3.5375,1.0000
10123064.0,4494.872909,14788.361408,19283.234317,278,0,0.00,3.5547,1.0000
10123510.0,4495.335401,14791.334742,19286.670143,279,0,0.00,3.5563,1.0000
10123536.0,4495.362363,14791.508075,19286.870438,280,0,0.00,3.5609,1.0000
10123839.0,4495.676567,14793.528075,19289.204642,281,0,0.00,3.5734,1.0000
10125159.0,4497.045380,14802.328075,19299.373455,282,0,0.00,3.5859,1.0000
10125279.0,4497.169817,14803.128075,19300.297892,283,0,0.00,3.5906,1.0000
10126505.0,4498.441154,14811.301408,19309.742562,284,0,0.00,3.6078,1.0000
10127058.0,4499.014603,14814.988075,19314.002678,285,0,0.00,3.6125,1.0000
10127814.0,4499.798560,14820.028075,19319.826635,286,0,0.00,3.6172,1.0000
10128880.0,4500.903979,14827.134742,19328.038721,287,0,0.00,3.6422,1.0000
10129654.0,4501.706601,14832.294742,19334.001343,288,0,0.00,3.6609,1.0000
10130831.0,4502.927126,14840.141408,19343.068534,289,0,0.00,3.6656,1.0000
10131649.0,4503.775375,14845.594742,19349.370116,290,0,0.00,3.6703,1.0000
10131993.0,4504.132095,14847.888075,19352.020170,291,0,0.00,3.6750,1.0000
10132682.0,4504.846574,14852.481408,19357.327982,292,0,0.00,3.6797,1.0000
10132818.0,4504.987603,14853.388075,19358.375678,293,0,0.00,3.6844,1.0000
10133439.0,4505.631567,14857.528075,19363.159642,294,0,0.00,3.7094,1.0000
10133558.0,4505.754968,14858.321408,19364.076376,295,0,0.00,3.7219,1.0000
10133995.0,4506.208128,14861.234742,19367.442869,296,0,0.00,3.7266,1.0000
10134129.0,4506.347083,14862.128075,19368.475158,297,0,0.00,3.7313,1.0000
10134157.0,4506.376118,14862.314742,19368.690860,298,0,0.00,3.8688,1.0000
10134400.0,4506.628104,14863.934742,19370.562846,299,0,0.00,3.8938,1.0000
10134541.0,4506.774318,14864.874742,19371.649060,300,0,0.00,3.8984,1.0000
10135536.0,4507.806113,14871.508075,19379.314188,301,0,0.00,3.9172,1.0000
10136146.0,4508.438670,14875.574742,19384.013412,302,0,0.00,3.9219,1.0000
10136410.0,4508.712432,14877.334742,19386.047174,303,0,0.00,3.9266,1.0000
10137416.0,4509.755634,14884.041408,19393.797042,304,0,0.00,3.9328,1.0000
10138838.0,4511.230218,14893.521408,19404.751626,305,0,0.00,3.9578,1.0000
10139183.0,4511.587976,14895.821408,19407.409384,306,0,0.00,3.9625,1.0000
10139527.0,4511.944697,14898.114742,19410.059438,307,0,0.00,3.9906,1.0000
10139540.0,4511.958177,14898.201408,19410.159586,308,0,0.00,4.0188,1.0000
10141076.0,4513.550977,14908.441408,19421.992386,309,0,0.00,4.0234,1.0000
10142678.0,4515.212218,14919.121408,19434.333626,310,0,0.00,4.0359,1.0000
10143373.0,4515.932918,14923.754742,19439.687660,311,0,0.00,4.0453,1.0000
10145120.0,4517.744521,14935.401408,19453.145929,312,0,0.00,4.0500,1.0000
10145223.0,4517.851330,14936.088075,19453.939405,313,0,0.00,4.0547,1.0000
10145321.0,4517.952954,14936.741408,19454.694362,314,0,0.00,4.0734,1.0000
10145662.0,4518.306564,14939.014742,19457.321305,315,0,0.00,4.0859,1.0000
10145872.0,4518.524329,14940.414742,19458.939071,316,0,0.00,4.0906,1.0000
10146322.0,4518.990970,14943.414742,19462.405712,317,0,0.00,4.0953,1.0000
10150141.0,4522.951193,14968.874742,19491.825935,318,0,0.00,4.1000,1.0000
10150356.0,4523.174144,14970.308075,19493.482219,319,0,0.00,4.1094,1.0000
10152278.0,4525.167218,14983.121408,19508.288626,320,0,0.00,4.1219,1.0000
10153572.0,4526.509069,14991.748075,19518.257144,321,0,0.00,4.1281,1.0000
10153654.0,4526.594101,14992.294742,19518.888843,322,0,0.00,4.1469,1.0000
10157405.0,4530.483810,15017.301408,19547.785218,323,0,0.00,4.1516,1.0000
10160855.0,4534.061388,15040.301408,19574.362797,324,0,0.00,4.1563,1.0000
10164141.0,4537.468902,15062.208075,19599.676977,325,0,0.00,4.1688,1.0000
10164277.0,4537.609931,15063.114742,19600.724673,326,0,0.00,4.1750,1.0000
10164565.0,4537.908581,15065.034742,19602.943323,327,0,0.00,4.1875,1.0000
10164623.0,4537.968726,15065.421408,19603.390134,328,0,0.00,4.1922,1.0000
10164722.0,4538.071387,15066.081408,19604.152795,329,0,0.00,4.1984,1.0000
10164859.0,4538.213453,15066.994742,19605.208194,330,0,0.00,4.2109,1.0000
10165064.0,4538.426034,15068.361408,19606.787442,331,0,0.00,4.2156,1.0000
10165173.0,4538.539064,15069.088075,19607.627139,332,0,0.00,4.2250,1.0000
10166412.0,4539.823881,15077.348075,19617.171956,333,0,0.00,4.2297,1.0000
10166484.0,4539.898544,15077.828075,19617.726619,334,0,0.00,4.2344,1.0000
10167716.0,4541.176102,15086.041408,19627.217511,335,0,0.00,4.2391,1.0000
10168027.0,4541.498603,15088.114742,19629.613344,336,0,0.00,4.2453,1.0000
10168347.0,4541.830436,15090.248075,19632.078511,337,0,0.00,4.2500,1.0000
10168366.0,4541.850139,15090.374742,19632.224880,338,0,0.00,4.2750,1.0000
10168713.0,4542.209970,15092.688075,19634.898045,339,0,0.00,4.2844,1.0000
10169200.0,4542.714979,15095.934742,19638.649721,340,0,0.00,4.2969,1.0000
10169375.0,4542.896451,15097.101408,19639.997859,341,0,0.00,4.3016,1.0000
10172374.0,4546.006351,15117.094742,19663.101093,342,0,0.00,4.3188,1.0000
10173573.0,4547.249689,15125.088075,19672.337764,343,0,0.00,4.3422,1.0000
10173649.0,4547.328500,15125.594742,19672.923241,344,0,0.00,4.3469,1.0000
10174699.0,4548.417328,15132.594742,19681.012069,345,0,0.00,4.3594,1.0000
10174703.0,4548.421476,15132.621408,19681.042884,346,0,0.00,4.3828,1.0000
10174773.0,4548.494064,15133.088075,19681.582139,347,0,0.00,4.3922,1.0000
10174834.0,4548.557320,15133.494742,19682.052062,348,0,0.00,4.4016,1.0000
10174996.0,4548.725311,15134.574742,19683.300052,349,0,0.00,4.4078,1.0000
10175575.0,4549.325722,15138.434742,19687.760463,350,0,0.00,4.4141,1.0000
10175763.0,4549.520674,15139.688075,19689.208749,351,0,0.00,4.4188,1.0000
10175948.0,4549.712515,15140.921408,19690.633923,352,0,0.00,4.4375,1.0000
10176577.0,4550.364775,15145.114742,19695.479516,353,0,0.00,4.4625,1.0000
10176964.0,4550.766086,15147.694742,19698.460827,354,0,0.00,4.4688,1.0000
10177954.0,4551.792695,15154.294742,19706.087437,355,0,0.00,4.4781,1.0000
10178628.0,4552.491619,15158.788075,19711.279694,356,0,0.00,4.4953,1.0000
10178651.0,4552.515469,15158.941408,19711.456878,357,0,0.00,4.5000,1.0000
10178696.0,4552.562134,15159.241408,19711.803542,358,0,0.00,4.5125,1.0000
10178857.0,4552.729087,15160.314742,19713.043829,359,0,0.00,4.6500,1.0000
10179719.0,4553.622963,15166.061408,19719.684372,360,0,0.00,4.6547,1.0000
10180259.0,4554.182932,15169.661408,19723.844340,361,0,0.00,4.6609,1.0000
10180270.0,4554.194339,15169.734742,19723.929080,362,0,0.00,4.6781,1.0000
10180454.0,4554.385143,15170.961408,19725.346551,363,0,0.00,4.6844,1.0000
10180841.0,4554.786454,15173.541408,19728.327862,364,0,0.00,4.6891,1.0000
10181257.0,4555.217837,15176.314742,19731.532579,365,0,0.00,4.6984,1.0000
10181304.0,4555.266575,15176.628075,19731.894650,366,0,0.00,4.7156,1.0000
10181710.0,4555.687589,15179.334742,19735.022330,367,0,0.00,4.7203,1.0000
10182641.0,4556.653016,15185.541408,19742.194425,368,0,0.00,4.7328,1.0000
10183836.0,4557.892206,15193.508075,19751.400281,369,0,0.00,4.7375,1.0000
10184106.0,4558.172191,15195.308075,19753.480266,370,0,0.00,4.7609,1.0000
10184155.0,4558.223003,15195.634742,19753.857744,371,0,0.00,4.7844,1.0000
10185253.0,4559.361606,15202.954742,19762.316348,372,0,0.00,4.7891,1.0000
10185984.0,4560.119638,15207.828075,19767.947713,373,0,0.00,4.7938,1.0000
10186713.0,4560.875595,15212.688075,19773.563670,374,0,0.00,4.8063,1.0000
10187075.0,4561.250982,15215.101408,19776.352390,375,0,0.00,4.8188,1.0000
10188200.0,4562.417584,15222.601408,19785.018992,376,0,0.00,4.8234,1.0000
10188246.0,4562.465285,15222.908075,19785.373360,377,0,0.00,4.8516,1.0000
10188685.0,4562.920518,15225.834742,19788.755260,378,0,0.00,4.8766,1.0000
10189447.0,4563.710697,15230.914742,19794.625438,379,0,0.00,4.8938,1.0000
10189534.0,4563.800914,15231.494742,19795.295655,380,0,0.00,4.9031,1.0000
10191093.0,4565.417564,15241.888075,19807.305639,381,0,0.00,4.9219,1.0000
10191770.0,4566.119599,15246.401408,19812.521007,382,0,0.00,4.9344,1.0000
10192232.0,4566.598684,15249.481408,19816.080092,383,0,0.00,4.9469,1.0000
10192336.0,4566.706529,15250.174742,19816.881271,384,0,0.00,4.9594,1.0000
10192477.0,4566.852743,15251.114742,19817.967485,385,0,0.00,4.9641,1.0000
10192642.0,4567.023845,15252.214742,19819.238587,386,0,0.00,4.9828,1.0000
10192889.0,4567.279979,15253.861408,19821.141387,387,0,0.00,5.0000,1.0000
10192901.0,4567.292423,15253.941408,19821.233831,388,0,0.00,5.0172,1.0000
10192962.0,4567.355678,15254.348075,19821.703753,389,0,0.00,5.0297,1.0000
10193027.0,4567.423082,15254.781408,19822.204490,390,0,0.00,5.0359,1.0000
10193066.0,4567.463524,15255.041408,19822.504932,391,0,0.00,5.0547,1.0000
10193568.0,4567.984088,15258.388075,19826.372163,392,0,0.00,5.0828,1.0000
10194497.0,4568.947441,15264.581408,19833.528850,393,0,0.00,5.0891,1.0000
10195056.0,4569.527113,15268.308075,19837.835188,394,0,0.00,5.1078,1.0000
10195438.0,4569.923239,15270.854742,19840.777980,395,0,0.00,5.1344,1.0000
10195440.0,4569.925313,15270.868075,19840.793388,396,0,0.00,5.1531,1.0000
10195608.0,4570.099525,15271.988075,19842.087600,397,0,0.00,5.1719,1.0000
10195689.0,4570.183520,15272.528075,19842.711595,398,0,0.00,5.1906,1.0000
10196373.0,4570.892814,15277.088075,19847.980889,399,0,0.00,5.2094,1.0000
10196386.0,4570.906295,15277.174742,19848.081037,400,0,0.00,5.2266,1.0000
10196392.0,4570.912517,15277.214742,19848.127259,401,0,0.00,5.2438,1.0000
10196397.0,4570.917702,15277.248075,19848.165777,402,0,0.00,5.2609,1.0000
10196546.0,4571.072212,15278.241408,19849.313620,403,0,0.00,5.2781,1.0000
10196555.0,4571.081544,15278.301408,19849.382953,404,0,0.00,5.2969,1.0000
10196738.0,4571.271312,15279.521408,19850.792720,405,0,0.00,5.3156,1.0000
10196789.0,4571.324198,15279.861408,19851.185606,406,0,0.00,5.3203,1.0000
10196808.0,4571.343900,15279.988075,19851.331975,407,0,0.00,5.3344,1.0000
10197068.0,4571.613515,15281.721408,19853.334923,408,0,0.00,5.3516,1.0000
10197275.0,4571.828169,15283.101408,19854.929578,409,0,0.00,5.3703,1.0000
10197421.0,4571.979568,15284.074742,19856.054310,410,0,0.00,5.3891,1.0000
10197607.0,4572.172447,15285.314742,19857.487188,411,0,0.00,5.3938,1.0000
10198109.0,4572.693010,15288.661408,19861.354418,412,0,0.00,5.4063,1.0000
10198200.0,4572.787375,15289.268075,19862.055450,413,0,0.00,5.4125,1.0000
10198508.0,4573.106765,15291.321408,19864.428173,414,0,0.00,5.4297,1.0000
10198596.0,4573.198019,15291.908075,19865.106094,415,0,0.00,5.4344,1.0000
10198648.0,4573.251942,15292.254742,19865.506684,416,0,0.00,5.4406,1.0000
10198800.0,4573.409563,15293.268075,19866.677638,417,0,0.00,5.4578,1.0000
10198987.0,4573.603478,15294.514742,19868.118219,418,0,0.00,5.4641,1.0000
10199241.0,4573.866870,15296.208075,19870.074945,419,0,0.00,5.4688,1.0000
10199343.0,4573.972642,15296.888075,19870.860717,420,0,0.00,5.4750,1.0000
10199889.0,4574.538833,15300.528075,19875.066908,421,0,0.00,5.4797,1.0000
10199909.0,4574.559573,15300.661408,19875.220981,422,0,0.00,5.4859,1.0000
10200098.0,4574.755562,15301.921408,19876.676970,423,0,0.00,5.4953,1.0000
10200592.0,4575.267829,15305.214742,19880.482571,424,0,0.00,5.5234,1.0000
10200734.0,4575.415080,15306.161408,19881.576489,425,0,0.00,5.5422,1.0000
10200798.0,4575.481447,15306.588075,19882.069522,426,0,0.00,5.5484,1.0000
10200882.0,4575.568553,15307.148075,19882.716628,427,0,0.00,5.5609,1.0000
10201063.0,4575.756247,15308.354742,19884.110988,428,0,0.00,5.5656,1.0000
10201360.0,4576.064229,15310.334742,19886.398971,429,0,0.00,5.5703,1.0000
10201724.0,4576.441690,15312.761408,19889.203098,430,0,0.00,5.5828,1.0000
10201799.0,4576.519463,15313.261408,19889.780872,431,0,0.00,5.5875,1.0000
10202555.0,4577.303419,15318.301408,19895.604828,432,0,0.00,5.5969,1.0000
10203067.0,4577.834353,15321.714742,19899.549094,433,0,0.00,5.6250,1.0000
10203558.0,4578.343510,15324.988075,19903.331585,434,0,0.00,5.6375,1.0000
10203567.0,4578.352842,15325.048075,19903.400917,435,0,0.00,5.6500,1.0000
10203650.0,4578.438912,15325.601408,19904.040320,436,0,0.00,5.6547,1.0000
10203864.0,4578.660825,15327.028075,19905.688900,437,0,0.00,5.6609,1.0000
10203963.0,4578.763486,15327.688075,19906.451561,438,0,0.00,5.6781,1.0000
10204220.0,4579.029990,15329.401408,19908.431398,439,0,0.00,5.6844,1.0000
10204481.0,4579.300641,15331.141408,19910.442050,440,0,0.00,5.6906,1.0000
10204608.0,4579.432338,15331.988075,19911.420413,441,0,0.00,5.6969,1.0000
10204958.0,4579.795280,15334.321408,19914.116689,442,0,0.00,5.7219,1.0000
10205784.0,4580.651825,15339.828075,19920.479900,443,0,0.00,5.7344,1.0000
10206323.0,4581.210757,15343.421408,19924.632165,444,0,0.00,5.7406,1.0000
10206679.0,4581.579922,15345.794742,19927.374663,445,0,0.00,5.7594,1.0000
10206725.0,4581.627623,15346.101408,19927.729031,446,0,0.00,5.7766,1.0000
10207027.0,4581.940790,15348.114742,19930.055532,447,0,0.00,5.8016,1.0000
10207773.0,4582.714377,15353.088075,19935.802452,448,0,0.00,5.8141,1.0000
10207852.0,4582.796298,15353.614742,19936.411040,449,0,0.00,5.8188,1.0000
10208156.0,4583.111540,15355.641408,19938.752948,450,0,0.00,5.8234,1.0000
10208723.0,4583.699507,15359.421408,19943.120915,451,0,0.00,5.8406,1.0000
10208961.0,4583.946308,15361.008075,19944.954383,452,0,0.00,5.8578,1.0000
10209700.0,4584.712636,15365.934742,19950.647377,453,0,0.00,5.8641,1.0000
10209742.0,4584.756189,15366.214742,19950.970930,454,0,0.00,5.8828,1.0000
10209881.0,4584.900329,15367.141408,19952.041737,455,0,0.00,5.8953,1.0000
10209881.0,4584.900329,15367.141408,19952.041737,456,0,0.00,5.9078,1.0000
10209987.0,4585.010249,15367.848075,19952.858324,457,0,0.00,5.9125,1.0000
10210514.0,4585.556737,15371.361408,19956.918145,458,0,0.00,5.9172,1.0000
10210900.0,4585.957011,15373.934742,19959.891752,459,0,0.00,5.9219,1.0000
10210977.0,4586.036858,15374.448075,19960.484933,460,0,0.00,5.9266,1.0000
10211166.0,4586.232847,15375.708075,19961.940922,461,0,0.00,5.9313,1.0000
10211442.0,4586.519053,15377.548075,19964.067128,462,0,0.00,5.9484,1.0000
10211861.0,4586.953548,15380.341408,19967.294956,463,0,0.00,5.9625,1.0000
10211972.0,4587.068652,15381.081408,19968.150061,464,0,0.00,5.9688,1.0000
10212039.0,4587.138130,15381.528075,19968.666205,465,0,0.00,5.9734,1.0000
10212048.0,4587.147463,15381.588075,19968.735538,466,0,0.00,5.9781,1.0000
10212372.0,4587.483444,15383.748075,19971.231519,467,0,0.00,5.9828,1.0000
10212413.0,4587.525960,15384.021408,19971.547368,468,0,0.00,5.9875,1.0000
10212621.0,4587.741652,15385.408075,19973.149727,469,0,0.00,5.9938,1.0000
10212626.0,4587.746837,15385.441408,19973.188245,470,0,0.00,5.9984,1.0000
10212828.0,4587.956306,15386.788075,19974.744381,471,0,0.00,6.0219,1.0000
10212954.0,4588.086966,15387.628075,19975.715041,472,0,0.00,6.0266,1.0000
10212968.0,4588.101484,15387.721408,19975.822892,473,0,0.00,6.0313,1.0000
10213190.0,4588.331693,15389.201408,19977.533101,474,0,0.00,6.0547,1.0000
10213497.0,4588.650045,15391.248075,19979.898120,475,0,0.00,6.0594,1.0000
10213546.0,4588.700857,15391.574742,19980.275599,476,0,0.00,6.0766,1.0000
10213708.0,4588.868848,15392.654742,19981.523590,477,0,0.00,6.0813,1.0000
10213806.0,4588.970472,15393.308075,19982.278547,478,0,0.00,6.1094,1.0000
10214358.0,4589.542885,15396.988075,19986.530960,479,0,0.00,6.1266,1.0000
10214440.0,4589.627917,15397.534742,19987.162659,480,0,0.00,6.1438,1.0000
10214507.0,4589.697394,15397.981408,19987.678803,481,0,0.00,6.1484,1.0000
10214575.0,4589.767909,15398.434742,19988.202651,482,0,0.00,6.1531,1.0000
10216472.0,4591.735059,15411.081408,20002.816467,483,0,0.00,6.1781,1.0000
10216775.0,4592.049263,15413.101408,20005.150672,484,0,0.00,6.1828,1.0000
10217437.0,4592.735743,15417.514742,20010.250485,485,0,0.00,6.2203,1.0000
10217925.0,4593.241789,15420.768075,20014.009864,486,0,0.00,6.2344,1.0000
10217925.0,4593.241789,15420.768075,20014.009864,487,0,0.00,6.2484,1.0000
10217931.0,4593.248011,15420.808075,20014.056086,488,0,0.00,6.2625,1.0000
10218490.0,4593.827682,15424.534742,20018.362424,489,0,0.00,6.2672,1.0000
10219969.0,4595.361375,15434.394742,20029.756116,490,0,0.00,6.2797,1.0000
10220673.0,4596.091408,15439.088075,20035.179483,491,0,0.00,6.2891,1.0000
10221884.0,4597.347190,15447.161408,20044.508598,492,0,0.00,6.2938,1.0000
10223133.0,4598.642377,15455.488075,20054.130452,493,0,0.00,6.3125,1.0000
10223139.0,4598.648599,15455.528075,20054.176674,494,0,0.00,6.3188,1.0000
10223622.0,4599.149460,15458.748075,20057.897535,495,0,0.00,6.3250,1.0000
10223679.0,4599.208567,15459.128075,20058.336642,496,0,0.00,6.3313,1.0000
10224392.0,4599.947934,15463.881408,20063.829342,497,0,0.00,6.3375,1.0000
10224738.0,4600.306728,15466.188075,20066.494803,498,0,0.00,6.3422,1.0000
10225414.0,4601.007726,15470.694742,20071.702468,499,0,0.00,6.3547,1.0000
10232587.0,4608.445978,15518.514742,20126.960719,500,0,0.00,6.3594,1.0000
10232803.0,4608.669965,15519.954742,20128.624707,501,0,0.00,6.3656,1.0000
10232974.0,4608.847289,15521.094742,20129.942030,502,0,0.00,6.3750,1.0000
10233819.0,4609.723536,15526.728075,20136.451611,503,0,0.00,6.3797,1.0000
10233991.0,4609.901897,15527.874742,20137.776638,504,0,0.00,6.3844,1.0000
10234226.0,4610.145587,15529.441408,20139.586995,505,0,0.00,6.4016,1.0000
10234994.0,4610.941987,15534.561408,20145.503395,506,0,0.00,6.4391,1.0000
10235081.0,4611.032204,15535.141408,20146.173612,507,0,0.00,6.4516,1.0000
10235553.0,4611.521658,15538.288075,20149.809733,508,0,0.00,6.4641,1.0000
10236016.0,4612.001779,15541.374742,20153.376521,509,0,0.00,6.5016,1.0000
10237589.0,4613.632948,15551.861408,20165.494356,510,0,0.00,6.5141,1.0000
10237776.0,4613.826863,15553.108075,20166.934938,511,0,0.00,6.5328,1.0000
10237776.0,4613.826863,15553.108075,20166.934938,512,0,0.00,6.5516,1.0000
10240480.0,4616.630854,15571.134742,20187.765596,513,0,0.00,6.5766,1.0000
10243457.0,4619.717941,15590.981408,20210.699350,514,0,0.00,6.5813,1.0000
10243762.0,4620.034220,15593.014742,20213.048962,515,0,0.00,6.5859,1.0000
10244313.0,4620.605595,15596.688075,20217.293670,516,0,0.00,6.5953,1.0000
10245093.0,4621.414439,15601.888075,20223.302514,517,0,0.00,6.6047,1.0000
10247114.0,4623.510174,15615.361408,20238.871582,518,0,0.00,6.6094,1.0000
10247202.0,4623.601428,15615.948075,20239.549503,519,0,0.00,6.6156,1.0000
10247867.0,4624.291019,15620.381408,20244.672428,520,0,0.00,6.6281,1.0000
10248468.0,4624.914244,15624.388075,20249.302319,521,0,0.00,6.6406,1.0000
10248939.0,4625.402661,15627.528075,20252.930736,522,0,0.00,6.6531,1.0000
10250349.0,4626.864802,15636.928075,20263.792877,523,0,0.00,6.6594,1.0000
10250498.0,4627.019312,15637.921408,20264.940720,524,0,0.00,6.6703,1.0000
10250736.0,4627.266113,15639.508075,20266.774188,525,0,0.00,6.6766,1.0000
10252397.0,4628.988535,15650.581408,20279.569943,526,0,0.00,6.6813,1.0000
10253468.0,4630.099140,15657.721408,20287.820548,527,0,0.00,6.7000,1.0000
10254758.0,4631.436843,15666.321408,20297.758251,528,0,0.00,6.7047,1.0000
10255346.0,4632.046587,15670.241408,20302.287995,529,0,0.00,6.7219,1.0000
10255420.0,4632.123323,15670.734742,20302.858065,530,0,0.00,6.7344,1.0000
10256013.0,4632.738252,15674.688075,20307.426327,531,0,0.00,6.7531,1.0000
10256133.0,4632.862689,15675.488075,20308.350764,532,0,0.00,6.7719,1.0000
10256855.0,4633.611388,15680.301408,20313.912797,533,0,0.00,6.7906,1.0000
10256862.0,4633.618647,15680.348075,20313.966722,534,0,0.00,6.8031,1.0000
10257764.0,4634.554002,15686.361408,20320.915411,535,0,0.00,6.8156,1.0000
10257967.0,4634.764509,15687.714742,20322.479251,536,0,0.00,6.8203,1.0000
10258602.0,4635.422991,15691.948075,20327.371066,537,0,0.00,6.8250,1.0000
10259147.0,4635.988144,15695.581408,20331.569553,538,0,0.00,6.8422,1.0000
10259693.0,4636.554335,15699.221408,20335.775743,539,0,0.00,6.8469,1.0000
10260104.0,4636.980534,15701.961408,20338.941942,540,0,0.00,6.8516,1.0000
10260162.0,4637.040678,15702.348075,20339.388753,541,0,0.00,6.8688,1.0000
10260165.0,4637.043789,15702.368075,20339.411864,542,0,0.00,6.8734,1.0000
10260217.0,4637.097712,15702.714742,20339.812454,543,0,0.00,6.8781,1.0000
10260412.0,4637.299923,15704.014742,20341.314665,544,0,0.00,6.8844,1.0000
10260448.0,4637.337254,15704.254742,20341.591996,545,0,0.00,6.8969,1.0000
10260477.0,4637.367327,15704.448075,20341.815402,546,0,0.00,6.9016,1.0000
10260513.0,4637.404658,15704.688075,20342.092733,547,0,0.00,6.9109,1.0000
10260574.0,4637.467914,15705.094742,20342.562655,548,0,0.00,6.9484,1.0000
10260773.0,4637.674273,15706.421408,20344.095681,549,0,0.00,6.9547,1.0000
10260845.0,4637.748935,15706.901408,20344.650343,550,0,0.00,6.9688,1.0000
10260976.0,4637.884779,15707.774742,20345.659521,551,0,0.00,6.9750,1.0000
10261103.0,4638.016476,15708.621408,20346.637884,552,0,0.00,6.9891,1.0000
10261187.0,4638.103582,15709.181408,20347.284990,553,0,0.00,7.0031,1.0000
10261340.0,4638.262240,15710.201408,20348.463648,554,0,0.00,7.0094,1.0000
10261372.0,4638.295423,15710.414742,20348.710165,555,0,0.00,7.0156,1.0000
10261514.0,4638.442674,15711.361408,20349.804082,556,0,0.00,7.0203,1.0000
10261661.0,4638.595110,15712.341408,20350.936518,557,0,0.00,7.0250,1.0000
10261763.0,4638.700882,15713.021408,20351.722290,558,0,0.00,7.0422,1.0000
10262406.0,4639.367660,15717.308075,20356.675735,559,0,0.00,7.0484,1.0000
10262527.0,4639.493134,15718.114742,20357.607876,560,0,0.00,7.0547,1.0000
10262679.0,4639.650755,15719.128075,20358.778830,561,0,0.00,7.0797,1.0000
10263507.0,4640.509374,15724.648075,20365.157449,562,0,0.00,7.0859,1.0000
10263618.0,4640.624478,15725.388075,20366.012553,563,0,0.00,7.0906,1.0000
10263824.0,4640.838096,15726.761408,20367.599504,564,0,0.00,7.0953,1.0000
10263869.0,4640.884760,15727.061408,20367.946168,565,0,0.00,7.1000,1.0000
10263993.0,4641.013345,15727.888075,20368.901420,566,0,0.00,7.1047,1.0000
10264830.0,4641.881297,15733.468075,20375.349372,567,0,0.00,7.1094,1.0000
10265011.0,4642.068990,15734.674742,20376.743732,568,0,0.00,7.1266,1.0000
10265140.0,4642.202761,15735.534742,20377.737502,569,0,0.00,7.1391,1.0000
10265185.0,4642.249425,15735.834742,20378.084166,570,0,0.00,7.1766,1.0000
10265558.0,4642.636218,15738.321408,20380.957626,571,0,0.00,7.1953,1.0000
10266148.0,4643.248036,15742.254742,20385.502777,572,0,0.00,7.2016,1.0000
10266395.0,4643.504169,15743.901408,20387.405578,573,0,0.00,7.2078,1.0000
10266690.0,4643.810078,15745.868075,20389.678153,574,0,0.00,7.2453,1.0000
10266884.0,4644.011252,15747.161408,20391.172661,575,0,0.00,7.2516,1.0000
10266902.0,4644.029918,15747.281408,20391.311326,576,0,0.00,7.2797,1.0000
10267235.0,4644.375232,15749.501408,20393.876640,577,0,0.00,7.2922,1.0000
10267517.0,4644.667660,15751.381408,20396.049068,578,0,0.00,7.3047,1.0000
10267882.0,4645.046157,15753.814742,20398.860899,579,0,0.00,7.3219,1.0000
10267984.0,4645.151929,15754.494742,20399.646671,580,0,0.00,7.3266,1.0000
10268036.0,4645.205852,15754.841408,20400.047261,581,0,0.00,7.3313,1.0000
10268198.0,4645.373843,15755.921408,20401.295251,582,0,0.00,7.3328,1.0000
10269999.0,4647.241442,15767.928075,20415.169517,583,0,0.00,7.3391,1.0000
10270109.0,4647.355510,15768.661408,20416.016918,584,0,0.00,7.3453,1.0000
10270559.0,4647.822151,15771.661408,20419.483559,585,0,0.00,7.3500,1.0000
10272218.0,4649.542499,15782.721408,20432.263907,586,0,0.00,7.3563,1.0000
10272751.0,4650.095209,15786.274742,20436.369951,587,0,0.00,7.3625,1.0000
10273015.0,4650.368972,15788.034742,20438.403713,588,0,0.00,7.3688,1.0000
10273175.0,4650.534888,15789.101408,20439.636297,589,0,0.00,7.3750,1.0000
10274502.0,4651.910960,15797.948075,20449.859035,590,0,0.00,7.4000,1.0000
10275038.0,4652.466780,15801.521408,20453.988189,591,0,0.00,7.4047,1.0000
10275406.0,4652.848389,15803.974742,20456.823130,592,0,0.00,7.4094,1.0000
10276050.0,4653.516203,15808.268075,20461.784278,593,0,0.00,7.4266,1.0000
10276746.0,4654.237941,15812.908075,20467.146016,594,0,0.00,7.4313,1.0000
10277009.0,4654.510666,15814.661408,20469.172075,595,0,0.00,7.4375,1.0000
10277188.0,4654.696286,15815.854742,20470.551027,596,0,0.00,7.4422,1.0000
10277517.0,4655.037452,15818.048075,20473.085527,597,0,0.00,7.4609,1.0000
10277525.0,4655.045748,15818.101408,20473.147156,598,0,0.00,7.4797,1.0000
10277534.0,4655.055080,15818.161408,20473.216489,599,0,0.00,7.4984,1.0000
10277694.0,4655.220997,15819.228075,20474.449072,600,0,0.00,7.5172,1.0000
10277875.0,4655.408690,15820.434742,20475.843432,601,0,0.00,7.5359,1.0000
10277915.0,4655.450169,15820.701408,20476.151578,602,0,0.00,7.5406,1.0000
10278278.0,4655.826593,15823.121408,20478.948001,603,0,0.00,7.5531,1.0000
10279220.0,4656.803427,15829.401408,20486.204836,604,0,0.00,7.5578,1.0000
10279624.0,4657.222367,15832.094742,20489.317109,605,0,0.00,7.5641,1.0000
10280071.0,4657.685897,15835.074742,20492.760638,606,0,0.00,7.5688,1.0000
10280529.0,4658.160833,15838.128075,20496.288908,607,0,0.00,7.6000,1.0000
10280778.0,4658.419041,15839.788075,20498.207116,608,0,0.00,7.6047,1.0000
10280815.0,4658.457409,15840.034742,20498.492151,609,0,0.00,7.6328,1.0000
10281084.0,4658.736356,15841.828075,20500.564431,610,0,0.00,7.6375,1.0000
10281304.0,4658.964492,15843.294742,20502.259234,611,0,0.00,7.6547,1.0000
10281564.0,4659.234106,15845.028075,20504.262181,612,0,0.00,7.6719,1.0000
10281591.0,4659.262105,15845.208075,20504.470180,613,0,0.00,7.6766,1.0000
10281731.0,4659.407282,15846.141408,20505.548690,614,0,0.00,7.6813,1.0000
10281756.0,4659.433206,15846.308075,20505.741281,615,0,0.00,7.6938,1.0000
10281935.0,4659.618826,15847.501408,20507.120234,616,0,0.00,7.7031,1.0000
10282240.0,4659.935104,15849.534742,20509.469846,617,0,0.00,7.7156,1.0000
10282253.0,4659.948585,15849.621408,20509.569993,618,0,0.00,7.7203,1.0000
10282268.0,4659.964140,15849.721408,20509.685548,619,0,0.00,7.7250,1.0000
10282330.0,4660.028432,15850.134742,20510.163174,620,0,0.00,7.7297,1.0000
10282361.0,4660.060579,15850.341408,20510.401987,621,0,0.00,7.7469,1.0000
10282412.0,4660.113465,15850.681408,20510.794873,622,0,0.00,7.7531,1.0000
10282878.0,4660.596697,15853.788075,20514.384772,623,0,0.00,7.7703,1.0000
10282886.0,4660.604993,15853.841408,20514.446401,624,0,0.00,7.7750,1.0000
10283250.0,4660.982453,15856.268075,20517.250528,625,0,0.00,7.7922,1.0000
10283282.0,4661.015637,15856.481408,20517.497045,626,0,0.00,7.8063,1.0000
10283554.0,4661.297695,15858.294742,20519.592437,627,0,0.00,7.8203,1.0000
10283834.0,4661.588049,15860.161408,20521.749457,628,0,0.00,7.8375,1.0000
10284010.0,4661.770557,15861.334742,20523.105299,629,0,0.00,7.8422,1.0000
10284572.0,4662.353340,15865.081408,20527.434748,630,0,0.00,7.8594,1.0000
10284612.0,4662.394819,15865.348075,20527.742894,631,0,0.00,7.8766,1.0000
10284914.0,4662.707987,15867.361408,20530.069395,632,0,0.00,7.8813,1.0000
10285049.0,4662.847979,15868.261408,20531.109387,633,0,0.00,7.8859,1.0000
10285062.0,4662.861460,15868.348075,20531.209535,634,0,0.00,7.9109,1.0000
10285584.0,4663.402763,15871.828075,20535.230838,635,0,0.00,7.9359,1.0000
10285684.0,4663.506461,15872.494742,20536.001202,636,0,0.00,7.9406,1.0000
10285696.0,4663.518904,15872.574742,20536.093646,637,0,0.00,7.9453,1.0000
10286148.0,4663.987619,15875.588075,20539.575694,638,0,0.00,7.9625,1.0000
10286237.0,4664.079910,15876.181408,20540.261318,639,0,0.00,7.9750,1.0000
10286458.0,4664.309082,15877.654742,20541.963824,640,0,0.00,7.9797,1.0000
10286759.0,4664.621213,15879.661408,20544.282622,641,0,0.00,8.0047,1.0000
10286819.0,4664.683432,15880.061408,20544.744840,642,0,0.00,8.0094,1.0000
10287519.0,4665.409317,15884.728075,20550.137392,643,0,0.00,8.0344,1.0000
10287566.0,4665.458055,15885.041408,20550.499464,644,0,0.00,8.0578,1.0000
10287684.0,4665.580419,15885.828075,20551.408494,645,0,0.00,8.0828,1.0000
10287821.0,4665.722485,15886.741408,20552.463893,646,0,0.00,8.1078,1.0000
10287906.0,4665.810628,15887.308075,20553.118703,647,0,0.00,8.1359,1.0000
10287971.0,4665.878032,15887.741408,20553.619440,648,0,0.00,8.1484,1.0000
10288025.0,4665.934029,15888.101408,20554.035437,649,0,0.00,8.1547,1.0000
10288056.0,4665.966175,15888.308075,20554.274250,650,0,0.00,8.1594,1.0000
10288251.0,4666.168386,15889.608075,20555.776461,651,0,0.00,8.1875,1.0000
10288632.0,4666.563475,15892.148075,20558.711550,652,0,0.00,8.1922,1.0000
10288768.0,4666.704504,15893.054742,20559.759246,653,0,0.00,8.2109,1.0000
10289332.0,4667.289361,15896.814742,20564.104102,654,0,0.00,8.2156,1.0000
10290217.0,4668.207087,15902.714742,20570.921829,655,0,0.00,8.2344,1.0000
10290217.0,4668.207087,15902.714742,20570.921829,656,0,0.00,8.2531,1.0000
10290268.0,4668.259973,15903.054742,20571.314715,657,0,0.00,8.2703,1.0000
10290883.0,4668.897715,15907.154742,20576.052457,658,0,0.00,8.2953,1.0000
10290997.0,4669.015931,15907.914742,20576.930673,659,0,0.00,8.3141,1.0000
10291056.0,4669.077113,15908.308075,20577.385188,660,0,0.00,8.3391,1.0000
10291241.0,4669.268954,15909.541408,20578.810362,661,0,0.00,8.3563,1.0000
10291568.0,4669.608046,15911.721408,20581.329454,662,0,0.00,8.3625,1.0000
10291594.0,4669.635007,15911.894742,20581.529749,663,0,0.00,8.3672,1.0000
10291860.0,4669.910844,15913.668075,20583.578919,664,0,0.00,8.3844,1.0000
10292589.0,4670.666802,15918.528075,20589.194877,665,0,0.00,8.3938,1.0000
10292824.0,4670.910492,15920.094742,20591.005234,666,0,0.00,8.4000,1.0000
10292995.0,4671.087815,15921.234742,20592.322557,667,0,0.00,8.4047,1.0000
10293013.0,4671.106481,15921.354742,20592.461223,668,0,0.00,8.4219,1.0000
10293874.0,4671.999320,15927.094742,20599.094062,669,0,0.00,8.4406,1.0000
10293926.0,4672.053243,15927.441408,20599.494651,670,0,0.00,8.4469,1.0000
10294021.0,4672.151756,15928.074742,20600.226498,671,0,0.00,8.4531,1.0000
10294984.0,4673.150367,15934.494742,20607.645109,672,0,0.00,8.4703,1.0000
10295521.0,4673.707225,15938.074742,20611.781966,673,0,0.00,8.4750,1.0000
10295551.0,4673.738334,15938.274742,20612.013076,674,0,0.00,8.4797,1.0000
10296005.0,4674.209123,15941.301408,20615.510531,675,0,0.00,8.5031,1.0000
10296154.0,4674.363632,15942.294742,20616.658374,676,0,0.00,8.5078,1.0000
10296182.0,4674.392668,15942.481408,20616.874076,677,0,0.00,8.5250,1.0000
10296641.0,4674.868641,15945.541408,20620.410050,678,0,0.00,8.5297,1.0000
10296892.0,4675.128923,15947.214742,20622.343665,679,0,0.00,8.5531,1.0000
10296892.0,4675.128923,15947.214742,20622.343665,680,0,0.00,8.5766,1.0000
10296894.0,4675.130997,15947.228075,20622.359072,681,0,0.00,8.6000,1.0000
10297478.0,4675.736593,15951.121408,20626.858001,682,0,0.00,8.6172,1.0000
10297481.0,4675.739704,15951.141408,20626.881112,683,0,0.00,8.6219,1.0000
10297562.0,4675.823699,15951.681408,20627.505107,684,0,0.00,8.6391,1.0000
10297584.0,4675.846513,15951.828075,20627.674588,685,0,0.00,8.6563,1.0000
10297724.0,4675.991690,15952.761408,20628.753098,686,0,0.00,8.6609,1.0000
10297734.0,4676.002060,15952.828075,20628.830135,687,0,0.00,8.6781,1.0000
10297773.0,4676.042502,15953.088075,20629.130577,688,0,0.00,8.6828,1.0000
10297877.0,4676.150348,15953.781408,20629.931756,689,0,0.00,8.6875,1.0000
10298377.0,4676.668837,15957.114742,20633.783579,690,0,0.00,8.6938,1.0000
10298794.0,4677.101257,15959.894742,20636.995999,691,0,0.00,8.7125,1.0000
10298876.0,4677.186290,15960.441408,20637.627698,692,0,0.00,8.7188,1.0000
10299155.0,4677.475607,15962.301408,20639.777015,693,0,0.00,8.7281,1.0000
10299397.0,4677.726556,15963.914742,20641.641298,694,0,0.00,8.7328,1.0000
10299470.0,4677.802255,15964.401408,20642.203664,695,0,0.00,8.7500,1.0000
10299478.0,4677.810551,15964.454742,20642.265293,696,0,0.00,8.7672,1.0000
10299568.0,4677.903879,15965.054742,20642.958621,697,0,0.00,8.7844,1.0000
10299841.0,4678.186975,15966.874742,20645.061716,698,0,0.00,8.7906,1.0000
10300035.0,4678.388149,15968.168075,20646.556224,699,0,0.00,8.7953,1.0000
10300246.0,4678.606951,15969.574742,20648.181693,700,0,0.00,8.7969,1.0000
10300654.0,4679.030039,15972.294742,20651.324780,701,0,0.00,8.8016,1.0000
10301249.0,4679.647041,15976.261408,20655.908450,702,0,0.00,8.8063,1.0000
10303030.0,4681.493901,15988.134742,20669.628643,703,0,0.00,8.8109,1.0000
10303910.0,4682.406443,15994.001408,20676.407851,704,0,0.00,8.8391,1.0000
10303910.0,4682.406443,15994.001408,20676.407851,705,0,0.00,8.8563,1.0000
10304054.0,4682.555768,15994.961408,20677.517176,706,0,0.00,8.8609,1.0000
10304304.0,4682.815013,15996.628075,20679.443088,707,0,0.00,8.8656,1.0000
10304349.0,4682.861677,15996.928075,20679.789752,708,0,0.00,8.8703,1.0000
10305348.0,4683.897619,16003.588075,20687.485694,709,0,0.00,8.8750,1.0000
10305589.0,4684.147531,16005.194742,20689.342273,710,0,0.00,8.8875,1.0000
10306030.0,4684.604839,16008.134742,20692.739580,711,0,0.00,8.9000,1.0000
10306555.0,4685.149253,16011.634742,20696.783994,712,0,0.00,8.9047,1.0000
10306710.0,4685.309985,16012.668075,20697.978060,713,0,0.00,8.9219,1.0000
10306993.0,4685.603450,16014.554742,20700.158191,714,0,0.00,8.9391,1.0000
10307276.0,4685.896915,16016.441408,20702.338323,715,0,0.00,8.9563,1.0000
10307415.0,4686.041055,16017.368075,20703.409130,716,0,0.00,8.9750,1.0000
10307447.0,4686.074238,16017.581408,20703.655647,717,0,0.00,8.9938,1.0000
10307455.0,4686.082534,16017.634742,20703.717276,718,0,0.00,9.0125,1.0000
10307522.0,4686.152012,16018.081408,20704.233420,719,0,0.00,9.0313,1.0000
10307762.0,4686.400887,16019.681408,20706.082295,720,0,0.00,9.0359,1.0000
10307826.0,4686.467253,16020.108075,20706.575328,721,0,0.00,9.0547,1.0000
10308033.0,4686.681908,16021.488075,20708.169983,722,0,0.00,9.0734,1.0000
10311803.0,4690.591319,16046.621408,20737.212728,723,0,0.00,9.0859,1.0000
10312991.0,4691.823251,16054.541408,20746.364659,724,0,0.00,9.0906,1.0000
10314009.0,4692.878895,16061.328075,20754.206970,725,0,0.00,9.0953,1.0000
10314591.0,4693.482417,16065.208075,20758.690492,726,0,0.00,9.1000,1.0000
10314949.0,4693.853656,16067.594742,20761.448398,727,0,0.00,9.1047,1.0000
10315182.0,4694.095272,16069.148075,20763.243347,728,0,0.00,9.1297,1.0000
10315828.0,4694.765161,16073.454742,20768.219902,729,0,0.00,9.1344,1.0000
10315953.0,4694.894783,16074.288075,20769.182858,730,0,0.00,9.1531,1.0000
10316091.0,4695.037886,16075.208075,20770.245961,731,0,0.00,9.1625,1.0000
10317757.0,4696.765493,16086.314742,20783.080235,732,0,0.00,9.1875,1.0000
10319606.0,4698.682868,16098.641408,20797.324276,733,0,0.00,9.1938,1.0000
10321771.0,4700.927928,16113.074742,20814.002669,734,0,0.00,9.2000,1.0000
10321913.0,4701.075179,16114.021408,20815.096587,735,0,0.00,9.2125,1.0000
10322676.0,4701.866394,16119.108075,20820.974469,736,0,0.00,9.2172,1.0000
10323648.0,4702.874338,16125.588075,20828.462413,737,0,0.00,9.2422,1.0000
10325258.0,4704.543874,16136.321408,20840.865282,738,0,0.00,9.2672,1.0000
10325800.0,4705.105917,16139.934742,20845.040659,739,0,0.00,9.2797,1.0000
10326430.0,4705.759214,16144.134742,20849.893955,740,0,0.00,9.2859,1.0000
10326485.0,4705.816248,16144.501408,20850.317656,741,0,0.00,9.2922,1.0000
10327751.0,4707.129063,16152.941408,20860.070472,742,0,0.00,9.2984,1.0000
10328513.0,4707.919241,16158.021408,20865.940650,743,0,0.00,9.3047,1.0000
10328589.0,4707.998052,16158.528075,20866.526127,744,0,0.00,9.3094,1.0000
10329249.0,4708.682458,16162.928075,20871.610533,745,0,0.00,9.3141,1.0000
10329323.0,4708.759194,16163.421408,20872.180603,746,0,0.00,9.3188,1.0000
10330595.0,4710.078232,16171.901408,20881.979640,747,0,0.00,9.3375,1.0000
10332019.0,4711.554890,16181.394742,20892.949632,748,0,0.00,9.3422,1.0000
10336967.0,4716.685863,16214.381408,20931.067272,749,0,0.00,9.3484,1.0000
10337134.0,4716.859039,16215.494742,20932.353780,750,0,0.00,9.3578,1.0000
10337702.0,4717.448043,16219.281408,20936.729451,751,0,0.00,9.3703,1.0000
10337703.0,4717.449080,16219.288075,20936.737155,752,0,0.00,9.3828,1.0000
10337704.0,4717.450117,16219.294742,20936.744859,753,0,0.00,9.3953,1.0000
10337720.0,4717.466709,16219.401408,20936.868117,754,0,0.00,9.4078,1.0000
10337723.0,4717.469819,16219.421408,20936.891228,755,0,0.00,9.4203,1.0000
10337728.0,4717.475004,16219.454742,20936.929746,756,0,0.00,9.4328,1.0000
10338528.0,4718.304588,16224.788075,20943.092663,757,0,0.00,9.4375,1.0000
10338801.0,4718.587683,16226.608075,20945.195758,758,0,0.00,9.4625,1.0000
10340196.0,4720.034269,16235.908075,20955.942344,759,0,0.00,9.4797,1.0000
10340427.0,4720.273811,16237.448075,20957.721886,760,0,0.00,9.4844,1.0000
10341278.0,4721.156280,16243.121408,20964.277689,761,0,0.00,9.4938,1.0000
10342138.0,4722.048082,16248.854742,20970.902824,762,0,0.00,9.5109,1.0000
10342211.0,4722.123782,16249.341408,20971.465190,763,0,0.00,9.5156,1.0000
10343681.0,4723.648141,16259.141408,20982.789550,764,0,0.00,9.5219,1.0000
10343714.0,4723.682362,16259.361408,20983.043770,765,0,0.00,9.5391,1.0000
10343715.0,4723.683399,16259.368075,20983.051474,766,0,0.00,9.5563,1.0000
10344030.0,4724.010047,16261.468075,20985.478122,767,0,0.00,9.5609,1.0000
10344375.0,4724.367805,16263.768075,20988.135880,768,0,0.00,9.5797,1.0000
10344402.0,4724.395803,16263.948075,20988.343878,769,0,0.00,9.5984,1.0000
10344404.0,4724.397877,16263.961408,20988.359286,770,0,0.00,9.6156,1.0000
10344444.0,4724.439356,16264.228075,20988.667431,771,0,0.00,9.6328,1.0000
10344553.0,4724.552387,16264.954742,20989.507129,772,0,0.00,9.6516,1.0000
10344582.0,4724.582460,16265.148075,20989.730535,773,0,0.00,9.6703,1.0000
10344620.0,4724.621865,16265.401408,20990.023273,774,0,0.00,9.6766,1.0000
10344645.0,4724.647789,16265.568075,20990.215864,775,0,0.00,9.6828,1.0000
10345184.0,4725.206721,16269.161408,20994.368129,776,0,0.00,9.6875,1.0000
10345822.0,4725.868314,16273.414742,20999.283055,777,0,0.00,9.6938,1.0000
10345859.0,4725.906682,16273.661408,20999.568090,778,0,0.00,9.6984,1.0000
10345885.0,4725.933643,16273.834742,20999.768385,779,0,0.00,9.7109,1.0000
10345975.0,4726.026972,16274.434742,21000.461713,780,0,0.00,9.7281,1.0000
10347405.0,4727.509852,16283.968075,21011.477927,781,0,0.00,9.7531,1.0000
10347728.0,4727.844796,16286.121408,21013.966204,782,0,0.00,9.7578,1.0000
10347817.0,4727.937087,16286.714742,21014.651829,783,0,0.00,9.7641,1.0000
10347973.0,4728.098856,16287.754742,21015.853598,784,0,0.00,9.7828,1.0000
10347977.0,4728.103004,16287.781408,21015.884412,785,0,0.00,9.8016,1.0000
10348022.0,4728.149668,16288.081408,21016.231076,786,0,0.00,9.8203,1.0000
10348057.0,4728.185962,16288.314742,21016.500704,787,0,0.00,9.8484,1.0000
10348094.0,4728.224330,16288.561408,21016.785739,788,0,0.00,9.8531,1.0000
10348096.0,4728.226404,16288.574742,21016.801146,789,0,0.00,9.8719,1.0000
10348132.0,4728.263736,16288.814742,21017.078477,790,0,0.00,9.8906,1.0000
10348477.0,4728.621493,16291.114742,21019.736235,791,0,0.00,9.9094,1.0000
10348594.0,4728.742820,16291.894742,21020.637562,792,0,0.00,9.9281,1.0000
10349004.0,4729.167981,16294.628075,21023.796056,793,0,0.00,9.9563,1.0000
10349014.0,4729.178351,16294.694742,21023.873093,794,0,0.00,9.9750,1.0000
10349068.0,4729.234348,16295.054742,21024.289090,795,0,0.00,9.9938,1.0000
10349201.0,4729.372266,16295.941408,21025.313675,796,0,0.00,10.0188,1.0000
10349365.0,4729.542331,16297.034742,21026.577073,797,0,0.00,10.0359,1.0000
10349476.0,4729.657436,16297.774742,21027.432177,798,0,0.00,10.0484,1.0000
10349496.0,4729.678175,16297.908075,21027.586250,799,0,0.00,10.0547,1.0000
10349561.0,4729.745579,16298.341408,21028.086987,800,0,0.00,10.0797,1.0000
10349678.0,4729.866905,16299.121408,21028.988314,801,0,0.00,10.0859,1.0000
10350125.0,4730.330435,16302.101408,21032.431843,802,0,0.00,10.1047,1.0000
10350130.0,4730.335620,16302.134742,21032.470362,803,0,0.00,10.1234,1.0000
10350591.0,4730.813667,16305.208075,21036.021742,804,0,0.00,10.1422,1.0000
10350733.0,4730.960918,16306.154742,21037.115660,805,0,0.00,10.1609,1.0000
10352281.0,4732.566162,16316.474742,21049.040904,806,0,0.00,10.1672,1.0000
10352735.0,4733.036951,16319.501408,21052.538359,807,0,0.00,10.1719,1.0000
10352776.0,4733.079467,16319.774742,21052.854209,808,0,0.00,10.1969,1.0000
10352901.0,4733.209089,16320.608075,21053.817164,809,0,0.00,10.2156,1.0000
10352949.0,4733.258864,16320.928075,21054.186939,810,0,0.00,10.2344,1.0000
10353010.0,4733.322120,16321.334742,21054.656862,811,0,0.00,10.2531,1.0000
10353158.0,4733.475593,16322.321408,21055.797001,812,0,0.00,10.2766,1.0000
10353265.0,4733.586550,16323.034742,21056.621291,813,0,0.00,10.2813,1.0000
10353271.0,4733.592772,16323.074742,21056.667513,814,0,0.00,10.2859,1.0000
10353550.0,4733.882089,16324.934742,21058.816830,815,0,0.00,10.2922,1.0000
10354340.0,4734.701302,16330.201408,21064.902711,816,0,0.00,10.3047,1.0000
10354524.0,4734.892106,16331.428075,21066.320181,817,0,0.00,10.3094,1.0000
10354755.0,4735.131649,16332.968075,21068.099724,818,0,0.00,10.3328,1.0000
10354939.0,4735.322453,16334.194742,21069.517194,819,0,0.00,10.3500,1.0000
10354953.0,4735.336970,16334.288075,21069.625045,820,0,0.00,10.3594,1.0000
10355046.0,4735.433410,16334.908075,21070.341485,821,0,0.00,10.3641,1.0000
10355210.0,4735.603474,16336.001408,21071.604882,822,0,0.00,10.3688,1.0000
10356350.0,4736.785630,16343.601408,21080.387039,823,0,0.00,10.3734,1.0000
10356972.0,4737.430631,16347.748075,21085.178706,824,0,0.00,10.3781,1.0000
10358451.0,4738.964324,16357.608075,21096.572399,825,0,0.00,10.3844,1.0000
10358521.0,4739.036912,16358.074742,21097.111654,826,0,0.00,10.4094,1.0000
10358810.0,4739.336599,16360.001408,21099.338007,827,0,0.00,10.4141,1.0000
10359007.0,4739.540884,16361.314742,21100.855626,828,0,0.00,10.4313,1.0000
10359031.0,4739.565772,16361.474742,21101.040513,829,0,0.00,10.4375,1.0000
10359296.0,4739.840571,16363.241408,21103.081979,830,0,0.00,10.4547,1.0000
10359591.0,4740.146480,16365.208075,21105.354555,831,0,0.00,10.4594,1.0000
10360992.0,4741.599288,16374.548075,21116.147363,832,0,0.00,10.4828,1.0000
10361018.0,4741.626249,16374.721408,21116.347657,833,0,0.00,10.5063,1.0000
10361057.0,4741.666691,16374.981408,21116.648100,834,0,0.00,10.5234,1.0000
10361087.0,4741.697801,16375.181408,21116.879209,835,0,0.00,10.5281,1.0000
10361148.0,4741.761056,16375.588075,21117.349131,836,0,0.00,10.5406,1.0000
10362004.0,4742.648711,16381.294742,21123.943452,837,0,0.00,10.5641,1.0000
10362009.0,4742.653895,16381.328075,21123.981970,838,0,0.00,10.5828,1.0000
10362192.0,4742.843663,16382.548075,21125.391738,839,0,0.00,10.6000,1.0000
10362242.0,4742.895512,16382.881408,21125.776920,840,0,0.00,10.6047,1.0000
10362464.0,4743.125721,16384.361408,21127.487129,841,0,0.00,10.6234,1.0000
10362608.0,4743.275046,16385.321408,21128.596454,842,0,0.00,10.6422,1.0000
10362627.0,4743.294749,16385.448075,21128.742824,843,0,0.00,10.6484,1.0000
10363056.0,4743.739613,16388.308075,21132.047688,844,0,0.00,10.6547,1.0000
10364477.0,4745.213160,16397.781408,21142.994568,845,0,0.00,10.6797,1.0000
10364499.0,4745.235974,16397.928075,21143.164049,846,0,0.00,10.6969,1.0000
10365106.0,4745.865420,16401.974742,21147.840162,847,0,0.00,10.7016,1.0000
10365188.0,4745.950452,16402.521408,21148.471861,848,0,0.00,10.7063,1.0000
10365764.0,4746.547752,16406.361408,21152.909161,849,0,0.00,10.7313,1.0000
10365812.0,4746.597527,16406.681408,21153.278936,850,0,0.00,10.7563,1.0000
10365815.0,4746.600638,16406.701408,21153.302047,851,0,0.00,10.7813,1.0000
10366402.0,4747.209345,16410.614742,21157.824087,852,0,0.00,10.7859,1.0000
10366634.0,4747.449924,16412.161408,21159.611332,853,0,0.00,10.8047,1.0000
10366655.0,4747.471701,16412.301408,21159.773109,854,0,0.00,10.8172,1.0000
10366655.0,4747.471701,16412.301408,21159.773109,855,0,0.00,10.8297,1.0000
10366673.0,4747.490366,16412.421408,21159.911775,856,0,0.00,10.8484,1.0000
10366675.0,4747.492440,16412.434742,21159.927182,857,0,0.00,10.8672,1.0000
10366864.0,4747.688429,16413.694742,21161.383171,858,0,0.00,10.8859,1.0000
10366923.0,4747.749611,16414.088075,21161.837686,859,0,0.00,10.8906,1.0000
10367089.0,4747.921750,16415.194742,21163.116491,860,0,0.00,10.9078,1.0000
10367276.0,4748.115665,16416.441408,21164.557073,861,0,0.00,10.9266,1.0000
10367461.0,4748.307506,16417.674742,21165.982248,862,0,0.00,10.9453,1.0000
10367581.0,4748.431943,16418.474742,21166.906685,863,0,0.00,10.9703,1.0000
10368044.0,4748.912065,16421.561408,21170.473473,864,0,0.00,10.9875,1.0000
10368051.0,4748.919324,16421.608075,21170.527399,865,0,0.00,11.0047,1.0000
10368169.0,4749.041687,16422.394742,21171.436429,866,0,0.00,11.0234,1.0000
10368553.0,4749.439887,16424.954742,21174.394629,867,0,0.00,11.0484,1.0000
10368935.0,4749.836013,16427.501408,21177.337422,868,0,0.00,11.0766,1.0000
10369049.0,4749.954229,16428.261408,21178.215637,869,0,0.00,11.0813,1.0000
10369221.0,4750.132589,16429.408075,21179.540664,870,0,0.00,11.1047,1.0000
10369226.0,4750.137774,16429.441408,21179.579182,871,0,0.00,11.1281,1.0000
10369226.0,4750.137774,16429.441408,21179.579182,872,0,0.00,11.1516,1.0000
10369368.0,4750.285025,16430.388075,21180.673100,873,0,0.00,11.1688,1.0000
10369381.0,4750.298506,16430.474742,21180.773248,874,0,0.00,11.1734,1.0000
10369594.0,4750.519382,16431.894742,21182.414124,875,0,0.00,11.1781,1.0000
10369742.0,4750.672855,16432.881408,21183.554264,876,0,0.00,11.2031,1.0000
10369814.0,4750.747518,16433.361408,21184.108926,877,0,0.00,11.2078,1.0000
10369891.0,4750.827365,16433.874742,21184.702107,878,0,0.00,11.2094,1.0000
10369903.0,4750.839809,16433.954742,21184.794551,879,0,0.00,11.2344,1.0000
10370121.0,4751.065870,16435.408075,21186.473945,880,0,0.00,11.2594,1.0000
10370192.0,4751.139496,16435.881408,21187.020904,881,0,0.00,11.2688,1.0000
10370195.0,4751.142607,16435.901408,21187.044015,882,0,0.00,11.2734,1.0000
10370418.0,4751.373853,16437.388075,21188.761928,883,0,0.00,11.2781,1.0000
10370444.0,4751.400815,16437.561408,21188.962223,884,0,0.00,11.2844,1.0000
10370779.0,4751.748203,16439.794742,21191.542944,885,0,0.00,11.2891,1.0000
10370813.0,4751.783460,16440.021408,21191.804868,886,0,0.00,11.2938,1.0000
10370815.0,4751.785534,16440.034742,21191.820276,887,0,0.00,11.2984,1.0000
10371165.0,4752.148477,16442.368075,21194.516552,888,0,0.00,11.3234,1.0000
10371552.0,4752.549788,16444.948075,21197.497863,889,0,0.00,11.3281,1.0000
10372302.0,4753.327522,16449.948075,21203.275597,890,0,0.00,11.3328,1.0000
10373128.0,4754.184067,16455.454742,21209.638809,891,0,0.00,11.3391,1.0000
10373910.0,4754.994985,16460.668075,21215.663060,892,0,0.00,11.3438,1.0000
10374150.0,4755.243860,16462.268075,21217.511935,893,0,0.00,11.3484,1.0000
10374297.0,4755.396295,16463.248075,21218.644370,894,0,0.00,11.3656,1.0000
10374731.0,4755.846344,16466.141408,21221.987753,895,0,0.00,11.3703,1.0000
10374738.0,4755.853603,16466.188075,21222.041678,896,0,0.00,11.3875,1.0000
10375197.0,4756.329577,16469.248075,21225.577652,897,0,0.00,11.4250,1.0000
10375570.0,4756.716370,16471.734742,21228.451112,898,0,0.00,11.4297,1.0000
10375735.0,4756.887472,16472.834742,21229.722213,899,0,0.00,11.4469,1.0000
10376533.0,4757.714981,16478.154742,21235.869723,900,0,0.00,11.4516,1.0000
10376672.0,4757.859121,16479.081408,21236.940529,901,0,0.00,11.4563,1.0000
10377381.0,4758.594339,16483.808075,21242.402414,902,0,0.00,11.4609,1.0000
10378015.0,4759.251784,16488.034742,21247.286526,903,0,0.00,11.4984,1.0000
10378118.0,4759.358593,16488.721408,21248.080001,904,0,0.00,11.5031,1.0000
10378476.0,4759.729831,16491.108075,21250.837906,905,0,0.00,11.5094,1.0000
10379019.0,4760.292911,16494.728075,21255.020986,906,0,0.00,11.5344,1.0000
10379145.0,4760.423570,16495.568075,21255.991645,907,0,0.00,11.5391,1.0000
10380337.0,4761.659650,16503.514742,21265.174391,908,0,0.00,11.5578,1.0000
10380823.0,4762.163622,16506.754742,21268.918363,909,0,0.00,11.5750,1.0000
10381421.0,4762.783735,16510.741408,21273.525143,910,0,0.00,11.6000,1.0000
10381988.0,4763.371702,16514.521408,21277.893111,911,0,0.00,11.6250,1.0000
10382067.0,4763.453624,16515.048075,21278.501699,912,0,0.00,11.6297,1.0000
10383004.0,4764.425273,16521.294742,21285.720015,913,0,0.00,11.6547,1.0000
10383430.0,4764.867026,16524.134742,21289.001768,914,0,0.00,11.6672,1.0000
10383479.0,4764.917838,16524.461408,21289.379247,915,0,0.00,11.6719,1.0000
10384096.0,4765.557654,16528.574742,21294.132396,916,0,0.00,11.6781,1.0000
10384599.0,4766.079255,16531.928075,21298.007330,917,0,0.00,11.6844,1.0000
10384661.0,4766.143548,16532.341408,21298.484956,918,0,0.00,11.6969,1.0000
10384668.0,4766.150806,16532.388075,21298.538881,919,0,0.00,11.7094,1.0000
10387214.0,4768.790955,16549.361408,21318.152364,920,0,0.00,11.7266,1.0000
10387343.0,4768.924726,16550.221408,21319.146134,921,0,0.00,11.7313,1.0000
10387422.0,4769.006647,16550.748075,21319.754722,922,0,0.00,11.7484,1.0000
10387797.0,4769.395514,16553.248075,21322.643589,923,0,0.00,11.7547,1.0000
10388808.0,4770.443900,16559.988075,21330.431975,924,0,0.00,11.7594,1.0000
10389446.0,4771.105493,16564.241408,21335.346901,925,0,0.00,11.7719,1.0000
10390019.0,4771.699682,16568.061408,21339.761090,926,0,0.00,11.7844,1.0000
10390460.0,4772.156990,16571.001408,21343.158398,927,0,0.00,11.7906,1.0000
10390495.0,4772.193284,16571.234742,21343.428026,928,0,0.00,11.7969,1.0000
10390956.0,4772.671331,16574.308075,21346.979406,929,0,0.00,11.8094,1.0000
10391797.0,4773.543431,16579.914742,21353.458173,930,0,0.00,11.8156,1.0000
10392044.0,4773.799565,16581.561408,21355.360973,931,0,0.00,11.8281,1.0000
10392058.0,4773.814082,16581.654742,21355.468824,932,0,0.00,11.8422,1.0000
10392193.0,4773.954075,16582.554742,21356.508816,933,0,0.00,11.8469,1.0000
10392464.0,4774.235096,16584.361408,21358.596504,934,0,0.00,11.8844,1.0000
10392524.0,4774.297315,16584.761408,21359.058723,935,0,0.00,11.8906,1.0000
10392696.0,4774.475675,16585.908075,21360.383750,936,0,0.00,11.9094,1.0000
10392972.0,4774.761881,16587.748075,21362.509956,937,0,0.00,11.9234,1.0000
10393119.0,4774.914317,16588.728075,21363.642392,938,0,0.00,11.9422,1.0000
10393303.0,4775.105122,16589.954742,21365.059863,939,0,0.00,11.9672,1.0000
10393371.0,4775.175636,16590.408075,21365.583711,940,0,0.00,11.9922,1.0000
10393490.0,4775.299037,16591.201408,21366.500445,941,0,0.00,11.9984,1.0000
10393737.0,4775.555170,16592.848075,21368.403245,942,0,0.00,12.0047,1.0000
10394338.0,4776.178395,16596.854742,21373.033137,943,0,0.00,12.0219,1.0000
10395111.0,4776.979980,16602.008075,21378.988055,944,0,0.00,12.0594,1.0000
10395459.0,4777.340849,16604.328075,21381.668924,945,0,0.00,12.0844,1.0000
10395753.0,4777.645720,16606.288075,21383.933795,946,0,0.00,12.0906,1.0000
10395756.0,4777.648831,16606.308075,21383.956906,947,0,0.00,12.0953,1.0000
10395807.0,4777.701717,16606.648075,21384.349792,948,0,0.00,12.1000,1.0000
10396804.0,4778.735586,16613.294742,21392.030327,949,0,0.00,12.1047,1.0000
10397715.0,4779.680274,16619.368075,21399.048349,950,0,0.00,12.1094,1.0000
10398156.0,4780.137581,16622.308075,21402.445656,951,0,0.00,12.1344,1.0000
10398158.0,4780.139655,16622.321408,21402.461064,952,0,0.00,12.1594,1.0000
10398305.0,4780.292091,16623.301408,21403.593500,953,0,0.00,12.1641,1.0000
10398509.0,4780.503635,16624.661408,21405.165043,954,0,0.00,12.1781,1.0000
10398781.0,4780.785693,16626.474742,21407.260435,955,0,0.00,12.1922,1.0000
10399394.0,4781.421362,16630.561408,21411.982770,956,0,0.00,12.1969,1.0000
10399531.0,4781.563428,16631.474742,21413.038169,957,0,0.00,12.2016,1.0000
10401633.0,4783.743158,16645.488075,21429.231233,958,0,0.00,12.2203,1.0000
10402311.0,4784.446230,16650.008075,21434.454305,959,0,0.00,12.2328,1.0000
10402526.0,4784.669180,16651.441408,21436.110589,960,0,0.00,12.2375,1.0000
10402709.0,4784.858948,16652.661408,21437.520356,961,0,0.00,12.2422,1.0000
10402870.0,4785.025901,16653.734742,21438.760643,962,0,0.00,12.2469,1.0000
10403370.0,4785.544391,16657.068075,21442.612466,963,0,0.00,12.2844,1.0000
10403581.0,4785.763193,16658.474742,21444.237935,964,0,0.00,12.2891,1.0000
10403901.0,4786.095027,16660.608075,21446.703102,965,0,0.00,12.2938,1.0000
10404065.0,4786.265091,16661.701408,21447.966500,966,0,0.00,12.3000,1.0000
10405496.0,4787.749009,16671.241408,21458.990417,967,0,0.00,12.3063,1.0000
10405820.0,4788.084990,16673.401408,21461.486398,968,0,0.00,12.3203,1.0000
10406065.0,4788.339050,16675.034742,21463.373791,969,0,0.00,12.3266,1.0000
10406217.0,4788.496670,16676.048075,21464.544745,970,0,0.00,12.3328,1.0000
10407411.0,4789.734824,16684.008075,21473.742899,971,0,0.00,12.3391,1.0000
10408533.0,4790.898314,16691.488075,21482.386389,972,0,0.00,12.3438,1.0000
10408945.0,4791.325550,16694.234742,21485.560291,973,0,0.00,12.3484,1.0000
10409135.0,4791.522576,16695.501408,21487.023984,974,0,0.00,12.3672,1.0000
10409788.0,4792.199723,16699.854742,21492.054465,975,0,0.00,12.3734,1.0000
10409812.0,4792.224611,16700.014742,21492.239352,976,0,0.00,12.4016,1.0000
10410605.0,4793.046935,16705.301408,21498.348343,977,0,0.00,12.4063,1.0000
10410767.0,4793.214926,16706.381408,21499.596334,978,0,0.00,12.4188,1.0000
10410937.0,4793.391212,16707.514742,21500.905954,979,0,0.00,12.4438,1.0000
10412019.0,4794.513224,16714.728075,21509.241299,980,0,0.00,12.4688,1.0000
10412233.0,4794.735137,16716.154742,21510.889879,981,0,0.00,12.4734,1.0000
10414545.0,4797.132633,16731.568075,21528.700708,982,0,0.00,12.4781,1.0000
10416283.0,4798.934903,16743.154742,21542.089644,983,0,0.00,12.5016,1.0000
10418049.0,4800.766208,16754.928075,21555.694283,984,0,0.00,12.5250,1.0000
10418677.0,4801.417431,16759.114742,21560.532173,985,0,0.00,12.5375,1.0000
10419148.0,4801.905848,16762.254742,21564.160590,986,0,0.00,12.5422,1.0000
10419857.0,4802.641066,16766.981408,21569.622475,987,0,0.00,12.5672,1.0000
10419916.0,4802.702248,16767.374742,21570.076990,988,0,0.00,12.5719,1.0000
10420053.0,4802.844314,16768.288075,21571.132389,989,0,0.00,12.5906,1.0000
10421819.0,4804.675619,16780.061408,21584.737028,990,0,0.00,12.5953,1.0000
10422335.0,4805.210701,16783.501408,21588.712109,991,0,0.00,12.6047,1.0000
10422609.0,4805.494833,16785.328075,21590.822908,992,0,0.00,12.6281,1.0000
10423053.0,4805.955252,16788.288075,21594.243327,993,0,0.00,12.6375,1.0000
10423312.0,4806.223829,16790.014742,21596.238571,994,0,0.00,12.6422,1.0000
10424039.0,4806.977713,16794.861408,21601.839122,995,0,0.00,12.6547,1.0000
10424040.0,4806.978750,16794.868075,21601.846825,996,0,0.00,12.6672,1.0000
10424046.0,4806.984972,16794.908075,21601.893047,997,0,0.00,12.6797,1.0000
10424050.0,4806.989120,16794.934742,21601.923862,998,0,0.00,12.6922,1.0000
10424998.0,4807.972176,16801.254742,21609.226918,999,0,0.00,12.6969,1.0000
10426697.0,4809.734004,16812.581408,21622.315412,1000,0,0.00,12.7344,1.0000
10426770.0,4809.809703,16813.068075,21622.877778,1001,0,0.00,12.7391,1.0000
10427770.0,4810.846682,16819.734742,21630.581424,1002,0,0.00,12.7641,1.0000
10429667.0,4812.813832,16832.381408,21645.195240,1003,0,0.00,12.7703,1.0000
10429978.0,4813.136332,16834.454742,21647.591074,1004,0,0.00,12.7766,1.0000
10430148.0,4813.312619,16835.588075,21648.900694,1005,0,0.00,12.7813,1.0000
10430353.0,4813.525200,16836.954742,21650.479941,1006,0,0.00,12.7859,1.0000
10430809.0,4813.998062,16839.994742,21653.992804,1007,0,0.00,12.8234,1.0000
10430841.0,4814.031245,16840.208075,21654.239320,1008,0,0.00,12.8297,1.0000
10430899.0,4814.091390,16840.594742,21654.686132,1009,0,0.00,12.8344,1.0000
10431794.0,4815.019487,16846.561408,21661.580895,1010,0,0.00,12.8406,1.0000
10432303.0,4815.547309,16849.954742,21665.502051,1011,0,0.00,12.8453,1.0000
10432317.0,4815.561827,16850.048075,21665.609902,1012,0,0.00,12.8500,1.0000
10432820.0,4816.083427,16853.401408,21669.484836,1013,0,0.00,12.8563,1.0000
10432946.0,4816.214087,16854.241408,21670.455495,1014,0,0.00,12.8734,1.0000
10433225.0,4816.503404,16856.101408,21672.604812,1015,0,0.00,12.8781,1.0000
10433505.0,4816.793758,16857.968075,21674.761833,1016,0,0.00,12.8828,1.0000
10433553.0,4816.843533,16858.288075,21675.131608,1017,0,0.00,12.8891,1.0000
10433611.0,4816.903678,16858.674742,21675.578419,1018,0,0.00,12.8938,1.0000
10433709.0,4817.005302,16859.328075,21676.333377,1019,0,0.00,12.9109,1.0000
10433799.0,4817.098630,16859.928075,21677.026705,1020,0,0.00,12.9281,1.0000
10433959.0,4817.264547,16860.994742,21678.259288,1021,0,0.00,12.9344,1.0000
10434155.0,4817.467794,16862.301408,21679.769203,1022,0,0.00,12.9438,1.0000
10434472.0,4817.796517,16864.414742,21682.211259,1023,0,0.00,12.9484,1.0000
10434545.0,4817.872216,16864.901408,21682.773625,1024,0,0.00,12.9656,1.0000
10434573.0,4817.901252,16865.088075,21682.989327,1025,0,0.00,12.9828,1.0000
10434999.0,4818.343005,16867.928075,21686.271080,1026,0,0.00,12.9875,1.0000
10435326.0,4818.682097,16870.108075,21688.790172,1027,0,0.00,13.0125,1.0000
10435374.0,4818.731872,16870.428075,21689.159947,1028,0,0.00,13.0297,1.0000
10435598.0,4818.964155,16871.921408,21690.885564,1029,0,0.00,13.0422,1.0000
10435669.0,4819.037781,16872.394742,21691.432523,1030,0,0.00,13.0563,1.0000
10436334.0,4819.727372,16876.828075,21696.555447,1031,0,0.00,13.0703,1.0000
10436385.0,4819.780258,16877.168075,21696.948333,1032,0,0.00,13.0875,1.0000
10436392.0,4819.787517,16877.214742,21697.002259,1033,0,0.00,13.0938,1.0000
10436392.0,4819.787517,16877.214742,21697.002259,1034,0,0.00,13.1063,1.0000
10436424.0,4819.820700,16877.428075,21697.248775,1035,0,0.00,13.1234,1.0000
10436454.0,4819.851810,16877.628075,21697.479885,1036,0,0.00,13.1281,1.0000
10436461.0,4819.859068,16877.674742,21697.533810,1037,0,0.00,13.1344,1.0000
10436556.0,4819.957581,16878.308075,21698.265656,1038,0,0.00,13.1406,1.0000
10436721.0,4820.128683,16879.408075,21699.536758,1039,0,0.00,13.1453,1.0000
10437388.0,4820.820348,16883.854742,21704.675090,1040,0,0.00,13.1516,1.0000
10437520.0,4820.957229,16884.734742,21705.691971,1041,0,0.00,13.1563,1.0000
10437771.0,4821.217511,16886.408075,21707.625586,1042,0,0.00,13.1609,1.0000
10437793.0,4821.240325,16886.554742,21707.795066,1043,0,0.00,13.1734,1.0000
10438117.0,4821.576306,16888.714742,21710.291048,1044,0,0.00,13.1922,1.0000
10438120.0,4821.579417,16888.734742,21710.314159,1045,0,0.00,13.1969,1.0000
10438490.0,4821.963099,16891.201408,21713.164507,1046,0,0.00,13.2016,1.0000
10438646.0,4822.124868,16892.241408,21714.366276,1047,0,0.00,13.2188,1.0000
10438828.0,4822.313598,16893.454742,21715.768340,1048,0,0.00,13.2328,1.0000
10438984.0,4822.475367,16894.494742,21716.970109,1049,0,0.00,13.2469,1.0000
10439238.0,4822.738760,16896.188075,21718.926835,1050,0,0.00,13.2516,1.0000
10439500.0,4823.010448,16897.934742,21720.945190,1051,0,0.00,13.2688,1.0000
10439612.0,4823.126590,16898.681408,21721.807998,1052,0,0.00,13.2750,1.0000
10439715.0,4823.233399,16899.368075,21722.601474,1053,0,0.00,13.2797,1.0000
10439780.0,4823.300802,16899.801408,21723.102211,1054,0,0.00,13.2844,1.0000
10440062.0,4823.593230,16901.681408,21725.274639,1055,0,0.00,13.2891,1.0000
10440135.0,4823.668930,16902.168075,21725.837005,1056,0,0.00,13.2938,1.0000
10440474.0,4824.020466,16904.428075,21728.448541,1057,0,0.00,13.2984,1.0000
10441228.0,4824.802348,16909.454742,21734.257090,1058,0,0.00,13.3125,1.0000
10441289.0,4824.865604,16909.861408,21734.727012,1059,0,0.00,13.3188,1.0000
10441620.0,4825.208844,16912.068075,21737.276919,1060,0,0.00,13.3234,1.0000
10442134.0,4825.741851,16915.494742,21741.236593,1061,0,0.00,13.3469,1.0000
10442271.0,4825.883917,16916.408075,21742.291992,1062,0,0.00,13.3719,1.0000
10443884.0,4827.556565,16927.161408,21754.717973,1063,0,0.00,13.3781,1.0000
10444492.0,4828.187048,16931.214742,21759.401790,1064,0,0.00,13.3828,1.0000
10445046.0,4828.761535,16934.908075,21763.669610,1065,0,0.00,13.3891,1.0000
10445431.0,4829.160772,16937.474742,21766.635513,1066,0,0.00,13.3953,1.0000
10445440.0,4829.170104,16937.534742,21766.704846,1067,0,0.00,13.4453,1.0000
10445790.0,4829.533047,16939.868075,21769.401122,1068,0,0.00,13.4578,1.0000
10446016.0,4829.767404,16941.374742,21771.142146,1069,0,0.00,13.5078,1.0000
10446760.0,4830.538917,16946.334742,21776.873659,1070,0,0.00,13.5141,1.0000
10447116.0,4830.908081,16948.708075,21779.616156,1071,0,0.00,13.5266,1.0000
10447525.0,4831.332206,16951.434742,21782.766948,1072,0,0.00,13.5328,1.0000
10448041.0,4831.867287,16954.874742,21786.742029,1073,0,0.00,13.5563,1.0000
10448097.0,4831.925358,16955.248075,21787.173433,1074,0,0.00,13.5938,1.0000
10448391.0,4832.230230,16957.208075,21789.438305,1075,0,0.00,13.6109,1.0000
10448437.0,4832.277931,16957.514742,21789.792673,1076,0,0.00,13.6234,1.0000
10449254.0,4833.125143,16962.961408,21796.086551,1077,0,0.00,13.6375,1.0000
10450158.0,4834.062572,16968.988075,21803.050647,1078,0,0.00,13.6422,1.0000
10450228.0,4834.135161,16969.454742,21803.589902,1079,0,0.00,13.6484,1.0000
10450358.0,4834.269968,16970.321408,21804.591376,1080,0,0.00,13.6609,1.0000
10450512.0,4834.429663,16971.348075,21805.777738,1081,0,0.00,13.6656,1.0000
10450689.0,4834.613208,16972.528075,21807.141283,1082,0,0.00,13.6719,1.0000
10451105.0,4835.044591,16975.301408,21810.346000,1083,0,0.00,13.6969,1.0000
10451338.0,4835.286207,16976.854742,21812.140949,1084,0,0.00,13.7156,1.0000
10451453.0,4835.405460,16977.621408,21813.026868,1085,0,0.00,13.7219,1.0000
10451457.0,4835.409608,16977.648075,21813.057683,1086,0,0.00,13.7406,1.0000
10451465.0,4835.417904,16977.701408,21813.119312,1087,0,0.00,13.7594,1.0000
10451527.0,4835.482197,16978.114742,21813.596938,1088,0,0.00,13.7781,1.0000
10451555.0,4835.511232,16978.301408,21813.812640,1089,0,0.00,13.8063,1.0000
10453342.0,4837.364314,16990.214742,21827.579055,1090,0,0.00,13.8125,1.0000
10453495.0,4837.522972,16991.234742,21828.757713,1091,0,0.00,13.8172,1.0000
10453755.0,4837.792586,16992.968075,21830.760661,1092,0,0.00,13.8297,1.0000
10453760.0,4837.797771,16993.001408,21830.799179,1093,0,0.00,13.8484,1.0000
10453993.0,4838.039387,16994.554742,21832.594129,1094,0,0.00,13.8531,1.0000
10454461.0,4838.524693,16997.674742,21836.199435,1095,0,0.00,13.8578,1.0000
10454537.0,4838.603504,16998.181408,21836.784912,1096,0,0.00,13.8953,1.0000
10454850.0,4838.928078,17000.268075,21839.196153,1097,0,0.00,13.9125,1.0000
10455001.0,4839.084662,17001.274742,21840.359404,1098,0,0.00,13.9297,1.0000
10455086.0,4839.172805,17001.841408,21841.014214,1099,0,0.00,13.9469,1.0000
10456111.0,4840.235709,17008.674742,21848.910451,1100,0,0.00,13.9516,1.0000
10456381.0,4840.515693,17010.474742,21850.990435,1101,0,0.00,13.9578,1.0000
10457497.0,4841.672962,17017.914742,21859.587704,1102,0,0.00,13.9641,1.0000
10458105.0,4842.303445,17021.968075,21864.271520,1103,0,0.00,13.9766,1.0000
10458138.0,4842.337666,17022.188075,21864.525741,1104,0,0.00,13.9813,1.0000
10459348.0,4843.592411,17030.254742,21873.847152,1105,0,0.00,13.9859,1.0000
10459465.0,4843.713737,17031.034742,21874.748479,1106,0,0.00,13.9906,1.0000
10459596.0,4843.849581,17031.908075,21875.757656,1107,0,0.00,14.0031,1.0000
10460075.0,4844.346294,17035.101408,21879.447703,1108,0,0.00,14.0156,1.0000
10460640.0,4844.932188,17038.868075,21883.800263,1109,0,0.00,14.0219,1.0000
10462043.0,4846.387069,17048.221408,21894.608478,1110,0,0.00,14.0359,1.0000
10462484.0,4846.844377,17051.161408,21898.005786,1111,0,0.00,14.0422,1.0000
10462683.0,4847.050736,17052.488075,21899.538811,1112,0,0.00,14.0609,1.0000
10462689.0,4847.056958,17052.528075,21899.585033,1113,0,0.00,14.0797,1.0000
10462806.0,4847.178285,17053.308075,21900.486360,1114,0,0.00,14.0984,1.0000
10463316.0,4847.707144,17056.708075,21904.415219,1115,0,0.00,14.1109,1.0000
10463316.0,4847.707144,17056.708075,21904.415219,1116,0,0.00,14.1234,1.0000
10463437.0,4847.832618,17057.514742,21905.347360,1117,0,0.00,14.1422,1.0000
10463704.0,4848.109492,17059.294742,21907.404234,1118,0,0.00,14.1469,1.0000
10463934.0,4848.347997,17060.828075,21909.176072,1119,0,0.00,14.1844,1.0000
10464624.0,4849.063513,17065.428075,21914.491588,1120,0,0.00,14.1891,1.0000
10464849.0,4849.296833,17066.928075,21916.224908,1121,0,0.00,14.1953,1.0000
10464987.0,4849.439936,17067.848075,21917.288011,1122,0,0.00,14.2016,1.0000
10465750.0,4850.231151,17072.934742,21923.165893,1123,0,0.00,14.2063,1.0000
10465976.0,4850.465509,17074.441408,21924.906917,1124,0,0.00,14.2109,1.0000
10467648.0,4852.199338,17085.588075,21937.787413,1125,0,0.00,14.2172,1.0000
10467853.0,4852.411918,17086.954742,21939.366660,1126,0,0.00,14.2234,1.0000
10468064.0,4852.630721,17088.361408,21940.992129,1127,0,0.00,14.2281,1.0000
10468357.0,4852.934556,17090.314742,21943.249298,1128,0,0.00,14.2781,1.0000
10468877.0,4853.473785,17093.781408,21947.255193,1129,0,0.00,14.2828,1.0000
10468879.0,4853.475859,17093.794742,21947.270601,1130,0,0.00,14.3016,1.0000
10468928.0,4853.526671,17094.121408,21947.648079,1131,0,0.00,14.3516,1.0000
10468928.0,4853.526671,17094.121408,21947.648079,1132,0,0.00,14.4016,1.0000
10468950.0,4853.549485,17094.268075,21947.817560,1133,0,0.00,14.4203,1.0000
10469205.0,4853.813914,17095.968075,21949.781989,1134,0,0.00,14.4250,1.0000
10469867.0,4854.500394,17100.381408,21954.881803,1135,0,0.00,14.4297,1.0000
10470372.0,4855.024069,17103.748075,21958.772144,1136,0,0.00,14.4359,1.0000
10471323.0,4856.010236,17110.088075,21966.098311,1137,0,0.00,14.4422,1.0000
10471828.0,4856.533911,17113.454742,21969.988652,1138,0,0.00,14.4469,1.0000
10472083.0,4856.798340,17115.154742,21971.953082,1139,0,0.00,14.4516,1.0000
10473680.0,4858.454396,17125.801408,21984.255804,1140,0,0.00,14.4563,1.0000
10475310.0,4860.144672,17136.668075,21996.812747,1141,0,0.00,14.4938,1.0000
10476444.0,4861.320606,17144.228075,22005.548681,1142,0,0.00,14.4984,1.0000
10476744.0,4861.631700,17146.228075,22007.859775,1143,0,0.00,14.5219,1.0000
10477956.0,4862.888519,17154.308075,22017.196594,1144,0,0.00,14.5266,1.0000
10478057.0,4862.993254,17154.981408,22017.974662,1145,0,0.00,14.5313,1.0000
10479249.0,4864.229333,17162.928075,22027.157408,1146,0,0.00,14.5359,1.0000
10479784.0,4864.784117,17166.494742,22031.278859,1147,0,0.00,14.5734,1.0000
10481045.0,4866.091748,17174.901408,22040.993156,1148,0,0.00,14.5781,1.0000
10481242.0,4866.296032,17176.214742,22042.510774,1149,0,0.00,14.6156,1.0000
10481454.0,4866.515872,17177.628075,22044.143947,1150,0,0.00,14.6391,1.0000
10484454.0,4869.626810,17197.628075,22067.254885,1151,0,0.00,14.6641,1.0000
10484455.0,4869.627847,17197.634742,22067.262588,1152,0,0.00,14.6891,1.0000
10484476.0,4869.649623,17197.774742,22067.424365,1153,0,0.00,14.7141,1.0000
10484491.0,4869.665178,17197.874742,22067.539919,1154,0,0.00,14.7203,1.0000
10484743.0,4869.926497,17199.554742,22069.481238,1155,0,0.00,14.7250,1.0000
10486042.0,4871.273532,17208.214742,22079.488274,1156,0,0.00,14.7297,1.0000
10486687.0,4871.942384,17212.514742,22084.457126,1157,0,0.00,14.7578,1.0000
10486808.0,4872.067859,17213.321408,22085.389267,1158,0,0.00,14.7625,1.0000
10486962.0,4872.227553,17214.348075,22086.575628,1159,0,0.00,14.7672,1.0000
10487601.0,4872.890183,17218.608075,22091.498258,1160,0,0.00,14.7922,1.0000
10488913.0,4874.250700,17227.354742,22101.605441,1161,0,0.00,14.8016,1.0000
10489639.0,4875.003547,17232.194742,22107.198288,1162,0,0.00,14.8063,1.0000
10490091.0,4875.472261,17235.208075,22110.680336,1163,0,0.00,14.8313,1.0000
10490573.0,4875.972085,17238.421408,22114.393493,1164,0,0.00,14.8563,1.0000
10490608.0,4876.008379,17238.654742,22114.663121,1165,0,0.00,14.8609,1.0000
10491684.0,4877.124169,17245.828075,22122.952244,1166,0,0.00,14.9109,1.0000
10491859.0,4877.305640,17246.994742,22124.300382,1167,0,0.00,14.9172,1.0000
10492028.0,4877.480890,17248.121408,22125.602298,1168,0,0.00,14.9219,1.0000
10492770.0,4878.250328,17253.068075,22131.318403,1169,0,0.00,14.9266,1.0000
10492842.0,4878.324991,17253.548075,22131.873066,1170,0,0.00,14.9766,1.0000
10492842.0,4878.324991,17253.548075,22131.873066,1171,0,0.00,15.0266,1.0000
10493831.0,4879.350563,17260.141408,22139.491972,1172,0,0.00,15.0500,1.0000
10493917.0,4879.439743,17260.714742,22140.154485,1173,0,0.00,15.0750,1.0000
10494652.0,4880.201923,17265.614742,22145.816665,1174,0,0.00,15.0797,1.0000
10494733.0,4880.285918,17266.154742,22146.440660,1175,0,0.00,15.0844,1.0000
10495559.0,4881.142463,17271.661408,22152.803872,1176,0,0.00,15.0891,1.0000
10495656.0,4881.243050,17272.308075,22153.551125,1177,0,0.00,15.1078,1.0000
10495959.0,4881.557255,17274.328075,22155.885330,1178,0,0.00,15.1328,1.0000
10496603.0,4882.225069,17278.621408,22160.846478,1179,0,0.00,15.1375,1.0000
10496760.0,4882.387875,17279.668075,22162.055950,1180,0,0.00,15.1625,1.0000
10496918.0,4882.551718,17280.721408,22163.273126,1181,0,0.00,15.1859,1.0000
10496935.0,4882.569347,17280.834742,22163.404088,1182,0,0.00,15.2094,1.0000
10497137.0,4882.778816,17282.181408,22164.960225,1183,0,0.00,15.2375,1.0000
10497843.0,4883.510924,17286.888075,22170.398999,1184,0,0.00,15.2422,1.0000
10498252.0,4883.935048,17289.614742,22173.549790,1185,0,0.00,15.2703,1.0000
10498879.0,4884.585234,17293.794742,22178.379976,1186,0,0.00,15.2984,1.0000
10498922.0,4884.629824,17294.081408,22178.711232,1187,0,0.00,15.3031,1.0000
10499073.0,4884.786408,17295.088075,22179.874483,1188,0,0.00,15.3219,1.0000
10500430.0,4886.193589,17304.134742,22190.328330,1189,0,0.00,15.3266,1.0000
10501135.0,4886.924659,17308.834742,22195.759401,1190,0,0.00,15.3500,1.0000
10502555.0,4888.397169,17318.301408,22206.698578,1191,0,0.00,15.3594,1.0000
10502722.0,4888.570345,17319.414742,22207.985087,1192,0,0.00,15.3828,1.0000
10503163.0,4889.027653,17322.354742,22211.382394,1193,0,0.00,15.3875,1.0000
10503669.0,4889.552364,17325.728075,22215.280439,1194,0,0.00,15.4125,1.0000
10504051.0,4889.948490,17328.274742,22218.223232,1195,0,0.00,15.4375,1.0000
10505099.0,4891.035244,17335.261408,22226.296653,1196,0,0.00,15.4625,1.0000
10505913.0,4891.879345,17340.688075,22232.567420,1197,0,0.00,15.4672,1.0000
10506246.0,4892.224660,17342.908075,22235.132735,1198,0,0.00,15.4922,1.0000
10506463.0,4892.449684,17344.354742,22236.804426,1199,0,0.00,15.4969,1.0000
10507448.0,4893.471109,17350.921408,22244.392517,1200,0,0.00,15.5031,1.0000
10507735.0,4893.768722,17352.834742,22246.603463,1201,0,0.00,15.5078,1.0000
10510432.0,4896.565454,17370.814742,22267.380196,1202,0,0.00,15.5203,1.0000
10510433.0,4896.566491,17370.821408,22267.387900,1203,0,0.00,15.5328,1.0000
10510443.0,4896.576861,17370.888075,22267.464936,1204,0,0.00,15.5453,1.0000
10512265.0,4898.466237,17383.034742,22281.500979,1205,0,0.00,15.5734,1.0000
10512454.0,4898.662226,17384.294742,22282.956968,1206,0,0.00,15.5969,1.0000
10512819.0,4899.040724,17386.728075,22285.768799,1207,0,0.00,15.6031,1.0000
10513293.0,4899.532252,17389.888075,22289.420327,1208,0,0.00,15.6125,1.0000
10513355.0,4899.596544,17390.301408,22289.897953,1209,0,0.00,15.6250,1.0000
10513654.0,4899.906601,17392.294742,22292.201343,1210,0,0.00,15.6484,1.0000
10513771.0,4900.027928,17393.074742,22293.102669,1211,0,0.00,15.6531,1.0000
10514256.0,4900.530863,17396.308075,22296.838938,1212,0,0.00,15.6719,1.0000
10514908.0,4901.206973,17400.654742,22301.861715,1213,0,0.00,15.6969,1.0000
10515018.0,4901.321041,17401.388075,22302.709116,1214,0,0.00,15.7469,1.0000
10515072.0,4901.377038,17401.748075,22303.125113,1215,0,0.00,15.7719,1.0000
10515810.0,4902.142328,17406.668075,22308.810403,1216,0,0.00,15.7766,1.0000
10516174.0,4902.519789,17409.094742,22311.614530,1217,0,0.00,15.8266,1.0000
10516183.0,4902.529122,17409.154742,22311.683863,1218,0,0.00,15.8313,1.0000
10516262.0,4902.611043,17409.681408,22312.292451,1219,0,0.00,15.8375,1.0000
10516533.0,4902.892064,17411.488075,22314.380139,1220,0,0.00,15.8563,1.0000
10517376.0,4903.766238,17417.108075,22320.874313,1221,0,0.00,15.8750,1.0000
10519357.0,4905.820493,17430.314742,22336.135235,1222,0,0.00,15.8938,1.0000
10519631.0,4906.104626,17432.141408,22338.246034,1223,0,0.00,15.8984,1.0000
10520784.0,4907.300263,17439.828075,22347.128338,1224,0,0.00,15.9156,1.0000
10520922.0,4907.443366,17440.748075,22348.191441,1225,0,0.00,15.9406,1.0000
10521219.0,4907.751349,17442.728075,22350.479424,1226,0,0.00,15.9578,1.0000
10521993.0,4908.553970,17447.888075,22356.442045,1227,0,0.00,15.9672,1.0000
10522531.0,4909.111865,17451.474742,22360.586607,1228,0,0.00,15.9734,1.0000
10522531.0,4909.111865,17451.474742,22360.586607,1229,0,0.00,15.9797,1.0000
10524137.0,4910.777254,17462.181408,22372.958662,1230,0,0.00,16.0078,1.0000
10524173.0,4910.814585,17462.421408,22373.235993,1231,0,0.00,16.0359,1.0000
10524601.0,4911.258412,17465.274742,22376.533154,1232,0,0.00,16.0406,1.0000
10524836.0,4911.502102,17466.841408,22378.343511,1233,0,0.00,16.0453,1.0000
10525900.0,4912.605448,17473.934742,22386.540190,1234,0,0.00,16.0500,1.0000
10527174.0,4913.926560,17482.428075,22396.354635,1235,0,0.00,16.0547,1.0000
10527596.0,4914.364165,17485.241408,22399.605573,1236,0,0.00,16.0594,1.0000
10527655.0,4914.425347,17485.634742,22400.060088,1237,0,0.00,16.0641,1.0000
10527776.0,4914.550821,17486.441408,22400.992229,1238,0,0.00,16.0891,1.0000
10529173.0,4915.999481,17495.754742,22411.754223,1239,0,0.00,16.0938,1.0000
10529225.0,4916.053404,17496.101408,22412.154812,1240,0,0.00,16.0984,1.0000
10529568.0,4916.409088,17498.388075,22414.797163,1241,0,0.00,16.1031,1.0000
10530340.0,4917.209636,17503.534742,22420.744377,1242,0,0.00,16.1313,1.0000
10530341.0,4917.210673,17503.541408,22420.752081,1243,0,0.00,16.1594,1.0000
10530620.0,4917.499990,17505.401408,22422.901398,1244,0,0.00,16.1781,1.0000
10530828.0,4917.715681,17506.788075,22424.503756,1245,0,0.00,16.1828,1.0000
10531182.0,4918.082772,17509.148075,22427.230847,1246,0,0.00,16.1875,1.0000
10531439.0,4918.349276,17510.861408,22429.210684,1247,0,0.00,16.2125,1.0000
10531756.0,4918.677998,17512.974742,22431.652740,1248,0,0.00,16.2188,1.0000
10531868.0,4918.794140,17513.721408,22432.515548,1249,0,0.00,16.2438,1.0000
10531997.0,4918.927910,17514.581408,22433.509318,1250,0,0.00,16.2484,1.0000
10532135.0,4919.071013,17515.501408,22434.572422,1251,0,0.00,16.2531,1.0000
10532219.0,4919.158119,17516.061408,22435.219528,1252,0,0.00,16.2766,1.0000
10532455.0,4919.402847,17517.634742,22437.037588,1253,0,0.00,16.2813,1.0000
10534465.0,4921.487175,17531.034742,22452.521916,1254,0,0.00,16.3000,1.0000
10534494.0,4921.517247,17531.228075,22452.745322,1255,0,0.00,16.3188,1.0000
10534737.0,4921.769233,17532.848075,22454.617308,1256,0,0.00,16.3234,1.0000
10535088.0,4922.133213,17535.188075,22457.321288,1257,0,0.00,16.3469,1.0000
10535139.0,4922.186099,17535.528075,22457.714174,1258,0,0.00,16.3531,1.0000
10535843.0,4922.916132,17540.221408,22463.137540,1259,0,0.00,16.3578,1.0000
10537957.0,4925.108306,17554.314742,22479.423048,1260,0,0.00,16.3828,1.0000
10537958.0,4925.109343,17554.321408,22479.430751,1261,0,0.00,16.3875,1.0000
10538102.0,4925.258668,17555.281408,22480.540076,1262,0,0.00,16.3938,1.0000
10538657.0,4925.834191,17558.981408,22484.815600,1263,0,0.00,16.4438,1.0000
10538657.0,4925.834191,17558.981408,22484.815600,1264,0,0.00,16.4938,1.0000
10538658.0,4925.835228,17558.988075,22484.823303,1265,0,0.00,16.5438,1.0000
10539104.0,4926.297721,17561.961408,22488.259129,1266,0,0.00,16.5484,1.0000
10539516.0,4926.724956,17564.708075,22491.433031,1267,0,0.00,16.5672,1.0000
10539824.0,4927.044346,17566.761408,22493.805754,1268,0,0.00,16.6172,1.0000
10539860.0,4927.081677,17567.001408,22494.083086,1269,0,0.00,16.6406,1.0000
10541309.0,4928.584260,17576.661408,22505.245668,1270,0,0.00,16.6656,1.0000
10541438.0,4928.718030,17577.521408,22506.239439,1271,0,0.00,16.6703,1.0000
10541688.0,4928.977275,17579.188075,22508.165350,1272,0,0.00,16.6875,1.0000
10541891.0,4929.187782,17580.541408,22509.729190,1273,0,0.00,16.6922,1.0000
10542339.0,4929.652349,17583.528075,22513.180424,1274,0,0.00,16.6969,1.0000
10543069.0,4930.409343,17588.394742,22518.804085,1275,0,0.00,16.7203,1.0000
10543654.0,4931.015976,17592.294742,22523.310718,1276,0,0.00,16.7391,1.0000
10543893.0,4931.263814,17593.888075,22525.151889,1277,0,0.00,16.7516,1.0000
10545261.0,4932.682402,17603.008075,22535.690477,1278,0,0.00,16.7563,1.0000
10547435.0,4934.936794,17617.501408,22552.438203,1279,0,0.00,16.7688,1.0000
10547683.0,4935.193965,17619.154742,22554.348707,1280,0,0.00,16.7734,1.0000
10548009.0,4935.532020,17621.328075,22556.860095,1281,0,0.00,16.7781,1.0000
10548436.0,4935.974811,17624.174742,22560.149552,1282,0,0.00,16.7828,1.0000
10548764.0,4936.314940,17626.361408,22562.676348,1283,0,0.00,16.7891,1.0000
10549731.0,4937.317699,17632.808075,22570.125774,1284,0,0.00,16.7938,1.0000
10549799.0,4937.388213,17633.261408,22570.649622,1285,0,0.00,16.7984,1.0000
10550250.0,4937.855891,17636.268075,22574.123966,1286,0,0.00,16.8234,1.0000
10552241.0,4939.920516,17649.541408,22589.461925,1287,0,0.00,16.8359,1.0000
10552544.0,4940.234721,17651.561408,22591.796129,1288,0,0.00,16.8406,1.0000
10554159.0,4941.909442,17662.328075,22604.237517,1289,0,0.00,16.8641,1.0000
10554296.0,4942.051509,17663.241408,22605.292917,1290,0,0.00,16.8688,1.0000
10554770.0,4942.543037,17666.401408,22608.944445,1291,0,0.00,16.8734,1.0000
10554990.0,4942.771172,17667.868075,22610.639247,1292,0,0.00,16.8797,1.0000
10555568.0,4943.370546,17671.721408,22615.091954,1293,0,0.00,16.8844,1.0000
10556382.0,4944.214647,17677.148075,22621.362722,1294,0,0.00,16.8891,1.0000
10556443.0,4944.277903,17677.554742,22621.832644,1295,0,0.00,16.9125,1.0000
10556555.0,4944.394044,17678.301408,22622.695453,1296,0,0.00,16.9219,1.0000
10557308.0,4945.174890,17683.321408,22628.496298,1297,0,0.00,16.9469,1.0000
10557436.0,4945.307623,17684.174742,22629.482365,1298,0,0.00,16.9750,1.0000
10557611.0,4945.489094,17685.341408,22630.830503,1299,0,0.00,16.9797,1.0000
10557885.0,4945.773227,17687.168075,22632.941302,1300,0,0.00,16.9984,1.0000
10559926.0,4947.889701,17700.774742,22648.664443,1301,0,0.00,17.0219,1.0000
10561140.0,4949.148594,17708.868075,22658.016669,1302,0,0.00,17.0266,1.0000
10561410.0,4949.428578,17710.668075,22660.096653,1303,0,0.00,17.0313,1.0000
10561659.0,4949.686786,17712.328075,22662.014861,1304,0,0.00,17.0359,1.0000
10562001.0,4950.041433,17714.608075,22664.649508,1305,0,0.00,17.0859,1.0000
10562078.0,4950.121280,17715.121408,22665.242689,1306,0,0.00,17.0984,1.0000
10562577.0,4950.638733,17718.448075,22669.086808,1307,0,0.00,17.1484,1.0000
10562578.0,4950.639770,17718.454742,22669.094512,1308,0,0.00,17.1984,1.0000
10562578.0,4950.639770,17718.454742,22669.094512,1309,0,0.00,17.2484,1.0000
10563307.0,4951.395728,17723.314742,22674.710469,1310,0,0.00,17.2719,1.0000
10564588.0,4952.724098,17731.854742,22684.578840,1311,0,0.00,17.2766,1.0000
10565349.0,4953.513239,17736.928075,22690.441314,1312,0,0.00,17.2953,1.0000
10565357.0,4953.521535,17736.981408,22690.502943,1313,0,0.00,17.3141,1.0000
10565708.0,4953.885515,17739.321408,22693.206923,1314,0,0.00,17.3375,1.0000
10567150.0,4955.380839,17748.934742,22704.315580,1315,0,0.00,17.3547,1.0000
10567172.0,4955.403652,17749.081408,22704.485061,1316,0,0.00,17.3719,1.0000
10567375.0,4955.614159,17750.434742,22706.048901,1317,0,0.00,17.3969,1.0000
10567505.0,4955.748966,17751.301408,22707.050375,1318,0,0.00,17.4016,1.0000
10567539.0,4955.784224,17751.528075,22707.312299,1319,0,0.00,17.4266,1.0000
10567597.0,4955.844368,17751.914742,22707.759110,1320,0,0.00,17.4453,1.0000
10568396.0,4956.672915,17757.241408,22713.914323,1321,0,0.00,17.4500,1.0000
10569337.0,4957.648712,17763.514742,22721.163454,1322,0,0.00,17.4547,1.0000
10570778.0,4959.142999,17773.121408,22732.264407,1323,0,0.00,17.4734,1.0000
10571117.0,4959.494535,17775.381408,22734.875943,1324,0,0.00,17.4781,1.0000
10576207.0,4964.772759,17809.314742,22774.087501,1325,0,0.00,17.4828,1.0000
10576660.0,4965.242511,17812.334742,22777.577252,1326,0,0.00,17.4875,1.0000
10577946.0,4966.576066,17820.908075,22787.484141,1327,0,0.00,17.4922,1.0000
10579100.0,4967.772740,17828.601408,22796.374148,1328,0,0.00,17.4969,1.0000
10579946.0,4968.650024,17834.241408,22802.891432,1329,0,0.00,17.5016,1.0000
10580436.0,4969.158144,17837.508075,22806.666219,1330,0,0.00,17.5063,1.0000
10582475.0,4971.272544,17851.101408,22822.373953,1331,0,0.00,17.5250,1.0000
10584862.0,4973.747814,17867.014742,22840.762555,1332,0,0.00,17.5297,1.0000
10585655.0,4974.570138,17872.301408,22846.871547,1333,0,0.00,17.5359,1.0000
10586479.0,4975.424609,17877.794742,22853.219351,1334,0,0.00,17.5859,1.0000
10587516.0,4976.499956,17884.708075,22861.208031,1335,0,0.00,17.5906,1.0000
10594554.0,4983.798216,17931.628075,22915.426291,1336,0,0.00,17.5953,1.0000
10594953.0,4984.211970,17934.288075,22918.500045,1337,0,0.00,17.6141,1.0000
10596141.0,4985.443902,17942.208075,22927.651977,1338,0,0.00,17.6188,1.0000
10596156.0,4985.459456,17942.308075,22927.767531,1339,0,0.00,17.6313,1.0000
10597038.0,4986.374072,17948.188075,22934.562147,1340,0,0.00,17.6375,1.0000
10598857.0,4988.260337,17960.314742,22948.575079,1341,0,0.00,17.6422,1.0000
10600199.0,4989.651963,17969.261408,22958.913372,1342,0,0.00,17.6469,1.0000
10600473.0,4989.936095,17971.088075,22961.024170,1343,0,0.00,17.6656,1.0000
10602255.0,4991.783992,17982.968075,22974.752067,1344,0,0.00,17.6906,1.0000
10602456.0,4991.992425,17984.308075,22976.300500,1345,0,0.00,17.7094,1.0000
10602557.0,4992.097160,17984.981408,22977.078568,1346,0,0.00,17.7141,1.0000
10602939.0,4992.493286,17987.528075,22980.021361,1347,0,0.00,17.7250,1.0000
10603141.0,4992.702756,17988.874742,22981.577498,1348,0,0.00,17.7422,1.0000
10603497.0,4993.071920,17991.248075,22984.319995,1349,0,0.00,17.7672,1.0000
10603535.0,4993.111326,17991.501408,22984.612734,1350,0,0.00,17.7953,1.0000
10604208.0,4993.809213,17995.988075,22989.797288,1351,0,0.00,17.8125,1.0000
10604532.0,4994.145194,17998.148075,22992.293269,1352,0,0.00,17.8172,1.0000
10604707.0,4994.326665,17999.314742,22993.641407,1353,0,0.00,17.8344,1.0000
10605236.0,4994.875227,18002.841408,22997.716636,1354,0,0.00,17.8484,1.0000
10605761.0,4995.419641,18006.341408,23001.761050,1355,0,0.00,17.8672,1.0000
10606214.0,4995.889393,18009.361408,23005.250801,1356,0,0.00,17.8844,1.0000
10606251.0,4995.927761,18009.608075,23005.535836,1357,0,0.00,17.9016,1.0000
10606253.0,4995.929835,18009.621408,23005.551243,1358,0,0.00,17.9188,1.0000
10606258.0,4995.935020,18009.654742,23005.589762,1359,0,0.00,17.9359,1.0000
10606419.0,4996.101974,18010.728075,23006.830049,1360,0,0.00,17.9484,1.0000
10606788.0,4996.484619,18013.188075,23009.672694,1361,0,0.00,17.9531,1.0000
10607376.0,4997.094363,18017.108075,23014.202438,1362,0,0.00,17.9594,1.0000
10607398.0,4997.117176,18017.254742,23014.371918,1363,0,0.00,17.9641,1.0000
10607576.0,4997.301759,18018.441408,23015.743167,1364,0,0.00,17.9688,1.0000
10607608.0,4997.334942,18018.654742,23015.989684,1365,0,0.00,17.9859,1.0000
10607623.0,4997.350497,18018.754742,23016.105238,1366,0,0.00,18.0031,1.0000
10607663.0,4997.391976,18019.021408,23016.413384,1367,0,0.00,18.0078,1.0000
10607957.0,4997.696848,18020.981408,23018.678256,1368,0,0.00,18.0125,1.0000
10608029.0,4997.771510,18021.461408,23019.232918,1369,0,0.00,18.0172,1.0000
10608060.0,4997.803656,18021.668075,23019.471731,1370,0,0.00,18.0359,1.0000
10608064.0,4997.807804,18021.694742,23019.502546,1371,0,0.00,18.0641,1.0000
10608152.0,4997.899059,18022.281408,23020.180467,1372,0,0.00,18.0828,1.0000
10608654.0,4998.419622,18025.628075,23024.047697,1373,0,0.00,18.1328,1.0000
10608655.0,4998.420659,18025.634742,23024.055401,1374,0,0.00,18.1828,1.0000
10608731.0,4998.499469,18026.141408,23024.640878,1375,0,0.00,18.1891,1.0000
10608824.0,4998.595909,18026.761408,23025.357317,1376,0,0.00,18.2063,1.0000
10608911.0,4998.686126,18027.341408,23026.027534,1377,0,0.00,18.2234,1.0000
10608922.0,4998.697532,18027.414742,23026.112274,1378,0,0.00,18.2281,1.0000
10609035.0,4998.814711,18028.168075,23026.982786,1379,0,0.00,18.2469,1.0000
10609680.0,4999.483563,18032.468075,23031.951638,1380,0,0.00,18.2641,1.0000
10609831.0,4999.640147,18033.474742,23033.114888,1381,0,0.00,18.3141,1.0000
10609831.0,4999.640147,18033.474742,23033.114888,1382,0,0.00,18.3641,1.0000
10609833.0,4999.642220,18033.488075,23033.130295,1383,0,0.00,18.4141,1.0000
10610123.0,4999.942944,18035.421408,23035.364353,1384,0,0.00,18.4391,1.0000
10610472.0,5000.304850,18037.748075,23038.052925,1385,0,0.00,18.4438,1.0000
10610584.0,5000.420992,18038.494742,23038.915734,1386,0,0.00,18.4484,1.0000
10610643.0,5000.482174,18038.888075,23039.370249,1387,0,0.00,18.4531,1.0000
10610689.0,5000.529875,18039.194742,23039.724616,1388,0,0.00,18.4813,1.0000
10610690.0,5000.530912,18039.201408,23039.732320,1389,0,0.00,18.5094,1.0000
10610791.0,5000.635647,18039.874742,23040.510388,1390,0,0.00,18.5328,1.0000
10610840.0,5000.686459,18040.201408,23040.887867,1391,0,0.00,18.5500,1.0000
10610930.0,5000.779787,18040.801408,23041.581195,1392,0,0.00,18.5516,1.0000
10611007.0,5000.859634,18041.314742,23042.174376,1393,0,0.00,18.5578,1.0000
10611220.0,5001.080511,18042.734742,23043.815252,1394,0,0.00,18.5625,1.0000
10611619.0,5001.494265,18045.394742,23046.889007,1395,0,0.00,18.5672,1.0000
10611842.0,5001.725512,18046.881408,23048.606920,1396,0,0.00,18.5891,1.0000
10613212.0,5003.146173,18056.014742,23059.160915,1397,0,0.00,18.5953,1.0000
10613388.0,5003.328681,18057.188075,23060.516756,1398,0,0.00,18.6125,1.0000
10613616.0,5003.565113,18058.708075,23062.273188,1399,0,0.00,18.6406,1.0000
10613645.0,5003.595185,18058.901408,23062.496593,1400,0,0.00,18.6469,1.0000
10613853.0,5003.810877,18060.288075,23064.098952,1401,0,0.00,18.6516,1.0000
10614075.0,5004.041086,18061.768075,23065.809161,1402,0,0.00,18.6750,1.0000
10614151.0,5004.119897,18062.274742,23066.394638,1403,0,0.00,18.6922,1.0000
10614293.0,5004.267148,18063.221408,23067.488556,1404,0,0.00,18.6969,1.0000
10615260.0,5005.269906,18069.668075,23074.937981,1405,0,0.00,18.7016,1.0000
10615424.0,5005.439971,18070.761408,23076.201379,1406,0,0.00,18.7063,1.0000
10615584.0,5005.605888,18071.828075,23077.433963,1407,0,0.00,18.7109,1.0000
10616233.0,5006.278887,18076.154742,23082.433629,1408,0,0.00,18.7156,1.0000
10616771.0,5006.836782,18079.741408,23086.578190,1409,0,0.00,18.7188,1.0000
10617324.0,5007.410231,18083.428075,23090.838306,1410,0,0.00,18.7250,1.0000
10617651.0,5007.749324,18085.608075,23093.357399,1411,0,0.00,18.7531,1.0000
10617680.0,5007.779396,18085.801408,23093.580804,1412,0,0.00,18.7594,1.0000
10617694.0,5007.793914,18085.894742,23093.688655,1413,0,0.00,18.7656,1.0000
10617708.0,5007.808431,18085.988075,23093.796506,1414,0,0.00,18.7719,1.0000
10618001.0,5008.112266,18087.941408,23096.053675,1415,0,0.00,18.7781,1.0000
10618278.0,5008.399510,18089.788075,23098.187585,1416,0,0.00,18.7828,1.0000
10619240.0,5009.397084,18096.201408,23105.598492,1417,0,0.00,18.7875,1.0000
10619379.0,5009.541224,18097.128075,23106.669299,1418,0,0.00,18.8125,1.0000
10619480.0,5009.645959,18097.801408,23107.447367,1419,0,0.00,18.8297,1.0000
10619521.0,5009.688475,18098.074742,23107.763216,1420,0,0.00,18.8359,1.0000
10619523.0,5009.690549,18098.088075,23107.778624,1421,0,0.00,18.8422,1.0000
10619649.0,5009.821208,18098.928075,23108.749283,1422,0,0.00,18.8594,1.0000
10619925.0,5010.107414,18100.768075,23110.875489,1423,0,0.00,18.8656,1.0000
10620055.0,5010.242222,18101.634742,23111.876963,1424,0,0.00,18.8703,1.0000
10620914.0,5011.132987,18107.361408,23118.494395,1425,0,0.00,18.8938,1.0000
10620936.0,5011.155800,18107.508075,23118.663875,1426,0,0.00,18.9125,1.0000
10620997.0,5011.219056,18107.914742,23119.133798,1427,0,0.00,18.9313,1.0000
10621013.0,5011.235648,18108.021408,23119.257056,1428,0,0.00,18.9359,1.0000
10621070.0,5011.294755,18108.401408,23119.696164,1429,0,0.00,18.9594,1.0000
10621072.0,5011.296829,18108.414742,23119.711571,1430,0,0.00,18.9828,1.0000
10621075.0,5011.299940,18108.434742,23119.734682,1431,0,0.00,18.9875,1.0000
10621079.0,5011.304088,18108.461408,23119.765497,1432,0,0.00,18.9938,1.0000
10621163.0,5011.391194,18109.021408,23120.412603,1433,0,0.00,19.0172,1.0000
10621473.0,5011.712658,18111.088075,23122.800733,1434,0,0.00,19.0266,1.0000
10621534.0,5011.775914,18111.494742,23123.270655,1435,0,0.00,19.0313,1.0000
10621540.0,5011.782136,18111.534742,23123.316877,1436,0,0.00,19.0563,1.0000
10621911.0,5012.166855,18114.008075,23126.174930,1437,0,0.00,19.0797,1.0000
10622088.0,5012.350400,18115.188075,23127.538475,1438,0,0.00,19.0844,1.0000
10622215.0,5012.482097,18116.034742,23128.516838,1439,0,0.00,19.0891,1.0000
10622339.0,5012.610682,18116.861408,23129.472090,1440,0,0.00,19.1031,1.0000
10622381.0,5012.654235,18117.141408,23129.795643,1441,0,0.00,19.1266,1.0000
10622536.0,5012.814967,18118.174742,23130.989709,1442,0,0.00,19.1313,1.0000
10622843.0,5013.133319,18120.221408,23133.354728,1443,0,0.00,19.1375,1.0000
10622994.0,5013.289903,18121.228075,23134.517978,1444,0,0.00,19.1422,1.0000
10623089.0,5013.388416,18121.861408,23135.249825,1445,0,0.00,19.1469,1.0000
10623164.0,5013.466190,18122.361408,23135.827598,1446,0,0.00,19.1594,1.0000
10623875.0,5014.203482,18127.101408,23141.304890,1447,0,0.00,19.1844,1.0000
10623916.0,5014.245998,18127.374742,23141.620740,1448,0,0.00,19.1891,1.0000
10623951.0,5014.282292,18127.608075,23141.890367,1449,0,0.00,19.1938,1.0000
10623981.0,5014.313402,18127.808075,23142.121477,1450,0,0.00,19.1984,1.0000
10623984.0,5014.316513,18127.828075,23142.144588,1451,0,0.00,19.2031,1.0000
10624068.0,5014.403619,18128.388075,23142.791694,1452,0,0.00,19.2266,1.0000
10624182.0,5014.521835,18129.148075,23143.669910,1453,0,0.00,19.2313,1.0000
10624232.0,5014.573684,18129.481408,23144.055092,1454,0,0.00,19.2359,1.0000
10624269.0,5014.612052,18129.728075,23144.340127,1455,0,0.00,19.2406,1.0000
10624621.0,5014.977068,18132.074742,23147.051810,1456,0,0.00,19.2453,1.0000
10624837.0,5015.201056,18133.514742,23148.715798,1457,0,0.00,19.2500,1.0000
10625058.0,5015.430228,18134.988075,23150.418303,1458,0,0.00,19.2547,1.0000
10625248.0,5015.627254,18136.254742,23151.881996,1459,0,0.00,19.2609,1.0000
10625532.0,5015.921756,18138.148075,23154.069831,1460,0,0.00,19.2656,1.0000
10625567.0,5015.958051,18138.381408,23154.339459,1461,0,0.00,19.2703,1.0000
10625608.0,5016.000567,18138.654742,23154.655309,1462,0,0.00,19.2875,1.0000
10625887.0,5016.289884,18140.514742,23156.804626,1463,0,0.00,19.2922,1.0000
10625979.0,5016.385286,18141.128075,23157.513361,1464,0,0.00,19.2969,1.0000
10626014.0,5016.421580,18141.361408,23157.782989,1465,0,0.00,19.3016,1.0000
10626024.0,5016.431950,18141.428075,23157.860025,1466,0,0.00,19.3078,1.0000
10626288.0,5016.705713,18143.188075,23159.893788,1467,0,0.00,19.3125,1.0000
10626406.0,5016.828076,18143.974742,23160.802818,1468,0,0.00,19.3172,1.0000
10626422.0,5016.844668,18144.081408,23160.926076,1469,0,0.00,19.3344,1.0000
10626535.0,5016.961847,18144.834742,23161.796588,1470,0,0.00,19.3469,1.0000
10626709.0,5017.142281,18145.994742,23163.137023,1471,0,0.00,19.3609,1.0000
10626716.0,5017.149540,18146.041408,23163.190948,1472,0,0.00,19.3656,1.0000
10626940.0,5017.381823,18147.534742,23164.916565,1473,0,0.00,19.3781,1.0000
10626997.0,5017.440931,18147.914742,23165.355673,1474,0,0.00,19.3828,1.0000
10627009.0,5017.453375,18147.994742,23165.448116,1475,0,0.00,19.3875,1.0000
10627217.0,5017.669066,18149.381408,23167.050475,1476,0,0.00,19.3922,1.0000
10627477.0,5017.938681,18151.114742,23169.053423,1477,0,0.00,19.4172,1.0000
10627637.0,5018.104598,18152.181408,23170.286006,1478,0,0.00,19.4219,1.0000
10627657.0,5018.125337,18152.314742,23170.440079,1479,0,0.00,19.4406,1.0000
10627857.0,5018.332733,18153.648075,23171.980808,1480,0,0.00,19.4453,1.0000
10628078.0,5018.561905,18155.121408,23173.683314,1481,0,0.00,19.4500,1.0000
10628141.0,5018.627235,18155.541408,23174.168643,1482,0,0.00,19.4547,1.0000
10628171.0,5018.658344,18155.741408,23174.399753,1483,0,0.00,19.4594,1.0000
10628219.0,5018.708119,18156.061408,23174.769528,1484,0,0.00,19.4719,1.0000
10628333.0,5018.826335,18156.821408,23175.647743,1485,0,0.00,19.4766,1.0000
10628449.0,5018.946625,18157.594742,23176.541366,1486,0,0.00,19.4813,1.0000
10628579.0,5019.081432,18158.461408,23177.542840,1487,0,0.00,19.5063,1.0000
10628816.0,5019.327196,18160.041408,23179.368604,1488,0,0.00,19.5109,1.0000
10629037.0,5019.556368,18161.514742,23181.071110,1489,0,0.00,19.5297,1.0000
10629105.0,5019.626883,18161.968075,23181.594958,1490,0,0.00,19.5469,1.0000
10629108.0,5019.629994,18161.988075,23181.618069,1491,0,0.00,19.5531,1.0000
10629109.0,5019.631031,18161.994742,23181.625773,1492,0,0.00,19.5578,1.0000
10629464.0,5019.999159,18164.361408,23184.360567,1493,0,0.00,19.5625,1.0000
10629645.0,5020.186852,18165.568075,23185.754927,1494,0,0.00,19.5750,1.0000
10629692.0,5020.235590,18165.881408,23186.116998,1495,0,0.00,19.5797,1.0000
10630406.0,5020.975993,18170.641408,23191.617401,1496,0,0.00,19.5844,1.0000
10630982.0,5021.573293,18174.481408,23196.054701,1497,0,0.00,19.6078,1.0000
10631099.0,5021.694619,18175.261408,23196.956028,1498,0,0.00,19.6141,1.0000
10631353.0,5021.958012,18176.954742,23198.912754,1499,0,0.00,19.6203,1.0000
10632259.0,5022.897515,18182.994742,23205.892257,1500,0,0.00,19.6703,1.0000
10632371.0,5023.013657,18183.741408,23206.755065,1501,0,0.00,19.6875,1.0000
10632550.0,5023.199276,18184.934742,23208.134018,1502,0,0.00,19.6938,1.0000
10633142.0,5023.813168,18188.881408,23212.694576,1503,0,0.00,19.7109,1.0000
10633184.0,5023.856721,18189.161408,23213.018129,1504,0,0.00,19.7297,1.0000
10633237.0,5023.911681,18189.514742,23213.426423,1505,0,0.00,19.9172,1.0000
10633547.0,5024.233144,18191.581408,23215.814553,1506,0,0.00,19.9453,1.0000
10633621.0,5024.309881,18192.074742,23216.384623,1507,0,0.00,19.9953,1.0000
10633622.0,5024.310918,18192.081408,23216.392326,1508,0,0.00,20.0453,1.0000
10634435.0,5025.153982,18197.501408,23222.655390,1509,0,0.00,20.0625,1.0000
10634499.0,5025.220349,18197.928075,23223.148424,1510,0,0.00,20.0875,1.0000
10634588.0,5025.312640,18198.521408,23223.834048,1511,0,0.00,20.0938,1.0000
10634702.0,5025.430855,18199.281408,23224.712264,1512,0,0.00,20.0984,1.0000
10635133.0,5025.877793,18202.154742,23228.032535,1513,0,0.00,20.1172,1.0000
10635301.0,5026.052006,18203.274742,23229.326748,1514,0,0.00,20.1219,1.0000
10635708.0,5026.474056,18205.988075,23232.462131,1515,0,0.00,20.1281,1.0000
10636450.0,5027.243495,18210.934742,23238.178237,1516,0,0.00,20.1328,1.0000
10636604.0,5027.403190,18211.961408,23239.364598,1517,0,0.00,20.1375,1.0000
10636619.0,5027.418744,18212.061408,23239.480153,1518,0,0.00,20.1422,1.0000
10636821.0,5027.628214,18213.408075,23241.036289,1519,0,0.00,20.1547,1.0000
10636834.0,5027.641695,18213.494742,23241.136437,1520,0,0.00,20.1672,1.0000
10637322.0,5028.147741,18216.748075,23244.895816,1521,0,0.00,20.1719,1.0000
10637407.0,5028.235884,18217.314742,23245.550626,1522,0,0.00,20.1891,1.0000
10637671.0,5028.509647,18219.074742,23247.584388,1523,0,0.00,20.1938,1.0000
10637870.0,5028.716005,18220.401408,23249.117414,1524,0,0.00,20.1984,1.0000
10637935.0,5028.783409,18220.834742,23249.618151,1525,0,0.00,20.2031,1.0000
10638056.0,5028.908884,18221.641408,23250.550292,1526,0,0.00,20.2078,1.0000
10638109.0,5028.963843,18221.994742,23250.958585,1527,0,0.00,20.2250,1.0000
10638114.0,5028.969028,18222.028075,23250.997103,1528,0,0.00,20.2375,1.0000
10638115.0,5028.970065,18222.034742,23251.004807,1529,0,0.00,20.2438,1.0000
10638273.0,5029.133908,18223.088075,23252.221983,1530,0,0.00,20.2484,1.0000
10638595.0,5029.467815,18225.234742,23254.702557,1531,0,0.00,20.2531,1.0000
10638652.0,5029.526923,18225.614742,23255.141665,1532,0,0.00,20.2703,1.0000
10638729.0,5029.606770,18226.128075,23255.734845,1533,0,0.00,20.2750,1.0000
10638744.0,5029.622325,18226.228075,23255.850400,1534,0,0.00,20.2875,1.0000
10638906.0,5029.790316,18227.308075,23257.098391,1535,0,0.00,20.3047,1.0000
10639074.0,5029.964528,18228.428075,23258.392603,1536,0,0.00,20.3094,1.0000
10639297.0,5030.195775,18229.914742,23260.110516,1537,0,0.00,20.3141,1.0000
10639399.0,5030.301547,18230.594742,23260.896288,1538,0,0.00,20.3188,1.0000
10639496.0,5030.402134,18231.241408,23261.643542,1539,0,0.00,20.3234,1.0000
10639679.0,5030.591901,18232.461408,23263.053309,1540,0,0.00,20.3297,1.0000
10639890.0,5030.810703,18233.868075,23264.678778,1541,0,0.00,20.3344,1.0000
10639932.0,5030.854256,18234.148075,23265.002331,1542,0,0.00,20.3391,1.0000
10639998.0,5030.922697,18234.588075,23265.510772,1543,0,0.00,20.3516,1.0000
10640082.0,5031.009803,18235.148075,23266.157878,1544,0,0.00,20.3703,1.0000
10640985.0,5031.946195,18241.168075,23273.114270,1545,0,0.00,20.3750,1.0000
10641008.0,5031.970046,18241.321408,23273.291454,1546,0,0.00,20.3875,1.0000
10641174.0,5032.142185,18242.428075,23274.570260,1547,0,0.00,20.4047,1.0000
10641229.0,5032.199218,18242.794742,23274.993960,1548,0,0.00,20.4219,1.0000
10641293.0,5032.265585,18243.221408,23275.486993,1549,0,0.00,20.4266,1.0000
10641464.0,5032.442909,18244.361408,23276.804317,1550,0,0.00,20.4313,1.0000
10641548.0,5032.530015,18244.921408,23277.451423,1551,0,0.00,20.4359,1.0000
10641879.0,5032.873255,18247.128075,23280.001330,1552,0,0.00,20.4406,1.0000
10641958.0,5032.955176,18247.654742,23280.609918,1553,0,0.00,20.4453,1.0000
10642072.0,5033.073392,18248.414742,23281.488134,1554,0,0.00,20.4500,1.0000
10642124.0,5033.127315,18248.761408,23281.888723,1555,0,0.00,20.4625,1.0000
10642305.0,5033.315008,18249.968075,23283.283083,1556,0,0.00,20.4672,1.0000
10642400.0,5033.413521,18250.601408,23284.014929,1557,0,0.00,20.4797,1.0000
10642530.0,5033.548328,18251.468075,23285.016403,1558,0,0.00,20.4844,1.0000
10642628.0,5033.649952,18252.121408,23285.771361,1559,0,0.00,20.5094,1.0000
10642768.0,5033.795129,18253.054742,23286.849871,1560,0,0.00,20.5141,1.0000
10642876.0,5033.907123,18253.774742,23287.681865,1561,0,0.00,20.5188,1.0000
10642988.0,5034.023265,18254.521408,23288.544673,1562,0,0.00,20.5234,1.0000
10643160.0,5034.201625,18255.668075,23289.869700,1563,0,0.00,20.5359,1.0000
10643184.0,5034.226513,18255.828075,23290.054588,1564,0,0.00,20.5406,1.0000
10643268.0,5034.313619,18256.388075,23290.701694,1565,0,0.00,20.5469,1.0000
10643384.0,5034.433909,18257.161408,23291.595317,1566,0,0.00,20.5531,1.0000
10643423.0,5034.474351,18257.421408,23291.895759,1567,0,0.00,20.5578,1.0000
10643478.0,5034.531385,18257.788075,23292.319460,1568,0,0.00,20.5641,1.0000
10643478.0,5034.531385,18257.788075,23292.319460,1569,0,0.00,20.5703,1.0000
10643599.0,5034.656859,18258.594742,23293.251601,1570,0,0.00,20.5766,1.0000
10643661.0,5034.721152,18259.008075,23293.729227,1571,0,0.00,20.5813,1.0000
10644001.0,5035.073725,18261.274742,23296.348466,1572,0,0.00,20.5859,1.0000
10644275.0,5035.357857,18263.101408,23298.459265,1573,0,0.00,20.5984,1.0000
10644279.0,5035.362005,18263.128075,23298.490080,1574,0,0.00,20.6266,1.0000
10644349.0,5035.434593,18263.594742,23299.029335,1575,0,0.00,20.6453,1.0000
10644350.0,5035.435630,18263.601408,23299.037039,1576,0,0.00,20.6641,1.0000
10644355.0,5035.440815,18263.634742,23299.075557,1577,0,0.00,20.6828,1.0000
10644680.0,5035.777834,18265.801408,23301.579242,1578,0,0.00,20.6875,1.0000
10644683.0,5035.780944,18265.821408,23301.602353,1579,0,0.00,20.7063,1.0000
10645428.0,5036.553494,18270.788075,23307.341569,1580,0,0.00,20.7188,1.0000
10645640.0,5036.773334,18272.201408,23308.974742,1581,0,0.00,20.7234,1.0000
10646016.0,5037.163238,18274.708075,23311.871313,1582,0,0.00,20.7469,1.0000
10646050.0,5037.198495,18274.934742,23312.133237,1583,0,0.00,20.7516,1.0000
10646071.0,5037.220272,18275.074742,23312.295013,1584,0,0.00,20.7563,1.0000
10646471.0,5037.635063,18277.741408,23315.376472,1585,0,0.00,20.7609,1.0000
10646508.0,5037.673431,18277.988075,23315.661506,1586,0,0.00,20.7656,1.0000
10646512.0,5037.677579,18278.014742,23315.692321,1587,0,0.00,20.7703,1.0000
10646562.0,5037.729428,18278.348075,23316.077503,1588,0,0.00,20.7828,1.0000
10646569.0,5037.736687,18278.394742,23316.131429,1589,0,0.00,20.7953,1.0000
10646759.0,5037.933713,18279.661408,23317.595122,1590,0,0.00,20.8078,1.0000
10646777.0,5037.952379,18279.781408,23317.733787,1591,0,0.00,20.8203,1.0000
10647070.0,5038.256214,18281.734742,23319.990955,1592,0,0.00,20.8266,1.0000
10647574.0,5038.778851,18285.094742,23323.873593,1593,0,0.00,20.8313,1.0000
10647629.0,5038.835885,18285.461408,23324.297293,1594,0,0.00,20.8563,1.0000
10647871.0,5039.086834,18287.074742,23326.161576,1595,0,0.00,20.8625,1.0000
10648174.0,5039.401039,18289.094742,23328.495780,1596,0,0.00,20.8672,1.0000
10648541.0,5039.781610,18291.541408,23331.323018,1597,0,0.00,20.8719,1.0000
10648627.0,5039.870790,18292.114742,23331.985532,1598,0,0.00,20.8844,1.0000
10648766.0,5040.014930,18293.041408,23333.056339,1599,0,0.00,20.8891,1.0000
10648822.0,5040.073001,18293.414742,23333.487743,1600,0,0.00,20.8938,1.0000
10648890.0,5040.143516,18293.868075,23334.011591,1601,0,0.00,20.9172,1.0000
10648940.0,5040.195365,18294.201408,23334.396773,1602,0,0.00,20.9297,1.0000
10649133.0,5040.395502,18295.488075,23335.883577,1603,0,0.00,20.9359,1.0000
10649150.0,5040.413130,18295.601408,23336.014539,1604,0,0.00,20.9531,1.0000
10649991.0,5041.285230,18301.208075,23342.493305,1605,0,0.00,20.9578,1.0000
10650038.0,5041.333968,18301.521408,23342.855376,1606,0,0.00,20.9703,1.0000
10650241.0,5041.544475,18302.874742,23344.419216,1607,0,0.00,20.9750,1.0000
10651499.0,5042.848994,18311.261408,23354.110403,1608,0,0.00,20.9891,1.0000
10651698.0,5043.055353,18312.588075,23355.643428,1609,0,0.00,20.9938,1.0000
10651826.0,5043.188087,18313.441408,23356.629495,1610,0,0.00,20.9984,1.0000
10652054.0,5043.424518,18314.961408,23358.385926,1611,0,0.00,21.0047,1.0000
10652600.0,5043.990709,18318.601408,23362.592117,1612,0,0.00,21.0094,1.0000
10652637.0,5044.029077,18318.848075,23362.877152,1613,0,0.00,21.0141,1.0000
10652875.0,5044.275878,18320.434742,23364.710619,1614,0,0.00,21.0188,1.0000
10652941.0,5044.344318,18320.874742,23365.219060,1615,0,0.00,21.0234,1.0000
10653290.0,5044.706224,18323.201408,23367.907632,1616,0,0.00,21.0281,1.0000
10653875.0,5045.312857,18327.101408,23372.414265,1617,0,0.00,21.0469,1.0000
10654717.0,5046.185993,18332.714742,23378.900735,1618,0,0.00,21.0516,1.0000
10655122.0,5046.605970,18335.414742,23382.020712,1619,0,0.00,21.0750,1.0000
10656080.0,5047.599396,18341.801408,23389.400804,1620,0,0.00,21.1250,1.0000
10656273.0,5047.799533,18343.088075,23390.887608,1621,0,0.00,21.1297,1.0000
10656453.0,5047.986189,18344.288075,23392.274264,1622,0,0.00,21.1484,1.0000
10656697.0,5048.239212,18345.914742,23394.153954,1623,0,0.00,21.1547,1.0000
10656856.0,5048.404092,18346.974742,23395.378834,1624,0,0.00,21.2047,1.0000
10657497.0,5049.068795,18351.248075,23400.316870,1625,0,0.00,21.2547,1.0000
10657876.0,5049.461811,18353.774742,23403.236552,1626,0,0.00,21.2672,1.0000
10657877.0,5049.462848,18353.781408,23403.244256,1627,0,0.00,21.2797,1.0000
10657877.0,5049.462848,18353.781408,23403.244256,1628,0,0.00,21.2922,1.0000
10658378.0,5049.982374,18357.121408,23407.103782,1629,0,0.00,21.3094,1.0000
10658479.0,5050.087109,18357.794742,23407.881851,1630,0,0.00,21.3141,1.0000
10659595.0,5051.244378,18365.234742,23416.479119,1631,0,0.00,21.3188,1.0000
10661315.0,5053.027982,18376.701408,23429.729390,1632,0,0.00,21.3375,1.0000
10661745.0,5053.473883,18379.568075,23433.041958,1633,0,0.00,21.3469,1.0000
10662507.0,5054.264061,18384.648075,23438.912136,1634,0,0.00,21.3516,1.0000
10663658.0,5055.457624,18392.321408,23447.779032,1635,0,0.00,21.3563,1.0000
10663820.0,5055.625615,18393.401408,23449.027023,1636,0,0.00,21.3797,1.0000
10665002.0,5056.851324,18401.281408,23458.132732,1637,0,0.00,21.3844,1.0000
10666012.0,5057.898673,18408.014742,23465.913415,1638,0,0.00,21.3891,1.0000
10666224.0,5058.118513,18409.428075,23467.546588,1639,0,0.00,21.3938,1.0000
10667061.0,5058.986464,18415.008075,23473.994539,1640,0,0.00,21.3984,1.0000
10667135.0,5059.063201,18415.501408,23474.564609,1641,0,0.00,21.4172,1.0000
10667435.0,5059.374294,18417.501408,23476.875703,1642,0,0.00,21.4359,1.0000
10667495.0,5059.436513,18417.901408,23477.337922,1643,0,0.00,21.4547,1.0000
10667961.0,5059.919745,18421.008075,23480.927820,1644,0,0.00,21.4594,1.0000
10668061.0,5060.023443,18421.674742,23481.698185,1645,0,0.00,21.4656,1.0000
10668813.0,5060.803252,18426.688075,23487.491327,1646,0,0.00,21.4703,1.0000
10668962.0,5060.957762,18427.681408,23488.639170,1647,0,0.00,21.4750,1.0000
10669358.0,5061.368405,18430.321408,23491.689814,1648,0,0.00,21.4813,1.0000
10670719.0,5062.779734,18439.394742,23502.174476,1649,0,0.00,21.5047,1.0000
10671173.0,5063.250523,18442.421408,23505.671931,1650,0,0.00,21.5297,1.0000
10671956.0,5064.062477,18447.641408,23511.703886,1651,0,0.00,21.5344,1.0000
10672357.0,5064.478306,18450.314742,23514.793048,1652,0,0.00,21.5469,1.0000
10673046.0,5065.192785,18454.908075,23520.100860,1653,0,0.00,21.5516,1.0000
10674417.0,5066.614483,18464.048075,23530.662558,1654,0,0.00,21.5750,1.0000
10674683.0,5066.890319,18465.821408,23532.711728,1655,0,0.00,21.5797,1.0000
10675622.0,5067.864043,18472.081408,23539.945451,1656,0,0.00,21.5859,1.0000
10676175.0,5068.437492,18475.768075,23544.205567,1657,0,0.00,21.6094,1.0000
10676483.0,5068.756882,18477.821408,23546.578290,1658,0,0.00,21.6328,1.0000
10677565.0,5069.878893,18485.034742,23554.913635,1659,0,0.00,21.6375,1.0000
10679143.0,5071.515247,18495.554742,23567.069988,1660,0,0.00,21.6422,1.0000
10679382.0,5071.763085,18497.148075,23568.911160,1661,0,0.00,21.6469,1.0000
10679807.0,5072.203801,18499.981408,23572.185209,1662,0,0.00,21.6703,1.0000
10680336.0,5072.752363,18503.508075,23576.260438,1663,0,0.00,21.6891,1.0000
10680346.0,5072.762732,18503.574742,23576.337474,1664,0,0.00,21.6938,1.0000
10680596.0,5073.021977,18505.241408,23578.263386,1665,0,0.00,21.7438,1.0000
10680596.0,5073.021977,18505.241408,23578.263386,1666,0,0.00,21.7938,1.0000
10680601.0,5073.027162,18505.274742,23578.301904,1667,0,0.00,21.8438,1.0000
10681180.0,5073.627573,18509.134742,23582.762315,1668,0,0.00,21.8938,1.0000
10681180.0,5073.627573,18509.134742,23582.762315,1669,0,0.00,21.9438,1.0000
10683715.0,5076.256315,18526.034742,23602.291057,1670,0,0.00,21.9500,1.0000
10683745.0,5076.287425,18526.234742,23602.522166,1671,0,0.00,21.9625,1.0000
10683747.0,5076.289499,18526.248075,23602.537574,1672,0,0.00,21.9750,1.0000
10684047.0,5076.600592,18528.248075,23604.848667,1673,0,0.00,21.9797,1.0000
10684998.0,5077.586760,18534.588075,23612.174835,1674,0,0.00,21.9844,1.0000
10687169.0,5079.838041,18549.061408,23628.899450,1675,0,0.00,21.9891,1.0000
10687855.0,5080.549409,18553.634742,23634.184151,1676,0,0.00,21.9938,1.0000
10687893.0,5080.588814,18553.888075,23634.476889,1677,0,0.00,22.0125,1.0000
10688894.0,5081.626830,18560.561408,23642.188239,1678,0,0.00,22.0172,1.0000
10689220.0,5081.964886,18562.734742,23644.699627,1679,0,0.00,22.0422,1.0000
10689757.0,5082.521743,18566.314742,23648.836485,1680,0,0.00,22.0594,1.0000
10689883.0,5082.652403,18567.154742,23649.807144,1681,0,0.00,22.0641,1.0000
10689955.0,5082.727065,18567.634742,23650.361807,1682,0,0.00,22.0688,1.0000
10689994.0,5082.767507,18567.894742,23650.662249,1683,0,0.00,22.0813,1.0000
10690004.0,5082.777877,18567.961408,23650.739286,1684,0,0.00,22.0875,1.0000
10690011.0,5082.785136,18568.008075,23650.793211,1685,0,0.00,22.0922,1.0000
10690314.0,5083.099341,18570.028075,23653.127416,1686,0,0.00,22.0969,1.0000
10690695.0,5083.494430,18572.568075,23656.062505,1687,0,0.00,22.1016,1.0000
10691001.0,5083.811745,18574.608075,23658.419820,1688,0,0.00,22.1063,1.0000
10691064.0,5083.877075,18575.028075,23658.905150,1689,0,0.00,22.1109,1.0000
10691284.0,5084.105211,18576.494742,23660.599952,1690,0,0.00,22.1156,1.0000
10691513.0,5084.342679,18578.021408,23662.364087,1691,0,0.00,22.1406,1.0000
10691553.0,5084.384158,18578.288075,23662.672233,1692,0,0.00,22.1656,1.0000
10691557.0,5084.388306,18578.314742,23662.703048,1693,0,0.00,22.1906,1.0000
10691565.0,5084.396602,18578.368075,23662.764677,1694,0,0.00,22.2156,1.0000
10692130.0,5084.982495,18582.134742,23667.117237,1695,0,0.00,22.2203,1.0000
10692277.0,5085.134931,18583.114742,23668.249673,1696,0,0.00,22.3578,1.0000
10692393.0,5085.255220,18583.888075,23669.143295,1697,0,0.00,22.3625,1.0000
10692471.0,5085.336105,18584.408075,23669.744180,1698,0,0.00,22.3797,1.0000
10693137.0,5086.026733,18588.848075,23674.874808,1699,0,0.00,22.3922,1.0000
10693277.0,5086.171910,18589.781408,23675.953318,1700,0,0.00,22.4156,1.0000
10693630.0,5086.537964,18592.134742,23678.672705,1701,0,0.00,22.4203,1.0000
10693799.0,5086.713213,18593.261408,23679.974622,1702,0,0.00,22.4250,1.0000
10693843.0,5086.758840,18593.554742,23680.313582,1703,0,0.00,22.4438,1.0000
10694113.0,5087.038825,18595.354742,23682.393566,1704,0,0.00,22.4500,1.0000
10694362.0,5087.297032,18597.014742,23684.311774,1705,0,0.00,22.4547,1.0000
10694679.0,5087.625755,18599.128075,23686.753830,1706,0,0.00,22.4594,1.0000
10694806.0,5087.757451,18599.974742,23687.732193,1707,0,0.00,22.4641,1.0000
10694906.0,5087.861149,18600.641408,23688.502557,1708,0,0.00,22.4688,1.0000
10695204.0,5088.170169,18602.628075,23690.798244,1709,0,0.00,22.4734,1.0000
10695272.0,5088.240684,18603.081408,23691.322092,1710,0,0.00,22.4781,1.0000
10695393.0,5088.366158,18603.888075,23692.254233,1711,0,0.00,22.5016,1.0000
10695455.0,5088.430451,18604.301408,23692.731859,1712,0,0.00,22.5250,1.0000
10695522.0,5088.499928,18604.748075,23693.248003,1713,0,0.00,22.5297,1.0000
10695666.0,5088.649253,18605.708075,23694.357328,1714,0,0.00,22.5469,1.0000
10695717.0,5088.702139,18606.048075,23694.750214,1715,0,0.00,22.5516,1.0000
10695739.0,5088.724953,18606.194742,23694.919694,1716,0,0.00,22.5563,1.0000
10695900.0,5088.891906,18607.268075,23696.159981,1717,0,0.00,22.5734,1.0000
10695939.0,5088.932349,18607.528075,23696.460424,1718,0,0.00,22.5797,1.0000
10696159.0,5089.160484,18608.994742,23698.155226,1719,0,0.00,22.5922,1.0000
10696189.0,5089.191593,18609.194742,23698.386335,1720,0,0.00,22.5969,1.0000
10696372.0,5089.381361,18610.414742,23699.796102,1721,0,0.00,22.6016,1.0000
10696595.0,5089.612607,18611.901408,23701.514015,1722,0,0.00,22.6250,1.0000
10696678.0,5089.698676,18612.454742,23702.153418,1723,0,0.00,22.6297,1.0000
10696883.0,5089.911257,18613.821408,23703.732665,1724,0,0.00,22.6344,1.0000
10696996.0,5090.028436,18614.574742,23704.603177,1725,0,0.00,22.6391,1.0000
10697207.0,5090.247238,18615.981408,23706.228647,1726,0,0.00,22.6516,1.0000
10697448.0,5090.497150,18617.588075,23708.085225,1727,0,0.00,22.6563,1.0000
10697495.0,5090.545888,18617.901408,23708.447297,1728,0,0.00,22.6688,1.0000
10697537.0,5090.589441,18618.181408,23708.770850,1729,0,0.00,22.6750,1.0000
10697677.0,5090.734618,18619.114742,23709.849360,1730,0,0.00,22.7000,1.0000
10697699.0,5090.757432,18619.261408,23710.018840,1731,0,0.00,22.7125,1.0000
10699813.0,5092.949606,18633.354742,23726.304348,1732,0,0.00,22.7375,1.0000
10701015.0,5094.196055,18641.368075,23735.564130,1733,0,0.00,22.7422,1.0000
10701611.0,5094.814094,18645.341408,23740.155503,1734,0,0.00,22.7484,1.0000
10701674.0,5094.879424,18645.761408,23740.640832,1735,0,0.00,22.7719,1.0000
10701674.0,5094.879424,18645.761408,23740.640832,1736,0,0.00,22.7953,1.0000
10701870.0,5095.082672,18647.068075,23742.150747,1737,0,0.00,22.8000,1.0000
10702087.0,5095.307697,18648.514742,23743.822438,1738,0,0.00,22.8172,1.0000
10702237.0,5095.463243,18649.514742,23744.977985,1739,0,0.00,22.8359,1.0000
10702950.0,5096.202610,18654.268075,23750.470685,1740,0,0.00,22.8594,1.0000
10703308.0,5096.573848,18656.654742,23753.228590,1741,0,0.00,22.8828,1.0000
10703545.0,5096.819612,18658.234742,23755.054354,1742,0,0.00,22.9328,1.0000
10703619.0,5096.896349,18658.728075,23755.624424,1743,0,0.00,22.9516,1.0000
10703820.0,5097.104781,18660.068075,23757.172856,1744,0,0.00,22.9688,1.0000
10703900.0,5097.187740,18660.601408,23757.789148,1745,0,0.00,22.9875,1.0000
10704081.0,5097.375433,18661.808075,23759.183508,1746,0,0.00,23.0063,1.0000
10704127.0,5097.423134,18662.114742,23759.537876,1747,0,0.00,23.0563,1.0000
10704128.0,5097.424171,18662.121408,23759.545579,1748,0,0.00,23.1063,1.0000
10704162.0,5097.459428,18662.348075,23759.807503,1749,0,0.00,23.1250,1.0000
10704395.0,5097.701044,18663.901408,23761.602453,1750,0,0.00,23.1422,1.0000
10704404.0,5097.710377,18663.961408,23761.671786,1751,0,0.00,23.1594,1.0000
10704703.0,5098.020434,18665.954742,23763.975176,1752,0,0.00,23.2094,1.0000
10704811.0,5098.132428,18666.674742,23764.807169,1753,0,0.00,23.2141,1.0000
10704947.0,5098.273457,18667.581408,23765.854865,1754,0,0.00,23.2188,1.0000
10705037.0,5098.366785,18668.181408,23766.548193,1755,0,0.00,23.2234,1.0000
10705216.0,5098.552404,18669.374742,23767.927146,1756,0,0.00,23.2406,1.0000
10705282.0,5098.620845,18669.814742,23768.435587,1757,0,0.00,23.2578,1.0000
10705342.0,5098.683064,18670.214742,23768.897805,1758,0,0.00,23.2625,1.0000
10705525.0,5098.872831,18671.434742,23770.307573,1759,0,0.00,23.2906,1.0000
10705525.0,5098.872831,18671.434742,23770.307573,1760,0,0.00,23.3188,1.0000
10706343.0,5099.721080,18676.888075,23776.609155,1761,0,0.00,23.3250,1.0000
10706467.0,5099.849665,18677.714742,23777.564407,1762,0,0.00,23.3313,1.0000
10707394.0,5100.810945,18683.894742,23784.705687,1763,0,0.00,23.3547,1.0000
10708156.0,5101.601123,18688.974742,23790.575865,1764,0,0.00,23.3672,1.0000
10708284.0,5101.733856,18689.828075,23791.561931,1765,0,0.00,23.3719,1.0000
10708418.0,5101.872812,18690.721408,23792.594220,1766,0,0.00,23.3906,1.0000
10708551.0,5102.010730,18691.608075,23793.618805,1767,0,0.00,23.4078,1.0000
10708596.0,5102.057394,18691.908075,23793.965469,1768,0,0.00,23.4266,1.0000
10708879.0,5102.350859,18693.794742,23796.145601,1769,0,0.00,23.4313,1.0000
10710068.0,5103.583827,18701.721408,23805.305236,1770,0,0.00,23.4484,1.0000
10710115.0,5103.632565,18702.034742,23805.667307,1771,0,0.00,23.4656,1.0000
10710154.0,5103.673007,18702.294742,23805.967749,1772,0,0.00,23.4781,1.0000
10710174.0,5103.693747,18702.428075,23806.121822,1773,0,0.00,23.4828,1.0000
10710260.0,5103.782927,18703.001408,23806.784336,1774,0,0.00,23.4875,1.0000
10710382.0,5103.909439,18703.814742,23807.724180,1775,0,0.00,23.4922,1.0000
10711110.0,5104.664360,18708.668075,23813.332435,1776,0,0.00,23.4969,1.0000
10711209.0,5104.767020,18709.328075,23814.095095,1777,0,0.00,23.5031,1.0000
10711222.0,5104.780501,18709.414742,23814.195243,1778,0,0.00,23.5094,1.0000
10711224.0,5104.782575,18709.428075,23814.210650,1779,0,0.00,23.5156,1.0000
10711265.0,5104.825091,18709.701408,23814.526500,1780,0,0.00,23.5281,1.0000
10711456.0,5105.023154,18710.974742,23815.997896,1781,0,0.00,23.5453,1.0000
10711517.0,5105.086410,18711.381408,23816.467818,1782,0,0.00,23.5625,1.0000
10711520.0,5105.089521,18711.401408,23816.490929,1783,0,0.00,23.5797,1.0000
10711540.0,5105.110261,18711.534742,23816.645002,1784,0,0.00,23.5922,1.0000
10711742.0,5105.319730,18712.881408,23818.201139,1785,0,0.00,23.6203,1.0000
10711854.0,5105.435872,18713.628075,23819.063947,1786,0,0.00,23.6375,1.0000
10712000.0,5105.587271,18714.601408,23820.188679,1787,0,0.00,23.6656,1.0000
10712044.0,5105.632898,18714.894742,23820.527640,1788,0,0.00,23.6828,1.0000
10712251.0,5105.847553,18716.274742,23822.122294,1789,0,0.00,23.6891,1.0000
10712254.0,5105.850664,18716.294742,23822.145405,1790,0,0.00,23.6938,1.0000
10712494.0,5106.099539,18717.894742,23823.994280,1791,0,0.00,23.6984,1.0000
10712579.0,5106.187682,18718.461408,23824.649090,1792,0,0.00,23.7156,1.0000
10712677.0,5106.289306,18719.114742,23825.404048,1793,0,0.00,23.7219,1.0000
10713332.0,5106.968527,18723.481408,23830.449936,1794,0,0.00,23.7391,1.0000
10713333.0,5106.969564,18723.488075,23830.457639,1795,0,0.00,23.7563,1.0000
10713339.0,5106.975786,18723.528075,23830.503861,1796,0,0.00,23.7813,1.0000
10713399.0,5107.038005,18723.928075,23830.966080,1797,0,0.00,23.7875,1.0000
10714998.0,5108.696135,18734.588075,23843.284210,1798,0,0.00,23.8047,1.0000
10715344.0,5109.054929,18736.894742,23845.949671,1799,0,0.00,23.8109,1.0000
10715679.0,5109.402317,18739.128075,23848.530392,1800,0,0.00,23.8359,1.0000
10716310.0,5110.056651,18743.334742,23853.391393,1801,0,0.00,23.8531,1.0000
10716405.0,5110.155164,18743.968075,23854.123239,1802,0,0.00,23.8703,1.0000
10716963.0,5110.733799,18747.688075,23858.421874,1803,0,0.00,23.8891,1.0000
10717093.0,5110.868606,18748.554742,23859.423348,1804,0,0.00,23.9063,1.0000
10717116.0,5110.892456,18748.708075,23859.600531,1805,0,0.00,23.9250,1.0000
10717116.0,5110.892456,18748.708075,23859.600531,1806,0,0.00,23.9438,1.0000
10717191.0,5110.970230,18749.208075,23860.178305,1807,0,0.00,23.9625,1.0000
10717233.0,5111.013783,18749.488075,23860.501858,1808,0,0.00,23.9813,1.0000
10717273.0,5111.055262,18749.754742,23860.810004,1809,0,0.00,24.0094,1.0000
10717382.0,5111.168293,18750.481408,23861.649701,1810,0,0.00,24.0281,1.0000
10717431.0,5111.219105,18750.808075,23862.027180,1811,0,0.00,24.0328,1.0000
10717569.0,5111.362208,18751.728075,23863.090283,1812,0,0.00,24.0453,1.0000
10717746.0,5111.545753,18752.908075,23864.453828,1813,0,0.00,24.0578,1.0000
10717860.0,5111.663969,18753.668075,23865.332044,1814,0,0.00,24.0641,1.0000
10717919.0,5111.725151,18754.061408,23865.786559,1815,0,0.00,24.0828,1.0000
10717964.0,5111.771815,18754.361408,23866.133223,1816,0,0.00,24.1078,1.0000
10718017.0,5111.826775,18754.714742,23866.541516,1817,0,0.00,24.1328,1.0000
10718145.0,5111.959508,18755.568075,23867.527583,1818,0,0.00,24.1469,1.0000
10718152.0,5111.966767,18755.614742,23867.581509,1819,0,0.00,24.1609,1.0000
10718200.0,5112.016542,18755.934742,23867.951284,1820,0,0.00,24.1750,1.0000
10718594.0,5112.425112,18758.561408,23870.986520,1821,0,0.00,24.1813,1.0000
10718885.0,5112.726873,18760.501408,23873.228281,1822,0,0.00,24.2047,1.0000
10719282.0,5113.138553,18763.148075,23876.286628,1823,0,0.00,24.2297,1.0000
10719658.0,5113.528457,18765.654742,23879.183199,1824,0,0.00,24.2359,1.0000
10719693.0,5113.564752,18765.888075,23879.452827,1825,0,0.00,24.2484,1.0000
10720534.0,5114.436851,18771.494742,23885.931593,1826,0,0.00,24.2656,1.0000
10720951.0,5114.869272,18774.274742,23889.144013,1827,0,0.00,24.2719,1.0000
10721537.0,5115.476941,18778.181408,23893.658350,1828,0,0.00,24.2781,1.0000
10722360.0,5116.330375,18783.668075,23899.998450,1829,0,0.00,24.3016,1.0000
10722753.0,5116.737908,18786.288075,23903.025983,1830,0,0.00,24.3078,1.0000
10722758.0,5116.743093,18786.321408,23903.064501,1831,0,0.00,24.3266,1.0000
10723624.0,5117.641117,18792.094742,23909.735859,1832,0,0.00,24.3453,1.0000
10723647.0,5117.664967,18792.248075,23909.913042,1833,0,0.00,24.3641,1.0000
10723647.0,5117.664967,18792.248075,23909.913042,1834,0,0.00,24.3828,1.0000
10723648.0,5117.666004,18792.254742,23909.920746,1835,0,0.00,24.4016,1.0000
10723650.0,5117.668078,18792.268075,23909.936153,1836,0,0.00,24.4203,1.0000
10723894.0,5117.921101,18793.894742,23911.815843,1837,0,0.00,24.4391,1.0000
10724620.0,5118.673948,18798.734742,23917.408690,1838,0,0.00,24.4516,1.0000
10724733.0,5118.791127,18799.488075,23918.279202,1839,0,0.00,24.4703,1.0000
10725317.0,5119.396723,18803.381408,23922.778131,1840,0,0.00,24.4766,1.0000
10725785.0,5119.882029,18806.501408,23926.383437,1841,0,0.00,24.5000,1.0000
10725805.0,5119.902768,18806.634742,23926.537510,1842,0,0.00,24.5063,1.0000
10725805.0,5119.902768,18806.634742,23926.537510,1843,0,0.00,24.5125,1.0000
10725873.0,5119.973283,18807.088075,23927.061358,1844,0,0.00,24.5359,1.0000
10726767.0,5120.900342,18813.048075,23933.948417,1845,0,0.00,24.5406,1.0000
10727104.0,5121.249804,18815.294742,23936.544546,1846,0,0.00,24.5453,1.0000
10727253.0,5121.404314,18816.288075,23937.692389,1847,0,0.00,24.5547,1.0000
10727401.0,5121.557787,18817.274742,23938.832529,1848,0,0.00,24.5719,1.0000
10727819.0,5121.991244,18820.061408,23942.052653,1849,0,0.00,24.5766,1.0000
10727897.0,5122.072129,18820.581408,23942.653537,1850,0,0.00,24.6266,1.0000
10728140.0,5122.324115,18822.201408,23944.525523,1851,0,0.00,24.6313,1.0000
10728374.0,5122.566768,18823.761408,23946.328176,1852,0,0.00,24.6484,1.0000
10728607.0,5122.808384,18825.314742,23948.123126,1853,0,0.00,24.6656,1.0000
10728617.0,5122.818754,18825.381408,23948.200162,1854,0,0.00,24.6938,1.0000
10728855.0,5123.065555,18826.968075,23950.033630,1855,0,0.00,24.7188,1.0000
10729535.0,5123.770701,18831.501408,23955.272109,1856,0,0.00,24.7375,1.0000
10729655.0,5123.895138,18832.301408,23956.196547,1857,0,0.00,24.7547,1.0000
10729842.0,5124.089053,18833.548075,23957.637128,1858,0,0.00,24.7609,1.0000
10730003.0,5124.256007,18834.621408,23958.877415,1859,0,0.00,24.7672,1.0000
10730848.0,5125.132254,18840.254742,23965.386996,1860,0,0.00,24.7859,1.0000
10731531.0,5125.840511,18844.808075,23970.648586,1861,0,0.00,24.7984,1.0000
10731648.0,5125.961838,18845.588075,23971.549913,1862,0,0.00,24.8156,1.0000
10731652.0,5125.965986,18845.614742,23971.580727,1863,0,0.00,24.8328,1.0000
10732382.0,5126.722980,18850.481408,23977.204389,1864,0,0.00,24.8375,1.0000
10732385.0,5126.726091,18850.501408,23977.227500,1865,0,0.00,24.8438,1.0000
10732386.0,5126.727128,18850.508075,23977.235203,1866,0,0.00,24.8688,1.0000
10732440.0,5126.783125,18850.868075,23977.651200,1867,0,0.00,24.8813,1.0000
10732936.0,5127.297467,18854.174742,23981.472209,1868,0,0.00,24.9063,1.0000
10732939.0,5127.300578,18854.194742,23981.495319,1869,0,0.00,24.9234,1.0000
10732982.0,5127.345168,18854.481408,23981.826576,1870,0,0.00,24.9516,1.0000
10733057.0,5127.422941,18854.981408,23982.404350,1871,0,0.00,24.9609,1.0000
10733472.0,5127.853288,18857.748075,23985.601363,1872,0,0.00,24.9844,1.0000
10733527.0,5127.910322,18858.114742,23986.025063,1873,0,0.00,25.0078,1.0000
10733576.0,5127.961134,18858.441408,23986.402542,1874,0,0.00,25.0125,1.0000
10735278.0,5129.726072,18869.788075,23999.514147,1875,0,0.00,25.0172,1.0000
10735391.0,5129.843251,18870.541408,24000.384659,1876,0,0.00,25.0234,1.0000
10735448.0,5129.902359,18870.921408,24000.823767,1877,0,0.00,25.0297,1.0000
10736347.0,5130.834603,18876.914742,24007.749344,1878,0,0.00,25.0359,1.0000
10736760.0,5131.262875,18879.668075,24010.930950,1879,0,0.00,25.0406,1.0000
10737192.0,5131.710850,18882.548075,24014.258925,1880,0,0.00,25.0469,1.0000
10737323.0,5131.846694,18883.421408,24015.268103,1881,0,0.00,25.0641,1.0000
10737567.0,5132.099717,18885.048075,24017.147792,1882,0,0.00,25.0766,1.0000
10737990.0,5132.538360,18887.868075,24020.406435,1883,0,0.00,25.0891,1.0000
10738073.0,5132.624429,18888.421408,24021.045837,1884,0,0.00,25.0953,1.0000
10738644.0,5133.216544,18892.228075,24025.444619,1885,0,0.00,25.1188,1.0000
10740286.0,5134.919264,18903.174742,24038.094005,1886,0,0.00,25.1313,1.0000
10740992.0,5135.651371,18907.881408,24043.532779,1887,0,0.00,25.1438,1.0000
10741000.0,5135.659667,18907.934742,24043.594409,1888,0,0.00,25.1563,1.0000
10741957.0,5136.652056,18914.314742,24050.966798,1889,0,0.00,25.1688,1.0000
10742647.0,5137.367572,18918.914742,24056.282313,1890,0,0.00,25.2688,1.0000
10743014.0,5137.748143,18921.361408,24059.109551,1891,0,0.00,25.2734,1.0000
10744103.0,5138.877413,18928.621408,24067.498822,1892,0,0.00,25.2859,1.0000
10744560.0,5139.351313,18931.668075,24071.019388,1893,0,0.00,25.3031,1.0000
10745373.0,5140.194377,18937.088075,24077.282452,1894,0,0.00,25.3219,1.0000
10746285.0,5141.140102,18943.168075,24084.308177,1895,0,0.00,25.3281,1.0000
10746959.0,5141.839026,18947.661408,24089.500434,1896,0,0.00,25.3406,1.0000
10747329.0,5142.222708,18950.128075,24092.350783,1897,0,0.00,25.3453,1.0000
10748277.0,5143.205764,18956.448075,24099.653839,1898,0,0.00,25.3547,1.0000
10748513.0,5143.450491,18958.021408,24101.471900,1899,0,0.00,25.3719,1.0000
10751096.0,5146.129009,18975.241408,24121.370417,1900,0,0.00,25.3891,1.0000
10751225.0,5146.262779,18976.101408,24122.364187,1901,0,0.00,25.4391,1.0000
10751225.0,5146.262779,18976.101408,24122.364187,1902,0,0.00,25.4891,1.0000
10751226.0,5146.263816,18976.108075,24122.371891,1903,0,0.00,25.5391,1.0000
10751226.0,5146.263816,18976.108075,24122.371891,1904,0,0.00,25.5891,1.0000
10752723.0,5147.816174,18986.088075,24133.904249,1905,0,0.00,25.6063,1.0000
10753718.0,5148.847968,18992.721408,24141.569376,1906,0,0.00,25.6125,1.0000
10753791.0,5148.923667,18993.208075,24142.131742,1907,0,0.00,25.6250,1.0000
10754077.0,5149.220243,18995.114742,24144.334985,1908,0,0.00,25.6438,1.0000
10754324.0,5149.476377,18996.761408,24146.237786,1909,0,0.00,25.6563,1.0000
10755248.0,5150.434546,19002.921408,24153.355954,1910,0,0.00,25.6734,1.0000
10756592.0,5151.828246,19011.881408,24163.709654,1911,0,0.00,25.6859,1.0000
10756895.0,5152.142451,19013.901408,24166.043859,1912,0,0.00,25.7031,1.0000
10758411.0,5153.714511,19024.008075,24177.722586,1913,0,0.00,25.7094,1.0000
10758951.0,5154.274480,19027.608075,24181.882555,1914,0,0.00,25.7156,1.0000
10760324.0,5155.698252,19036.761408,24192.459661,1915,0,0.00,25.7219,1.0000
10761382.0,5156.795376,19043.814742,24200.610118,1916,0,0.00,25.7266,1.0000
10762239.0,5157.684067,19049.528075,24207.212142,1917,0,0.00,25.8266,1.0000
10762275.0,5157.721399,19049.768075,24207.489474,1918,0,0.00,25.8438,1.0000
10763677.0,5159.175243,19059.114742,24218.289985,1919,0,0.00,25.8625,1.0000
10764452.0,5159.978902,19064.281408,24224.260311,1920,0,0.00,25.8719,1.0000
10764473.0,5160.000679,19064.421408,24224.422087,1921,0,0.00,25.8891,1.0000
10767397.0,5163.032806,19083.914742,24246.947548,1922,0,0.00,25.9141,1.0000
10768954.0,5164.647382,19094.294742,24258.942124,1923,0,0.00,25.9391,1.0000
10769663.0,5165.382601,19099.021408,24264.404009,1924,0,0.00,25.9516,1.0000
10769672.0,5165.391934,19099.081408,24264.473342,1925,0,0.00,25.9641,1.0000
10769676.0,5165.396081,19099.108075,24264.504156,1926,0,0.00,25.9766,1.0000
10769679.0,5165.399192,19099.128075,24264.527267,1927,0,0.00,25.9891,1.0000
10771104.0,5166.876888,19108.628075,24275.504963,1928,0,0.00,25.9938,1.0000
10771657.0,5167.450337,19112.314742,24279.765079,1929,0,0.00,26.0125,1.0000
10772752.0,5168.585829,19119.614742,24288.200571,1930,0,0.00,26.0188,1.0000
10772842.0,5168.679157,19120.214742,24288.893899,1931,0,0.00,26.0250,1.0000
10773004.0,5168.847148,19121.294742,24290.141890,1932,0,0.00,26.0297,1.0000
10773256.0,5169.108467,19122.974742,24292.083209,1933,0,0.00,26.0531,1.0000
10774041.0,5169.922495,19128.208075,24298.130570,1934,0,0.00,26.0594,1.0000
10774043.0,5169.924569,19128.221408,24298.145978,1935,0,0.00,26.0719,1.0000
10774081.0,5169.963975,19128.474742,24298.438716,1936,0,0.00,26.0891,1.0000
10774131.0,5170.015824,19128.808075,24298.823899,1937,0,0.00,26.1016,1.0000
10774134.0,5170.018935,19128.828075,24298.847010,1938,0,0.00,26.1141,1.0000
10774745.0,5170.652529,19132.901408,24303.553937,1939,0,0.00,26.1641,1.0000
10775432.0,5171.364934,19137.481408,24308.846342,1940,0,0.00,26.2141,1.0000
10775528.0,5171.464484,19138.121408,24309.585892,1941,0,0.00,26.2203,1.0000
10775596.0,5171.534998,19138.574742,24310.109740,1942,0,0.00,26.2328,1.0000
10775806.0,5171.752764,19139.974742,24311.727505,1943,0,0.00,26.2500,1.0000
10776158.0,5172.117780,19142.321408,24314.439189,1944,0,0.00,26.2688,1.0000
10776230.0,5172.192443,19142.801408,24314.993851,1945,0,0.00,26.3688,1.0000
10776531.0,5172.504574,19144.808075,24317.312649,1946,0,0.00,26.3875,1.0000
10776951.0,5172.940105,19147.608075,24320.548180,1947,0,0.00,26.4047,1.0000
10777147.0,5173.143353,19148.914742,24322.058094,1948,0,0.00,26.4234,1.0000
10777152.0,5173.148538,19148.948075,24322.096613,1949,0,0.00,26.4406,1.0000
10777323.0,5173.325861,19150.088075,24323.413936,1950,0,0.00,26.4516,1.0000
10777509.0,5173.518739,19151.328075,24324.846814,1951,0,0.00,26.4703,1.0000
10777556.0,5173.567477,19151.641408,24325.208886,1952,0,0.00,26.4891,1.0000
10777725.0,5173.742727,19152.768075,24326.510802,1953,0,0.00,26.5016,1.0000
10777825.0,5173.846425,19153.434742,24327.281166,1954,0,0.00,26.5203,1.0000
10777972.0,5173.998861,19154.414742,24328.413602,1955,0,0.00,26.5391,1.0000
10778134.0,5174.166851,19155.494742,24329.661593,1956,0,0.00,26.5484,1.0000
10778134.0,5174.166851,19155.494742,24329.661593,1957,0,0.00,26.5578,1.0000
10779047.0,5175.113613,19161.581408,24336.695022,1958,0,0.00,26.5750,1.0000
10779107.0,5175.175832,19161.981408,24337.157240,1959,0,0.00,26.5813,1.0000
10779198.0,5175.270197,19162.588075,24337.858272,1960,0,0.00,26.5875,1.0000
10779512.0,5175.595809,19164.681408,24340.277217,1961,0,0.00,26.5938,1.0000
10780285.0,5176.397393,19169.834742,24346.232135,1962,0,0.00,26.6000,1.0000
10780570.0,5176.692932,19171.734742,24348.427674,1963,0,0.00,26.6172,1.0000
10780942.0,5177.078689,19174.214742,24351.293430,1964,0,0.00,26.6234,1.0000
10781460.0,5177.615844,19177.668075,24355.283919,1965,0,0.00,26.6375,1.0000
10781899.0,5178.071078,19180.594742,24358.665819,1966,0,0.00,26.6563,1.0000
10782000.0,5178.175813,19181.268075,24359.443888,1967,0,0.00,26.6625,1.0000
10782128.0,5178.308546,19182.121408,24360.429954,1968,0,0.00,26.6688,1.0000
10782482.0,5178.675637,19184.481408,24363.157045,1969,0,0.00,26.6750,1.0000
10782603.0,5178.801111,19185.288075,24364.089186,1970,0,0.00,26.6813,1.0000
10782608.0,5178.806296,19185.321408,24364.127704,1971,0,0.00,26.6875,1.0000
10782720.0,5178.922438,19186.068075,24364.990513,1972,0,0.00,26.7000,1.0000
10782989.0,5179.201385,19187.861408,24367.062793,1973,0,0.00,26.7234,1.0000
10783359.0,5179.585067,19190.328075,24369.913142,1974,0,0.00,26.7484,1.0000
10783498.0,5179.729207,19191.254742,24370.983949,1975,0,0.00,26.7719,1.0000
10783858.0,5180.102520,19193.654742,24373.757262,1976,0,0.00,26.7906,1.0000
10783954.0,5180.202070,19194.294742,24374.496812,1977,0,0.00,26.8000,1.0000
10784738.0,5181.015062,19199.521408,24380.536470,1978,0,0.00,26.9375,1.0000
10785108.0,5181.398744,19201.988075,24383.386819,1979,0,0.00,26.9547,1.0000
10785731.0,5182.044782,19206.141408,24388.186190,1980,0,0.00,26.9719,1.0000
10786024.0,5182.348617,19208.094742,24390.443359,1981,0,0.00,26.9781,1.0000
10786726.0,5183.076576,19212.774742,24395.851318,1982,0,0.00,26.9953,1.0000
10786775.0,5183.127388,19213.101408,24396.228797,1983,0,0.00,27.0000,1.0000
10786929.0,5183.287083,19214.128075,24397.415158,1984,0,0.00,27.0063,1.0000
10786999.0,5183.359672,19214.594742,24397.954413,1985,0,0.00,27.0125,1.0000
10787140.0,5183.505886,19215.534742,24399.040627,1986,0,0.00,27.0141,1.0000
10787314.0,5183.686320,19216.694742,24400.381062,1987,0,0.00,27.0203,1.0000
10787488.0,5183.866754,19217.854742,24401.721496,1988,0,0.00,27.0266,1.0000
10787560.0,5183.941417,19218.334742,24402.276159,1989,0,0.00,27.0328,1.0000
10787579.0,5183.961119,19218.461408,24402.422528,1990,0,0.00,27.0453,1.0000
10788145.0,5184.548050,19222.234742,24406.782791,1991,0,0.00,27.0516,1.0000
10789246.0,5185.689764,19229.574742,24415.264505,1992,0,0.00,27.0703,1.0000
10789248.0,5185.691838,19229.588075,24415.279913,1993,0,0.00,27.0891,1.0000
10789250.0,5185.693912,19229.601408,24415.295320,1994,0,0.00,27.1078,1.0000
10789332.0,5185.778944,19230.148075,24415.927019,1995,0,0.00,27.1266,1.0000
10789370.0,5185.818349,19230.401408,24416.219757,1996,0,0.00,27.1453,1.0000
10789747.0,5186.209290,19232.914742,24419.124032,1997,0,0.00,27.1734,1.0000
10790226.0,5186.706003,19236.108075,24422.814078,1998,0,0.00,27.1797,1.0000
10790555.0,5187.047169,19238.301408,24425.348578,1999,0,0.00,27.1984,1.0000
10790562.0,5187.054428,19238.348075,24425.402503,2000,0,0.00,27.2109,1.0000
10792031.0,5188.577751,19248.141408,24436.719159,2001,0,0.00,27.2172,1.0000
10792329.0,5188.886770,19250.128075,24439.014845,2002,0,0.00,27.2453,1.0000
10792690.0,5189.261120,19252.534742,24441.795862,2003,0,0.00,27.2641,1.0000
10792798.0,5189.373114,19253.254742,24442.627855,2004,0,0.00,27.2688,1.0000
10792875.0,5189.452961,19253.768075,24443.221036,2005,0,0.00,27.2875,1.0000
10792988.0,5189.570140,19254.521408,24444.091548,2006,0,0.00,27.3125,1.0000
10793544.0,5190.146700,19258.228075,24448.374775,2007,0,0.00,27.3172,1.0000
10793680.0,5190.287729,19259.134742,24449.422471,2008,0,0.00,27.3359,1.0000
10793686.0,5190.293951,19259.174742,24449.468693,2009,0,0.00,27.3859,1.0000
10793722.0,5190.331282,19259.414742,24449.746024,2010,0,0.00,27.3906,1.0000
10793732.0,5190.341652,19259.481408,24449.823061,2011,0,0.00,27.3953,1.0000
10793828.0,5190.441202,19260.121408,24450.562611,2012,0,0.00,27.4094,1.0000
10793901.0,5190.516902,19260.608075,24451.124977,2013,0,0.00,27.4281,1.0000
10794273.0,5190.902658,19263.088075,24453.990733,2014,0,0.00,27.4375,1.0000
10794461.0,5191.097610,19264.341408,24455.439018,2015,0,0.00,27.4563,1.0000
10795840.0,5192.527604,19273.534742,24466.062346,2016,0,0.00,27.4625,1.0000
10796146.0,5192.844920,19275.574742,24468.419662,2017,0,0.00,27.4688,1.0000
10796819.0,5193.542807,19280.061408,24473.604215,2018,0,0.00,27.4875,1.0000
10796958.0,5193.686947,19280.988075,24474.675022,2019,0,0.00,27.4938,1.0000
10797519.0,5194.268692,19284.728075,24478.996767,2020,0,0.00,27.5063,1.0000
10797794.0,5194.553862,19286.561408,24481.115270,2021,0,0.00,27.5188,1.0000
10797856.0,5194.618154,19286.974742,24481.592896,2022,0,0.00,27.5688,1.0000
10797856.0,5194.618154,19286.974742,24481.592896,2023,0,0.00,27.6188,1.0000
10797856.0,5194.618154,19286.974742,24481.592896,2024,0,0.00,27.6688,1.0000
10797857.0,5194.619191,19286.981408,24481.600600,2025,0,0.00,27.7188,1.0000
10798052.0,5194.821402,19288.281408,24483.102811,2026,0,0.00,27.7375,1.0000
10798845.0,5195.643727,19293.568075,24489.211802,2027,0,0.00,27.7438,1.0000
10799395.0,5196.214065,19297.234742,24493.448807,2028,0,0.00,27.7719,1.0000
10799683.0,5196.512715,19299.154742,24495.667457,2029,0,0.00,27.7781,1.0000
10799694.0,5196.524122,19299.228075,24495.752197,2030,0,0.00,27.7953,1.0000
10799829.0,5196.664114,19300.128075,24496.792189,2031,0,0.00,27.8000,1.0000
10799883.0,5196.720111,19300.488075,24497.208186,2032,0,0.00,27.8016,1.0000
10800154.0,5197.001132,19302.294742,24499.295874,2033,0,0.00,27.8141,1.0000
10800812.0,5197.683465,19306.681408,24504.364873,2034,0,0.00,27.8203,1.0000
10801277.0,5198.165660,19309.781408,24507.947068,2035,0,0.00,27.8266,1.0000
10801335.0,5198.225805,19310.168075,24508.393880,2036,0,0.00,27.8453,1.0000
10801404.0,5198.297356,19310.628075,24508.925431,2037,0,0.00,27.8625,1.0000
10801449.0,5198.344020,19310.928075,24509.272095,2038,0,0.00,27.8813,1.0000
10801780.0,5198.687261,19313.134742,24511.822002,2039,0,0.00,27.9000,1.0000
10801862.0,5198.772293,19313.681408,24512.453701,2040,0,0.00,27.9172,1.0000
10802404.0,5199.334336,19317.294742,24516.629077,2041,0,0.00,27.9406,1.0000
10802458.0,5199.390332,19317.654742,24517.045074,2042,0,0.00,27.9641,1.0000
10803002.0,5199.954449,19321.281408,24521.235857,2043,0,0.00,27.9813,1.0000
10803121.0,5200.077850,19322.074742,24522.152591,2044,0,0.00,28.0047,1.0000
10803482.0,5200.452199,19324.481408,24524.933607,2045,0,0.00,28.0281,1.0000
10804093.0,5201.085793,19328.554742,24529.640535,2046,0,0.00,28.0469,1.0000
10804113.0,5201.106533,19328.688075,24529.794608,2047,0,0.00,28.0531,1.0000
10804189.0,5201.185343,19329.194742,24530.380085,2048,0,0.00,28.0719,1.0000
10804255.0,5201.253784,19329.634742,24530.888526,2049,0,0.00,28.0906,1.0000
10804257.0,5201.255858,19329.648075,24530.903933,2050,0,0.00,28.1094,1.0000
10804259.0,5201.257932,19329.661408,24530.919340,2051,0,0.00,28.1594,1.0000
10804263.0,5201.262080,19329.688075,24530.950155,2052,0,0.00,28.1641,1.0000
10804591.0,5201.602209,19331.874742,24533.476951,2053,0,0.00,28.1828,1.0000
10805049.0,5202.077145,19334.928075,24537.005220,2054,0,0.00,28.1875,1.0000
10805052.0,5202.080256,19334.948075,24537.028331,2055,0,0.00,28.1938,1.0000
10805077.0,5202.106181,19335.114742,24537.220923,2056,0,0.00,28.2063,1.0000
10805309.0,5202.346760,19336.661408,24539.008168,2057,0,0.00,28.2344,1.0000
10805350.0,5202.389276,19336.934742,24539.324018,2058,0,0.00,28.2531,1.0000
10805404.0,5202.445273,19337.294742,24539.740015,2059,0,0.00,28.2719,1.0000
10806552.0,5203.635725,19344.948075,24548.583800,2060,0,0.00,28.2781,1.0000
10806834.0,5203.928153,19346.828075,24550.756228,2061,0,0.00,28.3016,1.0000
10806836.0,5203.930227,19346.841408,24550.771636,2062,0,0.00,28.3250,1.0000
10806836.0,5203.930227,19346.841408,24550.771636,2063,0,0.00,28.3484,1.0000
10806856.0,5203.950967,19346.974742,24550.925709,2064,0,0.00,28.3547,1.0000
10807151.0,5204.256876,19348.941408,24553.198284,2065,0,0.00,28.3594,1.0000
10807233.0,5204.341908,19349.488075,24553.829983,2066,0,0.00,28.3781,1.0000
10807358.0,5204.471530,19350.321408,24554.792939,2067,0,0.00,28.3969,1.0000
10807359.0,5204.472567,19350.328075,24554.800642,2068,0,0.00,28.4156,1.0000
10807447.0,5204.563822,19350.914742,24555.478563,2069,0,0.00,28.4391,1.0000
10807496.0,5204.614634,19351.241408,24555.856042,2070,0,0.00,28.4625,1.0000
10807499.0,5204.617744,19351.261408,24555.879153,2071,0,0.00,28.4859,1.0000
10807524.0,5204.643669,19351.428075,24556.071744,2072,0,0.00,28.4906,1.0000
10807808.0,5204.938171,19353.321408,24558.259579,2073,0,0.00,28.5906,1.0000
10808475.0,5205.629836,19357.768075,24563.397911,2074,0,0.00,28.5953,1.0000
10809040.0,5206.215729,19361.534742,24567.750471,2075,0,0.00,28.6141,1.0000
10809050.0,5206.226099,19361.601408,24567.827507,2076,0,0.00,28.6328,1.0000
10809054.0,5206.230247,19361.628075,24567.858322,2077,0,0.00,28.6516,1.0000
10810861.0,5208.104068,19373.674742,24581.778810,2078,0,0.00,28.6578,1.0000
10811262.0,5208.519897,19376.348075,24584.867972,2079,0,0.00,28.6703,1.0000
10812574.0,5209.880414,19385.094742,24594.975155,2080,0,0.00,28.6766,1.0000
10812635.0,5209.943669,19385.501408,24595.445078,2081,0,0.00,28.6828,1.0000
10812956.0,5210.276540,19387.641408,24597.917948,2082,0,0.00,28.7063,1.0000
10813535.0,5210.876951,19391.501408,24602.378359,2083,0,0.00,28.7250,1.0000
10813787.0,5211.138269,19393.181408,24604.319678,2084,0,0.00,28.7422,1.0000
10814729.0,5212.115104,19399.461408,24611.576512,2085,0,0.00,28.7922,1.0000
10816788.0,5214.250244,19413.188075,24627.438319,2086,0,0.00,28.8047,1.0000
10816842.0,5214.306241,19413.548075,24627.854316,2087,0,0.00,28.9047,1.0000
10817016.0,5214.486675,19414.708075,24629.194750,2088,0,0.00,28.9109,1.0000
10817078.0,5214.550968,19415.121408,24629.672376,2089,0,0.00,28.9281,1.0000
10817103.0,5214.576892,19415.288075,24629.864967,2090,0,0.00,28.9344,1.0000
10817361.0,5214.844433,19417.008075,24631.852508,2091,0,0.00,28.9406,1.0000
10817365.0,5214.848581,19417.034742,24631.883323,2092,0,0.00,28.9578,1.0000
10817877.0,5215.379514,19420.448075,24635.827589,2093,0,0.00,28.9703,1.0000
10818091.0,5215.601428,19421.874742,24637.476169,2094,0,0.00,28.9875,1.0000
10819538.0,5217.101937,19431.521408,24648.623345,2095,0,0.00,28.9938,1.0000
10820259.0,5217.849599,19436.328075,24654.177674,2096,0,0.00,28.9984,1.0000
10820437.0,5218.034181,19437.514742,24655.548923,2097,0,0.00,29.0031,1.0000
10821001.0,5218.619037,19441.274742,24659.893779,2098,0,0.00,29.0203,1.0000
10821001.0,5218.619037,19441.274742,24659.893779,2099,0,0.00,29.0375,1.0000
10821883.0,5219.533653,19447.154742,24666.688394,2100,0,0.00,29.0875,1.0000
10821883.0,5219.533653,19447.154742,24666.688394,2101,0,0.00,29.1375,1.0000
10822221.0,5219.884152,19449.408075,24669.292227,2102,0,0.00,29.1422,1.0000
10822334.0,5220.001330,19450.161408,24670.162739,2103,0,0.00,29.1469,1.0000
10823176.0,5220.874467,19455.774742,24676.649209,2104,0,0.00,29.1969,1.0000
10823176.0,5220.874467,19455.774742,24676.649209,2105,0,0.00,29.2469,1.0000
10825077.0,5222.845764,19468.448075,24691.293839,2106,0,0.00,29.2516,1.0000
10826296.0,5224.109842,19476.574742,24700.684584,2107,0,0.00,29.2578,1.0000
10827109.0,5224.952906,19481.994742,24706.947648,2108,0,0.00,29.3578,1.0000
10829494.0,5227.426101,19497.894742,24725.320843,2109,0,0.00,29.3859,1.0000
10829496.0,5227.428175,19497.908075,24725.336250,2110,0,0.00,29.4141,1.0000
10831405.0,5229.407768,19510.634742,24740.042510,2111,0,0.00,29.4188,1.0000
10833550.0,5231.632089,19524.934742,24756.566830,2112,0,0.00,29.4234,1.0000
10836082.0,5234.257720,19541.814742,24776.072462,2113,0,0.00,29.4406,1.0000
10836319.0,5234.503484,19543.394742,24777.898226,2114,0,0.00,29.4453,1.0000
10838210.0,5236.464412,19556.001408,24792.465820,2115,0,0.00,29.4516,1.0000
10838504.0,5236.769284,19557.961408,24794.730692,2116,0,0.00,29.4578,1.0000
10838907.0,5237.187186,19560.648075,24797.835261,2117,0,0.00,29.4625,1.0000
10839460.0,5237.760636,19564.334742,24802.095377,2118,0,0.00,29.4719,1.0000
10840179.0,5238.506224,19569.128075,24807.634299,2119,0,0.00,29.4906,1.0000
10840512.0,5238.851538,19571.348075,24810.199613,2120,0,0.00,29.4953,1.0000
10840723.0,5239.070340,19572.754742,24811.825082,2121,0,0.00,29.5016,1.0000
10841132.0,5239.494465,19575.481408,24814.975873,2122,0,0.00,29.5078,1.0000
10841196.0,5239.560831,19575.908075,24815.468906,2123,0,0.00,29.5141,1.0000
10842049.0,5240.445375,19581.594742,24822.040116,2124,0,0.00,29.5328,1.0000
10844679.0,5243.172630,19599.128075,24842.300705,2125,0,0.00,29.5516,1.0000
10845134.0,5243.644455,19602.161408,24845.805864,2126,0,0.00,29.5563,1.0000
10845326.0,5243.843555,19603.441408,24847.284964,2127,0,0.00,29.5734,1.0000
10845353.0,5243.871554,19603.621408,24847.492962,2128,0,0.00,29.6234,1.0000
10845899.0,5244.437744,19607.261408,24851.699153,2129,0,0.00,29.6281,1.0000
10845973.0,5244.514481,19607.754742,24852.269223,2130,0,0.00,29.6328,1.0000
10846033.0,5244.576700,19608.154742,24852.731441,2131,0,0.00,29.6828,1.0000
10846473.0,5245.032970,19611.088075,24856.121045,2132,0,0.00,29.7016,1.0000
10846607.0,5245.171926,19611.981408,24857.153334,2133,0,0.00,29.7516,1.0000
10847060.0,5245.641677,19615.001408,24860.643086,2134,0,0.00,29.7563,1.0000
10851558.0,5250.306010,19644.988075,24895.294085,2135,0,0.00,29.8563,1.0000
10852028.0,5250.793390,19648.121408,24898.914798,2136,0,0.00,29.9563,1.0000
10852100.0,5250.868052,19648.601408,24899.469461,2137,0,0.00,29.9609,1.0000
10854558.0,5253.416947,19664.988075,24918.405022,2138,0,0.00,29.9656,1.0000
10855702.0,5254.603251,19672.614742,24927.217993,2139,0,0.00,29.9750,1.0000
10855802.0,5254.706949,19673.281408,24927.988357,2140,0,0.00,30.0000,1.0000
10856034.0,5254.947528,19674.828075,24929.775603,2141,0,0.00,30.0125,1.0000
10856436.0,5255.364394,19677.508075,24932.872469,2142,0,0.00,30.0297,1.0000
10856564.0,5255.497127,19678.361408,24933.858536,2143,0,0.00,30.0422,1.0000
10857547.0,5256.516478,19684.914742,24941.431219,2144,0,0.00,30.0484,1.0000
10859037.0,5258.061577,19694.848075,24952.909652,2145,0,0.00,30.0531,1.0000
10859127.0,5258.154905,19695.448075,24953.602980,2146,0,0.00,30.0594,1.0000
10859959.0,5259.017672,19700.994742,24960.012413,2147,0,0.00,30.0641,1.0000
10861473.0,5260.587658,19711.088075,24971.675733,2148,0,0.00,30.0828,1.0000
10861572.0,5260.690319,19711.748075,24972.438394,2149,0,0.00,30.1000,1.0000
10862700.0,5261.860031,19719.268075,24981.128106,2150,0,0.00,30.1172,1.0000
10863158.0,5262.334968,19722.321408,24984.656376,2151,0,0.00,30.1359,1.0000
10863334.0,5262.517476,19723.494742,24986.012218,2152,0,0.00,30.1406,1.0000
10863407.0,5262.593176,19723.981408,24986.574584,2153,0,0.00,30.1531,1.0000
10863601.0,5262.794350,19725.274742,24988.069091,2154,0,0.00,30.1578,1.0000
10863665.0,5262.860716,19725.701408,24988.562125,2155,0,0.00,30.2578,1.0000
10864155.0,5263.368836,19728.968075,24992.336911,2156,0,0.00,30.2750,1.0000
10865100.0,5264.348781,19735.268075,24999.616856,2157,0,0.00,30.2797,1.0000
10865134.0,5264.384039,19735.494742,24999.878780,2158,0,0.00,30.2984,1.0000
10865488.0,5264.751129,19737.854742,25002.605871,2159,0,0.00,30.3156,1.0000
10865602.0,5264.869345,19738.614742,25003.484087,2160,0,0.00,30.3328,1.0000
10865701.0,5264.972006,19739.274742,25004.246748,2161,0,0.00,30.3391,1.0000
10866234.0,5265.524716,19742.828075,25008.352791,2162,0,0.00,30.3516,1.0000
10866848.0,5266.161421,19746.921408,25013.082829,2163,0,0.00,30.3578,1.0000
10866881.0,5266.195641,19747.141408,25013.337050,2164,0,0.00,30.3750,1.0000
10866939.0,5266.255786,19747.528075,25013.783861,2165,0,0.00,30.3922,1.0000
10867195.0,5266.521253,19749.234742,25015.755994,2166,0,0.00,30.4094,1.0000
10867336.0,5266.667467,19750.174742,25016.842209,2167,0,0.00,30.4266,1.0000
10867709.0,5267.054260,19752.661408,25019.715668,2168,0,0.00,30.4313,1.0000
10867736.0,5267.082259,19752.841408,25019.923667,2169,0,0.00,30.4484,1.0000
10868104.0,5267.463867,19755.294742,25022.758609,2170,0,0.00,30.4656,1.0000
10868106.0,5267.465941,19755.308075,25022.774016,2171,0,0.00,30.4781,1.0000
10868260.0,5267.625636,19756.334742,25023.960377,2172,0,0.00,30.4969,1.0000
10868293.0,5267.659856,19756.554742,25024.214598,2173,0,0.00,30.5141,1.0000
10868882.0,5268.270637,19760.481408,25028.752045,2174,0,0.00,30.5313,1.0000
10869074.0,5268.469737,19761.761408,25030.231145,2175,0,0.00,30.5813,1.0000
10869398.0,5268.805718,19763.921408,25032.727126,2176,0,0.00,30.6000,1.0000
10869509.0,5268.920823,19764.661408,25033.582231,2177,0,0.00,30.6172,1.0000
10869964.0,5269.392648,19767.694742,25037.087390,2178,0,0.00,30.6672,1.0000
10870018.0,5269.448645,19768.054742,25037.503387,2179,0,0.00,30.6844,1.0000
10870103.0,5269.536788,19768.621408,25038.158197,2180,0,0.00,30.7016,1.0000
10870472.0,5269.919434,19771.081408,25041.000842,2181,0,0.00,30.7203,1.0000
10870567.0,5270.017947,19771.714742,25041.732688,2182,0,0.00,30.7375,1.0000
10870575.0,5270.026242,19771.768075,25041.794317,2183,0,0.00,30.7875,1.0000
10872069.0,5271.575489,19781.728075,25053.303564,2184,0,0.00,30.7922,1.0000
10873060.0,5272.603136,19788.334742,25060.937877,2185,0,0.00,30.7969,1.0000
10874255.0,5273.842326,19796.301408,25070.143734,2186,0,0.00,30.8031,1.0000
10876404.0,5276.070794,19810.628075,25086.698869,2187,0,0.00,30.8094,1.0000
10876605.0,5276.279227,19811.968075,25088.247302,2188,0,0.00,30.8266,1.0000
10876727.0,5276.405738,19812.781408,25089.187147,2189,0,0.00,30.8547,1.0000
10876727.0,5276.405738,19812.781408,25089.187147,2190,0,0.00,30.8828,1.0000
10877065.0,5276.756237,19815.034742,25091.790979,2191,0,0.00,30.9828,1.0000
10877867.0,5277.587894,19820.381408,25097.969303,2192,0,0.00,31.0000,1.0000
10878218.0,5277.951874,19822.721408,25100.673282,2193,0,0.00,31.0250,1.0000
10878281.0,5278.017204,19823.141408,25101.158612,2194,0,0.00,31.0313,1.0000
10878398.0,5278.138530,19823.921408,25102.059939,2195,0,0.00,31.0563,1.0000
10878412.0,5278.153048,19824.014742,25102.167790,2196,0,0.00,31.0734,1.0000
10878513.0,5278.257783,19824.688075,25102.945858,2197,0,0.00,31.0828,1.0000
10879607.0,5279.392238,19831.981408,25111.373647,2198,0,0.00,31.1828,1.0000
10879969.0,5279.767625,19834.394742,25114.162366,2199,0,0.00,31.2828,1.0000
10880395.0,5280.209378,19837.234742,25117.444119,2200,0,0.00,31.2844,1.0000
10880711.0,5280.537063,19839.341408,25119.878472,2201,0,0.00,31.3016,1.0000
10880720.0,5280.546396,19839.401408,25119.947804,2202,0,0.00,31.3188,1.0000
10881133.0,5280.974668,19842.154742,25123.129410,2203,0,0.00,31.3422,1.0000
10881468.0,5281.322056,19844.388075,25125.710131,2204,0,0.00,31.3469,1.0000
10881955.0,5281.827065,19847.634742,25129.461807,2205,0,0.00,31.3531,1.0000
10882270.0,5282.153714,19849.734742,25131.888455,2206,0,0.00,31.3656,1.0000
10883108.0,5283.022702,19855.321408,25138.344111,2207,0,0.00,31.3891,1.0000
10883153.0,5283.069366,19855.621408,25138.690775,2208,0,0.00,31.4125,1.0000
10883841.0,5283.782808,19860.208075,25143.990883,2209,0,0.00,31.4266,1.0000
10883842.0,5283.783845,19860.214742,25143.998587,2210,0,0.00,31.4453,1.0000
10884040.0,5283.989167,19861.534742,25145.523909,2211,0,0.00,31.4641,1.0000
10885653.0,5285.661814,19872.288075,25157.949889,2212,0,0.00,31.4734,1.0000
10886109.0,5286.134677,19875.328075,25161.462752,2213,0,0.00,31.4922,1.0000
10886314.0,5286.347257,19876.694742,25163.041999,2214,0,0.00,31.5156,1.0000
10886379.0,5286.414661,19877.128075,25163.542736,2215,0,0.00,31.5391,1.0000
10886381.0,5286.416735,19877.141408,25163.558143,2216,0,0.00,31.5625,1.0000
10886384.0,5286.419846,19877.161408,25163.581254,2217,0,0.00,31.5859,1.0000
10887923.0,5288.015757,19887.421408,25175.437165,2218,0,0.00,31.6094,1.0000
10887978.0,5288.072791,19887.788075,25175.860866,2219,0,0.00,31.6328,1.0000
10888814.0,5288.939705,19893.361408,25182.301114,2220,0,0.00,31.6500,1.0000
10888922.0,5289.051699,19894.081408,25183.133107,2221,0,0.00,31.6672,1.0000
10889170.0,5289.308870,19895.734742,25185.043612,2222,0,0.00,31.6844,1.0000
10889393.0,5289.540116,19897.221408,25186.761525,2223,0,0.00,31.7078,1.0000
10889462.0,5289.611668,19897.681408,25187.293076,2224,0,0.00,31.7141,1.0000
10889885.0,5290.050310,19900.501408,25190.551718,2225,0,0.00,31.7266,1.0000
10890108.0,5290.281556,19901.988075,25192.269631,2226,0,0.00,31.7438,1.0000
10890160.0,5290.335479,19902.334742,25192.670221,2227,0,0.00,31.7531,1.0000
10890613.0,5290.805231,19905.354742,25196.159973,2228,0,0.00,31.7703,1.0000
10891442.0,5291.664887,19910.881408,25202.546295,2229,0,0.00,31.7719,1.0000
10891859.0,5292.097307,19913.661408,25205.758715,2230,0,0.00,31.7891,1.0000
10892329.0,5292.584687,19916.794742,25209.379429,2231,0,0.00,31.8891,1.0000
10892398.0,5292.656239,19917.254742,25209.910980,2232,0,0.00,31.9063,1.0000
10893151.0,5293.437084,19922.274742,25215.711826,2233,0,0.00,31.9125,1.0000
10893263.0,5293.553226,19923.021408,25216.574634,2234,0,0.00,31.9297,1.0000
10893458.0,5293.755437,19924.321408,25218.076845,2235,0,0.00,31.9391,1.0000
10894153.0,5294.476137,19928.954742,25223.430879,2236,0,0.00,31.9891,1.0000
10894155.0,5294.478211,19928.968075,25223.446286,2237,0,0.00,32.0391,1.0000
10894436.0,5294.769602,19930.841408,25225.611011,2238,0,0.00,32.0563,1.0000
10896325.0,5296.728456,19943.434742,25240.163198,2239,0,0.00,32.0734,1.0000
10896562.0,5296.974220,19945.014742,25241.988962,2240,0,0.00,32.0922,1.0000
10896576.0,5296.988738,19945.108075,25242.096813,2241,0,0.00,32.1109,1.0000
10896664.0,5297.079992,19945.694742,25242.774734,2242,0,0.00,32.1297,1.0000
10896712.0,5297.129767,19946.014742,25243.144509,2243,0,0.00,32.1484,1.0000
10897663.0,5298.115934,19952.354742,25250.470676,2244,0,0.00,32.1656,1.0000
10897703.0,5298.157413,19952.621408,25250.778822,2245,0,0.00,32.1719,1.0000
10900116.0,5300.659644,19968.708075,25269.367719,2246,0,0.00,32.1891,1.0000
10900679.0,5301.243463,19972.461408,25273.704872,2247,0,0.00,32.1953,1.0000
10900995.0,5301.571149,19974.568075,25276.139224,2248,0,0.00,32.2234,1.0000
10901323.0,5301.911278,19976.754742,25278.666019,2249,0,0.00,32.2359,1.0000
10902080.0,5302.696271,19981.801408,25284.497679,2250,0,0.00,32.3359,1.0000
10902158.0,5302.777155,19982.321408,25285.098564,2251,0,0.00,32.3547,1.0000
10903509.0,5304.178114,19991.328075,25295.506189,2252,0,0.00,32.4047,1.0000
10903578.0,5304.249666,19991.788075,25296.037741,2253,0,0.00,32.4063,1.0000
10903819.0,5304.499578,19993.394742,25297.894319,2254,0,0.00,32.4234,1.0000
10904706.0,5305.419378,19999.308075,25304.727453,2255,0,0.00,32.4406,1.0000
10906376.0,5307.151134,20010.441408,25317.592542,2256,0,0.00,32.4578,1.0000
10907668.0,5308.490911,20019.054742,25327.545652,2257,0,0.00,32.4641,1.0000
10908355.0,5309.203315,20023.634742,25332.838057,2258,0,0.00,32.4813,1.0000
10908430.0,5309.281089,20024.134742,25333.415830,2259,0,0.00,32.4984,1.0000
10910025.0,5310.935070,20034.768075,25345.703145,2260,0,0.00,32.5219,1.0000
10910117.0,5311.030473,20035.381408,25346.411881,2261,0,0.00,32.5391,1.0000
10911416.0,5312.377509,20044.041408,25356.418917,2262,0,0.00,32.5563,1.0000
10912355.0,5313.351232,20050.301408,25363.652640,2263,0,0.00,32.5625,1.0000
10912401.0,5313.398933,20050.608075,25364.007008,2264,0,0.00,32.5797,1.0000
10913075.0,5314.097857,20055.101408,25369.199265,2265,0,0.00,32.5984,1.0000
10913269.0,5314.299031,20056.394742,25370.693773,2266,0,0.00,32.6047,1.0000
10913375.0,5314.408951,20057.101408,25371.510359,2267,0,0.00,32.6109,1.0000
10914142.0,5315.204314,20062.214742,25377.419055,2268,0,0.00,32.6281,1.0000
10914308.0,5315.376452,20063.321408,25378.697861,2269,0,0.00,32.6344,1.0000
10914403.0,5315.474965,20063.954742,25379.429707,2270,0,0.00,32.6516,1.0000
10914426.0,5315.498816,20064.108075,25379.606891,2271,0,0.00,32.6688,1.0000
10914450.0,5315.523703,20064.268075,25379.791778,2272,0,0.00,32.6859,1.0000
10914451.0,5315.524740,20064.274742,25379.799482,2273,0,0.00,32.7031,1.0000
10914453.0,5315.526814,20064.288075,25379.814889,2274,0,0.00,32.7203,1.0000
10914513.0,5315.589033,20064.688075,25380.277108,2275,0,0.00,32.7266,1.0000
10914526.0,5315.602514,20064.774742,25380.377255,2276,0,0.00,32.7281,1.0000
10914611.0,5315.690657,20065.341408,25381.032065,2277,0,0.00,32.7453,1.0000
10914905.0,5315.995529,20067.301408,25383.296937,2278,0,0.00,32.7516,1.0000
10915055.0,5316.151076,20068.301408,25384.452484,2279,0,0.00,32.7578,1.0000
10915122.0,5316.220553,20068.748075,25384.968628,2280,0,0.00,32.7703,1.0000
10916574.0,5317.726247,20078.428075,25396.154322,2281,0,0.00,32.8203,1.0000
10917730.0,5318.924995,20086.134742,25405.059737,2282,0,0.00,32.8703,1.0000
10917730.0,5318.924995,20086.134742,25405.059737,2283,0,0.00,32.9203,1.0000
10918348.0,5319.565848,20090.254742,25409.820590,2284,0,0.00,32.9438,1.0000
10918740.0,5319.972344,20092.868075,25412.840419,2285,0,0.00,32.9609,1.0000
10921964.0,5323.315565,20114.361408,25437.676973,2286,0,0.00,32.9734,1.0000
10922289.0,5323.652583,20116.528075,25440.180658,2287,0,0.00,32.9797,1.0000
10923202.0,5324.599345,20122.614742,25447.214087,2288,0,0.00,32.9891,1.0000
10923986.0,5325.412337,20127.841408,25453.253745,2289,0,0.00,32.9953,1.0000
10924437.0,5325.880014,20130.848075,25456.728089,2290,0,0.00,33.0016,1.0000
10924437.0,5325.880014,20130.848075,25456.728089,2291,0,0.00,33.0078,1.0000
10924562.0,5326.009637,20131.681408,25457.691045,2292,0,0.00,33.0313,1.0000
10924690.0,5326.142370,20132.534742,25458.677112,2293,0,0.00,33.0547,1.0000
10925673.0,5327.161720,20139.088075,25466.249795,2294,0,0.00,33.0641,1.0000
10928799.0,5330.403317,20159.928075,25490.331392,2295,0,0.00,33.0766,1.0000
10928848.0,5330.454129,20160.254742,25490.708871,2296,0,0.00,33.1000,1.0000
10929279.0,5330.901067,20163.128075,25494.029142,2297,0,0.00,33.1172,1.0000
10929454.0,5331.082539,20164.294742,25495.377280,2298,0,0.00,33.1359,1.0000
10931322.0,5333.019616,20176.748075,25509.767691,2299,0,0.00,33.1484,1.0000
10931569.0,5333.275750,20178.394742,25511.670491,2300,0,0.00,33.1656,1.0000
10934159.0,5335.961526,20195.661408,25531.622934,2301,0,0.00,33.1891,1.0000
10934210.0,5336.014412,20196.001408,25532.015820,2302,0,0.00,33.1953,1.0000
10935160.0,5336.999542,20202.334742,25539.334284,2303,0,0.00,33.2047,1.0000
10935342.0,5337.188272,20203.548075,25540.736347,2304,0,0.00,33.2281,1.0000
10936358.0,5338.241843,20210.321408,25548.563251,2305,0,0.00,33.2516,1.0000
10936906.0,5338.810107,20213.974742,25552.784849,2306,0,0.00,33.2688,1.0000
10939044.0,5341.027169,20228.228075,25569.255244,2307,0,0.00,33.2922,1.0000
10939089.0,5341.073833,20228.528075,25569.601908,2308,0,0.00,33.3094,1.0000
10939462.0,5341.460626,20231.014742,25572.475368,2309,0,0.00,33.3188,1.0000
10940694.0,5342.738185,20239.228075,25581.966260,2310,0,0.00,33.3422,1.0000
10941267.0,5343.332374,20243.048075,25586.380449,2311,0,0.00,33.3672,1.0000
10942439.0,5344.547713,20250.861408,25595.409122,2312,0,0.00,33.3797,1.0000
10942464.0,5344.573638,20251.028075,25595.601713,2313,0,0.00,33.3922,1.0000
10942465.0,5344.574675,20251.034742,25595.609416,2314,0,0.00,33.4047,1.0000
10943180.0,5345.316115,20255.801408,25601.117523,2315,0,0.00,33.4109,1.0000
10943317.0,5345.458181,20256.714742,25602.172923,2316,0,0.00,33.4172,1.0000
10943973.0,5346.138439,20261.088075,25607.226514,2317,0,0.00,33.4266,1.0000
10944662.0,5346.852918,20265.681408,25612.534326,2318,0,0.00,33.4500,1.0000
10944799.0,5346.994984,20266.594742,25613.589726,2319,0,0.00,33.4672,1.0000
10944920.0,5347.120459,20267.401408,25614.521867,2320,0,0.00,33.4734,1.0000
10945540.0,5347.763386,20271.534742,25619.298127,2321,0,0.00,33.4859,1.0000
10945550.0,5347.773755,20271.601408,25619.375164,2322,0,0.00,33.4922,1.0000
10946239.0,5348.488234,20276.194742,25624.682976,2323,0,0.00,33.4984,1.0000
10946423.0,5348.679038,20277.421408,25626.100447,2324,0,0.00,33.5219,1.0000
10947916.0,5350.227248,20287.374742,25637.601990,2325,0,0.00,33.5281,1.0000
10948395.0,5350.723961,20290.568075,25641.292036,2326,0,0.00,33.5453,1.0000
10948396.0,5350.724998,20290.574742,25641.299740,2327,0,0.00,33.5625,1.0000
10948996.0,5351.347186,20294.574742,25645.921927,2328,0,0.00,33.5688,1.0000
10949260.0,5351.620948,20296.334742,25647.955690,2329,0,0.00,33.5750,1.0000
10949384.0,5351.749534,20297.161408,25648.910942,2330,0,0.00,33.5813,1.0000
10949530.0,5351.900932,20298.134742,25650.035674,2331,0,0.00,33.6047,1.0000
10949730.0,5352.108328,20299.468075,25651.576403,2332,0,0.00,33.6109,1.0000
10949790.0,5352.170547,20299.868075,25652.038622,2333,0,0.00,33.6172,1.0000
10950572.0,5352.981465,20305.081408,25658.062873,2334,0,0.00,33.6266,1.0000
10950677.0,5353.090348,20305.781408,25658.871756,2335,0,0.00,33.6500,1.0000
10950697.0,5353.111087,20305.914742,25659.025829,2336,0,0.00,33.6563,1.0000
10950885.0,5353.306039,20307.168075,25660.474114,2337,0,0.00,33.6625,1.0000
10951083.0,5353.511361,20308.488075,25661.999436,2338,0,0.00,33.6641,1.0000
10951431.0,5353.872230,20310.808075,25664.680305,2339,0,0.00,33.6766,1.0000
10951482.0,5353.925116,20311.148075,25665.073191,2340,0,0.00,33.6938,1.0000
10951537.0,5353.982150,20311.514742,25665.496891,2341,0,0.00,33.7063,1.0000
10952090.0,5354.555599,20315.201408,25669.757007,2342,0,0.00,33.7250,1.0000
10952154.0,5354.621966,20315.628075,25670.250041,2343,0,0.00,33.7422,1.0000
10952219.0,5354.689369,20316.061408,25670.750778,2344,0,0.00,33.7484,1.0000
10952795.0,5355.286669,20319.901408,25675.188078,2345,0,0.00,33.7656,1.0000
10952854.0,5355.347851,20320.294742,25675.642593,2346,0,0.00,33.7844,1.0000
10953547.0,5356.066478,20324.914742,25680.981219,2347,0,0.00,33.7906,1.0000
10953723.0,5356.248986,20326.088075,25682.337061,2348,0,0.00,33.7969,1.0000
10954165.0,5356.707331,20329.034742,25685.742073,2349,0,0.00,33.8031,1.0000
10954475.0,5357.028794,20331.101408,25688.130203,2350,0,0.00,33.8219,1.0000
10955027.0,5357.601207,20334.781408,25692.382615,2351,0,0.00,33.8344,1.0000
10955797.0,5358.399681,20339.914742,25698.314423,2352,0,0.00,33.8406,1.0000
10955799.0,5358.401755,20339.928075,25698.329830,2353,0,0.00,33.8469,1.0000
10955991.0,5358.600855,20341.208075,25699.808930,2354,0,0.00,33.8594,1.0000
10956061.0,5358.673443,20341.674742,25700.348185,2355,0,0.00,33.8656,1.0000
10956115.0,5358.729440,20342.034742,25700.764182,2356,0,0.00,33.8719,1.0000
10956160.0,5358.776104,20342.334742,25701.110846,2357,0,0.00,33.8813,1.0000
10956515.0,5359.144232,20344.701408,25703.845640,2358,0,0.00,33.8875,1.0000
10957062.0,5359.711460,20348.348075,25708.059535,2359,0,0.00,33.8938,1.0000
10958253.0,5360.946502,20356.288075,25717.234577,2360,0,0.00,33.9031,1.0000
10958253.0,5360.946502,20356.288075,25717.234577,2361,0,0.00,33.9125,1.0000
10959807.0,5362.557967,20366.648075,25729.206042,2362,0,0.00,34.0125,1.0000
10960838.0,5363.627093,20373.521408,25737.148501,2363,0,0.00,34.0359,1.0000
10961058.0,5363.855228,20374.988075,25738.843303,2364,0,0.00,34.0484,1.0000
10961240.0,5364.043959,20376.201408,25740.245367,2365,0,0.00,34.0656,1.0000
10961297.0,5364.103066,20376.581408,25740.684475,2366,0,0.00,34.0828,1.0000
10961735.0,5364.557263,20379.501408,25744.058672,2367,0,0.00,34.1828,1.0000
10963022.0,5365.891855,20388.081408,25753.973264,2368,0,0.00,34.2063,1.0000
10963049.0,5365.919854,20388.261408,25754.181262,2369,0,0.00,34.2234,1.0000
10963193.0,5366.069179,20389.221408,25755.290587,2370,0,0.00,34.2469,1.0000
10963412.0,5366.296277,20390.681408,25756.977686,2371,0,0.00,34.2656,1.0000
10963416.0,5366.300425,20390.708075,25757.008500,2372,0,0.00,34.2844,1.0000
10963495.0,5366.382347,20391.234742,25757.617088,2373,0,0.00,34.3344,1.0000
10963811.0,5366.710032,20393.341408,25760.051440,2374,0,0.00,34.3531,1.0000
10963977.0,5366.882170,20394.448075,25761.330245,2375,0,0.00,34.3703,1.0000
10964069.0,5366.977573,20395.061408,25762.038981,2376,0,0.00,34.3766,1.0000
10964788.0,5367.723161,20399.854742,25767.577902,2377,0,0.00,34.3938,1.0000
10965221.0,5368.172173,20402.741408,25770.913581,2378,0,0.00,34.4438,1.0000
10965222.0,5368.173210,20402.748075,25770.921285,2379,0,0.00,34.4938,1.0000
10965222.0,5368.173210,20402.748075,25770.921285,2380,0,0.00,34.5438,1.0000
10965607.0,5368.572447,20405.314742,25773.887188,2381,0,0.00,34.5719,1.0000
10966202.0,5369.189449,20409.281408,25778.470857,2382,0,0.00,34.5906,1.0000
10966490.0,5369.488099,20411.201408,25780.689507,2383,0,0.00,34.5969,1.0000
10967395.0,5370.426565,20417.234742,25787.661307,2384,0,0.00,34.6094,1.0000
10967435.0,5370.468044,20417.501408,25787.969453,2385,0,0.00,34.6328,1.0000
10967881.0,5370.930537,20420.474742,25791.405279,2386,0,0.00,34.6563,1.0000
10967972.0,5371.024902,20421.081408,25792.106311,2387,0,0.00,34.6625,1.0000
10968201.0,5371.262370,20422.608075,25793.870445,2388,0,0.00,34.6688,1.0000
10969033.0,5372.125137,20428.154742,25800.279879,2389,0,0.00,34.6813,1.0000
10969481.0,5372.589704,20431.141408,25803.731112,2390,0,0.00,34.6938,1.0000
10970001.0,5373.128933,20434.608075,25807.737008,2391,0,0.00,34.7219,1.0000
10970041.0,5373.170412,20434.874742,25808.045154,2392,0,0.00,34.7391,1.0000
10970088.0,5373.219150,20435.188075,25808.407225,2393,0,0.00,34.7625,1.0000
10970193.0,5373.328033,20435.888075,25809.216108,2394,0,0.00,34.7797,1.0000
10970875.0,5374.035253,20440.434742,25814.469994,2395,0,0.00,34.7859,1.0000
10971505.0,5374.688550,20444.634742,25819.323291,2396,0,0.00,34.7922,1.0000
10971645.0,5374.833727,20445.568075,25820.401802,2397,0,0.00,34.8094,1.0000
10971827.0,5375.022457,20446.781408,25821.803865,2398,0,0.00,34.8281,1.0000
10973396.0,5376.649477,20457.241408,25833.890886,2399,0,0.00,34.8453,1.0000
10973649.0,5376.911833,20458.928075,25835.839908,2400,0,0.00,34.8516,1.0000
10974358.0,5377.647051,20463.654742,25841.301793,2401,0,0.00,34.8688,1.0000
10974443.0,5377.735194,20464.221408,25841.956603,2402,0,0.00,34.8875,1.0000
10975420.0,5378.748323,20470.734742,25849.483065,2403,0,0.00,34.8938,1.0000
10975921.0,5379.267850,20474.074742,25853.342591,2404,0,0.00,34.9125,1.0000
10975928.0,5379.275109,20474.121408,25853.396517,2405,0,0.00,34.9313,1.0000
10976300.0,5379.660865,20476.601408,25856.262273,2406,0,0.00,34.9328,1.0000
10976616.0,5379.988550,20478.708075,25858.696625,2407,0,0.00,34.9391,1.0000
10976617.0,5379.989587,20478.714742,25858.704329,2408,0,0.00,34.9563,1.0000
10976699.0,5380.074619,20479.261408,25859.336028,2409,0,0.00,34.9734,1.0000
10977275.0,5380.671919,20483.101408,25863.773328,2410,0,0.00,34.9828,1.0000
10977275.0,5380.671919,20483.101408,25863.773328,2411,0,0.00,34.9922,1.0000
10977615.0,5381.024492,20485.368075,25866.392567,2412,0,0.00,34.9984,1.0000
10977627.0,5381.036936,20485.448075,25866.485011,2413,0,0.00,35.0047,1.0000
10977969.0,5381.391583,20487.728075,25869.119658,2414,0,0.00,35.0109,1.0000
10978413.0,5381.852002,20490.688075,25872.540077,2415,0,0.00,35.0281,1.0000
10979122.0,5382.587220,20495.414742,25878.001962,2416,0,0.00,35.0453,1.0000
10979941.0,5383.436506,20500.874742,25884.311248,2417,0,0.00,35.0641,1.0000
10980122.0,5383.624199,20502.081408,25885.705607,2418,0,0.00,35.0828,1.0000
10980988.0,5384.522223,20507.854742,25892.376965,2419,0,0.00,35.0891,1.0000
10981182.0,5384.723397,20509.148075,25893.871472,2420,0,0.00,35.0953,1.0000
10981193.0,5384.734804,20509.221408,25893.956212,2421,0,0.00,35.1016,1.0000
10983359.0,5386.980901,20523.661408,25910.642309,2422,0,0.00,35.1250,1.0000
10983653.0,5387.285773,20525.621408,25912.907181,2423,0,0.00,35.1438,1.0000
10983660.0,5387.293031,20525.668075,25912.961106,2424,0,0.00,35.1625,1.0000
10983827.0,5387.466207,20526.781408,25914.247615,2425,0,0.00,35.1797,1.0000
10984287.0,5387.943217,20529.848075,25917.791292,2426,0,0.00,35.2047,1.0000
10984910.0,5388.589255,20534.001408,25922.590664,2427,0,0.00,35.2234,1.0000
10985397.0,5389.094264,20537.248075,25926.342339,2428,0,0.00,35.2297,1.0000
10985470.0,5389.169964,20537.734742,25926.904705,2429,0,0.00,35.2531,1.0000
10986737.0,5390.483816,20546.181408,25936.665225,2430,0,0.00,35.2813,1.0000
10986953.0,5390.707804,20547.621408,25938.329212,2431,0,0.00,35.3000,1.0000
10987417.0,5391.188962,20550.714742,25941.903704,2432,0,0.00,35.3500,1.0000
10987836.0,5391.623456,20553.508075,25945.131531,2433,0,0.00,35.3672,1.0000
10988062.0,5391.857814,20555.014742,25946.872555,2434,0,0.00,35.4172,1.0000
10988645.0,5392.462373,20558.901408,25951.363781,2435,0,0.00,35.4672,1.0000
10989834.0,5393.695341,20566.828075,25960.523416,2436,0,0.00,35.4688,1.0000
10990959.0,5394.861942,20574.328075,25969.190017,2437,0,0.00,35.4922,1.0000
10991217.0,5395.129483,20576.048075,25971.177558,2438,0,0.00,35.5047,1.0000
10991757.0,5395.689452,20579.648075,25975.337527,2439,0,0.00,35.5219,1.0000
10991934.0,5395.872997,20580.828075,25976.701072,2440,0,0.00,35.5391,1.0000
10993760.0,5397.766521,20593.001408,25990.767929,2441,0,0.00,35.5563,1.0000
10994345.0,5398.373154,20596.901408,25995.274562,2442,0,0.00,35.5734,1.0000
10994480.0,5398.513146,20597.801408,25996.314554,2443,0,0.00,35.5859,1.0000
10996793.0,5400.911679,20613.221408,26014.133087,2444,0,0.00,35.6094,1.0000
10996961.0,5401.085891,20614.341408,26015.427300,2445,0,0.00,35.6266,1.0000
10997465.0,5401.608529,20617.701408,26019.309937,2446,0,0.00,35.6438,1.0000
10997673.0,5401.824220,20619.088075,26020.912295,2447,0,0.00,35.6625,1.0000
10998413.0,5402.591585,20624.021408,26026.612993,2448,0,0.00,35.6688,1.0000
10999205.0,5403.412873,20629.301408,26032.714281,2449,0,0.00,35.6813,1.0000
11000032.0,5404.270454,20634.814742,26039.085196,2450,0,0.00,35.6938,1.0000
11000033.0,5404.271491,20634.821408,26039.092900,2451,0,0.00,35.7063,1.0000
11000039.0,5404.277713,20634.861408,26039.139122,2452,0,0.00,35.7188,1.0000
11001092.0,5405.369652,20641.881408,26047.251061,2453,0,0.00,35.7359,1.0000
11001304.0,5405.589492,20643.294742,26048.884234,2454,0,0.00,35.7531,1.0000
11003239.0,5407.596047,20656.194742,26063.790788,2455,0,0.00,35.7703,1.0000
11005079.0,5409.504088,20668.461408,26077.965497,2456,0,0.00,35.7891,1.0000
11008886.0,5413.451868,20693.841408,26107.293276,2457,0,0.00,35.8063,1.0000
11009015.0,5413.585638,20694.701408,26108.287047,2458,0,0.00,35.8125,1.0000
11009034.0,5413.605341,20694.828075,26108.433416,2459,0,0.00,35.8359,1.0000
11010826.0,5415.463607,20706.774742,26122.238349,2460,0,0.00,35.8859,1.0000
11010827.0,5415.464644,20706.781408,26122.246053,2461,0,0.00,35.9359,1.0000
11010829.0,5415.466718,20706.794742,26122.261460,2462,0,0.00,35.9859,1.0000
11012503.0,5417.202622,20717.954742,26135.157363,2463,0,0.00,36.0094,1.0000
11013256.0,5417.983467,20722.974742,26140.958209,2464,0,0.00,36.0266,1.0000
11013292.0,5418.020798,20723.214742,26141.235540,2465,0,0.00,36.0328,1.0000
11013407.0,5418.140051,20723.981408,26142.121459,2466,0,0.00,36.0500,1.0000
11013445.0,5418.179456,20724.234742,26142.414198,2467,0,0.00,36.0563,1.0000
11017626.0,5422.515066,20752.108075,26174.623141,2468,0,0.00,36.0625,1.0000
11019703.0,5424.668872,20765.954742,26190.623613,2469,0,0.00,36.0875,1.0000
11020594.0,5425.592820,20771.894742,26197.487562,2470,0,0.00,36.0969,1.0000
11020972.0,5425.984798,20774.414742,26200.399540,2471,0,0.00,36.1469,1.0000
11021742.0,5426.783272,20779.548075,26206.331347,2472,0,0.00,36.1594,1.0000
11022513.0,5427.582783,20784.688075,26212.270858,2473,0,0.00,36.1688,1.0000
11022514.0,5427.583820,20784.694742,26212.278562,2474,0,0.00,36.1781,1.0000
11022991.0,5428.078459,20787.874742,26215.953201,2475,0,0.00,36.1953,1.0000
11024333.0,5429.470085,20796.821408,26226.291493,2476,0,0.00,36.2141,1.0000
11026059.0,5431.259911,20808.328075,26239.587986,2477,0,0.00,36.2266,1.0000
11028470.0,5433.760068,20824.401408,26258.161476,2478,0,0.00,36.2328,1.0000
11028837.0,5434.140639,20826.848075,26260.988714,2479,0,0.00,36.2453,1.0000
11029713.0,5435.049033,20832.688075,26267.737108,2480,0,0.00,36.2641,1.0000
11029792.0,5435.130954,20833.214742,26268.345696,2481,0,0.00,36.2703,1.0000
11031391.0,5436.789084,20843.874742,26280.663826,2482,0,0.00,36.2766,1.0000
11032007.0,5437.427863,20847.981408,26285.409272,2483,0,0.00,36.2828,1.0000
11033891.0,5439.381532,20860.541408,26299.922940,2484,0,0.00,36.2891,1.0000
11033925.0,5439.416789,20860.768075,26300.184864,2485,0,0.00,36.2953,1.0000
11034173.0,5439.673960,20862.421408,26302.095368,2486,0,0.00,36.3453,1.0000
11034329.0,5439.835729,20863.461408,26303.297137,2487,0,0.00,36.3516,1.0000
11034416.0,5439.925946,20864.041408,26303.967354,2488,0,0.00,36.3688,1.0000
11034445.0,5439.956018,20864.234742,26304.190760,2489,0,0.00,36.3922,1.0000
11034701.0,5440.221485,20865.941408,26306.162893,2490,0,0.00,36.4156,1.0000
11034704.0,5440.224596,20865.961408,26306.186004,2491,0,0.00,36.4250,1.0000
11034735.0,5440.256742,20866.168075,26306.424817,2492,0,0.00,36.4484,1.0000
11034748.0,5440.270223,20866.254742,26306.524965,2493,0,0.00,36.4984,1.0000
11034748.0,5440.270223,20866.254742,26306.524965,2494,0,0.00,36.5484,1.0000
11034954.0,5440.483841,20867.628075,26308.111916,2495,0,0.00,36.5656,1.0000
11035001.0,5440.532579,20867.941408,26308.473987,2496,0,0.00,36.5781,1.0000
11035112.0,5440.647684,20868.681408,26309.329092,2497,0,0.00,36.5953,1.0000
11035244.0,5440.784565,20869.561408,26310.345973,2498,0,0.00,36.6016,1.0000
11035446.0,5440.994035,20870.908075,26311.902110,2499,0,0.00,36.6188,1.0000
11036090.0,5441.661849,20875.201408,26316.863257,2500,0,0.00,36.6359,1.0000
11036433.0,5442.017533,20877.488075,26319.505608,2501,0,0.00,36.6453,1.0000
11036591.0,5442.181376,20878.541408,26320.722784,2502,0,0.00,36.6578,1.0000
11036816.0,5442.414696,20880.041408,26322.456104,2503,0,0.00,36.6750,1.0000
11037805.0,5443.440268,20886.634742,26330.075010,2504,0,0.00,36.6875,1.0000
11037933.0,5443.573002,20887.488075,26331.061077,2505,0,0.00,36.7063,1.0000
11038086.0,5443.731660,20888.508075,26332.239735,2506,0,0.00,36.7125,1.0000
11038562.0,5444.225262,20891.681408,26335.906670,2507,0,0.00,36.7188,1.0000
11039555.0,5445.254982,20898.301408,26343.556390,2508,0,0.00,36.7375,1.0000
11040178.0,5445.901020,20902.454742,26348.355762,2509,0,0.00,36.7547,1.0000
11040364.0,5446.093898,20903.694742,26349.788640,2510,0,0.00,36.7781,1.0000
11041596.0,5447.371456,20911.908075,26359.279531,2511,0,0.00,36.7953,1.0000
11041737.0,5447.517670,20912.848075,26360.365745,2512,0,0.00,36.8078,1.0000
11041746.0,5447.527003,20912.908075,26360.435078,2513,0,0.00,36.8141,1.0000
11042251.0,5448.050678,20916.274742,26364.325419,2514,0,0.00,36.8422,1.0000
11043221.0,5449.056548,20922.741408,26371.797956,2515,0,0.00,36.8609,1.0000
11043271.0,5449.108397,20923.074742,26372.183138,2516,0,0.00,36.8797,1.0000
11043760.0,5449.615479,20926.334742,26375.950221,2517,0,0.00,36.8891,1.0000
11044069.0,5449.935906,20928.394742,26378.330648,2518,0,0.00,36.8953,1.0000
11044262.0,5450.136043,20929.681408,26379.817451,2519,0,0.00,36.9125,1.0000
11044263.0,5450.137080,20929.688075,26379.825155,2520,0,0.00,36.9297,1.0000
11044754.0,5450.646237,20932.961408,26383.607645,2521,0,0.00,36.9469,1.0000
11047180.0,5453.161948,20949.134742,26402.296690,2522,0,0.00,36.9703,1.0000
11047555.0,5453.550815,20951.634742,26405.185557,2523,0,0.00,36.9875,1.0000
11047627.0,5453.625478,20952.114742,26405.740219,2524,0,0.00,37.0047,1.0000
11047629.0,5453.627552,20952.128075,26405.755627,2525,0,0.00,37.0219,1.0000
11048362.0,5454.387657,20957.014742,26411.402399,2526,0,0.00,37.0281,1.0000
11048514.0,5454.545278,20958.028075,26412.573353,2527,0,0.00,37.0406,1.0000
11049135.0,5455.189242,20962.168075,26417.357317,2528,0,0.00,37.0578,1.0000
11049543.0,5455.612330,20964.888075,26420.500405,2529,0,0.00,37.0750,1.0000
11049607.0,5455.678697,20965.314742,26420.993438,2530,0,0.00,37.0922,1.0000
11049709.0,5455.784468,20965.994742,26421.779210,2531,0,0.00,37.0984,1.0000
11050420.0,5456.521761,20970.734742,26427.256502,2532,0,0.00,37.1047,1.0000
11050941.0,5457.062027,20974.208075,26431.270102,2533,0,0.00,37.1219,1.0000
11051098.0,5457.224832,20975.254742,26432.479574,2534,0,0.00,37.1391,1.0000
11051566.0,5457.710139,20978.374742,26436.084880,2535,0,0.00,37.1516,1.0000
11052205.0,5458.372768,20982.634742,26441.007510,2536,0,0.00,37.1750,1.0000
11052393.0,5458.567720,20983.888075,26442.455795,2537,0,0.00,37.1922,1.0000
11054015.0,5460.249701,20994.701408,26454.951109,2538,0,0.00,37.2109,1.0000
11056803.0,5463.140799,21013.288075,26476.428874,2539,0,0.00,37.2281,1.0000
11057127.0,5463.476780,21015.448075,26478.924855,2540,0,0.00,37.2453,1.0000
11057635.0,5464.003565,21018.834742,26482.838307,2541,0,0.00,37.2625,1.0000
11057904.0,5464.282513,21020.628075,26484.910588,2542,0,0.00,37.2859,1.0000
11058332.0,5464.726340,21023.481408,26488.207748,2543,0,0.00,37.3094,1.0000
11058612.0,5465.016694,21025.348075,26490.364769,2544,0,0.00,37.3594,1.0000
11059271.0,5465.700063,21029.741408,26495.441472,2545,0,0.00,37.3766,1.0000
11059272.0,5465.701100,21029.748075,26495.449175,2546,0,0.00,37.3938,1.0000
11060165.0,5466.627123,21035.701408,26502.328531,2547,0,0.00,37.4172,1.0000
11060653.0,5467.133168,21038.954742,26506.087910,2548,0,0.00,37.4297,1.0000
11060788.0,5467.273161,21039.854742,26507.127902,2549,0,0.00,37.4469,1.0000
11060819.0,5467.305307,21040.061408,26507.366715,2550,0,0.00,37.4641,1.0000
11062124.0,5468.658565,21048.761408,26517.419973,2551,0,0.00,37.4875,1.0000
11062897.0,5469.460150,21053.914742,26523.374891,2552,0,0.00,37.5063,1.0000
11062993.0,5469.559700,21054.554742,26524.114441,2553,0,0.00,37.5125,1.0000
11063597.0,5470.186035,21058.581408,26528.767443,2554,0,0.00,37.5297,1.0000
11064076.0,5470.682748,21061.774742,26532.457490,2555,0,0.00,37.5469,1.0000
11064077.0,5470.683785,21061.781408,26532.465193,2556,0,0.00,37.5641,1.0000
11064333.0,5470.949252,21063.488075,26534.437327,2557,0,0.00,37.5828,1.0000
11064446.0,5471.066430,21064.241408,26535.307839,2558,0,0.00,37.5891,1.0000
11064502.0,5471.124501,21064.614742,26535.739243,2559,0,0.00,37.6063,1.0000
11064663.0,5471.291455,21065.688075,26536.979530,2560,0,0.00,37.6297,1.0000
11064914.0,5471.551737,21067.361408,26538.913145,2561,0,0.00,37.6469,1.0000
11064916.0,5471.553811,21067.374742,26538.928552,2562,0,0.00,37.6641,1.0000
11064955.0,5471.594253,21067.634742,26539.228994,2563,0,0.00,37.6813,1.0000
11065120.0,5471.765354,21068.734742,26540.500096,2564,0,0.00,37.6984,1.0000
11065306.0,5471.958232,21069.974742,26541.932974,2565,0,0.00,37.7156,1.0000
11065308.0,5471.960306,21069.988075,26541.948381,2566,0,0.00,37.7328,1.0000
11065717.0,5472.384431,21072.714742,26545.099173,2567,0,0.00,37.7500,1.0000
11067652.0,5474.390986,21085.614742,26560.005727,2568,0,0.00,37.7734,1.0000
11067759.0,5474.501942,21086.328075,26560.830017,2569,0,0.00,37.7969,1.0000
11067977.0,5474.728004,21087.781408,26562.509412,2570,0,0.00,37.8031,1.0000
11068388.0,5475.154202,21090.521408,26565.675611,2571,0,0.00,37.8203,1.0000
11068421.0,5475.188423,21090.741408,26565.929831,2572,0,0.00,37.8375,1.0000
11070819.0,5477.675099,21106.728075,26584.403174,2573,0,0.00,37.8547,1.0000
11071065.0,5477.930195,21108.368075,26586.298270,2574,0,0.00,37.8781,1.0000
11071356.0,5478.231956,21110.308075,26588.540031,2575,0,0.00,37.8906,1.0000
11072510.0,5479.428630,21118.001408,26597.430039,2576,0,0.00,37.8969,1.0000
11073022.0,5479.959564,21121.414742,26601.374305,2577,0,0.00,37.9203,1.0000
11073754.0,5480.718632,21126.294742,26607.013374,2578,0,0.00,37.9391,1.0000
11075323.0,5482.345653,21136.754742,26619.100394,2579,0,0.00,37.9516,1.0000
11075573.0,5482.604898,21138.421408,26621.026306,2580,0,0.00,37.9641,1.0000
11075801.0,5482.841329,21139.941408,26622.782737,2581,0,0.00,37.9766,1.0000
11077072.0,5484.159329,21148.414742,26632.574071,2582,0,0.00,38.0000,1.0000
11077486.0,5484.588639,21151.174742,26635.763380,2583,0,0.00,38.0234,1.0000
11078696.0,5485.843384,21159.241408,26645.084792,2584,0,0.00,38.0406,1.0000
11078771.0,5485.921157,21159.741408,26645.662565,2585,0,0.00,38.0578,1.0000
11079867.0,5487.057686,21167.048075,26654.105761,2586,0,0.00,38.0703,1.0000
11080313.0,5487.520179,21170.021408,26657.541587,2587,0,0.00,38.0984,1.0000
11080360.0,5487.568917,21170.334742,26657.903659,2588,0,0.00,38.1156,1.0000
11080669.0,5487.889343,21172.394742,26660.284085,2589,0,0.00,38.1328,1.0000
11081253.0,5488.494939,21176.288075,26664.783014,2590,0,0.00,38.1500,1.0000
11081372.0,5488.618340,21177.081408,26665.699748,2591,0,0.00,38.2000,1.0000
11082525.0,5489.813977,21184.768075,26674.582052,2592,0,0.00,38.2500,1.0000
11083044.0,5490.352169,21188.228075,26678.580244,2593,0,0.00,38.2672,1.0000
11083221.0,5490.535714,21189.408075,26679.943789,2594,0,0.00,38.2844,1.0000
11083593.0,5490.921470,21191.888075,26682.809545,2595,0,0.00,38.3016,1.0000
11084688.0,5492.056963,21199.188075,26691.245038,2596,0,0.00,38.3266,1.0000
11085996.0,5493.413331,21207.908075,26701.321406,2597,0,0.00,38.3453,1.0000
11086418.0,5493.850937,21210.721408,26704.572345,2598,0,0.00,38.3641,1.0000
11087021.0,5494.476235,21214.741408,26709.217643,2599,0,0.00,38.3891,1.0000
11087736.0,5495.217675,21219.508075,26714.725750,2600,0,0.00,38.4078,1.0000
11088884.0,5496.408127,21227.161408,26723.569536,2601,0,0.00,38.4328,1.0000
11089355.0,5496.896544,21230.301408,26727.197953,2602,0,0.00,38.4516,1.0000
11089906.0,5497.467920,21233.974742,26731.442662,2603,0,0.00,38.4641,1.0000
11090372.0,5497.951152,21237.081408,26735.032561,2604,0,0.00,38.4766,1.0000
11091165.0,5498.773477,21242.368075,26741.141552,2605,0,0.00,38.5016,1.0000
11095003.0,5502.753403,21267.954742,26770.708144,2606,0,0.00,38.5516,1.0000
11096740.0,5504.554636,21279.534742,26784.089377,2607,0,0.00,38.5578,1.0000
11097240.0,5505.073125,21282.868075,26787.941200,2608,0,0.00,38.5641,1.0000
11100487.0,5508.440197,21304.514742,26812.954938,2609,0,0.00,38.5703,1.0000
11102589.0,5510.619927,21318.528075,26829.148002,2610,0,0.00,38.5766,1.0000
11104707.0,5512.816249,21332.648075,26845.464324,2611,0,0.00,38.6266,1.0000
11105858.0,5514.009812,21340.321408,26854.331220,2612,0,0.00,38.6766,1.0000
11106111.0,5514.272167,21342.008075,26856.280242,2613,0,0.00,38.7000,1.0000
11106744.0,5514.928575,21346.228075,26861.156650,2614,0,0.00,38.7234,1.0000
11111473.0,5519.832450,21377.754742,26897.587191,2615,0,0.00,38.7469,1.0000
11112961.0,5521.375475,21387.674742,26909.050216,2616,0,0.00,38.7703,1.0000
11113955.0,5522.406232,21394.301408,26916.707640,2617,0,0.00,38.7938,1.0000
11113989.0,5522.441489,21394.528075,26916.969564,2618,0,0.00,38.8172,1.0000
11114045.0,5522.499560,21394.901408,26917.400968,2619,0,0.00,38.8297,1.0000
11114048.0,5522.502671,21394.921408,26917.424079,2620,0,0.00,38.8422,1.0000
11114305.0,5522.769175,21396.634742,26919.403916,2621,0,0.00,38.8656,1.0000
11114429.0,5522.897760,21397.461408,26920.359168,2622,0,0.00,38.8719,1.0000
11114601.0,5523.076120,21398.608075,26921.684195,2623,0,0.00,38.8781,1.0000
11114738.0,5523.218187,21399.521408,26922.739595,2624,0,0.00,38.9031,1.0000
11115249.0,5523.748083,21402.928075,26926.676158,2625,0,0.00,38.9156,1.0000
11115261.0,5523.760527,21403.008075,26926.768602,2626,0,0.00,38.9281,1.0000
11115262.0,5523.761564,21403.014742,26926.776305,2627,0,0.00,38.9406,1.0000
11117478.0,5526.059510,21417.788075,26943.847585,2628,0,0.00,38.9469,1.0000
11117493.0,5526.075064,21417.888075,26943.963139,2629,0,0.00,38.9703,1.0000
11117498.0,5526.080249,21417.921408,26944.001657,2630,0,0.00,38.9766,1.0000
11118273.0,5526.883908,21423.088075,26949.971983,2631,0,0.00,38.9953,1.0000
11121541.0,5530.272756,21444.874742,26975.147498,2632,0,0.00,39.0188,1.0000
11121713.0,5530.451116,21446.021408,26976.472525,2633,0,0.00,39.0250,1.0000
11122115.0,5530.867982,21448.701408,26979.569390,2634,0,0.00,39.0313,1.0000
11122173.0,5530.928127,21449.088075,26980.016202,2635,0,0.00,39.0547,1.0000
11123894.0,5532.712768,21460.561408,26993.274176,2636,0,0.00,39.0719,1.0000
11124008.0,5532.830984,21461.321408,26994.152392,2637,0,0.00,39.0844,1.0000
11124021.0,5532.844464,21461.408075,26994.252539,2638,0,0.00,39.1016,1.0000
11124024.0,5532.847575,21461.428075,26994.275650,2639,0,0.00,39.1078,1.0000
11124031.0,5532.854834,21461.474742,26994.329576,2640,0,0.00,39.1141,1.0000
11124176.0,5533.005196,21462.441408,26995.446604,2641,0,0.00,39.1203,1.0000
11124215.0,5533.045638,21462.701408,26995.747047,2642,0,0.00,39.1375,1.0000
11124338.0,5533.173187,21463.521408,26996.694595,2643,0,0.00,39.1438,1.0000
11124346.0,5533.181482,21463.574742,26996.756224,2644,0,0.00,39.1500,1.0000
11124361.0,5533.197037,21463.674742,26996.871779,2645,0,0.00,39.1625,1.0000
11128032.0,5537.003788,21488.148075,27025.151863,2646,0,0.00,39.2125,1.0000
11128034.0,5537.005862,21488.161408,27025.167270,2647,0,0.00,39.2625,1.0000
11128364.0,5537.348065,21490.361408,27027.709473,2648,0,0.00,39.2875,1.0000
11128729.0,5537.726562,21492.794742,27030.521304,2649,0,0.00,39.3375,1.0000
11128729.0,5537.726562,21492.794742,27030.521304,2650,0,0.00,39.3875,1.0000
11128729.0,5537.726562,21492.794742,27030.521304,2651,0,0.00,39.4375,1.0000
11128729.0,5537.726562,21492.794742,27030.521304,2652,0,0.00,39.4875,1.0000
11128730.0,5537.727599,21492.801408,27030.529007,2653,0,0.00,39.5375,1.0000
11129451.0,5538.475261,21497.608075,27036.083336,2654,0,0.00,39.5609,1.0000
11130153.0,5539.203220,21502.288075,27041.491295,2655,0,0.00,39.5844,1.0000
11130757.0,5539.829556,21506.314742,27046.144298,2656,0,0.00,39.6094,1.0000
11131273.0,5540.364637,21509.754742,27050.119379,2657,0,0.00,39.6344,1.0000
11131962.0,5541.079116,21514.348075,27055.427191,2658,0,0.00,39.6594,1.0000
11132134.0,5541.257476,21515.494742,27056.752218,2659,0,0.00,39.6719,1.0000
11132194.0,5541.319695,21515.894742,27057.214437,2660,0,0.00,39.6813,1.0000
11132742.0,5541.887960,21519.548075,27061.436035,2661,0,0.00,39.7047,1.0000
11133678.0,5542.858572,21525.788075,27068.646647,2662,0,0.00,39.7219,1.0000
11133718.0,5542.900051,21526.054742,27068.954793,2663,0,0.00,39.7391,1.0000
11135259.0,5544.498036,21536.328075,27080.826111,2664,0,0.00,39.7578,1.0000
11135676.0,5544.930456,21539.108075,27084.038531,2665,0,0.00,39.7766,1.0000
11136756.0,5546.050394,21546.308075,27092.358469,2666,0,0.00,39.7953,1.0000
11138331.0,5547.683636,21556.808075,27104.491711,2667,0,0.00,39.8125,1.0000
11138377.0,5547.731337,21557.114742,27104.846079,2668,0,0.00,39.8297,1.0000
11138420.0,5547.775927,21557.401408,27105.177336,2669,0,0.00,39.8469,1.0000
11138466.0,5547.823628,21557.708075,27105.531703,2670,0,0.00,39.8641,1.0000
11138880.0,5548.252938,21560.468075,27108.721013,2671,0,0.00,39.8875,1.0000
11139053.0,5548.432335,21561.621408,27110.053743,2672,0,0.00,39.9000,1.0000
11141307.0,5550.769686,21576.648075,27127.417761,2673,0,0.00,39.9125,1.0000
11141665.0,5551.140925,21579.034742,27130.175666,2674,0,0.00,39.9297,1.0000
11141714.0,5551.191737,21579.361408,27130.553145,2675,0,0.00,39.9469,1.0000
11141849.0,5551.331729,21580.261408,27131.593137,2676,0,0.00,39.9641,1.0000
11142125.0,5551.617935,21582.101408,27133.719343,2677,0,0.00,39.9875,1.0000
11143807.0,5553.362134,21593.314742,27146.676876,2678,0,0.00,40.0109,1.0000
11144398.0,5553.974989,21597.254742,27151.229730,2679,0,0.00,40.0344,1.0000
11145930.0,5555.563641,21607.468075,27163.031716,2680,0,0.00,40.0469,1.0000
11146645.0,5556.305081,21612.234742,27168.539823,2681,0,0.00,40.0594,1.0000
11146762.0,5556.426407,21613.014742,27169.441149,2682,0,0.00,40.0719,1.0000
11147345.0,5557.030966,21616.901408,27173.932375,2683,0,0.00,40.0844,1.0000
11148769.0,5558.507625,21626.394742,27184.902366,2684,0,0.00,40.1078,1.0000
11150317.0,5560.112868,21636.714742,27196.827610,2685,0,0.00,40.1313,1.0000
11150664.0,5560.472700,21639.028075,27199.500775,2686,0,0.00,40.1547,1.0000
11151299.0,5561.131182,21643.261408,27204.392590,2687,0,0.00,40.1781,1.0000
11152092.0,5561.953506,21648.548075,27210.501581,2688,0,0.00,40.2281,1.0000
11152546.0,5562.424295,21651.574742,27213.999037,2689,0,0.00,40.2531,1.0000
11152548.0,5562.426369,21651.588075,27214.014444,2690,0,0.00,40.2781,1.0000
11152679.0,5562.562213,21652.461408,27215.023622,2691,0,0.00,40.3281,1.0000
11153047.0,5562.943822,21654.914742,27217.858563,2692,0,0.00,40.3516,1.0000
11155039.0,5565.009484,21668.194742,27233.204226,2693,0,0.00,40.3797,1.0000
11155510.0,5565.497901,21671.334742,27236.832643,2694,0,0.00,40.4078,1.0000
11155512.0,5565.499975,21671.348075,27236.848050,2695,0,0.00,40.4313,1.0000
11157873.0,5567.948283,21687.088075,27255.036358,2696,0,0.00,40.4500,1.0000
11157922.0,5567.999095,21687.414742,27255.413837,2697,0,0.00,40.4750,1.0000
11159112.0,5569.233100,21695.348075,27264.581175,2698,0,0.00,40.4922,1.0000
11159468.0,5569.602265,21697.721408,27267.323673,2699,0,0.00,40.5156,1.0000
11161150.0,5571.346464,21708.934742,27280.281205,2700,0,0.00,40.5391,1.0000
11161803.0,5572.023611,21713.288075,27285.311686,2701,0,0.00,40.5563,1.0000
11161803.0,5572.023611,21713.288075,27285.311686,2702,0,0.00,40.5734,1.0000
11163277.0,5573.552118,21723.114742,27296.666860,2703,0,0.00,40.5859,1.0000
11163323.0,5573.599819,21723.421408,27297.021228,2704,0,0.00,40.6109,1.0000
11163419.0,5573.699369,21724.061408,27297.760778,2705,0,0.00,40.6344,1.0000
11163965.0,5574.265560,21727.701408,27301.966968,2706,0,0.00,40.6469,1.0000
11164677.0,5575.003889,21732.448075,27307.451964,2707,0,0.00,40.6594,1.0000
11165217.0,5575.563858,21736.048075,27311.611933,2708,0,0.00,40.6828,1.0000
11165682.0,5576.046053,21739.148075,27315.194128,2709,0,0.00,40.7078,1.0000
11165787.0,5576.154936,21739.848075,27316.003011,2710,0,0.00,40.7203,1.0000
11167355.0,5577.780919,21750.301408,27328.082328,2711,0,0.00,40.7438,1.0000
11168614.0,5579.086476,21758.694742,27337.781218,2712,0,0.00,40.7500,1.0000
11170473.0,5581.014220,21771.088075,27352.102295,2713,0,0.00,40.7672,1.0000
11170829.0,5581.383385,21773.461408,27354.844793,2714,0,0.00,40.7844,1.0000
11171979.0,5582.575911,21781.128075,27363.703986,2715,0,0.00,40.8094,1.0000
11172394.0,5583.006257,21783.894742,27366.900999,2716,0,0.00,40.8188,1.0000
11172666.0,5583.288316,21785.708075,27368.996391,2717,0,0.00,40.8313,1.0000
11172672.0,5583.294538,21785.748075,27369.042613,2718,0,0.00,40.8438,1.0000
11173665.0,5584.324258,21792.368075,27376.692333,2719,0,0.00,40.8672,1.0000
11174673.0,5585.369533,21799.088075,27384.457608,2720,0,0.00,40.8766,1.0000
11174967.0,5585.674405,21801.048075,27386.722480,2721,0,0.00,40.9266,1.0000
11174967.0,5585.674405,21801.048075,27386.722480,2722,0,0.00,40.9766,1.0000
11175315.0,5586.035274,21803.368075,27389.403349,2723,0,0.00,41.0000,1.0000
11175329.0,5586.049791,21803.461408,27389.511200,2724,0,0.00,41.0250,1.0000
11175351.0,5586.072605,21803.608075,27389.680680,2725,0,0.00,41.0484,1.0000
11175546.0,5586.274816,21804.908075,27391.182891,2726,0,0.00,41.0984,1.0000
11176114.0,5586.863820,21808.694742,27395.558562,2727,0,0.00,41.1484,1.0000
11176115.0,5586.864857,21808.701408,27395.566265,2728,0,0.00,41.1984,1.0000
11176116.0,5586.865894,21808.708075,27395.573969,2729,0,0.00,41.2484,1.0000
11176116.0,5586.865894,21808.708075,27395.573969,2730,0,0.00,41.2984,1.0000
11177374.0,5588.170414,21817.094742,27405.265155,2731,0,0.00,41.3078,1.0000
11177546.0,5588.348774,21818.241408,27406.590182,2732,0,0.00,41.3141,1.0000
11177762.0,5588.572762,21819.681408,27408.254170,2733,0,0.00,41.3375,1.0000
11178997.0,5589.853431,21827.914742,27417.768173,2734,0,0.00,41.3625,1.0000
11180089.0,5590.985812,21835.194742,27426.180554,2735,0,0.00,41.3688,1.0000
11180641.0,5591.558225,21838.874742,27430.432966,2736,0,0.00,41.3938,1.0000
11184313.0,5595.366012,21863.354742,27458.720754,2737,0,0.00,41.4172,1.0000
11184401.0,5595.457266,21863.941408,27459.398675,2738,0,0.00,41.4344,1.0000
11185236.0,5596.323144,21869.508075,27465.831219,2739,0,0.00,41.4531,1.0000
11185332.0,5596.422694,21870.148075,27466.570769,2740,0,0.00,41.4656,1.0000
11185714.0,5596.818820,21872.694742,27469.513562,2741,0,0.00,41.4844,1.0000
11186555.0,5597.690919,21878.301408,27475.992328,2742,0,0.00,41.5031,1.0000
11187370.0,5598.536057,21883.734742,27482.270799,2743,0,0.00,41.5266,1.0000
11189436.0,5600.678456,21897.508075,27498.186531,2744,0,0.00,41.5516,1.0000
11190439.0,5601.718547,21904.194742,27505.913288,2745,0,0.00,41.5750,1.0000
11193216.0,5604.598238,21922.708075,27527.306313,2746,0,0.00,41.5938,1.0000
11196037.0,5607.523556,21941.514742,27549.038298,2747,0,0.00,41.6109,1.0000
11196037.0,5607.523556,21941.514742,27549.038298,2748,0,0.00,41.6281,1.0000
11197473.0,5609.012658,21951.088075,27560.100733,2749,0,0.00,41.6375,1.0000
11198291.0,5609.860907,21956.541408,27566.402315,2750,0,0.00,41.6875,1.0000
11199245.0,5610.850185,21962.901408,27573.751593,2751,0,0.00,41.7047,1.0000
11199319.0,5610.926922,21963.394742,27574.321663,2752,0,0.00,41.7297,1.0000
11199447.0,5611.059655,21964.248075,27575.307730,2753,0,0.00,41.7797,1.0000
11201625.0,5613.318195,21978.768075,27592.086270,2754,0,0.00,41.7922,1.0000
11201627.0,5613.320269,21978.781408,27592.101678,2755,0,0.00,41.8047,1.0000
11201632.0,5613.325454,21978.814742,27592.140196,2756,0,0.00,41.8172,1.0000
11201635.0,5613.328565,21978.834742,27592.163307,2757,0,0.00,41.8297,1.0000
11201707.0,5613.403228,21979.314742,27592.717969,2758,0,0.00,41.8422,1.0000
11202660.0,5614.391469,21985.668075,27600.059544,2759,0,0.00,41.8656,1.0000
11203053.0,5614.799002,21988.288075,27603.087077,2760,0,0.00,41.8844,1.0000
11204073.0,5615.856720,21995.088075,27610.944795,2761,0,0.00,41.9031,1.0000
11204435.0,5616.232107,21997.501408,27613.733515,2762,0,0.00,41.9156,1.0000
11205423.0,5617.256642,22004.088075,27621.344717,2763,0,0.00,41.9328,1.0000
11206866.0,5618.753003,22013.708075,27632.461078,2764,0,0.00,41.9391,1.0000
11207968.0,5619.895754,22021.054742,27640.950496,2765,0,0.00,41.9500,1.0000
11208156.0,5620.090706,22022.308075,27642.398781,2766,0,0.00,41.9734,1.0000
11208724.0,5620.679711,22026.094742,27646.774452,2767,0,0.00,41.9859,1.0000
11209239.0,5621.213755,22029.528075,27650.741830,2768,0,0.00,41.9984,1.0000
11209274.0,5621.250049,22029.761408,27651.011457,2769,0,0.00,42.0266,1.0000
11209495.0,5621.479222,22031.234742,27652.713963,2770,0,0.00,42.0500,1.0000
11209502.0,5621.486480,22031.281408,27652.767889,2771,0,0.00,42.0734,1.0000
11209507.0,5621.491665,22031.314742,27652.806407,2772,0,0.00,42.0969,1.0000
11209955.0,5621.956232,22034.301408,27656.257640,2773,0,0.00,42.1141,1.0000
11210744.0,5622.774409,22039.561408,27662.335817,2774,0,0.00,42.1422,1.0000
11210963.0,5623.001507,22041.021408,27664.022915,2775,0,0.00,42.1594,1.0000
11210969.0,5623.007729,22041.061408,27664.069137,2776,0,0.00,42.1766,1.0000
11211517.0,5623.575993,22044.714742,27668.290735,2777,0,0.00,42.1953,1.0000
11211756.0,5623.823831,22046.308075,27670.131906,2778,0,0.00,42.2125,1.0000
11211823.0,5623.893309,22046.754742,27670.648051,2779,0,0.00,42.2250,1.0000
11212116.0,5624.197144,22048.708075,27672.905219,2780,0,0.00,42.2438,1.0000
11212117.0,5624.198181,22048.714742,27672.912923,2781,0,0.00,42.2625,1.0000
11212205.0,5624.289435,22049.301408,27673.590843,2782,0,0.00,42.2797,1.0000
11212284.0,5624.371356,22049.828075,27674.199431,2783,0,0.00,42.2969,1.0000
11212334.0,5624.423205,22050.161408,27674.584614,2784,0,0.00,42.3141,1.0000
11212335.0,5624.424242,22050.168075,27674.592317,2785,0,0.00,42.3313,1.0000
11212348.0,5624.437723,22050.254742,27674.692465,2786,0,0.00,42.3375,1.0000
11213911.0,5626.058522,22060.674742,27686.733263,2787,0,0.00,42.3609,1.0000
11214444.0,5626.611231,22064.228075,27690.839306,2788,0,0.00,42.3828,1.0000
11215029.0,5627.217864,22068.128075,27695.345939,2789,0,0.00,42.4063,1.0000
11215721.0,5627.935454,22072.741408,27700.676862,2790,0,0.00,42.4297,1.0000
11216088.0,5628.316025,22075.188075,27703.504100,2791,0,0.00,42.4469,1.0000
11216095.0,5628.323284,22075.234742,27703.558026,2792,0,0.00,42.4641,1.0000
11216213.0,5628.445648,22076.021408,27704.467056,2793,0,0.00,42.4813,1.0000
11217934.0,5630.230289,22087.494742,27717.725030,2794,0,0.00,42.4938,1.0000
11218032.0,5630.331913,22088.148075,27718.479988,2795,0,0.00,42.5109,1.0000
11218086.0,5630.387910,22088.508075,27718.895985,2796,0,0.00,42.5281,1.0000
11218660.0,5630.983136,22092.334742,27723.317877,2797,0,0.00,42.5453,1.0000
11218892.0,5631.223715,22093.881408,27725.105123,2798,0,0.00,42.5641,1.0000
11220058.0,5632.432832,22101.654742,27734.087574,2799,0,0.00,42.5813,1.0000
11220260.0,5632.642302,22103.001408,27735.643711,2800,0,0.00,42.5984,1.0000
11220593.0,5632.987616,22105.221408,27738.209025,2801,0,0.00,42.6156,1.0000
11220651.0,5633.047761,22105.608075,27738.655836,2802,0,0.00,42.6328,1.0000
11220963.0,5633.371299,22107.688075,27741.059374,2803,0,0.00,42.6563,1.0000
11221621.0,5634.053631,22112.074742,27746.128373,2804,0,0.00,42.7063,1.0000
11221623.0,5634.055705,22112.088075,27746.143780,2805,0,0.00,42.7563,1.0000
11222207.0,5634.661301,22115.981408,27750.642709,2806,0,0.00,42.8063,1.0000
11222412.0,5634.873881,22117.348075,27752.221956,2807,0,0.00,42.8234,1.0000
11222719.0,5635.192234,22119.394742,27754.586976,2808,0,0.00,42.8516,1.0000
11222916.0,5635.396519,22120.708075,27756.104594,2809,0,0.00,42.8766,1.0000
11223995.0,5636.515419,22127.901408,27764.416828,2810,0,0.00,42.8953,1.0000
11224411.0,5636.946803,22130.674742,27767.621544,2811,0,0.00,42.9125,1.0000
11224413.0,5636.948877,22130.688075,27767.636952,2812,0,0.00,42.9297,1.0000
11224725.0,5637.272414,22132.768075,27770.040489,2813,0,0.00,42.9469,1.0000
11224726.0,5637.273451,22132.774742,27770.048193,2814,0,0.00,42.9641,1.0000
11224727.0,5637.274488,22132.781408,27770.055897,2815,0,0.00,42.9813,1.0000
11224727.0,5637.274488,22132.781408,27770.055897,2816,0,0.00,42.9984,1.0000
11224989.0,5637.546177,22134.528075,27772.074252,2817,0,0.00,43.0219,1.0000
11225606.0,5638.185993,22138.641408,27776.827401,2818,0,0.00,43.0266,1.0000
11225608.0,5638.188067,22138.654742,27776.842809,2819,0,0.00,43.0313,1.0000
11225620.0,5638.200511,22138.734742,27776.935252,2820,0,0.00,43.0438,1.0000
11225650.0,5638.231620,22138.934742,27777.166362,2821,0,0.00,43.0484,1.0000
11226178.0,5638.779145,22142.454742,27781.233887,2822,0,0.00,43.0656,1.0000
11226178.0,5638.779145,22142.454742,27781.233887,2823,0,0.00,43.0828,1.0000
11226273.0,5638.877658,22143.088075,27781.965733,2824,0,0.00,43.0922,1.0000
11226650.0,5639.268599,22145.601408,27784.870007,2825,0,0.00,43.0969,1.0000
11226751.0,5639.373334,22146.274742,27785.648076,2826,0,0.00,43.1016,1.0000
11226847.0,5639.472884,22146.914742,27786.387626,2827,0,0.00,43.1063,1.0000
11227016.0,5639.648134,22148.041408,27787.689542,2828,0,0.00,43.1109,1.0000
11227423.0,5640.070184,22150.754742,27790.824926,2829,0,0.00,43.1156,1.0000
11227651.0,5640.306615,22152.274742,27792.581357,2830,0,0.00,43.1203,1.0000
11227994.0,5640.662299,22154.561408,27795.223707,2831,0,0.00,43.1391,1.0000
11228407.0,5641.090572,22157.314742,27798.405313,2832,0,0.00,43.1438,1.0000
11228456.0,5641.141384,22157.641408,27798.782792,2833,0,0.00,43.1484,1.0000
11228711.0,5641.405813,22159.341408,27800.747222,2834,0,0.00,43.1531,1.0000
11228775.0,5641.472180,22159.768075,27801.240255,2835,0,0.00,43.1703,1.0000
11228853.0,5641.553064,22160.288075,27801.841139,2836,0,0.00,43.1750,1.0000
11229026.0,5641.732462,22161.441408,27803.173870,2837,0,0.00,43.1797,1.0000
11229145.0,5641.855862,22162.234742,27804.090604,2838,0,0.00,43.1844,1.0000
11229185.0,5641.897341,22162.501408,27804.398750,2839,0,0.00,43.1891,1.0000
11229453.0,5642.175252,22164.288075,27806.463327,2840,0,0.00,43.2078,1.0000
11229482.0,5642.205324,22164.481408,27806.686732,2841,0,0.00,43.2125,1.0000
11229741.0,5642.473902,22166.208075,27808.681977,2842,0,0.00,43.2172,1.0000
11229790.0,5642.524714,22166.534742,27809.059455,2843,0,0.00,43.2297,1.0000
11229820.0,5642.555823,22166.734742,27809.290565,2844,0,0.00,43.2344,1.0000
11229972.0,5642.713444,22167.748075,27810.461519,2845,0,0.00,43.2391,1.0000
11230059.0,5642.803661,22168.328075,27811.131736,2846,0,0.00,43.2438,1.0000
11230068.0,5642.812994,22168.388075,27811.201069,2847,0,0.00,43.2484,1.0000
11230140.0,5642.887656,22168.868075,27811.755731,2848,0,0.00,43.2531,1.0000
11230519.0,5643.280672,22171.394742,27814.675413,2849,0,0.00,43.2578,1.0000
11230918.0,5643.694426,22174.054742,27817.749168,2850,0,0.00,43.2828,1.0000
11230919.0,5643.695463,22174.061408,27817.756872,2851,0,0.00,43.2891,1.0000
11231184.0,5643.970263,22175.828075,27819.798338,2852,0,0.00,43.2938,1.0000
11231705.0,5644.510529,22179.301408,27823.811937,2853,0,0.00,43.2984,1.0000
11231874.0,5644.685778,22180.428075,27825.113853,2854,0,0.00,43.3156,1.0000
11232138.0,5644.959541,22182.188075,27827.147616,2855,0,0.00,43.3203,1.0000
11232159.0,5644.981317,22182.328075,27827.309392,2856,0,0.00,43.3375,1.0000
11232245.0,5645.070498,22182.901408,27827.971906,2857,0,0.00,43.3547,1.0000
11232404.0,5645.235377,22183.961408,27829.196786,2858,0,0.00,43.3734,1.0000
11232428.0,5645.260265,22184.121408,27829.381673,2859,0,0.00,43.3781,1.0000
11232640.0,5645.480104,22185.534742,27831.014846,2860,0,0.00,43.3906,1.0000
11232992.0,5645.845121,22187.881408,27833.726529,2861,0,0.00,43.3953,1.0000
11233356.0,5646.222581,22190.308075,27836.530656,2862,0,0.00,43.4078,1.0000
11233358.0,5646.224655,22190.321408,27836.546064,2863,0,0.00,43.5453,1.0000
11233792.0,5646.674704,22193.214742,27839.889446,2864,0,0.00,43.5625,1.0000
11234122.0,5647.016907,22195.414742,27842.431649,2865,0,0.00,43.5688,1.0000
11234217.0,5647.115420,22196.048075,27843.163495,2866,0,0.00,43.5734,1.0000
11234289.0,5647.190083,22196.528075,27843.718158,2867,0,0.00,43.5781,1.0000
11234436.0,5647.342519,22197.508075,27844.850594,2868,0,0.00,43.7156,1.0000
11234621.0,5647.534360,22198.741408,27846.275768,2869,0,0.00,43.7406,1.0000
11235926.0,5648.887618,22207.441408,27856.329026,2870,0,0.00,43.7453,1.0000
11236060.0,5649.026573,22208.334742,27857.361315,2871,0,0.00,43.7516,1.0000
11236062.0,5649.028647,22208.348075,27857.376722,2872,0,0.00,43.7563,1.0000
11236161.0,5649.131308,22209.008075,27858.139383,2873,0,0.00,43.7609,1.0000
11236237.0,5649.210118,22209.514742,27858.724860,2874,0,0.00,43.8984,1.0000
11236263.0,5649.237080,22209.688075,27858.925155,2875,0,0.00,43.9219,1.0000
11237938.0,5650.974020,22220.854742,27871.828762,2876,0,0.00,43.9391,1.0000
11238503.0,5651.559913,22224.621408,27876.181322,2877,0,0.00,43.9438,1.0000
11238519.0,5651.576505,22224.728075,27876.304580,2878,0,0.00,43.9484,1.0000
11238610.0,5651.670870,22225.334742,27877.005612,2879,0,0.00,43.9531,1.0000
11238754.0,5651.820195,22226.294742,27878.114937,2880,0,0.00,43.9625,1.0000
11238918.0,5651.990260,22227.388075,27879.378335,2881,0,0.00,43.9797,1.0000
11238981.0,5652.055589,22227.808075,27879.863664,2882,0,0.00,43.9969,1.0000
11239010.0,5652.085662,22228.001408,27880.087070,2883,0,0.00,44.0016,1.0000
11239443.0,5652.534674,22230.888075,27883.422749,2884,0,0.00,44.0063,1.0000
11239659.0,5652.758661,22232.328075,27885.086736,2885,0,0.00,44.0250,1.0000
11240047.0,5653.161009,22234.914742,27888.075751,2886,0,0.00,44.0422,1.0000
11240134.0,5653.251226,22235.494742,27888.745968,2887,0,0.00,44.0469,1.0000
11241008.0,5654.157546,22241.321408,27895.478954,2888,0,0.00,44.0516,1.0000
11241640.0,5654.812917,22245.534742,27900.347659,2889,0,0.00,44.0641,1.0000
11241843.0,5655.023424,22246.888075,27901.911499,2890,0,0.00,44.0688,1.0000
11241901.0,5655.083568,22247.274742,27902.358310,2891,0,0.00,44.0734,1.0000
11241908.0,5655.090827,22247.321408,27902.412236,2892,0,0.00,44.0781,1.0000
11242076.0,5655.265040,22248.441408,27903.706448,2893,0,0.00,44.0922,1.0000
11242082.0,5655.271262,22248.481408,27903.752670,2894,0,0.00,44.1063,1.0000
11242144.0,5655.335554,22248.894742,27904.230296,2895,0,0.00,44.1203,1.0000
11242177.0,5655.369775,22249.114742,27904.484516,2896,0,0.00,44.1297,1.0000
11242484.0,5655.688127,22251.161408,27906.849536,2897,0,0.00,44.1469,1.0000
11242835.0,5656.052107,22253.501408,27909.553515,2898,0,0.00,44.1656,1.0000
11242948.0,5656.169286,22254.254742,27910.424027,2899,0,0.00,44.1703,1.0000
11243395.0,5656.632815,22257.234742,27913.867557,2900,0,0.00,44.1875,1.0000
11243594.0,5656.839174,22258.561408,27915.400582,2901,0,0.00,44.1922,1.0000
11243610.0,5656.855766,22258.668075,27915.523841,2902,0,0.00,44.2094,1.0000
11243663.0,5656.910726,22259.021408,27915.932134,2903,0,0.00,44.2266,1.0000
11243843.0,5657.097382,22260.221408,27917.318790,2904,0,0.00,44.2313,1.0000
11243846.0,5657.100493,22260.241408,27917.341901,2905,0,0.00,44.2484,1.0000
11244012.0,5657.272631,22261.348075,27918.620706,2906,0,0.00,44.2656,1.0000
11244255.0,5657.524617,22262.968075,27920.492692,2907,0,0.00,44.2703,1.0000
11244274.0,5657.544320,22263.094742,27920.639062,2908,0,0.00,44.2875,1.0000
11244400.0,5657.674979,22263.934742,27921.609721,2909,0,0.00,44.2922,1.0000
11244510.0,5657.789047,22264.668075,27922.457122,2910,0,0.00,44.2969,1.0000
11244611.0,5657.893782,22265.341408,27923.235190,2911,0,0.00,44.3141,1.0000
11244979.0,5658.275390,22267.794742,27926.070132,2912,0,0.00,44.3641,1.0000
11245031.0,5658.329313,22268.141408,27926.470722,2913,0,0.00,44.3891,1.0000
11245219.0,5658.524265,22269.394742,27927.919007,2914,0,0.00,44.4125,1.0000
11245256.0,5658.562634,22269.641408,27928.204042,2915,0,0.00,44.4172,1.0000
11245278.0,5658.585447,22269.788075,27928.373522,2916,0,0.00,44.4406,1.0000
11245337.0,5658.646629,22270.181408,27928.828037,2917,0,0.00,44.4453,1.0000
11245626.0,5658.946316,22272.108075,27931.054391,2918,0,0.00,44.4625,1.0000
11245800.0,5659.126750,22273.268075,27932.394825,2919,0,0.00,44.4672,1.0000
11246156.0,5659.495915,22275.641408,27935.137323,2920,0,0.00,44.5172,1.0000
11246156.0,5659.495915,22275.641408,27935.137323,2921,0,0.00,44.5672,1.0000
11246157.0,5659.496952,22275.648075,27935.145027,2922,0,0.00,44.6172,1.0000
11246296.0,5659.641092,22276.574742,27936.215834,2923,0,0.00,44.6359,1.0000
11246303.0,5659.648351,22276.621408,27936.269759,2924,0,0.00,44.6594,1.0000
11246539.0,5659.893078,22278.194742,27938.087819,2925,0,0.00,44.6828,1.0000
11246898.0,5660.265353,22280.588075,27940.853428,2926,0,0.00,44.6875,1.0000
11246977.0,5660.347275,22281.114742,27941.462016,2927,0,0.00,44.7109,1.0000
11247446.0,5660.833618,22284.241408,27945.075026,2928,0,0.00,44.7297,1.0000
11247810.0,5661.211078,22286.668075,27947.879153,2929,0,0.00,44.8297,1.0000
11248049.0,5661.458916,22288.261408,27949.720325,2930,0,0.00,44.8344,1.0000
11248086.0,5661.497285,22288.508075,27950.005360,2931,0,0.00,44.8391,1.0000
11248334.0,5661.754455,22290.161408,27951.915864,2932,0,0.00,44.8438,1.0000
11248918.0,5662.360051,22294.054742,27956.414793,2933,0,0.00,44.8484,1.0000
11248969.0,5662.412937,22294.394742,27956.807679,2934,0,0.00,44.8531,1.0000
11249336.0,5662.793509,22296.841408,27959.634917,2935,0,0.00,44.8578,1.0000
11249350.0,5662.808026,22296.934742,27959.742768,2936,0,0.00,44.8641,1.0000
11249414.0,5662.874393,22297.361408,27960.235801,2937,0,0.00,44.8688,1.0000
11249789.0,5663.263260,22299.861408,27963.124668,2938,0,0.00,44.8859,1.0000
11250269.0,5663.761010,22303.061408,27966.822418,2939,0,0.00,44.8906,1.0000
11250648.0,5664.154025,22305.588075,27969.742100,2940,0,0.00,44.8953,1.0000
11250676.0,5664.183061,22305.774742,27969.957802,2941,0,0.00,44.9125,1.0000
11250892.0,5664.407048,22307.214742,27971.621790,2942,0,0.00,44.9172,1.0000
11251367.0,5664.899613,22310.381408,27975.281022,2943,0,0.00,44.9219,1.0000
11251441.0,5664.976350,22310.874742,27975.851091,2944,0,0.00,44.9266,1.0000
11251596.0,5665.137081,22311.908075,27977.045156,2945,0,0.00,44.9453,1.0000
11252021.0,5665.577798,22314.741408,27980.319206,2946,0,0.00,44.9500,1.0000
11252062.0,5665.620314,22315.014742,27980.635055,2947,0,0.00,44.9672,1.0000
11252125.0,5665.685643,22315.434742,27981.120385,2948,0,0.00,44.9844,1.0000
11252133.0,5665.693939,22315.488075,27981.182014,2949,0,0.00,45.0016,1.0000
11252136.0,5665.697050,22315.508075,27981.205125,2950,0,0.00,45.0188,1.0000
11252302.0,5665.869189,22316.614742,27982.483930,2951,0,0.00,45.0234,1.0000
11252344.0,5665.912742,22316.894742,27982.807484,2952,0,0.00,45.0281,1.0000
11252570.0,5666.147099,22318.401408,27984.548507,2953,0,0.00,45.0328,1.0000
11252601.0,5666.179245,22318.608075,27984.787320,2954,0,0.00,45.0375,1.0000
11252604.0,5666.182356,22318.628075,27984.810431,2955,0,0.00,45.0422,1.0000
11252819.0,5666.405307,22320.061408,27986.466715,2956,0,0.00,45.0469,1.0000
11253285.0,5666.888539,22323.168075,27990.056614,2957,0,0.00,45.0516,1.0000
11253333.0,5666.938314,22323.488075,27990.426389,2958,0,0.00,45.0563,1.0000
11253544.0,5667.157117,22324.894742,27992.051859,2959,0,0.00,45.0609,1.0000
11253550.0,5667.163339,22324.934742,27992.098080,2960,0,0.00,45.0656,1.0000
11253939.0,5667.566724,22327.528075,27995.094799,2961,0,0.00,45.0703,1.0000
11253964.0,5667.592648,22327.694742,27995.287390,2962,0,0.00,45.0875,1.0000
11254180.0,5667.816636,22329.134742,27996.951377,2963,0,0.00,45.0922,1.0000
11254751.0,5668.408751,22332.941408,28001.350159,2964,0,0.00,45.0969,1.0000
11254965.0,5668.630664,22334.368075,28002.998739,2965,0,0.00,45.1109,1.0000
11255083.0,5668.753028,22335.154742,28003.907769,2966,0,0.00,45.1281,1.0000
11255237.0,5668.912723,22336.181408,28005.094131,2967,0,0.00,45.1516,1.0000
11255263.0,5668.939684,22336.354742,28005.294426,2968,0,0.00,45.1766,1.0000
11255451.0,5669.134636,22337.608075,28006.742711,2969,0,0.00,45.1813,1.0000
11256015.0,5669.719492,22341.368075,28011.087567,2970,0,0.00,45.2047,1.0000
11256165.0,5669.875039,22342.368075,28012.243114,2971,0,0.00,45.2094,1.0000
11256171.0,5669.881261,22342.408075,28012.289336,2972,0,0.00,45.2266,1.0000
11257773.0,5671.542502,22353.088075,28024.630577,2973,0,0.00,45.2313,1.0000
11258025.0,5671.803820,22354.768075,28026.571895,2974,0,0.00,45.2438,1.0000
11258059.0,5671.839078,22354.994742,28026.833819,2975,0,0.00,45.2484,1.0000
11258258.0,5672.045437,22356.321408,28028.366845,2976,0,0.00,45.2531,1.0000
11258461.0,5672.255943,22357.674742,28029.930685,2977,0,0.00,45.2578,1.0000
11258483.0,5672.278757,22357.821408,28030.100165,2978,0,0.00,45.2625,1.0000
11258602.0,5672.402157,22358.614742,28031.016899,2979,0,0.00,45.2672,1.0000
11258674.0,5672.476820,22359.094742,28031.571562,2980,0,0.00,45.2859,1.0000
11258793.0,5672.600220,22359.888075,28032.488295,2981,0,0.00,45.3047,1.0000
11259186.0,5673.007753,22362.508075,28035.515828,2982,0,0.00,45.3234,1.0000
11259274.0,5673.099007,22363.094742,28036.193749,2983,0,0.00,45.3422,1.0000
11259471.0,5673.303292,22364.408075,28037.711367,2984,0,0.00,45.3469,1.0000
11259619.0,5673.456765,22365.394742,28038.851507,2985,0,0.00,45.3641,1.0000
11260464.0,5674.333013,22371.028075,28045.361088,2986,0,0.00,45.3828,1.0000
11260593.0,5674.466783,22371.888075,28046.354858,2987,0,0.00,45.4000,1.0000
11261196.0,5675.092081,22375.908075,28051.000156,2988,0,0.00,45.4188,1.0000
11263939.0,5677.936515,22394.194742,28072.131257,2989,0,0.00,45.4234,1.0000
11263957.0,5677.955181,22394.314742,28072.269923,2990,0,0.00,45.4359,1.0000
11263973.0,5677.971773,22394.421408,28072.393181,2991,0,0.00,45.4406,1.0000
11264778.0,5678.806541,22399.788075,28078.594616,2992,0,0.00,45.4453,1.0000
11264895.0,5678.927867,22400.568075,28079.495942,2993,0,0.00,45.4625,1.0000
11264989.0,5679.025343,22401.194742,28080.220085,2994,0,0.00,45.4859,1.0000
11264989.0,5679.025343,22401.194742,28080.220085,2995,0,0.00,45.5031,1.0000
11265127.0,5679.168447,22402.114742,28081.283188,2996,0,0.00,45.5266,1.0000
11265236.0,5679.281477,22402.841408,28082.122886,2997,0,0.00,45.5391,1.0000
11265674.0,5679.735674,22405.761408,28085.497082,2998,0,0.00,45.5438,1.0000
11265728.0,5679.791671,22406.121408,28085.913079,2999,0,0.00,45.5609,1.0000
11266124.0,5680.202315,22408.761408,28088.963723,3000,0,0.00,45.5656,1.0000
11266917.0,5681.024639,22414.048075,28095.072714,3001,0,0.00,45.5703,1.0000
11268176.0,5682.330196,22422.441408,28104.771604,3002,0,0.00,45.5766,1.0000
11268430.0,5682.593589,22424.134742,28106.728330,3003,0,0.00,45.5813,1.0000
11268450.0,5682.614328,22424.268075,28106.882403,3004,0,0.00,45.5859,1.0000
11269075.0,5683.262440,22428.434742,28111.697182,3005,0,0.00,45.5906,1.0000
11269262.0,5683.456355,22429.681408,28113.137764,3006,0,0.00,45.6031,1.0000
11269709.0,5683.919885,22432.661408,28116.581293,3007,0,0.00,45.6094,1.0000
11269724.0,5683.935440,22432.761408,28116.696848,3008,0,0.00,45.6594,1.0000
11269724.0,5683.935440,22432.761408,28116.696848,3009,0,0.00,45.7094,1.0000
11269724.0,5683.935440,22432.761408,28116.696848,3010,0,0.00,45.7594,1.0000
11270281.0,5684.513037,22436.474742,28120.987779,3011,0,0.00,45.7641,1.0000
11270915.0,5685.170482,22440.701408,28125.871890,3012,0,0.00,45.7766,1.0000
11272444.0,5686.756023,22450.894742,28137.650765,3013,0,0.00,45.7828,1.0000
11272483.0,5686.796465,22451.154742,28137.951207,3014,0,0.00,45.8016,1.0000
11272839.0,5687.165630,22453.528075,28140.693705,3015,0,0.00,45.8188,1.0000
11273014.0,5687.347101,22454.694742,28142.041843,3016,0,0.00,45.8234,1.0000
11273579.0,5687.932994,22458.461408,28146.394403,3017,0,0.00,45.8469,1.0000
11273600.0,5687.954771,22458.601408,28146.556179,3018,0,0.00,45.8516,1.0000
11274177.0,5688.553108,22462.448075,28151.001183,3019,0,0.00,45.8563,1.0000
11274179.0,5688.555182,22462.461408,28151.016590,3020,0,0.00,45.8609,1.0000
11274721.0,5689.117225,22466.074742,28155.191966,3021,0,0.00,45.8656,1.0000
11275614.0,5690.043247,22472.028075,28162.071322,3022,0,0.00,45.8703,1.0000
11275749.0,5690.183239,22472.928075,28163.111314,3023,0,0.00,45.8750,1.0000
11275749.0,5690.183239,22472.928075,28163.111314,3024,0,0.00,45.8797,1.0000
11275889.0,5690.328416,22473.861408,28164.189825,3025,0,0.00,45.8844,1.0000
11276757.0,5691.228514,22479.648075,28170.876589,3026,0,0.00,45.8906,1.0000
11276758.0,5691.229551,22479.654742,28170.884293,3027,0,0.00,45.8969,1.0000
11276758.0,5691.229551,22479.654742,28170.884293,3028,0,0.00,45.9031,1.0000
11276818.0,5691.291770,22480.054742,28171.346512,3029,0,0.00,45.9078,1.0000
11279061.0,5693.617714,22495.008075,28188.625789,3030,0,0.00,45.9125,1.0000
11279086.0,5693.643639,22495.174742,28188.818380,3031,0,0.00,45.9172,1.0000
11279198.0,5693.759780,22495.921408,28189.681189,3032,0,0.00,45.9219,1.0000
11280226.0,5694.825795,22502.774742,28197.600537,3033,0,0.00,45.9266,1.0000
11280514.0,5695.124445,22504.694742,28199.819187,3034,0,0.00,45.9313,1.0000
11280763.0,5695.382653,22506.354742,28201.737394,3035,0,0.00,45.9359,1.0000
11281894.0,5696.555476,22513.894742,28210.450218,3036,0,0.00,45.9531,1.0000
11282133.0,5696.803314,22515.488075,28212.291389,3037,0,0.00,45.9578,1.0000
11282139.0,5696.809536,22515.528075,28212.337611,3038,0,0.00,45.9828,1.0000
11282331.0,5697.008636,22516.808075,28213.816711,3039,0,0.00,45.9875,1.0000
11282513.0,5697.197366,22518.021408,28215.218775,3040,0,0.00,45.9922,1.0000
11282677.0,5697.367431,22519.114742,28216.482173,3041,0,0.00,46.0109,1.0000
11282766.0,5697.459722,22519.708075,28217.167797,3042,0,0.00,46.0156,1.0000
11282776.0,5697.470092,22519.774742,28217.244834,3043,0,0.00,46.0203,1.0000
11282797.0,5697.491868,22519.914742,28217.406610,3044,0,0.00,46.0250,1.0000
11283214.0,5697.924289,22522.694742,28220.619030,3045,0,0.00,46.0313,1.0000
11283214.0,5697.924289,22522.694742,28220.619030,3046,0,0.00,46.0375,1.0000
11283812.0,5698.544402,22526.681408,28225.225811,3047,0,0.00,46.0422,1.0000
11285501.0,5700.295860,22537.941408,28238.237268,3048,0,0.00,46.0469,1.0000
11285787.0,5700.592436,22539.848075,28240.440511,3049,0,0.00,46.0516,1.0000
11287708.0,5702.584473,22552.654742,28255.239215,3050,0,0.00,46.0563,1.0000
11288071.0,5702.960897,22555.074742,28258.035638,3051,0,0.00,46.0688,1.0000
11288620.0,5703.530198,22558.734742,28262.264940,3052,0,0.00,46.0703,1.0000
11288935.0,5703.856847,22560.834742,28264.691588,3053,0,0.00,46.0875,1.0000
11289401.0,5704.340079,22563.941408,28268.281487,3054,0,0.00,46.0922,1.0000
11289543.0,5704.487330,22564.888075,28269.375405,3055,0,0.00,46.1109,1.0000
11289560.0,5704.504959,22565.001408,28269.506367,3056,0,0.00,46.1156,1.0000
11289646.0,5704.594139,22565.574742,28270.168880,3057,0,0.00,46.1203,1.0000
11289692.0,5704.641840,22565.881408,28270.523248,3058,0,0.00,46.1391,1.0000
11289731.0,5704.682282,22566.141408,28270.823690,3059,0,0.00,46.1438,1.0000
11289750.0,5704.701985,22566.268075,28270.970060,3060,0,0.00,46.1625,1.0000
11290753.0,5705.742075,22572.954742,28278.696816,3061,0,0.00,46.1797,1.0000
11290804.0,5705.794961,22573.294742,28279.089702,3062,0,0.00,46.1969,1.0000
11290853.0,5705.845773,22573.621408,28279.467181,3063,0,0.00,46.2141,1.0000
11290907.0,5705.901769,22573.981408,28279.883178,3064,0,0.00,46.2313,1.0000
11291071.0,5706.071834,22575.074742,28281.146576,3065,0,0.00,46.2484,1.0000
11291121.0,5706.123683,22575.408075,28281.531758,3066,0,0.00,46.2656,1.0000
11291824.0,5706.852679,22580.094742,28286.947421,3067,0,0.00,46.2703,1.0000
11292087.0,5707.125405,22581.848075,28288.973480,3068,0,0.00,46.3203,1.0000
11292088.0,5707.126442,22581.854742,28288.981184,3069,0,0.00,46.3703,1.0000
11292364.0,5707.412648,22583.694742,28291.107390,3070,0,0.00,46.3750,1.0000
11292401.0,5707.451016,22583.941408,28291.392425,3071,0,0.00,46.3813,1.0000
11292666.0,5707.725816,22585.708075,28293.433891,3072,0,0.00,46.4313,1.0000
11292686.0,5707.746555,22585.841408,28293.587964,3073,0,0.00,46.4359,1.0000
11292973.0,5708.044168,22587.754742,28295.798910,3074,0,0.00,46.4406,1.0000
11293240.0,5708.321042,22589.534742,28297.855784,3075,0,0.00,46.4906,1.0000
11293876.0,5708.980561,22593.774742,28302.755302,3076,0,0.00,46.4953,1.0000
11294362.0,5709.484532,22597.014742,28306.499274,3077,0,0.00,46.5000,1.0000
11294456.0,5709.582009,22597.641408,28307.223417,3078,0,0.00,46.5047,1.0000
11294979.0,5710.124349,22601.128075,28311.252424,3079,0,0.00,46.5156,1.0000
11295242.0,5710.397074,22602.881408,28313.278482,3080,0,0.00,46.5203,1.0000
11295703.0,5710.875122,22605.954742,28316.829863,3081,0,0.00,46.5375,1.0000
11295705.0,5710.877195,22605.968075,28316.845270,3082,0,0.00,46.5547,1.0000
11295817.0,5710.993337,22606.714742,28317.708079,3083,0,0.00,46.5797,1.0000
11295850.0,5711.027557,22606.934742,28317.962299,3084,0,0.00,46.5969,1.0000
11295892.0,5711.071111,22607.214742,28318.285852,3085,0,0.00,46.6016,1.0000
11295956.0,5711.137477,22607.641408,28318.778886,3086,0,0.00,46.6188,1.0000
11296077.0,5711.262952,22608.448075,28319.711027,3087,0,0.00,46.6313,1.0000
11296145.0,5711.333466,22608.901408,28320.234875,3088,0,0.00,46.6484,1.0000
11296551.0,5711.754480,22611.608075,28323.362555,3089,0,0.00,46.8359,1.0000
11296874.0,5712.089424,22613.761408,28325.850832,3090,0,0.00,46.8406,1.0000
11297523.0,5712.762424,22618.088075,28330.850499,3091,0,0.00,46.8578,1.0000
11297764.0,5713.012336,22619.694742,28332.707077,3092,0,0.00,46.8625,1.0000
11297811.0,5713.061074,22620.008075,28333.069149,3093,0,0.00,46.8797,1.0000
11297812.0,5713.062111,22620.014742,28333.076852,3094,0,0.00,46.8922,1.0000
11298022.0,5713.279876,22621.414742,28334.694618,3095,0,0.00,46.9172,1.0000
11298055.0,5713.314097,22621.634742,28334.948838,3096,0,0.00,46.9219,1.0000
11298176.0,5713.439571,22622.441408,28335.880979,3097,0,0.00,46.9281,1.0000
11298308.0,5713.576452,22623.321408,28336.897861,3098,0,0.00,46.9531,1.0000
11298728.0,5714.011984,22626.121408,28340.133392,3099,0,0.00,46.9578,1.0000
11298875.0,5714.164419,22627.101408,28341.265828,3100,0,0.00,46.9859,1.0000
11299089.0,5714.386333,22628.528075,28342.914408,3101,0,0.00,47.0031,1.0000
11299099.0,5714.396703,22628.594742,28342.991444,3102,0,0.00,47.0156,1.0000
11299124.0,5714.422627,22628.761408,28343.184036,3103,0,0.00,47.0203,1.0000
11299712.0,5715.032371,22632.681408,28347.713779,3104,0,0.00,47.0266,1.0000
11299896.0,5715.223175,22633.908075,28349.131250,3105,0,0.00,47.0328,1.0000
11300486.0,5715.834993,22637.841408,28353.676401,3106,0,0.00,47.0375,1.0000
11300993.0,5716.360741,22641.221408,28357.582150,3107,0,0.00,47.0547,1.0000
11301086.0,5716.457180,22641.841408,28358.298589,3108,0,0.00,47.0719,1.0000
11301240.0,5716.616875,22642.868075,28359.484950,3109,0,0.00,47.0891,1.0000
11301577.0,5716.966337,22645.114742,28362.081079,3110,0,0.00,47.0938,1.0000
11301626.0,5717.017149,22645.441408,28362.458557,3111,0,0.00,47.0984,1.0000
11301682.0,5717.075220,22645.814742,28362.889962,3112,0,0.00,47.1234,1.0000
11301877.0,5717.277431,22647.114742,28364.392173,3113,0,0.00,47.1406,1.0000
11301997.0,5717.401868,22647.914742,28365.316610,3114,0,0.00,47.1453,1.0000
11302044.0,5717.450606,22648.228075,28365.678681,3115,0,0.00,47.1500,1.0000
11302075.0,5717.482753,22648.434742,28365.917494,3116,0,0.00,47.1672,1.0000
11302080.0,5717.487938,22648.468075,28365.956013,3117,0,0.00,47.1719,1.0000
11302151.0,5717.561563,22648.941408,28366.502972,3118,0,0.00,47.1891,1.0000
11302160.0,5717.570896,22649.001408,28366.572304,3119,0,0.00,47.1938,1.0000
11302283.0,5717.698444,22649.821408,28367.519853,3120,0,0.00,47.2063,1.0000
11303041.0,5718.484475,22654.874742,28373.359216,3121,0,0.00,47.2109,1.0000
11303303.0,5718.756163,22656.621408,28375.377572,3122,0,0.00,47.2281,1.0000
11303937.0,5719.413608,22660.848075,28380.261683,3123,0,0.00,47.2453,1.0000
11304159.0,5719.643817,22662.328075,28381.971892,3124,0,0.00,47.2578,1.0000
11304300.0,5719.790031,22663.268075,28383.058106,3125,0,0.00,47.2750,1.0000
11304320.0,5719.810771,22663.401408,28383.212179,3126,0,0.00,47.2797,1.0000
11304374.0,5719.866768,22663.761408,28383.628176,3127,0,0.00,47.2844,1.0000
11304463.0,5719.959059,22664.354742,28384.313801,3128,0,0.00,47.2859,1.0000
11304526.0,5720.024389,22664.774742,28384.799130,3129,0,0.00,47.2906,1.0000
11304608.0,5720.109421,22665.321408,28385.430829,3130,0,0.00,47.2953,1.0000
11305115.0,5720.635169,22668.701408,28389.336578,3131,0,0.00,47.3000,1.0000
11305159.0,5720.680797,22668.994742,28389.675538,3132,0,0.00,47.3047,1.0000
11305285.0,5720.811456,22669.834742,28390.646198,3133,0,0.00,47.3094,1.0000
11305484.0,5721.017815,22671.161408,28392.179223,3134,0,0.00,47.3141,1.0000
11305557.0,5721.093514,22671.648075,28392.741589,3135,0,0.00,47.3313,1.0000
11305559.0,5721.095588,22671.661408,28392.756997,3136,0,0.00,47.3484,1.0000
11305743.0,5721.286392,22672.888075,28394.174467,3137,0,0.00,47.3609,1.0000
11305795.0,5721.340315,22673.234742,28394.575057,3138,0,0.00,47.3703,1.0000
11305955.0,5721.506232,22674.301408,28395.807640,3139,0,0.00,47.3797,1.0000
11306260.0,5721.822511,22676.334742,28398.157252,3140,0,0.00,47.3922,1.0000
11306401.0,5721.968725,22677.274742,28399.243466,3141,0,0.00,47.3969,1.0000
11307339.0,5722.941411,22683.528075,28406.469486,3142,0,0.00,47.4016,1.0000
11307342.0,5722.944522,22683.548075,28406.492597,3143,0,0.00,47.4063,1.0000
11307692.0,5723.307465,22685.881408,28409.188873,3144,0,0.00,47.4234,1.0000
11307831.0,5723.451605,22686.808075,28410.259680,3145,0,0.00,47.4281,1.0000
11307838.0,5723.458864,22686.854742,28410.313605,3146,0,0.00,47.4328,1.0000
11308020.0,5723.647594,22688.068075,28411.715669,3147,0,0.00,47.4500,1.0000
11308024.0,5723.651742,22688.094742,28411.746484,3148,0,0.00,47.4672,1.0000
11308521.0,5724.167120,22691.408075,28415.575195,3149,0,0.00,47.4719,1.0000
11308788.0,5724.443994,22693.188075,28417.632069,3150,0,0.00,47.4891,1.0000
11308789.0,5724.445031,22693.194742,28417.639773,3151,0,0.00,47.5063,1.0000
11308789.0,5724.445031,22693.194742,28417.639773,3152,0,0.00,47.5234,1.0000
11309094.0,5724.761310,22695.228075,28419.989385,3153,0,0.00,47.5281,1.0000
11309611.0,5725.297428,22698.674742,28423.972169,3154,0,0.00,47.5453,1.0000
11310041.0,5725.743329,22701.541408,28427.284737,3155,0,0.00,47.5703,1.0000
11310151.0,5725.857397,22702.274742,28428.132138,3156,0,0.00,47.5875,1.0000
11310354.0,5726.067903,22703.628075,28429.695978,3157,0,0.00,47.6047,1.0000
11310355.0,5726.068940,22703.634742,28429.703682,3158,0,0.00,47.6094,1.0000
11310513.0,5726.232783,22704.688075,28430.920858,3159,0,0.00,47.6266,1.0000
11310674.0,5726.399737,22705.761408,28432.161145,3160,0,0.00,47.6328,1.0000
11310689.0,5726.415291,22705.861408,28432.276700,3161,0,0.00,47.6422,1.0000
11310928.0,5726.663129,22707.454742,28434.117871,3162,0,0.00,47.6547,1.0000
11310944.0,5726.679721,22707.561408,28434.241129,3163,0,0.00,47.6594,1.0000
11311054.0,5726.793789,22708.294742,28435.088530,3164,0,0.00,47.6656,1.0000
11311061.0,5726.801048,22708.341408,28435.142456,3165,0,0.00,47.6703,1.0000
11311657.0,5727.419087,22712.314742,28439.733829,3166,0,0.00,47.6875,1.0000
11311666.0,5727.428420,22712.374742,28439.803162,3167,0,0.00,47.7063,1.0000
11312135.0,5727.914763,22715.501408,28443.416172,3168,0,0.00,47.7109,1.0000
11312135.0,5727.914763,22715.501408,28443.416172,3169,0,0.00,47.7297,1.0000
11312226.0,5728.009128,22716.108075,28444.117203,3170,0,0.00,47.7344,1.0000
11312470.0,5728.262151,22717.734742,28445.996893,3171,0,0.00,47.7516,1.0000
11312471.0,5728.263188,22717.741408,28446.004597,3172,0,0.00,47.7688,1.0000
11312511.0,5728.304667,22718.008075,28446.312742,3173,0,0.00,47.7734,1.0000
11312599.0,5728.395922,22718.594742,28446.990663,3174,0,0.00,47.7781,1.0000
11312619.0,5728.416661,22718.728075,28447.144736,3175,0,0.00,47.7828,1.0000
11312689.0,5728.489250,22719.194742,28447.683991,3176,0,0.00,47.7953,1.0000
11312702.0,5728.502730,22719.281408,28447.784139,3177,0,0.00,47.8078,1.0000
11312714.0,5728.515174,22719.361408,28447.876582,3178,0,0.00,47.8250,1.0000
11313813.0,5729.654814,22726.688075,28456.342889,3179,0,0.00,47.8297,1.0000
11314353.0,5730.214783,22730.288075,28460.502858,3180,0,0.00,47.8391,1.0000
11314975.0,5730.859784,22734.434742,28465.294526,3181,0,0.00,47.8563,1.0000
11314980.0,5730.864969,22734.468075,28465.333044,3182,0,0.00,47.8734,1.0000
11315316.0,5731.213394,22736.708075,28467.921469,3183,0,0.00,47.8906,1.0000
11315325.0,5731.222727,22736.768075,28467.990802,3184,0,0.00,47.8953,1.0000
11315566.0,5731.472639,22738.374742,28469.847380,3185,0,0.00,47.9125,1.0000
11315619.0,5731.527599,22738.728075,28470.255674,3186,0,0.00,47.9625,1.0000
11315620.0,5731.528636,22738.734742,28470.263377,3187,0,0.00,48.0125,1.0000
11315648.0,5731.557671,22738.921408,28470.479079,3188,0,0.00,48.0297,1.0000
11316323.0,5732.257632,22743.421408,28475.679040,3189,0,0.00,48.0797,1.0000
11316417.0,5732.355108,22744.048075,28476.403183,3190,0,0.00,48.1078,1.0000
11316517.0,5732.458806,22744.714742,28477.173548,3191,0,0.00,48.1313,1.0000
11316613.0,5732.558356,22745.354742,28477.913098,3192,0,0.00,48.1359,1.0000
11317139.0,5733.103807,22748.861408,28481.965215,3193,0,0.00,48.1859,1.0000
11317435.0,5733.410753,22750.834742,28484.245494,3194,0,0.00,48.2094,1.0000
11318199.0,5734.203005,22755.928075,28490.131080,3195,0,0.00,48.2266,1.0000
11318984.0,5735.017034,22761.161408,28496.178442,3196,0,0.00,48.2516,1.0000
11319495.0,5735.546930,22764.568075,28500.115005,3197,0,0.00,48.2641,1.0000
11319867.0,5735.932686,22767.048075,28502.980761,3198,0,0.00,48.2781,1.0000
11320289.0,5736.370291,22769.861408,28506.231700,3199,0,0.00,48.2844,1.0000
11320344.0,5736.427325,22770.228075,28506.655400,3200,0,0.00,48.2891,1.0000
11320658.0,5736.752937,22772.321408,28509.074345,3201,0,0.00,48.3078,1.0000
11320663.0,5736.758122,22772.354742,28509.112863,3202,0,0.00,48.3203,1.0000
11321214.0,5737.329497,22776.028075,28513.357572,3203,0,0.00,48.3375,1.0000
11321303.0,5737.421788,22776.621408,28514.043197,3204,0,0.00,48.3547,1.0000
11322795.0,5738.968961,22786.568075,28525.537036,3205,0,0.00,48.3719,1.0000
11322970.0,5739.150432,22787.734742,28526.885174,3206,0,0.00,48.3766,1.0000
11323711.0,5739.918834,22792.674742,28532.593576,3207,0,0.00,48.3938,1.0000
11323712.0,5739.919871,22792.681408,28532.601279,3208,0,0.00,48.3953,1.0000
11324787.0,5741.034624,22799.848075,28540.882699,3209,0,0.00,48.4125,1.0000
11325996.0,5742.288331,22807.908075,28550.196406,3210,0,0.00,48.4188,1.0000
11326552.0,5742.864892,22811.614742,28554.479634,3211,0,0.00,48.4234,1.0000
11326557.0,5742.870077,22811.648075,28554.518152,3212,0,0.00,48.4281,1.0000
11326617.0,5742.932295,22812.048075,28554.980370,3213,0,0.00,48.4328,1.0000
11327321.0,5743.662329,22816.741408,28560.403737,3214,0,0.00,48.4578,1.0000
11327553.0,5743.902908,22818.288075,28562.190983,3215,0,0.00,48.4750,1.0000
11327628.0,5743.980681,22818.788075,28562.768756,3216,0,0.00,48.4797,1.0000
11327808.0,5744.167338,22819.988075,28564.155413,3217,0,0.00,48.4859,1.0000
11327857.0,5744.218150,22820.314742,28564.532891,3218,0,0.00,48.5031,1.0000
11328029.0,5744.396510,22821.461408,28565.857918,3219,0,0.00,48.5203,1.0000
11328518.0,5744.903593,22824.721408,28569.625001,3220,0,0.00,48.5391,1.0000
11328655.0,5745.045659,22825.634742,28570.680401,3221,0,0.00,48.5641,1.0000
11328658.0,5745.048770,22825.654742,28570.703512,3222,0,0.00,48.5703,1.0000
11329249.0,5745.661625,22829.594742,28575.256366,3223,0,0.00,48.5875,1.0000
11329592.0,5746.017309,22831.881408,28577.898717,3224,0,0.00,48.6156,1.0000
11330058.0,5746.500541,22834.988075,28581.488616,3225,0,0.00,48.6328,1.0000
11330066.0,5746.508837,22835.041408,28581.550245,3226,0,0.00,48.6563,1.0000
11330194.0,5746.641570,22835.894742,28582.536312,3227,0,0.00,48.6797,1.0000
11330571.0,5747.032511,22838.408075,28585.440586,3228,0,0.00,48.7047,1.0000
11331587.0,5748.086082,22845.181408,28593.267490,3229,0,0.00,48.7172,1.0000
11332334.0,5748.860705,22850.161408,28599.022114,3230,0,0.00,48.7344,1.0000
11332554.0,5749.088841,22851.628075,28600.716916,3231,0,0.00,48.7469,1.0000
11333050.0,5749.603182,22854.934742,28604.537924,3232,0,0.00,48.7688,1.0000
11333556.0,5750.127894,22858.308075,28608.435969,3233,0,0.00,48.7969,1.0000
11333598.0,5750.171447,22858.588075,28608.759522,3234,0,0.00,48.8250,1.0000
11333777.0,5750.357066,22859.781408,28610.138475,3235,0,0.00,48.8438,1.0000
11333783.0,5750.363288,22859.821408,28610.184697,3236,0,0.00,48.8625,1.0000
11333784.0,5750.364325,22859.828075,28610.192400,3237,0,0.00,48.8875,1.0000
11333794.0,5750.374695,22859.894742,28610.269437,3238,0,0.00,48.8922,1.0000
11333839.0,5750.421359,22860.194742,28610.616101,3239,0,0.00,48.9109,1.0000
11334076.0,5750.667123,22861.774742,28612.441865,3240,0,0.00,48.9172,1.0000
11334457.0,5751.062212,22864.314742,28615.376954,3241,0,0.00,48.9234,1.0000
11334738.0,5751.353603,22866.188075,28617.541678,3242,0,0.00,48.9516,1.0000
11334827.0,5751.445894,22866.781408,28618.227303,3243,0,0.00,48.9688,1.0000
11334837.0,5751.456264,22866.848075,28618.304339,3244,0,0.00,48.9859,1.0000
11335068.0,5751.695806,22868.388075,28620.083881,3245,0,0.00,49.0094,1.0000
11335337.0,5751.974754,22870.181408,28622.156162,3246,0,0.00,49.0266,1.0000
11335740.0,5752.392656,22872.868075,28625.260731,3247,0,0.00,49.0438,1.0000
11335976.0,5752.637384,22874.441408,28627.078792,3248,0,0.00,49.0609,1.0000
11336136.0,5752.803300,22875.508075,28628.311375,3249,0,0.00,49.0781,1.0000
11336520.0,5753.201500,22878.068075,28631.269575,3250,0,0.00,49.0969,1.0000
11336605.0,5753.289643,22878.634742,28631.924385,3251,0,0.00,49.1016,1.0000
11336813.0,5753.505335,22880.021408,28633.526743,3252,0,0.00,49.1063,1.0000
11336858.0,5753.551999,22880.321408,28633.873407,3253,0,0.00,49.1125,1.0000
11337351.0,5754.063230,22883.608075,28637.671305,3254,0,0.00,49.1188,1.0000
11337449.0,5754.164854,22884.261408,28638.426262,3255,0,0.00,49.1359,1.0000
11338310.0,5755.057693,22890.001408,28645.059101,3256,0,0.00,49.1547,1.0000
11338430.0,5755.182130,22890.801408,28645.983539,3257,0,0.00,49.1672,1.0000
11338782.0,5755.547147,22893.148075,28648.695222,3258,0,0.00,49.1906,1.0000
11339265.0,5756.048008,22896.368075,28652.416083,3259,0,0.00,49.2078,1.0000
11340048.0,5756.859963,22901.588075,28658.448038,3260,0,0.00,49.2359,1.0000
11340147.0,5756.962624,22902.248075,28659.210699,3261,0,0.00,49.2547,1.0000
11340203.0,5757.020694,22902.621408,28659.642103,3262,0,0.00,49.2719,1.0000
11340782.0,5757.621105,22906.481408,28664.102514,3263,0,0.00,49.2781,1.0000
11340817.0,5757.657400,22906.714742,28664.372141,3264,0,0.00,49.3281,1.0000
11340817.0,5757.657400,22906.714742,28664.372141,3265,0,0.00,49.3781,1.0000
11342386.0,5759.284420,22917.174742,28676.459162,3266,0,0.00,49.3953,1.0000
11342410.0,5759.309307,22917.334742,28676.644049,3267,0,0.00,49.4125,1.0000
11342436.0,5759.336269,22917.508075,28676.844344,3268,0,0.00,49.4297,1.0000
11342458.0,5759.359082,22917.654742,28677.013824,3269,0,0.00,49.4469,1.0000
11342524.0,5759.427523,22918.094742,28677.522265,3270,0,0.00,49.4656,1.0000
11342609.0,5759.515666,22918.661408,28678.177075,3271,0,0.00,49.4844,1.0000
11342677.0,5759.586181,22919.114742,28678.700923,3272,0,0.00,49.4984,1.0000
11343842.0,5760.794262,22926.881408,28687.675670,3273,0,0.00,49.5031,1.0000
11345006.0,5762.001305,22934.641408,28696.642714,3274,0,0.00,49.5078,1.0000
11345074.0,5762.071820,22935.094742,28697.166562,3275,0,0.00,49.5266,1.0000
11345551.0,5762.566459,22938.274742,28700.841201,3276,0,0.00,49.5391,1.0000
11345812.0,5762.837111,22940.014742,28702.851852,3277,0,0.00,49.5641,1.0000
11345865.0,5762.892070,22940.368075,28703.260145,3278,0,0.00,49.5797,1.0000
11346208.0,5763.247754,22942.654742,28705.902496,3279,0,0.00,49.5969,1.0000
11346233.0,5763.273679,22942.821408,28706.095087,3280,0,0.00,49.6141,1.0000
11346237.0,5763.277827,22942.848075,28706.125902,3281,0,0.00,49.6313,1.0000
11346548.0,5763.600327,22944.921408,28708.521736,3282,0,0.00,49.6484,1.0000
11346552.0,5763.604475,22944.948075,28708.552550,3283,0,0.00,49.6656,1.0000
11346580.0,5763.633511,22945.134742,28708.768252,3284,0,0.00,49.6828,1.0000
11346580.0,5763.633511,22945.134742,28708.768252,3285,0,0.00,49.7078,1.0000
11346627.0,5763.682249,22945.448075,28709.130324,3286,0,0.00,49.7250,1.0000
11346674.0,5763.730987,22945.761408,28709.492395,3287,0,0.00,49.7422,1.0000
11346674.0,5763.730987,22945.761408,28709.492395,3288,0,0.00,49.7594,1.0000
11346677.0,5763.734098,22945.781408,28709.515506,3289,0,0.00,49.7766,1.0000
11346750.0,5763.809797,22946.268075,28710.077872,3290,0,0.00,49.7938,1.0000
11346985.0,5764.053487,22947.834742,28711.888229,3291,0,0.00,49.8063,1.0000
11347713.0,5764.808408,22952.688075,28717.496483,3292,0,0.00,49.8156,1.0000
11347766.0,5764.863368,22953.041408,28717.904776,3293,0,0.00,49.8203,1.0000
11347958.0,5765.062468,22954.321408,28719.383876,3294,0,0.00,49.8297,1.0000
11348318.0,5765.435780,22956.721408,28722.157189,3295,0,0.00,49.8547,1.0000
11349386.0,5766.543274,22963.841408,28730.384682,3296,0,0.00,49.8672,1.0000
11350954.0,5768.169257,22974.294742,28742.463999,3297,0,0.00,49.8797,1.0000
11353053.0,5770.345877,22988.288075,28758.633952,3298,0,0.00,49.8891,1.0000
11355852.0,5773.248381,23006.948075,28780.196456,3299,0,0.00,49.8953,1.0000
11356078.0,5773.482739,23008.454742,28781.937480,3300,0,0.00,49.9016,1.0000
11358612.0,5776.110444,23025.348075,28801.458519,3301,0,0.00,49.9188,1.0000
11358995.0,5776.507607,23027.901408,28804.409015,3302,0,0.00,49.9375,1.0000
11359537.0,5777.069650,23031.514742,28808.584391,3303,0,0.00,49.9563,1.0000
11360750.0,5778.327505,23039.601408,28817.928914,3304,0,0.00,49.9609,1.0000
11360933.0,5778.517273,23040.821408,28819.338681,3305,0,0.00,49.9656,1.0000
11362479.0,5780.120442,23051.128075,28831.248517,3306,0,0.00,49.9906,1.0000
11363194.0,5780.861882,23055.894742,28836.756624,3307,0,0.00,50.0094,1.0000
11363738.0,5781.425999,23059.521408,28840.947407,3308,0,0.00,50.0594,1.0000
11363869.0,5781.561843,23060.394742,28841.956585,3309,0,0.00,50.0828,1.0000
11364551.0,5782.269063,23064.941408,28847.210472,3310,0,0.00,50.1000,1.0000
11364553.0,5782.271137,23064.954742,28847.225879,3311,0,0.00,50.1172,1.0000
11364986.0,5782.720149,23067.841408,28850.561557,3312,0,0.00,50.1672,1.0000
11365118.0,5782.857030,23068.721408,28851.578439,3313,0,0.00,50.1922,1.0000
11365658.0,5783.416999,23072.321408,28855.738407,3314,0,0.00,50.2109,1.0000
11365697.0,5783.457441,23072.581408,28856.038850,3315,0,0.00,50.2281,1.0000
11367081.0,5784.892620,23081.808075,28866.700695,3316,0,0.00,50.2344,1.0000
11367728.0,5785.563546,23086.121408,28871.684954,3317,0,0.00,50.2578,1.0000
11367781.0,5785.618506,23086.474742,28872.093248,3318,0,0.00,50.2625,1.0000
11368784.0,5786.658596,23093.161408,28879.820004,3319,0,0.00,50.2813,1.0000
11368995.0,5786.877399,23094.568075,28881.445474,3320,0,0.00,50.2984,1.0000
11370418.0,5788.353020,23104.054742,28892.407762,3321,0,0.00,50.3156,1.0000
11374453.0,5792.537231,23130.954742,28923.491973,3322,0,0.00,50.3281,1.0000
11374480.0,5792.565229,23131.134742,28923.699971,3323,0,0.00,50.3406,1.0000
11374484.0,5792.569377,23131.161408,28923.730786,3324,0,0.00,50.3531,1.0000
11374538.0,5792.625374,23131.521408,28924.146782,3325,0,0.00,50.3719,1.0000
11375073.0,5793.180158,23135.088075,28928.268233,3326,0,0.00,50.3781,1.0000
11375079.0,5793.186380,23135.128075,28928.314455,3327,0,0.00,50.3844,1.0000
11375088.0,5793.195713,23135.188075,28928.383788,3328,0,0.00,50.3969,1.0000
11375504.0,5793.627096,23137.961408,28931.588504,3329,0,0.00,50.4016,1.0000
11375513.0,5793.636429,23138.021408,28931.657837,3330,0,0.00,50.4203,1.0000
11375734.0,5793.865601,23139.494742,28933.360343,3331,0,0.00,50.4328,1.0000
11375915.0,5794.053294,23140.701408,28934.754703,3332,0,0.00,50.4422,1.0000
11379036.0,5797.289706,23161.508075,28958.797781,3333,0,0.00,50.4656,1.0000
11379213.0,5797.473252,23162.688075,28960.161327,3334,0,0.00,50.4828,1.0000
11379234.0,5797.495028,23162.828075,28960.323103,3335,0,0.00,50.5000,1.0000
11379234.0,5797.495028,23162.828075,28960.323103,3336,0,0.00,50.5172,1.0000
11379238.0,5797.499176,23162.854742,28960.353918,3337,0,0.00,50.5234,1.0000
11379280.0,5797.542729,23163.134742,28960.677471,3338,0,0.00,50.5406,1.0000
11380685.0,5798.999685,23172.501408,28971.501093,3339,0,0.00,50.5469,1.0000
11380757.0,5799.074348,23172.981408,28972.055756,3340,0,0.00,50.5594,1.0000
11380957.0,5799.281743,23174.314742,28973.596485,3341,0,0.00,50.5688,1.0000
11381329.0,5799.667500,23176.794742,28976.462241,3342,0,0.00,50.5922,1.0000
11382577.0,5800.961650,23185.114742,28986.076391,3343,0,0.00,50.6047,1.0000
11382810.0,5801.203266,23186.668075,28987.871341,3344,0,0.00,50.6328,1.0000
11383017.0,5801.417920,23188.048075,28989.465995,3345,0,0.00,50.6609,1.0000
11383105.0,5801.509175,23188.634742,28990.143916,3346,0,0.00,50.6891,1.0000
11383190.0,5801.597318,23189.201408,28990.798726,3347,0,0.00,50.6938,1.0000
11383231.0,5801.639834,23189.474742,28991.114576,3348,0,0.00,50.7000,1.0000
11383655.0,5802.079513,23192.301408,28994.380922,3349,0,0.00,50.7094,1.0000
11383763.0,5802.191507,23193.021408,28995.212915,3350,0,0.00,50.7141,1.0000
11383838.0,5802.269280,23193.521408,28995.790689,3351,0,0.00,50.7281,1.0000
11383847.0,5802.278613,23193.581408,28995.860022,3352,0,0.00,50.7344,1.0000
11383876.0,5802.308686,23193.774742,28996.083427,3353,0,0.00,50.7484,1.0000
11384054.0,5802.493268,23194.961408,28997.454676,3354,0,0.00,50.7547,1.0000
11384169.0,5802.612520,23195.728075,28998.340595,3355,0,0.00,50.7719,1.0000
11384376.0,5802.827175,23197.108075,28999.935250,3356,0,0.00,50.7906,1.0000
11384416.0,5802.868654,23197.374742,29000.243396,3357,0,0.00,50.8078,1.0000
11384554.0,5803.011757,23198.294742,29001.306499,3358,0,0.00,50.8250,1.0000
11384702.0,5803.165230,23199.281408,29002.446639,3359,0,0.00,50.8484,1.0000
11384952.0,5803.424475,23200.948075,29004.372550,3360,0,0.00,50.8656,1.0000
11385093.0,5803.570689,23201.888075,29005.458764,3361,0,0.00,50.8750,1.0000
11385488.0,5803.980296,23204.521408,29008.501704,3362,0,0.00,50.9031,1.0000
11385518.0,5804.011405,23204.721408,29008.732814,3363,0,0.00,50.9313,1.0000
11385654.0,5804.152435,23205.628075,29009.780510,3364,0,0.00,50.9594,1.0000
11385921.0,5804.429308,23207.408075,29011.837383,3365,0,0.00,50.9875,1.0000
11386303.0,5804.825434,23209.954742,29014.780176,3366,0,0.00,50.9922,1.0000
11386521.0,5805.051495,23211.408075,29016.459570,3367,0,0.00,51.0203,1.0000
11386542.0,5805.073272,23211.548075,29016.621347,3368,0,0.00,51.0266,1.0000
11386791.0,5805.331480,23213.208075,29018.539555,3369,0,0.00,51.0313,1.0000
11386927.0,5805.472509,23214.114742,29019.587251,3370,0,0.00,51.0359,1.0000
11386977.0,5805.524358,23214.448075,29019.972433,3371,0,0.00,51.0406,1.0000
11387270.0,5805.828193,23216.401408,29022.229601,3372,0,0.00,51.0578,1.0000
11387394.0,5805.956778,23217.228075,29023.184853,3373,0,0.00,51.0625,1.0000
11387406.0,5805.969222,23217.308075,29023.277297,3374,0,0.00,51.1125,1.0000
11388021.0,5806.606964,23221.408075,29028.015039,3375,0,0.00,51.1172,1.0000
11388228.0,5806.821619,23222.788075,29029.609694,3376,0,0.00,51.1672,1.0000
11389419.0,5808.056661,23230.728075,29038.784736,3377,0,0.00,51.1922,1.0000
11389501.0,5808.141693,23231.274742,29039.416435,3378,0,0.00,51.2094,1.0000
11389775.0,5808.425826,23233.101408,29041.527234,3379,0,0.00,51.2328,1.0000
11391230.0,5809.934630,23242.801408,29052.736039,3380,0,0.00,51.2500,1.0000
11391236.0,5809.940852,23242.841408,29052.782261,3381,0,0.00,51.2672,1.0000
11391260.0,5809.965740,23243.001408,29052.967148,3382,0,0.00,51.2844,1.0000
11391292.0,5809.998923,23243.214742,29053.213665,3383,0,0.00,51.3016,1.0000
11394083.0,5812.893132,23261.821408,29074.714540,3384,0,0.00,51.3141,1.0000
11394461.0,5813.285110,23264.341408,29077.626518,3385,0,0.00,51.3266,1.0000
11395188.0,5814.038994,23269.188075,29083.227069,3386,0,0.00,51.3438,1.0000
11395205.0,5814.056623,23269.301408,29083.358031,3387,0,0.00,51.3609,1.0000
11395230.0,5814.082547,23269.468075,29083.550622,3388,0,0.00,51.3891,1.0000
11395364.0,5814.221502,23270.361408,29084.582911,3389,0,0.00,51.4016,1.0000
11395792.0,5814.665329,23273.214742,29087.880071,3390,0,0.00,51.4281,1.0000
11396113.0,5814.998200,23275.354742,29090.352941,3391,0,0.00,51.4453,1.0000
11396290.0,5815.181745,23276.534742,29091.716487,3392,0,0.00,51.4578,1.0000
11396312.0,5815.204559,23276.681408,29091.885967,3393,0,0.00,51.4766,1.0000
11396799.0,5815.709567,23279.928075,29095.637642,3394,0,0.00,51.4891,1.0000
11397759.0,5816.705067,23286.328075,29103.033142,3395,0,0.00,51.5141,1.0000
11398169.0,5817.130229,23289.061408,29106.191637,3396,0,0.00,51.5313,1.0000
11398239.0,5817.202817,23289.528075,29106.730892,3397,0,0.00,51.5484,1.0000
11398590.0,5817.566797,23291.868075,29109.434872,3398,0,0.00,51.5656,1.0000
11398654.0,5817.633164,23292.294742,29109.927905,3399,0,0.00,51.5703,1.0000
11400759.0,5819.816005,23306.328075,29126.144080,3400,0,0.00,51.5828,1.0000
11400761.0,5819.818079,23306.341408,29126.159487,3401,0,0.00,51.5875,1.0000
11400990.0,5820.055547,23307.868075,29127.923622,3402,0,0.00,51.6156,1.0000
11401102.0,5820.171689,23308.614742,29128.786430,3403,0,0.00,51.6219,1.0000
11401470.0,5820.553297,23311.068075,29131.621372,3404,0,0.00,51.6281,1.0000
11401602.0,5820.690178,23311.948075,29132.638253,3405,0,0.00,51.6516,1.0000
11401708.0,5820.800098,23312.654742,29133.454840,3406,0,0.00,51.6703,1.0000
11401813.0,5820.908981,23313.354742,29134.263723,3407,0,0.00,51.6750,1.0000
11401815.0,5820.911055,23313.368075,29134.279130,3408,0,0.00,51.7031,1.0000
11402540.0,5821.662865,23318.201408,29139.864273,3409,0,0.00,51.7203,1.0000
11402969.0,5822.107729,23321.061408,29143.169137,3410,0,0.00,51.7375,1.0000
11402972.0,5822.110840,23321.081408,29143.192248,3411,0,0.00,51.7547,1.0000
11403719.0,5822.885463,23326.061408,29148.946872,3412,0,0.00,51.7594,1.0000
11403754.0,5822.921757,23326.294742,29149.216499,3413,0,0.00,51.7766,1.0000
11403804.0,5822.973606,23326.628075,29149.601681,3414,0,0.00,51.8047,1.0000
11403954.0,5823.129153,23327.628075,29150.757228,3415,0,0.00,51.8234,1.0000
11404007.0,5823.184113,23327.981408,29151.165522,3416,0,0.00,51.8375,1.0000
11404118.0,5823.299218,23328.721408,29152.020626,3417,0,0.00,51.8422,1.0000
11404187.0,5823.370769,23329.181408,29152.552178,3418,0,0.00,51.8594,1.0000
11404234.0,5823.419507,23329.494742,29152.914249,3419,0,0.00,51.8766,1.0000
11404376.0,5823.566759,23330.441408,29154.008167,3420,0,0.00,51.9000,1.0000
11404788.0,5823.993994,23333.188075,29157.182069,3421,0,0.00,51.9047,1.0000
11405134.0,5824.352789,23335.494742,29159.847530,3422,0,0.00,51.9141,1.0000
11405247.0,5824.469967,23336.248075,29160.718042,3423,0,0.00,51.9313,1.0000
11405809.0,5825.052750,23339.994742,29165.047491,3424,0,0.00,51.9359,1.0000
11405819.0,5825.063119,23340.061408,29165.124528,3425,0,0.00,51.9609,1.0000
11405829.0,5825.073489,23340.128075,29165.201564,3426,0,0.00,51.9656,1.0000
11405860.0,5825.105636,23340.334742,29165.440377,3427,0,0.00,51.9703,1.0000
11406026.0,5825.277774,23341.441408,29166.719182,3428,0,0.00,51.9953,1.0000
11406028.0,5825.279848,23341.454742,29166.734590,3429,0,0.00,52.0203,1.0000
11406210.0,5825.468578,23342.668075,29168.136653,3430,0,0.00,52.0250,1.0000
11406437.0,5825.703973,23344.181408,29169.885381,3431,0,0.00,52.0297,1.0000
11406529.0,5825.799375,23344.794742,29170.594116,3432,0,0.00,52.0344,1.0000
11406672.0,5825.947663,23345.748075,29171.695738,3433,0,0.00,52.0391,1.0000
11407033.0,5826.322012,23348.154742,29174.476754,3434,0,0.00,52.0641,1.0000
11409573.0,5828.955939,23365.088075,29194.044014,3435,0,0.00,52.0813,1.0000
11409971.0,5829.368657,23367.741408,29197.110065,3436,0,0.00,52.0984,1.0000
11410167.0,5829.571905,23369.048075,29198.619980,3437,0,0.00,52.1031,1.0000
11410212.0,5829.618569,23369.348075,29198.966644,3438,0,0.00,52.1266,1.0000
11410216.0,5829.622717,23369.374742,29198.997459,3439,0,0.00,52.1438,1.0000
11410673.0,5830.096616,23372.421408,29202.518025,3440,0,0.00,52.1688,1.0000
11410797.0,5830.225202,23373.248075,29203.473277,3441,0,0.00,52.1859,1.0000
11411490.0,5830.943828,23377.868075,29208.811903,3442,0,0.00,52.2359,1.0000
11411964.0,5831.435356,23381.028075,29212.463431,3443,0,0.00,52.2531,1.0000
11412186.0,5831.665566,23382.508075,29214.173641,3444,0,0.00,52.3031,1.0000
11412186.0,5831.665566,23382.508075,29214.173641,3445,0,0.00,52.3531,1.0000
11412502.0,5831.993251,23384.614742,29216.607993,3446,0,0.00,52.3594,1.0000
11412756.0,5832.256644,23386.308075,29218.564719,3447,0,0.00,52.3781,1.0000
11413320.0,5832.841500,23390.068075,29222.909575,3448,0,0.00,52.3828,1.0000
11413400.0,5832.924459,23390.601408,29223.525867,3449,0,0.00,52.3891,1.0000
11413764.0,5833.301919,23393.028075,29226.329994,3450,0,0.00,52.4109,1.0000
11413796.0,5833.335102,23393.241408,29226.576511,3451,0,0.00,52.4156,1.0000
11414346.0,5833.905441,23396.908075,29230.813516,3452,0,0.00,52.4203,1.0000
11414563.0,5834.130465,23398.354742,29232.485207,3453,0,0.00,52.4250,1.0000
11414652.0,5834.222756,23398.948075,29233.170831,3454,0,0.00,52.4500,1.0000
11414701.0,5834.273568,23399.274742,29233.548310,3455,0,0.00,52.4750,1.0000
11414707.0,5834.279790,23399.314742,29233.594532,3456,0,0.00,52.4797,1.0000
11414835.0,5834.412524,23400.168075,29234.580599,3457,0,0.00,52.5078,1.0000
11415575.0,5835.179888,23405.101408,29240.281297,3458,0,0.00,52.5125,1.0000
11415575.0,5835.179888,23405.101408,29240.281297,3459,0,0.00,52.5172,1.0000
11415617.0,5835.223441,23405.381408,29240.604850,3460,0,0.00,52.5219,1.0000
11415618.0,5835.224478,23405.388075,29240.612553,3461,0,0.00,52.5391,1.0000
11415685.0,5835.293956,23405.834742,29241.128698,3462,0,0.00,52.5453,1.0000
11415707.0,5835.316769,23405.981408,29241.298178,3463,0,0.00,52.5625,1.0000
11415929.0,5835.546979,23407.461408,29243.008387,3464,0,0.00,52.5641,1.0000
11415933.0,5835.551127,23407.488075,29243.039202,3465,0,0.00,52.5828,1.0000
11415950.0,5835.568755,23407.601408,29243.170164,3466,0,0.00,52.5875,1.0000
11416299.0,5835.930661,23409.928075,29245.858736,3467,0,0.00,52.6156,1.0000
11416358.0,5835.991843,23410.321408,29246.313251,3468,0,0.00,52.6438,1.0000
11416364.0,5835.998065,23410.361408,29246.359473,3469,0,0.00,52.6484,1.0000
11416411.0,5836.046803,23410.674742,29246.721544,3470,0,0.00,52.6531,1.0000
11416461.0,5836.098652,23411.008075,29247.106727,3471,0,0.00,52.6719,1.0000
11417306.0,5836.974899,23416.641408,29253.616307,3472,0,0.00,52.6781,1.0000
11417316.0,5836.985269,23416.708075,29253.693344,3473,0,0.00,52.8156,1.0000
11417650.0,5837.331620,23418.934742,29256.266362,3474,0,0.00,52.8203,1.0000
11417959.0,5837.652047,23420.994742,29258.646788,3475,0,0.00,52.8375,1.0000
11418907.0,5838.635103,23427.314742,29265.949844,3476,0,0.00,52.8422,1.0000
11419940.0,5839.706302,23434.201408,29273.907711,3477,0,0.00,52.8594,1.0000
11420025.0,5839.794445,23434.768075,29274.562520,3478,0,0.00,52.8641,1.0000
11420029.0,5839.798593,23434.794742,29274.593335,3479,0,0.00,52.8813,1.0000
11420074.0,5839.845257,23435.094742,29274.939999,3480,0,0.00,52.8984,1.0000
11420949.0,5840.752614,23440.928075,29281.680689,3481,0,0.00,52.9125,1.0000
11421097.0,5840.906087,23441.914742,29282.820829,3482,0,0.00,52.9297,1.0000
11421500.0,5841.323990,23444.601408,29285.925398,3483,0,0.00,52.9344,1.0000
11421651.0,5841.480574,23445.608075,29287.088649,3484,0,0.00,52.9391,1.0000
11422842.0,5842.715616,23453.548075,29296.263691,3485,0,0.00,52.9438,1.0000
11423030.0,5842.910568,23454.801408,29297.711976,3486,0,0.00,52.9609,1.0000
11423089.0,5842.971750,23455.194742,29298.166491,3487,0,0.00,52.9781,1.0000
11423253.0,5843.141814,23456.288075,29299.429889,3488,0,0.00,52.9906,1.0000
11423293.0,5843.183293,23456.554742,29299.738035,3489,0,0.00,53.0078,1.0000
11423525.0,5843.423873,23458.101408,29301.525281,3490,0,0.00,53.0250,1.0000
11423531.0,5843.430094,23458.141408,29301.571503,3491,0,0.00,53.0422,1.0000
11423556.0,5843.456019,23458.308075,29301.764094,3492,0,0.00,53.0594,1.0000
11423558.0,5843.458093,23458.321408,29301.779501,3493,0,0.00,53.0766,1.0000
11424230.0,5844.154943,23462.801408,29306.956351,3494,0,0.00,53.0906,1.0000
11424357.0,5844.286639,23463.648075,29307.934714,3495,0,0.00,53.1047,1.0000
11426456.0,5846.463259,23477.641408,29324.104667,3496,0,0.00,53.1109,1.0000
11427146.0,5847.178774,23482.241408,29329.420182,3497,0,0.00,53.1281,1.0000
11427668.0,5847.720077,23485.721408,29333.441486,3498,0,0.00,53.1453,1.0000
11427721.0,5847.775037,23486.074742,29333.849779,3499,0,0.00,53.1625,1.0000
11427757.0,5847.812368,23486.314742,29334.127110,3500,0,0.00,53.1797,1.0000
11427808.0,5847.865254,23486.654742,29334.519996,3501,0,0.00,53.1969,1.0000
11427849.0,5847.907770,23486.928075,29334.835845,3502,0,0.00,53.2141,1.0000
11428055.0,5848.121388,23488.301408,29336.422797,3503,0,0.00,53.2328,1.0000
11428425.0,5848.505070,23490.768075,29339.273145,3504,0,0.00,53.2375,1.0000
11428646.0,5848.734243,23492.241408,29340.975651,3505,0,0.00,53.2422,1.0000
11428700.0,5848.790240,23492.601408,29341.391648,3506,0,0.00,53.2484,1.0000
11429322.0,5849.435241,23496.748075,29346.183316,3507,0,0.00,53.2625,1.0000
11429482.0,5849.601157,23497.814742,29347.415899,3508,0,0.00,53.2766,1.0000
11429511.0,5849.631230,23498.008075,29347.639305,3509,0,0.00,53.2781,1.0000
11429517.0,5849.637452,23498.048075,29347.685527,3510,0,0.00,53.2922,1.0000
11430033.0,5850.172533,23501.488075,29351.660608,3511,0,0.00,53.3109,1.0000
11430678.0,5850.841385,23505.788075,29356.629460,3512,0,0.00,53.3234,1.0000
11431595.0,5851.792294,23511.901408,29363.693703,3513,0,0.00,53.3328,1.0000
11431909.0,5852.117906,23513.994742,29366.112648,3514,0,0.00,53.3453,1.0000
11432415.0,5852.642617,23517.368075,29370.010692,3515,0,0.00,53.3594,1.0000
11432416.0,5852.643654,23517.374742,29370.018396,3516,0,0.00,53.3734,1.0000
11432451.0,5852.679949,23517.608075,29370.288024,3517,0,0.00,53.3781,1.0000
11432987.0,5853.235769,23521.181408,29374.417178,3518,0,0.00,53.3844,1.0000
11433428.0,5853.693077,23524.121408,29377.814486,3519,0,0.00,53.3891,1.0000
11434056.0,5854.344300,23528.308075,29382.652375,3520,0,0.00,53.4078,1.0000
11434289.0,5854.585916,23529.861408,29384.447325,3521,0,0.00,53.4125,1.0000
11436502.0,5856.880751,23544.614742,29401.495493,3522,0,0.00,53.4625,1.0000
11436557.0,5856.937785,23544.981408,29401.919193,3523,0,0.00,53.4797,1.0000
11436562.0,5856.942970,23545.014742,29401.957712,3524,0,0.00,53.4969,1.0000
11436594.0,5856.976153,23545.228075,29402.204228,3525,0,0.00,53.5141,1.0000
11436858.0,5857.249916,23546.988075,29404.237991,3526,0,0.00,53.5313,1.0000
11438102.0,5858.539918,23555.281408,29413.821326,3527,0,0.00,53.5813,1.0000
11438102.0,5858.539918,23555.281408,29413.821326,3528,0,0.00,53.6313,1.0000
11438226.0,5858.668503,23556.108075,29414.776578,3529,0,0.00,53.6359,1.0000
11439279.0,5859.760442,23563.128075,29422.888517,3530,0,0.00,53.6453,1.0000
11440957.0,5861.500493,23574.314742,29435.815235,3531,0,0.00,53.6578,1.0000
11441923.0,5862.502215,23580.754742,29443.256957,3532,0,0.00,53.6703,1.0000
11442284.0,5862.876565,23583.161408,29446.037973,3533,0,0.00,53.6766,1.0000
11443367.0,5863.999613,23590.381408,29454.381022,3534,0,0.00,53.6938,1.0000
11444931.0,5865.621449,23600.808075,29466.429524,3535,0,0.00,53.7000,1.0000
11445042.0,5865.736553,23601.548075,29467.284628,3536,0,0.00,53.7172,1.0000
11446053.0,5866.784939,23608.288075,29475.073014,3537,0,0.00,53.7219,1.0000
11446056.0,5866.788050,23608.308075,29475.096125,3538,0,0.00,53.7313,1.0000
11447860.0,5868.658761,23620.334742,29488.993502,3539,0,0.00,53.7359,1.0000
11449584.0,5870.446513,23631.828075,29502.274588,3540,0,0.00,53.7484,1.0000
11453030.0,5874.019943,23654.801408,29528.821351,3541,0,0.00,53.7984,1.0000
11455297.0,5876.370775,23669.914742,29546.285516,3542,0,0.00,53.8172,1.0000
11457772.0,5878.937298,23686.414742,29565.352040,3543,0,0.00,53.8234,1.0000
11458098.0,5879.275353,23688.588075,29567.863428,3544,0,0.00,53.8484,1.0000
11458373.0,5879.560523,23690.421408,29569.981931,3545,0,0.00,53.8734,1.0000
11460295.0,5881.553597,23703.234742,29584.788338,3546,0,0.00,53.9234,1.0000
11460295.0,5881.553597,23703.234742,29584.788338,3547,0,0.00,53.9734,1.0000
11460295.0,5881.553597,23703.234742,29584.788338,3548,0,0.00,54.0234,1.0000
11460968.0,5882.251484,23707.721408,29589.972892,3549,0,0.00,54.0359,1.0000
11460976.0,5882.259779,23707.774742,29590.034521,3550,0,0.00,54.0484,1.0000
11460992.0,5882.276371,23707.881408,29590.157779,3551,0,0.00,54.0609,1.0000
11461917.0,5883.235577,23714.048075,29597.283652,3552,0,0.00,54.0734,1.0000
11462288.0,5883.620296,23716.521408,29600.141704,3553,0,0.00,54.0859,1.0000
11462565.0,5883.907539,23718.368075,29602.275614,3554,0,0.00,54.1031,1.0000
11462778.0,5884.128416,23719.788075,29603.916491,3555,0,0.00,54.1156,1.0000
11462990.0,5884.348255,23721.201408,29605.549664,3556,0,0.00,54.1297,1.0000
11463041.0,5884.401141,23721.541408,29605.942550,3557,0,0.00,54.1438,1.0000
11465301.0,5886.744714,23736.608075,29623.352789,3558,0,0.00,54.1672,1.0000
11465776.0,5887.237279,23739.774742,29627.012021,3559,0,0.00,54.1797,1.0000
11466113.0,5887.586741,23742.021408,29629.608150,3560,0,0.00,54.1844,1.0000
11466546.0,5888.035753,23744.908075,29632.943828,3561,0,0.00,54.2016,1.0000
11466580.0,5888.071011,23745.134742,29633.205752,3562,0,0.00,54.2188,1.0000
11466638.0,5888.131155,23745.521408,29633.652564,3563,0,0.00,54.2438,1.0000
11466644.0,5888.137377,23745.561408,29633.698786,3564,0,0.00,54.2563,1.0000
11467291.0,5888.808303,23749.874742,29638.683044,3565,0,0.00,54.2797,1.0000
11467310.0,5888.828005,23750.001408,29638.829414,3566,0,0.00,54.3031,1.0000
11467469.0,5888.992885,23751.061408,29640.054293,3567,0,0.00,54.3141,1.0000
11467714.0,5889.246945,23752.694742,29641.941687,3568,0,0.00,54.3281,1.0000
11467857.0,5889.395233,23753.648075,29643.043308,3569,0,0.00,54.3453,1.0000
11468608.0,5890.174004,23758.654742,29648.828746,3570,0,0.00,54.3516,1.0000
11468893.0,5890.469543,23760.554742,29651.024285,3571,0,0.00,54.3656,1.0000
11468914.0,5890.491320,23760.694742,29651.186062,3572,0,0.00,54.3797,1.0000
11468937.0,5890.515170,23760.848075,29651.363245,3573,0,0.00,54.3938,1.0000
11469533.0,5891.133210,23764.821408,29655.954618,3574,0,0.00,54.4172,1.0000
11470485.0,5892.120414,23771.168075,29663.288489,3575,0,0.00,54.4219,1.0000
11470656.0,5892.297738,23772.308075,29664.605813,3576,0,0.00,54.4406,1.0000
11471032.0,5892.687642,23774.814742,29667.502384,3577,0,0.00,54.4469,1.0000
11471383.0,5893.051622,23777.154742,29670.206363,3578,0,0.00,54.4484,1.0000
11471391.0,5893.059917,23777.208075,29670.267992,3579,0,0.00,54.4656,1.0000
11471506.0,5893.179170,23777.974742,29671.153912,3580,0,0.00,54.4828,1.0000
11471750.0,5893.432193,23779.601408,29673.033601,3581,0,0.00,54.4891,1.0000
11471779.0,5893.462265,23779.794742,29673.257007,3582,0,0.00,54.4953,1.0000
11472181.0,5893.879131,23782.474742,29676.353873,3583,0,0.00,54.5234,1.0000
11472281.0,5893.982829,23783.141408,29677.124237,3584,0,0.00,54.5375,1.0000
11472322.0,5894.025345,23783.414742,29677.440087,3585,0,0.00,54.5516,1.0000
11472325.0,5894.028456,23783.434742,29677.463198,3586,0,0.00,54.5656,1.0000
11472461.0,5894.169485,23784.341408,29678.510893,3587,0,0.00,54.5719,1.0000
11472775.0,5894.495097,23786.434742,29680.929838,3588,0,0.00,54.5781,1.0000
11472828.0,5894.550056,23786.788075,29681.338131,3589,0,0.00,54.5906,1.0000
11473159.0,5894.893297,23788.994742,29683.888038,3590,0,0.00,54.5953,1.0000
11473484.0,5895.230315,23791.161408,29686.391723,3591,0,0.00,54.6234,1.0000
11474212.0,5895.985236,23796.014742,29691.999977,3592,0,0.00,54.6406,1.0000
11474212.0,5895.985236,23796.014742,29691.999977,3593,0,0.00,54.6578,1.0000
11474214.0,5895.987310,23796.028075,29692.015385,3594,0,0.00,54.6750,1.0000
11474218.0,5895.991457,23796.054742,29692.046199,3595,0,0.00,54.6797,1.0000
11475064.0,5896.868742,23801.694742,29698.563484,3596,0,0.00,54.6969,1.0000
11476503.0,5898.360955,23811.288075,29709.649030,3597,0,0.00,54.7250,1.0000
11477328.0,5899.216463,23816.788075,29716.004538,3598,0,0.00,54.7438,1.0000
11477507.0,5899.402082,23817.981408,29717.383490,3599,0,0.00,54.7484,1.0000
11477979.0,5899.891536,23821.128075,29721.019611,3600,0,0.00,54.7625,1.0000
11478307.0,5900.231665,23823.314742,29723.546407,3601,0,0.00,54.7766,1.0000
11480023.0,5902.011122,23834.754742,29736.765863,3602,0,0.00,54.7938,1.0000
11481447.0,5903.487780,23844.248075,29747.735855,3603,0,0.00,54.8109,1.0000
11482464.0,5904.542388,23851.028075,29755.570463,3604,0,0.00,54.8281,1.0000
11482626.0,5904.710378,23852.108075,29756.818453,3605,0,0.00,54.8453,1.0000
11483944.0,5906.077117,23860.894742,29766.971859,3606,0,0.00,54.8734,1.0000
11484478.0,5906.630864,23864.454742,29771.085605,3607,0,0.00,54.8859,1.0000
11484588.0,5906.744931,23865.188075,29771.933006,3608,0,0.00,54.9359,1.0000
11484589.0,5906.745968,23865.194742,29771.940710,3609,0,0.00,54.9859,1.0000
11484602.0,5906.759449,23865.281408,29772.040857,3610,0,0.00,55.0031,1.0000
11485063.0,5907.237497,23868.354742,29775.592238,3611,0,0.00,55.0078,1.0000
11485271.0,5907.453188,23869.741408,29777.194597,3612,0,0.00,55.0578,1.0000
11485432.0,5907.620142,23870.814742,29778.434884,3613,0,0.00,55.0750,1.0000
11487173.0,5909.425523,23882.421408,29791.846931,3614,0,0.00,55.0922,1.0000
11487283.0,5909.539590,23883.154742,29792.694332,3615,0,0.00,55.0969,1.0000
11487312.0,5909.569663,23883.348075,29792.917738,3616,0,0.00,55.1016,1.0000
11487314.0,5909.571737,23883.361408,29792.933145,3617,0,0.00,55.1141,1.0000
11487980.0,5910.262365,23887.801408,29798.063773,3618,0,0.00,55.1313,1.0000
11488058.0,5910.343249,23888.321408,29798.664657,3619,0,0.00,55.1484,1.0000
11488062.0,5910.347397,23888.348075,29798.695472,3620,0,0.00,55.1656,1.0000
11488307.0,5910.601457,23889.981408,29800.582865,3621,0,0.00,55.1703,1.0000
11488598.0,5910.903218,23891.921408,29802.824626,3622,0,0.00,55.1828,1.0000
11488616.0,5910.921884,23892.041408,29802.963292,3623,0,0.00,55.2000,1.0000
11488950.0,5911.268235,23894.268075,29805.536310,3624,0,0.00,55.2047,1.0000
11488954.0,5911.272382,23894.294742,29805.567124,3625,0,0.00,55.2094,1.0000
11489060.0,5911.382302,23895.001408,29806.383711,3626,0,0.00,55.2141,1.0000
11489245.0,5911.574143,23896.234742,29807.808885,3627,0,0.00,55.2313,1.0000
11489326.0,5911.658139,23896.774742,29808.432880,3628,0,0.00,55.2359,1.0000
11489646.0,5911.989972,23898.908075,29810.898047,3629,0,0.00,55.2422,1.0000
11490009.0,5912.366395,23901.328075,29813.694470,3630,0,0.00,55.2484,1.0000
11490091.0,5912.451428,23901.874742,29814.326169,3631,0,0.00,55.2531,1.0000
11490613.0,5912.992731,23905.354742,29818.347473,3632,0,0.00,55.2703,1.0000
11490753.0,5913.137908,23906.288075,29819.425983,3633,0,0.00,55.2750,1.0000
11490755.0,5913.139982,23906.301408,29819.441390,3634,0,0.00,55.2797,1.0000
11490853.0,5913.241606,23906.954742,29820.196348,3635,0,0.00,55.2969,1.0000
11492593.0,5915.045950,23918.554742,29833.600691,3636,0,0.00,55.3250,1.0000
11493898.0,5916.399207,23927.254742,29843.653949,3637,0,0.00,55.3297,1.0000
11494493.0,5917.016210,23931.221408,29848.237618,3638,0,0.00,55.3344,1.0000
11494746.0,5917.278566,23932.908075,29850.186641,3639,0,0.00,55.3359,1.0000
11495369.0,5917.924604,23937.061408,29854.986012,3640,0,0.00,55.3594,1.0000
11495508.0,5918.068744,23937.988075,29856.056819,3641,0,0.00,55.3656,1.0000
11496540.0,5919.138906,23944.868075,29864.006981,3642,0,0.00,55.3703,1.0000
11496638.0,5919.240530,23945.521408,29864.761939,3643,0,0.00,55.3891,1.0000
11497213.0,5919.836793,23949.354742,29869.191535,3644,0,0.00,55.4063,1.0000
11497889.0,5920.537791,23953.861408,29874.399200,3645,0,0.00,55.4109,1.0000
11498143.0,5920.801184,23955.554742,29876.355926,3646,0,0.00,55.4234,1.0000
11498310.0,5920.974360,23956.668075,29877.642435,3647,0,0.00,55.4516,1.0000
11498311.0,5920.975397,23956.674742,29877.650138,3648,0,0.00,55.4703,1.0000
11498319.0,5920.983692,23956.728075,29877.711767,3649,0,0.00,55.4891,1.0000
11498585.0,5921.259529,23958.501408,29879.760937,3650,0,0.00,55.5078,1.0000
11498713.0,5921.392262,23959.354742,29880.747004,3651,0,0.00,55.5141,1.0000
11499011.0,5921.701282,23961.341408,29883.042690,3652,0,0.00,55.5188,1.0000
11499977.0,5922.703004,23967.781408,29890.484412,3653,0,0.00,55.5359,1.0000
11500016.0,5922.743446,23968.041408,29890.784854,3654,0,0.00,55.5406,1.0000
11500401.0,5923.142683,23970.608075,29893.750758,3655,0,0.00,55.5453,1.0000
11500771.0,5923.526365,23973.074742,29896.601107,3656,0,0.00,55.5500,1.0000
11501130.0,5923.898641,23975.468075,29899.366716,3657,0,0.00,55.5547,1.0000
11501560.0,5924.344542,23978.334742,29902.679284,3658,0,0.00,55.5594,1.0000
11501586.0,5924.371503,23978.508075,29902.879578,3659,0,0.00,55.5641,1.0000
11503069.0,5925.909343,23988.394742,29914.304085,3660,0,0.00,55.5688,1.0000
11503595.0,5926.454794,23991.901408,29918.356203,3661,0,0.00,55.5781,1.0000
11503982.0,5926.856105,23994.481408,29921.337514,3662,0,0.00,55.5828,1.0000
11503982.0,5926.856105,23994.481408,29921.337514,3663,0,0.00,55.5875,1.0000
11504044.0,5926.920398,23994.894742,29921.815140,3664,0,0.00,55.5922,1.0000
11504381.0,5927.269860,23997.141408,29924.411268,3665,0,0.00,55.5969,1.0000
11504854.0,5927.760351,24000.294742,29928.055093,3666,0,0.00,55.6219,1.0000
11504858.0,5927.764499,24000.321408,29928.085907,3667,0,0.00,55.6266,1.0000
11504878.0,5927.785239,24000.454742,29928.239980,3668,0,0.00,55.6313,1.0000
11504881.0,5927.788350,24000.474742,29928.263091,3669,0,0.00,55.6359,1.0000
11505173.0,5928.091148,24002.421408,29930.512556,3670,0,0.00,55.6406,1.0000
11505390.0,5928.316172,24003.868075,29932.184247,3671,0,0.00,55.6578,1.0000
11505575.0,5928.508013,24005.101408,29933.609422,3672,0,0.00,55.6750,1.0000
11505720.0,5928.658375,24006.068075,29934.726450,3673,0,0.00,55.6813,1.0000
11505875.0,5928.819107,24007.101408,29935.920515,3674,0,0.00,55.7000,1.0000
11505939.0,5928.885474,24007.528075,29936.413549,3675,0,0.00,55.7125,1.0000
11506047.0,5928.997467,24008.248075,29937.245542,3676,0,0.00,55.7172,1.0000
11506051.0,5929.001615,24008.274742,29937.276357,3677,0,0.00,55.7219,1.0000
11506475.0,5929.441294,24011.101408,29940.542703,3678,0,0.00,55.7266,1.0000
11506476.0,5929.442331,24011.108075,29940.550406,3679,0,0.00,55.7313,1.0000
11506478.0,5929.444405,24011.121408,29940.565814,3680,0,0.00,55.7359,1.0000
11506537.0,5929.505587,24011.514742,29941.020329,3681,0,0.00,55.7406,1.0000
11506606.0,5929.577139,24011.974742,29941.551880,3682,0,0.00,55.7453,1.0000
11507540.0,5930.545677,24018.201408,29948.747086,3683,0,0.00,55.7734,1.0000
11507744.0,5930.757221,24019.561408,29950.318629,3684,0,0.00,55.7859,1.0000
11507881.0,5930.899287,24020.474742,29951.374029,3685,0,0.00,55.7922,1.0000
11508931.0,5931.988115,24027.474742,29959.462857,3686,0,0.00,55.7969,1.0000
11508979.0,5932.037890,24027.794742,29959.832632,3687,0,0.00,55.8016,1.0000
11509078.0,5932.140551,24028.454742,29960.595293,3688,0,0.00,55.8063,1.0000
11509174.0,5932.240101,24029.094742,29961.334843,3689,0,0.00,55.8109,1.0000
11509398.0,5932.472385,24030.588075,29963.060460,3690,0,0.00,55.8234,1.0000
11509769.0,5932.857104,24033.061408,29965.918512,3691,0,0.00,55.8453,1.0000
11509888.0,5932.980504,24033.854742,29966.835246,3692,0,0.00,55.8500,1.0000
11509971.0,5933.066574,24034.408075,29967.474649,3693,0,0.00,55.8719,1.0000
11510007.0,5933.103905,24034.648075,29967.751980,3694,0,0.00,55.8844,1.0000
11510242.0,5933.347595,24036.214742,29969.562337,3695,0,0.00,55.8891,1.0000
11510280.0,5933.387000,24036.468075,29969.855075,3696,0,0.00,55.8953,1.0000
11510324.0,5933.432627,24036.761408,29970.194036,3697,0,0.00,55.9016,1.0000
11510482.0,5933.596470,24037.814742,29971.411212,3698,0,0.00,55.9203,1.0000
11511138.0,5934.276728,24042.188075,29976.464803,3699,0,0.00,55.9266,1.0000
11512225.0,5935.403925,24049.434742,29984.838666,3700,0,0.00,55.9453,1.0000
11513616.0,5936.846363,24058.708075,29995.554438,3701,0,0.00,55.9641,1.0000
11513617.0,5936.847400,24058.714742,29995.562141,3702,0,0.00,55.9828,1.0000
11513625.0,5936.855695,24058.768075,29995.623770,3703,0,0.00,56.0016,1.0000
11514609.0,5937.876083,24065.328075,30003.204158,3704,0,0.00,56.0063,1.0000
11515423.0,5938.720184,24070.754742,30009.474926,3705,0,0.00,56.0313,1.0000
11515475.0,5938.774107,24071.101408,30009.875515,3706,0,0.00,56.0500,1.0000
11515496.0,5938.795884,24071.241408,30010.037292,3707,0,0.00,56.0672,1.0000
11516373.0,5939.705314,24077.088075,30016.793389,3708,0,0.00,56.0859,1.0000
11517319.0,5940.686297,24083.394742,30024.081038,3709,0,0.00,56.0906,1.0000
11519256.0,5942.694925,24096.308075,30039.003000,3710,0,0.00,56.1094,1.0000
11519917.0,5943.380368,24100.714742,30044.095110,3711,0,0.00,56.1188,1.0000
11520863.0,5944.361351,24107.021408,30051.382759,3712,0,0.00,56.1313,1.0000
11520873.0,5944.371720,24107.088075,30051.459795,3713,0,0.00,56.1500,1.0000
11521781.0,5945.313298,24113.141408,30058.454706,3714,0,0.00,56.1625,1.0000
11523771.0,5947.376886,24126.408075,30073.784961,3715,0,0.00,56.1672,1.0000
11524014.0,5947.628872,24128.028075,30075.656947,3716,0,0.00,56.1781,1.0000
11524842.0,5948.487491,24133.548075,30082.035566,3717,0,0.00,56.1953,1.0000
11524843.0,5948.488528,24133.554742,30082.043269,3718,0,0.00,56.2125,1.0000
11525451.0,5949.119011,24137.608075,30086.727086,3719,0,0.00,56.2250,1.0000
11526947.0,5950.670332,24147.581408,30098.251740,3720,0,0.00,56.2297,1.0000
11528194.0,5951.963445,24155.894742,30107.858187,3721,0,0.00,56.2391,1.0000
11528632.0,5952.417642,24158.814742,30111.232384,3722,0,0.00,56.2453,1.0000
11528854.0,5952.647851,24160.294742,30112.942593,3723,0,0.00,56.2516,1.0000
11530837.0,5954.704181,24173.514742,30128.218923,3724,0,0.00,56.2703,1.0000
11530957.0,5954.828618,24174.314742,30129.143360,3725,0,0.00,56.2828,1.0000
11531760.0,5955.661313,24179.668075,30135.329388,3726,0,0.00,56.3000,1.0000
11531930.0,5955.837599,24180.801408,30136.639007,3727,0,0.00,56.3125,1.0000
11532542.0,5956.472230,24184.881408,30141.353639,3728,0,0.00,56.3172,1.0000
11533355.0,5957.315294,24190.301408,30147.616703,3729,0,0.00,56.3219,1.0000
11534377.0,5958.375087,24197.114742,30155.489829,3730,0,0.00,56.3406,1.0000
11534599.0,5958.605297,24198.594742,30157.200038,3731,0,0.00,56.3531,1.0000
11535204.0,5959.232669,24202.628075,30161.860744,3732,0,0.00,56.3594,1.0000
11535981.0,5960.038402,24207.808075,30167.846477,3733,0,0.00,56.3656,1.0000
11537708.0,5961.829265,24219.321408,30181.150673,3734,0,0.00,56.3781,1.0000
11537958.0,5962.088510,24220.988075,30183.076585,3735,0,0.00,56.3828,1.0000
11540133.0,5964.343939,24235.488075,30199.832014,3736,0,0.00,56.3953,1.0000
11543906.0,5968.256462,24260.641408,30228.897870,3737,0,0.00,56.4016,1.0000
11544404.0,5968.772877,24263.961408,30232.734286,3738,0,0.00,56.4266,1.0000
11544404.0,5968.772877,24263.961408,30232.734286,3739,0,0.00,56.4516,1.0000
11546450.0,5970.894537,24277.601408,30248.495945,3740,0,0.00,56.4578,1.0000
11546556.0,5971.004456,24278.308075,30249.312531,3741,0,0.00,56.4703,1.0000
11547052.0,5971.518798,24281.614742,30253.133540,3742,0,0.00,56.4922,1.0000
11547218.0,5971.690937,24282.721408,30254.412345,3743,0,0.00,56.4984,1.0000
11547221.0,5971.694048,24282.741408,30254.435456,3744,0,0.00,56.5109,1.0000
11547226.0,5971.699232,24282.774742,30254.473974,3745,0,0.00,56.5234,1.0000
11547243.0,5971.716861,24282.888075,30254.604936,3746,0,0.00,56.5359,1.0000
11548440.0,5972.958125,24290.868075,30263.826200,3747,0,0.00,56.5594,1.0000
11550172.0,5974.754173,24302.414742,30277.168915,3748,0,0.00,56.5656,1.0000
11550720.0,5975.322438,24306.068075,30281.390513,3749,0,0.00,56.5828,1.0000
11550784.0,5975.388804,24306.494742,30281.883546,3750,0,0.00,56.5875,1.0000
11550889.0,5975.497687,24307.194742,30282.692429,3751,0,0.00,56.5938,1.0000
11550891.0,5975.499761,24307.208075,30282.707836,3752,0,0.00,56.6109,1.0000
11551396.0,5976.023436,24310.574742,30286.598177,3753,0,0.00,56.6234,1.0000
11551465.0,5976.094987,24311.034742,30287.129729,3754,0,0.00,56.6406,1.0000
11551716.0,5976.355269,24312.708075,30289.063344,3755,0,0.00,56.6594,1.0000
11553773.0,5978.488335,24326.421408,30304.909743,3756,0,0.00,56.6719,1.0000
11554319.0,5979.054526,24330.061408,30309.115934,3757,0,0.00,56.6766,1.0000
11554926.0,5979.683972,24334.108075,30313.792047,3758,0,0.00,56.6938,1.0000
11555668.0,5980.453411,24339.054742,30319.508152,3759,0,0.00,56.7219,1.0000
11555688.0,5980.474150,24339.188075,30319.662225,3760,0,0.00,56.7500,1.0000
11555789.0,5980.578885,24339.861408,30320.440293,3761,0,0.00,56.7672,1.0000
11556206.0,5981.011305,24342.641408,30323.652714,3762,0,0.00,56.7734,1.0000
11556813.0,5981.640752,24346.688075,30328.328827,3763,0,0.00,56.7922,1.0000
11556874.0,5981.704007,24347.094742,30328.798749,3764,0,0.00,56.8422,1.0000
11556874.0,5981.704007,24347.094742,30328.798749,3765,0,0.00,56.8922,1.0000
11556993.0,5981.827408,24347.888075,30329.715483,3766,0,0.00,56.8969,1.0000
11557472.0,5982.324121,24351.081408,30333.405529,3767,0,0.00,56.9094,1.0000
11557499.0,5982.352119,24351.261408,30333.613528,3768,0,0.00,56.9266,1.0000
11558568.0,5983.460650,24358.388075,30341.848725,3769,0,0.00,56.9438,1.0000
11558581.0,5983.474131,24358.474742,30341.948873,3770,0,0.00,56.9688,1.0000
11558763.0,5983.662861,24359.688075,30343.350936,3771,0,0.00,56.9734,1.0000
11558920.0,5983.825667,24360.734742,30344.560409,3772,0,0.00,56.9781,1.0000
11558964.0,5983.871294,24361.028075,30344.899369,3773,0,0.00,56.9828,1.0000
11559048.0,5983.958400,24361.588075,30345.546475,3774,0,0.00,57.0063,1.0000
11559350.0,5984.271568,24363.601408,30347.872976,3775,0,0.00,57.0188,1.0000
11559412.0,5984.335861,24364.014742,30348.350602,3776,0,0.00,57.0250,1.0000
11559412.0,5984.335861,24364.014742,30348.350602,3777,0,0.00,57.0297,1.0000
11559496.0,5984.422967,24364.574742,30348.997709,3778,0,0.00,57.0344,1.0000
11560037.0,5984.983973,24368.181408,30353.165381,3779,0,0.00,57.0516,1.0000
11560577.0,5985.543941,24371.781408,30357.325350,3780,0,0.00,57.0563,1.0000
11560766.0,5985.739930,24373.041408,30358.781339,3781,0,0.00,57.0734,1.0000
11561891.0,5986.906532,24380.541408,30367.447940,3782,0,0.00,57.0781,1.0000
11562287.0,5987.317176,24383.181408,30370.498584,3783,0,0.00,57.0953,1.0000
11562370.0,5987.403245,24383.734742,30371.137987,3784,0,0.00,57.1125,1.0000
11562572.0,5987.612715,24385.081408,30372.694123,3785,0,0.00,57.1297,1.0000
11562742.0,5987.789001,24386.214742,30374.003743,3786,0,0.00,57.1344,1.0000
11563035.0,5988.092836,24388.168075,30376.260911,3787,0,0.00,57.1516,1.0000
11563281.0,5988.347933,24389.808075,30378.156008,3788,0,0.00,57.1688,1.0000
11563762.0,5988.846720,24393.014742,30381.861462,3789,0,0.00,57.1734,1.0000
11564421.0,5989.530089,24397.408075,30386.938164,3790,0,0.00,57.1859,1.0000
11564792.0,5989.914809,24399.881408,30389.796217,3791,0,0.00,57.1984,1.0000
11567733.0,5992.964564,24419.488075,30412.452639,3792,0,0.00,57.2125,1.0000
11567960.0,5993.199959,24421.001408,30414.201367,3793,0,0.00,57.2297,1.0000
11567982.0,5993.222772,24421.148075,30414.370847,3794,0,0.00,57.2469,1.0000
11568949.0,5994.225531,24427.594742,30421.820273,3795,0,0.00,57.2531,1.0000
11569221.0,5994.507589,24429.408075,30423.915664,3796,0,0.00,57.2656,1.0000
11569390.0,5994.682839,24430.534742,30425.217580,3797,0,0.00,57.2828,1.0000
11569421.0,5994.714985,24430.741408,30425.456393,3798,0,0.00,57.3000,1.0000
11569444.0,5994.738836,24430.894742,30425.633577,3799,0,0.00,57.3172,1.0000
11569445.0,5994.739873,24430.901408,30425.641281,3800,0,0.00,57.3344,1.0000
11570464.0,5995.796554,24437.694742,30433.491296,3801,0,0.00,57.3625,1.0000
11570708.0,5996.049577,24439.321408,30435.370986,3802,0,0.00,57.3813,1.0000
11570760.0,5996.103500,24439.668075,30435.771575,3803,0,0.00,57.4000,1.0000
11570794.0,5996.138757,24439.894742,30436.033499,3804,0,0.00,57.4047,1.0000
11571073.0,5996.428075,24441.754742,30438.182816,3805,0,0.00,57.4219,1.0000
11572662.0,5998.075835,24452.348075,30450.423910,3806,0,0.00,57.4391,1.0000
11573614.0,5999.063039,24458.694742,30457.757780,3807,0,0.00,57.4563,1.0000
11573840.0,5999.297396,24460.201408,30459.498804,3808,0,0.00,57.4609,1.0000
11574122.0,5999.589824,24462.081408,30461.671232,3809,0,0.00,57.4797,1.0000
11574517.0,5999.999431,24464.714742,30464.714173,3810,0,0.00,57.4984,1.0000
11574750.0,6000.241047,24466.268075,30466.509122,3811,0,0.00,57.5156,1.0000
11574886.0,6000.382076,24467.174742,30467.556818,3812,0,0.00,57.5438,1.0000
11575441.0,6000.957600,24470.874742,30471.832341,3813,0,0.00,57.5609,1.0000
11575447.0,6000.963822,24470.914742,30471.878563,3814,0,0.00,57.5891,1.0000
11575531.0,6001.050928,24471.474742,30472.525669,3815,0,0.00,57.6031,1.0000
11575576.0,6001.097592,24471.774742,30472.872334,3816,0,0.00,57.6203,1.0000
11575661.0,6001.185735,24472.341408,30473.527143,3817,0,0.00,57.6328,1.0000
11575940.0,6001.475052,24474.201408,30475.676461,3818,0,0.00,57.6500,1.0000
11576143.0,6001.685559,24475.554742,30477.240301,3819,0,0.00,57.6641,1.0000
11576525.0,6002.081685,24478.101408,30480.183093,3820,0,0.00,57.6813,1.0000
11576802.0,6002.368928,24479.948075,30482.317003,3821,0,0.00,57.6938,1.0000
11576952.0,6002.524475,24480.948075,30483.472550,3822,0,0.00,57.7109,1.0000
11577112.0,6002.690392,24482.014742,30484.705134,3823,0,0.00,57.7234,1.0000
11578283.0,6003.904694,24489.821408,30493.726103,3824,0,0.00,57.7469,1.0000
11579525.0,6005.192623,24498.101408,30503.294031,3825,0,0.00,57.7641,1.0000
11579641.0,6005.312912,24498.874742,30504.187654,3826,0,0.00,57.8141,1.0000
11579929.0,6005.611562,24500.794742,30506.406304,3827,0,0.00,57.8203,1.0000
11580214.0,6005.907101,24502.694742,30508.601843,3828,0,0.00,57.8703,1.0000
11580214.0,6005.907101,24502.694742,30508.601843,3829,0,0.00,57.9203,1.0000
11580221.0,6005.914360,24502.741408,30508.655768,3830,0,0.00,57.9375,1.0000
11580395.0,6006.094794,24503.901408,30509.996203,3831,0,0.00,57.9438,1.0000
11580578.0,6006.284562,24505.121408,30511.405970,3832,0,0.00,57.9656,1.0000
11580669.0,6006.378927,24505.728075,30512.107002,3833,0,0.00,57.9781,1.0000
11580670.0,6006.379964,24505.734742,30512.114705,3834,0,0.00,57.9906,1.0000
11580671.0,6006.381001,24505.741408,30512.122409,3835,0,0.00,57.9953,1.0000
11580806.0,6006.520993,24506.641408,30513.162401,3836,0,0.00,58.0000,1.0000
11580823.0,6006.538622,24506.754742,30513.293363,3837,0,0.00,58.0125,1.0000
11580823.0,6006.538622,24506.754742,30513.293363,3838,0,0.00,58.0250,1.0000
11581423.0,6007.160809,24510.754742,30517.915551,3839,0,0.00,58.0438,1.0000
11581624.0,6007.369242,24512.094742,30519.463984,3840,0,0.00,58.0609,1.0000
11581661.0,6007.407610,24512.341408,30519.749018,3841,0,0.00,58.0672,1.0000
11581671.0,6007.417980,24512.408075,30519.826055,3842,0,0.00,58.0719,1.0000
11581693.0,6007.440793,24512.554742,30519.995535,3843,0,0.00,58.0766,1.0000
11581896.0,6007.651300,24513.908075,30521.559375,3844,0,0.00,58.0953,1.0000
11582356.0,6008.128311,24516.974742,30525.103052,3845,0,0.00,58.1125,1.0000
11582378.0,6008.151124,24517.121408,30525.272532,3846,0,0.00,58.1250,1.0000
11582470.0,6008.246526,24517.734742,30525.981268,3847,0,0.00,58.1375,1.0000
11582588.0,6008.368890,24518.521408,30526.890298,3848,0,0.00,58.1516,1.0000
11583949.0,6009.780218,24527.594742,30537.374960,3849,0,0.00,58.1563,1.0000
11584444.0,6010.293523,24530.894742,30541.188265,3850,0,0.00,58.1578,1.0000
11584512.0,6010.364038,24531.348075,30541.712113,3851,0,0.00,58.1750,1.0000
11584945.0,6010.813050,24534.234742,30545.047791,3852,0,0.00,58.1797,1.0000
11585631.0,6011.524417,24538.808075,30550.332492,3853,0,0.00,58.2078,1.0000
11585638.0,6011.531676,24538.854742,30550.386418,3854,0,0.00,58.2359,1.0000
11585676.0,6011.571081,24539.108075,30550.679156,3855,0,0.00,58.2406,1.0000
11585862.0,6011.763960,24540.348075,30552.112035,3856,0,0.00,58.2594,1.0000
11586256.0,6012.172529,24542.974742,30555.147271,3857,0,0.00,58.2766,1.0000
11587146.0,6013.095441,24548.908075,30562.003516,3858,0,0.00,58.2938,1.0000
11587560.0,6013.524750,24551.668075,30565.192825,3859,0,0.00,58.2984,1.0000
11587661.0,6013.629485,24552.341408,30565.970893,3860,0,0.00,58.3031,1.0000
11587748.0,6013.719702,24552.921408,30566.641111,3861,0,0.00,58.3203,1.0000
11588595.0,6014.598024,24558.568075,30573.166099,3862,0,0.00,58.3250,1.0000
11588824.0,6014.835492,24560.094742,30574.930234,3863,0,0.00,58.3484,1.0000
11589030.0,6015.049110,24561.468075,30576.517185,3864,0,0.00,58.3656,1.0000
11591093.0,6017.188398,24575.221408,30592.409806,3865,0,0.00,58.3828,1.0000
11592022.0,6018.151751,24581.414742,30599.566493,3866,0,0.00,58.4016,1.0000
11592131.0,6018.264782,24582.141408,30600.406190,3867,0,0.00,58.4063,1.0000
11592180.0,6018.315594,24582.468075,30600.783669,3868,0,0.00,58.4109,1.0000
11592410.0,6018.554099,24584.001408,30602.555507,3869,0,0.00,58.4281,1.0000
11592412.0,6018.556173,24584.014742,30602.570915,3870,0,0.00,58.4453,1.0000
11592750.0,6018.906672,24586.268075,30605.174747,3871,0,0.00,58.4516,1.0000
11592825.0,6018.984445,24586.768075,30605.752520,3872,0,0.00,58.4688,1.0000
11593617.0,6019.805733,24592.048075,30611.853808,3873,0,0.00,58.4859,1.0000
11593673.0,6019.863804,24592.421408,30612.285212,3874,0,0.00,58.5031,1.0000
11593777.0,6019.971650,24593.114742,30613.086391,3875,0,0.00,58.5203,1.0000
11593927.0,6020.127197,24594.114742,30614.241938,3876,0,0.00,58.5375,1.0000
11593930.0,6020.130307,24594.134742,30614.265049,3877,0,0.00,58.5547,1.0000
11593932.0,6020.132381,24594.148075,30614.280456,3878,0,0.00,58.5594,1.0000
11594500.0,6020.721386,24597.934742,30618.656127,3879,0,0.00,58.5641,1.0000
11594915.0,6021.151732,24600.701408,30621.853140,3880,0,0.00,58.5891,1.0000
11594942.0,6021.179730,24600.881408,30622.061139,3881,0,0.00,58.6016,1.0000
11595006.0,6021.246097,24601.308075,30622.554172,3882,0,0.00,58.6141,1.0000
11595069.0,6021.311427,24601.728075,30623.039502,3883,0,0.00,58.6188,1.0000
11596241.0,6022.526766,24609.541408,30632.068175,3884,0,0.00,58.6438,1.0000
11596379.0,6022.669869,24610.461408,30633.131278,3885,0,0.00,58.6609,1.0000
11596412.0,6022.704090,24610.681408,30633.385498,3886,0,0.00,58.6781,1.0000
11596419.0,6022.711349,24610.728075,30633.439424,3887,0,0.00,58.6953,1.0000
11596419.0,6022.711349,24610.728075,30633.439424,3888,0,0.00,58.7125,1.0000
11597748.0,6024.089494,24619.588075,30643.677569,3889,0,0.00,58.7359,1.0000
11598091.0,6024.445178,24621.874742,30646.319919,3890,0,0.00,58.7531,1.0000
11598223.0,6024.582059,24622.754742,30647.336801,3891,0,0.00,58.7578,1.0000
11598224.0,6024.583096,24622.761408,30647.344504,3892,0,0.00,58.7750,1.0000
11599859.0,6026.278557,24633.661408,30659.939965,3893,0,0.00,58.7922,1.0000
11602164.0,6028.668794,24649.028075,30677.696869,3894,0,0.00,58.7969,1.0000
11603094.0,6029.633185,24655.228075,30684.861260,3895,0,0.00,58.8016,1.0000
11603154.0,6029.695403,24655.628075,30685.323478,3896,0,0.00,58.8516,1.0000
11603154.0,6029.695403,24655.628075,30685.323478,3897,0,0.00,58.9016,1.0000
11604093.0,6030.669127,24661.888075,30692.557202,3898,0,0.00,58.9109,1.0000
11604650.0,6031.246724,24665.601408,30696.848132,3899,0,0.00,58.9234,1.0000
11604914.0,6031.520487,24667.361408,30698.881895,3900,0,0.00,58.9281,1.0000
11605411.0,6032.035865,24670.674742,30702.710607,3901,0,0.00,58.9328,1.0000
11606470.0,6033.134026,24677.734742,30710.868768,3902,0,0.00,58.9375,1.0000
11609716.0,6036.500061,24699.374742,30735.874802,3903,0,0.00,58.9422,1.0000
11615334.0,6042.325810,24736.828075,30779.153885,3904,0,0.00,58.9484,1.0000
11615382.0,6042.375585,24737.148075,30779.523660,3905,0,0.00,58.9547,1.0000
11615651.0,6042.654532,24738.941408,30781.595940,3906,0,0.00,58.9609,1.0000
11616999.0,6044.052380,24747.928075,30791.980455,3907,0,0.00,58.9656,1.0000
11618075.0,6045.168169,24755.101408,30800.269578,3908,0,0.00,58.9906,1.0000
11619637.0,6046.787931,24765.514742,30812.302673,3909,0,0.00,59.0094,1.0000
11619864.0,6047.023325,24767.028075,30814.051400,3910,0,0.00,59.0266,1.0000
11619866.0,6047.025399,24767.041408,30814.066807,3911,0,0.00,59.0438,1.0000
11619905.0,6047.065841,24767.301408,30814.367250,3912,0,0.00,59.0563,1.0000
11621825.0,6049.056841,24780.101408,30829.158250,3913,0,0.00,59.0734,1.0000
11621915.0,6049.150169,24780.701408,30829.851578,3914,0,0.00,59.0906,1.0000
11622264.0,6049.512075,24783.028075,30832.540150,3915,0,0.00,59.0953,1.0000
11622270.0,6049.518297,24783.068075,30832.586372,3916,0,0.00,59.1078,1.0000
11622335.0,6049.585701,24783.501408,30833.087109,3917,0,0.00,59.1141,1.0000
11622610.0,6049.870870,24785.334742,30835.205612,3918,0,0.00,59.1313,1.0000
11623956.0,6051.266644,24794.308075,30845.574719,3919,0,0.00,59.1500,1.0000
11623956.0,6051.266644,24794.308075,30845.574719,3920,0,0.00,59.1688,1.0000
11624136.0,6051.453300,24795.508075,30846.961375,3921,0,0.00,59.1859,1.0000
11626480.0,6053.883979,24811.134742,30865.018721,3922,0,0.00,59.2359,1.0000
11626480.0,6053.883979,24811.134742,30865.018721,3923,0,0.00,59.2859,1.0000
11626480.0,6053.883979,24811.134742,30865.018721,3924,0,0.00,59.3359,1.0000
11627052.0,6054.477131,24814.948075,30869.425206,3925,0,0.00,59.3859,1.0000
11627432.0,6054.871184,24817.481408,30872.352592,3926,0,0.00,59.4094,1.0000
11628763.0,6056.251403,24826.354742,30882.606144,3927,0,0.00,59.4266,1.0000
11629799.0,6057.325713,24833.261408,30890.587122,3928,0,0.00,59.4328,1.0000
11630226.0,6057.768503,24836.108075,30893.876578,3929,0,0.00,59.4578,1.0000
11633643.0,6061.311861,24858.888075,30920.199936,3930,0,0.00,59.4703,1.0000
11633650.0,6061.319120,24858.934742,30920.253862,3931,0,0.00,59.4828,1.0000
11633655.0,6061.324305,24858.968075,30920.292380,3932,0,0.00,59.4953,1.0000
11633684.0,6061.354377,24859.161408,30920.515786,3933,0,0.00,59.5078,1.0000
11637007.0,6064.800259,24881.314742,30946.115001,3934,0,0.00,59.5203,1.0000
11638478.0,6066.325655,24891.121408,30957.447064,3935,0,0.00,59.5438,1.0000
11639585.0,6067.473591,24898.501408,30965.975000,3936,0,0.00,59.5688,1.0000
11640415.0,6068.334284,24904.034742,30972.369026,3937,0,0.00,59.5750,1.0000
11641318.0,6069.270676,24910.054742,30979.325418,3938,0,0.00,59.5797,1.0000
11643009.0,6071.024208,24921.328075,30992.352283,3939,0,0.00,59.5859,1.0000
11643864.0,6071.910825,24927.028075,30998.938900,3940,0,0.00,59.6234,1.0000
11644233.0,6072.293470,24929.488075,31001.781545,3941,0,0.00,59.6328,1.0000
11644575.0,6072.648117,24931.768075,31004.416192,3942,0,0.00,59.6453,1.0000
11644576.0,6072.649154,24931.774742,31004.423896,3943,0,0.00,59.6578,1.0000
11645084.0,6073.175940,24935.161408,31008.337348,3944,0,0.00,59.6625,1.0000
11645444.0,6073.549252,24937.561408,31011.110661,3945,0,0.00,59.6688,1.0000
11646188.0,6074.320765,24942.521408,31016.842173,3946,0,0.00,59.6813,1.0000
11646785.0,6074.939841,24946.501408,31021.441250,3947,0,0.00,59.6984,1.0000
11647120.0,6075.287229,24948.734742,31024.021971,3948,0,0.00,59.7359,1.0000
11647721.0,6075.910454,24952.741408,31028.651862,3949,0,0.00,59.7531,1.0000
11648117.0,6076.321098,24955.381408,31031.702506,3950,0,0.00,59.7578,1.0000
11648124.0,6076.328356,24955.428075,31031.756431,3951,0,0.00,59.7625,1.0000
11648657.0,6076.881066,24958.981408,31035.862475,3952,0,0.00,59.7797,1.0000
11649200.0,6077.444146,24962.601408,31040.045554,3953,0,0.00,59.7844,1.0000
11649591.0,6077.849605,24965.208075,31043.057680,3954,0,0.00,59.8016,1.0000
11649914.0,6078.184549,24967.361408,31045.545957,3955,0,0.00,59.8063,1.0000
11650070.0,6078.346318,24968.401408,31046.747726,3956,0,0.00,59.8563,1.0000
11650644.0,6078.941544,24972.228075,31051.169619,3957,0,0.00,59.9063,1.0000
11651622.0,6079.955710,24978.748075,31058.703785,3958,0,0.00,59.9203,1.0000
11652142.0,6080.494939,24982.214742,31062.709680,3959,0,0.00,59.9344,1.0000
11652263.0,6080.620413,24983.021408,31063.641822,3960,0,0.00,59.9484,1.0000
11652296.0,6080.654634,24983.241408,31063.896042,3961,0,0.00,59.9625,1.0000
11652406.0,6080.768701,24983.974742,31064.743443,3962,0,0.00,59.9750,1.0000
11652877.0,6081.257118,24987.114742,31068.371860,3963,0,0.00,59.9766,1.0000
11656270.0,6084.775589,25009.734742,31094.510330,3964,0,0.00,60.0047,1.0000
11656304.0,6084.810846,25009.961408,31094.772254,3965,0,0.00,60.0328,1.0000
11656861.0,6085.388443,25013.674742,31099.063185,3966,0,0.00,60.0516,1.0000
11656971.0,6085.502511,25014.408075,31099.910586,3967,0,0.00,60.0688,1.0000
11657068.0,6085.603098,25015.054742,31100.657840,3968,0,0.00,60.0859,1.0000
11657304.0,6085.847825,25016.628075,31102.475900,3969,0,0.00,60.1141,1.0000
11657440.0,6085.988854,25017.534742,31103.523596,3970,0,0.00,60.1328,1.0000
11659646.0,6088.276430,25032.241408,31120.517839,3971,0,0.00,60.1500,1.0000
11659649.0,6088.279541,25032.261408,31120.540950,3972,0,0.00,60.1625,1.0000
11659677.0,6088.308577,25032.448075,31120.756652,3973,0,0.00,60.1797,1.0000
11659684.0,6088.315836,25032.494742,31120.810577,3974,0,0.00,60.1969,1.0000
11659720.0,6088.353167,25032.734742,31121.087909,3975,0,0.00,60.2141,1.0000
11661253.0,6089.942856,25042.954742,31132.897598,3976,0,0.00,60.2328,1.0000
11661437.0,6090.133660,25044.181408,31134.315068,3977,0,0.00,60.2609,1.0000
11661974.0,6090.690518,25047.761408,31138.451926,3978,0,0.00,60.2781,1.0000
11662122.0,6090.843991,25048.748075,31139.592066,3979,0,0.00,60.2906,1.0000
11663258.0,6092.021999,25056.321408,31148.343407,3980,0,0.00,60.3078,1.0000
11663260.0,6092.024073,25056.334742,31148.358815,3981,0,0.00,60.3250,1.0000
11664670.0,6093.486214,25065.734742,31159.220955,3982,0,0.00,60.3297,1.0000
11664703.0,6093.520434,25065.954742,31159.475176,3983,0,0.00,60.3469,1.0000
11664703.0,6093.520434,25065.954742,31159.475176,3984,0,0.00,60.3641,1.0000
11666053.0,6094.920356,25074.954742,31169.875098,3985,0,0.00,60.3688,1.0000
11669866.0,6098.874357,25100.374742,31199.249099,3986,0,0.00,60.3875,1.0000
11669871.0,6098.879542,25100.408075,31199.287617,3987,0,0.00,60.4156,1.0000
11670024.0,6099.038200,25101.428075,31200.466275,3988,0,0.00,60.4391,1.0000
11670962.0,6100.010887,25107.681408,31207.692295,3989,0,0.00,60.4438,1.0000
11672821.0,6101.938631,25120.074742,31222.013373,3990,0,0.00,60.4938,1.0000
11672821.0,6101.938631,25120.074742,31222.013373,3991,0,0.00,60.5438,1.0000
11672824.0,6101.941742,25120.094742,31222.036484,3992,0,0.00,60.5484,1.0000
11673296.0,6102.431196,25123.241408,31225.672604,3993,0,0.00,60.5609,1.0000
11673395.0,6102.533857,25123.901408,31226.435265,3994,0,0.00,60.6109,1.0000
11673395.0,6102.533857,25123.901408,31226.435265,3995,0,0.00,60.6609,1.0000
11673395.0,6102.533857,25123.901408,31226.435265,3996,0,0.00,60.7109,1.0000
11673485.0,6102.627185,25124.501408,31227.128593,3997,0,0.00,60.7281,1.0000
11673571.0,6102.716365,25125.074742,31227.791107,3998,0,0.00,60.7328,1.0000
11673710.0,6102.860505,25126.001408,31228.861914,3999,0,0.00,60.7453,1.0000
11675132.0,6104.335090,25135.481408,31239.816498,4000,0,0.00,60.7547,1.0000
11676437.0,6105.688348,25144.181408,31249.869756,4001,0,0.00,60.7781,1.0000
11678611.0,6107.942740,25158.674742,31266.617482,4002,0,0.00,60.7906,1.0000
11681565.0,6111.005977,25178.368075,31289.374052,4003,0,0.00,60.8078,1.0000
11683345.0,6112.851800,25190.234742,31303.086541,4004,0,0.00,60.9078,1.0000
11685808.0,6115.405879,25206.654742,31322.060621,4005,0,0.00,60.9250,1.0000
11685832.0,6115.430767,25206.814742,31322.245509,4006,0,0.00,60.9422,1.0000
11687489.0,6117.149041,25217.861408,31335.010450,4007,0,0.00,60.9594,1.0000
11687764.0,6117.434211,25219.694742,31337.128952,4008,0,0.00,60.9719,1.0000
11687901.0,6117.576277,25220.608075,31338.184352,4009,0,0.00,60.9953,1.0000
11689320.0,6119.047750,25230.068075,31349.115825,4010,0,0.00,61.0016,1.0000
11691232.0,6121.030454,25242.814742,31363.845196,4011,0,0.00,61.0141,1.0000
11691232.0,6121.030454,25242.814742,31363.845196,4012,0,0.00,61.0266,1.0000
11694500.0,6124.419302,25264.601408,31389.020711,4013,0,0.00,61.0391,1.0000
11694500.0,6124.419302,25264.601408,31389.020711,4014,0,0.00,61.0516,1.0000
11695714.0,6125.678195,25272.694742,31398.372937,4015,0,0.00,61.0578,1.0000
11696143.0,6126.123059,25275.554742,31401.677801,4016,0,0.00,61.1078,1.0000
11696716.0,6126.717248,25279.374742,31406.091990,4017,0,0.00,61.1578,1.0000
11696716.0,6126.717248,25279.374742,31406.091990,4018,0,0.00,61.2078,1.0000
11696717.0,6126.718285,25279.381408,31406.099693,4019,0,0.00,61.2578,1.0000
11698640.0,6128.712396,25292.201408,31420.913804,4020,0,0.00,61.2672,1.0000
11701714.0,6131.900070,25312.694742,31444.594812,4021,0,0.00,61.2734,1.0000
11701962.0,6132.157241,25314.348075,31446.505316,4022,0,0.00,61.2797,1.0000
11703732.0,6133.992694,25326.148075,31460.140769,4023,0,0.00,61.2922,1.0000
11704131.0,6134.406449,25328.808075,31463.214524,4024,0,0.00,61.2984,1.0000
11704776.0,6135.075300,25333.108075,31468.183375,4025,0,0.00,61.3172,1.0000
11704879.0,6135.182109,25333.794742,31468.976851,4026,0,0.00,61.3234,1.0000
11706745.0,6137.117112,25346.234742,31483.351854,4027,0,0.00,61.3734,1.0000
11707872.0,6138.285788,25353.748075,31492.033863,4028,0,0.00,61.3781,1.0000
11708942.0,6139.395355,25360.881408,31500.276764,4029,0,0.00,61.3844,1.0000
11709034.0,6139.490757,25361.494742,31500.985499,4030,0,0.00,61.3906,1.0000
11709182.0,6139.644230,25362.481408,31502.125639,4031,0,0.00,61.3969,1.0000
11709882.0,6140.370116,25367.148075,31507.518191,4032,0,0.00,61.4031,1.0000
11711802.0,6142.361116,25379.948075,31522.309191,4033,0,0.00,61.4125,1.0000
11712428.0,6143.010265,25384.121408,31527.131673,4034,0,0.00,61.4359,1.0000
11717831.0,6148.613063,25420.141408,31568.754472,4035,0,0.00,61.4594,1.0000
11719416.0,6150.256675,25430.708075,31580.964750,4036,0,0.00,61.4781,1.0000
11720025.0,6150.888195,25434.768075,31585.656270,4037,0,0.00,61.4906,1.0000
11720026.0,6150.889232,25434.774742,31585.663974,4038,0,0.00,61.5031,1.0000
11720034.0,6150.897528,25434.828075,31585.725603,4039,0,0.00,61.5156,1.0000
11720302.0,6151.175439,25436.614742,31587.790180,4040,0,0.00,61.5656,1.0000
11721219.0,6152.126349,25442.728075,31594.854424,4041,0,0.00,61.5781,1.0000
11722832.0,6153.798996,25453.481408,31607.280404,4042,0,0.00,61.5875,1.0000
11724207.0,6155.224842,25462.648075,31617.872917,4043,0,0.00,61.6000,1.0000
11725016.0,6156.063759,25468.041408,31624.105167,4044,0,0.00,61.6500,1.0000
11725414.0,6156.476476,25470.694742,31627.171218,4045,0,0.00,61.6672,1.0000
11725415.0,6156.477513,25470.701408,31627.178922,4046,0,0.00,61.6844,1.0000
11725452.0,6156.515881,25470.948075,31627.463956,4047,0,0.00,61.7016,1.0000
11725531.0,6156.597803,25471.474742,31628.072544,4048,0,0.00,61.7188,1.0000
11725570.0,6156.638245,25471.734742,31628.372987,4049,0,0.00,61.7359,1.0000
11725984.0,6157.067554,25474.494742,31631.562296,4050,0,0.00,61.7531,1.0000
11725984.0,6157.067554,25474.494742,31631.562296,4051,0,0.00,61.7703,1.0000
11726148.0,6157.237619,25475.588075,31632.825694,4052,0,0.00,61.7828,1.0000
11726418.0,6157.517603,25477.388075,31634.905678,4053,0,0.00,61.8000,1.0000
11726585.0,6157.690779,25478.501408,31636.192187,4054,0,0.00,61.9000,1.0000
11729572.0,6160.788236,25498.414742,31659.202977,4055,0,0.00,61.9063,1.0000
11729575.0,6160.791347,25498.434742,31659.226088,4056,0,0.00,61.9125,1.0000
11730157.0,6161.394868,25502.314742,31663.709610,4057,0,0.00,61.9219,1.0000
11731913.0,6163.215804,25514.021408,31677.237212,4058,0,0.00,61.9344,1.0000
11735193.0,6166.617095,25535.888075,31702.505170,4059,0,0.00,61.9438,1.0000
11735265.0,6166.691758,25536.368075,31703.059833,4060,0,0.00,61.9609,1.0000
11735337.0,6166.766420,25536.848075,31703.614495,4061,0,0.00,61.9781,1.0000
11735395.0,6166.826565,25537.234742,31704.061307,4062,0,0.00,61.9953,1.0000
11740986.0,6172.624316,25574.508075,31747.132391,4063,0,0.00,62.0203,1.0000
11741433.0,6173.087845,25577.488075,31750.575920,4064,0,0.00,62.0297,1.0000
11741502.0,6173.159397,25577.948075,31751.107472,4065,0,0.00,62.0547,1.0000
11741762.0,6173.429012,25579.681408,31753.110420,4066,0,0.00,62.0688,1.0000
11743150.0,6174.868339,25588.934742,31763.803080,4067,0,0.00,62.0859,1.0000
11743185.0,6174.904633,25589.168075,31764.072708,4068,0,0.00,62.1031,1.0000
11743185.0,6174.904633,25589.168075,31764.072708,4069,0,0.00,62.1203,1.0000
11743204.0,6174.924336,25589.294742,31764.219077,4070,0,0.00,62.1703,1.0000
11743225.0,6174.946112,25589.434742,31764.380854,4071,0,0.00,62.1875,1.0000
11743553.0,6175.286241,25591.621408,31766.907650,4072,0,0.00,62.2047,1.0000
11743779.0,6175.520599,25593.128075,31768.648674,4073,0,0.00,62.2547,1.0000
11743779.0,6175.520599,25593.128075,31768.648674,4074,0,0.00,62.3047,1.0000
11744696.0,6176.471509,25599.241408,31775.712917,4075,0,0.00,62.3219,1.0000
11744697.0,6176.472545,25599.248075,31775.720620,4076,0,0.00,62.3391,1.0000
11744736.0,6176.512988,25599.508075,31776.021063,4077,0,0.00,62.3563,1.0000
11745793.0,6177.609075,25606.554742,31784.163816,4078,0,0.00,62.3734,1.0000
11745793.0,6177.609075,25606.554742,31784.163816,4079,0,0.00,62.3906,1.0000
11748594.0,6180.513653,25625.228075,31805.741728,4080,0,0.00,62.4031,1.0000
11753681.0,6185.788766,25659.141408,31844.930175,4081,0,0.00,62.4203,1.0000
11753761.0,6185.871725,25659.674742,31845.546466,4082,0,0.00,62.4375,1.0000
11754553.0,6186.693012,25664.954742,31851.647754,4083,0,0.00,62.4547,1.0000
11755356.0,6187.525706,25670.308075,31857.833781,4084,0,0.00,62.4641,1.0000
11756531.0,6188.744157,25678.141408,31866.885565,4085,0,0.00,62.4813,1.0000
11756567.0,6188.781488,25678.381408,31867.162897,4086,0,0.00,62.4984,1.0000
11756568.0,6188.782525,25678.388075,31867.170600,4087,0,0.00,62.5156,1.0000
11756569.0,6188.783562,25678.394742,31867.178304,4088,0,0.00,62.5328,1.0000
11756569.0,6188.783562,25678.394742,31867.178304,4089,0,0.00,62.5500,1.0000
11756570.0,6188.784599,25678.401408,31867.186007,4090,0,0.00,62.5672,1.0000
11756604.0,6188.819856,25678.628075,31867.447931,4091,0,0.00,62.5844,1.0000
11756685.0,6188.903852,25679.168075,31868.071927,4092,0,0.00,62.6016,1.0000
11756733.0,6188.953627,25679.488075,31868.441702,4093,0,0.00,62.6203,1.0000
11761026.0,6193.405378,25708.108075,31901.513453,4094,0,0.00,62.6375,1.0000
11765800.0,6198.355917,25739.934742,31938.290659,4095,0,0.00,62.6500,1.0000
11767107.0,6199.711249,25748.648075,31948.359324,4096,0,0.00,62.7000,1.0000
11767677.0,6200.302327,25752.448075,31952.750402,4097,0,0.00,62.7500,1.0000
11771649.0,6204.421208,25778.928075,31983.349283,4098,0,0.00,62.7672,1.0000
11777194.0,6210.171257,25815.894742,32026.065999,4099,0,0.00,62.7766,1.0000
11777614.0,6210.606789,25818.694742,32029.301530,4100,0,0.00,62.7891,1.0000
11777808.0,6210.807963,25819.988075,32030.796038,4101,0,0.00,62.8016,1.0000
11781025.0,6214.143925,25841.434742,32055.578666,4102,0,0.00,62.8141,1.0000
11781153.0,6214.276658,25842.288075,32056.564733,4103,0,0.00,62.8328,1.0000
11781741.0,6214.886402,25846.208075,32061.094477,4104,0,0.00,62.8563,1.0000
11784348.0,6217.589806,25863.588075,32081.177881,4105,0,0.00,62.8797,1.0000
11785026.0,6218.292878,25868.108075,32086.400953,4106,0,0.00,62.8891,1.0000
11786358.0,6219.674135,25876.988075,32096.662210,4107,0,0.00,62.9016,1.0000
11789851.0,6223.296303,25900.274742,32123.571044,4108,0,0.00,62.9516,1.0000
11789852.0,6223.297340,25900.281408,32123.578748,4109,0,0.00,63.0016,1.0000
11790379.0,6223.843828,25903.794742,32127.638569,4110,0,0.00,63.0078,1.0000
11790434.0,6223.900862,25904.161408,32128.062270,4111,0,0.00,63.0578,1.0000
11798952.0,6232.733850,25960.948075,32193.681925,4112,0,0.00,63.0703,1.0000
11799216.0,6233.007613,25962.708075,32195.715688,4113,0,0.00,63.0891,1.0000
11806295.0,6240.348388,26009.901408,32250.249797,4114,0,0.00,63.1078,1.0000
11806438.0,6240.496676,26010.854742,32251.351418,4115,0,0.00,63.1203,1.0000
11806440.0,6240.498750,26010.868075,32251.366825,4116,0,0.00,63.1328,1.0000
11809453.0,6243.623168,26030.954742,32274.577910,4117,0,0.00,63.1391,1.0000
11809917.0,6244.104327,26034.048075,32278.152402,4118,0,0.00,63.1516,1.0000
11810345.0,6244.548154,26036.901408,32281.449562,4119,0,0.00,63.1688,1.0000
11810942.0,6245.167230,26040.881408,32286.048639,4120,0,0.00,63.1797,1.0000
11811468.0,6245.712681,26044.388075,32290.100756,4121,0,0.00,63.1969,1.0000
11811762.0,6246.017553,26046.348075,32292.365628,4122,0,0.00,63.2094,1.0000
11811816.0,6246.073550,26046.708075,32292.781625,4123,0,0.00,63.2281,1.0000
11812511.0,6246.794251,26051.341408,32298.135659,4124,0,0.00,63.2406,1.0000
11813094.0,6247.398810,26055.228075,32302.626885,4125,0,0.00,63.2578,1.0000
11813182.0,6247.490064,26055.814742,32303.304805,4126,0,0.00,63.3078,1.0000
11813382.0,6247.697460,26057.148075,32304.845535,4127,0,0.00,63.3203,1.0000
11814212.0,6248.558152,26062.681408,32311.239561,4128,0,0.00,63.3328,1.0000
11814247.0,6248.594447,26062.914742,32311.509188,4129,0,0.00,63.3500,1.0000
11814331.0,6248.681553,26063.474742,32312.156294,4130,0,0.00,63.4000,1.0000
11814336.0,6248.686738,26063.508075,32312.194813,4131,0,0.00,63.4188,1.0000
11814525.0,6248.882727,26064.768075,32313.650802,4132,0,0.00,63.4250,1.0000
11814525.0,6248.882727,26064.768075,32313.650802,4133,0,0.00,63.4313,1.0000
11814528.0,6248.885838,26064.788075,32313.673913,4134,0,0.00,63.4375,1.0000
11814531.0,6248.888949,26064.808075,32313.697024,4135,0,0.00,63.4547,1.0000
11814569.0,6248.928354,26065.061408,32313.989762,4136,0,0.00,63.4719,1.0000
11814597.0,6248.957389,26065.248075,32314.205464,4137,0,0.00,63.4891,1.0000
11814683.0,6249.046569,26065.821408,32314.867978,4138,0,0.00,63.4938,1.0000
11815057.0,6249.434400,26068.314742,32317.749141,4139,0,0.00,63.5063,1.0000
11815160.0,6249.541209,26069.001408,32318.542617,4140,0,0.00,63.5234,1.0000
11815527.0,6249.921780,26071.448075,32321.369855,4141,0,0.00,63.5422,1.0000
11815888.0,6250.296129,26073.854742,32324.150871,4142,0,0.00,63.5672,1.0000
11817488.0,6251.955296,26084.521408,32336.476704,4143,0,0.00,63.5844,1.0000
11817489.0,6251.956333,26084.528075,32336.484408,4144,0,0.00,63.6016,1.0000
11817493.0,6251.960481,26084.554742,32336.515223,4145,0,0.00,63.6188,1.0000
11817517.0,6251.985368,26084.714742,32336.700110,4146,0,0.00,63.6438,1.0000
11817565.0,6252.035143,26085.034742,32337.069885,4147,0,0.00,63.6484,1.0000
11817629.0,6252.101510,26085.461408,32337.562918,4148,0,0.00,63.6672,1.0000
11817630.0,6252.102547,26085.468075,32337.570622,4149,0,0.00,63.6844,1.0000
11817632.0,6252.104621,26085.481408,32337.586029,4150,0,0.00,63.7016,1.0000
11817664.0,6252.137804,26085.694742,32337.832546,4151,0,0.00,63.7203,1.0000
11817664.0,6252.137804,26085.694742,32337.832546,4152,0,0.00,63.7391,1.0000
11817727.0,6252.203134,26086.114742,32338.317876,4153,0,0.00,63.7563,1.0000
11817729.0,6252.205208,26086.128075,32338.333283,4154,0,0.00,63.7734,1.0000
11817789.0,6252.267427,26086.528075,32338.795502,4155,0,0.00,63.7906,1.0000
11817790.0,6252.268464,26086.534742,32338.803205,4156,0,0.00,63.8078,1.0000
11817854.0,6252.334830,26086.961408,32339.296239,4157,0,0.00,63.8250,1.0000
11818453.0,6252.955981,26090.954742,32343.910723,4158,0,0.00,63.8313,1.0000
11818455.0,6252.958055,26090.968075,32343.926130,4159,0,0.00,63.8359,1.0000
11818642.0,6253.151970,26092.214742,32345.366712,4160,0,0.00,63.8531,1.0000
11818644.0,6253.154044,26092.228075,32345.382119,4161,0,0.00,63.8703,1.0000
11818675.0,6253.186190,26092.434742,32345.620932,4162,0,0.00,63.8875,1.0000
11819385.0,6253.922445,26097.168075,32351.090520,4163,0,0.00,63.8922,1.0000
11819948.0,6254.506265,26100.921408,32355.427673,4164,0,0.00,63.8938,1.0000
11819979.0,6254.538411,26101.128075,32355.666486,4165,0,0.00,63.9125,1.0000
11820079.0,6254.642109,26101.794742,32356.436851,4166,0,0.00,63.9297,1.0000
11820096.0,6254.659738,26101.908075,32356.567813,4167,0,0.00,63.9484,1.0000
11820181.0,6254.747881,26102.474742,32357.222623,4168,0,0.00,63.9656,1.0000
11820238.0,6254.806989,26102.854742,32357.661730,4169,0,0.00,63.9828,1.0000
11820286.0,6254.856764,26103.174742,32358.031505,4170,0,0.00,64.0000,1.0000
11820326.0,6254.898243,26103.441408,32358.339651,4171,0,0.00,64.0047,1.0000
11820327.0,6254.899280,26103.448075,32358.347355,4172,0,0.00,64.0219,1.0000
11820382.0,6254.956314,26103.814742,32358.771055,4173,0,0.00,64.0391,1.0000
11820433.0,6255.009200,26104.154742,32359.163941,4174,0,0.00,64.0438,1.0000
11820743.0,6255.330663,26106.221408,32361.552072,4175,0,0.00,64.0563,1.0000
11821371.0,6255.981886,26110.408075,32366.389961,4176,0,0.00,64.0750,1.0000
11821457.0,6256.071066,26110.981408,32367.052475,4177,0,0.00,64.1031,1.0000
11821544.0,6256.161284,26111.561408,32367.722692,4178,0,0.00,64.1313,1.0000
11821598.0,6256.217280,26111.921408,32368.138689,4179,0,0.00,64.1359,1.0000
11822436.0,6257.086269,26117.508075,32374.594344,4180,0,0.00,64.1531,1.0000
11822682.0,6257.341366,26119.148075,32376.489441,4181,0,0.00,64.1703,1.0000
11823513.0,6258.203095,26124.688075,32382.891170,4182,0,0.00,64.1938,1.0000
11823937.0,6258.642775,26127.514742,32386.157516,4183,0,0.00,64.2125,1.0000
11826753.0,6261.562908,26146.288075,32407.850983,4184,0,0.00,64.2250,1.0000
11826864.0,6261.678013,26147.028075,32408.706088,4185,0,0.00,64.2375,1.0000
11826872.0,6261.686309,26147.081408,32408.767717,4186,0,0.00,64.2547,1.0000
11826901.0,6261.716381,26147.274742,32408.991123,4187,0,0.00,64.2688,1.0000
11826974.0,6261.792080,26147.761408,32409.553489,4188,0,0.00,64.2734,1.0000
11827690.0,6262.534557,26152.534742,32415.069299,4189,0,0.00,64.2969,1.0000
11828474.0,6263.347549,26157.761408,32421.108957,4190,0,0.00,64.3016,1.0000
11828590.0,6263.467839,26158.534742,32422.002580,4191,0,0.00,64.3188,1.0000
11828682.0,6263.563241,26159.148075,32422.711316,4192,0,0.00,64.3359,1.0000
11828684.0,6263.565315,26159.161408,32422.726723,4193,0,0.00,64.3531,1.0000
11828803.0,6263.688715,26159.954742,32423.643457,4194,0,0.00,64.3656,1.0000
11828869.0,6263.757156,26160.394742,32424.151898,4195,0,0.00,64.3703,1.0000
11828906.0,6263.795524,26160.641408,32424.436932,4196,0,0.00,64.3938,1.0000
11829087.0,6263.983217,26161.848075,32425.831292,4197,0,0.00,64.3984,1.0000
11829145.0,6264.043362,26162.234742,32426.278104,4198,0,0.00,64.4156,1.0000
11829849.0,6264.773395,26166.928075,32431.701470,4199,0,0.00,64.4203,1.0000
11829866.0,6264.791024,26167.041408,32431.832432,4200,0,0.00,64.4328,1.0000
11830306.0,6265.247295,26169.974742,32435.222037,4201,0,0.00,64.4453,1.0000
11830519.0,6265.468172,26171.394742,32436.862913,4202,0,0.00,64.4641,1.0000
11830763.0,6265.721194,26173.021408,32438.742603,4203,0,0.00,64.4781,1.0000
11830867.0,6265.829040,26173.714742,32439.543782,4204,0,0.00,64.4922,1.0000
11831607.0,6266.596405,26178.648075,32445.244480,4205,0,0.00,64.5063,1.0000
11831649.0,6266.639958,26178.928075,32445.568033,4206,0,0.00,64.5203,1.0000
11832538.0,6267.561832,26184.854742,32452.416574,4207,0,0.00,64.5344,1.0000
11832695.0,6267.724638,26185.901408,32453.626047,4208,0,0.00,64.5469,1.0000
11833215.0,6268.263867,26189.368075,32457.631942,4209,0,0.00,64.5641,1.0000
11833283.0,6268.334382,26189.821408,32458.155790,4210,0,0.00,64.5813,1.0000
11833455.0,6268.512742,26190.968075,32459.480817,4211,0,0.00,64.5984,1.0000
11833733.0,6268.801023,26192.821408,32461.622431,4212,0,0.00,64.6156,1.0000
11833907.0,6268.981457,26193.981408,32462.962865,4213,0,0.00,64.6328,1.0000
11834589.0,6269.688677,26198.528075,32468.216752,4214,0,0.00,64.6578,1.0000
11834608.0,6269.708379,26198.654742,32468.363121,4215,0,0.00,64.6750,1.0000
11835099.0,6270.217536,26201.928075,32472.145611,4216,0,0.00,64.6875,1.0000
11835156.0,6270.276644,26202.308075,32472.584719,4217,0,0.00,64.6969,1.0000
11835172.0,6270.293236,26202.414742,32472.707977,4218,0,0.00,64.7141,1.0000
11835308.0,6270.434265,26203.321408,32473.755673,4219,0,0.00,64.7391,1.0000
11835454.0,6270.585664,26204.294742,32474.880405,4220,0,0.00,64.7563,1.0000
11835560.0,6270.695584,26205.001408,32475.696992,4221,0,0.00,64.7609,1.0000
11835682.0,6270.822095,26205.814742,32476.636837,4222,0,0.00,64.7781,1.0000
11835689.0,6270.829354,26205.861408,32476.690762,4223,0,0.00,64.7953,1.0000
11835689.0,6270.829354,26205.861408,32476.690762,4224,0,0.00,64.8125,1.0000
11835731.0,6270.872907,26206.141408,32477.014315,4225,0,0.00,64.8297,1.0000
11835749.0,6270.891573,26206.261408,32477.152981,4226,0,0.00,64.8344,1.0000
11835770.0,6270.913349,26206.401408,32477.314757,4227,0,0.00,64.8516,1.0000
11835851.0,6270.997344,26206.941408,32477.938753,4228,0,0.00,64.8578,1.0000
11835985.0,6271.136300,26207.834742,32478.971041,4229,0,0.00,64.8750,1.0000
11836437.0,6271.605014,26210.848075,32482.453089,4230,0,0.00,64.8922,1.0000
11836505.0,6271.675529,26211.301408,32482.976937,4231,0,0.00,64.9422,1.0000
11836506.0,6271.676566,26211.308075,32482.984641,4232,0,0.00,64.9922,1.0000
11837081.0,6272.272829,26215.141408,32487.414237,4233,0,0.00,65.0422,1.0000
11837262.0,6272.460522,26216.348075,32488.808597,4234,0,0.00,65.0469,1.0000
11837656.0,6272.869092,26218.974742,32491.843834,4235,0,0.00,65.0969,1.0000
11837738.0,6272.954124,26219.521408,32492.475532,4236,0,0.00,65.1016,1.0000
11838043.0,6273.270403,26221.554742,32494.825144,4237,0,0.00,65.1188,1.0000
11838173.0,6273.405210,26222.421408,32495.826618,4238,0,0.00,65.1250,1.0000
11838246.0,6273.480910,26222.908075,32496.388985,4239,0,0.00,65.1313,1.0000
11838713.0,6273.965179,26226.021408,32499.986587,4240,0,0.00,65.1359,1.0000
11838844.0,6274.101023,26226.894742,32500.995765,4241,0,0.00,65.1578,1.0000
11839411.0,6274.688990,26230.674742,32505.363732,4242,0,0.00,65.1859,1.0000
11839585.0,6274.869425,26231.834742,32506.704166,4243,0,0.00,65.2031,1.0000
11839833.0,6275.126595,26233.488075,32508.614670,4244,0,0.00,65.2313,1.0000
11839837.0,6275.130743,26233.514742,32508.645485,4245,0,0.00,65.2484,1.0000
11839991.0,6275.290438,26234.541408,32509.831847,4246,0,0.00,65.2609,1.0000
11840018.0,6275.318437,26234.721408,32510.039845,4247,0,0.00,65.2656,1.0000
11840057.0,6275.358879,26234.981408,32510.340287,4248,0,0.00,65.2828,1.0000
11840187.0,6275.493686,26235.848075,32511.341761,4249,0,0.00,65.2891,1.0000
11840331.0,6275.643011,26236.808075,32512.451086,4250,0,0.00,65.2938,1.0000
11840331.0,6275.643011,26236.808075,32512.451086,4251,0,0.00,65.3109,1.0000
11840675.0,6275.999732,26239.101408,32515.101140,4252,0,0.00,65.3281,1.0000
11840956.0,6276.291123,26240.974742,32517.265865,4253,0,0.00,65.3453,1.0000
11840957.0,6276.292160,26240.981408,32517.273568,4254,0,0.00,65.3625,1.0000
11841027.0,6276.364749,26241.448075,32517.812824,4255,0,0.00,65.3797,1.0000
11841323.0,6276.671694,26243.421408,32520.093103,4256,0,0.00,65.3969,1.0000
11841324.0,6276.672731,26243.428075,32520.100806,4257,0,0.00,65.4141,1.0000
11841600.0,6276.958938,26245.268075,32522.227013,4258,0,0.00,65.4313,1.0000
11841601.0,6276.959975,26245.274742,32522.234716,4259,0,0.00,65.4484,1.0000
11841637.0,6276.997306,26245.514742,32522.512048,4260,0,0.00,65.4656,1.0000
11842456.0,6277.846592,26250.974742,32528.821334,4261,0,0.00,65.4828,1.0000
11842459.0,6277.849703,26250.994742,32528.844444,4262,0,0.00,65.5000,1.0000
11842495.0,6277.887034,26251.234742,32529.121776,4263,0,0.00,65.5172,1.0000
11843059.0,6278.471890,26254.994742,32533.466632,4264,0,0.00,65.5453,1.0000
11843104.0,6278.518554,26255.294742,32533.813296,4265,0,0.00,65.5734,1.0000
11843389.0,6278.814093,26257.194742,32536.008835,4266,0,0.00,65.5922,1.0000
11843509.0,6278.938531,26257.994742,32536.933273,4267,0,0.00,65.6094,1.0000
11843984.0,6279.431096,26261.161408,32540.592504,4268,0,0.00,65.6266,1.0000
11843987.0,6279.434207,26261.181408,32540.615615,4269,0,0.00,65.6438,1.0000
11845115.0,6280.603919,26268.701408,32549.305328,4270,0,0.00,65.6531,1.0000
11845665.0,6281.174258,26272.368075,32553.542333,4271,0,0.00,65.6594,1.0000
11846749.0,6282.298343,26279.594742,32561.893085,4272,0,0.00,65.6641,1.0000
11846917.0,6282.472556,26280.714742,32563.187298,4273,0,0.00,65.6688,1.0000
11846927.0,6282.482926,26280.781408,32563.264334,4274,0,0.00,65.6750,1.0000
11847410.0,6282.983787,26284.001408,32566.985195,4275,0,0.00,65.6922,1.0000
11847454.0,6283.029414,26284.294742,32567.324155,4276,0,0.00,65.7109,1.0000
11847638.0,6283.220218,26285.521408,32568.741626,4277,0,0.00,65.7234,1.0000
11847680.0,6283.263771,26285.801408,32569.065179,4278,0,0.00,65.7469,1.0000
11847733.0,6283.318731,26286.154742,32569.473473,4279,0,0.00,65.7594,1.0000
11847921.0,6283.513683,26287.408075,32570.921758,4280,0,0.00,65.7641,1.0000
11847923.0,6283.515757,26287.421408,32570.937165,4281,0,0.00,65.7688,1.0000
11847952.0,6283.545829,26287.614742,32571.160571,4282,0,0.00,65.7859,1.0000
11847954.0,6283.547903,26287.628075,32571.175978,4283,0,0.00,65.8031,1.0000
11848618.0,6284.236457,26292.054742,32576.291199,4284,0,0.00,65.8203,1.0000
11848623.0,6284.241642,26292.088075,32576.329717,4285,0,0.00,65.8375,1.0000
11848624.0,6284.242679,26292.094742,32576.337421,4286,0,0.00,65.8547,1.0000
11848625.0,6284.243716,26292.101408,32576.345125,4287,0,0.00,65.8719,1.0000
11848656.0,6284.275863,26292.308075,32576.583938,4288,0,0.00,65.8891,1.0000
11848659.0,6284.278974,26292.328075,32576.607049,4289,0,0.00,65.9063,1.0000
11848974.0,6284.605622,26294.428075,32579.033697,4290,0,0.00,65.9109,1.0000
11849937.0,6285.604233,26300.848075,32586.452308,4291,0,0.00,65.9281,1.0000
11849939.0,6285.606307,26300.861408,32586.467715,4292,0,0.00,65.9453,1.0000
11850000.0,6285.669563,26301.268075,32586.937638,4293,0,0.00,65.9625,1.0000
11850514.0,6286.202570,26304.694742,32590.897312,4294,0,0.00,65.9875,1.0000
11851030.0,6286.737651,26308.134742,32594.872393,4295,0,0.00,66.0047,1.0000
11851089.0,6286.798833,26308.528075,32595.326908,4296,0,0.00,66.0219,1.0000
11851176.0,6286.889050,26309.108075,32595.997125,4297,0,0.00,66.0406,1.0000
11852265.0,6288.018320,26316.368075,32604.386395,4298,0,0.00,66.0578,1.0000
11852367.0,6288.124092,26317.048075,32605.172167,4299,0,0.00,66.0828,1.0000
11852367.0,6288.124092,26317.048075,32605.172167,4300,0,0.00,66.1078,1.0000
11852367.0,6288.124092,26317.048075,32605.172167,4301,0,0.00,66.1328,1.0000
11853148.0,6288.933973,26322.254742,32611.188715,4302,0,0.00,66.1516,1.0000
11853154.0,6288.940195,26322.294742,32611.234937,4303,0,0.00,66.1703,1.0000
11853218.0,6289.006562,26322.721408,32611.727970,4304,0,0.00,66.1891,1.0000
11853330.0,6289.122703,26323.468075,32612.590778,4305,0,0.00,66.2063,1.0000
11853790.0,6289.599714,26326.534742,32616.134455,4306,0,0.00,66.3063,1.0000
11853962.0,6289.778074,26327.681408,32617.459482,4307,0,0.00,66.3234,1.0000
11855076.0,6290.933269,26335.108075,32626.041344,4308,0,0.00,66.4609,1.0000
11855311.0,6291.176959,26336.674742,32627.851701,4309,0,0.00,66.4734,1.0000
11855976.0,6291.866550,26341.108075,32632.974625,4310,0,0.00,66.4922,1.0000
11856142.0,6292.038689,26342.214742,32634.253430,4311,0,0.00,66.5094,1.0000
11856143.0,6292.039726,26342.221408,32634.261134,4312,0,0.00,66.5266,1.0000
11856145.0,6292.041800,26342.234742,32634.276541,4313,0,0.00,66.5313,1.0000
11856158.0,6292.055280,26342.321408,32634.376689,4314,0,0.00,66.5500,1.0000
11856170.0,6292.067724,26342.401408,32634.469132,4315,0,0.00,66.5672,1.0000
11856276.0,6292.177644,26343.108075,32635.285719,4316,0,0.00,66.5922,1.0000
11856340.0,6292.244011,26343.534742,32635.778752,4317,0,0.00,66.6109,1.0000
11857149.0,6293.082927,26348.928075,32642.011002,4318,0,0.00,66.6281,1.0000
11857207.0,6293.143072,26349.314742,32642.457813,4319,0,0.00,66.6453,1.0000
11857231.0,6293.167959,26349.474742,32642.642701,4320,0,0.00,66.6625,1.0000
11857383.0,6293.325580,26350.488075,32643.813655,4321,0,0.00,66.6797,1.0000
11857663.0,6293.615934,26352.354742,32645.970676,4322,0,0.00,66.6969,1.0000
11857852.0,6293.811923,26353.614742,32647.426665,4323,0,0.00,66.7016,1.0000
11858477.0,6294.460035,26357.781408,32652.241443,4324,0,0.00,66.7141,1.0000
11859873.0,6295.907658,26367.088075,32662.995733,4325,0,0.00,66.7313,1.0000
11860004.0,6296.043502,26367.961408,32664.004911,4326,0,0.00,66.7359,1.0000
11860314.0,6296.364966,26370.028075,32666.393041,4327,0,0.00,66.7859,1.0000
11860785.0,6296.853383,26373.168075,32670.021458,4328,0,0.00,66.8031,1.0000
11860887.0,6296.959155,26373.848075,32670.807230,4329,0,0.00,66.8531,1.0000
11861727.0,6297.830217,26379.448075,32677.278292,4330,0,0.00,66.8578,1.0000
11863756.0,6299.934248,26392.974742,32692.908990,4331,0,0.00,66.8813,1.0000
11864021.0,6300.209048,26394.741408,32694.950456,4332,0,0.00,66.8938,1.0000
11864027.0,6300.215269,26394.781408,32694.996678,4333,0,0.00,66.9063,1.0000
11864029.0,6300.217343,26394.794742,32695.012085,4334,0,0.00,66.9188,1.0000
11864495.0,6300.700576,26397.901408,32698.601984,4335,0,0.00,66.9375,1.0000
11866897.0,6303.191400,26413.914742,32717.106141,4336,0,0.00,66.9563,1.0000
11867516.0,6303.833290,26418.041408,32721.874698,4337,0,0.00,66.9734,1.0000
11867542.0,6303.860251,26418.214742,32722.074993,4338,0,0.00,66.9906,1.0000
11867568.0,6303.887213,26418.388075,32722.275288,4339,0,0.00,67.0078,1.0000
11867568.0,6303.887213,26418.388075,32722.275288,4340,0,0.00,67.0250,1.0000
11867568.0,6303.887213,26418.388075,32722.275288,4341,0,0.00,67.0422,1.0000
11868457.0,6304.809087,26424.314742,32729.123829,4342,0,0.00,67.0609,1.0000
11869033.0,6305.406387,26428.154742,32733.561129,4343,0,0.00,67.0672,1.0000
11869272.0,6305.654225,26429.748075,32735.402300,4344,0,0.00,67.0750,1.0000
11870187.0,6306.603061,26435.848075,32742.451136,4345,0,0.00,67.0797,1.0000
11872537.0,6309.039962,26451.514742,32760.554704,4346,0,0.00,67.0969,1.0000
11874250.0,6310.816307,26462.934742,32773.751049,4347,0,0.00,67.1031,1.0000
11874937.0,6311.528712,26467.514742,32779.043454,4348,0,0.00,67.1094,1.0000
11878032.0,6314.738163,26488.148075,32802.886238,4349,0,0.00,67.1156,1.0000
11882674.0,6319.551820,26519.094742,32838.646562,4350,0,0.00,67.1203,1.0000
11884039.0,6320.967297,26528.194742,32849.162038,4351,0,0.00,67.1703,1.0000
11884039.0,6320.967297,26528.194742,32849.162038,4352,0,0.00,67.2203,1.0000
11888075.0,6325.152544,26555.101408,32880.253953,4353,0,0.00,67.2250,1.0000
11888766.0,6325.869097,26559.708075,32885.577172,4354,0,0.00,67.2313,1.0000
11889815.0,6326.956888,26566.701408,32893.658297,4355,0,0.00,67.2375,1.0000
11889815.0,6326.956888,26566.701408,32893.658297,4356,0,0.00,67.2438,1.0000
11892119.0,6329.346088,26582.061408,32911.407497,4357,0,0.00,67.2500,1.0000
11892845.0,6330.098935,26586.901408,32917.000343,4358,0,0.00,67.2625,1.0000
11893941.0,6331.235464,26594.208075,32925.443539,4359,0,0.00,67.2672,1.0000
11894420.0,6331.732177,26597.401408,32929.133586,4360,0,0.00,67.2844,1.0000
11894543.0,6331.859726,26598.221408,32930.081134,4361,0,0.00,67.2891,1.0000
11896384.0,6333.768804,26610.494742,32944.263546,4362,0,0.00,67.3016,1.0000
11897695.0,6335.128284,26619.234742,32954.363026,4363,0,0.00,67.3063,1.0000
11897893.0,6335.333606,26620.554742,32955.888348,4364,0,0.00,67.3313,1.0000
11898242.0,6335.695512,26622.881408,32958.576920,4365,0,0.00,67.3484,1.0000
11898246.0,6335.699660,26622.908075,32958.607735,4366,0,0.00,67.3547,1.0000
11898490.0,6335.952682,26624.534742,32960.487424,4367,0,0.00,67.3672,1.0000
11899691.0,6337.198094,26632.541408,32969.739503,4368,0,0.00,67.3719,1.0000
11900666.0,6338.209149,26639.041408,32977.250557,4369,0,0.00,67.3891,1.0000
11901562.0,6339.138282,26645.014742,32984.153024,4370,0,0.00,67.3938,1.0000
11902717.0,6340.335993,26652.714742,32993.050735,4371,0,0.00,67.4063,1.0000
11902742.0,6340.361918,26652.881408,32993.243326,4372,0,0.00,67.4125,1.0000
11902849.0,6340.472875,26653.594742,32994.067616,4373,0,0.00,67.4250,1.0000
11903021.0,6340.651235,26654.741408,32995.392643,4374,0,0.00,67.4375,1.0000
11903040.0,6340.670938,26654.868075,32995.539013,4375,0,0.00,67.4438,1.0000
11903655.0,6341.308680,26658.968075,33000.276755,4376,0,0.00,67.4500,1.0000
11903885.0,6341.547185,26660.501408,33002.048593,4377,0,0.00,67.4672,1.0000
11904064.0,6341.732804,26661.694742,33003.427546,4378,0,0.00,67.4953,1.0000
11904721.0,6342.414100,26666.074742,33008.488841,4379,0,0.00,67.5125,1.0000
11904731.0,6342.424469,26666.141408,33008.565878,4380,0,0.00,67.5172,1.0000
11904769.0,6342.463875,26666.394742,33008.858616,4381,0,0.00,67.5219,1.0000
11904776.0,6342.471134,26666.441408,33008.912542,4382,0,0.00,67.5266,1.0000
11905093.0,6342.799856,26668.554742,33011.354598,4383,0,0.00,67.5313,1.0000
11905202.0,6342.912887,26669.281408,33012.194295,4384,0,0.00,67.5594,1.0000
11905324.0,6343.039398,26670.094742,33013.134140,4385,0,0.00,67.5656,1.0000
11905346.0,6343.062212,26670.241408,33013.303620,4386,0,0.00,67.5703,1.0000
11905484.0,6343.205315,26671.161408,33014.366723,4387,0,0.00,67.5875,1.0000
11905503.0,6343.225017,26671.288075,33014.513092,4388,0,0.00,67.5922,1.0000
11906357.0,6344.110598,26676.981408,33021.092006,4389,0,0.00,67.5969,1.0000
11906372.0,6344.126152,26677.081408,33021.207561,4390,0,0.00,67.6016,1.0000
11906529.0,6344.288958,26678.128075,33022.417033,4391,0,0.00,67.6063,1.0000
11906578.0,6344.339770,26678.454742,33022.794512,4392,0,0.00,67.6109,1.0000
11906648.0,6344.412359,26678.921408,33023.333767,4393,0,0.00,67.6172,1.0000
11906716.0,6344.482873,26679.374742,33023.857615,4394,0,0.00,67.6453,1.0000
11906719.0,6344.485984,26679.394742,33023.880726,4395,0,0.00,67.6641,1.0000
11906809.0,6344.579312,26679.994742,33024.574054,4396,0,0.00,67.6922,1.0000
11906844.0,6344.615606,26680.228075,33024.843681,4397,0,0.00,67.7109,1.0000
11906854.0,6344.625976,26680.294742,33024.920718,4398,0,0.00,67.7172,1.0000
11907151.0,6344.933959,26682.274742,33027.208701,4399,0,0.00,67.7344,1.0000
11907156.0,6344.939144,26682.308075,33027.247219,4400,0,0.00,67.7516,1.0000
11907161.0,6344.944329,26682.341408,33027.285737,4401,0,0.00,67.7563,1.0000
11907181.0,6344.965068,26682.474742,33027.439810,4402,0,0.00,67.7688,1.0000
11907199.0,6344.983734,26682.594742,33027.578476,4403,0,0.00,67.7859,1.0000
11907206.0,6344.990993,26682.641408,33027.632401,4404,0,0.00,67.7906,1.0000
11907219.0,6345.004474,26682.728075,33027.732549,4405,0,0.00,67.7953,1.0000
11907260.0,6345.046990,26683.001408,33028.048398,4406,0,0.00,67.8000,1.0000
11907359.0,6345.149651,26683.661408,33028.811059,4407,0,0.00,67.8172,1.0000
11907577.0,6345.375712,26685.114742,33030.490454,4408,0,0.00,67.8344,1.0000
11907760.0,6345.565479,26686.334742,33031.900221,4409,0,0.00,67.8438,1.0000
11907942.0,6345.754210,26687.548075,33033.302285,4410,0,0.00,67.8938,1.0000
11908647.0,6346.485280,26692.248075,33038.733355,4411,0,0.00,67.9438,1.0000
11908647.0,6346.485280,26692.248075,33038.733355,4412,0,0.00,67.9938,1.0000
11909278.0,6347.139614,26696.454742,33043.594355,4413,0,0.00,67.9984,1.0000
11909435.0,6347.302419,26697.501408,33044.803828,4414,0,0.00,68.0078,1.0000
11909898.0,6347.782541,26700.588075,33048.370616,4415,0,0.00,68.0250,1.0000
11910028.0,6347.917348,26701.454742,33049.372090,4416,0,0.00,68.0422,1.0000
11910031.0,6347.920459,26701.474742,33049.395201,4417,0,0.00,68.0594,1.0000
11910667.0,6348.579978,26705.714742,33054.294719,4418,0,0.00,68.0656,1.0000
11910750.0,6348.666047,26706.268075,33054.934122,4419,0,0.00,68.0875,1.0000
11911103.0,6349.032101,26708.621408,33057.653509,4420,0,0.00,68.1109,1.0000
11911186.0,6349.118170,26709.174742,33058.292912,4421,0,0.00,68.1281,1.0000
11911186.0,6349.118170,26709.174742,33058.292912,4422,0,0.00,68.1453,1.0000
11911261.0,6349.195943,26709.674742,33058.870685,4423,0,0.00,68.1625,1.0000
11912665.0,6350.651862,26719.034742,33069.686604,4424,0,0.00,68.1797,1.0000
11912758.0,6350.748301,26719.654742,33070.403043,4425,0,0.00,68.1969,1.0000
11913177.0,6351.182795,26722.448075,33073.630870,4426,0,0.00,68.2141,1.0000
11913464.0,6351.480409,26724.361408,33075.841817,4427,0,0.00,68.2359,1.0000
11913558.0,6351.577885,26724.988075,33076.565960,4428,0,0.00,68.2578,1.0000
11913583.0,6351.603809,26725.154742,33076.758551,4429,0,0.00,68.2703,1.0000
11913779.0,6351.807057,26726.461408,33078.268465,4430,0,0.00,68.2828,1.0000
11913838.0,6351.868239,26726.854742,33078.722980,4431,0,0.00,68.3078,1.0000
11914032.0,6352.069413,26728.148075,33080.217488,4432,0,0.00,68.3250,1.0000
11914328.0,6352.376359,26730.121408,33082.497767,4433,0,0.00,68.3422,1.0000
11914356.0,6352.405394,26730.308075,33082.713469,4434,0,0.00,68.3469,1.0000
11914361.0,6352.410579,26730.341408,33082.751987,4435,0,0.00,68.3641,1.0000
11914881.0,6352.949808,26733.808075,33086.757883,4436,0,0.00,68.3688,1.0000
11915052.0,6353.127131,26734.948075,33088.075206,4437,0,0.00,68.3859,1.0000
11915459.0,6353.549182,26737.661408,33091.210590,4438,0,0.00,68.3922,1.0000
11916181.0,6354.297881,26742.474742,33096.772623,4439,0,0.00,68.4094,1.0000
11916640.0,6354.773854,26745.534742,33100.308596,4440,0,0.00,68.4266,1.0000
11916641.0,6354.774891,26745.541408,33100.316300,4441,0,0.00,68.4438,1.0000
11917579.0,6355.747578,26751.794742,33107.542319,4442,0,0.00,68.4609,1.0000
11917753.0,6355.928012,26752.954742,33108.882754,4443,0,0.00,68.4797,1.0000
11918210.0,6356.401912,26756.001408,33112.403320,4444,0,0.00,68.4969,1.0000
11918377.0,6356.575087,26757.114742,33113.689829,4445,0,0.00,68.5141,1.0000
11919723.0,6357.970861,26766.088075,33124.058936,4446,0,0.00,68.5266,1.0000
11920139.0,6358.402244,26768.861408,33127.263653,4447,0,0.00,68.5438,1.0000
11920190.0,6358.455130,26769.201408,33127.656539,4448,0,0.00,68.5656,1.0000
11920288.0,6358.556754,26769.854742,33128.411496,4449,0,0.00,68.5828,1.0000
11920397.0,6358.669785,26770.581408,33129.251193,4450,0,0.00,68.6000,1.0000
11920878.0,6359.168572,26773.788075,33132.956647,4451,0,0.00,68.6281,1.0000
11921015.0,6359.310638,26774.701408,33134.012047,4452,0,0.00,68.6453,1.0000
11921106.0,6359.405003,26775.308075,33134.713078,4453,0,0.00,68.6625,1.0000
11921473.0,6359.785575,26777.754742,33137.540316,4454,0,0.00,68.6688,1.0000
11921845.0,6360.171331,26780.234742,33140.406073,4455,0,0.00,68.6734,1.0000
11922047.0,6360.380801,26781.581408,33141.962209,4456,0,0.00,68.6984,1.0000
11922578.0,6360.931437,26785.121408,33146.052845,4457,0,0.00,68.7047,1.0000
11923023.0,6361.392892,26788.088075,33149.480967,4458,0,0.00,68.7109,1.0000
11923169.0,6361.544291,26789.061408,33150.605700,4459,0,0.00,68.7281,1.0000
11923586.0,6361.976712,26791.841408,33153.818120,4460,0,0.00,68.7516,1.0000
11924519.0,6362.944213,26798.061408,33161.005622,4461,0,0.00,68.7641,1.0000
11925554.0,6364.017487,26804.961408,33168.978895,4462,0,0.00,68.7813,1.0000
11925606.0,6364.071410,26805.308075,33169.379485,4463,0,0.00,68.7984,1.0000
11925636.0,6364.102519,26805.508075,33169.610594,4464,0,0.00,68.9359,1.0000
11925653.0,6364.120148,26805.621408,33169.741556,4465,0,0.00,68.9531,1.0000
11925774.0,6364.245622,26806.428075,33170.673697,4466,0,0.00,68.9578,1.0000
11925775.0,6364.246659,26806.434742,33170.681401,4467,0,0.00,68.9750,1.0000
11926464.0,6364.961138,26811.028075,33175.989213,4468,0,0.00,68.9813,1.0000
11926548.0,6365.048244,26811.588075,33176.636319,4469,0,0.00,68.9984,1.0000
11926580.0,6365.081427,26811.801408,33176.882836,4470,0,0.00,69.0047,1.0000
11926951.0,6365.466147,26814.274742,33179.740888,4471,0,0.00,69.0094,1.0000
11927040.0,6365.558438,26814.868075,33180.426513,4472,0,0.00,69.0328,1.0000
11928211.0,6366.772740,26822.674742,33189.447482,4473,0,0.00,69.0500,1.0000
11928527.0,6367.100426,26824.781408,33191.881834,4474,0,0.00,69.0516,1.0000
11928610.0,6367.186495,26825.334742,33192.521237,4475,0,0.00,69.0688,1.0000
11928743.0,6367.324413,26826.221408,33193.545822,4476,0,0.00,69.0859,1.0000
11928792.0,6367.375225,26826.548075,33193.923300,4477,0,0.00,69.1031,1.0000
11928793.0,6367.376262,26826.554742,33193.931004,4478,0,0.00,69.1078,1.0000
11928802.0,6367.385595,26826.614742,33194.000337,4479,0,0.00,69.1125,1.0000
11930080.0,6368.710854,26835.134742,33203.845596,4480,0,0.00,69.1313,1.0000
11930130.0,6368.762703,26835.468075,33204.230778,4481,0,0.00,69.1484,1.0000
11930472.0,6369.117350,26837.748075,33206.865425,4482,0,0.00,69.1656,1.0000
11930517.0,6369.164014,26838.048075,33207.212089,4483,0,0.00,69.1828,1.0000
11930571.0,6369.220011,26838.408075,33207.628086,4484,0,0.00,69.2000,1.0000
11931262.0,6369.936564,26843.014742,33212.951305,4485,0,0.00,69.2500,1.0000
11931262.0,6369.936564,26843.014742,33212.951305,4486,0,0.00,69.3000,1.0000
11931412.0,6370.092111,26844.014742,33214.106852,4487,0,0.00,69.3172,1.0000
11931730.0,6370.421870,26846.134742,33216.556612,4488,0,0.00,69.3297,1.0000
11932199.0,6370.908213,26849.261408,33220.169622,4489,0,0.00,69.3797,1.0000
11932200.0,6370.909250,26849.268075,33220.177325,4490,0,0.00,69.4297,1.0000
11932418.0,6371.135312,26850.721408,33221.856720,4491,0,0.00,69.4422,1.0000
11933176.0,6371.921342,26855.774742,33227.696084,4492,0,0.00,69.4594,1.0000
11933564.0,6372.323690,26858.361408,33230.685098,4493,0,0.00,69.4609,1.0000
11933936.0,6372.709446,26860.841408,33233.550854,4494,0,0.00,69.4797,1.0000
11934144.0,6372.925138,26862.228075,33235.153213,4495,0,0.00,69.4984,1.0000
11934194.0,6372.976987,26862.561408,33235.538395,4496,0,0.00,69.5266,1.0000
11934334.0,6373.122164,26863.494742,33236.616905,4497,0,0.00,69.5438,1.0000
11934397.0,6373.187493,26863.914742,33237.102235,4498,0,0.00,69.5609,1.0000
11934513.0,6373.307783,26864.688075,33237.995858,4499,0,0.00,69.5656,1.0000
11934607.0,6373.405259,26865.314742,33238.720001,4500,0,0.00,69.5781,1.0000
11935364.0,6374.190252,26870.361408,33244.551661,4501,0,0.00,69.5797,1.0000
11935530.0,6374.362391,26871.468075,33245.830466,4502,0,0.00,69.5969,1.0000
11935673.0,6374.510679,26872.421408,33246.932087,4503,0,0.00,69.6250,1.0000
11935768.0,6374.609192,26873.054742,33247.663934,4504,0,0.00,69.6531,1.0000
11936423.0,6375.288413,26877.421408,33252.709822,4505,0,0.00,69.6703,1.0000
11936457.0,6375.323670,26877.648075,33252.971745,4506,0,0.00,69.6891,1.0000
11936563.0,6375.433590,26878.354742,33253.788332,4507,0,0.00,69.7063,1.0000
11936661.0,6375.535214,26879.008075,33254.543289,4508,0,0.00,69.7234,1.0000
11936716.0,6375.592248,26879.374742,33254.966990,4509,0,0.00,69.7406,1.0000
11936811.0,6375.690761,26880.008075,33255.698836,4510,0,0.00,69.7578,1.0000
11937019.0,6375.906453,26881.394742,33257.301194,4511,0,0.00,69.7859,1.0000
11937392.0,6376.293246,26883.881408,33260.174654,4512,0,0.00,69.8047,1.0000
11937972.0,6376.894694,26887.748075,33264.642769,4513,0,0.00,69.8266,1.0000
11938064.0,6376.990096,26888.361408,33265.351504,4514,0,0.00,69.8453,1.0000
11938752.0,6377.703538,26892.948075,33270.651613,4515,0,0.00,69.8625,1.0000
11938796.0,6377.749165,26893.241408,33270.990573,4516,0,0.00,69.8797,1.0000
11938838.0,6377.792718,26893.521408,33271.314126,4517,0,0.00,69.8969,1.0000
11939383.0,6378.357872,26897.154742,33275.512613,4518,0,0.00,69.9016,1.0000
11939384.0,6378.358909,26897.161408,33275.520317,4519,0,0.00,69.9188,1.0000
11939805.0,6378.795477,26899.968075,33278.763552,4520,0,0.00,69.9313,1.0000
11942641.0,6381.736350,26918.874742,33300.611091,4521,0,0.00,69.9484,1.0000
11942699.0,6381.796494,26919.261408,33301.057903,4522,0,0.00,69.9656,1.0000
11942700.0,6381.797531,26919.268075,33301.065606,4523,0,0.00,69.9828,1.0000
11946279.0,6385.508880,26943.128075,33328.636955,4524,0,0.00,69.9953,1.0000
11946455.0,6385.691388,26944.301408,33329.992797,4525,0,0.00,70.0141,1.0000
11946988.0,6386.244098,26947.854742,33334.098840,4526,0,0.00,70.0203,1.0000
11947213.0,6386.477418,26949.354742,33335.832160,4527,0,0.00,70.0375,1.0000
11949334.0,6388.676851,26963.494742,33352.171593,4528,0,0.00,70.0547,1.0000
11949489.0,6388.837583,26964.528075,33353.365658,4529,0,0.00,70.0719,1.0000
11949519.0,6388.868692,26964.728075,33353.596767,4530,0,0.00,70.0906,1.0000
11949690.0,6389.046016,26965.868075,33354.914091,4531,0,0.00,70.0969,1.0000
11950463.0,6389.847601,26971.021408,33360.869009,4532,0,0.00,70.1094,1.0000
11950469.0,6389.853823,26971.061408,33360.915231,4533,0,0.00,70.1219,1.0000
11950649.0,6390.040479,26972.261408,33362.301887,4534,0,0.00,70.1266,1.0000
11950739.0,6390.133807,26972.861408,33362.995215,4535,0,0.00,70.1438,1.0000
11950804.0,6390.201211,26973.294742,33363.495952,4536,0,0.00,70.1563,1.0000
11951613.0,6391.040127,26978.688075,33369.728202,4537,0,0.00,70.1609,1.0000
11951902.0,6391.339814,26980.614742,33371.954555,4538,0,0.00,70.1781,1.0000
11953181.0,6392.666110,26989.141408,33381.807518,4539,0,0.00,70.1953,1.0000
11953360.0,6392.851729,26990.334742,33383.186471,4540,0,0.00,70.2078,1.0000
11955433.0,6395.001387,27004.154742,33399.156129,4541,0,0.00,70.2578,1.0000
11955434.0,6395.002424,27004.161408,33399.163832,4542,0,0.00,70.3078,1.0000
11957093.0,6396.722773,27015.221408,33411.944181,4543,0,0.00,70.3578,1.0000
11959393.0,6399.107825,27030.554742,33429.662566,4544,0,0.00,70.3672,1.0000
11962955.0,6402.801544,27054.301408,33457.102953,4545,0,0.00,70.3797,1.0000
11964340.0,6404.237761,27063.534742,33467.772502,4546,0,0.00,70.4047,1.0000
11964879.0,6404.796692,27067.128075,33471.924767,4547,0,0.00,70.4172,1.0000
11965055.0,6404.979201,27068.301408,33473.280609,4548,0,0.00,70.4266,1.0000
11971714.0,6411.884445,27112.694742,33524.579187,4549,0,0.00,70.4516,1.0000
11977991.0,6418.393563,27154.541408,33572.934972,4550,0,0.00,70.4750,1.0000
11979239.0,6419.687713,27162.861408,33582.549122,4551,0,0.00,70.4875,1.0000
11979258.0,6419.707416,27162.988075,33582.695491,4552,0,0.00,70.5000,1.0000
11979677.0,6420.141910,27165.781408,33585.923318,4553,0,0.00,70.5063,1.0000
11979976.0,6420.451967,27167.774742,33588.226709,4554,0,0.00,70.5563,1.0000
11979977.0,6420.453004,27167.781408,33588.234412,4555,0,0.00,70.6063,1.0000
11980535.0,6421.031638,27171.501408,33592.533047,4556,0,0.00,70.6156,1.0000
11980552.0,6421.049267,27171.614742,33592.664009,4557,0,0.00,70.6656,1.0000
11981652.0,6422.189944,27178.948075,33601.138019,4558,0,0.00,70.6828,1.0000
11981661.0,6422.199277,27179.008075,33601.207352,4559,0,0.00,70.6891,1.0000
11982472.0,6423.040267,27184.414742,33607.455009,4560,0,0.00,70.6953,1.0000
11982474.0,6423.042341,27184.428075,33607.470416,4561,0,0.00,70.7016,1.0000
11982620.0,6423.193740,27185.401408,33608.595148,4562,0,0.00,70.7141,1.0000
11983002.0,6423.589866,27187.948075,33611.537941,4563,0,0.00,70.7313,1.0000
11983025.0,6423.613716,27188.101408,33611.715125,4564,0,0.00,70.7484,1.0000
11983287.0,6423.885405,27189.848075,33613.733480,4565,0,0.00,70.7609,1.0000
11984343.0,6424.980455,27196.888075,33621.868530,4566,0,0.00,70.7781,1.0000
11984376.0,6425.014675,27197.108075,33622.122750,4567,0,0.00,70.7953,1.0000
11984455.0,6425.096597,27197.634742,33622.731338,4568,0,0.00,70.8125,1.0000
11984498.0,6425.141187,27197.921408,33623.062595,4569,0,0.00,70.8297,1.0000
11984555.0,6425.200294,27198.301408,33623.501703,4570,0,0.00,70.8469,1.0000
11985241.0,6425.911662,27202.874742,33628.786404,4571,0,0.00,70.8531,1.0000
11986187.0,6426.892644,27209.181408,33636.074053,4572,0,0.00,70.8656,1.0000
11986558.0,6427.277364,27211.654742,33638.932105,4573,0,0.00,70.8797,1.0000
11986916.0,6427.648602,27214.041408,33641.690011,4574,0,0.00,70.9078,1.0000
11987116.0,6427.855998,27215.374742,33643.230740,4575,0,0.00,70.9250,1.0000
11987505.0,6428.259383,27217.968075,33646.227458,4576,0,0.00,70.9422,1.0000
11987556.0,6428.312269,27218.308075,33646.620344,4577,0,0.00,70.9484,1.0000
11987584.0,6428.341304,27218.494742,33646.836046,4578,0,0.00,70.9547,1.0000
11987613.0,6428.371377,27218.688075,33647.059452,4579,0,0.00,70.9719,1.0000
11987650.0,6428.409745,27218.934742,33647.344487,4580,0,0.00,70.9891,1.0000
11987742.0,6428.505147,27219.548075,33648.053222,4581,0,0.00,71.0063,1.0000
11987836.0,6428.602623,27220.174742,33648.777365,4582,0,0.00,71.0234,1.0000
11989417.0,6430.242087,27230.714742,33660.956829,4583,0,0.00,71.1609,1.0000
11989866.0,6430.707691,27233.708075,33664.415766,4584,0,0.00,71.1891,1.0000
11989920.0,6430.763688,27234.068075,33664.831763,4585,0,0.00,71.2172,1.0000
11990290.0,6431.147370,27236.534742,33667.682112,4586,0,0.00,71.2359,1.0000
11990296.0,6431.153592,27236.574742,33667.728334,4587,0,0.00,71.2578,1.0000
11990406.0,6431.267660,27237.308075,33668.575735,4588,0,0.00,71.2750,1.0000
11990681.0,6431.552829,27239.141408,33670.694237,4589,0,0.00,71.2938,1.0000
11990797.0,6431.673118,27239.914742,33671.587860,4590,0,0.00,71.3188,1.0000
11991997.0,6432.917493,27247.914742,33680.832235,4591,0,0.00,71.3250,1.0000
11992122.0,6433.047116,27248.748075,33681.795191,4592,0,0.00,71.3422,1.0000
11992126.0,6433.051264,27248.774742,33681.826005,4593,0,0.00,71.3594,1.0000
11992210.0,6433.138370,27249.334742,33682.473112,4594,0,0.00,71.3656,1.0000
11992226.0,6433.154962,27249.441408,33682.596370,4595,0,0.00,71.3781,1.0000
11992394.0,6433.329174,27250.561408,33683.890582,4596,0,0.00,71.3828,1.0000
11992397.0,6433.332285,27250.581408,33683.913693,4597,0,0.00,71.3953,1.0000
11992619.0,6433.562494,27252.061408,33685.623903,4598,0,0.00,71.4125,1.0000
11992625.0,6433.568716,27252.101408,33685.670125,4599,0,0.00,71.4297,1.0000
11993199.0,6434.163942,27255.928075,33690.092017,4600,0,0.00,71.4484,1.0000
11993551.0,6434.528959,27258.274742,33692.803701,4601,0,0.00,71.4656,1.0000
11994319.0,6435.325359,27263.394742,33698.720101,4602,0,0.00,71.4828,1.0000
11994419.0,6435.429057,27264.061408,33699.490465,4603,0,0.00,71.5000,1.0000
11994451.0,6435.462240,27264.274742,33699.736982,4604,0,0.00,71.5172,1.0000
11994478.0,6435.490239,27264.454742,33699.944980,4605,0,0.00,71.5266,1.0000
11994843.0,6435.868736,27266.888075,33702.756811,4606,0,0.00,71.5438,1.0000
11995067.0,6436.101019,27268.381408,33704.482428,4607,0,0.00,71.5578,1.0000
11995425.0,6436.472258,27270.768075,33707.240333,4608,0,0.00,71.5641,1.0000
11996641.0,6437.733225,27278.874742,33716.607966,4609,0,0.00,71.5813,1.0000
11996775.0,6437.872180,27279.768075,33717.640255,4610,0,0.00,71.5984,1.0000
11996978.0,6438.082687,27281.121408,33719.204095,4611,0,0.00,71.6156,1.0000
11997128.0,6438.238234,27282.121408,33720.359642,4612,0,0.00,71.6328,1.0000
11997214.0,6438.327414,27282.694742,33721.022155,4613,0,0.00,71.6500,1.0000
11997328.0,6438.445629,27283.454742,33721.900371,4614,0,0.00,71.6516,1.0000
11997635.0,6438.763982,27285.501408,33724.265390,4615,0,0.00,71.6688,1.0000
11998943.0,6440.120351,27294.221408,33734.341759,4616,0,0.00,71.6969,1.0000
11999071.0,6440.253084,27295.074742,33735.327826,4617,0,0.00,71.7141,1.0000
11999101.0,6440.284193,27295.274742,33735.558935,4618,0,0.00,71.7313,1.0000
11999620.0,6440.822386,27298.734742,33739.557127,4619,0,0.00,71.7563,1.0000
12000287.0,6441.514051,27303.181408,33744.695459,4620,0,0.00,71.7844,1.0000
12000332.0,6441.560715,27303.481408,33745.042123,4621,0,0.00,71.8031,1.0000
12000385.0,6441.615675,27303.834742,33745.450416,4622,0,0.00,71.8203,1.0000
12000510.0,6441.745297,27304.668075,33746.413372,4623,0,0.00,71.8375,1.0000
12000511.0,6441.746334,27304.674742,33746.421076,4624,0,0.00,71.8547,1.0000
12000541.0,6441.777443,27304.874742,33746.652185,4625,0,0.00,71.8672,1.0000
12000600.0,6441.838625,27305.268075,33747.106700,4626,0,0.00,71.8844,1.0000
12001087.0,6442.343634,27308.514742,33750.858376,4627,0,0.00,71.9125,1.0000
12001136.0,6442.394446,27308.841408,33751.235854,4628,0,0.00,71.9297,1.0000
12001169.0,6442.428666,27309.061408,33751.490075,4629,0,0.00,71.9531,1.0000
12001774.0,6443.056039,27313.094742,33756.150780,4630,0,0.00,71.9703,1.0000
12001841.0,6443.125516,27313.541408,33756.666925,4631,0,0.00,71.9875,1.0000
12001925.0,6443.212623,27314.101408,33757.314031,4632,0,0.00,72.0047,1.0000
12001951.0,6443.239584,27314.274742,33757.514326,4633,0,0.00,72.0219,1.0000
12001952.0,6443.240621,27314.281408,33757.522029,4634,0,0.00,72.0391,1.0000
12001953.0,6443.241658,27314.288075,33757.529733,4635,0,0.00,72.0563,1.0000
12003298.0,6444.636395,27323.254742,33767.891137,4636,0,0.00,72.1063,1.0000
12003373.0,6444.714168,27323.754742,33768.468910,4637,0,0.00,72.1188,1.0000
12004681.0,6446.070537,27332.474742,33778.545279,4638,0,0.00,72.1375,1.0000
12005315.0,6446.727982,27336.701408,33783.429390,4639,0,0.00,72.1469,1.0000
12005370.0,6446.785016,27337.068075,33783.853091,4640,0,0.00,72.1594,1.0000
12005372.0,6446.787090,27337.081408,33783.868498,4641,0,0.00,72.1719,1.0000
12005676.0,6447.102331,27339.108075,33786.210406,4642,0,0.00,72.1906,1.0000
12005711.0,6447.138626,27339.341408,33786.480034,4643,0,0.00,72.2094,1.0000
12005738.0,6447.166624,27339.521408,33786.688032,4644,0,0.00,72.2281,1.0000
12005738.0,6447.166624,27339.521408,33786.688032,4645,0,0.00,72.2453,1.0000
12005820.0,6447.251656,27340.068075,33787.319731,4646,0,0.00,72.2578,1.0000
12006128.0,6447.571046,27342.121408,33789.692454,4647,0,0.00,72.2750,1.0000
12006175.0,6447.619784,27342.434742,33790.054526,4648,0,0.00,72.2813,1.0000
12006340.0,6447.790886,27343.534742,33791.325627,4649,0,0.00,72.3000,1.0000
12006624.0,6448.085388,27345.428075,33793.513463,4650,0,0.00,72.3125,1.0000
12007860.0,6449.367094,27353.668075,33803.035169,4651,0,0.00,72.3297,1.0000
12007895.0,6449.403388,27353.901408,33803.304797,4652,0,0.00,72.3391,1.0000
12008826.0,6450.368816,27360.108075,33810.476891,4653,0,0.00,72.3453,1.0000
12008853.0,6450.396814,27360.288075,33810.684889,4654,0,0.00,72.3547,1.0000
12008909.0,6450.454885,27360.661408,33811.116293,4655,0,0.00,72.3609,1.0000
12009117.0,6450.670577,27362.048075,33812.718652,4656,0,0.00,72.3781,1.0000
12009283.0,6450.842715,27363.154742,33813.997457,4657,0,0.00,72.3953,1.0000
12009955.0,6451.539565,27367.634742,33819.174307,4658,0,0.00,72.4125,1.0000
12010293.0,6451.890064,27369.888075,33821.778139,4659,0,0.00,72.4250,1.0000
12010439.0,6452.041463,27370.861408,33822.902872,4660,0,0.00,72.4297,1.0000
12010441.0,6452.043537,27370.874742,33822.918279,4661,0,0.00,72.4344,1.0000
12010694.0,6452.305893,27372.561408,33824.867301,4662,0,0.00,72.4516,1.0000
12010740.0,6452.353594,27372.868075,33825.221669,4663,0,0.00,72.4563,1.0000
12010802.0,6452.417887,27373.281408,33825.699295,4664,0,0.00,72.4609,1.0000
12010906.0,6452.525732,27373.974742,33826.500474,4665,0,0.00,72.4656,1.0000
12011032.0,6452.656392,27374.814742,33827.471134,4666,0,0.00,72.4703,1.0000
12011501.0,6453.142735,27377.941408,33831.084143,4667,0,0.00,72.4750,1.0000
12011514.0,6453.156216,27378.028075,33831.184291,4668,0,0.00,72.4813,1.0000
12011591.0,6453.236063,27378.541408,33831.777472,4669,0,0.00,72.4859,1.0000
12011592.0,6453.237100,27378.548075,33831.785175,4670,0,0.00,72.5031,1.0000
12011675.0,6453.323169,27379.101408,33832.424578,4671,0,0.00,72.5219,1.0000
12011768.0,6453.419609,27379.721408,33833.141017,4672,0,0.00,72.5500,1.0000
12011810.0,6453.463162,27380.001408,33833.464570,4673,0,0.00,72.5781,1.0000
12011854.0,6453.508789,27380.294742,33833.803530,4674,0,0.00,72.5828,1.0000
12011922.0,6453.579303,27380.748075,33834.327378,4675,0,0.00,72.6109,1.0000
12012178.0,6453.844770,27382.454742,33836.299512,4676,0,0.00,72.6281,1.0000
12012218.0,6453.886249,27382.721408,33836.607657,4677,0,0.00,72.6453,1.0000
12012253.0,6453.922543,27382.954742,33836.877285,4678,0,0.00,72.6625,1.0000
12012507.0,6454.185936,27384.648075,33838.834011,4679,0,0.00,72.6672,1.0000
12012666.0,6454.350816,27385.708075,33840.058891,4680,0,0.00,72.6719,1.0000
12013240.0,6454.946042,27389.534742,33844.480784,4681,0,0.00,72.6766,1.0000
12013462.0,6455.176251,27391.014742,33846.190993,4682,0,0.00,72.6938,1.0000
12013489.0,6455.204250,27391.194742,33846.398991,4683,0,0.00,72.7109,1.0000
12013497.0,6455.212545,27391.248075,33846.460620,4684,0,0.00,72.7281,1.0000
12014219.0,6455.961244,27396.061408,33852.022653,4685,0,0.00,72.7500,1.0000
12014272.0,6456.016204,27396.414742,33852.430946,4686,0,0.00,72.7547,1.0000
12014383.0,6456.131309,27397.154742,33853.286051,4687,0,0.00,72.7594,1.0000
12014525.0,6456.278560,27398.101408,33854.379968,4688,0,0.00,72.7641,1.0000
12014573.0,6456.328335,27398.421408,33854.749743,4689,0,0.00,72.7688,1.0000
12015317.0,6457.099848,27403.381408,33860.481256,4690,0,0.00,72.7813,1.0000
12015653.0,6457.448273,27405.621408,33863.069681,4691,0,0.00,72.7984,1.0000
12016061.0,6457.871360,27408.341408,33866.212768,4692,0,0.00,72.8266,1.0000
12017295.0,6459.150992,27416.568075,33875.719067,4693,0,0.00,72.8438,1.0000
12017432.0,6459.293059,27417.481408,33876.774467,4694,0,0.00,72.8609,1.0000
12017815.0,6459.690222,27420.034742,33879.724963,4695,0,0.00,72.8781,1.0000
12017822.0,6459.697480,27420.081408,33879.778889,4696,0,0.00,72.8953,1.0000
12019932.0,6461.885506,27434.148075,33896.033581,4697,0,0.00,72.9125,1.0000
12021178.0,6463.177582,27442.454742,33905.632324,4698,0,0.00,72.9375,1.0000
12021268.0,6463.270911,27443.054742,33906.325652,4699,0,0.00,72.9563,1.0000
12021668.0,6463.685702,27445.721408,33909.407111,4700,0,0.00,72.9734,1.0000
12021693.0,6463.711627,27445.888075,33909.599702,4701,0,0.00,72.9906,1.0000
12021766.0,6463.787326,27446.374742,33910.162068,4702,0,0.00,73.0078,1.0000
12021878.0,6463.903468,27447.121408,33911.024876,4703,0,0.00,73.0266,1.0000
12022838.0,6464.898968,27453.521408,33918.420376,4704,0,0.00,73.0438,1.0000
12022866.0,6464.928003,27453.708075,33918.636078,4705,0,0.00,73.0609,1.0000
12022913.0,6464.976741,27454.021408,33918.998150,4706,0,0.00,73.0781,1.0000
12023918.0,6466.018905,27460.721408,33926.740314,4707,0,0.00,73.0844,1.0000
12023920.0,6466.020979,27460.734742,33926.755721,4708,0,0.00,73.1031,1.0000
12024110.0,6466.218005,27462.001408,33928.219414,4709,0,0.00,73.1219,1.0000
12024299.0,6466.413994,27463.261408,33929.675403,4710,0,0.00,73.1500,1.0000
12024302.0,6466.417105,27463.281408,33929.698514,4711,0,0.00,73.1688,1.0000
12024305.0,6466.420216,27463.301408,33929.721625,4712,0,0.00,73.1875,1.0000
12024331.0,6466.447178,27463.474742,33929.921919,4713,0,0.00,73.2063,1.0000
12024333.0,6466.449252,27463.488075,33929.937327,4714,0,0.00,73.2188,1.0000
12024449.0,6466.569541,27464.261408,33930.830950,4715,0,0.00,73.2234,1.0000
12024484.0,6466.605836,27464.494742,33931.100577,4716,0,0.00,73.2406,1.0000
12024526.0,6466.649389,27464.774742,33931.424130,4717,0,0.00,73.2578,1.0000
12024851.0,6466.986407,27466.941408,33933.927815,4718,0,0.00,73.2750,1.0000
12024851.0,6466.986407,27466.941408,33933.927815,4719,0,0.00,73.2922,1.0000
12025325.0,6467.477935,27470.101408,33937.579343,4720,0,0.00,73.3094,1.0000
12026314.0,6468.503507,27476.694742,33945.198249,4721,0,0.00,73.3266,1.0000
12026427.0,6468.620686,27477.448075,33946.068761,4722,0,0.00,73.3766,1.0000
12026564.0,6468.762752,27478.361408,33947.124161,4723,0,0.00,73.3891,1.0000
12026951.0,6469.164063,27480.941408,33950.105472,4724,0,0.00,73.4063,1.0000
12027059.0,6469.276057,27481.661408,33950.937465,4725,0,0.00,73.4234,1.0000
12027059.0,6469.276057,27481.661408,33950.937465,4726,0,0.00,73.4406,1.0000
12027062.0,6469.279168,27481.681408,33950.960576,4727,0,0.00,73.4578,1.0000
12027089.0,6469.307166,27481.861408,33951.168575,4728,0,0.00,73.4750,1.0000
12027526.0,6469.760326,27484.774742,33954.535068,4729,0,0.00,73.4922,1.0000
12027632.0,6469.870246,27485.481408,33955.351654,4730,0,0.00,73.5094,1.0000
12028323.0,6470.586799,27490.088075,33960.674874,4731,0,0.00,73.6969,1.0000
12028917.0,6471.202764,27494.048075,33965.250839,4732,0,0.00,73.7141,1.0000
12029080.0,6471.371792,27495.134742,33966.506534,4733,0,0.00,73.7313,1.0000
12030548.0,6472.894077,27504.921408,33977.815486,4734,0,0.00,73.7484,1.0000
12030556.0,6472.902373,27504.974742,33977.877115,4735,0,0.00,73.7656,1.0000
12030577.0,6472.924150,27505.114742,33978.038891,4736,0,0.00,73.7828,1.0000
12030577.0,6472.924150,27505.114742,33978.038891,4737,0,0.00,73.8000,1.0000
12032696.0,6475.121509,27519.241408,33994.362917,4738,0,0.00,73.8125,1.0000
12034851.0,6477.356199,27533.608075,34010.964274,4739,0,0.00,73.8297,1.0000
12034883.0,6477.389382,27533.821408,34011.210790,4740,0,0.00,73.8469,1.0000
12034993.0,6477.503450,27534.554742,34012.058191,4741,0,0.00,73.8594,1.0000
12035435.0,6477.961794,27537.501408,34015.463203,4742,0,0.00,73.8766,1.0000
12035438.0,6477.964905,27537.521408,34015.486314,4743,0,0.00,73.8891,1.0000
12039705.0,6482.389695,27565.968075,34048.357770,4744,0,0.00,73.9172,1.0000
12039982.0,6482.676939,27567.814742,34050.491680,4745,0,0.00,73.9453,1.0000
12040223.0,6482.926851,27569.421408,34052.348259,4746,0,0.00,73.9578,1.0000
12041540.0,6484.292552,27578.201408,34062.493961,4747,0,0.00,73.9797,1.0000
12041674.0,6484.431507,27579.094742,34063.526249,4748,0,0.00,74.0016,1.0000
12042638.0,6485.431155,27585.521408,34070.952564,4749,0,0.00,74.0266,1.0000
12045340.0,6488.233073,27603.534742,34091.767815,4750,0,0.00,74.0453,1.0000
12047532.0,6490.506131,27618.148075,34108.654206,4751,0,0.00,74.0672,1.0000
12048036.0,6491.028769,27621.508075,34112.536844,4752,0,0.00,74.0719,1.0000
12049085.0,6492.116560,27628.501408,34120.617968,4753,0,0.00,74.0781,1.0000
12050458.0,6493.540332,27637.654742,34131.195074,4754,0,0.00,74.1281,1.0000
12051090.0,6494.195703,27641.868075,34136.063778,4755,0,0.00,74.1781,1.0000
12052675.0,6495.839315,27652.434742,34148.274057,4756,0,0.00,74.2000,1.0000
12054529.0,6497.761875,27664.794742,34162.556616,4757,0,0.00,74.2063,1.0000
12055743.0,6499.020767,27672.888075,34171.908842,4758,0,0.00,74.2281,1.0000
12056588.0,6499.897015,27678.521408,34178.418423,4759,0,0.00,74.2531,1.0000
12057070.0,6500.396839,27681.734742,34182.131580,4760,0,0.00,74.2750,1.0000
12057547.0,6500.891478,27684.914742,34185.806219,4761,0,0.00,74.2969,1.0000
12058047.0,6501.409967,27688.248075,34189.658042,4762,0,0.00,74.3094,1.0000
12058177.0,6501.544775,27689.114742,34190.659516,4763,0,0.00,74.3313,1.0000
12060362.0,6503.810574,27703.681408,34207.491982,4764,0,0.00,74.3375,1.0000
12060668.0,6504.127890,27705.721408,34209.849298,4765,0,0.00,74.3594,1.0000
12061773.0,6505.273752,27713.088075,34218.361827,4766,0,0.00,74.3813,1.0000
12062854.0,6506.394726,27720.294742,34226.689468,4767,0,0.00,74.3906,1.0000
12062862.0,6506.403022,27720.348075,34226.751097,4768,0,0.00,74.4141,1.0000
12065149.0,6508.774593,27735.594742,34244.369335,4769,0,0.00,74.4391,1.0000
12065679.0,6509.324192,27739.128075,34248.452267,4770,0,0.00,74.4516,1.0000
12065693.0,6509.338710,27739.221408,34248.560118,4771,0,0.00,74.4641,1.0000
12065702.0,6509.348043,27739.281408,34248.629451,4772,0,0.00,74.4766,1.0000
12065979.0,6509.635286,27741.128075,34250.763361,4773,0,0.00,74.4828,1.0000
12066335.0,6510.004451,27743.501408,34253.505859,4774,0,0.00,74.5047,1.0000
12066353.0,6510.023116,27743.621408,34253.644525,4775,0,0.00,74.5094,1.0000
12066440.0,6510.113334,27744.201408,34254.314742,4776,0,0.00,74.5156,1.0000
12068275.0,6512.016190,27756.434742,34268.450932,4777,0,0.00,74.5375,1.0000
12068708.0,6512.465202,27759.321408,34271.786611,4778,0,0.00,74.5547,1.0000
12068861.0,6512.623860,27760.341408,34272.965268,4779,0,0.00,74.5672,1.0000
12068874.0,6512.637341,27760.428075,34273.065416,4780,0,0.00,74.5844,1.0000
12069876.0,6513.676394,27767.108075,34280.784469,4781,0,0.00,74.5906,1.0000
12070208.0,6514.020671,27769.321408,34283.342079,4782,0,0.00,74.6125,1.0000
12071312.0,6515.165496,27776.681408,34291.846904,4783,0,0.00,74.6188,1.0000
12071313.0,6515.166533,27776.688075,34291.854608,4784,0,0.00,74.6250,1.0000
12071582.0,6515.445480,27778.481408,34293.926889,4785,0,0.00,74.6313,1.0000
12071993.0,6515.871679,27781.221408,34297.093087,4786,0,0.00,74.6531,1.0000
12072607.0,6516.508384,27785.314742,34301.823126,4787,0,0.00,74.6594,1.0000
12072723.0,6516.628674,27786.088075,34302.716749,4788,0,0.00,74.6766,1.0000
12072726.0,6516.631785,27786.108075,34302.739860,4789,0,0.00,74.6938,1.0000
12072779.0,6516.686744,27786.461408,34303.148153,4790,0,0.00,74.7109,1.0000
12072945.0,6516.858883,27787.568075,34304.426958,4791,0,0.00,74.7328,1.0000
12072965.0,6516.879623,27787.701408,34304.581031,4792,0,0.00,74.7547,1.0000
12073500.0,6517.434406,27791.268075,34308.702481,4793,0,0.00,74.7719,1.0000
12073814.0,6517.760018,27793.361408,34311.121426,4794,0,0.00,74.7938,1.0000
12074061.0,6518.016152,27795.008075,34313.024227,4795,0,0.00,74.8109,1.0000
12074114.0,6518.071112,27795.361408,34313.432520,4796,0,0.00,74.8281,1.0000
12074121.0,6518.078370,27795.408075,34313.486445,4797,0,0.00,74.8406,1.0000
12074222.0,6518.183105,27796.081408,34314.264514,4798,0,0.00,74.8688,1.0000
12074535.0,6518.507680,27798.168075,34316.675755,4799,0,0.00,74.9188,1.0000
12076457.0,6520.500754,27810.981408,34331.482162,4800,0,0.00,74.9406,1.0000
12076484.0,6520.528752,27811.161408,34331.690161,4801,0,0.00,74.9578,1.0000
12077253.0,6521.326189,27816.288075,34337.614264,4802,0,0.00,74.9813,1.0000
12077755.0,6521.846753,27819.634742,34341.481494,4803,0,0.00,74.9984,1.0000
12077950.0,6522.048964,27820.934742,34342.983705,4804,0,0.00,75.0156,1.0000
12078268.0,6522.378723,27823.054742,34345.433465,4805,0,0.00,75.0328,1.0000
12078485.0,6522.603748,27824.501408,34347.105156,4806,0,0.00,75.0547,1.0000
12078620.0,6522.743740,27825.401408,34348.145148,4807,0,0.00,75.0719,1.0000
12078879.0,6523.012317,27827.128075,34350.140392,4808,0,0.00,75.0891,1.0000
12079252.0,6523.399111,27829.614742,34353.013852,4809,0,0.00,75.1063,1.0000
12079488.0,6523.643838,27831.188075,34354.831913,4810,0,0.00,75.1109,1.0000
12079494.0,6523.650060,27831.228075,34354.878135,4811,0,0.00,75.1156,1.0000
12079498.0,6523.654207,27831.254742,34354.908949,4812,0,0.00,75.1203,1.0000
12080460.0,6524.651781,27837.668075,34362.319856,4813,0,0.00,75.1250,1.0000
12080532.0,6524.726444,27838.148075,34362.874519,4814,0,0.00,75.1297,1.0000
12080809.0,6525.013687,27839.994742,34365.008429,4815,0,0.00,75.1516,1.0000
12080811.0,6525.015761,27840.008075,34365.023836,4816,0,0.00,75.1688,1.0000
12080862.0,6525.068647,27840.348075,34365.416722,4817,0,0.00,75.1906,1.0000
12080876.0,6525.083165,27840.441408,34365.524573,4818,0,0.00,75.2125,1.0000
12081008.0,6525.220046,27841.321408,34366.541454,4819,0,0.00,75.2297,1.0000
12081011.0,6525.223157,27841.341408,34366.564565,4820,0,0.00,75.2344,1.0000
12081339.0,6525.563286,27843.528075,34369.091361,4821,0,0.00,75.2469,1.0000
12081866.0,6526.109774,27847.041408,34373.151182,4822,0,0.00,75.2641,1.0000
12081970.0,6526.217620,27847.734742,34373.952362,4823,0,0.00,75.2688,1.0000
12081970.0,6526.217620,27847.734742,34373.952362,4824,0,0.00,75.2734,1.0000
12081973.0,6526.220731,27847.754742,34373.975473,4825,0,0.00,75.2750,1.0000
12082203.0,6526.459236,27849.288075,34375.747311,4826,0,0.00,75.2797,1.0000
12083170.0,6527.461995,27855.734742,34383.196737,4827,0,0.00,75.2891,1.0000
12083261.0,6527.556360,27856.341408,34383.897768,4828,0,0.00,75.3063,1.0000
12083328.0,6527.625838,27856.788075,34384.413913,4829,0,0.00,75.3109,1.0000
12083648.0,6527.957671,27858.921408,34386.879079,4830,0,0.00,75.3281,1.0000
12083686.0,6527.997076,27859.174742,34387.171818,4831,0,0.00,75.3453,1.0000
12083924.0,6528.243877,27860.761408,34389.005286,4832,0,0.00,75.3500,1.0000
12083977.0,6528.298837,27861.114742,34389.413579,4833,0,0.00,75.3547,1.0000
12084045.0,6528.369352,27861.568075,34389.937427,4834,0,0.00,75.3641,1.0000
12086791.0,6531.216897,27879.874742,34411.091638,4835,0,0.00,75.3781,1.0000
12086920.0,6531.350667,27880.734742,34412.085409,4836,0,0.00,75.3953,1.0000
12086971.0,6531.403553,27881.074742,34412.478294,4837,0,0.00,75.4125,1.0000
12088018.0,6532.489270,27888.054742,34420.544012,4838,0,0.00,75.4188,1.0000
12088226.0,6532.704962,27889.441408,34422.146370,4839,0,0.00,75.4234,1.0000
12088954.0,6533.459882,27894.294742,34427.754624,4840,0,0.00,75.4453,1.0000
12089285.0,6533.803123,27896.501408,34430.304531,4841,0,0.00,75.4672,1.0000
12089425.0,6533.948300,27897.434742,34431.383041,4842,0,0.00,75.4813,1.0000
12090050.0,6534.596412,27901.601408,34436.197820,4843,0,0.00,75.4984,1.0000
12090217.0,6534.769587,27902.714742,34437.484329,4844,0,0.00,75.5156,1.0000
12090395.0,6534.954169,27903.901408,34438.855578,4845,0,0.00,75.5328,1.0000
12091107.0,6535.692499,27908.648075,34444.340574,4846,0,0.00,75.5516,1.0000
12091145.0,6535.731904,27908.901408,34444.633312,4847,0,0.00,75.5703,1.0000
12091150.0,6535.737089,27908.934742,34444.671830,4848,0,0.00,75.5891,1.0000
12091151.0,6535.738126,27908.941408,34444.679534,4849,0,0.00,75.6078,1.0000
12091155.0,6535.742274,27908.968075,34444.710349,4850,0,0.00,75.6141,1.0000
12091187.0,6535.775457,27909.181408,34444.956865,4851,0,0.00,75.6172,1.0000
12091189.0,6535.777531,27909.194742,34444.972273,4852,0,0.00,75.6359,1.0000
12091295.0,6535.887451,27909.901408,34445.788859,4853,0,0.00,75.6531,1.0000
12091490.0,6536.089662,27911.201408,34447.291070,4854,0,0.00,75.6703,1.0000
12092289.0,6536.918208,27916.528075,34453.446283,4855,0,0.00,75.6875,1.0000
12092662.0,6537.305001,27919.014742,34456.319743,4856,0,0.00,75.6938,1.0000
12092728.0,6537.373442,27919.454742,34456.828184,4857,0,0.00,75.7109,1.0000
12093377.0,6538.046441,27923.781408,34461.827850,4858,0,0.00,75.7281,1.0000
12093390.0,6538.059922,27923.868075,34461.927997,4859,0,0.00,75.7453,1.0000
12093390.0,6538.059922,27923.868075,34461.927997,4860,0,0.00,75.7641,1.0000
12094001.0,6538.693516,27927.941408,34466.634925,4861,0,0.00,75.7813,1.0000
12094493.0,6539.203710,27931.221408,34470.425118,4862,0,0.00,75.8063,1.0000
12094517.0,6539.228598,27931.381408,34470.610006,4863,0,0.00,75.8250,1.0000
12094702.0,6539.420439,27932.614742,34472.035180,4864,0,0.00,75.8438,1.0000
12094707.0,6539.425624,27932.648075,34472.073699,4865,0,0.00,75.8625,1.0000
12095048.0,6539.779234,27934.921408,34474.700642,4866,0,0.00,75.8813,1.0000
12095145.0,6539.879820,27935.568075,34475.447895,4867,0,0.00,75.9000,1.0000
12095754.0,6540.511341,27939.628075,34480.139416,4868,0,0.00,75.9172,1.0000
12095784.0,6540.542450,27939.828075,34480.370525,4869,0,0.00,75.9344,1.0000
12096091.0,6540.860803,27941.874742,34482.735544,4870,0,0.00,75.9563,1.0000
12096311.0,6541.088938,27943.341408,34484.430347,4871,0,0.00,75.9688,1.0000
12096715.0,6541.507878,27946.034742,34487.542619,4872,0,0.00,76.0188,1.0000
12096740.0,6541.533802,27946.201408,34487.735211,4873,0,0.00,76.0375,1.0000
12096743.0,6541.536913,27946.221408,34487.758322,4874,0,0.00,76.0563,1.0000
12096896.0,6541.695571,27947.241408,34488.936979,4875,0,0.00,76.0750,1.0000
12096962.0,6541.764012,27947.681408,34489.445420,4876,0,0.00,76.0938,1.0000
12096979.0,6541.781640,27947.794742,34489.576382,4877,0,0.00,76.1125,1.0000
12097010.0,6541.813787,27948.001408,34489.815195,4878,0,0.00,76.1313,1.0000
12097294.0,6542.108289,27949.894742,34492.003030,4879,0,0.00,76.1813,1.0000
12097463.0,6542.283538,27951.021408,34493.304947,4880,0,0.00,76.2000,1.0000
12097671.0,6542.499230,27952.408075,34494.907305,4881,0,0.00,76.2219,1.0000
12098154.0,6543.000091,27955.628075,34498.628166,4882,0,0.00,76.2719,1.0000
12098155.0,6543.001128,27955.634742,34498.635869,4883,0,0.00,76.3219,1.0000
12098155.0,6543.001128,27955.634742,34498.635869,4884,0,0.00,76.3719,1.0000
12098422.0,6543.278001,27957.414742,34500.692743,4885,0,0.00,76.3891,1.0000
12098531.0,6543.391032,27958.141408,34501.532440,4886,0,0.00,76.4078,1.0000
12098574.0,6543.435622,27958.428075,34501.863697,4887,0,0.00,76.4266,1.0000
12098802.0,6543.672053,27959.948075,34503.620128,4888,0,0.00,76.4313,1.0000
12098845.0,6543.716643,27960.234742,34503.951385,4889,0,0.00,76.4484,1.0000
12099206.0,6544.090993,27962.641408,34506.732401,4890,0,0.00,76.4672,1.0000
12099746.0,6544.650962,27966.241408,34510.892370,4891,0,0.00,76.4719,1.0000
12099781.0,6544.687256,27966.474742,34511.161998,4892,0,0.00,76.4938,1.0000
12099894.0,6544.804435,27967.228075,34512.032510,4893,0,0.00,76.5109,1.0000
12100134.0,6545.053310,27968.828075,34513.881385,4894,0,0.00,76.5344,1.0000
12100139.0,6545.058494,27968.861408,34513.919903,4895,0,0.00,76.5516,1.0000
12100371.0,6545.299074,27970.408075,34515.707149,4896,0,0.00,76.5688,1.0000
12100429.0,6545.359218,27970.794742,34516.153960,4897,0,0.00,76.5859,1.0000
12100587.0,6545.523061,27971.848075,34517.371136,4898,0,0.00,76.6031,1.0000
12100726.0,6545.667201,27972.774742,34518.441943,4899,0,0.00,76.6203,1.0000
12101234.0,6546.193987,27976.161408,34522.355395,4900,0,0.00,76.6375,1.0000
12101362.0,6546.326720,27977.014742,34523.341462,4901,0,0.00,76.6422,1.0000
12101448.0,6546.415900,27977.588075,34524.003975,4902,0,0.00,76.6469,1.0000
12101515.0,6546.485378,27978.034742,34524.520119,4903,0,0.00,76.6516,1.0000
12101603.0,6546.576632,27978.621408,34525.198040,4904,0,0.00,76.6688,1.0000
12101605.0,6546.578706,27978.634742,34525.213448,4905,0,0.00,76.6734,1.0000
12101620.0,6546.594261,27978.734742,34525.329002,4906,0,0.00,76.6797,1.0000
12101794.0,6546.774695,27979.894742,34526.669437,4907,0,0.00,76.6984,1.0000
12102033.0,6547.022533,27981.488075,34528.510608,4908,0,0.00,76.7031,1.0000
12102036.0,6547.025644,27981.508075,34528.533719,4909,0,0.00,76.7203,1.0000
12102457.0,6547.462212,27984.314742,34531.776954,4910,0,0.00,76.7250,1.0000
12102511.0,6547.518209,27984.674742,34532.192951,4911,0,0.00,76.7422,1.0000
12102618.0,6547.629166,27985.388075,34533.017241,4912,0,0.00,76.7594,1.0000
12102652.0,6547.664423,27985.614742,34533.279165,4913,0,0.00,76.7656,1.0000
12102792.0,6547.809600,27986.548075,34534.357675,4914,0,0.00,76.7719,1.0000
12102925.0,6547.947518,27987.434742,34535.382260,4915,0,0.00,76.7891,1.0000
12103042.0,6548.068845,27988.214742,34536.283587,4916,0,0.00,76.8063,1.0000
12103523.0,6548.567632,27991.421408,34539.989040,4917,0,0.00,76.8109,1.0000
12103548.0,6548.593556,27991.588075,34540.181631,4918,0,0.00,76.8172,1.0000
12104199.0,6549.268630,27995.928075,34545.196705,4919,0,0.00,76.8219,1.0000
12104371.0,6549.446990,27997.074742,34546.521732,4920,0,0.00,76.8281,1.0000
12104430.0,6549.508172,27997.468075,34546.976247,4921,0,0.00,76.8453,1.0000
12104670.0,6549.757047,27999.068075,34548.825122,4922,0,0.00,76.8500,1.0000
12104982.0,6550.080585,28001.148075,34551.228660,4923,0,0.00,76.8625,1.0000
12105057.0,6550.158358,28001.648075,34551.806433,4924,0,0.00,76.8672,1.0000
12105057.0,6550.158358,28001.648075,34551.806433,4925,0,0.00,76.8719,1.0000
12105126.0,6550.229910,28002.108075,34552.337985,4926,0,0.00,76.8766,1.0000
12105403.0,6550.517153,28003.954742,34554.471894,4927,0,0.00,76.8813,1.0000
12105431.0,6550.546188,28004.141408,34554.687597,4928,0,0.00,76.8859,1.0000
12105468.0,6550.584556,28004.388075,34554.972631,4929,0,0.00,76.8922,1.0000
12105582.0,6550.702772,28005.148075,34555.850847,4930,0,0.00,76.9141,1.0000
12105617.0,6550.739066,28005.381408,34556.120475,4931,0,0.00,76.9313,1.0000
12105670.0,6550.794026,28005.734742,34556.528768,4932,0,0.00,76.9484,1.0000
12105834.0,6550.964091,28006.828075,34557.792166,4933,0,0.00,76.9656,1.0000
12105871.0,6551.002459,28007.074742,34558.077201,4934,0,0.00,76.9703,1.0000
12106591.0,6551.749084,28011.874742,34563.623826,4935,0,0.00,76.9750,1.0000
12106853.0,6552.020773,28013.621408,34565.642181,4936,0,0.00,76.9797,1.0000
12106885.0,6552.053956,28013.834742,34565.888698,4937,0,0.00,76.9969,1.0000
12106892.0,6552.061215,28013.881408,34565.942623,4938,0,0.00,77.0141,1.0000
12106898.0,6552.067437,28013.921408,34565.988845,4939,0,0.00,77.0313,1.0000
12106937.0,6552.107879,28014.181408,34566.289287,4940,0,0.00,77.0484,1.0000
12107044.0,6552.218836,28014.894742,34567.113577,4941,0,0.00,77.0531,1.0000
12107092.0,6552.268611,28015.214742,34567.483352,4942,0,0.00,77.0578,1.0000
12107093.0,6552.269648,28015.221408,34567.491056,4943,0,0.00,77.0625,1.0000
12107198.0,6552.378530,28015.921408,34568.299939,4944,0,0.00,77.0797,1.0000
12107538.0,6552.731103,28018.188075,34570.919178,4945,0,0.00,77.0813,1.0000
12107825.0,6553.028716,28020.101408,34573.130125,4946,0,0.00,77.0875,1.0000
12108156.0,6553.371956,28022.308075,34575.680031,4947,0,0.00,77.1063,1.0000
12108335.0,6553.557576,28023.501408,34577.058984,4948,0,0.00,77.1109,1.0000
12108338.0,6553.560687,28023.521408,34577.082095,4949,0,0.00,77.1234,1.0000
12108478.0,6553.705864,28024.454742,34578.160605,4950,0,0.00,77.1297,1.0000
12108768.0,6554.006588,28026.388075,34580.394663,4951,0,0.00,77.1344,1.0000
12109068.0,6554.317681,28028.388075,34582.705756,4952,0,0.00,77.1391,1.0000
12109299.0,6554.557224,28029.928075,34584.485299,4953,0,0.00,77.1563,1.0000
12109666.0,6554.937795,28032.374742,34587.312537,4954,0,0.00,77.1609,1.0000
12109772.0,6555.047715,28033.081408,34588.129123,4955,0,0.00,77.1781,1.0000
12109863.0,6555.142080,28033.688075,34588.830155,4956,0,0.00,77.1828,1.0000
12110103.0,6555.390955,28035.288075,34590.679030,4957,0,0.00,77.2000,1.0000
12110138.0,6555.427249,28035.521408,34590.948657,4958,0,0.00,77.2063,1.0000
12111295.0,6556.627034,28043.234742,34599.861776,4959,0,0.00,77.2234,1.0000
12111538.0,6556.879020,28044.854742,34601.733762,4960,0,0.00,77.2281,1.0000
12111572.0,6556.914277,28045.081408,34601.995686,4961,0,0.00,77.2453,1.0000
12111627.0,6556.971311,28045.448075,34602.419386,4962,0,0.00,77.2594,1.0000
12111967.0,6557.323884,28047.714742,34605.038626,4963,0,0.00,77.2766,1.0000
12112437.0,6557.811264,28050.848075,34608.659339,4964,0,0.00,77.2953,1.0000
12112672.0,6558.054954,28052.414742,34610.469696,4965,0,0.00,77.3141,1.0000
12112974.0,6558.368122,28054.428075,34612.796197,4966,0,0.00,77.3359,1.0000
12113157.0,6558.557889,28055.648075,34614.205964,4967,0,0.00,77.3641,1.0000
12114272.0,6559.714121,28063.081408,34622.795529,4968,0,0.00,77.3813,1.0000
12114462.0,6559.911147,28064.348075,34624.259222,4969,0,0.00,77.3906,1.0000
12114644.0,6560.099877,28065.561408,34625.661286,4970,0,0.00,77.4000,1.0000
12115366.0,6560.848576,28070.374742,34631.223318,4971,0,0.00,77.4172,1.0000
12115480.0,6560.966792,28071.134742,34632.101534,4972,0,0.00,77.4344,1.0000
12116077.0,6561.585868,28075.114742,34636.700610,4973,0,0.00,77.4469,1.0000
12116862.0,6562.399897,28080.348075,34642.747972,4974,0,0.00,77.4641,1.0000
12116907.0,6562.446561,28080.648075,34643.094636,4975,0,0.00,77.4781,1.0000
12117344.0,6562.899721,28083.561408,34646.461129,4976,0,0.00,77.4922,1.0000
12117578.0,6563.142374,28085.121408,34648.263782,4977,0,0.00,77.5141,1.0000
12117838.0,6563.411989,28086.854742,34650.266730,4978,0,0.00,77.5281,1.0000
12118355.0,6563.948107,28090.301408,34654.249515,4979,0,0.00,77.5406,1.0000
12118654.0,6564.258164,28092.294742,34656.552905,4980,0,0.00,77.5547,1.0000
12120437.0,6566.107098,28104.181408,34670.288506,4981,0,0.00,77.5719,1.0000
12120439.0,6566.109172,28104.194742,34670.303913,4982,0,0.00,77.5891,1.0000
12120894.0,6566.580997,28107.228075,34673.809072,4983,0,0.00,77.6391,1.0000
12121599.0,6567.312067,28111.928075,34679.240142,4984,0,0.00,77.6563,1.0000
12121606.0,6567.319326,28111.974742,34679.294068,4985,0,0.00,77.6609,1.0000
12121649.0,6567.363916,28112.261408,34679.625325,4986,0,0.00,77.6781,1.0000
12122381.0,6568.122985,28117.141408,34685.264393,4987,0,0.00,77.6844,1.0000
12123216.0,6568.988863,28122.708075,34691.696938,4988,0,0.00,77.6969,1.0000
12123219.0,6568.991974,28122.728075,34691.720049,4989,0,0.00,77.7094,1.0000
12123575.0,6569.361138,28125.101408,34694.462547,4990,0,0.00,77.7281,1.0000
12126758.0,6572.661843,28146.321408,34718.983251,4991,0,0.00,77.7406,1.0000
12126876.0,6572.784206,28147.108075,34719.892281,4992,0,0.00,77.7656,1.0000
12126952.0,6572.863017,28147.614742,34720.477759,4993,0,0.00,77.8031,1.0000
12127861.0,6573.805631,28153.674742,34727.480373,4994,0,0.00,77.8406,1.0000
12127999.0,6573.948734,28154.594742,34728.543476,4995,0,0.00,77.8531,1.0000
12128039.0,6573.990213,28154.861408,34728.851622,4996,0,0.00,77.8906,1.0000
12128415.0,6574.380117,28157.368075,34731.748192,4997,0,0.00,77.9281,1.0000
12131712.0,6577.799038,28179.348075,34757.147113,4998,0,0.00,77.9453,1.0000
12132150.0,6578.253235,28182.268075,34760.521310,4999,0,0.00,77.9594,1.0000
12132156.0,6578.259456,28182.308075,34760.567531,5000,0,0.00,77.9734,1.0000
12132209.0,6578.314416,28182.661408,34760.975825,5001,0,0.00,77.9875,1.0000
12132578.0,6578.697062,28185.121408,34763.818470,5002,0,0.00,78.0063,1.0000
12134734.0,6580.932789,28199.494742,34780.427530,5003,0,0.00,78.0234,1.0000
12134818.0,6581.019895,28200.054742,34781.074637,5004,0,0.00,78.0297,1.0000
12135516.0,6581.743706,28204.708075,34786.451781,5005,0,0.00,78.0547,1.0000
12135997.0,6582.242493,28207.914742,34790.157235,5006,0,0.00,78.0734,1.0000
12135999.0,6582.244567,28207.928075,34790.172642,5007,0,0.00,78.0859,1.0000
12136247.0,6582.501738,28209.581408,34792.083147,5008,0,0.00,78.1031,1.0000
12136338.0,6582.596103,28210.188075,34792.784178,5009,0,0.00,78.1094,1.0000
12136477.0,6582.740243,28211.114742,34793.854985,5010,0,0.00,78.1281,1.0000
12136776.0,6583.050300,28213.108075,34796.158375,5011,0,0.00,78.1469,1.0000
12137134.0,6583.421539,28215.494742,34798.916280,5012,0,0.00,78.1656,1.0000
12137516.0,6583.817665,28218.041408,34801.859073,5013,0,0.00,78.2031,1.0000
12140141.0,6586.539735,28235.541408,34822.081143,5014,0,0.00,78.2156,1.0000
12140508.0,6586.920306,28237.988075,34824.908381,5015,0,0.00,78.2531,1.0000
12140859.0,6587.284286,28240.328075,34827.612361,5016,0,0.00,78.2625,1.0000
12142332.0,6588.811756,28250.148075,34838.959831,5017,0,0.00,78.2688,1.0000
12142332.0,6588.811756,28250.148075,34838.959831,5018,0,0.00,78.2750,1.0000
12142867.0,6589.366540,28253.714742,34843.081282,5019,0,0.00,78.2813,1.0000
12142867.0,6589.366540,28253.714742,34843.081282,5020,0,0.00,78.2875,1.0000
12143044.0,6589.550086,28254.894742,34844.444827,5021,0,0.00,78.3250,1.0000
12143435.0,6589.955544,28257.501408,34847.456953,5022,0,0.00,78.3438,1.0000
12144577.0,6591.139775,28265.114742,34856.254516,5023,0,0.00,78.3813,1.0000
12144966.0,6591.543160,28267.708075,34859.251235,5024,0,0.00,78.4313,1.0000
12145830.0,6592.439110,28273.468075,34865.907185,5025,0,0.00,78.4688,1.0000
12146366.0,6592.994930,28277.041408,34870.036339,5026,0,0.00,78.5188,1.0000
12147632.0,6594.307746,28285.481408,34879.789154,5027,0,0.00,78.5422,1.0000
12151281.0,6598.091683,28309.808075,34907.899758,5028,0,0.00,78.5594,1.0000
12151553.0,6598.373741,28311.621408,34909.995150,5029,0,0.00,78.5844,1.0000
12151856.0,6598.687946,28313.641408,34912.329354,5030,0,0.00,78.6016,1.0000
12151856.0,6598.687946,28313.641408,34912.329354,5031,0,0.00,78.6188,1.0000
12152041.0,6598.879787,28314.874742,34913.754529,5032,0,0.00,78.6313,1.0000
12152043.0,6598.881861,28314.888075,34913.769936,5033,0,0.00,78.6438,1.0000
12152043.0,6598.881861,28314.888075,34913.769936,5034,0,0.00,78.6563,1.0000
12152044.0,6598.882898,28314.894742,34913.777640,5035,0,0.00,78.6688,1.0000
12152045.0,6598.883935,28314.901408,34913.785343,5036,0,0.00,78.6813,1.0000
12152048.0,6598.887046,28314.921408,34913.808454,5037,0,0.00,78.6938,1.0000
12152150.0,6598.992818,28315.601408,34914.594226,5038,0,0.00,78.7172,1.0000
12152920.0,6599.791292,28320.734742,34920.526034,5039,0,0.00,78.7297,1.0000
12153651.0,6600.549324,28325.608075,34926.157399,5040,0,0.00,78.7531,1.0000
12154260.0,6601.180844,28329.668075,34930.848919,5041,0,0.00,78.7703,1.0000
12154303.0,6601.225434,28329.954742,34931.180176,5042,0,0.00,78.7766,1.0000
12154663.0,6601.598747,28332.354742,34933.953488,5043,0,0.00,78.7938,1.0000
12154679.0,6601.615338,28332.461408,34934.076747,5044,0,0.00,78.8109,1.0000
12154786.0,6601.726295,28333.174742,34934.901037,5045,0,0.00,78.8234,1.0000
12154814.0,6601.755330,28333.361408,34935.116739,5046,0,0.00,78.8406,1.0000
12154819.0,6601.760515,28333.394742,34935.155257,5047,0,0.00,78.8578,1.0000
12154820.0,6601.761552,28333.401408,34935.162961,5048,0,0.00,78.8750,1.0000
12155323.0,6602.283153,28336.754742,34939.037894,5049,0,0.00,78.8859,1.0000
12155901.0,6602.882527,28340.608075,34943.490602,5050,0,0.00,78.9031,1.0000
12155954.0,6602.937487,28340.961408,34943.898895,5051,0,0.00,78.9203,1.0000
12155998.0,6602.983114,28341.254742,34944.237855,5052,0,0.00,78.9328,1.0000
12156035.0,6603.021482,28341.501408,34944.522890,5053,0,0.00,78.9500,1.0000
12156158.0,6603.149030,28342.321408,34945.470439,5054,0,0.00,78.9672,1.0000
12157838.0,6604.891155,28353.521408,34958.412564,5055,0,0.00,79.0672,1.0000
12157881.0,6604.935745,28353.808075,34958.743820,5056,0,0.00,79.0734,1.0000
12158431.0,6605.506084,28357.474742,34962.980826,5057,0,0.00,79.0875,1.0000
12158437.0,6605.512306,28357.514742,34963.027048,5058,0,0.00,79.1016,1.0000
12159404.0,6606.515065,28363.961408,34970.476473,5059,0,0.00,79.1063,1.0000
12159670.0,6606.790901,28365.734742,34972.525643,5060,0,0.00,79.1234,1.0000
12159972.0,6607.104069,28367.748075,34974.852144,5061,0,0.00,79.1406,1.0000
12159998.0,6607.131030,28367.921408,34975.052439,5062,0,0.00,79.1594,1.0000
12160419.0,6607.567599,28370.728075,34978.295674,5063,0,0.00,79.1641,1.0000
12161436.0,6608.622206,28377.508075,34986.130281,5064,0,0.00,79.1828,1.0000
12161618.0,6608.810937,28378.721408,34987.532345,5065,0,0.00,79.2000,1.0000
12161670.0,6608.864860,28379.068075,34987.932935,5066,0,0.00,79.2188,1.0000
12161913.0,6609.116845,28380.688075,34989.804920,5067,0,0.00,79.2375,1.0000
12161974.0,6609.180101,28381.094742,34990.274843,5068,0,0.00,79.2563,1.0000
12161974.0,6609.180101,28381.094742,34990.274843,5069,0,0.00,79.2750,1.0000
12163737.0,6611.008295,28392.848075,35003.856370,5070,0,0.00,79.2875,1.0000
12163796.0,6611.069477,28393.241408,35004.310886,5071,0,0.00,79.3063,1.0000
12164319.0,6611.611817,28396.728075,35008.339892,5072,0,0.00,79.3203,1.0000
12164507.0,6611.806769,28397.981408,35009.788178,5073,0,0.00,79.3344,1.0000
12164510.0,6611.809880,28398.001408,35009.811289,5074,0,0.00,79.3516,1.0000
12165205.0,6612.530581,28402.634742,35015.165323,5075,0,0.00,79.3656,1.0000
12165308.0,6612.637390,28403.321408,35015.958798,5076,0,0.00,79.3828,1.0000
12165312.0,6612.641538,28403.348075,35015.989613,5077,0,0.00,79.4000,1.0000
12166331.0,6613.698219,28410.141408,35023.839628,5078,0,0.00,79.4172,1.0000
12166896.0,6614.284113,28413.908075,35028.192188,5079,0,0.00,79.4359,1.0000
12167111.0,6614.507063,28415.341408,35029.848472,5080,0,0.00,79.4531,1.0000
12168099.0,6615.531599,28421.928075,35037.459674,5081,0,0.00,79.4781,1.0000
12168103.0,6615.535747,28421.954742,35037.490488,5082,0,0.00,79.4906,1.0000
12168289.0,6615.728625,28423.194742,35038.923366,5083,0,0.00,79.5406,1.0000
12168863.0,6616.323851,28427.021408,35043.345259,5084,0,0.00,79.5906,1.0000
12169610.0,6617.098474,28432.001408,35049.099882,5085,0,0.00,79.6078,1.0000
12170009.0,6617.512229,28434.661408,35052.173637,5086,0,0.00,79.6219,1.0000
12170266.0,6617.778732,28436.374742,35054.153474,5087,0,0.00,79.6266,1.0000
12170335.0,6617.850284,28436.834742,35054.685026,5088,0,0.00,79.6391,1.0000
12171662.0,6619.226355,28445.681408,35064.907764,5089,0,0.00,79.6563,1.0000
12171704.0,6619.269909,28445.961408,35065.231317,5090,0,0.00,79.6734,1.0000
12171858.0,6619.429603,28446.988075,35066.417678,5091,0,0.00,79.6906,1.0000
12172506.0,6620.101566,28451.308075,35071.409641,5092,0,0.00,79.7094,1.0000
12172549.0,6620.146156,28451.594742,35071.740898,5093,0,0.00,79.7281,1.0000
12172609.0,6620.208375,28451.994742,35072.203116,5094,0,0.00,79.7469,1.0000
12172645.0,6620.245706,28452.234742,35072.480448,5095,0,0.00,79.7641,1.0000
12172646.0,6620.246743,28452.241408,35072.488151,5096,0,0.00,79.7828,1.0000
12172723.0,6620.326590,28452.754742,35073.081332,5097,0,0.00,79.8016,1.0000
12173162.0,6620.781824,28455.681408,35076.463232,5098,0,0.00,79.8188,1.0000
12173678.0,6621.316905,28459.121408,35080.438314,5099,0,0.00,79.8422,1.0000
12173996.0,6621.646665,28461.241408,35082.888073,5100,0,0.00,79.8656,1.0000
12174003.0,6621.653924,28461.288075,35082.941999,5101,0,0.00,79.8703,1.0000
12174085.0,6621.738956,28461.834742,35083.573698,5102,0,0.00,79.8891,1.0000
12174364.0,6622.028273,28463.694742,35085.723015,5103,0,0.00,79.9078,1.0000
12174371.0,6622.035532,28463.741408,35085.776940,5104,0,0.00,79.9266,1.0000
12174434.0,6622.100862,28464.161408,35086.262270,5105,0,0.00,79.9453,1.0000
12174652.0,6622.326923,28465.614742,35087.941665,5106,0,0.00,79.9625,1.0000
12174951.0,6622.636980,28467.608075,35090.245055,5107,0,0.00,79.9797,1.0000
12174993.0,6622.680533,28467.888075,35090.568608,5108,0,0.00,79.9969,1.0000
12175532.0,6623.239465,28471.481408,35094.720873,5109,0,0.00,80.0016,1.0000
12175696.0,6623.409529,28472.574742,35095.984271,5110,0,0.00,80.0188,1.0000
12175921.0,6623.642850,28474.074742,35097.717591,5111,0,0.00,80.0359,1.0000
12176615.0,6624.362513,28478.701408,35103.063922,5112,0,0.00,80.0531,1.0000
12176741.0,6624.493173,28479.541408,35104.034581,5113,0,0.00,80.0719,1.0000
12177171.0,6624.939074,28482.408075,35107.347149,5114,0,0.00,80.0891,1.0000
12177283.0,6625.055215,28483.154742,35108.209957,5115,0,0.00,80.1063,1.0000
12177374.0,6625.149580,28483.761408,35108.910989,5116,0,0.00,80.1297,1.0000
12177501.0,6625.281277,28484.608075,35109.889352,5117,0,0.00,80.1469,1.0000
12177501.0,6625.281277,28484.608075,35109.889352,5118,0,0.00,80.1641,1.0000
12177905.0,6625.700216,28487.301408,35113.001625,5119,0,0.00,80.1875,1.0000
12178214.0,6626.020643,28489.361408,35115.382051,5120,0,0.00,80.2047,1.0000
12178225.0,6626.032050,28489.434742,35115.466791,5121,0,0.00,80.2297,1.0000
12178306.0,6626.116045,28489.974742,35116.090787,5122,0,0.00,80.2438,1.0000
12178371.0,6626.183449,28490.408075,35116.591524,5123,0,0.00,80.2578,1.0000
12179232.0,6627.076288,28496.148075,35123.224363,5124,0,0.00,80.2641,1.0000
12180321.0,6628.205558,28503.408075,35131.613633,5125,0,0.00,80.2813,1.0000
12180333.0,6628.218002,28503.488075,35131.706077,5126,0,0.00,80.2859,1.0000
12180819.0,6628.721974,28506.728075,35135.450049,5127,0,0.00,80.2906,1.0000
12181366.0,6629.289201,28510.374742,35139.663943,5128,0,0.00,80.2953,1.0000
12181396.0,6629.320311,28510.574742,35139.895052,5129,0,0.00,80.3000,1.0000
12181631.0,6629.564001,28512.141408,35141.705409,5130,0,0.00,80.3172,1.0000
12181759.0,6629.696734,28512.994742,35142.691476,5131,0,0.00,80.3281,1.0000
12181865.0,6629.806654,28513.701408,35143.508062,5132,0,0.00,80.3469,1.0000
12182220.0,6630.174781,28516.068075,35146.242856,5133,0,0.00,80.3516,1.0000
12182295.0,6630.252555,28516.568075,35146.820630,5134,0,0.00,80.3563,1.0000
12182359.0,6630.318922,28516.994742,35147.313663,5135,0,0.00,80.3609,1.0000
12182754.0,6630.728528,28519.628075,35150.356603,5136,0,0.00,80.3797,1.0000
12185390.0,6633.462005,28537.201408,35170.663414,5137,0,0.00,80.4078,1.0000
12185774.0,6633.860205,28539.761408,35173.621614,5138,0,0.00,80.4359,1.0000
12186091.0,6634.188928,28541.874742,35176.063669,5139,0,0.00,80.4531,1.0000
12186136.0,6634.235592,28542.174742,35176.410334,5140,0,0.00,80.4703,1.0000
12186210.0,6634.312328,28542.668075,35176.980403,5141,0,0.00,80.4891,1.0000
12186465.0,6634.576758,28544.368075,35178.944833,5142,0,0.00,80.5016,1.0000
12186777.0,6634.900295,28546.448075,35181.348370,5143,0,0.00,80.5203,1.0000
12187021.0,6635.153318,28548.074742,35183.228060,5144,0,0.00,80.5484,1.0000
12187297.0,6635.439525,28549.914742,35185.354266,5145,0,0.00,80.5656,1.0000
12188787.0,6636.984624,28559.848075,35196.832699,5146,0,0.00,80.5891,1.0000
12189140.0,6637.350677,28562.201408,35199.552086,5147,0,0.00,80.6063,1.0000
12189577.0,6637.803837,28565.114742,35202.918579,5148,0,0.00,80.6250,1.0000
12189736.0,6637.968717,28566.174742,35204.143459,5149,0,0.00,80.6438,1.0000
12189741.0,6637.973902,28566.208075,35204.181977,5150,0,0.00,80.6625,1.0000
12189930.0,6638.169891,28567.468075,35205.637966,5151,0,0.00,80.6672,1.0000
12190644.0,6638.910294,28572.228075,35211.138369,5152,0,0.00,80.6844,1.0000
12190891.0,6639.166428,28573.874742,35213.041169,5153,0,0.00,80.7016,1.0000
12191046.0,6639.327160,28574.908075,35214.235235,5154,0,0.00,80.7188,1.0000
12191800.0,6640.109042,28579.934742,35220.043784,5155,0,0.00,80.7688,1.0000
12191801.0,6640.110079,28579.941408,35220.051487,5156,0,0.00,80.8188,1.0000
12192372.0,6640.702194,28583.748075,35224.450269,5157,0,0.00,80.8313,1.0000
12194720.0,6643.137021,28599.401408,35242.538429,5158,0,0.00,80.8438,1.0000
12194827.0,6643.247978,28600.114742,35243.362719,5159,0,0.00,80.8500,1.0000
12194858.0,6643.280124,28600.321408,35243.601532,5160,0,0.00,80.8594,1.0000
12194866.0,6643.288420,28600.374742,35243.663162,5161,0,0.00,80.8766,1.0000
12194939.0,6643.364119,28600.861408,35244.225528,5162,0,0.00,80.8938,1.0000
12195193.0,6643.627512,28602.554742,35246.182254,5163,0,0.00,80.9109,1.0000
12195640.0,6644.091042,28605.534742,35249.625784,5164,0,0.00,80.9250,1.0000
12195676.0,6644.128373,28605.774742,35249.903115,5165,0,0.00,80.9391,1.0000
12196100.0,6644.568052,28608.601408,35253.169461,5166,0,0.00,80.9531,1.0000
12197581.0,6646.103818,28618.474742,35264.578560,5167,0,0.00,80.9781,1.0000
12199649.0,6648.248291,28632.261408,35280.509700,5168,0,0.00,80.9969,1.0000
12199961.0,6648.571829,28634.341408,35282.913237,5169,0,0.00,81.0109,1.0000
12200037.0,6648.650639,28634.848075,35283.498714,5170,0,0.00,81.0250,1.0000
12200388.0,6649.014619,28637.188075,35286.202694,5171,0,0.00,81.0391,1.0000
12200494.0,6649.124539,28637.894742,35287.019280,5172,0,0.00,81.2266,1.0000
12200557.0,6649.189868,28638.314742,35287.504610,5173,0,0.00,81.2359,1.0000
12201926.0,6650.609493,28647.441408,35298.050901,5174,0,0.00,81.2500,1.0000
12202585.0,6651.292862,28651.834742,35303.127604,5175,0,0.00,81.2625,1.0000
12202897.0,6651.616400,28653.914742,35305.531141,5176,0,0.00,81.2766,1.0000
12203014.0,6651.737726,28654.694742,35306.432468,5177,0,0.00,81.2828,1.0000
12204311.0,6653.082688,28663.341408,35316.424097,5178,0,0.00,81.2969,1.0000
12204373.0,6653.146981,28663.754742,35316.901723,5179,0,0.00,81.3109,1.0000
12204444.0,6653.220606,28664.228075,35317.448681,5180,0,0.00,81.3250,1.0000
12204866.0,6653.658212,28667.041408,35320.699620,5181,0,0.00,81.3375,1.0000
12205059.0,6653.858349,28668.328075,35322.186424,5182,0,0.00,81.3516,1.0000
12205072.0,6653.871829,28668.414742,35322.286571,5183,0,0.00,81.3656,1.0000
12205190.0,6653.994193,28669.201408,35323.195601,5184,0,0.00,81.3703,1.0000
12205878.0,6654.707635,28673.788075,35328.495710,5185,0,0.00,81.3875,1.0000
12206019.0,6654.853849,28674.728075,35329.581924,5186,0,0.00,81.4250,1.0000
12206066.0,6654.902587,28675.041408,35329.943995,5187,0,0.00,81.4422,1.0000
12206655.0,6655.513367,28678.968075,35334.481442,5188,0,0.00,81.4797,1.0000
12207361.0,6656.245475,28683.674742,35339.920216,5189,0,0.00,81.4844,1.0000
12208439.0,6657.363338,28690.861408,35348.224747,5190,0,0.00,81.4984,1.0000
12209144.0,6658.094409,28695.561408,35353.655817,5191,0,0.00,81.5125,1.0000
12209799.0,6658.773630,28699.928075,35358.701705,5192,0,0.00,81.5500,1.0000
12210947.0,6659.964082,28707.581408,35367.545490,5193,0,0.00,81.5641,1.0000
12212039.0,6661.096463,28714.861408,35375.957872,5194,0,0.00,81.5813,1.0000
12212789.0,6661.874198,28719.861408,35381.735606,5195,0,0.00,81.5938,1.0000
12213388.0,6662.495348,28723.854742,35386.350090,5196,0,0.00,81.6156,1.0000
12213388.0,6662.495348,28723.854742,35386.350090,5197,0,0.00,81.6375,1.0000
12213392.0,6662.499496,28723.881408,35386.380904,5198,0,0.00,81.6422,1.0000
12213411.0,6662.519199,28724.008075,35386.527274,5199,0,0.00,81.6641,1.0000
12215373.0,6664.553752,28737.088075,35401.641827,5200,0,0.00,81.6734,1.0000
12216059.0,6665.265119,28741.661408,35406.926528,5201,0,0.00,81.6906,1.0000
12216064.0,6665.270304,28741.694742,35406.965046,5202,0,0.00,81.7078,1.0000
12218672.0,6667.974746,28759.081408,35427.056154,5203,0,0.00,81.7297,1.0000
12220267.0,6669.628728,28769.714742,35439.343469,5204,0,0.00,81.7359,1.0000
12222522.0,6671.967116,28784.748075,35456.715191,5205,0,0.00,81.7734,1.0000
12223225.0,6672.696112,28789.434742,35462.130854,5206,0,0.00,81.7797,1.0000
12224524.0,6674.043148,28798.094742,35472.137890,5207,0,0.00,81.8172,1.0000
12225106.0,6674.646670,28801.974742,35476.621412,5208,0,0.00,81.8547,1.0000
12226207.0,6675.788384,28809.314742,35485.103126,5209,0,0.00,81.8922,1.0000
12227159.0,6676.775588,28815.661408,35492.436997,5210,0,0.00,81.8984,1.0000
12227669.0,6677.304448,28819.061408,35496.365856,5211,0,0.00,81.9109,1.0000
12228040.0,6677.689167,28821.534742,35499.223909,5212,0,0.00,81.9141,1.0000
12228055.0,6677.704722,28821.634742,35499.339463,5213,0,0.00,81.9359,1.0000
12228758.0,6678.433718,28826.321408,35504.755126,5214,0,0.00,81.9547,1.0000
12228760.0,6678.435792,28826.334742,35504.770534,5215,0,0.00,81.9578,1.0000
12228943.0,6678.625559,28827.554742,35506.180301,5216,0,0.00,81.9703,1.0000
12230616.0,6680.360425,28838.708075,35519.068500,5217,0,0.00,81.9891,1.0000
12234598.0,6684.489676,28865.254742,35549.744418,5218,0,0.00,82.0016,1.0000
12236153.0,6686.102179,28875.621408,35561.723587,5219,0,0.00,82.0234,1.0000
12236645.0,6686.612373,28878.901408,35565.513781,5220,0,0.00,82.0297,1.0000
12237368.0,6687.362109,28883.721408,35571.083517,5221,0,0.00,82.0359,1.0000
12238569.0,6688.607520,28891.728075,35580.335595,5222,0,0.00,82.0484,1.0000
12238570.0,6688.608557,28891.734742,35580.343299,5223,0,0.00,82.0609,1.0000
12238576.0,6688.614779,28891.774742,35580.389521,5224,0,0.00,82.0734,1.0000
12239435.0,6689.505544,28897.501408,35587.006953,5225,0,0.00,82.0859,1.0000
12239700.0,6689.780344,28899.268075,35589.048419,5226,0,0.00,82.0984,1.0000
12239944.0,6690.033367,28900.894742,35590.928109,5227,0,0.00,82.1484,1.0000
12240521.0,6690.631704,28904.741408,35595.373112,5228,0,0.00,82.1984,1.0000
12240695.0,6690.812138,28905.901408,35596.713547,5229,0,0.00,82.2219,1.0000
12240698.0,6690.815249,28905.921408,35596.736657,5230,0,0.00,82.2453,1.0000
12240843.0,6690.965611,28906.888075,35597.853686,5231,0,0.00,82.2500,1.0000
12244809.0,6695.078270,28933.328075,35628.406345,5232,0,0.00,82.2719,1.0000
12244917.0,6695.190264,28934.048075,35629.238339,5233,0,0.00,82.2844,1.0000
12244942.0,6695.216189,28934.214742,35629.430930,5234,0,0.00,82.2891,1.0000
12246891.0,6697.237261,28947.208075,35644.445336,5235,0,0.00,82.3063,1.0000
12247492.0,6697.860486,28951.214742,35649.075227,5236,0,0.00,82.3234,1.0000
12247493.0,6697.861523,28951.221408,35649.082931,5237,0,0.00,82.3281,1.0000
12248368.0,6698.768879,28957.054742,35655.823621,5238,0,0.00,82.3500,1.0000
12248563.0,6698.971090,28958.354742,35657.325832,5239,0,0.00,82.3672,1.0000
12248961.0,6699.383808,28961.008075,35660.391883,5240,0,0.00,82.3719,1.0000
12249012.0,6699.436694,28961.348075,35660.784769,5241,0,0.00,82.3891,1.0000
12249124.0,6699.552836,28962.094742,35661.647577,5242,0,0.00,82.3938,1.0000
12249191.0,6699.622313,28962.541408,35662.163722,5243,0,0.00,82.4109,1.0000
12249856.0,6700.311904,28966.974742,35667.286646,5244,0,0.00,82.4328,1.0000
12249953.0,6700.412491,28967.621408,35668.033900,5245,0,0.00,82.4500,1.0000
12250527.0,6701.007717,28971.448075,35672.455792,5246,0,0.00,82.4672,1.0000
12250599.0,6701.082380,28971.928075,35673.010455,5247,0,0.00,82.4891,1.0000
12250817.0,6701.308441,28973.381408,35674.689850,5248,0,0.00,82.5063,1.0000
12250859.0,6701.351994,28973.661408,35675.013403,5249,0,0.00,82.5234,1.0000
12251254.0,6701.761601,28976.294742,35678.056343,5250,0,0.00,82.5281,1.0000
12251264.0,6701.771971,28976.361408,35678.133379,5251,0,0.00,82.5406,1.0000
12251281.0,6701.789600,28976.474742,35678.264341,5252,0,0.00,82.5453,1.0000
12251282.0,6701.790637,28976.481408,35678.272045,5253,0,0.00,82.5578,1.0000
12251282.0,6701.790637,28976.481408,35678.272045,5254,0,0.00,82.5625,1.0000
12251306.0,6701.815524,28976.641408,35678.456932,5255,0,0.00,82.5797,1.0000
12251429.0,6701.943073,28977.461408,35679.404481,5256,0,0.00,82.5969,1.0000
12251814.0,6702.342310,28980.028075,35682.370385,5257,0,0.00,82.6016,1.0000
12251938.0,6702.470895,28980.854742,35683.325637,5258,0,0.00,82.6141,1.0000
12251986.0,6702.520670,28981.174742,35683.695412,5259,0,0.00,82.6313,1.0000
12252028.0,6702.564223,28981.454742,35684.018965,5260,0,0.00,82.6484,1.0000
12252273.0,6702.818283,28983.088075,35685.906358,5261,0,0.00,82.6672,1.0000
12253549.0,6704.141468,28991.594742,35695.736210,5262,0,0.00,82.6844,1.0000
12254263.0,6704.881872,28996.354742,35701.236613,5263,0,0.00,82.7078,1.0000
12254747.0,6705.383769,28999.581408,35704.965178,5264,0,0.00,82.7297,1.0000
12255792.0,6706.467413,29006.548075,35713.015488,5265,0,0.00,82.7422,1.0000
12255947.0,6706.628144,29007.581408,35714.209553,5266,0,0.00,82.7656,1.0000
12256144.0,6706.832429,29008.894742,35715.727171,5267,0,0.00,82.7797,1.0000
12256173.0,6706.862502,29009.088075,35715.950577,5268,0,0.00,82.7984,1.0000
12256226.0,6706.917462,29009.441408,35716.358870,5269,0,0.00,82.8125,1.0000
12256257.0,6706.949608,29009.648075,35716.597683,5270,0,0.00,82.8266,1.0000
12256266.0,6706.958941,29009.708075,35716.667016,5271,0,0.00,82.8406,1.0000
12256292.0,6706.985902,29009.881408,35716.867311,5272,0,0.00,82.8547,1.0000
12256390.0,6707.087526,29010.534742,35717.622268,5273,0,0.00,82.8688,1.0000
12258236.0,6709.001790,29022.841408,35731.843198,5274,0,0.00,82.8906,1.0000
12258379.0,6709.150078,29023.794742,35732.944819,5275,0,0.00,82.8953,1.0000
12258510.0,6709.285922,29024.668075,35733.953997,5276,0,0.00,82.9125,1.0000
12258719.0,6709.502651,29026.061408,35735.564059,5277,0,0.00,82.9266,1.0000
12258884.0,6709.673752,29027.161408,35736.835161,5278,0,0.00,82.9438,1.0000
12259241.0,6710.043954,29029.541408,35739.585362,5279,0,0.00,82.9578,1.0000
12259610.0,6710.426599,29032.001408,35742.428007,5280,0,0.00,82.9719,1.0000
12260049.0,6710.881833,29034.928075,35745.809908,5281,0,0.00,82.9891,1.0000
12260260.0,6711.100636,29036.334742,35747.435377,5282,0,0.00,83.0063,1.0000
12260581.0,6711.433506,29038.474742,35749.908248,5283,0,0.00,83.0234,1.0000
12261017.0,6711.885629,29041.381408,35753.267037,5284,0,0.00,83.0281,1.0000
12261683.0,6712.576257,29045.821408,35758.397665,5285,0,0.00,83.0453,1.0000
12261708.0,6712.602181,29045.988075,35758.590256,5286,0,0.00,83.0625,1.0000
12261801.0,6712.698620,29046.608075,35759.306695,5287,0,0.00,83.0797,1.0000
12261831.0,6712.729730,29046.808075,35759.537805,5288,0,0.00,83.0969,1.0000
12261847.0,6712.746322,29046.914742,35759.661063,5289,0,0.00,83.1141,1.0000
12261886.0,6712.786764,29047.174742,35759.961505,5290,0,0.00,83.1313,1.0000
12261994.0,6712.898757,29047.894742,35760.793499,5291,0,0.00,83.1500,1.0000
12262769.0,6713.702416,29053.061408,35766.763825,5292,0,0.00,83.2000,1.0000
12264934.0,6715.947476,29067.494742,35783.442218,5293,0,0.00,83.2172,1.0000
12266429.0,6717.497760,29077.461408,35794.959168,5294,0,0.00,83.2297,1.0000
12268240.0,6719.375729,29089.534742,35808.910471,5295,0,0.00,83.2469,1.0000
12268438.0,6719.581051,29090.854742,35810.435793,5296,0,0.00,83.2641,1.0000
12268440.0,6719.583125,29090.868075,35810.451200,5297,0,0.00,83.2813,1.0000
12268768.0,6719.923254,29093.054742,35812.977996,5298,0,0.00,83.2984,1.0000
12270987.0,6722.224311,29107.848075,35830.072386,5299,0,0.00,83.3156,1.0000
12271596.0,6722.855831,29111.908075,35834.763906,5300,0,0.00,83.3188,1.0000
12271997.0,6723.271660,29114.581408,35837.853068,5301,0,0.00,83.3359,1.0000
12272194.0,6723.475945,29115.894742,35839.370687,5302,0,0.00,83.3531,1.0000
12272561.0,6723.856516,29118.341408,35842.197925,5303,0,0.00,83.3703,1.0000
12273606.0,6724.940160,29125.308075,35850.248235,5304,0,0.00,83.3875,1.0000
12273645.0,6724.980602,29125.568075,35850.548677,5305,0,0.00,83.4047,1.0000
12274228.0,6725.585161,29129.454742,35855.039902,5306,0,0.00,83.4219,1.0000
12274466.0,6725.831962,29131.041408,35856.873370,5307,0,0.00,83.4391,1.0000
12275259.0,6726.654286,29136.328075,35862.982361,5308,0,0.00,83.4563,1.0000
12275328.0,6726.725838,29136.788075,35863.513913,5309,0,0.00,83.4734,1.0000
12275509.0,6726.913531,29137.994742,35864.908273,5310,0,0.00,83.4906,1.0000
12275513.0,6726.917679,29138.021408,35864.939087,5311,0,0.00,83.5078,1.0000
12276190.0,6727.619714,29142.534742,35870.154455,5312,0,0.00,83.5250,1.0000
12279135.0,6730.673617,29162.168075,35892.841692,5313,0,0.00,83.5422,1.0000
12279525.0,6731.078039,29164.768075,35895.846114,5314,0,0.00,83.5594,1.0000
12279634.0,6731.191070,29165.494742,35896.685812,5315,0,0.00,83.5766,1.0000
12280241.0,6731.820516,29169.541408,35901.361925,5316,0,0.00,83.5938,1.0000
12282038.0,6733.683968,29181.521408,35915.205376,5317,0,0.00,83.6125,1.0000
12283866.0,6735.579566,29193.708075,35929.287641,5318,0,0.00,83.6297,1.0000
12283883.0,6735.597194,29193.821408,35929.418603,5319,0,0.00,83.6469,1.0000
12284077.0,6735.798368,29195.114742,35930.913110,5320,0,0.00,83.6656,1.0000
12284317.0,6736.047243,29196.714742,35932.761985,5321,0,0.00,83.6844,1.0000
12284858.0,6736.608249,29200.321408,35936.929657,5322,0,0.00,83.6969,1.0000
12285042.0,6736.799053,29201.548075,35938.347128,5323,0,0.00,83.7094,1.0000
12287256.0,6739.094925,29216.308075,35955.403000,5324,0,0.00,83.7594,1.0000
12287485.0,6739.332393,29217.834742,35957.167135,5325,0,0.00,83.7969,1.0000
12287731.0,6739.587490,29219.474742,35959.062232,5326,0,0.00,83.8344,1.0000
12287852.0,6739.712965,29220.281408,35959.994373,5327,0,0.00,83.8844,1.0000
12287852.0,6739.712965,29220.281408,35959.994373,5328,0,0.00,83.9344,1.0000
12288160.0,6740.032354,29222.334742,35962.367096,5329,0,0.00,83.9531,1.0000
12289952.0,6741.890621,29234.281408,35976.172029,5330,0,0.00,83.9906,1.0000
12291189.0,6743.173364,29242.528075,35985.701439,5331,0,0.00,84.0281,1.0000
12291449.0,6743.442979,29244.261408,35987.704387,5332,0,0.00,84.0656,1.0000
12293899.0,6745.983578,29260.594742,36006.578319,5333,0,0.00,84.1031,1.0000
12294684.0,6746.797606,29265.828075,36012.625681,5334,0,0.00,84.1094,1.0000
12294686.0,6746.799680,29265.841408,36012.641089,5335,0,0.00,84.1156,1.0000
12295953.0,6748.113533,29274.288075,36022.401608,5336,0,0.00,84.1281,1.0000
12297006.0,6749.205472,29281.308075,36030.513547,5337,0,0.00,84.1656,1.0000
12297664.0,6749.887804,29285.694742,36035.582546,5338,0,0.00,84.2031,1.0000
12299149.0,6751.427718,29295.594742,36047.022460,5339,0,0.00,84.2156,1.0000
12300933.0,6753.277689,29307.488075,36060.765764,5340,0,0.00,84.2250,1.0000
12301268.0,6753.625077,29309.721408,36063.346486,5341,0,0.00,84.2422,1.0000
12302339.0,6754.735682,29316.861408,36071.597090,5342,0,0.00,84.2484,1.0000
12302769.0,6755.181583,29319.728075,36074.909658,5343,0,0.00,84.2859,1.0000
12306236.0,6758.776790,29342.841408,36101.618198,5344,0,0.00,84.2922,1.0000
12306288.0,6758.830713,29343.188075,36102.018788,5345,0,0.00,84.2984,1.0000
12306391.0,6758.937522,29343.874742,36102.812263,5346,0,0.00,84.3047,1.0000
12306661.0,6759.217506,29345.674742,36104.892248,5347,0,0.00,84.3109,1.0000
12307080.0,6759.652000,29348.468075,36108.120075,5348,0,0.00,84.3484,1.0000
12310608.0,6763.310463,29371.988075,36135.298538,5349,0,0.00,84.3984,1.0000
12310609.0,6763.311500,29371.994742,36135.306241,5350,0,0.00,84.4484,1.0000
12311183.0,6763.906726,29375.821408,36139.728134,5351,0,0.00,84.4859,1.0000
12313656.0,6766.471175,29392.308075,36158.779250,5352,0,0.00,84.4953,1.0000
12319522.0,6772.554095,29431.414742,36203.968837,5353,0,0.00,84.5453,1.0000
12320042.0,6773.093324,29434.881408,36207.974732,5354,0,0.00,84.5703,1.0000
12320930.0,6774.014162,29440.801408,36214.815570,5355,0,0.00,84.5766,1.0000
12324831.0,6778.059417,29466.808075,36244.867492,5356,0,0.00,84.5891,1.0000
12324832.0,6778.060454,29466.814742,36244.875196,5357,0,0.00,84.6016,1.0000
12324833.0,6778.061491,29466.821408,36244.882900,5358,0,0.00,84.6141,1.0000
12324837.0,6778.065639,29466.848075,36244.913714,5359,0,0.00,84.6266,1.0000
12324854.0,6778.083268,29466.961408,36245.044676,5360,0,0.00,84.6391,1.0000
12324854.0,6778.083268,29466.961408,36245.044676,5361,0,0.00,84.6516,1.0000
12330385.0,6783.818800,29503.834742,36287.653541,5362,0,0.00,84.6641,1.0000
12330573.0,6784.013752,29505.088075,36289.101827,5363,0,0.00,84.6828,1.0000
12334015.0,6787.583034,29528.034742,36315.617776,5364,0,0.00,84.7000,1.0000
12334969.0,6788.572312,29534.394742,36322.967054,5365,0,0.00,84.7063,1.0000
12335001.0,6788.605495,29534.608075,36323.213570,5366,0,0.00,84.7563,1.0000
12336224.0,6789.873721,29542.761408,36332.635129,5367,0,0.00,84.7625,1.0000
12336270.0,6789.921422,29543.068075,36332.989497,5368,0,0.00,84.7797,1.0000
12336428.0,6790.085265,29544.121408,36334.206673,5369,0,0.00,84.7969,1.0000
12336580.0,6790.242886,29545.134742,36335.377627,5370,0,0.00,84.8156,1.0000
12337807.0,6791.515259,29553.314742,36344.830001,5371,0,0.00,84.8219,1.0000
12337808.0,6791.516296,29553.321408,36344.837704,5372,0,0.00,84.8281,1.0000
12337838.0,6791.547405,29553.521408,36345.068814,5373,0,0.00,84.8406,1.0000
12338674.0,6792.414320,29559.094742,36351.509062,5374,0,0.00,84.8500,1.0000
12338827.0,6792.572978,29560.114742,36352.687719,5375,0,0.00,84.8563,1.0000
12340356.0,6794.158519,29570.308075,36364.466594,5376,0,0.00,84.8688,1.0000
12340366.0,6794.168889,29570.374742,36364.543630,5377,0,0.00,84.8859,1.0000
12340658.0,6794.471687,29572.321408,36366.793095,5378,0,0.00,84.9031,1.0000
12342290.0,6796.164037,29583.201408,36379.365445,5379,0,0.00,84.9203,1.0000
12342443.0,6796.322694,29584.221408,36380.544103,5380,0,0.00,84.9375,1.0000
12344558.0,6798.515905,29598.321408,36396.837314,5381,0,0.00,84.9625,1.0000
12345206.0,6799.187868,29602.641408,36401.829276,5382,0,0.00,84.9797,1.0000
12346873.0,6800.916512,29613.754742,36414.671254,5383,0,0.00,84.9969,1.0000
12347026.0,6801.075170,29614.774742,36415.849912,5384,0,0.00,85.0141,1.0000
12347048.0,6801.097984,29614.921408,36416.019392,5385,0,0.00,85.0313,1.0000
12347122.0,6801.174720,29615.414742,36416.589462,5386,0,0.00,85.0484,1.0000
12347148.0,6801.201681,29615.588075,36416.789756,5387,0,0.00,85.0656,1.0000
12347555.0,6801.623732,29618.301408,36419.925140,5388,0,0.00,85.0844,1.0000
12347558.0,6801.626843,29618.321408,36419.948251,5389,0,0.00,85.1016,1.0000
12349891.0,6804.046115,29633.874742,36437.920857,5390,0,0.00,85.1188,1.0000
12350922.0,6805.115241,29640.748075,36445.863316,5391,0,0.00,85.1250,1.0000
12351453.0,6805.665877,29644.288075,36449.953952,5392,0,0.00,85.1344,1.0000
12352440.0,6806.689375,29650.868075,36457.557450,5393,0,0.00,85.1516,1.0000
12354012.0,6808.319506,29661.348075,36469.667581,5394,0,0.00,85.1688,1.0000
12354223.0,6808.538309,29662.754742,36471.293051,5395,0,0.00,85.1875,1.0000
12354350.0,6808.670005,29663.601408,36472.271414,5396,0,0.00,85.2000,1.0000
12354794.0,6809.130424,29666.561408,36475.691832,5397,0,0.00,85.2172,1.0000
12354992.0,6809.335746,29667.881408,36477.217154,5398,0,0.00,85.2297,1.0000
12355045.0,6809.390706,29668.234742,36477.625448,5399,0,0.00,85.2422,1.0000
12355537.0,6809.900900,29671.514742,36481.415641,5400,0,0.00,85.2547,1.0000
12356440.0,6810.837292,29677.534742,36488.372034,5401,0,0.00,85.2719,1.0000
12356870.0,6811.283193,29680.401408,36491.684601,5402,0,0.00,85.2891,1.0000
12357063.0,6811.483330,29681.688075,36493.171405,5403,0,0.00,85.3141,1.0000
12357179.0,6811.603619,29682.461408,36494.065028,5404,0,0.00,85.3641,1.0000
12357720.0,6812.164625,29686.068075,36498.232700,5405,0,0.00,85.3859,1.0000
12357761.0,6812.207141,29686.341408,36498.548550,5406,0,0.00,85.4359,1.0000
12357768.0,6812.214400,29686.388075,36498.602475,5407,0,0.00,85.4578,1.0000
12357769.0,6812.215437,29686.394742,36498.610179,5408,0,0.00,85.4797,1.0000
12357772.0,6812.218548,29686.414742,36498.633290,5409,0,0.00,85.5016,1.0000
12358043.0,6812.499569,29688.221408,36500.720978,5410,0,0.00,85.5188,1.0000
12358641.0,6813.119683,29692.208075,36505.327758,5411,0,0.00,85.5422,1.0000
12360527.0,6815.075426,29704.781408,36519.856834,5412,0,0.00,85.5641,1.0000
12360576.0,6815.126238,29705.108075,36520.234313,5413,0,0.00,85.5859,1.0000
12362598.0,6817.223010,29718.588075,36535.811085,5414,0,0.00,85.6031,1.0000
12362722.0,6817.351595,29719.414742,36536.766337,5415,0,0.00,85.6250,1.0000
12364786.0,6819.491920,29733.174742,36552.666662,5416,0,0.00,85.6469,1.0000
12365609.0,6820.345354,29738.661408,36559.006762,5417,0,0.00,85.6641,1.0000
12365900.0,6820.647115,29740.601408,36561.248523,5418,0,0.00,85.6813,1.0000
12366007.0,6820.758072,29741.314742,36562.072813,5419,0,0.00,85.6859,1.0000
12366450.0,6821.217453,29744.268075,36565.485528,5420,0,0.00,85.6906,1.0000
12366482.0,6821.250637,29744.481408,36565.732045,5421,0,0.00,85.7078,1.0000
12366487.0,6821.255822,29744.514742,36565.770563,5422,0,0.00,85.7250,1.0000
12366631.0,6821.405147,29745.474742,36566.879888,5423,0,0.00,85.7375,1.0000
12368014.0,6822.839289,29754.694742,36577.534030,5424,0,0.00,85.7750,1.0000
12368306.0,6823.142087,29756.641408,36579.783495,5425,0,0.00,85.7969,1.0000
12368306.0,6823.142087,29756.641408,36579.783495,5426,0,0.00,85.8188,1.0000
12368306.0,6823.142087,29756.641408,36579.783495,5427,0,0.00,85.8406,1.0000
12369034.0,6823.897007,29761.494742,36585.391749,5428,0,0.00,85.8594,1.0000
12369536.0,6824.417571,29764.841408,36589.258979,5429,0,0.00,85.8969,1.0000
12371595.0,6826.552711,29778.568075,36605.120786,5430,0,0.00,85.9141,1.0000
12372191.0,6827.170751,29782.541408,36609.712159,5431,0,0.00,85.9313,1.0000
12372295.0,6827.278597,29783.234742,36610.513338,5432,0,0.00,85.9438,1.0000
12372831.0,6827.834417,29786.808075,36614.642492,5433,0,0.00,85.9563,1.0000
12373319.0,6828.340463,29790.061408,36618.401872,5434,0,0.00,85.9609,1.0000
12374117.0,6829.167973,29795.381408,36624.549381,5435,0,0.00,85.9781,1.0000
12374152.0,6829.204267,29795.614742,36624.819009,5436,0,0.00,85.9953,1.0000
12374176.0,6829.229154,29795.774742,36625.003896,5437,0,0.00,86.0125,1.0000
12374186.0,6829.239524,29795.841408,36625.080932,5438,0,0.00,86.0500,1.0000
12374443.0,6829.506028,29797.554742,36627.060769,5439,0,0.00,86.0672,1.0000
12374784.0,6829.859638,29799.828075,36629.687713,5440,0,0.00,86.0797,1.0000
12375521.0,6830.623891,29804.741408,36635.365300,5441,0,0.00,86.0922,1.0000
12376606.0,6831.749014,29811.974742,36643.723755,5442,0,0.00,86.1141,1.0000
12376887.0,6832.040405,29813.848075,36645.888480,5443,0,0.00,86.1359,1.0000
12377858.0,6833.047312,29820.321408,36653.368720,5444,0,0.00,86.1547,1.0000
12379849.0,6835.111937,29833.594742,36668.706679,5445,0,0.00,86.1766,1.0000
12380535.0,6835.823305,29838.168075,36673.991380,5446,0,0.00,86.1984,1.0000
12381102.0,6836.411272,29841.948075,36678.359347,5447,0,0.00,86.2484,1.0000
12381102.0,6836.411272,29841.948075,36678.359347,5448,0,0.00,86.2984,1.0000
12381675.0,6837.005461,29845.768075,36682.773536,5449,0,0.00,86.3484,1.0000
12382411.0,6837.768678,29850.674742,36688.443419,5450,0,0.00,86.3609,1.0000
12382414.0,6837.771789,29850.694742,36688.466530,5451,0,0.00,86.3734,1.0000
12382417.0,6837.774900,29850.714742,36688.489641,5452,0,0.00,86.3859,1.0000
12384122.0,6839.542949,29862.081408,36701.624357,5453,0,0.00,86.4234,1.0000
12384399.0,6839.830192,29863.928075,36703.758267,5454,0,0.00,86.4453,1.0000
12384449.0,6839.882041,29864.261408,36704.143450,5455,0,0.00,86.4672,1.0000
12384450.0,6839.883078,29864.268075,36704.151153,5456,0,0.00,86.4891,1.0000
12384818.0,6840.264687,29866.721408,36706.986095,5457,0,0.00,86.5266,1.0000
12385325.0,6840.790435,29870.101408,36710.891843,5458,0,0.00,86.5484,1.0000
12385576.0,6841.050717,29871.774742,36712.825459,5459,0,0.00,86.5609,1.0000
12385922.0,6841.409512,29874.081408,36715.490920,5460,0,0.00,86.5734,1.0000
12386100.0,6841.594094,29875.268075,36716.862169,5461,0,0.00,86.5906,1.0000
12386145.0,6841.640758,29875.568075,36717.208833,5462,0,0.00,86.6031,1.0000
12386254.0,6841.753789,29876.294742,36718.048530,5463,0,0.00,86.6219,1.0000
12386526.0,6842.035847,29878.108075,36720.143922,5464,0,0.00,86.6391,1.0000
12387648.0,6843.199338,29885.588075,36728.787413,5465,0,0.00,86.6625,1.0000
12391280.0,6846.965646,29909.801408,36756.767054,5466,0,0.00,86.7000,1.0000
12392315.0,6848.038919,29916.701408,36764.740328,5467,0,0.00,86.7125,1.0000
12393486.0,6849.253222,29924.508075,36773.761297,5468,0,0.00,86.7344,1.0000
12393728.0,6849.504171,29926.121408,36775.625579,5469,0,0.00,86.7406,1.0000
12393976.0,6849.761342,29927.774742,36777.536084,5470,0,0.00,86.7781,1.0000
12393996.0,6849.782081,29927.908075,36777.690156,5471,0,0.00,86.7844,1.0000
12394047.0,6849.834967,29928.248075,36778.083042,5472,0,0.00,86.8063,1.0000
12394085.0,6849.874373,29928.501408,36778.375781,5473,0,0.00,86.8281,1.0000
12394264.0,6850.059992,29929.694742,36779.754734,5474,0,0.00,86.8500,1.0000
12394704.0,6850.516263,29932.628075,36783.144338,5475,0,0.00,86.8719,1.0000
12395790.0,6851.642422,29939.868075,36791.510497,5476,0,0.00,86.8781,1.0000
12395848.0,6851.702567,29940.254742,36791.957309,5477,0,0.00,86.8875,1.0000
12396274.0,6852.144320,29943.094742,36795.239062,5478,0,0.00,86.9063,1.0000
12396588.0,6852.469931,29945.188075,36797.658006,5479,0,0.00,86.9438,1.0000
12397220.0,6853.125302,29949.401408,36802.526711,5480,0,0.00,86.9531,1.0000
12397221.0,6853.126339,29949.408075,36802.534414,5481,0,0.00,86.9625,1.0000
12398373.0,6854.320939,29957.088075,36811.409014,5482,0,0.00,86.9813,1.0000
12398378.0,6854.326124,29957.121408,36811.447532,5483,0,0.00,86.9875,1.0000
12401413.0,6857.473356,29977.354742,36834.828098,5484,0,0.00,87.0250,1.0000
12403853.0,6860.003585,29993.621408,36853.624993,5485,0,0.00,87.0750,1.0000
12403856.0,6860.006696,29993.641408,36853.648104,5486,0,0.00,87.1250,1.0000
12404671.0,6860.851834,29999.074742,36859.926576,5487,0,0.00,87.1750,1.0000
12404671.0,6860.851834,29999.074742,36859.926576,5488,0,0.00,87.2250,1.0000
12404671.0,6860.851834,29999.074742,36859.926576,5489,0,0.00,87.2750,1.0000
12404672.0,6860.852871,29999.081408,36859.934279,5490,0,0.00,87.3250,1.0000
12405366.0,6861.572535,30003.708075,36865.280610,5491,0,0.00,87.3750,1.0000
12407237.0,6863.512723,30016.181408,36879.694131,5492,0,0.00,87.3813,1.0000
12410676.0,6867.078894,30039.108075,36906.186969,5493,0,0.00,87.3938,1.0000
12411255.0,6867.679305,30042.968075,36910.647380,5494,0,0.00,87.4063,1.0000
12411275.0,6867.700044,30043.101408,36910.801453,5495,0,0.00,87.4188,1.0000
12412976.0,6869.463946,30054.441408,36923.905354,5496,0,0.00,87.4313,1.0000
12413439.0,6869.944067,30057.528075,36927.472142,5497,0,0.00,87.4500,1.0000
12414281.0,6870.817204,30063.141408,36933.958612,5498,0,0.00,87.4750,1.0000
12414316.0,6870.853498,30063.374742,36934.228240,5499,0,0.00,87.4813,1.0000
12414428.0,6870.969640,30064.121408,36935.091048,5500,0,0.00,87.5188,1.0000
12414939.0,6871.499536,30067.528075,36939.027611,5501,0,0.00,87.5250,1.0000
12416010.0,6872.610141,30074.668075,36947.278216,5502,0,0.00,87.5625,1.0000
12416266.0,6872.875607,30076.374742,36949.250349,5503,0,0.00,87.5688,1.0000
12416750.0,6873.377505,30079.601408,36952.978914,5504,0,0.00,87.5859,1.0000
12416789.0,6873.417948,30079.861408,36953.279356,5505,0,0.00,87.5922,1.0000
12418236.0,6874.918456,30089.508075,36964.426531,5506,0,0.00,87.6047,1.0000
12418327.0,6875.012822,30090.114742,36965.127563,5507,0,0.00,87.6109,1.0000
12418657.0,6875.355025,30092.314742,36967.669766,5508,0,0.00,87.6297,1.0000
12418913.0,6875.620491,30094.021408,36969.641900,5509,0,0.00,87.6469,1.0000
12419172.0,6875.889069,30095.748075,36971.637144,5510,0,0.00,87.6641,1.0000
12420105.0,6876.856570,30101.968075,36978.824645,5511,0,0.00,87.6703,1.0000
12420544.0,6877.311804,30104.894742,36982.206546,5512,0,0.00,87.6828,1.0000
12421538.0,6878.342562,30111.521408,36989.863970,5513,0,0.00,87.7000,1.0000
12421596.0,6878.402706,30111.908075,36990.310781,5514,0,0.00,87.7250,1.0000
12421701.0,6878.511589,30112.608075,36991.119664,5515,0,0.00,87.7375,1.0000
12421704.0,6878.514700,30112.628075,36991.142775,5516,0,0.00,87.7656,1.0000
12421855.0,6878.671284,30113.634742,36992.306026,5517,0,0.00,87.7781,1.0000
12422412.0,6879.248881,30117.348075,36996.596956,5518,0,0.00,87.7953,1.0000
12422966.0,6879.823368,30121.041408,37000.864776,5519,0,0.00,87.8016,1.0000
12423116.0,6879.978915,30122.041408,37002.020323,5520,0,0.00,87.8297,1.0000
12423801.0,6880.689245,30126.608075,37007.297320,5521,0,0.00,87.8469,1.0000
12423830.0,6880.719318,30126.801408,37007.520726,5522,0,0.00,87.8641,1.0000
12423832.0,6880.721392,30126.814742,37007.536134,5523,0,0.00,87.8813,1.0000
12423859.0,6880.749390,30126.994742,37007.744132,5524,0,0.00,87.8984,1.0000
12423925.0,6880.817831,30127.434742,37008.252573,5525,0,0.00,87.9031,1.0000
12424125.0,6881.025227,30128.768075,37009.793302,5526,0,0.00,87.9156,1.0000
12424232.0,6881.136184,30129.481408,37010.617592,5527,0,0.00,87.9297,1.0000
12424834.0,6881.760445,30133.494742,37015.255187,5528,0,0.00,87.9484,1.0000
12425048.0,6881.982359,30134.921408,37016.903767,5529,0,0.00,87.9766,1.0000
12425391.0,6882.338042,30137.208075,37019.546117,5530,0,0.00,87.9938,1.0000
12426769.0,6883.767000,30146.394742,37030.161741,5531,0,0.00,88.0109,1.0000
12426800.0,6883.799146,30146.601408,37030.400554,5532,0,0.00,88.0281,1.0000
12426800.0,6883.799146,30146.601408,37030.400554,5533,0,0.00,88.0453,1.0000
12426812.0,6883.811590,30146.681408,37030.492998,5534,0,0.00,88.0625,1.0000
12428049.0,6885.094333,30154.928075,37040.022408,5535,0,0.00,88.0797,1.0000
12428236.0,6885.288248,30156.174742,37041.462990,5536,0,0.00,88.1297,1.0000
12428237.0,6885.289285,30156.181408,37041.470693,5537,0,0.00,88.1797,1.0000
12429112.0,6886.196642,30162.014742,37048.211384,5538,0,0.00,88.1969,1.0000
12429144.0,6886.229825,30162.228075,37048.457900,5539,0,0.00,88.2141,1.0000
12429387.0,6886.481811,30163.848075,37050.329886,5540,0,0.00,88.2266,1.0000
12429924.0,6887.038669,30167.428075,37054.466744,5541,0,0.00,88.2438,1.0000
12430044.0,6887.163106,30168.228075,37055.391181,5542,0,0.00,88.2484,1.0000
12430067.0,6887.186957,30168.381408,37055.568365,5543,0,0.00,88.2656,1.0000
12430188.0,6887.312431,30169.188075,37056.500506,5544,0,0.00,88.2828,1.0000
12430296.0,6887.424425,30169.908075,37057.332500,5545,0,0.00,88.3000,1.0000
12430888.0,6888.038317,30173.854742,37061.893059,5546,0,0.00,88.3188,1.0000
12430923.0,6888.074611,30174.088075,37062.162686,5547,0,0.00,88.3375,1.0000
12430926.0,6888.077722,30174.108075,37062.185797,5548,0,0.00,88.3563,1.0000
12430963.0,6888.116090,30174.354742,37062.470832,5549,0,0.00,88.3750,1.0000
12430967.0,6888.120238,30174.381408,37062.501647,5550,0,0.00,88.3938,1.0000
12431121.0,6888.279933,30175.408075,37063.688008,5551,0,0.00,88.4125,1.0000
12431350.0,6888.517401,30176.934742,37065.452143,5552,0,0.00,88.4313,1.0000
12431584.0,6888.760054,30178.494742,37067.254796,5553,0,0.00,88.4453,1.0000
12432162.0,6889.359428,30182.348075,37071.707503,5554,0,0.00,88.4625,1.0000
12432163.0,6889.360465,30182.354742,37071.715207,5555,0,0.00,88.4797,1.0000
12432202.0,6889.400907,30182.614742,37072.015649,5556,0,0.00,88.4969,1.0000
12432206.0,6889.405055,30182.641408,37072.046464,5557,0,0.00,88.5141,1.0000
12432235.0,6889.435128,30182.834742,37072.269869,5558,0,0.00,88.5313,1.0000
12432587.0,6889.800144,30185.181408,37074.981553,5559,0,0.00,88.5484,1.0000
12432589.0,6889.802218,30185.194742,37074.996960,5560,0,0.00,88.5656,1.0000
12432709.0,6889.926656,30185.994742,37075.921398,5561,0,0.00,88.5828,1.0000
12433466.0,6890.711649,30191.041408,37081.753057,5562,0,0.00,88.6000,1.0000
12433797.0,6891.054889,30193.248075,37084.302964,5563,0,0.00,88.6188,1.0000
12433799.0,6891.056963,30193.261408,37084.318372,5564,0,0.00,88.6375,1.0000
12433830.0,6891.089110,30193.468075,37084.557185,5565,0,0.00,88.6563,1.0000
12433884.0,6891.145106,30193.828075,37084.973181,5566,0,0.00,88.6734,1.0000
12434103.0,6891.372205,30195.288075,37086.660280,5567,0,0.00,88.6906,1.0000
12434329.0,6891.606562,30196.794742,37088.401304,5568,0,0.00,88.7078,1.0000
12434379.0,6891.658411,30197.128075,37088.786486,5569,0,0.00,88.7250,1.0000
12434547.0,6891.832624,30198.248075,37090.080699,5570,0,0.00,88.7391,1.0000
12434946.0,6892.246378,30200.908075,37093.154453,5571,0,0.00,88.7563,1.0000
12434948.0,6892.248452,30200.921408,37093.169861,5572,0,0.00,88.7734,1.0000
12435425.0,6892.743091,30204.101408,37096.844500,5573,0,0.00,88.7906,1.0000
12435501.0,6892.821902,30204.608075,37097.429977,5574,0,0.00,88.8078,1.0000
12435939.0,6893.276099,30207.528075,37100.804174,5575,0,0.00,88.8219,1.0000
12435966.0,6893.304097,30207.708075,37101.012172,5576,0,0.00,88.8438,1.0000
12436224.0,6893.571638,30209.428075,37102.999713,5577,0,0.00,88.8609,1.0000
12436492.0,6893.849548,30211.214742,37105.064290,5578,0,0.00,88.8781,1.0000
12436706.0,6894.071462,30212.641408,37106.712870,5579,0,0.00,88.8953,1.0000
12436924.0,6894.297523,30214.094742,37108.392265,5580,0,0.00,88.9141,1.0000
12436991.0,6894.367001,30214.541408,37108.908409,5581,0,0.00,88.9328,1.0000
12437305.0,6894.692612,30216.634742,37111.327354,5582,0,0.00,88.9469,1.0000
12437658.0,6895.058666,30218.988075,37114.046741,5583,0,0.00,88.9641,1.0000
12438546.0,6895.979503,30224.908075,37120.887578,5584,0,0.00,88.9813,1.0000
12438612.0,6896.047944,30225.348075,37121.396019,5585,0,0.00,88.9984,1.0000
12438877.0,6896.322743,30227.114742,37123.437485,5586,0,0.00,89.0109,1.0000
12439296.0,6896.757238,30229.908075,37126.665313,5587,0,0.00,89.0281,1.0000
12439617.0,6897.090108,30232.048075,37129.138183,5588,0,0.00,89.0453,1.0000
12439702.0,6897.178251,30232.614742,37129.792993,5589,0,0.00,89.0625,1.0000
12440242.0,6897.738220,30236.214742,37133.952962,5590,0,0.00,89.0797,1.0000
12440247.0,6897.743405,30236.248075,37133.991480,5591,0,0.00,89.0984,1.0000
12440256.0,6897.752738,30236.308075,37134.060813,5592,0,0.00,89.1078,1.0000
12440287.0,6897.784884,30236.514742,37134.299626,5593,0,0.00,89.1250,1.0000
12440291.0,6897.789032,30236.541408,37134.330440,5594,0,0.00,89.1438,1.0000
12440516.0,6898.022352,30238.041408,37136.063761,5595,0,0.00,89.1609,1.0000
12440646.0,6898.157160,30238.908075,37137.065235,5596,0,0.00,89.1781,1.0000
12440730.0,6898.244266,30239.468075,37137.712341,5597,0,0.00,89.1969,1.0000
12441193.0,6898.724387,30242.554742,37141.279129,5598,0,0.00,89.2141,1.0000
12441822.0,6899.376647,30246.748075,37146.124722,5599,0,0.00,89.2391,1.0000
12441945.0,6899.504195,30247.568075,37147.072270,5600,0,0.00,89.2563,1.0000
12442471.0,6900.049647,30251.074742,37151.124388,5601,0,0.00,89.2734,1.0000
12442957.0,6900.553618,30254.314742,37154.868360,5602,0,0.00,89.2859,1.0000
12445283.0,6902.965632,30269.821408,37172.787040,5603,0,0.00,89.2984,1.0000
12445538.0,6903.230062,30271.521408,37174.751470,5604,0,0.00,89.3203,1.0000
12445539.0,6903.231099,30271.528075,37174.759174,5605,0,0.00,89.3422,1.0000
12446232.0,6903.949725,30276.148075,37180.097800,5606,0,0.00,89.3594,1.0000
12446365.0,6904.087643,30277.034742,37181.122385,5607,0,0.00,89.3766,1.0000
12446408.0,6904.132234,30277.321408,37181.453642,5608,0,0.00,89.3938,1.0000
12447423.0,6905.184767,30284.088075,37189.272842,5609,0,0.00,89.4109,1.0000
12448381.0,6906.178193,30290.474742,37196.652935,5610,0,0.00,89.4297,1.0000
12448622.0,6906.428105,30292.081408,37198.509514,5611,0,0.00,89.4484,1.0000
12449167.0,6906.993259,30295.714742,37202.708001,5612,0,0.00,89.4672,1.0000
12449255.0,6907.084513,30296.301408,37203.385922,5613,0,0.00,89.4844,1.0000
12449430.0,6907.265985,30297.468075,37204.734060,5614,0,0.00,89.5125,1.0000
12449490.0,6907.328203,30297.868075,37205.196278,5615,0,0.00,89.5297,1.0000
12450429.0,6908.301927,30304.128075,37212.430002,5616,0,0.00,89.5469,1.0000
12450477.0,6908.351702,30304.448075,37212.799777,5617,0,0.00,89.5641,1.0000
12450513.0,6908.389033,30304.688075,37213.077108,5618,0,0.00,89.5813,1.0000
12450514.0,6908.390070,30304.694742,37213.084812,5619,0,0.00,89.5984,1.0000
12450793.0,6908.679387,30306.554742,37215.234129,5620,0,0.00,89.6234,1.0000
12451095.0,6908.992555,30308.568075,37217.560630,5621,0,0.00,89.6734,1.0000
12451664.0,6909.582596,30312.361408,37221.944004,5622,0,0.00,89.7234,1.0000
12451664.0,6909.582596,30312.361408,37221.944004,5623,0,0.00,89.7734,1.0000
12451664.0,6909.582596,30312.361408,37221.944004,5624,0,0.00,89.8234,1.0000
12451762.0,6909.684220,30313.014742,37222.698962,5625,0,0.00,89.8484,1.0000
12451970.0,6909.899912,30314.401408,37224.301320,5626,0,0.00,89.8672,1.0000
12452185.0,6910.122862,30315.834742,37225.957604,5627,0,0.00,89.8859,1.0000
12452246.0,6910.186118,30316.241408,37226.427526,5628,0,0.00,89.9359,1.0000
12452273.0,6910.214116,30316.421408,37226.635525,5629,0,0.00,89.9531,1.0000
12452733.0,6910.691127,30319.488075,37230.179202,5630,0,0.00,89.9703,1.0000
12453111.0,6911.083105,30322.008075,37233.091180,5631,0,0.00,89.9875,1.0000
12453483.0,6911.468861,30324.488075,37235.956936,5632,0,0.00,90.0047,1.0000
12453753.0,6911.748845,30326.288075,37238.036920,5633,0,0.00,90.0141,1.0000
12453869.0,6911.869135,30327.061408,37238.930543,5634,0,0.00,90.0313,1.0000
12453874.0,6911.874320,30327.094742,37238.969062,5635,0,0.00,90.0484,1.0000
12454279.0,6912.294297,30329.794742,37242.089038,5636,0,0.00,90.0656,1.0000
12455230.0,6913.280464,30336.134742,37249.415205,5637,0,0.00,90.0719,1.0000
12455241.0,6913.291870,30336.208075,37249.499945,5638,0,0.00,90.0781,1.0000
12455250.0,6913.301203,30336.268075,37249.569278,5639,0,0.00,90.0844,1.0000
12455257.0,6913.308462,30336.314742,37249.623204,5640,0,0.00,90.0906,1.0000
12455415.0,6913.472305,30337.368075,37250.840380,5641,0,0.00,90.1078,1.0000
12455453.0,6913.511710,30337.621408,37251.133118,5642,0,0.00,90.1250,1.0000
12455455.0,6913.513784,30337.634742,37251.148526,5643,0,0.00,90.1422,1.0000
12455488.0,6913.548004,30337.854742,37251.402746,5644,0,0.00,90.1594,1.0000
12455691.0,6913.758511,30339.208075,37252.966586,5645,0,0.00,90.1641,1.0000
12455856.0,6913.929613,30340.308075,37254.237688,5646,0,0.00,90.1828,1.0000
12457958.0,6916.109343,30354.321408,37270.430751,5647,0,0.00,90.2000,1.0000
12458414.0,6916.582205,30357.361408,37273.943614,5648,0,0.00,90.2172,1.0000
12458590.0,6916.764714,30358.534742,37275.299455,5649,0,0.00,90.2422,1.0000
12458798.0,6916.980405,30359.921408,37276.901814,5650,0,0.00,90.2594,1.0000
12458948.0,6917.135952,30360.921408,37278.057361,5651,0,0.00,90.2766,1.0000
12459020.0,6917.210615,30361.401408,37278.612023,5652,0,0.00,90.2938,1.0000
12460244.0,6918.479877,30369.561408,37288.041286,5653,0,0.00,90.3109,1.0000
12460707.0,6918.959999,30372.648075,37291.608074,5654,0,0.00,90.3281,1.0000
12463390.0,6921.742214,30390.534742,37312.276955,5655,0,0.00,90.3453,1.0000
12463415.0,6921.768138,30390.701408,37312.469547,5656,0,0.00,90.3641,1.0000
12463468.0,6921.823098,30391.054742,37312.877840,5657,0,0.00,90.3813,1.0000
12463540.0,6921.897761,30391.534742,37313.432502,5658,0,0.00,90.3984,1.0000
12463638.0,6921.999385,30392.188075,37314.187460,5659,0,0.00,90.4156,1.0000
12465862.0,6924.305626,30407.014742,37331.320368,5660,0,0.00,90.4281,1.0000
12466424.0,6924.888409,30410.761408,37335.649817,5661,0,0.00,90.4469,1.0000
12466485.0,6924.951664,30411.168075,37336.119739,5662,0,0.00,90.4594,1.0000
12466491.0,6924.957886,30411.208075,37336.165961,5663,0,0.00,90.4781,1.0000
12466979.0,6925.463932,30414.461408,37339.925340,5664,0,0.00,90.5063,1.0000
12467470.0,6925.973089,30417.734742,37343.707830,5665,0,0.00,90.5234,1.0000
12467516.0,6926.020790,30418.041408,37344.062198,5666,0,0.00,90.5406,1.0000
12467964.0,6926.485356,30421.028075,37347.513431,5667,0,0.00,90.5578,1.0000
12467967.0,6926.488467,30421.048075,37347.536542,5668,0,0.00,90.5750,1.0000
12469053.0,6927.614627,30428.288075,37355.902702,5669,0,0.00,90.5875,1.0000
12470860.0,6929.488448,30440.334742,37369.823190,5670,0,0.00,90.6047,1.0000
12470868.0,6929.496744,30440.388075,37369.884819,5671,0,0.00,90.6219,1.0000
12471828.0,6930.492244,30446.788075,37377.280319,5672,0,0.00,90.6344,1.0000
12472117.0,6930.791931,30448.714742,37379.506673,5673,0,0.00,90.6469,1.0000
12472929.0,6931.633958,30454.128075,37385.762033,5674,0,0.00,90.6641,1.0000
12473194.0,6931.908757,30455.894742,37387.803499,5675,0,0.00,90.6922,1.0000
12473547.0,6932.274811,30458.248075,37390.522886,5676,0,0.00,90.7203,1.0000
12473800.0,6932.537167,30459.934742,37392.471909,5677,0,0.00,90.7328,1.0000
12473981.0,6932.724860,30461.141408,37393.866268,5678,0,0.00,90.7516,1.0000
12474857.0,6933.633254,30466.981408,37400.614662,5679,0,0.00,90.8016,1.0000
12475755.0,6934.564461,30472.968075,37407.532536,5680,0,0.00,90.8188,1.0000
12475993.0,6934.811262,30474.554742,37409.366004,5681,0,0.00,90.8359,1.0000
12476010.0,6934.828891,30474.668075,37409.496966,5682,0,0.00,90.8859,1.0000
12477489.0,6936.362583,30484.528075,37420.890658,5683,0,0.00,90.8984,1.0000
12478490.0,6937.400599,30491.201408,37428.602007,5684,0,0.00,90.9047,1.0000
12479056.0,6937.987529,30494.974742,37432.962271,5685,0,0.00,90.9109,1.0000
12479196.0,6938.132706,30495.908075,37434.040781,5686,0,0.00,90.9297,1.0000
12479566.0,6938.516389,30498.374742,37436.891130,5687,0,0.00,90.9359,1.0000
12479566.0,6938.516389,30498.374742,37436.891130,5688,0,0.00,90.9422,1.0000
12479805.0,6938.764227,30499.968075,37438.732302,5689,0,0.00,90.9547,1.0000
12480966.0,6939.968160,30507.708075,37447.676235,5690,0,0.00,90.9609,1.0000
12483692.0,6942.794965,30525.881408,37468.676373,5691,0,0.00,90.9734,1.0000
12484445.0,6943.575810,30530.901408,37474.477218,5692,0,0.00,90.9906,1.0000
12485437.0,6944.604493,30537.514742,37482.119235,5693,0,0.00,91.0156,1.0000
12486333.0,6945.533627,30543.488075,37489.021702,5694,0,0.00,91.0281,1.0000
12488104.0,6947.370117,30555.294742,37502.664859,5695,0,0.00,91.0453,1.0000
12490123.0,6949.463778,30568.754742,37518.218519,5696,0,0.00,91.0484,1.0000
12490600.0,6949.958417,30571.934742,37521.893159,5697,0,0.00,91.0609,1.0000
12492698.0,6952.133999,30585.921408,37538.055407,5698,0,0.00,91.0797,1.0000
12496869.0,6956.459239,30613.728075,37570.187314,5699,0,0.00,91.0969,1.0000
12497322.0,6956.928991,30616.748075,37573.677066,5700,0,0.00,91.1094,1.0000
12497343.0,6956.950767,30616.888075,37573.838842,5701,0,0.00,91.1266,1.0000
12497703.0,6957.324080,30619.288075,37576.612155,5702,0,0.00,91.1391,1.0000
12497751.0,6957.373855,30619.608075,37576.981930,5703,0,0.00,91.1453,1.0000
12497766.0,6957.389410,30619.708075,37577.097485,5704,0,0.00,91.1578,1.0000
12498185.0,6957.823904,30622.501408,37580.325312,5705,0,0.00,91.2078,1.0000
12498456.0,6958.104925,30624.308075,37582.413000,5706,0,0.00,91.2266,1.0000
12498516.0,6958.167144,30624.708075,37582.875219,5707,0,0.00,91.2453,1.0000
12498755.0,6958.414982,30626.301408,37584.716390,5708,0,0.00,91.2641,1.0000
12498755.0,6958.414982,30626.301408,37584.716390,5709,0,0.00,91.3141,1.0000
12498756.0,6958.416019,30626.308075,37584.724094,5710,0,0.00,91.3641,1.0000
12499992.0,6959.697725,30634.548075,37594.245800,5711,0,0.00,91.3750,1.0000
12502173.0,6961.959377,30649.088075,37611.047452,5712,0,0.00,91.3938,1.0000
12502173.0,6961.959377,30649.088075,37611.047452,5713,0,0.00,91.4031,1.0000
12502993.0,6962.809700,30654.554742,37617.364441,5714,0,0.00,91.4156,1.0000
12502998.0,6962.814885,30654.588075,37617.402960,5715,0,0.00,91.4328,1.0000
12503029.0,6962.847031,30654.794742,37617.641773,5716,0,0.00,91.4578,1.0000
12503499.0,6963.334411,30657.928075,37621.262486,5717,0,0.00,91.4641,1.0000
12503752.0,6963.596767,30659.614742,37623.211509,5718,0,0.00,91.4688,1.0000
12504107.0,6963.964894,30661.981408,37625.946303,5719,0,0.00,91.4938,1.0000
12504165.0,6964.025039,30662.368075,37626.393114,5720,0,0.00,91.5063,1.0000
12504175.0,6964.035409,30662.434742,37626.470151,5721,0,0.00,91.5125,1.0000
12504377.0,6964.244879,30663.781408,37628.026287,5722,0,0.00,91.5172,1.0000
12504614.0,6964.490643,30665.361408,37629.852051,5723,0,0.00,91.5344,1.0000
12504789.0,6964.672114,30666.528075,37631.200189,5724,0,0.00,91.5469,1.0000
12504933.0,6964.821439,30667.488075,37632.309514,5725,0,0.00,91.5531,1.0000
12505728.0,6965.645838,30672.788075,37638.433913,5726,0,0.00,91.5656,1.0000
12505838.0,6965.759905,30673.521408,37639.281314,5727,0,0.00,91.7031,1.0000
12506673.0,6966.625783,30679.088075,37645.713858,5728,0,0.00,91.7266,1.0000
12506675.0,6966.627857,30679.101408,37645.729265,5729,0,0.00,91.7500,1.0000
12506899.0,6966.860140,30680.594742,37647.454882,5730,0,0.00,91.7734,1.0000
12506978.0,6966.942062,30681.121408,37648.063470,5731,0,0.00,91.7922,1.0000
12507050.0,6967.016724,30681.601408,37648.618132,5732,0,0.00,91.8094,1.0000
12507086.0,6967.054055,30681.841408,37648.895464,5733,0,0.00,91.8281,1.0000
12507399.0,6967.378630,30683.928075,37651.306705,5734,0,0.00,91.8297,1.0000
12507709.0,6967.700093,30685.994742,37653.694835,5735,0,0.00,91.8469,1.0000
12507840.0,6967.835938,30686.868075,37654.704013,5736,0,0.00,91.8531,1.0000
12507875.0,6967.872232,30687.101408,37654.973640,5737,0,0.00,91.8703,1.0000
12508288.0,6968.300504,30689.854742,37658.155246,5738,0,0.00,91.8828,1.0000
12508644.0,6968.669669,30692.228075,37660.897744,5739,0,0.00,91.9000,1.0000
12509097.0,6969.139420,30695.248075,37664.387495,5740,0,0.00,91.9047,1.0000
12509470.0,6969.526214,30697.734742,37667.260955,5741,0,0.00,91.9328,1.0000
12509692.0,6969.756423,30699.214742,37668.971165,5742,0,0.00,91.9516,1.0000
12509891.0,6969.962782,30700.541408,37670.504190,5743,0,0.00,91.9688,1.0000
12509941.0,6970.014631,30700.874742,37670.889373,5744,0,0.00,91.9859,1.0000
12510174.0,6970.256247,30702.428075,37672.684322,5745,0,0.00,92.0031,1.0000
12510428.0,6970.519640,30704.121408,37674.641048,5746,0,0.00,92.0203,1.0000
12510614.0,6970.712518,30705.361408,37676.073926,5747,0,0.00,92.0344,1.0000
12510616.0,6970.714592,30705.374742,37676.089334,5748,0,0.00,92.0516,1.0000
12511091.0,6971.207157,30708.541408,37679.748565,5749,0,0.00,92.0688,1.0000
12511311.0,6971.435292,30710.008075,37681.443367,5750,0,0.00,92.0813,1.0000
12511372.0,6971.498548,30710.414742,37681.913290,5751,0,0.00,92.1063,1.0000
12511475.0,6971.605357,30711.101408,37682.706765,5752,0,0.00,92.2438,1.0000
12511960.0,6972.108292,30714.334742,37686.443034,5753,0,0.00,92.2625,1.0000
12512351.0,6972.513751,30716.941408,37689.455159,5754,0,0.00,92.2797,1.0000
12512577.0,6972.748108,30718.448075,37691.196183,5755,0,0.00,92.2969,1.0000
12512604.0,6972.776106,30718.628075,37691.404181,5756,0,0.00,92.3141,1.0000
12512725.0,6972.901581,30719.434742,37692.336323,5757,0,0.00,92.3281,1.0000
12512802.0,6972.981428,30719.948075,37692.929503,5758,0,0.00,92.3422,1.0000
12512815.0,6972.994909,30720.034742,37693.029651,5759,0,0.00,92.3563,1.0000
12513275.0,6973.471919,30723.101408,37696.573328,5760,0,0.00,92.3844,1.0000
12513818.0,6974.034999,30726.721408,37700.756407,5761,0,0.00,92.3891,1.0000
12514363.0,6974.600153,30730.354742,37704.954894,5762,0,0.00,92.4016,1.0000
12514599.0,6974.844880,30731.928075,37706.772955,5763,0,0.00,92.4141,1.0000
12514713.0,6974.963095,30732.688075,37707.651170,5764,0,0.00,92.4328,1.0000
12515371.0,6975.645428,30737.074742,37712.720169,5765,0,0.00,92.4578,1.0000
12515983.0,6976.280059,30741.154742,37717.434801,5766,0,0.00,92.4750,1.0000
12516370.0,6976.681370,30743.734742,37720.416112,5767,0,0.00,92.5031,1.0000
12516405.0,6976.717664,30743.968075,37720.685739,5768,0,0.00,92.5156,1.0000
12517059.0,6977.395849,30748.328075,37725.723924,5769,0,0.00,92.5406,1.0000
12517231.0,6977.574209,30749.474742,37727.048951,5770,0,0.00,92.5578,1.0000
12517322.0,6977.668574,30750.081408,37727.749982,5771,0,0.00,92.5750,1.0000
12517353.0,6977.700720,30750.288075,37727.988795,5772,0,0.00,92.5797,1.0000
12517395.0,6977.744274,30750.568075,37728.312349,5773,0,0.00,92.5969,1.0000
12517423.0,6977.773309,30750.754742,37728.528051,5774,0,0.00,92.6141,1.0000
12518180.0,6978.558302,30755.801408,37734.359711,5775,0,0.00,92.6422,1.0000
12518310.0,6978.693110,30756.668075,37735.361185,5776,0,0.00,92.6594,1.0000
12518421.0,6978.808214,30757.408075,37736.216289,5777,0,0.00,92.6719,1.0000
12519123.0,6979.536174,30762.088075,37741.624249,5778,0,0.00,92.6891,1.0000
12520167.0,6980.618780,30769.048075,37749.666855,5779,0,0.00,92.7016,1.0000
12520283.0,6980.739069,30769.821408,37750.560478,5780,0,0.00,92.7188,1.0000
12520561.0,6981.027350,30771.674742,37752.702091,5781,0,0.00,92.7563,1.0000
12520990.0,6981.472214,30774.534742,37756.006955,5782,0,0.00,92.7734,1.0000
12521425.0,6981.923300,30777.434742,37759.358041,5783,0,0.00,92.7906,1.0000
12521859.0,6982.373349,30780.328075,37762.701424,5784,0,0.00,92.8094,1.0000
12522199.0,6982.725922,30782.594742,37765.320663,5785,0,0.00,92.8594,1.0000
12522199.0,6982.725922,30782.594742,37765.320663,5786,0,0.00,92.9094,1.0000
12522199.0,6982.725922,30782.594742,37765.320663,5787,0,0.00,92.9594,1.0000
12522200.0,6982.726959,30782.601408,37765.328367,5788,0,0.00,93.0094,1.0000
12522456.0,6982.992425,30784.308075,37767.300500,5789,0,0.00,93.0281,1.0000
12522517.0,6983.055681,30784.714742,37767.770423,5790,0,0.00,93.0453,1.0000
12522876.0,6983.427956,30787.108075,37770.536031,5791,0,0.00,93.1828,1.0000
12523510.0,6984.085401,30791.334742,37775.420143,5792,0,0.00,93.1875,1.0000
12523614.0,6984.193247,30792.028075,37776.221322,5793,0,0.00,93.2047,1.0000
12523844.0,6984.431752,30793.561408,37777.993161,5794,0,0.00,93.2188,1.0000
12524063.0,6984.658851,30795.021408,37779.680259,5795,0,0.00,93.2438,1.0000
12524197.0,6984.797806,30795.914742,37780.712548,5796,0,0.00,93.2625,1.0000
12524322.0,6984.927428,30796.748075,37781.675503,5797,0,0.00,93.2875,1.0000
12524679.0,6985.297630,30799.128075,37784.425705,5798,0,0.00,93.3156,1.0000
12524771.0,6985.393032,30799.741408,37785.134440,5799,0,0.00,93.3391,1.0000
12524948.0,6985.576577,30800.921408,37786.497986,5800,0,0.00,93.3625,1.0000
12525978.0,6986.644666,30807.788075,37794.432741,5801,0,0.00,93.3750,1.0000
12526344.0,6987.024200,30810.228075,37797.252275,5802,0,0.00,93.3969,1.0000
12526571.0,6987.259594,30811.741408,37799.001003,5803,0,0.00,93.4031,1.0000
12526762.0,6987.457657,30813.014742,37800.472399,5804,0,0.00,93.4219,1.0000
12526979.0,6987.682682,30814.461408,37802.144090,5805,0,0.00,93.4391,1.0000
12527183.0,6987.894226,30815.821408,37803.715634,5806,0,0.00,93.4563,1.0000
12527351.0,6988.068438,30816.941408,37805.009847,5807,0,0.00,93.4734,1.0000
12527402.0,6988.121324,30817.281408,37805.402732,5808,0,0.00,93.4906,1.0000
12527845.0,6988.580706,30820.234742,37808.815448,5809,0,0.00,93.5188,1.0000
12527890.0,6988.627370,30820.534742,37809.162112,5810,0,0.00,93.5469,1.0000
12528080.0,6988.824396,30821.801408,37810.625804,5811,0,0.00,93.5531,1.0000
12528330.0,6989.083641,30823.468075,37812.551716,5812,0,0.00,93.5703,1.0000
12528686.0,6989.452805,30825.841408,37815.294214,5813,0,0.00,93.5844,1.0000
12529015.0,6989.793972,30828.034742,37817.828713,5814,0,0.00,93.5984,1.0000
12529028.0,6989.807452,30828.121408,37817.928861,5815,0,0.00,93.6125,1.0000
12529407.0,6990.200467,30830.648075,37820.848542,5816,0,0.00,93.6250,1.0000
12529537.0,6990.335275,30831.514742,37821.850016,5817,0,0.00,93.6313,1.0000
12529592.0,6990.392309,30831.881408,37822.273717,5818,0,0.00,93.6563,1.0000
12529632.0,6990.433788,30832.148075,37822.581863,5819,0,0.00,93.6734,1.0000
12529689.0,6990.492895,30832.528075,37823.020970,5820,0,0.00,93.6922,1.0000
12529733.0,6990.538523,30832.821408,37823.359931,5821,0,0.00,93.7094,1.0000
12530196.0,6991.018644,30835.908075,37826.926719,5822,0,0.00,93.7281,1.0000
12530990.0,6991.842005,30841.201408,37833.043414,5823,0,0.00,93.7469,1.0000
12531273.0,6992.135470,30843.088075,37835.223545,5824,0,0.00,93.7656,1.0000
12531644.0,6992.520190,30845.561408,37838.081598,5825,0,0.00,93.7844,1.0000
12531687.0,6992.564780,30845.848075,37838.412855,5826,0,0.00,93.8031,1.0000
12531691.0,6992.568928,30845.874742,37838.443669,5827,0,0.00,93.8219,1.0000
12531695.0,6992.573076,30845.901408,37838.474484,5828,0,0.00,93.8406,1.0000
12532141.0,6993.035568,30848.874742,37841.910310,5829,0,0.00,93.8531,1.0000
12532859.0,6993.780119,30853.661408,37847.441528,5830,0,0.00,93.8766,1.0000
12532891.0,6993.813303,30853.874742,37847.688044,5831,0,0.00,93.8891,1.0000
12532925.0,6993.848560,30854.101408,37847.949968,5832,0,0.00,93.9172,1.0000
12532927.0,6993.850634,30854.114742,37847.965376,5833,0,0.00,93.9359,1.0000
12533004.0,6993.930481,30854.628075,37848.558556,5834,0,0.00,93.9594,1.0000
12533005.0,6993.931518,30854.634742,37848.566260,5835,0,0.00,93.9828,1.0000
12533558.0,6994.504968,30858.321408,37852.826376,5836,0,0.00,94.0078,1.0000
12533602.0,6994.550595,30858.614742,37853.165337,5837,0,0.00,94.0266,1.0000
12533608.0,6994.556817,30858.654742,37853.211559,5838,0,0.00,94.0453,1.0000
12533689.0,6994.640812,30859.194742,37853.835554,5839,0,0.00,94.0641,1.0000
12534303.0,6995.277517,30863.288075,37858.565592,5840,0,0.00,94.0813,1.0000
12534313.0,6995.287887,30863.354742,37858.642629,5841,0,0.00,94.0984,1.0000
12534544.0,6995.527429,30864.894742,37860.422171,5842,0,0.00,94.1266,1.0000
12534719.0,6995.708901,30866.061408,37861.770309,5843,0,0.00,94.1438,1.0000
12535006.0,6996.006514,30867.974742,37863.981255,5844,0,0.00,94.1625,1.0000
12535322.0,6996.334199,30870.081408,37866.415607,5845,0,0.00,94.1797,1.0000
12538552.0,6999.683642,30891.614742,37891.298384,5846,0,0.00,94.1969,1.0000
12539704.0,7000.878242,30899.294742,37900.172984,5847,0,0.00,94.2141,1.0000
12539765.0,7000.941498,30899.701408,37900.642906,5848,0,0.00,94.2266,1.0000
12540051.0,7001.238074,30901.608075,37902.846149,5849,0,0.00,94.2438,1.0000
12540267.0,7001.462061,30903.048075,37904.510136,5850,0,0.00,94.2609,1.0000
12540683.0,7001.893444,30905.821408,37907.714853,5851,0,0.00,94.2797,1.0000
12540748.0,7001.960848,30906.254742,37908.215590,5852,0,0.00,94.2984,1.0000
12540961.0,7002.181725,30907.674742,37909.856466,5853,0,0.00,94.3266,1.0000
12541122.0,7002.348678,30908.748075,37911.096753,5854,0,0.00,94.3641,1.0000
12542081.0,7003.343141,30915.141408,37918.484550,5855,0,0.00,94.3875,1.0000
12542108.0,7003.371140,30915.321408,37918.692548,5856,0,0.00,94.4109,1.0000
12542762.0,7004.049324,30919.681408,37923.730732,5857,0,0.00,94.4281,1.0000
12543153.0,7004.454783,30922.288075,37926.742858,5858,0,0.00,94.4422,1.0000
12543218.0,7004.522187,30922.721408,37927.243595,5859,0,0.00,94.4594,1.0000
12544282.0,7005.625532,30929.814742,37935.440274,5860,0,0.00,94.4844,1.0000
12545103.0,7006.476892,30935.288075,37941.764967,5861,0,0.00,94.4969,1.0000
12545893.0,7007.296106,30940.554742,37947.850848,5862,0,0.00,94.5250,1.0000
12546528.0,7007.954588,30944.788075,37952.742663,5863,0,0.00,94.5438,1.0000
12546686.0,7008.118430,30945.841408,37953.959839,5864,0,0.00,94.5719,1.0000
12546880.0,7008.319604,30947.134742,37955.454346,5865,0,0.00,94.5969,1.0000
12547221.0,7008.673214,30949.408075,37958.081289,5866,0,0.00,94.6250,1.0000
12547339.0,7008.795578,30950.194742,37958.990319,5867,0,0.00,94.6391,1.0000
12547364.0,7008.821502,30950.361408,37959.182911,5868,0,0.00,94.6672,1.0000
12547511.0,7008.973938,30951.341408,37960.315347,5869,0,0.00,94.6844,1.0000
12547948.0,7009.427098,30954.254742,37963.681840,5870,0,0.00,94.7031,1.0000
12547958.0,7009.437468,30954.321408,37963.758876,5871,0,0.00,94.7219,1.0000
12547981.0,7009.461318,30954.474742,37963.936060,5872,0,0.00,94.7500,1.0000
12548197.0,7009.685306,30955.914742,37965.600048,5873,0,0.00,94.7625,1.0000
12548518.0,7010.018176,30958.054742,37968.072918,5874,0,0.00,94.7672,1.0000
12548778.0,7010.287791,30959.788075,37970.075866,5875,0,0.00,94.7813,1.0000
12549519.0,7011.056192,30964.728075,37975.784267,5876,0,0.00,94.8313,1.0000
12549861.0,7011.410839,30967.008075,37978.418914,5877,0,0.00,94.8594,1.0000
12549974.0,7011.528018,30967.761408,37979.289426,5878,0,0.00,94.8734,1.0000
12550079.0,7011.636901,30968.461408,37980.098309,5879,0,0.00,94.9109,1.0000
12550286.0,7011.851555,30969.841408,37981.692964,5880,0,0.00,94.9250,1.0000
12550323.0,7011.889924,30970.088075,37981.977999,5881,0,0.00,94.9422,1.0000
12550371.0,7011.939699,30970.408075,37982.347774,5882,0,0.00,94.9594,1.0000
12551617.0,7013.231775,30978.714742,37991.946516,5883,0,0.00,94.9734,1.0000
12551655.0,7013.271180,30978.968075,37992.239255,5884,0,0.00,94.9859,1.0000
12551738.0,7013.357249,30979.521408,37992.878657,5885,0,0.00,95.0000,1.0000
12553391.0,7015.071376,30990.541408,38005.612784,5886,0,0.00,95.0188,1.0000
12555175.0,7016.921347,31002.434742,38019.356088,5887,0,0.00,95.0375,1.0000
12555316.0,7017.067561,31003.374742,38020.442302,5888,0,0.00,95.0500,1.0000
12555721.0,7017.487537,31006.074742,38023.562279,5889,0,0.00,95.0688,1.0000
12555824.0,7017.594346,31006.761408,38024.355754,5890,0,0.00,95.0875,1.0000
12556254.0,7018.040247,31009.628075,38027.668322,5891,0,0.00,95.0938,1.0000
12556351.0,7018.140834,31010.274742,38028.415576,5892,0,0.00,95.1172,1.0000
12557219.0,7019.040932,31016.061408,38035.102340,5893,0,0.00,95.1422,1.0000
12558737.0,7020.615066,31026.181408,38046.796475,5894,0,0.00,95.1547,1.0000
12558832.0,7020.713579,31026.814742,38047.528321,5895,0,0.00,95.1828,1.0000
12560114.0,7022.042987,31035.361408,38057.404395,5896,0,0.00,95.2000,1.0000
12563972.0,7026.043652,31061.081408,38087.125061,5897,0,0.00,95.2094,1.0000
12565490.0,7027.617787,31071.201408,38098.819195,5898,0,0.00,95.2156,1.0000
12565581.0,7027.712152,31071.808075,38099.520227,5899,0,0.00,95.2219,1.0000
12566233.0,7028.388262,31076.154742,38104.543004,5900,0,0.00,95.2281,1.0000
12566233.0,7028.388262,31076.154742,38104.543004,5901,0,0.00,95.2344,1.0000
12567017.0,7029.201254,31081.381408,38110.582662,5902,0,0.00,95.2719,1.0000
12568142.0,7030.367855,31088.881408,38119.249264,5903,0,0.00,95.2781,1.0000
12568143.0,7030.368892,31088.888075,38119.256967,5904,0,0.00,95.2844,1.0000
12568188.0,7030.415556,31089.188075,38119.603631,5905,0,0.00,95.2906,1.0000
12568273.0,7030.503700,31089.754742,38120.258441,5906,0,0.00,95.3406,1.0000
12568874.0,7031.126924,31093.761408,38124.888332,5907,0,0.00,95.3906,1.0000
12569916.0,7032.207456,31100.708075,38132.915531,5908,0,0.00,95.4031,1.0000
12572372.0,7034.754277,31117.081408,38151.835686,5909,0,0.00,95.4094,1.0000
12577441.0,7040.010725,31150.874742,38190.885466,5910,0,0.00,95.4469,1.0000
12581496.0,7044.215675,31177.908075,38222.123750,5911,0,0.00,95.4656,1.0000
12581902.0,7044.636689,31180.614742,38225.251430,5912,0,0.00,95.4719,1.0000
12583319.0,7046.106088,31190.061408,38236.167497,5913,0,0.00,95.5094,1.0000
12583580.0,7046.376740,31191.801408,38238.178148,5914,0,0.00,95.5344,1.0000
12583957.0,7046.767681,31194.314742,38241.082423,5915,0,0.00,95.5531,1.0000
12584087.0,7046.902488,31195.181408,38242.083897,5916,0,0.00,95.5656,1.0000
12584105.0,7046.921154,31195.301408,38242.222562,5917,0,0.00,95.5781,1.0000
12584106.0,7046.922191,31195.308075,38242.230266,5918,0,0.00,95.5906,1.0000
12584259.0,7047.080849,31196.328075,38243.408924,5919,0,0.00,95.6031,1.0000
12588034.0,7050.995445,31221.494742,38272.490187,5920,0,0.00,95.6125,1.0000
12588579.0,7051.560599,31225.128075,38276.688674,5921,0,0.00,95.6156,1.0000
12588920.0,7051.914209,31227.401408,38279.315617,5922,0,0.00,95.6531,1.0000
12588921.0,7051.915245,31227.408075,38279.323320,5923,0,0.00,95.6906,1.0000
12590124.0,7053.162731,31235.428075,38288.590806,5924,0,0.00,95.7078,1.0000
12591866.0,7054.969149,31247.041408,38302.010557,5925,0,0.00,95.7578,1.0000
12592683.0,7055.816361,31252.488075,38308.304436,5926,0,0.00,95.8078,1.0000
12592683.0,7055.816361,31252.488075,38308.304436,5927,0,0.00,95.8578,1.0000
12592900.0,7056.041386,31253.934742,38309.976127,5928,0,0.00,95.8625,1.0000
12593136.0,7056.286113,31255.508075,38311.794188,5929,0,0.00,96.0500,1.0000
12593259.0,7056.413661,31256.328075,38312.741736,5930,0,0.00,96.0688,1.0000
12593284.0,7056.439586,31256.494742,38312.934327,5931,0,0.00,96.1063,1.0000
12594188.0,7057.377015,31262.521408,38319.898423,5932,0,0.00,96.1125,1.0000
12595227.0,7058.454436,31269.448075,38327.902511,5933,0,0.00,96.1313,1.0000
12595374.0,7058.606872,31270.428075,38329.034947,5934,0,0.00,96.1375,1.0000
12595791.0,7059.039292,31273.208075,38332.247367,5935,0,0.00,96.1438,1.0000
12595900.0,7059.152323,31273.934742,38333.087065,5936,0,0.00,96.1625,1.0000
12596020.0,7059.276761,31274.734742,38334.011502,5937,0,0.00,96.2000,1.0000
12596082.0,7059.341053,31275.148075,38334.489128,5938,0,0.00,96.2188,1.0000
12596088.0,7059.347275,31275.188075,38334.535350,5939,0,0.00,96.2250,1.0000
12596089.0,7059.348312,31275.194742,38334.543054,5940,0,0.00,96.2438,1.0000
12596917.0,7060.206931,31280.714742,38340.921673,5941,0,0.00,96.2609,1.0000
12596921.0,7060.211079,31280.741408,38340.952487,5942,0,0.00,96.2891,1.0000
12597250.0,7060.552245,31282.934742,38343.486987,5943,0,0.00,96.3078,1.0000
12601104.0,7064.548763,31308.628075,38373.176838,5944,0,0.00,96.3453,1.0000
12602631.0,7066.132230,31318.808075,38384.940305,5945,0,0.00,96.3688,1.0000
12602638.0,7066.139489,31318.854742,38384.994230,5946,0,0.00,96.3922,1.0000
12602801.0,7066.308516,31319.941408,38386.249925,5947,0,0.00,96.4047,1.0000
12602804.0,7066.311627,31319.961408,38386.273036,5948,0,0.00,96.4172,1.0000
12602866.0,7066.375920,31320.374742,38386.750662,5949,0,0.00,96.4453,1.0000
12604051.0,7067.604740,31328.274742,38395.879482,5950,0,0.00,96.4688,1.0000
12604095.0,7067.650367,31328.568075,38396.218442,5951,0,0.00,96.4922,1.0000
12604319.0,7067.882651,31330.061408,38397.944059,5952,0,0.00,96.5094,1.0000
12604682.0,7068.259074,31332.481408,38400.740482,5953,0,0.00,96.5141,1.0000
12604785.0,7068.365883,31333.168075,38401.533958,5954,0,0.00,96.5313,1.0000
12604879.0,7068.463359,31333.794742,38402.258101,5955,0,0.00,96.5359,1.0000
12606019.0,7069.645515,31341.394742,38411.040257,5956,0,0.00,96.5531,1.0000
12606020.0,7069.646552,31341.401408,38411.047961,5957,0,0.00,96.5703,1.0000
12606024.0,7069.650700,31341.428075,38411.078775,5958,0,0.00,96.5875,1.0000
12606084.0,7069.712919,31341.828075,38411.540994,5959,0,0.00,96.6047,1.0000
12606086.0,7069.714993,31341.841408,38411.556401,5960,0,0.00,96.6234,1.0000
12606094.0,7069.723289,31341.894742,38411.618030,5961,0,0.00,96.6406,1.0000
12606235.0,7069.869503,31342.834742,38412.704244,5962,0,0.00,96.6594,1.0000
12606899.0,7070.558057,31347.261408,38417.819465,5963,0,0.00,96.6766,1.0000
12606932.0,7070.592277,31347.481408,38418.073686,5964,0,0.00,96.6813,1.0000
12606951.0,7070.611980,31347.608075,38418.220055,5965,0,0.00,96.6984,1.0000
12606957.0,7070.618202,31347.648075,38418.266277,5966,0,0.00,96.7156,1.0000
12606961.0,7070.622350,31347.674742,38418.297091,5967,0,0.00,96.7328,1.0000
12607559.0,7071.242463,31351.661408,38422.903872,5968,0,0.00,96.7344,1.0000
12607701.0,7071.389714,31352.608075,38423.997789,5969,0,0.00,96.7391,1.0000
12608173.0,7071.879168,31355.754742,38427.633910,5970,0,0.00,96.7438,1.0000
12608330.0,7072.041974,31356.801408,38428.843382,5971,0,0.00,96.7656,1.0000
12608722.0,7072.448470,31359.414742,38431.863212,5972,0,0.00,96.7719,1.0000
12608787.0,7072.515874,31359.848075,38432.363949,5973,0,0.00,96.7891,1.0000
12608903.0,7072.636163,31360.621408,38433.257572,5974,0,0.00,96.7953,1.0000
12609311.0,7073.059251,31363.341408,38436.400659,5975,0,0.00,96.8125,1.0000
12609373.0,7073.123543,31363.754742,38436.878285,5976,0,0.00,96.8172,1.0000
12610139.0,7073.917869,31368.861408,38442.779278,5977,0,0.00,96.8219,1.0000
12610242.0,7074.024678,31369.548075,38443.572753,5978,0,0.00,96.8391,1.0000
12610933.0,7074.741231,31374.154742,38448.895973,5979,0,0.00,96.8563,1.0000
12611093.0,7074.907148,31375.221408,38450.128556,5980,0,0.00,96.8734,1.0000
12611134.0,7074.949664,31375.494742,38450.444405,5981,0,0.00,96.8828,1.0000
12611218.0,7075.036770,31376.054742,38451.091512,5982,0,0.00,96.8875,1.0000
12611427.0,7075.253499,31377.448075,38452.701574,5983,0,0.00,96.8938,1.0000
12611735.0,7075.572888,31379.501408,38455.074297,5984,0,0.00,96.9109,1.0000
12611784.0,7075.623700,31379.828075,38455.451775,5985,0,0.00,96.9281,1.0000
12611794.0,7075.634070,31379.894742,38455.528812,5986,0,0.00,96.9453,1.0000
12611952.0,7075.797913,31380.948075,38456.745988,5987,0,0.00,96.9625,1.0000
12612025.0,7075.873612,31381.434742,38457.308354,5988,0,0.00,96.9797,1.0000
12612128.0,7075.980421,31382.121408,38458.101829,5989,0,0.00,96.9969,1.0000
12612131.0,7075.983532,31382.141408,38458.124940,5990,0,0.00,97.0141,1.0000
12612135.0,7075.987680,31382.168075,38458.155755,5991,0,0.00,97.0313,1.0000
12612137.0,7075.989754,31382.181408,38458.171162,5992,0,0.00,97.0484,1.0000
12612138.0,7075.990791,31382.188075,38458.178866,5993,0,0.00,97.0656,1.0000
12612349.0,7076.209593,31383.594742,38459.804335,5994,0,0.00,97.0719,1.0000
12612572.0,7076.440840,31385.081408,38461.522248,5995,0,0.00,97.0766,1.0000
12612689.0,7076.562166,31385.861408,38462.423575,5996,0,0.00,97.0891,1.0000
12612690.0,7076.563203,31385.868075,38462.431278,5997,0,0.00,97.0938,1.0000
12612954.0,7076.836966,31387.628075,38464.465041,5998,0,0.00,97.1109,1.0000
12613049.0,7076.935479,31388.261408,38465.196887,5999,0,0.00,97.1156,1.0000
12613157.0,7077.047473,31388.981408,38466.028881,6000,0,0.00,97.1203,1.0000
12613264.0,7077.158429,31389.694742,38466.853171,6001,0,0.00,97.1266,1.0000
12613372.0,7077.270423,31390.414742,38467.685165,6002,0,0.00,97.1438,1.0000
12613413.0,7077.312939,31390.688075,38468.001014,6003,0,0.00,97.1609,1.0000
12613455.0,7077.356492,31390.968075,38468.324567,6004,0,0.00,97.1781,1.0000
12613769.0,7077.682104,31393.061408,38470.743512,6005,0,0.00,97.1953,1.0000
12614910.0,7078.865297,31400.668075,38479.533372,6006,0,0.00,97.2016,1.0000
12615097.0,7079.059212,31401.914742,38480.973954,6007,0,0.00,97.2063,1.0000
12615274.0,7079.242757,31403.094742,38482.337499,6008,0,0.00,97.2250,1.0000
12615275.0,7079.243794,31403.101408,38482.345203,6009,0,0.00,97.2375,1.0000
12615296.0,7079.265571,31403.241408,38482.506979,6010,0,0.00,97.2547,1.0000
12615775.0,7079.762284,31406.434742,38486.197026,6011,0,0.00,97.2797,1.0000
12615809.0,7079.797541,31406.661408,38486.458950,6012,0,0.00,97.2844,1.0000
12615848.0,7079.837984,31406.921408,38486.759392,6013,0,0.00,97.2891,1.0000
12615905.0,7079.897091,31407.301408,38487.198500,6014,0,0.00,97.2938,1.0000
12616242.0,7080.246553,31409.548075,38489.794628,6015,0,0.00,97.2984,1.0000
12616288.0,7080.294254,31409.854742,38490.148996,6016,0,0.00,97.3047,1.0000
12616318.0,7080.325364,31410.054742,38490.380105,6017,0,0.00,97.3219,1.0000
12616480.0,7080.493354,31411.134742,38491.628096,6018,0,0.00,97.3688,1.0000
12616481.0,7080.494391,31411.141408,38491.635800,6019,0,0.00,97.3813,1.0000
12616865.0,7080.892591,31413.701408,38494.594000,6020,0,0.00,97.3859,1.0000
12616869.0,7080.896739,31413.728075,38494.624814,6021,0,0.00,97.4094,1.0000
12617433.0,7081.481595,31417.488075,38498.969670,6022,0,0.00,97.4281,1.0000
12617703.0,7081.761580,31419.288075,38501.049655,6023,0,0.00,97.4453,1.0000
12617911.0,7081.977272,31420.674742,38502.652013,6024,0,0.00,97.4641,1.0000
12617917.0,7081.983493,31420.714742,38502.698235,6025,0,0.00,97.4828,1.0000
12617925.0,7081.991789,31420.768075,38502.759864,6026,0,0.00,97.5016,1.0000
12617967.0,7082.035342,31421.048075,38503.083417,6027,0,0.00,97.5250,1.0000
12618018.0,7082.088228,31421.388075,38503.476303,6028,0,0.00,97.5484,1.0000
12618332.0,7082.413840,31423.481408,38505.895248,6029,0,0.00,97.5672,1.0000
12618452.0,7082.538277,31424.281408,38506.819686,6030,0,0.00,97.5906,1.0000
12618823.0,7082.922997,31426.754742,38509.677738,6031,0,0.00,97.6141,1.0000
12618901.0,7083.003881,31427.274742,38510.278623,6032,0,0.00,97.6188,1.0000
12618918.0,7083.021510,31427.388075,38510.409585,6033,0,0.00,97.6469,1.0000
12619115.0,7083.225794,31428.701408,38511.927203,6034,0,0.00,97.6703,1.0000
12619368.0,7083.488150,31430.388075,38513.876225,6035,0,0.00,97.6953,1.0000
12619578.0,7083.705916,31431.788075,38515.493991,6036,0,0.00,97.7141,1.0000
12619657.0,7083.787837,31432.314742,38516.102579,6037,0,0.00,97.7313,1.0000
12619677.0,7083.808577,31432.448075,38516.256652,6038,0,0.00,97.7438,1.0000
12619893.0,7084.032564,31433.888075,38517.920639,6039,0,0.00,97.7625,1.0000
12620209.0,7084.360250,31435.994742,38520.354991,6040,0,0.00,97.7797,1.0000
12620209.0,7084.360250,31435.994742,38520.354991,6041,0,0.00,97.7969,1.0000
12620323.0,7084.478465,31436.754742,38521.233207,6042,0,0.00,97.8156,1.0000
12620906.0,7085.083024,31440.641408,38525.724432,6043,0,0.00,97.8328,1.0000
12620974.0,7085.153539,31441.094742,38526.248280,6044,0,0.00,97.8609,1.0000
12621264.0,7085.454263,31443.028075,38528.482338,6045,0,0.00,97.8797,1.0000
12621266.0,7085.456337,31443.041408,38528.497745,6046,0,0.00,97.8984,1.0000
12621524.0,7085.723877,31444.761408,38530.485286,6047,0,0.00,97.9031,1.0000
12621753.0,7085.961345,31446.288075,38532.249420,6048,0,0.00,97.9047,1.0000
12621795.0,7086.004899,31446.568075,38532.572974,6049,0,0.00,97.9234,1.0000
12621946.0,7086.161482,31447.574742,38533.736224,6050,0,0.00,97.9406,1.0000
12622067.0,7086.286957,31448.381408,38534.668365,6051,0,0.00,97.9531,1.0000
12622153.0,7086.376137,31448.954742,38535.330879,6052,0,0.00,97.9703,1.0000
12622455.0,7086.689305,31450.968075,38537.657380,6053,0,0.00,97.9875,1.0000
12622647.0,7086.888405,31452.248075,38539.136480,6054,0,0.00,98.0047,1.0000
12622795.0,7087.041878,31453.234742,38540.276619,6055,0,0.00,98.0219,1.0000
12622806.0,7087.053285,31453.308075,38540.361360,6056,0,0.00,98.0469,1.0000
12622916.0,7087.167352,31454.041408,38541.208761,6057,0,0.00,98.0516,1.0000
12623240.0,7087.503334,31456.201408,38543.704742,6058,0,0.00,98.0563,1.0000
12623779.0,7088.062265,31459.794742,38547.857007,6059,0,0.00,98.0734,1.0000
12623967.0,7088.257217,31461.048075,38549.305292,6060,0,0.00,98.0984,1.0000
12624025.0,7088.317362,31461.434742,38549.752104,6061,0,0.00,98.1234,1.0000
12624073.0,7088.367137,31461.754742,38550.121879,6062,0,0.00,98.1281,1.0000
12624156.0,7088.453206,31462.308075,38550.761281,6063,0,0.00,98.1469,1.0000
12624821.0,7089.142798,31466.741408,38555.884206,6064,0,0.00,98.1641,1.0000
12624923.0,7089.248569,31467.421408,38556.669978,6065,0,0.00,98.1828,1.0000
12625094.0,7089.425893,31468.561408,38557.987301,6066,0,0.00,98.2000,1.0000
12625134.0,7089.467372,31468.828075,38558.295447,6067,0,0.00,98.2172,1.0000
12625222.0,7089.558626,31469.414742,38558.973368,6068,0,0.00,98.2453,1.0000
12625416.0,7089.759800,31470.708075,38560.467875,6069,0,0.00,98.2641,1.0000
12625627.0,7089.978603,31472.114742,38562.093344,6070,0,0.00,98.2813,1.0000
12627095.0,7091.500888,31481.901408,38573.402297,6071,0,0.00,98.3063,1.0000
12627409.0,7091.826500,31483.994742,38575.821241,6072,0,0.00,98.3313,1.0000
12627670.0,7092.097151,31485.734742,38577.831893,6073,0,0.00,98.3359,1.0000
12628568.0,7093.028359,31491.721408,38584.749767,6074,0,0.00,98.3406,1.0000
12628657.0,7093.120650,31492.314742,38585.435391,6075,0,0.00,98.3578,1.0000
12628809.0,7093.278270,31493.328075,38586.606345,6076,0,0.00,98.3750,1.0000
12629168.0,7093.650546,31495.721408,38589.371954,6077,0,0.00,98.3984,1.0000
12629174.0,7093.656768,31495.761408,38589.418176,6078,0,0.00,98.4219,1.0000
12629223.0,7093.707580,31496.088075,38589.795655,6079,0,0.00,98.4453,1.0000
12629540.0,7094.036302,31498.201408,38592.237711,6080,0,0.00,98.4688,1.0000
12629575.0,7094.072597,31498.434742,38592.507338,6081,0,0.00,98.4859,1.0000
12630111.0,7094.628417,31502.008075,38596.636492,6082,0,0.00,98.5031,1.0000
12630312.0,7094.836850,31503.348075,38598.184925,6083,0,0.00,98.5313,1.0000
12630435.0,7094.964399,31504.168075,38599.132474,6084,0,0.00,98.5547,1.0000
12630522.0,7095.054616,31504.748075,38599.802691,6085,0,0.00,98.5781,1.0000
12630639.0,7095.175942,31505.528075,38600.704017,6086,0,0.00,98.5828,1.0000
12630884.0,7095.430002,31507.161408,38602.591411,6087,0,0.00,98.5875,1.0000
12632184.0,7096.778075,31515.828075,38612.606150,6088,0,0.00,98.6063,1.0000
12632581.0,7097.189756,31518.474742,38615.664498,6089,0,0.00,98.6078,1.0000
12633081.0,7097.708245,31521.808075,38619.516320,6090,0,0.00,98.6203,1.0000
12633833.0,7098.488054,31526.821408,38625.309462,6091,0,0.00,98.6484,1.0000
12633948.0,7098.607306,31527.588075,38626.195381,6092,0,0.00,98.6734,1.0000
12634282.0,7098.953657,31529.814742,38628.768399,6093,0,0.00,98.6906,1.0000
12634532.0,7099.212902,31531.481408,38630.694311,6094,0,0.00,98.7094,1.0000
12634575.0,7099.257492,31531.768075,38631.025567,6095,0,0.00,98.7281,1.0000
12635154.0,7099.857903,31535.628075,38635.485978,6096,0,0.00,98.7453,1.0000
12637817.0,7102.619379,31553.381408,38656.000787,6097,0,0.00,98.7500,1.0000
12638215.0,7103.032097,31556.034742,38659.066838,6098,0,0.00,98.7672,1.0000
12638672.0,7103.505996,31559.081408,38662.587404,6099,0,0.00,98.7844,1.0000
12639343.0,7104.201809,31563.554742,38667.756551,6100,0,0.00,98.8344,1.0000
12639572.0,7104.439277,31565.081408,38669.520686,6101,0,0.00,98.8484,1.0000
12639630.0,7104.499422,31565.468075,38669.967497,6102,0,0.00,98.8625,1.0000
12639852.0,7104.729631,31566.948075,38671.677706,6103,0,0.00,98.8797,1.0000
12639934.0,7104.814664,31567.494742,38672.309405,6104,0,0.00,98.9297,1.0000
12639934.0,7104.814664,31567.494742,38672.309405,6105,0,0.00,98.9797,1.0000
12639934.0,7104.814664,31567.494742,38672.309405,6106,0,0.00,99.0297,1.0000
12639953.0,7104.834366,31567.621408,38672.455775,6107,0,0.00,99.0547,1.0000
12640647.0,7105.554030,31572.248075,38677.802105,6108,0,0.00,99.0719,1.0000
12640926.0,7105.843347,31574.108075,38679.951422,6109,0,0.00,99.0891,1.0000
12641162.0,7106.088074,31575.681408,38681.769482,6110,0,0.00,99.1063,1.0000
12641233.0,7106.161700,31576.154742,38682.316441,6111,0,0.00,99.1109,1.0000
12641427.0,7106.362874,31577.448075,38683.810949,6112,0,0.00,99.1250,1.0000
12641678.0,7106.623155,31579.121408,38685.744564,6113,0,0.00,99.1391,1.0000
12641708.0,7106.654265,31579.321408,38685.975673,6114,0,0.00,99.1438,1.0000
12641717.0,7106.663598,31579.381408,38686.045006,6115,0,0.00,99.1906,1.0000
12641825.0,7106.775591,31580.101408,38686.877000,6116,0,0.00,99.2047,1.0000
12641825.0,7106.775591,31580.101408,38686.877000,6117,0,0.00,99.2188,1.0000
12641896.0,7106.849217,31580.574742,38687.423959,6118,0,0.00,99.2328,1.0000
12642583.0,7107.561622,31585.154742,38692.716363,6119,0,0.00,99.2453,1.0000
12642978.0,7107.971228,31587.788075,38695.759303,6120,0,0.00,99.2500,1.0000
12643193.0,7108.194179,31589.221408,38697.415587,6121,0,0.00,99.2641,1.0000
12643380.0,7108.388094,31590.468075,38698.856169,6122,0,0.00,99.2766,1.0000
12643956.0,7108.985394,31594.308075,38703.293469,6123,0,0.00,99.2953,1.0000
12644570.0,7109.622099,31598.401408,38708.023507,6124,0,0.00,99.3016,1.0000
12644755.0,7109.813940,31599.634742,38709.448682,6125,0,0.00,99.3391,1.0000
12645688.0,7110.781442,31605.854742,38716.636184,6126,0,0.00,99.3531,1.0000
12645749.0,7110.844698,31606.261408,38717.106106,6127,0,0.00,99.3578,1.0000
12646036.0,7111.142311,31608.174742,38719.317052,6128,0,0.00,99.3750,1.0000
12646042.0,7111.148532,31608.214742,38719.363274,6129,0,0.00,99.3797,1.0000
12646257.0,7111.371483,31609.648075,38721.019558,6130,0,0.00,99.3969,1.0000
12647692.0,7112.859548,31619.214742,38732.074290,6131,0,0.00,99.4219,1.0000
12648851.0,7114.061407,31626.941408,38741.002815,6132,0,0.00,99.4391,1.0000
12648964.0,7114.178586,31627.694742,38741.873327,6133,0,0.00,99.4438,1.0000
12650435.0,7115.703982,31637.501408,38753.205390,6134,0,0.00,99.4813,1.0000
12651639.0,7116.952505,31645.528075,38762.480580,6135,0,0.00,99.4859,1.0000
12651748.0,7117.065536,31646.254742,38763.320277,6136,0,0.00,99.4984,1.0000
12651934.0,7117.258414,31647.494742,38764.753155,6137,0,0.00,99.5109,1.0000
12652121.0,7117.452329,31648.741408,38766.193737,6138,0,0.00,99.5172,1.0000
12652908.0,7118.268431,31653.988075,38772.256506,6139,0,0.00,99.5422,1.0000
12653924.0,7119.322002,31660.761408,38780.083411,6140,0,0.00,99.5469,1.0000
12654992.0,7120.429496,31667.881408,38788.310904,6141,0,0.00,99.5594,1.0000
12655702.0,7121.165751,31672.614742,38793.780493,6142,0,0.00,99.5719,1.0000
12656021.0,7121.496548,31674.741408,38796.237956,6143,0,0.00,99.5766,1.0000
12659119.0,7124.709109,31695.394742,38820.103851,6144,0,0.00,99.5828,1.0000
12659319.0,7124.916505,31696.728075,38821.644580,6145,0,0.00,99.5859,1.0000
12660024.0,7125.647575,31701.428075,38827.075650,6146,0,0.00,99.5984,1.0000
12660993.0,7126.652408,31707.888075,38834.540483,6147,0,0.00,99.6172,1.0000
12662111.0,7127.811751,31715.341408,38843.153159,6148,0,0.00,99.6672,1.0000
12662687.0,7128.409051,31719.181408,38847.590459,6149,0,0.00,99.7172,1.0000
12662687.0,7128.409051,31719.181408,38847.590459,6150,0,0.00,99.7672,1.0000
12662887.0,7128.616447,31720.514742,38849.131188,6151,0,0.00,99.7766,1.0000
12663265.0,7129.008425,31723.034742,38852.043166,6152,0,0.00,99.8266,1.0000
12663559.0,7129.313297,31724.994742,38854.308038,6153,0,0.00,99.8313,1.0000
12664318.0,7130.100364,31730.054742,38860.155105,6154,0,0.00,99.8594,1.0000
12664321.0,7130.103475,31730.074742,38860.178216,6155,0,0.00,99.8641,1.0000
12664549.0,7130.339906,31731.594742,38861.934648,6156,0,0.00,99.8688,1.0000
12664961.0,7130.767141,31734.341408,38865.108550,6157,0,0.00,99.8938,1.0000
12666591.0,7132.457417,31745.208075,38877.665492,6158,0,0.00,99.8984,1.0000
12666882.0,7132.759178,31747.148075,38879.907253,6159,0,0.00,99.9031,1.0000
12668221.0,7134.147693,31756.074742,38890.222435,6160,0,0.00,99.9281,1.0000
12668375.0,7134.307388,31757.101408,38891.408797,6161,0,0.00,99.9344,1.0000
12670502.0,7136.513043,31771.281408,38907.794451,6162,0,0.00,99.9469,1.0000
12670521.0,7136.532745,31771.408075,38907.940820,6163,0,0.00,99.9594,1.0000
12673422.0,7139.541022,31790.748075,38930.289097,6164,0,0.00,99.9641,1.0000
12673534.0,7139.657164,31791.494742,38931.151905,6165,0,0.00,99.9703,1.0000
12673575.0,7139.699680,31791.768075,38931.467755,6166,0,0.00,99.9875,1.0000
12674134.0,7140.279351,31795.494742,38935.774093,6167,0,0.00,100.0063,1.0000
12674134.0,7140.279351,31795.494742,38935.774093,6168,0,0.00,100.0250,1.0000
12674977.0,7141.153525,31801.114742,38942.268266,6169,0,0.00,100.0438,1.0000
12675879.0,7142.088880,31807.128075,38949.216955,6170,0,0.00,100.0484,1.0000
12676683.0,7142.922611,31812.488075,38955.410686,6171,0,0.00,100.0531,1.0000
12676920.0,7143.168375,31814.068075,38957.236450,6172,0,0.00,100.0719,1.0000
12676928.0,7143.176671,31814.121408,38957.298079,6173,0,0.00,100.0906,1.0000
12677400.0,7143.666125,31817.268075,38960.934200,6174,0,0.00,100.0953,1.0000
12677434.0,7143.701382,31817.494742,38961.196124,6175,0,0.00,100.1125,1.0000
12677691.0,7143.967886,31819.208075,38963.175961,6176,0,0.00,100.1188,1.0000
12677884.0,7144.168023,31820.494742,38964.662765,6177,0,0.00,100.1359,1.0000
12677886.0,7144.170097,31820.508075,38964.678172,6178,0,0.00,100.1641,1.0000
12678401.0,7144.704141,31823.941408,38968.645550,6179,0,0.00,100.1688,1.0000
12678446.0,7144.750805,31824.241408,38968.992214,6180,0,0.00,100.1859,1.0000
12678603.0,7144.913611,31825.288075,38970.201686,6181,0,0.00,100.2047,1.0000
12678759.0,7145.075380,31826.328075,38971.403455,6182,0,0.00,100.2297,1.0000
12678841.0,7145.160412,31826.874742,38972.035154,6183,0,0.00,100.2484,1.0000
12679590.0,7145.937110,31831.868075,38977.805185,6184,0,0.00,100.2672,1.0000
12680183.0,7146.552038,31835.821408,38982.373447,6185,0,0.00,100.2719,1.0000
12680407.0,7146.784322,31837.314742,38984.099063,6186,0,0.00,100.2906,1.0000
12680426.0,7146.804024,31837.441408,38984.245432,6187,0,0.00,100.2953,1.0000
12680497.0,7146.877650,31837.914742,38984.792391,6188,0,0.00,100.3141,1.0000
12680693.0,7147.080898,31839.221408,38986.302306,6189,0,0.00,100.3188,1.0000
12680746.0,7147.135857,31839.574742,38986.710599,6190,0,0.00,100.3359,1.0000
12680911.0,7147.306959,31840.674742,38987.981701,6191,0,0.00,100.3531,1.0000
12681593.0,7148.014179,31845.221408,38993.235587,6192,0,0.00,100.3578,1.0000
12683039.0,7149.513651,31854.861408,39004.375059,6193,0,0.00,100.3625,1.0000
12683430.0,7149.919110,31857.468075,39007.387185,6194,0,0.00,100.3766,1.0000
12684144.0,7150.659513,31862.228075,39012.887588,6195,0,0.00,100.3938,1.0000
12685014.0,7151.561685,31868.028075,39019.589760,6196,0,0.00,100.4109,1.0000
12685084.0,7151.634273,31868.494742,39020.129015,6197,0,0.00,100.4281,1.0000
12685625.0,7152.195279,31872.101408,39024.296687,6198,0,0.00,100.4453,1.0000
12687365.0,7153.999623,31883.701408,39037.701031,6199,0,0.00,100.4953,1.0000
12687526.0,7154.166576,31884.774742,39038.941318,6200,0,0.00,100.5000,1.0000
12687565.0,7154.207018,31885.034742,39039.241760,6201,0,0.00,100.5047,1.0000
12687911.0,7154.565813,31887.341408,39041.907222,6202,0,0.00,100.5094,1.0000
12688167.0,7154.831280,31889.048075,39043.879355,6203,0,0.00,100.5266,1.0000
12688552.0,7155.230517,31891.614742,39046.845259,6204,0,0.00,100.5313,1.0000
12688701.0,7155.385027,31892.608075,39047.993102,6205,0,0.00,100.5359,1.0000
12689300.0,7156.006177,31896.601408,39052.607586,6206,0,0.00,100.5531,1.0000
12689303.0,7156.009288,31896.621408,39052.630697,6207,0,0.00,100.5578,1.0000
12689485.0,7156.198018,31897.834742,39054.032760,6208,0,0.00,100.5828,1.0000
12689914.0,7156.642882,31900.694742,39057.337624,6209,0,0.00,100.5969,1.0000
12690191.0,7156.930126,31902.541408,39059.471534,6210,0,0.00,100.6141,1.0000
12690231.0,7156.971605,31902.808075,39059.779680,6211,0,0.00,100.6391,1.0000
12690581.0,7157.334548,31905.141408,39062.475956,6212,0,0.00,100.6438,1.0000
12690864.0,7157.628013,31907.028075,39064.656088,6213,0,0.00,100.6484,1.0000
12690960.0,7157.727563,31907.668075,39065.395638,6214,0,0.00,100.6656,1.0000
12691397.0,7158.180723,31910.581408,39068.762131,6215,0,0.00,100.6938,1.0000
12691636.0,7158.428561,31912.174742,39070.603302,6216,0,0.00,100.7109,1.0000
12691741.0,7158.537443,31912.874742,39071.412185,6217,0,0.00,100.7172,1.0000
12692206.0,7159.019639,31915.974742,39074.994380,6218,0,0.00,100.7219,1.0000
12692300.0,7159.117115,31916.601408,39075.718523,6219,0,0.00,100.7266,1.0000
12692613.0,7159.441689,31918.688075,39078.129764,6220,0,0.00,100.7328,1.0000
12692705.0,7159.537091,31919.301408,39078.838500,6221,0,0.00,100.7500,1.0000
12692800.0,7159.635604,31919.934742,39079.570346,6222,0,0.00,100.7594,1.0000
12693008.0,7159.851296,31921.321408,39081.172704,6223,0,0.00,100.7875,1.0000
12693782.0,7160.653918,31926.481408,39087.135326,6224,0,0.00,100.8000,1.0000
12693978.0,7160.857166,31927.788075,39088.645241,6225,0,0.00,100.8172,1.0000
12694520.0,7161.419209,31931.401408,39092.820617,6226,0,0.00,100.8219,1.0000
12694521.0,7161.420245,31931.408075,39092.828320,6227,0,0.00,100.8266,1.0000
12694527.0,7161.426467,31931.448075,39092.874542,6228,0,0.00,100.8391,1.0000
12694805.0,7161.714748,31933.301408,39095.016156,6229,0,0.00,100.8578,1.0000
12694892.0,7161.804965,31933.881408,39095.686373,6230,0,0.00,100.8766,1.0000
12695124.0,7162.045544,31935.428075,39097.473619,6231,0,0.00,100.8938,1.0000
12695496.0,7162.431300,31937.908075,39100.339375,6232,0,0.00,100.9109,1.0000
12695902.0,7162.852314,31940.614742,39103.467055,6233,0,0.00,100.9297,1.0000
12696072.0,7163.028600,31941.748075,39104.776675,6234,0,0.00,100.9469,1.0000
12696455.0,7163.425763,31944.301408,39107.727172,6235,0,0.00,100.9656,1.0000
12696716.0,7163.696415,31946.041408,39109.737823,6236,0,0.00,100.9703,1.0000
12696859.0,7163.844703,31946.994742,39110.839444,6237,0,0.00,100.9891,1.0000
12696934.0,7163.922476,31947.494742,39111.417218,6238,0,0.00,101.0078,1.0000
12696992.0,7163.982621,31947.881408,39111.864029,6239,0,0.00,101.0250,1.0000
12696995.0,7163.985732,31947.901408,39111.887140,6240,0,0.00,101.0422,1.0000
12697224.0,7164.223200,31949.428075,39113.651275,6241,0,0.00,101.0469,1.0000
12697262.0,7164.262605,31949.681408,39113.944014,6242,0,0.00,101.0641,1.0000
12697388.0,7164.393265,31950.521408,39114.914673,6243,0,0.00,101.0688,1.0000
12697409.0,7164.415041,31950.661408,39115.076450,6244,0,0.00,101.0734,1.0000
12697409.0,7164.415041,31950.661408,39115.076450,6245,0,0.00,101.0781,1.0000
12697628.0,7164.642140,31952.121408,39116.763548,6246,0,0.00,101.0953,1.0000
12697699.0,7164.715765,31952.594742,39117.310507,6247,0,0.00,101.1234,1.0000
12698004.0,7165.032044,31954.628075,39119.660119,6248,0,0.00,101.1281,1.0000
12698115.0,7165.147149,31955.368075,39120.515224,6249,0,0.00,101.1453,1.0000
12698247.0,7165.284030,31956.248075,39121.532105,6250,0,0.00,101.1625,1.0000
12698502.0,7165.548460,31957.948075,39123.496535,6251,0,0.00,101.1672,1.0000
12698776.0,7165.832592,31959.774742,39125.607334,6252,0,0.00,101.1844,1.0000
12699423.0,7166.503517,31964.088075,39130.591592,6253,0,0.00,101.2016,1.0000
12699635.0,7166.723357,31965.501408,39132.224765,6254,0,0.00,101.2203,1.0000
12699697.0,7166.787650,31965.914742,39132.702391,6255,0,0.00,101.2391,1.0000
12699766.0,7166.859201,31966.374742,39133.233943,6256,0,0.00,101.2578,1.0000
12699989.0,7167.090448,31967.861408,39134.951856,6257,0,0.00,101.2750,1.0000
12700511.0,7167.631751,31971.341408,39138.973159,6258,0,0.00,101.2797,1.0000
12700534.0,7167.655601,31971.494742,39139.150343,6259,0,0.00,101.2984,1.0000
12700571.0,7167.693969,31971.741408,39139.435378,6260,0,0.00,101.3156,1.0000
12700799.0,7167.930401,31973.261408,39141.191809,6261,0,0.00,101.3328,1.0000
12700973.0,7168.110835,31974.421408,39142.532243,6262,0,0.00,101.3516,1.0000
12700980.0,7168.118094,31974.468075,39142.586169,6263,0,0.00,101.3797,1.0000
12701034.0,7168.174091,31974.828075,39143.002166,6264,0,0.00,101.4297,1.0000
12701035.0,7168.175128,31974.834742,39143.009869,6265,0,0.00,101.4797,1.0000
12701642.0,7168.804574,31978.881408,39147.685982,6266,0,0.00,101.4859,1.0000
12701775.0,7168.942492,31979.768075,39148.710567,6267,0,0.00,101.4984,1.0000
12701982.0,7169.157147,31981.148075,39150.305222,6268,0,0.00,101.5000,1.0000
12702195.0,7169.378024,31982.568075,39151.946099,6269,0,0.00,101.5016,1.0000
12702205.0,7169.388393,31982.634742,39152.023135,6270,0,0.00,101.5188,1.0000
12702258.0,7169.443353,31982.988075,39152.431428,6271,0,0.00,101.5359,1.0000
12702385.0,7169.575050,31983.834742,39153.409791,6272,0,0.00,101.5641,1.0000
12702488.0,7169.681859,31984.521408,39154.203267,6273,0,0.00,101.5828,1.0000
12702491.0,7169.684969,31984.541408,39154.226378,6274,0,0.00,101.5953,1.0000
12702537.0,7169.732670,31984.848075,39154.580745,6275,0,0.00,101.6453,1.0000
12702610.0,7169.808370,31985.334742,39155.143112,6276,0,0.00,101.6641,1.0000
12703486.0,7170.716764,31991.174742,39161.891505,6277,0,0.00,101.6688,1.0000
12703623.0,7170.858830,31992.088075,39162.946905,6278,0,0.00,101.6734,1.0000
12703679.0,7170.916901,31992.461408,39163.378309,6279,0,0.00,101.6906,1.0000
12703999.0,7171.248734,31994.594742,39165.843476,6280,0,0.00,101.7141,1.0000
12704008.0,7171.258067,31994.654742,39165.912809,6281,0,0.00,101.7328,1.0000
12704054.0,7171.305768,31994.961408,39166.267176,6282,0,0.00,101.7516,1.0000
12704434.0,7171.699820,31997.494742,39169.194562,6283,0,0.00,101.7797,1.0000
12704508.0,7171.776556,31997.988075,39169.764631,6284,0,0.00,101.7984,1.0000
12704589.0,7171.860552,31998.528075,39170.388627,6285,0,0.00,101.8172,1.0000
12704782.0,7172.060689,31999.814742,39171.875430,6286,0,0.00,101.8359,1.0000
12704913.0,7172.196533,32000.688075,39172.884608,6287,0,0.00,101.8859,1.0000
12706453.0,7173.793481,32010.954742,39184.748223,6288,0,0.00,101.8906,1.0000
12707286.0,7174.657285,32016.508075,39191.165360,6289,0,0.00,101.9406,1.0000
12707288.0,7174.659359,32016.521408,39191.180767,6290,0,0.00,101.9906,1.0000
12707288.0,7174.659359,32016.521408,39191.180767,6291,0,0.00,102.0406,1.0000
12707288.0,7174.659359,32016.521408,39191.180767,6292,0,0.00,102.0906,1.0000
12707320.0,7174.692542,32016.734742,39191.427284,6293,0,0.00,102.0953,1.0000
12707649.0,7175.033708,32018.928075,39193.961783,6294,0,0.00,102.1141,1.0000
12707651.0,7175.035782,32018.941408,39193.977190,6295,0,0.00,102.1328,1.0000
12707656.0,7175.040967,32018.974742,39194.015709,6296,0,0.00,102.1516,1.0000
12707797.0,7175.187181,32019.914742,39195.101923,6297,0,0.00,102.1688,1.0000
12708393.0,7175.805220,32023.888075,39199.693295,6298,0,0.00,102.1859,1.0000
12708721.0,7176.145350,32026.074742,39202.220091,6299,0,0.00,102.2141,1.0000
12708723.0,7176.147424,32026.088075,39202.235499,6300,0,0.00,102.2313,1.0000
12708807.0,7176.234530,32026.648075,39202.882605,6301,0,0.00,102.2594,1.0000
12708975.0,7176.408742,32027.768075,39204.176817,6302,0,0.00,102.2781,1.0000
12710111.0,7177.586751,32035.341408,39212.928159,6303,0,0.00,102.2906,1.0000
12710280.0,7177.762000,32036.468075,39214.230075,6304,0,0.00,102.3188,1.0000
12710826.0,7178.328191,32040.108075,39218.436266,6305,0,0.00,102.3234,1.0000
12710902.0,7178.407001,32040.614742,39219.021743,6306,0,0.00,102.3281,1.0000
12711818.0,7179.356874,32046.721408,39226.078282,6307,0,0.00,102.3328,1.0000
12711905.0,7179.447091,32047.301408,39226.748500,6308,0,0.00,102.3516,1.0000
12712058.0,7179.605749,32048.321408,39227.927157,6309,0,0.00,102.3688,1.0000
12712414.0,7179.974914,32050.694742,39230.669655,6310,0,0.00,102.3734,1.0000
12712464.0,7180.026763,32051.028075,39231.054838,6311,0,0.00,102.3922,1.0000
12712654.0,7180.223789,32052.294742,39232.518530,6312,0,0.00,102.4109,1.0000
12712654.0,7180.223789,32052.294742,39232.518530,6313,0,0.00,102.4281,1.0000
12712679.0,7180.249713,32052.461408,39232.711122,6314,0,0.00,102.4328,1.0000
12712750.0,7180.323339,32052.934742,39233.258080,6315,0,0.00,102.4609,1.0000
12713034.0,7180.617841,32054.828075,39235.445916,6316,0,0.00,102.4781,1.0000
12713342.0,7180.937230,32056.881408,39237.818639,6317,0,0.00,102.4844,1.0000
12713342.0,7180.937230,32056.881408,39237.818639,6318,0,0.00,102.4906,1.0000
12713682.0,7181.289803,32059.148075,39240.437878,6319,0,0.00,102.5000,1.0000
12713985.0,7181.604008,32061.168075,39242.772083,6320,0,0.00,102.5125,1.0000
12714018.0,7181.638228,32061.388075,39243.026303,6321,0,0.00,102.5297,1.0000
12714775.0,7182.423222,32066.434742,39248.857963,6322,0,0.00,102.5344,1.0000
12715637.0,7183.317098,32072.181408,39255.498506,6323,0,0.00,102.5516,1.0000
12715759.0,7183.443609,32072.994742,39256.438351,6324,0,0.00,102.5688,1.0000
12715831.0,7183.518272,32073.474742,39256.993013,6325,0,0.00,102.5734,1.0000
12715831.0,7183.518272,32073.474742,39256.993013,6326,0,0.00,102.5906,1.0000
12715832.0,7183.519309,32073.481408,39257.000717,6327,0,0.00,102.6078,1.0000
12715890.0,7183.579453,32073.868075,39257.447528,6328,0,0.00,102.6125,1.0000
12715899.0,7183.588786,32073.928075,39257.516861,6329,0,0.00,102.6172,1.0000
12716496.0,7184.207863,32077.908075,39262.115938,6330,0,0.00,102.6359,1.0000
12717032.0,7184.763684,32081.481408,39266.245092,6331,0,0.00,102.6406,1.0000
12717322.0,7185.064407,32083.414742,39268.479149,6332,0,0.00,102.6578,1.0000
12717323.0,7185.065444,32083.421408,39268.486853,6333,0,0.00,102.6750,1.0000
12717374.0,7185.118330,32083.761408,39268.879739,6334,0,0.00,102.6797,1.0000
12717453.0,7185.200252,32084.288075,39269.488327,6335,0,0.00,102.6969,1.0000
12717776.0,7185.535196,32086.441408,39271.976604,6336,0,0.00,102.7016,1.0000
12718008.0,7185.775775,32087.988075,39273.763850,6337,0,0.00,102.7063,1.0000
12718108.0,7185.879473,32088.654742,39274.534215,6338,0,0.00,102.7203,1.0000
12718232.0,7186.008059,32089.481408,39275.489467,6339,0,0.00,102.7391,1.0000
12719070.0,7186.877047,32095.068075,39281.945122,6340,0,0.00,102.7438,1.0000
12719324.0,7187.140440,32096.761408,39283.901848,6341,0,0.00,102.7609,1.0000
12719380.0,7187.198511,32097.134742,39284.333252,6342,0,0.00,102.7672,1.0000
12719475.0,7187.297024,32097.768075,39285.065099,6343,0,0.00,102.7844,1.0000
12719519.0,7187.342651,32098.061408,39285.404059,6344,0,0.00,102.7891,1.0000
12719679.0,7187.508567,32099.128075,39286.636642,6345,0,0.00,102.8172,1.0000
12720223.0,7188.072684,32102.754742,39290.827426,6346,0,0.00,102.8219,1.0000
12720445.0,7188.302893,32104.234742,39292.537635,6347,0,0.00,102.8266,1.0000
12720635.0,7188.499919,32105.501408,39294.001328,6348,0,0.00,102.8453,1.0000
12720779.0,7188.649244,32106.461408,39295.110653,6349,0,0.00,102.8625,1.0000
12720780.0,7188.650281,32106.468075,39295.118356,6350,0,0.00,102.8797,1.0000
12720783.0,7188.653392,32106.488075,39295.141467,6351,0,0.00,102.8969,1.0000
12720822.0,7188.693835,32106.748075,39295.441910,6352,0,0.00,102.9141,1.0000
12720865.0,7188.738425,32107.034742,39295.773166,6353,0,0.00,102.9313,1.0000
12722522.0,7190.456699,32118.081408,39308.538107,6354,0,0.00,102.9438,1.0000
12722727.0,7190.669280,32119.448075,39310.117355,6355,0,0.00,102.9609,1.0000
12722917.0,7190.866306,32120.714742,39311.581048,6356,0,0.00,102.9656,1.0000
12723416.0,7191.383759,32124.041408,39315.425167,6357,0,0.00,102.9938,1.0000
12723521.0,7191.492641,32124.741408,39316.234050,6358,0,0.00,103.0000,1.0000
12724753.0,7192.770200,32132.954742,39325.724941,6359,0,0.00,103.0172,1.0000
12724760.0,7192.777459,32133.001408,39325.778867,6360,0,0.00,103.0344,1.0000
12724827.0,7192.846936,32133.448075,39326.295011,6361,0,0.00,103.0516,1.0000
12724844.0,7192.864565,32133.561408,39326.425973,6362,0,0.00,103.0688,1.0000
12724869.0,7192.890489,32133.728075,39326.618564,6363,0,0.00,103.0859,1.0000
12724908.0,7192.930931,32133.988075,39326.919006,6364,0,0.00,103.1031,1.0000
12724913.0,7192.936116,32134.021408,39326.957525,6365,0,0.00,103.1203,1.0000
12724952.0,7192.976559,32134.281408,39327.257967,6366,0,0.00,103.1375,1.0000
12724988.0,7193.013890,32134.521408,39327.535298,6367,0,0.00,103.1422,1.0000
12725852.0,7193.909840,32140.281408,39334.191248,6368,0,0.00,103.1438,1.0000
12725915.0,7193.975169,32140.701408,39334.676578,6369,0,0.00,103.1563,1.0000
12726300.0,7194.374406,32143.268075,39337.642481,6370,0,0.00,103.1688,1.0000
12726410.0,7194.488474,32144.001408,39338.489882,6371,0,0.00,103.1969,1.0000
12727467.0,7195.584561,32151.048075,39346.632636,6372,0,0.00,103.2141,1.0000
12727637.0,7195.760848,32152.181408,39347.942256,6373,0,0.00,103.2313,1.0000
12727643.0,7195.767069,32152.221408,39347.988478,6374,0,0.00,103.2359,1.0000
12727716.0,7195.842769,32152.708075,39348.550844,6375,0,0.00,103.2406,1.0000
12727744.0,7195.871804,32152.894742,39348.766546,6376,0,0.00,103.2578,1.0000
12727818.0,7195.948541,32153.388075,39349.336616,6377,0,0.00,103.2750,1.0000
12727848.0,7195.979650,32153.588075,39349.567725,6378,0,0.00,103.2875,1.0000
12727848.0,7195.979650,32153.588075,39349.567725,6379,0,0.00,103.3000,1.0000
12727852.0,7195.983798,32153.614742,39349.598540,6380,0,0.00,103.3125,1.0000
12727861.0,7195.993131,32153.674742,39349.667873,6381,0,0.00,103.3297,1.0000
12728219.0,7196.364369,32156.061408,39352.425778,6382,0,0.00,103.3344,1.0000
12728547.0,7196.704499,32158.248075,39354.952574,6383,0,0.00,103.3391,1.0000
12728796.0,7196.962706,32159.908075,39356.870781,6384,0,0.00,103.3578,1.0000
12728810.0,7196.977224,32160.001408,39356.978632,6385,0,0.00,103.3625,1.0000
12728811.0,7196.978261,32160.008075,39356.986336,6386,0,0.00,103.3672,1.0000
12728887.0,7197.057072,32160.514742,39357.571813,6387,0,0.00,103.3844,1.0000
12729473.0,7197.664741,32164.421408,39362.086150,6388,0,0.00,103.3891,1.0000
12729554.0,7197.748737,32164.961408,39362.710145,6389,0,0.00,103.4063,1.0000
12729924.0,7198.132419,32167.428075,39365.560494,6390,0,0.00,103.4109,1.0000
12731230.0,7199.486714,32176.134742,39375.621455,6391,0,0.00,103.4359,1.0000
12731256.0,7199.513675,32176.308075,39375.821750,6392,0,0.00,103.4547,1.0000
12731529.0,7199.796770,32178.128075,39377.924845,6393,0,0.00,103.5047,1.0000
12731530.0,7199.797807,32178.134742,39377.932549,6394,0,0.00,103.5547,1.0000
12733903.0,7202.258559,32193.954742,39396.213301,6395,0,0.00,103.6047,1.0000
12734639.0,7203.021776,32198.861408,39401.883184,6396,0,0.00,103.6422,1.0000
12736276.0,7204.719311,32209.774742,39414.494052,6397,0,0.00,103.6922,1.0000
12736585.0,7205.039737,32211.834742,39416.874479,6398,0,0.00,103.7391,1.0000
12736950.0,7205.418235,32214.268075,39419.686310,6399,0,0.00,103.7438,1.0000
12737285.0,7205.765623,32216.501408,39422.267031,6400,0,0.00,103.7719,1.0000
12737287.0,7205.767697,32216.514742,39422.282438,6401,0,0.00,103.7766,1.0000
12738367.0,7206.887634,32223.714742,39430.602376,6402,0,0.00,103.7828,1.0000
12738518.0,7207.044218,32224.721408,39431.765626,6403,0,0.00,103.8203,1.0000
12739533.0,7208.096752,32231.488075,39439.584827,6404,0,0.00,103.8250,1.0000
12739688.0,7208.257484,32232.521408,39440.778892,6405,0,0.00,103.8297,1.0000
12740922.0,7209.537116,32240.748075,39450.285191,6406,0,0.00,103.8578,1.0000
12740935.0,7209.550597,32240.834742,39450.385338,6407,0,0.00,103.8625,1.0000
12741867.0,7210.517061,32247.048075,39457.565136,6408,0,0.00,103.8750,1.0000
12744585.0,7213.335570,32265.168075,39478.503645,6409,0,0.00,103.9688,1.0000
12745598.0,7214.386030,32271.921408,39486.307439,6410,0,0.00,103.9750,1.0000
12746031.0,7214.835042,32274.808075,39489.643117,6411,0,0.00,104.0688,1.0000
12746451.0,7215.270574,32277.608075,39492.878649,6412,0,0.00,104.0734,1.0000
12747693.0,7216.558502,32285.888075,39502.446577,6413,0,0.00,104.0922,1.0000
12747693.0,7216.558502,32285.888075,39502.446577,6414,0,0.00,104.1109,1.0000
12747923.0,7216.797007,32287.421408,39504.218415,6415,0,0.00,104.1609,1.0000
12750317.0,7219.279535,32303.381408,39522.660943,6416,0,0.00,104.2109,1.0000
12750792.0,7219.772100,32306.548075,39526.320175,6417,0,0.00,104.2344,1.0000
12752009.0,7221.034104,32314.661408,39535.695512,6418,0,0.00,104.2391,1.0000
12753278.0,7222.350030,32323.121408,39545.471439,6419,0,0.00,104.2891,1.0000
12753728.0,7222.816671,32326.121408,39548.938079,6420,0,0.00,104.3266,1.0000
12754163.0,7223.267757,32329.021408,39552.289165,6421,0,0.00,104.3766,1.0000
12754705.0,7223.829800,32332.634742,39556.464541,6422,0,0.00,104.4266,1.0000
12756372.0,7225.558444,32343.748075,39569.306519,6423,0,0.00,104.4328,1.0000
12756587.0,7225.781394,32345.181408,39570.962803,6424,0,0.00,104.4609,1.0000
12756840.0,7226.043750,32346.868075,39572.911825,6425,0,0.00,104.4734,1.0000
12756845.0,7226.048935,32346.901408,39572.950343,6426,0,0.00,104.4859,1.0000
12756851.0,7226.055157,32346.941408,39572.996565,6427,0,0.00,104.4984,1.0000
12756858.0,7226.062416,32346.988075,39573.050491,6428,0,0.00,104.5109,1.0000
12758421.0,7227.683214,32357.408075,39585.091289,6429,0,0.00,104.6047,1.0000
12759287.0,7228.581238,32363.181408,39591.762647,6430,0,0.00,104.6219,1.0000
12759334.0,7228.629976,32363.494742,39592.124718,6431,0,0.00,104.6391,1.0000
12759344.0,7228.640346,32363.561408,39592.201754,6432,0,0.00,104.6516,1.0000
12759426.0,7228.725378,32364.108075,39592.833453,6433,0,0.00,104.6688,1.0000
12759616.0,7228.922404,32365.374742,39594.297146,6434,0,0.00,104.6734,1.0000
12759669.0,7228.977364,32365.728075,39594.705439,6435,0,0.00,104.6922,1.0000
12759742.0,7229.053064,32366.214742,39595.267805,6436,0,0.00,104.6969,1.0000
12760137.0,7229.462670,32368.848075,39598.310745,6437,0,0.00,104.7016,1.0000
12760187.0,7229.514519,32369.181408,39598.695928,6438,0,0.00,104.7063,1.0000
12760208.0,7229.536296,32369.321408,39598.857704,6439,0,0.00,104.7109,1.0000
12760254.0,7229.583997,32369.628075,39599.212072,6440,0,0.00,104.7609,1.0000
12760373.0,7229.707398,32370.421408,39600.128806,6441,0,0.00,104.7656,1.0000
12760407.0,7229.742655,32370.648075,39600.390730,6442,0,0.00,104.7828,1.0000
12760482.0,7229.820428,32371.148075,39600.968503,6443,0,0.00,104.8000,1.0000
12760627.0,7229.970790,32372.114742,39602.085532,6444,0,0.00,104.8172,1.0000
12761181.0,7230.545277,32375.808075,39606.353352,6445,0,0.00,104.8219,1.0000
12761193.0,7230.557720,32375.888075,39606.445795,6446,0,0.00,104.8391,1.0000
12761196.0,7230.560831,32375.908075,39606.468906,6447,0,0.00,104.8516,1.0000
12761231.0,7230.597126,32376.141408,39606.738534,6448,0,0.00,104.8688,1.0000
12762035.0,7231.430857,32381.501408,39612.932265,6449,0,0.00,104.8734,1.0000
12762468.0,7231.879869,32384.388075,39616.267944,6450,0,0.00,104.8797,1.0000
12763127.0,7232.563238,32388.781408,39621.344647,6451,0,0.00,104.8844,1.0000
12763127.0,7232.563238,32388.781408,39621.344647,6452,0,0.00,104.8891,1.0000
12763128.0,7232.564275,32388.788075,39621.352350,6453,0,0.00,104.8938,1.0000
12763536.0,7232.987363,32391.508075,39624.495438,6454,0,0.00,104.9109,1.0000
12763538.0,7232.989437,32391.521408,39624.510845,6455,0,0.00,104.9234,1.0000
12763734.0,7233.192685,32392.828075,39626.020760,6456,0,0.00,104.9484,1.0000
12763803.0,7233.264236,32393.288075,39626.552311,6457,0,0.00,104.9859,1.0000
12763815.0,7233.276680,32393.368075,39626.644755,6458,0,0.00,104.9906,1.0000
12763897.0,7233.361712,32393.914742,39627.276454,6459,0,0.00,105.0078,1.0000
12764618.0,7234.109374,32398.721408,39632.830782,6460,0,0.00,105.0250,1.0000
12764760.0,7234.256625,32399.668075,39633.924700,6461,0,0.00,105.0375,1.0000
12764980.0,7234.484761,32401.134742,39635.619502,6462,0,0.00,105.0438,1.0000
12765409.0,7234.929625,32403.994742,39638.924366,6463,0,0.00,105.0625,1.0000
12765714.0,7235.245903,32406.028075,39641.273978,6464,0,0.00,105.0641,1.0000
12765722.0,7235.254199,32406.081408,39641.335607,6465,0,0.00,105.1141,1.0000
12765748.0,7235.281161,32406.254742,39641.535902,6466,0,0.00,105.1188,1.0000
12765960.0,7235.501000,32407.668075,39643.169075,6467,0,0.00,105.1234,1.0000
12766167.0,7235.715655,32409.048075,39644.763730,6468,0,0.00,105.1406,1.0000
12766168.0,7235.716692,32409.054742,39644.771434,6469,0,0.00,105.1578,1.0000
12766375.0,7235.931347,32410.434742,39646.366088,6470,0,0.00,105.1750,1.0000
12766382.0,7235.938605,32410.481408,39646.420014,6471,0,0.00,105.1922,1.0000
12766386.0,7235.942753,32410.508075,39646.450828,6472,0,0.00,105.2094,1.0000
12766495.0,7236.055784,32411.234742,39647.290526,6473,0,0.00,105.2141,1.0000
12767041.0,7236.621975,32414.874742,39651.496716,6474,0,0.00,105.2313,1.0000
12767308.0,7236.898848,32416.654742,39653.553590,6475,0,0.00,105.2563,1.0000
12767571.0,7237.171574,32418.408075,39655.579649,6476,0,0.00,105.2938,1.0000
12767665.0,7237.269050,32419.034742,39656.303791,6477,0,0.00,105.3219,1.0000
12767730.0,7237.336453,32419.468075,39656.804528,6478,0,0.00,105.3391,1.0000
12767779.0,7237.387265,32419.794742,39657.182007,6479,0,0.00,105.3438,1.0000
12767914.0,7237.527257,32420.694742,39658.221999,6480,0,0.00,105.3609,1.0000
12767918.0,7237.531405,32420.721408,39658.252814,6481,0,0.00,105.3781,1.0000
12767922.0,7237.535553,32420.748075,39658.283628,6482,0,0.00,105.3953,1.0000
12767965.0,7237.580143,32421.034742,39658.614885,6483,0,0.00,105.4125,1.0000
12768034.0,7237.651695,32421.494742,39659.146437,6484,0,0.00,105.4188,1.0000
12768679.0,7238.320547,32425.794742,39664.115288,6485,0,0.00,105.4359,1.0000
12768979.0,7238.631640,32427.794742,39666.426382,6486,0,0.00,105.4406,1.0000
12769053.0,7238.708377,32428.288075,39666.996452,6487,0,0.00,105.4594,1.0000
12769332.0,7238.997694,32430.148075,39669.145769,6488,0,0.00,105.4641,1.0000
12769377.0,7239.044358,32430.448075,39669.492433,6489,0,0.00,105.4813,1.0000
12769693.0,7239.372043,32432.554742,39671.926785,6490,0,0.00,105.4984,1.0000
12769779.0,7239.461224,32433.128075,39672.589299,6491,0,0.00,105.5031,1.0000
12770018.0,7239.709062,32434.721408,39674.430470,6492,0,0.00,105.5219,1.0000
12770216.0,7239.914384,32436.041408,39675.955792,6493,0,0.00,105.5500,1.0000
12770272.0,7239.972454,32436.414742,39676.387196,6494,0,0.00,105.5563,1.0000
12770555.0,7240.265919,32438.301408,39678.567328,6495,0,0.00,105.5750,1.0000
12770958.0,7240.683822,32440.988075,39681.671897,6496,0,0.00,105.5813,1.0000
12771007.0,7240.734634,32441.314742,39682.049376,6497,0,0.00,105.5984,1.0000
12771766.0,7241.521701,32446.374742,39687.896443,6498,0,0.00,105.6031,1.0000
12771767.0,7241.522738,32446.381408,39687.904147,6499,0,0.00,105.6156,1.0000
12771919.0,7241.680359,32447.394742,39689.075101,6500,0,0.00,105.6438,1.0000
12772422.0,7242.201960,32450.748075,39692.950035,6501,0,0.00,105.6688,1.0000
12772608.0,7242.394838,32451.988075,39694.382913,6502,0,0.00,105.6859,1.0000
12772610.0,7242.396912,32452.001408,39694.398320,6503,0,0.00,105.6906,1.0000
12772873.0,7242.669637,32453.754742,39696.424379,6504,0,0.00,105.7078,1.0000
12773104.0,7242.909179,32455.294742,39698.203921,6505,0,0.00,105.7125,1.0000
12773293.0,7243.105168,32456.554742,39699.659910,6506,0,0.00,105.7266,1.0000
12773350.0,7243.164276,32456.934742,39700.099018,6507,0,0.00,105.7313,1.0000
12773483.0,7243.302194,32457.821408,39701.123603,6508,0,0.00,105.7359,1.0000
12773623.0,7243.447372,32458.754742,39702.202113,6509,0,0.00,105.7531,1.0000
12773786.0,7243.616399,32459.841408,39703.457807,6510,0,0.00,105.7703,1.0000
12773787.0,7243.617436,32459.848075,39703.465511,6511,0,0.00,105.7875,1.0000
12773792.0,7243.622621,32459.881408,39703.504029,6512,0,0.00,105.8047,1.0000
12773801.0,7243.631954,32459.941408,39703.573362,6513,0,0.00,105.8219,1.0000
12773840.0,7243.672396,32460.201408,39703.873804,6514,0,0.00,105.8391,1.0000
12773929.0,7243.764687,32460.794742,39704.559429,6515,0,0.00,105.8563,1.0000
12774081.0,7243.922308,32461.808075,39705.730383,6516,0,0.00,105.8734,1.0000
12774083.0,7243.924382,32461.821408,39705.745790,6517,0,0.00,105.8906,1.0000
12774112.0,7243.954454,32462.014742,39705.969196,6518,0,0.00,105.9078,1.0000
12774275.0,7244.123482,32463.101408,39707.224890,6519,0,0.00,105.9203,1.0000
12774816.0,7244.684488,32466.708075,39711.392563,6520,0,0.00,105.9453,1.0000
12775123.0,7245.002840,32468.754742,39713.757582,6521,0,0.00,105.9703,1.0000
12775740.0,7245.642656,32472.868075,39718.510731,6522,0,0.00,105.9750,1.0000
12776091.0,7246.006636,32475.208075,39721.214711,6523,0,0.00,105.9797,1.0000
12776250.0,7246.171516,32476.268075,39722.439591,6524,0,0.00,105.9938,1.0000
12776669.0,7246.606010,32479.061408,39725.667418,6525,0,0.00,106.0109,1.0000
12776671.0,7246.608084,32479.074742,39725.682826,6526,0,0.00,106.0391,1.0000
12776690.0,7246.627787,32479.201408,39725.829195,6527,0,0.00,106.0438,1.0000
12776823.0,7246.765705,32480.088075,39726.853780,6528,0,0.00,106.0609,1.0000
12776835.0,7246.778149,32480.168075,39726.946224,6529,0,0.00,106.0656,1.0000
12777190.0,7247.146276,32482.534742,39729.681018,6530,0,0.00,106.0703,1.0000
12777510.0,7247.478110,32484.668075,39732.146185,6531,0,0.00,106.0875,1.0000
12777558.0,7247.527885,32484.988075,39732.515960,6532,0,0.00,106.0922,1.0000
12777769.0,7247.746687,32486.394742,39734.141429,6533,0,0.00,106.1094,1.0000
12777777.0,7247.754983,32486.448075,39734.203058,6534,0,0.00,106.1141,1.0000
12777824.0,7247.803721,32486.761408,39734.565129,6535,0,0.00,106.1313,1.0000
12778137.0,7248.128295,32488.848075,39736.976370,6536,0,0.00,106.1359,1.0000
12778303.0,7248.300434,32489.954742,39738.255176,6537,0,0.00,106.1406,1.0000
12778362.0,7248.361616,32490.348075,39738.709691,6538,0,0.00,106.1453,1.0000
12778412.0,7248.413465,32490.681408,39739.094873,6539,0,0.00,106.1625,1.0000
12778466.0,7248.469462,32491.041408,39739.510870,6540,0,0.00,106.1672,1.0000
12778720.0,7248.732854,32492.734742,39741.467596,6541,0,0.00,106.1719,1.0000
12779479.0,7249.519922,32497.794742,39747.314663,6542,0,0.00,106.1906,1.0000
12779544.0,7249.587325,32498.228075,39747.815400,6543,0,0.00,106.2156,1.0000
12779593.0,7249.638137,32498.554742,39748.192879,6544,0,0.00,106.2328,1.0000
12779606.0,7249.651618,32498.641408,39748.293026,6545,0,0.00,106.2375,1.0000
12779768.0,7249.819609,32499.721408,39749.541017,6546,0,0.00,106.2547,1.0000
12780526.0,7250.605639,32504.774742,39755.380380,6547,0,0.00,106.2594,1.0000
12780597.0,7250.679264,32505.248075,39755.927339,6548,0,0.00,106.2766,1.0000
12780706.0,7250.792295,32505.974742,39756.767037,6549,0,0.00,106.2813,1.0000
12780965.0,7251.060873,32507.701408,39758.762281,6550,0,0.00,106.2984,1.0000
12781038.0,7251.136572,32508.188075,39759.324647,6551,0,0.00,106.3031,1.0000
12781242.0,7251.348116,32509.548075,39760.896191,6552,0,0.00,106.3156,1.0000
12781461.0,7251.575214,32511.008075,39762.583289,6553,0,0.00,106.3203,1.0000
12781794.0,7251.920528,32513.228075,39765.148603,6554,0,0.00,106.3328,1.0000
12781826.0,7251.953712,32513.441408,39765.395120,6555,0,0.00,106.3375,1.0000
12781958.0,7252.090593,32514.321408,39766.412001,6556,0,0.00,106.3547,1.0000
12782008.0,7252.142442,32514.654742,39766.797184,6557,0,0.00,106.3594,1.0000
12782550.0,7252.704485,32518.268075,39770.972560,6558,0,0.00,106.3875,1.0000
12782868.0,7253.034244,32520.388075,39773.422319,6559,0,0.00,106.4047,1.0000
12782927.0,7253.095426,32520.781408,39773.876834,6560,0,0.00,106.4219,1.0000
12783406.0,7253.592139,32523.974742,39777.566880,6561,0,0.00,106.4391,1.0000
12783712.0,7253.909454,32526.014742,39779.924196,6562,0,0.00,106.4438,1.0000
12783808.0,7254.009004,32526.654742,39780.663746,6563,0,0.00,106.4609,1.0000
12784066.0,7254.276545,32528.374742,39782.651287,6564,0,0.00,106.4656,1.0000
12784361.0,7254.582454,32530.341408,39784.923862,6565,0,0.00,106.4719,1.0000
12784501.0,7254.727631,32531.274742,39786.002373,6566,0,0.00,106.4766,1.0000
12784713.0,7254.947470,32532.688075,39787.635545,6567,0,0.00,106.4938,1.0000
12784783.0,7255.020059,32533.154742,39788.174801,6568,0,0.00,106.4984,1.0000
12784847.0,7255.086426,32533.581408,39788.667834,6569,0,0.00,106.5031,1.0000
12785187.0,7255.438999,32535.848075,39791.287074,6570,0,0.00,106.5203,1.0000
12785192.0,7255.444184,32535.881408,39791.325592,6571,0,0.00,106.5375,1.0000
12785276.0,7255.531290,32536.441408,39791.972698,6572,0,0.00,106.5547,1.0000
12785374.0,7255.632914,32537.094742,39792.727655,6573,0,0.00,106.5609,1.0000
12785377.0,7255.636025,32537.114742,39792.750766,6574,0,0.00,106.5781,1.0000
12785425.0,7255.685800,32537.434742,39793.120541,6575,0,0.00,106.6063,1.0000
12785576.0,7255.842384,32538.441408,39794.283792,6576,0,0.00,106.6109,1.0000
12785635.0,7255.903565,32538.834742,39794.738307,6577,0,0.00,106.6234,1.0000
12785902.0,7256.180439,32540.614742,39796.795180,6578,0,0.00,106.6281,1.0000
12785913.0,7256.191845,32540.688075,39796.879920,6579,0,0.00,106.6328,1.0000
12785918.0,7256.197030,32540.721408,39796.918439,6580,0,0.00,106.6500,1.0000
12785926.0,7256.205326,32540.774742,39796.980068,6581,0,0.00,106.6547,1.0000
12785960.0,7256.240584,32541.001408,39797.241992,6582,0,0.00,106.6594,1.0000
12785961.0,7256.241620,32541.008075,39797.249695,6583,0,0.00,106.6719,1.0000
12786353.0,7256.648116,32543.621408,39800.269525,6584,0,0.00,106.7000,1.0000
12786844.0,7257.157273,32546.894742,39804.052015,6585,0,0.00,106.7125,1.0000
12786902.0,7257.217418,32547.281408,39804.498826,6586,0,0.00,106.7172,1.0000
12786955.0,7257.272378,32547.634742,39804.907119,6587,0,0.00,106.7344,1.0000
12787507.0,7257.844790,32551.314742,39809.159532,6588,0,0.00,106.7484,1.0000
12787667.0,7258.010707,32552.381408,39810.392115,6589,0,0.00,106.7625,1.0000
12787813.0,7258.162106,32553.354742,39811.516848,6590,0,0.00,106.7672,1.0000
12787897.0,7258.249212,32553.914742,39812.163954,6591,0,0.00,106.7719,1.0000
12788031.0,7258.388167,32554.808075,39813.196242,6592,0,0.00,106.7781,1.0000
12788080.0,7258.438979,32555.134742,39813.573721,6593,0,0.00,106.7953,1.0000
12788080.0,7258.438979,32555.134742,39813.573721,6594,0,0.00,106.8094,1.0000
12788157.0,7258.518827,32555.648075,39814.166902,6595,0,0.00,106.8141,1.0000
12788548.0,7258.924286,32558.254742,39817.179027,6596,0,0.00,106.8203,1.0000
12788577.0,7258.954358,32558.448075,39817.402433,6597,0,0.00,106.8250,1.0000
12788598.0,7258.976135,32558.588075,39817.564210,6598,0,0.00,106.8422,1.0000
12788687.0,7259.068426,32559.181408,39818.249834,6599,0,0.00,106.8594,1.0000
12788697.0,7259.078795,32559.248075,39818.326870,6600,0,0.00,106.8766,1.0000
12788759.0,7259.143088,32559.661408,39818.804497,6601,0,0.00,106.8813,1.0000
12789137.0,7259.535066,32562.181408,39821.716475,6602,0,0.00,106.9094,1.0000
12789177.0,7259.576545,32562.448075,39822.024620,6603,0,0.00,106.9266,1.0000
12789272.0,7259.675059,32563.081408,39822.756467,6604,0,0.00,106.9313,1.0000
12789473.0,7259.883491,32564.421408,39824.304900,6605,0,0.00,106.9453,1.0000
12789516.0,7259.928081,32564.708075,39824.636156,6606,0,0.00,106.9594,1.0000
12789561.0,7259.974745,32565.008075,39824.982820,6607,0,0.00,106.9766,1.0000
12789684.0,7260.102294,32565.828075,39825.930369,6608,0,0.00,106.9906,1.0000
12790216.0,7260.653967,32569.374742,39830.028709,6609,0,0.00,106.9953,1.0000
12790302.0,7260.743147,32569.948075,39830.691222,6610,0,0.00,107.0078,1.0000
12790364.0,7260.807440,32570.361408,39831.168848,6611,0,0.00,107.0125,1.0000
12790778.0,7261.236749,32573.121408,39834.358157,6612,0,0.00,107.0172,1.0000
12790861.0,7261.322818,32573.674742,39834.997560,6613,0,0.00,107.0219,1.0000
12790868.0,7261.330077,32573.721408,39835.051486,6614,0,0.00,107.0266,1.0000
12790943.0,7261.407851,32574.221408,39835.629259,6615,0,0.00,107.0547,1.0000
12791053.0,7261.521918,32574.954742,39836.476660,6616,0,0.00,107.0594,1.0000
12791442.0,7261.925303,32577.548075,39839.473378,6617,0,0.00,107.0734,1.0000
12791468.0,7261.952265,32577.721408,39839.673673,6618,0,0.00,107.0781,1.0000
12791932.0,7262.433423,32580.814742,39843.248165,6619,0,0.00,107.0828,1.0000
12791937.0,7262.438608,32580.848075,39843.286683,6620,0,0.00,107.0969,1.0000
12791939.0,7262.440682,32580.861408,39843.302090,6621,0,0.00,107.1188,1.0000
12792815.0,7263.349076,32586.701408,39850.050484,6622,0,0.00,107.1359,1.0000
12792844.0,7263.379148,32586.894742,39850.273890,6623,0,0.00,107.1406,1.0000
12792900.0,7263.437219,32587.268075,39850.705294,6624,0,0.00,107.1578,1.0000
12792904.0,7263.441367,32587.294742,39850.736109,6625,0,0.00,107.1750,1.0000
12792976.0,7263.516029,32587.774742,39851.290771,6626,0,0.00,107.1922,1.0000
12793183.0,7263.730684,32589.154742,39852.885426,6627,0,0.00,107.1969,1.0000
12793415.0,7263.971263,32590.701408,39854.672672,6628,0,0.00,107.2016,1.0000
12793533.0,7264.093627,32591.488075,39855.581702,6629,0,0.00,107.2188,1.0000
12793704.0,7264.270950,32592.628075,39856.899025,6630,0,0.00,107.2234,1.0000
12793744.0,7264.312429,32592.894742,39857.207171,6631,0,0.00,107.2281,1.0000
12793976.0,7264.553009,32594.441408,39858.994417,6632,0,0.00,107.2328,1.0000
12793983.0,7264.560267,32594.488075,39859.048342,6633,0,0.00,107.2375,1.0000
12794058.0,7264.638041,32594.988075,39859.626116,6634,0,0.00,107.2547,1.0000
12794446.0,7265.040389,32597.574742,39862.615130,6635,0,0.00,107.3047,1.0000
12794446.0,7265.040389,32597.574742,39862.615130,6636,0,0.00,107.3547,1.0000
12794736.0,7265.341113,32599.508075,39864.849188,6637,0,0.00,107.3734,1.0000
12794844.0,7265.453106,32600.228075,39865.681181,6638,0,0.00,107.3781,1.0000
12794953.0,7265.566137,32600.954742,39866.520879,6639,0,0.00,107.3844,1.0000
12795482.0,7266.114699,32604.481408,39870.596107,6640,0,0.00,107.3891,1.0000
12796050.0,7266.703703,32608.268075,39874.971778,6641,0,0.00,107.3938,1.0000
12796636.0,7267.311373,32612.174742,39879.486115,6642,0,0.00,107.4000,1.0000
12796756.0,7267.435811,32612.974742,39880.410552,6643,0,0.00,107.4047,1.0000
12797381.0,7268.083923,32617.141408,39885.225331,6644,0,0.00,107.4141,1.0000
12798185.0,7268.917654,32622.501408,39891.419062,6645,0,0.00,107.4156,1.0000
12798397.0,7269.137493,32623.914742,39893.052235,6646,0,0.00,107.4328,1.0000
12798459.0,7269.201786,32624.328075,39893.529861,6647,0,0.00,107.4375,1.0000
12798481.0,7269.224600,32624.474742,39893.699341,6648,0,0.00,107.4547,1.0000
12798640.0,7269.389479,32625.534742,39894.924221,6649,0,0.00,107.4563,1.0000
12798887.0,7269.645613,32627.181408,39896.827022,6650,0,0.00,107.4734,1.0000
12799060.0,7269.825011,32628.334742,39898.159752,6651,0,0.00,107.4906,1.0000
12799101.0,7269.867527,32628.608075,39898.475602,6652,0,0.00,107.4953,1.0000
12799187.0,7269.956707,32629.181408,39899.138115,6653,0,0.00,107.5000,1.0000
12799372.0,7270.148548,32630.414742,39900.563290,6654,0,0.00,107.5047,1.0000
12799404.0,7270.181731,32630.628075,39900.809806,6655,0,0.00,107.5094,1.0000
12799447.0,7270.226322,32630.914742,39901.141063,6656,0,0.00,107.5266,1.0000
12799684.0,7270.472086,32632.494742,39902.966827,6657,0,0.00,107.5313,1.0000
12799684.0,7270.472086,32632.494742,39902.966827,6658,0,0.00,107.5484,1.0000
12799730.0,7270.519787,32632.801408,39903.321195,6659,0,0.00,107.5531,1.0000
12799737.0,7270.527045,32632.848075,39903.375120,6660,0,0.00,107.5578,1.0000
12799943.0,7270.740663,32634.221408,39904.962072,6661,0,0.00,107.5625,1.0000
12799970.0,7270.768662,32634.401408,39905.170070,6662,0,0.00,107.5672,1.0000
12800410.0,7271.224932,32637.334742,39908.559674,6663,0,0.00,107.5719,1.0000
12800682.0,7271.506991,32639.148075,39910.655066,6664,0,0.00,107.5766,1.0000
12801448.0,7272.301317,32644.254742,39916.556059,6665,0,0.00,107.5938,1.0000
12801624.0,7272.483825,32645.428075,39917.911900,6666,0,0.00,107.6313,1.0000
12801676.0,7272.537748,32645.774742,39918.312490,6667,0,0.00,107.6484,1.0000
12801732.0,7272.595819,32646.148075,39918.743894,6668,0,0.00,107.6656,1.0000
12801795.0,7272.661149,32646.568075,39919.229224,6669,0,0.00,107.6703,1.0000
12801886.0,7272.755514,32647.174742,39919.930255,6670,0,0.00,107.6750,1.0000
12802116.0,7272.994019,32648.708075,39921.702094,6671,0,0.00,107.6922,1.0000
12802171.0,7273.051053,32649.074742,39922.125794,6672,0,0.00,107.7094,1.0000
12802242.0,7273.124678,32649.548075,39922.672753,6673,0,0.00,107.7344,1.0000
12802410.0,7273.298891,32650.668075,39923.966966,6674,0,0.00,107.7391,1.0000
12802809.0,7273.712645,32653.328075,39927.040720,6675,0,0.00,107.7563,1.0000
12802810.0,7273.713682,32653.334742,39927.048424,6676,0,0.00,107.7734,1.0000
12803119.0,7274.034109,32655.394742,39929.428851,6677,0,0.00,107.7781,1.0000
12803142.0,7274.057960,32655.548075,39929.606035,6678,0,0.00,107.7828,1.0000
12803440.0,7274.366979,32657.534742,39931.901721,6679,0,0.00,107.7875,1.0000
12803451.0,7274.378386,32657.608075,39931.986461,6680,0,0.00,107.7922,1.0000
12803612.0,7274.545340,32658.681408,39933.226748,6681,0,0.00,107.7969,1.0000
12804016.0,7274.964279,32661.374742,39936.339021,6682,0,0.00,107.8141,1.0000
12804056.0,7275.005759,32661.641408,39936.647167,6683,0,0.00,107.8313,1.0000
12804109.0,7275.060718,32661.994742,39937.055460,6684,0,0.00,107.8359,1.0000
12804134.0,7275.086643,32662.161408,39937.248051,6685,0,0.00,107.8531,1.0000
12804223.0,7275.178934,32662.754742,39937.933676,6686,0,0.00,107.8578,1.0000
12804627.0,7275.597874,32665.448075,39941.045949,6687,0,0.00,107.8953,1.0000
12804873.0,7275.852970,32667.088075,39942.941045,6688,0,0.00,107.9141,1.0000
12805064.0,7276.051034,32668.361408,39944.412442,6689,0,0.00,107.9313,1.0000
12805177.0,7276.168212,32669.114742,39945.282954,6690,0,0.00,107.9484,1.0000
12805603.0,7276.609965,32671.954742,39948.564707,6691,0,0.00,107.9531,1.0000
12805606.0,7276.613076,32671.974742,39948.587818,6692,0,0.00,107.9703,1.0000
12805611.0,7276.618261,32672.008075,39948.626336,6693,0,0.00,107.9750,1.0000
12805889.0,7276.906541,32673.861408,39950.767950,6694,0,0.00,107.9922,1.0000
12806004.0,7277.025794,32674.628075,39951.653869,6695,0,0.00,108.0094,1.0000
12806005.0,7277.026831,32674.634742,39951.661573,6696,0,0.00,108.0266,1.0000
12806045.0,7277.068310,32674.901408,39951.969718,6697,0,0.00,108.0313,1.0000
12807127.0,7278.190322,32682.114742,39960.305063,6698,0,0.00,108.0484,1.0000
12807129.0,7278.192395,32682.128075,39960.320470,6699,0,0.00,108.0531,1.0000
12807839.0,7278.928651,32686.861408,39965.790059,6700,0,0.00,108.0703,1.0000
12807914.0,7279.006424,32687.361408,39966.367832,6701,0,0.00,108.0875,1.0000
12808093.0,7279.192043,32688.554742,39967.746785,6702,0,0.00,108.0922,1.0000
12808099.0,7279.198265,32688.594742,39967.793007,6703,0,0.00,108.1094,1.0000
12808103.0,7279.202413,32688.621408,39967.823822,6704,0,0.00,108.1141,1.0000
12808116.0,7279.215894,32688.708075,39967.923969,6705,0,0.00,108.1188,1.0000
12808404.0,7279.514544,32690.628075,39970.142619,6706,0,0.00,108.1234,1.0000
12809267.0,7280.409457,32696.381408,39976.790865,6707,0,0.00,108.1609,1.0000
12809564.0,7280.717440,32698.361408,39979.078848,6708,0,0.00,108.1781,1.0000
12809566.0,7280.719514,32698.374742,39979.094255,6709,0,0.00,108.1953,1.0000
12809677.0,7280.834618,32699.114742,39979.949360,6710,0,0.00,108.3328,1.0000
12810120.0,7281.294000,32702.068075,39983.362075,6711,0,0.00,108.3375,1.0000
12810405.0,7281.589539,32703.968075,39985.557614,6712,0,0.00,108.3547,1.0000
12810708.0,7281.903744,32705.988075,39987.891819,6713,0,0.00,108.3719,1.0000
12810926.0,7282.129805,32707.441408,39989.571214,6714,0,0.00,108.3766,1.0000
12810995.0,7282.201357,32707.901408,39990.102765,6715,0,0.00,108.3938,1.0000
12810998.0,7282.204468,32707.921408,39990.125876,6716,0,0.00,108.4109,1.0000
12811243.0,7282.458528,32709.554742,39992.013269,6717,0,0.00,108.4156,1.0000
12811487.0,7282.711551,32711.181408,39993.892959,6718,0,0.00,108.4328,1.0000
12811529.0,7282.755104,32711.461408,39994.216512,6719,0,0.00,108.4375,1.0000
12811533.0,7282.759252,32711.488075,39994.247327,6720,0,0.00,108.4547,1.0000
12811565.0,7282.792435,32711.701408,39994.493843,6721,0,0.00,108.4719,1.0000
12812012.0,7283.255965,32714.681408,39997.937373,6722,0,0.00,108.4891,1.0000
12812042.0,7283.287074,32714.881408,39998.168482,6723,0,0.00,108.5063,1.0000
12812264.0,7283.517284,32716.361408,39999.878692,6724,0,0.00,108.5234,1.0000
12812357.0,7283.613723,32716.981408,40000.595131,6725,0,0.00,108.5406,1.0000
12812421.0,7283.680089,32717.408075,40001.088164,6726,0,0.00,108.5578,1.0000
12812517.0,7283.779639,32718.048075,40001.827714,6727,0,0.00,108.5750,1.0000
12812552.0,7283.815934,32718.281408,40002.097342,6728,0,0.00,108.5922,1.0000
12812560.0,7283.824229,32718.334742,40002.158971,6729,0,0.00,108.5969,1.0000
12812914.0,7284.191320,32720.694742,40004.886062,6730,0,0.00,108.6141,1.0000
12813013.0,7284.293981,32721.354742,40005.648723,6731,0,0.00,108.6313,1.0000
12813042.0,7284.324053,32721.548075,40005.872128,6732,0,0.00,108.6484,1.0000
12813043.0,7284.325090,32721.554742,40005.879832,6733,0,0.00,108.6656,1.0000
12813044.0,7284.326127,32721.561408,40005.887536,6734,0,0.00,108.6828,1.0000
12813074.0,7284.357237,32721.761408,40006.118645,6735,0,0.00,108.7000,1.0000
12813369.0,7284.663145,32723.728075,40008.391220,6736,0,0.00,108.7172,1.0000
12813374.0,7284.668330,32723.761408,40008.429739,6737,0,0.00,108.7344,1.0000
12813404.0,7284.699440,32723.961408,40008.660848,6738,0,0.00,108.7516,1.0000
12813468.0,7284.765806,32724.388075,40009.153881,6739,0,0.00,108.7688,1.0000
12813534.0,7284.834247,32724.828075,40009.662322,6740,0,0.00,108.7859,1.0000
12813534.0,7284.834247,32724.828075,40009.662322,6741,0,0.00,108.7906,1.0000
12813570.0,7284.871578,32725.068075,40009.939653,6742,0,0.00,108.8078,1.0000
12813599.0,7284.901651,32725.261408,40010.163059,6743,0,0.00,108.8250,1.0000
12813945.0,7285.260445,32727.568075,40012.828520,6744,0,0.00,108.8422,1.0000
12814120.0,7285.441917,32728.734742,40014.176659,6745,0,0.00,108.8594,1.0000
12814258.0,7285.585020,32729.654742,40015.239762,6746,0,0.00,108.8719,1.0000
12814535.0,7285.872263,32731.501408,40017.373672,6747,0,0.00,108.8906,1.0000
12814546.0,7285.883670,32731.574742,40017.458412,6748,0,0.00,108.9078,1.0000
12814641.0,7285.982183,32732.208075,40018.190258,6749,0,0.00,108.9203,1.0000
12814675.0,7286.017440,32732.434742,40018.452182,6750,0,0.00,108.9375,1.0000
12814678.0,7286.020551,32732.454742,40018.475293,6751,0,0.00,108.9422,1.0000
12814705.0,7286.048550,32732.634742,40018.683291,6752,0,0.00,108.9594,1.0000
12814707.0,7286.050624,32732.648075,40018.698699,6753,0,0.00,108.9766,1.0000
12815155.0,7286.515190,32735.634742,40022.149932,6754,0,0.00,108.9938,1.0000
12815217.0,7286.579483,32736.048075,40022.627558,6755,0,0.00,109.0109,1.0000
12815671.0,7287.050272,32739.074742,40026.125013,6756,0,0.00,109.0172,1.0000
12815793.0,7287.176783,32739.888075,40027.064858,6757,0,0.00,109.0359,1.0000
12816034.0,7287.426695,32741.494742,40028.921437,6758,0,0.00,109.0531,1.0000
12816066.0,7287.459878,32741.708075,40029.167953,6759,0,0.00,109.0703,1.0000
12816094.0,7287.488914,32741.894742,40029.383655,6760,0,0.00,109.0875,1.0000
12816137.0,7287.533504,32742.181408,40029.714912,6761,0,0.00,109.1047,1.0000
12816140.0,7287.536615,32742.201408,40029.738023,6762,0,0.00,109.1219,1.0000
12816174.0,7287.571872,32742.428075,40029.999947,6763,0,0.00,109.1391,1.0000
12816612.0,7288.026069,32745.348075,40033.374144,6764,0,0.00,109.1563,1.0000
12816640.0,7288.055104,32745.534742,40033.589846,6765,0,0.00,109.1734,1.0000
12816642.0,7288.057178,32745.548075,40033.605253,6766,0,0.00,109.1906,1.0000
12816705.0,7288.122508,32745.968075,40034.090583,6767,0,0.00,109.2078,1.0000
12816768.0,7288.187838,32746.388075,40034.575913,6768,0,0.00,109.2250,1.0000
12816772.0,7288.191986,32746.414742,40034.606727,6769,0,0.00,109.2422,1.0000
12817086.0,7288.517597,32748.508075,40037.025672,6770,0,0.00,109.2594,1.0000
12817183.0,7288.618184,32749.154742,40037.772926,6771,0,0.00,109.2766,1.0000
12817186.0,7288.621295,32749.174742,40037.796037,6772,0,0.00,109.2938,1.0000
12817556.0,7289.004977,32751.641408,40040.646386,6773,0,0.00,109.3063,1.0000
12817576.0,7289.025717,32751.774742,40040.800459,6774,0,0.00,109.3234,1.0000
12817577.0,7289.026754,32751.781408,40040.808162,6775,0,0.00,109.3406,1.0000
12817940.0,7289.403177,32754.201408,40043.604586,6776,0,0.00,109.3578,1.0000
12818051.0,7289.518282,32754.941408,40044.459690,6777,0,0.00,109.3750,1.0000
12818134.0,7289.604351,32755.494742,40045.099093,6778,0,0.00,109.3922,1.0000
12818193.0,7289.665533,32755.888075,40045.553608,6779,0,0.00,109.4094,1.0000
12818225.0,7289.698716,32756.101408,40045.800125,6780,0,0.00,109.4266,1.0000
12818261.0,7289.736048,32756.341408,40046.077456,6781,0,0.00,109.4438,1.0000
12818604.0,7290.091731,32758.628075,40048.719806,6782,0,0.00,109.4609,1.0000
12818663.0,7290.152913,32759.021408,40049.174322,6783,0,0.00,109.4781,1.0000
12818723.0,7290.215132,32759.421408,40049.636540,6784,0,0.00,109.4953,1.0000
12819100.0,7290.606073,32761.934742,40052.540815,6785,0,0.00,109.5125,1.0000
12819196.0,7290.705623,32762.574742,40053.280365,6786,0,0.00,109.5297,1.0000
12819580.0,7291.103823,32765.134742,40056.238565,6787,0,0.00,109.5469,1.0000
12819608.0,7291.132859,32765.321408,40056.454267,6788,0,0.00,109.5641,1.0000
12819644.0,7291.170190,32765.561408,40056.731598,6789,0,0.00,109.5813,1.0000
12819711.0,7291.239667,32766.008075,40057.247742,6790,0,0.00,109.5984,1.0000
12819712.0,7291.240704,32766.014742,40057.255446,6791,0,0.00,109.6156,1.0000
12820268.0,7291.817265,32769.721408,40061.538673,6792,0,0.00,109.6328,1.0000
12820318.0,7291.869114,32770.054742,40061.923855,6793,0,0.00,109.6500,1.0000
12820671.0,7292.235167,32772.408075,40064.643242,6794,0,0.00,109.6672,1.0000
12820772.0,7292.339902,32773.081408,40065.421311,6795,0,0.00,109.6844,1.0000
12820777.0,7292.345087,32773.114742,40065.459829,6796,0,0.00,109.6891,1.0000
12820796.0,7292.364790,32773.241408,40065.606198,6797,0,0.00,109.7391,1.0000
12820806.0,7292.375160,32773.308075,40065.683235,6798,0,0.00,109.7563,1.0000
12820843.0,7292.413528,32773.554742,40065.968269,6799,0,0.00,109.7734,1.0000
12821206.0,7292.789951,32775.974742,40068.764693,6800,0,0.00,109.7906,1.0000
12821275.0,7292.861503,32776.434742,40069.296244,6801,0,0.00,109.8078,1.0000
12821458.0,7293.051270,32777.654742,40070.706012,6802,0,0.00,109.8250,1.0000
12821718.0,7293.320885,32779.388075,40072.708960,6803,0,0.00,109.8313,1.0000
12821731.0,7293.334365,32779.474742,40072.809107,6804,0,0.00,109.8484,1.0000
12821773.0,7293.377918,32779.754742,40073.132660,6805,0,0.00,109.8656,1.0000
12821876.0,7293.484727,32780.441408,40073.926136,6806,0,0.00,109.8828,1.0000
12822197.0,7293.817598,32782.581408,40076.399006,6807,0,0.00,109.9000,1.0000
12822302.0,7293.926480,32783.281408,40077.207889,6808,0,0.00,109.9172,1.0000
12822612.0,7294.247944,32785.348075,40079.596019,6809,0,0.00,109.9344,1.0000
12822678.0,7294.316385,32785.788075,40080.104460,6810,0,0.00,109.9516,1.0000
12822850.0,7294.494745,32786.934742,40081.429487,6811,0,0.00,109.9891,1.0000
12822956.0,7294.604665,32787.641408,40082.246073,6812,0,0.00,109.9953,1.0000
12822956.0,7294.604665,32787.641408,40082.246073,6813,0,0.00,110.0016,1.0000
12822999.0,7294.649255,32787.928075,40082.577330,6814,0,0.00,110.0188,1.0000
12823087.0,7294.740509,32788.514742,40083.255251,6815,0,0.00,110.0359,1.0000
12823425.0,7295.091008,32790.768075,40085.859083,6816,0,0.00,110.0406,1.0000
12823439.0,7295.105526,32790.861408,40085.966934,6817,0,0.00,110.0500,1.0000
12823440.0,7295.106563,32790.868075,40085.974638,6818,0,0.00,110.0594,1.0000
12823469.0,7295.136635,32791.061408,40086.198043,6819,0,0.00,110.0766,1.0000
12823481.0,7295.149079,32791.141408,40086.290487,6820,0,0.00,110.0813,1.0000
12823538.0,7295.208187,32791.521408,40086.729595,6821,0,0.00,110.0984,1.0000
12823573.0,7295.244481,32791.754742,40086.999223,6822,0,0.00,110.1156,1.0000
12823867.0,7295.549353,32793.714742,40089.264094,6823,0,0.00,110.1328,1.0000
12823895.0,7295.578388,32793.901408,40089.479797,6824,0,0.00,110.1500,1.0000
12823896.0,7295.579425,32793.908075,40089.487500,6825,0,0.00,110.1672,1.0000
12823979.0,7295.665494,32794.461408,40090.126903,6826,0,0.00,110.1844,1.0000
12824008.0,7295.695567,32794.654742,40090.350309,6827,0,0.00,110.2016,1.0000
12824010.0,7295.697641,32794.668075,40090.365716,6828,0,0.00,110.2188,1.0000
12824041.0,7295.729787,32794.874742,40090.604529,6829,0,0.00,110.2359,1.0000
12824042.0,7295.730824,32794.881408,40090.612232,6830,0,0.00,110.2531,1.0000
12824042.0,7295.730824,32794.881408,40090.612232,6831,0,0.00,110.2703,1.0000
12824070.0,7295.759860,32795.068075,40090.827935,6832,0,0.00,110.2875,1.0000
12824103.0,7295.794080,32795.288075,40091.082155,6833,0,0.00,110.3047,1.0000
12824105.0,7295.796154,32795.301408,40091.097562,6834,0,0.00,110.3219,1.0000
12824543.0,7296.250351,32798.221408,40094.471759,6835,0,0.00,110.3391,1.0000
12824576.0,7296.284571,32798.441408,40094.725979,6836,0,0.00,110.3563,1.0000
12824980.0,7296.703511,32801.134742,40097.838252,6837,0,0.00,110.3734,1.0000
12825395.0,7297.133857,32803.901408,40101.035265,6838,0,0.00,110.3922,1.0000
12825407.0,7297.146301,32803.981408,40101.127709,6839,0,0.00,110.4094,1.0000
12825408.0,7297.147338,32803.988075,40101.135413,6840,0,0.00,110.4266,1.0000
12825469.0,7297.210593,32804.394742,40101.605335,6841,0,0.00,110.4438,1.0000
12825502.0,7297.244814,32804.614742,40101.859555,6842,0,0.00,110.4609,1.0000
12825502.0,7297.244814,32804.614742,40101.859555,6843,0,0.00,110.4781,1.0000
12825533.0,7297.276960,32804.821408,40102.098368,6844,0,0.00,110.4953,1.0000
12825534.0,7297.277997,32804.828075,40102.106072,6845,0,0.00,110.5125,1.0000
12825534.0,7297.277997,32804.828075,40102.106072,6846,0,0.00,110.5297,1.0000
12825565.0,7297.310143,32805.034742,40102.344885,6847,0,0.00,110.5469,1.0000
12825840.0,7297.595313,32806.868075,40104.463388,6848,0,0.00,110.5641,1.0000
12825993.0,7297.753970,32807.888075,40105.642045,6849,0,0.00,110.5813,1.0000
12826021.0,7297.783006,32808.074742,40105.857748,6850,0,0.00,110.5984,1.0000
12826024.0,7297.786117,32808.094742,40105.880859,6851,0,0.00,110.6156,1.0000
12826024.0,7297.786117,32808.094742,40105.880859,6852,0,0.00,110.6328,1.0000
12826218.0,7297.987291,32809.388075,40107.375366,6853,0,0.00,110.6500,1.0000
12826367.0,7298.141801,32810.381408,40108.523209,6854,0,0.00,110.6672,1.0000
12826395.0,7298.170836,32810.568075,40108.738911,6855,0,0.00,110.6844,1.0000
12826453.0,7298.230981,32810.954742,40109.185723,6856,0,0.00,110.7016,1.0000
12826453.0,7298.230981,32810.954742,40109.185723,6857,0,0.00,110.7188,1.0000
12826488.0,7298.267275,32811.188075,40109.455350,6858,0,0.00,110.7359,1.0000
12826489.0,7298.268312,32811.194742,40109.463054,6859,0,0.00,110.7531,1.0000
12826742.0,7298.530668,32812.881408,40111.412076,6860,0,0.00,110.7703,1.0000
12826770.0,7298.559703,32813.068075,40111.627778,6861,0,0.00,110.7875,1.0000
12826803.0,7298.593924,32813.288075,40111.881999,6862,0,0.00,110.7922,1.0000
12826826.0,7298.617774,32813.441408,40112.059182,6863,0,0.00,110.8094,1.0000
12826972.0,7298.769173,32814.414742,40113.183915,6864,0,0.00,110.8141,1.0000
12827096.0,7298.897759,32815.241408,40114.139167,6865,0,0.00,110.8313,1.0000
12827321.0,7299.131079,32816.741408,40115.872487,6866,0,0.00,110.8359,1.0000
12827385.0,7299.197445,32817.168075,40116.365520,6867,0,0.00,110.8531,1.0000
12827418.0,7299.231666,32817.388075,40116.619741,6868,0,0.00,110.8703,1.0000
12827445.0,7299.259664,32817.568075,40116.827739,6869,0,0.00,110.8875,1.0000
12827448.0,7299.262775,32817.588075,40116.850850,6870,0,0.00,110.9047,1.0000
12827448.0,7299.262775,32817.588075,40116.850850,6871,0,0.00,110.9219,1.0000
12827842.0,7299.671345,32820.214742,40119.886087,6872,0,0.00,110.9391,1.0000
12828000.0,7299.835188,32821.268075,40121.103263,6873,0,0.00,110.9563,1.0000
12828317.0,7300.163910,32823.381408,40123.545318,6874,0,0.00,110.9734,1.0000
12828345.0,7300.192945,32823.568075,40123.761020,6875,0,0.00,110.9906,1.0000
12828409.0,7300.259312,32823.994742,40124.254054,6876,0,0.00,111.0078,1.0000
12828441.0,7300.292495,32824.208075,40124.500570,6877,0,0.00,111.0250,1.0000
12828721.0,7300.582850,32826.074742,40126.657591,6878,0,0.00,111.0422,1.0000
12828930.0,7300.799578,32827.468075,40128.267653,6879,0,0.00,111.0594,1.0000
12828945.0,7300.815133,32827.568075,40128.383208,6880,0,0.00,111.0641,1.0000
12828985.0,7300.856612,32827.834742,40128.691354,6881,0,0.00,111.0813,1.0000
12829600.0,7301.494354,32831.934742,40133.429096,6882,0,0.00,111.0984,1.0000
12830185.0,7302.100987,32835.834742,40137.935729,6883,0,0.00,111.1156,1.0000
12830303.0,7302.223351,32836.621408,40138.844759,6884,0,0.00,111.1328,1.0000
12830304.0,7302.224388,32836.628075,40138.852463,6885,0,0.00,111.1500,1.0000
12830304.0,7302.224388,32836.628075,40138.852463,6886,0,0.00,111.1672,1.0000
12830304.0,7302.224388,32836.628075,40138.852463,6887,0,0.00,111.1844,1.0000
12830305.0,7302.225425,32836.634742,40138.860166,6888,0,0.00,111.2016,1.0000
12830305.0,7302.225425,32836.634742,40138.860166,6889,0,0.00,111.2188,1.0000
12830365.0,7302.287643,32837.034742,40139.322385,6890,0,0.00,111.2359,1.0000
12830398.0,7302.321864,32837.254742,40139.576605,6891,0,0.00,111.2531,1.0000
12830399.0,7302.322901,32837.261408,40139.584309,6892,0,0.00,111.2703,1.0000
12830401.0,7302.324975,32837.274742,40139.599716,6893,0,0.00,111.2875,1.0000
12830713.0,7302.648512,32839.354742,40142.003254,6894,0,0.00,111.3047,1.0000
12831438.0,7303.400322,32844.188075,40147.588397,6895,0,0.00,111.3219,1.0000
12831439.0,7303.401359,32844.194742,40147.596101,6896,0,0.00,111.3391,1.0000
12831794.0,7303.769487,32846.561408,40150.330895,6897,0,0.00,111.3563,1.0000
12831795.0,7303.770524,32846.568075,40150.338599,6898,0,0.00,111.3734,1.0000
12831833.0,7303.809929,32846.821408,40150.631337,6899,0,0.00,111.3906,1.0000
12831898.0,7303.877332,32847.254742,40151.132074,6900,0,0.00,111.3969,1.0000
12832165.0,7304.154206,32849.034742,40153.188948,6901,0,0.00,111.4141,1.0000
12832198.0,7304.188426,32849.254742,40153.443168,6902,0,0.00,111.4313,1.0000
12832641.0,7304.647808,32852.208075,40156.855883,6903,0,0.00,111.4484,1.0000
12832672.0,7304.679954,32852.414742,40157.094696,6904,0,0.00,111.4656,1.0000
12832675.0,7304.683065,32852.434742,40157.117807,6905,0,0.00,111.4828,1.0000
12832935.0,7304.952680,32854.168075,40159.120755,6906,0,0.00,111.5063,1.0000
12833057.0,7305.079191,32854.981408,40160.060600,6907,0,0.00,111.5234,1.0000
12833158.0,7305.183926,32855.654742,40160.838668,6908,0,0.00,111.5406,1.0000
12833303.0,7305.334288,32856.621408,40161.955697,6909,0,0.00,111.5641,1.0000
12833309.0,7305.340510,32856.661408,40162.001918,6910,0,0.00,111.5813,1.0000
12833524.0,7305.563461,32858.094742,40163.658202,6911,0,0.00,111.5984,1.0000
12833554.0,7305.594570,32858.294742,40163.889312,6912,0,0.00,111.6156,1.0000
12833588.0,7305.629827,32858.521408,40164.151236,6913,0,0.00,111.6328,1.0000
12833626.0,7305.669232,32858.774742,40164.443974,6914,0,0.00,111.6500,1.0000
12833950.0,7306.005214,32860.934742,40166.939955,6915,0,0.00,111.6672,1.0000
12833950.0,7306.005214,32860.934742,40166.939955,6916,0,0.00,111.6844,1.0000
12833985.0,7306.041508,32861.168075,40167.209583,6917,0,0.00,111.7016,1.0000
12834016.0,7306.073654,32861.374742,40167.448396,6918,0,0.00,111.7188,1.0000
12834046.0,7306.104764,32861.574742,40167.679505,6919,0,0.00,111.7359,1.0000
12834081.0,7306.141058,32861.808075,40167.949133,6920,0,0.00,111.7531,1.0000
12834145.0,7306.207425,32862.234742,40168.442166,6921,0,0.00,111.7703,1.0000
12834457.0,7306.530962,32864.314742,40170.845704,6922,0,0.00,111.7875,1.0000
12834544.0,7306.621179,32864.894742,40171.515921,6923,0,0.00,111.8047,1.0000
12834577.0,7306.655400,32865.114742,40171.770141,6924,0,0.00,111.8219,1.0000
12834955.0,7307.047378,32867.634742,40174.682119,6925,0,0.00,111.8391,1.0000
12835389.0,7307.497427,32870.528075,40178.025502,6926,0,0.00,111.8563,1.0000
12835416.0,7307.525425,32870.708075,40178.233500,6927,0,0.00,111.8734,1.0000
12835445.0,7307.555498,32870.901408,40178.456906,6928,0,0.00,111.8906,1.0000
12835477.0,7307.588681,32871.114742,40178.703423,6929,0,0.00,111.9078,1.0000
12835507.0,7307.619790,32871.314742,40178.934532,6930,0,0.00,111.9250,1.0000
12835540.0,7307.654011,32871.534742,40179.188752,6931,0,0.00,111.9422,1.0000
12835551.0,7307.665417,32871.608075,40179.273492,6932,0,0.00,111.9484,1.0000
12835604.0,7307.720377,32871.961408,40179.681786,6933,0,0.00,111.9656,1.0000
12835903.0,7308.030434,32873.954742,40181.985176,6934,0,0.00,111.9828,1.0000
12835992.0,7308.122725,32874.548075,40182.670800,6935,0,0.00,112.0000,1.0000
12836092.0,7308.226423,32875.214742,40183.441165,6936,0,0.00,112.0172,1.0000
12836234.0,7308.373674,32876.161408,40184.535082,6937,0,0.00,112.0219,1.0000
12836356.0,7308.500186,32876.974742,40185.474927,6938,0,0.00,112.0453,1.0000
12836497.0,7308.646400,32877.914742,40186.561141,6939,0,0.00,112.0625,1.0000
12836497.0,7308.646400,32877.914742,40186.561141,6940,0,0.00,112.0797,1.0000
12836554.0,7308.705507,32878.294742,40187.000249,6941,0,0.00,112.0984,1.0000
12836554.0,7308.705507,32878.294742,40187.000249,6942,0,0.00,112.1156,1.0000
12836647.0,7308.801947,32878.914742,40187.716688,6943,0,0.00,112.1328,1.0000
12836909.0,7309.073635,32880.661408,40189.735043,6944,0,0.00,112.1500,1.0000
12837062.0,7309.232293,32881.681408,40190.913701,6945,0,0.00,112.1672,1.0000
12837063.0,7309.233330,32881.688075,40190.921405,6946,0,0.00,112.1844,1.0000
12837090.0,7309.261328,32881.868075,40191.129403,6947,0,0.00,112.2016,1.0000
12837334.0,7309.514351,32883.494742,40193.009093,6948,0,0.00,112.2203,1.0000
12837465.0,7309.650195,32884.368075,40194.018270,6949,0,0.00,112.2375,1.0000
12837700.0,7309.893886,32885.934742,40195.828627,6950,0,0.00,112.2547,1.0000
12837701.0,7309.894923,32885.941408,40195.836331,6951,0,0.00,112.2719,1.0000
12838533.0,7310.757689,32891.488075,40202.245764,6952,0,0.00,112.2813,1.0000
12838574.0,7310.800205,32891.761408,40202.561614,6953,0,0.00,112.2984,1.0000
12838636.0,7310.864498,32892.174742,40203.039240,6954,0,0.00,112.3156,1.0000
12838671.0,7310.900792,32892.408075,40203.308867,6955,0,0.00,112.3328,1.0000
12838753.0,7310.985825,32892.954742,40203.940566,6956,0,0.00,112.3500,1.0000
12839267.0,7311.518832,32896.381408,40207.900240,6957,0,0.00,112.3547,1.0000
12839491.0,7311.751115,32897.874742,40209.625857,6958,0,0.00,112.3719,1.0000
12839871.0,7312.145167,32900.408075,40212.553242,6959,0,0.00,112.3891,1.0000
12839992.0,7312.270642,32901.214742,40213.485384,6960,0,0.00,112.4063,1.0000
12840257.0,7312.545441,32902.981408,40215.526850,6961,0,0.00,112.4234,1.0000
12840307.0,7312.597290,32903.314742,40215.912032,6962,0,0.00,112.4406,1.0000
12840446.0,7312.741430,32904.241408,40216.982839,6963,0,0.00,112.4578,1.0000
12840546.0,7312.845128,32904.908075,40217.753203,6964,0,0.00,112.4750,1.0000
12840810.0,7313.118891,32906.668075,40219.786966,6965,0,0.00,112.4922,1.0000
12841028.0,7313.344952,32908.121408,40221.466361,6966,0,0.00,112.5016,1.0000
12841112.0,7313.432059,32908.681408,40222.113467,6967,0,0.00,112.5188,1.0000
12841140.0,7313.461094,32908.868075,40222.329169,6968,0,0.00,112.5234,1.0000
12841146.0,7313.467316,32908.908075,40222.375391,6969,0,0.00,112.5297,1.0000
12841360.0,7313.689229,32910.334742,40224.023971,6970,0,0.00,112.5469,1.0000
12841389.0,7313.719302,32910.528075,40224.247377,6971,0,0.00,112.5516,1.0000
12841688.0,7314.029359,32912.521408,40226.550767,6972,0,0.00,112.5563,1.0000
12841689.0,7314.030395,32912.528075,40226.558470,6973,0,0.00,112.5609,1.0000
12841864.0,7314.211867,32913.694742,40227.906609,6974,0,0.00,112.5672,1.0000
12841990.0,7314.342526,32914.534742,40228.877268,6975,0,0.00,112.5844,1.0000
12842112.0,7314.469038,32915.348075,40229.817113,6976,0,0.00,112.6016,1.0000
12842112.0,7314.469038,32915.348075,40229.817113,6977,0,0.00,112.6188,1.0000
12842149.0,7314.507406,32915.594742,40230.102148,6978,0,0.00,112.6359,1.0000
12842410.0,7314.778057,32917.334742,40232.112799,6979,0,0.00,112.6531,1.0000
12842535.0,7314.907680,32918.168075,40233.075755,6980,0,0.00,112.6578,1.0000
12842569.0,7314.942937,32918.394742,40233.337679,6981,0,0.00,112.6750,1.0000
12842592.0,7314.966788,32918.548075,40233.514863,6982,0,0.00,112.6797,1.0000
12842606.0,7314.981305,32918.641408,40233.622714,6983,0,0.00,112.7078,1.0000
12842607.0,7314.982342,32918.648075,40233.630417,6984,0,0.00,112.7250,1.0000
12842827.0,7315.210478,32920.114742,40235.325219,6985,0,0.00,112.7297,1.0000
12842861.0,7315.245735,32920.341408,40235.587143,6986,0,0.00,112.7391,1.0000
12842887.0,7315.272697,32920.514742,40235.787438,6987,0,0.00,112.7438,1.0000
12842980.0,7315.369136,32921.134742,40236.503877,6988,0,0.00,112.7609,1.0000
12843047.0,7315.438613,32921.581408,40237.020022,6989,0,0.00,112.7781,1.0000
12843084.0,7315.476981,32921.828075,40237.305056,6990,0,0.00,112.7953,1.0000
12843126.0,7315.520535,32922.108075,40237.628610,6991,0,0.00,112.8125,1.0000
12843239.0,7315.637713,32922.861408,40238.499122,6992,0,0.00,112.8250,1.0000
12843244.0,7315.642898,32922.894742,40238.537640,6993,0,0.00,112.8375,1.0000
12843244.0,7315.642898,32922.894742,40238.537640,6994,0,0.00,112.8500,1.0000
12843268.0,7315.667786,32923.054742,40238.722527,6995,0,0.00,112.8625,1.0000
12843802.0,7316.221532,32926.614742,40242.836274,6996,0,0.00,112.8797,1.0000
12843945.0,7316.369820,32927.568075,40243.937895,6997,0,0.00,112.8844,1.0000
12844087.0,7316.517072,32928.514742,40245.031813,6998,0,0.00,112.9016,1.0000
12844113.0,7316.544033,32928.688075,40245.232108,6999,0,0.00,112.9188,1.0000
12844144.0,7316.576179,32928.894742,40245.470921,7000,0,0.00,112.9359,1.0000
12844173.0,7316.606252,32929.088075,40245.694327,7001,0,0.00,112.9531,1.0000
12844235.0,7316.670544,32929.501408,40246.171953,7002,0,0.00,112.9703,1.0000
12844265.0,7316.701654,32929.701408,40246.403062,7003,0,0.00,112.9875,1.0000
12844273.0,7316.709950,32929.754742,40246.464691,7004,0,0.00,113.0047,1.0000
12844303.0,7316.741059,32929.954742,40246.695801,7005,0,0.00,113.0219,1.0000
12844337.0,7316.776316,32930.181408,40246.957725,7006,0,0.00,113.0391,1.0000
12844338.0,7316.777353,32930.188075,40246.965428,7007,0,0.00,113.0563,1.0000
12844373.0,7316.813648,32930.421408,40247.235056,7008,0,0.00,113.0734,1.0000
12844484.0,7316.928752,32931.161408,40248.090161,7009,0,0.00,113.0781,1.0000
12844752.0,7317.206663,32932.948075,40250.154738,7010,0,0.00,113.0953,1.0000
12844783.0,7317.238809,32933.154742,40250.393551,7011,0,0.00,113.1125,1.0000
12844787.0,7317.242957,32933.181408,40250.424365,7012,0,0.00,113.1297,1.0000
12844824.0,7317.281325,32933.428075,40250.709400,7013,0,0.00,113.1469,1.0000
12844865.0,7317.323841,32933.701408,40251.025250,7014,0,0.00,113.1516,1.0000
12845015.0,7317.479388,32934.701408,40252.180797,7015,0,0.00,113.1703,1.0000
12845165.0,7317.634935,32935.701408,40253.336343,7016,0,0.00,113.1875,1.0000
12845165.0,7317.634935,32935.701408,40253.336343,7017,0,0.00,113.2047,1.0000
12845282.0,7317.756262,32936.481408,40254.237670,7018,0,0.00,113.2219,1.0000
12845318.0,7317.793593,32936.721408,40254.515001,7019,0,0.00,113.2266,1.0000
12845387.0,7317.865144,32937.181408,40255.046553,7020,0,0.00,113.2438,1.0000
12845388.0,7317.866181,32937.188075,40255.054256,7021,0,0.00,113.2609,1.0000
12845420.0,7317.899365,32937.401408,40255.300773,7022,0,0.00,113.2781,1.0000
12845530.0,7318.013432,32938.134742,40256.148174,7023,0,0.00,113.2844,1.0000
12845623.0,7318.109872,32938.754742,40256.864613,7024,0,0.00,113.2891,1.0000
12845630.0,7318.117130,32938.801408,40256.918539,7025,0,0.00,113.2938,1.0000
12845829.0,7318.323489,32940.128075,40258.451564,7026,0,0.00,113.3109,1.0000
12845883.0,7318.379486,32940.488075,40258.867561,7027,0,0.00,113.3281,1.0000
12845884.0,7318.380523,32940.494742,40258.875265,7028,0,0.00,113.3453,1.0000
12845884.0,7318.380523,32940.494742,40258.875265,7029,0,0.00,113.3625,1.0000
12845918.0,7318.415780,32940.721408,40259.137189,7030,0,0.00,113.3797,1.0000
12845922.0,7318.419928,32940.748075,40259.168003,7031,0,0.00,113.3844,1.0000
12846026.0,7318.527774,32941.441408,40259.969182,7032,0,0.00,113.3891,1.0000
12846027.0,7318.528811,32941.448075,40259.976886,7033,0,0.00,113.3938,1.0000
12846212.0,7318.720652,32942.681408,40261.402061,7034,0,0.00,113.4109,1.0000
12846235.0,7318.744503,32942.834742,40261.579244,7035,0,0.00,113.4172,1.0000
12846351.0,7318.864792,32943.608075,40262.472867,7036,0,0.00,113.4344,1.0000
12846354.0,7318.867903,32943.628075,40262.495978,7037,0,0.00,113.4516,1.0000
12846357.0,7318.871014,32943.648075,40262.519089,7038,0,0.00,113.4563,1.0000
12846395.0,7318.910419,32943.901408,40262.811828,7039,0,0.00,113.4734,1.0000
12846436.0,7318.952936,32944.174742,40263.127677,7040,0,0.00,113.4906,1.0000
12846635.0,7319.159294,32945.501408,40264.660703,7041,0,0.00,113.4953,1.0000
12846972.0,7319.508756,32947.748075,40267.256831,7042,0,0.00,113.5125,1.0000
12847006.0,7319.544014,32947.974742,40267.518755,7043,0,0.00,113.5297,1.0000
12847035.0,7319.574086,32948.168075,40267.742161,7044,0,0.00,113.5469,1.0000
12847067.0,7319.607269,32948.381408,40267.988678,7045,0,0.00,113.5516,1.0000
12847073.0,7319.613491,32948.421408,40268.034900,7046,0,0.00,113.5563,1.0000
12847100.0,7319.641490,32948.601408,40268.242898,7047,0,0.00,113.5734,1.0000
12847104.0,7319.645638,32948.628075,40268.273713,7048,0,0.00,113.5906,1.0000
12847135.0,7319.677784,32948.834742,40268.512526,7049,0,0.00,113.6078,1.0000
12847139.0,7319.681932,32948.861408,40268.543340,7050,0,0.00,113.6250,1.0000
12847141.0,7319.684006,32948.874742,40268.558748,7051,0,0.00,113.6422,1.0000
12847293.0,7319.841627,32949.888075,40269.729702,7052,0,0.00,113.6516,1.0000
12847352.0,7319.902809,32950.281408,40270.184217,7053,0,0.00,113.6578,1.0000
12847386.0,7319.938066,32950.508075,40270.446141,7054,0,0.00,113.7078,1.0000
12847468.0,7320.023098,32951.054742,40271.077840,7055,0,0.00,113.7141,1.0000
12847624.0,7320.184867,32952.094742,40272.279609,7056,0,0.00,113.7422,1.0000
12847656.0,7320.218050,32952.308075,40272.526125,7057,0,0.00,113.7469,1.0000
12847693.0,7320.256418,32952.554742,40272.811160,7058,0,0.00,113.7641,1.0000
12847731.0,7320.295824,32952.808075,40273.103899,7059,0,0.00,113.7703,1.0000
12847946.0,7320.518774,32954.241408,40274.760182,7060,0,0.00,113.7750,1.0000
12848097.0,7320.675358,32955.248075,40275.923433,7061,0,0.00,113.7922,1.0000
12848109.0,7320.687802,32955.328075,40276.015877,7062,0,0.00,113.8094,1.0000
12848139.0,7320.718911,32955.528075,40276.246986,7063,0,0.00,113.8266,1.0000
12848146.0,7320.726170,32955.574742,40276.300912,7064,0,0.00,113.8438,1.0000
12848201.0,7320.783204,32955.941408,40276.724612,7065,0,0.00,113.8484,1.0000
12848244.0,7320.827794,32956.228075,40277.055869,7066,0,0.00,113.8656,1.0000
12848285.0,7320.870310,32956.501408,40277.371718,7067,0,0.00,113.8703,1.0000
12848345.0,7320.932529,32956.901408,40277.833937,7068,0,0.00,113.8766,1.0000
12848530.0,7321.124370,32958.134742,40279.259112,7069,0,0.00,113.8938,1.0000
12848531.0,7321.125407,32958.141408,40279.266815,7070,0,0.00,113.9109,1.0000
12848562.0,7321.157553,32958.348075,40279.505628,7071,0,0.00,113.9156,1.0000
12848594.0,7321.190737,32958.561408,40279.752145,7072,0,0.00,113.9328,1.0000
12848637.0,7321.235327,32958.848075,40280.083402,7073,0,0.00,113.9391,1.0000
12848673.0,7321.272658,32959.088075,40280.360733,7074,0,0.00,113.9563,1.0000
12848687.0,7321.287176,32959.181408,40280.468584,7075,0,0.00,113.9609,1.0000
12848705.0,7321.305841,32959.301408,40280.607250,7076,0,0.00,113.9781,1.0000
12848706.0,7321.306878,32959.308075,40280.614953,7077,0,0.00,113.9953,1.0000
12848710.0,7321.311026,32959.334742,40280.645768,7078,0,0.00,114.0125,1.0000
12848919.0,7321.527755,32960.728075,40282.255830,7079,0,0.00,114.0172,1.0000
12849160.0,7321.777667,32962.334742,40284.112409,7080,0,0.00,114.0219,1.0000
12849193.0,7321.811887,32962.554742,40284.366629,7081,0,0.00,114.0281,1.0000
12849264.0,7321.885513,32963.028075,40284.913588,7082,0,0.00,114.0453,1.0000
12849269.0,7321.890698,32963.061408,40284.952106,7083,0,0.00,114.0625,1.0000
12849338.0,7321.962249,32963.521408,40285.483657,7084,0,0.00,114.0672,1.0000
12849870.0,7322.513922,32967.068075,40289.581997,7085,0,0.00,114.0797,1.0000
12849899.0,7322.543994,32967.261408,40289.805403,7086,0,0.00,114.0844,1.0000
12849910.0,7322.555401,32967.334742,40289.890143,7087,0,0.00,114.0891,1.0000
12849921.0,7322.566808,32967.408075,40289.974883,7088,0,0.00,114.0938,1.0000
12849943.0,7322.589622,32967.554742,40290.144363,7089,0,0.00,114.0984,1.0000
12849998.0,7322.646655,32967.921408,40290.568064,7090,0,0.00,114.1156,1.0000
12850064.0,7322.715096,32968.361408,40291.076504,7091,0,0.00,114.1203,1.0000
12850392.0,7323.055225,32970.548075,40293.603300,7092,0,0.00,114.1375,1.0000
12850425.0,7323.089445,32970.768075,40293.857520,7093,0,0.00,114.1547,1.0000
12850426.0,7323.090482,32970.774742,40293.865224,7094,0,0.00,114.1719,1.0000
12850824.0,7323.503200,32973.428075,40296.931275,7095,0,0.00,114.1891,1.0000
12850824.0,7323.503200,32973.428075,40296.931275,7096,0,0.00,114.1953,1.0000
12850829.0,7323.508385,32973.461408,40296.969793,7097,0,0.00,114.2000,1.0000
12850838.0,7323.517718,32973.521408,40297.039126,7098,0,0.00,114.2047,1.0000
12851163.0,7323.854736,32975.688075,40299.542811,7099,0,0.00,114.2219,1.0000
12851270.0,7323.965693,32976.401408,40300.367101,7100,0,0.00,114.2391,1.0000
12851335.0,7324.033097,32976.834742,40300.867838,7101,0,0.00,114.2453,1.0000
12851410.0,7324.110870,32977.334742,40301.445612,7102,0,0.00,114.2625,1.0000
12851418.0,7324.119166,32977.388075,40301.507241,7103,0,0.00,114.2797,1.0000
12851603.0,7324.311007,32978.621408,40302.932415,7104,0,0.00,114.2859,1.0000
12851898.0,7324.616916,32980.588075,40305.204991,7105,0,0.00,114.2906,1.0000
12851976.0,7324.697800,32981.108075,40305.805875,7106,0,0.00,114.2969,1.0000
12852060.0,7324.784906,32981.668075,40306.452981,7107,0,0.00,114.3016,1.0000
12852087.0,7324.812905,32981.848075,40306.660980,7108,0,0.00,114.3078,1.0000
12852151.0,7324.879272,32982.274742,40307.154013,7109,0,0.00,114.3578,1.0000
12852199.0,7324.929047,32982.594742,40307.523788,7110,0,0.00,114.3625,1.0000
12852478.0,7325.218364,32984.454742,40309.673105,7111,0,0.00,114.3797,1.0000
12852625.0,7325.370800,32985.434742,40310.805541,7112,0,0.00,114.3969,1.0000
12852626.0,7325.371837,32985.441408,40310.813245,7113,0,0.00,114.4141,1.0000
12852627.0,7325.372874,32985.448075,40310.820949,7114,0,0.00,114.4313,1.0000
12852641.0,7325.387391,32985.541408,40310.928800,7115,0,0.00,114.4375,1.0000
12852672.0,7325.419538,32985.748075,40311.167613,7116,0,0.00,114.4547,1.0000
12852939.0,7325.696411,32987.528075,40313.224486,7117,0,0.00,114.4719,1.0000
12852969.0,7325.727520,32987.728075,40313.455595,7118,0,0.00,114.4766,1.0000
12852996.0,7325.755519,32987.908075,40313.663594,7119,0,0.00,114.4891,1.0000
12853159.0,7325.924547,32988.994742,40314.919288,7120,0,0.00,114.5063,1.0000
12854094.0,7326.894122,32995.228075,40322.122197,7121,0,0.00,114.5109,1.0000
12854095.0,7326.895159,32995.234742,40322.129901,7122,0,0.00,114.5156,1.0000
12854236.0,7327.041373,32996.174742,40323.216115,7123,0,0.00,114.5203,1.0000
12854343.0,7327.152330,32996.888075,40324.040405,7124,0,0.00,114.5266,1.0000
12854859.0,7327.687411,33000.328075,40328.015486,7125,0,0.00,114.5328,1.0000
12854978.0,7327.810812,33001.121408,40328.932220,7126,0,0.00,114.5500,1.0000
12855075.0,7327.911399,33001.768075,40329.679474,7127,0,0.00,114.5672,1.0000
12855092.0,7327.929027,33001.881408,40329.810436,7128,0,0.00,114.5734,1.0000
12855243.0,7328.085611,33002.888075,40330.973686,7129,0,0.00,114.5906,1.0000
12855376.0,7328.223529,33003.774742,40331.998271,7130,0,0.00,114.5953,1.0000
12855840.0,7328.704688,33006.868075,40335.572763,7131,0,0.00,114.6000,1.0000
12855974.0,7328.843643,33007.761408,40336.605051,7132,0,0.00,114.6172,1.0000
12856125.0,7329.000227,33008.768075,40337.768302,7133,0,0.00,114.6219,1.0000
12856373.0,7329.257398,33010.421408,40339.678806,7134,0,0.00,114.6391,1.0000
12856436.0,7329.322727,33010.841408,40340.164136,7135,0,0.00,114.6563,1.0000
12856489.0,7329.377687,33011.194742,40340.572429,7136,0,0.00,114.6609,1.0000
12856609.0,7329.502125,33011.994742,40341.496866,7137,0,0.00,114.6672,1.0000
12856703.0,7329.599601,33012.621408,40342.221009,7138,0,0.00,114.6844,1.0000
12857696.0,7330.629321,33019.241408,40349.870729,7139,0,0.00,114.6891,1.0000
12858124.0,7331.073148,33022.094742,40353.167890,7140,0,0.00,114.6938,1.0000
12858131.0,7331.080407,33022.141408,40353.221815,7141,0,0.00,114.6984,1.0000
12858667.0,7331.636228,33025.714742,40357.350969,7142,0,0.00,114.7156,1.0000
12858673.0,7331.642450,33025.754742,40357.397191,7143,0,0.00,114.7203,1.0000
12858787.0,7331.760665,33026.514742,40358.275407,7144,0,0.00,114.7375,1.0000
12858788.0,7331.761702,33026.521408,40358.283111,7145,0,0.00,114.7422,1.0000
12859060.0,7332.043761,33028.334742,40360.378502,7146,0,0.00,114.7547,1.0000
12859090.0,7332.074870,33028.534742,40360.609612,7147,0,0.00,114.7594,1.0000
12859117.0,7332.102868,33028.714742,40360.817610,7148,0,0.00,114.7781,1.0000
12859246.0,7332.236639,33029.574742,40361.811380,7149,0,0.00,114.7844,1.0000
12859304.0,7332.296784,33029.961408,40362.258192,7150,0,0.00,114.8016,1.0000
12859311.0,7332.304042,33030.008075,40362.312117,7151,0,0.00,114.8063,1.0000
12859353.0,7332.347595,33030.288075,40362.635670,7152,0,0.00,114.8156,1.0000
12859450.0,7332.448182,33030.934742,40363.382924,7153,0,0.00,114.8328,1.0000
12859788.0,7332.798681,33033.188075,40365.986756,7154,0,0.00,114.8375,1.0000
12859958.0,7332.974968,33034.321408,40367.296376,7155,0,0.00,114.8625,1.0000
12860014.0,7333.033039,33034.694742,40367.727780,7156,0,0.00,114.8688,1.0000
12860169.0,7333.193770,33035.728075,40368.921845,7157,0,0.00,114.8813,1.0000
12860397.0,7333.430202,33037.248075,40370.678277,7158,0,0.00,114.8984,1.0000
12860814.0,7333.862622,33040.028075,40373.890697,7159,0,0.00,114.9031,1.0000
12861707.0,7334.788644,33045.981408,40380.770053,7160,0,0.00,114.9203,1.0000
12861716.0,7334.797977,33046.041408,40380.839386,7161,0,0.00,114.9375,1.0000
12861785.0,7334.869529,33046.501408,40381.370937,7162,0,0.00,114.9422,1.0000
12861913.0,7335.002262,33047.354742,40382.357004,7163,0,0.00,114.9469,1.0000
12861964.0,7335.055148,33047.694742,40382.749890,7164,0,0.00,114.9516,1.0000
12862107.0,7335.203436,33048.648075,40383.851511,7165,0,0.00,114.9578,1.0000
12862200.0,7335.299875,33049.268075,40384.567950,7166,0,0.00,114.9625,1.0000
12862249.0,7335.350687,33049.594742,40384.945429,7167,0,0.00,114.9797,1.0000
12862328.0,7335.432609,33050.121408,40385.554017,7168,0,0.00,114.9969,1.0000
12862338.0,7335.442978,33050.188075,40385.631053,7169,0,0.00,115.0016,1.0000
12862511.0,7335.622376,33051.341408,40386.963784,7170,0,0.00,115.0188,1.0000
12862618.0,7335.733332,33052.054742,40387.788074,7171,0,0.00,115.0469,1.0000
12863635.0,7336.787940,33058.834742,40395.622682,7172,0,0.00,115.0516,1.0000
12867468.0,7340.762681,33084.388075,40425.150756,7173,0,0.00,115.1891,1.0000
12868853.0,7342.198898,33093.621408,40435.820306,7174,0,0.00,115.2063,1.0000
12872054.0,7345.518268,33114.961408,40460.479676,7175,0,0.00,115.2109,1.0000
12872223.0,7345.693517,33116.088075,40461.781592,7176,0,0.00,115.2484,1.0000
12872489.0,7345.969354,33117.861408,40463.830762,7177,0,0.00,115.2656,1.0000
12872492.0,7345.972465,33117.881408,40463.853873,7178,0,0.00,115.2828,1.0000
12872680.0,7346.167417,33119.134742,40465.302159,7179,0,0.00,115.3000,1.0000
12872680.0,7346.167417,33119.134742,40465.302159,7180,0,0.00,115.3172,1.0000
12872682.0,7346.169491,33119.148075,40465.317566,7181,0,0.00,115.3344,1.0000
12873021.0,7346.521027,33121.408075,40467.929102,7182,0,0.00,115.3516,1.0000
12873027.0,7346.527249,33121.448075,40467.975324,7183,0,0.00,115.3688,1.0000
12873027.0,7346.527249,33121.448075,40467.975324,7184,0,0.00,115.3734,1.0000
12873091.0,7346.593615,33121.874742,40468.468357,7185,0,0.00,115.3906,1.0000
12873188.0,7346.694202,33122.521408,40469.215611,7186,0,0.00,115.3953,1.0000
12873337.0,7346.848712,33123.514742,40470.363454,7187,0,0.00,115.3984,1.0000
12873410.0,7346.924412,33124.001408,40470.925820,7188,0,0.00,115.4031,1.0000
12873462.0,7346.978335,33124.348075,40471.326410,7189,0,0.00,115.4078,1.0000
12873484.0,7347.001148,33124.494742,40471.495890,7190,0,0.00,115.4125,1.0000
12873853.0,7347.383793,33126.954742,40474.338535,7191,0,0.00,115.4297,1.0000
12873863.0,7347.394163,33127.021408,40474.415572,7192,0,0.00,115.4344,1.0000
12873953.0,7347.487491,33127.621408,40475.108900,7193,0,0.00,115.4391,1.0000
12874160.0,7347.702146,33129.001408,40476.703554,7194,0,0.00,115.4438,1.0000
12874205.0,7347.748810,33129.301408,40477.050218,7195,0,0.00,115.4563,1.0000
12874227.0,7347.771624,33129.448075,40477.219699,7196,0,0.00,115.4734,1.0000
12874646.0,7348.206118,33132.241408,40480.447526,7197,0,0.00,115.4781,1.0000
12874788.0,7348.353369,33133.188075,40481.541444,7198,0,0.00,115.4828,1.0000
12874834.0,7348.401070,33133.494742,40481.895812,7199,0,0.00,115.4891,1.0000
12874867.0,7348.435290,33133.714742,40482.150032,7200,0,0.00,115.4938,1.0000
12875021.0,7348.594985,33134.741408,40483.336393,7201,0,0.00,115.4984,1.0000
12875277.0,7348.860452,33136.448075,40485.308527,7202,0,0.00,115.5234,1.0000
12875477.0,7349.067848,33137.781408,40486.849256,7203,0,0.00,115.5281,1.0000
12875486.0,7349.077180,33137.841408,40486.918589,7204,0,0.00,115.5328,1.0000
12875723.0,7349.322944,33139.421408,40488.744353,7205,0,0.00,115.5375,1.0000
12875872.0,7349.477454,33140.414742,40489.892196,7206,0,0.00,115.5547,1.0000
12875878.0,7349.483676,33140.454742,40489.938418,7207,0,0.00,115.5594,1.0000
12876014.0,7349.624705,33141.361408,40490.986114,7208,0,0.00,115.5641,1.0000
12876455.0,7350.082013,33144.301408,40494.383422,7209,0,0.00,115.5813,1.0000
12876741.0,7350.378589,33146.208075,40496.586664,7210,0,0.00,115.5859,1.0000
12876895.0,7350.538284,33147.234742,40497.773026,7211,0,0.00,115.6109,1.0000
12877302.0,7350.960335,33149.948075,40500.908410,7212,0,0.00,115.6156,1.0000
12878815.0,7352.529284,33160.034742,40512.564026,7213,0,0.00,115.6656,1.0000
12878817.0,7352.531358,33160.048075,40512.579433,7214,0,0.00,115.7156,1.0000
12879397.0,7353.132806,33163.914742,40517.047548,7215,0,0.00,115.7328,1.0000
12879738.0,7353.486416,33166.188075,40519.674491,7216,0,0.00,115.7500,1.0000
12879741.0,7353.489527,33166.208075,40519.697602,7217,0,0.00,115.7547,1.0000
12879743.0,7353.491601,33166.221408,40519.713009,7218,0,0.00,115.7594,1.0000
12879840.0,7353.592188,33166.868075,40520.460263,7219,0,0.00,115.7766,1.0000
12881310.0,7355.116547,33176.668075,40531.784622,7220,0,0.00,115.8266,1.0000
12881312.0,7355.118621,33176.681408,40531.800029,7221,0,0.00,115.8766,1.0000
12882384.0,7356.230263,33183.828075,40540.058338,7222,0,0.00,115.8891,1.0000
12883298.0,7357.178062,33189.921408,40547.099470,7223,0,0.00,115.9063,1.0000
12884549.0,7358.475323,33198.261408,40556.736731,7224,0,0.00,115.9109,1.0000
12885455.0,7359.414826,33204.301408,40563.716234,7225,0,0.00,115.9281,1.0000
12885456.0,7359.415863,33204.308075,40563.723938,7226,0,0.00,115.9453,1.0000
12885568.0,7359.532004,33205.054742,40564.586746,7227,0,0.00,115.9578,1.0000
12885600.0,7359.565188,33205.268075,40564.833263,7228,0,0.00,115.9750,1.0000
12885609.0,7359.574520,33205.328075,40564.902595,7229,0,0.00,115.9922,1.0000
12886361.0,7360.354329,33210.341408,40570.695737,7230,0,0.00,116.0094,1.0000
12887317.0,7361.345681,33216.714742,40578.060423,7231,0,0.00,116.0219,1.0000
12887811.0,7361.857949,33220.008075,40581.866024,7232,0,0.00,116.0391,1.0000
12887912.0,7361.962684,33220.681408,40582.644092,7233,0,0.00,116.0563,1.0000
12888038.0,7362.093343,33221.521408,40583.614751,7234,0,0.00,116.0734,1.0000
12888077.0,7362.133785,33221.781408,40583.915193,7235,0,0.00,116.0906,1.0000
12888112.0,7362.170079,33222.014742,40584.184821,7236,0,0.00,116.1078,1.0000
12888177.0,7362.237483,33222.448075,40584.685558,7237,0,0.00,116.1125,1.0000
12888906.0,7362.993441,33227.308075,40590.301516,7238,0,0.00,116.1297,1.0000
12888908.0,7362.995515,33227.321408,40590.316923,7239,0,0.00,116.1469,1.0000
12889131.0,7363.226761,33228.808075,40592.034836,7240,0,0.00,116.1516,1.0000
12889153.0,7363.249575,33228.954742,40592.204316,7241,0,0.00,116.1563,1.0000
12889178.0,7363.275499,33229.121408,40592.396907,7242,0,0.00,116.1813,1.0000
12889778.0,7363.897687,33233.121408,40597.019095,7243,0,0.00,116.2188,1.0000
12891032.0,7365.198059,33241.481408,40606.679467,7244,0,0.00,116.2359,1.0000
12891805.0,7365.999643,33246.634742,40612.634385,7245,0,0.00,116.2531,1.0000
12892294.0,7366.506726,33249.894742,40616.401468,7246,0,0.00,116.2719,1.0000
12895857.0,7370.201483,33273.648075,40643.849558,7247,0,0.00,116.2781,1.0000
12896458.0,7370.824707,33277.654742,40648.479449,7248,0,0.00,116.2953,1.0000
12896459.0,7370.825744,33277.661408,40648.487153,7249,0,0.00,116.3000,1.0000
12896985.0,7371.371195,33281.168075,40652.539270,7250,0,0.00,116.3047,1.0000
12897160.0,7371.552667,33282.334742,40653.887409,7251,0,0.00,116.3297,1.0000
12897659.0,7372.070119,33285.661408,40657.731528,7252,0,0.00,116.3469,1.0000
12898342.0,7372.778376,33290.214742,40662.993118,7253,0,0.00,116.3563,1.0000
12900505.0,7375.021362,33304.634742,40679.656104,7254,0,0.00,116.3609,1.0000
12901761.0,7376.323808,33313.008075,40689.331883,7255,0,0.00,116.3656,1.0000
