timestamp,cpu_energy_kwh,gpu_energy_kwh,total_energy_kwh,tasks_scheduled,sla_violations,avg_sla_slack,cluster_cpu_util,cluster_gpu_util
10101656.0,3404.047621,7492.061533,10896.109154,1,0,0.00,0.0469,0.0125
10101831.0,3404.108932,7492.204450,10896.313382,2,0,0.00,0.2188,0.0250
10102468.0,3404.334425,7492.772442,10897.106867,3,0,0.00,0.2656,0.0375
10102699.0,3404.417040,7492.995742,10897.412781,4,0,0.00,0.3125,0.0500
10103062.0,3404.550392,7493.373867,10897.924259,5,0,0.00,0.4375,0.0625
10103067.0,3404.552277,7493.379450,10897.931727,6,0,0.00,0.5625,0.0750
10103070.0,3404.553438,7493.383025,10897.936463,7,0,0.00,0.6875,0.0875
10103080.0,3404.557403,7493.395692,10897.953095,8,0,0.00,0.8125,0.1000
10103554.0,3404.752270,7494.031642,10898.783911,9,0,0.00,0.5000,0.1125
10103657.0,3404.795115,7494.177558,10898.972673,10,0,0.00,0.5313,0.1250
10103830.0,3404.868760,7494.435617,10899.304377,11,0,0.00,0.5938,0.1375
10104296.0,3405.073929,7495.130733,10900.204663,12,0,0.00,0.6875,0.1375
10104920.0,3405.354729,7496.108333,10901.463063,13,0,0.00,0.7500,0.1500
10105081.0,3405.429332,7496.372642,10901.801973,14,0,0.00,0.8359,0.1625
10105616.0,3405.679184,7497.291058,10902.970242,15,0,0.00,0.8594,0.1750
10106099.0,3405.906513,7498.156433,10904.062946,16,0,0.00,0.8828,0.1875
10106214.0,3405.961058,7498.371100,10904.332158,17,0,0.00,0.9063,0.2000
10106404.0,3406.051869,7498.740017,10904.791885,18,0,0.00,0.6198,0.2125
10106593.0,3406.142201,7499.106992,10905.249193,19,0,0.00,0.6615,0.2125
10106755.0,3406.220220,7499.433692,10905.653912,20,0,0.00,0.6771,0.2250
10107108.0,3406.391511,7500.172050,10906.563561,21,0,0.00,0.6927,0.2375
10107156.0,3406.414978,7500.276050,10906.691028,22,0,0.00,0.7083,0.2500
10107360.0,3406.515703,7500.733350,10907.249053,23,0,0.00,0.7292,0.2625
10107678.0,3406.673874,7501.470050,10908.143924,24,0,0.00,0.7448,0.2750
10107700.0,3406.684924,7501.522667,10908.207591,25,0,0.00,0.7656,0.2875
10108119.0,3406.899443,7502.556200,10909.455643,26,0,0.00,0.8073,0.3000
10108195.0,3406.940016,7502.749367,10909.689383,27,0,0.00,0.6758,0.3125
10108262.0,3406.976029,7502.924683,10909.900712,28,0,0.00,0.6875,0.3250
10119674.0,3413.109979,7532.786083,10945.896062,29,0,0.00,0.7344,0.3250
10119716.0,3413.132554,7532.895983,10946.028537,30,0,0.00,0.7813,0.3250
10119805.0,3413.180391,7533.128867,10946.309258,31,0,0.00,0.8281,0.3250
10119881.0,3413.221980,7533.333433,10946.555414,32,0,0.00,0.8594,0.3375
10121149.0,3413.922022,7536.841567,10950.763589,33,0,0.00,0.8750,0.3500
10121200.0,3413.950674,7536.986492,10950.937166,34,0,0.00,0.9063,0.3625
10122873.0,3414.902774,7541.866075,10956.768849,35,0,0.00,0.9297,0.3750
10122912.0,3414.925490,7541.982750,10956.908240,36,0,0.00,0.9727,0.3875
10122958.0,3414.952451,7542.123817,10957.076268,37,0,0.00,0.9844,0.4000
10122966.0,3414.957247,7542.148950,10957.106197,38,0,0.00,0.8219,0.4125
10123048.0,3415.007500,7542.412717,10957.420217,39,0,0.00,0.8563,0.4250
10123058.0,3415.013762,7542.445633,10957.459396,40,0,0.00,0.8906,0.4375
10123064.0,3415.017600,7542.465833,10957.483433,41,0,0.00,0.9250,0.4500
10191770.0,3459.628787,7778.928983,11238.557771,42,0,0.00,0.9500,0.4625
10192232.0,3459.933258,7780.553683,11240.486941,43,0,0.00,0.9750,0.4750
10192336.0,3460.002303,7780.927217,11240.929519,44,0,0.00,1.0000,0.4875
10192477.0,3460.095911,7781.444217,11241.540128,45,0,0.00,1.0094,0.5000
10192642.0,3460.205453,7782.049217,11242.254669,46,0,0.00,1.0469,0.5000
10192889.0,3460.372735,7782.973408,11243.346143,47,0,0.00,0.9010,0.5125
10192901.0,3460.381023,7783.019208,11243.400231,48,0,0.00,0.9297,0.5250
10192962.0,3460.423744,7783.256600,11243.680344,49,0,0.00,0.9505,0.5375
10193027.0,3460.469582,7783.514433,11243.984016,50,0,0.00,0.9609,0.5500
10193066.0,3460.497085,7783.669133,11244.166219,51,0,0.00,0.9922,0.5500
10193568.0,3460.862081,7785.698050,11246.560131,52,0,0.00,1.0391,0.5625
10194497.0,3461.542058,7789.522433,11251.064491,53,0,0.00,1.0495,0.5750
10195056.0,3461.956649,7791.865575,11253.822224,54,0,0.00,1.0807,0.5875
10195438.0,3462.247858,7793.524092,11255.771950,55,0,0.00,0.9643,0.6125
10195440.0,3462.249383,7793.532775,11255.782158,56,0,0.00,0.9911,0.6125
10195608.0,3462.377453,7794.262175,11256.639628,57,0,0.00,1.0179,0.6125
10195689.0,3462.439202,7794.613850,11257.053052,58,0,0.00,1.0446,0.6125
10196373.0,3462.960633,7797.634850,11260.595483,59,0,0.00,1.0714,0.6250
10196386.0,3462.970717,7797.693242,11260.663959,60,0,0.00,1.0960,0.6375
10196392.0,3462.975452,7797.720642,11260.696093,61,0,0.00,1.1205,0.6500
10196397.0,3462.979464,7797.743850,11260.723314,62,0,0.00,1.1451,0.6625
10196546.0,3463.101018,7798.446633,11261.547651,63,0,0.00,1.1696,0.6750
10196555.0,3463.108393,7798.489758,11261.598151,64,0,0.00,1.1964,0.6875
10196738.0,3463.258351,7799.380358,11262.638709,65,0,0.00,1.2232,0.7000
10196789.0,3463.300329,7799.632383,11262.932712,66,0,0.00,1.0762,0.7125
10196808.0,3463.316175,7799.727700,11263.043875,67,0,0.00,1.0938,0.7250
10197068.0,3463.536498,7801.051533,11264.588031,68,0,0.00,1.1152,0.7375
10197275.0,3463.711909,7802.105508,11265.817417,69,0,0.00,1.1387,0.7375
10197421.0,3463.835629,7802.848892,11266.684520,70,0,0.00,1.1621,0.7375
10197607.0,3463.993923,7803.809892,11267.803814,71,0,0.00,1.1680,0.7500
10198109.0,3464.426026,7806.441208,11270.867234,72,0,0.00,1.1836,0.7625
10198200.0,3464.504798,7806.925025,11271.429823,73,0,0.00,1.1914,0.7750
10198508.0,3464.775528,7808.585658,11273.361186,74,0,0.00,1.2129,0.7875
10198596.0,3464.853200,7809.066725,11273.919925,75,0,0.00,1.2188,0.8000
10198648.0,3464.899350,7809.354892,11274.254242,76,0,0.00,1.0903,0.8125
10198800.0,3465.036282,7810.208625,11275.244907,77,0,0.00,1.1094,0.8250
10198987.0,3465.205653,7811.272967,11276.478620,78,0,0.00,1.1163,0.8375
10199241.0,3465.436635,7812.737700,11278.174335,79,0,0.00,1.1215,0.8500
10199343.0,3465.529887,7813.333550,11278.863437,80,0,0.00,1.1285,0.8625
10199889.0,3466.031050,7816.564050,11282.595100,81,0,0.00,1.1337,0.8750
10199909.0,3466.049505,7816.683883,11282.733388,82,0,0.00,1.1406,0.8875
10200098.0,3466.225282,7817.830483,11284.055765,83,0,0.00,1.1510,0.9000
10200592.0,3466.695525,7820.864467,11287.559992,84,0,0.00,1.0641,0.9125
10200734.0,3466.830696,7821.736583,11288.567280,85,0,0.00,1.0828,0.9125
10200798.0,3466.891930,7822.134450,11289.026380,86,0,0.00,1.0891,0.9250
10200882.0,3466.973115,7822.662950,11289.636065,87,0,0.00,1.1016,0.9375
10201063.0,3467.148710,7823.815317,11290.964027,88,0,0.00,1.1063,0.9500
10201360.0,3467.437924,7825.728492,11293.166416,89,0,0.00,1.1109,0.9625
10201724.0,3467.795921,7828.100558,11295.896479,90,0,0.00,1.1234,0.9750
10201799.0,3467.869957,7828.594933,11296.464890,91,0,0.00,1.1281,0.9875
10209700.0,3475.707859,7881.268267,11356.976126,92,0,0.00,1.1344,1.0000
10209742.0,3475.749523,7881.548267,11357.297790,93,0,0.00,1.1531,1.0000
10209881.0,3475.887413,7882.474933,11358.362347,94,0,0.00,1.1656,1.0000
10209881.0,3475.887413,7882.474933,11358.362347,95,0,0.00,1.1781,1.0000
10209987.0,3475.992567,7883.181600,11359.174167,96,0,0.00,1.1828,1.0000
10210514.0,3476.515358,7886.694933,11363.210291,97,0,0.00,1.1875,1.0000
10210900.0,3476.898276,7889.268267,11366.166542,98,0,0.00,1.1922,1.0000
10210977.0,3476.974661,7889.781600,11366.756261,99,0,0.00,1.1969,1.0000
10211166.0,3477.162151,7891.041600,11368.203751,100,0,0.00,1.2016,1.0000
10211442.0,3477.435947,7892.881600,11370.317547,101,0,0.00,1.2188,1.0000
10211861.0,3477.851601,7895.674933,11373.526534,102,0,0.00,1.2328,1.0000
10211972.0,3477.961714,7896.414933,11374.376648,103,0,0.00,1.2391,1.0000
10212039.0,3478.028179,7896.861600,11374.889779,104,0,0.00,1.2438,1.0000
10212048.0,3478.037107,7896.921600,11374.958707,105,0,0.00,1.2484,1.0000
10212372.0,3478.358520,7899.081600,11377.440120,106,0,0.00,1.2531,1.0000
10212413.0,3478.399193,7899.354933,11377.754126,107,0,0.00,1.2578,1.0000
10212621.0,3478.605531,7900.741600,11379.347131,108,0,0.00,1.2641,1.0000
10212626.0,3478.610491,7900.774933,11379.385425,109,0,0.00,1.2688,1.0000
10212828.0,3478.810878,7902.121600,11380.932478,110,0,0.00,1.2922,1.0000
10212954.0,3478.935872,7902.961600,11381.897472,111,0,0.00,1.2969,1.0000
10212968.0,3478.949760,7903.054933,11382.004694,112,0,0.00,1.3016,1.0000
10213190.0,3479.169987,7904.534933,11383.704921,113,0,0.00,1.3250,1.0000
10260104.0,3525.709327,8217.294933,11743.004260,114,0,0.00,1.3297,1.0000
10260162.0,3525.766864,8217.681600,11743.448464,115,0,0.00,1.3469,1.0000
10260165.0,3525.769840,8217.701600,11743.471440,116,0,0.00,1.3516,1.0000
10260217.0,3525.821424,8218.048267,11743.869691,117,0,0.00,1.3563,1.0000
10260412.0,3526.014867,8219.348267,11745.363134,118,0,0.00,1.3625,1.0000
10260448.0,3526.050580,8219.588267,11745.638846,119,0,0.00,1.3750,1.0000
10260477.0,3526.079348,8219.781600,11745.860948,120,0,0.00,1.3797,1.0000
10260513.0,3526.115061,8220.021600,11746.136661,121,0,0.00,1.3891,1.0000
10260574.0,3526.175573,8220.428267,11746.603840,122,0,0.00,1.4266,1.0000
10260773.0,3526.372984,8221.754933,11748.127918,123,0,0.00,1.4328,1.0000
10260845.0,3526.444409,8222.234933,11748.679343,124,0,0.00,1.4469,1.0000
10260976.0,3526.574363,8223.108267,11749.682630,125,0,0.00,1.4531,1.0000
10261103.0,3526.700349,8223.954933,11750.655282,126,0,0.00,1.4672,1.0000
10261187.0,3526.783678,8224.514933,11751.298611,127,0,0.00,1.4813,1.0000
10261340.0,3526.935456,8225.534933,11752.470389,128,0,0.00,1.4875,1.0000
10261372.0,3526.967201,8225.748267,11752.715467,129,0,0.00,1.4938,1.0000
10261514.0,3527.108066,8226.694933,11753.803000,130,0,0.00,1.4984,1.0000
10261661.0,3527.253893,8227.674933,11754.928826,131,0,0.00,1.5031,1.0000
10261763.0,3527.355078,8228.354933,11755.710011,132,0,0.00,1.5203,1.0000
10262406.0,3527.992943,8232.641600,11760.634543,133,0,0.00,1.5266,1.0000
10262527.0,3528.112977,8233.448267,11761.561243,134,0,0.00,1.5328,1.0000
10262679.0,3528.263763,8234.461600,11762.725363,135,0,0.00,1.5578,1.0000
10263507.0,3529.085150,8239.981600,11769.066750,136,0,0.00,1.5641,1.0000
10263618.0,3529.195264,8240.721600,11769.916864,137,0,0.00,1.5688,1.0000
10263824.0,3529.399619,8242.094933,11771.494552,138,0,0.00,1.5734,1.0000
10263869.0,3529.444259,8242.394933,11771.839193,139,0,0.00,1.5781,1.0000
10263993.0,3529.567269,8243.221600,11772.788869,140,0,0.00,1.5828,1.0000
10264830.0,3530.397585,8248.801600,11779.199185,141,0,0.00,1.5875,1.0000
10265011.0,3530.577139,8250.008267,11780.585406,142,0,0.00,1.6047,1.0000
10265140.0,3530.705109,8250.868267,11781.573376,143,0,0.00,1.6172,1.0000
10265185.0,3530.749749,8251.168267,11781.918016,144,0,0.00,1.6547,1.0000
10265558.0,3531.119771,8253.654933,11784.774704,145,0,0.00,1.6734,1.0000
10266148.0,3531.705059,8257.588267,11789.293326,146,0,0.00,1.6797,1.0000
10266395.0,3531.950086,8259.234933,11791.185020,147,0,0.00,1.6859,1.0000
10266690.0,3532.242730,8261.201600,11793.444330,148,0,0.00,1.7234,1.0000
10266884.0,3532.435181,8262.494933,11794.930114,149,0,0.00,1.7297,1.0000
10266902.0,3532.453037,8262.614933,11795.067971,150,0,0.00,1.7578,1.0000
10274502.0,3539.992343,8313.281600,11853.273943,151,0,0.00,1.7828,1.0000
10275038.0,3540.524062,8316.854933,11857.378996,152,0,0.00,1.7875,1.0000
10275406.0,3540.889123,8319.308267,11860.197390,153,0,0.00,1.7922,1.0000
10276050.0,3541.527980,8323.601600,11865.129580,154,0,0.00,1.8094,1.0000
10276746.0,3542.218422,8328.241600,11870.460022,155,0,0.00,1.8141,1.0000
10277009.0,3542.479322,8329.994933,11872.474255,156,0,0.00,1.8203,1.0000
10277188.0,3542.656892,8331.188267,11873.845159,157,0,0.00,1.8250,1.0000
10277517.0,3542.983265,8333.381600,11876.364865,158,0,0.00,1.8438,1.0000
10277525.0,3542.991201,8333.434933,11876.426134,159,0,0.00,1.8625,1.0000
10277534.0,3543.000129,8333.494933,11876.495062,160,0,0.00,1.8813,1.0000
10277694.0,3543.158851,8334.561600,11877.720451,161,0,0.00,1.9000,1.0000
10277875.0,3543.338406,8335.768267,11879.106672,162,0,0.00,1.9188,1.0000
10277915.0,3543.378086,8336.034933,11879.413020,163,0,0.00,1.9234,1.0000
10281731.0,3547.163611,8361.474933,11908.638545,164,0,0.00,1.9281,1.0000
10281756.0,3547.188412,8361.641600,11908.830012,165,0,0.00,1.9406,1.0000
10281935.0,3547.365982,8362.834933,11910.200915,166,0,0.00,1.9500,1.0000
10282240.0,3547.668546,8364.868267,11912.536813,167,0,0.00,1.9625,1.0000
10282253.0,3547.681443,8364.954933,11912.636376,168,0,0.00,1.9672,1.0000
10282268.0,3547.696323,8365.054933,11912.751256,169,0,0.00,1.9719,1.0000
10282330.0,3547.757828,8365.468267,11913.226094,170,0,0.00,1.9766,1.0000
10282361.0,3547.788580,8365.674933,11913.463513,171,0,0.00,1.9938,1.0000
10282412.0,3547.839173,8366.014933,11913.854106,172,0,0.00,2.0000,1.0000
10282878.0,3548.301451,8369.121600,11917.423051,173,0,0.00,2.0172,1.0000
10282886.0,3548.309387,8369.174933,11917.484321,174,0,0.00,2.0219,1.0000
10283250.0,3548.670480,8371.601600,11920.272080,175,0,0.00,2.0391,1.0000
10283282.0,3548.702225,8371.814933,11920.517158,176,0,0.00,2.0531,1.0000
10283554.0,3548.972053,8373.628267,11922.600319,177,0,0.00,2.0672,1.0000
10283834.0,3549.249816,8375.494933,11924.744750,178,0,0.00,2.0844,1.0000
10284010.0,3549.424411,8376.668267,11926.092678,179,0,0.00,2.0891,1.0000
10284572.0,3549.981923,8380.414933,11930.396856,180,0,0.00,2.1063,1.0000
10284612.0,3550.021603,8380.681600,11930.703203,181,0,0.00,2.1234,1.0000
10284914.0,3550.321191,8382.694933,11933.016125,182,0,0.00,2.1281,1.0000
10285049.0,3550.455113,8383.594933,11934.050047,183,0,0.00,2.1328,1.0000
10285062.0,3550.468010,8383.681600,11934.149610,184,0,0.00,2.1578,1.0000
10285584.0,3550.985841,8387.161600,11938.147441,185,0,0.00,2.1828,1.0000
10285684.0,3551.085042,8387.828267,11938.913309,186,0,0.00,2.1875,1.0000
10285696.0,3551.096946,8387.908267,11939.005213,187,0,0.00,2.1922,1.0000
10286148.0,3551.545337,8390.921600,11942.466937,188,0,0.00,2.2094,1.0000
10286237.0,3551.633626,8391.514933,11943.148559,189,0,0.00,2.2219,1.0000
10286458.0,3551.852861,8392.988267,11944.841128,190,0,0.00,2.2266,1.0000
10286759.0,3552.151457,8394.994933,11947.146390,191,0,0.00,2.2516,1.0000
10286819.0,3552.210978,8395.394933,11947.605911,192,0,0.00,2.2563,1.0000
10287519.0,3552.905388,8400.061600,11952.966988,193,0,0.00,2.2813,1.0000
10287566.0,3552.952012,8400.374933,11953.326946,194,0,0.00,2.3047,1.0000
10287684.0,3553.069070,8401.161600,11954.230670,195,0,0.00,2.3297,1.0000
10287821.0,3553.204976,8402.074933,11955.279909,196,0,0.00,2.3547,1.0000
10287906.0,3553.289297,8402.641600,11955.930897,197,0,0.00,2.3828,1.0000
10287971.0,3553.353778,8403.074933,11956.428711,198,0,0.00,2.3953,1.0000
10288025.0,3553.407347,8403.434933,11956.842280,199,0,0.00,2.4016,1.0000
10288056.0,3553.438099,8403.641600,11957.079699,200,0,0.00,2.4063,1.0000
10288251.0,3553.631542,8404.941600,11958.573142,201,0,0.00,2.4344,1.0000
10288632.0,3554.009499,8407.481600,11961.491099,202,0,0.00,2.4391,1.0000
10288768.0,3554.144413,8408.388267,11962.532680,203,0,0.00,2.4578,1.0000
10296005.0,3561.323618,8456.634933,12017.958551,204,0,0.00,2.4813,1.0000
10296154.0,3561.471428,8457.628267,12019.099694,205,0,0.00,2.4859,1.0000
10296182.0,3561.499204,8457.814933,12019.314137,206,0,0.00,2.5031,1.0000
10296641.0,3561.954538,8460.874933,12022.829472,207,0,0.00,2.5078,1.0000
10296892.0,3562.203534,8462.548267,12024.751801,208,0,0.00,2.5313,1.0000
10296892.0,3562.203534,8462.548267,12024.751801,209,0,0.00,2.5547,1.0000
10296894.0,3562.205518,8462.561600,12024.767118,210,0,0.00,2.5781,1.0000
10297478.0,3562.784854,8466.454933,12029.239787,211,0,0.00,2.5953,1.0000
10297481.0,3562.787830,8466.474933,12029.262763,212,0,0.00,2.6000,1.0000
10297562.0,3562.868183,8467.014933,12029.883116,213,0,0.00,2.6172,1.0000
10297584.0,3562.890007,8467.161600,12030.051607,214,0,0.00,2.6344,1.0000
10297724.0,3563.028889,8468.094933,12031.123823,215,0,0.00,2.6391,1.0000
10297734.0,3563.038810,8468.161600,12031.200410,216,0,0.00,2.6563,1.0000
10297773.0,3563.077498,8468.421600,12031.499098,217,0,0.00,2.6609,1.0000
10297877.0,3563.180668,8469.114933,12032.295601,218,0,0.00,2.6656,1.0000
10298377.0,3563.676674,8472.448267,12036.124941,219,0,0.00,2.6719,1.0000
10298794.0,3564.090344,8475.228267,12039.318611,220,0,0.00,2.6906,1.0000
10298876.0,3564.171689,8475.774933,12039.946623,221,0,0.00,2.6969,1.0000
10299155.0,3564.448461,8477.634933,12042.083395,222,0,0.00,2.7063,1.0000
10299397.0,3564.688529,8479.248267,12043.936795,223,0,0.00,2.7109,1.0000
10299470.0,3564.760946,8479.734933,12044.495879,224,0,0.00,2.7281,1.0000
10299478.0,3564.768882,8479.788267,12044.557148,225,0,0.00,2.7453,1.0000
10299568.0,3564.858163,8480.388267,12045.246430,226,0,0.00,2.7625,1.0000
10343681.0,3608.618872,8774.474933,12383.093805,227,0,0.00,2.7688,1.0000
10343714.0,3608.651608,8774.694933,12383.346541,228,0,0.00,2.7859,1.0000
10343715.0,3608.652600,8774.701600,12383.354200,229,0,0.00,2.8031,1.0000
10344030.0,3608.965085,8776.801600,12385.766685,230,0,0.00,2.8078,1.0000
10344375.0,3609.307329,8779.101600,12388.408929,231,0,0.00,2.8266,1.0000
10344402.0,3609.334114,8779.281600,12388.615714,232,0,0.00,2.8453,1.0000
10344404.0,3609.336098,8779.294933,12388.631031,233,0,0.00,2.8625,1.0000
10344444.0,3609.375778,8779.561600,12388.937378,234,0,0.00,2.8797,1.0000
10344553.0,3609.483908,8780.288267,12389.772174,235,0,0.00,2.8984,1.0000
10344582.0,3609.512676,8780.481600,12389.994276,236,0,0.00,2.9172,1.0000
10344620.0,3609.550373,8780.734933,12390.285306,237,0,0.00,2.9234,1.0000
10344645.0,3609.575173,8780.901600,12390.476773,238,0,0.00,2.9297,1.0000
10345184.0,3610.109869,8784.494933,12394.604802,239,0,0.00,2.9344,1.0000
10345822.0,3610.742773,8788.748267,12399.491040,240,0,0.00,2.9406,1.0000
10345859.0,3610.779478,8788.994933,12399.774411,241,0,0.00,2.9453,1.0000
10345885.0,3610.805270,8789.168267,12399.973537,242,0,0.00,2.9578,1.0000
10345975.0,3610.894552,8789.768267,12400.662818,243,0,0.00,2.9750,1.0000
10347405.0,3612.313131,8799.301600,12411.614731,244,0,0.00,3.0000,1.0000
10347728.0,3612.633552,8801.454933,12414.088485,245,0,0.00,3.0047,1.0000
10347817.0,3612.721841,8802.048267,12414.770108,246,0,0.00,3.0109,1.0000
10347973.0,3612.876595,8803.088267,12415.964862,247,0,0.00,3.0297,1.0000
10347977.0,3612.880563,8803.114933,12415.995497,248,0,0.00,3.0484,1.0000
10348022.0,3612.925204,8803.414933,12416.340137,249,0,0.00,3.0672,1.0000
10348057.0,3612.959924,8803.648267,12416.608191,250,0,0.00,3.0953,1.0000
10348094.0,3612.996629,8803.894933,12416.891562,251,0,0.00,3.1000,1.0000
10348096.0,3612.998613,8803.908267,12416.906880,252,0,0.00,3.1188,1.0000
10348132.0,3613.034326,8804.148267,12417.182592,253,0,0.00,3.1375,1.0000
10348477.0,3613.376570,8806.448267,12419.824837,254,0,0.00,3.1563,1.0000
10348594.0,3613.492636,8807.228267,12420.720903,255,0,0.00,3.1750,1.0000
10349004.0,3613.899362,8809.961600,12423.860962,256,0,0.00,3.2031,1.0000
10349014.0,3613.909282,8810.028267,12423.937548,257,0,0.00,3.2219,1.0000
10349068.0,3613.962851,8810.388267,12424.351117,258,0,0.00,3.2406,1.0000
10349201.0,3614.094788,8811.274933,12425.369722,259,0,0.00,3.2656,1.0000
10349365.0,3614.257479,8812.368267,12426.625745,260,0,0.00,3.2828,1.0000
10349476.0,3614.367592,8813.108267,12427.475859,261,0,0.00,3.2953,1.0000
10349496.0,3614.387432,8813.241600,12427.629032,262,0,0.00,3.3016,1.0000
10349561.0,3614.451913,8813.674933,12428.126847,263,0,0.00,3.3266,1.0000
10349678.0,3614.567979,8814.454933,12429.022912,264,0,0.00,3.3328,1.0000
10350125.0,3615.011409,8817.434933,12432.446343,265,0,0.00,3.3516,1.0000
10350130.0,3615.016369,8817.468267,12432.484636,266,0,0.00,3.3703,1.0000
10350591.0,3615.473688,8820.541600,12436.015288,267,0,0.00,3.3891,1.0000
10350733.0,3615.614554,8821.488267,12437.102820,268,0,0.00,3.4078,1.0000
10352281.0,3617.150191,8831.808267,12448.958458,269,0,0.00,3.4141,1.0000
10352735.0,3617.600565,8834.834933,12452.435499,270,0,0.00,3.4188,1.0000
10352776.0,3617.641238,8835.108267,12452.749505,271,0,0.00,3.4438,1.0000
10352901.0,3617.765240,8835.941600,12453.706840,272,0,0.00,3.4625,1.0000
10352949.0,3617.812856,8836.261600,12454.074456,273,0,0.00,3.4813,1.0000
10353010.0,3617.873369,8836.668267,12454.541636,274,0,0.00,3.5000,1.0000
10353158.0,3618.020187,8837.654933,12455.675121,275,0,0.00,3.5234,1.0000
10353265.0,3618.126333,8838.368267,12456.494599,276,0,0.00,3.5281,1.0000
10353271.0,3618.132285,8838.408267,12456.540552,277,0,0.00,3.5328,1.0000
10353550.0,3618.409057,8840.268267,12458.677323,278,0,0.00,3.5391,1.0000
10360992.0,3625.791624,8889.881600,12515.673224,279,0,0.00,3.5625,1.0000
10361018.0,3625.817416,8890.054933,12515.872350,280,0,0.00,3.5859,1.0000
10361057.0,3625.856105,8890.314933,12516.171038,281,0,0.00,3.6031,1.0000
10361087.0,3625.885865,8890.514933,12516.400799,282,0,0.00,3.6078,1.0000
10361148.0,3625.946378,8890.921600,12516.867978,283,0,0.00,3.6203,1.0000
10362004.0,3626.795542,8896.628267,12523.423809,284,0,0.00,3.6438,1.0000
10362009.0,3626.800502,8896.661600,12523.462102,285,0,0.00,3.6625,1.0000
10362192.0,3626.982041,8897.881600,12524.863641,286,0,0.00,3.6797,1.0000
10362242.0,3627.031641,8898.214933,12525.246575,287,0,0.00,3.6844,1.0000
10362464.0,3627.251869,8899.694933,12526.946802,288,0,0.00,3.7031,1.0000
10362608.0,3627.394719,8900.654933,12528.049652,289,0,0.00,3.7219,1.0000
10362627.0,3627.413567,8900.781600,12528.195167,290,0,0.00,3.7281,1.0000
10363056.0,3627.839141,8903.641600,12531.480741,291,0,0.00,3.7344,1.0000
10364477.0,3629.248793,8913.114933,12542.363726,292,0,0.00,3.7594,1.0000
10364499.0,3629.270617,8913.261600,12542.532217,293,0,0.00,3.7766,1.0000
10365106.0,3629.872769,8917.308267,12547.181036,294,0,0.00,3.7813,1.0000
10365188.0,3629.954114,8917.854933,12547.809048,295,0,0.00,3.7859,1.0000
10365764.0,3630.525514,8921.694933,12552.220448,296,0,0.00,3.8109,1.0000
10365812.0,3630.573131,8922.014933,12552.588064,297,0,0.00,3.8359,1.0000
10365815.0,3630.576107,8922.034933,12552.611040,298,0,0.00,3.8609,1.0000
10366402.0,3631.158419,8925.948267,12557.106686,299,0,0.00,3.8656,1.0000
10366634.0,3631.388566,8927.494933,12558.883500,300,0,0.00,3.8844,1.0000
10366655.0,3631.409399,8927.634933,12559.044332,301,0,0.00,3.8969,1.0000
10366655.0,3631.409399,8927.634933,12559.044332,302,0,0.00,3.9094,1.0000
10366673.0,3631.427255,8927.754933,12559.182188,303,0,0.00,3.9281,1.0000
10366675.0,3631.429239,8927.768267,12559.197506,304,0,0.00,3.9469,1.0000
10366864.0,3631.616730,8929.028267,12560.644996,305,0,0.00,3.9656,1.0000
10366923.0,3631.675259,8929.421600,12561.096859,306,0,0.00,3.9703,1.0000
10367089.0,3631.839933,8930.528267,12562.368199,307,0,0.00,3.9875,1.0000
10367276.0,3632.025439,8931.774933,12563.800373,308,0,0.00,4.0063,1.0000
10367461.0,3632.208962,8933.008267,12565.217229,309,0,0.00,4.0250,1.0000
10367581.0,3632.328004,8933.808267,12566.136270,310,0,0.00,4.0500,1.0000
10368044.0,3632.787306,8936.894933,12569.682239,311,0,0.00,4.0672,1.0000
10368051.0,3632.794250,8936.941600,12569.735850,312,0,0.00,4.0844,1.0000
10368169.0,3632.911308,8937.728267,12570.639574,313,0,0.00,4.1031,1.0000
10368553.0,3633.292241,8940.288267,12573.580508,314,0,0.00,4.1281,1.0000
10368935.0,3633.671190,8942.834933,12576.506124,315,0,0.00,4.1563,1.0000
10369049.0,3633.784280,8943.594933,12577.379213,316,0,0.00,4.1609,1.0000
10369221.0,3633.954906,8944.741600,12578.696506,317,0,0.00,4.1844,1.0000
10369226.0,3633.959866,8944.774933,12578.734800,318,0,0.00,4.2078,1.0000
10369226.0,3633.959866,8944.774933,12578.734800,319,0,0.00,4.2313,1.0000
10369368.0,3634.100732,8945.721600,12579.822332,320,0,0.00,4.2484,1.0000
10369381.0,3634.113629,8945.808267,12579.921895,321,0,0.00,4.2531,1.0000
10369594.0,3634.324928,8947.228267,12581.553194,322,0,0.00,4.2578,1.0000
10369742.0,3634.471746,8948.214933,12582.686679,323,0,0.00,4.2828,1.0000
10369814.0,3634.543171,8948.694933,12583.238104,324,0,0.00,4.2875,1.0000
10369891.0,3634.619556,8949.208267,12583.827822,325,0,0.00,4.2891,1.0000
10369903.0,3634.631460,8949.288267,12583.919727,326,0,0.00,4.3141,1.0000
10370121.0,3634.847719,8950.741600,12585.589319,327,0,0.00,4.3391,1.0000
10370192.0,3634.918152,8951.214933,12586.133085,328,0,0.00,4.3484,1.0000
10370195.0,3634.921128,8951.234933,12586.156061,329,0,0.00,4.3531,1.0000
10370418.0,3635.142347,8952.721600,12587.863947,330,0,0.00,4.3578,1.0000
10370444.0,3635.168139,8952.894933,12588.063073,331,0,0.00,4.3641,1.0000
10370779.0,3635.500464,8955.128267,12590.628731,332,0,0.00,4.3688,1.0000
10370813.0,3635.534193,8955.354933,12590.889126,333,0,0.00,4.3734,1.0000
10370815.0,3635.536177,8955.368267,12590.904443,334,0,0.00,4.3781,1.0000
10371165.0,3635.883381,8957.701600,12593.584981,335,0,0.00,4.4031,1.0000
10371552.0,3636.267291,8960.281600,12596.548891,336,0,0.00,4.4078,1.0000
10390019.0,3654.586811,9083.394933,12737.981745,337,0,0.00,4.4203,1.0000
10390460.0,3655.024289,9086.334933,12741.359223,338,0,0.00,4.4266,1.0000
10390495.0,3655.059010,9086.568267,12741.627277,339,0,0.00,4.4328,1.0000
10390956.0,3655.516328,9089.641600,12745.157928,340,0,0.00,4.4453,1.0000
10391797.0,3656.350612,9095.248267,12751.598879,341,0,0.00,4.4516,1.0000
10392044.0,3656.595639,9096.894933,12753.490573,342,0,0.00,4.4641,1.0000
10392058.0,3656.609528,9096.988267,12753.597794,343,0,0.00,4.4781,1.0000
10392193.0,3656.743449,9097.888267,12754.631716,344,0,0.00,4.4828,1.0000
10392464.0,3657.012285,9099.694933,12756.707219,345,0,0.00,4.5203,1.0000
10392524.0,3657.071806,9100.094933,12757.166739,346,0,0.00,4.5266,1.0000
10392696.0,3657.242432,9101.241600,12758.484032,347,0,0.00,4.5453,1.0000
10392972.0,3657.516228,9103.081600,12760.597828,348,0,0.00,4.5594,1.0000
10393119.0,3657.662054,9104.061600,12761.723654,349,0,0.00,4.5781,1.0000
10432820.0,3697.045998,9368.734933,13065.780931,350,0,0.00,4.5844,1.0000
10432946.0,3697.170991,9369.574933,13066.745925,351,0,0.00,4.6016,1.0000
10433225.0,3697.447763,9371.434933,13068.882697,352,0,0.00,4.6063,1.0000
10433505.0,3697.725527,9373.301600,13071.027127,353,0,0.00,4.6109,1.0000
10433553.0,3697.773144,9373.621600,13071.394744,354,0,0.00,4.6172,1.0000
10433611.0,3697.830681,9374.008267,13071.838947,355,0,0.00,4.6219,1.0000
10433709.0,3697.927898,9374.661600,13072.589498,356,0,0.00,4.6391,1.0000
10433799.0,3698.017179,9375.261600,13073.278779,357,0,0.00,4.6563,1.0000
10433959.0,3698.175902,9376.328267,13074.504168,358,0,0.00,4.6625,1.0000
10434155.0,3698.370336,9377.634933,13076.005270,359,0,0.00,4.6719,1.0000
10434472.0,3698.684805,9379.748267,13078.433071,360,0,0.00,4.6766,1.0000
10434545.0,3698.757222,9380.234933,13078.992155,361,0,0.00,4.6938,1.0000
10434573.0,3698.784998,9380.421600,13079.206598,362,0,0.00,4.7109,1.0000
10434999.0,3699.207596,9383.261600,13082.469196,363,0,0.00,4.7156,1.0000
10435326.0,3699.531985,9385.441600,13084.973585,364,0,0.00,4.7406,1.0000
10435374.0,3699.579601,9385.761600,13085.341201,365,0,0.00,4.7578,1.0000
10435598.0,3699.801812,9387.254933,13087.056746,366,0,0.00,4.7703,1.0000
10435669.0,3699.872245,9387.728267,13087.600512,367,0,0.00,4.7844,1.0000
10436334.0,3700.531935,9392.161600,13092.693535,368,0,0.00,4.7984,1.0000
10436385.0,3700.582527,9392.501600,13093.084127,369,0,0.00,4.8156,1.0000
10436392.0,3700.589471,9392.548267,13093.137738,370,0,0.00,4.8219,1.0000
10436392.0,3700.589471,9392.548267,13093.137738,371,0,0.00,4.8344,1.0000
10436424.0,3700.621216,9392.761600,13093.382816,372,0,0.00,4.8516,1.0000
10436454.0,3700.650976,9392.961600,13093.612576,373,0,0.00,4.8563,1.0000
10436461.0,3700.657920,9393.008267,13093.666187,374,0,0.00,4.8625,1.0000
10436556.0,3700.752162,9393.641600,13094.393762,375,0,0.00,4.8688,1.0000
10436721.0,3700.915844,9394.741600,13095.657444,376,0,0.00,4.8734,1.0000
10437388.0,3701.577517,9399.188267,13100.765784,377,0,0.00,4.8797,1.0000
10437520.0,3701.708463,9400.068267,13101.776730,378,0,0.00,4.8844,1.0000
10437771.0,3701.957459,9401.741600,13103.699059,379,0,0.00,4.8891,1.0000
10437793.0,3701.979283,9401.888267,13103.867549,380,0,0.00,4.9016,1.0000
10438117.0,3702.300695,9404.048267,13106.348962,381,0,0.00,4.9203,1.0000
10438120.0,3702.303671,9404.068267,13106.371938,382,0,0.00,4.9250,1.0000
10438490.0,3702.670716,9406.534933,13109.205650,383,0,0.00,4.9297,1.0000
10438646.0,3702.825471,9407.574933,13110.400404,384,0,0.00,4.9469,1.0000
10438828.0,3703.006017,9408.788267,13111.794284,385,0,0.00,4.9609,1.0000
10438984.0,3703.160771,9409.828267,13112.989038,386,0,0.00,4.9750,1.0000
10439238.0,3703.412743,9411.521600,13114.934343,387,0,0.00,4.9797,1.0000
10439500.0,3703.672651,9413.268267,13116.940917,388,0,0.00,4.9969,1.0000
10439612.0,3703.783756,9414.014933,13117.798689,389,0,0.00,5.0031,1.0000
10439715.0,3703.885934,9414.701600,13118.587534,390,0,0.00,5.0078,1.0000
10439780.0,3703.950414,9415.134933,13119.085348,391,0,0.00,5.0125,1.0000
10462043.0,3726.035620,9563.554933,13289.590553,392,0,0.00,5.0266,1.0000
10462484.0,3726.473098,9566.494933,13292.968031,393,0,0.00,5.0328,1.0000
10462683.0,3726.670509,9567.821600,13294.492109,394,0,0.00,5.0516,1.0000
10462689.0,3726.676461,9567.861600,13294.538061,395,0,0.00,5.0703,1.0000
10462806.0,3726.792526,9568.641600,13295.434126,396,0,0.00,5.0891,1.0000
10463316.0,3727.298453,9572.041600,13299.340053,397,0,0.00,5.1016,1.0000
10463316.0,3727.298453,9572.041600,13299.340053,398,0,0.00,5.1141,1.0000
10463437.0,3727.418487,9572.848267,13300.266754,399,0,0.00,5.1328,1.0000
10463704.0,3727.683355,9574.628267,13302.311621,400,0,0.00,5.1375,1.0000
10463934.0,3727.911518,9576.161600,13304.073118,401,0,0.00,5.1750,1.0000
10464624.0,3728.596007,9580.761600,13309.357607,402,0,0.00,5.1797,1.0000
10464849.0,3728.819211,9582.261600,13311.080811,403,0,0.00,5.1859,1.0000
10464987.0,3728.956109,9583.181600,13312.137709,404,0,0.00,5.1922,1.0000
10605761.0,3868.605872,10521.674933,14390.280805,405,0,0.00,5.2109,1.0000
10606214.0,3869.055254,10524.694933,14393.750187,406,0,0.00,5.2281,1.0000
10606251.0,3869.091959,10524.941600,14394.033559,407,0,0.00,5.2453,1.0000
10606253.0,3869.093943,10524.954933,14394.048876,408,0,0.00,5.2625,1.0000
10606258.0,3869.098903,10524.988267,14394.087169,409,0,0.00,5.2797,1.0000
10606419.0,3869.258617,10526.061600,14395.320217,410,0,0.00,5.2922,1.0000
10606788.0,3869.624670,10528.521600,14398.146270,411,0,0.00,5.2969,1.0000
10607376.0,3870.207974,10532.441600,14402.649574,412,0,0.00,5.3031,1.0000
10607398.0,3870.229798,10532.588267,14402.818065,413,0,0.00,5.3078,1.0000
10607576.0,3870.406377,10533.774933,14404.181310,414,0,0.00,5.3125,1.0000
10607608.0,3870.438121,10533.988267,14404.426388,415,0,0.00,5.3297,1.0000
10607623.0,3870.453002,10534.088267,14404.541268,416,0,0.00,5.3469,1.0000
10607663.0,3870.492682,10534.354933,14404.847615,417,0,0.00,5.3516,1.0000
10607957.0,3870.784334,10536.314933,14407.099268,418,0,0.00,5.3563,1.0000
10608029.0,3870.855759,10536.794933,14407.650693,419,0,0.00,5.3609,1.0000
10608060.0,3870.886512,10537.001600,14407.888112,420,0,0.00,5.3797,1.0000
10608064.0,3870.890480,10537.028267,14407.918746,421,0,0.00,5.4078,1.0000
10608152.0,3870.977777,10537.614933,14408.592710,422,0,0.00,5.4266,1.0000
10608654.0,3871.475768,10540.961600,14412.437368,423,0,0.00,5.4766,1.0000
10608655.0,3871.476760,10540.968267,14412.445027,424,0,0.00,5.5266,1.0000
10608731.0,3871.552153,10541.474933,14413.027086,425,0,0.00,5.5328,1.0000
10608824.0,3871.644410,10542.094933,14413.739344,426,0,0.00,5.5500,1.0000
10608911.0,3871.730715,10542.674933,14414.405649,427,0,0.00,5.5672,1.0000
10608922.0,3871.741628,10542.748267,14414.489894,428,0,0.00,5.5719,1.0000
10609035.0,3871.853725,10543.501600,14415.355325,429,0,0.00,5.5906,1.0000
10609680.0,3872.493574,10547.801600,14420.295174,430,0,0.00,5.6078,1.0000
10609831.0,3872.643368,10548.808267,14421.451635,431,0,0.00,5.6578,1.0000
10609831.0,3872.643368,10548.808267,14421.451635,432,0,0.00,5.7078,1.0000
10609833.0,3872.645352,10548.821600,14421.466952,433,0,0.00,5.7578,1.0000
10610123.0,3872.933036,10550.754933,14423.687970,434,0,0.00,5.7828,1.0000
10610472.0,3873.279249,10553.081600,14426.360849,435,0,0.00,5.7875,1.0000
10610584.0,3873.390355,10553.828267,14427.218621,436,0,0.00,5.7922,1.0000
10610643.0,3873.448884,10554.221600,14427.670484,437,0,0.00,5.7969,1.0000
10610689.0,3873.494516,10554.528267,14428.022783,438,0,0.00,5.8250,1.0000
10610690.0,3873.495508,10554.534933,14428.030441,439,0,0.00,5.8531,1.0000
10610791.0,3873.595702,10555.208267,14428.803968,440,0,0.00,5.8766,1.0000
10610840.0,3873.644310,10555.534933,14429.179244,441,0,0.00,5.8938,1.0000
10610930.0,3873.733591,10556.134933,14429.868525,442,0,0.00,5.8953,1.0000
10611007.0,3873.809977,10556.648267,14430.458243,443,0,0.00,5.9016,1.0000
10611220.0,3874.021276,10558.068267,14432.089542,444,0,0.00,5.9063,1.0000
10611619.0,3874.417089,10560.728267,14435.145356,445,0,0.00,5.9109,1.0000
10611842.0,3874.638308,10562.214933,14436.853241,446,0,0.00,5.9328,1.0000
10616771.0,3879.527945,10595.074933,14474.602878,447,0,0.00,5.9359,1.0000
10617324.0,3880.076528,10598.761600,14478.838128,448,0,0.00,5.9422,1.0000
10617651.0,3880.400917,10600.941600,14481.342517,449,0,0.00,5.9703,1.0000
10617680.0,3880.429685,10601.134933,14481.564619,450,0,0.00,5.9766,1.0000
10617694.0,3880.443573,10601.228267,14481.671840,451,0,0.00,5.9828,1.0000
10617708.0,3880.457462,10601.321600,14481.779062,452,0,0.00,5.9891,1.0000
10618001.0,3880.748122,10603.274933,14484.023055,453,0,0.00,5.9953,1.0000
10618278.0,3881.022910,10605.121600,14486.144510,454,0,0.00,6.0000,1.0000
10619240.0,3881.977227,10611.534933,14493.512160,455,0,0.00,6.0047,1.0000
10619379.0,3882.115117,10612.461600,14494.576717,456,0,0.00,6.0297,1.0000
10619480.0,3882.215310,10613.134933,14495.350244,457,0,0.00,6.0469,1.0000
10619521.0,3882.255983,10613.408267,14495.664249,458,0,0.00,6.0531,1.0000
10619523.0,3882.257967,10613.421600,14495.679567,459,0,0.00,6.0594,1.0000
10619649.0,3882.382961,10614.261600,14496.644561,460,0,0.00,6.0766,1.0000
10619925.0,3882.656756,10616.101600,14498.758356,461,0,0.00,6.0828,1.0000
10620055.0,3882.785718,10616.968267,14499.753985,462,0,0.00,6.0875,1.0000
10620914.0,3883.637858,10622.694933,14506.332791,463,0,0.00,6.1109,1.0000
10620936.0,3883.659682,10622.841600,14506.501282,464,0,0.00,6.1297,1.0000
10620997.0,3883.720195,10623.248267,14506.968462,465,0,0.00,6.1484,1.0000
10621013.0,3883.736068,10623.354933,14507.091001,466,0,0.00,6.1531,1.0000
10621070.0,3883.792612,10623.734933,14507.527546,467,0,0.00,6.1766,1.0000
10621072.0,3883.794596,10623.748267,14507.542863,468,0,0.00,6.2000,1.0000
10621075.0,3883.797572,10623.768267,14507.565839,469,0,0.00,6.2047,1.0000
10621079.0,3883.801540,10623.794933,14507.596474,470,0,0.00,6.2109,1.0000
10621163.0,3883.884870,10624.354933,14508.239803,471,0,0.00,6.2344,1.0000
10621473.0,3884.192394,10626.421600,14510.613994,472,0,0.00,6.2438,1.0000
10621534.0,3884.252907,10626.828267,14511.081173,473,0,0.00,6.2484,1.0000
10621540.0,3884.258859,10626.868267,14511.127126,474,0,0.00,6.2734,1.0000
10621911.0,3884.626896,10629.341600,14513.968496,475,0,0.00,6.2969,1.0000
10622088.0,3884.802482,10630.521600,14515.324082,476,0,0.00,6.3016,1.0000
10622215.0,3884.928468,10631.368267,14516.296735,477,0,0.00,6.3063,1.0000
10622339.0,3885.051478,10632.194933,14517.246411,478,0,0.00,6.3203,1.0000
10622381.0,3885.093143,10632.474933,14517.568076,479,0,0.00,6.3438,1.0000
10622536.0,3885.246905,10633.508267,14518.755171,480,0,0.00,6.3484,1.0000
10622843.0,3885.551453,10635.554933,14521.106386,481,0,0.00,6.3547,1.0000
10622994.0,3885.701247,10636.561600,14522.262847,482,0,0.00,6.3594,1.0000
10623089.0,3885.795488,10637.194933,14522.990422,483,0,0.00,6.3641,1.0000
10623164.0,3885.869889,10637.694933,14523.564823,484,0,0.00,6.3766,1.0000
10623875.0,3886.575211,10642.434933,14529.010145,485,0,0.00,6.4016,1.0000
10623916.0,3886.615884,10642.708267,14529.324151,486,0,0.00,6.4063,1.0000
10623951.0,3886.650604,10642.941600,14529.592204,487,0,0.00,6.4109,1.0000
10623981.0,3886.680365,10643.141600,14529.821965,488,0,0.00,6.4156,1.0000
10623984.0,3886.683341,10643.161600,14529.844941,489,0,0.00,6.4203,1.0000
10624068.0,3886.766670,10643.721600,14530.488270,490,0,0.00,6.4438,1.0000
10624182.0,3886.879760,10644.481600,14531.361360,491,0,0.00,6.4484,1.0000
10624232.0,3886.929360,10644.814933,14531.744294,492,0,0.00,6.4531,1.0000
10624269.0,3886.966065,10645.061600,14532.027665,493,0,0.00,6.4578,1.0000
10624621.0,3887.315254,10647.408267,14534.723520,494,0,0.00,6.4625,1.0000
10624837.0,3887.529529,10648.848267,14536.377795,495,0,0.00,6.4672,1.0000
10625058.0,3887.748764,10650.321600,14538.070364,496,0,0.00,6.4719,1.0000
10625248.0,3887.937246,10651.588267,14539.525513,497,0,0.00,6.4781,1.0000
10625532.0,3888.218978,10653.481600,14541.700578,498,0,0.00,6.4828,1.0000
10625567.0,3888.253699,10653.714933,14541.968632,499,0,0.00,6.4875,1.0000
10625608.0,3888.294371,10653.988267,14542.282638,500,0,0.00,6.5047,1.0000
10625887.0,3888.571143,10655.848267,14544.419410,501,0,0.00,6.5094,1.0000
10625979.0,3888.662409,10656.461600,14545.124009,502,0,0.00,6.5141,1.0000
10626014.0,3888.697129,10656.694933,14545.392062,503,0,0.00,6.5188,1.0000
10626024.0,3888.707049,10656.761600,14545.468649,504,0,0.00,6.5250,1.0000
10626288.0,3888.968941,10658.521600,14547.490541,505,0,0.00,6.5297,1.0000
10626406.0,3889.085998,10659.308267,14548.394265,506,0,0.00,6.5344,1.0000
10626422.0,3889.101871,10659.414933,14548.516804,507,0,0.00,6.5516,1.0000
10626535.0,3889.213968,10660.168267,14549.382235,508,0,0.00,6.5641,1.0000
10626709.0,3889.386579,10661.328267,14550.714845,509,0,0.00,6.5781,1.0000
10626716.0,3889.393523,10661.374933,14550.768456,510,0,0.00,6.5828,1.0000
10626940.0,3889.615734,10662.868267,14552.484001,511,0,0.00,6.5953,1.0000
10626997.0,3889.672279,10663.248267,14552.920545,512,0,0.00,6.6000,1.0000
10627009.0,3889.684183,10663.328267,14553.012449,513,0,0.00,6.6047,1.0000
10627217.0,3889.890522,10664.714933,14554.605455,514,0,0.00,6.6094,1.0000
10627477.0,3890.148445,10666.448267,14556.596712,515,0,0.00,6.6344,1.0000
10627637.0,3890.307168,10667.514933,14557.822101,516,0,0.00,6.6391,1.0000
10627657.0,3890.327008,10667.648267,14557.975274,517,0,0.00,6.6578,1.0000
10627857.0,3890.525411,10668.981600,14559.507011,518,0,0.00,6.6625,1.0000
10628078.0,3890.744646,10670.454933,14561.199579,519,0,0.00,6.6672,1.0000
10628141.0,3890.807143,10670.874933,14561.682076,520,0,0.00,6.6719,1.0000
10628171.0,3890.836903,10671.074933,14561.911836,521,0,0.00,6.6766,1.0000
10628219.0,3890.884520,10671.394933,14562.279453,522,0,0.00,6.6891,1.0000
10628333.0,3890.997609,10672.154933,14563.152543,523,0,0.00,6.6938,1.0000
10628449.0,3891.112683,10672.928267,14564.040949,524,0,0.00,6.6984,1.0000
10628579.0,3891.241645,10673.794933,14565.036578,525,0,0.00,6.7234,1.0000
10628816.0,3891.476752,10675.374933,14566.851685,526,0,0.00,6.7281,1.0000
10629037.0,3891.695987,10676.848267,14568.544254,527,0,0.00,6.7469,1.0000
10629105.0,3891.763444,10677.301600,14569.065044,528,0,0.00,6.7641,1.0000
10629108.0,3891.766420,10677.321600,14569.088020,529,0,0.00,6.7703,1.0000
10629109.0,3891.767412,10677.328267,14569.095679,530,0,0.00,6.7750,1.0000
10629464.0,3892.119577,10679.694933,14571.814510,531,0,0.00,6.7797,1.0000
10629645.0,3892.299131,10680.901600,14573.200731,532,0,0.00,6.7922,1.0000
10629692.0,3892.345756,10681.214933,14573.560689,533,0,0.00,6.7969,1.0000
10630406.0,3893.054054,10685.974933,14579.028987,534,0,0.00,6.8016,1.0000
10634435.0,3897.050878,10712.834933,14609.885811,535,0,0.00,6.8188,1.0000
10634499.0,3897.114367,10713.261600,14610.375967,536,0,0.00,6.8438,1.0000
10634588.0,3897.202656,10713.854933,14611.057589,537,0,0.00,6.8500,1.0000
10634702.0,3897.315746,10714.614933,14611.930679,538,0,0.00,6.8547,1.0000
10635133.0,3897.743304,10717.488267,14615.231570,539,0,0.00,6.8734,1.0000
10635301.0,3897.909962,10718.608267,14616.518229,540,0,0.00,6.8781,1.0000
10635708.0,3898.313712,10721.321600,14619.635312,541,0,0.00,6.8844,1.0000
10636450.0,3899.049786,10726.268267,14625.318053,542,0,0.00,6.8891,1.0000
10636604.0,3899.202556,10727.294933,14626.497489,543,0,0.00,6.8938,1.0000
10636619.0,3899.217436,10727.394933,14626.612370,544,0,0.00,6.8984,1.0000
10636821.0,3899.417823,10728.741600,14628.159423,545,0,0.00,6.9109,1.0000
10636834.0,3899.430719,10728.828267,14628.258986,546,0,0.00,6.9234,1.0000
10637322.0,3899.914822,10732.081600,14631.996422,547,0,0.00,6.9281,1.0000
10637407.0,3899.999143,10732.648267,14632.647410,548,0,0.00,6.9453,1.0000
10637671.0,3900.261035,10734.408267,14634.669302,549,0,0.00,6.9500,1.0000
10637870.0,3900.458446,10735.734933,14636.193379,550,0,0.00,6.9547,1.0000
10637935.0,3900.522927,10736.168267,14636.691193,551,0,0.00,6.9594,1.0000
10638056.0,3900.642960,10736.974933,14637.617894,552,0,0.00,6.9641,1.0000
10638109.0,3900.695537,10737.328267,14638.023804,553,0,0.00,6.9813,1.0000
10638114.0,3900.700497,10737.361600,14638.062097,554,0,0.00,6.9938,1.0000
10638115.0,3900.701489,10737.368267,14638.069756,555,0,0.00,7.0000,1.0000
10638273.0,3900.858227,10738.421600,14639.279827,556,0,0.00,7.0047,1.0000
10638595.0,3901.177656,10740.568267,14641.745922,557,0,0.00,7.0094,1.0000
10638652.0,3901.234201,10740.948267,14642.182467,558,0,0.00,7.0266,1.0000
10638729.0,3901.310586,10741.461600,14642.772186,559,0,0.00,7.0313,1.0000
10638744.0,3901.325466,10741.561600,14642.887066,560,0,0.00,7.0438,1.0000
10638906.0,3901.486172,10742.641600,14644.127772,561,0,0.00,7.0609,1.0000
10639074.0,3901.652830,10743.761600,14645.414430,562,0,0.00,7.0656,1.0000
10639297.0,3901.874049,10745.248267,14647.122316,563,0,0.00,7.0703,1.0000
10639399.0,3901.975235,10745.928267,14647.903502,564,0,0.00,7.0750,1.0000
10639496.0,3902.071460,10746.574933,14648.646394,565,0,0.00,7.0797,1.0000
10639679.0,3902.252999,10747.794933,14650.047932,566,0,0.00,7.0859,1.0000
10639890.0,3902.462314,10749.201600,14651.663914,567,0,0.00,7.0906,1.0000
10639932.0,3902.503978,10749.481600,14651.985578,568,0,0.00,7.0953,1.0000
10639998.0,3902.569451,10749.921600,14652.491051,569,0,0.00,7.1078,1.0000
10640082.0,3902.652780,10750.481600,14653.134380,570,0,0.00,7.1266,1.0000
10640985.0,3903.548569,10756.501600,14660.050169,571,0,0.00,7.1313,1.0000
10641008.0,3903.571385,10756.654933,14660.226319,572,0,0.00,7.1438,1.0000
10641174.0,3903.736060,10757.761600,14661.497660,573,0,0.00,7.1609,1.0000
10641229.0,3903.790620,10758.128267,14661.918887,574,0,0.00,7.1781,1.0000
10641293.0,3903.854109,10758.554933,14662.409043,575,0,0.00,7.1828,1.0000
10641464.0,3904.023744,10759.694933,14663.718677,576,0,0.00,7.1875,1.0000
10641548.0,3904.107073,10760.254933,14664.362006,577,0,0.00,7.1922,1.0000
10641879.0,3904.435429,10762.461600,14666.897029,578,0,0.00,7.1969,1.0000
10641958.0,3904.513798,10762.988267,14667.502065,579,0,0.00,7.2016,1.0000
10642072.0,3904.626888,10763.748267,14668.375155,580,0,0.00,7.2063,1.0000
10642124.0,3904.678473,10764.094933,14668.773406,581,0,0.00,7.2188,1.0000
10642305.0,3904.858027,10765.301600,14670.159627,582,0,0.00,7.2234,1.0000
10642400.0,3904.952269,10765.934933,14670.887202,583,0,0.00,7.2359,1.0000
10642530.0,3905.081230,10766.801600,14671.882830,584,0,0.00,7.2406,1.0000
10642628.0,3905.178448,10767.454933,14672.633381,585,0,0.00,7.2656,1.0000
10642768.0,3905.317330,10768.388267,14673.705596,586,0,0.00,7.2703,1.0000
10642876.0,3905.424467,10769.108267,14674.532734,587,0,0.00,7.2750,1.0000
10642988.0,3905.535573,10769.854933,14675.390506,588,0,0.00,7.2797,1.0000
10643160.0,3905.706199,10771.001600,14676.707799,589,0,0.00,7.2922,1.0000
10643184.0,3905.730007,10771.161600,14676.891607,590,0,0.00,7.2969,1.0000
10643268.0,3905.813337,10771.721600,14677.534937,591,0,0.00,7.3031,1.0000
10643384.0,3905.928410,10772.494933,14678.423344,592,0,0.00,7.3094,1.0000
10643423.0,3905.967099,10772.754933,14678.722032,593,0,0.00,7.3141,1.0000
10643478.0,3906.021660,10773.121600,14679.143260,594,0,0.00,7.3203,1.0000
10643478.0,3906.021660,10773.121600,14679.143260,595,0,0.00,7.3266,1.0000
10643599.0,3906.141693,10773.928267,14680.069960,596,0,0.00,7.3328,1.0000
10643661.0,3906.203198,10774.341600,14680.544798,597,0,0.00,7.3375,1.0000
10644001.0,3906.540483,10776.608267,14683.148749,598,0,0.00,7.3422,1.0000
10644275.0,3906.812295,10778.434933,14685.247228,599,0,0.00,7.3547,1.0000
10644279.0,3906.816263,10778.461600,14685.277863,600,0,0.00,7.3828,1.0000
10644349.0,3906.885704,10778.928267,14685.813970,601,0,0.00,7.4016,1.0000
10644350.0,3906.886696,10778.934933,14685.821629,602,0,0.00,7.4203,1.0000
10644355.0,3906.891656,10778.968267,14685.859922,603,0,0.00,7.4391,1.0000
10644680.0,3907.214060,10781.134933,14688.348994,604,0,0.00,7.4438,1.0000
10644683.0,3907.217036,10781.154933,14688.371970,605,0,0.00,7.4625,1.0000
10645428.0,3907.956087,10786.121600,14694.077687,606,0,0.00,7.4750,1.0000
10645640.0,3908.166394,10787.534933,14695.701327,607,0,0.00,7.4797,1.0000
10646016.0,3908.539391,10790.041600,14698.580991,608,0,0.00,7.5031,1.0000
10646050.0,3908.573119,10790.268267,14698.841386,609,0,0.00,7.5078,1.0000
10646071.0,3908.593952,10790.408267,14699.002218,610,0,0.00,7.5125,1.0000
10646471.0,3908.990757,10793.074933,14702.065690,611,0,0.00,7.5172,1.0000
10646508.0,3909.027462,10793.321600,14702.349062,612,0,0.00,7.5219,1.0000
10646512.0,3909.031430,10793.348267,14702.379696,613,0,0.00,7.5266,1.0000
10646562.0,3909.081030,10793.681600,14702.762630,614,0,0.00,7.5391,1.0000
10646569.0,3909.087974,10793.728267,14702.816241,615,0,0.00,7.5516,1.0000
10646759.0,3909.276457,10794.994933,14704.271390,616,0,0.00,7.5641,1.0000
10646777.0,3909.294313,10795.114933,14704.409247,617,0,0.00,7.5766,1.0000
10647070.0,3909.584973,10797.068267,14706.653240,618,0,0.00,7.5828,1.0000
10647574.0,3910.084948,10800.428267,14710.513215,619,0,0.00,7.5875,1.0000
10647629.0,3910.139509,10800.794933,14710.934443,620,0,0.00,7.6125,1.0000
10647871.0,3910.379577,10802.408267,14712.787843,621,0,0.00,7.6188,1.0000
10648174.0,3910.680157,10804.428267,14715.108423,622,0,0.00,7.6234,1.0000
10648541.0,3911.044226,10806.874933,14717.919159,623,0,0.00,7.6281,1.0000
10648627.0,3911.129539,10807.448267,14718.577806,624,0,0.00,7.6406,1.0000
10648766.0,3911.267429,10808.374933,14719.642362,625,0,0.00,7.6453,1.0000
10688894.0,3951.074962,11075.894933,15026.969896,626,0,0.00,7.6500,1.0000
10689220.0,3951.398359,11078.068267,15029.466626,627,0,0.00,7.6750,1.0000
10689757.0,3951.931070,11081.648267,15033.579337,628,0,0.00,7.6922,1.0000
10689883.0,3952.056064,11082.488267,15034.544331,629,0,0.00,7.6969,1.0000
10689955.0,3952.127489,11082.968267,15035.095756,630,0,0.00,7.7016,1.0000
10689994.0,3952.166178,11083.228267,15035.394444,631,0,0.00,7.7141,1.0000
10690004.0,3952.176098,11083.294933,15035.471031,632,0,0.00,7.7203,1.0000
10690011.0,3952.183042,11083.341600,15035.524642,633,0,0.00,7.7250,1.0000
10690314.0,3952.483622,11085.361600,15037.845222,634,0,0.00,7.7297,1.0000
10690695.0,3952.861579,11087.901600,15040.763179,635,0,0.00,7.7344,1.0000
10691001.0,3953.165136,11089.941600,15043.106736,636,0,0.00,7.7391,1.0000
10691064.0,3953.227632,11090.361600,15043.589232,637,0,0.00,7.7438,1.0000
10691284.0,3953.445876,11091.828267,15045.274142,638,0,0.00,7.7484,1.0000
10691513.0,3953.673047,11093.354933,15047.027980,639,0,0.00,7.7734,1.0000
10691553.0,3953.712727,11093.621600,15047.334327,640,0,0.00,7.7984,1.0000
10691557.0,3953.716695,11093.648267,15047.364962,641,0,0.00,7.8234,1.0000
10691565.0,3953.724631,11093.701600,15047.426231,642,0,0.00,7.8484,1.0000
10692130.0,3954.285119,11097.468267,15051.753386,643,0,0.00,7.8531,1.0000
10692277.0,3954.430945,11098.448267,15052.879212,644,0,0.00,7.9906,1.0000
10692393.0,3954.546019,11099.221600,15053.767619,645,0,0.00,7.9953,1.0000
10692471.0,3954.623396,11099.741600,15054.364996,646,0,0.00,8.0125,1.0000
10693137.0,3955.284077,11104.181600,15059.465677,647,0,0.00,8.0250,1.0000
10693277.0,3955.422959,11105.114933,15060.537893,648,0,0.00,8.0484,1.0000
10693630.0,3955.773140,11107.468267,15063.241407,649,0,0.00,8.0531,1.0000
10693799.0,3955.940790,11108.594933,15064.535724,650,0,0.00,8.0578,1.0000
10693843.0,3955.984439,11108.888267,15064.872706,651,0,0.00,8.0766,1.0000
10694113.0,3956.252283,11110.688267,15066.940549,652,0,0.00,8.0828,1.0000
10694362.0,3956.499294,11112.348267,15068.847561,653,0,0.00,8.0875,1.0000
10694679.0,3956.813763,11114.461600,15071.275363,654,0,0.00,8.0922,1.0000
10694806.0,3956.939748,11115.308267,15072.248015,655,0,0.00,8.0969,1.0000
10694906.0,3957.038950,11115.974933,15073.013883,656,0,0.00,8.1016,1.0000
10695204.0,3957.334570,11117.961600,15075.296170,657,0,0.00,8.1063,1.0000
10695272.0,3957.402027,11118.414933,15075.816960,658,0,0.00,8.1109,1.0000
10695393.0,3957.522061,11119.221600,15076.743661,659,0,0.00,8.1344,1.0000
10695455.0,3957.583565,11119.634933,15077.218499,660,0,0.00,8.1578,1.0000
10695522.0,3957.650030,11120.081600,15077.731630,661,0,0.00,8.1625,1.0000
10695666.0,3957.792880,11121.041600,15078.834480,662,0,0.00,8.1797,1.0000
10695717.0,3957.843473,11121.381600,15079.225073,663,0,0.00,8.1844,1.0000
10695739.0,3957.865297,11121.528267,15079.393564,664,0,0.00,8.1891,1.0000
10695900.0,3958.025012,11122.601600,15080.626612,665,0,0.00,8.2063,1.0000
10695939.0,3958.063700,11122.861600,15080.925300,666,0,0.00,8.2125,1.0000
10696159.0,3958.281943,11124.328267,15082.610210,667,0,0.00,8.2250,1.0000
10696189.0,3958.311704,11124.528267,15082.839970,668,0,0.00,8.2297,1.0000
10696372.0,3958.493242,11125.748267,15084.241509,669,0,0.00,8.2344,1.0000
10696595.0,3958.714461,11127.234933,15085.949395,670,0,0.00,8.2578,1.0000
10696678.0,3958.796798,11127.788267,15086.585065,671,0,0.00,8.2625,1.0000
10696883.0,3959.000161,11129.154933,15088.155095,672,0,0.00,8.2672,1.0000
10696996.0,3959.112259,11129.908267,15089.020526,673,0,0.00,8.2719,1.0000
10697207.0,3959.321574,11131.314933,15090.636507,674,0,0.00,8.2844,1.0000
10697448.0,3959.560649,11132.921600,15092.482249,675,0,0.00,8.2891,1.0000
10697495.0,3959.607274,11133.234933,15092.842207,676,0,0.00,8.3016,1.0000
10697537.0,3959.648938,11133.514933,15093.163872,677,0,0.00,8.3078,1.0000
10697677.0,3959.787820,11134.448267,15094.236087,678,0,0.00,8.3328,1.0000
10697699.0,3959.809645,11134.594933,15094.404578,679,0,0.00,8.3453,1.0000
10702950.0,3965.018710,11169.601600,15134.620310,680,0,0.00,8.3688,1.0000
10703308.0,3965.373851,11171.988267,15137.362117,681,0,0.00,8.3922,1.0000
10703545.0,3965.608958,11173.568267,15139.177224,682,0,0.00,8.4422,1.0000
10703619.0,3965.682367,11174.061600,15139.743967,683,0,0.00,8.4609,1.0000
10703820.0,3965.881762,11175.401600,15141.283362,684,0,0.00,8.4781,1.0000
10703900.0,3965.961123,11175.934933,15141.896056,685,0,0.00,8.4969,1.0000
10704081.0,3966.140677,11177.141600,15143.282277,686,0,0.00,8.5156,1.0000
10704127.0,3966.186310,11177.448267,15143.634577,687,0,0.00,8.5656,1.0000
10704128.0,3966.187302,11177.454933,15143.642235,688,0,0.00,8.6156,1.0000
10704162.0,3966.221030,11177.681600,15143.902630,689,0,0.00,8.6344,1.0000
10704395.0,3966.452170,11179.234933,15145.687103,690,0,0.00,8.6516,1.0000
10704404.0,3966.461098,11179.294933,15145.756031,691,0,0.00,8.6688,1.0000
10704703.0,3966.757710,11181.288267,15148.045977,692,0,0.00,8.7188,1.0000
10704811.0,3966.864847,11182.008267,15148.873114,693,0,0.00,8.7234,1.0000
10704947.0,3966.999761,11182.914933,15149.914695,694,0,0.00,8.7281,1.0000
10705037.0,3967.089043,11183.514933,15150.603976,695,0,0.00,8.7328,1.0000
10705216.0,3967.266613,11184.708267,15151.974880,696,0,0.00,8.7500,1.0000
10705282.0,3967.332086,11185.148267,15152.480353,697,0,0.00,8.7672,1.0000
10705342.0,3967.391607,11185.548267,15152.939873,698,0,0.00,8.7719,1.0000
10705525.0,3967.573145,11186.768267,15154.341412,699,0,0.00,8.8000,1.0000
10705525.0,3967.573145,11186.768267,15154.341412,700,0,0.00,8.8281,1.0000
10706343.0,3968.384613,11192.221600,15160.606213,701,0,0.00,8.8344,1.0000
10710068.0,3972.079864,11217.054933,15189.134798,702,0,0.00,8.8516,1.0000
10710115.0,3972.126489,11217.368267,15189.494756,703,0,0.00,8.8688,1.0000
10710154.0,3972.165178,11217.628267,15189.793444,704,0,0.00,8.8813,1.0000
10710174.0,3972.185018,11217.761600,15189.946618,705,0,0.00,8.8859,1.0000
10710260.0,3972.270331,11218.334933,15190.605264,706,0,0.00,8.8906,1.0000
10710382.0,3972.391357,11219.148267,15191.539623,707,0,0.00,8.8953,1.0000
10711110.0,3973.113543,11224.001600,15197.115143,708,0,0.00,8.9000,1.0000
10711209.0,3973.211752,11224.661600,15197.873352,709,0,0.00,8.9063,1.0000
10711222.0,3973.224648,11224.748267,15197.972915,710,0,0.00,8.9125,1.0000
10711224.0,3973.226632,11224.761600,15197.988232,711,0,0.00,8.9188,1.0000
10711265.0,3973.267305,11225.034933,15198.302238,712,0,0.00,8.9313,1.0000
10711456.0,3973.456780,11226.308267,15199.765046,713,0,0.00,8.9484,1.0000
10711517.0,3973.517293,11226.714933,15200.232226,714,0,0.00,8.9656,1.0000
10711520.0,3973.520269,11226.734933,15200.255202,715,0,0.00,8.9828,1.0000
10711540.0,3973.540109,11226.868267,15200.408376,716,0,0.00,8.9953,1.0000
10711742.0,3973.740496,11228.214933,15201.955429,717,0,0.00,9.0234,1.0000
10711854.0,3973.851601,11228.961600,15202.813201,718,0,0.00,9.0406,1.0000
10712000.0,3973.996435,11229.934933,15203.931369,719,0,0.00,9.0688,1.0000
10712044.0,3974.040084,11230.228267,15204.268351,720,0,0.00,9.0859,1.0000
10712251.0,3974.245431,11231.608267,15205.853697,721,0,0.00,9.0922,1.0000
10712254.0,3974.248407,11231.628267,15205.876673,722,0,0.00,9.0969,1.0000
10712494.0,3974.486490,11233.228267,15207.714757,723,0,0.00,9.1016,1.0000
10712579.0,3974.570811,11233.794933,15208.365745,724,0,0.00,9.1188,1.0000
10712677.0,3974.668029,11234.448267,15209.116295,725,0,0.00,9.1250,1.0000
10713332.0,3975.317798,11238.814933,15214.132731,726,0,0.00,9.1422,1.0000
10713333.0,3975.318790,11238.821600,15214.140390,727,0,0.00,9.1594,1.0000
10713339.0,3975.324742,11238.861600,15214.186342,728,0,0.00,9.1844,1.0000
10713399.0,3975.384263,11239.261600,15214.645863,729,0,0.00,9.1906,1.0000
10717233.0,3979.187644,11264.821600,15244.009244,730,0,0.00,9.2094,1.0000
10717273.0,3979.227324,11265.088267,15244.315591,731,0,0.00,9.2375,1.0000
10717382.0,3979.335454,11265.814933,15245.150387,732,0,0.00,9.2563,1.0000
10717431.0,3979.384063,11266.141600,15245.525663,733,0,0.00,9.2609,1.0000
10717569.0,3979.520961,11267.061600,15246.582561,734,0,0.00,9.2734,1.0000
10717746.0,3979.696547,11268.241600,15247.938147,735,0,0.00,9.2859,1.0000
10717860.0,3979.809637,11269.001600,15248.811237,736,0,0.00,9.2922,1.0000
10717919.0,3979.868165,11269.394933,15249.263099,737,0,0.00,9.3109,1.0000
10717964.0,3979.912806,11269.694933,15249.607739,738,0,0.00,9.3359,1.0000
10718017.0,3979.965383,11270.048267,15250.013649,739,0,0.00,9.3609,1.0000
10718145.0,3980.092361,11270.901600,15250.993961,740,0,0.00,9.3750,1.0000
10718152.0,3980.099305,11270.948267,15251.047571,741,0,0.00,9.3891,1.0000
10718200.0,3980.146921,11271.268267,15251.415188,742,0,0.00,9.4031,1.0000
10718594.0,3980.537775,11273.894933,15254.432708,743,0,0.00,9.4094,1.0000
10718885.0,3980.826451,11275.834933,15256.661384,744,0,0.00,9.4328,1.0000
10719282.0,3981.220280,11278.481600,15259.701880,745,0,0.00,9.4578,1.0000
10719658.0,3981.593278,11280.988267,15262.581544,746,0,0.00,9.4641,1.0000
10719693.0,3981.627998,11281.221600,15262.849598,747,0,0.00,9.4766,1.0000
10720534.0,3982.462282,11286.828267,15269.290548,748,0,0.00,9.4938,1.0000
10724620.0,3986.515651,11314.068267,15300.583917,749,0,0.00,9.5063,1.0000
10724733.0,3986.627748,11314.821600,15301.449348,750,0,0.00,9.5250,1.0000
10725317.0,3987.207084,11318.714933,15305.922018,751,0,0.00,9.5313,1.0000
10725785.0,3987.671347,11321.834933,15309.506280,752,0,0.00,9.5547,1.0000
10725805.0,3987.691187,11321.968267,15309.659454,753,0,0.00,9.5609,1.0000
10725805.0,3987.691187,11321.968267,15309.659454,754,0,0.00,9.5672,1.0000
10725873.0,3987.758644,11322.421600,15310.180244,755,0,0.00,9.5906,1.0000
10726767.0,3988.645504,11328.381600,15317.027104,756,0,0.00,9.5953,1.0000
10727104.0,3988.979813,11330.628267,15319.608080,757,0,0.00,9.6000,1.0000
10727253.0,3989.127623,11331.621600,15320.749223,758,0,0.00,9.6094,1.0000
10727401.0,3989.274441,11332.608267,15321.882708,759,0,0.00,9.6266,1.0000
10727819.0,3989.689103,11335.394933,15325.084036,760,0,0.00,9.6313,1.0000
10727897.0,3989.766480,11335.914933,15325.681413,761,0,0.00,9.6813,1.0000
10731648.0,3993.487524,11360.921600,15354.409124,762,0,0.00,9.6984,1.0000
10731652.0,3993.491492,11360.948267,15354.439759,763,0,0.00,9.7156,1.0000
10732382.0,3994.215662,11365.814933,15360.030596,764,0,0.00,9.7203,1.0000
10732385.0,3994.218638,11365.834933,15360.053572,765,0,0.00,9.7266,1.0000
10732386.0,3994.219630,11365.841600,15360.061230,766,0,0.00,9.7516,1.0000
10732440.0,3994.273199,11366.201600,15360.474799,767,0,0.00,9.7641,1.0000
10732936.0,3994.765238,11369.508267,15364.273505,768,0,0.00,9.7891,1.0000
10732939.0,3994.768214,11369.528267,15364.296481,769,0,0.00,9.8063,1.0000
10732982.0,3994.810871,11369.814933,15364.625804,770,0,0.00,9.8344,1.0000
10733057.0,3994.885272,11370.314933,15365.200205,771,0,0.00,9.8438,1.0000
10733472.0,3995.296957,11373.081600,15368.378557,772,0,0.00,9.8672,1.0000
10733527.0,3995.351518,11373.448267,15368.799785,773,0,0.00,9.8906,1.0000
10733576.0,3995.400127,11373.774933,15369.175060,774,0,0.00,9.8953,1.0000
10775432.0,4036.921860,11652.814933,15689.736794,775,0,0.00,9.9453,1.0000
10775528.0,4037.017094,11653.454933,15690.472027,776,0,0.00,9.9516,1.0000
10775596.0,4037.084551,11653.908267,15690.992817,777,0,0.00,9.9641,1.0000
10775806.0,4037.292873,11655.308267,15692.601140,778,0,0.00,9.9813,1.0000
10776158.0,4037.642062,11657.654933,15695.296996,779,0,0.00,10.0000,1.0000
10776230.0,4037.713487,11658.134933,15695.848421,780,0,0.00,10.1000,1.0000
10776531.0,4038.012084,11660.141600,15698.153684,781,0,0.00,10.1188,1.0000
10776951.0,4038.428729,11662.941600,15701.370329,782,0,0.00,10.1359,1.0000
10777147.0,4038.623164,11664.248267,15702.871431,783,0,0.00,10.1547,1.0000
10777152.0,4038.628124,11664.281600,15702.909724,784,0,0.00,10.1719,1.0000
10777323.0,4038.797759,11665.421600,15704.219359,785,0,0.00,10.1828,1.0000
10777509.0,4038.982273,11666.661600,15705.643873,786,0,0.00,10.2016,1.0000
10777556.0,4039.028898,11666.974933,15706.003831,787,0,0.00,10.2203,1.0000
10777725.0,4039.196548,11668.101600,15707.298148,788,0,0.00,10.2328,1.0000
10777825.0,4039.295749,11668.768267,15708.064016,789,0,0.00,10.2516,1.0000
10777972.0,4039.441576,11669.748267,15709.189842,790,0,0.00,10.2703,1.0000
10778134.0,4039.602282,11670.828267,15710.430548,791,0,0.00,10.2797,1.0000
10778134.0,4039.602282,11670.828267,15710.430548,792,0,0.00,10.2891,1.0000
10782000.0,4043.437407,11696.601600,15740.039007,793,0,0.00,10.2953,1.0000
10782128.0,4043.564385,11697.454933,15741.019319,794,0,0.00,10.3016,1.0000
10782482.0,4043.915558,11699.814933,15743.730491,795,0,0.00,10.3078,1.0000
10782603.0,4044.035592,11700.621600,15744.657192,796,0,0.00,10.3141,1.0000
10782608.0,4044.040552,11700.654933,15744.695485,797,0,0.00,10.3203,1.0000
10782720.0,4044.151657,11701.401600,15745.553257,798,0,0.00,10.3328,1.0000
10782989.0,4044.418509,11703.194933,15747.613443,799,0,0.00,10.3563,1.0000
10783359.0,4044.785554,11705.661600,15750.447154,800,0,0.00,10.3813,1.0000
10783498.0,4044.923444,11706.588267,15751.511711,801,0,0.00,10.4047,1.0000
10783858.0,4045.280569,11708.988267,15754.268836,802,0,0.00,10.4234,1.0000
10783954.0,4045.375803,11709.628267,15755.004069,803,0,0.00,10.4328,1.0000
10784738.0,4046.153541,11714.854933,15761.008475,804,0,0.00,10.5703,1.0000
10785108.0,4046.520587,11717.321600,15763.842187,805,0,0.00,10.5875,1.0000
10789246.0,4050.625540,11744.908267,15795.533807,806,0,0.00,10.6063,1.0000
10789248.0,4050.627524,11744.921600,15795.549124,807,0,0.00,10.6250,1.0000
10789250.0,4050.629508,11744.934933,15795.564441,808,0,0.00,10.6438,1.0000
10789332.0,4050.710853,11745.481600,15796.192453,809,0,0.00,10.6625,1.0000
10789370.0,4050.748550,11745.734933,15796.483483,810,0,0.00,10.6813,1.0000
10789747.0,4051.122539,11748.248267,15799.370806,811,0,0.00,10.7094,1.0000
10790226.0,4051.597714,11751.441600,15803.039314,812,0,0.00,10.7156,1.0000
10790555.0,4051.924086,11753.634933,15805.559020,813,0,0.00,10.7344,1.0000
10790562.0,4051.931030,11753.681600,15805.612630,814,0,0.00,10.7469,1.0000
10792031.0,4053.388299,11763.474933,15816.863232,815,0,0.00,10.7531,1.0000
10792329.0,4053.683919,11765.461600,15819.145519,816,0,0.00,10.7813,1.0000
10792690.0,4054.042036,11767.868267,15821.910303,817,0,0.00,10.8000,1.0000
10792798.0,4054.149173,11768.588267,15822.737440,818,0,0.00,10.8047,1.0000
10792875.0,4054.225559,11769.101600,15823.327159,819,0,0.00,10.8234,1.0000
10792988.0,4054.337656,11769.854933,15824.192589,820,0,0.00,10.8484,1.0000
10793544.0,4054.889216,11773.561600,15828.450816,821,0,0.00,10.8531,1.0000
10793680.0,4055.024130,11774.468267,15829.492396,822,0,0.00,10.8719,1.0000
10793686.0,4055.030082,11774.508267,15829.538348,823,0,0.00,10.9219,1.0000
10793722.0,4055.065794,11774.748267,15829.814061,824,0,0.00,10.9266,1.0000
10793732.0,4055.075714,11774.814933,15829.890648,825,0,0.00,10.9313,1.0000
10793828.0,4055.170948,11775.454933,15830.625881,826,0,0.00,10.9453,1.0000
10793901.0,4055.243365,11775.941600,15831.184965,827,0,0.00,10.9641,1.0000
10794273.0,4055.612394,11778.421600,15834.033994,828,0,0.00,10.9734,1.0000
10794461.0,4055.798893,11779.674933,15835.473826,829,0,0.00,10.9922,1.0000
10795840.0,4057.166880,11788.868267,15846.035146,830,0,0.00,10.9984,1.0000
10796146.0,4057.470436,11790.908267,15848.378703,831,0,0.00,11.0047,1.0000
10796819.0,4058.138061,11795.394933,15853.532995,832,0,0.00,11.0234,1.0000
10796958.0,4058.275951,11796.321600,15854.597551,833,0,0.00,11.0297,1.0000
10797519.0,4058.832471,11800.061600,15858.894071,834,0,0.00,11.0422,1.0000
10797794.0,4059.105275,11801.894933,15861.000208,835,0,0.00,11.0547,1.0000
10797856.0,4059.166780,11802.308267,15861.475046,836,0,0.00,11.1047,1.0000
10797856.0,4059.166780,11802.308267,15861.475046,837,0,0.00,11.1547,1.0000
10797856.0,4059.166780,11802.308267,15861.475046,838,0,0.00,11.2047,1.0000
10797857.0,4059.167772,11802.314933,15861.482705,839,0,0.00,11.2547,1.0000
10798052.0,4059.361214,11803.614933,15862.976148,840,0,0.00,11.2734,1.0000
10798845.0,4060.147881,11808.901600,15869.049481,841,0,0.00,11.2797,1.0000
10799395.0,4060.693489,11812.568267,15873.261756,842,0,0.00,11.3078,1.0000
10799683.0,4060.979189,11814.488267,15875.467456,843,0,0.00,11.3141,1.0000
10799694.0,4060.990101,11814.561600,15875.551701,844,0,0.00,11.3313,1.0000
10799829.0,4061.124023,11815.461600,15876.585623,845,0,0.00,11.3359,1.0000
10799883.0,4061.177592,11815.821600,15876.999192,846,0,0.00,11.3375,1.0000
10800154.0,4061.446428,11817.628267,15879.074694,847,0,0.00,11.3500,1.0000
10800812.0,4062.099173,11822.014933,15884.114106,848,0,0.00,11.3563,1.0000
10801277.0,4062.560459,11825.114933,15887.675393,849,0,0.00,11.3625,1.0000
10801335.0,4062.617996,11825.501600,15888.119596,850,0,0.00,11.3813,1.0000
10801404.0,4062.686445,11825.961600,15888.648045,851,0,0.00,11.3984,1.0000
10801449.0,4062.731086,11826.261600,15888.992686,852,0,0.00,11.4172,1.0000
10801780.0,4063.059442,11828.468267,15891.527709,853,0,0.00,11.4359,1.0000
10801862.0,4063.140787,11829.014933,15892.155721,854,0,0.00,11.4531,1.0000
10802404.0,4063.678459,11832.628267,15896.306726,855,0,0.00,11.4766,1.0000
10802458.0,4063.732028,11832.988267,15896.720294,856,0,0.00,11.5000,1.0000
10803002.0,4064.271683,11836.614933,15900.886616,857,0,0.00,11.5172,1.0000
10803121.0,4064.389733,11837.408267,15901.797999,858,0,0.00,11.5406,1.0000
10803482.0,4064.747850,11839.814933,15904.562783,859,0,0.00,11.5641,1.0000
10804093.0,4065.353970,11843.888267,15909.242237,860,0,0.00,11.5828,1.0000
10804113.0,4065.373811,11844.021600,15909.395411,861,0,0.00,11.5891,1.0000
10804189.0,4065.449204,11844.528267,15909.977470,862,0,0.00,11.6078,1.0000
10804255.0,4065.514677,11844.968267,15910.482943,863,0,0.00,11.6266,1.0000
10804257.0,4065.516661,11844.981600,15910.498261,864,0,0.00,11.6453,1.0000
10804259.0,4065.518645,11844.994933,15910.513578,865,0,0.00,11.6953,1.0000
10804263.0,4065.522613,11845.021600,15910.544213,866,0,0.00,11.7000,1.0000
10804591.0,4065.847993,11847.208267,15913.056260,867,0,0.00,11.7188,1.0000
10805049.0,4066.302336,11850.261600,15916.563936,868,0,0.00,11.7234,1.0000
10805052.0,4066.305312,11850.281600,15916.586912,869,0,0.00,11.7297,1.0000
10805077.0,4066.330112,11850.448267,15916.778379,870,0,0.00,11.7422,1.0000
10805309.0,4066.560259,11851.994933,15918.555193,871,0,0.00,11.7703,1.0000
10805350.0,4066.600932,11852.268267,15918.869198,872,0,0.00,11.7891,1.0000
10805404.0,4066.654501,11852.628267,15919.282767,873,0,0.00,11.8078,1.0000
10806552.0,4067.793332,11860.281600,15928.074932,874,0,0.00,11.8141,1.0000
10806834.0,4068.073080,11862.161600,15930.234680,875,0,0.00,11.8375,1.0000
10806836.0,4068.075064,11862.174933,15930.249998,876,0,0.00,11.8609,1.0000
10806836.0,4068.075064,11862.174933,15930.249998,877,0,0.00,11.8844,1.0000
10806856.0,4068.094905,11862.308267,15930.403171,878,0,0.00,11.8906,1.0000
10807151.0,4068.387549,11864.274933,15932.662482,879,0,0.00,11.8953,1.0000
10865100.0,4125.873762,12250.601600,16376.475362,880,0,0.00,11.9000,1.0000
10865134.0,4125.907490,12250.828267,16376.735757,881,0,0.00,11.9188,1.0000
10865488.0,4126.258663,12253.188267,16379.446930,882,0,0.00,11.9359,1.0000
10865602.0,4126.371753,12253.948267,16380.320019,883,0,0.00,11.9531,1.0000
10865701.0,4126.469962,12254.608267,16381.078229,884,0,0.00,11.9594,1.0000
10866234.0,4126.998705,12258.161600,16385.160305,885,0,0.00,11.9719,1.0000
10866848.0,4127.607802,12262.254933,16389.862735,886,0,0.00,11.9781,1.0000
10866881.0,4127.640538,12262.474933,16390.115472,887,0,0.00,11.9953,1.0000
10866939.0,4127.698075,12262.861600,16390.559675,888,0,0.00,12.0125,1.0000
10867195.0,4127.952031,12264.568267,16392.520297,889,0,0.00,12.0297,1.0000
10867336.0,4128.091905,12265.508267,16393.600171,890,0,0.00,12.0469,1.0000
10867709.0,4128.461926,12267.994933,16396.456859,891,0,0.00,12.0516,1.0000
10867736.0,4128.488710,12268.174933,16396.663644,892,0,0.00,12.0688,1.0000
10868104.0,4128.853771,12270.628267,16399.482038,893,0,0.00,12.0859,1.0000
10868106.0,4128.855755,12270.641600,16399.497355,894,0,0.00,12.0984,1.0000
10868260.0,4129.008526,12271.668267,16400.676792,895,0,0.00,12.1172,1.0000
10868293.0,4129.041262,12271.888267,16400.929529,896,0,0.00,12.1344,1.0000
10912355.0,4172.751378,12565.634933,16738.386311,897,0,0.00,12.1406,1.0000
10912401.0,4172.797011,12565.941600,16738.738611,898,0,0.00,12.1578,1.0000
10913075.0,4173.465628,12570.434933,16743.900561,899,0,0.00,12.1766,1.0000
10913269.0,4173.658079,12571.728267,16745.386345,900,0,0.00,12.1828,1.0000
10913375.0,4173.763232,12572.434933,16746.198165,901,0,0.00,12.1891,1.0000
10914142.0,4174.524107,12577.548267,16752.072373,902,0,0.00,12.2063,1.0000
10914308.0,4174.688781,12578.654933,16753.343714,903,0,0.00,12.2125,1.0000
10914403.0,4174.783022,12579.288267,16754.071289,904,0,0.00,12.2297,1.0000
10914426.0,4174.805839,12579.441600,16754.247439,905,0,0.00,12.2469,1.0000
10914450.0,4174.829647,12579.601600,16754.431247,906,0,0.00,12.2641,1.0000
10914451.0,4174.830639,12579.608267,16754.438906,907,0,0.00,12.2813,1.0000
10914453.0,4174.832623,12579.621600,16754.454223,908,0,0.00,12.2984,1.0000
10914513.0,4174.892144,12580.021600,16754.913744,909,0,0.00,12.3047,1.0000
10914526.0,4174.905040,12580.108267,16755.013307,910,0,0.00,12.3063,1.0000
10914611.0,4174.989361,12580.674933,16755.664295,911,0,0.00,12.3234,1.0000
10914905.0,4175.281013,12582.634933,16757.915947,912,0,0.00,12.3297,1.0000
10915055.0,4175.429815,12583.634933,16759.064749,913,0,0.00,12.3359,1.0000
10915122.0,4175.496280,12584.081600,16759.577880,914,0,0.00,12.3484,1.0000
10947916.0,4208.028384,12802.708267,17010.736651,915,0,0.00,12.3547,1.0000
10948395.0,4208.503559,12805.901600,17014.405159,916,0,0.00,12.3719,1.0000
10948396.0,4208.504551,12805.908267,17014.412817,917,0,0.00,12.3891,1.0000
10948996.0,4209.099759,12809.908267,17019.008026,918,0,0.00,12.3953,1.0000
10949260.0,4209.361651,12811.668267,17021.029917,919,0,0.00,12.4016,1.0000
10949384.0,4209.484660,12812.494933,17021.979594,920,0,0.00,12.4078,1.0000
10949530.0,4209.629494,12813.468267,17023.097761,921,0,0.00,12.4313,1.0000
10949730.0,4209.827897,12814.801600,17024.629497,922,0,0.00,12.4375,1.0000
10949790.0,4209.887418,12815.201600,17025.089018,923,0,0.00,12.4438,1.0000
10950572.0,4210.663173,12820.414933,17031.078106,924,0,0.00,12.4531,1.0000
10950677.0,4210.767334,12821.114933,17031.882268,925,0,0.00,12.4766,1.0000
10950697.0,4210.787174,12821.248267,17032.035441,926,0,0.00,12.4828,1.0000
10950885.0,4210.973673,12822.501600,17033.475273,927,0,0.00,12.4891,1.0000
10951083.0,4211.170092,12823.821600,17034.991692,928,0,0.00,12.4906,1.0000
10963022.0,4223.013746,12903.414933,17126.428679,929,0,0.00,12.5141,1.0000
10963049.0,4223.040530,12903.594933,17126.635463,930,0,0.00,12.5313,1.0000
10963193.0,4223.183380,12904.554933,17127.738313,931,0,0.00,12.5547,1.0000
10963412.0,4223.400631,12906.014933,17129.415564,932,0,0.00,12.5734,1.0000
10963416.0,4223.404599,12906.041600,17129.446199,933,0,0.00,12.5922,1.0000
10963495.0,4223.482968,12906.568267,17130.051235,934,0,0.00,12.6422,1.0000
10963811.0,4223.796445,12908.674933,17132.471378,935,0,0.00,12.6609,1.0000
10963977.0,4223.961119,12909.781600,17133.742719,936,0,0.00,12.6781,1.0000
10964069.0,4224.052384,12910.394933,17134.447318,937,0,0.00,12.6844,1.0000
10964788.0,4224.765642,12915.188267,17139.953909,938,0,0.00,12.7016,1.0000
10965221.0,4225.195184,12918.074933,17143.270118,939,0,0.00,12.7516,1.0000
10965222.0,4225.196176,12918.081600,17143.277776,940,0,0.00,12.8016,1.0000
10965222.0,4225.196176,12918.081600,17143.277776,941,0,0.00,12.8516,1.0000
11034173.0,4293.596526,13377.754933,17671.351459,942,0,0.00,12.9016,1.0000
11034329.0,4293.751280,13378.794933,17672.546213,943,0,0.00,12.9078,1.0000
11034416.0,4293.837585,13379.374933,17673.212519,944,0,0.00,12.9250,1.0000
11034445.0,4293.866354,13379.568267,17673.434620,945,0,0.00,12.9484,1.0000
11034701.0,4294.120309,13381.274933,17675.395243,946,0,0.00,12.9719,1.0000
11034704.0,4294.123285,13381.294933,17675.418219,947,0,0.00,12.9813,1.0000
11034735.0,4294.154038,13381.501600,17675.655638,948,0,0.00,13.0047,1.0000
11034748.0,4294.166934,13381.588267,17675.755201,949,0,0.00,13.0547,1.0000
11034748.0,4294.166934,13381.588267,17675.755201,950,0,0.00,13.1047,1.0000
11034954.0,4294.371289,13382.961600,17677.332889,951,0,0.00,13.1219,1.0000
11035001.0,4294.417913,13383.274933,17677.692847,952,0,0.00,13.1344,1.0000
11035112.0,4294.528027,13384.014933,17678.542960,953,0,0.00,13.1516,1.0000
11035244.0,4294.658973,13384.894933,17679.553906,954,0,0.00,13.1578,1.0000
11035446.0,4294.859360,13386.241600,17681.100960,955,0,0.00,13.1750,1.0000
11036090.0,4295.498216,13390.534933,17686.033150,956,0,0.00,13.1922,1.0000
11036433.0,4295.838477,13392.821600,17688.660077,957,0,0.00,13.2016,1.0000
11036591.0,4295.995215,13393.874933,17689.870149,958,0,0.00,13.2141,1.0000
11036816.0,4296.218419,13395.374933,17691.593352,959,0,0.00,13.2313,1.0000
11062897.0,4322.091133,13569.248267,17891.339399,960,0,0.00,13.2500,1.0000
11062993.0,4322.186366,13569.888267,17892.074633,961,0,0.00,13.2563,1.0000
11063597.0,4322.785543,13573.914933,17896.700476,962,0,0.00,13.2734,1.0000
11064076.0,4323.260717,13577.108267,17900.368984,963,0,0.00,13.2906,1.0000
11064077.0,4323.261709,13577.114933,17900.376643,964,0,0.00,13.3078,1.0000
11064333.0,4323.515665,13578.821600,17902.337265,965,0,0.00,13.3266,1.0000
11064446.0,4323.627762,13579.574933,17903.202696,966,0,0.00,13.3328,1.0000
11064502.0,4323.683315,13579.948267,17903.631582,967,0,0.00,13.3500,1.0000
11064663.0,4323.843029,13581.021600,17904.864629,968,0,0.00,13.3734,1.0000
11064914.0,4324.092025,13582.694933,17906.786958,969,0,0.00,13.3906,1.0000
11064916.0,4324.094009,13582.708267,17906.802276,970,0,0.00,13.4078,1.0000
11064955.0,4324.132697,13582.968267,17907.100964,971,0,0.00,13.4250,1.0000
11065120.0,4324.296380,13584.068267,17908.364646,972,0,0.00,13.4422,1.0000
11065306.0,4324.480894,13585.308267,17909.789161,973,0,0.00,13.4594,1.0000
11065308.0,4324.482878,13585.321600,17909.804478,974,0,0.00,13.4766,1.0000
11065717.0,4324.888612,13588.048267,17912.936879,975,0,0.00,13.4938,1.0000
11174673.0,4432.974477,14314.421600,18747.396077,976,0,0.00,13.5031,1.0000
11174967.0,4433.266129,14316.381600,18749.647729,977,0,0.00,13.5531,1.0000
11174967.0,4433.266129,14316.381600,18749.647729,978,0,0.00,13.6031,1.0000
11175315.0,4433.611350,14318.701600,18752.312950,979,0,0.00,13.6266,1.0000
11175329.0,4433.625238,14318.794933,18752.420172,980,0,0.00,13.6516,1.0000
11175351.0,4433.647063,14318.941600,18752.588663,981,0,0.00,13.6750,1.0000
11175546.0,4433.840505,14320.241600,18754.082105,982,0,0.00,13.7250,1.0000
11176114.0,4434.403969,14324.028267,18758.432236,983,0,0.00,13.7750,1.0000
11176115.0,4434.404961,14324.034933,18758.439895,984,0,0.00,13.8250,1.0000
11176116.0,4434.405953,14324.041600,18758.447553,985,0,0.00,13.8750,1.0000
11176116.0,4434.405953,14324.041600,18758.447553,986,0,0.00,13.9250,1.0000
11177374.0,4435.653907,14332.428267,18768.082173,987,0,0.00,13.9344,1.0000
11177546.0,4435.824533,14333.574933,18769.399466,988,0,0.00,13.9406,1.0000
11177762.0,4436.038808,14335.014933,18771.053741,989,0,0.00,13.9641,1.0000
11210744.0,4468.757410,14554.894933,19023.652344,990,0,0.00,13.9922,1.0000
11210963.0,4468.974661,14556.354933,19025.329595,991,0,0.00,14.0094,1.0000
11210969.0,4468.980613,14556.394933,19025.375547,992,0,0.00,14.0266,1.0000
11211517.0,4469.524237,14560.048267,19029.572504,993,0,0.00,14.0453,1.0000
11211756.0,4469.761328,14561.641600,19031.402928,994,0,0.00,14.0625,1.0000
11211823.0,4469.827793,14562.088267,19031.916060,995,0,0.00,14.0750,1.0000
11212116.0,4470.118453,14564.041600,19034.160053,996,0,0.00,14.0938,1.0000
11212117.0,4470.119445,14564.048267,19034.167712,997,0,0.00,14.1125,1.0000
11212205.0,4470.206743,14564.634933,19034.841676,998,0,0.00,14.1297,1.0000
11212284.0,4470.285112,14565.161600,19035.446712,999,0,0.00,14.1469,1.0000
11212334.0,4470.334712,14565.494933,19035.829646,1000,0,0.00,14.1641,1.0000
11212335.0,4470.335704,14565.501600,19035.837304,1001,0,0.00,14.1813,1.0000
11212348.0,4470.348601,14565.588267,19035.936867,1002,0,0.00,14.1875,1.0000
11213911.0,4471.899118,14576.008267,19047.907385,1003,0,0.00,14.2109,1.0000
11221621.0,4479.547545,14627.408267,19106.955812,1004,0,0.00,14.2609,1.0000
11221623.0,4479.549529,14627.421600,19106.971129,1005,0,0.00,14.3109,1.0000
11222207.0,4480.128865,14631.314933,19111.443799,1006,0,0.00,14.3609,1.0000
11222412.0,4480.332228,14632.681600,19113.013828,1007,0,0.00,14.3781,1.0000
11222719.0,4480.636777,14634.728267,19115.365043,1008,0,0.00,14.4063,1.0000
11222916.0,4480.832203,14636.041600,19116.873803,1009,0,0.00,14.4313,1.0000
11223995.0,4481.902586,14643.234933,19125.137520,1010,0,0.00,14.4500,1.0000
11224411.0,4482.315264,14646.008267,19128.323531,1011,0,0.00,14.4672,1.0000
11224413.0,4482.317248,14646.021600,19128.338848,1012,0,0.00,14.4844,1.0000
11224725.0,4482.626756,14648.101600,19130.728356,1013,0,0.00,14.5016,1.0000
11224726.0,4482.627748,14648.108267,19130.736015,1014,0,0.00,14.5188,1.0000
11224727.0,4482.628740,14648.114933,19130.743674,1015,0,0.00,14.5359,1.0000
11224727.0,4482.628740,14648.114933,19130.743674,1016,0,0.00,14.5531,1.0000
11224989.0,4482.888648,14649.861600,19132.750248,1017,0,0.00,14.5766,1.0000
11225606.0,4483.500721,14653.974933,19137.475654,1018,0,0.00,14.5813,1.0000
11225608.0,4483.502705,14653.988267,19137.490971,1019,0,0.00,14.5859,1.0000
11225620.0,4483.514609,14654.068267,19137.582876,1020,0,0.00,14.5984,1.0000
11225650.0,4483.544369,14654.268267,19137.812636,1021,0,0.00,14.6031,1.0000
11226178.0,4484.068153,14657.788267,19141.856419,1022,0,0.00,14.6203,1.0000
11226178.0,4484.068153,14657.788267,19141.856419,1023,0,0.00,14.6375,1.0000
11226273.0,4484.162394,14658.421600,19142.583994,1024,0,0.00,14.6469,1.0000
11226650.0,4484.536383,14660.934933,19145.471316,1025,0,0.00,14.6516,1.0000
11226751.0,4484.636577,14661.608267,19146.244843,1026,0,0.00,14.6563,1.0000
11226847.0,4484.731810,14662.248267,19146.980077,1027,0,0.00,14.6609,1.0000
11227016.0,4484.899460,14663.374933,19148.274394,1028,0,0.00,14.6656,1.0000
11227423.0,4485.303210,14666.088267,19151.391477,1029,0,0.00,14.6703,1.0000
11227651.0,4485.529389,14667.608267,19153.137656,1030,0,0.00,14.6750,1.0000
11227994.0,4485.869650,14669.894933,19155.764583,1031,0,0.00,14.6938,1.0000
11228407.0,4486.279352,14672.648267,19158.927618,1032,0,0.00,14.6984,1.0000
11228456.0,4486.327960,14672.974933,19159.302894,1033,0,0.00,14.7031,1.0000
11228711.0,4486.580924,14674.674933,19161.255857,1034,0,0.00,14.7078,1.0000
11228775.0,4486.644413,14675.101600,19161.746013,1035,0,0.00,14.7250,1.0000
11228853.0,4486.721790,14675.621600,19162.343390,1036,0,0.00,14.7297,1.0000
11229026.0,4486.893408,14676.774933,19163.668341,1037,0,0.00,14.7344,1.0000
11229145.0,4487.011458,14677.568267,19164.579724,1038,0,0.00,14.7391,1.0000
11229185.0,4487.051138,14677.834933,19164.886072,1039,0,0.00,14.7438,1.0000
11229453.0,4487.316998,14679.621600,19166.938598,1040,0,0.00,14.7625,1.0000
11229482.0,4487.345766,14679.814933,19167.160700,1041,0,0.00,14.7672,1.0000
11229741.0,4487.602698,14681.541600,19169.144298,1042,0,0.00,14.7719,1.0000
11229790.0,4487.651307,14681.868267,19169.519573,1043,0,0.00,14.7844,1.0000
11229820.0,4487.681067,14682.068267,19169.749334,1044,0,0.00,14.7891,1.0000
11229972.0,4487.831853,14683.081600,19170.913453,1045,0,0.00,14.7938,1.0000
11230059.0,4487.918159,14683.661600,19171.579759,1046,0,0.00,14.7984,1.0000
11230068.0,4487.927087,14683.721600,19171.648687,1047,0,0.00,14.8031,1.0000
11230140.0,4487.998512,14684.201600,19172.200112,1048,0,0.00,14.8078,1.0000
11230519.0,4488.374485,14686.728267,19175.102752,1049,0,0.00,14.8125,1.0000
11230918.0,4488.770298,14689.388267,19178.158565,1050,0,0.00,14.8375,1.0000
11230919.0,4488.771290,14689.394933,19178.166224,1051,0,0.00,14.8438,1.0000
11231184.0,4489.034174,14691.161600,19180.195774,1052,0,0.00,14.8484,1.0000
11231705.0,4489.551013,14694.634933,19184.185947,1053,0,0.00,14.8531,1.0000
11231874.0,4489.718664,14695.761600,19185.480264,1054,0,0.00,14.8703,1.0000
11232138.0,4489.980555,14697.521600,19187.502155,1055,0,0.00,14.8750,1.0000
11232159.0,4490.001388,14697.661600,19187.662988,1056,0,0.00,14.8922,1.0000
11232245.0,4490.086701,14698.234933,19188.321634,1057,0,0.00,14.9094,1.0000
11232404.0,4490.244431,14699.294933,19189.539364,1058,0,0.00,14.9281,1.0000
11232428.0,4490.268239,14699.454933,19189.723173,1059,0,0.00,14.9328,1.0000
11232640.0,4490.478546,14700.868267,19191.346813,1060,0,0.00,14.9453,1.0000
11232992.0,4490.827735,14703.214933,19194.042669,1061,0,0.00,14.9500,1.0000
11233356.0,4491.188828,14705.641600,19196.830428,1062,0,0.00,14.9625,1.0000
11233358.0,4491.190812,14705.654933,19196.845746,1063,0,0.00,15.1000,1.0000
11233792.0,4491.621346,14708.548267,19200.169613,1064,0,0.00,15.1172,1.0000
11234122.0,4491.948711,14710.748267,19202.696978,1065,0,0.00,15.1234,1.0000
11234217.0,4492.042952,14711.381600,19203.424552,1066,0,0.00,15.1281,1.0000
11234289.0,4492.114377,14711.861600,19203.975977,1067,0,0.00,15.1328,1.0000
11234436.0,4492.260203,14712.841600,19205.101803,1068,0,0.00,15.2703,1.0000
11234621.0,4492.443726,14714.074933,19206.518659,1069,0,0.00,15.2953,1.0000
11235926.0,4493.738304,14722.774933,19216.513237,1070,0,0.00,15.3000,1.0000
11236060.0,4493.871234,14723.668267,19217.539501,1071,0,0.00,15.3063,1.0000
11236062.0,4493.873218,14723.681600,19217.554818,1072,0,0.00,15.3109,1.0000
11236161.0,4493.971427,14724.341600,19218.313027,1073,0,0.00,15.3156,1.0000
11236237.0,4494.046820,14724.848267,19218.895087,1074,0,0.00,15.4531,1.0000
11236263.0,4494.072613,14725.021600,19219.094213,1075,0,0.00,15.4766,1.0000
11237938.0,4495.734236,14736.188267,19231.922503,1076,0,0.00,15.4938,1.0000
11238503.0,4496.294724,14739.954933,19236.249657,1077,0,0.00,15.4984,1.0000
11238519.0,4496.310596,14740.061600,19236.372196,1078,0,0.00,15.5031,1.0000
11238610.0,4496.400869,14740.668267,19237.069136,1079,0,0.00,15.5078,1.0000
11238754.0,4496.543719,14741.628267,19238.171986,1080,0,0.00,15.5172,1.0000
11238918.0,4496.706410,14742.721600,19239.428010,1081,0,0.00,15.5344,1.0000
11238981.0,4496.768906,14743.141600,19239.910506,1082,0,0.00,15.5516,1.0000
11239010.0,4496.797675,14743.334933,19240.132608,1083,0,0.00,15.5563,1.0000
11239443.0,4497.227217,14746.221600,19243.448817,1084,0,0.00,15.5609,1.0000
11239659.0,4497.441492,14747.661600,19245.103092,1085,0,0.00,15.5797,1.0000
11240047.0,4497.826393,14750.248267,19248.074660,1086,0,0.00,15.5969,1.0000
11240134.0,4497.912698,14750.828267,19248.740965,1087,0,0.00,15.6016,1.0000
11241008.0,4498.779719,14756.654933,19255.434652,1088,0,0.00,15.6063,1.0000
11241640.0,4499.406671,14760.868267,19260.274938,1089,0,0.00,15.6188,1.0000
11241843.0,4499.608050,14762.221600,19261.829650,1090,0,0.00,15.6234,1.0000
11241901.0,4499.665587,14762.608267,19262.273854,1091,0,0.00,15.6281,1.0000
11241908.0,4499.672531,14762.654933,19262.327464,1092,0,0.00,15.6328,1.0000
11242076.0,4499.839189,14763.774933,19263.614123,1093,0,0.00,15.6469,1.0000
11242082.0,4499.845141,14763.814933,19263.660075,1094,0,0.00,15.6609,1.0000
11242144.0,4499.906646,14764.228267,19264.134913,1095,0,0.00,15.6750,1.0000
11242177.0,4499.939383,14764.448267,19264.387649,1096,0,0.00,15.6844,1.0000
11242484.0,4500.243931,14766.494933,19266.738864,1097,0,0.00,15.7016,1.0000
11242835.0,4500.592128,14768.834933,19269.427061,1098,0,0.00,15.7203,1.0000
11242948.0,4500.704226,14769.588267,19270.292492,1099,0,0.00,15.7250,1.0000
11243395.0,4501.147656,14772.568267,19273.715922,1100,0,0.00,15.7422,1.0000
11243594.0,4501.345066,14773.894933,19275.240000,1101,0,0.00,15.7469,1.0000
11243610.0,4501.360939,14774.001600,19275.362539,1102,0,0.00,15.7641,1.0000
11243663.0,4501.413515,14774.354933,19275.768449,1103,0,0.00,15.7813,1.0000
11243843.0,4501.592078,14775.554933,19277.147011,1104,0,0.00,15.7859,1.0000
11243846.0,4501.595054,14775.574933,19277.169987,1105,0,0.00,15.8031,1.0000
11244012.0,4501.759728,14776.681600,19278.441328,1106,0,0.00,15.8203,1.0000
11244255.0,4502.000788,14778.301600,19280.302388,1107,0,0.00,15.8250,1.0000
11244274.0,4502.019636,14778.428267,19280.447903,1108,0,0.00,15.8422,1.0000
11244400.0,4502.144630,14779.268267,19281.412896,1109,0,0.00,15.8469,1.0000
11244510.0,4502.253751,14780.001600,19282.255351,1110,0,0.00,15.8516,1.0000
11244611.0,4502.353945,14780.674933,19283.028878,1111,0,0.00,15.8688,1.0000
11244979.0,4502.719006,14783.128267,19285.847272,1112,0,0.00,15.9188,1.0000
11245031.0,4502.770590,14783.474933,19286.245524,1113,0,0.00,15.9438,1.0000
11245219.0,4502.957089,14784.728267,19287.685356,1114,0,0.00,15.9672,1.0000
11245256.0,4502.993794,14784.974933,19287.968727,1115,0,0.00,15.9719,1.0000
11245278.0,4503.015618,14785.121600,19288.137218,1116,0,0.00,15.9953,1.0000
11245337.0,4503.074147,14785.514933,19288.589080,1117,0,0.00,16.0000,1.0000
11245626.0,4503.360839,14787.441600,19290.802439,1118,0,0.00,16.0172,1.0000
11245800.0,4503.533449,14788.601600,19292.135049,1119,0,0.00,16.0219,1.0000
11246156.0,4503.886606,14790.974933,19294.861539,1120,0,0.00,16.0719,1.0000
11246156.0,4503.886606,14790.974933,19294.861539,1121,0,0.00,16.1219,1.0000
11246157.0,4503.887598,14790.981600,19294.869198,1122,0,0.00,16.1719,1.0000
11246296.0,4504.025488,14791.908267,19295.933755,1123,0,0.00,16.1906,1.0000
11246303.0,4504.032432,14791.954933,19295.987365,1124,0,0.00,16.2141,1.0000
11246539.0,4504.266547,14793.528267,19297.794814,1125,0,0.00,16.2375,1.0000
11246898.0,4504.622680,14795.921600,19300.544280,1126,0,0.00,16.2422,1.0000
11246977.0,4504.701049,14796.448267,19301.149316,1127,0,0.00,16.2656,1.0000
11247446.0,4505.166304,14799.574933,19304.741237,1128,0,0.00,16.2844,1.0000
11247810.0,4505.527397,14802.001600,19307.528997,1129,0,0.00,16.3844,1.0000
11248049.0,4505.764488,14803.594933,19309.359422,1130,0,0.00,16.3891,1.0000
11248086.0,4505.801193,14803.841600,19309.642793,1131,0,0.00,16.3938,1.0000
11248334.0,4506.047212,14805.494933,19311.542146,1132,0,0.00,16.3984,1.0000
11248918.0,4506.626548,14809.388267,19316.014815,1133,0,0.00,16.4031,1.0000
11248969.0,4506.677141,14809.728267,19316.405408,1134,0,0.00,16.4078,1.0000
11249336.0,4507.041210,14812.174933,19319.216144,1135,0,0.00,16.4125,1.0000
11249350.0,4507.055098,14812.268267,19319.323365,1136,0,0.00,16.4188,1.0000
11249414.0,4507.118587,14812.694933,19319.813521,1137,0,0.00,16.4234,1.0000
11249789.0,4507.490593,14815.194933,19322.685526,1138,0,0.00,16.4406,1.0000
11250269.0,4507.966759,14818.394933,19326.361693,1139,0,0.00,16.4453,1.0000
11250648.0,4508.342732,14820.921600,19329.264332,1140,0,0.00,16.4500,1.0000
11250676.0,4508.370509,14821.108267,19329.478776,1141,0,0.00,16.4672,1.0000
11250892.0,4508.584784,14822.548267,19331.133051,1142,0,0.00,16.4719,1.0000
11251367.0,4509.055990,14825.714933,19334.770924,1143,0,0.00,16.4766,1.0000
11251441.0,4509.129399,14826.208267,19335.337666,1144,0,0.00,16.4813,1.0000
11251596.0,4509.283162,14827.241600,19336.524762,1145,0,0.00,16.5000,1.0000
11252021.0,4509.704768,14830.074933,19339.779701,1146,0,0.00,16.5047,1.0000
11252062.0,4509.745440,14830.348267,19340.093707,1147,0,0.00,16.5219,1.0000
11252125.0,4509.807937,14830.768267,19340.576204,1148,0,0.00,16.5391,1.0000
11252133.0,4509.815873,14830.821600,19340.637473,1149,0,0.00,16.5563,1.0000
11252136.0,4509.818849,14830.841600,19340.660449,1150,0,0.00,16.5734,1.0000
11252302.0,4509.983523,14831.948267,19341.931790,1151,0,0.00,16.5781,1.0000
11252344.0,4510.025188,14832.228267,19342.253455,1152,0,0.00,16.5828,1.0000
11252570.0,4510.249383,14833.734933,19343.984316,1153,0,0.00,16.5875,1.0000
11252601.0,4510.280136,14833.941600,19344.221736,1154,0,0.00,16.5922,1.0000
11252604.0,4510.283112,14833.961600,19344.244712,1155,0,0.00,16.5969,1.0000
11252819.0,4510.496395,14835.394933,19345.891328,1156,0,0.00,16.6016,1.0000
11253285.0,4510.958673,14838.501600,19349.460273,1157,0,0.00,16.6063,1.0000
11253333.0,4511.006290,14838.821600,19349.827890,1158,0,0.00,16.6109,1.0000
11253544.0,4511.215605,14840.228267,19351.443871,1159,0,0.00,16.6156,1.0000
11253550.0,4511.221557,14840.268267,19351.489823,1160,0,0.00,16.6203,1.0000
11257773.0,4515.410831,14868.421600,19383.832431,1161,0,0.00,16.6250,1.0000
11258025.0,4515.660819,14870.101600,19385.762419,1162,0,0.00,16.6375,1.0000
11258059.0,4515.694547,14870.328267,19386.022814,1163,0,0.00,16.6422,1.0000
11258258.0,4515.891958,14871.654933,19387.546891,1164,0,0.00,16.6469,1.0000
11258461.0,4516.093337,14873.008267,19389.101604,1165,0,0.00,16.6516,1.0000
11258483.0,4516.115161,14873.154933,19389.270095,1166,0,0.00,16.6563,1.0000
11258602.0,4516.233211,14873.948267,19390.181478,1167,0,0.00,16.6609,1.0000
11258674.0,4516.304636,14874.428267,19390.732903,1168,0,0.00,16.6797,1.0000
11258793.0,4516.422686,14875.221600,19391.644286,1169,0,0.00,16.6984,1.0000
11259186.0,4516.812547,14877.841600,19394.654147,1170,0,0.00,16.7172,1.0000
11259274.0,4516.899844,14878.428267,19395.328111,1171,0,0.00,16.7359,1.0000
11259471.0,4517.095271,14879.741600,19396.836871,1172,0,0.00,16.7406,1.0000
11259619.0,4517.242089,14880.728267,19397.970356,1173,0,0.00,16.7578,1.0000
11260464.0,4518.080341,14886.361600,19404.441941,1174,0,0.00,16.7766,1.0000
11260593.0,4518.208311,14887.221600,19405.429911,1175,0,0.00,16.7938,1.0000
11289646.0,4547.029290,15080.908267,19627.937557,1176,0,0.00,16.7984,1.0000
11289692.0,4547.074923,15081.214933,19628.289856,1177,0,0.00,16.8172,1.0000
11289731.0,4547.113611,15081.474933,19628.588545,1178,0,0.00,16.8219,1.0000
11289750.0,4547.132460,15081.601600,19628.734060,1179,0,0.00,16.8406,1.0000
11290753.0,4548.127449,15088.288267,19636.415716,1180,0,0.00,16.8578,1.0000
11290804.0,4548.178042,15088.628267,19636.806309,1181,0,0.00,16.8750,1.0000
11290853.0,4548.226651,15088.954933,19637.181584,1182,0,0.00,16.8922,1.0000
11290907.0,4548.280220,15089.314933,19637.595153,1183,0,0.00,16.9094,1.0000
11291071.0,4548.442910,15090.408267,19638.851177,1184,0,0.00,16.9266,1.0000
11291121.0,4548.492511,15090.741600,19639.234111,1185,0,0.00,16.9438,1.0000
11291824.0,4549.189896,15095.428267,19644.618163,1186,0,0.00,16.9484,1.0000
11292087.0,4549.450796,15097.181600,19646.632396,1187,0,0.00,16.9984,1.0000
11292088.0,4549.451788,15097.188267,19646.640055,1188,0,0.00,17.0484,1.0000
11292364.0,4549.725584,15099.028267,19648.753851,1189,0,0.00,17.0531,1.0000
11292401.0,4549.762288,15099.274933,19649.037222,1190,0,0.00,17.0594,1.0000
11292666.0,4550.025172,15101.041600,19651.066772,1191,0,0.00,17.1094,1.0000
11292686.0,4550.045012,15101.174933,19651.219946,1192,0,0.00,17.1141,1.0000
11292973.0,4550.329720,15103.088267,19653.417987,1193,0,0.00,17.1188,1.0000
11293240.0,4550.594588,15104.868267,19655.462855,1194,0,0.00,17.1688,1.0000
11293876.0,4551.225509,15109.108267,19660.333776,1195,0,0.00,17.1734,1.0000
11294362.0,4551.707628,15112.348267,19664.055894,1196,0,0.00,17.1781,1.0000
11294456.0,4551.800877,15112.974933,19664.775810,1197,0,0.00,17.1828,1.0000
11294979.0,4552.319700,15116.461600,19668.781300,1198,0,0.00,17.1938,1.0000
11295242.0,4552.580600,15118.214933,19670.795533,1199,0,0.00,17.1984,1.0000
11295703.0,4553.037918,15121.288267,19674.326185,1200,0,0.00,17.2156,1.0000
11295705.0,4553.039902,15121.301600,19674.341502,1201,0,0.00,17.2328,1.0000
11295817.0,4553.151008,15122.048267,19675.199274,1202,0,0.00,17.2578,1.0000
11295850.0,4553.183744,15122.268267,19675.452011,1203,0,0.00,17.2750,1.0000
11295892.0,4553.225409,15122.548267,19675.773676,1204,0,0.00,17.2797,1.0000
11295956.0,4553.288898,15122.974933,19676.263831,1205,0,0.00,17.2969,1.0000
11296077.0,4553.408931,15123.781600,19677.190531,1206,0,0.00,17.3094,1.0000
11296145.0,4553.476388,15124.234933,19677.711322,1207,0,0.00,17.3266,1.0000
11296551.0,4553.879146,15126.941600,19680.820746,1208,0,0.00,17.5141,1.0000
11296874.0,4554.199566,15129.094933,19683.294500,1209,0,0.00,17.5188,1.0000
11297523.0,4554.843384,15133.421600,19688.264984,1210,0,0.00,17.5359,1.0000
11297764.0,4555.082459,15135.028267,19690.110726,1211,0,0.00,17.5406,1.0000
11297811.0,4555.129084,15135.341600,19690.470684,1212,0,0.00,17.5578,1.0000
11297812.0,4555.130076,15135.348267,19690.478342,1213,0,0.00,17.5703,1.0000
11298022.0,4555.338398,15136.748267,19692.086665,1214,0,0.00,17.5953,1.0000
11298055.0,4555.371135,15136.968267,19692.339402,1215,0,0.00,17.6000,1.0000
11298176.0,4555.491169,15137.774933,19693.266102,1216,0,0.00,17.6063,1.0000
11298308.0,4555.622114,15138.654933,19694.277048,1217,0,0.00,17.6313,1.0000
11298728.0,4556.038760,15141.454933,19697.493694,1218,0,0.00,17.6359,1.0000
11298875.0,4556.184586,15142.434933,19698.619520,1219,0,0.00,17.6641,1.0000
11299089.0,4556.396877,15143.861600,19700.258477,1220,0,0.00,17.6813,1.0000
11299099.0,4556.406797,15143.928267,19700.335064,1221,0,0.00,17.6938,1.0000
11299124.0,4556.431598,15144.094933,19700.526531,1222,0,0.00,17.6984,1.0000
11299712.0,4557.014902,15148.014933,19705.029835,1223,0,0.00,17.7047,1.0000
11299896.0,4557.197432,15149.241600,19706.439032,1224,0,0.00,17.7109,1.0000
11300486.0,4557.782721,15153.174933,19710.957654,1225,0,0.00,17.7156,1.0000
11300993.0,4558.285672,15156.554933,19714.840605,1226,0,0.00,17.7328,1.0000
11301086.0,4558.377929,15157.174933,19715.552862,1227,0,0.00,17.7500,1.0000
11301240.0,4558.530699,15158.201600,19716.732299,1228,0,0.00,17.7672,1.0000
11301577.0,4558.865008,15160.448267,19719.313274,1229,0,0.00,17.7719,1.0000
11301626.0,4558.913616,15160.774933,19719.688550,1230,0,0.00,17.7766,1.0000
11301682.0,4558.969169,15161.148267,19720.117436,1231,0,0.00,17.8016,1.0000
11301877.0,4559.162612,15162.448267,19721.610879,1232,0,0.00,17.8188,1.0000
11301997.0,4559.281654,15163.248267,19722.529920,1233,0,0.00,17.8234,1.0000
11302044.0,4559.328278,15163.561600,19722.889878,1234,0,0.00,17.8281,1.0000
11302075.0,4559.359031,15163.768267,19723.127297,1235,0,0.00,17.8453,1.0000
11302080.0,4559.363991,15163.801600,19723.165591,1236,0,0.00,17.8500,1.0000
11302151.0,4559.434424,15164.274933,19723.709357,1237,0,0.00,17.8672,1.0000
11302160.0,4559.443352,15164.334933,19723.778285,1238,0,0.00,17.8719,1.0000
11302283.0,4559.565370,15165.154933,19724.720303,1239,0,0.00,17.8844,1.0000
11303041.0,4560.317316,15170.208267,19730.525583,1240,0,0.00,17.8891,1.0000
11303303.0,4560.577224,15171.954933,19732.532157,1241,0,0.00,17.9063,1.0000
11303937.0,4561.206161,15176.181600,19737.387761,1242,0,0.00,17.9234,1.0000
11304159.0,4561.426388,15177.661600,19739.087988,1243,0,0.00,17.9359,1.0000
11304300.0,4561.566262,15178.601600,19740.167862,1244,0,0.00,17.9531,1.0000
11304320.0,4561.586102,15178.734933,19740.321035,1245,0,0.00,17.9578,1.0000
11304374.0,4561.639671,15179.094933,19740.734604,1246,0,0.00,17.9625,1.0000
11304463.0,4561.727960,15179.688267,19741.416227,1247,0,0.00,17.9641,1.0000
11304526.0,4561.790457,15180.108267,19741.898723,1248,0,0.00,17.9688,1.0000
11304608.0,4561.871802,15180.654933,19742.526735,1249,0,0.00,17.9734,1.0000
11305115.0,4562.374753,15184.034933,19746.409686,1250,0,0.00,17.9781,1.0000
11305159.0,4562.418402,15184.328267,19746.746668,1251,0,0.00,17.9828,1.0000
11305285.0,4562.543395,15185.168267,19747.711662,1252,0,0.00,17.9875,1.0000
11305484.0,4562.740806,15186.494933,19749.235739,1253,0,0.00,17.9922,1.0000
11305557.0,4562.813223,15186.981600,19749.794823,1254,0,0.00,18.0094,1.0000
11305559.0,4562.815207,15186.994933,19749.810140,1255,0,0.00,18.0266,1.0000
11305743.0,4562.997738,15188.221600,19751.219338,1256,0,0.00,18.0391,1.0000
11305795.0,4563.049322,15188.568267,19751.617589,1257,0,0.00,18.0484,1.0000
11305955.0,4563.208045,15189.634933,19752.842978,1258,0,0.00,18.0578,1.0000
11306260.0,4563.510609,15191.668267,19755.178876,1259,0,0.00,18.0703,1.0000
11306401.0,4563.650483,15192.608267,19756.258749,1260,0,0.00,18.0750,1.0000
11307339.0,4564.580992,15198.861600,19763.442592,1261,0,0.00,18.0797,1.0000
11307342.0,4564.583968,15198.881600,19763.465568,1262,0,0.00,18.0844,1.0000
11307692.0,4564.931173,15201.214933,19766.146106,1263,0,0.00,18.1016,1.0000
11307831.0,4565.069063,15202.141600,19767.210663,1264,0,0.00,18.1063,1.0000
11307838.0,4565.076007,15202.188267,19767.264273,1265,0,0.00,18.1109,1.0000
11308020.0,4565.256553,15203.401600,19768.658153,1266,0,0.00,18.1281,1.0000
11308024.0,4565.260521,15203.428267,19768.688788,1267,0,0.00,18.1453,1.0000
11308521.0,4565.753552,15206.741600,19772.495152,1268,0,0.00,18.1500,1.0000
11308788.0,4566.018420,15208.521600,19774.540020,1269,0,0.00,18.1672,1.0000
11308789.0,4566.019412,15208.528267,19774.547679,1270,0,0.00,18.1844,1.0000
11308789.0,4566.019412,15208.528267,19774.547679,1271,0,0.00,18.2016,1.0000
11309094.0,4566.321976,15210.561600,19776.883576,1272,0,0.00,18.2063,1.0000
11309611.0,4566.834847,15214.008267,19780.843114,1273,0,0.00,18.2234,1.0000
11310041.0,4567.261413,15216.874933,19784.136347,1274,0,0.00,18.2484,1.0000
11310151.0,4567.370535,15217.608267,19784.978802,1275,0,0.00,18.2656,1.0000
11310354.0,4567.571914,15218.961600,19786.533514,1276,0,0.00,18.2828,1.0000
11310355.0,4567.572906,15218.968267,19786.541172,1277,0,0.00,18.2875,1.0000
11310513.0,4567.729644,15220.021600,19787.751244,1278,0,0.00,18.3047,1.0000
11310674.0,4567.889358,15221.094933,19788.984291,1279,0,0.00,18.3109,1.0000
11310689.0,4567.904238,15221.194933,19789.099172,1280,0,0.00,18.3203,1.0000
11310928.0,4568.141330,15222.788267,19790.929596,1281,0,0.00,18.3328,1.0000
11310944.0,4568.157202,15222.894933,19791.052135,1282,0,0.00,18.3375,1.0000
11311054.0,4568.266323,15223.628267,19791.894590,1283,0,0.00,18.3438,1.0000
11311061.0,4568.273268,15223.674933,19791.948201,1284,0,0.00,18.3484,1.0000
11311657.0,4568.864508,15227.648267,19796.512774,1285,0,0.00,18.3656,1.0000
11311666.0,4568.873436,15227.708267,19796.581703,1286,0,0.00,18.3844,1.0000
11312135.0,4569.338690,15230.834933,19800.173624,1287,0,0.00,18.3891,1.0000
11312135.0,4569.338690,15230.834933,19800.173624,1288,0,0.00,18.4078,1.0000
11312226.0,4569.428964,15231.441600,19800.870564,1289,0,0.00,18.4125,1.0000
11312470.0,4569.671015,15233.068267,19802.739282,1290,0,0.00,18.4297,1.0000
11312471.0,4569.672007,15233.074933,19802.746940,1291,0,0.00,18.4469,1.0000
11312511.0,4569.711688,15233.341600,19803.053288,1292,0,0.00,18.4516,1.0000
11312599.0,4569.798985,15233.928267,19803.727252,1293,0,0.00,18.4563,1.0000
11312619.0,4569.818825,15234.061600,19803.880425,1294,0,0.00,18.4609,1.0000
11312689.0,4569.888266,15234.528267,19804.416533,1295,0,0.00,18.4734,1.0000
11312702.0,4569.901162,15234.614933,19804.516096,1296,0,0.00,18.4859,1.0000
11312714.0,4569.913066,15234.694933,19804.608000,1297,0,0.00,18.5031,1.0000
11313813.0,4571.003290,15242.021600,19813.024890,1298,0,0.00,18.5078,1.0000
11314353.0,4571.538977,15245.621600,19817.160577,1299,0,0.00,18.5172,1.0000
11314975.0,4572.156010,15249.768267,19821.924277,1300,0,0.00,18.5344,1.0000
11314980.0,4572.160970,15249.801600,19821.962570,1301,0,0.00,18.5516,1.0000
11315316.0,4572.494287,15252.041600,19824.535887,1302,0,0.00,18.5688,1.0000
11315325.0,4572.503215,15252.101600,19824.604815,1303,0,0.00,18.5734,1.0000
11315566.0,4572.742290,15253.708267,19826.450557,1304,0,0.00,18.5906,1.0000
11315619.0,4572.794867,15254.061600,19826.856467,1305,0,0.00,18.6406,1.0000
11315620.0,4572.795859,15254.068267,19826.864126,1306,0,0.00,18.6906,1.0000
11315648.0,4572.823635,15254.254933,19827.078569,1307,0,0.00,18.7078,1.0000
11316323.0,4573.493245,15258.754933,19832.248178,1308,0,0.00,18.7578,1.0000
11316417.0,4573.586494,15259.381600,19832.968094,1309,0,0.00,18.7859,1.0000
11316517.0,4573.685695,15260.048267,19833.733962,1310,0,0.00,18.8094,1.0000
11316613.0,4573.780929,15260.688267,19834.469195,1311,0,0.00,18.8141,1.0000
11317139.0,4574.302728,15264.194933,19838.497661,1312,0,0.00,18.8641,1.0000
11317435.0,4574.596364,15266.168267,19840.764631,1313,0,0.00,18.8875,1.0000
11318199.0,4575.354263,15271.261600,19846.615863,1314,0,0.00,18.9047,1.0000
11325996.0,4583.088995,15323.241600,19906.330595,1315,0,0.00,18.9109,1.0000
11326552.0,4583.640555,15326.948267,19910.588821,1316,0,0.00,18.9156,1.0000
11326557.0,4583.645515,15326.981600,19910.627115,1317,0,0.00,18.9203,1.0000
11326617.0,4583.705036,15327.381600,19911.086636,1318,0,0.00,18.9250,1.0000
11327321.0,4584.403413,15332.074933,19916.478347,1319,0,0.00,18.9500,1.0000
11327553.0,4584.633561,15333.621600,19918.255161,1320,0,0.00,18.9672,1.0000
11327628.0,4584.707962,15334.121600,19918.829562,1321,0,0.00,18.9719,1.0000
11327808.0,4584.886524,15335.321600,19920.208124,1322,0,0.00,18.9781,1.0000
11327857.0,4584.935133,15335.648267,19920.583399,1323,0,0.00,18.9953,1.0000
11328029.0,4585.105759,15336.794933,19921.900693,1324,0,0.00,19.0125,1.0000
11328518.0,4585.590854,15340.054933,19925.645787,1325,0,0.00,19.0313,1.0000
11328655.0,4585.726760,15340.968267,19926.695027,1326,0,0.00,19.0563,1.0000
11328658.0,4585.729736,15340.988267,19926.718003,1327,0,0.00,19.0625,1.0000
11333050.0,4590.086661,15370.268267,19960.354928,1328,0,0.00,19.0844,1.0000
11333556.0,4590.588620,15373.641600,19964.230220,1329,0,0.00,19.1125,1.0000
11333598.0,4590.630285,15373.921600,19964.551885,1330,0,0.00,19.1406,1.0000
11333777.0,4590.807855,15375.114933,19965.922788,1331,0,0.00,19.1594,1.0000
11333783.0,4590.813807,15375.154933,19965.968740,1332,0,0.00,19.1781,1.0000
11333784.0,4590.814799,15375.161600,19965.976399,1333,0,0.00,19.2031,1.0000
11333794.0,4590.824719,15375.228267,19966.052986,1334,0,0.00,19.2078,1.0000
11333839.0,4590.869360,15375.528267,19966.397627,1335,0,0.00,19.2266,1.0000
11334076.0,4591.104467,15377.108267,19968.212734,1336,0,0.00,19.2328,1.0000
11334457.0,4591.482424,15379.648267,19971.130691,1337,0,0.00,19.2391,1.0000
11334738.0,4591.761180,15381.521600,19973.282780,1338,0,0.00,19.2672,1.0000
11334827.0,4591.849470,15382.114933,19973.964403,1339,0,0.00,19.2844,1.0000
11334837.0,4591.859390,15382.181600,19974.040990,1340,0,0.00,19.3016,1.0000
11335068.0,4592.088545,15383.721600,19975.810145,1341,0,0.00,19.3250,1.0000
11335337.0,4592.355397,15385.514933,19977.870330,1342,0,0.00,19.3422,1.0000
11335740.0,4592.755178,15388.201600,19980.956778,1343,0,0.00,19.3594,1.0000
11335976.0,4592.989294,15389.774933,19982.764227,1344,0,0.00,19.3766,1.0000
11336136.0,4593.148016,15390.841600,19983.989616,1345,0,0.00,19.3938,1.0000
11340048.0,4597.028774,15416.921600,20013.950374,1346,0,0.00,19.4219,1.0000
11340147.0,4597.126984,15417.581600,20014.708584,1347,0,0.00,19.4406,1.0000
11340203.0,4597.182536,15417.954933,20015.137470,1348,0,0.00,19.4578,1.0000
11340782.0,4597.756912,15421.814933,20019.571846,1349,0,0.00,19.4641,1.0000
11340817.0,4597.791633,15422.048267,20019.839899,1350,0,0.00,19.5141,1.0000
11340817.0,4597.791633,15422.048267,20019.839899,1351,0,0.00,19.5641,1.0000
11342386.0,4599.348103,15432.508267,20031.856369,1352,0,0.00,19.5813,1.0000
11342410.0,4599.371911,15432.668267,20032.040178,1353,0,0.00,19.5984,1.0000
11342436.0,4599.397703,15432.841600,20032.239303,1354,0,0.00,19.6156,1.0000
11342458.0,4599.419528,15432.988267,20032.407794,1355,0,0.00,19.6328,1.0000
11342524.0,4599.485001,15433.428267,20032.913267,1356,0,0.00,19.6516,1.0000
11342609.0,4599.569322,15433.994933,20033.564255,1357,0,0.00,19.6703,1.0000
11342677.0,4599.636779,15434.448267,20034.085045,1358,0,0.00,19.6844,1.0000
11343842.0,4600.792475,15442.214933,20043.007408,1359,0,0.00,19.6891,1.0000
11345006.0,4601.947179,15449.974933,20051.922112,1360,0,0.00,19.6938,1.0000
11345074.0,4602.014636,15450.428267,20052.442903,1361,0,0.00,19.7125,1.0000
11345551.0,4602.487827,15453.608267,20056.096093,1362,0,0.00,19.7250,1.0000
11345812.0,4602.746742,15455.348267,20058.095009,1363,0,0.00,19.7500,1.0000
11345865.0,4602.799319,15455.701600,20058.500919,1364,0,0.00,19.7656,1.0000
11346208.0,4603.139580,15457.988267,20061.127846,1365,0,0.00,19.7828,1.0000
11346233.0,4603.164380,15458.154933,20061.319313,1366,0,0.00,19.8000,1.0000
11346237.0,4603.168348,15458.181600,20061.349948,1367,0,0.00,19.8172,1.0000
11346548.0,4603.476864,15460.254933,20063.731798,1368,0,0.00,19.8344,1.0000
11346552.0,4603.480832,15460.281600,20063.762432,1369,0,0.00,19.8516,1.0000
11346580.0,4603.508609,15460.468267,20063.976876,1370,0,0.00,19.8688,1.0000
11346580.0,4603.508609,15460.468267,20063.976876,1371,0,0.00,19.8938,1.0000
11346627.0,4603.555234,15460.781600,20064.336834,1372,0,0.00,19.9109,1.0000
11346674.0,4603.601858,15461.094933,20064.696791,1373,0,0.00,19.9281,1.0000
11346674.0,4603.601858,15461.094933,20064.696791,1374,0,0.00,19.9453,1.0000
11346677.0,4603.604834,15461.114933,20064.719768,1375,0,0.00,19.9625,1.0000
11346750.0,4603.677251,15461.601600,20065.278851,1376,0,0.00,19.9797,1.0000
11346985.0,4603.910374,15463.168267,20067.078641,1377,0,0.00,19.9922,1.0000
11383231.0,4639.866910,15704.808267,20344.675177,1378,0,0.00,19.9984,1.0000
11383655.0,4640.287524,15707.634933,20347.922457,1379,0,0.00,20.0078,1.0000
11383763.0,4640.394661,15708.354933,20348.749595,1380,0,0.00,20.0125,1.0000
11383838.0,4640.469062,15708.854933,20349.323996,1381,0,0.00,20.0266,1.0000
11383847.0,4640.477990,15708.914933,20349.392924,1382,0,0.00,20.0328,1.0000
11383876.0,4640.506759,15709.108267,20349.615026,1383,0,0.00,20.0469,1.0000
11384054.0,4640.683337,15710.294933,20350.978271,1384,0,0.00,20.0531,1.0000
11384169.0,4640.797419,15711.061600,20351.859019,1385,0,0.00,20.0703,1.0000
11384376.0,4641.002766,15712.441600,20353.444366,1386,0,0.00,20.0891,1.0000
11384416.0,4641.042446,15712.708267,20353.750713,1387,0,0.00,20.1063,1.0000
11384554.0,4641.179344,15713.628267,20354.807611,1388,0,0.00,20.1234,1.0000
11384702.0,4641.326162,15714.614933,20355.941096,1389,0,0.00,20.1469,1.0000
11384952.0,4641.574166,15716.281600,20357.855766,1390,0,0.00,20.1641,1.0000
11385093.0,4641.714040,15717.221600,20358.935640,1391,0,0.00,20.1734,1.0000
11385488.0,4642.105885,15719.854933,20361.960819,1392,0,0.00,20.2016,1.0000
11385518.0,4642.135646,15720.054933,20362.190579,1393,0,0.00,20.2297,1.0000
11385654.0,4642.270560,15720.961600,20363.232160,1394,0,0.00,20.2578,1.0000
11385921.0,4642.535427,15722.741600,20365.277027,1395,0,0.00,20.2859,1.0000
11386303.0,4642.914377,15725.288267,20368.202643,1396,0,0.00,20.2906,1.0000
11386521.0,4643.130636,15726.741600,20369.872236,1397,0,0.00,20.3188,1.0000
11386542.0,4643.151468,15726.881600,20370.033068,1398,0,0.00,20.3250,1.0000
11386791.0,4643.398479,15728.541600,20371.940079,1399,0,0.00,20.3297,1.0000
11401470.0,4657.960251,15826.401600,20484.361851,1400,0,0.00,20.3359,1.0000
11401602.0,4658.091197,15827.281600,20485.372797,1401,0,0.00,20.3594,1.0000
11401708.0,4658.196351,15827.988267,20486.184617,1402,0,0.00,20.3781,1.0000
11401813.0,4658.300512,15828.688267,20486.988779,1403,0,0.00,20.3828,1.0000
11401815.0,4658.302496,15828.701600,20487.004096,1404,0,0.00,20.4109,1.0000
11402540.0,4659.021706,15833.534933,20492.556639,1405,0,0.00,20.4281,1.0000
11402969.0,4659.447280,15836.394933,20495.842213,1406,0,0.00,20.4453,1.0000
11402972.0,4659.450256,15836.414933,20495.865189,1407,0,0.00,20.4625,1.0000
11403719.0,4660.191290,15841.394933,20501.586224,1408,0,0.00,20.4672,1.0000
11403754.0,4660.226011,15841.628267,20501.854278,1409,0,0.00,20.4844,1.0000
11403804.0,4660.275612,15841.961600,20502.237212,1410,0,0.00,20.5125,1.0000
11403954.0,4660.424414,15842.961600,20503.386014,1411,0,0.00,20.5313,1.0000
11404007.0,4660.476990,15843.314933,20503.791924,1412,0,0.00,20.5453,1.0000
11404118.0,4660.587104,15844.054933,20504.642037,1413,0,0.00,20.5500,1.0000
11404187.0,4660.655553,15844.514933,20505.170486,1414,0,0.00,20.5672,1.0000
11404234.0,4660.702178,15844.828267,20505.530444,1415,0,0.00,20.5844,1.0000
11404376.0,4660.843044,15845.774933,20506.617977,1416,0,0.00,20.6078,1.0000
11404788.0,4661.251753,15848.521600,20509.773353,1417,0,0.00,20.6125,1.0000
11405134.0,4661.594990,15850.828267,20512.423257,1418,0,0.00,20.6219,1.0000
11405247.0,4661.707088,15851.581600,20513.288688,1419,0,0.00,20.6391,1.0000
11405809.0,4662.264599,15855.328267,20517.592866,1420,0,0.00,20.6438,1.0000
11405819.0,4662.274520,15855.394933,20517.669453,1421,0,0.00,20.6688,1.0000
11405829.0,4662.284440,15855.461600,20517.746040,1422,0,0.00,20.6734,1.0000
11405860.0,4662.315192,15855.668267,20517.983459,1423,0,0.00,20.6781,1.0000
11406026.0,4662.479866,15856.774933,20519.254800,1424,0,0.00,20.7031,1.0000
11406028.0,4662.481851,15856.788267,20519.270117,1425,0,0.00,20.7281,1.0000
11406210.0,4662.662397,15858.001600,20520.663997,1426,0,0.00,20.7328,1.0000
11406437.0,4662.887584,15859.514933,20522.402518,1427,0,0.00,20.7375,1.0000
11406529.0,4662.978849,15860.128267,20523.107116,1428,0,0.00,20.7422,1.0000
11406672.0,4663.120707,15861.081600,20524.202307,1429,0,0.00,20.7469,1.0000
11407033.0,4663.478824,15863.488267,20526.967091,1430,0,0.00,20.7719,1.0000
11412186.0,4668.590672,15897.841600,20566.432272,1431,0,0.00,20.8219,1.0000
11412186.0,4668.590672,15897.841600,20566.432272,1432,0,0.00,20.8719,1.0000
11412502.0,4668.904148,15899.948267,20568.852415,1433,0,0.00,20.8781,1.0000
11412756.0,4669.156120,15901.641600,20570.797720,1434,0,0.00,20.8969,1.0000
11413320.0,4669.715616,15905.401600,20575.117216,1435,0,0.00,20.9016,1.0000
11413400.0,4669.794977,15905.934933,20575.729910,1436,0,0.00,20.9078,1.0000
11413764.0,4670.156070,15908.361600,20578.517670,1437,0,0.00,20.9297,1.0000
11413796.0,4670.187814,15908.574933,20578.762748,1438,0,0.00,20.9344,1.0000
11414346.0,4670.733422,15912.241600,20582.975022,1439,0,0.00,20.9391,1.0000
11414563.0,4670.948689,15913.688267,20584.636956,1440,0,0.00,20.9438,1.0000
11414652.0,4671.036978,15914.281600,20585.318578,1441,0,0.00,20.9688,1.0000
11414701.0,4671.085587,15914.608267,20585.693854,1442,0,0.00,20.9938,1.0000
11414707.0,4671.091539,15914.648267,20585.739806,1443,0,0.00,20.9984,1.0000
11414835.0,4671.218517,15915.501600,20586.720117,1444,0,0.00,21.0266,1.0000
11415575.0,4671.952607,15920.434933,20592.387540,1445,0,0.00,21.0313,1.0000
11415575.0,4671.952607,15920.434933,20592.387540,1446,0,0.00,21.0359,1.0000
11415617.0,4671.994272,15920.714933,20592.709205,1447,0,0.00,21.0406,1.0000
11415618.0,4671.995264,15920.721600,20592.716864,1448,0,0.00,21.0578,1.0000
11415685.0,4672.061729,15921.168267,20593.229995,1449,0,0.00,21.0641,1.0000
11415707.0,4672.083553,15921.314933,20593.398486,1450,0,0.00,21.0813,1.0000
11415929.0,4672.303780,15922.794933,20595.098713,1451,0,0.00,21.0828,1.0000
11415933.0,4672.307748,15922.821600,20595.129348,1452,0,0.00,21.1016,1.0000
11415950.0,4672.324612,15922.934933,20595.259546,1453,0,0.00,21.1063,1.0000
11416299.0,4672.670825,15925.261600,20597.932425,1454,0,0.00,21.1344,1.0000
11416358.0,4672.729354,15925.654933,20598.384287,1455,0,0.00,21.1625,1.0000
11416364.0,4672.735306,15925.694933,20598.430239,1456,0,0.00,21.1672,1.0000
11416411.0,4672.781931,15926.008267,20598.790197,1457,0,0.00,21.1719,1.0000
11416461.0,4672.831531,15926.341600,20599.173131,1458,0,0.00,21.1906,1.0000
11417306.0,4673.669783,15931.974933,20605.644716,1459,0,0.00,21.1969,1.0000
11417316.0,4673.679703,15932.041600,20605.721303,1460,0,0.00,21.3344,1.0000
11417650.0,4674.011036,15934.268267,20608.279303,1461,0,0.00,21.3391,1.0000
11417959.0,4674.317568,15936.328267,20610.645835,1462,0,0.00,21.3563,1.0000
11418907.0,4675.257997,15942.648267,20617.906264,1463,0,0.00,21.3609,1.0000
11426456.0,4682.746710,15992.974933,20675.721644,1464,0,0.00,21.3672,1.0000
11427146.0,4683.431200,15997.574933,20681.006133,1465,0,0.00,21.3844,1.0000
11427668.0,4683.949031,16001.054933,20685.003964,1466,0,0.00,21.4016,1.0000
11427721.0,4684.001608,16001.408267,20685.409874,1467,0,0.00,21.4188,1.0000
11427757.0,4684.037320,16001.648267,20685.685587,1468,0,0.00,21.4359,1.0000
11427808.0,4684.087913,16001.988267,20686.076180,1469,0,0.00,21.4531,1.0000
11427849.0,4684.128586,16002.261600,20686.390186,1470,0,0.00,21.4703,1.0000
11428055.0,4684.332940,16003.634933,20687.967874,1471,0,0.00,21.4891,1.0000
11428425.0,4684.699986,16006.101600,20690.801586,1472,0,0.00,21.4938,1.0000
11428646.0,4684.919221,16007.574933,20692.494154,1473,0,0.00,21.4984,1.0000
11428700.0,4684.972789,16007.934933,20692.907723,1474,0,0.00,21.5047,1.0000
11429322.0,4685.589822,16012.081600,20697.671422,1475,0,0.00,21.5188,1.0000
11429482.0,4685.748544,16013.148267,20698.896811,1476,0,0.00,21.5328,1.0000
11429511.0,4685.777313,16013.341600,20699.118913,1477,0,0.00,21.5344,1.0000
11429517.0,4685.783265,16013.381600,20699.164865,1478,0,0.00,21.5484,1.0000
11466113.0,4722.087005,16257.354933,20979.441938,1479,0,0.00,21.5531,1.0000
11466546.0,4722.516547,16260.241600,20982.758147,1480,0,0.00,21.5703,1.0000
11466580.0,4722.550276,16260.468267,20983.018542,1481,0,0.00,21.5875,1.0000
11466638.0,4722.607812,16260.854933,20983.462746,1482,0,0.00,21.6125,1.0000
11466644.0,4722.613764,16260.894933,20983.508698,1483,0,0.00,21.6250,1.0000
11467291.0,4723.255597,16265.208267,20988.463864,1484,0,0.00,21.6484,1.0000
11467310.0,4723.274446,16265.334933,20988.609379,1485,0,0.00,21.6719,1.0000
11467469.0,4723.432176,16266.394933,20989.827109,1486,0,0.00,21.6828,1.0000
11467714.0,4723.675219,16268.028267,20991.703486,1487,0,0.00,21.6969,1.0000
11467857.0,4723.817077,16268.981600,20992.798677,1488,0,0.00,21.7141,1.0000
11468608.0,4724.562080,16273.988267,20998.550346,1489,0,0.00,21.7203,1.0000
11468893.0,4724.844804,16275.888267,21000.733070,1490,0,0.00,21.7344,1.0000
11468914.0,4724.865636,16276.028267,21000.893903,1491,0,0.00,21.7484,1.0000
11468937.0,4724.888452,16276.181600,21001.070052,1492,0,0.00,21.7625,1.0000
11469533.0,4725.479693,16280.154933,21005.634626,1493,0,0.00,21.7859,1.0000
11470485.0,4726.424090,16286.501600,21012.925690,1494,0,0.00,21.7906,1.0000
11470656.0,4726.593724,16287.641600,21014.235324,1495,0,0.00,21.8094,1.0000
11471032.0,4726.966721,16290.148267,21017.114988,1496,0,0.00,21.8156,1.0000
11471383.0,4727.314918,16292.488267,21019.803185,1497,0,0.00,21.8172,1.0000
11471391.0,4727.322854,16292.541600,21019.864454,1498,0,0.00,21.8344,1.0000
11471506.0,4727.436936,16293.308267,21020.745203,1499,0,0.00,21.8516,1.0000
11471750.0,4727.678987,16294.934933,21022.613921,1500,0,0.00,21.8578,1.0000
11471779.0,4727.707756,16295.128267,21022.836022,1501,0,0.00,21.8641,1.0000
11472181.0,4728.106545,16297.808267,21025.914812,1502,0,0.00,21.8922,1.0000
11472281.0,4728.205747,16298.474933,21026.680680,1503,0,0.00,21.9063,1.0000
11472322.0,4728.246419,16298.748267,21026.994686,1504,0,0.00,21.9203,1.0000
11472325.0,4728.249395,16298.768267,21027.017662,1505,0,0.00,21.9344,1.0000
11472461.0,4728.384309,16299.674933,21028.059243,1506,0,0.00,21.9406,1.0000
11472775.0,4728.695802,16301.768267,21030.464068,1507,0,0.00,21.9469,1.0000
11472828.0,4728.748378,16302.121600,21030.869978,1508,0,0.00,21.9594,1.0000
11473159.0,4729.076735,16304.328267,21033.405002,1509,0,0.00,21.9641,1.0000
11487980.0,4743.779373,16403.134933,21146.914306,1510,0,0.00,21.9813,1.0000
11488058.0,4743.856750,16403.654933,21147.511683,1511,0,0.00,21.9984,1.0000
11488062.0,4743.860718,16403.681600,21147.542318,1512,0,0.00,22.0156,1.0000
11488307.0,4744.103761,16405.314933,21149.418695,1513,0,0.00,22.0203,1.0000
11488598.0,4744.392437,16407.254933,21151.647371,1514,0,0.00,22.0328,1.0000
11488616.0,4744.410294,16407.374933,21151.785227,1515,0,0.00,22.0500,1.0000
11488950.0,4744.741626,16409.601600,21154.343226,1516,0,0.00,22.0547,1.0000
11488954.0,4744.745594,16409.628267,21154.373861,1517,0,0.00,22.0594,1.0000
11489060.0,4744.850748,16410.334933,21155.185681,1518,0,0.00,22.0641,1.0000
11489245.0,4745.034270,16411.568267,21156.602537,1519,0,0.00,22.0813,1.0000
11489326.0,4745.114623,16412.108267,21157.222890,1520,0,0.00,22.0859,1.0000
11489646.0,4745.432068,16414.241600,21159.673668,1521,0,0.00,22.0922,1.0000
11490009.0,4745.792169,16416.661600,21162.453769,1522,0,0.00,22.0984,1.0000
11490091.0,4745.873514,16417.208267,21163.081781,1523,0,0.00,22.1031,1.0000
11490613.0,4746.391345,16420.688267,21167.079612,1524,0,0.00,22.1203,1.0000
11490753.0,4746.530227,16421.621600,21168.151827,1525,0,0.00,22.1250,1.0000
11490755.0,4746.532211,16421.634933,21168.167145,1526,0,0.00,22.1297,1.0000
11490853.0,4746.629429,16422.288267,21168.917695,1527,0,0.00,22.1469,1.0000
11503069.0,4758.747870,16503.728267,21262.476137,1528,0,0.00,22.1516,1.0000
11503595.0,4759.269670,16507.234933,21266.504603,1529,0,0.00,22.1609,1.0000
11503982.0,4759.653579,16509.814933,21269.468512,1530,0,0.00,22.1656,1.0000
11503982.0,4759.653579,16509.814933,21269.468512,1531,0,0.00,22.1703,1.0000
11504044.0,4759.715084,16510.228267,21269.943351,1532,0,0.00,22.1750,1.0000
11504381.0,4760.049393,16512.474933,21272.524326,1533,0,0.00,22.1797,1.0000
11504854.0,4760.518615,16515.628267,21276.146882,1534,0,0.00,22.2047,1.0000
11504858.0,4760.522583,16515.654933,21276.177516,1535,0,0.00,22.2094,1.0000
11504878.0,4760.542423,16515.788267,21276.330690,1536,0,0.00,22.2141,1.0000
11504881.0,4760.545399,16515.808267,21276.353666,1537,0,0.00,22.2188,1.0000
11505173.0,4760.835068,16517.754933,21278.590001,1538,0,0.00,22.2234,1.0000
11505390.0,4761.050335,16519.201600,21280.251935,1539,0,0.00,22.2406,1.0000
11505575.0,4761.233857,16520.434933,21281.668790,1540,0,0.00,22.2578,1.0000
11505720.0,4761.377699,16521.401600,21282.779299,1541,0,0.00,22.2641,1.0000
11505875.0,4761.531461,16522.434933,21283.966395,1542,0,0.00,22.2828,1.0000
11505939.0,4761.594950,16522.861600,21284.456550,1543,0,0.00,22.2953,1.0000
11506047.0,4761.702088,16523.581600,21285.283688,1544,0,0.00,22.3000,1.0000
11506051.0,4761.706056,16523.608267,21285.314322,1545,0,0.00,22.3047,1.0000
11506475.0,4762.126670,16526.434933,21288.561603,1546,0,0.00,22.3094,1.0000
11506476.0,4762.127662,16526.441600,21288.569262,1547,0,0.00,22.3141,1.0000
11506478.0,4762.129646,16526.454933,21288.584579,1548,0,0.00,22.3188,1.0000
11506537.0,4762.188174,16526.848267,21289.036441,1549,0,0.00,22.3234,1.0000
11506606.0,4762.256623,16527.308267,21289.564890,1550,0,0.00,22.3281,1.0000
11507540.0,4763.183164,16533.534933,21296.718098,1551,0,0.00,22.3563,1.0000
11507744.0,4763.385535,16534.894933,21298.280469,1552,0,0.00,22.3688,1.0000
11507881.0,4763.521441,16535.808267,21299.329708,1553,0,0.00,22.3750,1.0000
11508931.0,4764.563056,16542.808267,21307.371322,1554,0,0.00,22.3797,1.0000
11508979.0,4764.610672,16543.128267,21307.738939,1555,0,0.00,22.3844,1.0000
11509078.0,4764.708882,16543.788267,21308.497148,1556,0,0.00,22.3891,1.0000
11509174.0,4764.804115,16544.428267,21309.232382,1557,0,0.00,22.3938,1.0000
11556206.0,4811.460512,16857.974933,21669.435446,1558,0,0.00,22.4000,1.0000
11556813.0,4812.062665,16862.021600,21674.084265,1559,0,0.00,22.4188,1.0000
11556874.0,4812.123178,16862.428267,21674.551444,1560,0,0.00,22.4688,1.0000
11556874.0,4812.123178,16862.428267,21674.551444,1561,0,0.00,22.5188,1.0000
11556993.0,4812.241227,16863.221600,21675.462827,1562,0,0.00,22.5234,1.0000
11557472.0,4812.716402,16866.414933,21679.131335,1563,0,0.00,22.5359,1.0000
11557499.0,4812.743186,16866.594933,21679.338120,1564,0,0.00,22.5531,1.0000
11558568.0,4813.803649,16873.721600,21687.525249,1565,0,0.00,22.5703,1.0000
11558581.0,4813.816545,16873.808267,21687.624812,1566,0,0.00,22.5953,1.0000
11558763.0,4813.997092,16875.021600,21689.018692,1567,0,0.00,22.6000,1.0000
11558920.0,4814.152838,16876.068267,21690.221105,1568,0,0.00,22.6047,1.0000
11558964.0,4814.196487,16876.361600,21690.558087,1569,0,0.00,22.6094,1.0000
11559048.0,4814.279816,16876.921600,21691.201416,1570,0,0.00,22.6328,1.0000
11559350.0,4814.579404,16878.934933,21693.514337,1571,0,0.00,22.6453,1.0000
11559412.0,4814.640909,16879.348267,21693.989176,1572,0,0.00,22.6516,1.0000
11559412.0,4814.640909,16879.348267,21693.989176,1573,0,0.00,22.6563,1.0000
11559496.0,4814.724238,16879.908267,21694.632505,1574,0,0.00,22.6609,1.0000
11574122.0,4829.233433,16977.414933,21806.648366,1575,0,0.00,22.6797,1.0000
11574517.0,4829.625279,16980.048267,21809.673545,1576,0,0.00,22.6984,1.0000
11574750.0,4829.856418,16981.601600,21811.458018,1577,0,0.00,22.7156,1.0000
11574886.0,4829.991332,16982.508267,21812.499598,1578,0,0.00,22.7438,1.0000
11575441.0,4830.541899,16986.208267,21816.750166,1579,0,0.00,22.7609,1.0000
11575447.0,4830.547852,16986.248267,21816.796118,1580,0,0.00,22.7891,1.0000
11575531.0,4830.631181,16986.808267,21817.439447,1581,0,0.00,22.8031,1.0000
11575576.0,4830.675821,16987.108267,21817.784088,1582,0,0.00,22.8203,1.0000
11575661.0,4830.760143,16987.674933,21818.435076,1583,0,0.00,22.8328,1.0000
11575940.0,4831.036914,16989.534933,21820.571848,1584,0,0.00,22.8500,1.0000
11576143.0,4831.238293,16990.888267,21822.126560,1585,0,0.00,22.8641,1.0000
11576525.0,4831.617243,16993.434933,21825.052176,1586,0,0.00,22.8813,1.0000
11576802.0,4831.892030,16995.281600,21827.173630,1587,0,0.00,22.8938,1.0000
11576952.0,4832.040832,16996.281600,21828.322432,1588,0,0.00,22.9109,1.0000
11577112.0,4832.199555,16997.348267,21829.547821,1589,0,0.00,22.9234,1.0000
11578283.0,4833.361203,17005.154933,21838.516136,1590,0,0.00,22.9469,1.0000
11579525.0,4834.593284,17013.434933,21848.028218,1591,0,0.00,22.9641,1.0000
11579641.0,4834.708358,17014.208267,21848.916624,1592,0,0.00,23.0141,1.0000
11579929.0,4834.994058,17016.128267,21851.122324,1593,0,0.00,23.0203,1.0000
11580214.0,4835.276782,17018.028267,21853.305048,1594,0,0.00,23.0703,1.0000
11580214.0,4835.276782,17018.028267,21853.305048,1595,0,0.00,23.1203,1.0000
11580221.0,4835.283726,17018.074933,21853.358659,1596,0,0.00,23.1375,1.0000
11580395.0,4835.456336,17019.234933,21854.691270,1597,0,0.00,23.1438,1.0000
11580578.0,4835.637875,17020.454933,21856.092808,1598,0,0.00,23.1656,1.0000
11580669.0,4835.728148,17021.061600,21856.789748,1599,0,0.00,23.1781,1.0000
11580670.0,4835.729140,17021.068267,21856.797407,1600,0,0.00,23.1906,1.0000
11580671.0,4835.730132,17021.074933,21856.805065,1601,0,0.00,23.1953,1.0000
11580806.0,4835.864054,17021.974933,21857.838987,1602,0,0.00,23.2000,1.0000
11580823.0,4835.880918,17022.088267,21857.969185,1603,0,0.00,23.2125,1.0000
11580823.0,4835.880918,17022.088267,21857.969185,1604,0,0.00,23.2250,1.0000
11581423.0,4836.476127,17026.088267,21862.564393,1605,0,0.00,23.2438,1.0000
11581624.0,4836.675521,17027.428267,21864.103788,1606,0,0.00,23.2609,1.0000
11581661.0,4836.712226,17027.674933,21864.387159,1607,0,0.00,23.2672,1.0000
11581671.0,4836.722146,17027.741600,21864.463746,1608,0,0.00,23.2719,1.0000
11581693.0,4836.743970,17027.888267,21864.632237,1609,0,0.00,23.2766,1.0000
11581896.0,4836.945349,17029.241600,21866.186949,1610,0,0.00,23.2953,1.0000
11582356.0,4837.401676,17032.308267,21869.709942,1611,0,0.00,23.3125,1.0000
11582378.0,4837.423500,17032.454933,21869.878433,1612,0,0.00,23.3250,1.0000
11582470.0,4837.514765,17033.068267,21870.583032,1613,0,0.00,23.3375,1.0000
11582588.0,4837.631823,17033.854933,21871.486756,1614,0,0.00,23.3516,1.0000
11583949.0,4838.981954,17042.928267,21881.910220,1615,0,0.00,23.3563,1.0000
11584444.0,4839.473001,17046.228267,21885.701267,1616,0,0.00,23.3578,1.0000
11584512.0,4839.540457,17046.681600,21886.222057,1617,0,0.00,23.3750,1.0000
11592022.0,4846.990482,17096.748267,21943.738748,1618,0,0.00,23.3938,1.0000
11592131.0,4847.098611,17097.474933,21944.573545,1619,0,0.00,23.3984,1.0000
11592180.0,4847.147220,17097.801600,21944.948820,1620,0,0.00,23.4031,1.0000
11592410.0,4847.375383,17099.334933,21946.710316,1621,0,0.00,23.4203,1.0000
11592412.0,4847.377367,17099.348267,21946.725634,1622,0,0.00,23.4375,1.0000
11592750.0,4847.712668,17101.601600,21949.314268,1623,0,0.00,23.4438,1.0000
11592825.0,4847.787069,17102.101600,21949.888669,1624,0,0.00,23.4609,1.0000
11593617.0,4848.572744,17107.381600,21955.954344,1625,0,0.00,23.4781,1.0000
11593673.0,4848.628297,17107.754933,21956.383230,1626,0,0.00,23.4953,1.0000
11593777.0,4848.731466,17108.448267,21957.179733,1627,0,0.00,23.5125,1.0000
11593927.0,4848.880268,17109.448267,21958.328535,1628,0,0.00,23.5297,1.0000
11593930.0,4848.883244,17109.468267,21958.351511,1629,0,0.00,23.5469,1.0000
11593932.0,4848.885228,17109.481600,21958.366828,1630,0,0.00,23.5516,1.0000
11594500.0,4849.448692,17113.268267,21962.716959,1631,0,0.00,23.5563,1.0000
11594915.0,4849.860378,17116.034933,21965.895311,1632,0,0.00,23.5813,1.0000
11594942.0,4849.887162,17116.214933,21966.102096,1633,0,0.00,23.5938,1.0000
11595006.0,4849.950651,17116.641600,21966.592251,1634,0,0.00,23.6063,1.0000
11595069.0,4850.013148,17117.061600,21967.074748,1635,0,0.00,23.6109,1.0000
11811762.0,5064.975614,18561.681600,23626.657214,1636,0,0.00,23.6234,1.0000
11811816.0,5065.029182,18562.041600,23627.070782,1637,0,0.00,23.6422,1.0000
11812511.0,5065.718632,18566.674933,23632.393565,1638,0,0.00,23.6547,1.0000
11813094.0,5066.296976,18570.561600,23636.858576,1639,0,0.00,23.6719,1.0000
11813182.0,5066.384273,18571.148267,23637.532540,1640,0,0.00,23.7219,1.0000
11813382.0,5066.582676,18572.481600,23639.064276,1641,0,0.00,23.7344,1.0000
11814212.0,5067.406048,18578.014933,23645.420981,1642,0,0.00,23.7469,1.0000
11814247.0,5067.440768,18578.248267,23645.689035,1643,0,0.00,23.7641,1.0000
11814331.0,5067.524097,18578.808267,23646.332364,1644,0,0.00,23.8141,1.0000
11814336.0,5067.529057,18578.841600,23646.370657,1645,0,0.00,23.8328,1.0000
11814525.0,5067.716548,18580.101600,23647.818148,1646,0,0.00,23.8391,1.0000
11814525.0,5067.716548,18580.101600,23647.818148,1647,0,0.00,23.8453,1.0000
11814528.0,5067.719524,18580.121600,23647.841124,1648,0,0.00,23.8516,1.0000
11814531.0,5067.722500,18580.141600,23647.864100,1649,0,0.00,23.8688,1.0000
11814569.0,5067.760197,18580.394933,23648.155130,1650,0,0.00,23.8859,1.0000
11814597.0,5067.787973,18580.581600,23648.369573,1651,0,0.00,23.9031,1.0000
11814683.0,5067.873286,18581.154933,23649.028220,1652,0,0.00,23.9078,1.0000
11815057.0,5068.244299,18583.648267,23651.892566,1653,0,0.00,23.9203,1.0000
11815160.0,5068.346477,18584.334933,23652.681410,1654,0,0.00,23.9375,1.0000
11815527.0,5068.710546,18586.781600,23655.492146,1655,0,0.00,23.9563,1.0000
11815888.0,5069.068663,18589.188267,23658.256930,1656,0,0.00,23.9813,1.0000
11817488.0,5070.655885,18599.854933,23670.510819,1657,0,0.00,23.9984,1.0000
11817489.0,5070.656877,18599.861600,23670.518477,1658,0,0.00,24.0156,1.0000
11817493.0,5070.660845,18599.888267,23670.549112,1659,0,0.00,24.0328,1.0000
11817517.0,5070.684654,18600.048267,23670.732920,1660,0,0.00,24.0578,1.0000
11817565.0,5070.732270,18600.368267,23671.100537,1661,0,0.00,24.0625,1.0000
11817629.0,5070.795759,18600.794933,23671.590693,1662,0,0.00,24.0813,1.0000
11817630.0,5070.796751,18600.801600,23671.598351,1663,0,0.00,24.0984,1.0000
11817632.0,5070.798735,18600.814933,23671.613669,1664,0,0.00,24.1156,1.0000
11817664.0,5070.830480,18601.028267,23671.858746,1665,0,0.00,24.1344,1.0000
11817664.0,5070.830480,18601.028267,23671.858746,1666,0,0.00,24.1531,1.0000
11817727.0,5070.892977,18601.448267,23672.341243,1667,0,0.00,24.1703,1.0000
11817729.0,5070.894961,18601.461600,23672.356561,1668,0,0.00,24.1875,1.0000
11817789.0,5070.954481,18601.861600,23672.816081,1669,0,0.00,24.2047,1.0000
11817790.0,5070.955473,18601.868267,23672.823740,1670,0,0.00,24.2219,1.0000
11817854.0,5071.018962,18602.294933,23673.313896,1671,0,0.00,24.2391,1.0000
11818453.0,5071.613179,18606.288267,23677.901445,1672,0,0.00,24.2453,1.0000
11818455.0,5071.615163,18606.301600,23677.916763,1673,0,0.00,24.2500,1.0000
11818642.0,5071.800669,18607.548267,23679.348936,1674,0,0.00,24.2672,1.0000
11818644.0,5071.802653,18607.561600,23679.364253,1675,0,0.00,24.2844,1.0000
11818675.0,5071.833406,18607.768267,23679.601672,1676,0,0.00,24.3016,1.0000
11819385.0,5072.537736,18612.501600,23685.039336,1677,0,0.00,24.3063,1.0000
11819948.0,5073.096239,18616.254933,23689.351173,1678,0,0.00,24.3078,1.0000
11819979.0,5073.126992,18616.461600,23689.588592,1679,0,0.00,24.3266,1.0000
11820079.0,5073.226193,18617.128267,23690.354460,1680,0,0.00,24.3438,1.0000
11820096.0,5073.243057,18617.241600,23690.484657,1681,0,0.00,24.3625,1.0000
11820181.0,5073.327379,18617.808267,23691.135645,1682,0,0.00,24.3797,1.0000
11820238.0,5073.383923,18618.188267,23691.572190,1683,0,0.00,24.3969,1.0000
11820286.0,5073.431540,18618.508267,23691.939807,1684,0,0.00,24.4141,1.0000
11820326.0,5073.471221,18618.774933,23692.246154,1685,0,0.00,24.4188,1.0000
11820327.0,5073.472213,18618.781600,23692.253813,1686,0,0.00,24.4359,1.0000
11820382.0,5073.526773,18619.148267,23692.675040,1687,0,0.00,24.4531,1.0000
11820433.0,5073.577366,18619.488267,23693.065633,1688,0,0.00,24.4578,1.0000
11820743.0,5073.884890,18621.554933,23695.439824,1689,0,0.00,24.4703,1.0000
11821371.0,5074.507875,18625.741600,23700.249475,1690,0,0.00,24.4891,1.0000
11821457.0,5074.593188,18626.314933,23700.908122,1691,0,0.00,24.5172,1.0000
11821544.0,5074.679494,18626.894933,23701.574427,1692,0,0.00,24.5453,1.0000
11821598.0,5074.733062,18627.254933,23701.987996,1693,0,0.00,24.5500,1.0000
11826753.0,5079.846894,18661.621600,23741.468494,1694,0,0.00,24.5625,1.0000
11826864.0,5079.957007,18662.361600,23742.318607,1695,0,0.00,24.5750,1.0000
11826872.0,5079.964944,18662.414933,23742.379877,1696,0,0.00,24.5922,1.0000
11826901.0,5079.993712,18662.608267,23742.601979,1697,0,0.00,24.6063,1.0000
11826974.0,5080.066129,18663.094933,23743.161062,1698,0,0.00,24.6109,1.0000
11827690.0,5080.776411,18667.868267,23748.644678,1699,0,0.00,24.6344,1.0000
11828474.0,5081.554150,18673.094933,23754.649083,1700,0,0.00,24.6391,1.0000
11828590.0,5081.669223,18673.868267,23755.537490,1701,0,0.00,24.6563,1.0000
11828682.0,5081.760489,18674.481600,23756.242089,1702,0,0.00,24.6734,1.0000
11828684.0,5081.762473,18674.494933,23756.257406,1703,0,0.00,24.6906,1.0000
11828803.0,5081.880522,18675.288267,23757.168789,1704,0,0.00,24.7031,1.0000
11828869.0,5081.945995,18675.728267,23757.674262,1705,0,0.00,24.7078,1.0000
11828906.0,5081.982700,18675.974933,23757.957633,1706,0,0.00,24.7313,1.0000
11829087.0,5082.162254,18677.181600,23759.343854,1707,0,0.00,24.7359,1.0000
11829145.0,5082.219791,18677.568267,23759.788058,1708,0,0.00,24.7531,1.0000
11833215.0,5086.257288,18704.701600,23790.958888,1709,0,0.00,24.7703,1.0000
11833283.0,5086.324745,18705.154933,23791.479678,1710,0,0.00,24.7875,1.0000
11833455.0,5086.495371,18706.301600,23792.796971,1711,0,0.00,24.8047,1.0000
11833733.0,5086.771151,18708.154933,23794.926084,1712,0,0.00,24.8219,1.0000
11833907.0,5086.943761,18709.314933,23796.258695,1713,0,0.00,24.8391,1.0000
11834589.0,5087.620315,18713.861600,23801.481915,1714,0,0.00,24.8641,1.0000
11834608.0,5087.639163,18713.988267,23801.627430,1715,0,0.00,24.8813,1.0000
11835099.0,5088.126242,18717.261600,23805.387842,1716,0,0.00,24.8938,1.0000
11835156.0,5088.182787,18717.641600,23805.824387,1717,0,0.00,24.9031,1.0000
11835172.0,5088.198659,18717.748267,23805.946926,1718,0,0.00,24.9203,1.0000
11835308.0,5088.333573,18718.654933,23806.988506,1719,0,0.00,24.9453,1.0000
11835454.0,5088.478407,18719.628267,23808.106673,1720,0,0.00,24.9625,1.0000
11835560.0,5088.583560,18720.334933,23808.918494,1721,0,0.00,24.9672,1.0000
11835682.0,5088.704586,18721.148267,23809.852853,1722,0,0.00,24.9844,1.0000
11835689.0,5088.711530,18721.194933,23809.906463,1723,0,0.00,25.0016,1.0000
11835689.0,5088.711530,18721.194933,23809.906463,1724,0,0.00,25.0188,1.0000
11835731.0,5088.753195,18721.474933,23810.228128,1725,0,0.00,25.0359,1.0000
11835749.0,5088.771051,18721.594933,23810.365984,1726,0,0.00,25.0406,1.0000
11835770.0,5088.791883,18721.734933,23810.526816,1727,0,0.00,25.0578,1.0000
11835851.0,5088.872236,18722.274933,23811.147170,1728,0,0.00,25.0641,1.0000
11835985.0,5089.005166,18723.168267,23812.173433,1729,0,0.00,25.0813,1.0000
11836437.0,5089.453556,18726.181600,23815.635156,1730,0,0.00,25.0984,1.0000
11836505.0,5089.521013,18726.634933,23816.155947,1731,0,0.00,25.1484,1.0000
11836506.0,5089.522005,18726.641600,23816.163605,1732,0,0.00,25.1984,1.0000
11837081.0,5090.092413,18730.474933,23820.567347,1733,0,0.00,25.2484,1.0000
11837262.0,5090.271968,18731.681600,23821.953568,1734,0,0.00,25.2531,1.0000
11837656.0,5090.662821,18734.308267,23824.971088,1735,0,0.00,25.3031,1.0000
11837738.0,5090.744166,18734.854933,23825.599100,1736,0,0.00,25.3078,1.0000
11838043.0,5091.046731,18736.888267,23827.934997,1737,0,0.00,25.3250,1.0000
11838173.0,5091.175693,18737.754933,23828.930626,1738,0,0.00,25.3313,1.0000
11838246.0,5091.248110,18738.241600,23829.489710,1739,0,0.00,25.3375,1.0000
11838713.0,5091.711380,18741.354933,23833.066313,1740,0,0.00,25.3422,1.0000
11838844.0,5091.841334,18742.228267,23834.069601,1741,0,0.00,25.3641,1.0000
11839411.0,5092.403806,18746.008267,23838.412072,1742,0,0.00,25.3922,1.0000
11839585.0,5092.576416,18747.168267,23839.744683,1743,0,0.00,25.4094,1.0000
11839833.0,5092.822436,18748.821600,23841.644036,1744,0,0.00,25.4375,1.0000
11839837.0,5092.826404,18748.848267,23841.674670,1745,0,0.00,25.4547,1.0000
11839991.0,5092.979174,18749.874933,23842.854107,1746,0,0.00,25.4672,1.0000
11840018.0,5093.005958,18750.054933,23843.060891,1747,0,0.00,25.4719,1.0000
11840057.0,5093.044647,18750.314933,23843.359580,1748,0,0.00,25.4891,1.0000
11840187.0,5093.173609,18751.181600,23844.355209,1749,0,0.00,25.4953,1.0000
11840331.0,5093.316459,18752.141600,23845.458059,1750,0,0.00,25.5000,1.0000
11840331.0,5093.316459,18752.141600,23845.458059,1751,0,0.00,25.5172,1.0000
11840675.0,5093.657711,18754.434933,23848.092645,1752,0,0.00,25.5344,1.0000
11840956.0,5093.936467,18756.308267,23850.244734,1753,0,0.00,25.5516,1.0000
11840957.0,5093.937459,18756.314933,23850.252393,1754,0,0.00,25.5688,1.0000
11841027.0,5094.006900,18756.781600,23850.788500,1755,0,0.00,25.5859,1.0000
11841323.0,5094.300536,18758.754933,23853.055470,1756,0,0.00,25.6031,1.0000
11841324.0,5094.301528,18758.761600,23853.063128,1757,0,0.00,25.6203,1.0000
11841600.0,5094.575324,18760.601600,23855.176924,1758,0,0.00,25.6375,1.0000
11841601.0,5094.576316,18760.608267,23855.184583,1759,0,0.00,25.6547,1.0000
11841637.0,5094.612029,18760.848267,23855.460295,1760,0,0.00,25.6719,1.0000
11842456.0,5095.424488,18766.308267,23861.732755,1761,0,0.00,25.6891,1.0000
11842459.0,5095.427464,18766.328267,23861.755731,1762,0,0.00,25.7063,1.0000
11842495.0,5095.463177,18766.568267,23862.031443,1763,0,0.00,25.7234,1.0000
11843059.0,5096.022672,18770.328267,23866.350939,1764,0,0.00,25.7516,1.0000
11843104.0,5096.067313,18770.628267,23866.695580,1765,0,0.00,25.7797,1.0000
11843389.0,5096.350037,18772.528267,23868.878304,1766,0,0.00,25.7984,1.0000
11843509.0,5096.469079,18773.328267,23869.797345,1767,0,0.00,25.8156,1.0000
11843984.0,5096.940285,18776.494933,23873.435219,1768,0,0.00,25.8328,1.0000
11843987.0,5096.943261,18776.514933,23873.458195,1769,0,0.00,25.8500,1.0000
11847638.0,5100.565104,18800.854933,23901.420037,1770,0,0.00,25.8625,1.0000
11847680.0,5100.606769,18801.134933,23901.741702,1771,0,0.00,25.8859,1.0000
11847733.0,5100.659345,18801.488267,23902.147612,1772,0,0.00,25.8984,1.0000
11847921.0,5100.845844,18802.741600,23903.587444,1773,0,0.00,25.9031,1.0000
11847923.0,5100.847828,18802.754933,23903.602761,1774,0,0.00,25.9078,1.0000
11847952.0,5100.876596,18802.948267,23903.824863,1775,0,0.00,25.9250,1.0000
11847954.0,5100.878580,18802.961600,23903.840180,1776,0,0.00,25.9422,1.0000
11848618.0,5101.537278,18807.388267,23908.925544,1777,0,0.00,25.9594,1.0000
11848623.0,5101.542238,18807.421600,23908.963838,1778,0,0.00,25.9766,1.0000
11848624.0,5101.543230,18807.428267,23908.971496,1779,0,0.00,25.9938,1.0000
11848625.0,5101.544222,18807.434933,23908.979155,1780,0,0.00,26.0109,1.0000
11848656.0,5101.574974,18807.641600,23909.216574,1781,0,0.00,26.0281,1.0000
11848659.0,5101.577950,18807.661600,23909.239550,1782,0,0.00,26.0453,1.0000
11848974.0,5101.890435,18809.761600,23911.652035,1783,0,0.00,26.0500,1.0000
11849937.0,5102.845744,18816.181600,23919.027344,1784,0,0.00,26.0672,1.0000
11849939.0,5102.847728,18816.194933,23919.042661,1785,0,0.00,26.0844,1.0000
11850000.0,5102.908241,18816.601600,23919.509841,1786,0,0.00,26.1016,1.0000
11850514.0,5103.418136,18820.028267,23923.446403,1787,0,0.00,26.1266,1.0000
11851030.0,5103.930015,18823.468267,23927.398282,1788,0,0.00,26.1438,1.0000
11851089.0,5103.988544,18823.861600,23927.850144,1789,0,0.00,26.1609,1.0000
11851176.0,5104.074849,18824.441600,23928.516449,1790,0,0.00,26.1797,1.0000
11855076.0,5107.943703,18850.441600,23958.385303,1791,0,0.00,26.3172,1.0000
11855311.0,5108.176827,18852.008267,23960.185093,1792,0,0.00,26.3297,1.0000
11855976.0,5108.836516,18856.441600,23965.278116,1793,0,0.00,26.3484,1.0000
11856142.0,5109.001190,18857.548267,23966.549457,1794,0,0.00,26.3656,1.0000
11856143.0,5109.002182,18857.554933,23966.557115,1795,0,0.00,26.3828,1.0000
11856145.0,5109.004166,18857.568267,23966.572433,1796,0,0.00,26.3875,1.0000
11856158.0,5109.017062,18857.654933,23966.671996,1797,0,0.00,26.4063,1.0000
11856170.0,5109.028966,18857.734933,23966.763900,1798,0,0.00,26.4234,1.0000
11856276.0,5109.134120,18858.441600,23967.575720,1799,0,0.00,26.4484,1.0000
11856340.0,5109.197609,18858.868267,23968.065876,1800,0,0.00,26.4672,1.0000
11857149.0,5110.000148,18864.261600,23974.261748,1801,0,0.00,26.4844,1.0000
11857207.0,5110.057685,18864.648267,23974.705952,1802,0,0.00,26.5016,1.0000
11857231.0,5110.081493,18864.808267,23974.889760,1803,0,0.00,26.5188,1.0000
11857383.0,5110.232279,18865.821600,23976.053879,1804,0,0.00,26.5359,1.0000
11857663.0,5110.510043,18867.688267,23978.198310,1805,0,0.00,26.5531,1.0000
11857852.0,5110.697534,18868.948267,23979.645801,1806,0,0.00,26.5578,1.0000
11902717.0,5155.204237,19168.048267,24323.252504,1807,0,0.00,26.5703,1.0000
11902742.0,5155.229037,19168.214933,24323.443971,1808,0,0.00,26.5766,1.0000
11902849.0,5155.335183,19168.928267,24324.263449,1809,0,0.00,26.5891,1.0000
11903021.0,5155.505809,19170.074933,24325.580743,1810,0,0.00,26.6016,1.0000
11903040.0,5155.524657,19170.201600,24325.726257,1811,0,0.00,26.6078,1.0000
11903655.0,5156.134746,19174.301600,24330.436346,1812,0,0.00,26.6141,1.0000
11903885.0,5156.362909,19175.834933,24332.197843,1813,0,0.00,26.6313,1.0000
11904064.0,5156.540480,19177.028267,24333.568746,1814,0,0.00,26.6594,1.0000
11904721.0,5157.192233,19181.408267,24338.600499,1815,0,0.00,26.6766,1.0000
11904731.0,5157.202153,19181.474933,24338.677086,1816,0,0.00,26.6813,1.0000
11904769.0,5157.239849,19181.728267,24338.968116,1817,0,0.00,26.6859,1.0000
11904776.0,5157.246794,19181.774933,24339.021727,1818,0,0.00,26.6906,1.0000
11905093.0,5157.561262,19183.888267,24341.449529,1819,0,0.00,26.6953,1.0000
11905202.0,5157.669391,19184.614933,24342.284325,1820,0,0.00,26.7234,1.0000
11905324.0,5157.790417,19185.428267,24343.218684,1821,0,0.00,26.7297,1.0000
11905346.0,5157.812241,19185.574933,24343.387175,1822,0,0.00,26.7344,1.0000
11905484.0,5157.949139,19186.494933,24344.444073,1823,0,0.00,26.7516,1.0000
11905503.0,5157.967988,19186.621600,24344.589588,1824,0,0.00,26.7563,1.0000
11906357.0,5158.815168,19192.314933,24351.130101,1825,0,0.00,26.7609,1.0000
11906372.0,5158.830048,19192.414933,24351.244981,1826,0,0.00,26.7656,1.0000
11906529.0,5158.985794,19193.461600,24352.447394,1827,0,0.00,26.7703,1.0000
11906578.0,5159.034403,19193.788267,24352.822669,1828,0,0.00,26.7750,1.0000
11906648.0,5159.103844,19194.254933,24353.358777,1829,0,0.00,26.7813,1.0000
11906716.0,5159.171301,19194.708267,24353.879567,1830,0,0.00,26.8094,1.0000
11906719.0,5159.174277,19194.728267,24353.902543,1831,0,0.00,26.8281,1.0000
11906809.0,5159.263558,19195.328267,24354.591824,1832,0,0.00,26.8563,1.0000
11906844.0,5159.298278,19195.561600,24354.859878,1833,0,0.00,26.8750,1.0000
11906854.0,5159.308198,19195.628267,24354.936465,1834,0,0.00,26.8813,1.0000
11907151.0,5159.602827,19197.608267,24357.211093,1835,0,0.00,26.8984,1.0000
11907156.0,5159.607787,19197.641600,24357.249387,1836,0,0.00,26.9156,1.0000
11907161.0,5159.612747,19197.674933,24357.287680,1837,0,0.00,26.9203,1.0000
11907181.0,5159.632587,19197.808267,24357.440854,1838,0,0.00,26.9328,1.0000
11907199.0,5159.650443,19197.928267,24357.578710,1839,0,0.00,26.9500,1.0000
11907206.0,5159.657387,19197.974933,24357.632321,1840,0,0.00,26.9547,1.0000
11907219.0,5159.670284,19198.061600,24357.731884,1841,0,0.00,26.9594,1.0000
11907260.0,5159.710956,19198.334933,24358.045889,1842,0,0.00,26.9641,1.0000
11907359.0,5159.809165,19198.994933,24358.804099,1843,0,0.00,26.9813,1.0000
11907577.0,5160.025424,19200.448267,24360.473691,1844,0,0.00,26.9984,1.0000
11907760.0,5160.206963,19201.668267,24361.875230,1845,0,0.00,27.0078,1.0000
11907942.0,5160.387510,19202.881600,24363.269110,1846,0,0.00,27.0578,1.0000
11908647.0,5161.086879,19207.581600,24368.668479,1847,0,0.00,27.1078,1.0000
11908647.0,5161.086879,19207.581600,24368.668479,1848,0,0.00,27.1578,1.0000
11912665.0,5165.072791,19234.368267,24399.441058,1849,0,0.00,27.1750,1.0000
11912758.0,5165.165048,19234.988267,24400.153315,1850,0,0.00,27.1922,1.0000
11913177.0,5165.580702,19237.781600,24403.362302,1851,0,0.00,27.2094,1.0000
11913464.0,5165.865410,19239.694933,24405.560344,1852,0,0.00,27.2313,1.0000
11913558.0,5165.958660,19240.321600,24406.280260,1853,0,0.00,27.2531,1.0000
11913583.0,5165.983460,19240.488267,24406.471727,1854,0,0.00,27.2656,1.0000
11913779.0,5166.177895,19241.794933,24407.972828,1855,0,0.00,27.2781,1.0000
11913838.0,5166.236423,19242.188267,24408.424690,1856,0,0.00,27.3031,1.0000
11914032.0,5166.428874,19243.481600,24409.910474,1857,0,0.00,27.3203,1.0000
11914328.0,5166.722510,19245.454933,24412.177444,1858,0,0.00,27.3375,1.0000
11914356.0,5166.750287,19245.641600,24412.391887,1859,0,0.00,27.3422,1.0000
11914361.0,5166.755247,19245.674933,24412.430180,1860,0,0.00,27.3594,1.0000
11914881.0,5167.271094,19249.141600,24416.412694,1861,0,0.00,27.3641,1.0000
11915052.0,5167.440728,19250.281600,24417.722328,1862,0,0.00,27.3813,1.0000
11915459.0,5167.844478,19252.994933,24420.839411,1863,0,0.00,27.3875,1.0000
11919723.0,5172.074425,19281.421600,24453.496025,1864,0,0.00,27.4000,1.0000
11920139.0,5172.487103,19284.194933,24456.682036,1865,0,0.00,27.4172,1.0000
11920190.0,5172.537696,19284.534933,24457.072629,1866,0,0.00,27.4391,1.0000
11920288.0,5172.634913,19285.188267,24457.823180,1867,0,0.00,27.4563,1.0000
11920397.0,5172.743043,19285.914933,24458.657976,1868,0,0.00,27.4734,1.0000
11920878.0,5173.220201,19289.121600,24462.341801,1869,0,0.00,27.5016,1.0000
11921015.0,5173.356107,19290.034933,24463.391040,1870,0,0.00,27.5188,1.0000
11921106.0,5173.446380,19290.641600,24464.087980,1871,0,0.00,27.5359,1.0000
11921473.0,5173.810449,19293.088267,24466.898716,1872,0,0.00,27.5422,1.0000
11921845.0,5174.179479,19295.568267,24469.747745,1873,0,0.00,27.5469,1.0000
11922047.0,5174.379865,19296.914933,24471.294799,1874,0,0.00,27.5719,1.0000
11922578.0,5174.906625,19300.454933,24475.361558,1875,0,0.00,27.5781,1.0000
11923023.0,5175.348071,19303.421600,24478.769671,1876,0,0.00,27.5844,1.0000
11923169.0,5175.492905,19304.394933,24479.887838,1877,0,0.00,27.6016,1.0000
11930472.0,5182.737582,19353.081600,24535.819182,1878,0,0.00,27.6188,1.0000
11930517.0,5182.782223,19353.381600,24536.163823,1879,0,0.00,27.6359,1.0000
11930571.0,5182.835792,19353.741600,24536.577392,1880,0,0.00,27.6531,1.0000
11931262.0,5183.521273,19358.348267,24541.869540,1881,0,0.00,27.7031,1.0000
11931262.0,5183.521273,19358.348267,24541.869540,1882,0,0.00,27.7531,1.0000
11931412.0,5183.670076,19359.348267,24543.018342,1883,0,0.00,27.7703,1.0000
11931730.0,5183.985536,19361.468267,24545.453803,1884,0,0.00,27.7828,1.0000
11932199.0,5184.450790,19364.594933,24549.045724,1885,0,0.00,27.8328,1.0000
11932200.0,5184.451782,19364.601600,24549.053382,1886,0,0.00,27.8828,1.0000
11932418.0,5184.668041,19366.054933,24550.722975,1887,0,0.00,27.8953,1.0000
11933176.0,5185.419988,19371.108267,24556.528255,1888,0,0.00,27.9125,1.0000
11933564.0,5185.804889,19373.694933,24559.499823,1889,0,0.00,27.9141,1.0000
11933936.0,5186.173919,19376.174933,24562.348852,1890,0,0.00,27.9328,1.0000
11934144.0,5186.380257,19377.561600,24563.941857,1891,0,0.00,27.9516,1.0000
11934194.0,5186.429858,19377.894933,24564.324791,1892,0,0.00,27.9797,1.0000
11934334.0,5186.568740,19378.828267,24565.397007,1893,0,0.00,27.9969,1.0000
11934397.0,5186.631237,19379.248267,24565.879504,1894,0,0.00,28.0141,1.0000
11934513.0,5186.746311,19380.021600,24566.767911,1895,0,0.00,28.0188,1.0000
11934607.0,5186.839560,19380.648267,24567.487827,1896,0,0.00,28.0313,1.0000
11935364.0,5187.590514,19385.694933,24573.285448,1897,0,0.00,28.0328,1.0000
11935530.0,5187.755189,19386.801600,24574.556789,1898,0,0.00,28.0500,1.0000
11935673.0,5187.897047,19387.754933,24575.651980,1899,0,0.00,28.0781,1.0000
11935768.0,5187.991288,19388.388267,24576.379555,1900,0,0.00,28.1063,1.0000
11936423.0,5188.641057,19392.754933,24581.395990,1901,0,0.00,28.1234,1.0000
11936457.0,5188.674786,19392.981600,24581.656386,1902,0,0.00,28.1422,1.0000
11936563.0,5188.779939,19393.688267,24582.468206,1903,0,0.00,28.1594,1.0000
11936661.0,5188.877156,19394.341600,24583.218756,1904,0,0.00,28.1766,1.0000
11936716.0,5188.931717,19394.708267,24583.639984,1905,0,0.00,28.1938,1.0000
11936811.0,5189.025959,19395.341600,24584.367559,1906,0,0.00,28.2109,1.0000
11937019.0,5189.232297,19396.728267,24585.960564,1907,0,0.00,28.2391,1.0000
11937392.0,5189.602319,19399.214933,24588.817252,1908,0,0.00,28.2578,1.0000
11984455.0,5236.289468,19712.968267,24949.257735,1909,0,0.00,28.2750,1.0000
11984498.0,5236.332125,19713.254933,24949.587058,1910,0,0.00,28.2922,1.0000
11984555.0,5236.388670,19713.634933,24950.023603,1911,0,0.00,28.3094,1.0000
11985241.0,5237.069191,19718.208267,24955.277458,1912,0,0.00,28.3156,1.0000
11986187.0,5238.007636,19724.514933,24962.522570,1913,0,0.00,28.3281,1.0000
11986558.0,5238.375673,19726.988267,24965.363940,1914,0,0.00,28.3422,1.0000
11986916.0,5238.730814,19729.374933,24968.105748,1915,0,0.00,28.3703,1.0000
11987116.0,5238.929217,19730.708267,24969.637484,1916,0,0.00,28.3875,1.0000
11987505.0,5239.315111,19733.301600,24972.616711,1917,0,0.00,28.4047,1.0000
11987556.0,5239.365703,19733.641600,24973.007303,1918,0,0.00,28.4109,1.0000
11987584.0,5239.393480,19733.828267,24973.221746,1919,0,0.00,28.4172,1.0000
11987613.0,5239.422248,19734.021600,24973.443848,1920,0,0.00,28.4344,1.0000
11987650.0,5239.458953,19734.268267,24973.727219,1921,0,0.00,28.4516,1.0000
11987742.0,5239.550218,19734.881600,24974.431818,1922,0,0.00,28.4688,1.0000
11987836.0,5239.643467,19735.508267,24975.151734,1923,0,0.00,28.4859,1.0000
11991997.0,5243.771237,19763.248267,25007.019504,1924,0,0.00,28.4922,1.0000
11992122.0,5243.895239,19764.081600,25007.976839,1925,0,0.00,28.5094,1.0000
11992126.0,5243.899207,19764.108267,25008.007473,1926,0,0.00,28.5266,1.0000
11992210.0,5243.982536,19764.668267,25008.650803,1927,0,0.00,28.5328,1.0000
11992226.0,5243.998408,19764.774933,25008.773341,1928,0,0.00,28.5453,1.0000
11992394.0,5244.165066,19765.894933,25010.060000,1929,0,0.00,28.5500,1.0000
11992397.0,5244.168043,19765.914933,25010.082976,1930,0,0.00,28.5625,1.0000
11992619.0,5244.388270,19767.394933,25011.783203,1931,0,0.00,28.5797,1.0000
11992625.0,5244.394222,19767.434933,25011.829155,1932,0,0.00,28.5969,1.0000
11993199.0,5244.963638,19771.261600,25016.225238,1933,0,0.00,28.6156,1.0000
11993551.0,5245.312827,19773.608267,25018.921093,1934,0,0.00,28.6328,1.0000
11994319.0,5246.074693,19778.728267,25024.802960,1935,0,0.00,28.6500,1.0000
11994419.0,5246.173895,19779.394933,25025.568828,1936,0,0.00,28.6672,1.0000
11994451.0,5246.205639,19779.608267,25025.813906,1937,0,0.00,28.6844,1.0000
11994478.0,5246.232423,19779.788267,25026.020690,1938,0,0.00,28.6938,1.0000
11994843.0,5246.594509,19782.221600,25028.816109,1939,0,0.00,28.7109,1.0000
11995067.0,5246.816720,19783.714933,25030.531653,1940,0,0.00,28.7250,1.0000
11998943.0,5250.661765,19809.554933,25060.216699,1941,0,0.00,28.7531,1.0000
11999071.0,5250.788743,19810.408267,25061.197010,1942,0,0.00,28.7703,1.0000
11999101.0,5250.818504,19810.608267,25061.426770,1943,0,0.00,28.7875,1.0000
11999620.0,5251.333359,19814.068267,25065.401626,1944,0,0.00,28.8125,1.0000
12000287.0,5251.995032,19818.514933,25070.509965,1945,0,0.00,28.8406,1.0000
12000332.0,5252.039673,19818.814933,25070.854606,1946,0,0.00,28.8594,1.0000
12000385.0,5252.092249,19819.168267,25071.260516,1947,0,0.00,28.8766,1.0000
12000510.0,5252.216251,19820.001600,25072.217851,1948,0,0.00,28.8938,1.0000
12000511.0,5252.217243,19820.008267,25072.225510,1949,0,0.00,28.9109,1.0000
12000541.0,5252.247004,19820.208267,25072.455270,1950,0,0.00,28.9234,1.0000
12000600.0,5252.305532,19820.601600,25072.907132,1951,0,0.00,28.9406,1.0000
12001087.0,5252.788643,19823.848267,25076.636910,1952,0,0.00,28.9688,1.0000
12001136.0,5252.837252,19824.174933,25077.012185,1953,0,0.00,28.9859,1.0000
12001169.0,5252.869988,19824.394933,25077.264922,1954,0,0.00,29.0094,1.0000
12001774.0,5253.470157,19828.428267,25081.898423,1955,0,0.00,29.0266,1.0000
12001841.0,5253.536622,19828.874933,25082.411555,1956,0,0.00,29.0438,1.0000
12001925.0,5253.619951,19829.434933,25083.054884,1957,0,0.00,29.0609,1.0000
12001951.0,5253.645743,19829.608267,25083.254010,1958,0,0.00,29.0781,1.0000
12001952.0,5253.646735,19829.614933,25083.261669,1959,0,0.00,29.0953,1.0000
12001953.0,5253.647727,19829.621600,25083.269327,1960,0,0.00,29.1125,1.0000
12009955.0,5261.585822,19882.968267,25144.554089,1961,0,0.00,29.1297,1.0000
12010293.0,5261.921123,19885.221600,25147.142723,1962,0,0.00,29.1422,1.0000
12010439.0,5262.065957,19886.194933,25148.260890,1963,0,0.00,29.1469,1.0000
12010441.0,5262.067941,19886.208267,25148.276208,1964,0,0.00,29.1516,1.0000
12010694.0,5262.318921,19887.894933,25150.213854,1965,0,0.00,29.1688,1.0000
12010740.0,5262.364553,19888.201600,25150.566153,1966,0,0.00,29.1734,1.0000
12010802.0,5262.426058,19888.614933,25151.040991,1967,0,0.00,29.1781,1.0000
12010906.0,5262.529228,19889.308267,25151.837494,1968,0,0.00,29.1828,1.0000
12011032.0,5262.654221,19890.148267,25152.802488,1969,0,0.00,29.1875,1.0000
12011501.0,5263.119476,19893.274933,25156.394409,1970,0,0.00,29.1922,1.0000
12011514.0,5263.132372,19893.361600,25156.493972,1971,0,0.00,29.1984,1.0000
12011591.0,5263.208757,19893.874933,25157.083690,1972,0,0.00,29.2031,1.0000
12011592.0,5263.209749,19893.881600,25157.091349,1973,0,0.00,29.2203,1.0000
12011675.0,5263.292086,19894.434933,25157.727020,1974,0,0.00,29.2391,1.0000
12011768.0,5263.384344,19895.054933,25158.439277,1975,0,0.00,29.2672,1.0000
12011810.0,5263.426008,19895.334933,25158.760941,1976,0,0.00,29.2953,1.0000
12011854.0,5263.469657,19895.628267,25159.097923,1977,0,0.00,29.3000,1.0000
12011922.0,5263.537114,19896.081600,25159.618714,1978,0,0.00,29.3281,1.0000
12012178.0,5263.791069,19897.788267,25161.579336,1979,0,0.00,29.3453,1.0000
12012218.0,5263.830750,19898.054933,25161.885683,1980,0,0.00,29.3625,1.0000
12012253.0,5263.865470,19898.288267,25162.153737,1981,0,0.00,29.3797,1.0000
12012507.0,5264.117442,19899.981600,25164.099042,1982,0,0.00,29.3844,1.0000
12012666.0,5264.275172,19901.041600,25165.316772,1983,0,0.00,29.3891,1.0000
12024110.0,5275.627779,19977.334933,25252.962712,1984,0,0.00,29.4078,1.0000
12024299.0,5275.815270,19978.594933,25254.410203,1985,0,0.00,29.4359,1.0000
12024302.0,5275.818246,19978.614933,25254.433179,1986,0,0.00,29.4547,1.0000
12024305.0,5275.821222,19978.634933,25254.456155,1987,0,0.00,29.4734,1.0000
12024331.0,5275.847014,19978.808267,25254.655281,1988,0,0.00,29.4922,1.0000
12024333.0,5275.848998,19978.821600,25254.670598,1989,0,0.00,29.5047,1.0000
12024449.0,5275.964072,19979.594933,25255.559005,1990,0,0.00,29.5094,1.0000
12024484.0,5275.998792,19979.828267,25255.827059,1991,0,0.00,29.5266,1.0000
12024526.0,5276.040457,19980.108267,25256.148723,1992,0,0.00,29.5438,1.0000
12024851.0,5276.362861,19982.274933,25258.637795,1993,0,0.00,29.5609,1.0000
12024851.0,5276.362861,19982.274933,25258.637795,1994,0,0.00,29.5781,1.0000
12025325.0,5276.833076,19985.434933,25262.268009,1995,0,0.00,29.5953,1.0000
12026314.0,5277.814178,19992.028267,25269.842444,1996,0,0.00,29.6125,1.0000
12026427.0,5277.926275,19992.781600,25270.707875,1997,0,0.00,29.6625,1.0000
12026564.0,5278.062181,19993.694933,25271.757114,1998,0,0.00,29.6750,1.0000
12026951.0,5278.446090,19996.274933,25274.721024,1999,0,0.00,29.6922,1.0000
12027059.0,5278.553228,19996.994933,25275.548161,2000,0,0.00,29.7094,1.0000
12027059.0,5278.553228,19996.994933,25275.548161,2001,0,0.00,29.7266,1.0000
12027062.0,5278.556204,19997.014933,25275.571137,2002,0,0.00,29.7438,1.0000
12027089.0,5278.582988,19997.194933,25275.777922,2003,0,0.00,29.7609,1.0000
12027526.0,5279.016498,20000.108267,25279.124765,2004,0,0.00,29.7781,1.0000
12071312.0,5322.452819,20292.014933,25614.467752,2005,0,0.00,29.7844,1.0000
12071313.0,5322.453811,20292.021600,25614.475411,2006,0,0.00,29.7906,1.0000
12071582.0,5322.720662,20293.814933,25616.535596,2007,0,0.00,29.7969,1.0000
12071993.0,5323.128380,20296.554933,25619.683313,2008,0,0.00,29.8188,1.0000
12072607.0,5323.737477,20300.648267,25624.385743,2009,0,0.00,29.8250,1.0000
12072723.0,5323.852550,20301.421600,25625.274150,2010,0,0.00,29.8422,1.0000
12072726.0,5323.855526,20301.441600,25625.297126,2011,0,0.00,29.8594,1.0000
12072779.0,5323.908103,20301.794933,25625.703036,2012,0,0.00,29.8766,1.0000
12072945.0,5324.072777,20302.901600,25626.974377,2013,0,0.00,29.8984,1.0000
12072965.0,5324.092618,20303.034933,25627.127551,2014,0,0.00,29.9203,1.0000
12073500.0,5324.623345,20306.601600,25631.224945,2015,0,0.00,29.9375,1.0000
12073814.0,5324.934837,20308.694933,25633.629771,2016,0,0.00,29.9594,1.0000
12074061.0,5325.179865,20310.341600,25635.521465,2017,0,0.00,29.9766,1.0000
12074114.0,5325.232441,20310.694933,25635.927375,2018,0,0.00,29.9938,1.0000
12074121.0,5325.239386,20310.741600,25635.980986,2019,0,0.00,30.0063,1.0000
12074222.0,5325.339579,20311.414933,25636.754512,2020,0,0.00,30.0344,1.0000
12078268.0,5329.353267,20338.388267,25667.741534,2021,0,0.00,30.0516,1.0000
12078485.0,5329.568534,20339.834933,25669.403468,2022,0,0.00,30.0734,1.0000
12078620.0,5329.702456,20340.734933,25670.437389,2023,0,0.00,30.0906,1.0000
12078879.0,5329.959388,20342.461600,25672.420988,2024,0,0.00,30.1078,1.0000
12079252.0,5330.329409,20344.948267,25675.277676,2025,0,0.00,30.1250,1.0000
12079488.0,5330.563524,20346.521600,25677.085124,2026,0,0.00,30.1297,1.0000
12079494.0,5330.569476,20346.561600,25677.131076,2027,0,0.00,30.1344,1.0000
12079498.0,5330.573444,20346.588267,25677.161711,2028,0,0.00,30.1391,1.0000
12080460.0,5331.527762,20353.001600,25684.529362,2029,0,0.00,30.1438,1.0000
12080532.0,5331.599187,20353.481600,25685.080787,2030,0,0.00,30.1484,1.0000
12080809.0,5331.873974,20355.328267,25687.202241,2031,0,0.00,30.1703,1.0000
12080811.0,5331.875959,20355.341600,25687.217559,2032,0,0.00,30.1875,1.0000
12080862.0,5331.926551,20355.681600,25687.608151,2033,0,0.00,30.2094,1.0000
12080876.0,5331.940439,20355.774933,25687.715373,2034,0,0.00,30.2313,1.0000
12081008.0,5332.071385,20356.654933,25688.726319,2035,0,0.00,30.2484,1.0000
12081011.0,5332.074361,20356.674933,25688.749295,2036,0,0.00,30.2531,1.0000
12081339.0,5332.399742,20358.861600,25691.261342,2037,0,0.00,30.2656,1.0000
12081866.0,5332.922533,20362.374933,25695.297466,2038,0,0.00,30.2828,1.0000
12081970.0,5333.025703,20363.068267,25696.093969,2039,0,0.00,30.2875,1.0000
12081970.0,5333.025703,20363.068267,25696.093969,2040,0,0.00,30.2922,1.0000
12081973.0,5333.028679,20363.088267,25696.116945,2041,0,0.00,30.2938,1.0000
12082203.0,5333.256842,20364.621600,25697.878442,2042,0,0.00,30.2984,1.0000
12083170.0,5334.216119,20371.068267,25705.284386,2043,0,0.00,30.3078,1.0000
12083261.0,5334.306393,20371.674933,25705.981326,2044,0,0.00,30.3250,1.0000
12083328.0,5334.372857,20372.121600,25706.494457,2045,0,0.00,30.3297,1.0000
12083648.0,5334.690302,20374.254933,25708.945235,2046,0,0.00,30.3469,1.0000
12083686.0,5334.727998,20374.508267,25709.236265,2047,0,0.00,30.3641,1.0000
12083924.0,5334.964098,20376.094933,25711.059031,2048,0,0.00,30.3688,1.0000
12083977.0,5335.016674,20376.448267,25711.464941,2049,0,0.00,30.3734,1.0000
12084045.0,5335.084131,20376.901600,25711.985731,2050,0,0.00,30.3828,1.0000
12088954.0,5339.953928,20409.628267,25749.582194,2051,0,0.00,30.4047,1.0000
12089285.0,5340.282284,20411.834933,25752.117218,2052,0,0.00,30.4266,1.0000
12089425.0,5340.421166,20412.768267,25753.189433,2053,0,0.00,30.4406,1.0000
12090050.0,5341.041175,20416.934933,25757.976108,2054,0,0.00,30.4578,1.0000
12090217.0,5341.206841,20418.048267,25759.255108,2055,0,0.00,30.4750,1.0000
12090395.0,5341.383420,20419.234933,25760.618353,2056,0,0.00,30.4922,1.0000
12091107.0,5342.089734,20423.981600,25766.071334,2057,0,0.00,30.5109,1.0000
12091145.0,5342.127430,20424.234933,25766.362363,2058,0,0.00,30.5297,1.0000
12091150.0,5342.132390,20424.268267,25766.400657,2059,0,0.00,30.5484,1.0000
12091151.0,5342.133382,20424.274933,25766.408315,2060,0,0.00,30.5672,1.0000
12091155.0,5342.137350,20424.301600,25766.438950,2061,0,0.00,30.5734,1.0000
12091187.0,5342.169095,20424.514933,25766.684028,2062,0,0.00,30.5766,1.0000
12091189.0,5342.171079,20424.528267,25766.699345,2063,0,0.00,30.5953,1.0000
12091295.0,5342.276232,20425.234933,25767.511165,2064,0,0.00,30.6125,1.0000
12091490.0,5342.469675,20426.534933,25769.004608,2065,0,0.00,30.6297,1.0000
12092289.0,5343.262294,20431.861600,25775.123894,2066,0,0.00,30.6469,1.0000
12092662.0,5343.632315,20434.348267,25777.980582,2067,0,0.00,30.6531,1.0000
12092728.0,5343.697788,20434.788267,25778.486055,2068,0,0.00,30.6703,1.0000
12093377.0,5344.341605,20439.114933,25783.456538,2069,0,0.00,30.6875,1.0000
12093390.0,5344.354501,20439.201600,25783.556101,2070,0,0.00,30.7047,1.0000
12093390.0,5344.354501,20439.201600,25783.556101,2071,0,0.00,30.7234,1.0000
12094001.0,5344.960622,20443.274933,25788.235555,2072,0,0.00,30.7406,1.0000
12094493.0,5345.448693,20446.554933,25792.003626,2073,0,0.00,30.7656,1.0000
12094517.0,5345.472501,20446.714933,25792.187434,2074,0,0.00,30.7844,1.0000
12094702.0,5345.656023,20447.948267,25793.604290,2075,0,0.00,30.8031,1.0000
12094707.0,5345.660984,20447.981600,25793.642584,2076,0,0.00,30.8219,1.0000
12095048.0,5345.999260,20450.254933,25796.254194,2077,0,0.00,30.8406,1.0000
12095145.0,5346.095486,20450.901600,25796.997086,2078,0,0.00,30.8594,1.0000
12095754.0,5346.699622,20454.961600,25801.661222,2079,0,0.00,30.8766,1.0000
12095784.0,5346.729382,20455.161600,25801.890982,2080,0,0.00,30.8938,1.0000
12096091.0,5347.033931,20457.208267,25804.242197,2081,0,0.00,30.9156,1.0000
12096311.0,5347.252174,20458.674933,25805.927107,2082,0,0.00,30.9281,1.0000
12096715.0,5347.652947,20461.368267,25809.021214,2083,0,0.00,30.9781,1.0000
12096740.0,5347.677748,20461.534933,25809.212681,2084,0,0.00,30.9969,1.0000
12096743.0,5347.680724,20461.554933,25809.235657,2085,0,0.00,31.0156,1.0000
12096896.0,5347.832502,20462.574933,25810.407435,2086,0,0.00,31.0344,1.0000
12096962.0,5347.897975,20463.014933,25810.912908,2087,0,0.00,31.0531,1.0000
12096979.0,5347.914839,20463.128267,25811.043106,2088,0,0.00,31.0719,1.0000
12097010.0,5347.945591,20463.334933,25811.280525,2089,0,0.00,31.0906,1.0000
12097294.0,5348.227323,20465.228267,25813.455590,2090,0,0.00,31.1406,1.0000
12097463.0,5348.394974,20466.354933,25814.749907,2091,0,0.00,31.1594,1.0000
12097671.0,5348.601313,20467.741600,25816.342913,2092,0,0.00,31.1813,1.0000
12098154.0,5349.080455,20470.961600,25820.042055,2093,0,0.00,31.2313,1.0000
12098155.0,5349.081447,20470.968267,25820.049714,2094,0,0.00,31.2813,1.0000
12098155.0,5349.081447,20470.968267,25820.049714,2095,0,0.00,31.3313,1.0000
12098422.0,5349.346315,20472.748267,25822.094582,2096,0,0.00,31.3484,1.0000
12098531.0,5349.454445,20473.474933,25822.929378,2097,0,0.00,31.3672,1.0000
12098574.0,5349.497101,20473.761600,25823.258701,2098,0,0.00,31.3859,1.0000
12098802.0,5349.723280,20475.281600,25825.004880,2099,0,0.00,31.3906,1.0000
12098845.0,5349.765937,20475.568267,25825.334204,2100,0,0.00,31.4078,1.0000
12099206.0,5350.124054,20477.974933,25828.098987,2101,0,0.00,31.4266,1.0000
12099746.0,5350.659741,20481.574933,25832.234675,2102,0,0.00,31.4313,1.0000
12099781.0,5350.694462,20481.808267,25832.502729,2103,0,0.00,31.4531,1.0000
12099894.0,5350.806560,20482.561600,25833.368160,2104,0,0.00,31.4703,1.0000
12100134.0,5351.044643,20484.161600,25835.206243,2105,0,0.00,31.4938,1.0000
12100139.0,5351.049603,20484.194933,25835.244536,2106,0,0.00,31.5109,1.0000
12100371.0,5351.279750,20485.741600,25837.021350,2107,0,0.00,31.5281,1.0000
12100429.0,5351.337287,20486.128267,25837.465554,2108,0,0.00,31.5453,1.0000
12100587.0,5351.494025,20487.181600,25838.675625,2109,0,0.00,31.5625,1.0000
12100726.0,5351.631915,20488.108267,25839.740182,2110,0,0.00,31.5797,1.0000
12101234.0,5352.135858,20491.494933,25843.630791,2111,0,0.00,31.5969,1.0000
12101362.0,5352.262836,20492.348267,25844.611103,2112,0,0.00,31.6016,1.0000
12101448.0,5352.348149,20492.921600,25845.269749,2113,0,0.00,31.6063,1.0000
12101515.0,5352.414614,20493.368267,25845.782881,2114,0,0.00,31.6109,1.0000
12101603.0,5352.501911,20493.954933,25846.456845,2115,0,0.00,31.6281,1.0000
12101605.0,5352.503895,20493.968267,25846.472162,2116,0,0.00,31.6328,1.0000
12101620.0,5352.518776,20494.068267,25846.587042,2117,0,0.00,31.6391,1.0000
12101794.0,5352.691386,20495.228267,25847.919653,2118,0,0.00,31.6578,1.0000
12102033.0,5352.928477,20496.821600,25849.750077,2119,0,0.00,31.6625,1.0000
12102036.0,5352.931453,20496.841600,25849.773053,2120,0,0.00,31.6797,1.0000
12102457.0,5353.349091,20499.648267,25852.997358,2121,0,0.00,31.6844,1.0000
12102511.0,5353.402660,20500.008267,25853.410927,2122,0,0.00,31.7016,1.0000
12102618.0,5353.508805,20500.721600,25854.230405,2123,0,0.00,31.7188,1.0000
12102652.0,5353.542534,20500.948267,25854.490801,2124,0,0.00,31.7250,1.0000
12102792.0,5353.681416,20501.881600,25855.563016,2125,0,0.00,31.7313,1.0000
12102925.0,5353.813354,20502.768267,25856.581620,2126,0,0.00,31.7484,1.0000
12103042.0,5353.929419,20503.548267,25857.477686,2127,0,0.00,31.7656,1.0000
12103523.0,5354.406578,20506.754933,25861.161511,2128,0,0.00,31.7703,1.0000
12103548.0,5354.431378,20506.921600,25861.352978,2129,0,0.00,31.7766,1.0000
12104199.0,5355.077179,20511.261600,25866.338779,2130,0,0.00,31.7813,1.0000
12104371.0,5355.247806,20512.408267,25867.656072,2131,0,0.00,31.7875,1.0000
12104430.0,5355.306335,20512.801600,25868.107935,2132,0,0.00,31.8047,1.0000
12104670.0,5355.544418,20514.401600,25869.946018,2133,0,0.00,31.8094,1.0000
12104982.0,5355.853926,20516.481600,25872.335526,2134,0,0.00,31.8219,1.0000
12105057.0,5355.928327,20516.981600,25872.909927,2135,0,0.00,31.8266,1.0000
12105057.0,5355.928327,20516.981600,25872.909927,2136,0,0.00,31.8313,1.0000
12105126.0,5355.996776,20517.441600,25873.438376,2137,0,0.00,31.8359,1.0000
12105403.0,5356.271564,20519.288267,25875.559831,2138,0,0.00,31.8406,1.0000
12105431.0,5356.299340,20519.474933,25875.774274,2139,0,0.00,31.8453,1.0000
12105468.0,5356.336045,20519.721600,25876.057645,2140,0,0.00,31.8516,1.0000
12105582.0,5356.449135,20520.481600,25876.930735,2141,0,0.00,31.8734,1.0000
12105617.0,5356.483855,20520.714933,25877.198788,2142,0,0.00,31.8906,1.0000
12105670.0,5356.536432,20521.068267,25877.604698,2143,0,0.00,31.9078,1.0000
12105834.0,5356.699122,20522.161600,25878.860722,2144,0,0.00,31.9250,1.0000
12105871.0,5356.735827,20522.408267,25879.144093,2145,0,0.00,31.9297,1.0000
12106591.0,5357.450077,20527.208267,25884.658343,2146,0,0.00,31.9344,1.0000
12106853.0,5357.709984,20528.954933,25886.664918,2147,0,0.00,31.9391,1.0000
12106885.0,5357.741729,20529.168267,25886.909995,2148,0,0.00,31.9563,1.0000
12106892.0,5357.748673,20529.214933,25886.963606,2149,0,0.00,31.9734,1.0000
12106898.0,5357.754625,20529.254933,25887.009558,2150,0,0.00,31.9906,1.0000
12106937.0,5357.793313,20529.514933,25887.308247,2151,0,0.00,32.0078,1.0000
12107044.0,5357.899459,20530.228267,25888.127726,2152,0,0.00,32.0125,1.0000
12107092.0,5357.947076,20530.548267,25888.495342,2153,0,0.00,32.0172,1.0000
12107093.0,5357.948068,20530.554933,25888.503001,2154,0,0.00,32.0219,1.0000
12107198.0,5358.052229,20531.254933,25889.307162,2155,0,0.00,32.0391,1.0000
12107538.0,5358.389514,20533.521600,25891.911114,2156,0,0.00,32.0406,1.0000
12107825.0,5358.674222,20535.434933,25894.109155,2157,0,0.00,32.0469,1.0000
12108156.0,5359.002578,20537.641600,25896.644178,2158,0,0.00,32.0656,1.0000
12108335.0,5359.180149,20538.834933,25898.015082,2159,0,0.00,32.0703,1.0000
12108338.0,5359.183125,20538.854933,25898.038058,2160,0,0.00,32.0828,1.0000
12108478.0,5359.322007,20539.788267,25899.110273,2161,0,0.00,32.0891,1.0000
12108768.0,5359.609691,20541.721600,25901.331291,2162,0,0.00,32.0938,1.0000
12109068.0,5359.907295,20543.721600,25903.628895,2163,0,0.00,32.0984,1.0000
12109299.0,5360.136450,20545.261600,25905.398050,2164,0,0.00,32.1156,1.0000
12109666.0,5360.500519,20547.708267,25908.208786,2165,0,0.00,32.1203,1.0000
12109772.0,5360.605673,20548.414933,25909.020606,2166,0,0.00,32.1375,1.0000
12109863.0,5360.695946,20549.021600,25909.717546,2167,0,0.00,32.1422,1.0000
12110103.0,5360.934029,20550.621600,25911.555629,2168,0,0.00,32.1594,1.0000
12110138.0,5360.968750,20550.854933,25911.823683,2169,0,0.00,32.1656,1.0000
12153651.0,5404.134250,20840.941600,26245.075850,2170,0,0.00,32.1891,1.0000
12154260.0,5404.738387,20845.001600,26249.739987,2171,0,0.00,32.2063,1.0000
12154303.0,5404.781043,20845.288267,26250.069310,2172,0,0.00,32.2125,1.0000
12154663.0,5405.138168,20847.688267,26252.826435,2173,0,0.00,32.2297,1.0000
12154679.0,5405.154040,20847.794933,26252.948974,2174,0,0.00,32.2469,1.0000
12154786.0,5405.260186,20848.508267,26253.768453,2175,0,0.00,32.2594,1.0000
12154814.0,5405.287962,20848.694933,26253.982896,2176,0,0.00,32.2766,1.0000
12154819.0,5405.292922,20848.728267,26254.021189,2177,0,0.00,32.2938,1.0000
12154820.0,5405.293914,20848.734933,26254.028848,2178,0,0.00,32.3109,1.0000
12155323.0,5405.792897,20852.088267,26257.881164,2179,0,0.00,32.3219,1.0000
12155901.0,5406.366281,20855.941600,26262.307881,2180,0,0.00,32.3391,1.0000
12155954.0,5406.418858,20856.294933,26262.713791,2181,0,0.00,32.3563,1.0000
12155998.0,5406.462507,20856.588267,26263.050773,2182,0,0.00,32.3688,1.0000
12156035.0,5406.499211,20856.834933,26263.334145,2183,0,0.00,32.3859,1.0000
12156158.0,5406.621229,20857.654933,26264.276162,2184,0,0.00,32.4031,1.0000
12171662.0,5422.001412,20961.014933,26383.016346,2185,0,0.00,32.4203,1.0000
12171704.0,5422.043077,20961.294933,26383.338010,2186,0,0.00,32.4375,1.0000
12171858.0,5422.195847,20962.321600,26384.517447,2187,0,0.00,32.4547,1.0000
12172506.0,5422.838672,20966.641600,26389.480272,2188,0,0.00,32.4734,1.0000
12172549.0,5422.881329,20966.928267,26389.809595,2189,0,0.00,32.4922,1.0000
12172609.0,5422.940849,20967.328267,26390.269116,2190,0,0.00,32.5109,1.0000
12172645.0,5422.976562,20967.568267,26390.544829,2191,0,0.00,32.5281,1.0000
12172646.0,5422.977554,20967.574933,26390.552487,2192,0,0.00,32.5469,1.0000
12172723.0,5423.053939,20968.088267,26391.142206,2193,0,0.00,32.5656,1.0000
12173162.0,5423.489433,20971.014933,26394.504366,2194,0,0.00,32.5828,1.0000
12173678.0,5424.001312,20974.454933,26398.456246,2195,0,0.00,32.6063,1.0000
12173996.0,5424.316773,20976.574933,26400.891706,2196,0,0.00,32.6297,1.0000
12174003.0,5424.323717,20976.621600,26400.945317,2197,0,0.00,32.6344,1.0000
12174085.0,5424.405062,20977.168267,26401.573329,2198,0,0.00,32.6531,1.0000
12174364.0,5424.681834,20979.028267,26403.710101,2199,0,0.00,32.6719,1.0000
12174371.0,5424.688778,20979.074933,26403.763711,2200,0,0.00,32.6906,1.0000
12174434.0,5424.751275,20979.494933,26404.246208,2201,0,0.00,32.7094,1.0000
12174652.0,5424.967534,20980.948267,26405.915801,2202,0,0.00,32.7266,1.0000
12174951.0,5425.264146,20982.941600,26408.205746,2203,0,0.00,32.7438,1.0000
12174993.0,5425.305811,20983.221600,26408.527411,2204,0,0.00,32.7609,1.0000
12175532.0,5425.840506,20986.814933,26412.655439,2205,0,0.00,32.7656,1.0000
12175696.0,5426.003196,20987.908267,26413.911463,2206,0,0.00,32.7828,1.0000
12175921.0,5426.226399,20989.408267,26415.634666,2207,0,0.00,32.8000,1.0000
12176615.0,5426.914857,20994.034933,26420.949790,2208,0,0.00,32.8172,1.0000
12176741.0,5427.039851,20994.874933,26421.914784,2209,0,0.00,32.8359,1.0000
12177171.0,5427.466417,20997.741600,26425.208017,2210,0,0.00,32.8531,1.0000
12177283.0,5427.577522,20998.488267,26426.065789,2211,0,0.00,32.8703,1.0000
12177374.0,5427.667796,20999.094933,26426.762729,2212,0,0.00,32.8938,1.0000
12177501.0,5427.793781,20999.941600,26427.735381,2213,0,0.00,32.9109,1.0000
12177501.0,5427.793781,20999.941600,26427.735381,2214,0,0.00,32.9281,1.0000
12177905.0,5428.194555,21002.634933,26430.829488,2215,0,0.00,32.9516,1.0000
12178214.0,5428.501087,21004.694933,26433.196021,2216,0,0.00,32.9688,1.0000
12178225.0,5428.511999,21004.768267,26433.280266,2217,0,0.00,32.9938,1.0000
12178306.0,5428.592353,21005.308267,26433.900619,2218,0,0.00,33.0078,1.0000
12178371.0,5428.656834,21005.741600,26434.398434,2219,0,0.00,33.0219,1.0000
12250817.0,5500.524272,21488.714933,26989.239205,2220,0,0.00,33.0391,1.0000
12250859.0,5500.565936,21488.994933,26989.560870,2221,0,0.00,33.0563,1.0000
12251254.0,5500.957782,21491.628267,26992.586048,2222,0,0.00,33.0609,1.0000
12251264.0,5500.967702,21491.694933,26992.662635,2223,0,0.00,33.0734,1.0000
12251281.0,5500.984566,21491.808267,26992.792833,2224,0,0.00,33.0781,1.0000
12251282.0,5500.985558,21491.814933,26992.800491,2225,0,0.00,33.0906,1.0000
12251282.0,5500.985558,21491.814933,26992.800491,2226,0,0.00,33.0953,1.0000
12251306.0,5501.009366,21491.974933,26992.984300,2227,0,0.00,33.1125,1.0000
12251429.0,5501.131384,21492.794933,26993.926318,2228,0,0.00,33.1297,1.0000
12251814.0,5501.513310,21495.361600,26996.874910,2229,0,0.00,33.1344,1.0000
12251938.0,5501.636319,21496.188267,26997.824586,2230,0,0.00,33.1469,1.0000
12251986.0,5501.683936,21496.508267,26998.192203,2231,0,0.00,33.1641,1.0000
12252028.0,5501.725601,21496.788267,26998.513867,2232,0,0.00,33.1813,1.0000
12252273.0,5501.968644,21498.421600,27000.390244,2233,0,0.00,33.2000,1.0000
12253549.0,5503.234454,21506.928267,27010.162720,2234,0,0.00,33.2172,1.0000
12254263.0,5503.942752,21511.688267,27015.631018,2235,0,0.00,33.2406,1.0000
12423801.0,5672.126802,22641.941600,28314.068402,2236,0,0.00,33.2578,1.0000
12423830.0,5672.155571,22642.134933,28314.290504,2237,0,0.00,33.2750,1.0000
12423832.0,5672.157555,22642.148267,28314.305821,2238,0,0.00,33.2922,1.0000
12423859.0,5672.184339,22642.328267,28314.512606,2239,0,0.00,33.3094,1.0000
12423925.0,5672.249812,22642.768267,28315.018079,2240,0,0.00,33.3141,1.0000
12424125.0,5672.448215,22644.101600,28316.549815,2241,0,0.00,33.3266,1.0000
12424232.0,5672.554360,22644.814933,28317.369294,2242,0,0.00,33.3406,1.0000
12424834.0,5673.151553,22648.828267,28321.979819,2243,0,0.00,33.3594,1.0000
12425048.0,5673.363844,22650.254933,28323.618777,2244,0,0.00,33.3875,1.0000
12425391.0,5673.704104,22652.541600,28326.245704,2245,0,0.00,33.4047,1.0000
12426769.0,5675.071099,22661.728267,28336.799366,2246,0,0.00,33.4219,1.0000
12426800.0,5675.101852,22661.934933,28337.036785,2247,0,0.00,33.4391,1.0000
12426800.0,5675.101852,22661.934933,28337.036785,2248,0,0.00,33.4563,1.0000
12426812.0,5675.113756,22662.014933,28337.128689,2249,0,0.00,33.4734,1.0000
12430888.0,5679.157205,22689.188267,28368.345471,2250,0,0.00,33.4922,1.0000
12430923.0,5679.191925,22689.421600,28368.613525,2251,0,0.00,33.5109,1.0000
12430926.0,5679.194901,22689.441600,28368.636501,2252,0,0.00,33.5297,1.0000
12430963.0,5679.231606,22689.688267,28368.919872,2253,0,0.00,33.5484,1.0000
12430967.0,5679.235574,22689.714933,28368.950507,2254,0,0.00,33.5672,1.0000
12431121.0,5679.388344,22690.741600,28370.129944,2255,0,0.00,33.5859,1.0000
12431350.0,5679.615515,22692.268267,28371.883782,2256,0,0.00,33.6047,1.0000
12431584.0,5679.847646,22693.828267,28373.675913,2257,0,0.00,33.6188,1.0000
12432162.0,5680.421030,22697.681600,28378.102630,2258,0,0.00,33.6359,1.0000
12432163.0,5680.422022,22697.688267,28378.110289,2259,0,0.00,33.6531,1.0000
12432202.0,5680.460711,22697.948267,28378.408978,2260,0,0.00,33.6703,1.0000
12432206.0,5680.464679,22697.974933,28378.439612,2261,0,0.00,33.6875,1.0000
12432235.0,5680.493447,22698.168267,28378.661714,2262,0,0.00,33.7047,1.0000
12432587.0,5680.842636,22700.514933,28381.357570,2263,0,0.00,33.7219,1.0000
12432589.0,5680.844620,22700.528267,28381.372887,2264,0,0.00,33.7391,1.0000
12432709.0,5680.963662,22701.328267,28382.291929,2265,0,0.00,33.7563,1.0000
12433466.0,5681.714616,22706.374933,28388.089550,2266,0,0.00,33.7734,1.0000
12433797.0,5682.042973,22708.581600,28390.624573,2267,0,0.00,33.7922,1.0000
12433799.0,5682.044957,22708.594933,28390.639890,2268,0,0.00,33.8109,1.0000
12433830.0,5682.075710,22708.801600,28390.877310,2269,0,0.00,33.8297,1.0000
12433884.0,5682.129278,22709.161600,28391.290878,2270,0,0.00,33.8469,1.0000
12434103.0,5682.346529,22710.621600,28392.968129,2271,0,0.00,33.8641,1.0000
12434329.0,5682.570724,22712.128267,28394.698991,2272,0,0.00,33.8813,1.0000
12434379.0,5682.620325,22712.461600,28395.081925,2273,0,0.00,33.8984,1.0000
12434547.0,5682.786984,22713.581600,28396.368584,2274,0,0.00,33.9125,1.0000
12434946.0,5683.182797,22716.241600,28399.424397,2275,0,0.00,33.9297,1.0000
12434948.0,5683.184781,22716.254933,28399.439714,2276,0,0.00,33.9469,1.0000
12435425.0,5683.657972,22719.434933,28403.092905,2277,0,0.00,33.9641,1.0000
12435501.0,5683.733365,22719.941600,28403.674965,2278,0,0.00,33.9813,1.0000
12435939.0,5684.167867,22722.861600,28407.029467,2279,0,0.00,33.9953,1.0000
12435966.0,5684.194651,22723.041600,28407.236251,2280,0,0.00,34.0172,1.0000
12436224.0,5684.450591,22724.761600,28409.212191,2281,0,0.00,34.0344,1.0000
12436492.0,5684.716451,22726.548267,28411.264717,2282,0,0.00,34.0516,1.0000
12436706.0,5684.928741,22727.974933,28412.903675,2283,0,0.00,34.0688,1.0000
12436924.0,5685.145001,22729.428267,28414.573267,2284,0,0.00,34.0875,1.0000
12436991.0,5685.211465,22729.874933,28415.086399,2285,0,0.00,34.1063,1.0000
12437305.0,5685.522958,22731.968267,28417.491224,2286,0,0.00,34.1203,1.0000
12437658.0,5685.873139,22734.321600,28420.194739,2287,0,0.00,34.1375,1.0000
12438546.0,5686.754047,22740.241600,28426.995647,2288,0,0.00,34.1547,1.0000
12438612.0,5686.819520,22740.681600,28427.501120,2289,0,0.00,34.1719,1.0000
12438877.0,5687.082404,22742.448267,28429.530670,2290,0,0.00,34.1844,1.0000
12439296.0,5687.498057,22745.241600,28432.739657,2291,0,0.00,34.2016,1.0000
12439617.0,5687.816494,22747.381600,28435.198094,2292,0,0.00,34.2188,1.0000
12439702.0,5687.900815,22747.948267,28435.849082,2293,0,0.00,34.2359,1.0000
12440242.0,5688.436503,22751.548267,28439.984769,2294,0,0.00,34.2531,1.0000
12440247.0,5688.441463,22751.581600,28440.023063,2295,0,0.00,34.2719,1.0000
12440256.0,5688.450391,22751.641600,28440.091991,2296,0,0.00,34.2813,1.0000
12440287.0,5688.481143,22751.848267,28440.329410,2297,0,0.00,34.2984,1.0000
12440291.0,5688.485111,22751.874933,28440.360045,2298,0,0.00,34.3172,1.0000
12440516.0,5688.708314,22753.374933,28442.083248,2299,0,0.00,34.3344,1.0000
12440646.0,5688.837276,22754.241600,28443.078876,2300,0,0.00,34.3516,1.0000
12440730.0,5688.920605,22754.801600,28443.722205,2301,0,0.00,34.3703,1.0000
12441193.0,5689.379908,22757.888267,28447.268174,2302,0,0.00,34.3875,1.0000
12449167.0,5697.290227,22811.048267,28508.338493,2303,0,0.00,34.4063,1.0000
12449255.0,5697.377524,22811.634933,28509.012457,2304,0,0.00,34.4234,1.0000
12449430.0,5697.551126,22812.801600,28510.352726,2305,0,0.00,34.4516,1.0000
12449490.0,5697.610647,22813.201600,28510.812247,2306,0,0.00,34.4688,1.0000
12450429.0,5698.542148,22819.461600,28518.003748,2307,0,0.00,34.4859,1.0000
12450477.0,5698.589765,22819.781600,28518.371365,2308,0,0.00,34.5031,1.0000
12450513.0,5698.625477,22820.021600,28518.647077,2309,0,0.00,34.5203,1.0000
12450514.0,5698.626469,22820.028267,28518.654736,2310,0,0.00,34.5375,1.0000
12450793.0,5698.903241,22821.888267,28520.791508,2311,0,0.00,34.5625,1.0000
12451095.0,5699.202829,22823.901600,28523.104429,2312,0,0.00,34.6125,1.0000
12451664.0,5699.767285,22827.694933,28527.462219,2313,0,0.00,34.6625,1.0000
12451664.0,5699.767285,22827.694933,28527.462219,2314,0,0.00,34.7125,1.0000
12451664.0,5699.767285,22827.694933,28527.462219,2315,0,0.00,34.7625,1.0000
12451762.0,5699.864503,22828.348267,28528.212769,2316,0,0.00,34.7875,1.0000
12451970.0,5700.070841,22829.734933,28529.805775,2317,0,0.00,34.8063,1.0000
12452185.0,5700.284124,22831.168267,28531.452391,2318,0,0.00,34.8250,1.0000
12452246.0,5700.344637,22831.574933,28531.919571,2319,0,0.00,34.8750,1.0000
12452273.0,5700.371422,22831.754933,28532.126355,2320,0,0.00,34.8922,1.0000
12452733.0,5700.827748,22834.821600,28535.649348,2321,0,0.00,34.9094,1.0000
12453111.0,5701.202729,22837.341600,28538.544329,2322,0,0.00,34.9266,1.0000
12453483.0,5701.571759,22839.821600,28541.393359,2323,0,0.00,34.9438,1.0000
12453753.0,5701.839602,22841.621600,28543.461202,2324,0,0.00,34.9531,1.0000
12453869.0,5701.954676,22842.394933,28544.349609,2325,0,0.00,34.9703,1.0000
12453874.0,5701.959636,22842.428267,28544.387903,2326,0,0.00,34.9875,1.0000
12454279.0,5702.361402,22845.128267,28547.489668,2327,0,0.00,35.0047,1.0000
12455230.0,5703.304807,22851.468267,28554.773073,2328,0,0.00,35.0109,1.0000
12455241.0,5703.315719,22851.541600,28554.857319,2329,0,0.00,35.0172,1.0000
12455250.0,5703.324647,22851.601600,28554.926247,2330,0,0.00,35.0234,1.0000
12455257.0,5703.331591,22851.648267,28554.979858,2331,0,0.00,35.0297,1.0000
12455415.0,5703.488329,22852.701600,28556.189929,2332,0,0.00,35.0469,1.0000
12455453.0,5703.526026,22852.954933,28556.480959,2333,0,0.00,35.0641,1.0000
12455455.0,5703.528010,22852.968267,28556.496277,2334,0,0.00,35.0813,1.0000
12455488.0,5703.560746,22853.188267,28556.749013,2335,0,0.00,35.0984,1.0000
12455691.0,5703.762125,22854.541600,28558.303725,2336,0,0.00,35.1031,1.0000
12455856.0,5703.925807,22855.641600,28559.567407,2337,0,0.00,35.1219,1.0000
12502993.0,5750.686366,23169.888267,28920.574633,2338,0,0.00,35.1344,1.0000
12502998.0,5750.691326,23169.921600,28920.612926,2339,0,0.00,35.1516,1.0000
12503029.0,5750.722079,23170.128267,28920.850345,2340,0,0.00,35.1766,1.0000
12503499.0,5751.188325,23173.261600,28924.449925,2341,0,0.00,35.1828,1.0000
12503752.0,5751.439305,23174.948267,28926.387571,2342,0,0.00,35.1875,1.0000
12504107.0,5751.791470,23177.314933,28929.106403,2343,0,0.00,35.2125,1.0000
12504165.0,5751.849006,23177.701600,28929.550606,2344,0,0.00,35.2250,1.0000
12504175.0,5751.858927,23177.768267,28929.627193,2345,0,0.00,35.2313,1.0000
12504377.0,5752.059313,23179.114933,28931.174247,2346,0,0.00,35.2359,1.0000
12504614.0,5752.294421,23180.694933,28932.989354,2347,0,0.00,35.2531,1.0000
12504789.0,5752.468023,23181.861600,28934.329623,2348,0,0.00,35.2656,1.0000
12504933.0,5752.610873,23182.821600,28935.432473,2349,0,0.00,35.2719,1.0000
12505728.0,5753.399524,23188.121600,28941.521124,2350,0,0.00,35.2844,1.0000
12505838.0,5753.508646,23188.854933,28942.363579,2351,0,0.00,35.4219,1.0000
12506673.0,5754.336977,23194.421600,28948.758577,2352,0,0.00,35.4453,1.0000
12506675.0,5754.338961,23194.434933,28948.773895,2353,0,0.00,35.4688,1.0000
12506899.0,5754.561172,23195.928267,28950.489439,2354,0,0.00,35.4922,1.0000
12506978.0,5754.639541,23196.454933,28951.094475,2355,0,0.00,35.5109,1.0000
12507050.0,5754.710966,23196.934933,28951.645900,2356,0,0.00,35.5281,1.0000
12507086.0,5754.746679,23197.174933,28951.921612,2357,0,0.00,35.5469,1.0000
12507399.0,5755.057179,23199.261600,28954.318779,2358,0,0.00,35.5484,1.0000
12507709.0,5755.364704,23201.328267,28956.692970,2359,0,0.00,35.5656,1.0000
12507840.0,5755.494657,23202.201600,28957.696257,2360,0,0.00,35.5719,1.0000
12507875.0,5755.529378,23202.434933,28957.964311,2361,0,0.00,35.5891,1.0000
12508288.0,5755.939080,23205.188267,28961.127346,2362,0,0.00,35.6016,1.0000
12508644.0,5756.292237,23207.561600,28963.853837,2363,0,0.00,35.6188,1.0000
12509097.0,5756.741619,23210.581600,28967.323219,2364,0,0.00,35.6234,1.0000
12509470.0,5757.111640,23213.068267,28970.179907,2365,0,0.00,35.6516,1.0000
12509692.0,5757.331867,23214.548267,28971.880134,2366,0,0.00,35.6703,1.0000
12509891.0,5757.529278,23215.874933,28973.404211,2367,0,0.00,35.6875,1.0000
12509941.0,5757.578879,23216.208267,28973.787145,2368,0,0.00,35.7047,1.0000
12510174.0,5757.810018,23217.761600,28975.571618,2369,0,0.00,35.7219,1.0000
12510428.0,5758.061989,23219.454933,28977.516923,2370,0,0.00,35.7391,1.0000
12510614.0,5758.246504,23220.694933,28978.941437,2371,0,0.00,35.7531,1.0000
12510616.0,5758.248488,23220.708267,28978.956755,2372,0,0.00,35.7703,1.0000
12511091.0,5758.719695,23223.874933,28982.594628,2373,0,0.00,35.7875,1.0000
12511311.0,5758.937938,23225.341600,28984.279538,2374,0,0.00,35.8000,1.0000
12511372.0,5758.998451,23225.748267,28984.746717,2375,0,0.00,35.8250,1.0000
12511475.0,5759.100628,23226.434933,28985.535561,2376,0,0.00,35.9625,1.0000
12511960.0,5759.581755,23229.668267,28989.250021,2377,0,0.00,35.9813,1.0000
12512351.0,5759.969632,23232.274933,28992.244565,2378,0,0.00,35.9984,1.0000
12512577.0,5760.193827,23233.781600,28993.975427,2379,0,0.00,36.0156,1.0000
12512604.0,5760.220612,23233.961600,28994.182212,2380,0,0.00,36.0328,1.0000
12512725.0,5760.340645,23234.768267,28995.108912,2381,0,0.00,36.0469,1.0000
12512802.0,5760.417030,23235.281600,28995.698630,2382,0,0.00,36.0609,1.0000
12512815.0,5760.429927,23235.368267,28995.798193,2383,0,0.00,36.0750,1.0000
12513275.0,5760.886253,23238.434933,28999.321186,2384,0,0.00,36.1031,1.0000
12520990.0,5768.539640,23289.868267,29058.407907,2385,0,0.00,36.1203,1.0000
12521425.0,5768.971166,23292.768267,29061.739433,2386,0,0.00,36.1375,1.0000
12521859.0,5769.401700,23295.661600,29065.063300,2387,0,0.00,36.1563,1.0000
12522199.0,5769.738985,23297.928267,29067.667252,2388,0,0.00,36.2063,1.0000
12522199.0,5769.738985,23297.928267,29067.667252,2389,0,0.00,36.2563,1.0000
12522199.0,5769.738985,23297.928267,29067.667252,2390,0,0.00,36.3063,1.0000
12522200.0,5769.739977,23297.934933,29067.674910,2391,0,0.00,36.3563,1.0000
12522456.0,5769.993932,23299.641600,29069.635532,2392,0,0.00,36.3750,1.0000
12522517.0,5770.054445,23300.048267,29070.102712,2393,0,0.00,36.3922,1.0000
12522876.0,5770.410578,23302.441600,29072.852178,2394,0,0.00,36.5297,1.0000
12523510.0,5771.039515,23306.668267,29077.707782,2395,0,0.00,36.5344,1.0000
12523614.0,5771.142685,23307.361600,29078.504285,2396,0,0.00,36.5516,1.0000
12523844.0,5771.370848,23308.894933,29080.265781,2397,0,0.00,36.5656,1.0000
12524063.0,5771.588099,23310.354933,29081.943032,2398,0,0.00,36.5906,1.0000
12524197.0,5771.721029,23311.248267,29082.969295,2399,0,0.00,36.6094,1.0000
12524322.0,5771.845030,23312.081600,29083.926630,2400,0,0.00,36.6344,1.0000
12524679.0,5772.199179,23314.461600,29086.660779,2401,0,0.00,36.6625,1.0000
12524771.0,5772.290445,23315.074933,29087.365378,2402,0,0.00,36.6859,1.0000
12524948.0,5772.466031,23316.254933,29088.720964,2403,0,0.00,36.7094,1.0000
12525978.0,5773.487805,23323.121600,29096.609405,2404,0,0.00,36.7219,1.0000
12526344.0,5773.850882,23325.561600,29099.412482,2405,0,0.00,36.7438,1.0000
12526571.0,5774.076070,23327.074933,29101.151003,2406,0,0.00,36.7500,1.0000
12526762.0,5774.265544,23328.348267,29102.613811,2407,0,0.00,36.7688,1.0000
12526979.0,5774.480811,23329.794933,29104.275745,2408,0,0.00,36.7859,1.0000
12527183.0,5774.683182,23331.154933,29105.838115,2409,0,0.00,36.8031,1.0000
12527351.0,5774.849840,23332.274933,29107.124774,2410,0,0.00,36.8203,1.0000
12527402.0,5774.900433,23332.614933,29107.515366,2411,0,0.00,36.8375,1.0000
12527845.0,5775.339895,23335.568267,29110.908162,2412,0,0.00,36.8656,1.0000
12527890.0,5775.384536,23335.868267,29111.252803,2413,0,0.00,36.8938,1.0000
12528080.0,5775.573019,23337.134933,29112.707952,2414,0,0.00,36.9000,1.0000
12528330.0,5775.821022,23338.801600,29114.622622,2415,0,0.00,36.9172,1.0000
12528686.0,5776.174179,23341.174933,29117.349112,2416,0,0.00,36.9313,1.0000
12529015.0,5776.500552,23343.368267,29119.868818,2417,0,0.00,36.9453,1.0000
12529028.0,5776.513448,23343.454933,29119.968381,2418,0,0.00,36.9594,1.0000
12529407.0,5776.889421,23345.981600,29122.871021,2419,0,0.00,36.9719,1.0000
12529537.0,5777.018383,23346.848267,29123.866649,2420,0,0.00,36.9781,1.0000
12529592.0,5777.072944,23347.214933,29124.287877,2421,0,0.00,37.0031,1.0000
12529632.0,5777.112624,23347.481600,29124.594224,2422,0,0.00,37.0203,1.0000
12529689.0,5777.169169,23347.861600,29125.030769,2423,0,0.00,37.0391,1.0000
12529733.0,5777.212818,23348.154933,29125.367751,2424,0,0.00,37.0563,1.0000
12530196.0,5777.672120,23351.241600,29128.913720,2425,0,0.00,37.0750,1.0000
12530990.0,5778.459779,23356.534933,29134.994712,2426,0,0.00,37.0938,1.0000
12531273.0,5778.740519,23358.421600,29137.162119,2427,0,0.00,37.1125,1.0000
12531644.0,5779.108556,23360.894933,29140.003489,2428,0,0.00,37.1313,1.0000
12531687.0,5779.151213,23361.181600,29140.332813,2429,0,0.00,37.1500,1.0000
12531691.0,5779.155181,23361.208267,29140.363447,2430,0,0.00,37.1688,1.0000
12531695.0,5779.159149,23361.234933,29140.394082,2431,0,0.00,37.1875,1.0000
12532141.0,5779.601587,23364.208267,29143.809854,2432,0,0.00,37.2000,1.0000
12532859.0,5780.313853,23368.994933,29149.308786,2433,0,0.00,37.2234,1.0000
12532891.0,5780.345597,23369.208267,29149.553864,2434,0,0.00,37.2359,1.0000
12532925.0,5780.379326,23369.434933,29149.814259,2435,0,0.00,37.2641,1.0000
12532927.0,5780.381310,23369.448267,29149.829577,2436,0,0.00,37.2828,1.0000
12533004.0,5780.457695,23369.961600,29150.419295,2437,0,0.00,37.3063,1.0000
12533005.0,5780.458687,23369.968267,29150.426954,2438,0,0.00,37.3297,1.0000
12533558.0,5781.007271,23373.654933,29154.662204,2439,0,0.00,37.3547,1.0000
12533602.0,5781.050919,23373.948267,29154.999186,2440,0,0.00,37.3734,1.0000
12533608.0,5781.056871,23373.988267,29155.045138,2441,0,0.00,37.3922,1.0000
12533689.0,5781.137224,23374.528267,29155.665491,2442,0,0.00,37.4109,1.0000
12534303.0,5781.746321,23378.621600,29160.367921,2443,0,0.00,37.4281,1.0000
12534313.0,5781.756241,23378.688267,29160.444508,2444,0,0.00,37.4453,1.0000
12534544.0,5781.985396,23380.228267,29162.213663,2445,0,0.00,37.4734,1.0000
12534719.0,5782.158999,23381.394933,29163.553932,2446,0,0.00,37.4906,1.0000
12535006.0,5782.443707,23383.308267,29165.751973,2447,0,0.00,37.5094,1.0000
12546528.0,5793.873691,23460.121600,29253.995291,2448,0,0.00,37.5281,1.0000
12546686.0,5794.030429,23461.174933,29255.205362,2449,0,0.00,37.5563,1.0000
12546880.0,5794.222880,23462.468267,29256.691146,2450,0,0.00,37.5813,1.0000
12547221.0,5794.561156,23464.741600,29259.302756,2451,0,0.00,37.6094,1.0000
12547339.0,5794.678214,23465.528267,29260.206481,2452,0,0.00,37.6234,1.0000
12547364.0,5794.703014,23465.694933,29260.397948,2453,0,0.00,37.6516,1.0000
12547511.0,5794.848840,23466.674933,29261.523774,2454,0,0.00,37.6688,1.0000
12547948.0,5795.282351,23469.588267,29264.870617,2455,0,0.00,37.6875,1.0000
12547958.0,5795.292271,23469.654933,29264.947204,2456,0,0.00,37.7063,1.0000
12547981.0,5795.315087,23469.808267,29265.123354,2457,0,0.00,37.7344,1.0000
12548197.0,5795.529362,23471.248267,29266.777629,2458,0,0.00,37.7469,1.0000
12548518.0,5795.847798,23473.388267,29269.236065,2459,0,0.00,37.7516,1.0000
12548778.0,5796.105722,23475.121600,29271.227322,2460,0,0.00,37.7656,1.0000
12549519.0,5796.840804,23480.061600,29276.902404,2461,0,0.00,37.8156,1.0000
12592900.0,5839.875359,23769.268267,29609.143626,2462,0,0.00,37.8203,1.0000
12593136.0,5840.109474,23770.841600,29610.951074,2463,0,0.00,38.0078,1.0000
12593259.0,5840.231492,23771.661600,29611.893092,2464,0,0.00,38.0266,1.0000
12593284.0,5840.256292,23771.828267,29612.084559,2465,0,0.00,38.0641,1.0000
12594188.0,5841.153073,23777.854933,29619.008006,2466,0,0.00,38.0703,1.0000
12595227.0,5842.183775,23784.781600,29626.965375,2467,0,0.00,38.0891,1.0000
12595374.0,5842.329601,23785.761600,29628.091201,2468,0,0.00,38.0953,1.0000
12595791.0,5842.743271,23788.541600,29631.284871,2469,0,0.00,38.1016,1.0000
12595900.0,5842.851401,23789.268267,29632.119667,2470,0,0.00,38.1203,1.0000
12596020.0,5842.970442,23790.068267,29633.038709,2471,0,0.00,38.1578,1.0000
12596082.0,5843.031947,23790.481600,29633.513547,2472,0,0.00,38.1766,1.0000
12596088.0,5843.037899,23790.521600,29633.559499,2473,0,0.00,38.1828,1.0000
12596089.0,5843.038891,23790.528267,29633.567158,2474,0,0.00,38.2016,1.0000
12604051.0,5850.937306,23843.608267,29694.545572,2475,0,0.00,38.2250,1.0000
12604095.0,5850.980954,23843.901600,29694.882554,2476,0,0.00,38.2484,1.0000
12604319.0,5851.203165,23845.394933,29696.598099,2477,0,0.00,38.2656,1.0000
12604682.0,5851.563266,23847.814933,29699.378200,2478,0,0.00,38.2703,1.0000
12604785.0,5851.665444,23848.501600,29700.167044,2479,0,0.00,38.2875,1.0000
12604879.0,5851.758693,23849.128267,29700.886960,2480,0,0.00,38.2922,1.0000
12606019.0,5852.889589,23856.728267,29709.617856,2481,0,0.00,38.3094,1.0000
12606020.0,5852.890581,23856.734933,29709.625514,2482,0,0.00,38.3266,1.0000
12606024.0,5852.894549,23856.761600,29709.656149,2483,0,0.00,38.3438,1.0000
12606084.0,5852.954070,23857.161600,29710.115670,2484,0,0.00,38.3609,1.0000
12606086.0,5852.956054,23857.174933,29710.130987,2485,0,0.00,38.3797,1.0000
12606094.0,5852.963990,23857.228267,29710.192257,2486,0,0.00,38.3969,1.0000
12606235.0,5853.103864,23858.168267,29711.272131,2487,0,0.00,38.4156,1.0000
12606899.0,5853.762561,23862.594933,29716.357495,2488,0,0.00,38.4328,1.0000
12606932.0,5853.795298,23862.814933,29716.610231,2489,0,0.00,38.4375,1.0000
12606951.0,5853.814146,23862.941600,29716.755746,2490,0,0.00,38.4547,1.0000
12606957.0,5853.820098,23862.981600,29716.801698,2491,0,0.00,38.4719,1.0000
12606961.0,5853.824066,23863.008267,29716.832333,2492,0,0.00,38.4891,1.0000
12610933.0,5857.764345,23889.488267,29747.252612,2493,0,0.00,38.5063,1.0000
12611093.0,5857.923068,23890.554933,29748.478001,2494,0,0.00,38.5234,1.0000
12611134.0,5857.963740,23890.828267,29748.792007,2495,0,0.00,38.5328,1.0000
12611218.0,5858.047069,23891.388267,29749.435336,2496,0,0.00,38.5375,1.0000
12611427.0,5858.254400,23892.781600,29751.036000,2497,0,0.00,38.5438,1.0000
12611735.0,5858.559940,23894.834933,29753.394874,2498,0,0.00,38.5609,1.0000
12611784.0,5858.608549,23895.161600,29753.770149,2499,0,0.00,38.5781,1.0000
12611794.0,5858.618469,23895.228267,29753.846736,2500,0,0.00,38.5953,1.0000
12611952.0,5858.775207,23896.281600,29755.056807,2501,0,0.00,38.6125,1.0000
12612025.0,5858.847624,23896.768267,29755.615891,2502,0,0.00,38.6297,1.0000
12612128.0,5858.949802,23897.454933,29756.404735,2503,0,0.00,38.6469,1.0000
12612131.0,5858.952778,23897.474933,29756.427711,2504,0,0.00,38.6641,1.0000
12612135.0,5858.956746,23897.501600,29756.458346,2505,0,0.00,38.6813,1.0000
12612137.0,5858.958730,23897.514933,29756.473663,2506,0,0.00,38.6984,1.0000
12612138.0,5858.959722,23897.521600,29756.481322,2507,0,0.00,38.7156,1.0000
12612349.0,5859.169037,23898.928267,29758.097304,2508,0,0.00,38.7219,1.0000
12612572.0,5859.390256,23900.414933,29759.805189,2509,0,0.00,38.7266,1.0000
12612689.0,5859.506322,23901.194933,29760.701255,2510,0,0.00,38.7391,1.0000
12612690.0,5859.507314,23901.201600,29760.708914,2511,0,0.00,38.7438,1.0000
12612954.0,5859.769205,23902.961600,29762.730805,2512,0,0.00,38.7609,1.0000
12613049.0,5859.863447,23903.594933,29763.458380,2513,0,0.00,38.7656,1.0000
12613157.0,5859.970584,23904.314933,29764.285518,2514,0,0.00,38.7703,1.0000
12613264.0,5860.076730,23905.028267,29765.104996,2515,0,0.00,38.7766,1.0000
12613372.0,5860.183867,23905.748267,29765.932134,2516,0,0.00,38.7938,1.0000
12613413.0,5860.224540,23906.021600,29766.246140,2517,0,0.00,38.8109,1.0000
12613455.0,5860.266204,23906.301600,29766.567804,2518,0,0.00,38.8281,1.0000
12613769.0,5860.577697,23908.394933,29768.972630,2519,0,0.00,38.8453,1.0000
12614910.0,5861.709585,23916.001600,29777.711185,2520,0,0.00,38.8516,1.0000
12615097.0,5861.895091,23917.248267,29779.143358,2521,0,0.00,38.8563,1.0000
12615274.0,5862.070678,23918.428267,29780.498944,2522,0,0.00,38.8750,1.0000
12615275.0,5862.071670,23918.434933,29780.506603,2523,0,0.00,38.8875,1.0000
12615296.0,5862.092502,23918.574933,29780.667435,2524,0,0.00,38.9047,1.0000
12615775.0,5862.567677,23921.768267,29784.335943,2525,0,0.00,38.9297,1.0000
12615809.0,5862.601405,23921.994933,29784.596338,2526,0,0.00,38.9344,1.0000
12615848.0,5862.640094,23922.254933,29784.895027,2527,0,0.00,38.9391,1.0000
12615905.0,5862.696638,23922.634933,29785.331572,2528,0,0.00,38.9438,1.0000
12616242.0,5863.030947,23924.881600,29787.912547,2529,0,0.00,38.9484,1.0000
12616288.0,5863.076580,23925.188267,29788.264846,2530,0,0.00,38.9547,1.0000
12616318.0,5863.106340,23925.388267,29788.494607,2531,0,0.00,38.9719,1.0000
12616480.0,5863.267046,23926.468267,29789.735313,2532,0,0.00,39.0188,1.0000
12616481.0,5863.268038,23926.474933,29789.742972,2533,0,0.00,39.0313,1.0000
12616865.0,5863.648972,23929.034933,29792.683905,2534,0,0.00,39.0359,1.0000
12616869.0,5863.652940,23929.061600,29792.714540,2535,0,0.00,39.0594,1.0000
12617433.0,5864.212436,23932.821600,29797.034036,2536,0,0.00,39.0781,1.0000
12617703.0,5864.480279,23934.621600,29799.101879,2537,0,0.00,39.0953,1.0000
12617911.0,5864.686618,23936.008267,29800.694885,2538,0,0.00,39.1141,1.0000
12617917.0,5864.692570,23936.048267,29800.740837,2539,0,0.00,39.1328,1.0000
12617925.0,5864.700506,23936.101600,29800.802106,2540,0,0.00,39.1516,1.0000
12617967.0,5864.742171,23936.381600,29801.123771,2541,0,0.00,39.1750,1.0000
12618018.0,5864.792764,23936.721600,29801.514364,2542,0,0.00,39.1984,1.0000
12618332.0,5865.104256,23938.814933,29803.919189,2543,0,0.00,39.2172,1.0000
12618452.0,5865.223298,23939.614933,29804.838231,2544,0,0.00,39.2406,1.0000
12618823.0,5865.591335,23942.088267,29807.679602,2545,0,0.00,39.2641,1.0000
12618901.0,5865.668712,23942.608267,29808.276979,2546,0,0.00,39.2688,1.0000
12618918.0,5865.685576,23942.721600,29808.407176,2547,0,0.00,39.2969,1.0000
12619115.0,5865.881003,23944.034933,29809.915936,2548,0,0.00,39.3203,1.0000
12619368.0,5866.131982,23945.721600,29811.853582,2549,0,0.00,39.3453,1.0000
12619578.0,5866.340305,23947.121600,29813.461905,2550,0,0.00,39.3641,1.0000
12619657.0,5866.418674,23947.648267,29814.066941,2551,0,0.00,39.3813,1.0000
12619677.0,5866.438515,23947.781600,29814.220115,2552,0,0.00,39.3938,1.0000
12619893.0,5866.652790,23949.221600,29815.874390,2553,0,0.00,39.4125,1.0000
12620209.0,5866.966266,23951.328267,29818.294533,2554,0,0.00,39.4297,1.0000
12620209.0,5866.966266,23951.328267,29818.294533,2555,0,0.00,39.4469,1.0000
12620323.0,5867.079356,23952.088267,29819.167622,2556,0,0.00,39.4656,1.0000
12620906.0,5867.657700,23955.974933,29823.632633,2557,0,0.00,39.4828,1.0000
12620974.0,5867.725157,23956.428267,29824.153423,2558,0,0.00,39.5109,1.0000
12621264.0,5868.012841,23958.361600,29826.374441,2559,0,0.00,39.5297,1.0000
12621266.0,5868.014825,23958.374933,29826.389758,2560,0,0.00,39.5484,1.0000
12621524.0,5868.270764,23960.094933,29828.365698,2561,0,0.00,39.5531,1.0000
12621753.0,5868.497936,23961.621600,29830.119536,2562,0,0.00,39.5547,1.0000
12621795.0,5868.539600,23961.901600,29830.441200,2563,0,0.00,39.5734,1.0000
12621946.0,5868.689394,23962.908267,29831.597661,2564,0,0.00,39.5906,1.0000
12622067.0,5868.809428,23963.714933,29832.524361,2565,0,0.00,39.6031,1.0000
12622153.0,5868.894741,23964.288267,29833.183008,2566,0,0.00,39.6203,1.0000
12622455.0,5869.194329,23966.301600,29835.495929,2567,0,0.00,39.6375,1.0000
12622647.0,5869.384796,23967.581600,29836.966396,2568,0,0.00,39.6547,1.0000
12622795.0,5869.531614,23968.568267,29838.099881,2569,0,0.00,39.6719,1.0000
12622806.0,5869.542526,23968.641600,29838.184126,2570,0,0.00,39.6969,1.0000
12622916.0,5869.651648,23969.374933,29839.026581,2571,0,0.00,39.7016,1.0000
12623240.0,5869.973060,23971.534933,29841.507994,2572,0,0.00,39.7063,1.0000
12623779.0,5870.507756,23975.128267,29845.636022,2573,0,0.00,39.7234,1.0000
12623967.0,5870.694254,23976.381600,29847.075854,2574,0,0.00,39.7484,1.0000
12624025.0,5870.751791,23976.768267,29847.520058,2575,0,0.00,39.7734,1.0000
12624073.0,5870.799408,23977.088267,29847.887674,2576,0,0.00,39.7781,1.0000
12624156.0,5870.881745,23977.641600,29848.523345,2577,0,0.00,39.7969,1.0000
12624821.0,5871.541434,23982.074933,29853.616368,2578,0,0.00,39.8141,1.0000
12624923.0,5871.642620,23982.754933,29854.397553,2579,0,0.00,39.8328,1.0000
12625094.0,5871.812254,23983.894933,29855.707187,2580,0,0.00,39.8500,1.0000
12625134.0,5871.851935,23984.161600,29856.013535,2581,0,0.00,39.8672,1.0000
12628809.0,5875.497586,24008.661600,29884.159186,2582,0,0.00,39.8844,1.0000
12629168.0,5875.853719,24011.054933,29886.908652,2583,0,0.00,39.9078,1.0000
12629174.0,5875.859671,24011.094933,29886.954604,2584,0,0.00,39.9313,1.0000
12629223.0,5875.908279,24011.421600,29887.329879,2585,0,0.00,39.9547,1.0000
12629540.0,5876.222748,24013.534933,29889.757681,2586,0,0.00,39.9781,1.0000
12629575.0,5876.257468,24013.768267,29890.025735,2587,0,0.00,39.9953,1.0000
12630111.0,5876.789188,24017.341600,29894.130788,2588,0,0.00,40.0125,1.0000
12630312.0,5876.988582,24018.681600,29895.670182,2589,0,0.00,40.0406,1.0000
12630435.0,5877.110600,24019.501600,29896.612200,2590,0,0.00,40.0641,1.0000
12630522.0,5877.196905,24020.081600,29897.278505,2591,0,0.00,40.0875,1.0000
12630639.0,5877.312971,24020.861600,29898.174571,2592,0,0.00,40.0922,1.0000
12630884.0,5877.556014,24022.494933,29900.050948,2593,0,0.00,40.0969,1.0000
12632184.0,5878.845632,24031.161600,29910.007232,2594,0,0.00,40.1156,1.0000
12639630.0,5886.232168,24080.801600,29967.033768,2595,0,0.00,40.1297,1.0000
12639852.0,5886.452395,24082.281600,29968.733995,2596,0,0.00,40.1469,1.0000
12639934.0,5886.533740,24082.828267,29969.362007,2597,0,0.00,40.1969,1.0000
12639934.0,5886.533740,24082.828267,29969.362007,2598,0,0.00,40.2469,1.0000
12639934.0,5886.533740,24082.828267,29969.362007,2599,0,0.00,40.2969,1.0000
12639953.0,5886.552588,24082.954933,29969.507522,2600,0,0.00,40.3219,1.0000
12640647.0,5887.241046,24087.581600,29974.822646,2601,0,0.00,40.3391,1.0000
12640926.0,5887.517818,24089.441600,29976.959418,2602,0,0.00,40.3563,1.0000
12641162.0,5887.751933,24091.014933,29978.766866,2603,0,0.00,40.3734,1.0000
12641233.0,5887.822366,24091.488267,29979.310633,2604,0,0.00,40.3781,1.0000
12641427.0,5888.014817,24092.781600,29980.796417,2605,0,0.00,40.3922,1.0000
12641678.0,5888.263812,24094.454933,29982.718746,2606,0,0.00,40.4063,1.0000
12641708.0,5888.293573,24094.654933,29982.948506,2607,0,0.00,40.4109,1.0000
12641717.0,5888.302501,24094.714933,29983.017434,2608,0,0.00,40.4578,1.0000
12641825.0,5888.409638,24095.434933,29983.844572,2609,0,0.00,40.4719,1.0000
12641825.0,5888.409638,24095.434933,29983.844572,2610,0,0.00,40.4859,1.0000
12641896.0,5888.480071,24095.908267,29984.388338,2611,0,0.00,40.5000,1.0000
12642583.0,5889.161585,24100.488267,29989.649852,2612,0,0.00,40.5125,1.0000
12642978.0,5889.553430,24103.121600,29992.675030,2613,0,0.00,40.5172,1.0000
12643193.0,5889.766713,24104.554933,29994.321647,2614,0,0.00,40.5313,1.0000
12675879.0,5922.191679,24322.461600,30244.653279,2615,0,0.00,40.5359,1.0000
12676683.0,5922.989259,24327.821600,30250.810859,2616,0,0.00,40.5406,1.0000
12676920.0,5923.224366,24329.401600,30252.625966,2617,0,0.00,40.5594,1.0000
12676928.0,5923.232302,24329.454933,30252.687235,2618,0,0.00,40.5781,1.0000
12677400.0,5923.700532,24332.601600,30256.302132,2619,0,0.00,40.5828,1.0000
12677434.0,5923.734261,24332.828267,30256.562528,2620,0,0.00,40.6000,1.0000
12677691.0,5923.989209,24334.541600,30258.530809,2621,0,0.00,40.6063,1.0000
12677884.0,5924.180667,24335.828267,30260.008934,2622,0,0.00,40.6234,1.0000
12677886.0,5924.182651,24335.841600,30260.024251,2623,0,0.00,40.6516,1.0000
12678401.0,5924.693538,24339.274933,30263.968472,2624,0,0.00,40.6563,1.0000
12678446.0,5924.738179,24339.574933,30264.313112,2625,0,0.00,40.6734,1.0000
12678603.0,5924.893925,24340.621600,30265.515525,2626,0,0.00,40.6922,1.0000
12678759.0,5925.048679,24341.661600,30266.710279,2627,0,0.00,40.7172,1.0000
12678841.0,5925.130024,24342.208267,30267.338291,2628,0,0.00,40.7359,1.0000
12690191.0,5936.389382,24417.874933,30354.264315,2629,0,0.00,40.7531,1.0000
12690231.0,5936.429063,24418.141600,30354.570663,2630,0,0.00,40.7781,1.0000
12690581.0,5936.776268,24420.474933,30357.251201,2631,0,0.00,40.7828,1.0000
12690864.0,5937.057007,24422.361600,30359.418607,2632,0,0.00,40.7875,1.0000
12690960.0,5937.152241,24423.001600,30360.153841,2633,0,0.00,40.8047,1.0000
12691397.0,5937.585751,24425.914933,30363.500684,2634,0,0.00,40.8328,1.0000
12691636.0,5937.822842,24427.508267,30365.331109,2635,0,0.00,40.8500,1.0000
12691741.0,5937.927004,24428.208267,30366.135270,2636,0,0.00,40.8563,1.0000
12692206.0,5938.388290,24431.308267,30369.696557,2637,0,0.00,40.8609,1.0000
12692300.0,5938.481539,24431.934933,30370.416473,2638,0,0.00,40.8656,1.0000
12692613.0,5938.792040,24434.021600,30372.813640,2639,0,0.00,40.8719,1.0000
12692705.0,5938.883305,24434.634933,30373.518238,2640,0,0.00,40.8891,1.0000
12692800.0,5938.977546,24435.268267,30374.245813,2641,0,0.00,40.8984,1.0000
12693008.0,5939.183885,24436.654933,30375.838819,2642,0,0.00,40.9266,1.0000
12693782.0,5939.951704,24441.814933,30381.766637,2643,0,0.00,40.9391,1.0000
12693978.0,5940.146139,24443.121600,30383.267739,2644,0,0.00,40.9563,1.0000
12694520.0,5940.683810,24446.734933,30387.418744,2645,0,0.00,40.9609,1.0000
12694521.0,5940.684802,24446.741600,30387.426402,2646,0,0.00,40.9656,1.0000
12694527.0,5940.690754,24446.781600,30387.472354,2647,0,0.00,40.9781,1.0000
12694805.0,5940.966534,24448.634933,30389.601468,2648,0,0.00,40.9969,1.0000
12694892.0,5941.052839,24449.214933,30390.267773,2649,0,0.00,41.0156,1.0000
12695124.0,5941.282987,24450.761600,30392.044587,2650,0,0.00,41.0328,1.0000
12695496.0,5941.652016,24453.241600,30394.893616,2651,0,0.00,41.0500,1.0000
12695902.0,5942.054773,24455.948267,30398.003040,2652,0,0.00,41.0688,1.0000
12696072.0,5942.223416,24457.081600,30399.305016,2653,0,0.00,41.0859,1.0000
12696455.0,5942.603357,24459.634933,30402.238290,2654,0,0.00,41.1047,1.0000
12696716.0,5942.862273,24461.374933,30404.237206,2655,0,0.00,41.1094,1.0000
12696859.0,5943.004131,24462.328267,30405.332397,2656,0,0.00,41.1281,1.0000
12696934.0,5943.078532,24462.828267,30405.906798,2657,0,0.00,41.1469,1.0000
12696992.0,5943.136069,24463.214933,30406.351002,2658,0,0.00,41.1641,1.0000
12696995.0,5943.139045,24463.234933,30406.373978,2659,0,0.00,41.1813,1.0000
12697224.0,5943.366216,24464.761600,30408.127816,2660,0,0.00,41.1859,1.0000
12697262.0,5943.403912,24465.014933,30408.418846,2661,0,0.00,41.2031,1.0000
12697388.0,5943.528906,24465.854933,30409.383839,2662,0,0.00,41.2078,1.0000
12697409.0,5943.549738,24465.994933,30409.544672,2663,0,0.00,41.2125,1.0000
12697409.0,5943.549738,24465.994933,30409.544672,2664,0,0.00,41.2172,1.0000
12697628.0,5943.766989,24467.454933,30411.221923,2665,0,0.00,41.2344,1.0000
12697699.0,5943.837422,24467.928267,30411.765689,2666,0,0.00,41.2625,1.0000
12698004.0,5944.139987,24469.961600,30414.101587,2667,0,0.00,41.2672,1.0000
12698115.0,5944.250100,24470.701600,30414.951700,2668,0,0.00,41.2844,1.0000
12698247.0,5944.381046,24471.581600,30415.962646,2669,0,0.00,41.3016,1.0000
12698502.0,5944.634010,24473.281600,30417.915610,2670,0,0.00,41.3063,1.0000
12698776.0,5944.905821,24475.108267,30420.014088,2671,0,0.00,41.3234,1.0000
12699423.0,5945.547654,24479.421600,30424.969254,2672,0,0.00,41.3406,1.0000
12699635.0,5945.757961,24480.834933,30426.592895,2673,0,0.00,41.3594,1.0000
12699697.0,5945.819466,24481.248267,30427.067733,2674,0,0.00,41.3781,1.0000
12699766.0,5945.887915,24481.708267,30427.596182,2675,0,0.00,41.3969,1.0000
12699989.0,5946.109134,24483.194933,30429.304068,2676,0,0.00,41.4141,1.0000
12700511.0,5946.626965,24486.674933,30433.301899,2677,0,0.00,41.4188,1.0000
12700534.0,5946.649782,24486.828267,30433.478048,2678,0,0.00,41.4375,1.0000
12700571.0,5946.686486,24487.074933,30433.761420,2679,0,0.00,41.4547,1.0000
12700799.0,5946.912665,24488.594933,30435.507599,2680,0,0.00,41.4719,1.0000
12700973.0,5947.085276,24489.754933,30436.840209,2681,0,0.00,41.4906,1.0000
12700980.0,5947.092220,24489.801600,30436.893820,2682,0,0.00,41.5188,1.0000
12701034.0,5947.145789,24490.161600,30437.307389,2683,0,0.00,41.5688,1.0000
12701035.0,5947.146781,24490.168267,30437.315047,2684,0,0.00,41.6188,1.0000
12701642.0,5947.748933,24494.214933,30441.963866,2685,0,0.00,41.6250,1.0000
12701775.0,5947.880871,24495.101600,30442.982471,2686,0,0.00,41.6375,1.0000
12701982.0,5948.086218,24496.481600,30444.567818,2687,0,0.00,41.6391,1.0000
12702195.0,5948.297517,24497.901600,30446.199117,2688,0,0.00,41.6406,1.0000
12702205.0,5948.307437,24497.968267,30446.275704,2689,0,0.00,41.6578,1.0000
12702258.0,5948.360014,24498.321600,30446.681614,2690,0,0.00,41.6750,1.0000
12702385.0,5948.485999,24499.168267,30447.654266,2691,0,0.00,41.7031,1.0000
12702488.0,5948.588177,24499.854933,30448.443110,2692,0,0.00,41.7219,1.0000
12702491.0,5948.591153,24499.874933,30448.466086,2693,0,0.00,41.7344,1.0000
12702537.0,5948.636786,24500.181600,30448.818386,2694,0,0.00,41.7844,1.0000
12702610.0,5948.709203,24500.668267,30449.377469,2695,0,0.00,41.8031,1.0000
12703486.0,5949.578207,24506.508267,30456.086473,2696,0,0.00,41.8078,1.0000
12703623.0,5949.714113,24507.421600,30457.135713,2697,0,0.00,41.8125,1.0000
12703679.0,5949.769665,24507.794933,30457.564599,2698,0,0.00,41.8297,1.0000
12703999.0,5950.087110,24509.928267,30460.015377,2699,0,0.00,41.8531,1.0000
12704008.0,5950.096038,24509.988267,30460.084305,2700,0,0.00,41.8719,1.0000
12704054.0,5950.141671,24510.294933,30460.436604,2701,0,0.00,41.8906,1.0000
12704434.0,5950.518636,24512.828267,30463.346903,2702,0,0.00,41.9188,1.0000
12704508.0,5950.592045,24513.321600,30463.913645,2703,0,0.00,41.9375,1.0000
12704589.0,5950.672398,24513.861600,30464.533998,2704,0,0.00,41.9563,1.0000
12704782.0,5950.863857,24515.148267,30466.012123,2705,0,0.00,41.9750,1.0000
12704913.0,5950.993811,24516.021600,30467.015411,2706,0,0.00,42.0250,1.0000
12706453.0,5952.521512,24526.288267,30478.809779,2707,0,0.00,42.0297,1.0000
12707286.0,5953.347860,24531.841600,30485.189460,2708,0,0.00,42.0797,1.0000
12707288.0,5953.349844,24531.854933,30485.204777,2709,0,0.00,42.1297,1.0000
12707288.0,5953.349844,24531.854933,30485.204777,2710,0,0.00,42.1797,1.0000
12707288.0,5953.349844,24531.854933,30485.204777,2711,0,0.00,42.2297,1.0000
12707320.0,5953.381588,24532.068267,30485.449855,2712,0,0.00,42.2344,1.0000
12707649.0,5953.707961,24534.261600,30487.969561,2713,0,0.00,42.2531,1.0000
12707651.0,5953.709945,24534.274933,30487.984878,2714,0,0.00,42.2719,1.0000
12707656.0,5953.714905,24534.308267,30488.023171,2715,0,0.00,42.2906,1.0000
12707797.0,5953.854779,24535.248267,30489.103045,2716,0,0.00,42.3078,1.0000
12711818.0,5957.843666,24562.054933,30519.898600,2717,0,0.00,42.3125,1.0000
12711905.0,5957.929972,24562.634933,30520.564905,2718,0,0.00,42.3313,1.0000
12712058.0,5958.081750,24563.654933,30521.736683,2719,0,0.00,42.3484,1.0000
12712414.0,5958.434907,24566.028267,30524.463173,2720,0,0.00,42.3531,1.0000
12712464.0,5958.484507,24566.361600,30524.846107,2721,0,0.00,42.3719,1.0000
12712654.0,5958.672990,24567.628267,30526.301257,2722,0,0.00,42.3906,1.0000
12712654.0,5958.672990,24567.628267,30526.301257,2723,0,0.00,42.4078,1.0000
12712679.0,5958.697790,24567.794933,30526.492724,2724,0,0.00,42.4125,1.0000
12712750.0,5958.768223,24568.268267,30527.036490,2725,0,0.00,42.4406,1.0000
12713034.0,5959.049955,24570.161600,30529.211555,2726,0,0.00,42.4578,1.0000
12713342.0,5959.355496,24572.214933,30531.570429,2727,0,0.00,42.4641,1.0000
12713342.0,5959.355496,24572.214933,30531.570429,2728,0,0.00,42.4703,1.0000
12713682.0,5959.692780,24574.481600,30534.174380,2729,0,0.00,42.4797,1.0000
12713985.0,5959.993361,24576.501600,30536.494961,2730,0,0.00,42.4922,1.0000
12714018.0,5960.026097,24576.721600,30536.747697,2731,0,0.00,42.5094,1.0000
12714775.0,5960.777052,24581.768267,30542.545318,2732,0,0.00,42.5141,1.0000
12715637.0,5961.632168,24587.514933,30549.147101,2733,0,0.00,42.5313,1.0000
12715759.0,5961.753193,24588.328267,30550.081460,2734,0,0.00,42.5484,1.0000
12715831.0,5961.824618,24588.808267,30550.632885,2735,0,0.00,42.5531,1.0000
12715831.0,5961.824618,24588.808267,30550.632885,2736,0,0.00,42.5703,1.0000
12715832.0,5961.825610,24588.814933,30550.640544,2737,0,0.00,42.5875,1.0000
12715890.0,5961.883147,24589.201600,30551.084747,2738,0,0.00,42.5922,1.0000
12715899.0,5961.892075,24589.261600,30551.153675,2739,0,0.00,42.5969,1.0000
12716496.0,5962.484307,24593.241600,30555.725907,2740,0,0.00,42.6156,1.0000
12717032.0,5963.016027,24596.814933,30559.830960,2741,0,0.00,42.6203,1.0000
12717322.0,5963.303711,24598.748267,30562.051978,2742,0,0.00,42.6375,1.0000
12717323.0,5963.304703,24598.754933,30562.059636,2743,0,0.00,42.6547,1.0000
12717374.0,5963.355296,24599.094933,30562.450229,2744,0,0.00,42.6594,1.0000
12717453.0,5963.433665,24599.621600,30563.055265,2745,0,0.00,42.6766,1.0000
12717776.0,5963.754085,24601.774933,30565.529019,2746,0,0.00,42.6813,1.0000
12718008.0,5963.984232,24603.321600,30567.305832,2747,0,0.00,42.6859,1.0000
12718108.0,5964.083434,24603.988267,30568.071701,2748,0,0.00,42.7000,1.0000
12718232.0,5964.206444,24604.814933,30569.021377,2749,0,0.00,42.7188,1.0000
12719070.0,5965.037751,24610.401600,30575.439351,2750,0,0.00,42.7234,1.0000
12719324.0,5965.289723,24612.094933,30577.384656,2751,0,0.00,42.7406,1.0000
12719380.0,5965.345276,24612.468267,30577.813542,2752,0,0.00,42.7469,1.0000
12719475.0,5965.439517,24613.101600,30578.541117,2753,0,0.00,42.7641,1.0000
12719519.0,5965.483165,24613.394933,30578.878099,2754,0,0.00,42.7688,1.0000
12719679.0,5965.641888,24614.461600,30580.103488,2755,0,0.00,42.7969,1.0000
12720223.0,5966.181543,24618.088267,30584.269810,2756,0,0.00,42.8016,1.0000
12720445.0,5966.401770,24619.568267,30585.970037,2757,0,0.00,42.8063,1.0000
12720635.0,5966.590253,24620.834933,30587.425186,2758,0,0.00,42.8250,1.0000
12720779.0,5966.733103,24621.794933,30588.528036,2759,0,0.00,42.8422,1.0000
12720780.0,5966.734095,24621.801600,30588.535695,2760,0,0.00,42.8594,1.0000
12720783.0,5966.737071,24621.821600,30588.558671,2761,0,0.00,42.8766,1.0000
12720822.0,5966.775760,24622.081600,30588.857360,2762,0,0.00,42.8938,1.0000
12720865.0,5966.818416,24622.368267,30589.186683,2763,0,0.00,42.9109,1.0000
12722522.0,5968.462183,24633.414933,30601.877116,2764,0,0.00,42.9234,1.0000
12722727.0,5968.665546,24634.781600,30603.447146,2765,0,0.00,42.9406,1.0000
12722917.0,5968.854029,24636.048267,30604.902295,2766,0,0.00,42.9453,1.0000
12723416.0,5969.349044,24639.374933,30608.723977,2767,0,0.00,42.9734,1.0000
12723521.0,5969.453205,24640.074933,30609.528138,2768,0,0.00,42.9797,1.0000
12724753.0,5970.675366,24648.288267,30618.963633,2769,0,0.00,42.9969,1.0000
12724760.0,5970.682310,24648.334933,30619.017244,2770,0,0.00,43.0141,1.0000
12724827.0,5970.748775,24648.781600,30619.530375,2771,0,0.00,43.0313,1.0000
12724844.0,5970.765639,24648.894933,30619.660573,2772,0,0.00,43.0484,1.0000
12724869.0,5970.790440,24649.061600,30619.852040,2773,0,0.00,43.0656,1.0000
12724908.0,5970.829128,24649.321600,30620.150728,2774,0,0.00,43.0828,1.0000
12724913.0,5970.834088,24649.354933,30620.189022,2775,0,0.00,43.1000,1.0000
12724952.0,5970.872777,24649.614933,30620.487710,2776,0,0.00,43.1172,1.0000
12724988.0,5970.908489,24649.854933,30620.763423,2777,0,0.00,43.1219,1.0000
12725852.0,5971.765589,24655.614933,30627.380523,2778,0,0.00,43.1234,1.0000
12725915.0,5971.828086,24656.034933,30627.863020,2779,0,0.00,43.1359,1.0000
12726300.0,5972.210012,24658.601600,30630.811612,2780,0,0.00,43.1484,1.0000
12726410.0,5972.319133,24659.334933,30631.654066,2781,0,0.00,43.1766,1.0000
12727467.0,5973.367692,24666.381600,30639.749292,2782,0,0.00,43.1938,1.0000
12727637.0,5973.536334,24667.514933,30641.051268,2783,0,0.00,43.2109,1.0000
12727643.0,5973.542286,24667.554933,30641.097220,2784,0,0.00,43.2156,1.0000
12727716.0,5973.614703,24668.041600,30641.656303,2785,0,0.00,43.2203,1.0000
12727744.0,5973.642480,24668.228267,30641.870746,2786,0,0.00,43.2375,1.0000
12727818.0,5973.715889,24668.721600,30642.437489,2787,0,0.00,43.2547,1.0000
12727848.0,5973.745649,24668.921600,30642.667249,2788,0,0.00,43.2672,1.0000
12727848.0,5973.745649,24668.921600,30642.667249,2789,0,0.00,43.2797,1.0000
12727852.0,5973.749617,24668.948267,30642.697884,2790,0,0.00,43.2922,1.0000
12727861.0,5973.758545,24669.008267,30642.766812,2791,0,0.00,43.3094,1.0000
12728219.0,5974.113686,24671.394933,30645.508620,2792,0,0.00,43.3141,1.0000
12728547.0,5974.439067,24673.581600,30648.020667,2793,0,0.00,43.3188,1.0000
12728796.0,5974.686078,24675.241600,30649.927678,2794,0,0.00,43.3375,1.0000
12728810.0,5974.699966,24675.334933,30650.034900,2795,0,0.00,43.3422,1.0000
12728811.0,5974.700959,24675.341600,30650.042559,2796,0,0.00,43.3469,1.0000
12728887.0,5974.776352,24675.848267,30650.624618,2797,0,0.00,43.3641,1.0000
12729473.0,5975.357672,24679.754933,30655.112605,2798,0,0.00,43.3688,1.0000
12729554.0,5975.438025,24680.294933,30655.732958,2799,0,0.00,43.3859,1.0000
12758421.0,6004.074490,24872.741600,30876.816090,2800,0,0.00,43.4797,1.0000
12759287.0,6004.933574,24878.514933,30883.448507,2801,0,0.00,43.4969,1.0000
12759334.0,6004.980198,24878.828267,30883.808465,2802,0,0.00,43.5141,1.0000
12759344.0,6004.990119,24878.894933,30883.885052,2803,0,0.00,43.5266,1.0000
12759426.0,6005.071464,24879.441600,30884.513064,2804,0,0.00,43.5438,1.0000
12759616.0,6005.259946,24880.708267,30885.968213,2805,0,0.00,43.5484,1.0000
12759669.0,6005.312523,24881.061600,30886.374123,2806,0,0.00,43.5672,1.0000
12759742.0,6005.384940,24881.548267,30886.933207,2807,0,0.00,43.5719,1.0000
12760137.0,6005.776786,24884.181600,30889.958386,2808,0,0.00,43.5766,1.0000
12760187.0,6005.826386,24884.514933,30890.341320,2809,0,0.00,43.5813,1.0000
12760208.0,6005.847219,24884.654933,30890.502152,2810,0,0.00,43.5859,1.0000
12760254.0,6005.892851,24884.961600,30890.854451,2811,0,0.00,43.6359,1.0000
12760373.0,6006.010901,24885.754933,30891.765834,2812,0,0.00,43.6406,1.0000
12760407.0,6006.044629,24885.981600,30892.026229,2813,0,0.00,43.6578,1.0000
12760482.0,6006.119030,24886.481600,30892.600630,2814,0,0.00,43.6750,1.0000
12760627.0,6006.262872,24887.448267,30893.711139,2815,0,0.00,43.6922,1.0000
12761181.0,6006.812448,24891.141600,30897.954048,2816,0,0.00,43.6969,1.0000
12761193.0,6006.824352,24891.221600,30898.045952,2817,0,0.00,43.7141,1.0000
12761196.0,6006.827328,24891.241600,30898.068928,2818,0,0.00,43.7266,1.0000
12761231.0,6006.862049,24891.474933,30898.336982,2819,0,0.00,43.7438,1.0000
12762035.0,6007.659628,24896.834933,30904.494561,2820,0,0.00,43.7484,1.0000
12762468.0,6008.089170,24899.721600,30907.810770,2821,0,0.00,43.7547,1.0000
12763127.0,6008.742907,24904.114933,30912.857840,2822,0,0.00,43.7594,1.0000
12763127.0,6008.742907,24904.114933,30912.857840,2823,0,0.00,43.7641,1.0000
12763128.0,6008.743899,24904.121600,30912.865499,2824,0,0.00,43.7688,1.0000
12763536.0,6009.148641,24906.841600,30915.990241,2825,0,0.00,43.7859,1.0000
12763538.0,6009.150625,24906.854933,30916.005558,2826,0,0.00,43.7984,1.0000
12763734.0,6009.345060,24908.161600,30917.506660,2827,0,0.00,43.8234,1.0000
12763803.0,6009.413509,24908.621600,30918.035109,2828,0,0.00,43.8609,1.0000
12763815.0,6009.425413,24908.701600,30918.127013,2829,0,0.00,43.8656,1.0000
12763897.0,6009.506758,24909.248267,30918.755024,2830,0,0.00,43.8828,1.0000
12764618.0,6010.222000,24914.054933,30924.276933,2831,0,0.00,43.9000,1.0000
12764760.0,6010.362866,24915.001600,30925.364466,2832,0,0.00,43.9125,1.0000
12764980.0,6010.581109,24916.468267,30927.049376,2833,0,0.00,43.9188,1.0000
12765409.0,6011.006683,24919.328267,30930.334949,2834,0,0.00,43.9375,1.0000
12765714.0,6011.309247,24921.361600,30932.670847,2835,0,0.00,43.9391,1.0000
12765722.0,6011.317183,24921.414933,30932.732116,2836,0,0.00,43.9891,1.0000
12765748.0,6011.342976,24921.588267,30932.931242,2837,0,0.00,43.9938,1.0000
12765960.0,6011.553282,24923.001600,30934.554882,2838,0,0.00,43.9984,1.0000
12766167.0,6011.758629,24924.381600,30936.140229,2839,0,0.00,44.0156,1.0000
12766168.0,6011.759621,24924.388267,30936.147888,2840,0,0.00,44.0328,1.0000
12766375.0,6011.964968,24925.768267,30937.733235,2841,0,0.00,44.0500,1.0000
12766382.0,6011.971912,24925.814933,30937.786846,2842,0,0.00,44.0672,1.0000
12766386.0,6011.975880,24925.841600,30937.817480,2843,0,0.00,44.0844,1.0000
12766495.0,6012.084010,24926.568267,30938.652277,2844,0,0.00,44.0891,1.0000
12767041.0,6012.625649,24930.208267,30942.833916,2845,0,0.00,44.1063,1.0000
12767308.0,6012.890517,24931.988267,30944.878784,2846,0,0.00,44.1313,1.0000
12767571.0,6013.151417,24933.741600,30946.893017,2847,0,0.00,44.1688,1.0000
12767665.0,6013.244666,24934.368267,30947.612933,2848,0,0.00,44.1969,1.0000
12767730.0,6013.309147,24934.801600,30948.110747,2849,0,0.00,44.2141,1.0000
12767779.0,6013.357756,24935.128267,30948.486022,2850,0,0.00,44.2188,1.0000
12767914.0,6013.491678,24936.028267,30949.519944,2851,0,0.00,44.2359,1.0000
12767918.0,6013.495646,24936.054933,30949.550579,2852,0,0.00,44.2531,1.0000
12767922.0,6013.499614,24936.081600,30949.581214,2853,0,0.00,44.2703,1.0000
12767965.0,6013.542270,24936.368267,30949.910537,2854,0,0.00,44.2875,1.0000
12768034.0,6013.610719,24936.828267,30950.438986,2855,0,0.00,44.2938,1.0000
12768679.0,6014.250568,24941.128267,30955.378835,2856,0,0.00,44.3109,1.0000
12768979.0,6014.548172,24943.128267,30957.676439,2857,0,0.00,44.3156,1.0000
12769053.0,6014.621581,24943.621600,30958.243181,2858,0,0.00,44.3344,1.0000
12769332.0,6014.898353,24945.481600,30960.379953,2859,0,0.00,44.3391,1.0000
12769377.0,6014.942994,24945.781600,30960.724594,2860,0,0.00,44.3563,1.0000
12769693.0,6015.256470,24947.888267,30963.144737,2861,0,0.00,44.3734,1.0000
12769779.0,6015.341784,24948.461600,30963.803384,2862,0,0.00,44.3781,1.0000
12770018.0,6015.578875,24950.054933,30965.633808,2863,0,0.00,44.3969,1.0000
12770216.0,6015.775294,24951.374933,30967.150227,2864,0,0.00,44.4250,1.0000
12770272.0,6015.830846,24951.748267,30967.579113,2865,0,0.00,44.4313,1.0000
12770555.0,6016.111586,24953.634933,30969.746520,2866,0,0.00,44.4500,1.0000
12770958.0,6016.511368,24956.321600,30972.832968,2867,0,0.00,44.4563,1.0000
12771007.0,6016.559977,24956.648267,30973.208243,2868,0,0.00,44.4734,1.0000
12771766.0,6017.312915,24961.708267,30979.021182,2869,0,0.00,44.4781,1.0000
12771767.0,6017.313907,24961.714933,30979.028840,2870,0,0.00,44.4906,1.0000
12771919.0,6017.464693,24962.728267,30980.192960,2871,0,0.00,44.5188,1.0000
12772422.0,6017.963676,24966.081600,30984.045276,2872,0,0.00,44.5438,1.0000
12772608.0,6018.148191,24967.321600,30985.469791,2873,0,0.00,44.5609,1.0000
12772610.0,6018.150175,24967.334933,30985.485108,2874,0,0.00,44.5656,1.0000
12772873.0,6018.411074,24969.088267,30987.499341,2875,0,0.00,44.5828,1.0000
12773104.0,6018.640230,24970.628267,30989.268496,2876,0,0.00,44.5875,1.0000
12773293.0,6018.827720,24971.888267,30990.715987,2877,0,0.00,44.6016,1.0000
12773350.0,6018.884265,24972.268267,30991.152532,2878,0,0.00,44.6063,1.0000
12773483.0,6019.016203,24973.154933,30992.171136,2879,0,0.00,44.6109,1.0000
12773623.0,6019.155085,24974.088267,30993.243352,2880,0,0.00,44.6281,1.0000
12773786.0,6019.316783,24975.174933,30994.491716,2881,0,0.00,44.6453,1.0000
12773787.0,6019.317775,24975.181600,30994.499375,2882,0,0.00,44.6625,1.0000
12773792.0,6019.322735,24975.214933,30994.537669,2883,0,0.00,44.6797,1.0000
12773801.0,6019.331663,24975.274933,30994.606597,2884,0,0.00,44.6969,1.0000
12773840.0,6019.370352,24975.534933,30994.905285,2885,0,0.00,44.7141,1.0000
12773929.0,6019.458641,24976.128267,30995.586908,2886,0,0.00,44.7313,1.0000
12774081.0,6019.609427,24977.141600,30996.751027,2887,0,0.00,44.7484,1.0000
12774083.0,6019.611411,24977.154933,30996.766345,2888,0,0.00,44.7656,1.0000
12774112.0,6019.640180,24977.348267,30996.988446,2889,0,0.00,44.7828,1.0000
12774275.0,6019.801878,24978.434933,30998.236811,2890,0,0.00,44.7953,1.0000
12774816.0,6020.338557,24982.041600,31002.380157,2891,0,0.00,44.8203,1.0000
12775123.0,6020.643106,24984.088267,31004.731372,2892,0,0.00,44.8453,1.0000
12775740.0,6021.255178,24988.201600,31009.456778,2893,0,0.00,44.8500,1.0000
12776091.0,6021.603375,24990.541600,31012.144975,2894,0,0.00,44.8547,1.0000
12776250.0,6021.761105,24991.601600,31013.362705,2895,0,0.00,44.8688,1.0000
12776669.0,6022.176759,24994.394933,31016.571693,2896,0,0.00,44.8859,1.0000
12776671.0,6022.178743,24994.408267,31016.587010,2897,0,0.00,44.9141,1.0000
12776690.0,6022.197591,24994.534933,31016.732525,2898,0,0.00,44.9188,1.0000
12776823.0,6022.329529,24995.421600,31017.751129,2899,0,0.00,44.9359,1.0000
12776835.0,6022.341434,24995.501600,31017.843034,2900,0,0.00,44.9406,1.0000
12777190.0,6022.693598,24997.868267,31020.561865,2901,0,0.00,44.9453,1.0000
12777510.0,6023.011043,25000.001600,31023.012643,2902,0,0.00,44.9625,1.0000
12777558.0,6023.058660,25000.321600,31023.380260,2903,0,0.00,44.9672,1.0000
12777769.0,6023.267974,25001.728267,31024.996241,2904,0,0.00,44.9844,1.0000
12777777.0,6023.275911,25001.781600,31025.057511,2905,0,0.00,44.9891,1.0000
12777824.0,6023.322535,25002.094933,31025.417469,2906,0,0.00,45.0063,1.0000
12778137.0,6023.633036,25004.181600,31027.814636,2907,0,0.00,45.0109,1.0000
12778303.0,6023.797710,25005.288267,31029.085977,2908,0,0.00,45.0156,1.0000
12778362.0,6023.856239,25005.681600,31029.537839,2909,0,0.00,45.0203,1.0000
12778412.0,6023.905839,25006.014933,31029.920773,2910,0,0.00,45.0375,1.0000
12778466.0,6023.959408,25006.374933,31030.334341,2911,0,0.00,45.0422,1.0000
12778720.0,6024.211380,25008.068267,31032.279646,2912,0,0.00,45.0469,1.0000
12779479.0,6024.964318,25013.128267,31038.092585,2913,0,0.00,45.0656,1.0000
12779544.0,6025.028799,25013.561600,31038.590399,2914,0,0.00,45.0906,1.0000
12779593.0,6025.077408,25013.888267,31038.965674,2915,0,0.00,45.1078,1.0000
12779606.0,6025.090304,25013.974933,31039.065237,2916,0,0.00,45.1125,1.0000
12779768.0,6025.251010,25015.054933,31040.305944,2917,0,0.00,45.1297,1.0000
12780526.0,6026.002957,25020.108267,31046.111223,2918,0,0.00,45.1344,1.0000
12780597.0,6026.073390,25020.581600,31046.654990,2919,0,0.00,45.1516,1.0000
12780706.0,6026.181519,25021.308267,31047.489786,2920,0,0.00,45.1563,1.0000
12780965.0,6026.438451,25023.034933,31049.473384,2921,0,0.00,45.1734,1.0000
12781038.0,6026.510868,25023.521600,31050.032468,2922,0,0.00,45.1781,1.0000
12781242.0,6026.713239,25024.881600,31051.594839,2923,0,0.00,45.1906,1.0000
12781461.0,6026.930490,25026.341600,31053.272090,2924,0,0.00,45.1953,1.0000
12781794.0,6027.260830,25028.561600,31055.822430,2925,0,0.00,45.2078,1.0000
12781826.0,6027.292575,25028.774933,31056.067508,2926,0,0.00,45.2125,1.0000
12781958.0,6027.423521,25029.654933,31057.078454,2927,0,0.00,45.2297,1.0000
12782008.0,6027.473121,25029.988267,31057.461388,2928,0,0.00,45.2344,1.0000
12782550.0,6028.010793,25033.601600,31061.612393,2929,0,0.00,45.2625,1.0000
12782868.0,6028.326253,25035.721600,31064.047853,2930,0,0.00,45.2797,1.0000
12782927.0,6028.384782,25036.114933,31064.499715,2931,0,0.00,45.2969,1.0000
12783406.0,6028.859957,25039.308267,31068.168223,2932,0,0.00,45.3141,1.0000
12783712.0,6029.163513,25041.348267,31070.511780,2933,0,0.00,45.3188,1.0000
12783808.0,6029.258746,25041.988267,31071.247013,2934,0,0.00,45.3359,1.0000
12784066.0,6029.514686,25043.708267,31073.222953,2935,0,0.00,45.3406,1.0000
12784361.0,6029.807330,25045.674933,31075.482263,2936,0,0.00,45.3469,1.0000
12784501.0,6029.946212,25046.608267,31076.554479,2937,0,0.00,45.3516,1.0000
12784713.0,6030.156519,25048.021600,31078.178119,2938,0,0.00,45.3688,1.0000
12784783.0,6030.225960,25048.488267,31078.714227,2939,0,0.00,45.3734,1.0000
12784847.0,6030.289449,25048.914933,31079.204382,2940,0,0.00,45.3781,1.0000
12785187.0,6030.626734,25051.181600,31081.808334,2941,0,0.00,45.3953,1.0000
12785192.0,6030.631694,25051.214933,31081.846627,2942,0,0.00,45.4125,1.0000
12785276.0,6030.715023,25051.774933,31082.489956,2943,0,0.00,45.4297,1.0000
12785374.0,6030.812240,25052.428267,31083.240507,2944,0,0.00,45.4359,1.0000
12785377.0,6030.815216,25052.448267,31083.263483,2945,0,0.00,45.4531,1.0000
12785425.0,6030.862833,25052.768267,31083.631099,2946,0,0.00,45.4813,1.0000
12785576.0,6031.012627,25053.774933,31084.787560,2947,0,0.00,45.4859,1.0000
12785635.0,6031.071156,25054.168267,31085.239422,2948,0,0.00,45.4984,1.0000
12785902.0,6031.336023,25055.948267,31087.284290,2949,0,0.00,45.5031,1.0000
12785913.0,6031.346936,25056.021600,31087.368536,2950,0,0.00,45.5078,1.0000
12785918.0,6031.351896,25056.054933,31087.406829,2951,0,0.00,45.5250,1.0000
12785926.0,6031.359832,25056.108267,31087.468098,2952,0,0.00,45.5297,1.0000
12785960.0,6031.393560,25056.334933,31087.728494,2953,0,0.00,45.5344,1.0000
12785961.0,6031.394552,25056.341600,31087.736152,2954,0,0.00,45.5469,1.0000
12786353.0,6031.783422,25058.954933,31090.738355,2955,0,0.00,45.5750,1.0000
12786844.0,6032.270501,25062.228267,31094.498767,2956,0,0.00,45.5875,1.0000
12786902.0,6032.328037,25062.614933,31094.942971,2957,0,0.00,45.5922,1.0000
12786955.0,6032.380614,25062.968267,31095.348881,2958,0,0.00,45.6094,1.0000
12787507.0,6032.928206,25066.648267,31099.576472,2959,0,0.00,45.6234,1.0000
12787667.0,6033.086928,25067.714933,31100.801861,2960,0,0.00,45.6375,1.0000
12787813.0,6033.231762,25068.688267,31101.920029,2961,0,0.00,45.6422,1.0000
12787897.0,6033.315091,25069.248267,31102.563358,2962,0,0.00,45.6469,1.0000
12788031.0,6033.448021,25070.141600,31103.589621,2963,0,0.00,45.6531,1.0000
12788080.0,6033.496630,25070.468267,31103.964896,2964,0,0.00,45.6703,1.0000
12788080.0,6033.496630,25070.468267,31103.964896,2965,0,0.00,45.6844,1.0000
12788157.0,6033.573015,25070.981600,31104.554615,2966,0,0.00,45.6891,1.0000
12788548.0,6033.960892,25073.588267,31107.549159,2967,0,0.00,45.6953,1.0000
12788577.0,6033.989661,25073.781600,31107.771261,2968,0,0.00,45.7000,1.0000
12788598.0,6034.010493,25073.921600,31107.932093,2969,0,0.00,45.7172,1.0000
12788687.0,6034.098782,25074.514933,31108.613715,2970,0,0.00,45.7344,1.0000
12788697.0,6034.108702,25074.581600,31108.690302,2971,0,0.00,45.7516,1.0000
12788759.0,6034.170207,25074.994933,31109.165140,2972,0,0.00,45.7563,1.0000
12789137.0,6034.545188,25077.514933,31112.060122,2973,0,0.00,45.7844,1.0000
12789177.0,6034.584869,25077.781600,31112.366469,2974,0,0.00,45.8016,1.0000
12789272.0,6034.679110,25078.414933,31113.094044,2975,0,0.00,45.8063,1.0000
12789473.0,6034.878505,25079.754933,31114.633438,2976,0,0.00,45.8203,1.0000
12789516.0,6034.921162,25080.041600,31114.962762,2977,0,0.00,45.8344,1.0000
12789561.0,6034.965802,25080.341600,31115.307402,2978,0,0.00,45.8516,1.0000
12789684.0,6035.087820,25081.161600,31116.249420,2979,0,0.00,45.8656,1.0000
12790216.0,6035.615571,25084.708267,31120.323838,2980,0,0.00,45.8703,1.0000
12790302.0,6035.700885,25085.281600,31120.982485,2981,0,0.00,45.8828,1.0000
12790364.0,6035.762389,25085.694933,31121.457323,2982,0,0.00,45.8875,1.0000
12790778.0,6036.173083,25088.454933,31124.628016,2983,0,0.00,45.8922,1.0000
12790861.0,6036.255420,25089.008267,31125.263687,2984,0,0.00,45.8969,1.0000
12790868.0,6036.262364,25089.054933,31125.317298,2985,0,0.00,45.9016,1.0000
12790943.0,6036.336765,25089.554933,31125.891699,2986,0,0.00,45.9297,1.0000
12791053.0,6036.445887,25090.288267,31126.734154,2987,0,0.00,45.9344,1.0000
12791442.0,6036.831780,25092.881600,31129.713380,2988,0,0.00,45.9484,1.0000
12791468.0,6036.857573,25093.054933,31129.912506,2989,0,0.00,45.9531,1.0000
12791932.0,6037.317867,25096.148267,31133.466134,2990,0,0.00,45.9578,1.0000
12791937.0,6037.322827,25096.181600,31133.504427,2991,0,0.00,45.9719,1.0000
12791939.0,6037.324811,25096.194933,31133.519745,2992,0,0.00,45.9938,1.0000
12792815.0,6038.193815,25102.034933,31140.228749,2993,0,0.00,46.0109,1.0000
12792844.0,6038.222584,25102.228267,31140.450851,2994,0,0.00,46.0156,1.0000
12792900.0,6038.278137,25102.601600,31140.879737,2995,0,0.00,46.0328,1.0000
12792904.0,6038.282105,25102.628267,31140.910371,2996,0,0.00,46.0500,1.0000
12792976.0,6038.353530,25103.108267,31141.461796,2997,0,0.00,46.0672,1.0000
12793183.0,6038.558877,25104.488267,31143.047143,2998,0,0.00,46.0719,1.0000
12793415.0,6038.789024,25106.034933,31144.823957,2999,0,0.00,46.0766,1.0000
12793533.0,6038.906081,25106.821600,31145.727681,3000,0,0.00,46.0938,1.0000
12793704.0,6039.075716,25107.961600,31147.037316,3001,0,0.00,46.0984,1.0000
12793744.0,6039.115396,25108.228267,31147.343663,3002,0,0.00,46.1031,1.0000
12793976.0,6039.345544,25109.774933,31149.120477,3003,0,0.00,46.1078,1.0000
12793983.0,6039.352488,25109.821600,31149.174088,3004,0,0.00,46.1125,1.0000
12794058.0,6039.426889,25110.321600,31149.748489,3005,0,0.00,46.1297,1.0000
12798185.0,6043.520930,25137.834933,31181.355863,3006,0,0.00,46.1313,1.0000
12798397.0,6043.731237,25139.248267,31182.979504,3007,0,0.00,46.1484,1.0000
12798459.0,6043.792742,25139.661600,31183.454342,3008,0,0.00,46.1531,1.0000
12798481.0,6043.814566,25139.808267,31183.622833,3009,0,0.00,46.1703,1.0000
12798640.0,6043.972296,25140.868267,31184.840563,3010,0,0.00,46.1719,1.0000
12798887.0,6044.217324,25142.514933,31186.732257,3011,0,0.00,46.1891,1.0000
12799060.0,6044.388942,25143.668267,31188.057209,3012,0,0.00,46.2063,1.0000
12799101.0,6044.429615,25143.941600,31188.371215,3013,0,0.00,46.2109,1.0000
12799187.0,6044.514928,25144.514933,31189.029861,3014,0,0.00,46.2156,1.0000
12799372.0,6044.698451,25145.748267,31190.446717,3015,0,0.00,46.2203,1.0000
12799404.0,6044.730195,25145.961600,31190.691795,3016,0,0.00,46.2250,1.0000
12799447.0,6044.772852,25146.248267,31191.021118,3017,0,0.00,46.2422,1.0000
12799684.0,6045.007959,25147.828267,31192.836226,3018,0,0.00,46.2469,1.0000
12799684.0,6045.007959,25147.828267,31192.836226,3019,0,0.00,46.2641,1.0000
12799730.0,6045.053591,25148.134933,31193.188525,3020,0,0.00,46.2688,1.0000
12799737.0,6045.060536,25148.181600,31193.242136,3021,0,0.00,46.2734,1.0000
12799943.0,6045.264890,25149.554933,31194.819824,3022,0,0.00,46.2781,1.0000
12799970.0,6045.291675,25149.734933,31195.026608,3023,0,0.00,46.2828,1.0000
12800410.0,6045.728161,25152.668267,31198.396428,3024,0,0.00,46.2875,1.0000
12800682.0,6045.997989,25154.481600,31200.479589,3025,0,0.00,46.2922,1.0000
12801448.0,6046.757871,25159.588267,31206.346138,3026,0,0.00,46.3094,1.0000
12801624.0,6046.932466,25160.761600,31207.694066,3027,0,0.00,46.3469,1.0000
12801676.0,6046.984051,25161.108267,31208.092317,3028,0,0.00,46.3641,1.0000
12801732.0,6047.039603,25161.481600,31208.521203,3029,0,0.00,46.3813,1.0000
12801795.0,6047.102100,25161.901600,31209.003700,3030,0,0.00,46.3859,1.0000
12801886.0,6047.192373,25162.508267,31209.700640,3031,0,0.00,46.3906,1.0000
12802116.0,6047.420537,25164.041600,31211.462137,3032,0,0.00,46.4078,1.0000
12802171.0,6047.475097,25164.408267,31211.883364,3033,0,0.00,46.4250,1.0000
12802242.0,6047.545530,25164.881600,31212.427130,3034,0,0.00,46.4500,1.0000
12802410.0,6047.712189,25166.001600,31213.713789,3035,0,0.00,46.4547,1.0000
12802809.0,6048.108002,25168.661600,31216.769602,3036,0,0.00,46.4719,1.0000
12802810.0,6048.108994,25168.668267,31216.777261,3037,0,0.00,46.4891,1.0000
12803119.0,6048.415527,25170.728267,31219.143793,3038,0,0.00,46.4938,1.0000
12803142.0,6048.438343,25170.881600,31219.319943,3039,0,0.00,46.4984,1.0000
12803440.0,6048.733963,25172.868267,31221.602230,3040,0,0.00,46.5031,1.0000
12803451.0,6048.744875,25172.941600,31221.686475,3041,0,0.00,46.5078,1.0000
12803612.0,6048.904589,25174.014933,31222.919523,3042,0,0.00,46.5125,1.0000
12804016.0,6049.305363,25176.708267,31226.013630,3043,0,0.00,46.5297,1.0000
12804056.0,6049.345044,25176.974933,31226.319977,3044,0,0.00,46.5469,1.0000
12804109.0,6049.397620,25177.328267,31226.725887,3045,0,0.00,46.5516,1.0000
12804134.0,6049.422421,25177.494933,31226.917354,3046,0,0.00,46.5688,1.0000
12804223.0,6049.510710,25178.088267,31227.598977,3047,0,0.00,46.5734,1.0000
12804627.0,6049.911484,25180.781600,31230.693084,3048,0,0.00,46.6109,1.0000
12804873.0,6050.155519,25182.421600,31232.577119,3049,0,0.00,46.6297,1.0000
12805064.0,6050.344994,25183.694933,31234.039927,3050,0,0.00,46.6469,1.0000
12805177.0,6050.457091,25184.448267,31234.905358,3051,0,0.00,46.6641,1.0000
12805603.0,6050.879689,25187.288267,31238.167956,3052,0,0.00,46.6688,1.0000
12805606.0,6050.882665,25187.308267,31238.190932,3053,0,0.00,46.6859,1.0000
12805611.0,6050.887625,25187.341600,31238.229225,3054,0,0.00,46.6906,1.0000
12805889.0,6051.163405,25189.194933,31240.358338,3055,0,0.00,46.7078,1.0000
12806004.0,6051.277487,25189.961600,31241.239087,3056,0,0.00,46.7250,1.0000
12806005.0,6051.278479,25189.968267,31241.246745,3057,0,0.00,46.7422,1.0000
12806045.0,6051.318159,25190.234933,31241.553093,3058,0,0.00,46.7469,1.0000
12807127.0,6052.391518,25197.448267,31249.839785,3059,0,0.00,46.7641,1.0000
12807129.0,6052.393502,25197.461600,31249.855102,3060,0,0.00,46.7688,1.0000
12807839.0,6053.097832,25202.194933,31255.292765,3061,0,0.00,46.7859,1.0000
12807914.0,6053.172233,25202.694933,31255.867166,3062,0,0.00,46.8031,1.0000
12808093.0,6053.349804,25203.888267,31257.238070,3063,0,0.00,46.8078,1.0000
12808099.0,6053.355756,25203.928267,31257.284022,3064,0,0.00,46.8250,1.0000
12808103.0,6053.359724,25203.954933,31257.314657,3065,0,0.00,46.8297,1.0000
12808116.0,6053.372620,25204.041600,31257.414220,3066,0,0.00,46.8344,1.0000
12808404.0,6053.658320,25205.961600,31259.619920,3067,0,0.00,46.8391,1.0000
12809267.0,6054.514428,25211.714933,31266.229361,3068,0,0.00,46.8766,1.0000
12809564.0,6054.809056,25213.694933,31268.503989,3069,0,0.00,46.8938,1.0000
12809566.0,6054.811040,25213.708267,31268.519307,3070,0,0.00,46.9109,1.0000
12809677.0,6054.921154,25214.448267,31269.369420,3071,0,0.00,47.0484,1.0000
12810120.0,6055.360616,25217.401600,31272.762216,3072,0,0.00,47.0531,1.0000
12810405.0,6055.643340,25219.301600,31274.944940,3073,0,0.00,47.0703,1.0000
12810708.0,6055.943920,25221.321600,31277.265520,3074,0,0.00,47.0875,1.0000
12810926.0,6056.160179,25222.774933,31278.935112,3075,0,0.00,47.0922,1.0000
12810995.0,6056.228628,25223.234933,31279.463561,3076,0,0.00,47.1094,1.0000
12810998.0,6056.231604,25223.254933,31279.486537,3077,0,0.00,47.1266,1.0000
12811243.0,6056.474647,25224.888267,31281.362914,3078,0,0.00,47.1313,1.0000
12811487.0,6056.716699,25226.514933,31283.231632,3079,0,0.00,47.1484,1.0000
12811529.0,6056.758363,25226.794933,31283.553297,3080,0,0.00,47.1531,1.0000
12811533.0,6056.762331,25226.821600,31283.583931,3081,0,0.00,47.1703,1.0000
12811565.0,6056.794076,25227.034933,31283.829009,3082,0,0.00,47.1875,1.0000
12812012.0,6057.237506,25230.014933,31287.252439,3083,0,0.00,47.2047,1.0000
12812042.0,6057.267266,25230.214933,31287.482200,3084,0,0.00,47.2219,1.0000
12812264.0,6057.487494,25231.694933,31289.182427,3085,0,0.00,47.2391,1.0000
12812357.0,6057.579751,25232.314933,31289.894684,3086,0,0.00,47.2563,1.0000
12812421.0,6057.643240,25232.741600,31290.384840,3087,0,0.00,47.2734,1.0000
12812517.0,6057.738473,25233.381600,31291.120073,3088,0,0.00,47.2906,1.0000
12812552.0,6057.773194,25233.614933,31291.388127,3089,0,0.00,47.3078,1.0000
12812560.0,6057.781130,25233.668267,31291.449396,3090,0,0.00,47.3125,1.0000
12812914.0,6058.132303,25236.028267,31294.160569,3091,0,0.00,47.3297,1.0000
12813013.0,6058.230512,25236.688267,31294.918779,3092,0,0.00,47.3469,1.0000
12813042.0,6058.259280,25236.881600,31295.140880,3093,0,0.00,47.3641,1.0000
12813043.0,6058.260272,25236.888267,31295.148539,3094,0,0.00,47.3813,1.0000
12813044.0,6058.261264,25236.894933,31295.156198,3095,0,0.00,47.3984,1.0000
12813074.0,6058.291025,25237.094933,31295.385958,3096,0,0.00,47.4156,1.0000
12813369.0,6058.583669,25239.061600,31297.645269,3097,0,0.00,47.4328,1.0000
12813374.0,6058.588629,25239.094933,31297.683562,3098,0,0.00,47.4500,1.0000
12813404.0,6058.618389,25239.294933,31297.913323,3099,0,0.00,47.4672,1.0000
12813468.0,6058.681878,25239.721600,31298.403478,3100,0,0.00,47.4844,1.0000
12813534.0,6058.747351,25240.161600,31298.908951,3101,0,0.00,47.5016,1.0000
12813534.0,6058.747351,25240.161600,31298.908951,3102,0,0.00,47.5063,1.0000
12813570.0,6058.783064,25240.401600,31299.184664,3103,0,0.00,47.5234,1.0000
12813599.0,6058.811832,25240.594933,31299.406765,3104,0,0.00,47.5406,1.0000
12813945.0,6059.155069,25242.901600,31302.056669,3105,0,0.00,47.5578,1.0000
12814120.0,6059.328671,25244.068267,31303.396938,3106,0,0.00,47.5750,1.0000
12814258.0,6059.465569,25244.988267,31304.453836,3107,0,0.00,47.5875,1.0000
12814535.0,6059.740357,25246.834933,31306.575290,3108,0,0.00,47.6063,1.0000
12814546.0,6059.751269,25246.908267,31306.659536,3109,0,0.00,47.6234,1.0000
12814641.0,6059.845511,25247.541600,31307.387111,3110,0,0.00,47.6359,1.0000
12814675.0,6059.879239,25247.768267,31307.647506,3111,0,0.00,47.6531,1.0000
12814678.0,6059.882215,25247.788267,31307.670482,3112,0,0.00,47.6578,1.0000
12814705.0,6059.908999,25247.968267,31307.877266,3113,0,0.00,47.6750,1.0000
12814707.0,6059.910984,25247.981600,31307.892584,3114,0,0.00,47.6922,1.0000
12815155.0,6060.355406,25250.968267,31311.323672,3115,0,0.00,47.7094,1.0000
12815217.0,6060.416911,25251.381600,31311.798511,3116,0,0.00,47.7266,1.0000
12815671.0,6060.867285,25254.408267,31315.275552,3117,0,0.00,47.7328,1.0000
12815793.0,6060.988311,25255.221600,31316.209911,3118,0,0.00,47.7516,1.0000
12816034.0,6061.227386,25256.828267,31318.055653,3119,0,0.00,47.7688,1.0000
12816066.0,6061.259130,25257.041600,31318.300730,3120,0,0.00,47.7859,1.0000
12816094.0,6061.286907,25257.228267,31318.515173,3121,0,0.00,47.8031,1.0000
12816137.0,6061.329563,25257.514933,31318.844497,3122,0,0.00,47.8203,1.0000
12816140.0,6061.332539,25257.534933,31318.867473,3123,0,0.00,47.8375,1.0000
12816174.0,6061.366268,25257.761600,31319.127868,3124,0,0.00,47.8547,1.0000
12816612.0,6061.800770,25260.681600,31322.482370,3125,0,0.00,47.8719,1.0000
12816640.0,6061.828546,25260.868267,31322.696813,3126,0,0.00,47.8891,1.0000
12816642.0,6061.830530,25260.881600,31322.712130,3127,0,0.00,47.9063,1.0000
12816705.0,6061.893027,25261.301600,31323.194627,3128,0,0.00,47.9234,1.0000
12816768.0,6061.955524,25261.721600,31323.677124,3129,0,0.00,47.9406,1.0000
12816772.0,6061.959492,25261.748267,31323.707759,3130,0,0.00,47.9578,1.0000
12817086.0,6062.270985,25263.841600,31326.112585,3131,0,0.00,47.9750,1.0000
12817183.0,6062.367210,25264.488267,31326.855477,3132,0,0.00,47.9922,1.0000
12817186.0,6062.370186,25264.508267,31326.878453,3133,0,0.00,48.0094,1.0000
12817556.0,6062.737231,25266.974933,31329.712164,3134,0,0.00,48.0219,1.0000
12817576.0,6062.757071,25267.108267,31329.865338,3135,0,0.00,48.0391,1.0000
12817577.0,6062.758063,25267.114933,31329.872997,3136,0,0.00,48.0563,1.0000
12817940.0,6063.118164,25269.534933,31332.653098,3137,0,0.00,48.0734,1.0000
12818051.0,6063.228278,25270.274933,31333.503211,3138,0,0.00,48.0906,1.0000
12818134.0,6063.310615,25270.828267,31334.138882,3139,0,0.00,48.1078,1.0000
12818193.0,6063.369144,25271.221600,31334.590744,3140,0,0.00,48.1250,1.0000
12818225.0,6063.400888,25271.434933,31334.835822,3141,0,0.00,48.1422,1.0000
12818261.0,6063.436601,25271.674933,31335.111534,3142,0,0.00,48.1594,1.0000
12818604.0,6063.776862,25273.961600,31337.738462,3143,0,0.00,48.1766,1.0000
12818663.0,6063.835390,25274.354933,31338.190324,3144,0,0.00,48.1938,1.0000
12818723.0,6063.894911,25274.754933,31338.649845,3145,0,0.00,48.2109,1.0000
12819100.0,6064.268901,25277.268267,31341.537167,3146,0,0.00,48.2281,1.0000
12819196.0,6064.364134,25277.908267,31342.272401,3147,0,0.00,48.2453,1.0000
12819580.0,6064.745067,25280.468267,31345.213334,3148,0,0.00,48.2625,1.0000
12819608.0,6064.772844,25280.654933,31345.427777,3149,0,0.00,48.2797,1.0000
12819644.0,6064.808556,25280.894933,31345.703489,3150,0,0.00,48.2969,1.0000
12819711.0,6064.875021,25281.341600,31346.216621,3151,0,0.00,48.3141,1.0000
12819712.0,6064.876013,25281.348267,31346.224280,3152,0,0.00,48.3313,1.0000
12820268.0,6065.427573,25285.054933,31350.482506,3153,0,0.00,48.3484,1.0000
12820318.0,6065.477173,25285.388267,31350.865440,3154,0,0.00,48.3656,1.0000
12820671.0,6065.827354,25287.741600,31353.568954,3155,0,0.00,48.3828,1.0000
12820772.0,6065.927548,25288.414933,31354.342481,3156,0,0.00,48.4000,1.0000
12820777.0,6065.932508,25288.448267,31354.380774,3157,0,0.00,48.4047,1.0000
12820796.0,6065.951356,25288.574933,31354.526289,3158,0,0.00,48.4547,1.0000
12820806.0,6065.961276,25288.641600,31354.602876,3159,0,0.00,48.4719,1.0000
12820843.0,6065.997981,25288.888267,31354.886247,3160,0,0.00,48.4891,1.0000
12821206.0,6066.358082,25291.308267,31357.666348,3161,0,0.00,48.5063,1.0000
12821275.0,6066.426531,25291.768267,31358.194797,3162,0,0.00,48.5234,1.0000
12821458.0,6066.608069,25292.988267,31359.596336,3163,0,0.00,48.5406,1.0000
12821718.0,6066.865993,25294.721600,31361.587593,3164,0,0.00,48.5469,1.0000
12821731.0,6066.878889,25294.808267,31361.687156,3165,0,0.00,48.5641,1.0000
12821773.0,6066.920554,25295.088267,31362.008820,3166,0,0.00,48.5813,1.0000
12821876.0,6067.022731,25295.774933,31362.797664,3167,0,0.00,48.5984,1.0000
12822197.0,6067.341168,25297.914933,31365.256101,3168,0,0.00,48.6156,1.0000
12822302.0,6067.445329,25298.614933,31366.060262,3169,0,0.00,48.6328,1.0000
12822612.0,6067.752853,25300.681600,31368.434453,3170,0,0.00,48.6500,1.0000
12822678.0,6067.818326,25301.121600,31368.939926,3171,0,0.00,48.6672,1.0000
12822850.0,6067.988953,25302.268267,31370.257219,3172,0,0.00,48.7047,1.0000
12822956.0,6068.094106,25302.974933,31371.069039,3173,0,0.00,48.7109,1.0000
12822956.0,6068.094106,25302.974933,31371.069039,3174,0,0.00,48.7172,1.0000
12822999.0,6068.136763,25303.261600,31371.398363,3175,0,0.00,48.7344,1.0000
12823087.0,6068.224060,25303.848267,31372.072327,3176,0,0.00,48.7516,1.0000
12823425.0,6068.559361,25306.101600,31374.660961,3177,0,0.00,48.7563,1.0000
12823439.0,6068.573249,25306.194933,31374.768182,3178,0,0.00,48.7656,1.0000
12823440.0,6068.574241,25306.201600,31374.775841,3179,0,0.00,48.7750,1.0000
12823469.0,6068.603009,25306.394933,31374.997943,3180,0,0.00,48.7922,1.0000
12823481.0,6068.614913,25306.474933,31375.089847,3181,0,0.00,48.7969,1.0000
12823538.0,6068.671458,25306.854933,31375.526391,3182,0,0.00,48.8141,1.0000
12823573.0,6068.706179,25307.088267,31375.794445,3183,0,0.00,48.8313,1.0000
12823867.0,6068.997831,25309.048267,31378.046097,3184,0,0.00,48.8484,1.0000
12823895.0,6069.025607,25309.234933,31378.260540,3185,0,0.00,48.8656,1.0000
12823896.0,6069.026599,25309.241600,31378.268199,3186,0,0.00,48.8828,1.0000
12823979.0,6069.108936,25309.794933,31378.903870,3187,0,0.00,48.9000,1.0000
12824008.0,6069.137705,25309.988267,31379.125971,3188,0,0.00,48.9172,1.0000
12824010.0,6069.139689,25310.001600,31379.141289,3189,0,0.00,48.9344,1.0000
12824041.0,6069.170441,25310.208267,31379.378708,3190,0,0.00,48.9516,1.0000
12824042.0,6069.171433,25310.214933,31379.386366,3191,0,0.00,48.9688,1.0000
12824042.0,6069.171433,25310.214933,31379.386366,3192,0,0.00,48.9859,1.0000
12824070.0,6069.199210,25310.401600,31379.600810,3193,0,0.00,49.0031,1.0000
12824103.0,6069.231946,25310.621600,31379.853546,3194,0,0.00,49.0203,1.0000
12824105.0,6069.233930,25310.634933,31379.868863,3195,0,0.00,49.0375,1.0000
12824543.0,6069.668432,25313.554933,31383.223365,3196,0,0.00,49.0547,1.0000
12824576.0,6069.701169,25313.774933,31383.476102,3197,0,0.00,49.0719,1.0000
12824980.0,6070.101942,25316.468267,31386.570209,3198,0,0.00,49.0891,1.0000
12825395.0,6070.513628,25319.234933,31389.748561,3199,0,0.00,49.1078,1.0000
12825407.0,6070.525532,25319.314933,31389.840465,3200,0,0.00,49.1250,1.0000
12825408.0,6070.526524,25319.321600,31389.848124,3201,0,0.00,49.1422,1.0000
12825469.0,6070.587037,25319.728267,31390.315304,3202,0,0.00,49.1594,1.0000
12825502.0,6070.619773,25319.948267,31390.568040,3203,0,0.00,49.1766,1.0000
12825502.0,6070.619773,25319.948267,31390.568040,3204,0,0.00,49.1938,1.0000
12825533.0,6070.650526,25320.154933,31390.805459,3205,0,0.00,49.2109,1.0000
12825534.0,6070.651518,25320.161600,31390.813118,3206,0,0.00,49.2281,1.0000
12825534.0,6070.651518,25320.161600,31390.813118,3207,0,0.00,49.2453,1.0000
12825565.0,6070.682270,25320.368267,31391.050537,3208,0,0.00,49.2625,1.0000
12825840.0,6070.955074,25322.201600,31393.156674,3209,0,0.00,49.2797,1.0000
12825993.0,6071.106852,25323.221600,31394.328452,3210,0,0.00,49.2969,1.0000
12826021.0,6071.134629,25323.408267,31394.542895,3211,0,0.00,49.3141,1.0000
12826024.0,6071.137605,25323.428267,31394.565871,3212,0,0.00,49.3313,1.0000
12826024.0,6071.137605,25323.428267,31394.565871,3213,0,0.00,49.3484,1.0000
12826218.0,6071.330055,25324.721600,31396.051655,3214,0,0.00,49.3656,1.0000
12826367.0,6071.477865,25325.714933,31397.192799,3215,0,0.00,49.3828,1.0000
12826395.0,6071.505642,25325.901600,31397.407242,3216,0,0.00,49.4000,1.0000
12826453.0,6071.563179,25326.288267,31397.851445,3217,0,0.00,49.4172,1.0000
12826453.0,6071.563179,25326.288267,31397.851445,3218,0,0.00,49.4344,1.0000
12826488.0,6071.597899,25326.521600,31398.119499,3219,0,0.00,49.4516,1.0000
12826489.0,6071.598891,25326.528267,31398.127158,3220,0,0.00,49.4688,1.0000
12826742.0,6071.849871,25328.214933,31400.064804,3221,0,0.00,49.4859,1.0000
12826770.0,6071.877647,25328.401600,31400.279247,3222,0,0.00,49.5031,1.0000
12826803.0,6071.910384,25328.621600,31400.531984,3223,0,0.00,49.5078,1.0000
12826826.0,6071.933200,25328.774933,31400.708133,3224,0,0.00,49.5250,1.0000
12826972.0,6072.078034,25329.748267,31401.826301,3225,0,0.00,49.5297,1.0000
12827096.0,6072.201044,25330.574933,31402.775977,3226,0,0.00,49.5469,1.0000
12827321.0,6072.424247,25332.074933,31404.499180,3227,0,0.00,49.5516,1.0000
12827385.0,6072.487736,25332.501600,31404.989336,3228,0,0.00,49.5688,1.0000
12827418.0,6072.520472,25332.721600,31405.242072,3229,0,0.00,49.5859,1.0000
12827445.0,6072.547256,25332.901600,31405.448856,3230,0,0.00,49.6031,1.0000
12827448.0,6072.550232,25332.921600,31405.471832,3231,0,0.00,49.6203,1.0000
12827448.0,6072.550232,25332.921600,31405.471832,3232,0,0.00,49.6375,1.0000
12827842.0,6072.941086,25335.548267,31408.489353,3233,0,0.00,49.6547,1.0000
12828000.0,6073.097824,25336.601600,31409.699424,3234,0,0.00,49.6719,1.0000
12828317.0,6073.412293,25338.714933,31412.127226,3235,0,0.00,49.6891,1.0000
12828345.0,6073.440069,25338.901600,31412.341669,3236,0,0.00,49.7063,1.0000
12828409.0,6073.503558,25339.328267,31412.831824,3237,0,0.00,49.7234,1.0000
12828441.0,6073.535302,25339.541600,31413.076902,3238,0,0.00,49.7406,1.0000
12828721.0,6073.813066,25341.408267,31415.221333,3239,0,0.00,49.7578,1.0000
12828930.0,6074.020397,25342.801600,31416.821997,3240,0,0.00,49.7750,1.0000
12828945.0,6074.035277,25342.901600,31416.936877,3241,0,0.00,49.7797,1.0000
12828985.0,6074.074958,25343.168267,31417.243224,3242,0,0.00,49.7969,1.0000
12829600.0,6074.685046,25347.268267,31421.953313,3243,0,0.00,49.8141,1.0000
12830185.0,6075.265374,25351.168267,31426.433641,3244,0,0.00,49.8313,1.0000
12830303.0,6075.382432,25351.954933,31427.337365,3245,0,0.00,49.8484,1.0000
12830304.0,6075.383424,25351.961600,31427.345024,3246,0,0.00,49.8656,1.0000
12830304.0,6075.383424,25351.961600,31427.345024,3247,0,0.00,49.8828,1.0000
12830304.0,6075.383424,25351.961600,31427.345024,3248,0,0.00,49.9000,1.0000
12830305.0,6075.384416,25351.968267,31427.352683,3249,0,0.00,49.9172,1.0000
12830305.0,6075.384416,25351.968267,31427.352683,3250,0,0.00,49.9344,1.0000
12830365.0,6075.443937,25352.368267,31427.812204,3251,0,0.00,49.9516,1.0000
12830398.0,6075.476673,25352.588267,31428.064940,3252,0,0.00,49.9688,1.0000
12830399.0,6075.477665,25352.594933,31428.072599,3253,0,0.00,49.9859,1.0000
12830401.0,6075.479649,25352.608267,31428.087916,3254,0,0.00,50.0031,1.0000
12830713.0,6075.789158,25354.688267,31430.477424,3255,0,0.00,50.0203,1.0000
12831438.0,6076.508368,25359.521600,31436.029968,3256,0,0.00,50.0375,1.0000
12831439.0,6076.509360,25359.528267,31436.037627,3257,0,0.00,50.0547,1.0000
12831794.0,6076.861525,25361.894933,31438.756458,3258,0,0.00,50.0719,1.0000
12831795.0,6076.862517,25361.901600,31438.764117,3259,0,0.00,50.0891,1.0000
12831833.0,6076.900213,25362.154933,31439.055147,3260,0,0.00,50.1063,1.0000
12831898.0,6076.964694,25362.588267,31439.552961,3261,0,0.00,50.1125,1.0000
12832165.0,6077.229562,25364.368267,31441.597829,3262,0,0.00,50.1297,1.0000
12832198.0,6077.262298,25364.588267,31441.850565,3263,0,0.00,50.1469,1.0000
12832641.0,6077.701761,25367.541600,31445.243361,3264,0,0.00,50.1641,1.0000
12832672.0,6077.732513,25367.748267,31445.480780,3265,0,0.00,50.1813,1.0000
12832675.0,6077.735489,25367.768267,31445.503756,3266,0,0.00,50.1984,1.0000
12832935.0,6077.993413,25369.501600,31447.495013,3267,0,0.00,50.2219,1.0000
12833057.0,6078.114438,25370.314933,31448.429372,3268,0,0.00,50.2391,1.0000
12833158.0,6078.214632,25370.988267,31449.202898,3269,0,0.00,50.2563,1.0000
12833303.0,6078.358474,25371.954933,31450.313407,3270,0,0.00,50.2797,1.0000
12833309.0,6078.364426,25371.994933,31450.359359,3271,0,0.00,50.2969,1.0000
12833524.0,6078.577709,25373.428267,31452.005976,3272,0,0.00,50.3141,1.0000
12833554.0,6078.607469,25373.628267,31452.235736,3273,0,0.00,50.3313,1.0000
12833588.0,6078.641198,25373.854933,31452.496131,3274,0,0.00,50.3484,1.0000
12833626.0,6078.678894,25374.108267,31452.787161,3275,0,0.00,50.3656,1.0000
12833950.0,6079.000307,25376.268267,31455.268573,3276,0,0.00,50.3828,1.0000
12833950.0,6079.000307,25376.268267,31455.268573,3277,0,0.00,50.4000,1.0000
12833985.0,6079.035027,25376.501600,31455.536627,3278,0,0.00,50.4172,1.0000
12834016.0,6079.065780,25376.708267,31455.774046,3279,0,0.00,50.4344,1.0000
12834046.0,6079.095540,25376.908267,31456.003807,3280,0,0.00,50.4516,1.0000
12834081.0,6079.130261,25377.141600,31456.271861,3281,0,0.00,50.4688,1.0000
12834145.0,6079.193749,25377.568267,31456.762016,3282,0,0.00,50.4859,1.0000
12834457.0,6079.503258,25379.648267,31459.151524,3283,0,0.00,50.5031,1.0000
12834544.0,6079.589563,25380.228267,31459.817830,3284,0,0.00,50.5203,1.0000
12834577.0,6079.622299,25380.448267,31460.070566,3285,0,0.00,50.5375,1.0000
12834955.0,6079.997281,25382.968267,31462.965547,3286,0,0.00,50.5547,1.0000
12835389.0,6080.427815,25385.861600,31466.289415,3287,0,0.00,50.5719,1.0000
12835416.0,6080.454599,25386.041600,31466.496199,3288,0,0.00,50.5891,1.0000
12835445.0,6080.483368,25386.234933,31466.718301,3289,0,0.00,50.6063,1.0000
12835477.0,6080.515112,25386.448267,31466.963379,3290,0,0.00,50.6234,1.0000
12835507.0,6080.544872,25386.648267,31467.193139,3291,0,0.00,50.6406,1.0000
12835540.0,6080.577609,25386.868267,31467.445876,3292,0,0.00,50.6578,1.0000
12835551.0,6080.588521,25386.941600,31467.530121,3293,0,0.00,50.6641,1.0000
12835604.0,6080.641098,25387.294933,31467.936031,3294,0,0.00,50.6813,1.0000
12835903.0,6080.937710,25389.288267,31470.225977,3295,0,0.00,50.6984,1.0000
12835992.0,6081.025999,25389.881600,31470.907599,3296,0,0.00,50.7156,1.0000
12836092.0,6081.125201,25390.548267,31471.673467,3297,0,0.00,50.7328,1.0000
12836234.0,6081.266066,25391.494933,31472.761000,3298,0,0.00,50.7375,1.0000
12836356.0,6081.387092,25392.308267,31473.695359,3299,0,0.00,50.7609,1.0000
12836497.0,6081.526966,25393.248267,31474.775233,3300,0,0.00,50.7781,1.0000
12836497.0,6081.526966,25393.248267,31474.775233,3301,0,0.00,50.7953,1.0000
12836554.0,6081.583511,25393.628267,31475.211778,3302,0,0.00,50.8141,1.0000
12836554.0,6081.583511,25393.628267,31475.211778,3303,0,0.00,50.8313,1.0000
12836647.0,6081.675768,25394.248267,31475.924035,3304,0,0.00,50.8484,1.0000
12836909.0,6081.935676,25395.994933,31477.930609,3305,0,0.00,50.8656,1.0000
12837062.0,6082.087454,25397.014933,31479.102387,3306,0,0.00,50.8828,1.0000
12837063.0,6082.088446,25397.021600,31479.110046,3307,0,0.00,50.9000,1.0000
12837090.0,6082.115230,25397.201600,31479.316830,3308,0,0.00,50.9172,1.0000
12837334.0,6082.357282,25398.828267,31481.185548,3309,0,0.00,50.9359,1.0000
12837465.0,6082.487236,25399.701600,31482.188836,3310,0,0.00,50.9531,1.0000
12837700.0,6082.720359,25401.268267,31483.988626,3311,0,0.00,50.9703,1.0000
12837701.0,6082.721351,25401.274933,31483.996284,3312,0,0.00,50.9875,1.0000
12838533.0,6083.546706,25406.821600,31490.368306,3313,0,0.00,50.9969,1.0000
12838574.0,6083.587379,25407.094933,31490.682312,3314,0,0.00,51.0141,1.0000
12838636.0,6083.648884,25407.508267,31491.157151,3315,0,0.00,51.0313,1.0000
12838671.0,6083.683604,25407.741600,31491.425204,3316,0,0.00,51.0484,1.0000
12838753.0,6083.764949,25408.288267,31492.053216,3317,0,0.00,51.0656,1.0000
12839267.0,6084.274845,25411.714933,31495.989778,3318,0,0.00,51.0703,1.0000
12839491.0,6084.497056,25413.208267,31497.705322,3319,0,0.00,51.0875,1.0000
12839871.0,6084.874021,25415.741600,31500.615621,3320,0,0.00,51.1047,1.0000
12839992.0,6084.994055,25416.548267,31501.542321,3321,0,0.00,51.1219,1.0000
12840257.0,6085.256938,25418.314933,31503.571872,3322,0,0.00,51.1391,1.0000
12840307.0,6085.306539,25418.648267,31503.954806,3323,0,0.00,51.1563,1.0000
12840446.0,6085.444429,25419.574933,31505.019362,3324,0,0.00,51.1734,1.0000
12840546.0,6085.543630,25420.241600,31505.785230,3325,0,0.00,51.1906,1.0000
12840810.0,6085.805522,25422.001600,31507.807122,3326,0,0.00,51.2078,1.0000
12841028.0,6086.021781,25423.454933,31509.476714,3327,0,0.00,51.2172,1.0000
12841112.0,6086.105110,25424.014933,31510.120044,3328,0,0.00,51.2344,1.0000
12841140.0,6086.132887,25424.201600,31510.334487,3329,0,0.00,51.2391,1.0000
12841146.0,6086.138839,25424.241600,31510.380439,3330,0,0.00,51.2453,1.0000
12841360.0,6086.351130,25425.668267,31512.019396,3331,0,0.00,51.2625,1.0000
12841389.0,6086.379898,25425.861600,31512.241498,3332,0,0.00,51.2672,1.0000
12841688.0,6086.676510,25427.854933,31514.531444,3333,0,0.00,51.2719,1.0000
12841689.0,6086.677502,25427.861600,31514.539102,3334,0,0.00,51.2766,1.0000
12841864.0,6086.851105,25429.028267,31515.879371,3335,0,0.00,51.2828,1.0000
12841990.0,6086.976098,25429.868267,31516.844365,3336,0,0.00,51.3000,1.0000
12842112.0,6087.097124,25430.681600,31517.778724,3337,0,0.00,51.3172,1.0000
12842112.0,6087.097124,25430.681600,31517.778724,3338,0,0.00,51.3344,1.0000
12842149.0,6087.133829,25430.928267,31518.062095,3339,0,0.00,51.3516,1.0000
12842410.0,6087.392744,25432.668267,31520.061011,3340,0,0.00,51.3688,1.0000
12842535.0,6087.516746,25433.501600,31521.018346,3341,0,0.00,51.3734,1.0000
12842569.0,6087.550474,25433.728267,31521.278741,3342,0,0.00,51.3906,1.0000
12842592.0,6087.573291,25433.881600,31521.454891,3343,0,0.00,51.3953,1.0000
12842606.0,6087.587179,25433.974933,31521.562112,3344,0,0.00,51.4234,1.0000
12842607.0,6087.588171,25433.981600,31521.569771,3345,0,0.00,51.4406,1.0000
12842827.0,6087.806414,25435.448267,31523.254681,3346,0,0.00,51.4453,1.0000
12842861.0,6087.840143,25435.674933,31523.515076,3347,0,0.00,51.4547,1.0000
12842887.0,6087.865935,25435.848267,31523.714202,3348,0,0.00,51.4594,1.0000
12842980.0,6087.958192,25436.468267,31524.426459,3349,0,0.00,51.4766,1.0000
12843047.0,6088.024657,25436.914933,31524.939590,3350,0,0.00,51.4938,1.0000
12843084.0,6088.061362,25437.161600,31525.222962,3351,0,0.00,51.5109,1.0000
12843126.0,6088.103026,25437.441600,31525.544626,3352,0,0.00,51.5281,1.0000
12843239.0,6088.215124,25438.194933,31526.410057,3353,0,0.00,51.5406,1.0000
12843244.0,6088.220084,25438.228267,31526.448351,3354,0,0.00,51.5531,1.0000
12843244.0,6088.220084,25438.228267,31526.448351,3355,0,0.00,51.5656,1.0000
12843268.0,6088.243892,25438.388267,31526.632159,3356,0,0.00,51.5781,1.0000
12843802.0,6088.773628,25441.948267,31530.721894,3357,0,0.00,51.5953,1.0000
12843945.0,6088.915486,25442.901600,31531.817086,3358,0,0.00,51.6000,1.0000
12844087.0,6089.056352,25443.848267,31532.904618,3359,0,0.00,51.6172,1.0000
12844113.0,6089.082144,25444.021600,31533.103744,3360,0,0.00,51.6344,1.0000
12844144.0,6089.112896,25444.228267,31533.341163,3361,0,0.00,51.6516,1.0000
12844173.0,6089.141665,25444.421600,31533.563265,3362,0,0.00,51.6688,1.0000
12844235.0,6089.203170,25444.834933,31534.038103,3363,0,0.00,51.6859,1.0000
12844265.0,6089.232930,25445.034933,31534.267863,3364,0,0.00,51.7031,1.0000
12844273.0,6089.240866,25445.088267,31534.329133,3365,0,0.00,51.7203,1.0000
12844303.0,6089.270627,25445.288267,31534.558893,3366,0,0.00,51.7375,1.0000
12844337.0,6089.304355,25445.514933,31534.819288,3367,0,0.00,51.7547,1.0000
12844338.0,6089.305347,25445.521600,31534.826947,3368,0,0.00,51.7719,1.0000
12844373.0,6089.340068,25445.754933,31535.095001,3369,0,0.00,51.7891,1.0000
12844484.0,6089.450181,25446.494933,31535.945114,3370,0,0.00,51.7938,1.0000
12844752.0,6089.716041,25448.281600,31537.997641,3371,0,0.00,51.8109,1.0000
12844783.0,6089.746793,25448.488267,31538.235060,3372,0,0.00,51.8281,1.0000
12844787.0,6089.750761,25448.514933,31538.265695,3373,0,0.00,51.8453,1.0000
12844824.0,6089.787466,25448.761600,31538.549066,3374,0,0.00,51.8625,1.0000
12844865.0,6089.828138,25449.034933,31538.863072,3375,0,0.00,51.8672,1.0000
12845015.0,6089.976940,25450.034933,31540.011874,3376,0,0.00,51.8859,1.0000
12845165.0,6090.125743,25451.034933,31541.160676,3377,0,0.00,51.9031,1.0000
12845165.0,6090.125743,25451.034933,31541.160676,3378,0,0.00,51.9203,1.0000
12845282.0,6090.241808,25451.814933,31542.056741,3379,0,0.00,51.9375,1.0000
12845318.0,6090.277521,25452.054933,31542.332454,3380,0,0.00,51.9422,1.0000
12845387.0,6090.345970,25452.514933,31542.860903,3381,0,0.00,51.9594,1.0000
12845388.0,6090.346962,25452.521600,31542.868562,3382,0,0.00,51.9766,1.0000
12845420.0,6090.378706,25452.734933,31543.113639,3383,0,0.00,51.9938,1.0000
12845530.0,6090.487828,25453.468267,31543.956094,3384,0,0.00,52.0000,1.0000
12845623.0,6090.580085,25454.088267,31544.668352,3385,0,0.00,52.0047,1.0000
12845630.0,6090.587029,25454.134933,31544.721962,3386,0,0.00,52.0094,1.0000
12845829.0,6090.784440,25455.461600,31546.246040,3387,0,0.00,52.0266,1.0000
12845883.0,6090.838009,25455.821600,31546.659609,3388,0,0.00,52.0438,1.0000
12845884.0,6090.839001,25455.828267,31546.667267,3389,0,0.00,52.0609,1.0000
12845884.0,6090.839001,25455.828267,31546.667267,3390,0,0.00,52.0781,1.0000
12845918.0,6090.872729,25456.054933,31546.927662,3391,0,0.00,52.0953,1.0000
12845922.0,6090.876697,25456.081600,31546.958297,3392,0,0.00,52.1000,1.0000
12846026.0,6090.979866,25456.774933,31547.754800,3393,0,0.00,52.1047,1.0000
12846027.0,6090.980859,25456.781600,31547.762459,3394,0,0.00,52.1094,1.0000
12846212.0,6091.164381,25458.014933,31549.179314,3395,0,0.00,52.1266,1.0000
12846235.0,6091.187197,25458.168267,31549.355464,3396,0,0.00,52.1328,1.0000
12846351.0,6091.302271,25458.941600,31550.243871,3397,0,0.00,52.1500,1.0000
12846354.0,6091.305247,25458.961600,31550.266847,3398,0,0.00,52.1672,1.0000
12846357.0,6091.308223,25458.981600,31550.289823,3399,0,0.00,52.1719,1.0000
12846395.0,6091.345920,25459.234933,31550.580853,3400,0,0.00,52.1891,1.0000
12846436.0,6091.386592,25459.508267,31550.894859,3401,0,0.00,52.2063,1.0000
12846635.0,6091.584003,25460.834933,31552.418936,3402,0,0.00,52.2109,1.0000
12846972.0,6091.918312,25463.081600,31554.999912,3403,0,0.00,52.2281,1.0000
12847006.0,6091.952040,25463.308267,31555.260307,3404,0,0.00,52.2453,1.0000
12847035.0,6091.980809,25463.501600,31555.482409,3405,0,0.00,52.2625,1.0000
12847067.0,6092.012553,25463.714933,31555.727486,3406,0,0.00,52.2672,1.0000
12847073.0,6092.018505,25463.754933,31555.773438,3407,0,0.00,52.2719,1.0000
12847100.0,6092.045289,25463.934933,31555.980223,3408,0,0.00,52.2891,1.0000
12847104.0,6092.049257,25463.961600,31556.010857,3409,0,0.00,52.3063,1.0000
12847135.0,6092.080010,25464.168267,31556.248277,3410,0,0.00,52.3234,1.0000
12847139.0,6092.083978,25464.194933,31556.278911,3411,0,0.00,52.3406,1.0000
12847141.0,6092.085962,25464.208267,31556.294229,3412,0,0.00,52.3578,1.0000
12847293.0,6092.236748,25465.221600,31557.458348,3413,0,0.00,52.3672,1.0000
12847352.0,6092.295277,25465.614933,31557.910210,3414,0,0.00,52.3734,1.0000
12847386.0,6092.329005,25465.841600,31558.170605,3415,0,0.00,52.4234,1.0000
12847468.0,6092.410351,25466.388267,31558.798617,3416,0,0.00,52.4297,1.0000
12847624.0,6092.565105,25467.428267,31559.993371,3417,0,0.00,52.4578,1.0000
12847656.0,6092.596849,25467.641600,31560.238449,3418,0,0.00,52.4625,1.0000
12847693.0,6092.633554,25467.888267,31560.521820,3419,0,0.00,52.4797,1.0000
12847731.0,6092.671250,25468.141600,31560.812850,3420,0,0.00,52.4859,1.0000
12847946.0,6092.884533,25469.574933,31562.459466,3421,0,0.00,52.4906,1.0000
12848097.0,6093.034327,25470.581600,31563.615927,3422,0,0.00,52.5078,1.0000
12848109.0,6093.046231,25470.661600,31563.707831,3423,0,0.00,52.5250,1.0000
12848139.0,6093.075992,25470.861600,31563.937592,3424,0,0.00,52.5422,1.0000
12848146.0,6093.082936,25470.908267,31563.991203,3425,0,0.00,52.5594,1.0000
12848201.0,6093.137497,25471.274933,31564.412430,3426,0,0.00,52.5641,1.0000
12848244.0,6093.180153,25471.561600,31564.741753,3427,0,0.00,52.5813,1.0000
12848285.0,6093.220826,25471.834933,31565.055759,3428,0,0.00,52.5859,1.0000
12848345.0,6093.280347,25472.234933,31565.515280,3429,0,0.00,52.5922,1.0000
12848530.0,6093.463869,25473.468267,31566.932136,3430,0,0.00,52.6094,1.0000
12848531.0,6093.464861,25473.474933,31566.939795,3431,0,0.00,52.6266,1.0000
12848562.0,6093.495614,25473.681600,31567.177214,3432,0,0.00,52.6313,1.0000
12848594.0,6093.527358,25473.894933,31567.422291,3433,0,0.00,52.6484,1.0000
12848637.0,6093.570015,25474.181600,31567.751615,3434,0,0.00,52.6547,1.0000
12848673.0,6093.605727,25474.421600,31568.027327,3435,0,0.00,52.6719,1.0000
12848687.0,6093.619615,25474.514933,31568.134549,3436,0,0.00,52.6766,1.0000
12848705.0,6093.637472,25474.634933,31568.272405,3437,0,0.00,52.6938,1.0000
12848706.0,6093.638464,25474.641600,31568.280064,3438,0,0.00,52.7109,1.0000
12848710.0,6093.642432,25474.668267,31568.310698,3439,0,0.00,52.7281,1.0000
12848919.0,6093.849763,25476.061600,31569.911363,3440,0,0.00,52.7328,1.0000
12849160.0,6094.088838,25477.668267,31571.757105,3441,0,0.00,52.7375,1.0000
12849193.0,6094.121574,25477.888267,31572.009841,3442,0,0.00,52.7438,1.0000
12849264.0,6094.192007,25478.361600,31572.553607,3443,0,0.00,52.7609,1.0000
12849269.0,6094.196968,25478.394933,31572.591901,3444,0,0.00,52.7781,1.0000
12849338.0,6094.265416,25478.854933,31573.120350,3445,0,0.00,52.7828,1.0000
12849870.0,6094.793168,25482.401600,31577.194768,3446,0,0.00,52.7953,1.0000
12849899.0,6094.821936,25482.594933,31577.416870,3447,0,0.00,52.8000,1.0000
12849910.0,6094.832848,25482.668267,31577.501115,3448,0,0.00,52.8047,1.0000
12849921.0,6094.843761,25482.741600,31577.585361,3449,0,0.00,52.8094,1.0000
12849943.0,6094.865585,25482.888267,31577.753852,3450,0,0.00,52.8141,1.0000
12849998.0,6094.920146,25483.254933,31578.175079,3451,0,0.00,52.8313,1.0000
12850064.0,6094.985619,25483.694933,31578.680552,3452,0,0.00,52.8359,1.0000
12850392.0,6095.310999,25485.881600,31581.192599,3453,0,0.00,52.8531,1.0000
12850425.0,6095.343736,25486.101600,31581.445336,3454,0,0.00,52.8703,1.0000
12850426.0,6095.344728,25486.108267,31581.452994,3455,0,0.00,52.8875,1.0000
12850824.0,6095.739549,25488.761600,31584.501149,3456,0,0.00,52.9047,1.0000
12850824.0,6095.739549,25488.761600,31584.501149,3457,0,0.00,52.9109,1.0000
12850829.0,6095.744509,25488.794933,31584.539443,3458,0,0.00,52.9156,1.0000
12850838.0,6095.753437,25488.854933,31584.608371,3459,0,0.00,52.9203,1.0000
12851163.0,6096.075842,25491.021600,31587.097442,3460,0,0.00,52.9375,1.0000
12851270.0,6096.181987,25491.734933,31587.916921,3461,0,0.00,52.9547,1.0000
12851335.0,6096.246468,25492.168267,31588.414735,3462,0,0.00,52.9609,1.0000
12851410.0,6096.320869,25492.668267,31588.989136,3463,0,0.00,52.9781,1.0000
12851418.0,6096.328805,25492.721600,31589.050405,3464,0,0.00,52.9953,1.0000
12851603.0,6096.512328,25493.954933,31590.467261,3465,0,0.00,53.0016,1.0000
12851898.0,6096.804972,25495.921600,31592.726572,3466,0,0.00,53.0063,1.0000
12851976.0,6096.882349,25496.441600,31593.323949,3467,0,0.00,53.0125,1.0000
12852060.0,6096.965678,25497.001600,31593.967278,3468,0,0.00,53.0172,1.0000
12852087.0,6096.992463,25497.181600,31594.174063,3469,0,0.00,53.0234,1.0000
12852151.0,6097.055952,25497.608267,31594.664218,3470,0,0.00,53.0734,1.0000
12852199.0,6097.103568,25497.928267,31595.031835,3471,0,0.00,53.0781,1.0000
12852478.0,6097.380340,25499.788267,31597.168607,3472,0,0.00,53.0953,1.0000
12852625.0,6097.526166,25500.768267,31598.294433,3473,0,0.00,53.1125,1.0000
12852626.0,6097.527158,25500.774933,31598.302091,3474,0,0.00,53.1297,1.0000
12852627.0,6097.528150,25500.781600,31598.309750,3475,0,0.00,53.1469,1.0000
12852641.0,6097.542038,25500.874933,31598.416972,3476,0,0.00,53.1531,1.0000
12852672.0,6097.572791,25501.081600,31598.654391,3477,0,0.00,53.1703,1.0000
12852939.0,6097.837659,25502.861600,31600.699259,3478,0,0.00,53.1875,1.0000
12852969.0,6097.867419,25503.061600,31600.929019,3479,0,0.00,53.1922,1.0000
12852996.0,6097.894203,25503.241600,31601.135803,3480,0,0.00,53.2047,1.0000
12853159.0,6098.055902,25504.328267,31602.384168,3481,0,0.00,53.2219,1.0000
12854094.0,6098.983435,25510.561600,31609.545035,3482,0,0.00,53.2266,1.0000
12854095.0,6098.984427,25510.568267,31609.552693,3483,0,0.00,53.2313,1.0000
12854236.0,6099.124301,25511.508267,31610.632567,3484,0,0.00,53.2359,1.0000
12854343.0,6099.230446,25512.221600,31611.452046,3485,0,0.00,53.2422,1.0000
12854859.0,6099.742325,25515.661600,31615.403925,3486,0,0.00,53.2484,1.0000
12854978.0,6099.860375,25516.454933,31616.315308,3487,0,0.00,53.2656,1.0000
12855075.0,6099.956600,25517.101600,31617.058200,3488,0,0.00,53.2828,1.0000
12855092.0,6099.973464,25517.214933,31617.188398,3489,0,0.00,53.2891,1.0000
12855243.0,6100.123259,25518.221600,31618.344859,3490,0,0.00,53.3063,1.0000
12855376.0,6100.255196,25519.108267,31619.363463,3491,0,0.00,53.3109,1.0000
12855840.0,6100.715491,25522.201600,31622.917091,3492,0,0.00,53.3156,1.0000
12855974.0,6100.848421,25523.094933,31623.943354,3493,0,0.00,53.3328,1.0000
12856125.0,6100.998215,25524.101600,31625.099815,3494,0,0.00,53.3375,1.0000
12856373.0,6101.244234,25525.754933,31626.999168,3495,0,0.00,53.3547,1.0000
12856436.0,6101.306731,25526.174933,31627.481664,3496,0,0.00,53.3719,1.0000
12856489.0,6101.359308,25526.528267,31627.887574,3497,0,0.00,53.3766,1.0000
12856609.0,6101.478349,25527.328267,31628.806616,3498,0,0.00,53.3828,1.0000
12856703.0,6101.571599,25527.954933,31629.526532,3499,0,0.00,53.4000,1.0000
12857696.0,6102.556669,25534.574933,31637.131602,3500,0,0.00,53.4047,1.0000
12858124.0,6102.981251,25537.428267,31640.409517,3501,0,0.00,53.4094,1.0000
12858131.0,6102.988195,25537.474933,31640.463128,3502,0,0.00,53.4141,1.0000
12858667.0,6103.519914,25541.048267,31644.568181,3503,0,0.00,53.4313,1.0000
12858673.0,6103.525866,25541.088267,31644.614133,3504,0,0.00,53.4359,1.0000
12858787.0,6103.638956,25541.848267,31645.487222,3505,0,0.00,53.4531,1.0000
12858788.0,6103.639948,25541.854933,31645.494881,3506,0,0.00,53.4578,1.0000
12859060.0,6103.909776,25543.668267,31647.578042,3507,0,0.00,53.4703,1.0000
12859090.0,6103.939536,25543.868267,31647.807803,3508,0,0.00,53.4750,1.0000
12859117.0,6103.966320,25544.048267,31648.014587,3509,0,0.00,53.4938,1.0000
12859246.0,6104.094290,25544.908267,31649.002557,3510,0,0.00,53.5000,1.0000
12859304.0,6104.151827,25545.294933,31649.446760,3511,0,0.00,53.5172,1.0000
12859311.0,6104.158771,25545.341600,31649.500371,3512,0,0.00,53.5219,1.0000
12859353.0,6104.200436,25545.621600,31649.822036,3513,0,0.00,53.5313,1.0000
12859450.0,6104.296661,25546.268267,31650.564928,3514,0,0.00,53.5484,1.0000
12859788.0,6104.631962,25548.521600,31653.153562,3515,0,0.00,53.5531,1.0000
12859958.0,6104.800604,25549.654933,31654.455537,3516,0,0.00,53.5781,1.0000
12860014.0,6104.856157,25550.028267,31654.884423,3517,0,0.00,53.5844,1.0000
12860169.0,6105.009919,25551.061600,31656.071519,3518,0,0.00,53.5969,1.0000
12860397.0,6105.236098,25552.581600,31657.817698,3519,0,0.00,53.6141,1.0000
12860814.0,6105.649768,25555.361600,31661.011368,3520,0,0.00,53.6188,1.0000
12861707.0,6106.535636,25561.314933,31667.850570,3521,0,0.00,53.6359,1.0000
12861716.0,6106.544564,25561.374933,31667.919498,3522,0,0.00,53.6531,1.0000
12861785.0,6106.613013,25561.834933,31668.447947,3523,0,0.00,53.6578,1.0000
12861913.0,6106.739991,25562.688267,31669.428258,3524,0,0.00,53.6625,1.0000
12861964.0,6106.790584,25563.028267,31669.818851,3525,0,0.00,53.6672,1.0000
12862107.0,6106.932442,25563.981600,31670.914042,3526,0,0.00,53.6734,1.0000
12862200.0,6107.024699,25564.601600,31671.626299,3527,0,0.00,53.6781,1.0000
12862249.0,6107.073308,25564.928267,31672.001574,3528,0,0.00,53.6953,1.0000
12862328.0,6107.151677,25565.454933,31672.606610,3529,0,0.00,53.7125,1.0000
12862338.0,6107.161597,25565.521600,31672.683197,3530,0,0.00,53.7172,1.0000
12862511.0,6107.333215,25566.674933,31674.008149,3531,0,0.00,53.7344,1.0000
12862618.0,6107.439361,25567.388267,31674.827628,3532,0,0.00,53.7625,1.0000
12872054.0,6116.800004,25630.294933,31747.094937,3533,0,0.00,53.7672,1.0000
12872223.0,6116.967654,25631.421600,31748.389254,3534,0,0.00,53.8047,1.0000
12872489.0,6117.231530,25633.194933,31750.426463,3535,0,0.00,53.8219,1.0000
12872492.0,6117.234506,25633.214933,31750.449439,3536,0,0.00,53.8391,1.0000
12872680.0,6117.421005,25634.468267,31751.889271,3537,0,0.00,53.8563,1.0000
12872680.0,6117.421005,25634.468267,31751.889271,3538,0,0.00,53.8734,1.0000
12872682.0,6117.422989,25634.481600,31751.904589,3539,0,0.00,53.8906,1.0000
12873021.0,6117.759281,25636.741600,31754.500881,3540,0,0.00,53.9078,1.0000
12873027.0,6117.765234,25636.781600,31754.546834,3541,0,0.00,53.9250,1.0000
12873027.0,6117.765234,25636.781600,31754.546834,3542,0,0.00,53.9297,1.0000
12873091.0,6117.828722,25637.208267,31755.036989,3543,0,0.00,53.9469,1.0000
12873188.0,6117.924948,25637.854933,31755.779881,3544,0,0.00,53.9516,1.0000
12873337.0,6118.072758,25638.848267,31756.921024,3545,0,0.00,53.9547,1.0000
12873410.0,6118.145175,25639.334933,31757.480108,3546,0,0.00,53.9594,1.0000
12873462.0,6118.196760,25639.681600,31757.878360,3547,0,0.00,53.9641,1.0000
12873484.0,6118.218584,25639.828267,31758.046851,3548,0,0.00,53.9688,1.0000
12873853.0,6118.584637,25642.288267,31760.872904,3549,0,0.00,53.9859,1.0000
12873863.0,6118.594557,25642.354933,31760.949490,3550,0,0.00,53.9906,1.0000
12873953.0,6118.683838,25642.954933,31761.638772,3551,0,0.00,53.9953,1.0000
12874160.0,6118.889185,25644.334933,31763.224119,3552,0,0.00,54.0000,1.0000
12874205.0,6118.933826,25644.634933,31763.568759,3553,0,0.00,54.0125,1.0000
12874227.0,6118.955650,25644.781600,31763.737250,3554,0,0.00,54.0297,1.0000
12874646.0,6119.371304,25647.574933,31766.946237,3555,0,0.00,54.0344,1.0000
12874788.0,6119.512170,25648.521600,31768.033770,3556,0,0.00,54.0391,1.0000
12874834.0,6119.557803,25648.828267,31768.386069,3557,0,0.00,54.0453,1.0000
12874867.0,6119.590539,25649.048267,31768.638806,3558,0,0.00,54.0500,1.0000
12875021.0,6119.743309,25650.074933,31769.818243,3559,0,0.00,54.0547,1.0000
12875277.0,6119.997265,25651.781600,31771.778865,3560,0,0.00,54.0797,1.0000
12875477.0,6120.195668,25653.114933,31773.310601,3561,0,0.00,54.0844,1.0000
12875486.0,6120.204596,25653.174933,31773.379529,3562,0,0.00,54.0891,1.0000
12875723.0,6120.439703,25654.754933,31775.194636,3563,0,0.00,54.0938,1.0000
12875872.0,6120.587513,25655.748267,31776.335780,3564,0,0.00,54.1109,1.0000
12875878.0,6120.593465,25655.788267,31776.381732,3565,0,0.00,54.1156,1.0000
12876014.0,6120.728379,25656.694933,31777.423312,3566,0,0.00,54.1203,1.0000
12876455.0,6121.165857,25659.634933,31780.800790,3567,0,0.00,54.1375,1.0000
12876741.0,6121.449573,25661.541600,31782.991173,3568,0,0.00,54.1422,1.0000
12876895.0,6121.602343,25662.568267,31784.170610,3569,0,0.00,54.1672,1.0000
