timestamp,cpu_energy_kwh,gpu_energy_kwh,total_energy_kwh,tasks_scheduled,sla_violations,avg_sla_slack,cluster_cpu_util,cluster_gpu_util,active_hosts,idle_hosts,suspended_hosts,total_wakeups,wake_energy_kwh,h0_cpu_util,h0_state,h1_cpu_util,h1_state,h2_cpu_util,h2_state,h3_cpu_util,h3_state,h4_cpu_util,h4_state,h5_cpu_util,h5_state,h6_cpu_util,h6_state,h7_cpu_util,h7_state,h8_cpu_util,h8_state,h9_cpu_util,h9_state
0.0,0.000000,0.000000,0.000000,1,0,0.00,0.0188,0.0125,1,9,0,0,0.000000,0.1875,2,0.0000,1,0.0000,1,0.0000,1,0.0000,1,0.0000,1,0.0000,1,0.0000,1,0.0000,1,0.0000,1
427061.0,31.148115,60.518308,91.666423,2,1,0.00,0.0281,0.0250,1,0,9,0,0.000000,0.2813,2,0.0000,0,0.0000,0,0.0000,0,0.0000,0,0.0000,0,0.0000,0,0.0000,0,0.0000,0,0.0000,0
1558381.0,121.889406,305.637642,427.527048,3,2,0.00,0.0469,0.0375,1,0,9,0,0.000000,0.4688,2,0.0000,0,0.0000,0,0.0000,0,0.0000,0,0.0000,0,0.0000,0,0.0000,0,0.0000,0,0.0000,0
2690044.0,229.161628,635.706017,864.867645,4,3,0.00,0.0563,0.0500,1,0,9,0,0.000000,0.5625,2,0.0000,0,0.0000,0,0.0000,0,0.0000,0,0.0000,0,0.0000,0,0.0000,0,0.0000,0,0.0000,0
2758084.0,236.107378,660.654017,896.761395,5,4,0.00,0.0750,0.0625,1,0,9,0,0.000000,0.7500,2,0.0000,0,0.0000,0,0.0000,0,0.0000,0,0.0000,0,0.0000,0,0.0000,0,0.0000,0,0.0000,0
2759674.0,236.293378,661.356267,897.649645,6,4,0.00,0.1063,0.0625,2,0,8,1,0.000500,0.7500,2,0.3125,2,0.0000,0,0.0000,0,0.0000,0,0.0000,0,0.0000,0,0.0000,0,0.0000,0,0.0000,0
3019330.0,280.831595,793.348067,1074.179661,7,5,0.00,0.1125,0.0750,2,0,8,1,0.000500,0.8125,2,0.3125,2,0.0000,0,0.0000,0,0.0000,0,0.0000,0,0.0000,0,0.0000,0,0.0000,0,0.0000,0
3019932.0,280.937781,793.699233,1074.637014,8,6,0.00,0.1313,0.0875,2,0,8,1,0.000500,1.0000,2,0.3125,2,0.0000,0,0.0000,0,0.0000,0,0.0000,0,0.0000,0,0.0000,0,0.0000,0,0.0000,0
4130198.0,492.967746,1524.624350,2017.592096,9,7,0.00,0.1500,0.1000,2,0,8,1,0.000500,1.0000,2,0.5000,2,0.0000,0,0.0000,0,0.0000,0,0.0000,0,0.0000,0,0.0000,0,0.0000,0,0.0000,0
4975773.0,666.780385,2144.712683,2811.493068,10,8,0.00,0.1688,0.1125,2,0,8,1,0.000500,1.0000,2,0.6875,2,0.0000,0,0.0000,0,0.0000,0,0.0000,0,0.0000,0,0.0000,0,0.0000,0,0.0000,0
5182092.0,712.199220,2311.487208,3023.686429,11,9,0.00,0.1938,0.1250,2,0,8,1,0.000500,1.0000,2,0.9375,2,0.0000,0,0.0000,0,0.0000,0,0.0000,0,0.0000,0,0.0000,0,0.0000,0,0.0000,0
6394537.0,1002.681335,3382.480292,4385.161627,12,9,0.00,0.2031,0.1375,3,0,7,2,0.001000,1.0000,2,0.9375,2,0.0938,2,0.0000,0,0.0000,0,0.0000,0,0.0000,0,0.0000,0,0.0000,0,0.0000,0
6588193.0,1056.407427,3580.977692,4637.385118,13,9,0.00,0.2156,0.1500,3,0,7,2,0.001000,1.0000,2,0.9375,2,0.2188,2,0.0000,0,0.0000,0,0.0000,0,0.0000,0,0.0000,0,0.0000,0,0.0000,0
6976821.0,1168.003036,4008.468492,5176.471528,14,10,0.00,0.2281,0.1625,3,0,7,2,0.001000,1.0000,2,0.9375,2,0.3438,2,0.0000,0,0.0000,0,0.0000,0,0.0000,0,0.0000,0,0.0000,0,0.0000,0
8387257.0,1586.726224,5665.730792,7252.457016,15,11,0.00,0.2531,0.1750,3,0,7,2,0.001000,1.0000,2,0.9375,2,0.5938,2,0.0000,0,0.0000,0,0.0000,0,0.0000,0,0.0000,0,0.0000,0,0.0000,0
8396307.0,1589.588915,5677.043292,7266.632207,16,12,0.00,0.2781,0.1875,3,0,7,2,0.001000,1.0000,2,0.9375,2,0.8438,2,0.0000,0,0.0000,0,0.0000,0,0.0000,0,0.0000,0,0.0000,0,0.0000,0
8962274.0,1779.620696,6426.949567,8206.570263,17,12,0.00,0.3281,0.1875,4,0,6,3,0.001500,1.0000,2,0.9375,2,0.8438,2,0.5000,2,0.0000,0,0.0000,0,0.0000,0,0.0000,0,0.0000,0,0.0000,0
9437497.0,1972.185016,7088.301575,9060.486591,18,12,0.00,0.3281,0.1875,4,0,6,3,0.001500,1.0000,2,0.9375,2,0.8438,2,0.5000,2,0.0000,0,0.0000,0,0.0000,0,0.0000,0,0.0000,0,0.0000,0
9476974.0,1988.181425,7143.240400,9131.421825,19,13,0.00,0.3375,0.2000,4,0,6,3,0.001500,1.0000,2,0.9375,2,0.9375,2,0.5000,2,0.0000,0,0.0000,0,0.0000,0,0.0000,0,0.0000,0,0.0000,0
9664050.0,2065.350275,7417.618533,9482.968808,20,14,0.00,0.3500,0.2125,4,0,6,3,0.001500,1.0000,2,0.9375,2,0.9375,2,0.6250,2,0.0000,0,0.0000,0,0.0000,0,0.0000,0,0.0000,0,0.0000,0
9664123.0,2065.381097,7417.731075,9483.112172,21,15,0.00,0.3625,0.2250,4,0,6,3,0.001500,1.0000,2,0.9375,2,0.9375,2,0.7500,2,0.0000,0,0.0000,0,0.0000,0,0.0000,0,0.0000,0,0.0000,0
9671707.0,2068.656964,7429.991875,9498.648839,22,16,0.00,0.3750,0.2375,4,0,6,3,0.001500,1.0000,2,0.9375,2,0.9375,2,0.8750,2,0.0000,0,0.0000,0,0.0000,0,0.0000,0,0.0000,0,0.0000,0
9679175.0,2071.955331,7442.625242,9514.580572,23,16,0.00,0.3813,0.2500,4,0,6,3,0.001500,1.0000,2,1.0000,2,0.9375,2,0.8750,2,0.0000,0,0.0000,0,0.0000,0,0.0000,0,0.0000,0,0.0000,0
9766837.0,2111.099349,7597.494775,9708.594124,24,16,0.00,0.4000,0.2625,5,0,5,4,0.002000,1.0000,2,1.0000,2,0.9375,2,0.8750,2,0.1875,2,0.0000,0,0.0000,0,0.0000,0,0.0000,0,0.0000,0
9818766.0,2136.631107,7696.592617,9833.223724,25,17,0.00,0.4250,0.2750,5,0,5,4,0.002000,1.0000,2,1.0000,2,0.9375,2,0.8750,2,0.4375,2,0.0000,0,0.0000,0,0.0000,0,0.0000,0,0.0000,0
9823530.0,2139.066040,7706.041217,9845.107257,26,18,0.00,0.4313,0.2875,5,0,5,4,0.002000,1.0000,2,1.0000,2,1.0000,2,0.8750,2,0.4375,2,0.0000,0,0.0000,0,0.0000,0,0.0000,0,0.0000,0
9924220.0,2191.019283,7913.294800,10104.314083,27,19,0.00,0.4563,0.3000,5,0,5,4,0.002000,1.0000,2,1.0000,2,1.0000,2,0.8750,2,0.6875,2,0.0000,0,0.0000,0,0.0000,0,0.0000,0,0.0000,0
9941376.0,2200.204892,7949.894267,10150.099158,28,19,0.00,0.4578,0.3125,5,0,5,4,0.002000,1.0000,2,1.0000,2,1.0000,2,0.8906,2,0.6875,2,0.0000,0,0.0000,0,0.0000,0,0.0000,0,0.0000,0
9949982.0,2204.823146,7968.899183,10173.722330,29,20,0.00,0.4828,0.3250,5,0,5,4,0.002000,1.0000,2,1.0000,2,1.0000,2,0.8906,2,0.9375,2,0.0000,0,0.0000,0,0.0000,0,0.0000,0,0.0000,0
9955274.0,2207.765902,7980.982583,10188.748486,30,20,0.00,0.4891,0.3375,5,0,5,4,0.002000,1.0000,2,1.0000,2,1.0000,2,0.9531,2,0.9375,2,0.0000,0,0.0000,0,0.0000,0,0.0000,0,0.0000,0
9957349.0,2208.930348,7985.876125,10194.806473,31,20,0.00,0.5141,0.3500,6,0,4,5,0.002500,1.0000,2,1.0000,2,1.0000,2,0.9531,2,0.9375,2,0.2500,2,0.0000,0,0.0000,0,0.0000,0,0.0000,0
9961302.0,2211.345384,7995.758625,10207.104009,32,21,0.00,0.5391,0.3625,6,0,4,5,0.002500,1.0000,2,1.0000,2,1.0000,2,0.9531,2,0.9375,2,0.5000,2,0.0000,0,0.0000,0,0.0000,0,0.0000,0
9963454.0,2212.701966,8001.300025,10214.001991,33,22,0.00,0.5484,0.3750,6,0,4,5,0.002500,1.0000,2,1.0000,2,1.0000,2,0.9531,2,0.9375,2,0.5938,2,0.0000,0,0.0000,0,0.0000,0,0.0000,0
9965463.0,2213.973466,8006.586900,10220.560366,34,22,0.00,0.5281,0.3750,6,0,4,5,0.002500,1.0000,2,1.0000,2,1.0000,2,1.0000,2,0.6875,2,0.5938,2,0.0000,0,0.0000,0,0.0000,0,0.0000,0
9965619.0,2214.070478,8007.000300,10221.070778,35,23,0.00,0.5531,0.3875,6,0,4,5,0.002500,1.0000,2,1.0000,2,1.0000,2,1.0000,2,0.9375,2,0.5938,2,0.0000,0,0.0000,0,0.0000,0,0.0000,0
9967058.0,2214.982624,8010.794150,10225.776774,36,24,0.00,0.5484,0.3750,6,0,4,5,0.002500,1.0000,2,1.0000,2,1.0000,2,0.9531,2,0.6875,2,0.8438,2,0.0000,0,0.0000,0,0.0000,0,0.0000,0
9967204.0,2215.075725,8011.181050,10226.256775,37,24,0.00,0.5531,0.3875,6,0,4,5,0.002500,1.0000,2,1.0000,2,1.0000,2,1.0000,2,0.6875,2,0.8438,2,0.0000,0,0.0000,0,0.0000,0,0.0000,0
9970479.0,2217.066602,8019.495900,10236.562502,38,25,0.00,0.5234,0.3625,6,0,4,5,0.002500,1.0000,2,1.0000,2,1.0000,2,0.9531,2,0.9375,2,0.3438,2,0.0000,0,0.0000,0,0.0000,0,0.0000,0
9973579.0,2218.942864,8027.242300,10246.185164,39,25,0.00,0.5031,0.3500,6,0,4,5,0.002500,1.0000,2,1.0000,2,1.0000,2,0.9375,2,0.7500,2,0.3438,2,0.0000,0,0.0000,0,0.0000,0,0.0000,0
9973948.0,2219.164568,8028.155650,10247.320218,40,25,0.00,0.5031,0.3500,6,0,4,5,0.002500,1.0000,2,0.9375,2,1.0000,2,1.0000,2,0.7500,2,0.3438,2,0.0000,0,0.0000,0,0.0000,0,0.0000,0
9974338.0,2219.397688,8029.102450,10248.500138,41,25,0.00,0.5094,0.3500,6,0,4,5,0.002500,1.0000,2,0.9375,2,1.0000,2,1.0000,2,0.8125,2,0.3438,2,0.0000,0,0.0000,0,0.0000,0,0.0000,0
9976185.0,2220.519356,8033.719950,10254.239306,42,25,0.00,0.5141,0.3625,6,0,4,5,0.002500,1.0000,2,0.9844,2,1.0000,2,1.0000,2,0.8125,2,0.3438,2,0.0000,0,0.0000,0,0.0000,0,0.0000,0
9977555.0,2221.352483,8037.168350,10258.520833,43,25,0.00,0.5141,0.3625,6,0,4,5,0.002500,1.0000,2,0.9375,2,1.0000,2,1.0000,2,0.8594,2,0.3438,2,0.0000,0,0.0000,0,0.0000,0,0.0000,0
9980855.0,2223.297183,8045.081675,10268.378858,44,26,0.00,0.4844,0.3375,6,0,4,5,0.002500,1.0000,2,0.9375,2,1.0000,2,1.0000,2,0.6563,2,0.2500,2,0.0000,0,0.0000,0,0.0000,0,0.0000,0
9983856.0,2225.023527,8051.969775,10276.993302,45,26,0.00,0.4703,0.3250,6,0,4,5,0.002500,1.0000,2,0.9844,2,1.0000,2,0.9375,2,0.5313,2,0.2500,2,0.0000,0,0.0000,0,0.0000,0,0.0000,0
9985207.0,2225.799250,8055.068875,10280.868125,46,26,0.00,0.4703,0.3250,6,0,4,5,0.002500,1.0000,2,0.9375,2,1.0000,2,0.9844,2,0.5313,2,0.2500,2,0.0000,0,0.0000,0,0.0000,0,0.0000,0
9989432.0,2228.222693,8064.709625,10292.932318,47,26,0.00,0.4703,0.3250,6,0,4,5,0.002500,1.0000,2,0.9844,2,1.0000,2,0.9375,2,0.5313,2,0.2500,2,0.0000,0,0.0000,0,0.0000,0,0.0000,0
9989615.0,2228.328268,8065.139675,10293.467943,48,26,0.00,0.4750,0.3375,6,0,4,5,0.002500,1.0000,2,0.9844,2,1.0000,2,0.9844,2,0.5313,2,0.2500,2,0.0000,0,0.0000,0,0.0000,0,0.0000,0
9992086.0,2229.746188,8070.789700,10300.535888,49,26,0.00,0.4781,0.3125,6,0,4,5,0.002500,1.0000,2,0.9375,2,1.0000,2,0.9375,2,0.6563,2,0.2500,2,0.0000,0,0.0000,0,0.0000,0,0.0000,0
9992086.0,2229.746188,8070.789700,10300.535888,50,26,0.00,0.4906,0.3125,6,0,4,5,0.002500,1.0000,2,0.9375,2,1.0000,2,0.9375,2,0.7813,2,0.2500,2,0.0000,0,0.0000,0,0.0000,0,0.0000,0
9992104.0,2229.756857,8070.830650,10300.587507,51,26,0.00,0.5031,0.3125,6,0,4,5,0.002500,1.0000,2,0.9375,2,1.0000,2,0.9375,2,0.9063,2,0.2500,2,0.0000,0,0.0000,0,0.0000,0,0.0000,0
9993395.0,2230.534595,8073.767675,10304.302270,52,26,0.00,0.5094,0.3250,6,0,4,5,0.002500,1.0000,2,1.0000,2,1.0000,2,0.9375,2,0.9063,2,0.2500,2,0.0000,0,0.0000,0,0.0000,0,0.0000,0
9993396.0,2230.535202,8073.770025,10304.305227,53,26,0.00,0.5156,0.3375,6,0,4,5,0.002500,1.0000,2,1.0000,2,1.0000,2,1.0000,2,0.9063,2,0.2500,2,0.0000,0,0.0000,0,0.0000,0,0.0000,0
9993753.0,2230.753741,8074.635750,10305.389491,54,27,0.00,0.5344,0.3500,6,0,4,5,0.002500,1.0000,2,1.0000,2,1.0000,2,1.0000,2,0.9063,2,0.4375,2,0.0000,0,0.0000,0,0.0000,0,0.0000,0
9997763.0,2233.193924,8084.300825,10317.494749,55,28,0.00,0.5031,0.3250,6,0,4,5,0.002500,1.0000,2,0.9375,2,1.0000,2,0.9375,2,0.9688,2,0.1875,2,0.0000,0,0.0000,0,0.0000,0,0.0000,0
9999611.0,2234.307216,8088.643625,10322.950841,56,28,0.00,0.5078,0.3375,6,0,4,5,0.002500,1.0000,2,0.9844,2,1.0000,2,0.9375,2,0.9688,2,0.1875,2,0.0000,0,0.0000,0,0.0000,0,0.0000,0
9999740.0,2234.385400,8088.956450,10323.341850,57,29,0.00,0.5266,0.3500,6,0,4,5,0.002500,1.0000,2,0.9844,2,1.0000,2,0.9375,2,0.9688,2,0.3750,2,0.0000,0,0.0000,0,0.0000,0,0.0000,0
9999867.0,2234.464048,8089.273050,10323.737098,58,29,0.00,0.5125,0.3500,6,0,4,5,0.002500,1.0000,2,0.9844,2,1.0000,2,0.9844,2,0.9688,2,0.1875,2,0.0000,0,0.0000,0,0.0000,0,0.0000,0
10000483.0,2234.835970,8090.737600,10325.573570,59,30,0.00,0.5156,0.3375,6,0,4,5,0.002500,1.0000,2,0.9375,2,1.0000,2,0.9375,2,0.9688,2,0.3125,2,0.0000,0,0.0000,0,0.0000,0,0.0000,0
10000836.0,2235.052060,8091.593625,10326.645685,60,31,0.00,0.5328,0.3500,6,0,4,5,0.002500,1.0000,2,0.9375,2,1.0000,2,0.9375,2,0.9688,2,0.4844,2,0.0000,0,0.0000,0,0.0000,0,0.0000,0
10000884.0,2235.082085,8091.713625,10326.795710,61,31,0.00,0.5453,0.3500,6,0,4,5,0.002500,1.0000,2,0.9375,2,1.0000,2,0.9375,2,0.9688,2,0.6094,2,0.0000,0,0.0000,0,0.0000,0,0.0000,0
10001573.0,2235.519412,8093.430650,10328.950062,62,31,0.00,0.5438,0.3500,6,0,4,5,0.002500,1.0000,2,0.9844,2,1.0000,2,0.9375,2,0.9063,2,0.6094,2,0.0000,0,0.0000,0,0.0000,0,0.0000,0
10001854.0,2235.697574,8094.133150,10329.830724,63,32,0.00,0.5625,0.3625,6,0,4,5,0.002500,1.0000,2,0.9844,2,1.0000,2,0.9375,2,0.9063,2,0.7969,2,0.0000,0,0.0000,0,0.0000,0,0.0000,0
10002519.0,2236.127130,8095.826775,10331.953905,64,32,0.00,0.5656,0.3500,7,0,3,6,0.003000,1.0000,2,0.9844,2,1.0000,2,0.9375,2,0.8125,2,0.6719,2,0.2500,2,0.0000,0,0.0000,0,0.0000,0
10002813.0,2236.324151,8096.562475,10332.886626,65,33,0.00,0.5672,0.3500,7,0,3,6,0.003000,1.0000,2,0.9844,2,1.0000,2,0.9375,2,1.0000,2,0.5000,2,0.2500,2,0.0000,0,0.0000,0,0.0000,0
10003114.0,2236.529678,8097.335042,10333.864719,66,34,0.00,0.5859,0.3625,7,0,3,6,0.003000,1.0000,2,0.9844,2,1.0000,2,0.9375,2,1.0000,2,0.6875,2,0.2500,2,0.0000,0,0.0000,0,0.0000,0
10004799.0,2237.608141,8101.468875,10339.077016,67,34,0.00,0.5234,0.3375,6,0,4,6,0.003000,1.0000,2,0.7344,2,1.0000,2,1.0000,2,0.8125,2,0.6875,2,0.0000,0,0.0000,0,0.0000,0,0.0000,0
10005625.0,2238.113855,8103.446500,10341.560355,68,34,0.00,0.5094,0.3375,6,0,4,6,0.003000,1.0000,2,0.7813,2,1.0000,2,1.0000,2,0.8125,2,0.5000,2,0.0000,0,0.0000,0,0.0000,0,0.0000,0
10008375.0,2239.762924,8109.742725,10349.505649,69,34,0.00,0.5031,0.3250,6,0,4,6,0.003000,1.0000,2,0.7813,2,1.0000,2,0.9375,2,0.8125,2,0.5000,2,0.0000,0,0.0000,0,0.0000,0,0.0000,0
10009087.0,2240.190097,8111.379775,10351.569872,70,34,0.00,0.5031,0.3250,6,0,4,6,0.003000,1.0000,2,0.7813,2,1.0000,2,0.9375,2,0.8125,2,0.5000,2,0.0000,0,0.0000,0,0.0000,0,0.0000,0
10009222.0,2240.271425,8111.697025,10351.968450,71,35,0.00,0.5313,0.3375,6,0,4,6,0.003000,1.0000,2,0.7813,2,1.0000,2,0.9375,2,0.8125,2,0.7813,2,0.0000,0,0.0000,0,0.0000,0,0.0000,0
10011081.0,2241.387272,8115.934125,10357.321397,72,36,0.00,0.5266,0.3250,7,0,3,7,0.003500,1.0000,2,0.7344,2,1.0000,2,0.9375,2,0.8125,2,0.5000,2,0.2813,2,0.0000,0,0.0000,0,0.0000,0
10011177.0,2241.447769,8116.160192,10357.607960,73,36,0.00,0.5031,0.3250,6,0,4,7,0.003500,1.0000,2,0.7813,2,1.0000,2,0.9375,2,0.8125,2,0.5000,2,0.0000,0,0.0000,0,0.0000,0,0.0000,0
10011398.0,2241.580614,8116.673542,10358.254156,74,37,0.00,0.5234,0.3250,6,0,4,7,0.003500,1.0000,2,0.7344,2,1.0000,2,0.9375,2,0.8125,2,0.7500,2,0.0000,0,0.0000,0,0.0000,0,0.0000,0
10011759.0,2241.803795,8117.521892,10359.325687,75,38,0.00,0.5359,0.3375,6,0,4,7,0.003500,1.0000,2,0.8594,2,1.0000,2,0.9375,2,0.8125,2,0.7500,2,0.0000,0,0.0000,0,0.0000,0,0.0000,0
10013436.0,2242.852397,8121.554117,10364.406514,76,39,0.00,0.5484,0.3375,6,0,4,7,0.003500,1.0000,2,0.7344,2,1.0000,2,0.9375,2,0.8125,2,1.0000,2,0.0000,0,0.0000,0,0.0000,0,0.0000,0
10013677.0,2243.006077,8122.138542,10365.144618,77,39,0.00,0.5531,0.3500,6,0,4,7,0.003500,1.0000,2,0.7813,2,1.0000,2,0.9375,2,0.8125,2,1.0000,2,0.0000,0,0.0000,0,0.0000,0,0.0000,0
10013797.0,2243.083195,8122.438542,10365.521736,78,39,0.00,0.5656,0.3625,7,0,3,8,0.004000,1.0000,2,0.7813,2,1.0000,2,0.9375,2,0.6875,2,1.0000,2,0.2500,2,0.0000,0,0.0000,0,0.0000,0
10014736.0,2243.684097,8124.786767,10368.470864,79,39,0.00,0.4813,0.3250,6,1,3,8,0.004000,1.0000,2,0.8125,2,1.0000,2,0.9375,2,0.4375,2,0.6250,2,0.0000,1,0.0000,0,0.0000,0,0.0000,0
10014814.0,2243.730065,8124.970733,10368.700798,80,40,0.00,0.4906,0.3375,6,0,4,8,0.004000,1.0000,2,0.9063,2,1.0000,2,0.9375,2,0.4375,2,0.6250,2,0.0000,0,0.0000,0,0.0000,0,0.0000,0
10014946.0,2243.808303,8125.290833,10369.099136,81,40,0.00,0.4969,0.3500,6,0,4,8,0.004000,1.0000,2,0.9688,2,1.0000,2,0.9375,2,0.4375,2,0.6250,2,0.0000,0,0.0000,0,0.0000,0,0.0000,0
10015701.0,2244.254286,8127.138358,10371.392644,82,40,0.00,0.4969,0.3500,6,0,4,8,0.004000,1.0000,2,0.8438,2,1.0000,2,0.9375,2,0.5625,2,0.6250,2,0.0000,0,0.0000,0,0.0000,0,0.0000,0
10015833.0,2244.332037,8127.454333,10371.786370,83,40,0.00,0.4875,0.3375,6,0,4,8,0.004000,1.0000,2,0.7500,2,1.0000,2,0.9375,2,0.5625,2,0.6250,2,0.0000,0,0.0000,0,0.0000,0,0.0000,0
10016935.0,2244.967745,8129.975483,10374.943229,84,40,0.00,0.4750,0.3250,6,0,4,8,0.004000,1.0000,2,0.7500,2,1.0000,2,0.9375,2,0.4375,2,0.6250,2,0.0000,0,0.0000,0,0.0000,0,0.0000,0
10017162.0,2245.098559,8130.493933,10375.592493,85,40,0.00,0.4734,0.3250,6,0,4,8,0.004000,1.0000,2,0.7344,2,1.0000,2,0.9375,2,0.4375,2,0.6250,2,0.0000,0,0.0000,0,0.0000,0,0.0000,0
10017643.0,2245.376314,8131.605608,10376.981922,86,40,0.00,0.4859,0.3250,6,0,4,8,0.004000,1.0000,2,0.8594,2,1.0000,2,0.9375,2,0.4375,2,0.6250,2,0.0000,0,0.0000,0,0.0000,0,0.0000,0
10017811.0,2245.475277,8132.000408,10377.475685,87,40,0.00,0.4922,0.3375,6,0,4,8,0.004000,1.0000,2,0.9219,2,1.0000,2,0.9375,2,0.4375,2,0.6250,2,0.0000,0,0.0000,0,0.0000,0,0.0000,0
10018219.0,2245.717471,8132.987858,10378.705329,88,40,0.00,0.4906,0.3375,6,0,4,8,0.004000,1.0000,2,0.9063,2,1.0000,2,0.9375,2,0.4375,2,0.6250,2,0.0000,0,0.0000,0,0.0000,0,0.0000,0
10018378.0,2245.811263,8133.364208,10379.175472,89,40,0.00,0.4906,0.3375,6,0,4,8,0.004000,1.0000,2,0.9063,2,1.0000,2,0.9375,2,0.4375,2,0.6250,2,0.0000,0,0.0000,0,0.0000,0,0.0000,0
10018598.0,2245.941407,8133.892533,10379.833941,90,40,0.00,0.4984,0.3375,6,0,4,8,0.004000,1.0000,2,0.8594,2,1.0000,2,0.9375,2,0.5625,2,0.6250,2,0.0000,0,0.0000,0,0.0000,0,0.0000,0
10018784.0,2246.052781,8134.343583,10380.396365,91,40,0.00,0.5031,0.3500,6,0,4,8,0.004000,1.0000,2,0.9063,2,1.0000,2,0.9375,2,0.5625,2,0.6250,2,0.0000,0,0.0000,0,0.0000,0,0.0000,0
10019718.0,2246.591586,8136.509083,10383.100669,92,41,0.00,0.4891,0.3250,6,0,4,8,0.004000,1.0000,2,0.8594,2,1.0000,2,0.9375,2,0.7188,2,0.3750,2,0.0000,0,0.0000,0,0.0000,0,0.0000,0
10019860.0,2246.672457,8136.828758,10383.501215,93,41,0.00,0.4500,0.3125,6,0,4,8,0.004000,1.0000,2,0.7500,2,1.0000,2,0.9375,2,0.4375,2,0.3750,2,0.0000,0,0.0000,0,0.0000,0,0.0000,0
10020315.0,2246.927763,8137.863883,10384.791646,94,41,0.00,0.4625,0.3250,6,0,4,8,0.004000,1.0000,2,0.8750,2,1.0000,2,0.9375,2,0.4375,2,0.3750,2,0.0000,0,0.0000,0,0.0000,0,0.0000,0
10020698.0,2247.146392,8138.763933,10385.910325,95,41,0.00,0.4672,0.3375,6,0,4,8,0.004000,1.0000,2,0.9219,2,1.0000,2,0.9375,2,0.4375,2,0.3750,2,0.0000,0,0.0000,0,0.0000,0,0.0000,0
10022793.0,2248.324820,8143.565608,10391.890429,96,42,0.00,0.4688,0.3250,6,0,4,8,0.004000,1.0000,2,0.7500,2,1.0000,2,0.9375,2,0.6250,2,0.3750,2,0.0000,0,0.0000,0,0.0000,0,0.0000,0
10024695.0,2249.406793,8147.958058,10397.364851,97,42,0.00,0.4563,0.3125,6,0,4,8,0.004000,1.0000,2,0.8125,2,1.0000,2,0.9375,2,0.4375,2,0.3750,2,0.0000,0,0.0000,0,0.0000,0,0.0000,0
10024890.0,2249.515699,8148.390433,10397.906132,98,42,0.00,0.4484,0.3125,6,0,4,8,0.004000,1.0000,2,0.7344,2,1.0000,2,0.9375,2,0.4375,2,0.3750,2,0.0000,0,0.0000,0,0.0000,0,0.0000,0
10025530.0,2249.872417,8149.813208,10399.685626,99,42,0.00,0.4484,0.3125,6,0,4,8,0.004000,1.0000,2,0.7344,2,1.0000,2,0.9375,2,0.4375,2,0.3750,2,0.0000,0,0.0000,0,0.0000,0,0.0000,0
10027236.0,2250.822113,8153.581483,10404.403596,100,42,0.00,0.4500,0.3125,6,0,4,8,0.004000,1.0000,2,0.7500,2,1.0000,2,0.9375,2,0.4375,2,0.3750,2,0.0000,0,0.0000,0,0.0000,0,0.0000,0
10027236.0,2250.822113,8153.581483,10404.403596,101,42,0.00,0.4563,0.3250,6,0,4,8,0.004000,1.0000,2,0.8125,2,1.0000,2,0.9375,2,0.4375,2,0.3750,2,0.0000,0,0.0000,0,0.0000,0,0.0000,0
10027446.0,2250.940967,8154.074983,10405.015950,102,43,0.00,0.4750,0.3375,6,0,4,8,0.004000,1.0000,2,1.0000,2,1.0000,2,0.9375,2,0.4375,2,0.3750,2,0.0000,0,0.0000,0,0.0000,0,0.0000,0
10027539.0,2250.994958,8154.300508,10405.295467,103,43,0.00,0.4875,0.3500,6,0,4,8,0.004000,1.0000,2,1.0000,2,1.0000,2,0.9375,2,0.5625,2,0.3750,2,0.0000,0,0.0000,0,0.0000,0,0.0000,0
10027911.0,2251.211625,8155.208008,10406.419633,104,43,0.00,0.4813,0.3500,6,0,4,8,0.004000,1.0000,2,1.0000,2,1.0000,2,1.0000,2,0.4375,2,0.3750,2,0.0000,0,0.0000,0,0.0000,0,0.0000,0
10028213.0,2251.387249,8155.944933,10407.332183,105,43,0.00,0.4797,0.3500,6,0,4,8,0.004000,1.0000,2,1.0000,2,1.0000,2,0.9375,2,0.4844,2,0.3750,2,0.0000,0,0.0000,0,0.0000,0,0.0000,0
10028677.0,2251.656660,8157.070808,10408.727468,106,43,0.00,0.4797,0.3500,6,0,4,8,0.004000,1.0000,2,1.0000,2,1.0000,2,0.9844,2,0.4375,2,0.3750,2,0.0000,0,0.0000,0,0.0000,0,0.0000,0
10029041.0,2251.868748,8157.969258,10409.838006,107,43,0.00,0.4797,0.3500,6,0,4,8,0.004000,1.0000,2,1.0000,2,1.0000,2,0.9375,2,0.4844,2,0.3750,2,0.0000,0,0.0000,0,0.0000,0,0.0000,0
10030787.0,2252.883189,8162.219583,10415.102772,108,43,0.00,0.4797,0.3500,6,0,4,8,0.004000,1.0000,2,1.0000,2,1.0000,2,0.9844,2,0.4375,2,0.3750,2,0.0000,0,0.0000,0,0.0000,0,0.0000,0
10030840.0,2252.914152,8162.352083,10415.266235,109,43,0.00,0.4844,0.3625,6,0,4,8,0.004000,1.0000,2,1.0000,2,1.0000,2,0.9844,2,0.4844,2,0.3750,2,0.0000,0,0.0000,0,0.0000,0,0.0000,0
10032059.0,2253.613263,8165.191983,10418.805246,110,44,0.00,0.4766,0.3250,6,0,4,8,0.004000,1.0000,2,0.8750,2,1.0000,2,0.9375,2,0.5781,2,0.3750,2,0.0000,0,0.0000,0,0.0000,0,0.0000,0
10032623.0,2253.937422,8166.490233,10420.427656,111,44,0.00,0.4672,0.3250,6,0,4,8,0.004000,1.0000,2,0.9219,2,1.0000,2,0.9375,2,0.4375,2,0.3750,2,0.0000,0,0.0000,0,0.0000,0,0.0000,0
10032792.0,2254.034473,8166.886633,10420.921106,112,44,0.00,0.4672,0.3250,6,0,4,8,0.004000,1.0000,2,0.9219,2,1.0000,2,0.9375,2,0.4375,2,0.3750,2,0.0000,0,0.0000,0,0.0000,0,0.0000,0
10033656.0,2254.528187,8168.862808,10423.390995,113,45,0.00,0.4813,0.3250,6,0,4,8,0.004000,1.0000,2,0.8750,2,1.0000,2,0.9375,2,0.6250,2,0.3750,2,0.0000,0,0.0000,0,0.0000,0,0.0000,0
10033713.0,2254.561556,8168.996758,10423.558314,114,46,0.00,0.4906,0.3375,6,0,4,8,0.004000,1.0000,2,0.9688,2,1.0000,2,0.9375,2,0.6250,2,0.3750,2,0.0000,0,0.0000,0,0.0000,0,0.0000,0
10033926.0,2254.687802,8169.513283,10424.201086,115,46,0.00,0.5031,0.3500,6,0,4,8,0.004000,1.0000,2,0.9688,2,1.0000,2,0.9375,2,0.7500,2,0.3750,2,0.0000,0,0.0000,0,0.0000,0,0.0000,0
10034479.0,2255.019729,8170.883258,10425.902987,116,46,0.00,0.4984,0.3500,6,0,4,8,0.004000,1.0000,2,0.8750,2,1.0000,2,0.9844,2,0.7500,2,0.3750,2,0.0000,0,0.0000,0,0.0000,0,0.0000,0
10034615.0,2255.101164,8171.223258,10426.324422,117,46,0.00,0.4984,0.3500,6,0,4,8,0.004000,1.0000,2,0.8750,2,1.0000,2,0.9844,2,0.7500,2,0.3750,2,0.0000,0,0.0000,0,0.0000,0,0.0000,0
10035396.0,2255.558624,8173.087858,10428.646483,118,47,0.00,0.4938,0.3375,6,0,4,8,0.004000,1.0000,2,0.8750,2,1.0000,2,0.9375,2,0.7500,2,0.3750,2,0.0000,0,0.0000,0,0.0000,0,0.0000,0
10036115.0,2255.986529,8174.831433,10430.817963,119,48,0.00,0.5125,0.3500,6,0,4,8,0.004000,1.0000,2,0.8750,2,1.0000,2,0.9375,2,0.9375,2,0.3750,2,0.0000,0,0.0000,0,0.0000,0,0.0000,0
10036187.0,2256.030429,8175.011433,10431.041863,120,48,0.00,0.5172,0.3625,6,0,4,8,0.004000,1.0000,2,0.9219,2,1.0000,2,0.9375,2,0.9375,2,0.3750,2,0.0000,0,0.0000,0,0.0000,0,0.0000,0
10036552.0,2256.250597,8175.919733,10432.170330,121,48,0.00,0.5000,0.3500,6,0,4,8,0.004000,1.0000,2,0.9375,2,1.0000,2,0.9375,2,0.7500,2,0.3750,2,0.0000,0,0.0000,0,0.0000,0,0.0000,0
10036751.0,2256.369443,8176.414383,10432.783826,122,48,0.00,0.4859,0.3500,6,0,4,8,0.004000,1.0000,2,0.9844,2,1.0000,2,0.9375,2,0.5625,2,0.3750,2,0.0000,0,0.0000,0,0.0000,0,0.0000,0
10036875.0,2256.442323,8176.721008,10433.163331,123,48,0.00,0.4859,0.3500,6,0,4,8,0.004000,1.0000,2,0.9375,2,1.0000,2,0.9844,2,0.5625,2,0.3750,2,0.0000,0,0.0000,0,0.0000,0,0.0000,0
10037662.0,2256.905915,8178.688508,10435.594423,124,48,0.00,0.4906,0.3625,6,0,4,8,0.004000,1.0000,2,0.9844,2,1.0000,2,0.9844,2,0.5625,2,0.3750,2,0.0000,0,0.0000,0,0.0000,0,0.0000,0
10037976.0,2257.090259,8179.468108,10436.558368,125,48,0.00,0.4984,0.3500,6,0,4,8,0.004000,1.0000,2,0.8750,2,1.0000,2,0.9844,2,0.7500,2,0.3750,2,0.0000,0,0.0000,0,0.0000,0,0.0000,0
10038341.0,2257.308816,8180.380608,10437.689424,126,48,0.00,0.5047,0.3625,6,0,4,8,0.004000,1.0000,2,0.9375,2,1.0000,2,0.9844,2,0.7500,2,0.3750,2,0.0000,0,0.0000,0,0.0000,0,0.0000,0
10039366.0,2257.925190,8182.983533,10440.908724,127,48,0.00,0.5109,0.3625,6,0,4,8,0.004000,1.0000,2,0.8750,2,1.0000,2,0.9844,2,0.8750,2,0.3750,2,0.0000,0,0.0000,0,0.0000,0,0.0000,0
10039428.0,2257.962918,8183.143183,10441.106101,128,48,0.00,0.5234,0.3750,6,0,4,8,0.004000,1.0000,2,1.0000,2,1.0000,2,0.9844,2,0.8750,2,0.3750,2,0.0000,0,0.0000,0,0.0000,0,0.0000,0
10039573.0,2258.052007,8183.523158,10441.575165,129,49,0.00,0.5047,0.3625,6,0,4,8,0.004000,1.0000,2,0.8750,2,1.0000,2,0.9844,2,0.8125,2,0.3750,2,0.0000,0,0.0000,0,0.0000,0,0.0000,0
10039634.0,2258.088829,8183.680233,10441.769063,130,50,0.00,0.5328,0.3750,6,0,4,8,0.004000,1.0000,2,0.8750,2,1.0000,2,0.9844,2,0.8125,2,0.6563,2,0.0000,0,0.0000,0,0.0000,0,0.0000,0
10039873.0,2258.235332,8184.303308,10442.538640,131,50,0.00,0.5172,0.3750,6,0,4,8,0.004000,1.0000,2,1.0000,2,1.0000,2,0.9844,2,0.8125,2,0.3750,2,0.0000,0,0.0000,0,0.0000,0,0.0000,0
10040570.0,2258.656501,8186.101383,10444.757884,132,50,0.00,0.5172,0.3750,6,0,4,8,0.004000,1.0000,2,0.8750,2,1.0000,2,0.9844,2,0.9375,2,0.3750,2,0.0000,0,0.0000,0,0.0000,0,0.0000,0
10040740.0,2258.760773,8186.551883,10445.312657,133,50,0.00,0.5297,0.3875,6,0,4,8,0.004000,1.0000,2,1.0000,2,1.0000,2,0.9844,2,0.9375,2,0.3750,2,0.0000,0,0.0000,0,0.0000,0,0.0000,0
10041157.0,2259.020602,8187.688208,10446.708810,134,51,0.00,0.5422,0.4000,6,0,4,8,0.004000,1.0000,2,1.0000,2,1.0000,2,0.9844,2,0.9375,2,0.5000,2,0.0000,0,0.0000,0,0.0000,0,0.0000,0
10041292.0,2259.106032,8188.066208,10447.172240,135,51,0.00,0.5469,0.4125,6,0,4,8,0.004000,1.0000,2,1.0000,2,1.0000,2,0.9844,2,0.9844,2,0.5000,2,0.0000,0,0.0000,0,0.0000,0,0.0000,0
10041344.0,2259.139025,8188.213608,10447.352634,136,51,0.00,0.5469,0.4125,6,0,4,8,0.004000,1.0000,2,1.0000,2,1.0000,2,0.9844,2,0.9375,2,0.5469,2,0.0000,0,0.0000,0,0.0000,0,0.0000,0
10041954.0,2259.517421,8189.891983,10449.409405,137,51,0.00,0.5281,0.4000,6,0,4,8,0.004000,1.0000,2,1.0000,2,1.0000,2,0.9844,2,0.7969,2,0.5000,2,0.0000,0,0.0000,0,0.0000,0,0.0000,0
10042650.0,2259.940483,8191.762558,10451.703041,138,51,0.00,0.5172,0.3875,6,0,4,8,0.004000,1.0000,2,1.0000,2,1.0000,2,0.9844,2,0.8750,2,0.3125,2,0.0000,0,0.0000,0,0.0000,0,0.0000,0
10043265.0,2260.314554,8193.414133,10453.728687,139,52,0.00,0.5203,0.3750,6,0,4,8,0.004000,1.0000,2,1.0000,2,1.0000,2,0.9844,2,0.7500,2,0.4688,2,0.0000,0,0.0000,0,0.0000,0,0.0000,0
10046254.0,2262.110087,8201.034908,10463.144995,140,53,0.00,0.5047,0.3625,6,0,4,8,0.004000,1.0000,2,1.0000,2,1.0000,2,0.9844,2,0.8750,2,0.1875,2,0.0000,0,0.0000,0,0.0000,0,0.0000,0
10046254.0,2262.110087,8201.034908,10463.144995,141,54,0.00,0.5141,0.3750,6,0,4,8,0.004000,1.0000,2,1.0000,2,1.0000,2,0.9844,2,0.9688,2,0.1875,2,0.0000,0,0.0000,0,0.0000,0,0.0000,0
10047020.0,2262.578065,8203.064808,10465.642873,142,54,0.00,0.5188,0.3875,6,0,4,8,0.004000,1.0000,2,1.0000,2,1.0000,2,0.9844,2,0.9688,2,0.2344,2,0.0000,0,0.0000,0,0.0000,0,0.0000,0
10047038.0,2262.589127,8203.113858,10465.702986,143,54,0.00,0.5234,0.4000,6,0,4,8,0.004000,1.0000,2,1.0000,2,1.0000,2,0.9844,2,0.9688,2,0.2813,2,0.0000,0,0.0000,0,0.0000,0,0.0000,0
10047603.0,2262.935149,8204.628433,10467.563583,144,54,0.00,0.5188,0.3875,6,0,4,8,0.004000,1.0000,2,1.0000,2,1.0000,2,0.9844,2,0.9688,2,0.2344,2,0.0000,0,0.0000,0,0.0000,0,0.0000,0
10049677.0,2264.195740,8210.098058,10474.293799,145,55,0.00,0.5141,0.3750,6,0,4,8,0.004000,1.0000,2,0.8125,2,1.0000,2,0.9844,2,0.9688,2,0.3750,2,0.0000,0,0.0000,0,0.0000,0,0.0000,0
10050573.0,2264.737934,8212.445683,10477.183618,146,56,0.00,0.5016,0.3750,6,0,4,8,0.004000,1.0000,2,0.8750,2,1.0000,2,0.9844,2,0.9688,2,0.1875,2,0.0000,0,0.0000,0,0.0000,0,0.0000,0
10051156.0,2265.088443,8213.990633,10479.079076,147,56,0.00,0.5063,0.3875,6,0,4,8,0.004000,1.0000,2,0.9219,2,1.0000,2,0.9844,2,0.9688,2,0.1875,2,0.0000,0,0.0000,0,0.0000,0,0.0000,0
10051357.0,2265.209867,8214.535208,10479.745075,148,57,0.00,0.5266,0.3875,6,0,4,8,0.004000,1.0000,2,0.8750,2,1.0000,2,0.9844,2,0.9688,2,0.4375,2,0.0000,0,0.0000,0,0.0000,0,0.0000,0
10052128.0,2265.685488,8216.591333,10482.276822,149,57,0.00,0.5250,0.3875,6,0,4,8,0.004000,1.0000,2,0.8594,2,1.0000,2,0.9844,2,0.9688,2,0.4375,2,0.0000,0,0.0000,0,0.0000,0,0.0000,0
10052438.0,2265.876980,8217.425058,10483.302039,150,58,0.00,0.5453,0.3875,6,0,4,8,0.004000,1.0000,2,0.8125,2,1.0000,2,0.9844,2,0.9688,2,0.6875,2,0.0000,0,0.0000,0,0.0000,0,0.0000,0
10052820.0,2266.118010,8218.459708,10484.577718,151,59,0.00,0.5484,0.3875,6,0,4,8,0.004000,1.0000,2,0.8125,2,1.0000,2,0.9844,2,0.9688,2,0.7188,2,0.0000,0,0.0000,0,0.0000,0,0.0000,0
10053065.0,2266.270827,8219.115633,10485.386461,152,59,0.00,0.5328,0.3875,6,0,4,8,0.004000,1.0000,2,0.9375,2,1.0000,2,0.9844,2,0.9688,2,0.4375,2,0.0000,0,0.0000,0,0.0000,0,0.0000,0
10053622.0,2266.611766,8220.575783,10487.187549,153,59,0.00,0.5125,0.3750,6,0,4,8,0.004000,1.0000,2,0.8594,2,1.0000,2,0.9844,2,0.8438,2,0.4375,2,0.0000,0,0.0000,0,0.0000,0,0.0000,0
10054239.0,2266.976937,8222.136058,10489.112995,154,60,0.00,0.4984,0.3500,6,0,4,8,0.004000,1.0000,2,0.8125,2,1.0000,2,0.9844,2,0.7500,2,0.4375,2,0.0000,0,0.0000,0,0.0000,0,0.0000,0
10055123.0,2267.506263,8224.346058,10491.852321,155,60,0.00,0.5031,0.3625,6,0,4,8,0.004000,1.0000,2,0.8594,2,1.0000,2,0.9844,2,0.7500,2,0.4375,2,0.0000,0,0.0000,0,0.0000,0,0.0000,0
10056973.0,2268.578254,8228.843258,10497.421512,156,60,0.00,0.4641,0.3375,6,0,4,8,0.004000,1.0000,2,0.9063,2,1.0000,2,0.9844,2,0.5625,2,0.1875,2,0.0000,0,0.0000,0,0.0000,0,0.0000,0
10057657.0,2268.969535,8230.501958,10499.471493,157,60,0.00,0.4688,0.3500,6,0,4,8,0.004000,1.0000,2,0.9531,2,1.0000,2,0.9844,2,0.5625,2,0.1875,2,0.0000,0,0.0000,0,0.0000,0,0.0000,0
10058979.0,2269.726815,8233.729033,10503.455848,158,60,0.00,0.4688,0.3500,6,0,4,8,0.004000,1.0000,2,0.9531,2,1.0000,2,0.9844,2,0.5625,2,0.1875,2,0.0000,0,0.0000,0,0.0000,0,0.0000,0
10059143.0,2269.821229,8234.139033,10503.960262,159,60,0.00,0.4813,0.3625,6,0,4,8,0.004000,1.0000,2,0.9531,2,1.0000,2,0.9844,2,0.6875,2,0.1875,2,0.0000,0,0.0000,0,0.0000,0,0.0000,0
10059169.0,2269.836450,8234.205983,10504.042433,160,60,0.00,0.4859,0.3750,6,0,4,8,0.004000,1.0000,2,1.0000,2,1.0000,2,0.9844,2,0.6875,2,0.1875,2,0.0000,0,0.0000,0,0.0000,0,0.0000,0
10059451.0,2270.001614,8234.933708,10504.935322,161,60,0.00,0.4828,0.3625,6,0,4,8,0.004000,1.0000,2,0.9063,2,1.0000,2,0.9844,2,0.7500,2,0.1875,2,0.0000,0,0.0000,0,0.0000,0,0.0000,0
10059776.0,2270.192269,8235.770583,10505.962853,162,60,0.00,0.4875,0.3750,6,0,4,8,0.004000,1.0000,2,0.9531,2,1.0000,2,0.9844,2,0.7500,2,0.1875,2,0.0000,0,0.0000,0,0.0000,0,0.0000,0
10059888.0,2270.258225,8236.066183,10506.324408,163,60,0.00,0.4797,0.3750,6,0,4,8,0.004000,1.0000,2,1.0000,2,1.0000,2,0.9844,2,0.6250,2,0.1875,2,0.0000,0,0.0000,0,0.0000,0,0.0000,0
10060370.0,2270.533958,8237.278233,10507.812192,164,60,0.00,0.4641,0.3500,6,0,4,8,0.004000,1.0000,2,0.7813,2,1.0000,2,0.9844,2,0.6875,2,0.1875,2,0.0000,0,0.0000,0,0.0000,0,0.0000,0
10060714.0,2270.730743,8238.138233,10508.868976,165,61,0.00,0.4734,0.3625,6,0,4,8,0.004000,1.0000,2,0.8750,2,1.0000,2,0.9844,2,0.6875,2,0.1875,2,0.0000,0,0.0000,0,0.0000,0,0.0000,0
10060718.0,2270.733060,8238.148533,10508.881594,166,62,0.00,0.4859,0.3750,6,0,4,8,0.004000,1.0000,2,1.0000,2,1.0000,2,0.9844,2,0.6875,2,0.1875,2,0.0000,0,0.0000,0,0.0000,0,0.0000,0
10061136.0,2270.979289,8239.256233,10510.235522,167,62,0.00,0.5047,0.3875,6,0,4,8,0.004000,1.0000,2,1.0000,2,1.0000,2,0.9844,2,0.8750,2,0.1875,2,0.0000,0,0.0000,0,0.0000,0,0.0000,0
10062602.0,2271.803981,8243.057700,10514.861681,168,62,0.00,0.4859,0.3750,5,0,5,8,0.004000,1.0000,2,1.0000,2,1.0000,2,0.9844,2,0.8750,2,0.0000,0,0.0000,0,0.0000,0,0.0000,0,0.0000,0
10065188.0,2273.225615,8249.523925,10522.749540,169,62,0.00,0.4688,0.3625,5,0,5,8,0.004000,1.0000,2,0.7813,2,1.0000,2,0.9844,2,0.9219,2,0.0000,0,0.0000,0,0.0000,0,0.0000,0,0.0000,0
10065461.0,2273.374266,8250.205175,10523.579441,170,62,0.00,0.4688,0.3625,5,0,5,8,0.004000,1.0000,2,0.8281,2,1.0000,2,0.9844,2,0.8750,2,0.0000,0,0.0000,0,0.0000,0,0.0000,0,0.0000,0
10066995.0,2274.206265,8253.965658,10528.171924,171,62,0.00,0.4688,0.3625,5,0,5,8,0.004000,1.0000,2,0.8281,2,1.0000,2,0.9844,2,0.8750,2,0.0000,0,0.0000,0,0.0000,0,0.0000,0,0.0000,0
10068089.0,2274.799906,8256.653375,10531.453281,172,62,0.00,0.4688,0.3625,5,0,5,8,0.004000,1.0000,2,0.8281,2,1.0000,2,0.9844,2,0.8750,2,0.0000,0,0.0000,0,0.0000,0,0.0000,0,0.0000,0
10071515.0,2276.642519,8264.803075,10541.445594,173,63,0.00,0.4703,0.3500,5,0,5,8,0.004000,1.0000,2,0.9063,2,1.0000,2,0.9844,2,0.8125,2,0.0000,0,0.0000,0,0.0000,0,0.0000,0,0.0000,0
10072956.0,2277.416856,8268.209533,10545.626389,174,63,0.00,0.4641,0.3375,5,0,5,8,0.004000,1.0000,2,0.7813,2,1.0000,2,0.9844,2,0.8750,2,0.0000,0,0.0000,0,0.0000,0,0.0000,0,0.0000,0
10072977.0,2277.428727,8268.259058,10545.687786,175,64,0.00,0.4891,0.3500,6,0,4,9,0.004500,1.0000,2,0.7813,2,1.0000,2,0.9844,2,0.8750,2,0.2500,2,0.0000,0,0.0000,0,0.0000,0,0.0000,0
10073827.0,2277.891063,8270.268900,10548.159963,176,64,0.00,0.4688,0.3500,5,0,5,9,0.004500,1.0000,2,0.8281,2,1.0000,2,0.9844,2,0.8750,2,0.0000,0,0.0000,0,0.0000,0,0.0000,0,0.0000,0
10075751.0,2278.930858,8274.792608,10553.723466,177,64,0.00,0.4594,0.3375,5,0,5,9,0.004500,1.0000,2,0.7344,2,1.0000,2,0.9844,2,0.8750,2,0.0000,0,0.0000,0,0.0000,0,0.0000,0,0.0000,0
10076540.0,2279.353064,8276.609008,10555.962073,178,64,0.00,0.4594,0.3375,5,0,5,9,0.004500,1.0000,2,0.7344,2,1.0000,2,0.9844,2,0.8750,2,0.0000,0,0.0000,0,0.0000,0,0.0000,0,0.0000,0
10076597.0,2279.383722,8276.743433,10556.127155,179,64,0.00,0.4641,0.3500,5,0,5,9,0.004500,1.0000,2,0.7813,2,1.0000,2,0.9844,2,0.8750,2,0.0000,0,0.0000,0,0.0000,0,0.0000,0,0.0000,0
10077065.0,2279.634635,8277.836333,10557.470968,180,64,0.00,0.4547,0.3250,5,0,5,9,0.004500,1.0000,2,0.7500,2,1.0000,2,0.9844,2,0.8125,2,0.0000,0,0.0000,0,0.0000,0,0.0000,0,0.0000,0
10077174.0,2279.692863,8278.085217,10557.778079,181,64,0.00,0.4594,0.3375,5,0,5,9,0.004500,1.0000,2,0.7969,2,1.0000,2,0.9844,2,0.8125,2,0.0000,0,0.0000,0,0.0000,0,0.0000,0,0.0000,0
10078477.0,2280.390083,8281.084175,10561.474258,182,64,0.00,0.4672,0.3250,5,0,5,9,0.004500,1.0000,2,0.8750,2,1.0000,2,0.9844,2,0.8125,2,0.0000,0,0.0000,0,0.0000,0,0.0000,0,0.0000,0
10079174.0,2280.769197,8282.675658,10563.444856,183,64,0.00,0.4719,0.3375,5,0,5,9,0.004500,1.0000,2,0.9219,2,1.0000,2,0.9844,2,0.8125,2,0.0000,0,0.0000,0,0.0000,0,0.0000,0,0.0000,0
10079912.0,2281.171732,8284.383783,10565.555516,184,64,0.00,0.4719,0.3375,5,0,5,9,0.004500,1.0000,2,0.9219,2,1.0000,2,0.9844,2,0.8125,2,0.0000,0,0.0000,0,0.0000,0,0.0000,0,0.0000,0
10081543.0,2282.059677,8288.124475,10570.184152,185,65,0.00,0.4797,0.3375,5,0,5,9,0.004500,1.0000,2,0.8750,2,1.0000,2,0.9844,2,0.9375,2,0.0000,0,0.0000,0,0.0000,0,0.0000,0,0.0000,0
10082034.0,2282.331518,8289.282417,10571.613934,186,65,0.00,0.4844,0.3500,5,0,5,9,0.004500,1.0000,2,0.9219,2,1.0000,2,0.9844,2,0.9375,2,0.0000,0,0.0000,0,0.0000,0,0.0000,0,0.0000,0
10082398.0,2282.533770,8290.155775,10572.689545,187,66,0.00,0.4859,0.3500,5,0,5,9,0.004500,1.0000,2,0.9375,2,1.0000,2,0.9844,2,0.9375,2,0.0000,0,0.0000,0,0.0000,0,0.0000,0,0.0000,0
10084139.0,2283.490740,8294.273483,10577.764224,188,67,0.00,0.4797,0.3500,5,0,5,9,0.004500,1.0000,2,1.0000,2,1.0000,2,0.9844,2,0.8125,2,0.0000,0,0.0000,0,0.0000,0,0.0000,0,0.0000,0
10084399.0,2283.634688,8294.906150,10578.540838,189,67,0.00,0.4922,0.3500,5,0,5,9,0.004500,1.0000,2,1.0000,2,1.0000,2,0.9844,2,0.9375,2,0.0000,0,0.0000,0,0.0000,0,0.0000,0,0.0000,0
10086450.0,2284.765277,8299.666217,10584.431494,190,67,0.00,0.4719,0.3375,5,0,5,9,0.004500,1.0000,2,0.8750,2,1.0000,2,0.9844,2,0.8594,2,0.0000,0,0.0000,0,0.0000,0,0.0000,0,0.0000,0
10087455.0,2285.308375,8301.909742,10587.218117,191,67,0.00,0.4656,0.3250,5,0,5,9,0.004500,1.0000,2,0.8594,2,1.0000,2,0.9844,2,0.8125,2,0.0000,0,0.0000,0,0.0000,0,0.0000,0,0.0000,0
10087711.0,2285.447079,8302.489550,10587.936629,192,68,0.00,0.4781,0.3250,5,0,5,9,0.004500,1.0000,2,0.8125,2,1.0000,2,0.9844,2,0.9844,2,0.0000,0,0.0000,0,0.0000,0,0.0000,0,0.0000,0
10087754.0,2285.470834,8302.587733,10588.058567,193,68,0.00,0.4828,0.3375,5,0,5,9,0.004500,1.0000,2,0.8594,2,1.0000,2,0.9844,2,0.9844,2,0.0000,0,0.0000,0,0.0000,0,0.0000,0,0.0000,0
10087849.0,2285.524161,8302.811775,10588.335936,194,68,0.00,0.5000,0.3500,6,0,4,10,0.005000,1.0000,2,0.8594,2,1.0000,2,0.9844,2,0.9844,2,0.1719,2,0.0000,0,0.0000,0,0.0000,0,0.0000,0
10088207.0,2285.725126,8303.646842,10589.371968,195,69,0.00,0.4844,0.3375,5,0,5,10,0.005000,1.0000,2,0.8750,2,1.0000,2,0.9844,2,0.9844,2,0.0000,0,0.0000,0,0.0000,0,0.0000,0,0.0000,0
10088963.0,2286.143273,8305.375817,10591.519090,196,69,0.00,0.4797,0.3250,6,0,4,11,0.005500,1.0000,2,0.8125,2,1.0000,2,0.9844,2,0.8125,2,0.1875,2,0.0000,0,0.0000,0,0.0000,0,0.0000,0
10089624.0,2286.523982,8306.911192,10593.435174,197,69,0.00,0.4656,0.3250,5,0,5,11,0.005500,1.0000,2,0.8594,2,1.0000,2,0.9844,2,0.8125,2,0.0000,0,0.0000,0,0.0000,0,0.0000,0,0.0000,0
10089802.0,2286.621085,8307.317625,10593.938710,198,69,0.00,0.4938,0.3375,6,0,4,12,0.006000,1.0000,2,0.8594,2,1.0000,2,0.9844,2,0.8125,2,0.2813,2,0.0000,0,0.0000,0,0.0000,0,0.0000,0
10090200.0,2286.856703,8308.257125,10595.113828,199,69,0.00,0.4953,0.3375,6,0,4,12,0.006000,1.0000,2,0.8750,2,1.0000,2,0.9844,2,0.8125,2,0.2813,2,0.0000,0,0.0000,0,0.0000,0,0.0000,0
10090303.0,2286.918127,8308.506900,10595.425027,200,69,0.00,0.5000,0.3500,6,0,4,12,0.006000,1.0000,2,0.9219,2,1.0000,2,0.9844,2,0.8125,2,0.2813,2,0.0000,0,0.0000,0,0.0000,0,0.0000,0
10090557.0,2287.069110,8309.118800,10596.187910,201,70,0.00,0.5063,0.3375,6,0,4,12,0.006000,1.0000,2,0.8125,2,1.0000,2,0.9844,2,0.9844,2,0.2813,2,0.0000,0,0.0000,0,0.0000,0,0.0000,0
10090801.0,2287.210220,8309.672142,10596.882362,202,70,0.00,0.4844,0.3125,6,0,4,13,0.006500,1.0000,2,0.8125,2,1.0000,2,0.9375,2,0.8125,2,0.2813,2,0.0000,0,0.0000,0,0.0000,0,0.0000,0
10091052.0,2287.357770,8310.243167,10597.600936,203,70,0.00,0.4906,0.3250,6,0,4,13,0.006500,1.0000,2,0.8750,2,1.0000,2,0.9375,2,0.8125,2,0.2813,2,0.0000,0,0.0000,0,0.0000,0,0.0000,0
10091074.0,2287.370809,8310.294867,10597.665676,204,70,0.00,0.4953,0.3375,6,0,4,13,0.006500,1.0000,2,0.9219,2,1.0000,2,0.9375,2,0.8125,2,0.2813,2,0.0000,0,0.0000,0,0.0000,0,0.0000,0
10091866.0,2287.840570,8312.170467,10600.011036,205,71,0.00,0.4797,0.3250,5,1,4,13,0.006500,1.0000,2,0.8750,2,1.0000,2,0.9375,2,0.9844,2,0.0000,1,0.0000,0,0.0000,0,0.0000,0,0.0000,0
10091963.0,2287.894579,8312.392617,10600.287195,206,71,0.00,0.4922,0.3375,5,0,5,13,0.006500,1.0000,2,1.0000,2,1.0000,2,0.9375,2,0.9844,2,0.0000,0,0.0000,0,0.0000,0,0.0000,0,0.0000,0
10093366.0,2288.679613,8315.618483,10604.298096,207,71,0.00,0.4922,0.3375,5,0,5,13,0.006500,1.0000,2,0.9375,2,1.0000,2,1.0000,2,0.9844,2,0.0000,0,0.0000,0,0.0000,0,0.0000,0,0.0000,0
10093458.0,2288.731443,8315.835450,10604.566893,208,71,0.00,0.4969,0.3500,5,0,5,13,0.006500,1.0000,2,0.9844,2,1.0000,2,1.0000,2,0.9844,2,0.0000,0,0.0000,0,0.0000,0,0.0000,0,0.0000,0
10094677.0,2289.410769,8318.618233,10608.029003,209,71,0.00,0.4813,0.3250,6,0,4,14,0.007000,1.0000,2,0.9375,2,1.0000,2,0.9375,2,0.8125,2,0.1250,2,0.0000,0,0.0000,0,0.0000,0,0.0000,0
10095374.0,2289.812427,8320.206983,10610.019410,210,71,0.00,0.4734,0.3250,6,0,4,14,0.007000,1.0000,2,0.8594,2,1.0000,2,0.9375,2,0.8125,2,0.1250,2,0.0000,0,0.0000,0,0.0000,0,0.0000,0
10096044.0,2290.189152,8321.708708,10611.897860,211,71,0.00,0.4625,0.3125,5,0,5,14,0.007000,1.0000,2,0.8750,2,1.0000,2,0.9375,2,0.8125,2,0.0000,0,0.0000,0,0.0000,0,0.0000,0,0.0000,0
10096319.0,2290.337728,8322.316000,10612.653728,212,71,0.00,0.4672,0.3250,5,0,5,14,0.007000,1.0000,2,0.9219,2,1.0000,2,0.9375,2,0.8125,2,0.0000,0,0.0000,0,0.0000,0,0.0000,0,0.0000,0
10096985.0,2290.698322,8323.805125,10614.503447,213,72,0.00,0.4734,0.3125,5,0,5,14,0.007000,1.0000,2,0.8125,2,1.0000,2,0.9375,2,0.9844,2,0.0000,0,0.0000,0,0.0000,0,0.0000,0,0.0000,0
10097319.0,2290.882116,8324.542708,10615.424825,214,72,0.00,0.4984,0.3250,6,0,4,15,0.007500,1.0000,2,0.8125,2,1.0000,2,0.9375,2,0.9844,2,0.2500,2,0.0000,0,0.0000,0,0.0000,0,0.0000,0
10098174.0,2291.394077,8326.551958,10617.946036,215,73,0.00,0.5234,0.3375,6,0,4,15,0.007500,1.0000,2,0.8125,2,1.0000,2,0.9375,2,0.9844,2,0.5000,2,0.0000,0,0.0000,0,0.0000,0,0.0000,0
10099853.0,2292.408498,8330.532558,10622.941056,216,74,0.00,0.5266,0.3375,6,0,4,15,0.007500,1.0000,2,0.8125,2,1.0000,2,0.9375,2,0.9844,2,0.5313,2,0.0000,0,0.0000,0,0.0000,0,0.0000,0
10101508.0,2293.399026,8334.394358,10627.793385,217,74,0.00,0.4859,0.3250,6,0,4,15,0.007500,1.0000,2,0.8594,2,1.0000,2,0.9375,2,0.8125,2,0.2500,2,0.0000,0,0.0000,0,0.0000,0,0.0000,0
10101656.0,2293.486207,8334.742158,10628.228366,218,74,0.00,0.4906,0.3375,6,0,4,15,0.007500,1.0000,2,0.9063,2,1.0000,2,0.9375,2,0.8125,2,0.2500,2,0.0000,0,0.0000,0,0.0000,0,0.0000,0
10101831.0,2293.588754,8335.155617,10628.744371,219,75,0.00,0.4734,0.3125,5,0,5,15,0.007500,1.0000,2,0.8125,2,1.0000,2,0.9375,2,0.9844,2,0.0000,0,0.0000,0,0.0000,0,0.0000,0,0.0000,0
10102468.0,2293.938330,8336.562325,10630.500655,220,75,0.00,0.4781,0.3250,5,0,5,15,0.007500,1.0000,2,0.8594,2,1.0000,2,0.9375,2,0.9844,2,0.0000,0,0.0000,0,0.0000,0,0.0000,0,0.0000,0
10102699.0,2294.065887,8337.088650,10631.154537,221,75,0.00,0.4781,0.3250,5,0,5,15,0.007500,1.0000,2,0.8594,2,1.0000,2,0.9375,2,0.9844,2,0.0000,0,0.0000,0,0.0000,0,0.0000,0,0.0000,0
10103062.0,2294.263651,8337.904750,10632.168401,222,75,0.00,0.4734,0.3250,5,0,5,15,0.007500,1.0000,2,0.8125,2,1.0000,2,0.9375,2,0.9844,2,0.0000,0,0.0000,0,0.0000,0,0.0000,0,0.0000,0
10103067.0,2294.266395,8337.916167,10632.182561,223,75,0.00,0.4859,0.3375,5,0,5,15,0.007500,1.0000,2,0.9375,2,1.0000,2,0.9375,2,0.9844,2,0.0000,0,0.0000,0,0.0000,0,0.0000,0,0.0000,0
10103070.0,2294.268570,8337.923242,10632.191812,224,75,0.00,0.4984,0.3500,6,0,4,16,0.008000,1.0000,2,0.9375,2,1.0000,2,0.9375,2,0.9844,2,0.1250,2,0.0000,0,0.0000,0,0.0000,0,0.0000,0
10103080.0,2294.274558,8337.948242,10632.222800,225,75,0.00,0.5109,0.3625,6,0,4,16,0.008000,1.0000,2,0.9375,2,1.0000,2,0.9375,2,0.9844,2,0.2500,2,0.0000,0,0.0000,0,0.0000,0,0.0000,0
10103554.0,2294.562990,8339.168792,10633.731782,226,75,0.00,0.5297,0.3750,6,0,4,16,0.008000,1.0000,2,0.9375,2,1.0000,2,0.9375,2,0.9844,2,0.4375,2,0.0000,0,0.0000,0,0.0000,0,0.0000,0
10103657.0,2294.627169,8339.441742,10634.068910,227,75,0.00,0.5359,0.3875,6,0,4,16,0.008000,1.0000,2,1.0000,2,1.0000,2,0.9375,2,0.9844,2,0.4375,2,0.0000,0,0.0000,0,0.0000,0,0.0000,0
10103830.0,2294.735804,8339.913167,10634.648971,228,75,0.00,0.5297,0.3875,6,0,4,16,0.008000,1.0000,2,1.0000,2,1.0000,2,0.9375,2,0.9844,2,0.3750,2,0.0000,0,0.0000,0,0.0000,0,0.0000,0
10104296.0,2295.021731,8341.133667,10636.155398,229,76,0.00,0.5297,0.3625,6,0,4,16,0.008000,1.0000,2,0.9375,2,1.0000,2,0.9375,2,0.9844,2,0.4375,2,0.0000,0,0.0000,0,0.0000,0,0.0000,0
10104920.0,2295.404050,8342.740467,10638.144516,230,77,0.00,0.5234,0.3750,6,0,4,16,0.008000,1.0000,2,0.9375,2,1.0000,2,0.9375,2,0.9844,2,0.3750,2,0.0000,0,0.0000,0,0.0000,0,0.0000,0
10105081.0,2295.503585,8343.167117,10638.670701,231,78,0.00,0.5406,0.3875,6,0,4,16,0.008000,1.0000,2,0.9375,2,1.0000,2,0.9375,2,0.9844,2,0.5469,2,0.0000,0,0.0000,0,0.0000,0,0.0000,0
10105616.0,2295.834992,8344.588542,10640.423534,232,78,0.00,0.5281,0.3875,6,0,4,16,0.008000,1.0000,2,0.9844,2,1.0000,2,0.9375,2,0.9844,2,0.3750,2,0.0000,0,0.0000,0,0.0000,0,0.0000,0
10106099.0,2296.134381,8345.884617,10642.018998,233,78,0.00,0.5281,0.3875,6,0,4,16,0.008000,1.0000,2,0.9375,2,1.0000,2,0.9844,2,0.9844,2,0.3750,2,0.0000,0,0.0000,0,0.0000,0,0.0000,0
10106214.0,2296.205897,8346.197992,10642.403888,234,78,0.00,0.5328,0.4000,6,0,4,16,0.008000,1.0000,2,0.9844,2,1.0000,2,0.9844,2,0.9844,2,0.3750,2,0.0000,0,0.0000,0,0.0000,0,0.0000,0
10106404.0,2296.324210,8346.718967,10643.043176,235,78,0.00,0.5281,0.3875,6,0,4,16,0.008000,1.0000,2,0.9375,2,1.0000,2,0.9375,2,0.9844,2,0.4219,2,0.0000,0,0.0000,0,0.0000,0,0.0000,0
10106593.0,2296.441715,8347.233392,10643.675106,236,78,0.00,0.5359,0.3750,6,0,4,16,0.008000,1.0000,2,0.9375,2,1.0000,2,0.9375,2,0.9844,2,0.5000,2,0.0000,0,0.0000,0,0.0000,0,0.0000,0
10106755.0,2296.543443,8347.662692,10644.206135,237,78,0.00,0.5406,0.3875,6,0,4,16,0.008000,1.0000,2,0.9844,2,1.0000,2,0.9375,2,0.9844,2,0.5000,2,0.0000,0,0.0000,0,0.0000,0,0.0000,0
10107108.0,2296.765748,8348.611267,10645.377014,238,78,0.00,0.5406,0.3875,6,0,4,16,0.008000,1.0000,2,0.9375,2,1.0000,2,0.9844,2,0.9844,2,0.5000,2,0.0000,0,0.0000,0,0.0000,0,0.0000,0
10107156.0,2296.796064,8348.742067,10645.538131,239,78,0.00,0.5453,0.4000,6,0,4,16,0.008000,1.0000,2,0.9844,2,1.0000,2,0.9844,2,0.9844,2,0.5000,2,0.0000,0,0.0000,0,0.0000,0,0.0000,0
10107360.0,2296.925639,8349.312967,10646.238606,240,78,0.00,0.5469,0.4000,6,0,4,16,0.008000,1.0000,2,0.9844,2,1.0000,2,0.9375,2,0.9844,2,0.5625,2,0.0000,0,0.0000,0,0.0000,0,0.0000,0
10107678.0,2297.124041,8350.154092,10647.278133,241,78,0.00,0.5234,0.3750,6,0,4,16,0.008000,1.0000,2,0.9375,2,1.0000,2,0.9844,2,0.8125,2,0.5000,2,0.0000,0,0.0000,0,0.0000,0,0.0000,0
10107700.0,2297.137642,8350.212392,10647.350034,242,78,0.00,0.5297,0.3875,6,0,4,16,0.008000,1.0000,2,1.0000,2,1.0000,2,0.9844,2,0.8125,2,0.5000,2,0.0000,0,0.0000,0,0.0000,0,0.0000,0
10108119.0,2297.397711,8351.333467,10648.731177,243,79,0.00,0.5375,0.3875,6,0,4,16,0.008000,1.0000,2,1.0000,2,1.0000,2,0.9375,2,0.9375,2,0.5000,2,0.0000,0,0.0000,0,0.0000,0,0.0000,0
10108195.0,2297.445527,8351.540567,10648.986094,244,80,0.00,0.5656,0.4000,6,0,4,16,0.008000,1.0000,2,1.0000,2,1.0000,2,0.9375,2,0.9375,2,0.7813,2,0.0000,0,0.0000,0,0.0000,0,0.0000,0
10108262.0,2297.489147,8351.728167,10649.217314,245,80,0.00,0.5703,0.4125,6,0,4,16,0.008000,1.0000,2,1.0000,2,1.0000,2,0.9844,2,0.9375,2,0.7813,2,0.0000,0,0.0000,0,0.0000,0,0.0000,0
10108896.0,2297.891316,8353.477867,10651.369183,246,80,0.00,0.5500,0.4000,6,0,4,16,0.008000,1.0000,2,1.0000,2,1.0000,2,0.9375,2,0.9375,2,0.6250,2,0.0000,0,0.0000,0,0.0000,0,0.0000,0
10110007.0,2298.585756,8356.430717,10655.016473,247,81,0.00,0.5500,0.3750,6,0,4,16,0.008000,1.0000,2,0.9375,2,1.0000,2,0.9375,2,0.9375,2,0.6875,2,0.0000,0,0.0000,0,0.0000,0,0.0000,0
10110007.0,2298.585756,8356.430717,10655.016473,248,82,0.00,0.5641,0.3875,6,0,4,16,0.008000,1.0000,2,0.9375,2,1.0000,2,0.9375,2,0.9375,2,0.8281,2,0.0000,0,0.0000,0,0.0000,0,0.0000,0
10110042.0,2298.609000,8356.526092,10655.135091,249,82,0.00,0.5781,0.4000,7,0,3,17,0.008500,1.0000,2,0.9375,2,1.0000,2,0.9375,2,0.9375,2,0.8281,2,0.1406,2,0.0000,0,0.0000,0,0.0000,0
10110515.0,2298.918826,8357.821317,10656.740143,250,82,0.00,0.5500,0.3875,7,0,3,18,0.009000,1.0000,2,0.9375,2,1.0000,2,0.9375,2,0.9375,2,0.5000,2,0.1875,2,0.0000,0,0.0000,0,0.0000,0
10110888.0,2299.168529,8358.862608,10658.031137,251,82,0.00,0.5563,0.4000,7,0,3,18,0.009000,1.0000,2,1.0000,2,1.0000,2,0.9375,2,0.9375,2,0.5000,2,0.1875,2,0.0000,0,0.0000,0,0.0000,0
10112199.0,2300.042860,8362.529458,10662.572318,252,83,0.00,0.5625,0.3875,7,0,3,18,0.009000,1.0000,2,0.8125,2,1.0000,2,0.9375,2,0.9375,2,0.7500,2,0.1875,2,0.0000,0,0.0000,0,0.0000,0
10112326.0,2300.129114,8362.884000,10663.013114,253,83,0.00,0.5672,0.4000,7,0,3,18,0.009000,1.0000,2,0.8594,2,1.0000,2,0.9375,2,0.9375,2,0.7500,2,0.1875,2,0.0000,0,0.0000,0,0.0000,0
10112685.0,2300.373595,8363.899783,10664.273378,254,83,0.00,0.5688,0.4000,7,0,3,18,0.009000,1.0000,2,0.8750,2,1.0000,2,0.9375,2,0.9375,2,0.7500,2,0.1875,2,0.0000,0,0.0000,0,0.0000,0
10112996.0,2300.586328,8364.791317,10665.377644,255,83,0.00,0.5734,0.4125,7,0,3,18,0.009000,1.0000,2,0.9219,2,1.0000,2,0.9375,2,0.9375,2,0.7500,2,0.1875,2,0.0000,0,0.0000,0,0.0000,0
10113134.0,2300.681227,8365.197267,10665.878493,256,84,0.00,0.5922,0.4125,7,0,3,18,0.009000,1.0000,2,0.9219,2,1.0000,2,0.9375,2,0.9375,2,0.9375,2,0.1875,2,0.0000,0,0.0000,0,0.0000,0
10113347.0,2300.830064,8365.808542,10666.638605,257,85,0.00,0.6063,0.4000,7,0,3,18,0.009000,1.0000,2,0.8750,2,1.0000,2,0.9375,2,0.9375,2,0.9375,2,0.3750,2,0.0000,0,0.0000,0,0.0000,0
10114193.0,2301.397789,8368.080742,10669.478531,258,85,0.00,0.5188,0.3500,6,1,3,18,0.009000,1.0000,2,0.8750,2,1.0000,2,0.9375,2,0.8125,2,0.5625,2,0.0000,1,0.0000,0,0.0000,0,0.0000,0
10114274.0,2301.448059,8368.284308,10669.732368,259,85,0.00,0.5234,0.3625,6,0,4,18,0.009000,1.0000,2,0.9219,2,1.0000,2,0.9375,2,0.8125,2,0.5625,2,0.0000,0,0.0000,0,0.0000,0,0.0000,0
10114302.0,2301.465370,8368.356408,10669.821778,260,86,0.00,0.5422,0.3625,6,0,4,18,0.009000,1.0000,2,0.9219,2,1.0000,2,0.9375,2,1.0000,2,0.5625,2,0.0000,0,0.0000,0,0.0000,0,0.0000,0
10115077.0,2301.934851,8370.307483,10672.242334,261,87,0.00,0.5125,0.3625,6,0,4,18,0.009000,1.0000,2,0.8750,2,1.0000,2,0.9375,2,0.8125,2,0.5000,2,0.0000,0,0.0000,0,0.0000,0,0.0000,0
10117363.0,2303.309688,8376.126058,10679.435746,262,88,0.00,0.5125,0.3625,6,0,4,18,0.009000,1.0000,2,0.8750,2,1.0000,2,0.9375,2,0.8125,2,0.5000,2,0.0000,0,0.0000,0,0.0000,0,0.0000,0
10118303.0,2303.882827,8378.546558,10682.429385,263,89,0.00,0.5297,0.3750,6,0,4,18,0.009000,1.0000,2,0.8750,2,1.0000,2,0.9375,2,0.9844,2,0.5000,2,0.0000,0,0.0000,0,0.0000,0,0.0000,0
10118657.0,2304.098835,8379.463133,10683.561968,264,90,0.00,0.5125,0.3500,6,0,4,18,0.009000,1.0000,2,0.8750,2,1.0000,2,0.9375,2,0.8125,2,0.5000,2,0.0000,0,0.0000,0,0.0000,0,0.0000,0
10119177.0,2304.415891,8380.763133,10685.179024,265,91,0.00,0.5406,0.3625,6,0,4,18,0.009000,1.0000,2,0.8750,2,1.0000,2,0.9375,2,0.8125,2,0.7813,2,0.0000,0,0.0000,0,0.0000,0,0.0000,0
10119674.0,2304.722707,8382.018608,10686.741315,266,92,0.00,0.5313,0.3500,6,0,4,18,0.009000,1.0000,2,0.8750,2,1.0000,2,0.9375,2,1.0000,2,0.5000,2,0.0000,0,0.0000,0,0.0000,0,0.0000,0
10119716.0,2304.748928,8382.123608,10686.872536,267,93,0.00,0.5500,0.3500,6,0,4,18,0.009000,1.0000,2,0.8750,2,1.0000,2,0.9375,2,1.0000,2,0.6875,2,0.0000,0,0.0000,0,0.0000,0,0.0000,0
10119805.0,2304.805789,8382.346108,10687.151897,268,94,0.00,0.5688,0.3500,6,0,4,18,0.009000,1.0000,2,0.8750,2,1.0000,2,0.9375,2,1.0000,2,0.8750,2,0.0000,0,0.0000,0,0.0000,0,0.0000,0
10119881.0,2304.855453,8382.536108,10687.391561,269,95,0.00,0.5813,0.3625,6,0,4,18,0.009000,1.0000,2,1.0000,2,1.0000,2,0.9375,2,1.0000,2,0.8750,2,0.0000,0,0.0000,0,0.0000,0,0.0000,0
10121149.0,2305.651554,8385.801208,10691.452763,270,95,0.00,0.5313,0.3750,6,0,4,18,0.009000,1.0000,2,1.0000,2,1.0000,2,1.0000,2,0.8125,2,0.5000,2,0.0000,0,0.0000,0,0.0000,0,0.0000,0
10121200.0,2305.683394,8385.936358,10691.619752,271,96,0.00,0.5438,0.3875,6,0,4,18,0.009000,1.0000,2,1.0000,2,1.0000,2,1.0000,2,0.9375,2,0.5000,2,0.0000,0,0.0000,0,0.0000,0,0.0000,0
10122873.0,2306.738950,8390.426133,10697.165083,272,97,0.00,0.5344,0.3750,6,0,4,18,0.009000,1.0000,2,1.0000,2,1.0000,2,0.9375,2,0.8125,2,0.5938,2,0.0000,0,0.0000,0,0.0000,0,0.0000,0
10122912.0,2306.763393,8390.529483,10697.292876,273,98,0.00,0.5516,0.3875,6,0,4,18,0.009000,1.0000,2,1.0000,2,1.0000,2,0.9375,2,0.9844,2,0.5938,2,0.0000,0,0.0000,0,0.0000,0,0.0000,0
10122958.0,2306.792838,8390.654833,10697.447671,274,98,0.00,0.5563,0.4000,6,0,4,18,0.009000,1.0000,2,1.0000,2,1.0000,2,0.9844,2,0.9844,2,0.5938,2,0.0000,0,0.0000,0,0.0000,0,0.0000,0
10122966.0,2306.797988,8390.677233,10697.475221,275,99,0.00,0.5734,0.4125,6,0,4,18,0.009000,1.0000,2,1.0000,2,1.0000,2,0.9844,2,0.9844,2,0.7656,2,0.0000,0,0.0000,0,0.0000,0,0.0000,0
10123048.0,2306.851871,8390.912983,10697.764855,276,100,0.00,0.5906,0.4250,6,0,4,18,0.009000,1.0000,2,1.0000,2,1.0000,2,0.9844,2,0.9844,2,0.9375,2,0.0000,0,0.0000,0,0.0000,0,0.0000,0
10123058.0,2306.859076,8390.942483,10697.801559,277,100,0.00,0.6078,0.4375,7,0,3,19,0.009500,1.0000,2,1.0000,2,1.0000,2,0.9844,2,0.9844,2,0.9375,2,0.1719,2,0.0000,0,0.0000,0,0.0000,0
10123064.0,2306.863363,8390.961033,10697.824396,278,100,0.00,0.6250,0.4500,7,0,3,19,0.009500,1.0000,2,1.0000,2,1.0000,2,0.9844,2,0.9844,2,0.9375,2,0.3438,2,0.0000,0,0.0000,0,0.0000,0
10123510.0,2307.181226,8392.331442,10699.512668,279,100,0.00,0.5969,0.4375,7,0,3,19,0.009500,1.0000,2,0.8750,2,1.0000,2,1.0000,2,0.9844,2,0.9375,2,0.1719,2,0.0000,0,0.0000,0,0.0000,0
10123536.0,2307.199580,8392.411825,10699.611405,280,100,0.00,0.6016,0.4500,7,0,3,19,0.009500,1.0000,2,0.9219,2,1.0000,2,1.0000,2,0.9844,2,0.9375,2,0.1719,2,0.0000,0,0.0000,0,0.0000,0
10123839.0,2307.403155,8393.313483,10700.716638,281,100,0.00,0.5578,0.4125,7,0,3,20,0.010000,1.0000,2,0.8750,2,1.0000,2,1.0000,2,0.8125,2,0.7656,2,0.1250,2,0.0000,0,0.0000,0,0.0000,0
10125159.0,2308.258751,8396.924283,10705.183034,282,101,0.00,0.5063,0.3625,6,0,4,20,0.010000,1.0000,2,0.8750,2,1.0000,2,1.0000,2,0.8125,2,0.3750,2,0.0000,0,0.0000,0,0.0000,0,0.0000,0
10125279.0,2308.331334,8397.233283,10705.564618,283,101,0.00,0.5109,0.3750,6,0,4,20,0.010000,1.0000,2,0.9219,2,1.0000,2,1.0000,2,0.8125,2,0.3750,2,0.0000,0,0.0000,0,0.0000,0,0.0000,0
10126505.0,2309.068230,8400.361283,10709.429513,284,102,0.00,0.5109,0.3625,6,0,4,20,0.010000,1.0000,2,0.7500,2,1.0000,2,1.0000,2,0.9844,2,0.3750,2,0.0000,0,0.0000,0,0.0000,0,0.0000,0
10127058.0,2309.404734,8401.785258,10711.189992,285,102,0.00,0.5156,0.3750,6,0,4,20,0.010000,1.0000,2,0.7969,2,1.0000,2,1.0000,2,0.9844,2,0.3750,2,0.0000,0,0.0000,0,0.0000,0,0.0000,0
10127814.0,2309.857317,8403.701733,10713.559050,286,102,0.00,0.4984,0.3625,6,0,4,20,0.010000,1.0000,2,0.7969,2,1.0000,2,1.0000,2,0.8125,2,0.3750,2,0.0000,0,0.0000,0,0.0000,0,0.0000,0
10128880.0,2310.492183,8406.375958,10716.868142,287,103,0.00,0.5188,0.3625,6,0,4,20,0.010000,1.0000,2,0.7500,2,1.0000,2,1.0000,2,0.8125,2,0.6250,2,0.0000,0,0.0000,0,0.0000,0,0.0000,0
10129654.0,2310.967871,8408.369008,10719.336879,288,104,0.00,0.5375,0.3750,6,0,4,20,0.010000,1.0000,2,0.9375,2,1.0000,2,1.0000,2,0.8125,2,0.6250,2,0.0000,0,0.0000,0,0.0000,0,0.0000,0
10130831.0,2311.694283,8411.433608,10723.127892,289,104,0.00,0.5172,0.3750,6,0,4,20,0.010000,1.0000,2,0.9844,2,1.0000,2,1.0000,2,0.8125,2,0.3750,2,0.0000,0,0.0000,0,0.0000,0,0.0000,0
10131649.0,2312.193485,8413.549183,10725.742668,290,104,0.00,0.5172,0.3750,6,0,4,20,0.010000,1.0000,2,0.9375,2,1.0000,2,1.0000,2,0.8594,2,0.3750,2,0.0000,0,0.0000,0,0.0000,0,0.0000,0
10131993.0,2312.403692,8414.444508,10726.848200,291,104,0.00,0.5172,0.3750,6,0,4,20,0.010000,1.0000,2,0.9844,2,1.0000,2,1.0000,2,0.8125,2,0.3750,2,0.0000,0,0.0000,0,0.0000,0,0.0000,0
10132682.0,2312.824163,8416.226333,10729.050496,292,104,0.00,0.5172,0.3750,6,0,4,20,0.010000,1.0000,2,0.9375,2,1.0000,2,1.0000,2,0.8594,2,0.3750,2,0.0000,0,0.0000,0,0.0000,0,0.0000,0
10132818.0,2312.907581,8416.586733,10729.494314,293,104,0.00,0.5219,0.3875,6,0,4,20,0.010000,1.0000,2,0.9844,2,1.0000,2,1.0000,2,0.8594,2,0.3750,2,0.0000,0,0.0000,0,0.0000,0,0.0000,0
10133439.0,2313.286863,8418.199083,10731.485947,294,105,0.00,0.5375,0.3750,6,0,4,20,0.010000,1.0000,2,0.9375,2,1.0000,2,1.0000,2,0.8125,2,0.6250,2,0.0000,0,0.0000,0,0.0000,0,0.0000,0
10133558.0,2313.361734,8418.514433,10731.876168,295,106,0.00,0.5500,0.3875,6,0,4,20,0.010000,1.0000,2,0.9375,2,1.0000,2,1.0000,2,0.9375,2,0.6250,2,0.0000,0,0.0000,0,0.0000,0,0.0000,0
10133995.0,2313.640929,8419.705258,10733.346187,296,106,0.00,0.5547,0.4000,6,0,4,20,0.010000,1.0000,2,0.9844,2,1.0000,2,1.0000,2,0.9375,2,0.6250,2,0.0000,0,0.0000,0,0.0000,0,0.0000,0
10134129.0,2313.726484,8420.078358,10733.804842,297,106,0.00,0.5344,0.4000,6,0,4,20,0.010000,1.0000,2,0.9844,2,1.0000,2,1.0000,2,0.9844,2,0.3750,2,0.0000,0,0.0000,0,0.0000,0,0.0000,0
10134157.0,2313.744032,8420.156758,10733.900791,298,106,0.00,0.5344,0.4000,6,0,4,20,0.010000,1.0000,2,0.9844,2,1.0000,2,1.0000,2,0.9844,2,0.3750,2,0.0000,0,0.0000,0,0.0000,0,0.0000,0
10134400.0,2313.895112,8420.812108,10734.707220,299,107,0.00,0.5500,0.3875,6,0,4,20,0.010000,1.0000,2,0.9375,2,1.0000,2,1.0000,2,0.9375,2,0.6250,2,0.0000,0,0.0000,0,0.0000,0,0.0000,0
10134541.0,2313.985195,8421.196333,10735.181528,300,107,0.00,0.5547,0.4000,6,0,4,20,0.010000,1.0000,2,0.9844,2,1.0000,2,1.0000,2,0.9375,2,0.6250,2,0.0000,0,0.0000,0,0.0000,0,0.0000,0
10135536.0,2314.618633,8423.902458,10738.521091,301,108,0.00,0.5500,0.3875,6,0,4,20,0.010000,1.0000,2,0.7500,2,1.0000,2,1.0000,2,0.9375,2,0.8125,2,0.0000,0,0.0000,0,0.0000,0,0.0000,0
10136146.0,2315.008355,8425.564708,10740.573063,302,108,0.00,0.5547,0.4000,6,0,4,20,0.010000,1.0000,2,0.7969,2,1.0000,2,1.0000,2,0.9375,2,0.8125,2,0.0000,0,0.0000,0,0.0000,0,0.0000,0
10136410.0,2315.177780,8426.299708,10741.477488,303,108,0.00,0.5547,0.4000,6,0,4,20,0.010000,1.0000,2,0.7969,2,1.0000,2,1.0000,2,0.9375,2,0.8125,2,0.0000,0,0.0000,0,0.0000,0,0.0000,0
10137416.0,2315.820980,8429.050883,10744.871863,304,108,0.00,0.5563,0.4000,6,0,4,20,0.010000,1.0000,2,0.8125,2,1.0000,2,1.0000,2,0.9375,2,0.8125,2,0.0000,0,0.0000,0,0.0000,0,0.0000,0
10138838.0,2316.732799,8433.000908,10749.733707,305,108,0.00,0.5688,0.4000,7,0,3,21,0.010500,1.0000,2,0.8125,2,1.0000,2,1.0000,2,0.8125,2,0.8125,2,0.2500,2,0.0000,0,0.0000,0,0.0000,0
10139183.0,2316.968789,8433.989908,10750.958697,306,108,0.00,0.5734,0.4125,7,0,3,21,0.010500,1.0000,2,0.8594,2,1.0000,2,1.0000,2,0.8125,2,0.8125,2,0.2500,2,0.0000,0,0.0000,0,0.0000,0
10139527.0,2317.204765,8434.989842,10752.194607,307,109,0.00,0.5969,0.4125,7,0,3,21,0.010500,1.0000,2,0.8125,2,1.0000,2,1.0000,2,0.8125,2,0.8125,2,0.5313,2,0.0000,0,0.0000,0,0.0000,0
10139540.0,2317.213942,8435.028083,10752.242025,308,110,0.00,0.6250,0.4250,7,0,3,21,0.010500,1.0000,2,0.8125,2,1.0000,2,1.0000,2,0.8125,2,0.8125,2,0.8125,2,0.0000,0,0.0000,0,0.0000,0
10141076.0,2318.237019,8439.355042,10757.592061,309,110,0.00,0.5484,0.4000,6,0,4,21,0.010500,1.0000,2,0.8594,2,1.0000,2,1.0000,2,0.8125,2,0.8125,2,0.0000,0,0.0000,0,0.0000,0,0.0000,0
10142678.0,2319.243418,8443.690792,10762.934209,310,111,0.00,0.5125,0.3750,6,0,4,21,0.010500,1.0000,2,0.9375,2,1.0000,2,1.0000,2,0.6250,2,0.5625,2,0.0000,0,0.0000,0,0.0000,0,0.0000,0
10143373.0,2319.664491,8445.511842,10765.176333,311,111,0.00,0.5094,0.3750,6,0,4,21,0.010500,1.0000,2,0.8125,2,1.0000,2,1.0000,2,0.7188,2,0.5625,2,0.0000,0,0.0000,0,0.0000,0,0.0000,0
10145120.0,2320.725430,8450.141392,10770.866821,312,111,0.00,0.5141,0.3875,6,0,4,21,0.010500,1.0000,2,0.8594,2,1.0000,2,1.0000,2,0.7188,2,0.5625,2,0.0000,0,0.0000,0,0.0000,0,0.0000,0
10145223.0,2320.788356,8450.422067,10771.210423,313,111,0.00,0.5188,0.4000,6,0,4,21,0.010500,1.0000,2,0.9063,2,1.0000,2,1.0000,2,0.7188,2,0.5625,2,0.0000,0,0.0000,0,0.0000,0,0.0000,0
10145321.0,2320.848585,8450.696467,10771.545052,314,111,0.00,0.5375,0.4125,6,0,4,21,0.010500,1.0000,2,0.9063,2,1.0000,2,1.0000,2,0.9063,2,0.5625,2,0.0000,0,0.0000,0,0.0000,0,0.0000,0
10145662.0,2321.054641,8451.600567,10772.655208,315,111,0.00,0.5094,0.3750,6,0,4,21,0.010500,1.0000,2,0.8125,2,1.0000,2,1.0000,2,0.7188,2,0.5625,2,0.0000,0,0.0000,0,0.0000,0,0.0000,0
10145872.0,2321.182173,8452.157067,10773.339239,316,111,0.00,0.5141,0.3875,6,0,4,21,0.010500,1.0000,2,0.8594,2,1.0000,2,1.0000,2,0.7188,2,0.5625,2,0.0000,0,0.0000,0,0.0000,0,0.0000,0
10146322.0,2321.456460,8453.370267,10774.826727,317,111,0.00,0.5141,0.3875,6,0,4,21,0.010500,1.0000,2,0.8594,2,1.0000,2,1.0000,2,0.7188,2,0.5625,2,0.0000,0,0.0000,0,0.0000,0,0.0000,0
10150141.0,2323.776626,8463.510792,10787.287417,318,111,0.00,0.5078,0.3750,6,0,4,21,0.010500,1.0000,2,0.7969,2,1.0000,2,1.0000,2,0.7188,2,0.5625,2,0.0000,0,0.0000,0,0.0000,0,0.0000,0
10150356.0,2323.906932,8464.080542,10787.987474,319,112,0.00,0.5172,0.3875,6,0,4,21,0.010500,1.0000,2,0.8906,2,1.0000,2,1.0000,2,0.7188,2,0.5625,2,0.0000,0,0.0000,0,0.0000,0,0.0000,0
10152278.0,2325.055558,8469.060742,10794.116299,320,113,0.00,0.5063,0.3750,6,0,4,21,0.010500,1.0000,2,0.8438,2,1.0000,2,1.0000,2,0.8438,2,0.3750,2,0.0000,0,0.0000,0,0.0000,0,0.0000,0
10153572.0,2325.838248,8472.489842,10798.328090,321,113,0.00,0.5125,0.3875,6,0,4,21,0.010500,1.0000,2,0.9063,2,1.0000,2,1.0000,2,0.8438,2,0.3750,2,0.0000,0,0.0000,0,0.0000,0,0.0000,0
10153654.0,2325.888245,8472.713292,10798.601537,322,114,0.00,0.5313,0.4000,6,0,4,21,0.010500,1.0000,2,0.9063,2,1.0000,2,1.0000,2,0.8438,2,0.5625,2,0.0000,0,0.0000,0,0.0000,0,0.0000,0
10157405.0,2328.149632,8482.623817,10810.773449,323,114,0.00,0.4953,0.3750,6,0,4,21,0.010500,1.0000,2,0.8594,2,1.0000,2,1.0000,2,0.7188,2,0.3750,2,0.0000,0,0.0000,0,0.0000,0,0.0000,0
10160855.0,2330.195763,8491.534042,10821.729805,324,114,0.00,0.4953,0.3750,6,0,4,21,0.010500,1.0000,2,0.8594,2,1.0000,2,1.0000,2,0.7188,2,0.3750,2,0.0000,0,0.0000,0,0.0000,0,0.0000,0
10164141.0,2332.117371,8499.804617,10831.921988,325,114,0.00,0.4906,0.3625,6,0,4,21,0.010500,1.0000,2,0.9375,2,1.0000,2,1.0000,2,0.7188,2,0.2500,2,0.0000,0,0.0000,0,0.0000,0,0.0000,0
10164277.0,2332.197980,8500.154817,10832.352796,326,115,0.00,0.4969,0.3750,6,0,4,21,0.010500,1.0000,2,1.0000,2,1.0000,2,1.0000,2,0.7188,2,0.2500,2,0.0000,0,0.0000,0,0.0000,0,0.0000,0
10164565.0,2332.370080,8500.918017,10833.288096,327,115,0.00,0.5094,0.3875,6,0,4,21,0.010500,1.0000,2,1.0000,2,1.0000,2,1.0000,2,0.8438,2,0.2500,2,0.0000,0,0.0000,0,0.0000,0,0.0000,0
10164623.0,2332.405302,8501.076067,10833.481369,328,115,0.00,0.5141,0.4000,6,0,4,21,0.010500,1.0000,2,1.0000,2,1.0000,2,1.0000,2,0.8906,2,0.2500,2,0.0000,0,0.0000,0,0.0000,0,0.0000,0
10164722.0,2332.465785,8501.353267,10833.819052,329,115,0.00,0.5203,0.4125,6,0,4,21,0.010500,1.0000,2,1.0000,2,1.0000,2,1.0000,2,0.9531,2,0.2500,2,0.0000,0,0.0000,0,0.0000,0,0.0000,0
10164859.0,2332.550150,8501.747142,10834.297291,330,115,0.00,0.5328,0.4125,6,0,4,21,0.010500,1.0000,2,1.0000,2,1.0000,2,1.0000,2,0.9531,2,0.3750,2,0.0000,0,0.0000,0,0.0000,0,0.0000,0
10165064.0,2332.677718,8502.322867,10835.000585,331,115,0.00,0.5328,0.4125,6,0,4,21,0.010500,1.0000,2,1.0000,2,1.0000,2,1.0000,2,0.9531,2,0.3750,2,0.0000,0,0.0000,0,0.0000,0,0.0000,0
10165173.0,2332.745900,8502.636242,10835.382141,332,116,0.00,0.5422,0.4250,6,0,4,21,0.010500,1.0000,2,1.0000,2,1.0000,2,1.0000,2,0.9531,2,0.4688,2,0.0000,0,0.0000,0,0.0000,0,0.0000,0
10166412.0,2333.514434,8506.060292,10839.574726,333,116,0.00,0.5266,0.4000,6,0,4,21,0.010500,1.0000,2,0.9375,2,1.0000,2,1.0000,2,0.8594,2,0.4688,2,0.0000,0,0.0000,0,0.0000,0,0.0000,0
10166484.0,2333.559122,8506.261892,10839.821013,334,116,0.00,0.5313,0.4125,6,0,4,21,0.010500,1.0000,2,0.9844,2,1.0000,2,1.0000,2,0.8594,2,0.4688,2,0.0000,0,0.0000,0,0.0000,0,0.0000,0
10167716.0,2334.320522,8509.644592,10843.965114,335,116,0.00,0.5266,0.4000,6,0,4,21,0.010500,1.0000,2,0.9375,2,1.0000,2,1.0000,2,0.8594,2,0.4688,2,0.0000,0,0.0000,0,0.0000,0,0.0000,0
10168027.0,2334.509966,8510.480217,10844.990183,336,116,0.00,0.5156,0.3875,6,0,4,21,0.010500,1.0000,2,0.8750,2,1.0000,2,1.0000,2,0.8125,2,0.4688,2,0.0000,0,0.0000,0,0.0000,0,0.0000,0
10168347.0,2334.705855,8511.352217,10846.058072,337,116,0.00,0.5203,0.4000,6,0,4,21,0.010500,1.0000,2,0.9219,2,1.0000,2,1.0000,2,0.8125,2,0.4688,2,0.0000,0,0.0000,0,0.0000,0,0.0000,0
10168366.0,2334.717555,8511.405417,10846.122972,338,117,0.00,0.5453,0.4125,6,0,4,21,0.010500,1.0000,2,0.9219,2,1.0000,2,1.0000,2,0.8125,2,0.7188,2,0.0000,0,0.0000,0,0.0000,0,0.0000,0
10168713.0,2334.937379,8512.390592,10847.327971,339,118,0.00,0.5500,0.4125,6,0,4,21,0.010500,1.0000,2,0.8750,2,1.0000,2,1.0000,2,0.9063,2,0.7188,2,0.0000,0,0.0000,0,0.0000,0,0.0000,0
10169200.0,2335.248518,8513.790717,10849.039235,340,119,0.00,0.5625,0.4250,6,0,4,21,0.010500,1.0000,2,1.0000,2,1.0000,2,1.0000,2,0.9063,2,0.7188,2,0.0000,0,0.0000,0,0.0000,0,0.0000,0
10169375.0,2335.362025,8514.306967,10849.668992,341,119,0.00,0.5672,0.4375,6,0,4,21,0.010500,1.0000,2,1.0000,2,1.0000,2,1.0000,2,0.9531,2,0.7188,2,0.0000,0,0.0000,0,0.0000,0,0.0000,0
10172374.0,2337.264217,8522.763342,10860.027559,342,120,0.00,0.5203,0.3750,6,0,4,21,0.010500,1.0000,2,0.8125,2,1.0000,2,1.0000,2,0.7500,2,0.6406,2,0.0000,0,0.0000,0,0.0000,0,0.0000,0
10173573.0,2338.002559,8525.940692,10863.943251,343,121,0.00,0.5438,0.3750,6,0,4,21,0.010500,1.0000,2,0.8125,2,1.0000,2,1.0000,2,0.9844,2,0.6406,2,0.0000,0,0.0000,0,0.0000,0,0.0000,0
10173649.0,2338.050745,8526.142092,10864.192837,344,121,0.00,0.5484,0.3875,6,0,4,21,0.010500,1.0000,2,0.8594,2,1.0000,2,1.0000,2,0.9844,2,0.6406,2,0.0000,0,0.0000,0,0.0000,0,0.0000,0
10174699.0,2338.696200,8528.886567,10867.582767,345,121,0.00,0.5266,0.3750,6,0,4,21,0.010500,1.0000,2,0.8750,2,1.0000,2,1.0000,2,0.7500,2,0.6406,2,0.0000,0,0.0000,0,0.0000,0,0.0000,0
10174703.0,2338.698683,8528.897167,10867.595849,346,122,0.00,0.5500,0.3875,6,0,4,21,0.010500,1.0000,2,0.8750,2,1.0000,2,1.0000,2,0.9844,2,0.6406,2,0.0000,0,0.0000,0,0.0000,0,0.0000,0
10174773.0,2338.743405,8529.087917,10867.831322,347,123,0.00,0.5594,0.4000,6,0,4,21,0.010500,1.0000,2,0.9688,2,1.0000,2,1.0000,2,0.9844,2,0.6406,2,0.0000,0,0.0000,0,0.0000,0,0.0000,0
10174834.0,2338.782297,8529.254667,10868.036964,348,124,0.00,0.5563,0.4000,6,0,4,21,0.010500,1.0000,2,0.8438,2,1.0000,2,1.0000,2,0.9844,2,0.7344,2,0.0000,0,0.0000,0,0.0000,0,0.0000,0
10174996.0,2338.886585,8529.708267,10868.594851,349,125,0.00,0.5625,0.4125,6,0,4,21,0.010500,1.0000,2,0.9063,2,1.0000,2,1.0000,2,0.9844,2,0.7344,2,0.0000,0,0.0000,0,0.0000,0,0.0000,0
10175575.0,2339.259316,8531.361192,10870.620507,350,125,0.00,0.5281,0.4000,6,0,4,21,0.010500,1.0000,2,0.9688,2,1.0000,2,1.0000,2,0.7500,2,0.5625,2,0.0000,0,0.0000,0,0.0000,0,0.0000,0
10175763.0,2339.375528,8531.880392,10871.255920,351,125,0.00,0.5234,0.4000,6,0,4,21,0.010500,1.0000,2,0.8750,2,1.0000,2,1.0000,2,0.7969,2,0.5625,2,0.0000,0,0.0000,0,0.0000,0,0.0000,0
10175948.0,2339.489901,8532.398392,10871.888292,352,126,0.00,0.5422,0.4000,6,0,4,21,0.010500,1.0000,2,0.8750,2,1.0000,2,1.0000,2,0.9844,2,0.5625,2,0.0000,0,0.0000,0,0.0000,0,0.0000,0
10176577.0,2339.881202,8534.159592,10874.040794,353,127,0.00,0.5484,0.4125,6,0,4,21,0.010500,1.0000,2,0.8750,2,1.0000,2,1.0000,2,0.7969,2,0.8125,2,0.0000,0,0.0000,0,0.0000,0,0.0000,0
10176964.0,2340.126586,8535.243492,10875.370077,354,128,0.00,0.5500,0.4125,6,0,4,21,0.010500,1.0000,2,0.9375,2,1.0000,2,1.0000,2,0.7500,2,0.8125,2,0.0000,0,0.0000,0,0.0000,0,0.0000,0
10177954.0,2340.759086,8538.089742,10878.848827,355,129,0.00,0.5594,0.4250,6,0,4,21,0.010500,1.0000,2,0.9375,2,1.0000,2,1.0000,2,0.8438,2,0.8125,2,0.0000,0,0.0000,0,0.0000,0,0.0000,0
10178628.0,2341.190584,8540.020967,10881.211551,356,130,0.00,0.5609,0.4125,6,0,4,21,0.010500,1.0000,2,0.8750,2,1.0000,2,1.0000,2,0.7500,2,0.9844,2,0.0000,0,0.0000,0,0.0000,0,0.0000,0
10178651.0,2341.205474,8540.087092,10881.292566,357,130,0.00,0.5656,0.4250,6,0,4,21,0.010500,1.0000,2,0.9219,2,1.0000,2,1.0000,2,0.7500,2,0.9844,2,0.0000,0,0.0000,0,0.0000,0,0.0000,0
10178696.0,2341.234771,8540.219842,10881.454613,358,130,0.00,0.5781,0.4375,6,0,4,21,0.010500,1.0000,2,0.9219,2,1.0000,2,1.0000,2,0.8750,2,0.9844,2,0.0000,0,0.0000,0,0.0000,0,0.0000,0
10178857.0,2341.340589,8540.695242,10882.035830,359,130,0.00,0.5734,0.4250,6,0,4,21,0.010500,1.0000,2,0.8750,2,1.0000,2,1.0000,2,0.8750,2,0.9844,2,0.0000,0,0.0000,0,0.0000,0,0.0000,0
10179719.0,2341.902922,8543.206492,10885.109413,360,130,0.00,0.5656,0.4250,6,0,4,21,0.010500,1.0000,2,0.9219,2,1.0000,2,1.0000,2,0.7500,2,0.9844,2,0.0000,0,0.0000,0,0.0000,0,0.0000,0
10180259.0,2342.250894,8544.737917,10886.988811,361,130,0.00,0.5609,0.4125,6,0,4,21,0.010500,1.0000,2,0.8750,2,1.0000,2,1.0000,2,0.7500,2,0.9844,2,0.0000,0,0.0000,0,0.0000,0,0.0000,0
10180270.0,2342.258016,8544.769542,10887.027557,362,131,0.00,0.5781,0.4250,6,0,4,21,0.010500,1.0000,2,0.8750,2,1.0000,2,1.0000,2,0.9219,2,0.9844,2,0.0000,0,0.0000,0,0.0000,0,0.0000,0
10180454.0,2342.378861,8545.308217,10887.687078,363,132,0.00,0.5672,0.4250,6,0,4,21,0.010500,1.0000,2,0.9375,2,1.0000,2,1.0000,2,0.7500,2,0.9844,2,0.0000,0,0.0000,0,0.0000,0,0.0000,0
10180841.0,2342.629651,8546.424667,10889.054318,364,132,0.00,0.5656,0.4250,6,0,4,21,0.010500,1.0000,2,0.9219,2,1.0000,2,1.0000,2,0.7500,2,0.9844,2,0.0000,0,0.0000,0,0.0000,0,0.0000,0
10181257.0,2342.899500,8547.631617,10890.531117,365,133,0.00,0.5703,0.4250,6,0,4,21,0.010500,1.0000,2,0.8750,2,1.0000,2,1.0000,2,0.8438,2,0.9844,2,0.0000,0,0.0000,0,0.0000,0,0.0000,0
10181304.0,2342.930770,8547.770267,10890.701037,366,133,0.00,0.5875,0.4375,7,0,3,22,0.011000,1.0000,2,0.8750,2,1.0000,2,1.0000,2,0.8438,2,0.9844,2,0.1719,2,0.0000,0,0.0000,0,0.0000,0
10181710.0,2343.214406,8549.025483,10892.239890,367,133,0.00,0.5922,0.4500,7,0,3,22,0.011000,1.0000,2,0.9219,2,1.0000,2,1.0000,2,0.8438,2,0.9844,2,0.1719,2,0.0000,0,0.0000,0,0.0000,0
10182641.0,2343.865860,8551.925350,10895.791210,368,133,0.00,0.6000,0.4500,7,0,3,22,0.011000,1.0000,2,0.8750,2,1.0000,2,1.0000,2,0.9688,2,0.9844,2,0.1719,2,0.0000,0,0.0000,0,0.0000,0
10183836.0,2344.687882,8555.554342,10900.242224,369,133,0.00,0.5375,0.4125,7,0,3,22,0.011000,1.0000,2,0.9219,2,1.0000,2,1.0000,2,0.7188,2,0.5625,2,0.1719,2,0.0000,0,0.0000,0,0.0000,0
10184106.0,2344.865770,8556.343717,10901.209487,370,134,0.00,0.5563,0.4000,7,0,3,22,0.011000,1.0000,2,0.8750,2,1.0000,2,1.0000,2,0.9531,2,0.5625,2,0.1719,2,0.0000,0,0.0000,0,0.0000,0
10184155.0,2344.898811,8556.484183,10901.382995,371,135,0.00,0.5797,0.4000,7,0,3,22,0.011000,1.0000,2,0.8750,2,1.0000,2,1.0000,2,0.9531,2,0.7969,2,0.1719,2,0.0000,0,0.0000,0,0.0000,0
10185253.0,2345.626329,8559.631783,10905.258113,372,135,0.00,0.5375,0.4125,7,0,3,22,0.011000,1.0000,2,0.9219,2,1.0000,2,1.0000,2,0.7188,2,0.5625,2,0.1719,2,0.0000,0,0.0000,0,0.0000,0
10185984.0,2346.106636,8561.742017,10907.848652,373,135,0.00,0.5375,0.4125,7,0,3,22,0.011000,1.0000,2,0.9219,2,1.0000,2,1.0000,2,0.7188,2,0.5625,2,0.1719,2,0.0000,0,0.0000,0,0.0000,0
10186713.0,2346.585801,8563.850042,10910.435843,374,136,0.00,0.5453,0.4125,7,0,3,22,0.011000,1.0000,2,0.8750,2,1.0000,2,1.0000,2,0.8438,2,0.5625,2,0.1719,2,0.0000,0,0.0000,0,0.0000,0
10187075.0,2346.824963,8564.900600,10911.725563,375,137,0.00,0.5453,0.4125,7,0,3,22,0.011000,1.0000,2,1.0000,2,1.0000,2,1.0000,2,0.7188,2,0.5625,2,0.1719,2,0.0000,0,0.0000,0,0.0000,0
10188200.0,2347.573987,8568.209975,10915.783962,376,137,0.00,0.5500,0.4250,7,0,3,22,0.011000,1.0000,2,1.0000,2,1.0000,2,1.0000,2,0.7656,2,0.5625,2,0.1719,2,0.0000,0,0.0000,0,0.0000,0
10188246.0,2347.604781,8568.348742,10915.953523,377,138,0.00,0.5781,0.4375,7,0,3,22,0.011000,1.0000,2,1.0000,2,1.0000,2,1.0000,2,0.7656,2,0.8438,2,0.1719,2,0.0000,0,0.0000,0,0.0000,0
10188685.0,2347.907155,8569.683033,10917.590188,378,139,0.00,0.5984,0.4250,7,0,3,22,0.011000,1.0000,2,1.0000,2,1.0000,2,1.0000,2,0.7188,2,0.8438,2,0.4219,2,0.0000,0,0.0000,0,0.0000,0
10189447.0,2348.442868,8571.981733,10920.424601,379,140,0.00,0.5906,0.4375,7,0,3,22,0.011000,1.0000,2,1.0000,2,1.0000,2,1.0000,2,0.8906,2,0.8438,2,0.1719,2,0.0000,0,0.0000,0,0.0000,0
10189534.0,2348.503858,8572.250708,10920.754567,380,141,0.00,0.6000,0.4500,7,0,3,22,0.011000,1.0000,2,1.0000,2,1.0000,2,1.0000,2,0.9844,2,0.8438,2,0.1719,2,0.0000,0,0.0000,0,0.0000,0
10191093.0,2349.513541,8576.820108,10926.333650,381,141,0.00,0.5219,0.4000,7,0,3,23,0.011500,1.0000,2,0.8750,2,1.0000,2,1.0000,2,0.7188,2,0.4375,2,0.1875,2,0.0000,0,0.0000,0,0.0000,0
10191770.0,2349.951946,8578.760842,10928.712788,382,141,0.00,0.5344,0.4125,7,0,3,23,0.011500,1.0000,2,1.0000,2,1.0000,2,1.0000,2,0.7188,2,0.4375,2,0.1875,2,0.0000,0,0.0000,0,0.0000,0
10192232.0,2350.252066,8580.092517,10930.344583,383,141,0.00,0.5344,0.4125,7,0,3,23,0.011500,1.0000,2,0.8750,2,1.0000,2,1.0000,2,0.8438,2,0.4375,2,0.1875,2,0.0000,0,0.0000,0,0.0000,0
10192336.0,2350.320424,8580.398450,10930.718874,384,141,0.00,0.5469,0.4250,7,0,3,23,0.011500,1.0000,2,1.0000,2,1.0000,2,1.0000,2,0.8438,2,0.4375,2,0.1875,2,0.0000,0,0.0000,0,0.0000,0
10192477.0,2350.414473,8580.823800,10931.238273,385,141,0.00,0.5516,0.4375,7,0,3,23,0.011500,1.0000,2,1.0000,2,1.0000,2,1.0000,2,0.8906,2,0.4375,2,0.1875,2,0.0000,0,0.0000,0,0.0000,0
10192642.0,2350.525132,8581.333925,10931.859057,386,142,0.00,0.5703,0.4375,7,0,3,23,0.011500,1.0000,2,1.0000,2,1.0000,2,1.0000,2,0.8906,2,0.6250,2,0.1875,2,0.0000,0,0.0000,0,0.0000,0
10192889.0,2350.692067,8582.070342,10932.762409,387,143,0.00,0.5578,0.4125,7,0,3,23,0.011500,1.0000,2,0.8750,2,1.0000,2,1.0000,2,0.7188,2,0.7969,2,0.1875,2,0.0000,0,0.0000,0,0.0000,0
10192901.0,2350.700173,8582.105642,10932.805815,388,144,0.00,0.5750,0.4250,7,0,3,23,0.011500,1.0000,2,0.8750,2,1.0000,2,1.0000,2,0.8906,2,0.7969,2,0.1875,2,0.0000,0,0.0000,0,0.0000,0
10192962.0,2350.742196,8582.289658,10933.031854,389,144,0.00,0.5875,0.4375,7,0,3,23,0.011500,1.0000,2,1.0000,2,1.0000,2,1.0000,2,0.8906,2,0.7969,2,0.1875,2,0.0000,0,0.0000,0,0.0000,0
10193027.0,2350.787605,8582.490617,10933.278222,390,144,0.00,0.5938,0.4500,7,0,3,23,0.011500,1.0000,2,1.0000,2,1.0000,2,1.0000,2,0.9531,2,0.7969,2,0.1875,2,0.0000,0,0.0000,0,0.0000,0
10193066.0,2350.814880,8582.614117,10933.428997,391,145,0.00,0.5938,0.4500,7,0,3,23,0.011500,1.0000,2,1.0000,2,1.0000,2,1.0000,2,0.9531,2,0.7969,2,0.1875,2,0.0000,0,0.0000,0,0.0000,0
10193568.0,2351.164533,8584.167633,10935.332166,392,146,0.00,0.6031,0.4375,7,0,3,23,0.011500,1.0000,2,0.8750,2,1.0000,2,0.9375,2,0.9531,2,0.7969,2,0.4688,2,0.0000,0,0.0000,0,0.0000,0
10194497.0,2351.807573,8586.991867,10938.799440,393,147,0.00,0.5625,0.4375,7,0,3,23,0.011500,1.0000,2,0.9375,2,1.0000,2,0.9375,2,0.9531,2,0.6094,2,0.1875,2,0.0000,0,0.0000,0,0.0000,0
10195056.0,2352.187228,8588.720108,10940.907336,394,148,0.00,0.5813,0.4500,7,0,3,23,0.011500,1.0000,2,0.9375,2,1.0000,2,0.9375,2,0.9531,2,0.7969,2,0.1875,2,0.0000,0,0.0000,0,0.0000,0
10195438.0,2352.451318,8589.924600,10942.375918,395,149,0.00,0.5906,0.4625,7,0,3,23,0.011500,1.0000,2,0.9375,2,1.0000,2,0.9375,2,0.9531,2,0.6250,2,0.4531,2,0.0000,0,0.0000,0,0.0000,0
10195440.0,2352.452720,8589.931083,10942.383803,396,150,0.00,0.6094,0.4625,7,0,3,23,0.011500,1.0000,2,0.9375,2,1.0000,2,0.9375,2,0.9531,2,0.8125,2,0.4531,2,0.0000,0,0.0000,0,0.0000,0
10195608.0,2352.572814,8590.473658,10943.046472,397,151,0.00,0.6219,0.4500,7,0,3,23,0.011500,1.0000,2,0.9375,2,1.0000,2,0.9375,2,0.8906,2,1.0000,2,0.4531,2,0.0000,0,0.0000,0,0.0000,0
10195689.0,2352.631567,8590.730158,10943.361725,398,152,0.00,0.6406,0.4500,7,0,3,23,0.011500,1.0000,2,0.9375,2,1.0000,2,0.9375,2,0.8906,2,1.0000,2,0.6406,2,0.0000,0,0.0000,0,0.0000,0
10196373.0,2353.123388,8592.887383,10946.010771,399,153,0.00,0.6031,0.4500,7,0,3,23,0.011500,1.0000,2,0.9375,2,1.0000,2,0.9375,2,0.8906,2,0.6250,2,0.6406,2,0.0000,0,0.0000,0,0.0000,0
10196386.0,2353.132627,8592.928550,10946.061177,400,154,0.00,0.6203,0.4625,7,0,3,23,0.011500,1.0000,2,0.9375,2,1.0000,2,0.9375,2,0.8906,2,0.7969,2,0.6406,2,0.0000,0,0.0000,0,0.0000,0
10196392.0,2353.136972,8592.948000,10946.084972,401,155,0.00,0.6375,0.4750,7,0,3,23,0.011500,1.0000,2,0.9375,2,1.0000,2,0.9375,2,0.8906,2,0.9688,2,0.6406,2,0.0000,0,0.0000,0,0.0000,0
10196397.0,2353.140660,8592.964583,10946.105243,402,156,0.00,0.6547,0.4875,7,0,3,23,0.011500,1.0000,2,0.9375,2,1.0000,2,0.9375,2,0.8906,2,0.9688,2,0.8125,2,0.0000,0,0.0000,0,0.0000,0
10196546.0,2353.252539,8593.469942,10946.722481,403,157,0.00,0.6719,0.5000,7,0,3,23,0.011500,1.0000,2,0.9375,2,1.0000,2,0.9375,2,0.8906,2,0.9688,2,0.9844,2,0.0000,0,0.0000,0,0.0000,0
10196555.0,2353.259917,8593.501142,10946.761059,404,157,0.00,0.6906,0.5125,8,0,2,24,0.012000,1.0000,2,0.9375,2,1.0000,2,0.9375,2,0.8906,2,0.9688,2,0.9844,2,0.1875,2,0.0000,0,0.0000,0
10196738.0,2353.408033,8594.161467,10947.569499,405,157,0.00,0.7094,0.5250,8,0,2,24,0.012000,1.0000,2,0.9375,2,1.0000,2,0.9375,2,0.8906,2,0.9688,2,0.9844,2,0.3750,2,0.0000,0,0.0000,0
10196789.0,2353.450055,8594.349317,10947.799371,406,157,0.00,0.7141,0.5375,8,0,2,24,0.012000,1.0000,2,0.9844,2,1.0000,2,0.9375,2,0.8906,2,0.9688,2,0.9844,2,0.3750,2,0.0000,0,0.0000,0
10196808.0,2353.465779,8594.420725,10947.886504,407,158,0.00,0.7281,0.5500,8,0,2,24,0.012000,1.0000,2,0.9844,2,1.0000,2,0.9375,2,0.8906,2,0.9688,2,0.9844,2,0.5156,2,0.0000,0,0.0000,0
10197068.0,2353.683585,8595.412967,10949.096552,408,159,0.00,0.7359,0.5375,8,0,2,24,0.012000,1.0000,2,0.9375,2,1.0000,2,0.8906,2,0.8906,2,0.9688,2,0.9844,2,0.6875,2,0.0000,0,0.0000,0
10197275.0,2353.854816,8596.166717,10950.021533,409,160,0.00,0.7094,0.5000,8,0,2,24,0.012000,1.0000,2,0.9375,2,1.0000,2,0.8906,2,0.8906,2,0.9688,2,0.7188,2,0.6875,2,0.0000,0,0.0000,0
10197421.0,2353.975114,8596.682583,10950.657698,410,161,0.00,0.7281,0.5000,8,0,2,24,0.012000,1.0000,2,0.9375,2,1.0000,2,0.8906,2,0.8906,2,0.9688,2,0.9063,2,0.6875,2,0.0000,0,0.0000,0
10197607.0,2354.131083,8597.339783,10951.470866,411,161,0.00,0.7328,0.5125,8,0,2,24,0.012000,1.0000,2,0.9844,2,1.0000,2,0.8906,2,0.8906,2,0.9688,2,0.9063,2,0.6875,2,0.0000,0,0.0000,0
10198109.0,2354.548437,8599.095892,10953.644329,412,161,0.00,0.7063,0.4875,8,0,2,24,0.012000,1.0000,2,0.9844,2,0.9375,2,0.8906,2,0.8906,2,0.9688,2,0.9063,2,0.4844,2,0.0000,0,0.0000,0
10198200.0,2354.623196,8599.410600,10954.033796,413,161,0.00,0.7125,0.5000,8,0,2,24,0.012000,1.0000,2,0.9844,2,1.0000,2,0.8906,2,0.8906,2,0.9688,2,0.9063,2,0.4844,2,0.0000,0,0.0000,0
10198508.0,2354.877724,8600.498867,10955.376591,414,162,0.00,0.7297,0.5125,8,0,2,24,0.012000,1.0000,2,0.9844,2,1.0000,2,0.8906,2,0.8906,2,0.9688,2,0.9063,2,0.6563,2,0.0000,0,0.0000,0
10198596.0,2354.950801,8600.810025,10955.760826,415,162,0.00,0.7047,0.4750,8,0,2,24,0.012000,1.0000,2,0.8750,2,1.0000,2,0.9219,2,0.8906,2,0.7969,2,0.9063,2,0.6563,2,0.0000,0,0.0000,0
10198648.0,2354.993389,8600.985433,10955.978823,416,162,0.00,0.6984,0.4750,8,0,2,24,0.012000,1.0000,2,0.9375,2,1.0000,2,0.9219,2,0.8906,2,0.7969,2,0.9063,2,0.5313,2,0.0000,0,0.0000,0
10198800.0,2355.116149,8601.499250,10956.615399,417,163,0.00,0.6922,0.4750,8,0,2,24,0.012000,1.0000,2,0.9375,2,1.0000,2,0.8750,2,0.8906,2,0.9688,2,0.9063,2,0.3438,2,0.0000,0,0.0000,0
10198987.0,2355.267715,8602.131708,10957.399424,418,163,0.00,0.6922,0.4750,8,0,2,24,0.012000,1.0000,2,0.9375,2,1.0000,2,0.8750,2,0.8906,2,0.9688,2,0.9063,2,0.3438,2,0.0000,0,0.0000,0
10199241.0,2355.473605,8602.991075,10958.464680,419,163,0.00,0.6969,0.4875,8,0,2,24,0.012000,1.0000,2,0.9844,2,1.0000,2,0.8750,2,0.8906,2,0.9688,2,0.9063,2,0.3438,2,0.0000,0,0.0000,0
10199343.0,2355.556657,8603.343825,10958.900482,420,163,0.00,0.7031,0.5000,8,0,2,24,0.012000,1.0000,2,0.9844,2,1.0000,2,0.9375,2,0.8906,2,0.9688,2,0.9063,2,0.3438,2,0.0000,0,0.0000,0
10199889.0,2355.999698,8605.199600,10961.199298,421,163,0.00,0.6969,0.4875,8,0,2,24,0.012000,1.0000,2,0.9375,2,1.0000,2,0.9219,2,0.8906,2,0.9688,2,0.9063,2,0.3438,2,0.0000,0,0.0000,0
10199909.0,2356.015972,8605.268542,10961.284513,422,163,0.00,0.6984,0.4875,8,0,2,24,0.012000,1.0000,2,1.0000,2,1.0000,2,0.8750,2,0.8906,2,0.9688,2,0.9063,2,0.3438,2,0.0000,0,0.0000,0
10200098.0,2356.170092,8605.922167,10962.092259,423,163,0.00,0.7078,0.5000,8,0,2,24,0.012000,1.0000,2,1.0000,2,1.0000,2,0.9688,2,0.8906,2,0.9688,2,0.9063,2,0.3438,2,0.0000,0,0.0000,0
10200592.0,2356.572081,8607.611833,10964.183915,424,164,0.00,0.7203,0.4875,8,0,2,24,0.012000,1.0000,2,1.0000,2,0.9375,2,0.8750,2,0.8906,2,0.9688,2,0.9063,2,0.6250,2,0.0000,0,0.0000,0
10200734.0,2356.690243,8608.102167,10964.792410,425,165,0.00,0.7328,0.4750,8,0,2,24,0.012000,1.0000,2,0.9375,2,0.9375,2,0.8750,2,0.8906,2,0.9688,2,0.9063,2,0.8125,2,0.0000,0,0.0000,0
10200798.0,2356.744143,8608.318700,10965.062843,426,165,0.00,0.7391,0.4875,8,0,2,24,0.012000,1.0000,2,1.0000,2,0.9375,2,0.8750,2,0.8906,2,0.9688,2,0.9063,2,0.8125,2,0.0000,0,0.0000,0
10200882.0,2356.815295,8608.609200,10965.424495,427,165,0.00,0.7516,0.5000,8,0,2,24,0.012000,1.0000,2,1.0000,2,0.9375,2,1.0000,2,0.8906,2,0.9688,2,0.9063,2,0.8125,2,0.0000,0,0.0000,0
10201063.0,2356.970370,8609.248733,10966.219104,428,165,0.00,0.7563,0.5125,8,0,2,24,0.012000,1.0000,2,1.0000,2,0.9844,2,1.0000,2,0.8906,2,0.9688,2,0.9063,2,0.8125,2,0.0000,0,0.0000,0
10201360.0,2357.216468,8610.265808,10967.482276,429,165,0.00,0.7047,0.4750,8,0,2,24,0.012000,1.0000,2,0.9375,2,0.9375,2,1.0000,2,0.9375,2,0.7969,2,0.9063,2,0.5313,2,0.0000,0,0.0000,0
10201724.0,2357.511238,8611.454442,10968.965680,430,165,0.00,0.7000,0.4625,8,0,2,24,0.012000,1.0000,2,0.9375,2,0.9375,2,0.8750,2,0.8906,2,0.9219,2,0.9063,2,0.5313,2,0.0000,0,0.0000,0
10201799.0,2357.572488,8611.702567,10969.275055,431,165,0.00,0.7047,0.4750,8,0,2,24,0.012000,1.0000,2,0.9844,2,0.9375,2,0.8750,2,0.8906,2,0.9219,2,0.9063,2,0.5313,2,0.0000,0,0.0000,0
10202555.0,2358.182664,8614.163317,10972.345980,432,166,0.00,0.6797,0.4500,8,0,2,24,0.012000,1.0000,2,0.9375,2,0.9375,2,0.9688,2,0.8906,2,0.6250,2,0.9063,2,0.5313,2,0.0000,0,0.0000,0
10203067.0,2358.590613,8615.786458,10974.377071,433,167,0.00,0.7016,0.4500,8,0,2,24,0.012000,1.0000,2,0.8750,2,0.9375,2,0.9688,2,0.8906,2,0.9063,2,0.9063,2,0.5313,2,0.0000,0,0.0000,0
10203558.0,2358.983137,8617.342975,10976.326112,434,167,0.00,0.6859,0.4500,8,0,2,24,0.012000,1.0000,2,1.0000,2,0.9375,2,0.9688,2,0.8906,2,0.6250,2,0.9063,2,0.5313,2,0.0000,0,0.0000,0
10203567.0,2358.990388,8617.372075,10976.362463,435,167,0.00,0.6984,0.4625,8,0,2,24,0.012000,1.0000,2,1.0000,2,0.9375,2,0.9688,2,0.8906,2,0.7500,2,0.9063,2,0.5313,2,0.0000,0,0.0000,0
10203650.0,2359.058071,8617.646667,10976.704737,436,167,0.00,0.7031,0.4750,8,0,2,24,0.012000,1.0000,2,1.0000,2,0.9844,2,0.9688,2,0.8906,2,0.7500,2,0.9063,2,0.5313,2,0.0000,0,0.0000,0
10203864.0,2359.233252,8618.368525,10977.601777,437,167,0.00,0.7047,0.4750,8,0,2,24,0.012000,1.0000,2,1.0000,2,0.9375,2,0.9688,2,0.9531,2,0.7500,2,0.9063,2,0.5313,2,0.0000,0,0.0000,0
10203963.0,2359.314463,8618.703475,10978.017938,438,168,0.00,0.7219,0.4875,8,0,2,24,0.012000,1.0000,2,1.0000,2,0.9375,2,0.9688,2,0.9531,2,0.9219,2,0.9063,2,0.5313,2,0.0000,0,0.0000,0
10204220.0,2359.523315,8619.563092,10979.086407,439,168,0.00,0.6922,0.4750,8,0,2,24,0.012000,1.0000,2,1.0000,2,1.0000,2,0.9688,2,0.9531,2,0.7500,2,0.7188,2,0.5313,2,0.0000,0,0.0000,0
10204481.0,2359.733664,8620.427392,10980.161056,440,168,0.00,0.6922,0.4750,8,0,2,24,0.012000,1.0000,2,1.0000,2,1.0000,2,0.9688,2,0.8906,2,0.8125,2,0.7188,2,0.5313,2,0.0000,0,0.0000,0
10204608.0,2359.836609,8620.857075,10980.693684,441,168,0.00,0.6984,0.4875,8,0,2,24,0.012000,1.0000,2,1.0000,2,1.0000,2,0.9688,2,0.9531,2,0.8125,2,0.7188,2,0.5313,2,0.0000,0,0.0000,0
10204958.0,2360.119250,8622.051967,10982.171217,442,169,0.00,0.6891,0.4750,8,0,2,24,0.012000,1.0000,2,1.0000,2,1.0000,2,0.9688,2,0.7813,2,0.8125,2,0.9688,2,0.3594,2,0.0000,0,0.0000,0
10205784.0,2360.774229,8624.846600,10985.620829,443,169,0.00,0.6766,0.4875,8,0,2,24,0.012000,1.0000,2,1.0000,2,1.0000,2,0.9688,2,0.9063,2,0.5625,2,0.9688,2,0.3594,2,0.0000,0,0.0000,0
10206323.0,2361.204587,8626.710642,10987.915228,444,169,0.00,0.6828,0.5000,8,0,2,24,0.012000,1.0000,2,1.0000,2,1.0000,2,0.9688,2,0.9688,2,0.5625,2,0.9688,2,0.3594,2,0.0000,0,0.0000,0
10206679.0,2361.486016,8627.941133,10989.427149,445,170,0.00,0.6766,0.4750,8,0,2,24,0.012000,1.0000,2,1.0000,2,1.0000,2,0.9688,2,0.7188,2,0.7500,2,0.9688,2,0.3594,2,0.0000,0,0.0000,0
10206725.0,2361.522724,8628.096467,10989.619191,446,171,0.00,0.6875,0.4750,8,0,2,24,0.012000,1.0000,2,1.0000,2,1.0000,2,0.9688,2,0.8281,2,0.7500,2,0.9688,2,0.3594,2,0.0000,0,0.0000,0
10207027.0,2361.762615,8629.118233,10990.880849,447,172,0.00,0.6938,0.4875,8,0,2,24,0.012000,1.0000,2,1.0000,2,1.0000,2,0.9688,2,0.8281,2,0.8125,2,0.9688,2,0.3594,2,0.0000,0,0.0000,0
10207773.0,2362.352165,8631.587300,10993.939465,448,173,0.00,0.6625,0.4500,8,0,2,24,0.012000,1.0000,2,1.0000,2,1.0000,2,0.9688,2,0.7813,2,0.7188,2,0.9688,2,0.1875,2,0.0000,0,0.0000,0
10207852.0,2362.414377,8631.842733,10994.257111,449,173,0.00,0.6672,0.4625,8,0,2,24,0.012000,1.0000,2,1.0000,2,1.0000,2,0.9688,2,0.8281,2,0.7188,2,0.9688,2,0.1875,2,0.0000,0,0.0000,0
10208156.0,2362.653030,8632.825442,10995.478472,450,173,0.00,0.6578,0.4500,8,0,2,24,0.012000,1.0000,2,1.0000,2,1.0000,2,0.9688,2,0.7344,2,0.7188,2,0.9688,2,0.1875,2,0.0000,0,0.0000,0
10208723.0,2363.070678,8634.562650,10997.633328,451,174,0.00,0.6172,0.4250,7,0,3,24,0.012000,1.0000,2,1.0000,2,1.0000,2,0.8750,2,0.8594,2,0.7188,2,0.7188,2,0.0000,0,0.0000,0,0.0000,0
10208961.0,2363.239689,8635.265167,10998.504855,452,175,0.00,0.6172,0.4250,7,0,3,24,0.012000,1.0000,2,1.0000,2,1.0000,2,0.8750,2,0.6875,2,0.8906,2,0.7188,2,0.0000,0,0.0000,0,0.0000,0
10209700.0,2363.764388,8637.471908,11001.236296,453,175,0.00,0.5797,0.4250,7,0,3,24,0.012000,1.0000,2,1.0000,2,1.0000,2,0.9375,2,0.6875,2,0.4531,2,0.7188,2,0.0000,0,0.0000,0,0.0000,0
10209742.0,2363.793474,8637.598608,11001.392083,454,176,0.00,0.5984,0.4250,7,0,3,24,0.012000,1.0000,2,1.0000,2,1.0000,2,0.9375,2,0.8750,2,0.4531,2,0.7188,2,0.0000,0,0.0000,0,0.0000,0
10209881.0,2363.890817,8638.010800,11001.901617,455,177,0.00,0.5875,0.4125,7,0,3,24,0.012000,1.0000,2,1.0000,2,1.0000,2,0.8750,2,1.0000,2,0.4531,2,0.5469,2,0.0000,0,0.0000,0,0.0000,0
10209881.0,2363.890817,8638.010800,11001.901617,456,178,0.00,0.6000,0.4250,7,0,3,24,0.012000,1.0000,2,1.0000,2,1.0000,2,1.0000,2,1.0000,2,0.4531,2,0.5469,2,0.0000,0,0.0000,0,0.0000,0
10209987.0,2363.965673,8638.329292,11002.294965,457,178,0.00,0.5875,0.4250,7,0,3,24,0.012000,1.0000,2,1.0000,2,1.0000,2,1.0000,2,1.0000,2,0.5000,2,0.3750,2,0.0000,0,0.0000,0,0.0000,0
10210514.0,2364.312827,8639.790750,11004.103577,458,178,0.00,0.5313,0.3875,7,0,3,24,0.012000,1.0000,2,0.8750,2,1.0000,2,1.0000,2,0.6875,2,0.3750,2,0.3750,2,0.0000,0,0.0000,0,0.0000,0
10210900.0,2364.564673,8640.849208,11005.413882,459,178,0.00,0.5313,0.3875,7,0,3,24,0.012000,1.0000,2,0.9219,2,1.0000,2,1.0000,2,0.6875,2,0.3281,2,0.3750,2,0.0000,0,0.0000,0,0.0000,0
10210977.0,2364.615098,8641.064167,11005.679264,460,178,0.00,0.5359,0.4000,7,0,3,24,0.012000,1.0000,2,0.9688,2,1.0000,2,1.0000,2,0.6875,2,0.3281,2,0.3750,2,0.0000,0,0.0000,0,0.0000,0
10211166.0,2364.739278,8641.600267,11006.339545,461,178,0.00,0.5359,0.4000,7,0,3,24,0.012000,1.0000,2,0.9219,2,1.0000,2,1.0000,2,0.7344,2,0.3281,2,0.3750,2,0.0000,0,0.0000,0,0.0000,0
10211442.0,2364.920425,8642.380892,11007.301316,462,179,0.00,0.5359,0.4000,7,0,3,24,0.012000,1.0000,2,0.9219,2,1.0000,2,1.0000,2,0.7344,2,0.3281,2,0.3750,2,0.0000,0,0.0000,0,0.0000,0
10211861.0,2365.191834,8643.556750,11008.748584,463,180,0.00,0.5141,0.4000,7,0,3,24,0.012000,1.0000,2,0.9219,2,1.0000,2,1.0000,2,0.7031,2,0.3281,2,0.1875,2,0.0000,0,0.0000,0,0.0000,0
10211972.0,2365.263040,8643.874950,11009.137990,464,180,0.00,0.5203,0.4125,7,0,3,24,0.012000,1.0000,2,0.9844,2,1.0000,2,1.0000,2,0.7031,2,0.3281,2,0.1875,2,0.0000,0,0.0000,0,0.0000,0
10212039.0,2365.306219,8644.070092,11009.376311,465,180,0.00,0.5188,0.4125,7,0,3,24,0.012000,1.0000,2,0.9219,2,1.0000,2,1.0000,2,0.7500,2,0.3281,2,0.1875,2,0.0000,0,0.0000,0,0.0000,0
10212048.0,2365.312025,8644.096567,11009.408592,466,180,0.00,0.5234,0.4250,7,0,3,24,0.012000,1.0000,2,0.9688,2,1.0000,2,1.0000,2,0.7500,2,0.3281,2,0.1875,2,0.0000,0,0.0000,0,0.0000,0
10212372.0,2365.520923,8645.047042,11010.567964,467,180,0.00,0.5188,0.4125,7,0,3,24,0.012000,1.0000,2,0.9219,2,1.0000,2,1.0000,2,0.7500,2,0.3281,2,0.1875,2,0.0000,0,0.0000,0,0.0000,0
10212413.0,2365.547373,8645.167650,11010.715023,468,180,0.00,0.5234,0.4250,7,0,3,24,0.012000,1.0000,2,0.9688,2,1.0000,2,1.0000,2,0.7500,2,0.3281,2,0.1875,2,0.0000,0,0.0000,0,0.0000,0
10212621.0,2365.679645,8645.769317,11011.448961,469,180,0.00,0.5063,0.4000,7,0,3,24,0.012000,1.0000,2,0.9219,2,1.0000,2,1.0000,2,0.6250,2,0.3281,2,0.1875,2,0.0000,0,0.0000,0,0.0000,0
10212626.0,2365.682822,8645.783650,11011.466472,470,180,0.00,0.5109,0.4125,7,0,3,24,0.012000,1.0000,2,0.9688,2,1.0000,2,1.0000,2,0.6250,2,0.3281,2,0.1875,2,0.0000,0,0.0000,0,0.0000,0
10212828.0,2365.811002,8646.364442,11012.175444,471,181,0.00,0.4984,0.3750,7,0,3,24,0.012000,1.0000,2,0.9219,2,1.0000,2,0.8750,2,0.6719,2,0.3281,2,0.1875,2,0.0000,0,0.0000,0,0.0000,0
10212954.0,2365.890299,8646.706742,11012.597041,472,181,0.00,0.5031,0.3875,7,0,3,24,0.012000,1.0000,2,0.9688,2,1.0000,2,0.8750,2,0.6719,2,0.3281,2,0.1875,2,0.0000,0,0.0000,0,0.0000,0
10212968.0,2365.899161,8646.745825,11012.644986,473,181,0.00,0.5078,0.4000,7,0,3,24,0.012000,1.0000,2,0.9688,2,1.0000,2,0.9219,2,0.6719,2,0.3281,2,0.1875,2,0.0000,0,0.0000,0,0.0000,0
10213190.0,2366.039102,8647.357175,11013.396277,474,182,0.00,0.5156,0.3750,7,0,3,24,0.012000,1.0000,2,0.8594,2,1.0000,2,0.8750,2,0.9063,2,0.3281,2,0.1875,2,0.0000,0,0.0000,0,0.0000,0
10213497.0,2366.236413,8648.191192,11014.427605,475,182,0.00,0.5203,0.3875,7,0,3,24,0.012000,1.0000,2,0.9063,2,1.0000,2,0.8750,2,0.9063,2,0.3281,2,0.1875,2,0.0000,0,0.0000,0,0.0000,0
10213546.0,2366.268084,8648.327983,11014.596068,476,183,0.00,0.5375,0.4000,7,0,3,24,0.012000,1.0000,2,0.9063,2,1.0000,2,0.8750,2,0.9063,2,0.5000,2,0.1875,2,0.0000,0,0.0000,0,0.0000,0
10213708.0,2366.374781,8648.788708,11015.163489,477,183,0.00,0.5375,0.4000,7,0,3,24,0.012000,1.0000,2,0.9063,2,1.0000,2,0.8750,2,0.9063,2,0.5000,2,0.1875,2,0.0000,0,0.0000,0,0.0000,0
10213806.0,2366.439434,8649.069642,11015.509075,478,184,0.00,0.5656,0.4125,7,0,3,24,0.012000,1.0000,2,0.9063,2,1.0000,2,0.8750,2,0.9063,2,0.7813,2,0.1875,2,0.0000,0,0.0000,0,0.0000,0
10214358.0,2366.805653,8650.630892,11017.436544,479,185,0.00,0.5500,0.4000,7,0,3,24,0.012000,1.0000,2,0.8594,2,1.0000,2,0.8750,2,0.9063,2,0.6719,2,0.1875,2,0.0000,0,0.0000,0,0.0000,0
10214440.0,2366.860081,8650.860858,11017.720939,480,186,0.00,0.5375,0.3750,7,0,3,24,0.012000,1.0000,2,0.7969,2,0.9375,2,0.8750,2,0.9063,2,0.6719,2,0.1875,2,0.0000,0,0.0000,0,0.0000,0
10214507.0,2366.904143,8651.040025,11017.944168,481,186,0.00,0.5375,0.3750,7,0,3,24,0.012000,1.0000,2,0.7969,2,0.9375,2,0.8750,2,0.9063,2,0.6719,2,0.1875,2,0.0000,0,0.0000,0,0.0000,0
10214575.0,2366.948713,8651.220258,11018.168971,482,186,0.00,0.5359,0.3750,7,0,3,24,0.012000,1.0000,2,0.7813,2,0.9375,2,0.8750,2,0.9063,2,0.6719,2,0.1875,2,0.0000,0,0.0000,0,0.0000,0
10216472.0,2368.124030,8655.898650,11024.022680,483,187,0.00,0.4750,0.3250,7,0,3,24,0.012000,1.0000,2,0.7344,2,0.9375,2,0.8750,2,0.4375,2,0.5781,2,0.1875,2,0.0000,0,0.0000,0,0.0000,0
10216775.0,2368.309197,8656.630900,11024.940097,484,187,0.00,0.4797,0.3375,7,0,3,24,0.012000,1.0000,2,0.7813,2,0.9375,2,0.8750,2,0.4375,2,0.5781,2,0.1875,2,0.0000,0,0.0000,0,0.0000,0
10217437.0,2368.714222,8658.240408,11026.954631,485,188,0.00,0.5125,0.3375,7,0,3,24,0.012000,1.0000,2,0.7344,2,0.9375,2,0.8750,2,0.8125,2,0.5781,2,0.1875,2,0.0000,0,0.0000,0,0.0000,0
10217925.0,2369.014020,8659.423792,11028.437811,486,189,0.00,0.4891,0.3375,7,0,3,24,0.012000,1.0000,2,0.8750,2,0.9375,2,0.8750,2,0.4375,2,0.5781,2,0.1875,2,0.0000,0,0.0000,0,0.0000,0
10217925.0,2369.014020,8659.423792,11028.437811,487,190,0.00,0.5031,0.3500,7,0,3,24,0.012000,1.0000,2,0.8750,2,0.9375,2,0.8750,2,0.5781,2,0.5781,2,0.1875,2,0.0000,0,0.0000,0,0.0000,0
10217931.0,2369.017818,8659.439192,11028.457009,488,191,0.00,0.5172,0.3625,7,0,3,24,0.012000,1.0000,2,0.8750,2,0.9375,2,0.8750,2,0.7188,2,0.5781,2,0.1875,2,0.0000,0,0.0000,0,0.0000,0
10218490.0,2369.373604,8660.887308,11030.260912,489,191,0.00,0.5078,0.3625,7,0,3,24,0.012000,1.0000,2,0.9219,2,0.9375,2,0.8750,2,0.5781,2,0.5781,2,0.1875,2,0.0000,0,0.0000,0,0.0000,0
10219969.0,2370.272597,8664.513833,11034.786430,490,192,0.00,0.4625,0.3250,7,0,3,24,0.012000,1.0000,2,0.7344,2,0.9375,2,1.0000,2,0.4375,2,0.3281,2,0.1875,2,0.0000,0,0.0000,0,0.0000,0
10220673.0,2370.695974,8666.215167,11036.911141,491,193,0.00,0.4719,0.3375,7,0,3,24,0.012000,1.0000,2,0.8281,2,0.9375,2,1.0000,2,0.4375,2,0.3281,2,0.1875,2,0.0000,0,0.0000,0,0.0000,0
10221884.0,2371.428617,8669.186600,11040.615217,492,193,0.00,0.4672,0.3375,7,0,3,24,0.012000,1.0000,2,0.7813,2,0.9375,2,1.0000,2,0.4375,2,0.3281,2,0.1875,2,0.0000,0,0.0000,0,0.0000,0
10223133.0,2372.158852,8672.141633,11044.300486,493,194,0.00,0.4453,0.3125,6,0,4,24,0.012000,1.0000,2,0.9219,2,0.9375,2,1.0000,2,0.4375,2,0.1563,2,0.0000,0,0.0000,0,0.0000,0,0.0000,0
10223139.0,2372.162197,8672.155283,11044.317480,494,194,0.00,0.4516,0.3250,6,0,4,24,0.012000,1.0000,2,0.9844,2,0.9375,2,1.0000,2,0.4375,2,0.1563,2,0.0000,0,0.0000,0,0.0000,0,0.0000,0
10223622.0,2372.431584,8673.256133,11045.687717,495,194,0.00,0.4516,0.3250,6,0,4,24,0.012000,1.0000,2,0.9219,2,1.0000,2,1.0000,2,0.4375,2,0.1563,2,0.0000,0,0.0000,0,0.0000,0,0.0000,0
10223679.0,2372.463637,8673.390083,11045.853720,496,194,0.00,0.4516,0.3250,6,0,4,24,0.012000,1.0000,2,0.9844,2,0.9375,2,1.0000,2,0.4375,2,0.1563,2,0.0000,0,0.0000,0,0.0000,0,0.0000,0
10224392.0,2372.856010,8674.988683,11047.844693,497,194,0.00,0.4328,0.3125,6,0,4,24,0.012000,1.0000,2,0.7344,2,1.0000,2,1.0000,2,0.4375,2,0.1563,2,0.0000,0,0.0000,0,0.0000,0,0.0000,0
10224738.0,2373.043988,8675.752058,11048.796047,498,194,0.00,0.4313,0.3125,6,0,4,24,0.012000,1.0000,2,0.7813,2,0.9375,2,1.0000,2,0.4375,2,0.1563,2,0.0000,0,0.0000,0,0.0000,0,0.0000,0
10225414.0,2373.411582,8677.251708,11050.663290,499,194,0.00,0.4391,0.3125,6,0,4,24,0.012000,1.0000,2,0.8594,2,0.9375,2,1.0000,2,0.4375,2,0.1563,2,0.0000,0,0.0000,0,0.0000,0,0.0000,0
10232587.0,2377.257627,8692.661658,11069.919285,500,194,0.00,0.4188,0.3000,6,0,4,24,0.012000,1.0000,2,0.7813,2,0.9375,2,0.8750,2,0.4375,2,0.1563,2,0.0000,0,0.0000,0,0.0000,0,0.0000,0
10232803.0,2377.373577,8693.136858,11070.510435,501,194,0.00,0.4250,0.3125,6,0,4,24,0.012000,1.0000,2,0.8438,2,0.9375,2,0.8750,2,0.4375,2,0.1563,2,0.0000,0,0.0000,0,0.0000,0,0.0000,0
10232974.0,2377.465852,8693.518683,11070.984535,502,195,0.00,0.4297,0.3125,6,0,4,24,0.012000,1.0000,2,0.8906,2,0.9375,2,0.8750,2,0.4375,2,0.1563,2,0.0000,0,0.0000,0,0.0000,0,0.0000,0
10233819.0,2377.923875,8695.398383,11073.322258,503,195,0.00,0.4281,0.3125,6,0,4,24,0.012000,1.0000,2,0.8750,2,0.9375,2,0.8750,2,0.4375,2,0.1563,2,0.0000,0,0.0000,0,0.0000,0,0.0000,0
10233991.0,2378.017459,8695.789683,11073.807143,504,195,0.00,0.4328,0.3250,6,0,4,24,0.012000,1.0000,2,0.9219,2,0.9375,2,0.8750,2,0.4375,2,0.1563,2,0.0000,0,0.0000,0,0.0000,0,0.0000,0
10234226.0,2378.145771,8696.333533,11074.479304,505,196,0.00,0.4453,0.3250,6,0,4,24,0.012000,1.0000,2,0.8750,2,0.9375,2,0.8750,2,0.6094,2,0.1563,2,0.0000,0,0.0000,0,0.0000,0,0.0000,0
10234994.0,2378.567752,8698.094308,11076.662061,506,197,0.00,0.4563,0.3125,6,0,4,24,0.012000,1.0000,2,0.7813,2,0.9375,2,0.8750,2,0.8125,2,0.1563,2,0.0000,0,0.0000,0,0.0000,0,0.0000,0
10235081.0,2378.616992,8698.292233,11076.909225,507,198,0.00,0.4688,0.3250,6,0,4,24,0.012000,1.0000,2,0.9063,2,0.9375,2,0.8750,2,0.8125,2,0.1563,2,0.0000,0,0.0000,0,0.0000,0,0.0000,0
10235553.0,2378.886532,8699.378933,11078.265465,508,199,0.00,0.4719,0.3250,6,0,4,24,0.012000,1.0000,2,0.9063,2,0.9375,2,1.0000,2,0.8125,2,0.0625,2,0.0000,0,0.0000,0,0.0000,0,0.0000,0
10236016.0,2379.154204,8700.466983,11079.621187,509,199,0.00,0.5094,0.3375,6,0,4,24,0.012000,1.0000,2,0.9063,2,0.9375,2,1.0000,2,0.8125,2,0.4375,2,0.0000,0,0.0000,0,0.0000,0,0.0000,0
10237589.0,2380.084536,8704.217383,11084.301920,510,200,0.00,0.4844,0.3375,6,0,4,24,0.012000,1.0000,2,0.9063,2,0.9375,2,1.0000,2,0.5625,2,0.4375,2,0.0000,0,0.0000,0,0.0000,0,0.0000,0
10237776.0,2380.194464,8704.670858,11084.865322,511,201,0.00,0.5031,0.3500,6,0,4,24,0.012000,1.0000,2,0.9063,2,0.9375,2,1.0000,2,0.7500,2,0.4375,2,0.0000,0,0.0000,0,0.0000,0,0.0000,0
10237776.0,2380.194464,8704.670858,11084.865322,512,202,0.00,0.5219,0.3625,6,0,4,24,0.012000,1.0000,2,0.9063,2,0.9375,2,1.0000,2,0.9375,2,0.4375,2,0.0000,0,0.0000,0,0.0000,0,0.0000,0
10240480.0,2381.707955,8710.974258,11092.682214,513,202,0.00,0.4469,0.3125,6,0,4,24,0.012000,1.0000,2,0.7813,2,0.9375,2,0.8750,2,0.5625,2,0.3125,2,0.0000,0,0.0000,0,0.0000,0,0.0000,0
10243457.0,2383.353239,8717.608783,11100.962022,514,202,0.00,0.4391,0.3125,6,0,4,24,0.012000,1.0000,2,0.8281,2,0.9375,2,0.8750,2,0.4375,2,0.3125,2,0.0000,0,0.0000,0,0.0000,0,0.0000,0
10243762.0,2383.521783,8718.302658,11101.824442,515,202,0.00,0.4438,0.3250,6,0,4,24,0.012000,1.0000,2,0.8750,2,0.9375,2,0.8750,2,0.4375,2,0.3125,2,0.0000,0,0.0000,0,0.0000,0,0.0000,0
10244313.0,2383.825539,8719.541183,11103.366722,516,203,0.00,0.4438,0.3125,6,0,4,24,0.012000,1.0000,2,0.8750,2,0.9375,2,0.8750,2,0.4375,2,0.3125,2,0.0000,0,0.0000,0,0.0000,0,0.0000,0
10245093.0,2384.258933,8721.308258,11105.567191,517,204,0.00,0.4469,0.3125,6,0,4,24,0.012000,1.0000,2,0.9688,2,0.9375,2,0.8750,2,0.4375,2,0.2500,2,0.0000,0,0.0000,0,0.0000,0,0.0000,0
10247114.0,2385.364450,8725.713492,11111.077942,518,204,0.00,0.4078,0.2875,5,0,5,24,0.012000,1.0000,2,0.7813,2,0.9844,2,0.8750,2,0.4375,2,0.0000,0,0.0000,0,0.0000,0,0.0000,0,0.0000,0
10247202.0,2385.408252,8725.894625,11111.302877,519,205,0.00,0.4141,0.3000,5,0,5,24,0.012000,1.0000,2,0.8438,2,0.9844,2,0.8750,2,0.4375,2,0.0000,0,0.0000,0,0.0000,0,0.0000,0,0.0000,0
10247867.0,2385.741069,8727.284192,11113.025260,520,206,0.00,0.4219,0.3000,5,0,5,24,0.012000,1.0000,2,0.9688,2,0.9375,2,0.8750,2,0.4375,2,0.0000,0,0.0000,0,0.0000,0,0.0000,0,0.0000,0
10248468.0,2386.046786,8728.566325,11114.613111,521,206,0.00,0.4344,0.3125,5,0,5,24,0.012000,1.0000,2,0.9688,2,0.9375,2,1.0000,2,0.4375,2,0.0000,0,0.0000,0,0.0000,0,0.0000,0,0.0000,0
10248939.0,2386.290953,8729.606450,11115.897403,522,207,0.00,0.4469,0.3250,5,0,5,24,0.012000,1.0000,2,0.9688,2,0.9375,2,1.0000,2,0.5625,2,0.0000,0,0.0000,0,0.0000,0,0.0000,0,0.0000,0
10250349.0,2387.032032,8732.798350,11119.830382,523,208,0.00,0.4406,0.3250,5,0,5,24,0.012000,1.0000,2,0.9688,2,1.0000,2,1.0000,2,0.4375,2,0.0000,0,0.0000,0,0.0000,0,0.0000,0,0.0000,0
10250498.0,2387.109998,8733.138567,11120.248565,524,208,0.00,0.4516,0.3375,5,0,5,24,0.012000,1.0000,2,0.9688,2,1.0000,2,1.0000,2,0.5469,2,0.0000,0,0.0000,0,0.0000,0,0.0000,0,0.0000,0
10250736.0,2387.236560,8733.699850,11120.936410,525,209,0.00,0.4578,0.3500,5,0,5,24,0.012000,1.0000,2,0.9688,2,1.0000,2,1.0000,2,0.6094,2,0.0000,0,0.0000,0,0.0000,0,0.0000,0,0.0000,0
10252397.0,2388.122855,8737.663692,11125.786546,526,209,0.00,0.4563,0.3500,5,0,5,24,0.012000,1.0000,2,0.9063,2,1.0000,2,1.0000,2,0.6563,2,0.0000,0,0.0000,0,0.0000,0,0.0000,0,0.0000,0
10253468.0,2388.693271,8740.207767,11128.901038,527,210,0.00,0.4703,0.3500,5,0,5,24,0.012000,1.0000,2,0.9063,2,1.0000,2,1.0000,2,0.7969,2,0.0000,0,0.0000,0,0.0000,0,0.0000,0,0.0000,0
10254758.0,2389.389303,8743.301692,11132.690995,528,210,0.00,0.4563,0.3500,5,0,5,24,0.012000,1.0000,2,0.9531,2,1.0000,2,1.0000,2,0.6094,2,0.0000,0,0.0000,0,0.0000,0,0.0000,0,0.0000,0
10255346.0,2389.695317,8744.629967,11134.325284,529,211,0.00,0.4500,0.3250,5,0,5,24,0.012000,1.0000,2,0.7813,2,1.0000,2,1.0000,2,0.7188,2,0.0000,0,0.0000,0,0.0000,0,0.0000,0,0.0000,0
10255420.0,2389.734578,8744.798933,11134.533512,530,212,0.00,0.4625,0.3375,5,0,5,24,0.012000,1.0000,2,0.9063,2,1.0000,2,1.0000,2,0.7188,2,0.0000,0,0.0000,0,0.0000,0,0.0000,0,0.0000,0
10256013.0,2390.048613,8746.161800,11136.210413,531,213,0.00,0.4641,0.3375,5,0,5,24,0.012000,1.0000,2,0.9063,2,1.0000,2,1.0000,2,0.7344,2,0.0000,0,0.0000,0,0.0000,0,0.0000,0,0.0000,0
10256133.0,2390.113593,8746.444800,11136.558393,532,214,0.00,0.4828,0.3500,5,0,5,24,0.012000,1.0000,2,0.9063,2,1.0000,2,1.0000,2,0.9219,2,0.0000,0,0.0000,0,0.0000,0,0.0000,0,0.0000,0
10256855.0,2390.511939,8748.154942,11138.666880,533,214,0.00,0.4766,0.3375,6,0,4,25,0.012500,1.0000,2,0.9063,2,0.9375,2,1.0000,2,0.7344,2,0.1875,2,0.0000,0,0.0000,0,0.0000,0,0.0000,0
10256862.0,2390.516011,8748.171917,11138.687928,534,215,0.00,0.4891,0.3500,6,0,4,25,0.012500,1.0000,2,0.9063,2,0.9375,2,1.0000,2,0.8594,2,0.1875,2,0.0000,0,0.0000,0,0.0000,0,0.0000,0
10257764.0,2391.049538,8750.426917,11141.476455,535,215,0.00,0.5016,0.3500,6,0,4,25,0.012500,1.0000,2,0.9063,2,0.9375,2,1.0000,2,0.9844,2,0.1875,2,0.0000,0,0.0000,0,0.0000,0,0.0000,0
10257967.0,2391.171045,8750.931642,11142.102687,536,215,0.00,0.4875,0.3500,6,0,4,25,0.012500,1.0000,2,0.9531,2,0.9375,2,1.0000,2,0.7969,2,0.1875,2,0.0000,0,0.0000,0,0.0000,0,0.0000,0
10258602.0,2391.518175,8752.390817,11143.908991,537,215,0.00,0.4438,0.3125,5,0,5,25,0.012500,1.0000,2,0.9531,2,0.9375,2,0.8750,2,0.6719,2,0.0000,0,0.0000,0,0.0000,0,0.0000,0,0.0000,0
10259147.0,2391.799720,8753.594358,11145.394078,538,216,0.00,0.4484,0.3250,5,0,5,25,0.012500,1.0000,2,0.9531,2,0.9375,2,0.8750,2,0.7188,2,0.0000,0,0.0000,0,0.0000,0,0.0000,0,0.0000,0
10259693.0,2392.082911,8754.808358,11146.891270,539,216,0.00,0.4359,0.3250,5,0,5,25,0.012500,1.0000,2,1.0000,2,0.9375,2,0.8750,2,0.5469,2,0.0000,0,0.0000,0,0.0000,0,0.0000,0,0.0000,0
10260104.0,2392.295752,8755.731958,11148.027711,540,216,0.00,0.4359,0.3250,5,0,5,25,0.012500,1.0000,2,0.9531,2,0.9844,2,0.8750,2,0.5469,2,0.0000,0,0.0000,0,0.0000,0,0.0000,0,0.0000,0
10260162.0,2392.325890,8755.864392,11148.190282,541,217,0.00,0.4531,0.3375,5,0,5,25,0.012500,1.0000,2,0.9531,2,0.9844,2,0.8750,2,0.7188,2,0.0000,0,0.0000,0,0.0000,0,0.0000,0,0.0000,0
10260165.0,2392.327489,8755.871467,11148.198956,542,217,0.00,0.4578,0.3500,5,0,5,25,0.012500,1.0000,2,1.0000,2,0.9844,2,0.8750,2,0.7188,2,0.0000,0,0.0000,0,0.0000,0,0.0000,0,0.0000,0
10260217.0,2392.355223,8755.996275,11148.351498,543,217,0.00,0.4406,0.3375,5,0,5,25,0.012500,1.0000,2,0.9531,2,0.9844,2,0.9219,2,0.5469,2,0.0000,0,0.0000,0,0.0000,0,0.0000,0,0.0000,0
10260412.0,2392.454560,8756.424500,11148.879060,544,217,0.00,0.4250,0.3125,5,0,5,25,0.012500,1.0000,2,0.8281,2,0.9375,2,0.9375,2,0.5469,2,0.0000,0,0.0000,0,0.0000,0,0.0000,0,0.0000,0
10260448.0,2392.472960,8756.504000,11148.976960,545,217,0.00,0.4375,0.3250,5,0,5,25,0.012500,1.0000,2,0.9531,2,0.9375,2,0.9375,2,0.5469,2,0.0000,0,0.0000,0,0.0000,0,0.0000,0,0.0000,0
10260477.0,2392.488064,8756.570217,11149.058281,546,217,0.00,0.4422,0.3375,5,0,5,25,0.012500,1.0000,2,1.0000,2,0.9375,2,0.9375,2,0.5469,2,0.0000,0,0.0000,0,0.0000,0,0.0000,0,0.0000,0
10260513.0,2392.506892,8756.654292,11149.161184,547,218,0.00,0.4453,0.3375,5,0,5,25,0.012500,1.0000,2,1.0000,2,0.9375,2,0.8750,2,0.6406,2,0.0000,0,0.0000,0,0.0000,0,0.0000,0,0.0000,0
10260574.0,2392.539534,8756.798150,11149.337684,548,218,0.00,0.4828,0.3500,6,0,4,26,0.013000,1.0000,2,1.0000,2,0.9375,2,0.8750,2,0.6406,2,0.3750,2,0.0000,0,0.0000,0,0.0000,0,0.0000,0
10260773.0,2392.655233,8757.287625,11149.942858,549,218,0.00,0.4766,0.3500,6,0,4,26,0.013000,1.0000,2,0.8750,2,1.0000,2,0.8750,2,0.6406,2,0.3750,2,0.0000,0,0.0000,0,0.0000,0,0.0000,0
10260845.0,2392.697120,8757.467625,11150.164745,550,219,0.00,0.4906,0.3625,6,0,4,26,0.013000,1.0000,2,0.8750,2,1.0000,2,0.8750,2,0.7813,2,0.3750,2,0.0000,0,0.0000,0,0.0000,0,0.0000,0
10260976.0,2392.774430,8757.799775,11150.574205,551,219,0.00,0.4906,0.3625,6,0,4,26,0.013000,1.0000,2,0.9375,2,0.9375,2,0.8750,2,0.7813,2,0.3750,2,0.0000,0,0.0000,0,0.0000,0,0.0000,0
10261103.0,2392.849704,8758.126800,11150.976504,552,220,0.00,0.5047,0.3750,6,0,4,26,0.013000,1.0000,2,0.9375,2,0.9375,2,0.8750,2,0.9219,2,0.3750,2,0.0000,0,0.0000,0,0.0000,0,0.0000,0
10261187.0,2392.899897,8758.342050,11151.241947,553,221,0.00,0.5031,0.3625,6,0,4,26,0.013000,1.0000,2,0.8750,2,0.9375,2,0.8750,2,0.8281,2,0.5156,2,0.0000,0,0.0000,0,0.0000,0,0.0000,0
10261340.0,2392.992069,8758.736025,11151.728094,554,222,0.00,0.5094,0.3750,6,0,4,26,0.013000,1.0000,2,0.9375,2,0.9375,2,0.8750,2,0.8281,2,0.5156,2,0.0000,0,0.0000,0,0.0000,0,0.0000,0
10261372.0,2393.011502,8758.820825,11151.832327,555,223,0.00,0.5156,0.3875,6,0,4,26,0.013000,1.0000,2,1.0000,2,0.9375,2,0.8750,2,0.8281,2,0.5156,2,0.0000,0,0.0000,0,0.0000,0,0.0000,0
10261514.0,2393.098173,8759.202525,11152.300698,556,223,0.00,0.5156,0.3875,6,0,4,26,0.013000,1.0000,2,0.9531,2,0.9844,2,0.8750,2,0.8281,2,0.5156,2,0.0000,0,0.0000,0,0.0000,0,0.0000,0
10261661.0,2393.188159,8759.603100,11152.791259,557,223,0.00,0.5203,0.4000,6,0,4,26,0.013000,1.0000,2,1.0000,2,0.9844,2,0.8750,2,0.8281,2,0.5156,2,0.0000,0,0.0000,0,0.0000,0,0.0000,0
10261763.0,2393.249006,8759.873925,11153.122931,558,224,0.00,0.5047,0.3750,6,0,4,26,0.013000,1.0000,2,1.0000,2,0.9375,2,0.8750,2,0.8594,2,0.3750,2,0.0000,0,0.0000,0,0.0000,0,0.0000,0
10262406.0,2393.626080,8761.478500,11155.104580,559,224,0.00,0.4750,0.3500,6,0,4,26,0.013000,1.0000,2,0.9531,2,1.0000,2,0.8750,2,0.5469,2,0.3750,2,0.0000,0,0.0000,0,0.0000,0,0.0000,0
10262527.0,2393.695975,8761.774175,11155.470150,560,225,0.00,0.4703,0.3375,6,0,4,26,0.013000,1.0000,2,0.9063,2,0.9375,2,0.9375,2,0.5469,2,0.3750,2,0.0000,0,0.0000,0,0.0000,0,0.0000,0
10262679.0,2393.783665,8762.142775,11155.926440,561,226,0.00,0.4953,0.3500,6,0,4,26,0.013000,1.0000,2,0.9063,2,0.9375,2,0.9375,2,0.7969,2,0.3750,2,0.0000,0,0.0000,0,0.0000,0,0.0000,0
10263507.0,2394.272041,8764.191925,11158.463966,562,226,0.00,0.4766,0.3500,6,0,4,26,0.013000,1.0000,2,0.9688,2,0.9375,2,0.9375,2,0.5469,2,0.3750,2,0.0000,0,0.0000,0,0.0000,0,0.0000,0
10263618.0,2394.336360,8764.465450,11158.801810,563,226,0.00,0.4750,0.3500,6,0,4,26,0.013000,1.0000,2,0.9063,2,0.9844,2,0.9375,2,0.5469,2,0.3750,2,0.0000,0,0.0000,0,0.0000,0,0.0000,0
10263824.0,2394.455739,8764.976025,11159.431764,564,226,0.00,0.4750,0.3500,6,0,4,26,0.013000,1.0000,2,0.9531,2,0.9375,2,0.9375,2,0.5469,2,0.3750,2,0.0000,0,0.0000,0,0.0000,0,0.0000,0
10263869.0,2394.481864,8765.088525,11159.570389,565,226,0.00,0.4797,0.3625,6,0,4,26,0.013000,1.0000,2,1.0000,2,0.9375,2,0.9375,2,0.5469,2,0.3750,2,0.0000,0,0.0000,0,0.0000,0,0.0000,0
10263993.0,2394.554232,8765.406325,11159.960557,566,226,0.00,0.4797,0.3625,6,0,4,26,0.013000,1.0000,2,0.9531,2,0.9844,2,0.9375,2,0.5469,2,0.3750,2,0.0000,0,0.0000,0,0.0000,0,0.0000,0
10264830.0,2395.037973,8767.453900,11162.491873,567,226,0.00,0.4750,0.3500,6,0,4,26,0.013000,1.0000,2,0.9531,2,0.9375,2,0.9375,2,0.5469,2,0.3750,2,0.0000,0,0.0000,0,0.0000,0,0.0000,0
10265011.0,2395.143054,8767.906400,11163.049454,568,227,0.00,0.4922,0.3625,6,0,4,26,0.013000,1.0000,2,0.9531,2,0.9375,2,0.9375,2,0.7188,2,0.3750,2,0.0000,0,0.0000,0,0.0000,0,0.0000,0
10265140.0,2395.215915,8768.222725,11163.438640,569,228,0.00,0.4625,0.3500,5,0,5,26,0.013000,1.0000,2,0.9063,2,0.9375,2,0.9375,2,0.8438,2,0.0000,0,0.0000,0,0.0000,0,0.0000,0,0.0000,0
10265185.0,2395.240727,8768.332225,11163.572952,570,228,0.00,0.5000,0.3625,6,0,4,27,0.013500,1.0000,2,0.9063,2,0.9375,2,0.9375,2,0.8438,2,0.3750,2,0.0000,0,0.0000,0,0.0000,0,0.0000,0
10265558.0,2395.464527,8769.292700,11164.757227,571,229,0.00,0.5188,0.3750,6,0,4,27,0.013500,1.0000,2,0.9063,2,0.9375,2,0.9375,2,0.8438,2,0.5625,2,0.0000,0,0.0000,0,0.0000,0,0.0000,0
10266148.0,2395.827131,8770.856200,11166.683331,572,229,0.00,0.5250,0.3875,6,0,4,27,0.013500,1.0000,2,0.9688,2,0.9375,2,0.9375,2,0.8438,2,0.5625,2,0.0000,0,0.0000,0,0.0000,0,0.0000,0
10266395.0,2395.978972,8771.514725,11167.493697,573,229,0.00,0.5125,0.3750,6,0,4,27,0.013500,1.0000,2,0.9063,2,1.0000,2,0.9375,2,0.7188,2,0.5625,2,0.0000,0,0.0000,0,0.0000,0,0.0000,0
10266690.0,2396.158840,8772.296475,11168.455315,574,230,0.00,0.5500,0.3875,6,0,4,27,0.013500,1.0000,2,0.9063,2,1.0000,2,0.9375,2,0.7188,2,0.9375,2,0.0000,0,0.0000,0,0.0000,0,0.0000,0
10266884.0,2396.282785,8772.825125,11169.107910,575,230,0.00,0.5563,0.4000,6,0,4,27,0.013500,1.0000,2,0.9688,2,1.0000,2,0.9375,2,0.7188,2,0.9375,2,0.0000,0,0.0000,0,0.0000,0,0.0000,0
10266902.0,2396.294372,8772.875525,11169.169897,576,231,0.00,0.5844,0.4125,6,0,4,27,0.013500,1.0000,2,0.9688,2,1.0000,2,0.9375,2,1.0000,2,0.9375,2,0.0000,0,0.0000,0,0.0000,0,0.0000,0
10267235.0,2396.511052,8773.790450,11170.301502,577,231,0.00,0.5563,0.3875,7,0,3,28,0.014000,1.0000,2,0.8438,2,1.0000,2,0.9375,2,0.7188,2,0.9375,2,0.1250,2,0.0000,0,0.0000,0,0.0000,0
10267517.0,2396.697706,8774.568700,11171.266406,578,231,0.00,0.5313,0.3875,7,0,3,28,0.014000,1.0000,2,0.9688,2,1.0000,2,0.9375,2,0.7188,2,0.5625,2,0.1250,2,0.0000,0,0.0000,0,0.0000,0
10267882.0,2396.935107,8775.562608,11172.497715,579,232,0.00,0.5359,0.3750,7,0,3,28,0.014000,1.0000,2,0.9063,2,0.9375,2,0.9375,2,0.8906,2,0.5625,2,0.1250,2,0.0000,0,0.0000,0,0.0000,0
10267984.0,2397.002274,8775.839708,11172.841983,580,232,0.00,0.5406,0.3875,7,0,3,28,0.014000,1.0000,2,0.9531,2,0.9375,2,0.9375,2,0.8906,2,0.5625,2,0.1250,2,0.0000,0,0.0000,0,0.0000,0
10268036.0,2397.036706,8775.984875,11173.021581,581,232,0.00,0.5453,0.4000,7,0,3,28,0.014000,1.0000,2,1.0000,2,0.9375,2,0.9375,2,0.8906,2,0.5625,2,0.1250,2,0.0000,0,0.0000,0,0.0000,0
10268198.0,2397.144212,8776.442000,11173.586212,582,233,0.00,0.5375,0.3875,7,0,3,28,0.014000,1.0000,2,0.9063,2,0.9531,2,0.9375,2,0.8906,2,0.5625,2,0.1250,2,0.0000,0,0.0000,0,0.0000,0
10269999.0,2398.306909,8781.404167,11179.711076,583,233,0.00,0.4938,0.3750,7,0,3,28,0.014000,1.0000,2,0.8438,2,0.9531,2,0.9375,2,0.8906,2,0.1875,2,0.1250,2,0.0000,0,0.0000,0,0.0000,0
10270109.0,2398.375585,8781.700675,11180.076260,584,233,0.00,0.4938,0.3750,7,0,3,28,0.014000,1.0000,2,0.8438,2,0.9531,2,0.9375,2,0.8906,2,0.1875,2,0.1250,2,0.0000,0,0.0000,0,0.0000,0
10270559.0,2398.653283,8782.863550,11181.516833,585,233,0.00,0.4859,0.3625,7,0,3,28,0.014000,1.0000,2,0.8281,2,0.9531,2,0.8750,2,0.8906,2,0.1875,2,0.1250,2,0.0000,0,0.0000,0,0.0000,0
10272218.0,2399.675910,8787.136650,11186.812560,586,233,0.00,0.4875,0.3625,7,0,3,28,0.014000,1.0000,2,0.8438,2,0.9531,2,0.8750,2,0.8906,2,0.1875,2,0.1250,2,0.0000,0,0.0000,0,0.0000,0
10272751.0,2400.004418,8788.507683,11188.512101,587,233,0.00,0.4875,0.3625,7,0,3,28,0.014000,1.0000,2,0.8438,2,0.9531,2,0.8750,2,0.8906,2,0.1875,2,0.1250,2,0.0000,0,0.0000,0,0.0000,0
10273015.0,2400.167764,8789.196533,11189.364297,588,233,0.00,0.4875,0.3625,7,0,3,28,0.014000,1.0000,2,0.8438,2,0.9531,2,0.8750,2,0.8906,2,0.1875,2,0.1250,2,0.0000,0,0.0000,0,0.0000,0
10273175.0,2400.266586,8789.611325,11189.877911,589,233,0.00,0.4875,0.3625,7,0,3,28,0.014000,1.0000,2,0.8438,2,0.9531,2,0.8750,2,0.8906,2,0.1875,2,0.1250,2,0.0000,0,0.0000,0,0.0000,0
10274502.0,2401.059973,8792.861083,11193.921056,590,234,0.00,0.4547,0.3125,6,0,4,28,0.014000,1.0000,2,0.7344,2,0.9531,2,0.8750,2,0.5469,2,0.4375,2,0.0000,0,0.0000,0,0.0000,0,0.0000,0
10275038.0,2401.362683,8794.080483,11195.443166,591,234,0.00,0.4594,0.3250,6,0,4,28,0.014000,1.0000,2,0.7813,2,0.9531,2,0.8750,2,0.5469,2,0.4375,2,0.0000,0,0.0000,0,0.0000,0,0.0000,0
10275406.0,2401.571855,8794.945283,11196.517138,592,234,0.00,0.4641,0.3375,6,0,4,28,0.014000,1.0000,2,0.8281,2,0.9531,2,0.8750,2,0.5469,2,0.4375,2,0.0000,0,0.0000,0,0.0000,0,0.0000,0
10276050.0,2401.932314,8796.446983,11198.379297,593,235,0.00,0.4516,0.3250,6,0,4,28,0.014000,1.0000,2,0.9531,2,0.9531,2,0.8750,2,0.5469,2,0.1875,2,0.0000,0,0.0000,0,0.0000,0,0.0000,0
10276746.0,2402.317305,8798.033983,11200.351289,594,235,0.00,0.4344,0.3125,6,0,4,28,0.014000,1.0000,2,0.7813,2,0.9531,2,0.8750,2,0.5469,2,0.1875,2,0.0000,0,0.0000,0,0.0000,0,0.0000,0
10277009.0,2402.460533,8798.608683,11201.069216,595,235,0.00,0.4313,0.3000,6,0,4,28,0.014000,1.0000,2,0.7500,2,0.9531,2,0.8750,2,0.5469,2,0.1875,2,0.0000,0,0.0000,0,0.0000,0,0.0000,0
10277188.0,2402.558361,8799.002483,11201.560845,596,235,0.00,0.4359,0.3125,6,0,4,28,0.014000,1.0000,2,0.7969,2,0.9531,2,0.8750,2,0.5469,2,0.1875,2,0.0000,0,0.0000,0,0.0000,0,0.0000,0
10277517.0,2402.737891,8799.728158,11202.466049,597,236,0.00,0.4484,0.3000,6,0,4,28,0.014000,1.0000,2,0.9219,2,0.9531,2,0.8750,2,0.5469,2,0.1875,2,0.0000,0,0.0000,0,0.0000,0,0.0000,0
10277525.0,2402.742370,8799.745758,11202.488128,598,237,0.00,0.4672,0.3000,6,0,4,28,0.014000,1.0000,2,0.9219,2,0.9531,2,0.8750,2,0.7344,2,0.1875,2,0.0000,0,0.0000,0,0.0000,0,0.0000,0
10277534.0,2402.747540,8799.765558,11202.513099,599,238,0.00,0.4859,0.3000,6,0,4,28,0.014000,1.0000,2,0.9219,2,0.9531,2,0.8750,2,0.9219,2,0.1875,2,0.0000,0,0.0000,0,0.0000,0,0.0000,0
10277694.0,2402.841149,8800.117558,11202.958707,600,239,0.00,0.4859,0.3000,6,0,4,28,0.014000,1.0000,2,0.9219,2,0.9531,2,0.8750,2,0.7344,2,0.3750,2,0.0000,0,0.0000,0,0.0000,0,0.0000,0
10277875.0,2402.947769,8800.515758,11203.463527,601,240,0.00,0.5047,0.3000,6,0,4,28,0.014000,1.0000,2,0.9219,2,0.9531,2,0.8750,2,0.9219,2,0.3750,2,0.0000,0,0.0000,0,0.0000,0,0.0000,0
10277915.0,2402.971915,8800.603758,11203.575673,602,240,0.00,0.5094,0.3125,6,0,4,28,0.014000,1.0000,2,0.9688,2,0.9531,2,0.8750,2,0.9219,2,0.3750,2,0.0000,0,0.0000,0,0.0000,0,0.0000,0
10278278.0,2403.181555,8801.429583,11204.611139,603,241,0.00,0.4656,0.3250,6,0,4,28,0.014000,1.0000,2,0.9688,2,0.9531,2,1.0000,2,0.5469,2,0.1875,2,0.0000,0,0.0000,0,0.0000,0,0.0000,0
10279220.0,2403.714366,8803.587708,11207.302074,604,241,0.00,0.4578,0.3250,6,0,4,28,0.014000,1.0000,2,0.9688,2,1.0000,2,0.8750,2,0.5469,2,0.1875,2,0.0000,0,0.0000,0,0.0000,0,0.0000,0
10279624.0,2403.942893,8804.524433,11208.467327,605,242,0.00,0.4594,0.3250,6,0,4,28,0.014000,1.0000,2,0.9688,2,0.9531,2,0.9375,2,0.5469,2,0.1875,2,0.0000,0,0.0000,0,0.0000,0,0.0000,0
10280071.0,2404.196969,8805.574883,11209.771853,606,242,0.00,0.4641,0.3375,6,0,4,28,0.014000,1.0000,2,0.9688,2,1.0000,2,0.9375,2,0.5469,2,0.1875,2,0.0000,0,0.0000,0,0.0000,0,0.0000,0
10280529.0,2404.457374,8806.652758,11211.110133,607,243,0.00,0.4906,0.3250,6,0,4,28,0.014000,1.0000,2,0.9688,2,0.9531,2,0.9375,2,0.8594,2,0.1875,2,0.0000,0,0.0000,0,0.0000,0,0.0000,0
10280778.0,2404.604113,8807.237908,11211.842021,608,243,0.00,0.4766,0.3375,6,0,4,28,0.014000,1.0000,2,0.7813,2,1.0000,2,0.9375,2,0.8594,2,0.1875,2,0.0000,0,0.0000,0,0.0000,0,0.0000,0
10280815.0,2404.625639,8807.327633,11211.953272,609,244,0.00,0.5047,0.3500,6,0,4,28,0.014000,1.0000,2,0.7813,2,1.0000,2,0.9375,2,0.8594,2,0.4688,2,0.0000,0,0.0000,0,0.0000,0,0.0000,0
10281084.0,2404.787731,8807.994208,11212.781940,610,244,0.00,0.5047,0.3500,6,0,4,28,0.014000,1.0000,2,0.8281,2,0.9531,2,0.9375,2,0.8594,2,0.4688,2,0.0000,0,0.0000,0,0.0000,0,0.0000,0
10281304.0,2404.920391,8808.541283,11213.461674,611,245,0.00,0.5172,0.3500,6,0,4,28,0.014000,1.0000,2,0.9531,2,0.9531,2,0.9375,2,0.8594,2,0.4688,2,0.0000,0,0.0000,0,0.0000,0,0.0000,0
10281564.0,2405.079867,8809.191283,11214.271150,612,246,0.00,0.5344,0.3625,6,0,4,28,0.014000,1.0000,2,0.9531,2,0.9531,2,0.9375,2,0.8594,2,0.6406,2,0.0000,0,0.0000,0,0.0000,0,0.0000,0
10281591.0,2405.096789,8809.260808,11214.357597,613,246,0.00,0.5391,0.3750,6,0,4,28,0.014000,1.0000,2,1.0000,2,0.9531,2,0.9375,2,0.8594,2,0.6406,2,0.0000,0,0.0000,0,0.0000,0,0.0000,0
10281731.0,2405.183861,8809.627758,11214.811619,614,246,0.00,0.5156,0.3750,6,0,4,28,0.014000,1.0000,2,1.0000,2,1.0000,2,0.9375,2,0.8594,2,0.3594,2,0.0000,0,0.0000,0,0.0000,0,0.0000,0
10281756.0,2405.199165,8809.694008,11214.893173,615,247,0.00,0.5281,0.3875,6,0,4,28,0.014000,1.0000,2,1.0000,2,1.0000,2,0.9375,2,0.9844,2,0.3594,2,0.0000,0,0.0000,0,0.0000,0,0.0000,0
10281935.0,2405.308614,8810.156658,11215.465272,616,248,0.00,0.5047,0.3500,6,0,4,28,0.014000,1.0000,2,0.9063,2,0.9531,2,0.9375,2,0.9844,2,0.2656,2,0.0000,0,0.0000,0,0.0000,0,0.0000,0
10282240.0,2405.492726,8810.919158,11216.411884,617,248,0.00,0.5172,0.3625,6,0,4,28,0.014000,1.0000,2,0.9063,2,0.9531,2,0.9375,2,0.9844,2,0.3906,2,0.0000,0,0.0000,0,0.0000,0,0.0000,0
10282253.0,2405.500699,8810.952633,11216.453333,618,248,0.00,0.5219,0.3750,6,0,4,28,0.014000,1.0000,2,0.9531,2,0.9531,2,0.9375,2,0.9844,2,0.3906,2,0.0000,0,0.0000,0,0.0000,0,0.0000,0
10282268.0,2405.509821,8810.991633,11216.501454,619,248,0.00,0.5094,0.3750,6,0,4,28,0.014000,1.0000,2,0.8281,2,0.9531,2,0.9375,2,0.9844,2,0.3906,2,0.0000,0,0.0000,0,0.0000,0,0.0000,0
10282330.0,2405.547424,8811.155558,11216.702983,620,248,0.00,0.5016,0.3750,6,0,4,28,0.014000,1.0000,2,0.8750,2,0.9531,2,0.9375,2,0.9844,2,0.2656,2,0.0000,0,0.0000,0,0.0000,0,0.0000,0
10282361.0,2405.566059,8811.237633,11216.803692,621,249,0.00,0.5141,0.3750,6,0,4,28,0.014000,1.0000,2,0.8281,2,0.9531,2,0.9375,2,0.9844,2,0.4375,2,0.0000,0,0.0000,0,0.0000,0,0.0000,0
10282412.0,2405.597184,8811.372108,11216.969292,622,249,0.00,0.5156,0.3750,6,0,4,28,0.014000,1.0000,2,0.8438,2,0.9531,2,0.9375,2,0.9844,2,0.4375,2,0.0000,0,0.0000,0,0.0000,0,0.0000,0
10282878.0,2405.882108,8812.600033,11218.482141,623,250,0.00,0.5281,0.3750,6,0,4,28,0.014000,1.0000,2,0.7969,2,0.9531,2,0.9375,2,0.9844,2,0.6094,2,0.0000,0,0.0000,0,0.0000,0,0.0000,0
10282886.0,2405.887083,8812.621233,11218.508316,624,250,0.00,0.5328,0.3875,6,0,4,28,0.014000,1.0000,2,0.8438,2,0.9531,2,0.9375,2,0.9844,2,0.6094,2,0.0000,0,0.0000,0,0.0000,0,0.0000,0
10283250.0,2406.111587,8813.573683,11219.685270,625,251,0.00,0.5188,0.3625,6,0,4,28,0.014000,1.0000,2,0.7969,2,0.9531,2,0.9375,2,0.9844,2,0.5156,2,0.0000,0,0.0000,0,0.0000,0,0.0000,0
10283282.0,2406.131254,8813.656083,11219.787337,626,252,0.00,0.5328,0.3750,6,0,4,28,0.014000,1.0000,2,0.9375,2,0.9531,2,0.9375,2,0.9844,2,0.5156,2,0.0000,0,0.0000,0,0.0000,0,0.0000,0
10283554.0,2406.300366,8814.371108,11220.671474,627,253,0.00,0.5297,0.3750,6,0,4,28,0.014000,1.0000,2,0.9375,2,0.9531,2,0.9375,2,0.9844,2,0.4844,2,0.0000,0,0.0000,0,0.0000,0,0.0000,0
10283834.0,2406.468054,8815.075083,11221.543137,628,254,0.00,0.5125,0.3625,6,0,4,28,0.014000,1.0000,2,0.9375,2,0.9531,2,0.9375,2,0.9844,2,0.3125,2,0.0000,0,0.0000,0,0.0000,0,0.0000,0
10284010.0,2406.575365,8815.528283,11222.103648,629,254,0.00,0.5172,0.3750,6,0,4,28,0.014000,1.0000,2,0.9844,2,0.9531,2,0.9375,2,0.9844,2,0.3125,2,0.0000,0,0.0000,0,0.0000,0,0.0000,0
10284572.0,2406.919859,8817.014208,11223.934067,630,255,0.00,0.5281,0.3750,6,0,4,28,0.014000,1.0000,2,0.9844,2,0.9531,2,0.8750,2,0.9844,2,0.4844,2,0.0000,0,0.0000,0,0.0000,0,0.0000,0
10284612.0,2406.944734,8817.120208,11224.064942,631,256,0.00,0.5453,0.3875,6,0,4,28,0.014000,1.0000,2,0.9844,2,0.9531,2,0.8750,2,0.9844,2,0.6563,2,0.0000,0,0.0000,0,0.0000,0,0.0000,0
10284914.0,2407.132976,8817.907083,11225.040060,632,256,0.00,0.5281,0.3750,6,0,4,28,0.014000,1.0000,2,0.9375,2,1.0000,2,0.8750,2,0.9844,2,0.4844,2,0.0000,0,0.0000,0,0.0000,0,0.0000,0
10285049.0,2407.216930,8818.264833,11225.481763,633,256,0.00,0.5328,0.3875,6,0,4,28,0.014000,1.0000,2,0.9844,2,1.0000,2,0.8750,2,0.9844,2,0.4844,2,0.0000,0,0.0000,0,0.0000,0,0.0000,0
10285062.0,2407.225061,8818.300258,11225.525320,634,257,0.00,0.5578,0.4000,6,0,4,28,0.014000,1.0000,2,0.9844,2,1.0000,2,0.8750,2,0.9844,2,0.7344,2,0.0000,0,0.0000,0,0.0000,0,0.0000,0
10285584.0,2407.560373,8819.733883,11227.294257,635,258,0.00,0.5781,0.4000,6,0,4,28,0.014000,1.0000,2,0.9375,2,1.0000,2,0.8750,2,0.9844,2,0.9844,2,0.0000,0,0.0000,0,0.0000,0,0.0000,0
10285684.0,2407.626450,8820.013883,11227.640333,636,258,0.00,0.5828,0.4125,6,0,4,28,0.014000,1.0000,2,0.9844,2,1.0000,2,0.8750,2,0.9844,2,0.9844,2,0.0000,0,0.0000,0,0.0000,0,0.0000,0
10285696.0,2407.634423,8820.048383,11227.682806,637,258,0.00,0.5875,0.4250,6,0,4,28,0.014000,1.0000,2,0.9844,2,1.0000,2,0.9219,2,0.9844,2,0.9844,2,0.0000,0,0.0000,0,0.0000,0,0.0000,0
10286148.0,2407.934492,8821.332583,11229.267075,638,258,0.00,0.5953,0.4125,7,0,3,29,0.014500,1.0000,2,0.9844,2,0.9531,2,0.8750,2,0.9844,2,0.9844,2,0.1719,2,0.0000,0,0.0000,0,0.0000,0
10286237.0,2407.996458,8821.589142,11229.585600,639,258,0.00,0.5891,0.4000,7,0,3,29,0.014500,1.0000,2,0.7969,2,0.9531,2,1.0000,2,0.9844,2,0.9844,2,0.1719,2,0.0000,0,0.0000,0,0.0000,0
10286458.0,2408.151109,8822.222600,11230.373709,640,258,0.00,0.5797,0.4000,7,0,3,29,0.014500,1.0000,2,0.8438,2,0.9531,2,1.0000,2,0.9844,2,0.8438,2,0.1719,2,0.0000,0,0.0000,0,0.0000,0
10286759.0,2408.358690,8823.069267,11231.427957,641,259,0.00,0.5938,0.3750,7,0,3,29,0.014500,1.0000,2,0.7344,2,0.9531,2,1.0000,2,0.9844,2,0.8438,2,0.4219,2,0.0000,0,0.0000,0,0.0000,0
10286819.0,2408.400899,8823.232267,11231.633165,642,259,0.00,0.5984,0.3875,7,0,3,29,0.014500,1.0000,2,0.7813,2,0.9531,2,1.0000,2,0.9844,2,0.8438,2,0.4219,2,0.0000,0,0.0000,0,0.0000,0
10287519.0,2408.883034,8825.073933,11233.956967,643,260,0.00,0.5688,0.3375,7,0,3,29,0.014500,1.0000,2,0.7344,2,0.9531,2,0.8750,2,0.8594,2,0.5938,2,0.6719,2,0.0000,0,0.0000,0,0.0000,0
10287566.0,2408.915183,8825.191042,11234.106224,644,261,0.00,0.5922,0.3500,7,0,3,29,0.014500,1.0000,2,0.9688,2,0.9531,2,0.8750,2,0.8594,2,0.5938,2,0.6719,2,0.0000,0,0.0000,0,0.0000,0
10287684.0,2408.996966,8825.487833,11234.484800,645,262,0.00,0.6000,0.3375,7,0,3,29,0.014500,1.0000,2,0.9688,2,0.9531,2,0.8750,2,0.8594,2,0.6719,2,0.6719,2,0.0000,0,0.0000,0,0.0000,0
10287821.0,2409.091157,8825.820942,11234.912099,646,263,0.00,0.5828,0.3375,7,0,3,29,0.014500,1.0000,2,0.9688,2,0.9531,2,0.8750,2,0.8594,2,0.6719,2,0.5000,2,0.0000,0,0.0000,0,0.0000,0
10287906.0,2409.150229,8826.032733,11235.182962,647,264,0.00,0.6109,0.3500,7,0,3,29,0.014500,1.0000,2,0.9688,2,0.9531,2,0.8750,2,0.8594,2,0.9531,2,0.5000,2,0.0000,0,0.0000,0,0.0000,0
10287971.0,2409.196824,8826.199567,11235.396390,648,264,0.00,0.6234,0.3625,7,0,3,29,0.014500,1.0000,2,0.9688,2,0.9531,2,1.0000,2,0.8594,2,0.9531,2,0.5000,2,0.0000,0,0.0000,0,0.0000,0
10288025.0,2409.236058,8826.342217,11235.578275,649,265,0.00,0.6297,0.3750,7,0,3,29,0.014500,1.0000,2,0.9688,2,0.9531,2,1.0000,2,0.9219,2,0.9531,2,0.5000,2,0.0000,0,0.0000,0,0.0000,0
10288056.0,2409.258732,8826.426433,11235.685165,650,265,0.00,0.6344,0.3875,7,0,3,29,0.014500,1.0000,2,0.9688,2,1.0000,2,1.0000,2,0.9219,2,0.9531,2,0.5000,2,0.0000,0,0.0000,0,0.0000,0
10288251.0,2409.401148,8826.965633,11236.366782,651,266,0.00,0.6453,0.3875,7,0,3,29,0.014500,1.0000,2,0.9688,2,1.0000,2,1.0000,2,0.9219,2,0.7813,2,0.7813,2,0.0000,0,0.0000,0,0.0000,0
10288632.0,2409.675788,8828.006233,11237.682022,652,266,0.00,0.6125,0.3875,7,0,3,29,0.014500,1.0000,2,0.9688,2,1.0000,2,0.8750,2,0.9688,2,0.7813,2,0.5313,2,0.0000,0,0.0000,0,0.0000,0
10288768.0,2409.771085,8828.374125,11238.145210,653,267,0.00,0.5984,0.3625,7,0,3,29,0.014500,1.0000,2,0.9688,2,0.9531,2,0.8750,2,0.9688,2,0.9688,2,0.2500,2,0.0000,0,0.0000,0,0.0000,0
10289332.0,2410.156020,8829.785875,11239.941895,654,267,0.00,0.5703,0.3500,7,0,3,29,0.014500,1.0000,2,0.9688,2,1.0000,2,0.8750,2,0.9219,2,0.6875,2,0.2500,2,0.0000,0,0.0000,0,0.0000,0
10290217.0,2410.757419,8831.966625,11242.724044,655,268,0.00,0.5781,0.3375,7,0,3,29,0.014500,1.0000,2,0.9688,2,0.9531,2,0.8750,2,0.8594,2,0.8750,2,0.2500,2,0.0000,0,0.0000,0,0.0000,0
10290217.0,2410.757419,8831.966625,11242.724044,656,269,0.00,0.5969,0.3500,7,0,3,29,0.014500,1.0000,2,0.9688,2,0.9531,2,0.8750,2,0.8594,2,0.8750,2,0.4375,2,0.0000,0,0.0000,0,0.0000,0
10290268.0,2410.793420,8832.097525,11242.890945,657,270,0.00,0.6141,0.3625,7,0,3,29,0.014500,1.0000,2,0.9688,2,0.9531,2,0.8750,2,0.8594,2,0.8750,2,0.6094,2,0.0000,0,0.0000,0,0.0000,0
10290883.0,2411.231747,8833.722150,11244.953897,658,271,0.00,0.6203,0.3625,7,0,3,29,0.014500,1.0000,2,0.9688,2,0.9531,2,0.8750,2,0.8594,2,0.6875,2,0.8594,2,0.0000,0,0.0000,0,0.0000,0
10290997.0,2411.314177,8834.022625,11245.336802,659,272,0.00,0.6219,0.3625,7,0,3,29,0.014500,1.0000,2,0.9688,2,0.9531,2,0.8750,2,0.8594,2,0.8750,2,0.6875,2,0.0000,0,0.0000,0,0.0000,0
10291056.0,2411.356973,8834.178483,11245.535456,660,273,0.00,0.6469,0.3625,7,0,3,29,0.014500,1.0000,2,0.9688,2,0.9531,2,0.8750,2,0.8594,2,0.8750,2,0.9375,2,0.0000,0,0.0000,0,0.0000,0
10291241.0,2411.491973,8834.667192,11246.159165,661,273,0.00,0.6391,0.3750,8,0,2,30,0.015000,1.0000,2,0.9688,2,0.9531,2,0.8750,2,0.8594,2,0.8750,2,0.6875,2,0.1719,2,0.0000,0,0.0000,0
10291568.0,2411.733829,8835.530683,11247.264512,662,273,0.00,0.6266,0.3625,7,0,3,30,0.015000,1.0000,2,0.9688,2,0.9375,2,0.9375,2,0.8594,2,0.8750,2,0.6875,2,0.0000,0,0.0000,0,0.0000,0
10291594.0,2411.752783,8835.599367,11247.352149,663,273,0.00,0.6313,0.3750,7,0,3,30,0.015000,1.0000,2,0.9688,2,0.9844,2,0.9375,2,0.8594,2,0.8750,2,0.6875,2,0.0000,0,0.0000,0,0.0000,0
10291860.0,2411.947183,8836.312100,11248.259283,664,274,0.00,0.6438,0.3750,7,0,3,30,0.015000,1.0000,2,0.9688,2,0.9375,2,0.9375,2,0.8594,2,0.8750,2,0.8594,2,0.0000,0,0.0000,0,0.0000,0
10292589.0,2412.461872,8838.269750,11250.731622,665,275,0.00,0.5547,0.3625,7,0,3,30,0.015000,1.0000,2,0.7344,2,0.9375,2,0.9375,2,0.9531,2,0.6250,2,0.3594,2,0.0000,0,0.0000,0,0.0000,0
10292824.0,2412.620048,8838.890542,11251.510589,666,276,0.00,0.5609,0.3750,7,0,3,30,0.015000,1.0000,2,0.7969,2,0.9375,2,0.9375,2,0.9531,2,0.6250,2,0.3594,2,0.0000,0,0.0000,0,0.0000,0
10292995.0,2412.735977,8839.355092,11252.091069,667,276,0.00,0.5656,0.3875,7,0,3,30,0.015000,1.0000,2,0.8438,2,0.9375,2,0.9375,2,0.9531,2,0.6250,2,0.3594,2,0.0000,0,0.0000,0,0.0000,0
10293013.0,2412.748246,8839.405342,11252.153588,668,277,0.00,0.5828,0.4000,7,0,3,30,0.015000,1.0000,2,0.8438,2,0.9375,2,0.9375,2,0.9531,2,0.7969,2,0.3594,2,0.0000,0,0.0000,0,0.0000,0
10293874.0,2413.344150,8841.822917,11255.167067,669,278,0.00,0.5969,0.4000,7,0,3,30,0.015000,1.0000,2,0.7969,2,0.9375,2,0.9375,2,0.9531,2,0.9844,2,0.3594,2,0.0000,0,0.0000,0,0.0000,0
10293926.0,2413.380857,8841.971983,11255.352841,670,278,0.00,0.6031,0.4125,7,0,3,30,0.015000,1.0000,2,0.8594,2,0.9375,2,0.9375,2,0.9531,2,0.9844,2,0.3594,2,0.0000,0,0.0000,0,0.0000,0
10294021.0,2413.447505,8842.243717,11255.691222,671,279,0.00,0.5859,0.4000,7,0,3,30,0.015000,1.0000,2,0.8594,2,0.9375,2,0.9375,2,0.9531,2,0.8125,2,0.3594,2,0.0000,0,0.0000,0,0.0000,0
10294984.0,2414.110289,8844.959017,11259.069305,672,280,0.00,0.5844,0.4000,7,0,3,30,0.015000,1.0000,2,0.8594,2,0.9375,2,0.9375,2,0.9531,2,0.7969,2,0.3594,2,0.0000,0,0.0000,0,0.0000,0
10295521.0,2414.484138,8846.498417,11260.982554,673,280,0.00,0.5891,0.4125,7,0,3,30,0.015000,1.0000,2,0.9063,2,0.9375,2,0.9375,2,0.9531,2,0.7969,2,0.3594,2,0.0000,0,0.0000,0,0.0000,0
10295551.0,2414.505132,8846.586667,11261.091799,674,280,0.00,0.5938,0.4250,7,0,3,30,0.015000,1.0000,2,0.9531,2,0.9375,2,0.9375,2,0.9531,2,0.7969,2,0.3594,2,0.0000,0,0.0000,0,0.0000,0
10296005.0,2414.822267,8847.910108,11262.732375,675,281,0.00,0.6078,0.4125,7,0,3,30,0.015000,1.0000,2,0.8594,2,0.9375,2,0.9375,2,0.9531,2,0.7969,2,0.5938,2,0.0000,0,0.0000,0,0.0000,0
10296154.0,2414.928714,8848.348417,11263.277130,676,281,0.00,0.6125,0.4250,7,0,3,30,0.015000,1.0000,2,0.9063,2,0.9375,2,0.9375,2,0.9531,2,0.7969,2,0.5938,2,0.0000,0,0.0000,0,0.0000,0
10296182.0,2414.948819,8848.432883,11263.381703,677,282,0.00,0.6297,0.4375,7,0,3,30,0.015000,1.0000,2,0.9063,2,0.9375,2,0.9375,2,0.9531,2,0.9688,2,0.5938,2,0.0000,0,0.0000,0,0.0000,0
10296641.0,2415.283176,8849.823833,11265.107009,678,282,0.00,0.6297,0.4375,7,0,3,30,0.015000,1.0000,2,0.9063,2,0.9375,2,0.9375,2,0.9531,2,0.9688,2,0.5938,2,0.0000,0,0.0000,0,0.0000,0
10296892.0,2415.463048,8850.579742,11266.042789,679,283,0.00,0.6188,0.4000,7,0,3,30,0.015000,1.0000,2,0.7969,2,0.9375,2,0.9375,2,0.9531,2,0.9688,2,0.5938,2,0.0000,0,0.0000,0,0.0000,0
10296892.0,2415.463048,8850.579742,11266.042789,680,284,0.00,0.6422,0.4000,7,0,3,30,0.015000,1.0000,2,0.7969,2,0.9375,2,0.9375,2,0.9531,2,0.9688,2,0.8281,2,0.0000,0,0.0000,0,0.0000,0
10296894.0,2415.465030,8850.585475,11266.050505,681,284,0.00,0.6656,0.4000,8,0,2,31,0.015500,1.0000,2,0.7969,2,0.9375,2,0.9375,2,0.9531,2,0.9688,2,0.8281,2,0.2344,2,0.0000,0,0.0000,0
10297478.0,2415.895199,8852.276475,11268.171674,682,285,0.00,0.6125,0.4125,7,0,3,31,0.015500,1.0000,2,0.9688,2,0.9375,2,0.9375,2,0.9531,2,0.9688,2,0.3594,2,0.0000,0,0.0000,0,0.0000,0
10297481.0,2415.897353,8852.285300,11268.182653,683,285,0.00,0.6172,0.4250,7,0,3,31,0.015500,1.0000,2,0.9688,2,0.9844,2,0.9375,2,0.9531,2,0.9688,2,0.3594,2,0.0000,0,0.0000,0,0.0000,0
10297562.0,2415.955811,8852.529650,11268.485461,684,286,0.00,0.6344,0.4375,7,0,3,31,0.015500,1.0000,2,0.9688,2,0.9844,2,0.9375,2,0.9531,2,0.9688,2,0.5313,2,0.0000,0,0.0000,0,0.0000,0
10297584.0,2415.971983,8852.597667,11268.569649,685,287,0.00,0.6516,0.4500,7,0,3,31,0.015500,1.0000,2,0.9688,2,0.9844,2,0.9375,2,0.9531,2,0.9688,2,0.7031,2,0.0000,0,0.0000,0,0.0000,0
10297724.0,2416.076600,8853.037625,11269.114225,686,287,0.00,0.6516,0.4500,7,0,3,31,0.015500,1.0000,2,0.9688,2,0.9375,2,0.9844,2,0.9531,2,0.9688,2,0.7031,2,0.0000,0,0.0000,0,0.0000,0
10297734.0,2416.084084,8853.069292,11269.153376,687,288,0.00,0.6688,0.4625,7,0,3,31,0.015500,1.0000,2,0.9688,2,0.9375,2,0.9844,2,0.9531,2,0.9688,2,0.8750,2,0.0000,0,0.0000,0,0.0000,0
10297773.0,2416.113795,8853.195717,11269.309511,688,288,0.00,0.6734,0.4750,7,0,3,31,0.015500,1.0000,2,0.9688,2,0.9844,2,0.9844,2,0.9531,2,0.9688,2,0.8750,2,0.0000,0,0.0000,0,0.0000,0
10297877.0,2416.192773,8853.537125,11269.729898,689,288,0.00,0.6609,0.4750,7,0,3,31,0.015500,1.0000,2,0.9688,2,0.9844,2,0.9844,2,1.0000,2,0.9688,2,0.7031,2,0.0000,0,0.0000,0,0.0000,0
10298377.0,2416.557040,8855.038708,11271.595748,690,288,0.00,0.5609,0.3750,7,0,3,31,0.015500,1.0000,2,0.7344,2,0.9375,2,0.9375,2,0.9531,2,0.6250,2,0.4219,2,0.0000,0,0.0000,0,0.0000,0
10298794.0,2416.834345,8856.141258,11272.975603,691,289,0.00,0.5625,0.3750,7,0,3,31,0.015500,1.0000,2,0.9219,2,0.9375,2,0.9375,2,0.9531,2,0.6250,2,0.2500,2,0.0000,0,0.0000,0,0.0000,0
10298876.0,2416.890037,8856.364025,11273.254062,692,290,0.00,0.5688,0.3875,7,0,3,31,0.015500,1.0000,2,0.9844,2,0.9375,2,0.9375,2,0.9531,2,0.6250,2,0.2500,2,0.0000,0,0.0000,0,0.0000,0
10299155.0,2417.080881,8857.142900,11274.223781,693,291,0.00,0.5781,0.4000,7,0,3,31,0.015500,1.0000,2,0.9844,2,0.9375,2,0.9375,2,0.9531,2,0.7188,2,0.2500,2,0.0000,0,0.0000,0,0.0000,0
10299397.0,2417.247572,8857.827258,11275.074831,694,291,0.00,0.5766,0.4000,7,0,3,31,0.015500,1.0000,2,0.9844,2,0.9844,2,0.9375,2,0.9531,2,0.7188,2,0.1875,2,0.0000,0,0.0000,0,0.0000,0
10299470.0,2417.297873,8858.034950,11275.332823,695,292,0.00,0.5891,0.4000,7,0,3,31,0.015500,1.0000,2,0.9844,2,0.9375,2,0.9375,2,0.9531,2,0.8906,2,0.1875,2,0.0000,0,0.0000,0,0.0000,0
10299478.0,2417.303472,8858.057883,11275.361355,696,293,0.00,0.6063,0.4125,7,0,3,31,0.015500,1.0000,2,0.9844,2,0.9375,2,0.9375,2,0.9531,2,0.8906,2,0.3594,2,0.0000,0,0.0000,0,0.0000,0
10299568.0,2417.367659,8858.322633,11275.690293,697,294,0.00,0.6234,0.4250,7,0,3,31,0.015500,1.0000,2,0.9844,2,0.9375,2,0.9375,2,0.9531,2,0.8906,2,0.5313,2,0.0000,0,0.0000,0,0.0000,0
10299841.0,2417.562010,8859.118658,11276.680669,698,294,0.00,0.6031,0.4125,7,0,3,31,0.015500,1.0000,2,0.9844,2,1.0000,2,0.9375,2,0.9531,2,0.7969,2,0.3594,2,0.0000,0,0.0000,0,0.0000,0
10300035.0,2417.699898,8859.689342,11277.389240,699,294,0.00,0.6078,0.4250,7,0,3,31,0.015500,1.0000,2,0.9844,2,1.0000,2,0.9844,2,0.9531,2,0.7969,2,0.3594,2,0.0000,0,0.0000,0,0.0000,0
10300246.0,2417.849994,8860.312583,11278.162577,700,295,0.00,0.6000,0.4125,7,0,3,31,0.015500,1.0000,2,0.9531,2,1.0000,2,0.9375,2,0.9531,2,0.7969,2,0.3594,2,0.0000,0,0.0000,0,0.0000,0
10300654.0,2418.135464,8861.492983,11279.628448,701,295,0.00,0.5875,0.4125,7,0,3,31,0.015500,1.0000,2,1.0000,2,1.0000,2,0.9375,2,0.9531,2,0.7969,2,0.1875,2,0.0000,0,0.0000,0,0.0000,0
10301249.0,2418.548586,8863.196475,11281.745061,702,295,0.00,0.5813,0.4000,7,0,3,31,0.015500,1.0000,2,0.9531,2,0.9375,2,0.9844,2,0.9531,2,0.7969,2,0.1875,2,0.0000,0,0.0000,0,0.0000,0
10303030.0,2419.776334,8868.102133,11287.878468,703,295,0.00,0.5734,0.3750,7,0,3,31,0.015500,1.0000,2,0.9219,2,0.9375,2,0.9375,2,0.9531,2,0.7969,2,0.1875,2,0.0000,0,0.0000,0,0.0000,0
10303910.0,2420.368350,8870.379550,11290.747900,704,296,0.00,0.5797,0.3625,7,0,3,31,0.015500,1.0000,2,0.8750,2,0.9375,2,0.9375,2,0.9531,2,0.6250,2,0.4688,2,0.0000,0,0.0000,0,0.0000,0
10303910.0,2420.368350,8870.379550,11290.747900,705,297,0.00,0.5969,0.3750,7,0,3,31,0.015500,1.0000,2,0.8750,2,0.9375,2,0.9375,2,0.9531,2,0.7969,2,0.4688,2,0.0000,0,0.0000,0,0.0000,0
10304054.0,2420.470000,8870.770750,11291.240750,706,297,0.00,0.6016,0.3875,7,0,3,31,0.015500,1.0000,2,0.9219,2,0.9375,2,0.9375,2,0.9531,2,0.7969,2,0.4688,2,0.0000,0,0.0000,0,0.0000,0
10304304.0,2420.647198,8871.464767,11292.111964,707,297,0.00,0.6016,0.3875,7,0,3,31,0.015500,1.0000,2,0.9219,2,0.9375,2,0.9375,2,0.9531,2,0.7969,2,0.4688,2,0.0000,0,0.0000,0,0.0000,0
10304349.0,2420.679127,8871.590392,11292.269519,708,297,0.00,0.6063,0.4000,7,0,3,31,0.015500,1.0000,2,0.9688,2,0.9375,2,0.9375,2,0.9531,2,0.7969,2,0.4688,2,0.0000,0,0.0000,0,0.0000,0
10305348.0,2421.353658,8874.193867,11295.547524,709,297,0.00,0.5563,0.3625,7,0,3,31,0.015500,1.0000,2,0.8750,2,0.9844,2,0.9375,2,0.9531,2,0.6250,2,0.1875,2,0.0000,0,0.0000,0,0.0000,0
10305589.0,2421.516107,8874.829308,11296.345415,710,297,0.00,0.5641,0.3625,7,0,3,31,0.015500,1.0000,2,1.0000,2,0.9375,2,0.9375,2,0.9531,2,0.6250,2,0.1875,2,0.0000,0,0.0000,0,0.0000,0
10306030.0,2421.816156,8875.994283,11297.810439,711,297,0.00,0.5766,0.3750,7,0,3,31,0.015500,1.0000,2,1.0000,2,0.9375,2,0.9375,2,0.9531,2,0.7500,2,0.1875,2,0.0000,0,0.0000,0,0.0000,0
10306555.0,2422.178460,8877.420533,11299.598994,712,297,0.00,0.5813,0.3875,7,0,3,31,0.015500,1.0000,2,1.0000,2,0.9844,2,0.9375,2,0.9531,2,0.7500,2,0.1875,2,0.0000,0,0.0000,0,0.0000,0
10306710.0,2422.285919,8877.851742,11300.137660,713,298,0.00,0.5938,0.3875,7,0,3,31,0.015500,1.0000,2,1.0000,2,0.9375,2,0.9375,2,0.9531,2,0.9219,2,0.1875,2,0.0000,0,0.0000,0,0.0000,0
10306993.0,2422.485001,8878.641783,11301.126785,714,299,0.00,0.6109,0.4000,7,0,3,31,0.015500,1.0000,2,1.0000,2,0.9375,2,0.9375,2,0.9531,2,0.9219,2,0.3594,2,0.0000,0,0.0000,0,0.0000,0
10307276.0,2422.687867,8879.453050,11302.140917,715,300,0.00,0.6281,0.4125,7,0,3,31,0.015500,1.0000,2,1.0000,2,0.9375,2,0.9375,2,0.9531,2,0.9219,2,0.5313,2,0.0000,0,0.0000,0,0.0000,0
10307415.0,2422.789366,8879.861942,11302.651308,716,301,0.00,0.6469,0.4125,7,0,3,31,0.015500,1.0000,2,1.0000,2,0.9375,2,0.9375,2,0.9531,2,0.9219,2,0.7188,2,0.0000,0,0.0000,0,0.0000,0
10307447.0,2422.813199,8879.956075,11302.769274,717,302,0.00,0.6656,0.4125,7,0,3,31,0.015500,1.0000,2,1.0000,2,0.9375,2,0.9375,2,0.9531,2,0.9219,2,0.9063,2,0.0000,0,0.0000,0,0.0000,0
10307455.0,2422.819774,8879.979608,11302.799383,718,302,0.00,0.6844,0.4125,8,0,2,32,0.016000,1.0000,2,1.0000,2,0.9375,2,0.9375,2,0.9531,2,0.9219,2,0.9063,2,0.1875,2,0.0000,0,0.0000,0
10307522.0,2422.873677,8880.181167,11303.054843,719,303,0.00,0.7031,0.4125,8,0,2,32,0.016000,1.0000,2,1.0000,2,0.9375,2,0.9375,2,0.9531,2,0.9219,2,0.9063,2,0.3750,2,0.0000,0,0.0000,0
10307762.0,2423.068170,8880.887042,11303.955211,720,303,0.00,0.6953,0.4125,8,0,2,32,0.016000,1.0000,2,1.0000,2,0.9844,2,0.9375,2,0.9531,2,0.7969,2,0.9063,2,0.3750,2,0.0000,0,0.0000,0
10307826.0,2423.120203,8881.079575,11304.199778,721,304,0.00,0.7141,0.4125,8,0,2,32,0.016000,1.0000,2,1.0000,2,0.9844,2,0.9375,2,0.9531,2,0.9844,2,0.9063,2,0.3750,2,0.0000,0,0.0000,0
10308033.0,2423.288345,8881.678000,11304.966345,722,305,0.00,0.6906,0.4000,8,0,2,32,0.016000,1.0000,2,0.8125,2,0.9375,2,0.9375,2,0.9531,2,0.7969,2,0.9063,2,0.5625,2,0.0000,0,0.0000,0
10311803.0,2426.006087,8891.998292,11318.004378,723,305,0.00,0.5766,0.3750,8,0,2,32,0.016000,1.0000,2,0.9375,2,0.9375,2,0.9375,2,0.9531,2,0.6250,2,0.1875,2,0.1875,2,0.0000,0,0.0000,0
10312991.0,2426.854210,8895.243017,11322.097226,724,305,0.00,0.5688,0.3750,8,0,2,32,0.016000,1.0000,2,0.8594,2,0.9375,2,0.9375,2,0.9531,2,0.6250,2,0.1875,2,0.1875,2,0.0000,0,0.0000,0
10314009.0,2427.578677,8898.015175,11325.593852,725,305,0.00,0.5688,0.3750,8,0,2,32,0.016000,1.0000,2,0.8594,2,0.9375,2,0.9375,2,0.9531,2,0.6250,2,0.1875,2,0.1875,2,0.0000,0,0.0000,0
10314591.0,2427.993237,8899.607775,11327.601012,726,305,0.00,0.5688,0.3750,8,0,2,32,0.016000,1.0000,2,0.8594,2,0.9375,2,0.9375,2,0.9531,2,0.6250,2,0.1875,2,0.1875,2,0.0000,0,0.0000,0
10314949.0,2428.248570,8900.594158,11328.842728,727,305,0.00,0.5688,0.3750,8,0,2,32,0.016000,1.0000,2,0.8594,2,0.9375,2,0.9375,2,0.9531,2,0.6250,2,0.1875,2,0.1875,2,0.0000,0,0.0000,0
10315182.0,2428.415020,8901.241700,11329.656720,728,306,0.00,0.5891,0.3750,8,0,2,32,0.016000,1.0000,2,0.8125,2,0.9375,2,0.9375,2,0.9531,2,0.8750,2,0.1875,2,0.1875,2,0.0000,0,0.0000,0
10315828.0,2428.886847,8903.039733,11331.926580,729,306,0.00,0.5938,0.3875,8,0,2,32,0.016000,1.0000,2,0.8594,2,0.9375,2,0.9375,2,0.9531,2,0.8750,2,0.1875,2,0.1875,2,0.0000,0,0.0000,0
10315953.0,2428.978600,8903.397025,11332.375625,730,307,0.00,0.6125,0.4000,8,0,2,32,0.016000,1.0000,2,0.8594,2,0.9375,2,0.9375,2,0.9531,2,0.8750,2,0.3750,2,0.1875,2,0.0000,0,0.0000,0
10316091.0,2429.081668,8903.796875,11332.878543,731,307,0.00,0.6172,0.4000,8,0,2,32,0.016000,1.0000,2,0.9063,2,0.9375,2,0.9375,2,0.9531,2,0.8750,2,0.3750,2,0.1875,2,0.0000,0,0.0000,0
10317757.0,2430.334928,8908.683808,11339.018736,732,308,0.00,0.6422,0.4125,8,0,2,32,0.016000,1.0000,2,0.9063,2,0.9375,2,0.9375,2,0.9531,2,0.8750,2,0.6250,2,0.1875,2,0.0000,0,0.0000,0
10319606.0,2431.737615,8914.152917,11345.890532,733,308,0.00,0.6234,0.4125,8,0,2,32,0.016000,1.0000,2,0.9688,2,0.9375,2,0.9375,2,0.9531,2,0.6250,2,0.6250,2,0.1875,2,0.0000,0,0.0000,0
10321771.0,2433.369990,8920.639783,11354.009773,734,308,0.00,0.6047,0.4125,8,0,2,32,0.016000,1.0000,2,0.9688,2,1.0000,2,0.9375,2,0.9531,2,0.6250,2,0.3750,2,0.1875,2,0.0000,0,0.0000,0
10321913.0,2433.475430,8921.066967,11354.542396,735,308,0.00,0.6172,0.4250,8,0,2,32,0.016000,1.0000,2,0.9688,2,1.0000,2,0.9375,2,0.9531,2,0.7500,2,0.3750,2,0.1875,2,0.0000,0,0.0000,0
10322676.0,2434.046679,8923.377550,11357.424229,736,308,0.00,0.6156,0.4250,8,0,2,32,0.016000,1.0000,2,0.9063,2,1.0000,2,0.9844,2,0.9531,2,0.7500,2,0.3750,2,0.1875,2,0.0000,0,0.0000,0
10323648.0,2434.774224,8926.323775,11361.097999,737,309,0.00,0.6359,0.4250,8,0,2,32,0.016000,1.0000,2,0.9063,2,1.0000,2,0.9375,2,0.9531,2,1.0000,2,0.3750,2,0.1875,2,0.0000,0,0.0000,0
10325258.0,2435.991395,8931.220667,11367.212061,738,310,0.00,0.6359,0.4250,8,0,2,32,0.016000,1.0000,2,0.9063,2,1.0000,2,0.9375,2,0.9531,2,0.7500,2,0.6250,2,0.1875,2,0.0000,0,0.0000,0
10325800.0,2436.407022,8932.891833,11369.298856,739,311,0.00,0.6484,0.4375,8,0,2,32,0.016000,1.0000,2,0.9063,2,1.0000,2,0.9375,2,0.9531,2,0.8750,2,0.6250,2,0.1875,2,0.0000,0,0.0000,0
10326430.0,2436.896257,8934.881583,11371.777840,740,311,0.00,0.6547,0.4500,8,0,2,32,0.016000,1.0000,2,0.9688,2,1.0000,2,0.9375,2,0.9531,2,0.8750,2,0.6250,2,0.1875,2,0.0000,0,0.0000,0
10326485.0,2436.939235,8935.059417,11371.998652,741,311,0.00,0.6609,0.4625,8,0,2,32,0.016000,1.0000,2,0.9688,2,1.0000,2,1.0000,2,0.9531,2,0.8750,2,0.6250,2,0.1875,2,0.0000,0,0.0000,0
10327751.0,2437.912126,8939.122667,11377.034792,742,311,0.00,0.6297,0.4375,8,0,2,32,0.016000,1.0000,2,0.9063,2,0.9375,2,1.0000,2,0.9531,2,0.9375,2,0.3750,2,0.1875,2,0.0000,0,0.0000,0
10328513.0,2438.481979,8941.494625,11379.976604,743,311,0.00,0.6172,0.4375,7,0,3,32,0.016000,1.0000,2,0.9688,2,0.9375,2,1.0000,2,0.9531,2,0.9375,2,0.3750,2,0.0000,0,0.0000,0,0.0000,0
10328589.0,2438.536829,8941.729592,11380.266420,744,311,0.00,0.6219,0.4500,7,0,3,32,0.016000,1.0000,2,0.9688,2,0.9844,2,1.0000,2,0.9531,2,0.9375,2,0.3750,2,0.0000,0,0.0000,0,0.0000,0
10329249.0,2439.009714,8943.727267,11382.736980,745,311,0.00,0.5969,0.4125,7,0,3,32,0.016000,1.0000,2,0.9063,2,0.9375,2,1.0000,2,1.0000,2,0.7500,2,0.3750,2,0.0000,0,0.0000,0,0.0000,0
10329323.0,2439.061950,8943.944950,11383.006900,746,311,0.00,0.6016,0.4250,7,0,3,32,0.016000,1.0000,2,0.9531,2,0.9375,2,1.0000,2,1.0000,2,0.7500,2,0.3750,2,0.0000,0,0.0000,0,0.0000,0
10330595.0,2439.957212,8947.632300,11387.589512,747,312,0.00,0.6109,0.4125,7,0,3,32,0.016000,1.0000,2,0.9063,2,0.9375,2,1.0000,2,0.9531,2,0.9375,2,0.3750,2,0.0000,0,0.0000,0,0.0000,0
10332019.0,2440.977992,8951.821233,11392.799226,748,312,0.00,0.6156,0.4250,7,0,3,32,0.016000,1.0000,2,0.9531,2,0.9375,2,1.0000,2,0.9531,2,0.9375,2,0.3750,2,0.0000,0,0.0000,0,0.0000,0
10336967.0,2444.493146,8966.109825,11410.602971,749,312,0.00,0.5984,0.4000,7,0,3,32,0.016000,1.0000,2,0.9063,2,1.0000,2,0.9375,2,0.9531,2,0.8125,2,0.3750,2,0.0000,0,0.0000,0,0.0000,0
10337134.0,2444.611235,8966.588558,11411.199793,750,313,0.00,0.6078,0.4125,7,0,3,32,0.016000,1.0000,2,1.0000,2,1.0000,2,0.9375,2,0.9531,2,0.8125,2,0.3750,2,0.0000,0,0.0000,0,0.0000,0
10337702.0,2445.017019,8968.259425,11413.276444,751,313,0.00,0.6203,0.4125,7,0,3,32,0.016000,1.0000,2,1.0000,2,1.0000,2,0.9375,2,0.9531,2,0.9375,2,0.3750,2,0.0000,0,0.0000,0,0.0000,0
10337703.0,2445.017743,8968.262367,11413.280110,752,313,0.00,0.6234,0.4000,7,0,3,32,0.016000,1.0000,2,0.9063,2,1.0000,2,0.9375,2,0.9531,2,0.9375,2,0.5000,2,0.0000,0,0.0000,0,0.0000,0
10337704.0,2445.018470,8968.265233,11413.283703,753,313,0.00,0.6359,0.4000,7,0,3,32,0.016000,1.0000,2,0.9063,2,1.0000,2,0.9375,2,0.9531,2,0.9375,2,0.6250,2,0.0000,0,0.0000,0,0.0000,0
10337720.0,2445.030251,8968.311100,11413.341351,754,313,0.00,0.6484,0.4000,7,0,3,32,0.016000,1.0000,2,0.9063,2,1.0000,2,0.9375,2,0.9531,2,0.9375,2,0.7500,2,0.0000,0,0.0000,0,0.0000,0
10337723.0,2445.032489,8968.319700,11413.352189,755,313,0.00,0.6609,0.4000,7,0,3,32,0.016000,1.0000,2,0.9063,2,1.0000,2,0.9375,2,0.9531,2,0.9375,2,0.8750,2,0.0000,0,0.0000,0,0.0000,0
10337728.0,2445.036267,8968.334033,11413.370301,756,313,0.00,0.6734,0.4000,7,0,3,32,0.016000,1.0000,2,0.9063,2,1.0000,2,0.9375,2,0.9531,2,0.9375,2,1.0000,2,0.0000,0,0.0000,0,0.0000,0
10338528.0,2445.648628,8970.627367,11416.275995,757,313,0.00,0.6781,0.4125,7,0,3,32,0.016000,1.0000,2,0.9531,2,1.0000,2,0.9375,2,0.9531,2,0.9375,2,1.0000,2,0.0000,0,0.0000,0,0.0000,0
10338801.0,2445.858807,8971.424592,11417.283399,758,313,0.00,0.6984,0.4125,8,0,2,33,0.016500,1.0000,2,0.9063,2,1.0000,2,0.9375,2,0.9531,2,0.9375,2,1.0000,2,0.2500,2,0.0000,0,0.0000,0
10340196.0,2446.991443,8975.573742,11422.565184,759,313,0.00,0.6813,0.4000,8,0,2,33,0.016500,1.0000,2,0.8125,2,1.0000,2,0.9375,2,0.9531,2,0.9375,2,1.0000,2,0.1719,2,0.0000,0,0.0000,0
10340427.0,2447.176724,8976.251342,11423.428066,760,313,0.00,0.6859,0.4125,8,0,2,33,0.016500,1.0000,2,0.8594,2,1.0000,2,0.9375,2,0.9531,2,0.9375,2,1.0000,2,0.1719,2,0.0000,0,0.0000,0
10341278.0,2447.858634,8978.753683,11426.612317,761,314,0.00,0.6734,0.4000,7,0,3,33,0.016500,1.0000,2,0.9063,2,1.0000,2,0.9375,2,0.9531,2,0.9375,2,1.0000,2,0.0000,0,0.0000,0,0.0000,0
10342138.0,2448.517422,8981.219017,11429.736439,762,314,0.00,0.6906,0.4125,8,0,2,34,0.017000,1.0000,2,0.9063,2,1.0000,2,0.9375,2,0.9531,2,0.9375,2,1.0000,2,0.1719,2,0.0000,0,0.0000,0
10342211.0,2448.576506,8981.438625,11430.015131,763,314,0.00,0.6953,0.4250,8,0,2,34,0.017000,1.0000,2,0.9531,2,1.0000,2,0.9375,2,0.9531,2,0.9375,2,1.0000,2,0.1719,2,0.0000,0,0.0000,0
10343681.0,2449.705939,8985.641783,11435.347723,764,314,0.00,0.6391,0.3750,7,0,3,34,0.017000,1.0000,2,0.6875,2,1.0000,2,1.0000,2,0.9531,2,0.7500,2,1.0000,2,0.0000,0,0.0000,0,0.0000,0
10343714.0,2449.730317,8985.731433,11435.461750,765,315,0.00,0.6563,0.3875,7,0,3,34,0.017000,1.0000,2,0.8594,2,1.0000,2,1.0000,2,0.9531,2,0.7500,2,1.0000,2,0.0000,0,0.0000,0,0.0000,0
10343715.0,2449.731069,8985.734225,11435.465294,766,316,0.00,0.6734,0.4000,7,0,3,34,0.017000,1.0000,2,0.8594,2,1.0000,2,1.0000,2,0.9531,2,0.9219,2,1.0000,2,0.0000,0,0.0000,0,0.0000,0
10344030.0,2449.972186,8986.637225,11436.609411,767,316,0.00,0.6781,0.4125,7,0,3,34,0.017000,1.0000,2,0.9063,2,1.0000,2,1.0000,2,0.9531,2,0.9219,2,1.0000,2,0.0000,0,0.0000,0,0.0000,0
10344375.0,2450.237463,8987.640550,11437.878013,768,316,0.00,0.6922,0.4000,8,0,2,35,0.017500,1.0000,2,0.8594,2,1.0000,2,1.0000,2,0.9531,2,0.9219,2,1.0000,2,0.1875,2,0.0000,0,0.0000,0
10344402.0,2450.259349,8987.719750,11437.979099,769,317,0.00,0.7109,0.4000,8,0,2,35,0.017500,1.0000,2,0.8594,2,1.0000,2,1.0000,2,0.9531,2,0.9219,2,1.0000,2,0.3750,2,0.0000,0,0.0000,0
10344404.0,2450.260999,8987.725617,11437.986616,770,318,0.00,0.7281,0.4125,8,0,2,35,0.017500,1.0000,2,0.8594,2,1.0000,2,1.0000,2,0.9531,2,0.9219,2,1.0000,2,0.5469,2,0.0000,0,0.0000,0
10344444.0,2450.294541,8987.845950,11438.140491,771,319,0.00,0.7453,0.4250,8,0,2,35,0.017500,1.0000,2,0.8594,2,1.0000,2,1.0000,2,0.9531,2,0.9219,2,1.0000,2,0.7188,2,0.0000,0,0.0000,0
10344553.0,2450.387899,8988.182033,11438.569933,772,319,0.00,0.7641,0.4250,9,0,1,36,0.018000,1.0000,2,0.8594,2,1.0000,2,1.0000,2,0.9531,2,0.9219,2,1.0000,2,0.7188,2,0.1875,2,0.0000,0
10344582.0,2450.413914,8988.273383,11438.687297,773,320,0.00,0.7828,0.4250,9,0,1,36,0.018000,1.0000,2,0.8594,2,1.0000,2,1.0000,2,0.9531,2,0.9219,2,1.0000,2,0.7188,2,0.3750,2,0.0000,0
10344620.0,2450.448556,8988.393083,11438.841639,774,320,0.00,0.7891,0.4375,9,0,1,36,0.018000,1.0000,2,0.9219,2,1.0000,2,1.0000,2,0.9531,2,0.9219,2,1.0000,2,0.7188,2,0.3750,2,0.0000,0
10344645.0,2450.471468,8988.473708,11438.945176,775,320,0.00,0.7953,0.4500,9,0,1,36,0.018000,1.0000,2,0.9844,2,1.0000,2,1.0000,2,0.9531,2,0.9219,2,1.0000,2,0.7188,2,0.3750,2,0.0000,0
10345184.0,2450.933195,8990.218758,11441.151954,776,320,0.00,0.7188,0.4500,8,0,2,36,0.018000,1.0000,2,0.9219,2,1.0000,2,1.0000,2,1.0000,2,0.9219,2,1.0000,2,0.3438,2,0.0000,0,0.0000,0
10345822.0,2451.461789,8992.245775,11443.707564,777,320,0.00,0.7141,0.4375,8,0,2,36,0.018000,1.0000,2,0.9219,2,1.0000,2,1.0000,2,0.9531,2,0.9219,2,1.0000,2,0.3438,2,0.0000,0,0.0000,0
10345859.0,2451.492410,8992.362633,11443.855044,778,320,0.00,0.7188,0.4500,8,0,2,36,0.018000,1.0000,2,0.9688,2,1.0000,2,1.0000,2,0.9531,2,0.9219,2,1.0000,2,0.3438,2,0.0000,0,0.0000,0
10345885.0,2451.514023,8992.446700,11443.960723,779,320,0.00,0.7313,0.4500,8,0,2,36,0.018000,1.0000,2,0.9688,2,1.0000,2,1.0000,2,0.9531,2,0.9219,2,1.0000,2,0.4688,2,0.0000,0,0.0000,0
10345975.0,2451.589710,8992.737700,11444.327410,780,321,0.00,0.7484,0.4625,8,0,2,36,0.018000,1.0000,2,0.9688,2,1.0000,2,1.0000,2,0.9531,2,0.9219,2,1.0000,2,0.6406,2,0.0000,0,0.0000,0
10347405.0,2452.772595,8997.050117,11449.822711,781,322,0.00,0.7375,0.4250,8,0,2,36,0.018000,1.0000,2,0.9063,2,0.9375,2,0.9375,2,0.9531,2,0.9219,2,1.0000,2,0.7188,2,0.0000,0,0.0000,0
10347728.0,2453.044609,8998.039358,11451.083968,782,322,0.00,0.7250,0.4250,8,0,2,36,0.018000,1.0000,2,0.7813,2,0.9375,2,0.9375,2,0.9531,2,0.9219,2,1.0000,2,0.7188,2,0.0000,0,0.0000,0
10347817.0,2453.119023,8998.313775,11451.432798,783,322,0.00,0.7313,0.4375,8,0,2,36,0.018000,1.0000,2,0.8438,2,0.9375,2,0.9375,2,0.9531,2,0.9219,2,1.0000,2,0.7188,2,0.0000,0,0.0000,0
10347973.0,2453.250105,8998.804225,11452.054330,784,323,0.00,0.7453,0.4250,8,0,2,36,0.018000,1.0000,2,0.7969,2,0.9375,2,0.9375,2,0.9531,2,0.9219,2,1.0000,2,0.9063,2,0.0000,0,0.0000,0
10347977.0,2453.253513,8998.816558,11452.070071,785,324,0.00,0.7641,0.4250,8,0,2,36,0.018000,1.0000,2,0.9844,2,0.9375,2,0.9375,2,0.9531,2,0.9219,2,1.0000,2,0.9063,2,0.0000,0,0.0000,0
10348022.0,2453.293005,8998.955308,11452.248314,786,324,0.00,0.7828,0.4250,9,0,1,37,0.018500,1.0000,2,0.9844,2,0.9375,2,0.9375,2,0.9531,2,0.9219,2,1.0000,2,0.9063,2,0.1875,2,0.0000,0
10348057.0,2453.324912,8999.065558,11452.390471,787,325,0.00,0.8109,0.4375,9,0,1,37,0.018500,1.0000,2,0.9844,2,0.9375,2,0.9375,2,0.9531,2,0.9219,2,1.0000,2,0.9063,2,0.4688,2,0.0000,0
10348094.0,2453.359452,8999.184883,11452.544335,788,325,0.00,0.8156,0.4500,9,0,1,37,0.018500,1.0000,2,0.9844,2,0.9844,2,0.9375,2,0.9531,2,0.9219,2,1.0000,2,0.9063,2,0.4688,2,0.0000,0
10348096.0,2453.361326,8999.191483,11452.552810,789,326,0.00,0.8344,0.4500,9,0,1,37,0.018500,1.0000,2,0.9844,2,0.9844,2,0.9375,2,0.9531,2,0.9219,2,1.0000,2,0.9063,2,0.6563,2,0.0000,0
10348132.0,2453.395589,8999.310283,11452.705872,790,327,0.00,0.8531,0.4500,9,0,1,37,0.018500,1.0000,2,0.9844,2,0.9844,2,0.9375,2,0.9531,2,0.9219,2,1.0000,2,0.9063,2,0.8438,2,0.0000,0
10348477.0,2453.712147,9000.393283,11454.105430,791,327,0.00,0.7656,0.4250,10,0,0,38,0.019000,1.0000,2,0.7969,2,0.9375,2,0.9375,2,0.9531,2,0.7500,2,1.0000,2,0.9063,2,0.1875,2,0.1875,2
10348594.0,2453.819359,9000.761608,11454.580967,792,328,0.00,0.7672,0.4250,10,0,0,38,0.019000,1.0000,2,0.9375,2,0.9375,2,0.9375,2,0.9531,2,0.7500,2,0.8750,2,0.9063,2,0.1875,2,0.1875,2
10349004.0,2454.188973,9002.058483,11456.247457,793,328,0.00,0.7594,0.4250,10,0,0,39,0.019500,1.0000,2,0.9375,2,0.9375,2,0.9375,2,0.9531,2,0.7500,2,0.8750,2,0.7344,2,0.2813,2,0.1875,2
10349014.0,2454.198038,9002.089975,11456.288013,794,329,0.00,0.7531,0.4125,10,0,0,39,0.019500,1.0000,2,0.9375,2,0.9375,2,0.9375,2,0.9531,2,0.9375,2,0.8750,2,0.4844,2,0.2813,2,0.1875,2
10349068.0,2454.247669,9002.259625,11456.507294,795,330,0.00,0.7719,0.4125,10,0,0,39,0.019500,1.0000,2,0.9375,2,0.9375,2,0.9375,2,0.9531,2,0.9375,2,0.8750,2,0.6719,2,0.2813,2,0.1875,2
10349201.0,2454.371849,9002.677467,11457.049315,796,331,0.00,0.7969,0.4250,10,0,0,39,0.019500,1.0000,2,0.9375,2,0.9375,2,0.9375,2,0.9531,2,0.9375,2,0.8750,2,0.9219,2,0.2813,2,0.1875,2
10349365.0,2454.528161,9003.205000,11457.733161,797,332,0.00,0.8141,0.4375,10,0,0,39,0.019500,1.0000,2,0.9375,2,0.9375,2,0.9375,2,0.9531,2,0.9375,2,0.8750,2,0.9219,2,0.4531,2,0.1875,2
10349476.0,2454.633670,9003.567225,11458.200895,798,332,0.00,0.7906,0.4375,10,0,0,39,0.019500,1.0000,2,0.9375,2,0.9375,2,0.9375,2,0.9531,2,0.7500,2,1.0000,2,0.7500,2,0.4531,2,0.1875,2
10349496.0,2454.652635,9003.633058,11458.285694,799,332,0.00,0.7969,0.4500,10,0,0,39,0.019500,1.0000,2,1.0000,2,0.9375,2,0.9375,2,0.9531,2,0.7500,2,1.0000,2,0.7500,2,0.4531,2,0.1875,2
10349561.0,2454.714588,9003.851892,11458.566480,800,333,0.00,0.8219,0.4625,10,0,0,39,0.019500,1.0000,2,1.0000,2,0.9375,2,0.9375,2,0.9531,2,1.0000,2,1.0000,2,0.7500,2,0.4531,2,0.1875,2
10349678.0,2454.827220,9004.250592,11459.077811,801,333,0.00,0.8000,0.4625,10,0,0,39,0.019500,1.0000,2,1.0000,2,1.0000,2,0.9375,2,0.9531,2,1.0000,2,1.0000,2,0.7500,2,0.1719,2,0.1875,2
10350125.0,2455.249297,9005.731342,11460.980639,802,334,0.00,0.7938,0.4250,10,0,0,39,0.019500,1.0000,2,0.8750,2,1.0000,2,0.9375,2,0.9531,2,1.0000,2,0.8750,2,0.9375,2,0.1719,2,0.1875,2
10350130.0,2455.254051,9005.747425,11461.001476,803,335,0.00,0.8125,0.4250,10,0,0,39,0.019500,1.0000,2,0.8750,2,1.0000,2,0.9375,2,0.9531,2,1.0000,2,0.8750,2,0.9375,2,0.3594,2,0.1875,2
10350591.0,2455.693157,9007.223633,11462.916790,804,336,0.00,0.8063,0.4125,10,0,0,39,0.019500,1.0000,2,0.8750,2,0.9375,2,0.9375,2,0.9531,2,1.0000,2,0.8750,2,0.7500,2,0.5469,2,0.1875,2
10350733.0,2455.828389,9007.666675,11463.495064,805,337,0.00,0.7813,0.4000,10,0,0,39,0.019500,1.0000,2,0.8750,2,0.9375,2,0.9375,2,0.9531,2,1.0000,2,0.8750,2,0.6875,2,0.3594,2,0.1875,2
10352281.0,2457.210513,9012.298150,11469.508663,806,337,0.00,0.7125,0.4000,10,0,0,39,0.019500,1.0000,2,0.9375,2,0.9375,2,0.9375,2,0.9531,2,0.7500,2,0.7500,2,0.5000,2,0.1719,2,0.1875,2
10352735.0,2457.607133,9013.656142,11471.263274,807,337,0.00,0.6734,0.3875,10,0,0,39,0.019500,1.0000,2,0.7344,2,0.9375,2,0.9375,2,0.9531,2,0.7500,2,0.7500,2,0.3125,2,0.1719,2,0.1875,2
10352776.0,2457.642275,9013.778800,11471.421075,808,338,0.00,0.6984,0.3875,10,0,0,39,0.019500,1.0000,2,0.9844,2,0.9375,2,0.9375,2,0.9531,2,0.7500,2,0.7500,2,0.3125,2,0.1719,2,0.1875,2
10352901.0,2457.751418,9014.143983,11471.895402,809,339,0.00,0.7125,0.3750,10,0,0,39,0.019500,1.0000,2,0.9375,2,0.9375,2,0.9375,2,0.9531,2,0.9375,2,0.7500,2,0.3125,2,0.1719,2,0.1875,2
10352949.0,2457.794018,9014.283983,11472.078002,810,340,0.00,0.7313,0.3750,10,0,0,39,0.019500,1.0000,2,0.9375,2,0.9375,2,0.9375,2,0.9531,2,0.9375,2,0.9375,2,0.3125,2,0.1719,2,0.1875,2
10353010.0,2457.849045,9014.461900,11472.310945,811,341,0.00,0.7500,0.3750,10,0,0,39,0.019500,1.0000,2,0.9375,2,0.9375,2,0.9375,2,0.9531,2,0.9375,2,0.9375,2,0.5000,2,0.1719,2,0.1875,2
10353158.0,2457.982966,9014.887208,11472.870174,812,342,0.00,0.7547,0.3750,9,0,1,39,0.019500,1.0000,2,0.9375,2,0.9375,2,0.9375,2,0.9531,2,0.9375,2,0.9375,2,0.7344,2,0.1719,2,0.0000,0
10353265.0,2458.078170,9015.192158,11473.270328,813,342,0.00,0.7594,0.3875,9,0,1,39,0.019500,1.0000,2,0.9844,2,0.9375,2,0.9375,2,0.9531,2,0.9375,2,0.9375,2,0.7344,2,0.1719,2,0.0000,0
10353271.0,2458.083530,9015.209708,11473.293238,814,342,0.00,0.7641,0.4000,9,0,1,39,0.019500,1.0000,2,0.9844,2,0.9844,2,0.9375,2,0.9531,2,0.9375,2,0.9375,2,0.7344,2,0.1719,2,0.0000,0
10353550.0,2458.333369,9016.037708,11474.371077,815,342,0.00,0.7656,0.4000,9,0,1,39,0.019500,1.0000,2,0.9844,2,0.9375,2,1.0000,2,0.9531,2,0.9375,2,0.9375,2,0.7344,2,0.1719,2,0.0000,0
10354340.0,2458.990134,9018.341142,11477.331276,816,342,0.00,0.6609,0.4000,8,0,2,39,0.019500,1.0000,2,0.7344,2,0.9375,2,1.0000,2,0.9531,2,0.7500,2,0.7500,2,0.4844,2,0.0000,0,0.0000,0
10354524.0,2459.134811,9018.880875,11478.015686,817,342,0.00,0.6656,0.4125,8,0,2,39,0.019500,1.0000,2,0.7813,2,0.9375,2,1.0000,2,0.9531,2,0.7500,2,0.7500,2,0.4844,2,0.0000,0,0.0000,0
10354755.0,2459.316890,9019.568450,11478.885340,818,343,0.00,0.6781,0.4000,8,0,2,39,0.019500,1.0000,2,0.7344,2,0.9375,2,0.9375,2,0.9531,2,0.9844,2,0.7500,2,0.4844,2,0.0000,0,0.0000,0
10354939.0,2459.464026,9020.108183,11479.572209,819,344,0.00,0.6953,0.4125,8,0,2,39,0.019500,1.0000,2,0.9063,2,0.9375,2,0.9375,2,0.9531,2,0.9844,2,0.7500,2,0.4844,2,0.0000,0,0.0000,0
10354953.0,2459.475408,9020.150300,11479.625708,820,345,0.00,0.7047,0.4250,8,0,2,39,0.019500,1.0000,2,1.0000,2,0.9375,2,0.9375,2,0.9531,2,0.9844,2,0.7500,2,0.4844,2,0.0000,0,0.0000,0
10355046.0,2459.550658,9020.432775,11479.983433,821,345,0.00,0.6859,0.4250,8,0,2,39,0.019500,1.0000,2,1.0000,2,0.9844,2,0.9375,2,0.9531,2,0.7500,2,0.7500,2,0.4844,2,0.0000,0,0.0000,0
10355210.0,2459.682677,9020.935967,11480.618644,822,345,0.00,0.6859,0.4250,8,0,2,39,0.019500,1.0000,2,1.0000,2,0.9375,2,0.9844,2,0.9531,2,0.7500,2,0.7500,2,0.4844,2,0.0000,0,0.0000,0
10356350.0,2460.585302,9024.287017,11484.872319,823,345,0.00,0.6531,0.4000,8,0,2,39,0.019500,1.0000,2,0.9063,2,0.9844,2,0.9375,2,0.9531,2,0.7500,2,0.7500,2,0.2500,2,0.0000,0,0.0000,0
10356972.0,2461.068867,9026.076075,11487.144942,824,345,0.00,0.6531,0.4000,8,0,2,39,0.019500,1.0000,2,0.9531,2,0.9375,2,0.9375,2,0.9531,2,0.7500,2,0.7500,2,0.2500,2,0.0000,0,0.0000,0
10358451.0,2462.192706,9030.164650,11492.357356,825,345,0.00,0.6250,0.3750,8,0,2,39,0.019500,1.0000,2,0.7344,2,1.0000,2,0.9375,2,0.9531,2,0.7500,2,0.7500,2,0.1250,2,0.0000,0,0.0000,0
10358521.0,2462.245721,9030.358433,11492.604155,826,346,0.00,0.6438,0.3625,8,0,2,39,0.019500,1.0000,2,0.9844,2,0.9375,2,0.9375,2,0.9531,2,0.7500,2,0.7500,2,0.1250,2,0.0000,0,0.0000,0
10358810.0,2462.469094,9031.141142,11493.610236,827,346,0.00,0.6484,0.3750,8,0,2,39,0.019500,1.0000,2,0.9844,2,0.9844,2,0.9375,2,0.9531,2,0.7500,2,0.7500,2,0.1250,2,0.0000,0,0.0000,0
10359007.0,2462.622077,9031.689458,11494.311535,828,347,0.00,0.6656,0.3875,8,0,2,39,0.019500,1.0000,2,0.9844,2,0.9844,2,0.9375,2,0.9531,2,0.9219,2,0.7500,2,0.1250,2,0.0000,0,0.0000,0
10359031.0,2462.640959,9031.756483,11494.397442,829,347,0.00,0.6672,0.3875,8,0,2,39,0.019500,1.0000,2,0.9844,2,0.9375,2,1.0000,2,0.9531,2,0.9219,2,0.7500,2,0.1250,2,0.0000,0,0.0000,0
10359296.0,2462.849509,9032.496917,11495.346426,830,348,0.00,0.6781,0.3875,8,0,2,39,0.019500,1.0000,2,0.9844,2,0.9375,2,0.9375,2,0.9531,2,0.9219,2,0.9219,2,0.1250,2,0.0000,0,0.0000,0
10359591.0,2463.081956,9033.318150,11496.400106,831,348,0.00,0.6609,0.3750,8,0,2,39,0.019500,1.0000,2,0.9375,2,0.9844,2,0.9375,2,0.9531,2,0.9219,2,0.7500,2,0.1250,2,0.0000,0,0.0000,0
10360992.0,2464.166408,9037.070750,11501.237158,832,349,0.00,0.6375,0.3625,8,0,2,39,0.019500,1.0000,2,0.6875,2,0.9375,2,0.9375,2,0.9531,2,0.7500,2,0.9844,2,0.1250,2,0.0000,0,0.0000,0
10361018.0,2464.186378,9037.141167,11501.327544,833,350,0.00,0.6609,0.3625,8,0,2,39,0.019500,1.0000,2,0.9219,2,0.9375,2,0.9375,2,0.9531,2,0.7500,2,0.9844,2,0.1250,2,0.0000,0,0.0000,0
10361057.0,2464.217043,9037.246792,11501.463835,834,351,0.00,0.6781,0.3750,8,0,2,39,0.019500,1.0000,2,0.9219,2,0.9375,2,0.9375,2,0.9531,2,0.9219,2,0.9844,2,0.1250,2,0.0000,0,0.0000,0
10361087.0,2464.241032,9037.330292,11501.571324,835,351,0.00,0.6828,0.3875,8,0,2,39,0.019500,1.0000,2,0.9688,2,0.9375,2,0.9375,2,0.9531,2,0.9219,2,0.9844,2,0.1250,2,0.0000,0,0.0000,0
10361148.0,2464.290034,9037.504650,11501.794684,836,351,0.00,0.6953,0.4000,8,0,2,39,0.019500,1.0000,2,0.9688,2,0.9375,2,0.9375,2,0.9531,2,0.9219,2,0.9844,2,0.2500,2,0.0000,0,0.0000,0
10362004.0,2464.975544,9039.899783,11504.875327,837,352,0.00,0.7016,0.3750,8,0,2,39,0.019500,1.0000,2,0.9219,2,0.9375,2,0.9375,2,0.9531,2,0.9219,2,0.9844,2,0.3594,2,0.0000,0,0.0000,0
10362009.0,2464.979633,9039.913700,11504.893333,838,353,0.00,0.7203,0.3750,8,0,2,39,0.019500,1.0000,2,0.9219,2,0.9375,2,0.9375,2,0.9531,2,0.9219,2,0.9844,2,0.5469,2,0.0000,0,0.0000,0
10362192.0,2465.130389,9040.423050,11505.553439,839,354,0.00,0.7141,0.3875,8,0,2,39,0.019500,1.0000,2,0.9219,2,0.9375,2,0.9375,2,0.9531,2,0.9219,2,0.9844,2,0.4844,2,0.0000,0,0.0000,0
10362242.0,2465.171769,9040.565967,11505.737735,840,354,0.00,0.7188,0.4000,8,0,2,39,0.019500,1.0000,2,0.9688,2,0.9375,2,0.9375,2,0.9531,2,0.9219,2,0.9844,2,0.4844,2,0.0000,0,0.0000,0
10362464.0,2465.352478,9041.217167,11506.569645,841,355,0.00,0.6953,0.4125,8,0,2,39,0.019500,1.0000,2,0.7344,2,0.9375,2,0.9375,2,0.9531,2,0.9219,2,0.9844,2,0.4844,2,0.0000,0,0.0000,0
10362608.0,2465.469032,9041.639642,11507.108673,842,356,0.00,0.7094,0.4000,8,0,2,39,0.019500,1.0000,2,0.8750,2,0.9375,2,0.9375,2,0.9531,2,0.9219,2,0.9844,2,0.4844,2,0.0000,0,0.0000,0
10362627.0,2465.484687,9041.695375,11507.180062,843,356,0.00,0.7156,0.4125,8,0,2,39,0.019500,1.0000,2,0.9375,2,0.9375,2,0.9375,2,0.9531,2,0.9219,2,0.9844,2,0.4844,2,0.0000,0,0.0000,0
10363056.0,2465.840251,9042.985950,11508.826201,844,356,0.00,0.7219,0.4250,8,0,2,39,0.019500,1.0000,2,1.0000,2,0.9375,2,0.9375,2,0.9531,2,0.9219,2,0.9844,2,0.4844,2,0.0000,0,0.0000,0
10364477.0,2467.010229,9047.285542,11514.295770,845,357,0.00,0.6828,0.3750,8,0,2,39,0.019500,1.0000,2,0.9375,2,0.9375,2,0.9375,2,0.9531,2,0.7500,2,0.7500,2,0.5625,2,0.0000,0,0.0000,0
10364499.0,2467.027697,9047.346775,11514.374472,846,358,0.00,0.6813,0.3875,8,0,2,39,0.019500,1.0000,2,0.7500,2,0.9375,2,0.9375,2,0.9531,2,0.9219,2,0.7500,2,0.5625,2,0.0000,0,0.0000,0
10365106.0,2467.498938,9049.081783,11516.580722,847,358,0.00,0.5984,0.4000,8,0,2,39,0.019500,1.0000,2,0.7969,2,0.9375,2,0.9375,2,0.9531,2,0.7969,2,0.3750,2,0.1875,2,0.0000,0,0.0000,0
10365188.0,2467.559427,9049.322317,11516.881744,848,358,0.00,0.6031,0.4125,8,0,2,39,0.019500,1.0000,2,0.8438,2,0.9375,2,0.9375,2,0.9531,2,0.7969,2,0.3750,2,0.1875,2,0.0000,0,0.0000,0
10365764.0,2467.983398,9050.992792,11518.976189,849,359,0.00,0.6188,0.3875,8,0,2,39,0.019500,1.0000,2,0.7500,2,0.9375,2,0.9375,2,0.9531,2,0.7969,2,0.6250,2,0.1875,2,0.0000,0,0.0000,0
10365812.0,2468.019564,9051.129992,11519.149556,850,360,0.00,0.6438,0.3875,8,0,2,39,0.019500,1.0000,2,1.0000,2,0.9375,2,0.9375,2,0.9531,2,0.7969,2,0.6250,2,0.1875,2,0.0000,0,0.0000,0
10365815.0,2468.021883,9051.138567,11519.160450,851,361,0.00,0.6688,0.3875,8,0,2,39,0.019500,1.0000,2,1.0000,2,0.9375,2,0.9375,2,0.9531,2,0.7969,2,0.8750,2,0.1875,2,0.0000,0,0.0000,0
10366402.0,2468.486999,9052.816408,11521.303407,852,361,0.00,0.6734,0.4000,8,0,2,39,0.019500,1.0000,2,1.0000,2,0.9844,2,0.9375,2,0.9531,2,0.7969,2,0.8750,2,0.1875,2,0.0000,0,0.0000,0
10366634.0,2468.670803,9053.482842,11522.153644,853,362,0.00,0.6813,0.3750,8,0,2,39,0.019500,1.0000,2,0.9375,2,0.9375,2,0.9375,2,0.9531,2,0.9844,2,0.8750,2,0.1875,2,0.0000,0,0.0000,0
10366655.0,2468.687646,9053.541292,11522.228938,854,363,0.00,0.6938,0.3875,8,0,2,39,0.019500,1.0000,2,0.9375,2,0.9375,2,0.9375,2,0.9531,2,0.9844,2,1.0000,2,0.1875,2,0.0000,0,0.0000,0
10366655.0,2468.687646,9053.541292,11522.228938,855,364,0.00,0.7063,0.4000,8,0,2,39,0.019500,1.0000,2,0.9375,2,0.9375,2,0.9375,2,0.9531,2,0.9844,2,1.0000,2,0.3125,2,0.0000,0,0.0000,0
10366673.0,2468.702434,9053.594092,11522.296526,856,365,0.00,0.7250,0.4000,8,0,2,39,0.019500,1.0000,2,0.9375,2,0.9375,2,0.9375,2,0.9531,2,0.9844,2,1.0000,2,0.5000,2,0.0000,0,0.0000,0
10366675.0,2468.704106,9053.599958,11522.304064,857,366,0.00,0.7438,0.4000,8,0,2,39,0.019500,1.0000,2,0.9375,2,0.9375,2,0.9375,2,0.9531,2,0.9844,2,1.0000,2,0.6875,2,0.0000,0,0.0000,0
10366864.0,2468.861251,9054.154358,11523.015610,858,367,0.00,0.7125,0.4000,8,0,2,39,0.019500,1.0000,2,0.9375,2,0.9375,2,0.9375,2,0.9531,2,0.9844,2,0.5000,2,0.8750,2,0.0000,0,0.0000,0
10366923.0,2468.909114,9054.327425,11523.236539,859,367,0.00,0.6922,0.4125,8,0,2,39,0.019500,1.0000,2,0.7344,2,0.9375,2,0.9375,2,0.9531,2,0.9844,2,0.5000,2,0.8750,2,0.0000,0,0.0000,0
10367089.0,2469.043672,9054.826808,11523.870480,860,368,0.00,0.7094,0.4125,8,0,2,39,0.019500,1.0000,2,0.9063,2,0.9375,2,0.9375,2,0.9531,2,0.9844,2,0.5000,2,0.8750,2,0.0000,0,0.0000,0
10367276.0,2469.197241,9055.378867,11524.576108,861,369,0.00,0.7234,0.4000,8,0,2,39,0.019500,1.0000,2,0.8594,2,0.9375,2,0.9375,2,0.9531,2,0.9844,2,0.6875,2,0.8750,2,0.0000,0,0.0000,0
10367461.0,2469.351697,9055.921533,11525.273231,862,370,0.00,0.7422,0.4000,8,0,2,39,0.019500,1.0000,2,0.8594,2,0.9375,2,0.9375,2,0.9531,2,0.9844,2,0.8750,2,0.8750,2,0.0000,0,0.0000,0
10367581.0,2469.453668,9056.273533,11525.727201,863,370,0.00,0.7484,0.4000,9,0,1,40,0.020000,1.0000,2,0.8594,2,0.9375,2,0.9375,2,0.9531,2,0.9844,2,0.6875,2,0.8750,2,0.2500,2,0.0000,0
10368044.0,2469.863375,9057.662533,11527.525908,864,371,0.00,0.7656,0.4125,9,0,1,40,0.020000,1.0000,2,0.8594,2,0.9375,2,0.9375,2,0.9531,2,0.9844,2,0.8594,2,0.8750,2,0.2500,2,0.0000,0
10368051.0,2469.869663,9057.684058,11527.553721,865,372,0.00,0.7828,0.4250,9,0,1,40,0.020000,1.0000,2,0.8594,2,0.9375,2,0.9375,2,0.9531,2,0.9844,2,0.8594,2,0.8750,2,0.4219,2,0.0000,0
10368169.0,2469.975353,9058.055758,11528.031111,866,373,0.00,0.7656,0.4250,9,0,1,40,0.020000,1.0000,2,0.6875,2,0.9375,2,0.9375,2,0.9531,2,0.9844,2,0.6719,2,0.8750,2,0.6094,2,0.0000,0
10368553.0,2470.315814,9059.265358,11529.581172,867,374,0.00,0.7656,0.4250,9,0,1,40,0.020000,1.0000,2,0.9375,2,0.9375,2,0.9375,2,0.9531,2,0.9844,2,0.6719,2,0.8750,2,0.3594,2,0.0000,0
10368935.0,2470.651251,9060.455158,11531.106409,868,375,0.00,0.7563,0.4250,9,0,1,40,0.020000,1.0000,2,0.6875,2,0.9375,2,0.9375,2,0.9531,2,0.9844,2,0.8281,2,0.8750,2,0.3594,2,0.0000,0
10369049.0,2470.752822,9060.814258,11531.567080,869,375,0.00,0.7609,0.4375,9,0,1,40,0.020000,1.0000,2,0.7344,2,0.9375,2,0.9375,2,0.9531,2,0.9844,2,0.8281,2,0.8750,2,0.3594,2,0.0000,0
10369221.0,2470.906696,9061.368958,11532.275654,870,376,0.00,0.7844,0.4375,9,0,1,40,0.020000,1.0000,2,0.9688,2,0.9375,2,0.9375,2,0.9531,2,0.9844,2,0.8281,2,0.8750,2,0.3594,2,0.0000,0
10369226.0,2470.911260,9061.385083,11532.296343,871,377,0.00,0.8078,0.4375,9,0,1,40,0.020000,1.0000,2,0.9688,2,0.9375,2,0.9375,2,0.9531,2,0.9844,2,0.8281,2,0.8750,2,0.5938,2,0.0000,0
10369226.0,2470.911260,9061.385083,11532.296343,872,378,0.00,0.8313,0.4375,9,0,1,40,0.020000,1.0000,2,0.9688,2,0.9375,2,0.9375,2,0.9531,2,0.9844,2,0.8281,2,0.8750,2,0.8281,2,0.0000,0
10369368.0,2471.043761,9061.833808,11532.877569,873,378,0.00,0.8250,0.4375,9,0,1,40,0.020000,1.0000,2,0.9219,2,0.9375,2,0.9375,2,0.9531,2,0.7969,2,1.0000,2,0.8750,2,0.8281,2,0.0000,0
10369381.0,2471.056039,9061.875733,11532.931772,874,378,0.00,0.8297,0.4500,9,0,1,40,0.020000,1.0000,2,0.9688,2,0.9375,2,0.9375,2,0.9531,2,0.7969,2,1.0000,2,0.8750,2,0.8281,2,0.0000,0
10369594.0,2471.257621,9062.577808,11533.835429,875,378,0.00,0.8109,0.4500,9,0,1,40,0.020000,1.0000,2,0.9219,2,0.9844,2,0.9375,2,0.9531,2,0.7969,2,1.0000,2,0.8750,2,0.6406,2,0.0000,0
10369742.0,2471.394996,9063.065083,11534.460080,876,379,0.00,0.7844,0.4375,9,0,1,40,0.020000,1.0000,2,0.9219,2,0.9844,2,0.9375,2,0.9531,2,0.7969,2,0.7188,2,0.8750,2,0.6563,2,0.0000,0
10369814.0,2471.460402,9063.291883,11534.752285,877,379,0.00,0.7781,0.4250,9,0,1,40,0.020000,1.0000,2,0.9688,2,0.9375,2,0.8750,2,0.9531,2,0.7969,2,0.7188,2,0.8750,2,0.6563,2,0.0000,0
10369891.0,2471.530316,9063.534433,11535.064750,878,379,0.00,0.7797,0.4375,9,0,1,40,0.020000,1.0000,2,0.9844,2,0.9375,2,0.8750,2,0.9531,2,0.7969,2,0.7188,2,0.8750,2,0.6563,2,0.0000,0
10369903.0,2471.541227,9063.573133,11535.114360,879,380,0.00,0.8047,0.4500,9,0,1,40,0.020000,1.0000,2,0.9844,2,0.9375,2,0.8750,2,0.9531,2,0.7969,2,0.9688,2,0.8750,2,0.6563,2,0.0000,0
10370121.0,2471.735822,9064.281058,11536.016881,880,381,0.00,0.7594,0.4375,9,0,1,40,0.020000,1.0000,2,0.7031,2,0.9375,2,0.8750,2,0.9531,2,0.7969,2,0.9688,2,0.6875,2,0.6719,2,0.0000,0
10370192.0,2471.799254,9064.510033,11536.309287,881,382,0.00,0.7688,0.4500,9,0,1,40,0.020000,1.0000,2,0.7969,2,0.9375,2,0.8750,2,0.9531,2,0.7969,2,0.9688,2,0.6875,2,0.6719,2,0.0000,0
10370195.0,2471.801956,9064.519933,11536.321889,882,382,0.00,0.7734,0.4625,9,0,1,40,0.020000,1.0000,2,0.8438,2,0.9375,2,0.8750,2,0.9531,2,0.7969,2,0.9688,2,0.6875,2,0.6719,2,0.0000,0
10370418.0,2472.001028,9065.272558,11537.273586,883,382,0.00,0.7594,0.4750,9,0,1,40,0.020000,1.0000,2,0.8906,2,0.9375,2,0.8750,2,0.9531,2,0.7969,2,0.9688,2,0.5000,2,0.6719,2,0.0000,0
10370444.0,2472.024249,9065.362108,11537.386357,884,382,0.00,0.7609,0.4750,9,0,1,40,0.020000,1.0000,2,0.9063,2,0.9375,2,0.8750,2,0.9531,2,0.7969,2,0.9688,2,0.5000,2,0.6719,2,0.0000,0
10370779.0,2472.323921,9066.517333,11538.841254,885,382,0.00,0.7609,0.4750,9,0,1,40,0.020000,1.0000,2,0.9063,2,0.9375,2,0.8750,2,0.9531,2,0.7969,2,0.9688,2,0.5000,2,0.6719,2,0.0000,0
10370813.0,2472.354334,9066.634558,11538.988892,886,382,0.00,0.7609,0.4750,9,0,1,40,0.020000,1.0000,2,0.9063,2,0.9375,2,0.8750,2,0.9531,2,0.7969,2,0.9688,2,0.5000,2,0.6719,2,0.0000,0
10370815.0,2472.356123,9066.641458,11538.997582,887,382,0.00,0.7656,0.4875,9,0,1,40,0.020000,1.0000,2,0.9531,2,0.9375,2,0.8750,2,0.9531,2,0.7969,2,0.9688,2,0.5000,2,0.6719,2,0.0000,0
10371165.0,2472.659681,9067.773058,11540.432740,888,383,0.00,0.7406,0.4375,9,0,1,40,0.020000,1.0000,2,0.7500,2,0.9375,2,0.8750,2,0.9531,2,0.7969,2,0.7969,2,0.6250,2,0.6719,2,0.0000,0
10371552.0,2472.999785,9069.021133,11542.020918,889,383,0.00,0.7453,0.4500,9,0,1,40,0.020000,1.0000,2,0.7969,2,0.9375,2,0.8750,2,0.9531,2,0.7969,2,0.7969,2,0.6250,2,0.6719,2,0.0000,0
10372302.0,2473.632880,9071.389708,11545.022588,890,383,0.00,0.6594,0.4250,9,0,1,40,0.020000,1.0000,2,0.7969,2,0.9375,2,0.8750,2,0.9531,2,0.7969,2,0.3750,2,0.4375,2,0.4219,2,0.0000,0
10373128.0,2474.278782,9073.869808,11548.148590,891,384,0.00,0.6109,0.4125,9,0,1,40,0.020000,1.0000,2,0.8125,2,0.9375,2,0.8750,2,0.9531,2,0.7969,2,0.3750,2,0.1875,2,0.1719,2,0.0000,0
10373910.0,2474.887140,9076.274458,11551.161598,892,384,0.00,0.6156,0.4250,9,0,1,40,0.020000,1.0000,2,0.8594,2,0.9375,2,0.8750,2,0.9531,2,0.7969,2,0.3750,2,0.1875,2,0.1719,2,0.0000,0
10374150.0,2475.074585,9077.027608,11552.102193,893,384,0.00,0.6156,0.4250,9,0,1,40,0.020000,1.0000,2,0.8594,2,0.9375,2,0.8750,2,0.9531,2,0.7969,2,0.3750,2,0.1875,2,0.1719,2,0.0000,0
10374297.0,2475.189480,9077.490658,11552.680138,894,385,0.00,0.6328,0.4375,9,0,1,40,0.020000,1.0000,2,0.8594,2,0.9375,2,0.8750,2,0.9531,2,0.9688,2,0.3750,2,0.1875,2,0.1719,2,0.0000,0
10374731.0,2475.532059,9078.840208,11554.372267,895,385,0.00,0.6281,0.4250,9,0,1,40,0.020000,1.0000,2,0.8125,2,0.9375,2,0.8750,2,0.9531,2,0.9688,2,0.3750,2,0.1875,2,0.1719,2,0.0000,0
10374738.0,2475.537598,9078.862258,11554.399857,896,385,0.00,0.6453,0.4375,9,0,1,40,0.020000,1.0000,2,0.9844,2,0.9375,2,0.8750,2,0.9531,2,0.9688,2,0.3750,2,0.1875,2,0.1719,2,0.0000,0
10375197.0,2475.906687,9080.337133,11556.243821,897,386,0.00,0.6781,0.4375,9,0,1,40,0.020000,1.0000,2,0.9375,2,0.9375,2,0.8750,2,0.9531,2,0.9688,2,0.7500,2,0.1875,2,0.1719,2,0.0000,0
10375570.0,2476.206667,9081.508483,11557.715150,898,386,0.00,0.6281,0.4250,9,0,1,40,0.020000,1.0000,2,0.9844,2,0.9375,2,0.8750,2,0.9531,2,0.7969,2,0.3750,2,0.1875,2,0.1719,2,0.0000,0
10375735.0,2476.337194,9082.027408,11558.364603,899,387,0.00,0.6406,0.4250,9,0,1,40,0.020000,1.0000,2,0.9375,2,0.9375,2,0.8750,2,0.9531,2,0.9688,2,0.3750,2,0.1875,2,0.1719,2,0.0000,0
10376533.0,2476.970504,9084.507883,11561.478387,900,387,0.00,0.6109,0.4125,9,0,1,40,0.020000,1.0000,2,0.8125,2,0.9375,2,0.8750,2,0.9531,2,0.7969,2,0.3750,2,0.1875,2,0.1719,2,0.0000,0
10376672.0,2477.078559,9084.933658,11562.012217,901,387,0.00,0.6109,0.4125,9,0,1,40,0.020000,1.0000,2,0.8125,2,0.9375,2,0.8750,2,0.9531,2,0.7969,2,0.3750,2,0.1875,2,0.1719,2,0.0000,0
10377381.0,2477.629451,9087.103408,11564.732859,902,387,0.00,0.6094,0.4125,9,0,1,40,0.020000,1.0000,2,0.7969,2,0.9375,2,0.8750,2,0.9531,2,0.7969,2,0.3750,2,0.1875,2,0.1719,2,0.0000,0
10378015.0,2478.099494,9088.979733,11567.079228,903,388,0.00,0.6297,0.4125,8,0,2,40,0.020000,1.0000,2,0.7969,2,0.9375,2,0.8750,2,0.9531,2,0.7969,2,0.7500,2,0.1875,2,0.0000,0,0.0000,0
10378118.0,2478.177978,9089.289592,11567.467570,904,388,0.00,0.6344,0.4250,8,0,2,40,0.020000,1.0000,2,0.8438,2,0.9375,2,0.8750,2,0.9531,2,0.7969,2,0.7500,2,0.1875,2,0.0000,0,0.0000,0
10378476.0,2478.451514,9090.381950,11568.833464,905,388,0.00,0.6359,0.4250,8,0,2,40,0.020000,1.0000,2,0.8594,2,0.9375,2,0.8750,2,0.9531,2,0.7969,2,0.7500,2,0.1875,2,0.0000,0,0.0000,0
10379019.0,2478.866359,9092.024325,11570.890684,906,389,0.00,0.6563,0.4125,8,0,2,40,0.020000,1.0000,2,0.8125,2,0.9375,2,0.8750,2,0.9531,2,0.7969,2,1.0000,2,0.1875,2,0.0000,0,0.0000,0
10379145.0,2478.964745,9092.398725,11571.363470,907,389,0.00,0.6563,0.4125,8,0,2,40,0.020000,1.0000,2,0.8125,2,0.9375,2,0.8750,2,0.9531,2,0.7969,2,1.0000,2,0.1875,2,0.0000,0,0.0000,0
10380337.0,2479.881748,9095.819733,11575.701481,908,390,0.00,0.6469,0.3875,8,0,2,40,0.020000,1.0000,2,0.8906,2,0.9375,2,0.8750,2,0.9531,2,0.6250,2,1.0000,2,0.1875,2,0.0000,0,0.0000,0
10380823.0,2480.258567,9097.208883,11577.467450,909,391,0.00,0.6641,0.4000,8,0,2,40,0.020000,1.0000,2,0.8906,2,0.9375,2,0.8750,2,0.9531,2,0.7969,2,1.0000,2,0.1875,2,0.0000,0,0.0000,0
10381421.0,2480.730218,9098.963017,11579.693235,910,392,0.00,0.6891,0.4125,8,0,2,40,0.020000,1.0000,2,0.8906,2,0.9375,2,0.8750,2,0.9531,2,0.7969,2,1.0000,2,0.4375,2,0.0000,0,0.0000,0
10381988.0,2481.188445,9100.668742,11581.857187,911,393,0.00,0.7141,0.4250,8,0,2,40,0.020000,1.0000,2,0.8906,2,0.9375,2,0.8750,2,0.9531,2,0.7969,2,1.0000,2,0.6875,2,0.0000,0,0.0000,0
10382067.0,2481.253826,9100.912325,11582.166151,912,393,0.00,0.7188,0.4375,8,0,2,40,0.020000,1.0000,2,0.9375,2,0.9375,2,0.8750,2,0.9531,2,0.7969,2,1.0000,2,0.6875,2,0.0000,0,0.0000,0
10383004.0,2482.029779,9103.811458,11585.841238,913,394,0.00,0.7391,0.4250,8,0,2,40,0.020000,1.0000,2,0.8906,2,0.9375,2,0.8750,2,0.9531,2,0.7969,2,1.0000,2,0.9375,2,0.0000,0,0.0000,0
10383430.0,2482.390622,9105.124958,11587.515580,914,394,0.00,0.7516,0.4375,8,0,2,40,0.020000,1.0000,2,0.8906,2,0.9375,2,1.0000,2,0.9531,2,0.7969,2,1.0000,2,0.9375,2,0.0000,0,0.0000,0
10383479.0,2482.432604,9105.279717,11587.712320,915,394,0.00,0.7563,0.4500,8,0,2,40,0.020000,1.0000,2,0.9375,2,0.9375,2,1.0000,2,0.9531,2,0.7969,2,1.0000,2,0.9375,2,0.0000,0,0.0000,0
10384096.0,2482.957618,9107.229458,11590.187077,916,394,0.00,0.7500,0.4500,8,0,2,40,0.020000,1.0000,2,1.0000,2,0.9375,2,0.8750,2,0.9531,2,0.7969,2,1.0000,2,0.9375,2,0.0000,0,0.0000,0
10384599.0,2483.380905,9108.819525,11592.200430,917,394,0.00,0.7375,0.4500,8,0,2,40,0.020000,1.0000,2,0.8125,2,1.0000,2,0.8750,2,0.9531,2,0.7969,2,1.0000,2,0.9375,2,0.0000,0,0.0000,0
10384661.0,2483.433346,9109.019992,11592.453338,918,395,0.00,0.7500,0.4625,8,0,2,40,0.020000,1.0000,2,0.9375,2,1.0000,2,0.8750,2,0.9531,2,0.7969,2,1.0000,2,0.9375,2,0.0000,0,0.0000,0
10384668.0,2483.439335,9109.043150,11592.482485,919,396,0.00,0.7625,0.4750,8,0,2,40,0.020000,1.0000,2,0.9375,2,1.0000,2,1.0000,2,0.9531,2,0.7969,2,1.0000,2,0.9375,2,0.0000,0,0.0000,0
10387214.0,2485.574126,9117.124167,11602.698293,920,397,0.00,0.7172,0.4250,8,0,2,40,0.020000,1.0000,2,0.7500,2,0.9375,2,0.8750,2,0.9531,2,0.9688,2,1.0000,2,0.6875,2,0.0000,0,0.0000,0
10387343.0,2485.680131,9117.515917,11603.196048,921,397,0.00,0.7047,0.4250,8,0,2,40,0.020000,1.0000,2,0.7969,2,0.9375,2,0.8750,2,0.9531,2,0.7969,2,1.0000,2,0.6875,2,0.0000,0,0.0000,0
10387422.0,2485.744936,9117.759500,11603.504436,922,398,0.00,0.7219,0.4375,8,0,2,40,0.020000,1.0000,2,0.9688,2,0.9375,2,0.8750,2,0.9531,2,0.7969,2,1.0000,2,0.6875,2,0.0000,0,0.0000,0
10387797.0,2486.056622,9118.924450,11604.981072,923,398,0.00,0.7234,0.4375,8,0,2,40,0.020000,1.0000,2,0.9219,2,1.0000,2,0.8750,2,0.9531,2,0.7969,2,1.0000,2,0.6875,2,0.0000,0,0.0000,0
10388808.0,2486.900701,9122.117525,11609.018226,924,398,0.00,0.7281,0.4500,8,0,2,40,0.020000,1.0000,2,0.9688,2,1.0000,2,0.8750,2,0.9531,2,0.7969,2,1.0000,2,0.6875,2,0.0000,0,0.0000,0
10389446.0,2487.431718,9124.110792,11611.542510,925,398,0.00,0.7297,0.4375,8,0,2,40,0.020000,1.0000,2,0.9219,2,0.9375,2,1.0000,2,0.9531,2,0.7969,2,1.0000,2,0.6875,2,0.0000,0,0.0000,0
10390019.0,2487.907882,9125.881817,11613.789699,926,398,0.00,0.7297,0.4375,8,0,2,40,0.020000,1.0000,2,0.9219,2,0.9375,2,0.8750,2,0.9531,2,0.9219,2,1.0000,2,0.6875,2,0.0000,0,0.0000,0
10390460.0,2488.274560,9127.246442,11615.521001,927,398,0.00,0.7234,0.4375,8,0,2,40,0.020000,1.0000,2,0.9844,2,0.9375,2,0.8750,2,0.9531,2,0.7969,2,1.0000,2,0.6875,2,0.0000,0,0.0000,0
10390495.0,2488.303781,9127.356983,11615.660764,928,398,0.00,0.7297,0.4500,8,0,2,40,0.020000,1.0000,2,0.9844,2,1.0000,2,0.8750,2,0.9531,2,0.7969,2,1.0000,2,0.6875,2,0.0000,0,0.0000,0
10390956.0,2488.686733,9128.783125,11617.469858,929,399,0.00,0.7297,0.4375,8,0,2,40,0.020000,1.0000,2,0.9219,2,0.9375,2,1.0000,2,0.9531,2,0.7969,2,1.0000,2,0.6875,2,0.0000,0,0.0000,0
10391797.0,2489.390013,9131.416483,11620.806497,930,399,0.00,0.7234,0.4375,8,0,2,40,0.020000,1.0000,2,0.9844,2,0.9375,2,0.8750,2,0.9531,2,0.7969,2,1.0000,2,0.6875,2,0.0000,0,0.0000,0
10392044.0,2489.595163,9132.180092,11621.775255,931,400,0.00,0.7297,0.4375,8,0,2,40,0.020000,1.0000,2,0.9219,2,0.9375,2,1.0000,2,0.9531,2,0.7969,2,1.0000,2,0.6875,2,0.0000,0,0.0000,0
10392058.0,2489.606920,9132.224308,11621.831228,932,401,0.00,0.7438,0.4500,8,0,2,40,0.020000,1.0000,2,0.9219,2,0.9375,2,1.0000,2,0.9531,2,0.9375,2,1.0000,2,0.6875,2,0.0000,0,0.0000,0
10392193.0,2489.720921,9132.655033,11622.375955,933,401,0.00,0.7344,0.4500,8,0,2,40,0.020000,1.0000,2,0.9688,2,0.9375,2,1.0000,2,0.9531,2,0.7969,2,1.0000,2,0.6875,2,0.0000,0,0.0000,0
10392464.0,2489.949517,9133.521667,11623.471183,934,401,0.00,0.7672,0.4500,9,0,1,41,0.020500,1.0000,2,0.9219,2,0.9375,2,1.0000,2,0.9531,2,0.7969,2,1.0000,2,0.6875,2,0.3750,2,0.0000,0
10392524.0,2490.003485,9133.719667,11623.723152,935,401,0.00,0.7734,0.4625,9,0,1,41,0.020500,1.0000,2,0.9844,2,0.9375,2,1.0000,2,0.9531,2,0.7969,2,1.0000,2,0.6875,2,0.3750,2,0.0000,0
10392696.0,2490.149569,9134.268342,11624.417910,936,402,0.00,0.7484,0.4375,8,0,2,41,0.020500,1.0000,2,0.9219,2,0.9375,2,1.0000,2,0.9531,2,0.9844,2,1.0000,2,0.6875,2,0.0000,0,0.0000,0
10392972.0,2490.382787,9135.125567,11625.508353,937,403,0.00,0.7453,0.4375,8,0,2,41,0.020500,1.0000,2,0.9219,2,0.9375,2,1.0000,2,0.9531,2,0.8125,2,1.0000,2,0.8281,2,0.0000,0,0.0000,0
10393119.0,2490.506956,9135.582567,11626.089523,938,404,0.00,0.7500,0.4250,8,0,2,41,0.020500,1.0000,2,0.9219,2,0.9375,2,1.0000,2,0.9531,2,1.0000,2,1.0000,2,0.6875,2,0.0000,0,0.0000,0
10393303.0,2490.664306,9136.149900,11626.814206,939,405,0.00,0.7563,0.4375,8,0,2,41,0.020500,1.0000,2,0.9219,2,0.9375,2,1.0000,2,0.9531,2,0.8125,2,1.0000,2,0.9375,2,0.0000,0,0.0000,0
10393371.0,2490.723314,9136.364667,11627.087981,940,405,0.00,0.7813,0.4375,9,0,1,42,0.021000,1.0000,2,0.9219,2,0.9375,2,1.0000,2,0.9531,2,0.8125,2,1.0000,2,0.9375,2,0.2500,2,0.0000,0
10393490.0,2490.829461,9136.740492,11627.569953,941,405,0.00,0.7438,0.4375,9,0,1,42,0.021000,1.0000,2,0.9844,2,0.9375,2,1.0000,2,0.9531,2,0.6250,2,1.0000,2,0.6875,2,0.2500,2,0.0000,0
10393737.0,2491.046056,9137.520492,11628.566547,942,405,0.00,0.7438,0.4375,9,0,1,42,0.021000,1.0000,2,0.9219,2,1.0000,2,1.0000,2,0.9531,2,0.6250,2,1.0000,2,0.6875,2,0.2500,2,0.0000,0
10394338.0,2491.572911,9139.415892,11630.988803,943,406,0.00,0.7547,0.4375,9,0,1,42,0.021000,1.0000,2,0.9219,2,0.9375,2,1.0000,2,0.9531,2,0.7969,2,1.0000,2,0.6875,2,0.2500,2,0.0000,0
10395111.0,2492.254481,9141.892842,11634.147323,944,407,0.00,0.7547,0.4375,9,0,1,42,0.021000,1.0000,2,0.9219,2,0.9375,2,1.0000,2,0.9531,2,0.7969,2,0.6250,2,0.6875,2,0.6250,2,0.0000,0
10395459.0,2492.564116,9143.015142,11635.579258,945,408,0.00,0.7797,0.4500,9,0,1,42,0.021000,1.0000,2,0.9219,2,0.9375,2,1.0000,2,0.9531,2,0.7969,2,0.8750,2,0.6875,2,0.6250,2,0.0000,0
10395753.0,2492.831422,9143.985342,11636.816763,946,408,0.00,0.7859,0.4625,9,0,1,42,0.021000,1.0000,2,0.9844,2,0.9375,2,1.0000,2,0.9531,2,0.7969,2,0.8750,2,0.6875,2,0.6250,2,0.0000,0
10395756.0,2492.834164,9143.995467,11636.829630,947,408,0.00,0.7906,0.4750,9,0,1,42,0.021000,1.0000,2,0.9844,2,0.9844,2,1.0000,2,0.9531,2,0.7969,2,0.8750,2,0.6875,2,0.6250,2,0.0000,0
10395807.0,2492.880772,9144.169917,11637.050689,948,408,0.00,0.7828,0.4750,9,0,1,42,0.021000,1.0000,2,0.9844,2,0.9844,2,0.8750,2,1.0000,2,0.7969,2,0.8750,2,0.6875,2,0.6250,2,0.0000,0
10396804.0,2493.770418,9147.409542,11641.179960,949,408,0.00,0.7609,0.4500,9,0,1,42,0.021000,1.0000,2,0.9844,2,0.9375,2,0.9219,2,0.9531,2,0.6250,2,0.8750,2,0.6875,2,0.6250,2,0.0000,0
10397715.0,2494.577368,9150.327492,11644.904859,950,408,0.00,0.7297,0.4375,9,0,1,42,0.021000,1.0000,2,0.9219,2,0.9844,2,0.8750,2,0.9531,2,0.6250,2,0.6250,2,0.6875,2,0.6250,2,0.0000,0
10398156.0,2494.961176,9151.749717,11646.710892,951,409,0.00,0.7547,0.4375,9,0,1,42,0.021000,1.0000,2,0.9219,2,0.9844,2,0.8750,2,0.9531,2,0.8750,2,0.6250,2,0.6875,2,0.6250,2,0.0000,0
10398158.0,2494.962955,9151.756167,11646.719122,952,410,0.00,0.7797,0.4375,9,0,1,42,0.021000,1.0000,2,0.9219,2,0.9844,2,0.8750,2,0.9531,2,0.8750,2,0.8750,2,0.6875,2,0.6250,2,0.0000,0
10398305.0,2495.096608,9152.230242,11647.326849,953,410,0.00,0.7844,0.4500,9,0,1,42,0.021000,1.0000,2,0.9688,2,0.9844,2,0.8750,2,0.9531,2,0.8750,2,0.8750,2,0.6875,2,0.6250,2,0.0000,0
10398509.0,2495.282792,9152.902692,11648.185484,954,411,0.00,0.7938,0.4500,9,0,1,42,0.021000,1.0000,2,0.9219,2,0.9844,2,0.8750,2,0.9531,2,0.8750,2,0.8750,2,0.8281,2,0.6250,2,0.0000,0
10398781.0,2495.533070,9153.800292,11649.333361,955,412,0.00,0.8078,0.4625,9,0,1,42,0.021000,1.0000,2,0.9219,2,0.9844,2,0.8750,2,0.9531,2,0.8750,2,0.8750,2,0.9688,2,0.6250,2,0.0000,0
10399394.0,2496.095147,9155.812767,11651.907914,956,412,0.00,0.7813,0.4500,9,0,1,42,0.021000,1.0000,2,0.7969,2,0.9844,2,0.8750,2,0.9531,2,0.8750,2,0.8750,2,0.8281,2,0.6250,2,0.0000,0
10399531.0,2496.219874,9156.264867,11652.484741,957,412,0.00,0.7859,0.4625,9,0,1,42,0.021000,1.0000,2,0.8438,2,0.9844,2,0.8750,2,0.9531,2,0.8750,2,0.8750,2,0.8281,2,0.6250,2,0.0000,0
10401633.0,2498.094547,9163.064292,11661.158838,958,413,0.00,0.7703,0.4500,9,0,1,42,0.021000,1.0000,2,0.7500,2,0.9844,2,0.8750,2,0.9531,2,0.8750,2,0.8750,2,0.5781,2,0.8125,2,0.0000,0
10402311.0,2498.704904,9165.295842,11664.000745,959,413,0.00,0.7641,0.4500,9,0,1,42,0.021000,1.0000,2,0.8750,2,0.9844,2,0.8750,2,0.9531,2,0.8750,2,0.8750,2,0.5781,2,0.6250,2,0.0000,0
10402526.0,2498.896039,9165.991992,11664.888030,960,413,0.00,0.7563,0.4500,9,0,1,42,0.021000,1.0000,2,0.7969,2,0.9844,2,0.8750,2,0.9531,2,0.8750,2,0.8750,2,0.5781,2,0.6250,2,0.0000,0
10402709.0,2499.059087,9166.595892,11665.654978,961,413,0.00,0.7609,0.4625,9,0,1,42,0.021000,1.0000,2,0.8438,2,0.9844,2,0.8750,2,0.9531,2,0.8750,2,0.8750,2,0.5781,2,0.6250,2,0.0000,0
10402870.0,2499.202331,9167.127267,11666.329598,962,413,0.00,0.7359,0.4500,9,0,1,42,0.021000,1.0000,2,0.8438,2,0.9844,2,0.8750,2,0.9531,2,0.8750,2,0.8750,2,0.3281,2,0.6250,2,0.0000,0
10403370.0,2499.634719,9168.716517,11668.351236,963,414,0.00,0.7266,0.4250,9,0,1,42,0.021000,1.0000,2,0.7500,2,0.9844,2,0.8750,2,0.9531,2,0.8750,2,0.8750,2,0.7031,2,0.2500,2,0.0000,0
10403581.0,2499.817842,9169.381167,11669.199009,964,414,0.00,0.7313,0.4375,9,0,1,42,0.021000,1.0000,2,0.7969,2,0.9844,2,0.8750,2,0.9531,2,0.8750,2,0.8750,2,0.7031,2,0.2500,2,0.0000,0
10403901.0,2500.096618,9170.410842,11670.507460,965,414,0.00,0.7313,0.4375,9,0,1,42,0.021000,1.0000,2,0.7969,2,0.9844,2,0.8750,2,0.9531,2,0.8750,2,0.8750,2,0.7031,2,0.2500,2,0.0000,0
10404065.0,2500.239549,9170.939742,11671.179290,966,414,0.00,0.7375,0.4500,9,0,1,42,0.021000,1.0000,2,0.8594,2,0.9844,2,0.8750,2,0.9531,2,0.8750,2,0.8750,2,0.7031,2,0.2500,2,0.0000,0
10405496.0,2501.472043,9175.391517,11676.863559,967,414,0.00,0.7188,0.4250,9,0,1,42,0.021000,1.0000,2,0.8125,2,0.9844,2,0.8750,2,0.9531,2,0.8750,2,0.8750,2,0.5625,2,0.2500,2,0.0000,0
10405820.0,2501.751268,9176.412117,11678.163384,968,415,0.00,0.7328,0.4375,9,0,1,42,0.021000,1.0000,2,0.9531,2,0.9844,2,0.8750,2,0.9531,2,0.8750,2,0.8750,2,0.5625,2,0.2500,2,0.0000,0
10406065.0,2501.965090,9177.202242,11679.167331,969,415,0.00,0.7391,0.4500,9,0,1,42,0.021000,1.0000,2,0.9531,2,0.9844,2,0.9375,2,0.9531,2,0.8750,2,0.8750,2,0.5625,2,0.2500,2,0.0000,0
10406217.0,2502.098486,9177.703842,11679.802327,970,415,0.00,0.7453,0.4625,9,0,1,42,0.021000,1.0000,2,0.9531,2,0.9844,2,1.0000,2,0.9531,2,0.8750,2,0.8750,2,0.5625,2,0.2500,2,0.0000,0
10407411.0,2503.144648,9181.700742,11684.845390,971,415,0.00,0.7078,0.4500,9,0,1,42,0.021000,1.0000,2,0.9531,2,0.9844,2,0.9375,2,0.9531,2,0.9375,2,0.8750,2,0.1875,2,0.2500,2,0.0000,0
10408533.0,2504.101340,9185.392392,11689.493731,972,415,0.00,0.7063,0.4500,9,0,1,42,0.021000,1.0000,2,1.0000,2,0.9844,2,0.9375,2,0.9531,2,0.8750,2,0.8750,2,0.1875,2,0.2500,2,0.0000,0
10408945.0,2504.451671,9186.737067,11691.188738,973,415,0.00,0.7000,0.4375,9,0,1,42,0.021000,1.0000,2,0.9531,2,0.9844,2,0.9219,2,0.9531,2,0.8750,2,0.8750,2,0.1875,2,0.2500,2,0.0000,0
10409135.0,2504.612644,9187.349817,11691.962460,974,416,0.00,0.7188,0.4500,9,0,1,42,0.021000,1.0000,2,0.9531,2,0.9844,2,0.9219,2,0.9531,2,0.8750,2,0.8750,2,0.3750,2,0.2500,2,0.0000,0
10409788.0,2505.170311,9189.440817,11694.611127,975,416,0.00,0.6813,0.4375,8,1,1,42,0.021000,1.0000,2,0.8125,2,0.9844,2,0.9375,2,0.9531,2,0.8750,2,0.8750,2,0.3750,2,0.0000,1,0.0000,0
10409812.0,2505.189866,9189.517283,11694.707149,976,417,0.00,0.7094,0.4500,8,0,2,42,0.021000,1.0000,2,0.8125,2,0.9844,2,0.9375,2,0.9531,2,0.8750,2,0.8750,2,0.6563,2,0.0000,0,0.0000,0
10410605.0,2505.828137,9191.984942,11697.813079,977,417,0.00,0.6797,0.4375,8,0,2,42,0.021000,1.0000,2,0.8594,2,0.9844,2,0.8750,2,0.9531,2,0.8750,2,0.8750,2,0.3750,2,0.0000,0,0.0000,0
10410767.0,2505.957878,9192.496592,11698.454470,978,418,0.00,0.6922,0.4500,8,0,2,42,0.021000,1.0000,2,0.9844,2,0.9844,2,0.8750,2,0.9531,2,0.8750,2,0.8750,2,0.3750,2,0.0000,0,0.0000,0
10410937.0,2506.095624,9193.045133,11699.140757,979,419,0.00,0.7125,0.4500,8,0,2,42,0.021000,1.0000,2,0.9375,2,0.9844,2,0.8750,2,0.9531,2,0.8750,2,0.8750,2,0.6250,2,0.0000,0,0.0000,0
10412019.0,2506.950693,9196.543600,11703.494293,980,420,0.00,0.6875,0.4625,8,0,2,42,0.021000,1.0000,2,0.9375,2,0.9844,2,0.8750,2,0.9531,2,0.6250,2,0.6250,2,0.8750,2,0.0000,0,0.0000,0
10412233.0,2507.123379,9197.251583,11704.374963,981,420,0.00,0.6922,0.4750,8,0,2,42,0.021000,1.0000,2,0.9844,2,0.9844,2,0.8750,2,0.9531,2,0.6250,2,0.6250,2,0.8750,2,0.0000,0,0.0000,0
10414545.0,2508.971271,9204.838575,11713.809846,982,420,0.00,0.6422,0.4500,8,0,2,42,0.021000,1.0000,2,0.9375,2,0.9844,2,0.9219,2,0.9531,2,0.6250,2,0.6250,2,0.3750,2,0.0000,0,0.0000,0
10416283.0,2510.286830,9210.193208,11720.480038,983,421,0.00,0.6297,0.4250,8,0,2,42,0.021000,1.0000,2,0.8750,2,0.9844,2,0.8750,2,0.9531,2,0.8594,2,0.3750,2,0.3750,2,0.0000,0,0.0000,0
10418049.0,2511.631600,9215.631550,11727.263150,984,422,0.00,0.6406,0.4250,8,0,2,42,0.021000,1.0000,2,0.7500,2,0.9844,2,0.8750,2,0.9531,2,0.8594,2,0.6094,2,0.3750,2,0.0000,0,0.0000,0
10418677.0,2512.107518,9217.535183,11729.642701,985,423,0.00,0.6297,0.4250,8,0,2,42,0.021000,1.0000,2,0.8750,2,0.9844,2,0.8750,2,0.9531,2,0.6250,2,0.6094,2,0.3750,2,0.0000,0,0.0000,0
10419148.0,2512.466410,9218.987433,11731.453843,986,423,0.00,0.6344,0.4375,8,0,2,42,0.021000,1.0000,2,0.9219,2,0.9844,2,0.8750,2,0.9531,2,0.6250,2,0.6094,2,0.3750,2,0.0000,0,0.0000,0
10419857.0,2513.007368,9221.188217,11734.195584,987,424,0.00,0.6547,0.4250,8,0,2,42,0.021000,1.0000,2,0.8750,2,0.9844,2,0.8750,2,0.9531,2,0.8750,2,0.6094,2,0.3750,2,0.0000,0,0.0000,0
10419916.0,2513.053472,9221.370133,11734.423605,988,424,0.00,0.6594,0.4375,8,0,2,42,0.021000,1.0000,2,0.9219,2,0.9844,2,0.8750,2,0.9531,2,0.8750,2,0.6094,2,0.3750,2,0.0000,0,0.0000,0
10420053.0,2513.161026,9221.802825,11734.963851,989,425,0.00,0.6781,0.4500,8,0,2,42,0.021000,1.0000,2,0.9219,2,0.9844,2,0.8750,2,0.9531,2,0.8750,2,0.7969,2,0.3750,2,0.0000,0,0.0000,0
10421819.0,2514.528035,9227.276267,11741.804302,990,425,0.00,0.6469,0.4375,8,0,2,42,0.021000,1.0000,2,0.8438,2,0.9844,2,0.8750,2,0.9531,2,0.8750,2,0.5625,2,0.3750,2,0.0000,0,0.0000,0
10422335.0,2514.926944,9228.881892,11743.808836,991,426,0.00,0.6516,0.4375,8,0,2,42,0.021000,1.0000,2,0.8906,2,0.9844,2,0.8750,2,0.9531,2,0.8750,2,0.5625,2,0.3750,2,0.0000,0,0.0000,0
10422609.0,2515.140388,9229.747275,11744.887663,992,427,0.00,0.6750,0.4500,8,0,2,42,0.021000,1.0000,2,0.8906,2,0.9844,2,0.8750,2,0.9531,2,0.8750,2,0.7969,2,0.3750,2,0.0000,0,0.0000,0
10423053.0,2515.493472,9231.173800,11746.667272,993,428,0.00,0.6750,0.4500,8,0,2,42,0.021000,1.0000,2,0.8906,2,0.9844,2,0.8750,2,0.9531,2,0.8750,2,0.7969,2,0.3750,2,0.0000,0,0.0000,0
10423312.0,2515.699953,9232.011233,11747.711186,994,428,0.00,0.6797,0.4625,8,0,2,42,0.021000,1.0000,2,0.9375,2,0.9844,2,0.8750,2,0.9531,2,0.8750,2,0.7969,2,0.3750,2,0.0000,0,0.0000,0
10424039.0,2516.280033,9234.372142,11750.652175,995,428,0.00,0.6828,0.4375,8,0,2,42,0.021000,1.0000,2,0.8438,2,0.9844,2,1.0000,2,0.9531,2,0.8750,2,0.7969,2,0.3750,2,0.0000,0,0.0000,0
10424040.0,2516.280836,9234.375300,11750.656136,996,428,0.00,0.6953,0.4375,8,0,2,42,0.021000,1.0000,2,0.9688,2,0.9844,2,1.0000,2,0.9531,2,0.8750,2,0.7969,2,0.3750,2,0.0000,0,0.0000,0
10424046.0,2516.285714,9234.394250,11750.679964,997,428,0.00,0.7078,0.4375,8,0,2,42,0.021000,1.0000,2,0.9688,2,0.9844,2,1.0000,2,0.9531,2,1.0000,2,0.7969,2,0.3750,2,0.0000,0,0.0000,0
10424050.0,2516.289005,9234.406883,11750.695889,998,428,0.00,0.7203,0.4375,8,0,2,42,0.021000,1.0000,2,0.9688,2,0.9844,2,1.0000,2,0.9531,2,1.0000,2,0.9219,2,0.3750,2,0.0000,0,0.0000,0
10424998.0,2517.061299,9237.282408,11754.343707,999,428,0.00,0.6734,0.4125,8,0,2,42,0.021000,1.0000,2,0.8750,2,0.9844,2,1.0000,2,1.0000,2,1.0000,2,0.6875,2,0.1875,2,0.0000,0,0.0000,0
10426697.0,2518.400236,9242.260967,11760.661202,1000,429,0.00,0.6875,0.4000,8,0,2,42,0.021000,1.0000,2,0.8750,2,0.9844,2,1.0000,2,0.9531,2,1.0000,2,0.5000,2,0.5625,2,0.0000,0,0.0000,0
10426770.0,2518.459143,9242.475100,11760.934243,1001,429,0.00,0.6922,0.4125,8,0,2,42,0.021000,1.0000,2,0.9219,2,0.9844,2,1.0000,2,0.9531,2,1.0000,2,0.5000,2,0.5625,2,0.0000,0,0.0000,0
10427770.0,2519.266853,9245.424183,11764.691036,1002,430,0.00,0.7125,0.4000,8,0,2,42,0.021000,1.0000,2,0.8750,2,0.9844,2,1.0000,2,0.9531,2,1.0000,2,0.7500,2,0.5625,2,0.0000,0,0.0000,0
10429667.0,2520.834513,9250.988717,11771.823229,1003,431,0.00,0.7188,0.4125,8,0,2,42,0.021000,1.0000,2,0.9375,2,0.9844,2,1.0000,2,0.9531,2,1.0000,2,0.7500,2,0.5625,2,0.0000,0,0.0000,0
10429978.0,2521.093031,9251.924308,11773.017340,1004,431,0.00,0.7250,0.4250,8,0,2,42,0.021000,1.0000,2,1.0000,2,0.9844,2,1.0000,2,0.9531,2,1.0000,2,0.7500,2,0.5625,2,0.0000,0,0.0000,0
10430148.0,2521.234485,9252.437900,11773.672385,1005,431,0.00,0.7234,0.4250,8,0,2,42,0.021000,1.0000,2,0.9375,2,0.9844,2,1.0000,2,1.0000,2,1.0000,2,0.7500,2,0.5625,2,0.0000,0,0.0000,0
10430353.0,2521.405503,9253.067208,11774.472712,1006,431,0.00,0.7234,0.4250,8,0,2,42,0.021000,1.0000,2,0.9844,2,0.9844,2,1.0000,2,0.9531,2,1.0000,2,0.7500,2,0.5625,2,0.0000,0,0.0000,0
10430809.0,2521.785151,9254.451308,11776.236460,1007,432,0.00,0.7563,0.4250,8,0,2,42,0.021000,1.0000,2,0.9375,2,0.9844,2,1.0000,2,0.9531,2,1.0000,2,0.7500,2,0.9375,2,0.0000,0,0.0000,0
10430841.0,2521.812685,9254.549975,11776.362660,1008,433,0.00,0.7625,0.4375,8,0,2,42,0.021000,1.0000,2,1.0000,2,0.9844,2,1.0000,2,0.9531,2,1.0000,2,0.7500,2,0.9375,2,0.0000,0,0.0000,0
10430899.0,2521.861763,9254.730308,11776.592071,1009,433,0.00,0.7297,0.4375,8,0,2,42,0.021000,1.0000,2,1.0000,2,0.9844,2,1.0000,2,1.0000,2,1.0000,2,0.7500,2,0.5625,2,0.0000,0,0.0000,0
10431794.0,2522.610793,9257.504517,11780.115310,1010,433,0.00,0.7313,0.4375,8,0,2,42,0.021000,1.0000,2,1.0000,2,0.9844,2,1.0000,2,0.9531,2,1.0000,2,0.8125,2,0.5625,2,0.0000,0,0.0000,0
10432303.0,2523.036514,9259.076108,11782.112623,1011,433,0.00,0.7297,0.4375,8,0,2,42,0.021000,1.0000,2,1.0000,2,0.9844,2,1.0000,2,1.0000,2,1.0000,2,0.7500,2,0.5625,2,0.0000,0,0.0000,0
10432317.0,2523.048271,9259.120325,11782.168596,1012,433,0.00,0.7344,0.4500,8,0,2,42,0.021000,1.0000,2,1.0000,2,0.9844,2,1.0000,2,1.0000,2,1.0000,2,0.7969,2,0.5625,2,0.0000,0,0.0000,0
10432820.0,2523.469034,9260.697867,11784.166901,1013,433,0.00,0.6688,0.4250,8,0,2,42,0.021000,1.0000,2,1.0000,2,0.9844,2,1.0000,2,0.9531,2,1.0000,2,0.5625,2,0.1875,2,0.0000,0,0.0000,0
10432946.0,2523.568872,9261.086367,11784.655238,1014,434,0.00,0.6859,0.4375,8,0,2,42,0.021000,1.0000,2,1.0000,2,0.9844,2,1.0000,2,0.9531,2,1.0000,2,0.7344,2,0.1875,2,0.0000,0,0.0000,0
10433225.0,2523.792669,9261.952092,11785.744760,1015,434,0.00,0.6844,0.4375,8,0,2,42,0.021000,1.0000,2,1.0000,2,0.9844,2,1.0000,2,1.0000,2,1.0000,2,0.6719,2,0.1875,2,0.0000,0,0.0000,0
10433505.0,2524.014512,9262.817450,11786.831962,1016,434,0.00,0.6719,0.4375,8,0,2,42,0.021000,1.0000,2,1.0000,2,0.9844,2,0.8750,2,0.9531,2,1.0000,2,0.7188,2,0.1875,2,0.0000,0,0.0000,0
10433553.0,2524.052549,9262.966725,11787.019274,1017,434,0.00,0.6734,0.4375,8,0,2,42,0.021000,1.0000,2,1.0000,2,0.9375,2,0.9375,2,0.9531,2,1.0000,2,0.7188,2,0.1875,2,0.0000,0,0.0000,0
10433611.0,2524.098487,9263.145558,11787.244046,1018,434,0.00,0.6609,0.4125,8,0,2,42,0.021000,1.0000,2,0.8906,2,0.9844,2,0.8750,2,0.9531,2,1.0000,2,0.7188,2,0.1875,2,0.0000,0,0.0000,0
10433709.0,2524.175543,9263.440375,11787.615918,1019,435,0.00,0.6781,0.4250,8,0,2,42,0.021000,1.0000,2,0.8906,2,0.9844,2,0.8750,2,0.9531,2,1.0000,2,0.8906,2,0.1875,2,0.0000,0,0.0000,0
10433799.0,2524.247352,9263.714575,11787.961927,1020,435,0.00,0.6906,0.4250,8,0,2,42,0.021000,1.0000,2,0.8906,2,0.9375,2,0.8750,2,0.9531,2,1.0000,2,0.8906,2,0.3594,2,0.0000,0,0.0000,0
10433959.0,2524.376852,9264.207908,11788.584760,1021,435,0.00,0.6969,0.4375,8,0,2,42,0.021000,1.0000,2,0.9531,2,0.9375,2,0.8750,2,0.9531,2,1.0000,2,0.8906,2,0.3594,2,0.0000,0,0.0000,0
10434155.0,2524.534789,9264.814567,11789.349356,1022,436,0.00,0.6656,0.4125,8,0,2,42,0.021000,1.0000,2,0.8906,2,0.9375,2,0.9688,2,0.9531,2,1.0000,2,0.7188,2,0.1875,2,0.0000,0,0.0000,0
10434472.0,2524.781320,9265.746458,11790.527779,1023,436,0.00,0.6531,0.4125,8,0,2,42,0.021000,1.0000,2,0.9375,2,0.9375,2,0.9688,2,0.9531,2,1.0000,2,0.5469,2,0.1875,2,0.0000,0,0.0000,0
10434545.0,2524.838276,9265.966067,11790.804342,1024,436,0.00,0.6703,0.4250,8,0,2,42,0.021000,1.0000,2,0.9375,2,0.9375,2,0.9688,2,0.9531,2,1.0000,2,0.7188,2,0.1875,2,0.0000,0,0.0000,0
10434573.0,2524.860496,9266.052400,11790.912896,1025,436,0.00,0.6875,0.4375,8,0,2,42,0.021000,1.0000,2,0.9375,2,0.9375,2,0.9688,2,0.9531,2,1.0000,2,0.8906,2,0.1875,2,0.0000,0,0.0000,0
10434999.0,2525.198574,9267.345200,11792.543774,1026,436,0.00,0.6531,0.4125,8,0,2,42,0.021000,1.0000,2,0.9375,2,0.9375,2,0.9688,2,0.9531,2,1.0000,2,0.5469,2,0.1875,2,0.0000,0,0.0000,0
10435326.0,2525.452671,9268.313025,11793.765696,1027,437,0.00,0.6719,0.4000,8,0,2,42,0.021000,1.0000,2,0.8750,2,0.9375,2,0.9688,2,0.9531,2,1.0000,2,0.7969,2,0.1875,2,0.0000,0,0.0000,0
10435374.0,2525.490821,9268.453825,11793.944646,1028,438,0.00,0.6891,0.4125,8,0,2,42,0.021000,1.0000,2,0.8750,2,0.9375,2,0.9688,2,0.9531,2,1.0000,2,0.9688,2,0.1875,2,0.0000,0,0.0000,0
10435598.0,2525.671849,9269.127692,11794.799541,1029,439,0.00,0.7016,0.4250,8,0,2,42,0.021000,1.0000,2,1.0000,2,0.9375,2,0.9688,2,0.9531,2,1.0000,2,0.9688,2,0.1875,2,0.0000,0,0.0000,0
10435669.0,2525.729919,9269.346608,11795.076527,1030,440,0.00,0.7156,0.4375,8,0,2,42,0.021000,1.0000,2,1.0000,2,0.9375,2,0.9688,2,0.9531,2,1.0000,2,0.9688,2,0.3281,2,0.0000,0,0.0000,0
10436334.0,2526.281084,9271.446900,11797.727984,1031,441,0.00,0.7297,0.4500,8,0,2,42,0.021000,1.0000,2,1.0000,2,0.9375,2,0.9688,2,0.9531,2,1.0000,2,0.9688,2,0.4688,2,0.0000,0,0.0000,0
10436385.0,2526.323911,9271.611800,11797.935711,1032,441,0.00,0.7469,0.4625,8,0,2,42,0.021000,1.0000,2,1.0000,2,0.9375,2,0.9688,2,0.9531,2,1.0000,2,0.9688,2,0.6406,2,0.0000,0,0.0000,0
10436392.0,2526.329883,9271.634958,11797.964841,1033,441,0.00,0.7531,0.4750,8,0,2,42,0.021000,1.0000,2,1.0000,2,1.0000,2,0.9688,2,0.9531,2,1.0000,2,0.9688,2,0.6406,2,0.0000,0,0.0000,0
10436392.0,2526.329883,9271.634958,11797.964841,1034,441,0.00,0.7656,0.4750,8,0,2,42,0.021000,1.0000,2,1.0000,2,1.0000,2,0.9688,2,0.9531,2,1.0000,2,0.9688,2,0.7656,2,0.0000,0,0.0000,0
10436424.0,2526.357643,9271.743075,11798.100718,1035,441,0.00,0.7781,0.4750,8,0,2,42,0.021000,1.0000,2,1.0000,2,1.0000,2,0.9688,2,0.9531,2,1.0000,2,0.9219,2,0.9375,2,0.0000,0,0.0000,0
10436454.0,2526.383965,9271.844575,11798.228540,1036,441,0.00,0.7828,0.4875,8,0,2,42,0.021000,1.0000,2,1.0000,2,1.0000,2,0.9688,2,1.0000,2,1.0000,2,0.9219,2,0.9375,2,0.0000,0,0.0000,0
10436461.0,2526.390106,9271.868633,11798.258740,1037,441,0.00,0.7719,0.4875,8,0,2,42,0.021000,1.0000,2,1.0000,2,1.0000,2,0.9688,2,1.0000,2,1.0000,2,0.9844,2,0.7656,2,0.0000,0,0.0000,0
10436556.0,2526.472665,9272.190275,11798.662940,1038,441,0.00,0.7734,0.4875,8,0,2,42,0.021000,1.0000,2,0.9531,2,1.0000,2,0.9688,2,1.0000,2,1.0000,2,0.9844,2,0.8281,2,0.0000,0,0.0000,0
10436721.0,2526.615583,9272.753850,11799.369433,1039,441,0.00,0.7609,0.4875,8,0,2,42,0.021000,1.0000,2,1.0000,2,1.0000,2,0.9688,2,1.0000,2,1.0000,2,0.9844,2,0.6563,2,0.0000,0,0.0000,0
10437388.0,2527.178553,9274.967483,11802.146036,1040,441,0.00,0.7203,0.4625,8,0,2,42,0.021000,1.0000,2,0.8281,2,1.0000,2,0.9688,2,1.0000,2,1.0000,2,0.8125,2,0.5938,2,0.0000,0,0.0000,0
10437520.0,2527.288373,9275.402833,11802.691206,1041,441,0.00,0.7203,0.4625,8,0,2,42,0.021000,1.0000,2,0.8750,2,1.0000,2,0.9688,2,0.9531,2,1.0000,2,0.8125,2,0.5938,2,0.0000,0,0.0000,0
10437771.0,2527.495951,9276.212075,11803.708026,1042,441,0.00,0.7125,0.4500,8,0,2,42,0.021000,1.0000,2,0.9219,2,1.0000,2,0.9688,2,0.9531,2,1.0000,2,0.7500,2,0.5313,2,0.0000,0,0.0000,0
10437793.0,2527.514131,9276.283208,11803.797340,1043,441,0.00,0.7250,0.4625,8,0,2,42,0.021000,1.0000,2,0.9219,2,1.0000,2,0.9688,2,0.9531,2,1.0000,2,0.8750,2,0.5313,2,0.0000,0,0.0000,0
10438117.0,2527.780642,9277.307408,11805.088050,1044,442,0.00,0.7203,0.4375,8,0,2,42,0.021000,1.0000,2,0.8750,2,0.9375,2,0.9688,2,0.9531,2,1.0000,2,0.7500,2,0.7188,2,0.0000,0,0.0000,0
10438120.0,2527.783139,9277.316883,11805.100022,1045,442,0.00,0.7250,0.4500,8,0,2,42,0.021000,1.0000,2,0.9219,2,0.9375,2,0.9688,2,0.9531,2,1.0000,2,0.7500,2,0.7188,2,0.0000,0,0.0000,0
10438490.0,2528.091669,9278.496117,11806.587786,1046,442,0.00,0.7250,0.4500,8,0,2,42,0.021000,1.0000,2,0.9219,2,0.9375,2,0.9688,2,0.9531,2,1.0000,2,0.7500,2,0.7188,2,0.0000,0,0.0000,0
10438646.0,2528.221770,9278.993692,11807.215462,1047,442,0.00,0.7375,0.4500,8,0,2,42,0.021000,1.0000,2,0.8750,2,0.9375,2,0.9688,2,0.9531,2,1.0000,2,0.9219,2,0.7188,2,0.0000,0,0.0000,0
10438828.0,2528.375712,9279.582158,11807.957870,1048,443,0.00,0.7516,0.4625,8,0,2,42,0.021000,1.0000,2,0.8750,2,0.9375,2,0.9688,2,0.9531,2,1.0000,2,0.9219,2,0.8594,2,0.0000,0,0.0000,0
10438984.0,2528.509368,9280.098258,11808.607627,1049,444,0.00,0.7656,0.4750,8,0,2,42,0.021000,1.0000,2,0.8750,2,0.9375,2,0.9688,2,0.9531,2,1.0000,2,0.9219,2,1.0000,2,0.0000,0,0.0000,0
10439238.0,2528.729766,9280.957625,11809.687391,1050,444,0.00,0.7703,0.4875,8,0,2,42,0.021000,1.0000,2,0.9219,2,0.9375,2,0.9688,2,0.9531,2,1.0000,2,0.9219,2,1.0000,2,0.0000,0,0.0000,0
10439500.0,2528.957785,9281.858383,11810.816168,1051,444,0.00,0.7734,0.4875,9,0,1,43,0.021500,1.0000,2,0.9219,2,0.9375,2,0.9688,2,0.9531,2,1.0000,2,0.9219,2,0.8594,2,0.1719,2,0.0000,0
10439612.0,2529.057264,9282.246400,11811.303664,1052,444,0.00,0.7625,0.4875,8,0,2,43,0.021500,1.0000,2,0.9844,2,0.9375,2,0.9688,2,0.9531,2,1.0000,2,0.9219,2,0.8594,2,0.0000,0,0.0000,0
10439715.0,2529.146130,9282.598633,11811.744763,1053,444,0.00,0.7609,0.4875,8,0,2,43,0.021500,1.0000,2,0.9219,2,0.9844,2,0.9688,2,0.9531,2,1.0000,2,0.9219,2,0.8594,2,0.0000,0,0.0000,0
10439780.0,2529.202294,9282.823425,11812.025719,1054,444,0.00,0.7656,0.5000,8,0,2,43,0.021500,1.0000,2,0.9688,2,0.9844,2,0.9688,2,0.9531,2,1.0000,2,0.9219,2,0.8594,2,0.0000,0,0.0000,0
10440062.0,2529.440817,9283.787275,11813.228092,1055,444,0.00,0.7313,0.4750,8,0,2,43,0.021500,1.0000,2,0.8750,2,0.9375,2,0.9688,2,1.0000,2,1.0000,2,0.6719,2,0.8594,2,0.0000,0,0.0000,0
10440135.0,2529.501599,9284.029833,11813.531432,1056,444,0.00,0.7172,0.4625,8,0,2,43,0.021500,1.0000,2,0.9219,2,0.9375,2,0.9688,2,0.9531,2,1.0000,2,0.6719,2,0.7188,2,0.0000,0,0.0000,0
10440474.0,2529.782401,9285.139433,11814.921834,1057,444,0.00,0.7000,0.4500,8,0,2,43,0.021500,1.0000,2,0.9219,2,0.9375,2,0.9688,2,0.9531,2,1.0000,2,0.5000,2,0.7188,2,0.0000,0,0.0000,0
10441228.0,2530.396049,9287.533792,11817.929841,1058,445,0.00,0.7094,0.4500,8,0,2,43,0.021500,1.0000,2,0.8750,2,0.9375,2,0.9688,2,0.9531,2,1.0000,2,0.6406,2,0.7188,2,0.0000,0,0.0000,0
10441289.0,2530.446311,9287.731025,11818.177336,1059,445,0.00,0.7156,0.4625,8,0,2,43,0.021500,1.0000,2,0.9375,2,0.9375,2,0.9688,2,0.9531,2,1.0000,2,0.6406,2,0.7188,2,0.0000,0,0.0000,0
10441620.0,2530.719182,9288.803433,11819.522615,1060,445,0.00,0.7141,0.4625,8,0,2,43,0.021500,1.0000,2,0.9219,2,0.9375,2,0.9688,2,0.9531,2,1.0000,2,0.6406,2,0.7188,2,0.0000,0,0.0000,0
10442134.0,2531.143284,9290.477442,11821.620725,1061,446,0.00,0.7328,0.4625,8,0,2,43,0.021500,1.0000,2,0.8750,2,0.9375,2,0.9688,2,0.9531,2,1.0000,2,0.8750,2,0.7188,2,0.0000,0,0.0000,0
10442271.0,2531.258663,9290.930683,11822.189347,1062,447,0.00,0.7578,0.4625,8,0,2,43,0.021500,1.0000,2,0.8750,2,0.9375,2,0.9688,2,0.9531,2,1.0000,2,0.8750,2,0.9688,2,0.0000,0,0.0000,0
10443884.0,2532.607351,9296.267025,11828.874376,1063,447,0.00,0.7266,0.4750,8,0,2,43,0.021500,1.0000,2,0.8125,2,0.9375,2,0.9688,2,0.9531,2,0.8750,2,0.7500,2,0.9688,2,0.0000,0,0.0000,0
10444492.0,2533.111594,9298.279542,11831.391135,1064,447,0.00,0.7000,0.4750,8,0,2,43,0.021500,1.0000,2,0.8594,2,0.9375,2,0.9688,2,0.9531,2,0.6250,2,0.7500,2,0.9063,2,0.0000,0,0.0000,0
10445046.0,2533.545152,9300.026483,11833.571636,1065,447,0.00,0.6359,0.4250,8,0,2,43,0.021500,1.0000,2,0.8750,2,0.9375,2,0.9688,2,0.9531,2,0.6250,2,0.3750,2,0.6250,2,0.0000,0,0.0000,0
10445431.0,2533.836925,9301.160167,11834.997091,1066,447,0.00,0.6297,0.4125,8,0,2,43,0.021500,1.0000,2,0.8125,2,0.9375,2,0.9688,2,0.9531,2,0.6250,2,0.3750,2,0.6250,2,0.0000,0,0.0000,0
10445440.0,2533.843783,9301.187242,11835.031024,1067,447,0.00,0.6797,0.4125,8,0,2,43,0.021500,1.0000,2,0.8125,2,0.9375,2,0.9688,2,0.9531,2,0.6250,2,0.8750,2,0.6250,2,0.0000,0,0.0000,0
10445790.0,2534.116075,9302.240158,11836.356234,1068,447,0.00,0.6422,0.4250,8,0,2,43,0.021500,1.0000,2,0.9375,2,0.9375,2,0.9688,2,0.9531,2,0.6250,2,0.3750,2,0.6250,2,0.0000,0,0.0000,0
10446016.0,2534.290480,9302.936992,11837.227472,1069,447,0.00,0.6922,0.4250,8,0,2,43,0.021500,1.0000,2,0.9375,2,0.9375,2,0.9688,2,0.9531,2,0.6250,2,0.8750,2,0.6250,2,0.0000,0,0.0000,0
10446760.0,2534.867785,9305.204892,11840.072677,1070,447,0.00,0.6297,0.4125,8,0,2,43,0.021500,1.0000,2,0.8125,2,0.9375,2,0.9688,2,0.9531,2,0.6250,2,0.3750,2,0.6250,2,0.0000,0,0.0000,0
10447116.0,2535.139050,9306.275858,11841.414908,1071,448,0.00,0.6422,0.4250,8,0,2,43,0.021500,1.0000,2,0.9375,2,0.9375,2,0.9688,2,0.9531,2,0.6250,2,0.3750,2,0.6250,2,0.0000,0,0.0000,0
10447525.0,2535.454676,9307.536942,11842.991618,1072,448,0.00,0.6484,0.4375,8,0,2,43,0.021500,1.0000,2,1.0000,2,0.9375,2,0.9688,2,0.9531,2,0.6250,2,0.3750,2,0.6250,2,0.0000,0,0.0000,0
10448041.0,2535.854828,9309.158092,11845.012920,1073,449,0.00,0.6656,0.4375,8,0,2,43,0.021500,1.0000,2,0.9375,2,0.9375,2,0.9688,2,0.9531,2,0.8594,2,0.3750,2,0.6250,2,0.0000,0,0.0000,0
10448097.0,2535.899064,9309.334958,11845.234022,1074,450,0.00,0.7031,0.4500,8,0,2,43,0.021500,1.0000,2,0.9375,2,0.9375,2,0.9688,2,0.9531,2,0.8594,2,0.7500,2,0.6250,2,0.0000,0,0.0000,0
10448391.0,2536.135270,9310.273708,11846.408979,1075,451,0.00,0.6828,0.4500,8,0,2,43,0.021500,1.0000,2,0.9375,2,0.9375,2,0.9688,2,0.9531,2,0.8594,2,0.5469,2,0.6250,2,0.0000,0,0.0000,0
10448437.0,2536.172222,9310.422442,11846.594664,1076,451,0.00,0.6953,0.4625,8,0,2,43,0.021500,1.0000,2,0.9375,2,0.9375,2,0.9688,2,0.9531,2,0.9844,2,0.5469,2,0.6250,2,0.0000,0,0.0000,0
10449254.0,2536.820070,9313.008950,11849.829020,1077,452,0.00,0.6672,0.4375,8,0,2,43,0.021500,1.0000,2,0.8125,2,0.9375,2,0.9688,2,0.9531,2,0.8594,2,0.5156,2,0.6250,2,0.0000,0,0.0000,0
10450158.0,2537.527150,9315.808433,11853.335583,1078,452,0.00,0.6578,0.4375,8,0,2,43,0.021500,1.0000,2,0.8594,2,0.9375,2,0.9688,2,0.9531,2,0.8594,2,0.3750,2,0.6250,2,0.0000,0,0.0000,0
10450228.0,2537.582020,9316.029517,11853.611536,1079,452,0.00,0.6641,0.4500,8,0,2,43,0.021500,1.0000,2,0.9219,2,0.9375,2,0.9688,2,0.9531,2,0.8594,2,0.3750,2,0.6250,2,0.0000,0,0.0000,0
10450358.0,2537.684115,9316.443100,11854.127215,1080,453,0.00,0.6703,0.4500,8,0,2,43,0.021500,1.0000,2,0.8594,2,0.9375,2,0.9688,2,0.9531,2,0.9844,2,0.3750,2,0.6250,2,0.0000,0,0.0000,0
10450512.0,2537.804390,9316.923633,11854.728023,1081,453,0.00,0.6281,0.4250,8,0,2,43,0.021500,1.0000,2,0.8594,2,0.9375,2,0.9688,2,0.9531,2,0.7500,2,0.3750,2,0.4375,2,0.0000,0,0.0000,0
10450689.0,2537.939045,9317.469383,11855.408428,1082,453,0.00,0.6297,0.4250,8,0,2,43,0.021500,1.0000,2,0.8750,2,0.9375,2,0.9688,2,0.9531,2,0.7500,2,0.3750,2,0.4375,2,0.0000,0,0.0000,0
10451105.0,2538.256028,9318.752050,11857.008078,1083,454,0.00,0.6547,0.4250,8,0,2,43,0.021500,1.0000,2,0.8750,2,0.9375,2,0.9688,2,0.9531,2,1.0000,2,0.3750,2,0.4375,2,0.0000,0,0.0000,0
10451338.0,2538.438100,9319.470467,11857.908567,1084,455,0.00,0.6734,0.4250,8,0,2,43,0.021500,1.0000,2,0.8750,2,0.9375,2,0.9688,2,0.9531,2,1.0000,2,0.5625,2,0.4375,2,0.0000,0,0.0000,0
10451453.0,2538.529641,9319.825050,11858.354691,1085,456,0.00,0.6797,0.4375,8,0,2,43,0.021500,1.0000,2,0.9375,2,0.9375,2,0.9688,2,0.9531,2,1.0000,2,0.5625,2,0.4375,2,0.0000,0,0.0000,0
10451457.0,2538.532844,9319.837683,11858.370528,1086,457,0.00,0.6984,0.4375,8,0,2,43,0.021500,1.0000,2,0.9375,2,0.9375,2,0.9688,2,0.9531,2,1.0000,2,0.7500,2,0.4375,2,0.0000,0,0.0000,0
10451465.0,2538.539368,9319.862950,11858.402318,1087,458,0.00,0.7172,0.4375,8,0,2,43,0.021500,1.0000,2,0.9375,2,0.9375,2,0.9688,2,0.9531,2,1.0000,2,0.9375,2,0.4375,2,0.0000,0,0.0000,0
10451527.0,2538.590830,9320.058767,11858.649597,1088,459,0.00,0.7359,0.4375,8,0,2,43,0.021500,1.0000,2,0.9375,2,0.9375,2,0.9688,2,0.9531,2,1.0000,2,0.9375,2,0.6250,2,0.0000,0,0.0000,0
10451555.0,2538.614480,9320.147200,11858.761680,1089,460,0.00,0.7641,0.4500,8,0,2,43,0.021500,1.0000,2,0.9375,2,0.9375,2,0.9688,2,0.9531,2,1.0000,2,0.9375,2,0.9063,2,0.0000,0,0.0000,0
10453342.0,2540.018551,9325.549867,11865.568417,1090,460,0.00,0.6500,0.4250,8,0,2,43,0.021500,1.0000,2,0.9531,2,0.9375,2,0.9688,2,0.9531,2,0.8750,2,0.3750,2,0.4375,2,0.0000,0,0.0000,0
10453495.0,2540.137060,9326.014042,11866.151101,1091,460,0.00,0.6484,0.4250,8,0,2,43,0.021500,1.0000,2,0.9375,2,0.9375,2,0.9688,2,0.9531,2,0.8750,2,0.3750,2,0.4375,2,0.0000,0,0.0000,0
10453755.0,2540.338820,9326.812708,11867.151528,1092,460,0.00,0.6563,0.4125,8,0,2,43,0.021500,1.0000,2,0.8906,2,0.9375,2,0.9688,2,0.9531,2,1.0000,2,0.3750,2,0.4375,2,0.0000,0,0.0000,0
10453760.0,2540.342733,9326.827750,11867.170483,1093,461,0.00,0.6750,0.4125,8,0,2,43,0.021500,1.0000,2,0.8906,2,0.9375,2,0.9688,2,0.9531,2,1.0000,2,0.5625,2,0.4375,2,0.0000,0,0.0000,0
10453993.0,2540.527499,9327.528692,11868.056191,1094,461,0.00,0.6484,0.4250,8,0,2,43,0.021500,1.0000,2,0.9375,2,0.9375,2,0.9688,2,0.9531,2,0.8750,2,0.3750,2,0.4375,2,0.0000,0,0.0000,0
10454461.0,2540.889964,9328.951817,11869.841781,1095,461,0.00,0.6484,0.4250,8,0,2,43,0.021500,1.0000,2,0.9375,2,0.9375,2,0.9688,2,0.9531,2,0.8750,2,0.3750,2,0.4375,2,0.0000,0,0.0000,0
10454537.0,2540.948983,9329.186150,11870.135133,1096,462,0.00,0.6859,0.4375,8,0,2,43,0.021500,1.0000,2,0.9375,2,0.9375,2,0.9688,2,0.9531,2,0.8750,2,0.7500,2,0.4375,2,0.0000,0,0.0000,0
10454850.0,2541.200216,9330.157983,11871.358200,1097,463,0.00,0.6922,0.4250,8,0,2,43,0.021500,1.0000,2,0.8281,2,0.9375,2,0.9688,2,0.9531,2,0.8750,2,0.9219,2,0.4375,2,0.0000,0,0.0000,0
10455001.0,2541.321319,9330.616292,11871.937610,1098,464,0.00,0.6922,0.4250,8,0,2,43,0.021500,1.0000,2,1.0000,2,0.9375,2,0.9688,2,0.9531,2,0.8750,2,0.7500,2,0.4375,2,0.0000,0,0.0000,0
10455086.0,2541.390219,9330.878375,11872.268594,1099,465,0.00,0.7094,0.4375,8,0,2,43,0.021500,1.0000,2,1.0000,2,0.9375,2,0.9688,2,0.9531,2,0.8750,2,0.9219,2,0.4375,2,0.0000,0,0.0000,0
10456111.0,2542.218227,9333.985017,11876.203243,1100,465,0.00,0.6734,0.4125,8,0,2,43,0.021500,1.0000,2,0.7656,2,0.9844,2,0.9688,2,0.9531,2,0.8750,2,0.7500,2,0.4375,2,0.0000,0,0.0000,0
10456381.0,2542.432868,9334.791492,11877.224359,1101,466,0.00,0.6750,0.4125,8,0,2,43,0.021500,1.0000,2,0.8281,2,0.9375,2,0.9688,2,0.9531,2,0.8750,2,0.7500,2,0.4375,2,0.0000,0,0.0000,0
10457497.0,2543.312991,9338.144517,11881.457508,1102,466,0.00,0.6188,0.4125,8,0,2,43,0.021500,1.0000,2,0.8906,2,0.9375,2,0.9688,2,0.9531,2,0.8750,2,0.3750,2,0.1875,2,0.0000,0,0.0000,0
10458105.0,2543.771102,9339.973583,11883.744686,1103,466,0.00,0.6313,0.4250,8,0,2,43,0.021500,1.0000,2,0.8906,2,0.9375,2,0.9688,2,0.9531,2,1.0000,2,0.3750,2,0.1875,2,0.0000,0,0.0000,0
10458138.0,2543.796259,9340.074883,11883.871142,1104,466,0.00,0.6297,0.4250,8,0,2,43,0.021500,1.0000,2,0.8750,2,0.9375,2,0.9688,2,0.9531,2,1.0000,2,0.3750,2,0.1875,2,0.0000,0,0.0000,0
10459348.0,2544.700959,9343.608692,11888.309651,1105,466,0.00,0.6109,0.4000,8,0,2,43,0.021500,1.0000,2,0.8125,2,0.9375,2,0.9688,2,0.9531,2,0.8750,2,0.3750,2,0.1875,2,0.0000,0,0.0000,0
10459465.0,2544.788404,9343.951892,11888.740296,1106,466,0.00,0.6156,0.4125,8,0,2,43,0.021500,1.0000,2,0.8594,2,0.9375,2,0.9688,2,0.9531,2,0.8750,2,0.3750,2,0.1875,2,0.0000,0,0.0000,0
10459596.0,2544.886616,9344.342383,11889.228999,1107,467,0.00,0.6234,0.4125,8,0,2,43,0.021500,1.0000,2,0.9375,2,0.9375,2,0.9688,2,0.9531,2,0.8750,2,0.3750,2,0.1875,2,0.0000,0,0.0000,0
10460075.0,2545.247616,9345.749250,11890.996866,1108,468,0.00,0.6313,0.4125,8,0,2,43,0.021500,1.0000,2,0.8906,2,0.9375,2,0.9688,2,0.9531,2,1.0000,2,0.3750,2,0.1875,2,0.0000,0,0.0000,0
10460640.0,2545.678782,9347.448358,11893.127141,1109,468,0.00,0.6313,0.4125,8,0,2,43,0.021500,1.0000,2,0.8906,2,0.9375,2,0.9688,2,0.9531,2,1.0000,2,0.3750,2,0.1875,2,0.0000,0,0.0000,0
10462043.0,2546.730741,9351.472400,11898.203141,1110,469,0.00,0.6266,0.4000,8,0,2,43,0.021500,1.0000,2,0.7031,2,0.9375,2,0.9688,2,0.9531,2,1.0000,2,0.5156,2,0.1875,2,0.0000,0,0.0000,0
10462484.0,2547.061959,9352.739750,11899.801709,1111,469,0.00,0.6063,0.3875,8,0,2,43,0.021500,1.0000,2,0.7656,2,0.9375,2,0.9688,2,0.9531,2,0.8750,2,0.3750,2,0.1875,2,0.0000,0,0.0000,0
10462683.0,2547.209231,9353.297233,11900.506465,1112,470,0.00,0.6188,0.3750,8,0,2,43,0.021500,1.0000,2,0.8906,2,0.9375,2,0.9688,2,0.9531,2,0.8750,2,0.3750,2,0.1875,2,0.0000,0,0.0000,0
10462689.0,2547.213752,9353.313933,11900.527686,1113,471,0.00,0.6375,0.3750,8,0,2,43,0.021500,1.0000,2,0.8906,2,0.9375,2,0.9688,2,0.9531,2,0.8750,2,0.5625,2,0.1875,2,0.0000,0,0.0000,0
10462806.0,2547.302827,9353.639583,11900.942411,1114,472,0.00,0.6375,0.3750,8,0,2,43,0.021500,1.0000,2,0.7031,2,0.9375,2,0.9688,2,0.9531,2,0.8750,2,0.7500,2,0.1875,2,0.0000,0,0.0000,0
10463316.0,2547.691240,9355.059083,11902.750323,1115,473,0.00,0.6125,0.3875,8,0,2,43,0.021500,1.0000,2,0.8281,2,0.9375,2,0.9688,2,0.9531,2,0.8750,2,0.3750,2,0.1875,2,0.0000,0,0.0000,0
10463316.0,2547.691240,9355.059083,11902.750323,1116,474,0.00,0.6250,0.4000,8,0,2,43,0.021500,1.0000,2,0.9531,2,0.9375,2,0.9688,2,0.9531,2,0.8750,2,0.3750,2,0.1875,2,0.0000,0,0.0000,0
10463437.0,2547.782998,9355.414017,11903.197015,1117,475,0.00,0.6438,0.4125,8,0,2,43,0.021500,1.0000,2,0.9531,2,0.9375,2,0.9688,2,0.9531,2,0.8750,2,0.5625,2,0.1875,2,0.0000,0,0.0000,0
10463704.0,2547.989367,9356.217242,11904.206609,1118,475,0.00,0.6484,0.4250,8,0,2,43,0.021500,1.0000,2,1.0000,2,0.9375,2,0.9688,2,0.9531,2,0.8750,2,0.5625,2,0.1875,2,0.0000,0,0.0000,0
10463934.0,2548.166913,9356.914033,11905.080946,1119,476,0.00,0.6688,0.4125,8,0,2,43,0.021500,1.0000,2,0.8281,2,0.9375,2,0.9688,2,0.9531,2,0.8750,2,0.9375,2,0.1875,2,0.0000,0,0.0000,0
10464624.0,2548.691155,9358.911558,11907.602713,1120,476,0.00,0.6234,0.4000,8,0,2,43,0.021500,1.0000,2,0.7500,2,0.9375,2,0.9688,2,0.9531,2,0.8750,2,0.5625,2,0.1875,2,0.0000,0,0.0000,0
10464849.0,2548.860431,9359.563833,11908.424264,1121,476,0.00,0.6000,0.4000,8,0,2,43,0.021500,1.0000,2,0.7656,2,0.9375,2,0.9688,2,0.9531,2,0.6250,2,0.5625,2,0.1875,2,0.0000,0,0.0000,0
10464987.0,2548.962018,9359.962783,11908.924801,1122,476,0.00,0.6000,0.4000,8,0,2,43,0.021500,1.0000,2,0.7656,2,0.9375,2,0.9688,2,0.9531,2,0.6250,2,0.5625,2,0.1875,2,0.0000,0,0.0000,0
10465750.0,2549.522217,9362.145792,11911.668009,1123,476,0.00,0.5984,0.4000,8,0,2,43,0.021500,1.0000,2,0.7500,2,0.9375,2,0.9688,2,0.9531,2,0.6250,2,0.5625,2,0.1875,2,0.0000,0,0.0000,0
10465976.0,2549.688596,9362.801825,11912.490421,1124,476,0.00,0.5984,0.4000,8,0,2,43,0.021500,1.0000,2,0.7500,2,0.9375,2,0.9688,2,0.9531,2,0.6250,2,0.5625,2,0.1875,2,0.0000,0,0.0000,0
10467648.0,2550.916394,9367.591308,11918.507702,1125,476,0.00,0.6000,0.4000,8,0,2,43,0.021500,1.0000,2,0.7656,2,0.9375,2,0.9688,2,0.9531,2,0.6250,2,0.5625,2,0.1875,2,0.0000,0,0.0000,0
10467853.0,2551.066996,9368.179217,11919.246213,1126,476,0.00,0.6000,0.4000,8,0,2,43,0.021500,1.0000,2,0.7656,2,0.9375,2,0.9688,2,0.9531,2,0.6250,2,0.5625,2,0.1875,2,0.0000,0,0.0000,0
10468064.0,2551.222901,9368.798150,11920.021051,1127,476,0.00,0.6047,0.4125,8,0,2,43,0.021500,1.0000,2,0.8125,2,0.9375,2,0.9688,2,0.9531,2,0.6250,2,0.5625,2,0.1875,2,0.0000,0,0.0000,0
10468357.0,2551.439793,9369.665792,11921.105585,1128,476,0.00,0.6500,0.4000,8,0,2,43,0.021500,1.0000,2,0.7656,2,0.9375,2,0.9688,2,0.9531,2,0.6250,2,0.5625,2,0.6875,2,0.0000,0,0.0000,0
10468877.0,2551.829538,9371.191125,11923.020663,1129,476,0.00,0.6047,0.4125,8,0,2,43,0.021500,1.0000,2,0.8125,2,0.9375,2,0.9688,2,0.9531,2,0.6250,2,0.5625,2,0.1875,2,0.0000,0,0.0000,0
10468879.0,2551.831023,9371.197142,11923.028164,1130,477,0.00,0.6234,0.4125,8,0,2,43,0.021500,1.0000,2,1.0000,2,0.9375,2,0.9688,2,0.9531,2,0.6250,2,0.5625,2,0.1875,2,0.0000,0,0.0000,0
10468928.0,2551.868122,9371.344550,11923.212672,1131,477,0.00,0.6734,0.4125,8,0,2,43,0.021500,1.0000,2,1.0000,2,0.9375,2,0.9688,2,0.9531,2,0.6250,2,0.5625,2,0.6875,2,0.0000,0,0.0000,0
10468928.0,2551.868622,9371.344550,11923.213172,1132,477,0.00,0.7234,0.4125,9,0,1,44,0.022000,1.0000,2,1.0000,2,0.9375,2,0.9688,2,0.9531,2,0.6250,2,0.5625,2,0.6875,2,0.5000,2,0.0000,0
10468950.0,2551.887661,9371.412200,11923.299861,1133,478,0.00,0.7422,0.4125,9,0,1,44,0.022000,1.0000,2,1.0000,2,0.9375,2,0.9688,2,0.9531,2,0.8125,2,0.5625,2,0.6875,2,0.5000,2,0.0000,0
10469205.0,2552.091887,9372.159992,11924.251879,1134,478,0.00,0.5984,0.4000,8,0,2,44,0.022000,1.0000,2,0.7031,2,0.9844,2,0.9688,2,0.9531,2,0.6250,2,0.5625,2,0.1875,2,0.0000,0,0.0000,0
10469867.0,2552.578208,9374.060308,11926.638516,1135,478,0.00,0.5984,0.4000,8,0,2,44,0.022000,1.0000,2,0.7500,2,0.9375,2,0.9688,2,0.9531,2,0.6250,2,0.5625,2,0.1875,2,0.0000,0,0.0000,0
10470372.0,2552.949377,9375.513742,11928.463118,1136,479,0.00,0.6000,0.4000,8,0,2,44,0.022000,1.0000,2,0.7656,2,0.9375,2,0.9688,2,0.9531,2,0.6250,2,0.5625,2,0.1875,2,0.0000,0,0.0000,0
10471323.0,2553.652060,9378.303342,11931.955402,1137,479,0.00,0.6063,0.4125,8,0,2,44,0.022000,1.0000,2,0.8281,2,0.9375,2,0.9688,2,0.9531,2,0.6250,2,0.5625,2,0.1875,2,0.0000,0,0.0000,0
10471828.0,2554.025325,9379.786625,11933.811950,1138,479,0.00,0.6047,0.4125,8,0,2,44,0.022000,1.0000,2,0.8125,2,0.9375,2,0.9688,2,0.9531,2,0.6250,2,0.5625,2,0.1875,2,0.0000,0,0.0000,0
10472083.0,2554.214172,9380.543475,11934.757647,1139,479,0.00,0.6047,0.4125,8,0,2,44,0.022000,1.0000,2,0.8125,2,0.9375,2,0.9688,2,0.9531,2,0.6250,2,0.5625,2,0.1875,2,0.0000,0,0.0000,0
10473680.0,2555.388742,9385.207758,11940.596500,1140,479,0.00,0.5859,0.4000,8,0,2,44,0.022000,1.0000,2,0.8125,2,0.9375,2,0.9688,2,0.9531,2,0.6250,2,0.3750,2,0.1875,2,0.0000,0,0.0000,0
10475310.0,2556.567463,9389.840142,11946.407604,1141,480,0.00,0.6125,0.3875,8,0,2,44,0.022000,1.0000,2,0.7031,2,0.9375,2,0.9688,2,0.9531,2,1.0000,2,0.3750,2,0.1875,2,0.0000,0,0.0000,0
10476444.0,2557.396817,9393.031167,11950.427984,1142,480,0.00,0.5797,0.3875,8,0,2,44,0.022000,1.0000,2,0.7500,2,0.9375,2,0.9688,2,0.9531,2,0.6250,2,0.3750,2,0.1875,2,0.0000,0,0.0000,0
10476744.0,2557.613179,9393.877042,11951.490220,1143,481,0.00,0.5984,0.3875,8,0,2,44,0.022000,1.0000,2,0.9375,2,0.9375,2,0.9688,2,0.9531,2,0.6250,2,0.3750,2,0.1875,2,0.0000,0,0.0000,0
10477956.0,2558.507239,9397.341342,11955.848581,1144,481,0.00,0.6031,0.4000,8,0,2,44,0.022000,1.0000,2,0.9844,2,0.9375,2,0.9688,2,0.9531,2,0.6250,2,0.3750,2,0.1875,2,0.0000,0,0.0000,0
10478057.0,2558.582112,9397.637608,11956.219721,1145,481,0.00,0.6078,0.4125,8,0,2,44,0.022000,1.0000,2,0.9844,2,0.9844,2,0.9688,2,0.9531,2,0.6250,2,0.3750,2,0.1875,2,0.0000,0,0.0000,0
10479249.0,2559.455149,9401.031542,11960.486690,1146,481,0.00,0.5797,0.3875,8,0,2,44,0.022000,1.0000,2,0.7031,2,0.9375,2,0.9688,2,1.0000,2,0.6250,2,0.3750,2,0.1875,2,0.0000,0,0.0000,0
10479784.0,2559.840671,9402.533375,11962.374046,1147,482,0.00,0.6125,0.3875,8,0,2,44,0.022000,1.0000,2,0.7031,2,0.9375,2,0.9688,2,0.9531,2,1.0000,2,0.3750,2,0.1875,2,0.0000,0,0.0000,0
10481045.0,2560.784670,9406.137733,11966.922403,1148,482,0.00,0.6172,0.4000,8,0,2,44,0.022000,1.0000,2,0.7500,2,0.9375,2,0.9688,2,0.9531,2,1.0000,2,0.3750,2,0.1875,2,0.0000,0,0.0000,0
10481242.0,2560.932864,9406.715600,11967.648464,1149,483,0.00,0.6547,0.4125,8,0,2,44,0.022000,1.0000,2,0.7500,2,0.9375,2,0.9688,2,0.9531,2,1.0000,2,0.7500,2,0.1875,2,0.0000,0,0.0000,0
10481454.0,2561.098526,9407.353367,11968.451893,1150,484,0.00,0.6781,0.4250,8,0,2,44,0.022000,1.0000,2,0.9844,2,0.9375,2,0.9688,2,0.9531,2,1.0000,2,0.7500,2,0.1875,2,0.0000,0,0.0000,0
10484454.0,2563.474180,9416.471442,11979.945622,1151,485,0.00,0.6703,0.4000,8,0,2,44,0.022000,1.0000,2,0.7500,2,0.9375,2,0.8750,2,0.9531,2,1.0000,2,1.0000,2,0.1875,2,0.0000,0,0.0000,0
10484455.0,2563.474974,9416.474375,11979.949349,1152,486,0.00,0.6953,0.4000,8,0,2,44,0.022000,1.0000,2,1.0000,2,0.9375,2,0.8750,2,0.9531,2,1.0000,2,1.0000,2,0.1875,2,0.0000,0,0.0000,0
10484476.0,2563.492047,9416.535975,11980.028022,1153,487,0.00,0.7203,0.4000,8,0,2,44,0.022000,1.0000,2,1.0000,2,0.9375,2,0.8750,2,0.9531,2,1.0000,2,1.0000,2,0.4375,2,0.0000,0,0.0000,0
10484491.0,2563.504534,9416.579975,11980.084509,1154,487,0.00,0.7266,0.4125,8,0,2,44,0.022000,1.0000,2,1.0000,2,1.0000,2,0.8750,2,0.9531,2,1.0000,2,1.0000,2,0.4375,2,0.0000,0,0.0000,0
10484743.0,2563.714578,9417.323225,11981.037803,1155,487,0.00,0.7250,0.4125,8,0,2,44,0.022000,1.0000,2,1.0000,2,0.9375,2,0.9219,2,0.9531,2,1.0000,2,1.0000,2,0.4375,2,0.0000,0,0.0000,0
10486042.0,2564.765429,9421.003275,11985.768704,1156,487,0.00,0.6766,0.3875,8,0,2,44,0.022000,1.0000,2,1.0000,2,0.9844,2,0.8750,2,0.8438,2,0.6250,2,1.0000,2,0.4375,2,0.0000,0,0.0000,0
10486687.0,2565.253356,9422.774375,11988.027731,1157,488,0.00,0.6375,0.3750,8,0,2,44,0.022000,1.0000,2,1.0000,2,0.9375,2,0.8750,2,0.8438,2,0.9063,2,0.6250,2,0.1875,2,0.0000,0,0.0000,0
10486808.0,2565.346268,9423.110708,11988.456977,1158,488,0.00,0.6375,0.3750,8,0,2,44,0.022000,1.0000,2,0.9531,2,0.9844,2,0.8750,2,0.8438,2,0.9063,2,0.6250,2,0.1875,2,0.0000,0,0.0000,0
10486962.0,2565.464520,9423.538742,11989.003261,1159,488,0.00,0.6375,0.3750,8,0,2,44,0.022000,1.0000,2,1.0000,2,0.9375,2,0.8750,2,0.8438,2,0.9063,2,0.6250,2,0.1875,2,0.0000,0,0.0000,0
10487601.0,2565.945285,9425.252492,11991.197777,1160,489,0.00,0.6297,0.3500,8,0,2,44,0.022000,1.0000,2,0.9531,2,0.9375,2,0.8750,2,0.8438,2,0.6250,2,0.8750,2,0.1875,2,0.0000,0,0.0000,0
10488913.0,2566.945002,9428.707425,11995.652427,1161,489,0.00,0.6391,0.3625,8,0,2,44,0.022000,1.0000,2,0.9531,2,0.9375,2,0.9688,2,0.8438,2,0.6250,2,0.8750,2,0.1875,2,0.0000,0,0.0000,0
10489639.0,2567.496531,9430.673675,11998.170206,1162,489,0.00,0.6188,0.3750,8,0,2,44,0.022000,1.0000,2,0.7500,2,0.9375,2,0.9688,2,0.8438,2,0.6250,2,0.8750,2,0.1875,2,0.0000,0,0.0000,0
10490091.0,2567.836393,9431.917192,11999.753585,1163,490,0.00,0.6391,0.3625,8,0,2,44,0.022000,1.0000,2,0.9531,2,0.9375,2,0.9688,2,0.8438,2,0.6250,2,0.8750,2,0.1875,2,0.0000,0,0.0000,0
10490573.0,2568.207182,9433.222608,12001.429790,1164,491,0.00,0.6641,0.3750,8,0,2,44,0.022000,1.0000,2,0.9531,2,0.9375,2,0.9688,2,0.8438,2,0.8750,2,0.8750,2,0.1875,2,0.0000,0,0.0000,0
10490608.0,2568.234787,9433.320025,12001.554812,1165,491,0.00,0.6688,0.3875,8,0,2,44,0.022000,1.0000,2,1.0000,2,0.9375,2,0.9688,2,0.8438,2,0.8750,2,0.8750,2,0.1875,2,0.0000,0,0.0000,0
10491684.0,2569.070129,9436.353367,12005.423495,1166,491,0.00,0.6891,0.3750,8,0,2,44,0.022000,1.0000,2,0.9531,2,0.9375,2,0.9688,2,0.8438,2,0.8750,2,0.6250,2,0.6875,2,0.0000,0,0.0000,0
10491859.0,2569.210429,9436.840450,12006.050879,1167,491,0.00,0.6453,0.3875,8,0,2,44,0.022000,1.0000,2,0.9531,2,1.0000,2,0.9688,2,0.8438,2,0.8750,2,0.6250,2,0.1875,2,0.0000,0,0.0000,0
10492028.0,2569.341257,9437.323508,12006.664765,1168,491,0.00,0.6500,0.4000,8,0,2,44,0.022000,1.0000,2,1.0000,2,1.0000,2,0.9688,2,0.8438,2,0.8750,2,0.6250,2,0.1875,2,0.0000,0,0.0000,0
10492770.0,2569.916655,9439.464792,12009.381446,1169,491,0.00,0.6500,0.4000,8,0,2,44,0.022000,1.0000,2,0.9531,2,1.0000,2,0.9688,2,0.8906,2,0.8750,2,0.6250,2,0.1875,2,0.0000,0,0.0000,0
10492842.0,2569.972655,9439.675992,12009.648646,1170,491,0.00,0.7000,0.4000,8,0,2,44,0.022000,1.0000,2,0.9531,2,1.0000,2,0.9688,2,0.8906,2,0.8750,2,0.6250,2,0.6875,2,0.0000,0,0.0000,0
10492842.0,2569.973155,9439.675992,12009.649146,1171,491,0.00,0.7500,0.4000,9,0,1,45,0.022500,1.0000,2,0.9531,2,1.0000,2,0.9688,2,0.8906,2,0.8750,2,0.6250,2,0.6875,2,0.5000,2,0.0000,0
10493831.0,2570.756004,9442.525933,12013.281937,1172,492,0.00,0.6688,0.4000,8,0,2,45,0.022500,1.0000,2,0.9531,2,1.0000,2,0.9688,2,0.8438,2,0.8750,2,0.8594,2,0.1875,2,0.0000,0,0.0000,0
10493917.0,2570.824147,9442.778200,12013.602347,1173,493,0.00,0.6938,0.4000,8,0,2,45,0.022500,1.0000,2,0.9531,2,1.0000,2,0.9688,2,0.8438,2,0.8750,2,0.8594,2,0.4375,2,0.0000,0,0.0000,0
10494652.0,2571.411860,9444.899625,12016.311485,1174,493,0.00,0.6734,0.4000,8,0,2,45,0.022500,1.0000,2,1.0000,2,1.0000,2,0.9688,2,0.8438,2,0.6250,2,0.8594,2,0.4375,2,0.0000,0,0.0000,0
10494733.0,2571.476337,9445.137225,12016.613562,1175,493,0.00,0.6781,0.4125,8,0,2,45,0.022500,1.0000,2,1.0000,2,1.0000,2,0.9688,2,0.8906,2,0.6250,2,0.8594,2,0.4375,2,0.0000,0,0.0000,0
10495559.0,2572.132829,9447.539383,12019.672212,1176,493,0.00,0.6734,0.4000,8,0,2,45,0.022500,1.0000,2,0.9531,2,1.0000,2,0.9688,2,0.8906,2,0.6250,2,0.8594,2,0.4375,2,0.0000,0,0.0000,0
10495656.0,2572.210041,9447.823917,12020.033958,1177,494,0.00,0.6922,0.4125,8,0,2,45,0.022500,1.0000,2,0.9531,2,1.0000,2,0.9688,2,0.8906,2,0.8125,2,0.8594,2,0.4375,2,0.0000,0,0.0000,0
10495959.0,2572.455271,9448.727642,12021.182913,1178,495,0.00,0.7125,0.4000,8,0,2,45,0.022500,1.0000,2,0.9531,2,1.0000,2,0.9688,2,0.8438,2,0.8125,2,0.8594,2,0.6875,2,0.0000,0,0.0000,0
10496603.0,2572.979152,9450.601783,12023.580935,1179,495,0.00,0.6688,0.4000,8,0,2,45,0.022500,1.0000,2,1.0000,2,1.0000,2,0.9688,2,0.8438,2,0.8125,2,0.3750,2,0.6875,2,0.0000,0,0.0000,0
10496760.0,2573.103553,9451.062317,12024.165869,1180,496,0.00,0.6938,0.4000,8,0,2,45,0.022500,1.0000,2,1.0000,2,1.0000,2,0.9688,2,0.8438,2,0.8125,2,0.6250,2,0.6875,2,0.0000,0,0.0000,0
10496918.0,2573.231818,9451.525783,12024.757601,1181,497,0.00,0.7172,0.4125,8,0,2,45,0.022500,1.0000,2,1.0000,2,1.0000,2,0.9688,2,0.8438,2,0.8125,2,0.8594,2,0.6875,2,0.0000,0,0.0000,0
10496935.0,2573.245928,9451.576925,12024.822853,1182,498,0.00,0.7406,0.4250,8,0,2,45,0.022500,1.0000,2,1.0000,2,1.0000,2,0.9688,2,0.8438,2,0.8125,2,0.8594,2,0.9219,2,0.0000,0,0.0000,0
10497137.0,2573.417049,9452.184758,12025.601807,1183,498,0.00,0.7641,0.4250,9,0,1,46,0.023000,1.0000,2,0.9531,2,1.0000,2,0.9688,2,0.8438,2,0.8125,2,0.8594,2,0.9219,2,0.2813,2,0.0000,0
10497843.0,2574.013313,9454.318575,12028.331888,1184,498,0.00,0.7156,0.4250,8,0,2,46,0.023000,1.0000,2,0.7500,2,1.0000,2,0.9688,2,0.8438,2,0.8125,2,0.8594,2,0.9219,2,0.0000,0,0.0000,0
10498252.0,2574.346662,9455.559783,12029.906445,1185,498,0.00,0.7141,0.4250,9,0,1,47,0.023500,1.0000,2,0.7031,2,1.0000,2,0.9688,2,0.8438,2,0.8125,2,0.8594,2,0.6719,2,0.2813,2,0.0000,0
10498879.0,2574.878493,9457.525075,12032.403568,1186,499,0.00,0.6891,0.4250,8,0,2,47,0.023500,1.0000,2,0.9844,2,1.0000,2,0.9688,2,0.8438,2,0.8125,2,0.8594,2,0.4219,2,0.0000,0,0.0000,0
10498922.0,2574.913134,9457.657283,12032.570418,1187,499,0.00,0.6656,0.4250,8,0,2,47,0.023500,1.0000,2,0.7031,2,1.0000,2,0.9688,2,0.8906,2,0.8125,2,0.8594,2,0.4219,2,0.0000,0,0.0000,0
10499073.0,2575.032268,9458.122267,12033.154535,1188,500,0.00,0.6609,0.4250,8,0,2,47,0.023500,1.0000,2,0.8906,2,1.0000,2,0.9688,2,0.8906,2,0.8125,2,0.8594,2,0.1875,2,0.0000,0,0.0000,0
10500430.0,2576.060355,9462.055325,12038.115680,1189,500,0.00,0.6188,0.4000,8,0,2,47,0.023500,1.0000,2,0.7500,2,1.0000,2,0.9688,2,0.8438,2,0.8125,2,0.6250,2,0.1875,2,0.0000,0,0.0000,0
10501135.0,2576.589690,9464.085000,12040.674690,1190,501,0.00,0.6375,0.4000,8,0,2,47,0.023500,1.0000,2,0.9375,2,1.0000,2,0.9688,2,0.8438,2,0.8125,2,0.6250,2,0.1875,2,0.0000,0,0.0000,0
10502555.0,2577.680329,9468.250333,12045.930662,1191,502,0.00,0.6469,0.4125,8,0,2,47,0.023500,1.0000,2,0.9375,2,1.0000,2,0.9688,2,0.9375,2,0.8125,2,0.6250,2,0.1875,2,0.0000,0,0.0000,0
10502722.0,2577.809812,9468.752725,12046.562537,1192,503,0.00,0.6703,0.4250,8,0,2,47,0.023500,1.0000,2,0.9375,2,1.0000,2,0.9688,2,0.9375,2,0.8125,2,0.8594,2,0.1875,2,0.0000,0,0.0000,0
10503163.0,2578.159779,9470.112475,12048.272254,1193,503,0.00,0.6750,0.4375,8,0,2,47,0.023500,1.0000,2,0.9844,2,1.0000,2,0.9688,2,0.9375,2,0.8125,2,0.8594,2,0.1875,2,0.0000,0,0.0000,0
10503669.0,2578.547520,9471.652167,12050.199686,1194,504,0.00,0.6469,0.4125,8,0,2,47,0.023500,1.0000,2,0.7031,2,1.0000,2,0.9688,2,0.9375,2,0.8125,2,0.6094,2,0.4375,2,0.0000,0,0.0000,0
10504051.0,2578.843702,9472.801350,12051.645052,1195,505,0.00,0.6719,0.4125,8,0,2,47,0.023500,1.0000,2,0.9531,2,1.0000,2,0.9688,2,0.9375,2,0.8125,2,0.6094,2,0.4375,2,0.0000,0,0.0000,0
10505099.0,2579.674876,9475.946808,12055.621684,1196,506,0.00,0.6734,0.4000,8,0,2,47,0.023500,1.0000,2,0.9531,2,1.0000,2,0.9688,2,0.9375,2,0.8125,2,0.6250,2,0.4375,2,0.0000,0,0.0000,0
10505913.0,2580.322825,9478.334542,12058.657367,1197,506,0.00,0.6781,0.4125,8,0,2,47,0.023500,1.0000,2,1.0000,2,1.0000,2,0.9688,2,0.9375,2,0.8125,2,0.6250,2,0.4375,2,0.0000,0,0.0000,0
10506246.0,2580.588647,9479.326792,12059.915438,1198,507,0.00,0.6984,0.4000,8,0,2,47,0.023500,1.0000,2,0.9531,2,1.0000,2,0.9688,2,0.9375,2,0.8125,2,0.8750,2,0.4375,2,0.0000,0,0.0000,0
10506463.0,2580.765600,9479.963325,12060.728925,1199,507,0.00,0.7031,0.4125,8,0,2,47,0.023500,1.0000,2,1.0000,2,1.0000,2,0.9688,2,0.9375,2,0.8125,2,0.8750,2,0.4375,2,0.0000,0,0.0000,0
10507448.0,2581.569862,9482.874108,12064.443970,1200,507,0.00,0.7047,0.4125,8,0,2,47,0.023500,1.0000,2,0.9531,2,1.0000,2,0.9688,2,1.0000,2,0.8125,2,0.8750,2,0.4375,2,0.0000,0,0.0000,0
10507735.0,2581.803269,9483.720700,12065.523969,1201,507,0.00,0.6781,0.4125,8,0,2,47,0.023500,1.0000,2,1.0000,2,1.0000,2,0.9688,2,0.9375,2,0.8125,2,0.8750,2,0.1875,2,0.0000,0,0.0000,0
10510432.0,2583.885655,9491.471700,12075.357355,1202,507,0.00,0.6422,0.3875,8,0,2,47,0.023500,1.0000,2,0.7031,2,1.0000,2,0.9688,2,0.9375,2,0.7500,2,0.8750,2,0.1875,2,0.0000,0,0.0000,0
10510433.0,2583.886427,9491.474558,12075.360985,1203,507,0.00,0.6547,0.3875,8,0,2,47,0.023500,1.0000,2,0.8281,2,1.0000,2,0.9688,2,0.9375,2,0.7500,2,0.8750,2,0.1875,2,0.0000,0,0.0000,0
10510443.0,2583.894241,9491.503142,12075.397383,1204,507,0.00,0.6672,0.3875,8,0,2,47,0.023500,1.0000,2,0.9531,2,1.0000,2,0.9688,2,0.9375,2,0.7500,2,0.8750,2,0.1875,2,0.0000,0,0.0000,0
10512265.0,2585.299455,9496.663925,12081.963380,1205,508,0.00,0.6609,0.3875,8,0,2,47,0.023500,1.0000,2,0.9531,2,1.0000,2,0.8750,2,0.9375,2,0.7500,2,0.6250,2,0.4688,2,0.0000,0,0.0000,0
10512454.0,2585.445044,9497.193800,12082.638844,1206,509,0.00,0.6563,0.3875,8,0,2,47,0.023500,1.0000,2,0.9531,2,1.0000,2,0.8750,2,0.9375,2,0.9844,2,0.6250,2,0.1875,2,0.0000,0,0.0000,0
10512819.0,2585.730707,9498.237092,12083.967799,1207,509,0.00,0.6625,0.4000,8,0,2,47,0.023500,1.0000,2,0.9531,2,1.0000,2,0.9375,2,0.9375,2,0.9844,2,0.6250,2,0.1875,2,0.0000,0,0.0000,0
10513293.0,2586.101935,9499.595917,12085.697852,1208,510,0.00,0.6656,0.4000,8,0,2,47,0.023500,1.0000,2,0.9531,2,1.0000,2,0.8750,2,0.9375,2,0.9844,2,0.7188,2,0.1875,2,0.0000,0,0.0000,0
10513355.0,2586.150911,9499.777783,12085.928694,1209,511,0.00,0.6781,0.4125,8,0,2,47,0.023500,1.0000,2,0.9531,2,1.0000,2,1.0000,2,0.9375,2,0.9844,2,0.7188,2,0.1875,2,0.0000,0,0.0000,0
10513654.0,2586.390007,9500.677275,12087.067282,1210,512,0.00,0.7016,0.4250,8,0,2,47,0.023500,1.0000,2,0.9531,2,1.0000,2,1.0000,2,0.9375,2,0.9844,2,0.9531,2,0.1875,2,0.0000,0,0.0000,0
10513771.0,2586.485699,9501.038025,12087.523724,1211,512,0.00,0.7063,0.4375,8,0,2,47,0.023500,1.0000,2,1.0000,2,1.0000,2,1.0000,2,0.9375,2,0.9844,2,0.9531,2,0.1875,2,0.0000,0,0.0000,0
10514256.0,2586.880083,9502.518067,12089.398149,1212,513,0.00,0.7109,0.4250,8,0,2,47,0.023500,1.0000,2,0.9531,2,1.0000,2,1.0000,2,0.9375,2,0.9844,2,0.8594,2,0.3750,2,0.0000,0,0.0000,0
10514908.0,2587.412026,9504.503425,12091.915451,1213,514,0.00,0.7125,0.4125,8,0,2,47,0.023500,1.0000,2,0.9531,2,1.0000,2,1.0000,2,0.9375,2,0.7500,2,0.8594,2,0.6250,2,0.0000,0,0.0000,0
10515018.0,2587.503428,9504.834342,12092.337770,1214,514,0.00,0.7625,0.4125,9,0,1,48,0.024000,1.0000,2,0.9531,2,1.0000,2,1.0000,2,0.9375,2,0.7500,2,0.8594,2,0.6250,2,0.5000,2,0.0000,0
10515072.0,2587.551803,9505.000392,12092.552195,1215,515,0.00,0.7875,0.4125,9,0,1,48,0.024000,1.0000,2,0.9531,2,1.0000,2,1.0000,2,0.9375,2,1.0000,2,0.8594,2,0.6250,2,0.5000,2,0.0000,0
10515810.0,2588.182318,9507.222525,12095.404843,1216,515,0.00,0.7188,0.4125,8,0,2,48,0.024000,1.0000,2,1.0000,2,1.0000,2,1.0000,2,0.9375,2,1.0000,2,0.6250,2,0.6250,2,0.0000,0,0.0000,0
10516174.0,2588.484664,9508.302558,12096.787222,1217,515,0.00,0.7641,0.4000,9,0,1,49,0.024500,1.0000,2,0.9531,2,1.0000,2,1.0000,2,0.9375,2,1.0000,2,0.6250,2,0.6250,2,0.5000,2,0.0000,0
10516183.0,2588.492738,9508.329558,12096.822296,1218,515,0.00,0.7688,0.4125,9,0,1,49,0.024500,1.0000,2,1.0000,2,1.0000,2,1.0000,2,0.9375,2,1.0000,2,0.6250,2,0.6250,2,0.5000,2,0.0000,0
10516262.0,2588.563892,9508.572483,12097.136376,1219,515,0.00,0.7750,0.4250,9,0,1,49,0.024500,1.0000,2,1.0000,2,1.0000,2,1.0000,2,1.0000,2,1.0000,2,0.6250,2,0.6250,2,0.5000,2,0.0000,0
10516533.0,2588.788011,9509.385592,12098.173603,1220,516,0.00,0.6828,0.4125,8,0,2,49,0.024500,1.0000,2,0.9531,2,1.0000,2,1.0000,2,0.9375,2,0.7500,2,0.8125,2,0.3750,2,0.0000,0,0.0000,0
10517376.0,2589.448975,9511.862817,12101.311792,1221,517,0.00,0.6391,0.4000,8,0,2,49,0.024500,1.0000,2,0.9531,2,1.0000,2,1.0000,2,0.9375,2,0.9375,2,0.3750,2,0.1875,2,0.0000,0,0.0000,0
10519357.0,2590.960529,9517.505600,12108.466129,1222,518,0.00,0.6391,0.3875,8,0,2,49,0.024500,1.0000,2,0.9531,2,0.9375,2,0.8750,2,0.9375,2,0.9375,2,0.5625,2,0.1875,2,0.0000,0,0.0000,0
10519631.0,2591.171309,9518.288783,12109.460093,1223,518,0.00,0.6438,0.4000,8,0,2,49,0.024500,1.0000,2,1.0000,2,0.9375,2,0.8750,2,0.9375,2,0.9375,2,0.5625,2,0.1875,2,0.0000,0,0.0000,0
10520784.0,2592.058898,9521.597192,12113.656090,1224,519,0.00,0.6563,0.4000,8,0,2,49,0.024500,1.0000,2,0.9531,2,0.9375,2,0.8750,2,0.9375,2,0.9375,2,0.7344,2,0.1875,2,0.0000,0,0.0000,0
10520922.0,2592.165955,9521.997117,12114.163071,1225,520,0.00,0.6625,0.4000,8,0,2,49,0.024500,1.0000,2,0.9531,2,0.9375,2,0.8750,2,0.9375,2,0.9375,2,0.7969,2,0.1875,2,0.0000,0,0.0000,0
10521219.0,2592.397173,9522.854592,12115.251765,1226,521,0.00,0.6609,0.4000,8,0,2,49,0.024500,1.0000,2,0.9531,2,0.9375,2,0.8750,2,0.9375,2,0.7500,2,0.9688,2,0.1875,2,0.0000,0,0.0000,0
10521993.0,2593.000758,9525.096942,12118.097700,1227,522,0.00,0.6531,0.4000,8,0,2,49,0.024500,1.0000,2,0.9531,2,0.9375,2,0.9688,2,0.9375,2,0.7500,2,0.7969,2,0.1875,2,0.0000,0,0.0000,0
10522531.0,2593.411081,9526.627900,12120.038981,1228,522,0.00,0.6172,0.3875,8,0,2,49,0.024500,1.0000,2,0.9531,2,1.0000,2,0.9688,2,0.9375,2,0.7500,2,0.3750,2,0.1875,2,0.0000,0,0.0000,0
10522531.0,2593.411081,9526.627900,12120.038981,1229,522,0.00,0.6234,0.4000,8,0,2,49,0.024500,1.0000,2,0.9531,2,1.0000,2,0.9688,2,1.0000,2,0.7500,2,0.3750,2,0.1875,2,0.0000,0,0.0000,0
10524137.0,2594.607082,9531.091483,12125.698565,1230,523,0.00,0.6297,0.3750,8,0,2,49,0.024500,1.0000,2,0.9531,2,0.9375,2,0.8750,2,0.9375,2,0.7500,2,0.6563,2,0.1875,2,0.0000,0,0.0000,0
10524173.0,2594.634513,9531.191683,12125.826197,1231,524,0.00,0.6578,0.3875,8,0,2,49,0.024500,1.0000,2,0.9531,2,0.9375,2,0.8750,2,0.9375,2,0.7500,2,0.9375,2,0.1875,2,0.0000,0,0.0000,0
10524601.0,2594.970003,9532.415050,12127.385053,1232,524,0.00,0.6625,0.4000,8,0,2,49,0.024500,1.0000,2,1.0000,2,0.9375,2,0.8750,2,0.9375,2,0.7500,2,0.9375,2,0.1875,2,0.0000,0,0.0000,0
10524836.0,2595.151255,9533.088633,12128.239889,1233,524,0.00,0.6063,0.3750,8,0,2,49,0.024500,1.0000,2,0.9531,2,0.9844,2,0.8750,2,0.9375,2,0.7500,2,0.3750,2,0.1875,2,0.0000,0,0.0000,0
10525900.0,2595.939302,9535.982150,12131.921452,1234,524,0.00,0.6063,0.3750,8,0,2,49,0.024500,1.0000,2,1.0000,2,0.9375,2,0.8750,2,0.9375,2,0.7500,2,0.3750,2,0.1875,2,0.0000,0,0.0000,0
10527174.0,2596.848857,9539.442167,12136.291024,1235,524,0.00,0.5688,0.3750,8,0,2,49,0.024500,1.0000,2,0.7031,2,0.9844,2,0.8750,2,0.9375,2,0.6250,2,0.3750,2,0.1875,2,0.0000,0,0.0000,0
10527596.0,2597.149365,9540.595208,12137.744574,1236,524,0.00,0.5688,0.3750,8,0,2,49,0.024500,1.0000,2,0.7500,2,0.9375,2,0.8750,2,0.9375,2,0.6250,2,0.3750,2,0.1875,2,0.0000,0,0.0000,0
10527655.0,2597.191526,9540.759425,12137.950951,1237,524,0.00,0.5734,0.3875,8,0,2,49,0.024500,1.0000,2,0.7969,2,0.9375,2,0.8750,2,0.9375,2,0.6250,2,0.3750,2,0.1875,2,0.0000,0,0.0000,0
10527776.0,2597.278220,9541.100933,12138.379153,1238,525,0.00,0.5938,0.3875,8,0,2,49,0.024500,1.0000,2,0.7500,2,0.9375,2,0.8750,2,0.9375,2,0.8750,2,0.3750,2,0.1875,2,0.0000,0,0.0000,0
10529173.0,2598.298593,9544.989850,12143.288443,1239,525,0.00,0.5938,0.3875,8,0,2,49,0.024500,1.0000,2,0.7500,2,0.9375,2,0.8750,2,0.9375,2,0.8750,2,0.3750,2,0.1875,2,0.0000,0,0.0000,0
10529225.0,2598.336762,9545.138483,12143.475245,1240,525,0.00,0.5984,0.4000,8,0,2,49,0.024500,1.0000,2,0.7969,2,0.9375,2,0.8750,2,0.9375,2,0.8750,2,0.3750,2,0.1875,2,0.0000,0,0.0000,0
10529568.0,2598.584515,9546.095042,12144.679556,1241,525,0.00,0.5688,0.3750,8,0,2,49,0.024500,1.0000,2,0.7500,2,0.9375,2,0.8750,2,0.9375,2,0.6250,2,0.3750,2,0.1875,2,0.0000,0,0.0000,0
10530340.0,2599.133873,9548.196450,12147.330323,1242,526,0.00,0.5922,0.3750,8,0,2,49,0.024500,1.0000,2,0.7031,2,0.9375,2,0.8750,2,0.9375,2,0.9063,2,0.3750,2,0.1875,2,0.0000,0,0.0000,0
10530341.0,2599.134605,9548.199233,12147.333839,1243,527,0.00,0.6203,0.3875,8,0,2,49,0.024500,1.0000,2,0.9844,2,0.9375,2,0.8750,2,0.9375,2,0.9063,2,0.3750,2,0.1875,2,0.0000,0,0.0000,0
10530620.0,2599.345163,9548.996708,12148.341872,1244,528,0.00,0.6391,0.3875,8,0,2,49,0.024500,1.0000,2,0.9844,2,0.9375,2,0.8750,2,0.9375,2,0.9063,2,0.5625,2,0.1875,2,0.0000,0,0.0000,0
10530828.0,2599.505172,9549.591242,12149.096413,1245,528,0.00,0.6438,0.4000,8,0,2,49,0.024500,1.0000,2,0.9844,2,0.9844,2,0.8750,2,0.9375,2,0.9063,2,0.5625,2,0.1875,2,0.0000,0,0.0000,0
10531182.0,2599.778215,9550.617942,12150.396157,1246,528,0.00,0.6438,0.4000,8,0,2,49,0.024500,1.0000,2,0.9844,2,0.9375,2,0.9219,2,0.9375,2,0.9063,2,0.5625,2,0.1875,2,0.0000,0,0.0000,0
10531439.0,2599.975996,9551.360633,12151.336629,1247,529,0.00,0.6391,0.3750,8,0,2,49,0.024500,1.0000,2,0.9844,2,0.9375,2,0.8750,2,0.9375,2,0.6563,2,0.8125,2,0.1875,2,0.0000,0,0.0000,0
10531756.0,2600.219855,9552.242950,12152.462805,1248,529,0.00,0.6453,0.3875,8,0,2,49,0.024500,1.0000,2,0.9844,2,1.0000,2,0.8750,2,0.9375,2,0.6563,2,0.8125,2,0.1875,2,0.0000,0,0.0000,0
10531868.0,2600.306557,9552.563083,12152.869641,1249,530,0.00,0.6703,0.3875,8,0,2,49,0.024500,1.0000,2,0.9844,2,1.0000,2,0.8750,2,0.9375,2,0.9063,2,0.8125,2,0.1875,2,0.0000,0,0.0000,0
10531997.0,2600.407548,9552.931808,12153.339356,1250,530,0.00,0.6500,0.4000,8,0,2,49,0.024500,1.0000,2,0.9844,2,1.0000,2,0.9219,2,0.9375,2,0.6563,2,0.8125,2,0.1875,2,0.0000,0,0.0000,0
10532135.0,2600.514881,9553.336608,12153.851490,1251,530,0.00,0.6547,0.4125,8,0,2,49,0.024500,1.0000,2,0.9844,2,1.0000,2,0.9688,2,0.9375,2,0.6563,2,0.8125,2,0.1875,2,0.0000,0,0.0000,0
10532219.0,2600.580284,9553.584433,12154.164717,1252,531,0.00,0.6734,0.4125,8,0,2,49,0.024500,1.0000,2,0.9844,2,1.0000,2,0.9219,2,0.9375,2,0.8906,2,0.8125,2,0.1875,2,0.0000,0,0.0000,0
10532455.0,2600.767613,9554.288025,12155.055638,1253,531,0.00,0.6453,0.4000,8,0,2,49,0.024500,1.0000,2,0.9844,2,1.0000,2,0.9219,2,0.9375,2,0.6094,2,0.8125,2,0.1875,2,0.0000,0,0.0000,0
10534465.0,2602.289191,9560.026150,12162.315341,1254,532,0.00,0.6125,0.3750,8,0,2,49,0.024500,1.0000,2,0.7031,2,1.0000,2,0.8750,2,0.9375,2,0.7969,2,0.6250,2,0.1875,2,0.0000,0,0.0000,0
10534494.0,2602.310900,9560.106867,12162.417767,1255,533,0.00,0.6313,0.3750,8,0,2,49,0.024500,1.0000,2,0.8906,2,1.0000,2,0.8750,2,0.9375,2,0.7969,2,0.6250,2,0.1875,2,0.0000,0,0.0000,0
10534737.0,2602.496083,9560.782092,12163.278175,1256,533,0.00,0.6125,0.3750,8,0,2,49,0.024500,1.0000,2,0.9375,2,1.0000,2,0.8750,2,0.9375,2,0.5625,2,0.6250,2,0.1875,2,0.0000,0,0.0000,0
10535088.0,2602.752502,9561.745242,12164.497744,1257,534,0.00,0.5938,0.3750,8,0,2,49,0.024500,1.0000,2,0.7031,2,1.0000,2,0.8750,2,0.9375,2,0.6094,2,0.6250,2,0.1875,2,0.0000,0,0.0000,0
10535139.0,2602.789937,9561.887192,12164.677129,1258,535,0.00,0.6000,0.3875,8,0,2,49,0.024500,1.0000,2,0.7656,2,1.0000,2,0.8750,2,0.9375,2,0.6094,2,0.6250,2,0.1875,2,0.0000,0,0.0000,0
10535843.0,2603.307728,9563.862633,12167.170362,1259,535,0.00,0.5984,0.3875,8,0,2,49,0.024500,1.0000,2,0.8125,2,0.9375,2,0.8750,2,0.9375,2,0.6094,2,0.6250,2,0.1875,2,0.0000,0,0.0000,0
10537957.0,2604.833824,9569.557900,12174.391724,1260,536,0.00,0.5891,0.3500,8,0,2,49,0.024500,1.0000,2,0.7031,2,0.9375,2,0.8750,2,0.9375,2,0.6250,2,0.6250,2,0.1875,2,0.0000,0,0.0000,0
10537958.0,2604.834555,9569.560533,12174.395088,1261,536,0.00,0.5938,0.3625,8,0,2,49,0.024500,1.0000,2,0.7500,2,0.9375,2,0.8750,2,0.9375,2,0.6250,2,0.6250,2,0.1875,2,0.0000,0,0.0000,0
10538102.0,2604.940255,9569.950533,12174.890788,1262,537,0.00,0.6000,0.3750,8,0,2,49,0.024500,1.0000,2,0.8125,2,0.9375,2,0.8750,2,0.9375,2,0.6250,2,0.6250,2,0.1875,2,0.0000,0,0.0000,0
10538657.0,2605.348384,9571.455083,12176.803467,1263,537,0.00,0.6453,0.3625,8,0,2,49,0.024500,1.0000,2,0.7656,2,0.9375,2,0.8750,2,0.9375,2,0.6250,2,0.6250,2,0.6875,2,0.0000,0,0.0000,0
10538657.0,2605.348884,9571.455083,12176.803967,1264,537,0.00,0.6953,0.3625,9,0,1,50,0.025000,1.0000,2,0.7656,2,0.9375,2,0.8750,2,0.9375,2,0.6250,2,0.6250,2,0.6875,2,0.5000,2,0.0000,0
10538658.0,2605.349727,9571.457858,12176.807586,1265,537,0.00,0.7453,0.3625,9,0,1,50,0.025000,1.0000,2,0.7656,2,0.9375,2,0.8750,2,0.9375,2,0.6250,2,0.6250,2,0.6875,2,1.0000,2,0.0000,0
10539104.0,2605.700257,9572.677775,12178.378032,1266,537,0.00,0.6000,0.3750,8,0,2,50,0.025000,1.0000,2,0.8125,2,0.9375,2,0.8750,2,0.9375,2,0.6250,2,0.6250,2,0.1875,2,0.0000,0,0.0000,0
10539516.0,2606.003782,9573.806058,12179.809841,1267,538,0.00,0.6141,0.3750,8,0,2,50,0.025000,1.0000,2,0.9531,2,0.9375,2,0.8750,2,0.9375,2,0.6250,2,0.6250,2,0.1875,2,0.0000,0,0.0000,0
10539824.0,2606.234729,9574.663325,12180.898054,1268,538,0.00,0.6641,0.3750,8,0,2,50,0.025000,1.0000,2,0.9531,2,0.9375,2,0.8750,2,0.9375,2,0.6250,2,0.6250,2,0.6875,2,0.0000,0,0.0000,0
10539860.0,2606.263123,9574.763525,12181.026648,1269,539,0.00,0.6875,0.3875,8,0,2,50,0.025000,1.0000,2,0.9531,2,0.9375,2,0.8750,2,0.9375,2,0.8594,2,0.6250,2,0.6875,2,0.0000,0,0.0000,0
10541309.0,2607.380313,9578.905250,12186.285563,1270,540,0.00,0.6625,0.3875,8,0,2,50,0.025000,1.0000,2,0.9531,2,0.9375,2,0.8750,2,0.9375,2,0.8594,2,0.8750,2,0.1875,2,0.0000,0,0.0000,0
10541438.0,2607.481900,9579.273975,12186.755875,1271,540,0.00,0.6672,0.4000,8,0,2,50,0.025000,1.0000,2,1.0000,2,0.9375,2,0.8750,2,0.9375,2,0.8594,2,0.8750,2,0.1875,2,0.0000,0,0.0000,0
10541688.0,2607.679338,9580.001383,12187.680721,1272,541,0.00,0.6734,0.3875,8,0,2,50,0.025000,1.0000,2,0.8906,2,0.9375,2,0.8750,2,0.9375,2,0.8594,2,0.8750,2,0.3594,2,0.0000,0,0.0000,0
10541891.0,2607.839597,9580.576150,12188.415747,1273,541,0.00,0.6547,0.3875,8,0,2,50,0.025000,1.0000,2,0.9375,2,0.9375,2,0.8750,2,0.9375,2,0.6250,2,0.8750,2,0.3594,2,0.0000,0,0.0000,0
10542339.0,2608.188774,9581.838158,12190.026932,1274,541,0.00,0.6547,0.3875,8,0,2,50,0.025000,1.0000,2,0.9375,2,0.9375,2,0.8750,2,0.9375,2,0.6250,2,0.8750,2,0.3594,2,0.0000,0,0.0000,0
10543069.0,2608.738855,9583.837742,12192.576597,1275,542,0.00,0.6313,0.3750,8,0,2,50,0.025000,1.0000,2,0.8906,2,0.9375,2,0.8750,2,0.9375,2,0.6094,2,0.8750,2,0.1875,2,0.0000,0,0.0000,0
10543654.0,2609.185110,9585.465992,12194.651101,1276,542,0.00,0.6250,0.3875,8,0,2,50,0.025000,1.0000,2,0.8906,2,0.9375,2,0.8750,2,0.9375,2,0.7969,2,0.6250,2,0.1875,2,0.0000,0,0.0000,0
10543893.0,2609.366351,9586.149133,12195.515485,1277,543,0.00,0.6375,0.4000,8,0,2,50,0.025000,1.0000,2,0.8906,2,0.9375,2,1.0000,2,0.9375,2,0.7969,2,0.6250,2,0.1875,2,0.0000,0,0.0000,0
10545261.0,2610.417051,9590.161933,12200.578985,1278,543,0.00,0.6422,0.4125,8,0,2,50,0.025000,1.0000,2,0.9375,2,0.9375,2,1.0000,2,0.9375,2,0.7969,2,0.6250,2,0.1875,2,0.0000,0,0.0000,0
10547435.0,2612.048800,9596.389225,12208.438025,1279,544,0.00,0.6078,0.3875,8,0,2,50,0.025000,1.0000,2,0.8906,2,0.9375,2,1.0000,2,0.9375,2,0.5000,2,0.6250,2,0.1875,2,0.0000,0,0.0000,0
10547683.0,2612.233551,9597.098092,12209.331643,1280,544,0.00,0.6125,0.4000,8,0,2,50,0.025000,1.0000,2,0.9375,2,0.9375,2,1.0000,2,0.9375,2,0.5000,2,0.6250,2,0.1875,2,0.0000,0,0.0000,0
10548009.0,2612.477187,9598.045883,12210.523070,1281,544,0.00,0.6125,0.4000,8,0,2,50,0.025000,1.0000,2,0.9375,2,0.9375,2,1.0000,2,0.9375,2,0.5000,2,0.6250,2,0.1875,2,0.0000,0,0.0000,0
10548436.0,2612.795881,9599.278617,12212.074498,1282,544,0.00,0.6125,0.4000,8,0,2,50,0.025000,1.0000,2,0.9375,2,0.9375,2,1.0000,2,0.9375,2,0.5000,2,0.6250,2,0.1875,2,0.0000,0,0.0000,0
10548764.0,2613.039504,9600.217350,12213.256854,1283,544,0.00,0.6016,0.3875,8,0,2,50,0.025000,1.0000,2,0.9531,2,0.9375,2,1.0000,2,0.9375,2,0.3750,2,0.6250,2,0.1875,2,0.0000,0,0.0000,0
10549731.0,2613.755185,9602.981358,12216.736543,1284,544,0.00,0.6063,0.4000,8,0,2,50,0.025000,1.0000,2,1.0000,2,0.9375,2,1.0000,2,0.9375,2,0.3750,2,0.6250,2,0.1875,2,0.0000,0,0.0000,0
10549799.0,2613.805760,9603.180825,12216.986585,1285,544,0.00,0.6109,0.4125,8,0,2,50,0.025000,1.0000,2,1.0000,2,0.9844,2,1.0000,2,0.9375,2,0.3750,2,0.6250,2,0.1875,2,0.0000,0,0.0000,0
10550250.0,2614.139788,9604.477058,12218.616846,1286,545,0.00,0.6203,0.3750,8,0,2,50,0.025000,1.0000,2,0.8906,2,0.9375,2,1.0000,2,0.9375,2,0.6250,2,0.6250,2,0.1875,2,0.0000,0,0.0000,0
10552241.0,2615.630879,9610.018675,12225.649554,1287,546,0.00,0.6078,0.3875,8,0,2,50,0.025000,1.0000,2,0.8906,2,0.9375,2,1.0000,2,0.9375,2,0.5000,2,0.6250,2,0.1875,2,0.0000,0,0.0000,0
10552544.0,2615.856603,9610.884750,12226.741353,1288,546,0.00,0.6125,0.4000,8,0,2,50,0.025000,1.0000,2,0.9375,2,0.9375,2,1.0000,2,0.9375,2,0.5000,2,0.6250,2,0.1875,2,0.0000,0,0.0000,0
10554159.0,2617.048814,9615.426933,12232.475747,1289,547,0.00,0.6188,0.3875,8,0,2,50,0.025000,1.0000,2,0.8906,2,0.9375,2,1.0000,2,0.9375,2,0.6094,2,0.6250,2,0.1875,2,0.0000,0,0.0000,0
10554296.0,2617.152039,9615.818525,12232.970564,1290,547,0.00,0.6234,0.4000,8,0,2,50,0.025000,1.0000,2,0.9375,2,0.9375,2,1.0000,2,0.9375,2,0.6094,2,0.6250,2,0.1875,2,0.0000,0,0.0000,0
10554770.0,2617.509710,9617.184175,12234.693885,1291,547,0.00,0.6234,0.4000,8,0,2,50,0.025000,1.0000,2,0.9375,2,0.9375,2,1.0000,2,0.9375,2,0.6094,2,0.6250,2,0.1875,2,0.0000,0,0.0000,0
10554990.0,2617.676258,9617.829133,12235.505391,1292,547,0.00,0.6250,0.4000,8,0,2,50,0.025000,1.0000,2,0.9531,2,0.9375,2,1.0000,2,0.9375,2,0.6094,2,0.6250,2,0.1875,2,0.0000,0,0.0000,0
10555568.0,2618.112081,9619.486125,12237.598206,1293,547,0.00,0.6234,0.4000,8,0,2,50,0.025000,1.0000,2,0.9375,2,0.9375,2,1.0000,2,0.9375,2,0.6094,2,0.6250,2,0.1875,2,0.0000,0,0.0000,0
10556382.0,2618.723063,9621.813183,12240.536246,1294,547,0.00,0.6000,0.3875,8,0,2,50,0.025000,1.0000,2,0.9375,2,0.9375,2,1.0000,2,0.9375,2,0.3750,2,0.6250,2,0.1875,2,0.0000,0,0.0000,0
10556443.0,2618.768135,9621.987542,12240.755677,1295,548,0.00,0.6234,0.4000,8,0,2,50,0.025000,1.0000,2,0.9375,2,0.9375,2,1.0000,2,0.9375,2,0.6094,2,0.6250,2,0.1875,2,0.0000,0,0.0000,0
10556555.0,2618.852932,9622.316075,12241.169007,1296,549,0.00,0.6328,0.4125,8,0,2,50,0.025000,1.0000,2,0.9375,2,0.9375,2,1.0000,2,0.9375,2,0.7031,2,0.6250,2,0.1875,2,0.0000,0,0.0000,0
10557308.0,2619.425915,9624.527500,12243.953415,1297,550,0.00,0.6531,0.4000,8,0,2,50,0.025000,1.0000,2,0.8906,2,0.9375,2,1.0000,2,0.9375,2,0.9531,2,0.6250,2,0.1875,2,0.0000,0,0.0000,0
10557436.0,2619.525782,9624.902967,12244.428749,1298,551,0.00,0.6813,0.4125,8,0,2,50,0.025000,1.0000,2,0.8906,2,0.9375,2,1.0000,2,0.9375,2,0.9531,2,0.9063,2,0.1875,2,0.0000,0,0.0000,0
10557611.0,2619.664090,9625.422375,12245.086465,1299,551,0.00,0.6578,0.4125,8,0,2,50,0.025000,1.0000,2,0.9375,2,0.9375,2,1.0000,2,0.9375,2,0.9531,2,0.6250,2,0.1875,2,0.0000,0,0.0000,0
10557885.0,2619.878338,9626.235783,12246.114121,1300,552,0.00,0.6719,0.4125,8,0,2,50,0.025000,1.0000,2,0.8906,2,0.9375,2,1.0000,2,0.9375,2,0.9531,2,0.8125,2,0.1875,2,0.0000,0,0.0000,0
10559926.0,2621.435546,9632.068442,12253.503988,1301,553,0.00,0.6188,0.3875,8,0,2,50,0.025000,1.0000,2,0.8906,2,0.9375,2,1.0000,2,0.9375,2,0.3750,2,0.6250,2,0.4219,2,0.0000,0,0.0000,0
10561140.0,2622.350261,9635.538458,12257.888720,1302,553,0.00,0.6234,0.4000,8,0,2,50,0.025000,1.0000,2,0.9375,2,0.9375,2,1.0000,2,0.9375,2,0.3750,2,0.6250,2,0.4219,2,0.0000,0,0.0000,0
10561410.0,2622.554125,9636.318983,12258.873109,1303,553,0.00,0.6234,0.4000,8,0,2,50,0.025000,1.0000,2,0.9375,2,0.9375,2,1.0000,2,0.9375,2,0.3750,2,0.6250,2,0.4219,2,0.0000,0,0.0000,0
10561659.0,2622.742436,9637.045033,12259.787470,1304,553,0.00,0.6234,0.4000,8,0,2,50,0.025000,1.0000,2,0.9375,2,0.9375,2,1.0000,2,0.9375,2,0.3750,2,0.6250,2,0.4219,2,0.0000,0,0.0000,0
10562001.0,2623.000080,9638.031283,12261.031363,1305,553,0.00,0.6453,0.3750,8,0,2,50,0.025000,1.0000,2,0.8906,2,0.9375,2,1.0000,2,0.9375,2,0.8750,2,0.6250,2,0.1875,2,0.0000,0,0.0000,0
10562078.0,2623.059688,9638.245600,12261.305288,1306,554,0.00,0.6578,0.3875,8,0,2,50,0.025000,1.0000,2,0.8906,2,0.9375,2,1.0000,2,0.9375,2,1.0000,2,0.6250,2,0.1875,2,0.0000,0,0.0000,0
10562577.0,2623.434109,9639.671908,12263.106018,1307,554,0.00,0.6578,0.3875,8,0,2,50,0.025000,1.0000,2,0.8906,2,0.9375,2,1.0000,2,0.9375,2,0.5000,2,0.6250,2,0.6875,2,0.0000,0,0.0000,0
10562578.0,2623.434893,9639.674767,12263.109660,1308,554,0.00,0.7078,0.3875,8,0,2,50,0.025000,1.0000,2,0.8906,2,0.9375,2,1.0000,2,0.9375,2,1.0000,2,0.6250,2,0.6875,2,0.0000,0,0.0000,0
10562578.0,2623.435393,9639.674767,12263.110160,1309,554,0.00,0.7578,0.3875,9,0,1,51,0.025500,1.0000,2,0.8906,2,0.9375,2,1.0000,2,0.9375,2,1.0000,2,0.6250,2,0.6875,2,0.5000,2,0.0000,0
10563307.0,2624.000742,9641.770425,12265.771167,1310,555,0.00,0.6313,0.4000,8,0,2,51,0.025500,1.0000,2,0.8906,2,0.9375,2,1.0000,2,0.9375,2,0.5000,2,0.8594,2,0.1875,2,0.0000,0,0.0000,0
10564588.0,2624.978394,9645.528025,12270.506419,1311,555,0.00,0.6359,0.4125,8,0,2,51,0.025500,1.0000,2,0.9375,2,0.9375,2,1.0000,2,0.9375,2,0.5000,2,0.8594,2,0.1875,2,0.0000,0,0.0000,0
10565349.0,2625.558522,9647.767042,12273.325563,1312,556,0.00,0.6266,0.3875,8,0,2,51,0.025500,1.0000,2,0.8906,2,0.9375,2,1.0000,2,0.9375,2,0.6875,2,0.6250,2,0.1875,2,0.0000,0,0.0000,0
10565357.0,2625.564598,9647.789908,12273.354506,1313,557,0.00,0.6453,0.3875,8,0,2,51,0.025500,1.0000,2,0.8906,2,0.9375,2,1.0000,2,0.9375,2,0.8750,2,0.6250,2,0.1875,2,0.0000,0,0.0000,0
10565708.0,2625.833445,9648.793183,12274.626629,1314,558,0.00,0.6313,0.4000,8,0,2,51,0.025500,1.0000,2,0.8906,2,0.9375,2,1.0000,2,0.9375,2,0.5000,2,0.8594,2,0.1875,2,0.0000,0,0.0000,0
10567150.0,2626.933265,9653.015775,12279.949040,1315,559,0.00,0.6391,0.4000,8,0,2,51,0.025500,1.0000,2,0.8906,2,0.9375,2,1.0000,2,0.8438,2,0.6719,2,0.8594,2,0.1875,2,0.0000,0,0.0000,0
10567172.0,2626.950189,9653.080308,12280.030497,1316,560,0.00,0.6563,0.4125,8,0,2,51,0.025500,1.0000,2,0.8906,2,0.9375,2,1.0000,2,0.8438,2,0.8438,2,0.8594,2,0.1875,2,0.0000,0,0.0000,0
10567375.0,2627.109064,9653.691000,12280.800064,1317,561,0.00,0.6813,0.4250,8,0,2,51,0.025500,1.0000,2,0.8906,2,0.9375,2,1.0000,2,0.8438,2,0.8438,2,0.8594,2,0.4375,2,0.0000,0,0.0000,0
10567505.0,2627.211293,9654.083958,12281.295252,1318,561,0.00,0.6609,0.4250,8,0,2,51,0.025500,1.0000,2,0.9375,2,0.9375,2,1.0000,2,0.8438,2,0.8438,2,0.8594,2,0.1875,2,0.0000,0,0.0000,0
10567539.0,2627.238027,9654.188792,12281.426819,1319,562,0.00,0.6859,0.4375,8,0,2,51,0.025500,1.0000,2,0.9375,2,0.9375,2,1.0000,2,0.8438,2,0.8438,2,0.8594,2,0.4375,2,0.0000,0,0.0000,0
10567597.0,2627.284759,9654.371975,12281.656734,1320,563,0.00,0.7047,0.4500,8,0,2,51,0.025500,1.0000,2,0.9375,2,0.9375,2,1.0000,2,0.8438,2,0.8438,2,0.8594,2,0.6250,2,0.0000,0,0.0000,0
10568396.0,2627.911891,9656.751183,12284.663075,1321,563,0.00,0.6344,0.4000,8,0,2,51,0.025500,1.0000,2,0.9375,2,0.9375,2,1.0000,2,0.8438,2,0.3750,2,0.6250,2,0.6250,2,0.0000,0,0.0000,0
10569337.0,2628.621566,9659.460525,12288.082091,1322,563,0.00,0.6094,0.4000,8,0,2,51,0.025500,1.0000,2,0.9375,2,0.9375,2,1.0000,2,0.8438,2,0.3750,2,0.3750,2,0.6250,2,0.0000,0,0.0000,0
10570778.0,2629.683941,9663.559508,12293.243450,1323,563,0.00,0.5984,0.3875,8,0,2,51,0.025500,1.0000,2,0.8906,2,0.9375,2,1.0000,2,0.8438,2,0.5625,2,0.3750,2,0.3750,2,0.0000,0,0.0000,0
10571117.0,2629.934013,9664.528483,12294.462496,1324,563,0.00,0.6031,0.4000,8,0,2,51,0.025500,1.0000,2,0.9375,2,0.9375,2,1.0000,2,0.8438,2,0.5625,2,0.3750,2,0.3750,2,0.0000,0,0.0000,0
10576207.0,2633.627715,9678.793600,12312.421315,1325,563,0.00,0.5844,0.3875,8,0,2,51,0.025500,1.0000,2,0.9375,2,0.9375,2,1.0000,2,0.8438,2,0.3750,2,0.3750,2,0.3750,2,0.0000,0,0.0000,0
10576660.0,2633.956244,9680.074400,12314.030644,1326,563,0.00,0.5844,0.3875,8,0,2,51,0.025500,1.0000,2,0.9375,2,0.9375,2,1.0000,2,0.8438,2,0.3750,2,0.3750,2,0.3750,2,0.0000,0,0.0000,0
10577946.0,2634.887039,9683.672292,12318.559331,1327,563,0.00,0.5844,0.3875,8,0,2,51,0.025500,1.0000,2,0.9375,2,0.9375,2,1.0000,2,0.8438,2,0.3750,2,0.3750,2,0.3750,2,0.0000,0,0.0000,0
10579100.0,2635.722531,9686.905783,12322.628315,1328,563,0.00,0.5844,0.3875,8,0,2,51,0.025500,1.0000,2,0.9375,2,0.9375,2,1.0000,2,0.8438,2,0.3750,2,0.3750,2,0.3750,2,0.0000,0,0.0000,0
10579946.0,2636.335309,9689.281933,12325.617242,1329,563,0.00,0.5844,0.3875,8,0,2,51,0.025500,1.0000,2,0.9375,2,0.9375,2,1.0000,2,0.8438,2,0.3750,2,0.3750,2,0.3750,2,0.0000,0,0.0000,0
10580436.0,2636.690673,9690.667367,12327.358039,1330,563,0.00,0.5844,0.3875,8,0,2,51,0.025500,1.0000,2,0.9375,2,0.9375,2,1.0000,2,0.8438,2,0.3750,2,0.3750,2,0.3750,2,0.0000,0,0.0000,0
10582475.0,2638.166053,9696.363133,12334.529186,1331,564,0.00,0.5984,0.3875,8,0,2,51,0.025500,1.0000,2,0.8906,2,0.9375,2,1.0000,2,0.8438,2,0.5625,2,0.3750,2,0.3750,2,0.0000,0,0.0000,0
10584862.0,2639.897295,9702.995550,12342.892845,1332,564,0.00,0.5719,0.3750,8,0,2,51,0.025500,1.0000,2,0.9375,2,0.9375,2,0.8750,2,0.8438,2,0.5625,2,0.3750,2,0.1875,2,0.0000,0,0.0000,0
10585655.0,2640.464068,9705.165308,12345.629376,1333,565,0.00,0.5734,0.3750,8,0,2,51,0.025500,1.0000,2,0.9531,2,0.9375,2,0.8750,2,0.8438,2,0.5625,2,0.3750,2,0.1875,2,0.0000,0,0.0000,0
10586479.0,2641.055889,9707.458775,12348.514664,1334,565,0.00,0.6234,0.3750,8,0,2,51,0.025500,1.0000,2,0.9531,2,0.9375,2,0.8750,2,0.8438,2,0.5625,2,0.8750,2,0.1875,2,0.0000,0,0.0000,0
10587516.0,2641.807342,9710.345092,12352.152434,1335,565,0.00,0.5781,0.3875,8,0,2,51,0.025500,1.0000,2,1.0000,2,0.9375,2,0.8750,2,0.8438,2,0.5625,2,0.3750,2,0.1875,2,0.0000,0,0.0000,0
10594554.0,2646.831482,9729.575917,12376.407398,1336,565,0.00,0.5531,0.3625,8,0,2,51,0.025500,1.0000,2,0.8906,2,0.9844,2,0.8750,2,0.8438,2,0.3750,2,0.3750,2,0.1875,2,0.0000,0,0.0000,0
10594953.0,2647.111226,9730.645742,12377.756968,1337,566,0.00,0.5672,0.3625,8,0,2,51,0.025500,1.0000,2,0.8906,2,0.9375,2,0.8750,2,0.8438,2,0.5625,2,0.3750,2,0.1875,2,0.0000,0,0.0000,0
10596141.0,2647.958708,9733.863242,12381.821949,1338,566,0.00,0.5719,0.3750,8,0,2,51,0.025500,1.0000,2,0.9375,2,0.9375,2,0.8750,2,0.8438,2,0.5625,2,0.3750,2,0.1875,2,0.0000,0,0.0000,0
10596156.0,2647.969463,9733.904992,12381.874455,1339,567,0.00,0.5844,0.3875,8,0,2,51,0.025500,1.0000,2,0.9375,2,0.9375,2,1.0000,2,0.8438,2,0.5625,2,0.3750,2,0.1875,2,0.0000,0,0.0000,0
10597038.0,2648.608060,9736.376992,12384.985051,1340,568,0.00,0.5859,0.3875,8,0,2,51,0.025500,1.0000,2,0.9531,2,0.9375,2,1.0000,2,0.8438,2,0.5625,2,0.3750,2,0.1875,2,0.0000,0,0.0000,0
10598857.0,2649.913867,9741.438000,12391.351867,1341,568,0.00,0.5656,0.3750,8,0,2,51,0.025500,1.0000,2,0.7500,2,0.9375,2,1.0000,2,0.8438,2,0.5625,2,0.3750,2,0.1875,2,0.0000,0,0.0000,0
10600199.0,2650.865529,9745.089983,12395.955513,1342,568,0.00,0.5656,0.3750,8,0,2,51,0.025500,1.0000,2,0.7500,2,0.9375,2,1.0000,2,0.8438,2,0.5625,2,0.3750,2,0.1875,2,0.0000,0,0.0000,0
10600473.0,2651.060408,9745.847442,12396.907849,1343,569,0.00,0.5797,0.3750,8,0,2,51,0.025500,1.0000,2,0.8906,2,0.9375,2,1.0000,2,0.8438,2,0.5625,2,0.3750,2,0.1875,2,0.0000,0,0.0000,0
10602255.0,2652.348955,9750.807342,12403.156296,1344,570,0.00,0.6047,0.3750,8,0,2,51,0.025500,1.0000,2,0.8906,2,0.9375,2,1.0000,2,0.8438,2,0.8125,2,0.3750,2,0.1875,2,0.0000,0,0.0000,0
10602456.0,2652.496435,9751.366792,12403.863226,1345,571,0.00,0.5984,0.3875,8,0,2,51,0.025500,1.0000,2,0.8906,2,0.9375,2,1.0000,2,0.8438,2,0.7500,2,0.3750,2,0.1875,2,0.0000,0,0.0000,0
10602557.0,2652.570240,9751.650083,12404.220323,1346,571,0.00,0.5906,0.3875,8,0,2,51,0.025500,1.0000,2,0.9375,2,0.9375,2,0.8750,2,0.8438,2,0.7500,2,0.3750,2,0.1875,2,0.0000,0,0.0000,0
10602939.0,2652.848970,9752.726742,12405.575711,1347,572,0.00,0.5969,0.3875,8,0,2,51,0.025500,1.0000,2,0.8906,2,0.9375,2,0.9844,2,0.8438,2,0.7500,2,0.3750,2,0.1875,2,0.0000,0,0.0000,0
10603141.0,2652.997734,9753.304125,12406.301859,1348,573,0.00,0.6141,0.4000,8,0,2,51,0.025500,1.0000,2,0.8906,2,0.9375,2,0.9844,2,0.8438,2,0.9219,2,0.3750,2,0.1875,2,0.0000,0,0.0000,0
10603497.0,2653.264672,9754.348392,12407.613064,1349,574,0.00,0.6391,0.4000,8,0,2,51,0.025500,1.0000,2,0.8906,2,0.9375,2,0.9844,2,0.8438,2,0.9219,2,0.6250,2,0.1875,2,0.0000,0,0.0000,0
10603535.0,2653.293905,9754.459858,12407.753763,1350,575,0.00,0.6672,0.4125,8,0,2,51,0.025500,1.0000,2,0.8906,2,0.9375,2,0.9844,2,0.8438,2,0.9219,2,0.9063,2,0.1875,2,0.0000,0,0.0000,0
10604208.0,2653.810367,9756.398592,12410.208959,1351,576,0.00,0.6484,0.4000,8,0,2,51,0.025500,1.0000,2,0.8906,2,0.9375,2,0.9844,2,0.8438,2,0.5625,2,0.9063,2,0.3594,2,0.0000,0,0.0000,0
10604532.0,2654.048190,9757.315617,12411.363807,1352,576,0.00,0.5828,0.3875,8,0,2,51,0.025500,1.0000,2,0.9375,2,0.9375,2,0.9844,2,0.8438,2,0.5625,2,0.3750,2,0.1875,2,0.0000,0,0.0000,0
10604707.0,2654.175076,9757.814175,12411.989251,1353,577,0.00,0.5953,0.3875,8,0,2,51,0.025500,1.0000,2,0.8906,2,0.9375,2,0.9844,2,0.8438,2,0.7344,2,0.3750,2,0.1875,2,0.0000,0,0.0000,0
10605236.0,2654.562816,9759.319483,12413.882300,1354,578,0.00,0.5922,0.3875,8,0,2,51,0.025500,1.0000,2,0.8906,2,0.9375,2,0.9844,2,0.9844,2,0.5625,2,0.3750,2,0.1875,2,0.0000,0,0.0000,0
10605761.0,2654.943266,9760.790783,12415.734050,1355,579,0.00,0.5969,0.3875,8,0,2,51,0.025500,1.0000,2,0.8906,2,0.9375,2,0.9844,2,0.8438,2,0.7500,2,0.3750,2,0.1875,2,0.0000,0,0.0000,0
10606214.0,2655.276882,9762.085608,12417.362490,1356,580,0.00,0.6141,0.4000,8,0,2,51,0.025500,1.0000,2,0.8906,2,0.9375,2,0.9844,2,0.8438,2,0.9219,2,0.3750,2,0.1875,2,0.0000,0,0.0000,0
10606251.0,2655.304626,9762.194142,12417.498767,1357,581,0.00,0.6313,0.4125,8,0,2,51,0.025500,1.0000,2,0.8906,2,0.9375,2,0.9844,2,0.8438,2,0.9219,2,0.5469,2,0.1875,2,0.0000,0,0.0000,0
10606253.0,2655.306152,9762.200158,12417.506310,1358,582,0.00,0.6484,0.4250,8,0,2,51,0.025500,1.0000,2,0.8906,2,0.9375,2,0.9844,2,0.8438,2,0.9219,2,0.7188,2,0.1875,2,0.0000,0,0.0000,0
10606258.0,2655.310035,9762.215575,12417.525610,1359,583,0.00,0.6656,0.4375,8,0,2,51,0.025500,1.0000,2,0.8906,2,0.9375,2,0.9844,2,0.8438,2,0.9219,2,0.8906,2,0.1875,2,0.0000,0,0.0000,0
10606419.0,2655.437214,9762.724067,12418.161280,1360,584,0.00,0.6781,0.4500,8,0,2,51,0.025500,1.0000,2,0.8906,2,0.9375,2,0.9844,2,0.9688,2,0.9219,2,0.8906,2,0.1875,2,0.0000,0,0.0000,0
10606788.0,2655.732285,9763.917167,12419.649452,1361,584,0.00,0.6828,0.4625,8,0,2,51,0.025500,1.0000,2,0.9375,2,0.9375,2,0.9844,2,0.9688,2,0.9219,2,0.8906,2,0.1875,2,0.0000,0,0.0000,0
10607376.0,2656.193084,9765.776442,12421.969525,1362,584,0.00,0.6500,0.4375,8,0,2,51,0.025500,1.0000,2,0.9531,2,0.9375,2,0.9844,2,0.9688,2,0.7500,2,0.7188,2,0.1875,2,0.0000,0,0.0000,0
10607398.0,2656.210195,9765.845925,12422.056120,1363,584,0.00,0.6547,0.4500,8,0,2,51,0.025500,1.0000,2,1.0000,2,0.9375,2,0.9844,2,0.9688,2,0.7500,2,0.7188,2,0.1875,2,0.0000,0,0.0000,0
10607576.0,2656.348572,9766.410058,12422.758631,1364,584,0.00,0.6484,0.4375,8,0,2,51,0.025500,1.0000,2,0.8906,2,0.9844,2,0.9844,2,0.9688,2,0.7500,2,0.7188,2,0.1875,2,0.0000,0,0.0000,0
10607608.0,2656.373422,9766.511125,12422.884547,1365,584,0.00,0.6656,0.4500,8,0,2,51,0.025500,1.0000,2,0.8906,2,0.9844,2,0.9844,2,0.9688,2,0.9219,2,0.7188,2,0.1875,2,0.0000,0,0.0000,0
10607623.0,2656.385271,9766.559625,12422.944896,1366,585,0.00,0.6828,0.4625,8,0,2,51,0.025500,1.0000,2,0.8906,2,0.9844,2,0.9844,2,0.9688,2,0.9219,2,0.8906,2,0.1875,2,0.0000,0,0.0000,0
10607663.0,2656.417403,9766.691958,12423.109361,1367,585,0.00,0.6875,0.4750,8,0,2,51,0.025500,1.0000,2,0.9375,2,0.9844,2,0.9844,2,0.9688,2,0.9219,2,0.8906,2,0.1875,2,0.0000,0,0.0000,0
10607957.0,2656.644469,9767.604983,12424.249453,1368,585,0.00,0.6297,0.4250,8,0,2,51,0.025500,1.0000,2,0.9375,2,0.9375,2,0.9844,2,0.9688,2,0.5625,2,0.7188,2,0.1875,2,0.0000,0,0.0000,0
10608029.0,2656.699284,9767.826008,12424.525293,1369,585,0.00,0.6297,0.4250,8,0,2,51,0.025500,1.0000,2,0.9375,2,0.9375,2,0.9844,2,0.9688,2,0.5625,2,0.7188,2,0.1875,2,0.0000,0,0.0000,0
10608060.0,2656.722906,9767.921592,12424.644497,1370,586,0.00,0.6484,0.4250,8,0,2,51,0.025500,1.0000,2,0.9375,2,0.9375,2,0.9844,2,0.9688,2,0.7500,2,0.7188,2,0.1875,2,0.0000,0,0.0000,0
10608064.0,2656.726012,9767.933925,12424.659937,1371,587,0.00,0.6766,0.4375,8,0,2,51,0.025500,1.0000,2,0.9375,2,0.9375,2,0.9844,2,0.9688,2,0.7500,2,1.0000,2,0.1875,2,0.0000,0,0.0000,0
10608152.0,2656.796038,9768.206983,12425.003021,1372,588,0.00,0.6906,0.4250,8,0,2,51,0.025500,1.0000,2,0.8906,2,0.9375,2,0.9844,2,0.9688,2,0.9375,2,1.0000,2,0.1875,2,0.0000,0,0.0000,0
10608654.0,2657.198881,9769.735392,12426.934273,1373,588,0.00,0.7234,0.4125,8,0,2,51,0.025500,1.0000,2,0.8906,2,0.9375,2,0.9844,2,0.9688,2,0.9375,2,0.8281,2,0.6875,2,0.0000,0,0.0000,0
10608655.0,2657.200216,9769.738400,12426.938616,1374,588,0.00,0.7734,0.4125,9,0,1,52,0.026000,1.0000,2,0.8906,2,0.9375,2,0.9844,2,0.9688,2,0.9375,2,0.8281,2,0.6875,2,0.5000,2,0.0000,0
10608731.0,2657.268946,9769.972100,12427.241046,1375,588,0.00,0.7797,0.4250,9,0,1,52,0.026000,1.0000,2,0.9531,2,0.9375,2,0.9844,2,0.9688,2,0.9375,2,0.8281,2,0.6875,2,0.5000,2,0.0000,0
10608824.0,2657.352180,9770.265050,12427.617230,1376,589,0.00,0.6969,0.4375,8,1,1,52,0.026000,1.0000,2,0.9531,2,0.9375,2,0.9844,2,0.9688,2,0.9375,2,1.0000,2,0.1875,2,0.0000,1,0.0000,0
10608911.0,2657.422788,9770.540692,12427.963480,1377,590,0.00,0.6953,0.4500,8,0,2,52,0.026000,1.0000,2,0.9531,2,0.9375,2,0.9844,2,0.9688,2,0.7500,2,1.0000,2,0.3594,2,0.0000,0,0.0000,0
10608922.0,2657.431732,9770.576258,12428.007990,1378,590,0.00,0.7000,0.4625,8,0,2,52,0.026000,1.0000,2,1.0000,2,0.9375,2,0.9844,2,0.9688,2,0.7500,2,1.0000,2,0.3594,2,0.0000,0,0.0000,0
10609035.0,2657.523074,9770.946875,12428.469949,1379,591,0.00,0.6906,0.4500,8,0,2,52,0.026000,1.0000,2,1.0000,2,0.9375,2,0.9844,2,0.9688,2,0.9375,2,0.7188,2,0.3594,2,0.0000,0,0.0000,0
10609680.0,2658.007501,9772.828825,12430.836326,1380,591,0.00,0.6016,0.4000,8,0,2,52,0.026000,1.0000,2,0.9531,2,0.9375,2,0.9844,2,0.8438,2,0.5625,2,0.5469,2,0.1875,2,0.0000,0,0.0000,0
10609831.0,2658.119257,9773.271758,12431.391015,1381,591,0.00,0.6516,0.4000,8,0,2,52,0.026000,1.0000,2,0.9531,2,0.9375,2,0.9844,2,0.8438,2,0.5625,2,0.5469,2,0.6875,2,0.0000,0,0.0000,0
10609831.0,2658.119757,9773.271758,12431.391515,1382,591,0.00,0.7016,0.4000,9,0,1,53,0.026500,1.0000,2,0.9531,2,0.9375,2,0.9844,2,0.8438,2,0.5625,2,0.5469,2,0.6875,2,0.5000,2,0.0000,0
10609833.0,2658.121454,9773.277758,12431.399212,1383,591,0.00,0.7516,0.4000,9,0,1,53,0.026500,1.0000,2,0.9531,2,0.9375,2,0.9844,2,0.8438,2,0.5625,2,0.5469,2,0.6875,2,1.0000,2,0.0000,0
10610123.0,2658.359687,9774.140892,12432.500578,1384,592,0.00,0.6266,0.4000,8,0,2,53,0.026500,1.0000,2,0.9531,2,0.9375,2,0.9844,2,0.8438,2,0.8125,2,0.5469,2,0.1875,2,0.0000,0,0.0000,0
10610472.0,2658.624769,9775.164625,12433.789394,1385,592,0.00,0.6313,0.4125,8,0,2,53,0.026500,1.0000,2,1.0000,2,0.9375,2,0.9844,2,0.8438,2,0.8125,2,0.5469,2,0.1875,2,0.0000,0,0.0000,0
10610584.0,2658.710137,9775.499308,12434.209446,1386,592,0.00,0.6313,0.4125,8,0,2,53,0.026500,1.0000,2,0.9531,2,0.9844,2,0.9844,2,0.8438,2,0.8125,2,0.5469,2,0.1875,2,0.0000,0,0.0000,0
10610643.0,2658.755166,9775.676800,12434.431966,1387,592,0.00,0.6359,0.4250,8,0,2,53,0.026500,1.0000,2,1.0000,2,0.9844,2,0.9844,2,0.8438,2,0.8125,2,0.5469,2,0.1875,2,0.0000,0,0.0000,0
10610689.0,2658.790441,9775.818633,12434.609074,1388,593,0.00,0.6641,0.4375,8,0,2,53,0.026500,1.0000,2,1.0000,2,0.9844,2,0.9844,2,0.8438,2,0.8125,2,0.8281,2,0.1875,2,0.0000,0,0.0000,0
10610690.0,2658.791229,9775.821792,12434.613021,1389,594,0.00,0.6922,0.4500,8,0,2,53,0.026500,1.0000,2,1.0000,2,0.9844,2,0.9844,2,0.8438,2,0.8125,2,0.8281,2,0.4688,2,0.0000,0,0.0000,0
10610791.0,2658.872924,9776.144758,12435.017682,1390,595,0.00,0.7109,0.4375,8,0,2,53,0.026500,1.0000,2,1.0000,2,0.9375,2,0.9844,2,0.8438,2,0.8125,2,0.8281,2,0.7031,2,0.0000,0,0.0000,0
10610840.0,2658.913357,9776.299517,12435.212874,1391,596,0.00,0.7281,0.4500,8,0,2,53,0.026500,1.0000,2,1.0000,2,0.9375,2,0.9844,2,0.8438,2,0.9844,2,0.8281,2,0.7031,2,0.0000,0,0.0000,0
10610930.0,2658.988826,9776.590517,12435.579343,1392,596,0.00,0.7297,0.4625,8,0,2,53,0.026500,1.0000,2,1.0000,2,0.9531,2,0.9844,2,0.8438,2,0.9844,2,0.8281,2,0.7031,2,0.0000,0,0.0000,0
10611007.0,2659.053187,9776.838133,12435.891321,1393,596,0.00,0.7297,0.4500,8,0,2,53,0.026500,1.0000,2,0.9531,2,0.9375,2,0.9844,2,0.9063,2,0.9844,2,0.8281,2,0.7031,2,0.0000,0,0.0000,0
10611220.0,2659.232056,9777.526833,12436.758889,1394,596,0.00,0.7344,0.4625,8,0,2,53,0.026500,1.0000,2,1.0000,2,0.9375,2,0.9844,2,0.9063,2,0.9844,2,0.8281,2,0.7031,2,0.0000,0,0.0000,0
10611619.0,2659.564197,9778.828033,12438.392230,1395,596,0.00,0.7094,0.4625,8,0,2,53,0.026500,1.0000,2,0.9531,2,0.9844,2,0.9844,2,0.9063,2,0.7344,2,0.8281,2,0.7031,2,0.0000,0,0.0000,0
10611842.0,2659.745627,9779.545017,12439.290644,1396,597,0.00,0.7094,0.4500,8,0,2,53,0.026500,1.0000,2,0.9531,2,0.9375,2,0.9844,2,0.9063,2,0.9531,2,0.6563,2,0.7031,2,0.0000,0,0.0000,0
10613212.0,2660.817331,9783.795733,12444.613064,1397,597,0.00,0.6188,0.4250,8,0,2,53,0.026500,1.0000,2,0.9531,2,1.0000,2,0.9844,2,0.9063,2,0.7813,2,0.3750,2,0.1875,2,0.0000,0,0.0000,0
10613388.0,2660.949942,9784.338400,12445.288342,1398,598,0.00,0.6359,0.4375,8,0,2,53,0.026500,1.0000,2,0.9531,2,1.0000,2,0.9844,2,0.9063,2,0.9531,2,0.3750,2,0.1875,2,0.0000,0,0.0000,0
10613616.0,2661.124033,9785.054300,12446.178333,1399,599,0.00,0.6469,0.4375,8,0,2,53,0.026500,1.0000,2,0.9531,2,1.0000,2,0.9844,2,0.9063,2,0.7813,2,0.6563,2,0.1875,2,0.0000,0,0.0000,0
10613645.0,2661.146518,9785.145892,12446.292410,1400,599,0.00,0.6531,0.4500,8,0,2,53,0.026500,1.0000,2,0.9531,2,1.0000,2,0.9844,2,0.9688,2,0.7813,2,0.6563,2,0.1875,2,0.0000,0,0.0000,0
10613853.0,2661.308369,9785.811750,12447.120119,1401,599,0.00,0.6453,0.4375,8,0,2,53,0.026500,1.0000,2,1.0000,2,0.9375,2,0.9844,2,0.9063,2,0.7813,2,0.6563,2,0.1875,2,0.0000,0,0.0000,0
10614075.0,2661.475319,9786.489950,12447.965269,1402,600,0.00,0.6359,0.4250,8,0,2,53,0.026500,1.0000,2,0.9531,2,0.9375,2,0.9844,2,0.9063,2,0.7813,2,0.6094,2,0.1875,2,0.0000,0,0.0000,0
10614151.0,2661.533598,9786.724283,12448.257882,1403,601,0.00,0.6531,0.4375,8,0,2,53,0.026500,1.0000,2,0.9531,2,0.9375,2,0.9844,2,0.9063,2,0.9531,2,0.6094,2,0.1875,2,0.0000,0,0.0000,0
10614293.0,2661.643118,9787.165642,12448.808760,1404,601,0.00,0.6406,0.4375,8,0,2,53,0.026500,1.0000,2,1.0000,2,0.9375,2,0.9844,2,0.9063,2,0.7813,2,0.6094,2,0.1875,2,0.0000,0,0.0000,0
10615260.0,2662.388178,9790.219750,12452.607928,1405,601,0.00,0.6453,0.4500,8,0,2,53,0.026500,1.0000,2,1.0000,2,0.9844,2,0.9844,2,0.9063,2,0.7813,2,0.6094,2,0.1875,2,0.0000,0,0.0000,0
10615424.0,2662.515136,9790.750017,12453.265152,1406,601,0.00,0.6453,0.4500,8,0,2,53,0.026500,1.0000,2,1.0000,2,0.9375,2,0.9844,2,0.9531,2,0.7813,2,0.6094,2,0.1875,2,0.0000,0,0.0000,0
10615584.0,2662.638949,9791.266375,12453.905324,1407,601,0.00,0.6453,0.4500,8,0,2,53,0.026500,1.0000,2,1.0000,2,0.9844,2,0.9844,2,0.9063,2,0.7813,2,0.6094,2,0.1875,2,0.0000,0,0.0000,0
10616233.0,2663.132651,9793.297008,12456.429660,1408,601,0.00,0.6234,0.4375,8,0,2,53,0.026500,1.0000,2,1.0000,2,0.9375,2,0.9844,2,0.9531,2,0.5625,2,0.6094,2,0.1875,2,0.0000,0,0.0000,0
10616771.0,2663.538055,9794.960342,12458.498396,1409,602,0.00,0.6156,0.4250,8,0,2,53,0.026500,1.0000,2,1.0000,2,0.9688,2,0.9844,2,0.8438,2,0.5625,2,0.6094,2,0.1875,2,0.0000,0,0.0000,0
10617324.0,2663.953381,9796.665425,12460.618806,1410,602,0.00,0.6219,0.4375,8,0,2,53,0.026500,1.0000,2,1.0000,2,0.9688,2,0.9844,2,0.9063,2,0.5625,2,0.6094,2,0.1875,2,0.0000,0,0.0000,0
10617651.0,2664.200167,9797.692125,12461.892292,1411,603,0.00,0.6438,0.4375,8,0,2,53,0.026500,1.0000,2,1.0000,2,0.9688,2,0.9844,2,0.8438,2,0.8438,2,0.6094,2,0.1875,2,0.0000,0,0.0000,0
10617680.0,2664.222582,9797.783717,12462.006298,1412,603,0.00,0.6500,0.4500,8,0,2,53,0.026500,1.0000,2,1.0000,2,0.9688,2,0.9844,2,0.9063,2,0.8438,2,0.6094,2,0.1875,2,0.0000,0,0.0000,0
10617694.0,2664.233470,9797.828983,12462.062454,1413,603,0.00,0.6563,0.4625,8,0,2,53,0.026500,1.0000,2,1.0000,2,0.9688,2,0.9844,2,0.9688,2,0.8438,2,0.6094,2,0.1875,2,0.0000,0,0.0000,0
10617708.0,2664.244427,9797.875300,12462.119727,1414,603,0.00,0.6625,0.4750,8,0,2,53,0.026500,1.0000,2,1.0000,2,0.9688,2,0.9844,2,0.9688,2,0.9063,2,0.6094,2,0.1875,2,0.0000,0,0.0000,0
10618001.0,2664.473366,9798.838867,12463.312233,1415,603,0.00,0.6563,0.4625,8,0,2,53,0.026500,1.0000,2,1.0000,2,0.9688,2,0.9844,2,0.8438,2,0.9688,2,0.6094,2,0.1875,2,0.0000,0,0.0000,0
10618278.0,2664.683205,9799.729175,12464.412380,1416,603,0.00,0.6094,0.4500,8,0,2,53,0.026500,1.0000,2,1.0000,2,0.9688,2,0.9844,2,0.8906,2,0.6875,2,0.3750,2,0.1875,2,0.0000,0,0.0000,0
10619240.0,2665.395387,9802.736817,12468.132203,1417,603,0.00,0.6031,0.4375,8,0,2,53,0.026500,1.0000,2,1.0000,2,0.9688,2,0.9844,2,0.8906,2,0.6250,2,0.3750,2,0.1875,2,0.0000,0,0.0000,0
10619379.0,2665.498430,9803.175825,12468.674255,1418,604,0.00,0.6281,0.4500,8,0,2,53,0.026500,1.0000,2,1.0000,2,0.9688,2,0.9844,2,0.8906,2,0.8750,2,0.3750,2,0.1875,2,0.0000,0,0.0000,0
10619480.0,2665.574928,9803.495417,12469.070345,1419,605,0.00,0.6406,0.4500,8,0,2,53,0.026500,1.0000,2,1.0000,2,0.9688,2,0.9844,2,0.8438,2,0.8750,2,0.5469,2,0.1875,2,0.0000,0,0.0000,0
10619521.0,2665.606518,9803.627983,12469.234501,1420,605,0.00,0.6469,0.4625,8,0,2,53,0.026500,1.0000,2,1.0000,2,0.9688,2,0.9844,2,0.9063,2,0.8750,2,0.5469,2,0.1875,2,0.0000,0,0.0000,0
10619523.0,2665.608069,9803.634600,12469.242669,1421,606,0.00,0.6531,0.4750,8,0,2,53,0.026500,1.0000,2,1.0000,2,0.9688,2,0.9844,2,0.9688,2,0.8750,2,0.5469,2,0.1875,2,0.0000,0,0.0000,0
10619649.0,2665.705903,9804.053625,12469.759528,1422,607,0.00,0.6641,0.4750,8,0,2,53,0.026500,1.0000,2,1.0000,2,0.9688,2,0.9844,2,0.9063,2,0.8750,2,0.7188,2,0.1875,2,0.0000,0,0.0000,0
10619925.0,2665.920648,9804.970925,12470.891573,1423,607,0.00,0.6531,0.4750,8,0,2,53,0.026500,1.0000,2,1.0000,2,0.9688,2,0.9844,2,0.9688,2,0.8750,2,0.5469,2,0.1875,2,0.0000,0,0.0000,0
10620055.0,2666.021638,9805.404008,12471.425646,1424,607,0.00,0.6516,0.4750,8,0,2,53,0.026500,1.0000,2,1.0000,2,0.9688,2,0.9844,2,0.9063,2,0.9219,2,0.5469,2,0.1875,2,0.0000,0,0.0000,0
10620914.0,2666.683331,9808.237767,12474.921097,1425,608,0.00,0.6281,0.4500,8,0,2,53,0.026500,1.0000,2,1.0000,2,0.9688,2,0.9844,2,0.9063,2,0.6250,2,0.6094,2,0.1875,2,0.0000,0,0.0000,0
10620936.0,2666.700068,9808.308900,12475.008968,1426,609,0.00,0.6469,0.4625,8,0,2,53,0.026500,1.0000,2,1.0000,2,0.9688,2,0.9844,2,0.9063,2,0.8125,2,0.6094,2,0.1875,2,0.0000,0,0.0000,0
10620997.0,2666.747364,9808.510708,12475.258072,1427,610,0.00,0.6656,0.4750,8,0,2,53,0.026500,1.0000,2,1.0000,2,0.9688,2,0.9844,2,0.9063,2,1.0000,2,0.6094,2,0.1875,2,0.0000,0,0.0000,0
10621013.0,2666.760003,9808.564842,12475.324844,1428,610,0.00,0.6703,0.4875,8,0,2,53,0.026500,1.0000,2,1.0000,2,0.9688,2,0.9844,2,0.9531,2,1.0000,2,0.6094,2,0.1875,2,0.0000,0,0.0000,0
10621070.0,2666.805236,9808.761967,12475.567203,1429,611,0.00,0.6938,0.4875,8,0,2,53,0.026500,1.0000,2,1.0000,2,0.9688,2,0.9844,2,0.9531,2,1.0000,2,0.8438,2,0.1875,2,0.0000,0,0.0000,0
10621072.0,2666.806860,9808.768883,12475.575743,1430,612,0.00,0.7172,0.4875,8,0,2,53,0.026500,1.0000,2,1.0000,2,0.9688,2,0.9844,2,0.9531,2,1.0000,2,0.8438,2,0.4219,2,0.0000,0,0.0000,0
10621075.0,2666.809350,9808.779258,12475.588609,1431,612,0.00,0.7219,0.5000,8,0,2,53,0.026500,1.0000,2,1.0000,2,0.9688,2,0.9844,2,1.0000,2,1.0000,2,0.8438,2,0.4219,2,0.0000,0,0.0000,0
10621079.0,2666.812678,9808.793242,12475.605919,1432,612,0.00,0.7234,0.5000,8,0,2,53,0.026500,1.0000,2,1.0000,2,0.9688,2,0.9844,2,0.9531,2,1.0000,2,0.9063,2,0.4219,2,0.0000,0,0.0000,0
10621163.0,2666.882809,9809.090042,12475.972851,1433,613,0.00,0.7469,0.5000,8,0,2,53,0.026500,1.0000,2,1.0000,2,0.9688,2,0.9844,2,0.9531,2,1.0000,2,0.9063,2,0.6563,2,0.0000,0,0.0000,0
10621473.0,2667.144884,9810.143825,12477.288709,1434,614,0.00,0.7453,0.4875,8,0,2,53,0.026500,1.0000,2,1.0000,2,0.9688,2,0.9844,2,0.9063,2,1.0000,2,0.9375,2,0.6563,2,0.0000,0,0.0000,0
10621534.0,2667.196850,9810.354783,12477.551633,1435,614,0.00,0.7500,0.5000,8,0,2,53,0.026500,1.0000,2,1.0000,2,0.9688,2,0.9844,2,0.9531,2,1.0000,2,0.9375,2,0.6563,2,0.0000,0,0.0000,0
10621540.0,2667.201983,9810.375983,12477.577967,1436,615,0.00,0.7750,0.5125,8,0,2,53,0.026500,1.0000,2,1.0000,2,0.9688,2,0.9844,2,0.9531,2,1.0000,2,0.9375,2,0.9063,2,0.0000,0,0.0000,0
10621911.0,2667.525533,9811.678075,12479.203608,1437,615,0.00,0.7906,0.4875,9,0,1,54,0.027000,1.0000,2,1.0000,2,0.9375,2,0.9844,2,0.9063,2,1.0000,2,0.9375,2,0.9063,2,0.2344,2,0.0000,0
10622088.0,2667.680951,9812.284150,12479.965101,1438,615,0.00,0.7438,0.4750,8,0,2,54,0.027000,1.0000,2,1.0000,2,0.9844,2,0.9844,2,0.9063,2,0.8125,2,0.8438,2,0.9063,2,0.0000,0,0.0000,0
10622215.0,2667.788989,9812.713833,12480.502822,1439,615,0.00,0.7484,0.4875,8,0,2,54,0.027000,1.0000,2,1.0000,2,0.9844,2,0.9844,2,0.9531,2,0.8125,2,0.8438,2,0.9063,2,0.0000,0,0.0000,0
10622339.0,2667.894170,9813.129017,12481.023186,1440,616,0.00,0.7516,0.4750,8,0,2,54,0.027000,1.0000,2,1.0000,2,0.9375,2,0.9844,2,0.9531,2,0.8906,2,0.8438,2,0.9063,2,0.0000,0,0.0000,0
10622381.0,2667.930053,9813.271117,12481.201169,1441,616,0.00,0.7516,0.4750,9,0,1,55,0.027500,1.0000,2,1.0000,2,0.9375,2,0.9844,2,0.9531,2,0.8906,2,0.8438,2,0.6719,2,0.2344,2,0.0000,0
10622536.0,2668.067588,9813.805867,12481.873455,1442,616,0.00,0.7563,0.4875,9,0,1,55,0.027500,1.0000,2,1.0000,2,0.9844,2,0.9844,2,0.9531,2,0.8906,2,0.8438,2,0.6719,2,0.2344,2,0.0000,0
10622843.0,2668.325266,9814.831267,12483.156533,1443,616,0.00,0.7234,0.4625,8,0,2,55,0.027500,1.0000,2,1.0000,2,0.9375,2,0.9844,2,0.8438,2,0.9531,2,0.8438,2,0.6719,2,0.0000,0,0.0000,0
10622994.0,2668.450849,9815.323325,12483.774174,1444,616,0.00,0.7219,0.4625,8,0,2,55,0.027500,1.0000,2,1.0000,2,0.9844,2,0.9844,2,0.8438,2,0.8906,2,0.8438,2,0.6719,2,0.0000,0,0.0000,0
10623089.0,2668.529969,9815.635967,12484.165936,1445,616,0.00,0.7219,0.4625,8,0,2,55,0.027500,1.0000,2,1.0000,2,0.9375,2,0.9844,2,0.8906,2,0.8906,2,0.8438,2,0.6719,2,0.0000,0,0.0000,0
10623164.0,2668.592495,9815.884092,12484.476587,1446,616,0.00,0.7344,0.4750,8,0,2,55,0.027500,1.0000,2,1.0000,2,0.9375,2,0.9844,2,0.8906,2,0.8906,2,0.9688,2,0.6719,2,0.0000,0,0.0000,0
10623875.0,2669.167765,9818.186442,12487.354207,1447,617,0.00,0.6828,0.4500,8,0,2,55,0.027500,1.0000,2,1.0000,2,0.9375,2,0.9844,2,0.8438,2,0.8906,2,0.5000,2,0.6719,2,0.0000,0,0.0000,0
10623916.0,2669.200700,9818.319008,12487.519709,1448,617,0.00,0.6875,0.4625,8,0,2,55,0.027500,1.0000,2,1.0000,2,0.9844,2,0.9844,2,0.8438,2,0.8906,2,0.5000,2,0.6719,2,0.0000,0,0.0000,0
10623951.0,2669.228943,9818.434800,12487.663743,1449,617,0.00,0.6922,0.4750,8,0,2,55,0.027500,1.0000,2,1.0000,2,0.9844,2,0.9844,2,0.8906,2,0.8906,2,0.5000,2,0.6719,2,0.0000,0,0.0000,0
10623981.0,2669.253261,9818.536300,12487.789561,1450,617,0.00,0.6969,0.4875,8,0,2,55,0.027500,1.0000,2,1.0000,2,0.9844,2,0.9844,2,0.9375,2,0.8906,2,0.5000,2,0.6719,2,0.0000,0,0.0000,0
10623984.0,2669.255704,9818.546675,12487.802379,1451,617,0.00,0.6969,0.4875,8,0,2,55,0.027500,1.0000,2,1.0000,2,0.9375,2,0.9844,2,0.9844,2,0.8906,2,0.5000,2,0.6719,2,0.0000,0,0.0000,0
10624068.0,2669.324008,9818.835300,12488.159308,1452,618,0.00,0.7156,0.4875,8,0,2,55,0.027500,1.0000,2,1.0000,2,0.9375,2,0.9844,2,0.9375,2,0.8906,2,0.7344,2,0.6719,2,0.0000,0,0.0000,0
10624182.0,2669.418020,9819.219800,12488.637820,1453,618,0.00,0.7109,0.4750,8,0,2,55,0.027500,1.0000,2,1.0000,2,0.9844,2,0.9844,2,0.8438,2,0.8906,2,0.7344,2,0.6719,2,0.0000,0,0.0000,0
10624232.0,2669.459113,9819.387692,12488.846805,1454,618,0.00,0.7031,0.4750,8,0,2,55,0.027500,1.0000,2,1.0000,2,0.9844,2,0.9844,2,0.8906,2,0.8906,2,0.6094,2,0.6719,2,0.0000,0,0.0000,0
10624269.0,2669.489420,9819.512875,12489.002295,1455,618,0.00,0.7078,0.4875,8,0,2,55,0.027500,1.0000,2,1.0000,2,0.9844,2,0.9844,2,0.9375,2,0.8906,2,0.6094,2,0.6719,2,0.0000,0,0.0000,0
10624621.0,2669.775857,9820.665033,12490.440890,1456,618,0.00,0.6984,0.4625,8,0,2,55,0.027500,1.0000,2,1.0000,2,0.9375,2,0.9844,2,0.8906,2,0.8906,2,0.6094,2,0.6719,2,0.0000,0,0.0000,0
10624837.0,2669.947908,9821.375808,12491.323716,1457,618,0.00,0.6750,0.4625,8,0,2,55,0.027500,1.0000,2,1.0000,2,0.9844,2,0.9844,2,0.8438,2,0.8906,2,0.6094,2,0.4375,2,0.0000,0,0.0000,0
10625058.0,2670.123839,9822.101700,12492.225539,1458,618,0.00,0.6750,0.4625,8,0,2,55,0.027500,1.0000,2,1.0000,2,0.9375,2,0.9844,2,0.8906,2,0.8906,2,0.6094,2,0.4375,2,0.0000,0,0.0000,0
10625248.0,2670.274851,9822.720833,12492.995685,1459,618,0.00,0.6766,0.4625,8,0,2,55,0.027500,1.0000,2,1.0000,2,1.0000,2,0.9844,2,0.8438,2,0.8906,2,0.6094,2,0.4375,2,0.0000,0,0.0000,0
10625532.0,2670.501608,9823.660400,12494.162008,1460,618,0.00,0.6813,0.4750,8,0,2,55,0.027500,1.0000,2,1.0000,2,1.0000,2,0.9844,2,0.8906,2,0.8906,2,0.6094,2,0.4375,2,0.0000,0,0.0000,0
10625567.0,2670.529544,9823.778292,12494.307836,1461,618,0.00,0.6609,0.4750,8,0,2,55,0.027500,1.0000,2,1.0000,2,1.0000,2,0.9844,2,0.9375,2,0.8906,2,0.6094,2,0.1875,2,0.0000,0,0.0000,0
10625608.0,2670.561782,9823.917008,12494.478790,1462,618,0.00,0.6781,0.4875,8,0,2,55,0.027500,1.0000,2,1.0000,2,1.0000,2,0.9844,2,0.9375,2,0.8906,2,0.7813,2,0.1875,2,0.0000,0,0.0000,0
10625887.0,2670.783573,9824.854883,12495.638456,1463,618,0.00,0.6734,0.4750,8,0,2,55,0.027500,1.0000,2,1.0000,2,1.0000,2,0.9844,2,0.8906,2,0.8906,2,0.7813,2,0.1875,2,0.0000,0,0.0000,0
10625979.0,2670.856805,9825.166150,12496.022955,1464,618,0.00,0.6781,0.4875,8,0,2,55,0.027500,1.0000,2,1.0000,2,1.0000,2,0.9844,2,0.9375,2,0.8906,2,0.7813,2,0.1875,2,0.0000,0,0.0000,0
10626014.0,2670.884793,9825.287192,12496.171985,1465,618,0.00,0.6828,0.5000,8,0,2,55,0.027500,1.0000,2,1.0000,2,1.0000,2,0.9844,2,0.9844,2,0.8906,2,0.7813,2,0.1875,2,0.0000,0,0.0000,0
10626024.0,2670.892826,9825.322525,12496.215351,1466,618,0.00,0.6891,0.5125,8,0,2,55,0.027500,1.0000,2,1.0000,2,1.0000,2,0.9844,2,0.9844,2,0.9531,2,0.7813,2,0.1875,2,0.0000,0,0.0000,0
10626288.0,2671.103414,9826.222550,12497.325964,1467,618,0.00,0.6734,0.4750,8,0,2,55,0.027500,1.0000,2,1.0000,2,1.0000,2,0.9844,2,0.8438,2,0.9375,2,0.7813,2,0.1875,2,0.0000,0,0.0000,0
10626406.0,2671.197343,9826.621783,12497.819127,1468,618,0.00,0.6781,0.4875,8,0,2,55,0.027500,1.0000,2,1.0000,2,1.0000,2,0.9844,2,0.8906,2,0.9375,2,0.7813,2,0.1875,2,0.0000,0,0.0000,0
10626422.0,2671.210138,9826.677117,12497.887254,1469,619,0.00,0.6953,0.5000,8,0,2,55,0.027500,1.0000,2,1.0000,2,1.0000,2,0.9844,2,0.8906,2,0.9375,2,0.9531,2,0.1875,2,0.0000,0,0.0000,0
10626535.0,2671.301710,9827.070233,12498.371943,1470,619,0.00,0.7031,0.5000,8,0,2,55,0.027500,1.0000,2,1.0000,2,1.0000,2,0.9844,2,0.8906,2,0.8906,2,0.9531,2,0.3125,2,0.0000,0,0.0000,0
10626709.0,2671.442982,9827.668308,12499.111291,1471,620,0.00,0.7000,0.4875,8,0,2,55,0.027500,1.0000,2,1.0000,2,1.0000,2,0.9844,2,0.8438,2,0.8906,2,0.9531,2,0.3281,2,0.0000,0,0.0000,0
10626716.0,2671.448699,9827.692517,12499.141216,1472,620,0.00,0.7047,0.5000,8,0,2,55,0.027500,1.0000,2,1.0000,2,1.0000,2,0.9844,2,0.8906,2,0.8906,2,0.9531,2,0.3281,2,0.0000,0,0.0000,0
10626940.0,2671.631090,9828.460133,12500.091224,1473,621,0.00,0.7063,0.4875,8,0,2,55,0.027500,1.0000,2,1.0000,2,0.9375,2,0.9844,2,0.8438,2,0.8906,2,0.9531,2,0.4531,2,0.0000,0,0.0000,0
10626997.0,2671.677918,9828.657258,12500.335176,1474,621,0.00,0.7109,0.5000,8,0,2,55,0.027500,1.0000,2,1.0000,2,0.9844,2,0.9844,2,0.8438,2,0.8906,2,0.9531,2,0.4531,2,0.0000,0,0.0000,0
10627009.0,2671.687820,9828.699658,12500.387478,1475,621,0.00,0.7156,0.5125,8,0,2,55,0.027500,1.0000,2,1.0000,2,0.9844,2,0.9844,2,0.8906,2,0.8906,2,0.9531,2,0.4531,2,0.0000,0,0.0000,0
10627217.0,2671.859204,9829.429417,12501.288621,1476,621,0.00,0.7109,0.5000,8,0,2,55,0.027500,1.0000,2,1.0000,2,0.9375,2,0.9844,2,0.8906,2,0.8906,2,0.9531,2,0.4531,2,0.0000,0,0.0000,0
10627477.0,2672.073279,9830.338408,12502.411687,1477,622,0.00,0.7313,0.5000,8,0,2,55,0.027500,1.0000,2,1.0000,2,0.9375,2,0.9844,2,0.8438,2,0.8906,2,0.9531,2,0.7031,2,0.0000,0,0.0000,0
10627637.0,2672.205902,9830.895792,12503.101694,1478,622,0.00,0.7125,0.5000,8,0,2,55,0.027500,1.0000,2,1.0000,2,0.9844,2,0.9844,2,0.8438,2,0.8906,2,0.7188,2,0.7031,2,0.0000,0,0.0000,0
10627657.0,2672.222430,9830.966458,12503.188888,1479,623,0.00,0.7313,0.5125,8,0,2,55,0.027500,1.0000,2,1.0000,2,0.9844,2,0.9844,2,0.8438,2,0.8906,2,0.9063,2,0.7031,2,0.0000,0,0.0000,0
10627857.0,2672.389243,9831.678825,12504.068068,1480,623,0.00,0.7125,0.5000,8,0,2,55,0.027500,1.0000,2,1.0000,2,0.9375,2,0.9844,2,0.8906,2,0.8906,2,0.7188,2,0.7031,2,0.0000,0,0.0000,0
10628078.0,2672.571619,9832.454442,12505.026061,1481,623,0.00,0.7125,0.5000,8,0,2,55,0.027500,1.0000,2,1.0000,2,0.9844,2,0.9844,2,0.8438,2,0.8906,2,0.7188,2,0.7031,2,0.0000,0,0.0000,0
10628141.0,2672.623682,9832.677042,12505.300724,1482,623,0.00,0.7172,0.5125,8,0,2,55,0.027500,1.0000,2,1.0000,2,0.9844,2,0.9844,2,0.8906,2,0.8906,2,0.7188,2,0.7031,2,0.0000,0,0.0000,0
10628171.0,2672.648554,9832.784692,12505.433245,1483,623,0.00,0.7172,0.5125,8,0,2,55,0.027500,1.0000,2,1.0000,2,0.9375,2,0.9844,2,0.9375,2,0.8906,2,0.7188,2,0.7031,2,0.0000,0,0.0000,0
10628219.0,2672.688374,9832.957442,12505.645815,1484,623,0.00,0.7250,0.5125,8,0,2,55,0.027500,1.0000,2,1.0000,2,0.9375,2,0.9844,2,0.8906,2,0.8906,2,0.8438,2,0.7031,2,0.0000,0,0.0000,0
10628333.0,2672.781660,9833.351242,12506.132901,1485,623,0.00,0.6953,0.4875,8,0,2,55,0.027500,1.0000,2,1.0000,2,0.9844,2,0.9844,2,0.8438,2,0.8906,2,0.5469,2,0.7031,2,0.0000,0,0.0000,0
10628449.0,2672.875970,9833.752408,12506.628378,1486,623,0.00,0.7000,0.5000,8,0,2,55,0.027500,1.0000,2,1.0000,2,0.9844,2,0.9844,2,0.8906,2,0.8906,2,0.5469,2,0.7031,2,0.0000,0,0.0000,0
10628579.0,2672.981861,9834.208442,12507.190302,1487,624,0.00,0.7078,0.4875,8,0,2,55,0.027500,1.0000,2,1.0000,2,0.9375,2,0.9844,2,0.8906,2,0.8906,2,0.7969,2,0.5781,2,0.0000,0,0.0000,0
10628816.0,2673.176308,9835.016892,12508.193199,1488,624,0.00,0.7078,0.4875,8,0,2,55,0.027500,1.0000,2,1.0000,2,0.9844,2,0.9844,2,0.8438,2,0.8906,2,0.7969,2,0.5781,2,0.0000,0,0.0000,0
10629037.0,2673.357689,9835.772033,12509.129722,1489,625,0.00,0.7219,0.4875,8,0,2,55,0.027500,1.0000,2,1.0000,2,0.9375,2,0.9844,2,0.8438,2,0.8906,2,0.9844,2,0.5781,2,0.0000,0,0.0000,0
10629105.0,2673.414379,9836.007200,12509.421579,1490,626,0.00,0.7391,0.5000,8,0,2,55,0.027500,1.0000,2,1.0000,2,0.9375,2,0.9844,2,0.8438,2,0.8906,2,0.9844,2,0.7500,2,0.0000,0,0.0000,0
10629108.0,2673.416920,9836.017800,12509.434720,1491,627,0.00,0.7453,0.5125,8,0,2,55,0.027500,1.0000,2,1.0000,2,1.0000,2,0.9844,2,0.8438,2,0.8906,2,0.9844,2,0.7500,2,0.0000,0,0.0000,0
10629109.0,2673.417772,9836.021408,12509.439181,1492,627,0.00,0.7500,0.5250,8,0,2,55,0.027500,1.0000,2,1.0000,2,1.0000,2,0.9844,2,0.8906,2,0.8906,2,0.9844,2,0.7500,2,0.0000,0,0.0000,0
10629464.0,2673.720667,9837.314667,12511.035334,1493,627,0.00,0.7313,0.5125,8,0,2,55,0.027500,1.0000,2,1.0000,2,1.0000,2,0.9844,2,0.8906,2,0.8906,2,0.7969,2,0.7500,2,0.0000,0,0.0000,0
10629645.0,2673.872854,9837.967175,12511.840029,1494,627,0.00,0.7391,0.5125,8,0,2,55,0.027500,1.0000,2,1.0000,2,1.0000,2,0.9844,2,0.8438,2,0.8906,2,0.9219,2,0.7500,2,0.0000,0,0.0000,0
10629692.0,2673.912665,9838.136767,12512.049432,1495,627,0.00,0.7438,0.5250,8,0,2,55,0.027500,1.0000,2,1.0000,2,1.0000,2,0.9844,2,0.8906,2,0.8906,2,0.9219,2,0.7500,2,0.0000,0,0.0000,0
10630406.0,2674.510629,9840.668492,12515.179121,1496,627,0.00,0.7141,0.5000,8,0,2,55,0.027500,1.0000,2,1.0000,2,1.0000,2,0.9844,2,0.8906,2,0.8906,2,0.7969,2,0.5781,2,0.0000,0,0.0000,0
10630982.0,2674.985408,9842.664167,12517.649574,1497,628,0.00,0.7328,0.4875,8,0,2,55,0.027500,1.0000,2,1.0000,2,1.0000,2,0.9844,2,0.8438,2,0.8906,2,0.7969,2,0.8125,2,0.0000,0,0.0000,0
10631099.0,2675.082540,9843.068792,12518.151332,1498,628,0.00,0.7156,0.5000,8,0,2,55,0.027500,1.0000,2,1.0000,2,1.0000,2,0.9844,2,0.9063,2,0.8906,2,0.7969,2,0.5781,2,0.0000,0,0.0000,0
10631353.0,2675.289414,9843.947508,12519.236923,1499,628,0.00,0.7031,0.5000,8,0,2,55,0.027500,1.0000,2,1.0000,2,1.0000,2,0.9844,2,0.9688,2,0.7031,2,0.7969,2,0.5781,2,0.0000,0,0.0000,0
10632259.0,2676.027394,9847.092908,12523.120302,1500,628,0.00,0.7094,0.4500,9,0,1,56,0.028000,1.0000,2,0.9375,2,1.0000,2,0.9844,2,0.8438,2,0.7031,2,0.5469,2,0.5781,2,0.5000,2,0.0000,0
10632371.0,2676.123099,9847.462508,12523.585607,1501,629,0.00,0.7266,0.4500,9,0,1,56,0.028000,1.0000,2,0.9375,2,1.0000,2,0.9844,2,0.8438,2,0.8750,2,0.5469,2,0.5781,2,0.5000,2,0.0000,0
10632550.0,2676.268530,9848.040267,12524.308796,1502,629,0.00,0.6656,0.4500,8,0,2,56,0.028000,1.0000,2,1.0000,2,1.0000,2,0.9844,2,0.8438,2,0.8750,2,0.3750,2,0.5781,2,0.0000,0,0.0000,0
10633142.0,2676.736032,9849.952300,12526.688332,1503,630,0.00,0.6766,0.4500,8,0,2,56,0.028000,1.0000,2,1.0000,2,0.9375,2,0.9844,2,0.8438,2,0.8750,2,0.5469,2,0.5781,2,0.0000,0,0.0000,0
10633184.0,2676.769567,9850.088100,12526.857667,1504,631,0.00,0.6953,0.4500,8,0,2,56,0.028000,1.0000,2,1.0000,2,0.9375,2,0.9844,2,0.8438,2,0.8750,2,0.7344,2,0.5781,2,0.0000,0,0.0000,0
10633237.0,2676.812548,9850.258717,12527.071264,1505,631,0.00,0.6813,0.4375,8,0,2,56,0.028000,1.0000,2,1.0000,2,0.9375,2,0.9844,2,0.8438,2,0.8750,2,0.7344,2,0.4375,2,0.0000,0,0.0000,0
10633547.0,2677.054669,9851.214625,12528.269294,1506,632,0.00,0.6703,0.4250,8,0,2,56,0.028000,1.0000,2,0.9375,2,0.9375,2,0.9844,2,0.8438,2,0.7344,2,0.5469,2,0.7188,2,0.0000,0,0.0000,0
10633621.0,2677.113893,9851.442792,12528.556685,1507,632,0.00,0.7203,0.4250,9,0,1,57,0.028500,1.0000,2,0.9375,2,0.9375,2,0.9844,2,0.8438,2,0.7344,2,0.5469,2,0.7188,2,0.5000,2,0.0000,0
10633622.0,2677.114756,9851.445942,12528.560698,1508,632,0.00,0.7703,0.4250,9,0,1,57,0.028500,1.0000,2,0.9375,2,0.9375,2,0.9844,2,0.8438,2,0.7344,2,0.5469,2,0.7188,2,1.0000,2,0.0000,0
10634435.0,2677.775374,9853.955450,12531.730824,1509,633,0.00,0.6703,0.4250,8,0,2,57,0.028500,1.0000,2,0.9375,2,0.9375,2,0.9844,2,0.8438,2,0.9063,2,0.3750,2,0.7188,2,0.0000,0,0.0000,0
10634499.0,2677.826163,9854.152783,12531.978946,1510,634,0.00,0.6953,0.4375,8,0,2,57,0.028500,1.0000,2,0.9375,2,0.9375,2,0.9844,2,0.8438,2,0.9063,2,0.6250,2,0.7188,2,0.0000,0,0.0000,0
10634588.0,2677.898522,9854.433875,12532.332397,1511,634,0.00,0.7016,0.4500,8,0,2,57,0.028500,1.0000,2,1.0000,2,0.9375,2,0.9844,2,0.8438,2,0.9063,2,0.6250,2,0.7188,2,0.0000,0,0.0000,0
10634702.0,2677.991760,9854.802475,12532.794235,1512,634,0.00,0.7063,0.4625,8,0,2,57,0.028500,1.0000,2,1.0000,2,0.9844,2,0.9844,2,0.8438,2,0.9063,2,0.6250,2,0.7188,2,0.0000,0,0.0000,0
10635133.0,2678.344967,9856.210442,12534.555409,1513,635,0.00,0.7203,0.4625,8,0,2,57,0.028500,1.0000,2,1.0000,2,0.9375,2,0.9844,2,0.8438,2,0.9063,2,0.8125,2,0.7188,2,0.0000,0,0.0000,0
10635301.0,2678.484822,9856.766242,12535.251063,1514,635,0.00,0.7250,0.4750,8,0,2,57,0.028500,1.0000,2,1.0000,2,0.9844,2,0.9844,2,0.8438,2,0.9063,2,0.8125,2,0.7188,2,0.0000,0,0.0000,0
10635708.0,2678.819759,9858.097808,12536.917568,1515,635,0.00,0.6797,0.4500,8,0,2,57,0.028500,1.0000,2,1.0000,2,0.9375,2,0.9844,2,0.9063,2,0.9063,2,0.6250,2,0.4375,2,0.0000,0,0.0000,0
10636450.0,2679.412234,9860.490117,12539.902351,1516,635,0.00,0.6594,0.4500,8,0,2,57,0.028500,1.0000,2,1.0000,2,0.9844,2,0.9844,2,0.9063,2,0.9063,2,0.3750,2,0.4375,2,0.0000,0,0.0000,0
10636604.0,2679.532843,9860.982050,12540.514893,1517,635,0.00,0.6594,0.4500,8,0,2,57,0.028500,1.0000,2,1.0000,2,0.9375,2,0.9844,2,0.9531,2,0.9063,2,0.3750,2,0.4375,2,0.0000,0,0.0000,0
10636619.0,2679.544619,9861.030550,12540.575169,1518,635,0.00,0.6641,0.4625,8,0,2,57,0.028500,1.0000,2,1.0000,2,0.9844,2,0.9844,2,0.9531,2,0.9063,2,0.3750,2,0.4375,2,0.0000,0,0.0000,0
10636821.0,2679.703236,9861.684358,12541.387594,1519,635,0.00,0.6672,0.4500,8,0,2,57,0.028500,1.0000,2,1.0000,2,0.9375,2,0.9844,2,0.9063,2,0.9063,2,0.5000,2,0.4375,2,0.0000,0,0.0000,0
10636834.0,2679.713521,9861.726392,12541.439913,1520,635,0.00,0.6797,0.4625,8,0,2,57,0.028500,1.0000,2,1.0000,2,0.9375,2,0.9844,2,0.9063,2,0.9063,2,0.6250,2,0.4375,2,0.0000,0,0.0000,0
10637322.0,2680.102390,9863.325783,12543.428174,1521,635,0.00,0.6719,0.4625,8,0,2,57,0.028500,1.0000,2,1.0000,2,0.9844,2,0.9844,2,0.9063,2,0.9063,2,0.5000,2,0.4375,2,0.0000,0,0.0000,0
10637407.0,2680.169878,9863.605567,12543.775445,1522,636,0.00,0.6844,0.4625,8,0,2,57,0.028500,1.0000,2,1.0000,2,0.9375,2,0.9844,2,0.9063,2,0.9063,2,0.6719,2,0.4375,2,0.0000,0,0.0000,0
10637671.0,2680.380519,9864.478967,12544.859485,1523,636,0.00,0.6719,0.4750,8,0,2,57,0.028500,1.0000,2,1.0000,2,0.9844,2,0.9844,2,0.9063,2,0.7344,2,0.6719,2,0.4375,2,0.0000,0,0.0000,0
10637870.0,2680.535551,9865.127425,12545.662976,1524,636,0.00,0.6547,0.4625,8,0,2,57,0.028500,1.0000,2,1.0000,2,0.9375,2,0.9844,2,0.9531,2,0.7344,2,0.5000,2,0.4375,2,0.0000,0,0.0000,0
10637935.0,2680.586343,9865.342467,12545.928810,1525,636,0.00,0.6594,0.4750,8,0,2,57,0.028500,1.0000,2,1.0000,2,0.9844,2,0.9844,2,0.9531,2,0.7344,2,0.5000,2,0.4375,2,0.0000,0,0.0000,0
10638056.0,2680.680986,9865.744650,12546.425636,1526,636,0.00,0.6594,0.4750,8,0,2,57,0.028500,1.0000,2,1.0000,2,0.9844,2,0.9844,2,0.9531,2,0.7344,2,0.5000,2,0.4375,2,0.0000,0,0.0000,0
10638109.0,2680.722595,9865.923967,12546.646562,1527,637,0.00,0.6766,0.4875,8,0,2,57,0.028500,1.0000,2,1.0000,2,0.9844,2,0.9844,2,0.9531,2,0.9063,2,0.5000,2,0.4375,2,0.0000,0,0.0000,0
10638114.0,2680.726587,9865.941258,12546.667846,1528,637,0.00,0.6891,0.5000,8,0,2,57,0.028500,1.0000,2,1.0000,2,0.9844,2,0.9844,2,0.9531,2,0.9063,2,0.6250,2,0.4375,2,0.0000,0,0.0000,0
10638115.0,2680.727395,9865.944792,12546.672187,1529,637,0.00,0.6953,0.5125,8,0,2,57,0.028500,1.0000,2,1.0000,2,0.9844,2,0.9844,2,0.9531,2,0.9688,2,0.6250,2,0.4375,2,0.0000,0,0.0000,0
10638273.0,2680.854123,9866.501933,12547.356057,1530,637,0.00,0.6781,0.5000,8,0,2,57,0.028500,1.0000,2,1.0000,2,0.9844,2,0.9844,2,0.9531,2,0.7969,2,0.6250,2,0.4375,2,0.0000,0,0.0000,0
10638595.0,2681.109933,9867.614767,12548.724700,1531,637,0.00,0.6594,0.4750,8,0,2,57,0.028500,1.0000,2,1.0000,2,0.9844,2,0.9844,2,0.9531,2,0.7344,2,0.5000,2,0.4375,2,0.0000,0,0.0000,0
10638652.0,2681.154682,9867.807617,12548.962299,1532,638,0.00,0.6766,0.4875,8,0,2,57,0.028500,1.0000,2,1.0000,2,0.9844,2,0.9844,2,0.9531,2,0.9063,2,0.5000,2,0.4375,2,0.0000,0,0.0000,0
10638729.0,2681.215625,9868.067458,12549.283083,1533,638,0.00,0.6594,0.4750,8,0,2,57,0.028500,1.0000,2,1.0000,2,0.9844,2,0.9844,2,0.9531,2,0.7344,2,0.5000,2,0.4375,2,0.0000,0,0.0000,0
10638744.0,2681.227401,9868.118208,12549.345609,1534,638,0.00,0.6719,0.4875,8,0,2,57,0.028500,1.0000,2,1.0000,2,0.9844,2,0.9844,2,0.9531,2,0.8594,2,0.5000,2,0.4375,2,0.0000,0,0.0000,0
10638906.0,2681.355771,9868.670508,12550.026279,1535,639,0.00,0.6844,0.4875,8,0,2,57,0.028500,1.0000,2,1.0000,2,0.9844,2,0.9844,2,0.9063,2,0.8594,2,0.6719,2,0.4375,2,0.0000,0,0.0000,0
10639074.0,2681.489830,9869.243033,12550.732864,1536,639,0.00,0.6766,0.4875,8,0,2,57,0.028500,1.0000,2,1.0000,2,0.9844,2,0.9844,2,0.9531,2,0.7344,2,0.6719,2,0.4375,2,0.0000,0,0.0000,0
10639297.0,2681.667393,9870.004192,12551.671585,1537,639,0.00,0.6766,0.4875,8,0,2,57,0.028500,1.0000,2,1.0000,2,0.9844,2,0.9844,2,0.9531,2,0.7344,2,0.6719,2,0.4375,2,0.0000,0,0.0000,0
10639399.0,2681.748703,9870.354242,12552.102944,1538,639,0.00,0.6766,0.4875,8,0,2,57,0.028500,1.0000,2,1.0000,2,0.9844,2,0.9844,2,0.9531,2,0.7344,2,0.6719,2,0.4375,2,0.0000,0,0.0000,0
10639496.0,2681.826027,9870.687150,12552.513177,1539,639,0.00,0.6766,0.4875,8,0,2,57,0.028500,1.0000,2,1.0000,2,0.9844,2,0.9844,2,0.9531,2,0.7344,2,0.6719,2,0.4375,2,0.0000,0,0.0000,0
10639679.0,2681.972141,9871.320025,12553.292166,1540,639,0.00,0.6828,0.5000,8,0,2,57,0.028500,1.0000,2,1.0000,2,0.9844,2,0.9844,2,0.9531,2,0.7969,2,0.6719,2,0.4375,2,0.0000,0,0.0000,0
10639890.0,2682.141028,9872.053033,12554.194062,1541,639,0.00,0.6828,0.5000,8,0,2,57,0.028500,1.0000,2,1.0000,2,0.9844,2,0.9844,2,0.9531,2,0.7969,2,0.6719,2,0.4375,2,0.0000,0,0.0000,0
10639932.0,2682.174767,9872.201433,12554.376200,1542,639,0.00,0.6875,0.5125,8,0,2,57,0.028500,1.0000,2,1.0000,2,0.9844,2,0.9844,2,1.0000,2,0.7969,2,0.6719,2,0.4375,2,0.0000,0,0.0000,0
10639998.0,2682.227598,9872.437933,12554.665531,1543,639,0.00,0.6750,0.5125,8,0,2,57,0.028500,1.0000,2,1.0000,2,0.9844,2,0.9844,2,1.0000,2,0.9219,2,0.6719,2,0.1875,2,0.0000,0,0.0000,0
10640082.0,2682.294270,9872.735933,12555.030203,1544,640,0.00,0.6828,0.5000,8,0,2,57,0.028500,1.0000,2,0.9375,2,0.9844,2,0.9844,2,0.9531,2,0.9219,2,0.8594,2,0.1875,2,0.0000,0,0.0000,0
10640985.0,2683.000099,9875.736933,12558.737032,1545,640,0.00,0.6406,0.4500,8,0,2,57,0.028500,1.0000,2,0.9844,2,0.9375,2,0.9844,2,0.9063,2,0.7344,2,0.6719,2,0.1875,2,0.0000,0,0.0000,0
10641008.0,2683.017820,9875.811300,12558.829120,1546,640,0.00,0.6531,0.4625,8,0,2,57,0.028500,1.0000,2,0.9844,2,0.9375,2,0.9844,2,0.9063,2,0.8594,2,0.6719,2,0.1875,2,0.0000,0,0.0000,0
10641174.0,2683.145843,9876.342933,12559.488777,1547,641,0.00,0.6531,0.4500,8,0,2,57,0.028500,1.0000,2,0.9375,2,0.9375,2,0.9844,2,0.9063,2,0.8594,2,0.7188,2,0.1875,2,0.0000,0,0.0000,0
10641229.0,2683.188755,9876.520767,12559.709521,1548,642,0.00,0.6703,0.4625,8,0,2,57,0.028500,1.0000,2,0.9375,2,0.9375,2,0.9844,2,0.9063,2,0.8594,2,0.8906,2,0.1875,2,0.0000,0,0.0000,0
10641293.0,2683.239223,9876.730700,12559.969923,1549,642,0.00,0.6406,0.4500,8,0,2,57,0.028500,1.0000,2,0.9844,2,0.9375,2,0.9844,2,0.9063,2,0.8594,2,0.5469,2,0.1875,2,0.0000,0,0.0000,0
10641464.0,2683.370640,9877.276700,12560.647340,1550,642,0.00,0.6406,0.4500,8,0,2,57,0.028500,1.0000,2,0.9375,2,0.9844,2,0.9844,2,0.9063,2,0.8594,2,0.5469,2,0.1875,2,0.0000,0,0.0000,0
10641548.0,2683.435361,9877.548300,12560.983661,1551,642,0.00,0.6406,0.4500,8,0,2,57,0.028500,1.0000,2,0.9844,2,0.9375,2,0.9844,2,0.9063,2,0.8594,2,0.5469,2,0.1875,2,0.0000,0,0.0000,0
10641879.0,2683.689419,9878.598508,12562.287927,1552,642,0.00,0.6406,0.4500,8,0,2,57,0.028500,1.0000,2,0.9375,2,0.9844,2,0.9844,2,0.9063,2,0.8594,2,0.5469,2,0.1875,2,0.0000,0,0.0000,0
10641958.0,2683.750287,9878.853942,12562.604229,1553,642,0.00,0.6453,0.4625,8,0,2,57,0.028500,1.0000,2,0.9844,2,0.9844,2,0.9844,2,0.9063,2,0.8594,2,0.5469,2,0.1875,2,0.0000,0,0.0000,0
10642072.0,2683.838199,9879.224117,12563.062316,1554,642,0.00,0.6406,0.4500,8,0,2,57,0.028500,1.0000,2,0.9375,2,0.9375,2,0.9844,2,0.9531,2,0.8594,2,0.5469,2,0.1875,2,0.0000,0,0.0000,0
10642124.0,2683.878264,9879.392250,12563.270514,1555,642,0.00,0.6531,0.4625,8,0,2,57,0.028500,1.0000,2,0.9375,2,0.9375,2,0.9844,2,0.9531,2,0.9844,2,0.5469,2,0.1875,2,0.0000,0,0.0000,0
10642305.0,2684.017730,9879.976808,12563.994538,1556,642,0.00,0.6359,0.4500,8,0,2,57,0.028500,1.0000,2,0.9844,2,0.9375,2,0.9844,2,0.9063,2,0.9844,2,0.3750,2,0.1875,2,0.0000,0,0.0000,0
10642400.0,2684.090532,9880.283000,12564.373532,1557,642,0.00,0.6438,0.4500,8,0,2,57,0.028500,1.0000,2,0.9375,2,0.9375,2,0.9844,2,0.9063,2,0.9844,2,0.5000,2,0.1875,2,0.0000,0,0.0000,0
10642530.0,2684.191011,9880.703333,12564.894345,1558,642,0.00,0.6484,0.4625,8,0,2,57,0.028500,1.0000,2,0.9844,2,0.9375,2,0.9844,2,0.9063,2,0.9844,2,0.5000,2,0.1875,2,0.0000,0,0.0000,0
10642628.0,2684.266794,9881.025075,12565.291869,1559,643,0.00,0.6609,0.4500,8,0,2,57,0.028500,1.0000,2,0.9844,2,0.9375,2,0.9844,2,0.9063,2,0.9844,2,0.6250,2,0.1875,2,0.0000,0,0.0000,0
10642768.0,2684.376367,9881.467317,12565.843683,1560,643,0.00,0.6609,0.4500,8,0,2,57,0.028500,1.0000,2,0.9375,2,0.9844,2,0.9844,2,0.9063,2,0.9844,2,0.6250,2,0.1875,2,0.0000,0,0.0000,0
10642876.0,2684.460928,9881.809167,12566.270095,1561,643,0.00,0.6609,0.4500,8,0,2,57,0.028500,1.0000,2,0.9844,2,0.9375,2,0.9844,2,0.9063,2,0.9844,2,0.6250,2,0.1875,2,0.0000,0,0.0000,0
10642988.0,2684.548759,9882.166500,12566.715259,1562,643,0.00,0.6609,0.4500,8,0,2,57,0.028500,1.0000,2,0.9375,2,0.9844,2,0.9844,2,0.9063,2,0.9844,2,0.6250,2,0.1875,2,0.0000,0,0.0000,0
10643160.0,2684.683639,9882.715208,12567.398847,1563,643,0.00,0.6641,0.4375,8,0,2,57,0.028500,1.0000,2,0.8906,2,0.9375,2,0.9844,2,0.9063,2,0.9844,2,0.7500,2,0.1875,2,0.0000,0,0.0000,0
10643184.0,2684.702568,9882.791008,12567.493576,1564,643,0.00,0.6688,0.4500,8,0,2,57,0.028500,1.0000,2,0.9375,2,0.9375,2,0.9844,2,0.9063,2,0.9844,2,0.7500,2,0.1875,2,0.0000,0,0.0000,0
10643268.0,2684.769126,9883.062608,12567.831735,1565,643,0.00,0.6750,0.4625,8,0,2,57,0.028500,1.0000,2,1.0000,2,0.9375,2,0.9844,2,0.9063,2,0.9844,2,0.7500,2,0.1875,2,0.0000,0,0.0000,0
10643384.0,2684.861604,9883.446375,12568.307979,1566,643,0.00,0.6813,0.4750,8,0,2,57,0.028500,1.0000,2,1.0000,2,1.0000,2,0.9844,2,0.9063,2,0.9844,2,0.7500,2,0.1875,2,0.0000,0,0.0000,0
10643423.0,2684.892787,9883.576300,12568.469087,1567,643,0.00,0.6813,0.4750,8,0,2,57,0.028500,1.0000,2,0.9531,2,1.0000,2,0.9844,2,0.9531,2,0.9844,2,0.7500,2,0.1875,2,0.0000,0,0.0000,0
10643478.0,2684.936192,9883.756908,12568.693100,1568,643,0.00,0.6625,0.4625,8,0,2,57,0.028500,1.0000,2,0.9531,2,1.0000,2,0.9844,2,0.9531,2,0.8594,2,0.6875,2,0.1875,2,0.0000,0,0.0000,0
10643478.0,2684.936192,9883.756908,12568.693100,1569,643,0.00,0.6688,0.4750,8,0,2,57,0.028500,1.0000,2,0.9531,2,1.0000,2,0.9844,2,0.9531,2,0.9219,2,0.6875,2,0.1875,2,0.0000,0,0.0000,0
10643599.0,2685.030660,9884.142667,12569.173327,1570,643,0.00,0.6516,0.4375,8,0,2,57,0.028500,1.0000,2,0.9531,2,0.9375,2,0.9844,2,0.9063,2,0.9219,2,0.6250,2,0.1875,2,0.0000,0,0.0000,0
10643661.0,2685.078958,9884.338483,12569.417441,1571,643,0.00,0.6563,0.4500,8,0,2,57,0.028500,1.0000,2,1.0000,2,0.9375,2,0.9844,2,0.9063,2,0.9219,2,0.6250,2,0.1875,2,0.0000,0,0.0000,0
10644001.0,2685.342499,9885.393642,12570.736141,1572,643,0.00,0.6500,0.4375,8,0,2,57,0.028500,1.0000,2,0.9531,2,0.9844,2,0.9844,2,0.9063,2,0.8594,2,0.6250,2,0.1875,2,0.0000,0,0.0000,0
10644275.0,2685.553741,9886.226100,12571.779841,1573,643,0.00,0.6516,0.4250,8,0,2,57,0.028500,1.0000,2,0.8906,2,0.9375,2,0.9844,2,0.9063,2,0.9844,2,0.6250,2,0.1875,2,0.0000,0,0.0000,0
10644279.0,2685.556857,9886.238433,12571.795290,1574,644,0.00,0.6797,0.4375,8,0,2,57,0.028500,1.0000,2,0.8906,2,0.9375,2,0.9844,2,0.9063,2,0.9844,2,0.9063,2,0.1875,2,0.0000,0,0.0000,0
10644349.0,2685.612918,9886.459517,12572.072435,1575,645,0.00,0.6984,0.4375,8,0,2,57,0.028500,1.0000,2,0.8906,2,0.9375,2,0.9844,2,0.9063,2,0.9844,2,0.9063,2,0.3750,2,0.0000,0,0.0000,0
10644350.0,2685.613733,9886.462675,12572.076408,1576,646,0.00,0.7172,0.4375,8,0,2,57,0.028500,1.0000,2,0.8906,2,0.9375,2,0.9844,2,0.9063,2,0.9844,2,0.9063,2,0.5625,2,0.0000,0,0.0000,0
10644355.0,2685.617884,9886.478467,12572.096350,1577,647,0.00,0.7359,0.4375,8,0,2,57,0.028500,1.0000,2,0.8906,2,0.9375,2,0.9844,2,0.9063,2,0.9844,2,0.9063,2,0.7500,2,0.0000,0,0.0000,0
10644680.0,2685.892384,9887.504925,12573.397309,1578,647,0.00,0.7406,0.4500,8,0,2,57,0.028500,1.0000,2,0.9375,2,0.9375,2,0.9844,2,0.9063,2,0.9844,2,0.9063,2,0.7500,2,0.0000,0,0.0000,0
10644683.0,2685.894929,9887.514625,12573.409554,1579,648,0.00,0.7594,0.4500,8,0,2,57,0.028500,1.0000,2,0.9375,2,0.9375,2,0.9844,2,0.9063,2,0.9844,2,0.9063,2,0.9375,2,0.0000,0,0.0000,0
10645428.0,2686.488242,9889.828508,12576.316750,1580,648,0.00,0.6547,0.4375,9,0,1,58,0.029000,1.0000,2,0.8906,2,0.9375,2,0.9844,2,0.9063,2,0.8594,2,0.6563,2,0.1875,2,0.1250,2,0.0000,0
10645640.0,2686.655981,9890.495508,12577.151490,1581,648,0.00,0.6469,0.4375,8,0,2,58,0.029000,1.0000,2,0.9375,2,0.9375,2,0.9844,2,0.9063,2,0.8594,2,0.6563,2,0.1875,2,0.0000,0,0.0000,0
10646016.0,2686.946284,9891.659792,12578.606076,1582,649,0.00,0.6594,0.4250,8,0,2,58,0.029000,1.0000,2,0.8906,2,0.9375,2,0.9844,2,0.8438,2,0.8594,2,0.8906,2,0.1875,2,0.0000,0,0.0000,0
10646050.0,2686.972977,9891.764625,12578.737602,1583,649,0.00,0.6641,0.4375,8,0,2,58,0.029000,1.0000,2,0.9375,2,0.9375,2,0.9844,2,0.8438,2,0.8594,2,0.8906,2,0.1875,2,0.0000,0,0.0000,0
10646071.0,2686.989540,9891.830950,12578.820490,1584,649,0.00,0.6688,0.4500,8,0,2,58,0.029000,1.0000,2,0.9844,2,0.9375,2,0.9844,2,0.8438,2,0.8594,2,0.8906,2,0.1875,2,0.0000,0,0.0000,0
10646471.0,2687.304330,9893.079958,12580.384288,1585,649,0.00,0.6641,0.4375,8,0,2,58,0.029000,1.0000,2,0.8906,2,0.9844,2,0.9844,2,0.8438,2,0.8594,2,0.8906,2,0.1875,2,0.0000,0,0.0000,0
10646508.0,2687.333512,9893.196817,12580.530329,1586,649,0.00,0.6688,0.4500,8,0,2,58,0.029000,1.0000,2,0.9375,2,0.9844,2,0.9844,2,0.8438,2,0.8594,2,0.8906,2,0.1875,2,0.0000,0,0.0000,0
10646512.0,2687.336681,9893.209750,12580.546431,1587,649,0.00,0.6734,0.4625,8,0,2,58,0.029000,1.0000,2,0.9844,2,0.9844,2,0.9844,2,0.8438,2,0.8594,2,0.8906,2,0.1875,2,0.0000,0,0.0000,0
10646562.0,2687.376482,9893.375167,12580.751648,1588,650,0.00,0.6859,0.4750,8,0,2,58,0.029000,1.0000,2,0.9844,2,0.9844,2,0.9844,2,0.9688,2,0.8594,2,0.8906,2,0.1875,2,0.0000,0,0.0000,0
10646569.0,2687.382122,9893.398850,12580.780972,1589,650,0.00,0.6984,0.4875,8,0,2,58,0.029000,1.0000,2,0.9844,2,0.9844,2,0.9844,2,0.9688,2,0.9844,2,0.8906,2,0.1875,2,0.0000,0,0.0000,0
10646759.0,2687.534487,9894.022183,12581.556671,1590,650,0.00,0.6844,0.4500,8,0,2,58,0.029000,1.0000,2,0.8906,2,0.9375,2,0.9844,2,0.9688,2,0.8594,2,0.8906,2,0.3125,2,0.0000,0,0.0000,0
10646777.0,2687.548969,9894.080383,12581.629352,1591,650,0.00,0.6969,0.4500,8,0,2,58,0.029000,1.0000,2,0.8906,2,0.9375,2,0.9844,2,0.9688,2,0.9844,2,0.8906,2,0.3125,2,0.0000,0,0.0000,0
10647070.0,2687.787540,9895.027750,12582.815290,1592,650,0.00,0.7031,0.4625,8,0,2,58,0.029000,1.0000,2,0.9531,2,0.9375,2,0.9844,2,0.9688,2,0.9844,2,0.8906,2,0.3125,2,0.0000,0,0.0000,0
10647574.0,2688.200365,9896.695150,12584.895515,1593,650,0.00,0.7078,0.4750,8,0,2,58,0.029000,1.0000,2,1.0000,2,0.9375,2,0.9844,2,0.9688,2,0.9844,2,0.8906,2,0.3125,2,0.0000,0,0.0000,0
10647629.0,2688.245616,9896.881233,12585.126849,1594,651,0.00,0.7328,0.4750,8,0,2,58,0.029000,1.0000,2,1.0000,2,0.9375,2,0.9844,2,0.9688,2,0.9844,2,0.8906,2,0.5625,2,0.0000,0,0.0000,0
10647871.0,2688.445910,9897.671500,12586.117410,1595,651,0.00,0.7172,0.4625,8,0,2,58,0.029000,1.0000,2,0.9531,2,1.0000,2,0.9844,2,0.9688,2,0.8125,2,0.8906,2,0.5625,2,0.0000,0,0.0000,0
10648174.0,2688.697411,9898.673925,12587.371336,1596,651,0.00,0.7219,0.4750,8,0,2,58,0.029000,1.0000,2,1.0000,2,1.0000,2,0.9844,2,0.9688,2,0.8125,2,0.8906,2,0.5625,2,0.0000,0,0.0000,0
10648541.0,2688.997721,9899.881108,12588.878829,1597,651,0.00,0.6922,0.4500,8,0,2,58,0.029000,1.0000,2,0.8906,2,1.0000,2,0.9844,2,0.9688,2,0.8594,2,0.6563,2,0.5625,2,0.0000,0,0.0000,0
10648627.0,2689.067413,9900.158800,12589.226213,1598,651,0.00,0.7000,0.4375,8,0,2,58,0.029000,1.0000,2,0.8906,2,1.0000,2,0.9844,2,0.9688,2,0.9375,2,0.6563,2,0.5625,2,0.0000,0,0.0000,0
10648766.0,2689.180930,9900.597808,12589.778738,1599,651,0.00,0.7047,0.4500,8,0,2,58,0.029000,1.0000,2,0.9375,2,1.0000,2,0.9844,2,0.9688,2,0.9375,2,0.6563,2,0.5625,2,0.0000,0,0.0000,0
10648822.0,2689.226867,9900.778875,12590.005742,1600,651,0.00,0.7094,0.4625,8,0,2,58,0.029000,1.0000,2,0.9844,2,1.0000,2,0.9844,2,0.9688,2,0.9375,2,0.6563,2,0.5625,2,0.0000,0,0.0000,0
10648890.0,2689.282674,9900.999267,12590.281941,1601,652,0.00,0.7281,0.4625,8,0,2,58,0.029000,1.0000,2,0.9375,2,1.0000,2,0.9844,2,0.9688,2,0.9375,2,0.8906,2,0.5625,2,0.0000,0,0.0000,0
10648940.0,2689.324601,9901.164683,12590.489285,1602,653,0.00,0.7406,0.4750,8,0,2,58,0.029000,1.0000,2,0.9375,2,1.0000,2,0.9844,2,0.9688,2,0.9375,2,0.8906,2,0.6875,2,0.0000,0,0.0000,0
10649133.0,2689.484640,9901.804242,12591.288882,1603,653,0.00,0.7172,0.4750,8,0,2,58,0.029000,1.0000,2,0.9531,2,1.0000,2,0.9844,2,0.9688,2,0.6875,2,0.8906,2,0.6875,2,0.0000,0,0.0000,0
10649150.0,2689.498751,9901.861758,12591.360509,1604,654,0.00,0.7344,0.4875,8,0,2,58,0.029000,1.0000,2,0.9531,2,1.0000,2,0.9844,2,0.9688,2,0.8594,2,0.8906,2,0.6875,2,0.0000,0,0.0000,0
10649991.0,2690.200309,9904.683292,12594.883600,1605,654,0.00,0.7203,0.4750,8,0,2,58,0.029000,1.0000,2,0.9375,2,1.0000,2,0.9844,2,0.8438,2,0.8594,2,0.8906,2,0.6875,2,0.0000,0,0.0000,0
10650038.0,2690.239434,9904.842308,12595.081743,1606,655,0.00,0.7328,0.4875,8,0,2,58,0.029000,1.0000,2,0.9375,2,1.0000,2,0.9844,2,0.9688,2,0.8594,2,0.8906,2,0.6875,2,0.0000,0,0.0000,0
10650241.0,2690.408963,9905.531450,12595.940413,1607,655,0.00,0.7203,0.4750,8,0,2,58,0.029000,1.0000,2,0.9375,2,0.8750,2,0.9844,2,0.9688,2,0.8594,2,0.8906,2,0.6875,2,0.0000,0,0.0000,0
10651499.0,2691.437480,9909.637083,12601.074563,1608,656,0.00,0.6891,0.4500,8,0,2,58,0.029000,1.0000,2,0.8906,2,0.8750,2,0.9844,2,0.9688,2,0.8281,2,0.6563,2,0.6875,2,0.0000,0,0.0000,0
10651698.0,2691.598303,9910.280517,12601.878820,1609,656,0.00,0.6938,0.4625,8,0,2,58,0.029000,1.0000,2,0.9375,2,0.8750,2,0.9844,2,0.9688,2,0.8281,2,0.6563,2,0.6875,2,0.0000,0,0.0000,0
10651826.0,2691.702214,9910.703983,12602.406198,1610,656,0.00,0.6984,0.4750,8,0,2,58,0.029000,1.0000,2,0.9844,2,0.8750,2,0.9844,2,0.9688,2,0.8281,2,0.6563,2,0.6875,2,0.0000,0,0.0000,0
10652054.0,2691.883015,9911.443508,12603.326523,1611,656,0.00,0.6672,0.4500,8,0,2,58,0.029000,1.0000,2,0.8906,2,0.9375,2,0.9844,2,0.9688,2,0.8281,2,0.3750,2,0.6875,2,0.0000,0,0.0000,0
10652600.0,2692.310781,9913.144108,12605.454889,1612,656,0.00,0.6594,0.4375,8,0,2,58,0.029000,1.0000,2,0.9375,2,0.8125,2,0.9844,2,0.9688,2,0.8281,2,0.3750,2,0.6875,2,0.0000,0,0.0000,0
10652637.0,2692.339828,9913.260967,12605.600795,1613,656,0.00,0.6641,0.4500,8,0,2,58,0.029000,1.0000,2,0.9844,2,0.8125,2,0.9844,2,0.9688,2,0.8281,2,0.3750,2,0.6875,2,0.0000,0,0.0000,0
10652875.0,2692.526215,9914.003200,12606.529415,1614,656,0.00,0.6594,0.4375,8,0,2,58,0.029000,1.0000,2,0.8906,2,0.8594,2,0.9844,2,0.9688,2,0.8281,2,0.3750,2,0.6875,2,0.0000,0,0.0000,0
10652941.0,2692.578030,9914.211650,12606.789680,1615,656,0.00,0.6641,0.4500,8,0,2,58,0.029000,1.0000,2,0.9375,2,0.8594,2,0.9844,2,0.9688,2,0.8281,2,0.3750,2,0.6875,2,0.0000,0,0.0000,0
10653290.0,2692.849773,9915.291558,12608.141332,1616,656,0.00,0.6406,0.4250,8,0,2,58,0.029000,1.0000,2,0.7500,2,0.8125,2,0.9844,2,0.9688,2,0.8281,2,0.3750,2,0.6875,2,0.0000,0,0.0000,0
10653875.0,2693.295105,9917.058258,12610.353363,1617,657,0.00,0.6453,0.4250,8,0,2,58,0.029000,1.0000,2,0.9375,2,0.8125,2,0.9844,2,0.9688,2,0.6875,2,0.3750,2,0.6875,2,0.0000,0,0.0000,0
10654717.0,2693.942831,9919.622850,12613.565681,1618,657,0.00,0.6375,0.4250,8,0,2,58,0.029000,1.0000,2,0.9844,2,0.8125,2,0.9844,2,0.8438,2,0.6875,2,0.3750,2,0.6875,2,0.0000,0,0.0000,0
10655122.0,2694.252650,9920.846025,12615.098675,1619,658,0.00,0.6563,0.4250,8,0,2,58,0.029000,1.0000,2,0.9375,2,0.8125,2,0.9844,2,0.8438,2,0.9219,2,0.3750,2,0.6875,2,0.0000,0,0.0000,0
10656080.0,2694.986580,9923.732208,12618.718789,1620,658,0.00,0.6641,0.4000,8,0,2,58,0.029000,1.0000,2,0.7500,2,0.8125,2,0.9844,2,0.8438,2,0.6875,2,0.8750,2,0.6875,2,0.0000,0,0.0000,0
10656273.0,2695.137014,9924.298342,12619.435355,1621,658,0.00,0.6188,0.4125,8,0,2,58,0.029000,1.0000,2,0.7969,2,0.8125,2,0.9844,2,0.8438,2,0.6875,2,0.3750,2,0.6875,2,0.0000,0,0.0000,0
10656453.0,2695.272639,9924.839842,12620.112480,1622,659,0.00,0.6375,0.4250,8,0,2,58,0.029000,1.0000,2,0.9844,2,0.8125,2,0.9844,2,0.8438,2,0.6875,2,0.3750,2,0.6875,2,0.0000,0,0.0000,0
10656697.0,2695.459278,9925.576425,12621.035703,1623,659,0.00,0.6391,0.4250,8,0,2,58,0.029000,1.0000,2,0.9375,2,0.8750,2,0.9844,2,0.8438,2,0.6875,2,0.3750,2,0.6875,2,0.0000,0,0.0000,0
10656856.0,2695.581593,9926.066675,12621.648268,1624,659,0.00,0.6891,0.4250,8,0,2,58,0.029000,1.0000,2,0.9375,2,0.8750,2,0.9844,2,0.8438,2,0.6875,2,0.8750,2,0.6875,2,0.0000,0,0.0000,0
10657497.0,2696.062613,9927.984217,12624.046830,1625,659,0.00,0.6219,0.3875,9,0,1,59,0.029500,1.0000,2,0.7500,2,0.8750,2,0.8750,2,0.8438,2,0.6875,2,0.3750,2,0.3125,2,0.5000,2,0.0000,0
10657876.0,2696.345695,9929.079525,12625.425220,1626,659,0.00,0.5844,0.4000,8,0,2,59,0.029500,1.0000,2,0.8750,2,0.8750,2,0.8750,2,0.8438,2,0.6875,2,0.3750,2,0.3125,2,0.0000,0,0.0000,0
10657877.0,2696.346422,9929.082458,12625.428880,1627,659,0.00,0.5969,0.4125,8,0,2,59,0.029500,1.0000,2,1.0000,2,0.8750,2,0.8750,2,0.8438,2,0.6875,2,0.3750,2,0.3125,2,0.0000,0,0.0000,0
10657877.0,2696.346422,9929.082458,12625.428880,1628,659,0.00,0.6094,0.4250,8,0,2,59,0.029500,1.0000,2,1.0000,2,1.0000,2,0.8750,2,0.8438,2,0.6875,2,0.3750,2,0.3125,2,0.0000,0,0.0000,0
10658378.0,2696.720258,9930.627208,12627.347466,1629,660,0.00,0.6266,0.4375,8,0,2,59,0.029500,1.0000,2,1.0000,2,1.0000,2,0.8750,2,0.8438,2,0.8594,2,0.3750,2,0.3125,2,0.0000,0,0.0000,0
10658479.0,2696.796973,9930.946200,12627.743173,1630,660,0.00,0.6313,0.4500,8,0,2,59,0.029500,1.0000,2,1.0000,2,1.0000,2,0.9219,2,0.8438,2,0.8594,2,0.3750,2,0.3125,2,0.0000,0,0.0000,0
10659595.0,2697.637107,9934.489575,12632.126682,1631,660,0.00,0.6188,0.4500,8,0,2,59,0.029500,1.0000,2,1.0000,2,1.0000,2,0.9688,2,0.8438,2,0.6875,2,0.3750,2,0.3125,2,0.0000,0,0.0000,0
10661315.0,2698.920680,9939.884333,12638.805014,1632,661,0.00,0.6203,0.4375,8,0,2,59,0.029500,1.0000,2,1.0000,2,0.8750,2,0.9219,2,0.8438,2,0.8750,2,0.3750,2,0.3125,2,0.0000,0,0.0000,0
10661745.0,2699.245196,9941.242417,12640.487613,1633,661,0.00,0.6297,0.4500,8,0,2,59,0.029500,1.0000,2,1.0000,2,0.9688,2,0.9219,2,0.8438,2,0.8750,2,0.3750,2,0.3125,2,0.0000,0,0.0000,0
10662507.0,2699.825824,9943.706217,12643.532041,1634,661,0.00,0.6344,0.4625,8,0,2,59,0.029500,1.0000,2,1.0000,2,0.9688,2,0.9688,2,0.8438,2,0.8750,2,0.3750,2,0.3125,2,0.0000,0,0.0000,0
10663658.0,2700.699920,9947.421933,12648.121853,1635,661,0.00,0.6156,0.4500,8,0,2,59,0.029500,1.0000,2,1.0000,2,0.9688,2,0.9219,2,0.8906,2,0.6875,2,0.3750,2,0.3125,2,0.0000,0,0.0000,0
10663820.0,2700.821589,9947.945733,12648.767322,1636,662,0.00,0.6391,0.4625,8,0,2,59,0.029500,1.0000,2,1.0000,2,0.9688,2,0.9219,2,0.8906,2,0.9219,2,0.3750,2,0.3125,2,0.0000,0,0.0000,0
10665002.0,2701.726714,9951.770758,12653.497472,1637,662,0.00,0.6391,0.4625,8,0,2,59,0.029500,1.0000,2,1.0000,2,0.9688,2,0.9688,2,0.8438,2,0.9219,2,0.3750,2,0.3125,2,0.0000,0,0.0000,0
10666012.0,2702.500899,9955.055025,12657.555924,1638,662,0.00,0.6391,0.4625,8,0,2,59,0.029500,1.0000,2,1.0000,2,0.9688,2,0.9219,2,0.8906,2,0.9219,2,0.3750,2,0.3125,2,0.0000,0,0.0000,0
10666224.0,2702.663752,9955.751592,12658.415343,1639,662,0.00,0.6391,0.4625,8,0,2,59,0.029500,1.0000,2,1.0000,2,0.9688,2,0.9688,2,0.8438,2,0.9219,2,0.3750,2,0.3125,2,0.0000,0,0.0000,0
10667061.0,2703.292977,9958.410642,12661.703619,1640,662,0.00,0.6031,0.4375,8,0,2,59,0.029500,1.0000,2,1.0000,2,0.9688,2,0.9219,2,0.8906,2,0.5625,2,0.3750,2,0.3125,2,0.0000,0,0.0000,0
10667135.0,2703.347835,9958.644358,12661.992193,1641,663,0.00,0.6219,0.4500,8,0,2,59,0.029500,1.0000,2,1.0000,2,0.9688,2,0.9219,2,0.8906,2,0.7500,2,0.3750,2,0.3125,2,0.0000,0,0.0000,0
10667435.0,2703.573786,9959.597483,12663.171269,1642,664,0.00,0.6359,0.4500,8,0,2,59,0.029500,1.0000,2,1.0000,2,0.9688,2,0.9219,2,0.8438,2,0.9375,2,0.3750,2,0.3125,2,0.0000,0,0.0000,0
10667495.0,2703.619796,9959.791483,12663.411279,1643,665,0.00,0.6547,0.4625,8,0,2,59,0.029500,1.0000,2,1.0000,2,0.9688,2,0.9219,2,0.8438,2,0.9375,2,0.5625,2,0.3125,2,0.0000,0,0.0000,0
10667961.0,2703.983939,9961.333167,12665.317106,1644,665,0.00,0.6594,0.4750,8,0,2,59,0.029500,1.0000,2,1.0000,2,0.9688,2,0.9688,2,0.8438,2,0.9375,2,0.5625,2,0.3125,2,0.0000,0,0.0000,0
10668061.0,2704.062446,9961.671500,12665.733946,1645,665,0.00,0.6656,0.4875,8,0,2,59,0.029500,1.0000,2,1.0000,2,0.9688,2,0.9688,2,0.9063,2,0.9375,2,0.5625,2,0.3125,2,0.0000,0,0.0000,0
10668813.0,2704.650734,9964.171367,12668.822101,1646,665,0.00,0.6594,0.4750,8,0,2,59,0.029500,1.0000,2,1.0000,2,0.9688,2,0.9219,2,0.8906,2,0.9375,2,0.5625,2,0.3125,2,0.0000,0,0.0000,0
10668962.0,2704.767710,9964.675483,12669.443193,1647,665,0.00,0.6641,0.4875,8,0,2,59,0.029500,1.0000,2,1.0000,2,0.9688,2,0.9688,2,0.8906,2,0.9375,2,0.5625,2,0.3125,2,0.0000,0,0.0000,0
10669358.0,2705.077894,9966.000808,12671.078702,1648,665,0.00,0.6609,0.4750,8,0,2,59,0.029500,1.0000,2,1.0000,2,0.9688,2,0.9219,2,0.9063,2,0.9375,2,0.5625,2,0.3125,2,0.0000,0,0.0000,0
10670719.0,2706.141674,9970.507500,12676.649174,1649,666,0.00,0.6781,0.4750,8,0,2,59,0.029500,1.0000,2,1.0000,2,0.9688,2,0.9219,2,0.8438,2,0.9375,2,0.7969,2,0.3125,2,0.0000,0,0.0000,0
10671173.0,2706.504716,9972.043533,12678.548249,1650,667,0.00,0.7031,0.4875,8,0,2,59,0.029500,1.0000,2,1.0000,2,0.9688,2,0.9219,2,0.8438,2,0.9375,2,0.7969,2,0.5625,2,0.0000,0,0.0000,0
10671956.0,2707.146069,9974.751408,12681.897477,1651,667,0.00,0.7078,0.5000,8,0,2,59,0.029500,1.0000,2,1.0000,2,0.9688,2,0.9688,2,0.8438,2,0.9375,2,0.7969,2,0.5625,2,0.0000,0,0.0000,0
10672357.0,2707.465354,9976.099800,12683.565154,1652,668,0.00,0.6594,0.4625,8,0,2,59,0.029500,1.0000,2,1.0000,2,0.9688,2,0.9219,2,0.9688,2,0.5625,2,0.6094,2,0.5625,2,0.0000,0,0.0000,0
10673046.0,2708.002466,9978.322542,12686.325007,1653,668,0.00,0.6469,0.4500,8,0,2,59,0.029500,1.0000,2,1.0000,2,0.9688,2,0.9219,2,0.9688,2,0.5625,2,0.6094,2,0.4375,2,0.0000,0,0.0000,0
10674417.0,2709.032463,9982.506892,12691.539355,1654,669,0.00,0.6297,0.4250,8,0,2,59,0.029500,1.0000,2,1.0000,2,0.9688,2,0.8750,2,0.8438,2,0.7969,2,0.3750,2,0.4375,2,0.0000,0,0.0000,0
10674683.0,2709.235150,9983.327058,12692.562208,1655,669,0.00,0.6344,0.4375,8,0,2,59,0.029500,1.0000,2,1.0000,2,0.9688,2,0.9219,2,0.8438,2,0.7969,2,0.3750,2,0.4375,2,0.0000,0,0.0000,0
10675622.0,2709.935016,9986.172433,12696.107449,1656,669,0.00,0.6063,0.4125,8,0,2,59,0.029500,1.0000,2,0.9531,2,0.9688,2,0.9375,2,0.8438,2,0.7969,2,0.3750,2,0.1875,2,0.0000,0,0.0000,0
10676175.0,2710.343772,9987.796892,12698.140664,1657,670,0.00,0.6234,0.4125,8,0,2,59,0.029500,1.0000,2,0.9531,2,0.9688,2,0.8750,2,0.8438,2,0.7969,2,0.6094,2,0.1875,2,0.0000,0,0.0000,0
10676483.0,2710.576965,9988.723458,12699.300423,1658,671,0.00,0.6469,0.4250,8,0,2,59,0.029500,1.0000,2,0.9531,2,0.9688,2,0.8750,2,0.8438,2,0.7969,2,0.8438,2,0.1875,2,0.0000,0,0.0000,0
10677565.0,2711.396476,9991.979750,12703.376226,1659,671,0.00,0.6281,0.4250,8,0,2,59,0.029500,1.0000,2,1.0000,2,0.9688,2,0.8750,2,0.8438,2,0.5625,2,0.8438,2,0.1875,2,0.0000,0,0.0000,0
10679143.0,2712.592215,9996.747600,12709.339815,1660,671,0.00,0.6281,0.4250,8,0,2,59,0.029500,1.0000,2,0.9531,2,0.9688,2,0.9219,2,0.8438,2,0.5625,2,0.8438,2,0.1875,2,0.0000,0,0.0000,0
10679382.0,2712.771212,9997.470192,12710.241404,1661,671,0.00,0.6047,0.4125,8,0,2,59,0.029500,1.0000,2,1.0000,2,0.9688,2,0.8750,2,0.8438,2,0.5625,2,0.6094,2,0.1875,2,0.0000,0,0.0000,0
10679807.0,2713.085805,9998.728483,12711.814288,1662,672,0.00,0.6234,0.4125,8,0,2,59,0.029500,1.0000,2,0.9531,2,0.9688,2,0.8750,2,0.8438,2,0.7969,2,0.6094,2,0.1875,2,0.0000,0,0.0000,0
10680336.0,2713.478299,10000.286892,12713.765191,1663,673,0.00,0.6188,0.4125,8,0,2,59,0.029500,1.0000,2,0.9531,2,0.9688,2,0.8750,2,0.8438,2,0.9844,2,0.3750,2,0.1875,2,0.0000,0,0.0000,0
10680346.0,2713.485834,10000.316975,12713.802809,1664,673,0.00,0.6234,0.4250,8,0,2,59,0.029500,1.0000,2,1.0000,2,0.9688,2,0.8750,2,0.8438,2,0.9844,2,0.3750,2,0.1875,2,0.0000,0,0.0000,0
10680596.0,2713.674990,10001.085258,12714.760248,1665,673,0.00,0.6688,0.4125,8,0,2,59,0.029500,1.0000,2,0.9531,2,0.9688,2,0.8750,2,0.8438,2,0.9844,2,0.8750,2,0.1875,2,0.0000,0,0.0000,0
10680596.0,2713.674990,10001.085258,12714.760248,1666,673,0.00,0.7188,0.4125,8,0,2,59,0.029500,1.0000,2,0.9531,2,0.9688,2,0.8750,2,0.8438,2,0.9844,2,0.8750,2,0.6875,2,0.0000,0,0.0000,0
10680601.0,2713.679646,10001.100300,12714.779946,1667,673,0.00,0.7688,0.4125,9,0,1,60,0.030000,1.0000,2,0.9531,2,0.9688,2,0.8750,2,0.8438,2,0.9844,2,0.8750,2,0.6875,2,0.5000,2,0.0000,0
10681180.0,2714.142259,10002.856192,12716.998451,1668,673,0.00,0.6688,0.4125,9,0,1,61,0.030500,1.0000,2,0.9531,2,0.9688,2,0.8750,2,0.8438,2,0.9844,2,0.3750,2,0.1875,2,0.5000,2,0.0000,0
10681180.0,2714.142259,10002.856192,12716.998451,1669,673,0.00,0.7188,0.4125,9,0,1,61,0.030500,1.0000,2,0.9531,2,0.9688,2,0.8750,2,0.8438,2,0.9844,2,0.8750,2,0.1875,2,0.5000,2,0.0000,0
10683715.0,2716.036410,10010.360100,12726.396510,1670,673,0.00,0.6016,0.4125,8,0,2,61,0.030500,1.0000,2,0.9531,2,0.9688,2,0.9375,2,0.8438,2,0.7500,2,0.3750,2,0.1875,2,0.0000,0,0.0000,0
10683745.0,2716.058613,10010.450350,12726.508963,1671,673,0.00,0.6141,0.4125,8,0,2,61,0.030500,1.0000,2,0.9531,2,0.9688,2,0.9375,2,0.9688,2,0.7500,2,0.3750,2,0.1875,2,0.0000,0,0.0000,0
10683747.0,2716.060112,10010.456367,12726.516479,1672,673,0.00,0.6266,0.4125,8,0,2,61,0.030500,1.0000,2,0.9531,2,0.9688,2,0.9375,2,0.9688,2,0.8750,2,0.3750,2,0.1875,2,0.0000,0,0.0000,0
10684047.0,2716.287977,10011.358867,12727.646844,1673,673,0.00,0.6313,0.4250,8,0,2,61,0.030500,1.0000,2,1.0000,2,0.9688,2,0.9375,2,0.9688,2,0.8750,2,0.3750,2,0.1875,2,0.0000,0,0.0000,0
10684998.0,2717.010833,10014.230592,12731.241424,1674,673,0.00,0.6313,0.4250,8,0,2,61,0.030500,1.0000,2,0.9531,2,0.9688,2,0.9844,2,0.9688,2,0.8750,2,0.3750,2,0.1875,2,0.0000,0,0.0000,0
10687169.0,2718.623901,10020.493933,12739.117835,1675,673,0.00,0.6063,0.4000,8,0,2,61,0.030500,1.0000,2,0.7500,2,0.9688,2,0.9375,2,0.9688,2,0.8750,2,0.3750,2,0.1875,2,0.0000,0,0.0000,0
10687855.0,2719.132422,10022.471400,12741.603822,1676,673,0.00,0.6063,0.4000,8,0,2,61,0.030500,1.0000,2,0.7500,2,0.9688,2,0.9375,2,0.9688,2,0.8750,2,0.3750,2,0.1875,2,0.0000,0,0.0000,0
10687893.0,2719.160685,10022.582867,12741.743551,1677,674,0.00,0.6250,0.4125,8,0,2,61,0.030500,1.0000,2,0.9375,2,0.9688,2,0.9375,2,0.9688,2,0.8750,2,0.3750,2,0.1875,2,0.0000,0,0.0000,0
10688894.0,2719.910505,10025.466183,12745.376688,1678,674,0.00,0.6156,0.4000,8,0,2,61,0.030500,1.0000,2,0.9375,2,0.8750,2,0.9375,2,0.9688,2,0.8750,2,0.3750,2,0.1875,2,0.0000,0,0.0000,0
10689220.0,2720.154695,10026.409100,12746.563795,1679,675,0.00,0.6359,0.3875,8,0,2,61,0.030500,1.0000,2,0.8906,2,0.8750,2,0.9375,2,0.9688,2,0.8750,2,0.6250,2,0.1875,2,0.0000,0,0.0000,0
10689757.0,2720.560305,10027.912225,12748.472530,1680,676,0.00,0.6344,0.3875,8,0,2,61,0.030500,1.0000,2,0.7031,2,0.8750,2,0.9375,2,0.9688,2,0.8750,2,0.7969,2,0.1875,2,0.0000,0,0.0000,0
10689883.0,2720.656774,10028.272375,12748.929149,1681,676,0.00,0.6391,0.4000,8,0,2,61,0.030500,1.0000,2,0.7500,2,0.8750,2,0.9375,2,0.9688,2,0.8750,2,0.7969,2,0.1875,2,0.0000,0,0.0000,0
10689955.0,2720.712162,10028.483575,12749.195737,1682,676,0.00,0.6438,0.4125,8,0,2,61,0.030500,1.0000,2,0.7969,2,0.8750,2,0.9375,2,0.9688,2,0.8750,2,0.7969,2,0.1875,2,0.0000,0,0.0000,0
10689994.0,2720.742305,10028.600900,12749.343205,1683,676,0.00,0.6563,0.4250,8,0,2,61,0.030500,1.0000,2,0.9219,2,0.8750,2,0.9375,2,0.9688,2,0.8750,2,0.7969,2,0.1875,2,0.0000,0,0.0000,0
10690004.0,2720.750038,10028.631208,12749.381247,1684,676,0.00,0.6453,0.4250,8,0,2,61,0.030500,1.0000,2,0.9844,2,0.8750,2,0.9375,2,0.9688,2,0.8750,2,0.6250,2,0.1875,2,0.0000,0,0.0000,0
10690011.0,2720.755446,10028.652567,12749.408013,1685,676,0.00,0.6406,0.4125,8,0,2,61,0.030500,1.0000,2,0.8906,2,0.9219,2,0.9375,2,0.9688,2,0.8750,2,0.6250,2,0.1875,2,0.0000,0,0.0000,0
10690314.0,2720.986543,10029.524567,12750.511110,1686,676,0.00,0.6281,0.3875,8,0,2,61,0.030500,1.0000,2,0.8750,2,0.8750,2,0.8750,2,0.9688,2,0.8750,2,0.6250,2,0.1875,2,0.0000,0,0.0000,0
10690695.0,2721.275472,10030.594617,12751.870089,1687,676,0.00,0.6281,0.3875,8,0,2,61,0.030500,1.0000,2,0.8750,2,0.8750,2,0.8750,2,0.9688,2,0.8750,2,0.6250,2,0.1875,2,0.0000,0,0.0000,0
10691001.0,2721.507624,10031.456067,12752.963691,1688,676,0.00,0.6281,0.3875,8,0,2,61,0.030500,1.0000,2,0.8750,2,0.8750,2,0.8750,2,0.9688,2,0.8750,2,0.6250,2,0.1875,2,0.0000,0,0.0000,0
10691064.0,2721.555552,10031.636142,12753.191694,1689,676,0.00,0.6328,0.4000,8,0,2,61,0.030500,1.0000,2,0.9219,2,0.8750,2,0.8750,2,0.9688,2,0.8750,2,0.6250,2,0.1875,2,0.0000,0,0.0000,0
10691284.0,2721.722793,10032.262350,12753.985143,1690,676,0.00,0.6281,0.3875,8,0,2,61,0.030500,1.0000,2,0.8750,2,0.8750,2,0.8750,2,0.9688,2,0.8750,2,0.6250,2,0.1875,2,0.0000,0,0.0000,0
10691513.0,2721.896596,10032.908433,12754.805029,1691,677,0.00,0.6484,0.3750,8,0,2,61,0.030500,1.0000,2,0.8281,2,0.8750,2,0.8750,2,0.9688,2,0.8750,2,0.8750,2,0.1875,2,0.0000,0,0.0000,0
10691553.0,2721.927658,10033.019767,12754.947425,1692,678,0.00,0.6734,0.3750,8,0,2,61,0.030500,1.0000,2,0.8281,2,0.8750,2,0.8750,2,0.9688,2,0.8750,2,0.8750,2,0.4375,2,0.0000,0,0.0000,0
10691557.0,2721.930842,10033.030900,12754.961742,1693,679,0.00,0.6984,0.3750,8,0,2,61,0.030500,1.0000,2,0.8281,2,0.8750,2,0.8750,2,0.9688,2,0.8750,2,0.8750,2,0.6875,2,0.0000,0,0.0000,0
10691565.0,2721.937366,10033.053167,12754.990532,1694,680,0.00,0.7234,0.3750,8,0,2,61,0.030500,1.0000,2,0.8281,2,0.8750,2,0.8750,2,0.9688,2,0.8750,2,0.8750,2,0.9375,2,0.0000,0,0.0000,0
10692130.0,2722.387747,10034.587125,12756.974872,1695,680,0.00,0.6094,0.3750,8,0,2,61,0.030500,1.0000,2,0.8750,2,0.8750,2,0.8750,2,0.9688,2,0.6875,2,0.6250,2,0.1875,2,0.0000,0,0.0000,0
10692277.0,2722.497307,10034.993650,12757.490957,1696,680,0.00,0.6047,0.3625,8,0,2,61,0.030500,1.0000,2,0.8281,2,0.8750,2,0.8750,2,0.9688,2,0.6875,2,0.6250,2,0.1875,2,0.0000,0,0.0000,0
10692393.0,2722.583441,10035.307817,12757.891258,1697,680,0.00,0.6094,0.3750,8,0,2,61,0.030500,1.0000,2,0.8750,2,0.8750,2,0.8750,2,0.9688,2,0.6875,2,0.6250,2,0.1875,2,0.0000,0,0.0000,0
10692471.0,2722.641644,10035.524917,12758.166560,1698,681,0.00,0.6266,0.3875,8,0,2,61,0.030500,1.0000,2,0.8750,2,0.8750,2,0.8750,2,0.9688,2,0.8594,2,0.6250,2,0.1875,2,0.0000,0,0.0000,0
10693137.0,2723.141664,10037.359567,12760.501230,1699,681,0.00,0.6219,0.3750,8,0,2,61,0.030500,1.0000,2,0.8281,2,0.8750,2,0.8750,2,0.9688,2,0.8594,2,0.6250,2,0.1875,2,0.0000,0,0.0000,0
10693277.0,2723.247490,10037.749233,12760.996723,1700,682,0.00,0.6453,0.3750,8,0,2,61,0.030500,1.0000,2,0.8281,2,0.8750,2,0.8750,2,0.9688,2,0.8594,2,0.8594,2,0.1875,2,0.0000,0,0.0000,0
10693630.0,2723.519993,10038.731750,12762.251743,1701,682,0.00,0.6266,0.3875,8,0,2,61,0.030500,1.0000,2,0.8750,2,0.8750,2,0.8750,2,0.9688,2,0.8594,2,0.6250,2,0.1875,2,0.0000,0,0.0000,0
10693799.0,2723.648357,10039.214808,12762.863165,1702,682,0.00,0.6313,0.4000,8,0,2,61,0.030500,1.0000,2,0.9219,2,0.8750,2,0.8750,2,0.9688,2,0.8594,2,0.6250,2,0.1875,2,0.0000,0,0.0000,0
10693843.0,2723.681937,10039.343875,12763.025812,1703,683,0.00,0.6500,0.4125,8,0,2,61,0.030500,1.0000,2,0.9219,2,0.8750,2,0.8750,2,0.9688,2,0.8594,2,0.8125,2,0.1875,2,0.0000,0,0.0000,0
10694113.0,2723.889937,10040.122975,12764.012912,1704,683,0.00,0.6344,0.3875,8,0,2,61,0.030500,1.0000,2,0.7656,2,0.8750,2,0.8750,2,0.9688,2,0.8594,2,0.8125,2,0.1875,2,0.0000,0,0.0000,0
10694362.0,2724.079040,10040.826075,12764.905115,1705,683,0.00,0.6219,0.3875,8,0,2,61,0.030500,1.0000,2,0.8125,2,0.8750,2,0.8750,2,0.9688,2,0.6875,2,0.8125,2,0.1875,2,0.0000,0,0.0000,0
10694679.0,2724.315034,10041.721142,12766.036175,1706,683,0.00,0.5969,0.3875,8,0,2,61,0.030500,1.0000,2,0.8125,2,0.8750,2,0.8750,2,0.9688,2,0.6875,2,0.5625,2,0.1875,2,0.0000,0,0.0000,0
10694806.0,2724.408173,10042.076575,12766.484748,1707,683,0.00,0.5906,0.3750,8,0,2,61,0.030500,1.0000,2,0.7500,2,0.8750,2,0.8750,2,0.9688,2,0.6875,2,0.5625,2,0.1875,2,0.0000,0,0.0000,0
10694906.0,2724.481332,10042.354908,12766.836241,1708,683,0.00,0.5953,0.3875,8,0,2,61,0.030500,1.0000,2,0.7969,2,0.8750,2,0.8750,2,0.9688,2,0.6875,2,0.5625,2,0.1875,2,0.0000,0,0.0000,0
10695204.0,2724.698670,10043.170392,12767.869062,1709,683,0.00,0.5906,0.3750,8,0,2,61,0.030500,1.0000,2,0.7500,2,0.8750,2,0.8750,2,0.9688,2,0.6875,2,0.5625,2,0.1875,2,0.0000,0,0.0000,0
10695272.0,2724.748419,10043.359658,12768.108077,1710,683,0.00,0.5953,0.3875,8,0,2,61,0.030500,1.0000,2,0.7969,2,0.8750,2,0.8750,2,0.9688,2,0.6875,2,0.5625,2,0.1875,2,0.0000,0,0.0000,0
10695393.0,2724.837008,10043.697792,12768.534799,1711,684,0.00,0.6094,0.3750,8,0,2,61,0.030500,1.0000,2,0.7031,2,0.8750,2,0.8750,2,0.9688,2,0.9219,2,0.5625,2,0.1875,2,0.0000,0,0.0000,0
10695455.0,2724.883271,10043.870358,12768.753629,1712,685,0.00,0.6328,0.3750,8,0,2,61,0.030500,1.0000,2,0.9375,2,0.8750,2,0.8750,2,0.9688,2,0.9219,2,0.5625,2,0.1875,2,0.0000,0,0.0000,0
10695522.0,2724.934486,10044.056842,12768.991328,1713,685,0.00,0.6375,0.3875,8,0,2,61,0.030500,1.0000,2,0.9844,2,0.8750,2,0.8750,2,0.9688,2,0.9219,2,0.5625,2,0.1875,2,0.0000,0,0.0000,0
10695666.0,2725.045086,10044.468442,12769.513528,1714,685,0.00,0.6500,0.3875,8,0,2,61,0.030500,1.0000,2,0.9375,2,0.8750,2,0.8750,2,0.9688,2,0.9219,2,0.7344,2,0.1875,2,0.0000,0,0.0000,0
10695717.0,2725.084753,10044.614217,12769.698970,1715,685,0.00,0.6547,0.4000,8,0,2,61,0.030500,1.0000,2,0.9844,2,0.8750,2,0.8750,2,0.9688,2,0.9219,2,0.7344,2,0.1875,2,0.0000,0,0.0000,0
10695739.0,2725.101944,10044.678750,12769.780694,1716,685,0.00,0.6594,0.4125,8,0,2,61,0.030500,1.0000,2,0.9844,2,0.9219,2,0.8750,2,0.9688,2,0.9219,2,0.7344,2,0.1875,2,0.0000,0,0.0000,0
10695900.0,2725.228220,10045.160617,12770.388837,1717,685,0.00,0.6719,0.4125,8,0,2,61,0.030500,1.0000,2,0.9844,2,0.8750,2,0.8750,2,0.9688,2,0.9219,2,0.9063,2,0.1875,2,0.0000,0,0.0000,0
10695939.0,2725.259063,10045.276967,12770.536029,1718,685,0.00,0.6563,0.4000,8,0,2,61,0.030500,1.0000,2,0.9375,2,0.9375,2,0.8750,2,0.9688,2,0.9219,2,0.7344,2,0.1875,2,0.0000,0,0.0000,0
10696159.0,2725.430743,10045.914575,12771.345318,1719,685,0.00,0.6625,0.4000,8,0,2,61,0.030500,1.0000,2,0.9375,2,0.8750,2,1.0000,2,0.9688,2,0.9219,2,0.7344,2,0.1875,2,0.0000,0,0.0000,0
10696189.0,2725.454368,10046.002575,12771.456943,1720,685,0.00,0.6672,0.4125,8,0,2,61,0.030500,1.0000,2,0.9844,2,0.8750,2,1.0000,2,0.9688,2,0.9219,2,0.7344,2,0.1875,2,0.0000,0,0.0000,0
10696372.0,2725.598600,10046.553100,12772.151700,1721,685,0.00,0.6484,0.4250,8,0,2,61,0.030500,1.0000,2,0.7500,2,0.9219,2,1.0000,2,0.9688,2,0.9219,2,0.7344,2,0.1875,2,0.0000,0,0.0000,0
10696595.0,2725.771013,10047.232283,12773.003296,1722,686,0.00,0.6547,0.4000,8,0,2,61,0.030500,1.0000,2,0.9844,2,0.8750,2,0.8750,2,0.9688,2,0.9219,2,0.7344,2,0.1875,2,0.0000,0,0.0000,0
10696678.0,2725.835871,10047.475750,12773.311621,1723,686,0.00,0.6594,0.4125,8,0,2,61,0.030500,1.0000,2,0.9844,2,0.9219,2,0.8750,2,0.9688,2,0.9219,2,0.7344,2,0.1875,2,0.0000,0,0.0000,0
10696883.0,2725.996395,10048.083908,12774.080303,1724,686,0.00,0.6594,0.4125,8,0,2,61,0.030500,1.0000,2,0.9844,2,0.9219,2,0.8750,2,0.9688,2,0.9219,2,0.7344,2,0.1875,2,0.0000,0,0.0000,0
10696996.0,2726.083186,10048.419200,12774.502386,1725,686,0.00,0.6359,0.4125,8,0,2,61,0.030500,1.0000,2,0.7031,2,0.9688,2,0.8750,2,0.9688,2,0.9219,2,0.7344,2,0.1875,2,0.0000,0,0.0000,0
10697207.0,2726.244038,10049.034383,12775.278421,1726,686,0.00,0.6391,0.4000,8,0,2,61,0.030500,1.0000,2,0.8281,2,0.8750,2,0.8750,2,0.9688,2,0.9219,2,0.7344,2,0.1875,2,0.0000,0,0.0000,0
10697448.0,2726.428752,10049.736067,12776.164818,1727,686,0.00,0.6313,0.4000,8,0,2,61,0.030500,1.0000,2,0.7500,2,0.8750,2,0.8750,2,0.9688,2,0.9219,2,0.7344,2,0.1875,2,0.0000,0,0.0000,0
10697495.0,2726.464622,10049.873933,12776.338555,1728,687,0.00,0.6438,0.4125,8,0,2,61,0.030500,1.0000,2,0.8750,2,0.8750,2,0.8750,2,0.9688,2,0.9219,2,0.7344,2,0.1875,2,0.0000,0,0.0000,0
10697537.0,2726.497084,10050.000283,12776.497368,1729,687,0.00,0.6500,0.4250,8,0,2,61,0.030500,1.0000,2,0.9375,2,0.8750,2,0.8750,2,0.9688,2,0.9219,2,0.7344,2,0.1875,2,0.0000,0,0.0000,0
10697677.0,2726.603840,10050.423175,12777.027015,1730,688,0.00,0.6516,0.4250,8,0,2,61,0.030500,1.0000,2,0.9375,2,0.8750,2,0.8750,2,0.9688,2,0.6875,2,0.9844,2,0.1875,2,0.0000,0,0.0000,0
10697699.0,2726.620978,10050.491008,12777.111987,1731,688,0.00,0.6641,0.4250,8,0,2,61,0.030500,1.0000,2,0.9375,2,1.0000,2,0.8750,2,0.9688,2,0.6875,2,0.9844,2,0.1875,2,0.0000,0,0.0000,0
10699813.0,2728.233020,10056.670175,12784.903195,1732,689,0.00,0.6281,0.3875,8,0,2,61,0.030500,1.0000,2,0.8750,2,0.8750,2,0.8750,2,0.9688,2,0.9375,2,0.5625,2,0.1875,2,0.0000,0,0.0000,0
10701015.0,2729.134625,10060.105892,12789.240516,1733,689,0.00,0.6078,0.4000,8,0,2,61,0.030500,1.0000,2,0.9219,2,0.8750,2,0.8750,2,0.9688,2,0.6875,2,0.5625,2,0.1875,2,0.0000,0,0.0000,0
10701611.0,2729.577067,10061.822133,12791.399201,1734,689,0.00,0.6094,0.4000,8,0,2,61,0.030500,1.0000,2,0.9375,2,0.8750,2,0.8750,2,0.9688,2,0.6875,2,0.5625,2,0.1875,2,0.0000,0,0.0000,0
10701674.0,2729.623537,10062.001533,12791.625070,1735,690,0.00,0.6141,0.3750,8,0,2,61,0.030500,1.0000,2,0.7500,2,0.8750,2,0.8750,2,0.9688,2,0.9219,2,0.5625,2,0.1875,2,0.0000,0,0.0000,0
10701674.0,2729.623537,10062.001533,12791.625070,1736,691,0.00,0.6375,0.3875,8,0,2,61,0.030500,1.0000,2,0.9844,2,0.8750,2,0.8750,2,0.9688,2,0.9219,2,0.5625,2,0.1875,2,0.0000,0,0.0000,0
10701870.0,2729.774076,10062.561767,12792.335843,1737,691,0.00,0.6422,0.4000,8,0,2,61,0.030500,1.0000,2,0.9844,2,0.9219,2,0.8750,2,0.9688,2,0.9219,2,0.5625,2,0.1875,2,0.0000,0,0.0000,0
10702087.0,2729.941152,10063.190425,12793.131577,1738,692,0.00,0.6547,0.4000,8,0,2,61,0.030500,1.0000,2,0.9844,2,0.8750,2,0.8750,2,0.9688,2,0.9219,2,0.7344,2,0.1875,2,0.0000,0,0.0000,0
10702237.0,2730.058366,10063.630425,12793.688791,1739,693,0.00,0.6734,0.4125,8,0,2,61,0.030500,1.0000,2,0.9844,2,0.8750,2,0.8750,2,0.9688,2,0.9219,2,0.9219,2,0.1875,2,0.0000,0,0.0000,0
10702950.0,2730.625919,10065.775367,12796.401286,1740,694,0.00,0.6969,0.4250,8,0,2,61,0.030500,1.0000,2,0.9844,2,0.8750,2,0.8750,2,0.9688,2,0.9219,2,0.9219,2,0.4219,2,0.0000,0,0.0000,0
10703308.0,2730.911455,10066.879200,12797.790655,1741,695,0.00,0.6969,0.4375,8,0,2,61,0.030500,1.0000,2,0.9844,2,0.8750,2,0.8750,2,0.9688,2,0.6875,2,0.9219,2,0.6563,2,0.0000,0,0.0000,0
10703545.0,2731.104928,10067.627725,12798.732653,1742,695,0.00,0.7469,0.4375,9,0,1,62,0.031000,1.0000,2,0.9844,2,0.8750,2,0.8750,2,0.9688,2,0.6875,2,0.9219,2,0.6563,2,0.5000,2,0.0000,0
10703619.0,2731.170321,10067.866375,12799.036696,1743,695,0.00,0.7656,0.4500,9,0,1,62,0.031000,1.0000,2,0.9844,2,0.8750,2,0.8750,2,0.9688,2,0.8750,2,0.9219,2,0.6563,2,0.5000,2,0.0000,0
10703820.0,2731.340756,10068.512117,12799.852873,1744,696,0.00,0.7141,0.4500,8,0,2,62,0.031000,1.0000,2,0.9844,2,0.8750,2,0.8750,2,0.9688,2,0.6875,2,0.9219,2,0.8281,2,0.0000,0,0.0000,0
10703900.0,2731.406964,10068.770783,12800.177748,1745,697,0.00,0.7328,0.4500,8,0,2,62,0.031000,1.0000,2,0.9844,2,0.8750,2,0.8750,2,0.9688,2,0.8750,2,0.9219,2,0.8281,2,0.0000,0,0.0000,0
10704081.0,2731.559900,10069.356017,12800.915917,1746,697,0.00,0.7516,0.4500,9,0,1,63,0.031500,1.0000,2,0.9844,2,0.8750,2,0.8750,2,0.9688,2,0.8750,2,0.9219,2,0.8281,2,0.1875,2,0.0000,0
10704127.0,2731.600717,10069.507817,12801.108534,1747,697,0.00,0.8016,0.4500,9,0,1,63,0.031500,1.0000,2,0.9844,2,0.8750,2,0.8750,2,0.9688,2,0.8750,2,0.9219,2,0.8281,2,0.6875,2,0.0000,0
10704128.0,2731.602143,10069.511117,12801.113260,1748,697,0.00,0.8516,0.4500,10,0,0,64,0.032000,1.0000,2,0.9844,2,0.8750,2,0.8750,2,0.9688,2,0.8750,2,0.9219,2,0.8281,2,0.6875,2,0.5000,2
10704162.0,2731.635978,10069.625508,12801.261486,1749,698,0.00,0.8469,0.4375,10,0,0,64,0.032000,1.0000,2,0.7500,2,0.8750,2,0.8750,2,0.9688,2,0.8750,2,0.9219,2,0.8281,2,0.8750,2,0.5000,2
10704395.0,2731.854009,10070.375833,12802.229842,1750,699,0.00,0.7094,0.4375,8,0,2,64,0.032000,1.0000,2,0.9219,2,0.8750,2,0.8750,2,0.9688,2,0.8750,2,0.9219,2,0.6563,2,0.0000,0,0.0000,0
10704404.0,2731.861424,10070.404258,12802.265682,1751,700,0.00,0.7266,0.4500,8,0,2,64,0.032000,1.0000,2,0.9219,2,0.8750,2,0.8750,2,0.9688,2,0.8750,2,0.9219,2,0.8281,2,0.0000,0,0.0000,0
10704703.0,2732.101066,10071.314250,12803.415316,1752,700,0.00,0.7016,0.4000,9,0,1,65,0.032500,1.0000,2,0.7031,2,0.8750,2,0.8750,2,0.9688,2,0.6875,2,0.7500,2,0.6563,2,0.5000,2,0.0000,0
10704811.0,2732.192698,10071.638250,12803.830948,1753,700,0.00,0.7063,0.4125,9,0,1,65,0.032500,1.0000,2,0.7500,2,0.8750,2,0.8750,2,0.9688,2,0.6875,2,0.7500,2,0.6563,2,0.5000,2,0.0000,0
10704947.0,2732.305331,10072.054450,12804.359781,1754,700,0.00,0.6609,0.4250,8,0,2,65,0.032500,1.0000,2,0.7969,2,0.8750,2,0.8750,2,0.9688,2,0.6875,2,0.7500,2,0.6563,2,0.0000,0,0.0000,0
10705037.0,2732.376097,10072.331950,12804.708047,1755,700,0.00,0.6656,0.4375,8,0,2,65,0.032500,1.0000,2,0.8438,2,0.8750,2,0.8750,2,0.9688,2,0.6875,2,0.7500,2,0.6563,2,0.0000,0,0.0000,0
10705216.0,2732.514528,10072.876967,12805.391494,1756,701,0.00,0.6375,0.4125,8,0,2,65,0.032500,1.0000,2,0.7500,2,0.8750,2,0.8750,2,0.8438,2,0.8594,2,0.7500,2,0.4219,2,0.0000,0,0.0000,0
10705282.0,2732.565064,10073.075517,12805.640581,1757,702,0.00,0.6422,0.4250,8,0,2,65,0.032500,1.0000,2,0.9219,2,0.8750,2,0.8750,2,0.8438,2,0.7344,2,0.7500,2,0.4219,2,0.0000,0,0.0000,0
10705342.0,2732.611326,10073.260292,12805.871618,1758,702,0.00,0.6297,0.4250,8,0,2,65,0.032500,1.0000,2,0.7969,2,0.8750,2,0.8750,2,0.8438,2,0.7344,2,0.7500,2,0.4219,2,0.0000,0,0.0000,0
10705525.0,2732.749838,10073.820717,12806.570555,1759,703,0.00,0.6344,0.4250,8,0,2,65,0.032500,1.0000,2,0.7969,2,0.8750,2,0.8750,2,0.8438,2,0.7344,2,0.7500,2,0.4688,2,0.0000,0,0.0000,0
10705525.0,2732.749838,10073.820717,12806.570555,1760,704,0.00,0.6625,0.4375,8,0,2,65,0.032500,1.0000,2,0.7969,2,0.8750,2,0.8750,2,0.8438,2,0.7344,2,0.7500,2,0.7500,2,0.0000,0,0.0000,0
10706343.0,2733.353965,10076.236008,12809.589973,1761,704,0.00,0.5891,0.4000,8,0,2,65,0.032500,1.0000,2,0.8594,2,0.8125,2,0.8750,2,0.8438,2,0.5625,2,0.7500,2,0.1875,2,0.0000,0,0.0000,0
10706467.0,2733.444212,10076.594792,12810.039003,1762,704,0.00,0.5891,0.4000,8,0,2,65,0.032500,1.0000,2,0.8594,2,0.8125,2,0.8750,2,0.8438,2,0.5625,2,0.7500,2,0.1875,2,0.0000,0,0.0000,0
10707394.0,2734.116910,10079.246642,12813.363552,1763,705,0.00,0.6063,0.4000,8,0,2,65,0.032500,1.0000,2,0.7969,2,0.8125,2,0.8750,2,0.8438,2,0.7969,2,0.7500,2,0.1875,2,0.0000,0,0.0000,0
10708156.0,2734.683648,10081.481842,12816.165490,1764,706,0.00,0.6188,0.4125,8,0,2,65,0.032500,1.0000,2,0.9219,2,0.8125,2,0.8750,2,0.8438,2,0.7969,2,0.7500,2,0.1875,2,0.0000,0,0.0000,0
10708284.0,2734.780092,10081.866908,12816.647001,1765,706,0.00,0.6234,0.4250,8,0,2,65,0.032500,1.0000,2,0.9688,2,0.8125,2,0.8750,2,0.8438,2,0.7969,2,0.7500,2,0.1875,2,0.0000,0,0.0000,0
10708418.0,2734.881546,10082.280075,12817.161621,1766,707,0.00,0.6422,0.4375,8,0,2,65,0.032500,1.0000,2,0.9688,2,1.0000,2,0.8750,2,0.8438,2,0.7969,2,0.7500,2,0.1875,2,0.0000,0,0.0000,0
10708551.0,2734.984044,10082.697283,12817.681327,1767,708,0.00,0.6547,0.4250,8,0,2,65,0.032500,1.0000,2,0.9219,2,1.0000,2,0.8750,2,0.8438,2,0.9688,2,0.7500,2,0.1875,2,0.0000,0,0.0000,0
10708596.0,2735.019208,10082.836033,12817.855241,1768,709,0.00,0.6734,0.4375,8,0,2,65,0.032500,1.0000,2,0.9219,2,1.0000,2,0.8750,2,0.8438,2,0.9688,2,0.9375,2,0.1875,2,0.0000,0,0.0000,0
10708879.0,2735.244478,10083.729842,12818.974320,1769,709,0.00,0.6781,0.4500,8,0,2,65,0.032500,1.0000,2,0.9688,2,1.0000,2,0.8750,2,0.8438,2,0.9688,2,0.9375,2,0.1875,2,0.0000,0,0.0000,0
10710068.0,2736.175755,10087.420750,12823.596505,1770,710,0.00,0.6328,0.4125,8,0,2,65,0.032500,1.0000,2,0.7500,2,1.0000,2,0.8750,2,0.8438,2,0.5625,2,0.9375,2,0.3594,2,0.0000,0,0.0000,0
10710115.0,2736.211682,10087.562142,12823.773824,1771,711,0.00,0.6500,0.4250,8,0,2,65,0.032500,1.0000,2,0.9219,2,1.0000,2,0.8750,2,0.8438,2,0.5625,2,0.9375,2,0.3594,2,0.0000,0,0.0000,0
10710154.0,2736.242016,10087.682392,12823.924407,1772,712,0.00,0.6625,0.4375,8,0,2,65,0.032500,1.0000,2,0.9219,2,1.0000,2,1.0000,2,0.8438,2,0.5625,2,0.9375,2,0.3594,2,0.0000,0,0.0000,0
10710174.0,2736.257766,10087.745558,12824.003324,1773,712,0.00,0.6672,0.4500,8,0,2,65,0.032500,1.0000,2,0.9688,2,1.0000,2,1.0000,2,0.8438,2,0.5625,2,0.9375,2,0.3594,2,0.0000,0,0.0000,0
10710260.0,2736.325804,10088.023625,12824.349429,1774,712,0.00,0.6719,0.4625,8,0,2,65,0.032500,1.0000,2,0.9688,2,1.0000,2,1.0000,2,0.8906,2,0.5625,2,0.9375,2,0.3594,2,0.0000,0,0.0000,0
10710382.0,2736.422386,10088.419367,12824.841753,1775,712,0.00,0.6719,0.4625,8,0,2,65,0.032500,1.0000,2,0.9688,2,1.0000,2,1.0000,2,0.8906,2,0.5625,2,0.9375,2,0.3594,2,0.0000,0,0.0000,0
10711110.0,2736.990308,10090.741883,12827.732192,1776,712,0.00,0.6531,0.4500,8,0,2,65,0.032500,1.0000,2,0.9688,2,1.0000,2,1.0000,2,0.8906,2,0.5625,2,0.7500,2,0.3594,2,0.0000,0,0.0000,0
10711209.0,2737.067549,10091.061983,12828.129532,1777,712,0.00,0.6594,0.4625,8,0,2,65,0.032500,1.0000,2,0.9688,2,1.0000,2,1.0000,2,0.9531,2,0.5625,2,0.7500,2,0.3594,2,0.0000,0,0.0000,0
10711222.0,2737.077755,10091.104992,12828.182747,1778,712,0.00,0.6656,0.4750,8,0,2,65,0.032500,1.0000,2,0.9688,2,1.0000,2,1.0000,2,0.9531,2,0.6250,2,0.7500,2,0.3594,2,0.0000,0,0.0000,0
10711224.0,2737.079335,10091.111758,12828.191093,1779,712,0.00,0.6719,0.4875,8,0,2,65,0.032500,1.0000,2,0.9688,2,1.0000,2,1.0000,2,0.9531,2,0.6875,2,0.7500,2,0.3594,2,0.0000,0,0.0000,0
10711265.0,2737.111903,10091.253175,12828.365078,1780,712,0.00,0.6797,0.4875,8,0,2,65,0.032500,1.0000,2,0.9688,2,1.0000,2,1.0000,2,0.9063,2,0.8125,2,0.7500,2,0.3594,2,0.0000,0,0.0000,0
10711456.0,2737.264869,10091.913717,12829.178585,1781,713,0.00,0.6969,0.4875,8,0,2,65,0.032500,1.0000,2,0.9688,2,1.0000,2,1.0000,2,0.9063,2,0.9844,2,0.7500,2,0.3594,2,0.0000,0,0.0000,0
10711517.0,2737.314537,10092.124675,12829.439212,1782,714,0.00,0.7141,0.4875,8,0,2,65,0.032500,1.0000,2,0.9688,2,1.0000,2,1.0000,2,0.9063,2,0.9844,2,0.9219,2,0.3594,2,0.0000,0,0.0000,0
10711520.0,2737.317020,10092.135050,12829.452070,1783,715,0.00,0.7313,0.4875,8,0,2,65,0.032500,1.0000,2,0.9688,2,1.0000,2,1.0000,2,0.9063,2,0.9844,2,0.9219,2,0.5313,2,0.0000,0,0.0000,0
10711540.0,2737.333839,10092.204217,12829.538056,1784,716,0.00,0.7438,0.5000,8,0,2,65,0.032500,1.0000,2,0.9688,2,1.0000,2,1.0000,2,0.9063,2,0.9844,2,0.9219,2,0.6563,2,0.0000,0,0.0000,0
10711742.0,2737.504610,10092.909700,12830.414310,1785,717,0.00,0.7594,0.5000,8,0,2,65,0.032500,1.0000,2,0.9688,2,1.0000,2,1.0000,2,0.9063,2,0.8594,2,0.9219,2,0.9375,2,0.0000,0,0.0000,0
10711854.0,2737.601749,10093.305433,12830.907182,1786,717,0.00,0.7766,0.5000,9,0,1,66,0.033000,1.0000,2,0.9688,2,1.0000,2,1.0000,2,0.9063,2,0.8594,2,0.9219,2,0.9375,2,0.1719,2,0.0000,0
10712000.0,2737.733670,10093.828408,12831.562078,1787,718,0.00,0.7703,0.4875,9,0,1,66,0.033000,1.0000,2,0.7969,2,1.0000,2,1.0000,2,0.9063,2,0.8594,2,0.9219,2,0.7656,2,0.4531,2,0.0000,0
10712044.0,2737.773354,10093.983508,12831.756862,1788,719,0.00,0.7875,0.4875,9,0,1,66,0.033000,1.0000,2,0.9688,2,1.0000,2,1.0000,2,0.9063,2,0.8594,2,0.9219,2,0.7656,2,0.4531,2,0.0000,0
10712251.0,2737.956324,10094.684983,12832.641308,1789,719,0.00,0.7406,0.4625,9,0,1,66,0.033000,1.0000,2,0.9688,2,0.8125,2,1.0000,2,0.9063,2,0.8594,2,0.9219,2,0.7656,2,0.1719,2,0.0000,0
10712254.0,2737.958961,10094.695108,12832.654069,1790,719,0.00,0.7453,0.4750,9,0,1,66,0.033000,1.0000,2,0.9688,2,0.8594,2,1.0000,2,0.9063,2,0.8594,2,0.9219,2,0.7656,2,0.1719,2,0.0000,0
10712494.0,2738.160305,10095.495200,12833.655505,1791,719,0.00,0.7047,0.4625,8,0,2,66,0.033000,1.0000,2,0.9688,2,0.8594,2,1.0000,2,0.8438,2,0.8594,2,0.9219,2,0.5938,2,0.0000,0,0.0000,0
10712579.0,2738.227968,10095.762308,12833.990277,1792,720,0.00,0.6688,0.4125,8,0,2,66,0.033000,1.0000,2,0.9688,2,0.8594,2,1.0000,2,0.8438,2,0.7344,2,0.9219,2,0.3594,2,0.0000,0,0.0000,0
10712677.0,2738.305620,10096.057125,12834.362745,1793,720,0.00,0.6750,0.4250,8,0,2,66,0.033000,1.0000,2,0.9688,2,0.9219,2,1.0000,2,0.8438,2,0.7344,2,0.9219,2,0.3594,2,0.0000,0,0.0000,0
10713332.0,2738.811062,10097.982583,12836.793645,1794,721,0.00,0.6469,0.4125,8,0,2,66,0.033000,1.0000,2,0.9688,2,0.8125,2,1.0000,2,0.8438,2,0.7344,2,0.7500,2,0.3594,2,0.0000,0,0.0000,0
10713333.0,2738.811838,10097.985592,12836.797429,1795,722,0.00,0.6641,0.4250,8,0,2,66,0.033000,1.0000,2,0.9688,2,0.9844,2,1.0000,2,0.8438,2,0.7344,2,0.7500,2,0.3594,2,0.0000,0,0.0000,0
10713339.0,2738.816570,10098.004092,12836.820661,1796,723,0.00,0.6891,0.4375,8,0,2,66,0.033000,1.0000,2,0.9688,2,0.9844,2,1.0000,2,0.8438,2,0.9844,2,0.7500,2,0.3594,2,0.0000,0,0.0000,0
10713399.0,2738.865059,10098.193592,12837.058651,1797,723,0.00,0.6953,0.4500,8,0,2,66,0.033000,1.0000,2,0.9688,2,0.9844,2,1.0000,2,0.9063,2,0.9844,2,0.7500,2,0.3594,2,0.0000,0,0.0000,0
10714998.0,2740.074054,10102.853467,12842.927521,1798,724,0.00,0.6156,0.3875,8,0,2,66,0.033000,1.0000,2,0.7031,2,0.8125,2,0.8750,2,0.8438,2,0.8125,2,0.9219,2,0.1875,2,0.0000,0,0.0000,0
10715344.0,2740.330051,10103.820775,12844.150826,1799,725,0.00,0.6047,0.3875,8,0,2,66,0.033000,1.0000,2,0.7656,2,0.8125,2,0.8750,2,0.8438,2,0.8125,2,0.7500,2,0.1875,2,0.0000,0,0.0000,0
10715679.0,2740.576973,10104.771267,12845.348239,1800,726,0.00,0.6047,0.3875,8,0,2,66,0.033000,1.0000,2,0.7656,2,0.8125,2,0.8750,2,0.8438,2,0.5625,2,1.0000,2,0.1875,2,0.0000,0,0.0000,0
10716310.0,2741.045512,10106.574875,12847.620387,1801,727,0.00,0.6219,0.4000,8,0,2,66,0.033000,1.0000,2,0.9375,2,0.8125,2,0.8750,2,0.8438,2,0.5625,2,1.0000,2,0.1875,2,0.0000,0,0.0000,0
10716405.0,2741.117323,10106.853542,12847.970864,1802,727,0.00,0.6391,0.4125,8,0,2,66,0.033000,1.0000,2,0.9375,2,0.9844,2,0.8750,2,0.8438,2,0.5625,2,1.0000,2,0.1875,2,0.0000,0,0.0000,0
10716963.0,2741.535750,10108.478342,12850.014092,1803,728,0.00,0.6156,0.3875,8,0,2,66,0.033000,1.0000,2,0.9375,2,0.8125,2,0.8750,2,0.8438,2,0.7500,2,0.7500,2,0.1875,2,0.0000,0,0.0000,0
10717093.0,2741.633386,10108.849925,12850.483311,1804,728,0.00,0.6328,0.4000,8,0,2,66,0.033000,1.0000,2,0.9375,2,0.9844,2,0.8750,2,0.8438,2,0.7500,2,0.7500,2,0.1875,2,0.0000,0,0.0000,0
10717116.0,2741.650967,10108.917392,12850.568359,1805,729,0.00,0.6516,0.4125,8,0,2,66,0.033000,1.0000,2,0.9375,2,0.9844,2,0.8750,2,0.8438,2,0.9375,2,0.7500,2,0.1875,2,0.0000,0,0.0000,0
10717116.0,2741.650967,10108.917392,12850.568359,1806,730,0.00,0.6703,0.4250,8,0,2,66,0.033000,1.0000,2,0.9375,2,0.9844,2,0.8750,2,0.8438,2,0.9375,2,0.9375,2,0.1875,2,0.0000,0,0.0000,0
10717191.0,2741.710062,10109.148642,12850.858704,1807,731,0.00,0.6703,0.4250,8,0,2,66,0.033000,1.0000,2,0.9375,2,0.9844,2,0.8750,2,0.8438,2,0.7500,2,0.9375,2,0.3750,2,0.0000,0,0.0000,0
10717233.0,2741.743393,10109.278142,12851.021534,1808,732,0.00,0.6891,0.4250,8,0,2,66,0.033000,1.0000,2,0.9375,2,0.9844,2,0.8750,2,0.8438,2,0.9375,2,0.9375,2,0.3750,2,0.0000,0,0.0000,0
10717273.0,2741.775492,10109.400200,12851.175692,1809,733,0.00,0.7000,0.4250,8,0,2,66,0.033000,1.0000,2,0.7656,2,0.9844,2,0.8750,2,0.8438,2,0.9375,2,0.9375,2,0.6563,2,0.0000,0,0.0000,0
10717382.0,2741.864508,10109.736283,12851.600792,1810,734,0.00,0.7188,0.4250,8,0,2,66,0.033000,1.0000,2,0.9531,2,0.9844,2,0.8750,2,0.8438,2,0.9375,2,0.9375,2,0.6563,2,0.0000,0,0.0000,0
10717431.0,2741.905240,10109.887367,12851.792606,1811,734,0.00,0.7234,0.4375,8,0,2,66,0.033000,1.0000,2,1.0000,2,0.9844,2,0.8750,2,0.8438,2,0.9375,2,0.9375,2,0.6563,2,0.0000,0,0.0000,0
10717569.0,2742.020455,10110.323217,12852.343672,1812,734,0.00,0.7359,0.4500,8,0,2,66,0.033000,1.0000,2,1.0000,2,0.9844,2,1.0000,2,0.8438,2,0.9375,2,0.9375,2,0.6563,2,0.0000,0,0.0000,0
12902965.0,4058.617628,14763.503625,18822.121253,1813,735,0.00,0.0000,0.0000,0,6,4,66,0.033000,0.0000,1,0.0000,1,0.0000,1,0.0000,1,0.0000,1,0.0000,1,0.0000,0,0.0000,0,0.0000,0,0.0000,0
